address,has_activity,num_fills,num_closing_trades,num_wins,num_losses,win_rate_pct,profit_factor,total_closed_pnl,coins_traded,first_fill_time,last_fill_time,active_days,largest_single_trade_pnl,concentration_ratio,account_equity,num_open_positions,total_unrealized_pnl,unrealized_pct_of_equity,is_bag_holding,ever_liquidated,ever_adl
0x0000000000004f3d8aaf9175fd824cb00ad4bf80,True,729,292,141,151,48.3,3.53,1923.22,42,1750873256081,1781740800025,357.3,671.67,0.349,0.0,0,0.0,,False,False,False
0x000000209e0a892842bc06c354e7d097392cbbbb,True,2000,1230,779,451,63.3,7.68,73203.96,13,1779376588313,1788702426225,107.9,5324.1,0.073,73620.210398,24,99304.24,134.9,False,True,False
0x00092081da3cc70342d3f76a98f35f3301999999,True,2000,1195,131,1064,11.0,0.39,-6499.13,9,1781976663393,1784295651043,26.8,-770.88,0.119,0.0,0,0.0,,False,True,False
0x0017af5b035c688b6cd93e9a88593a70a07b4182,True,710,366,203,163,55.5,0.69,-1509.71,13,1783713599688,1788648844996,57.1,-731.36,0.484,0.0,0,0.0,,False,False,False
0x00264c7bbfc77f571ae3ceda4f3ddd8ee58a1b7b,True,477,183,89,94,48.6,0.83,-307.17,37,1768985526306,1785712656190,193.6,392.33,1.277,0.0,0,0.0,,False,True,False
0x00399e5aa8d6dd6d00c06ab5a87c41d19a04d232,True,183,91,58,33,63.7,0.98,-115.0,5,1774083602585,1778015104109,45.5,-2682.91,23.331,0.0,0,0.0,,False,False,False
0x004600dbe75f35115e0bd87cebf327faeaeb07ae,True,2000,1099,561,538,51.0,0.47,-16368.9,16,1776087636333,1788796859671,147.1,-3942.01,0.241,8964.69337,2,-1662.26,-18.5,True,True,False
0x005dcf56c975469f3f1d92b5cea28ef1408c81b4,True,2000,834,391,443,46.9,0.84,-7551.97,6,1760133956658,1788787787842,331.6,2513.97,0.333,1345.488492,1,525.09,39.0,False,True,False
0x006e4bd8d50b4c36b21d967b7fbd67ea389d0a2b,True,1073,461,328,133,71.1,10.91,184796.95,3,1787146394053,1788155887641,11.7,10283.81,0.056,0.0,0,0.0,,False,False,False
0x0081b01bc116113be174d91f4d41d06f07b588e8,True,2000,995,155,840,15.6,0.69,-20323.13,1,1778281904628,1788657033340,120.1,14754.2,0.726,0.0,0,0.0,,False,False,False
0x00897e2d7168165b81558c3cd9257efb007f2410,True,2000,610,180,430,29.5,6.5,172130.43,8,1788422260718,1788795254777,4.3,28705.24,0.167,692928.887256,3,46384.14,6.7,False,False,False
0x00a4c56a753334615f2fdd2fa9bf6c13bb84599f,True,377,196,143,53,73.0,1.65,4155.29,1,1780069854624,1788533261426,98.0,-1827.32,0.44,0.0,0,0.0,,False,False,False
0x00c27c9e5330b8647029fe17abdd82f25431adee,True,2000,951,351,600,36.9,2.64,29907.48,28,1755912621708,1788761723777,380.2,4635.0,0.155,0.0,0,0.0,,False,True,False
0x00cb9d87bc66c4ba02329023c95a72a47fa81c2c,True,887,464,186,278,40.1,1.1,709.14,5,1775294641529,1776115086704,9.5,-840.1,1.185,0.0,0,0.0,,False,True,False
0x00e718db288d3f84939e8340745c461847b53ff3,True,2000,995,460,535,46.2,0.61,-1408.02,13,1781158929960,1782203707906,12.1,-770.66,0.547,0.0,0,0.0,,False,True,False
0x00f8da96829820da934fc4a4cb7d39031ce7454b,True,2000,1245,711,534,57.1,0.9,-6803.4,14,1783465300828,1786942065677,40.2,-8531.66,1.254,0.0,0,0.0,,False,True,False
0x010461c14e146ac35fe42271bdc1134ee31c703a,True,2000,1039,497,542,47.8,0.57,-294.82,167,1788799931491,1788800805491,0.0,-41.77,0.142,3108566.974968,176,-4698.78,-0.2,False,False,False
0x011c5fdc967fa1a6a15a8e75ee71791eea6585c8,True,2000,1008,613,395,60.8,0.93,-545.71,5,1788450125106,1788560625903,1.3,1654.55,3.032,2.202779,1,-0.18,-8.0,True,False,False
0x012ed994df76022637f79ff9e209d7d44a4d1c8e,True,2000,1157,595,562,51.4,0.36,-37867.63,5,1784554397017,1786921249426,27.4,-3390.12,0.09,0.0,0,0.0,,False,False,False
0x013956eba578006b9c78802f902406e8a0cfd105,True,1371,748,374,374,50.0,0.85,-10918.48,12,1775959543650,1781882271324,68.6,-7375.16,0.675,0.0,0,0.0,,False,True,False
0x014ea29ba612d3fd4de574ea7ee7e2f9893930e0,True,2000,852,424,428,49.8,1.03,756.38,8,1743779662183,1780486558776,424.8,3388.25,4.48,0.0,0,0.0,,False,True,False
0x016538557baa990c3e821a103f00a8ace5343da0,True,1315,618,599,19,96.9,4.37,15651.84,3,1778941908983,1781580354060,30.5,1391.56,0.089,0.0,0,0.0,,False,False,False
0x018e928f527565750dc5e6008568f0919232f186,True,2000,978,513,465,52.5,0.51,-7887.45,27,1773998965727,1787748012455,159.1,-4841.67,0.614,0.0,0,0.0,,False,True,False
0x01ad7725f86975d3b77739cadd79aacedc72a5ea,True,2000,998,637,361,63.8,1.22,4429.6,19,1778446280786,1785753155094,84.6,-3610.7,0.815,0.0,0,0.0,,False,True,False
0x01c80f69cb27ff10506df825cff859ffc8721eb2,True,2000,735,255,480,34.7,0.47,-39169.54,10,1782480969816,1788721501696,72.2,15191.5,0.388,81580.069946,4,15531.46,19.0,False,False,False
0x01d8296a6645ec20a3f9d19ae36aad7f4143c830,True,2000,912,722,190,79.2,2.56,61211.78,5,1761747616794,1788795740708,313.1,15507.0,0.253,4156.403066,1,-136.51,-3.3,False,True,False
0x01e44479c125f7715a3a1e08143c38d58a7bdb86,True,1925,957,825,132,86.2,0.93,-4226.97,7,1779979207737,1788798521681,102.1,-13421.4,3.175,0.0,0,0.0,,False,True,False
0x01f47af6b0e219bfa6a6d95c11ebbef456bd044e,True,827,562,105,457,18.7,0.54,-26863.62,3,1773327374763,1787308079989,161.8,8221.19,0.306,0.0,0,0.0,,False,False,False
0x020aa1d9008390af8fa8e091acaf4511a8d12fc6,True,2000,1027,445,582,43.3,1.03,199.71,6,1784244120748,1787571695141,38.5,963.27,4.823,0.0,0,0.0,,False,True,False
0x022a28b812c3bba67d42f5a555f29d44de91d5d8,True,2000,1063,578,485,54.4,0.37,-89405.84,1,1772812478561,1787300857856,167.7,-12213.84,0.137,0.0,0,0.0,,False,True,False
0x024b07af16c993ac10e83ff7a7ae6e5bd2bf8757,True,2000,1227,436,791,35.5,0.21,-156866.58,3,1776734334003,1776938457259,2.4,-71043.19,0.453,0.0,0,0.0,,False,False,False
0x026a64f432bff6368057b5d72b48581982e5688b,True,2000,801,447,354,55.8,0.55,-31428.78,24,1753046820719,1785306492784,373.4,-4207.05,0.134,0.0,0,0.0,,False,True,True
0x0275094bf5bad186f8d2fdae36e7a63f4e679d6e,True,1240,575,242,333,42.1,0.59,-16452.75,13,1746741729897,1787251849016,468.9,-10937.73,0.665,21973.799406,5,-7048.65,-32.1,True,True,False
0x028a3d07406bba2223b558ccc1f5ddb457ebebff,True,308,151,130,21,86.1,1.17,944.4,2,1786580031445,1787151990120,6.6,-1876.95,1.987,0.0,0,0.0,,False,False,False
0x029a18890bab733aabc35453b23a2775e5fdb0c6,True,546,530,111,419,20.9,0.25,-35455.8,7,1787242952242,1787663763217,4.9,-8794.71,0.248,0.0,0,0.0,,False,True,False
0x02a6b7cea5b417f97409b6d878739af4c782dc2e,True,300,102,75,27,73.5,1.23,3309.68,1,1784681039006,1788799009491,47.7,-2918.03,0.882,0.0,0,0.0,,False,True,False
0x02b3d339284cfc7a03dd31873d13a839dc86bea1,True,2000,1115,897,218,80.4,4.2,10253.34,12,1767084946535,1788798442242,251.3,-771.13,0.075,0.001737,0,0.0,0.0,False,True,False
0x02d0a5a6811d2a901c41ca60b497a9efb2265a85,True,2000,1072,454,618,42.4,0.26,-28070.25,31,1780400323299,1782395000340,23.1,-1510.63,0.054,0.0,0,0.0,,False,False,False
0x02e2b0c0ae6105901198058176b3c22bdf3efa2d,True,2000,1186,302,884,25.5,0.06,-144651.9,3,1773310924547,1773922003067,7.1,-13084.17,0.09,0.0,0,0.0,,False,True,False
0x02f21cb1ca956071be6d17171453c86c6a304adc,True,2000,1078,504,574,46.8,1.68,36257.27,11,1779229218490,1788449652132,106.7,3617.45,0.1,0.0,0,0.0,,False,True,False
0x030330e4523b730814e31c7e8f80a5e3fa847c70,True,2000,1052,508,544,48.3,1.82,4720.85,4,1787317572919,1788800434753,17.2,1121.5,0.238,0.0,0,0.0,,False,True,False
0x031cba65b78e8bc58108d1e91b1351191c48cf36,True,680,270,270,0,100.0,inf,46641.68,1,1780989216114,1782398261178,16.3,5862.91,0.126,0.0,0,0.0,,False,True,False
0x0331ad62afc5394c36c214dea76c3d3960a7853c,True,2000,884,404,480,45.7,1.18,3851.44,6,1787607928596,1788540472984,10.8,2769.8,0.719,8819.670914,0,0.0,0.0,False,False,False
0x0348a0a921ba8cdada0e3be3f1ea56deebcbbf8f,True,2000,957,413,544,43.2,2.03,10596.86,8,1780588099053,1781697070155,12.8,1946.73,0.184,0.0,0,0.0,,False,True,False
0x035db80e29b7e062271cfdfa3728b4c82a53b58d,True,1567,722,448,274,62.0,1.44,11094.04,7,1769531761401,1788797878949,223.0,-2771.29,0.25,9386.378844,0,0.0,0.0,False,True,False
0x037e2f6c7028c2882c29a86f08c241349406c3b3,True,2000,887,743,144,83.8,1.76,28331.22,12,1785340984137,1788388069090,35.3,-4679.6,0.165,0.0,0,0.0,,False,True,False
0x039405fa4636364e6023df1e06b085a462b9cdc9,True,2000,971,60,911,6.2,0.03,-16882.97,3,1780647995379,1785763959294,59.2,-1481.31,0.088,0.0,0,0.0,,False,False,False
0x03a142575e2bfaed0d81c49c8edb380d86cca6b3,True,2000,622,480,142,77.2,2.1,78041.77,11,1773652379709,1782195252292,98.9,104027.69,1.333,380856.317032,2,343856.58,90.3,False,True,False
0x03c820f0271794e4d53747338f0ba48e223fc291,True,294,156,89,67,57.1,0.7,-1340.09,11,1770883086134,1781522885010,123.1,-1556.07,1.161,0.0,0,0.0,,False,False,False
0x03d92cde581cd9d3d0f9caf98a02c8fe28382178,True,2000,919,583,336,63.4,0.6,-6554.51,73,1788457594959,1788739200041,3.3,-1123.38,0.171,10951.710745,1,6266.17,57.2,False,True,False
0x03ed75547203aa51c84e6eb6bf3f3a9f8e6ee5c9,True,2000,1009,595,414,59.0,0.77,-10061.41,11,1787641765674,1788556611951,10.6,-2692.2,0.268,0.0,0,0.0,,False,False,False
0x03fdde9d6a10ba08065b09cb033ccd1c14b2dc1b,True,1496,711,558,153,78.5,0.44,-17066.35,3,1771537600596,1788488648026,196.2,-6777.05,0.397,0.0,0,0.0,,False,True,False
0x0414c6888b48d2c633bc0189378e42466a64f236,True,2000,1006,297,709,29.5,0.34,-67537.41,41,1759317608012,1785859401392,307.2,-10145.17,0.15,0.0,0,0.0,,False,True,False
0x0422d8308870ba079decd8cc27f1268296196873,True,526,285,54,231,18.9,0.05,-2893.75,10,1777486594580,1780685639251,37.0,-291.02,0.101,0.0,0,0.0,,False,False,False
0x042ccfc826f9bbfa966e5517f0a3fe8da8256885,True,2000,864,271,593,31.4,0.38,-19797.87,14,1775948833442,1784737084131,101.7,-2957.63,0.149,0.0,0,0.0,,False,True,False
0x044d0b79b84d1a6f7a83a34637dd3972aa2d524e,True,2000,979,441,538,45.0,0.73,-1050.97,2,1787297425116,1788259207508,11.1,-506.02,0.481,0.0,0,0.0,,False,False,False
0x047f3853f3d89e5a61344749519de7a66fd4f9c4,True,2000,894,403,491,45.1,1.19,11274.61,16,1787322562881,1788795181261,17.0,16593.21,1.472,77534.535339,2,-1672.37,-2.2,False,True,False
0x04985706cccf8119203bb8983dea5357e5299f88,True,1855,1211,509,702,42.0,2.02,37432.64,12,1777040353505,1781474513002,51.3,14723.42,0.393,0.0,0,0.0,,False,True,False
0x04a30a7d59d08b028c7efceffc69e737cecef111,True,2000,637,348,289,54.6,0.27,-173856.39,10,1779737813367,1780704000050,11.2,-13562.26,0.078,0.0,0,0.0,,False,True,False
0x04be889c4e8f7accdac52d586b4b32a06639de8f,True,2000,944,453,491,48.0,0.95,-951.37,15,1786023169147,1788690182962,30.9,3305.34,3.474,0.0,0,0.0,,False,False,False
0x04d5f8a0246f4b5f0936b3f1d6a1a20623111e6b,True,2000,1193,446,747,37.4,0.4,-46338.6,16,1779324052336,1788186096821,102.6,-4563.51,0.098,0.0,0,0.0,,False,True,False
0x04ee7f0e31b3467deb0c7fff8335c16b33acf24b,True,236,135,20,115,14.8,1.48,1155.36,1,1785704341188,1787665527469,22.7,2919.96,2.527,0.0,0,0.0,,False,True,False
0x0506614f59f1b639f6ecbf70251d341771501976,True,2000,1277,815,462,63.8,0.83,-6087.21,9,1788135082858,1788529150133,4.6,-7145.06,1.174,0.0,0,0.0,,False,True,False
0x05245ef7f5e5fa2db758ab31292ce73487043971,True,1442,721,396,325,54.9,1.48,73365.85,26,1713499836062,1780047591738,770.2,-21538.86,0.294,0.0,0,0.0,,False,True,False
0x054560e1f9d7f938b35c62f332751ba18b02f2bc,True,2000,976,760,216,77.9,3.99,31051.26,9,1787495366631,1788798753803,15.1,1797.6,0.058,22836.719732,2,-1183.4,-5.2,True,False,False
0x0553ab73fe3e620a65b457184f5ae46dbb61ba00,True,2000,970,324,646,33.4,0.94,-1213.73,10,1779942790537,1785803616929,67.8,2566.84,2.115,0.0,0,0.0,,False,True,False
0x056ba834114908fc6093a9206c0c3453ad73d2df,True,2000,590,507,83,85.9,0.15,-23875.27,2,1788692661162,1788798720393,1.2,-2750.89,0.115,106929.238668,1,-18234.54,-17.1,True,True,False
0x058589ed65f03c86ec562937f9059faeb8ce0292,True,2000,1035,587,448,56.7,1.14,9874.35,64,1780114474049,1788796665573,100.5,-3429.88,0.347,21963.628232,3,20778.73,94.6,False,True,False
0x059826bdae5620a99480d428c82d806dfa7787d7,True,2000,891,344,547,38.6,1.51,4175.47,27,1787579095253,1788799401135,14.1,948.24,0.227,6786.764869,3,432.95,6.4,False,False,False
0x05a287b2bbe314f58c1fb4da1825ecb6aee397a1,True,2000,1036,675,361,65.2,0.28,-10986.63,51,1758373205349,1785168021802,310.1,-3418.28,0.311,0.0,0,0.0,,False,True,False
0x05bd45baadc8e0f320ff686584a32fc7f6efacc8,True,2000,774,702,72,90.7,0.68,-546.91,4,1784569943568,1788797415834,48.9,-320.63,0.586,704.685335,0,0.0,0.0,False,True,False
0x05c47beed53eb8b3fc14538f881d0941cbbe05a1,True,2000,1206,1017,189,84.3,9.22,132858.55,33,1761853136493,1788738898840,311.2,5462.87,0.041,37474.050919,3,22403.04,59.8,False,True,False
0x05df8c46c75a06ee097c0a90f9fbe8a11a4eba39,True,2000,991,394,597,39.8,4.67,272671.02,3,1776359302169,1788365521542,139.0,18752.67,0.069,150460.636827,1,45032.0,29.9,False,False,False
0x05fa718fe39942e4a4772ae199e3f4a62b5b935e,True,807,472,280,192,59.3,4.42,27435.66,28,1770142829568,1787338509137,199.0,3471.66,0.127,0.89402,2,0.57,63.4,False,True,False
0x06099985a803013201a28e8e378c5aeb31a47507,True,1510,533,407,126,76.4,8.86,91137.02,13,1771297829255,1788013323429,193.5,7454.18,0.082,0.0,0,0.0,,False,False,False
0x06119d60475dfce1dc3647d437ba906df24ef8fb,True,2000,1037,346,691,33.4,1.06,1201.68,68,1781785801417,1788768056826,80.8,2882.08,2.398,0.0,0,0.0,,False,False,False
0x062576f8da67f063e51bd651ac5f5f9d36923cb0,True,1599,807,587,220,72.7,4.99,17891.96,18,1763904607503,1781194081409,200.1,491.09,0.027,0.0,0,0.0,,False,False,False
0x06438b0d1bb6f8aa4a455a4f2c1b1e744d53c760,True,2000,997,570,427,57.2,0.96,-160.54,2,1788289214423,1788798889175,5.9,324.13,2.019,9279.50347,1,0.98,0.0,False,True,False
0x06507b2d9898689519846f1b8f0e936c6c2ffa30,True,2000,998,213,785,21.3,0.48,-3881.7,33,1788112474289,1788800565996,8.0,1126.47,0.29,33095.304406,14,4903.38,14.8,False,True,False
0x06657d080b35315a011f60d4c78cb5d599d718a5,True,463,207,175,32,84.5,1.35,4240.37,7,1752864232993,1788714762117,414.9,-9231.94,2.177,13423.899799,0,0.0,0.0,False,True,False
0x0682f4ee106d167ca46ed015918e83f6f4e5b571,True,2000,1030,245,785,23.8,2.08,83160.09,4,1784648681054,1788548547509,45.1,34529.63,0.415,129010.97857,3,42274.98,32.8,False,False,False
0x069d11b77d4a06f8127554624b557f7dbe403775,True,2000,1110,848,262,76.4,0.81,-257.62,3,1782440179837,1788795677596,73.6,-1105.17,4.29,2.033398,0,0.0,0.0,False,False,False
0x06b23dc3fb948fd800dcad8a800b60fd0e5401bc,True,2000,1222,893,329,73.1,2.57,36145.43,6,1783943252051,1787941671034,46.3,-1932.37,0.053,0.0,0,0.0,,False,True,False
0x06cecfbac34101ae41c88ebc2450f8602b3d164b,True,2000,1999,1033,966,51.7,0.21,-1061770.57,8,1787751481792,1787961600069,2.4,-26520.77,0.025,0.0,0,0.0,,False,False,False
0x06e0e24afba0de914849c732aa341504e8d25e23,True,2000,993,502,491,50.6,6.01,67659.96,7,1788194512545,1788796084983,7.0,4256.37,0.063,89810.709233,2,-6173.18,-6.9,True,False,False
0x0701363ed0a7809b2b8ca7e22aaccea4a670216c,True,2000,408,404,4,99.0,474989.18,474519.37,2,1767291807479,1781001120873,158.7,40794.35,0.086,34941.954434,2,-60643.94,-173.6,True,False,False
0x07372141ac390391fdd82ed2776b5af6602977f5,True,2000,837,405,432,48.4,0.86,-4191.19,15,1787491155014,1788783105354,15.0,-1894.26,0.452,11495.827999,7,-1963.97,-17.1,True,False,False
0x0748e296e5a350ec36c8487a1cea406e1b57d4b2,True,2000,1356,1342,14,99.0,94.35,1231160.51,6,1787754228165,1788717527147,11.1,79124.14,0.064,634176.950662,8,2006594.93,316.4,False,False,False
0x075d373bfe917381096eb5208cab2126753f844f,True,901,413,136,277,32.9,1.24,9207.98,34,1733314113472,1788695988351,641.0,8323.41,0.904,3910.595003,1,-1803.28,-46.1,True,True,False
0x076ab36e4a2913a6a3df3f5e78fec5eca6378e75,True,2000,735,439,296,59.7,1.88,12328.79,21,1763723875361,1788541441761,287.2,3842.28,0.312,0.0,0,0.0,,False,True,False
0x07877883e0f9ad712a4ad0858036577c6da5daca,True,2000,1015,326,689,32.1,1.3,3887.58,11,1787105644283,1788516966579,16.3,1028.87,0.265,0.0,0,0.0,,False,False,False
0x078f98976f6a7e621fe5dc35fae8a664e084b280,True,2000,1042,340,702,32.6,0.91,-1957.72,4,1787173157953,1787961600069,9.1,1367.3,0.698,0.0,0,0.0,,False,False,False
0x07aa28d079ad60655d63f2cd1466115d7d92b64c,True,1083,482,189,293,39.2,1.22,2010.99,20,1776501805970,1786008001861,110.0,-1401.57,0.697,0.0,0,0.0,,False,False,False
0x07bc8722872197a2e013ff64d19c78d63af35dac,True,2000,840,558,282,66.4,0.32,-3487.41,62,1788316917242,1788799844922,5.6,-350.08,0.1,3105.551027,23,21.28,0.7,False,True,False
0x07c9d8fd496e0f3a4bc0a6a88c5a46d293e98fe5,True,2000,1008,270,738,26.8,0.06,-542168.6,4,1772570990057,1772841600061,3.1,-18709.98,0.035,0.005153,0,0.0,0.0,False,False,False
0x07de5568c5f4dd384a4916bf19375cae60315f97,True,1026,579,348,231,60.1,0.84,-1139.1,8,1768046410811,1774523515246,75.0,-724.41,0.636,0.0,0,0.0,,False,False,False
0x07f19f68b2bddd632acfd4e6205ff490bfd04359,True,414,199,150,49,75.4,2.48,19927.33,13,1762044077166,1787315102912,292.5,4381.11,0.22,42351.623469,2,-27195.37,-64.2,True,False,False
0x0804062561c01091192844cb32e6c71cfff9a1bf,True,1666,856,541,315,63.2,0.77,-7960.9,10,1739984755002,1788095626408,556.8,-7070.87,0.888,0.0,0,0.0,,False,False,False
0x0813f733e0fd133a82360c35f2f9417e376e27f7,True,442,236,141,95,59.7,2.61,26590.17,12,1752848922222,1785122256379,373.5,11925.9,0.449,0.0,0,0.0,,False,True,False
0x0823260d4565c75885f81e42cb8dba07c5387bee,True,2000,838,490,348,58.5,1.11,3118.77,25,1777371386430,1778596532159,14.2,-4613.31,1.479,0.0,0,0.0,,False,True,False
0x08423594b474428be906e5ccbffe46069bbd1143,True,2000,897,516,381,57.5,0.72,-4681.25,64,1778759277009,1788104963101,108.2,-1426.14,0.305,0.006548,0,0.0,0.0,False,True,False
0x0868f6c3d161fafc9164e7286ffdd65776b536aa,True,2000,1298,460,838,35.4,1.36,7876.12,13,1785458337684,1787394477478,22.4,10256.35,1.302,0.060059,1,-0.1,-165.9,True,True,False
0x0884051c662892bfcd8a132d1404ab8a3a409cea,True,2000,661,363,298,54.9,0.33,-65418.25,16,1788448489174,1788742408377,3.4,-14168.33,0.217,236694.030184,9,-74439.31,-31.4,True,False,False
0x089fe537f4b2af55fa990bc64ff4125800bba4f8,True,2000,193,192,1,99.5,953804.61,292905.29,2,1781018942376,1788480000030,86.4,24066.08,0.082,0.0,0,0.0,,False,False,False
0x08b0d04a3771d0302d5a8ef4c728ebe5c63b4974,True,2000,763,580,183,76.0,0.6,-5214.83,9,1776022684713,1788428420642,143.6,-1192.79,0.229,0.0,0,0.0,,False,True,False
0x08c14b32c8a48894e4b933090ebcc9ce33b21135,True,2000,1471,878,593,59.7,0.01,-536753.2,4,1787249810724,1788657519589,16.3,-17028.74,0.032,2411712.118558,10,1727167.46,71.6,False,True,False
0x08ded09ac362fc6ede9eb17f07f4000801ecb4a0,True,1923,966,594,372,61.5,1.06,2057.28,3,1779296807535,1788681895660,108.6,10829.0,5.264,8536.759168,0,0.0,0.0,False,True,False
0x090197aade9266008141e9e32c144526a0004cc6,True,2000,1002,570,432,56.9,1.48,1831.06,17,1787855705822,1788760268005,10.5,-225.39,0.123,0.0,0,0.0,,False,False,False
0x091159a8106b077c13e89bc09701117e8b5f129a,True,2000,1770,802,968,45.3,2.23,93278.12,8,1788701879662,1788796206726,1.1,14914.25,0.16,2051844.791452,34,307835.78,15.0,False,False,False
0x0937aa6d83c851d506433ab342387a337c8b512a,True,2000,274,211,63,77.0,2.69,6760.93,18,1780663501902,1788618644825,92.1,1530.02,0.226,2281.510442,5,-31.56,-1.4,False,True,False
0x0956c9c5510e8612fd18966aa0be78cf9870c957,True,2000,947,461,486,48.7,0.9,-2285.81,1,1764902289864,1787886418452,266.0,-2364.34,1.034,0.0,0,0.0,,False,True,False
0x096db396e47d897df80dc33227661b7085dcc660,True,705,189,61,128,32.3,0.86,-12161.45,21,1735526942257,1788756023873,616.1,31448.56,2.586,20083.295209,3,8458.16,42.1,False,True,False
0x0982f0115b5855004e37df6f2c0ed927dd2ed796,True,2000,1069,594,475,55.6,2.64,48218.62,7,1777261866768,1788798705536,133.5,3030.71,0.063,21201.485535,1,4236.26,20.0,False,True,False
0x098d4746a6df9d72826bee7d38e27eaefcad2c0f,True,2000,992,820,172,82.7,1.22,10274.13,12,1780422645050,1787292289532,79.5,-6757.72,0.658,0.0,0,0.0,,False,True,False
0x09981af1fb72330bc1789f5e3d5b535777acc8e1,True,2000,1174,670,504,57.1,1.89,33232.56,16,1787362791106,1788339626529,11.3,-8670.15,0.261,83104.389015,12,-2979.32,-3.6,False,True,True
0x09bc1cf4d9f0b59e1425a8fde4d4b1f7d3c9410d,True,2000,911,593,318,65.1,3.06,68446.32,1,1788572170080,1788801447485,2.7,6018.07,0.088,5274289.231529,1,6047.1,0.1,False,True,False
0x09d1f9fd0cfabdc2279f1c1602b7becfc4f9db87,True,2000,1156,643,513,55.6,1.6,1748.71,79,1788665490362,1788801493879,1.6,290.84,0.166,11510.682023,35,193.62,1.7,False,False,False
0x09ee9497ebb73d66f9a91d50d5a0930dcd30a364,True,727,339,215,124,63.4,1.86,15557.35,18,1735924922748,1787168401764,593.1,3023.93,0.194,0.0,0,0.0,,False,True,False
0x09fc12362961a5ef7ee1310005a967f07ae4e619,True,1166,423,289,134,68.3,1.46,1716.59,5,1780395399933,1788798131784,97.3,881.96,0.514,8912.813817,1,7.88,0.1,False,True,False
0x0a0c7d05391555704beb73236ccd86e16680f3b3,True,2000,1203,538,665,44.7,0.52,-256.57,4,1788196300416,1788458497440,3.0,-71.62,0.279,0.0,0,0.0,,False,False,False
0x0a251df99a88a20a93876205fb7f5faf2e85a481,True,1355,700,382,318,54.6,2.51,14103.32,125,1690028203624,1780320623572,1045.1,4004.99,0.284,0.0,0,0.0,,False,True,False
0x0a4442235d2d2a8fc7c3bdc1e89a65855b91c3ea,True,262,143,114,29,79.7,0.65,-511.75,2,1773207827152,1773235082268,0.3,-316.59,0.619,0.0,0,0.0,,False,False,False
0x0a5eef8ac8e508cacbcfdac7a1a956e191d2ff01,True,553,283,245,38,86.6,0.54,-7260.23,14,1762142647224,1782490593872,235.5,-4817.81,0.664,0.0,0,0.0,,False,True,False
0x0a6bc352937ccbe5bc28b9168372c243b9d4cefa,True,2000,1098,417,681,38.0,1.0,-0.02,53,1782463067001,1788792843826,73.3,-36.21,1487.639,4401.678785,50,424.13,9.6,False,False,False
0x0a8626851aaca002763366cb02fc9b2240c6ce67,True,2000,1033,685,348,66.3,0.5,-41548.3,5,1775796773009,1788525949153,147.3,-13080.65,0.315,3094.736076,0,0.0,0.0,False,True,False
0x0a92a740b90df99790bd416a2537fee36f30b23c,True,2000,960,529,431,55.1,0.93,-235.36,36,1775638912454,1788067865644,143.9,1118.09,4.751,0.0,0,0.0,,False,True,False
0x0aa76cbe5405f234d9dc425eb20939d31fdf01e5,True,2000,673,216,457,32.1,0.62,-38988.02,9,1781782210631,1786032166649,49.2,-11567.14,0.297,0.0,0,0.0,,False,True,False
0x0aafd0eddbffd00ccea26e90436d50a4f8c22839,True,2000,945,476,469,50.4,1.33,67.92,3,1788761683288,1788801398180,0.5,-26.75,0.394,0.0,0,0.0,,False,False,False
0x0acfdcf97909503c844e0ae437edd0ff9af6cfff,True,2000,936,262,674,28.0,0.34,-7296.2,8,1787414878957,1788767016602,15.6,739.46,0.101,0.0,0,0.0,,False,True,False
0x0af3036385dcb527984abae20f6675475707467e,True,2000,652,407,245,62.4,1.76,32875.06,12,1773878902784,1785504762273,134.6,7360.22,0.224,0.0,0,0.0,,False,True,False
0x0b0996cc7ad821b87c930e416fc7a8dec783288b,True,1913,1238,559,679,45.2,1.56,11305.16,17,1756150163967,1788797789741,377.9,6533.84,0.578,0.0,0,0.0,,False,False,False
0x0b1c3722b601d811edc9fff00320a33cb78d83f0,True,2000,1050,615,435,58.6,1.59,1579.48,39,1785251837544,1788799716341,41.1,424.01,0.268,15541.998861,1,8.95,0.1,False,False,False
0x0b3d5479b474c58d685382ea429417c0c31485a2,True,2000,941,394,547,41.9,0.97,-982.02,14,1764508156540,1788455678590,277.2,1732.5,1.764,0.0,0,0.0,,False,True,False
0x0b5c8b0cf8cd2943ef546b5693987ae6ffa2e649,True,708,347,86,261,24.8,0.01,-101498.43,5,1782738744257,1787638807335,56.7,-8189.55,0.081,0.0,0,0.0,,False,False,False
0x0b68ffcf5f719bf788439dd4595c3c3919f0bbfd,True,951,455,332,123,73.0,4.52,38509.96,2,1769699410253,1779583994909,114.4,-2055.91,0.053,0.0,0,0.0,,False,False,False
0x0b89484501470151b8adbb75c94cf6d8b46ffeb1,True,1139,495,490,5,99.0,5861.52,47109.3,1,1761218083855,1786341083260,290.8,3559.78,0.076,0.0,0,0.0,,False,True,False
0x0ba58d3e7ea392de7c0f9b50f9baf488a35397a6,True,2000,1094,653,441,59.7,1.44,2954.64,1,1788395408967,1788801404629,4.7,379.49,0.128,53464.252226,2,161.87,0.3,False,True,False
0x0bb50c5e0e8fb97f522ad9a9fffb6e1aff466bd3,True,2000,943,440,503,46.7,0.57,-24139.74,5,1782799598212,1788798697121,69.4,-3721.06,0.154,24235.385706,3,-776.76,-3.2,False,False,False
0x0bcc01fcb0b1b346652c333a7c21703bc1f1c7d6,True,661,308,183,125,59.4,2.08,7923.69,9,1773342575972,1788717775123,178.0,2328.09,0.294,0.0,0,0.0,,False,True,False
0x0be9d0b1f63b7ac917900e11533d638722475d49,True,2000,1020,748,272,73.3,0.39,-8471.18,24,1774487373265,1779670300386,60.0,-1288.26,0.152,0.0,0,0.0,,False,True,False
0x0bfff40545a2250c3f11993e7b75dbbcb11e36ac,True,2000,841,216,625,25.7,0.67,-27133.43,12,1783450795223,1788533010333,58.8,9491.44,0.35,0.0,0,0.0,,False,True,False
0x0c08ddee2af9ca6c1f89669d48f35648e196e36f,True,1424,721,610,111,84.6,1.92,35165.94,4,1762571444602,1780539310637,208.0,-7943.97,0.226,0.0,0,0.0,,False,True,False
0x0c156975b3e10cccbb041d35dc14b0a10649f55a,True,2000,1294,601,693,46.4,0.93,-2333.47,2,1787891574485,1788764313852,10.1,-4617.14,1.979,0.0,0,0.0,,False,True,False
0x0c2a8ec6a606487bc5ffafdd2949ca8d888a38ae,True,2000,980,367,613,37.4,0.8,-4929.34,21,1787310269277,1788799948555,17.2,-1470.26,0.298,4906.614613,1,-83.68,-1.7,False,True,False
0x0c361ad7c58ce685f5e04de3d919c18b836fa3f4,True,2000,986,481,505,48.8,0.53,-12081.48,5,1760918923574,1786717137753,298.6,-6139.49,0.508,0.0,0,0.0,,False,True,False
0x0c44368084d0df3ebe4d2e9d353985ebd5ef1c4b,True,912,517,325,192,62.9,4.32,37577.92,8,1781116239198,1781917470043,9.3,4552.59,0.121,0.0,0,0.0,,False,False,False
0x0c52812a47f6b577d170c2ab833e92813b0fbb4a,True,2000,886,405,481,45.7,1.26,13580.0,3,1764512199859,1782429419859,207.4,5196.39,0.383,79127.44,0,0.0,0.0,False,True,False
0x0c6265f92cb7ed2cd52f54d1a404c90489a24a6a,True,2000,1519,1021,498,67.2,1.11,7801.94,27,1776340185514,1788794172115,144.1,-12261.11,1.572,0.364158,2,-0.1,-27.9,True,True,False
0x0c72e902b3f95bf7d14ca601604f8dc56b6b8d12,True,2000,1151,224,927,19.5,0.49,-4498.71,14,1784220893892,1788794308383,52.9,-516.96,0.115,0.0,0,0.0,,False,True,False
0x0c86444e7667afe288dc6d7d3e828e3b39e48995,True,2000,1190,25,1165,2.1,0.0,-286861.29,2,1781019994931,1781045561928,0.3,-10298.83,0.036,0.0,0,0.0,,False,False,False
0x0c9370d97d7d5c719b13de2adaf3ba86ea7e99f0,True,2000,1049,379,670,36.1,1.7,4313.41,3,1778772585328,1784207976068,62.9,494.66,0.115,0.0,0,0.0,,False,True,False
0x0cb58619f97924977e4abec80650e2a18dabf9a7,True,431,148,112,36,75.7,2.31,4855.44,9,1758286431208,1788795367969,353.1,2848.02,0.587,18466.624193,1,521.39,2.8,False,False,False
0x0cc7cedb0935ceab0b4a6b38ee7dcfd403b19a7b,True,2000,802,149,653,18.6,0.05,-81947.93,6,1783976434514,1788408249363,51.3,-8661.84,0.106,109983.373175,2,95484.01,86.8,False,True,False
0x0cd79f8756e3d649afd9fae282154faa7d72cb29,True,1604,806,395,411,49.0,0.32,-67211.98,6,1762343523010,1787154371020,287.2,-9934.58,0.148,0.0,0,0.0,,False,True,False
0x0cde7ee860ffbea7ce5c235f6f43c7064c150e0d,True,112,49,41,8,83.7,0.12,-20948.9,1,1787176384591,1788540684557,15.8,-6876.12,0.328,1343.414153,1,156.98,11.7,False,True,False
0x0cf02b1ae63d3c20f238b775be8b7262b67d57d2,True,969,703,537,166,76.4,2.9,62962.93,12,1760154677644,1787740680544,319.3,5715.59,0.091,0.0,0,0.0,,False,True,False
0x0d0f2c585f205200f5f91f47359c613a4bd99008,True,2000,1048,503,545,48.0,2.18,35881.93,27,1760564135369,1788288898287,320.9,5645.18,0.157,0.0,0,0.0,,False,True,False
0x0d326f5b9d3d0dfe8ffbd1d8096f9dc338bd9d7c,True,1037,477,105,372,22.0,0.85,-5207.15,15,1771246940853,1783186387823,138.2,-2184.07,0.419,37229.952169,0,0.0,0.0,False,True,False
0x0d5a24ad5bb1c279c2b1c216aea42c0eb53fe315,True,2000,1246,675,571,54.2,0.83,-8754.3,2,1781814041510,1788794305108,80.8,4459.76,0.509,16712.583882,1,-230.15,-1.4,False,True,False
0x0d7661a7b7a89b40b6db128900557e4f1d1b3789,True,2000,960,404,556,42.1,0.58,-4007.04,6,1788529937230,1788794113626,3.1,-1098.03,0.274,0.0,0,0.0,,False,False,False
0x0d8bf40b3a87036371a27e280d53174f437c4443,True,2000,915,700,215,76.5,2.54,5463.29,22,1778052160007,1788457140763,120.4,421.3,0.077,0.0,0,0.0,,False,False,False
0x0dabc2b84be60b11684ce17e910ff4d1f1004040,True,2000,950,382,568,40.2,0.23,-39671.01,7,1783559240981,1788525548026,57.5,-5971.46,0.151,0.0,0,0.0,,False,True,False
0x0dc347a9714fbdd19be81ba64a71e721d57d952c,True,1656,567,262,305,46.2,0.78,-3370.0,1,1778395399263,1788674742584,119.0,-2160.72,0.641,0.0,0,0.0,,False,True,False
0x0dd73d2b71efb30daf8cd48c9dfa8dc35868fe65,True,2000,797,697,100,87.5,3.32,55535.49,6,1779457291010,1788721700822,107.2,-6732.37,0.121,52072.955467,2,-67058.78,-128.8,True,True,False
0x0def559fcb62718c41beacfdc8e997e7a2fab057,True,2000,951,602,349,63.3,1.73,33792.15,14,1738672066672,1778634321892,462.5,4250.98,0.126,9137.160376,2,-39606.75,-433.5,True,True,False
0x0e092418bb066deb846a6f6a538b5ac6558d3359,True,1515,679,348,331,51.3,0.53,-11579.57,14,1781519581937,1788535168397,81.2,-1618.81,0.14,0.0,0,0.0,,False,False,False
0x0e16470bb0c40b3cbbf953d0687fe313b08f52a9,True,579,245,155,90,63.3,1.55,1622.54,12,1770136235221,1780790400085,123.3,-576.01,0.355,0.0,0,0.0,,False,True,False
0x0e3512ce7f71f9c47fc5cbaa68fce2720d98fb1d,True,1850,859,648,211,75.4,13.05,94805.03,40,1765096201643,1788796756058,274.3,4691.92,0.049,0.0,0,0.0,,False,True,False
0x0e4a09041da78af520eb37cc66d8832ebaf5b2cd,True,2000,789,401,388,50.8,0.43,-125722.12,11,1752339235461,1788745608000,421.4,31376.63,0.25,0.0,0,0.0,,False,True,False
0x0e607b54811663f677aa36ccb03fb6fc06e100e9,True,2000,928,814,114,87.7,1.38,8065.45,17,1786499515172,1788740416955,25.9,-3554.16,0.441,34368.72968,2,12446.31,36.2,False,False,False
0x0e7476add2d186f5635c70e0ebacd71b0d23eda1,True,2000,994,412,582,41.4,0.52,-33917.6,16,1756265997702,1788566400005,373.8,-12759.8,0.376,0.0,0,0.0,,False,False,False
0x0e8acb63dd57c982842397fe78a787d7d841a0cd,True,2000,429,346,83,80.7,0.27,-18467.14,21,1757666752803,1780809194886,267.9,-2892.32,0.157,0.0,0,0.0,,False,True,False
0x0ea9832860a2cddc740d0de1159497e3e7d3ddf0,True,1028,448,395,53,88.2,0.96,-2254.59,2,1773627952902,1774264162092,7.4,-10851.34,4.813,0.0,0,0.0,,False,False,False
0x0eb8f692baba6c6f4a5e57c7e222758c95a9ce81,True,2000,702,250,452,35.6,1.65,194110.78,7,1763775904291,1788703686539,288.5,57086.22,0.294,198526.102132,1,41672.65,21.0,False,True,False
0x0ec8e18bd05a60a6ff16e04e17d20a516c299886,True,2000,932,295,637,31.7,0.64,-13997.22,33,1747901772701,1787059967834,453.2,-3034.86,0.217,0.0,0,0.0,,False,True,False
0x0ee16877560e2c08a3c0917c7e440ac9e13d0973,True,2000,1940,0,1940,0.0,0.0,-1335784.87,1,1776900389551,1776907223125,0.1,-231080.0,0.173,0.0,0,0.0,,False,True,False
0x0ef7301a0fa5bcc95ab4d5162851bdb76cff7500,True,793,333,304,29,91.3,6.32,1956.67,5,1769869987835,1783211330386,154.4,180.2,0.092,0.000288,0,0.0,0.0,False,False,False
0x0f145834b69d3e7a573bed756b31cc366e22036c,True,2000,796,540,256,67.8,1.8,15266.88,15,1785361227118,1788794883708,39.7,4333.97,0.284,20380.000372,5,-1258.55,-6.2,True,True,False
0x0f294219fc9b55ffbf50f1427c6137716cbc5b30,True,771,424,169,255,39.9,1.73,4416.79,10,1773018524254,1788636158239,180.8,658.1,0.149,0.0,0,0.0,,False,True,False
0x0f4172e655c1b6f707f01b81c46662aa777fe45b,True,2000,995,162,833,16.3,1.28,7640.28,11,1779805840411,1787758181065,92.0,10041.64,1.314,0.0,0,0.0,,False,False,False
0x0f5adabcf182ddecd8fbd142d285a11412359560,True,323,178,120,58,67.4,0.32,-5681.67,31,1705502710083,1781343205619,877.8,-7572.87,1.333,0.0,0,0.0,,False,True,False
0x0f79413d095bcfae83424ceb8522a20f846ce659,True,2000,978,314,664,32.1,0.14,-26471.49,8,1786684108860,1786786444207,1.2,-1556.29,0.059,0.0,0,0.0,,False,False,False
0x0f859756ab0f1655ca61b32d21f6cf9ec2b998dc,True,2000,1301,613,688,47.1,5.98,48961.0,7,1788452041437,1788792564179,3.9,3404.7,0.07,173396.527968,1,-2772.79,-1.6,False,False,False
0x0fa83a8149020bd889d98fe8d51b84746fcc61d3,True,2000,984,444,540,45.1,1.27,1571.26,51,1786524584323,1788775917014,26.1,360.86,0.23,9646.681151,50,5976.22,62.0,False,False,False
0x0fb774e047abdefc16b76430e0b4f7c830c72a6b,True,2000,1038,392,646,37.8,0.41,-10254.06,48,1767764022717,1784084316990,188.9,-1662.75,0.162,719.625,0,0.0,0.0,False,True,False
0x0fe100b259a7a5b23555b2a934410608b116ebee,True,1636,722,452,270,62.6,1.8,9872.39,14,1788288613204,1788800874030,5.9,4166.01,0.422,0.0,0,0.0,,False,True,False
0x0ff6016b65bc219dc8ba22faa7e9bf800a6933d7,True,2000,1331,1331,0,100.0,inf,218149.83,4,1780855467180,1781597883914,8.6,9872.71,0.045,0.0,0,0.0,,False,True,False
0x1001a2fed4bdac4dd037319af153093185b90350,True,2000,978,335,643,34.3,0.87,-2575.95,7,1787510880570,1788794972605,14.9,980.45,0.381,0.0,0,0.0,,False,False,False
0x100b5ad5e52fc45404a66635f7e2397c50024629,True,2000,903,476,427,52.7,0.4,-15008.06,4,1777738156634,1783499529507,66.7,-3691.89,0.246,0.0,0,0.0,,False,True,False
0x10210bf727f2bf6b03f98f0ccb72a292e25d21a6,True,2000,948,273,675,28.8,1.28,1135.36,8,1775706615700,1780330371992,53.5,520.93,0.459,0.0,0,0.0,,False,False,False
0x102fb7687762e031a1e5dd3428006f25a86d78c6,True,503,252,106,146,42.1,1.59,3271.01,34,1778885650277,1788765686504,114.4,1960.5,0.599,2933.833469,8,2748.75,93.7,False,True,False
0x1040a8fac9eabeaa2271acd28fd71c460347ec56,True,2000,865,778,87,89.9,2.12,22245.97,15,1748449953662,1784962482169,422.6,3872.15,0.174,0.0,0,0.0,,False,True,True
0x105a01f6bcf2bab5be19d74c23e5dc7ab759e4e1,True,1028,453,107,346,23.6,0.83,-1101.41,9,1781808441873,1786374783829,52.9,930.0,0.844,0.0,0,0.0,,False,True,False
0x1074e4d8c2c6a637a3805e8669dc953eda0e9443,True,2000,1020,558,462,54.7,1.28,4354.26,16,1786459295480,1788794225822,27.0,2194.24,0.504,0.0,0,0.0,,False,True,False
0x1088a3440e008024f6e6ed3b715e465a63ad0276,True,232,122,40,82,32.8,0.41,-413.13,26,1763815041248,1781252044582,201.8,-223.4,0.541,0.0,0,0.0,,False,True,False
0x10a995ecd59840d7ff86d86d90be8bdcb76e257e,True,2000,994,180,814,18.1,0.39,-17986.47,21,1775580506742,1788396127515,148.3,2370.6,0.132,0.0,0,0.0,,False,False,False
0x10c4f3f0260fcf457deabd2201ee1cdbc13e0f9f,True,903,438,343,95,78.3,2.1,17328.49,7,1740082290642,1788797244409,563.8,-3306.56,0.191,19921.961038,1,196.0,1.0,False,False,False
0x10d11287eba086fd52ae41821fdb8d7e612eafdc,True,2000,806,441,365,54.7,1.5,2724.97,17,1787221890299,1788785240254,18.1,483.02,0.177,3498.173857,1,453.33,13.0,False,False,False
0x10e8b17dc14e431ef82b511cde35c144ad2d9d40,True,2000,901,353,548,39.2,0.74,-2353.75,15,1769215207401,1788792918636,226.6,245.55,0.104,0.0,0,0.0,,False,True,False
0x11003fe27b764e6be22d21d76b9227b913865cb5,True,2000,905,249,656,27.5,0.63,-28228.8,7,1773755651302,1785955336977,141.2,6138.64,0.217,408336.186953,3,315901.58,77.4,False,False,False
0x11114238a0ad78bd8cab7d6d1e7ea5c61637b08d,True,2000,984,470,514,47.8,1.7,1855.5,161,1749011648459,1778420974326,340.4,964.49,0.52,5000.0,0,0.0,0.0,False,True,False
0x111ec789c0b1f9b561d78140cd43e71fa6f5e141,True,473,357,295,62,82.6,251.52,171544.71,5,1738176575806,1784953958812,541.4,10654.83,0.062,0.0,0,0.0,,False,False,False
0x113b2d77c1147c864d76302cea39bcf8a1459357,True,2000,577,361,216,62.6,1.41,16617.26,2,1776121871487,1780638780039,52.3,-8676.42,0.522,0.0,0,0.0,,False,True,False
0x115184e431375e9ea6b2d7b109b79e6b8123bb23,True,1369,609,317,292,52.1,1.08,1668.29,13,1761274644911,1788798669856,318.6,3879.92,2.326,3867.482254,3,-437.66,-11.3,True,True,False
0x11645c3264dc73a60a81ec4760d62140dd073b2b,True,2000,1261,1054,207,83.6,0.17,-338427.3,1,1787021687722,1787153254538,1.5,-129098.0,0.381,0.0,0,0.0,,False,True,False
0x117a7c349b953d54154312d97a20c9a2769adbd4,True,2000,665,35,630,5.3,0.11,-314.12,12,1786478703331,1788694916211,25.7,-169.21,0.539,0.0,0,0.0,,False,True,False
0x118c6cb819f6a585885241d582f992840fd73de5,True,2000,790,350,440,44.3,2.47,111335.45,19,1780667993856,1788569576256,91.5,-8112.6,0.073,87439.248735,1,147796.75,169.0,False,True,False
0x119d3f5250ab969a659ed983c55c2ed787213fe5,True,497,247,88,159,35.6,1.53,12489.2,8,1769991874086,1788525102973,214.5,6396.67,0.512,0.0,0,0.0,,False,False,False
0x11b8a2cf3128ed49fc203867b59ba698903095de,True,240,121,56,65,46.3,2.16,2145.38,7,1750859271182,1788240962668,432.7,565.04,0.263,0.0,0,0.0,,False,False,False
0x11c9ac11ce9913e26faa7a9ee5b07c92b0c8c372,True,2000,1146,747,399,65.2,0.25,-25396.1,5,1779139240390,1781529561752,27.7,-3695.25,0.146,0.0,0,0.0,,False,True,False
0x11e145d11145793fc99697612ab4e7cdcfe9c5fb,True,2000,910,688,222,75.6,1.16,16392.63,15,1776587195632,1780832251427,49.1,-9789.42,0.597,0.0,0,0.0,,False,True,False
0x11eee2e0a613af4f636e23ff295e2dac6a191d1d,True,2000,1271,506,765,39.8,0.02,-1157456.48,16,1787346720142,1788792880881,16.7,-51946.95,0.045,0.0,0,0.0,,False,True,False
0x11fb0d184263225aaa55a2310bf911559a019540,True,2000,802,786,16,98.0,311.21,14424.96,1,1761650105618,1788795310845,314.2,555.69,0.039,50719.037908,1,-148.18,-0.3,False,False,False
0x120e430737c8892e5023486a65e0741348632c89,True,617,274,92,182,33.6,0.67,-844.17,11,1772483598571,1775925564069,39.8,259.74,0.308,0.0,0,0.0,,False,False,False
0x121fefe00c573c04a4d7dfa1b22b945f83baed48,True,2000,1019,379,640,37.2,0.64,-4272.7,9,1783470151021,1784075733150,7.0,-592.14,0.139,0.0,0,0.0,,False,False,False
0x123dbca6a27005a3c4ce10cb66ee8ece8fc13bff,True,2000,796,181,615,22.7,0.03,-48026.17,8,1788792520009,1788802319681,0.1,-119.29,0.002,5315685.32012,78,-5927780.98,-111.5,True,True,False
0x1256d61968a62465e473eca891d8112a5270ee81,True,2000,975,238,737,24.4,0.6,-10272.92,10,1787937588336,1788779403172,9.7,1505.76,0.147,9981.73148,1,-722.49,-7.2,True,False,False
0x126266e653077a86e4c09a291ed746228d2b5089,True,2000,1015,369,646,36.4,0.94,-83.39,52,1784649481710,1788776210601,47.8,59.67,0.716,12668.127577,50,964.6,7.6,False,False,False
0x1271bf72a18549ee6d2ea3ab7e5dd4ae1c4eb05f,True,2000,977,705,272,72.2,3.58,53655.75,2,1778685542308,1786572084751,91.3,3300.0,0.062,32578.682555,1,4717.12,14.5,False,True,False
0x12862f5031efb3ea081788a431c918217c8256ff,True,881,410,164,246,40.0,1.1,2188.03,24,1767398999585,1787480766213,232.4,2713.47,1.24,0.0,0,0.0,,False,True,False
0x128d456203c4eafa0d996904389fad7204595391,True,2000,795,449,346,56.5,3.13,3493.07,2,1788611521433,1788790477105,2.1,40.15,0.011,0.0,0,0.0,,False,False,False
0x129955a73aceb78a4c77dc2b968ce3f9f84db1c9,True,221,119,97,22,81.5,0.42,-15613.59,9,1734393904449,1787738557029,617.4,-11316.09,0.725,0.0,0,0.0,,False,False,False
0x12b1f227b5bdaa31914c9d7c417619addd299ae8,True,2000,942,301,641,32.0,0.9,-1442.5,26,1780321659336,1785717214196,62.4,831.64,0.577,0.0,0,0.0,,False,False,False
0x12cb1df7117d7b7966c064116222416534d9c6ba,True,284,111,62,49,55.9,1.87,1647.73,4,1777253259452,1782126407449,56.4,781.15,0.474,0.0,0,0.0,,False,True,False
0x12e5cbcf026516d19f38262aa661c40831952760,True,2000,867,804,63,92.7,38.84,42828.93,4,1782472174684,1787743137667,61.0,7948.32,0.186,0.000651,0,0.0,0.0,False,True,False
0x12f5f5ce07647f5e7bf9ea054ea119d1cbb85a9b,True,2000,981,458,523,46.7,0.67,-14338.3,7,1781508350019,1788670014929,82.9,4496.89,0.314,88563.933643,1,-1391.41,-1.6,False,False,False
0x13087d38b78df0345d67c8cee73b215589ae3a1f,True,1135,639,265,374,41.5,1.13,1950.39,5,1770292380164,1787375459843,197.7,2884.59,1.479,0.0,0,0.0,,False,True,False
0x1313ff496708758001e62a8ac2b872535b785160,True,2000,1014,440,574,43.4,0.46,-91254.23,3,1771685642242,1787200530189,179.6,-6967.26,0.076,7309.608814,1,2191.35,30.0,False,False,False
0x1328cd9db6868f946f615e3e67ae76f8054effec,True,2000,952,292,660,30.7,0.29,-24221.3,33,1787086328749,1788798138837,19.8,-2611.04,0.108,1170.864734,3,-92.68,-7.9,True,True,False
0x13452b5cd572c7873539e7287cadd859d3f63cf5,True,873,443,317,126,71.6,1.32,3748.68,22,1769611044195,1779408000060,113.4,3665.55,0.978,0.0,0,0.0,,False,True,False
0x1354b70c7f441d55c398bc484596c61dbf5fc406,True,2000,1119,416,703,37.2,0.29,-34385.52,8,1783599152205,1783951474462,4.1,3852.03,0.112,0.0,0,0.0,,False,True,False
0x136bc4e5992c50a781d7248bf3dcce99b345ceee,True,2000,522,522,0,100.0,inf,330.76,111,1788683717149,1788802325822,1.4,17.89,0.054,71732.514622,46,-65005.56,-90.6,True,True,False
0x137cac6b0c20e905bf476ee2fc7987d82abc874c,True,2000,1278,810,468,63.4,5.25,20238.66,1,1781902396115,1788775233420,79.5,3280.9,0.162,15358.316907,1,2089.0,13.6,False,False,False
0x13930b7da36e9b3c5782b117da3152e11b826e33,True,2000,960,242,718,25.2,0.85,-1302.15,20,1758960568756,1788800814864,345.4,543.69,0.418,381.863855,1,-0.99,-0.3,False,False,False
0x13a4d58ccb2c55060a5f3812676558f20955e22b,True,2000,1075,438,637,40.7,0.84,-27207.95,10,1780555776027,1787918287400,85.2,8152.67,0.3,0.0,0,0.0,,False,False,False
0x13bc8d1c7a2b08cdb1f9ee4560e1e903c0c092d9,True,2000,942,362,580,38.4,1.35,972.27,14,1777921655057,1787572271470,111.7,1197.32,1.231,0.0,0,0.0,,False,False,False
0x13d032655aca891fad353e19424d2a087eccfa8a,True,2000,1170,575,595,49.1,3.82,60170.55,5,1756111524025,1788766655763,378.0,31362.78,0.521,278.048892,1,99.25,35.7,False,True,True
0x13dfc69e81494444f31a366345e6b1df105dfa0d,True,1488,683,511,172,74.8,1.13,3361.83,5,1780538421100,1781523096904,11.4,-2480.88,0.738,0.0,0,0.0,,False,True,False
0x13f210c8baf5f5dbaff3e917e2e5a49e73bbaf12,True,1192,535,362,173,67.7,9.41,196262.51,8,1733170483840,1782406883598,569.9,26445.51,0.135,0.0,0,0.0,,False,True,False
0x1404109f8cd4a79a0447365edbb7a13acd0b2f27,True,2000,904,904,0,100.0,inf,28518.22,13,1780726940590,1788794802996,93.4,456.18,0.016,71325.352911,1,-90.61,-0.1,False,True,False
0x1419ca07d98773f1c0973d8f0e676921c670777c,True,2000,707,416,291,58.8,0.79,-14419.19,12,1763051068997,1788795716483,298.0,-10607.71,0.736,17346.026998,1,2032.11,11.7,False,True,False
0x143437ea6e8c5fc0316aa208f02bea6230601f90,True,1590,831,268,563,32.3,0.35,-64110.33,25,1704999708548,1783808030538,912.1,-6850.44,0.107,0.0,0,0.0,,False,True,False
0x14430464ef80c094ab09b78c89646c2ffb5d7c73,True,688,237,213,24,89.9,394.41,13681.44,4,1769987384231,1787462270286,202.3,1452.35,0.106,33716.659262,1,34219.01,101.5,False,True,False
0x1457978fb96b0190c8ea7d168d0155d77bd6ce57,True,2000,919,551,368,60.0,1.34,1724.71,9,1785011776971,1788796529380,43.8,1080.48,0.626,25459.933677,1,-1962.4,-7.7,True,False,False
0x146d7676fa143f4e2c8219c8544ee979102e05e5,True,106,37,27,10,73.0,3.84,966.34,2,1784033705454,1785231794154,13.9,210.27,0.218,0.0,0,0.0,,False,False,False
0x149a6d0ac83b96210586af5a357d6424af2ec6e4,True,1492,726,277,449,38.2,0.8,-4754.94,17,1763381410876,1787224357035,276.0,-6394.75,1.345,4814.252915,2,-5062.69,-105.2,True,True,False
0x14ae9bd6853e3fd267b8101df76b46da2beb048f,True,2000,978,562,416,57.5,3.52,3666.33,13,1787468708471,1788772582384,15.1,-531.09,0.145,0.0,0,0.0,,False,False,False
0x14c624428f50785e26d94779769e3b0f3340b280,True,2000,939,832,107,88.6,14.38,1027261.75,3,1784772690363,1788644259711,44.8,59130.2,0.058,1030155.890669,2,680001.05,66.0,False,True,True
0x14e378dfbd9cc1fa83633d49e1ee4d12614714e8,True,363,135,26,109,19.3,0.26,-3523.34,20,1737203795562,1786281270166,568.0,-787.18,0.223,0.621083,1,-0.15,-23.7,True,True,False
0x14f7d1fa2b6764221e0e52f4f35e97613259c1a2,True,2000,1182,805,377,68.1,5.23,457092.61,1,1787263446539,1787275370893,0.1,16599.48,0.036,0.0,0,0.0,,False,False,False
0x15059ee1f563ea5a56ed59749d081675a02bd44c,True,2000,867,249,618,28.7,0.55,-17542.69,45,1780329876132,1788630105922,96.1,-3593.02,0.205,0.0,0,0.0,,False,True,False
0x1518ff8f921ae7b04c39805bcb026672978b794d,True,2000,1015,446,569,43.9,1.14,366.23,51,1785746838498,1788775742828,35.1,129.55,0.354,31552.710651,50,2322.02,7.4,False,False,False
0x152e41f0b83e6cad4b5dc730c1d6279b7d67c9dc,True,2000,2000,2000,0,100.0,inf,5548310.73,1,1788356561315,1788440293234,1.0,130927.5,0.024,5531154.462871,1,5181808.51,93.7,False,False,False
0x153cf6e95ce93901d90cf2bba1bb2e9591a7cf56,True,44,7,3,4,42.9,8.84,21.97,3,1779396788889,1779649465418,2.9,21.32,0.97,0.0,0,0.0,,False,False,False
0x154d97e96620b08f22b41e96a77dea29da902d6d,True,2000,999,431,568,43.1,0.63,-1168.88,1,1788356559074,1788801064719,5.1,-40.98,0.035,4778.745697,1,80.04,1.7,False,True,False
0x156362ed8dad31f9226350fa747f6eea9fdd0cd8,True,2000,1002,579,423,57.8,1.12,2221.09,68,1733357386012,1788728627000,640.9,-1516.43,0.683,4625.763516,1,-1458.23,-31.5,True,True,False
0x1582b06d8c4b6c5990e2ba951d88a88363dab891,True,1593,401,255,146,63.6,1.34,2678.45,10,1737461549896,1785128421840,551.7,-1416.2,0.529,0.0,0,0.0,,False,True,False
0x1595ea7b309f106cf7205b3c9b5aa05b0052f979,True,2000,865,452,413,52.3,0.65,-28664.88,34,1749611866613,1788445654848,449.5,-10590.47,0.369,15007.502165,4,7265.95,48.4,False,True,False
0x15b325660a1c4a9582a7d834c31119c0cb9e3a42,True,2000,1999,1212,787,60.6,0.27,-816216.62,19,1769885013193,1775846341515,69.0,-63953.45,0.078,6878490.372379,2,7204971.96,104.7,False,True,False
0x15cf75de454e54177fdf8ccb403c278a2d33f20c,True,105,24,12,12,50.0,0.16,-32077.43,7,1759246046097,1787151383585,323.0,-21178.52,0.66,3870.751209,0,0.0,0.0,False,True,False
0x15e18a90ede0f30b9c1f7e3eb2941f94365d5f36,True,2000,1045,903,142,86.4,0.45,-163242.58,5,1755940662099,1785932383278,347.1,-233997.07,1.433,0.0,0,0.0,,False,True,False
0x15ec7abe5341c65afabd10280e487d391897c063,True,2000,861,819,42,95.1,6.92,2123.71,2,1784051817692,1788799424553,54.9,58.38,0.027,120.699808,0,0.0,0.0,False,True,False
0x16011596bedeb54c340203d571e2aff58fe5ff19,True,2000,989,536,453,54.2,0.66,-5670.05,9,1781800517275,1788800756472,81.0,-1047.14,0.185,4898.671846,1,-801.67,-16.4,True,True,False
0x161ca378a6a5319080ae11566dd2d6a23db4fbf3,True,2000,1067,272,795,25.5,0.41,-24064.28,2,1782866166384,1787886221242,58.1,-2001.73,0.083,78068.809892,1,71818.41,92.0,False,False,False
0x162cc7c861ebd0c06b3d72319201150482518185,True,2000,1546,1488,58,96.2,2.81,30642.89,15,1781765656192,1784796393444,35.1,-2130.33,0.07,0.701367,0,0.0,0.0,False,False,False
0x163ba28c4a7180949c111228613cb09e8ff5fb5a,True,2000,893,372,521,41.7,0.6,-20603.25,2,1785261564278,1788783687960,40.8,3046.44,0.148,6555.963914,1,7837.68,119.6,False,True,False
0x165c99173cb5a5e42371bd49a1f955c707e7c9c5,True,991,464,248,216,53.4,0.48,-9686.37,13,1772442276273,1787214750706,171.0,-2430.36,0.251,0.0,0,0.0,,False,True,False
0x166f46b816621049fec3d0a496cdbca2964341de,True,2000,989,435,554,44.0,1.19,692.39,51,1785918742313,1788775510798,33.1,217.4,0.314,5300.448962,50,3286.82,62.0,False,False,False
0x1688b4de515d0702363dd6525fbfa402a1716401,True,1293,601,285,316,47.4,0.82,-169.05,19,1785306554597,1788663134318,38.8,-154.39,0.913,5261.410269,6,28.45,0.5,False,False,False
0x169ba96d963e77a87dbe58922ecdcdd0f0cf3315,True,812,440,170,270,38.6,3.28,73589.42,5,1783655535414,1788309575198,53.9,5238.32,0.071,0.0,0,0.0,,False,False,False
0x16bc31d54745468b254a23e3d3c650a3463bd5e0,True,550,289,179,110,61.9,1.01,129.29,25,1725059229010,1787157288416,718.7,-1163.07,8.996,0.0,0,0.0,,False,True,False
0x16d510803a0ac46fd2c2a60ca5db890fff74759c,True,2000,954,402,552,42.1,0.74,-3449.22,8,1779982095976,1782123167457,24.8,-1861.61,0.54,0.0,0,0.0,,False,False,False
0x16ee3aaf3ce2b82c4551e914ed4bd947149ef4e5,True,2000,949,369,580,38.9,0.51,-3671.5,10,1760278926766,1781136000009,241.4,513.34,0.14,0.0,0,0.0,,False,False,False
0x170e22373b229cac11f069797a4f4a26d9c89371,True,2000,947,465,482,49.1,0.97,-1518.18,25,1776900304372,1788569244044,135.1,-4498.17,2.963,65604.451996,4,38437.84,58.6,False,True,False
0x171c2a0edd40c01053aafb2e16ecd9b06ad898ea,True,2000,1241,1010,231,81.4,0.42,-254795.98,8,1776186451255,1781791012883,64.9,-55950.87,0.22,0.0,0,0.0,,False,True,False
0x172e08e84b721f37ee91b70f8dbfc522394b1968,True,274,142,88,54,62.0,0.48,-11143.97,15,1704908984211,1788366330897,965.9,-4518.0,0.405,0.0,0,0.0,,False,True,False
0x1742c73c3bdff1a96e3d3a1de896858377b09846,True,89,60,39,21,65.0,3.45,5505.44,1,1775433648744,1788300785823,148.9,2367.31,0.43,0.0,0,0.0,,False,False,False
0x17512f9840d7aa86b0e0df1c90e47b70c5842abd,True,2000,869,550,319,63.3,0.66,-11183.62,45,1767520622112,1788797127388,246.3,-3211.17,0.287,1192.883333,1,97.66,8.2,False,True,False
0x1764b5d24027294373f2aa289a5d548096681a4d,True,1628,576,438,138,76.0,2.03,3034.02,4,1770109831043,1788748787565,215.7,1271.2,0.419,1618.565897,1,2.95,0.2,False,True,False
0x17781d5424cd78e6332222a4d9a893497e83a2e5,True,2000,884,458,426,51.8,1.21,1890.07,73,1756263322317,1788526766220,373.4,-810.93,0.429,0.0,0,0.0,,False,True,False
0x17894956b6d239c5a831a4af07849d357b90752d,True,543,303,281,22,92.7,460.03,4265.18,3,1752422038176,1777631537686,291.8,717.0,0.168,0.0,0,0.0,,False,True,False
0x179c17d04be626561b0355a248d6055a80456aa5,True,2000,1163,1161,2,99.8,150734.93,2264181.88,3,1762432232346,1778931406181,191.0,71094.72,0.031,1.787379,0,0.0,0.0,False,True,False
0x17c32bd608334d0fe1e6451ad4421bbc50213cc3,True,280,115,115,0,100.0,inf,36627.04,1,1774833146376,1774906308703,0.8,4657.59,0.127,0.0,0,0.0,,False,False,False
0x17e064e7bc114478f81b312f2e868a8052855023,True,2000,1081,387,694,35.8,0.49,-34674.03,11,1786023117584,1788795337766,32.1,-4901.74,0.141,0.0,0,0.0,,False,True,False
0x17f1d3aa904d700c7b9e8e58a8b8fdab8621af2f,True,2000,924,499,425,54.0,1.04,474.59,6,1778421956637,1779293180422,10.1,1023.16,2.156,0.0,0,0.0,,False,True,False
0x1811f4c4ce7eb65552e4b6a7cba2dce523de6c6a,True,61,23,23,0,100.0,inf,1528.95,1,1780241491985,1780244087899,0.0,344.01,0.225,0.0,0,0.0,,False,False,False
0x18257da38ebe7b1d4807732ea980b907298693fc,True,1024,510,461,49,90.4,40.94,33716.55,7,1787858480564,1788379697768,6.0,3363.82,0.1,0.0,0,0.0,,False,False,False
0x183afc2a81a6fba240cd2d5d5d4de0ef52631ad2,True,2000,1090,580,510,53.2,2.19,8991.53,10,1768833547018,1780144979057,130.9,2886.23,0.321,0.0,0,0.0,,False,True,False
0x184a99721ebca9e02cd13d2e03f955257140c92a,True,412,206,193,13,93.7,0.29,-7541.6,2,1769699437121,1788791565565,221.0,-5381.43,0.714,7077.892421,1,-130.06,-1.8,False,False,False
0x185c3ba954fe0a12660eade2f9b55c218c99dfed,True,600,277,36,241,13.0,0.15,-2267.53,4,1775648670307,1776101071840,5.2,-358.41,0.158,0.0,0,0.0,,False,False,False
0x186db13cbbae6fb802edd5c5874f8aa3ba4d3fa1,True,2000,805,437,368,54.3,1.91,2378.09,29,1788464297694,1788795461693,3.8,302.66,0.127,26155.282585,1,5001.27,19.1,False,True,False
0x187cfabdfee59f5f808bb5b584109c5bb2f812cb,True,2000,947,417,530,44.0,0.84,-2660.72,42,1784991519891,1788799540823,44.1,-1290.54,0.485,3168.13762,1,281.88,8.9,False,False,False
0x188f6da1525b63e434d0c6c11c5c9e7bd953f3a8,True,2000,735,508,227,69.1,0.46,-24339.97,21,1776789860590,1788459385582,135.1,-22080.58,0.907,0.0,0,0.0,,False,True,False
0x18b8539261cf9e760e7fec4a8a73c50f0ae7babe,True,2000,1018,657,361,64.5,1.06,11786.44,1,1783977822964,1788795125592,55.8,34709.66,2.945,271846.729441,1,143404.48,52.8,False,False,False
0x18d103744b0f0bd4ab860f3455a252d20580d6dd,True,2000,1551,1069,482,68.9,0.12,-116856.83,2,1781331007344,1781586225759,3.0,-11162.2,0.096,0.0,0,0.0,,False,True,False
0x18e2eb3cafa6ee5d3885e20d80298b37321e84fa,True,2000,1654,503,1151,30.4,0.66,-475491.8,3,1787172730040,1788800274915,18.8,56360.03,0.119,615771.155513,1,3403022.83,552.6,False,False,False
0x18f654749dad288a1370893fb06fc89f938ba3a3,True,2000,937,369,568,39.4,0.91,-3120.29,119,1770485828863,1788798389853,212.0,10349.63,3.317,10925.45273,46,-960.35,-8.8,True,True,False
0x19141738e3275cdf2550e95bf3b3ad7bf803c01d,True,2000,931,267,664,28.7,0.65,-17986.69,15,1757505904523,1788034261110,353.3,-6614.96,0.368,0.0,0,0.0,,False,False,False
0x192dd363ea582b18726d132017544f8e96ed3fac,True,2000,1008,226,782,22.4,0.31,-25394.23,6,1787533015269,1787851823167,3.7,-1177.67,0.046,0.0,0,0.0,,False,False,False
0x195b7e7fb607df1a546de9e8a79e4101eea968bb,True,701,358,83,275,23.2,0.83,-36.85,2,1781485190000,1788263984622,78.5,57.05,1.548,0.0,0,0.0,,False,False,False
0x1971c27e080b21aa0eeef71203a3ff2d29eef620,True,885,453,134,319,29.6,1.86,15612.48,13,1767374286021,1788779344316,247.7,9659.91,0.619,13073.906463,2,-2985.34,-22.8,True,True,False
0x1982edf3b1c2ca1c602d72107b921b23b95ecbf0,True,1286,685,323,362,47.2,0.36,-4630.61,53,1752824925076,1773378178302,237.9,-1387.73,0.3,0.0,0,0.0,,False,False,False
0x19a48c29f89f1e892b60ecce5366e055eedc08d7,True,1568,780,302,478,38.7,1.04,335.96,39,1749798154649,1778738409872,335.0,-2154.54,6.413,13.622009,1,0.17,1.2,False,True,True
0x19b12d6f7c1a082707edb22b5ac4d55c39f2c8f3,True,2000,793,466,327,58.8,2.05,19892.81,4,1781061070556,1788795792428,89.5,4466.38,0.225,11232.240098,1,1501.61,13.4,False,True,False
0x19c18b5e48425ed1d90eb6450a9113bcd65e555f,True,71,20,16,4,80.0,1.36,3289.96,3,1760259762064,1787161536889,311.4,4634.8,1.409,17771.413998,2,-35579.41,-200.2,True,True,False
0x19e0ed88e10d2a18ef5a5c291b3de79f1f502c0b,True,775,418,363,55,86.8,1.25,9434.43,22,1750951823056,1787347309194,421.2,-10114.41,1.072,10998.365622,0,0.0,0.0,False,True,False
0x19f16ae12b8cebc5d1bd5696ff1ec82b082dae54,True,946,599,324,275,54.1,1.09,1623.58,9,1752183507628,1788150743171,416.3,-3402.74,2.096,0.0,0,0.0,,False,False,False
0x1a0b5f2eade71626d051c29ef425d9c49dc87aea,True,1240,591,326,265,55.2,0.17,-5853.81,113,1757532826937,1788800375404,361.9,-4762.28,0.814,0.0,0,0.0,,False,True,False
0x1a1d414054d21236ed337bb54344d32a27496446,True,1231,680,22,658,3.2,0.0,-10738.85,4,1768106146182,1775133104705,81.3,-1156.22,0.108,0.0,0,0.0,,False,False,False
0x1a2dfa6e618fea54aaaed6915312dd379b7e7bd1,True,2000,1983,0,1983,0.0,0.0,-88403.95,1,1775958550494,1776031924478,0.8,-1369.87,0.015,0.009522,0,0.0,0.0,False,True,False
0x1a468367f2dc26d8b1056f722279f0d3fdf35bcb,True,1054,557,324,233,58.2,0.62,-21815.54,9,1781619063808,1788454382893,79.1,-12416.15,0.569,0.0,0,0.0,,False,True,False
0x1a58f41e5f3323f3d3bc8c746479fb62ecfd30e6,True,157,78,48,30,61.5,1.0,6.37,2,1785734778589,1788790847053,35.4,1179.36,185.181,9230.42771,1,-89.86,-1.0,False,False,False
0x1a6f24091a055890ecb411129977668ab55473b4,True,2000,986,213,773,21.6,0.36,-41537.79,5,1783994190459,1788123816653,47.8,-3238.87,0.078,0.0,0,0.0,,False,False,False
0x1a986b2d01020d4b066a7abebf6163a2b7f35004,True,2000,1047,335,712,32.0,1.25,3467.25,2,1784971014051,1788754359007,43.8,2587.83,0.746,109.430807,1,19.09,17.4,False,True,False
0x1aa780bb10425b86bcf05ecbb7953f9a93729ed9,True,2000,1184,0,1184,0.0,0.0,-11765.04,1,1788572334729,1788572796738,0.0,-264.72,0.023,0.0,0,0.0,,False,False,False
0x1ac5dec35f77a70436b543614ad3821559c09fe2,True,1816,662,354,308,53.5,1.09,135.47,76,1782379947330,1788721835024,73.4,120.84,0.892,0.0,0,0.0,,False,False,False
0x1add90cfe379ad9c56c36522a3a4d33e89032671,True,2000,1095,670,425,61.2,0.85,-7485.97,3,1788194852982,1788701439716,5.9,-7009.28,0.936,369821.597298,1,68983.72,18.7,False,False,False
0x1afe4af44d3d60a066ef9cb22bb4d2af4bb8a5c1,True,2000,927,697,230,75.2,0.63,-14655.09,5,1754409891390,1787173582430,379.2,3086.45,0.211,0.0,0,0.0,,False,True,False
0x1b1996300dc7d3fabc039a55963fc886c3d3c9df,True,2000,846,483,363,57.1,3.79,77891.45,9,1786370021023,1788798864625,28.1,32654.22,0.419,44878.4752,2,-24663.5,-55.0,True,True,False
0x1b26e76a64d552d59c6f8487db27247a5f0d46e7,True,723,337,175,162,51.9,0.79,-4680.34,10,1746096335522,1787692055031,481.4,-1424.23,0.304,0.0,0,0.0,,False,True,False
0x1b32645d888f999cf616cfdc2a2ec0388445e47d,True,408,155,95,60,61.3,0.58,-4237.09,2,1781445383501,1786118574933,54.1,-927.3,0.219,0.0,0,0.0,,False,True,False
0x1b4f9f9388e47bbe635fd80e88df4f8414c8f9f1,True,2000,803,374,429,46.6,0.93,-3291.88,10,1777929929100,1788697860276,124.6,-2873.4,0.873,22793.601251,3,-4443.64,-19.5,True,True,False
0x1b71cf59302b63fa79127d24e5927c71c68ef1d1,True,2000,855,294,561,34.4,0.16,-57898.57,7,1781596737874,1786369651097,55.2,-4780.85,0.083,0.0,0,0.0,,False,True,False
0x1b898eaea2094346b8f405bab2f4e1c99c8387cc,True,2000,1100,333,767,30.3,0.5,-7104.86,13,1779721801643,1781053521837,15.4,-490.84,0.069,0.0,0,0.0,,False,False,False
0x1bb8c5b01d0fa338280e81800d44d705ea748404,True,2000,1078,572,506,53.1,1.23,2164.58,29,1780439546798,1788795863078,96.7,-944.76,0.436,3273.676741,7,-713.2,-21.8,True,True,False
0x1bc73b7556a79a3e6ee1a09044cb593b7663349b,True,2000,868,302,566,34.8,3.14,47133.0,20,1781166816493,1788526823172,85.2,7396.13,0.157,0.0,0,0.0,,False,False,False
0x1be5a1135a64783e0494180c0a229b02f3f57973,True,2000,679,444,235,65.4,1.86,211.36,27,1788795875096,1788803133826,0.1,8.9,0.042,125604.315113,34,-2807.72,-2.2,False,False,False
0x1bf5f04260b70fa6c3b63615b3f5c9dbef39547e,True,2000,870,307,563,35.3,0.04,-301863.43,4,1772800523788,1773446400044,7.5,-14568.14,0.048,0.0,0,0.0,,False,True,False
0x1c1083dd783fd00cfb6be64a6af65cb6198775b9,True,2000,1038,615,423,59.2,1.84,29812.83,16,1769445221784,1788666375043,222.5,5151.79,0.173,10187.136198,4,1242.64,12.2,False,True,False
0x1c1c5808b02787dbce9c8fea3b127c4a21a98d8c,True,2000,1240,844,396,68.1,0.61,-10650.83,5,1773332092580,1783968481981,123.1,1224.55,0.115,0.001275,0,0.0,0.0,False,True,False
0x1c2f4f977a0c7f7784736042bb7b26e1724629d8,True,2000,1109,716,393,64.6,2.6,35640.67,3,1780674507480,1788781030792,93.8,-8017.44,0.225,0.0,0,0.0,,False,True,False
0x1c4e90fc8bdade442aed58f8011db5a17a2e7199,True,2000,995,247,748,24.8,0.36,-13531.72,5,1788369853753,1788740812676,4.3,-3654.38,0.27,129843.914529,1,4942.67,3.8,False,False,False
0x1c737ee18b29b3d209be6d2df68c275739756fbd,True,440,251,154,97,61.4,0.97,-497.83,1,1783689599673,1787151584836,40.1,1621.87,3.258,0.0,0,0.0,,False,True,False
0x1c81fb7100276aef766092e16cfcf61097e97a5d,True,2000,1157,287,870,24.8,0.2,-219713.03,2,1775227664522,1775592197366,4.2,-26623.85,0.121,0.0,0,0.0,,False,False,False
0x1c99bd7bf98a2d114631dfdd18c7b10afbb4475f,True,1302,618,558,60,90.3,0.34,-85291.28,11,1762244931665,1788794742904,307.3,-33602.99,0.394,53412.695746,3,-27599.13,-51.7,True,False,False
0x1ca3e734da9aabc6eee7248fd21f84c31ec2001c,True,2000,976,351,625,36.0,0.53,-55859.19,6,1763755521994,1786047423361,258.0,-10339.4,0.185,0.0,0,0.0,,False,False,False
0x1cb432f80416f07db4420b8c20447924a0658894,True,230,113,109,4,96.5,425.73,16428.14,6,1753470617879,1784538877968,359.6,617.52,0.038,0.0,0,0.0,,False,False,False
0x1cd295469b3f0c09710049dbb05502c94678b4a8,True,2000,1002,743,259,74.2,0.84,-1946.02,2,1784815090147,1788526611024,43.0,-880.81,0.453,0.0,0,0.0,,False,True,False
0x1ce2304369d957fc1f0dd32c983f445e449f4c7a,True,1476,614,263,351,42.8,1.08,3231.27,25,1733006681244,1775968752743,497.2,-2230.07,0.69,0.871251,0,0.0,0.0,False,False,False
0x1cf4145ef50a870fc6b0fbb7bcba6e264eda8ac5,True,694,372,324,48,87.1,21.37,35273.96,10,1780815304556,1788755334377,91.9,7983.09,0.226,20402.272456,3,372.95,1.8,False,False,False
0x1d030de9290c328790a07eb06393e28e2f6d715d,True,2000,933,575,358,61.6,0.45,-42051.04,29,1772524903892,1788744779761,187.7,-6114.87,0.145,0.0,0,0.0,,False,True,False
0x1d1a8caf0e16e9eecca34961e7f9f817d3b1b568,True,2000,1035,778,257,75.2,2.53,30484.89,35,1784966626974,1788796530041,44.3,-5278.38,0.173,29557.232972,6,-5018.02,-17.0,True,True,False
0x1d3254c006cb2b41ebe52443e46ac0ea75c586b4,True,2000,932,447,485,48.0,0.77,-2685.24,34,1787403098932,1788465138354,12.3,-1637.88,0.61,0.0,0,0.0,,False,True,False
0x1d3e2b1734853c99592e7e2279bd904c913ebc52,True,1736,917,629,288,68.6,1.59,14477.01,4,1766431865177,1776347761868,114.8,3720.0,0.257,0.0,0,0.0,,False,False,False
0x1d583a4fd8e591d84067b67ed8f88bbfcaf6cc79,True,1468,690,246,444,35.7,0.23,-25052.07,3,1782315590316,1783769927228,16.8,-2046.58,0.082,0.0,0,0.0,,False,False,False
0x1d6b8850a8986782e5434a11813ae535219abbff,True,411,219,131,88,59.8,2.37,7872.9,5,1769093628309,1788793299365,228.0,1721.06,0.219,0.0,0,0.0,,False,True,False
0x1d8e26ae2fbec913dd0befa40e7085294499fe46,True,360,138,36,102,26.1,1.54,930.03,7,1781280048890,1782122591362,9.8,447.32,0.481,0.0,0,0.0,,False,True,False
0x1d9f186d5feaf84b7fe22d42f83ee465f0709cc8,True,2000,788,285,503,36.2,0.48,-12696.36,35,1766771233690,1787928753166,244.9,-3424.98,0.27,0.0,0,0.0,,False,True,False
0x1db9e4dc3a45e443125390c78bd16035e0af4707,True,2000,846,548,298,64.8,0.53,-9537.3,3,1781351626410,1787470580710,70.8,-989.11,0.104,0.0,0,0.0,,False,False,False
0x1dd42abe19424cb6335250c7737c1a48e09fa4da,True,2000,1112,612,500,55.0,0.16,-502107.5,4,1762099574410,1782768649989,239.2,-40451.26,0.081,0.0,0,0.0,,False,True,False
0x1deaaefa9cc4d489734ac9ba134c9f026ec382f1,True,2000,966,293,673,30.3,0.15,-78586.11,10,1775779806655,1777509891567,20.0,-3486.76,0.044,0.0,0,0.0,,False,False,False
0x1e048cc2458b088b1e2640c8869383237cf70fd7,True,2000,866,295,571,34.1,0.32,-23221.16,16,1782734468983,1784533891137,20.8,-4085.9,0.176,0.0,0,0.0,,False,True,False
0x1e1e5046b07be9a2d0f5223a723bf49e23b5ef73,True,2000,1754,822,932,46.9,0.72,-38719.4,26,1759526512067,1788768108664,338.4,-41963.55,1.084,19174.244188,5,-509.75,-2.7,False,True,False
0x1e3001537d0c6799e59245597c541127bac57120,True,2000,1039,555,484,53.4,1.17,1487.52,1,1788525119293,1788803192212,3.2,278.07,0.187,15352.041604,1,1.3,0.0,False,True,False
0x1e4d5cf35941a7002fff6225efce1bb1fd8b50d0,True,247,107,71,36,66.4,0.41,-5227.1,9,1762602507912,1788787966090,303.1,-2163.44,0.414,4407.000374,1,-89.82,-2.0,False,True,False
0x1e62faa7c17e226b2b15473d64adb68c71f94cf4,True,2000,960,150,810,15.6,0.02,-363079.83,9,1777931985427,1783888535472,68.9,-19524.74,0.054,0.0,0,0.0,,False,True,False
0x1e77792547558d9a335021b2a2b737add295d8f1,True,82,0,0,0,,,0.0,2,1778476001331,1778677425283,2.3,0.0,,0.0,0,0.0,,False,False,False
0x1e898b6e131ca1a7b2c34dc46573db4d39e58219,True,2000,334,190,144,56.9,1.37,826.12,27,1773835350705,1787198555631,154.7,446.31,0.54,0.0,0,0.0,,False,False,False
0x1e96db11af69cc2792a692a5b7bdad2f6afabc49,True,2000,1005,496,509,49.4,0.88,-4465.98,26,1780497122947,1787270400024,78.4,-5092.58,1.14,0.0,0,0.0,,False,False,False
0x1eadb64d1c98a9edd23f59c94df6aa38ac787754,True,100,59,47,12,79.7,0.38,-39762.95,2,1771579800122,1787908156682,189.0,-19812.58,0.498,21542.364868,1,-172.58,-0.8,False,True,False
0x1ebfa830cecf15b8b3b3832c0a2f997386c0c1a7,True,2000,380,196,184,51.6,0.71,-1169.76,44,1756669805042,1787571426256,357.7,-1077.07,0.921,0.0,0,0.0,,False,True,False
0x1ed0b1337a08e4c79a45b31130a19b9f8369411a,True,2000,761,361,400,47.4,0.6,-13597.49,7,1753060074659,1778686717147,296.6,-2040.98,0.15,0.0,0,0.0,,False,False,False
0x1ee544d31bcde6c7472e26d0ea4b904d5d1d7b15,True,2000,956,376,580,39.3,0.27,-97624.87,3,1777860024665,1780051541182,25.4,-7701.4,0.079,0.0,0,0.0,,False,True,False
0x1ef66e99000ba321ef5fd78d3e08e40fdc436bab,True,1821,976,515,461,52.8,0.97,-675.64,12,1752248473114,1775637095732,270.7,-2313.26,3.424,0.0,0,0.0,,False,True,False
0x1f07e7cea7fc163c927cf2e9a03798b0e323d00b,True,1715,806,612,194,75.9,0.87,-2287.14,63,1764023250324,1788526805312,283.6,-2666.66,1.166,596.530657,1,-388.27,-65.1,True,True,False
0x1f17057933cbddd134ad5aba4e42803eafd303aa,True,2000,1078,450,628,41.7,0.91,-4497.41,25,1753214814867,1788709112863,410.8,12055.65,2.681,886.242775,2,-1895.19,-213.8,True,False,False
0x1f315f18a0dd1353e1fa6b115410fcb490575dbd,True,538,224,132,92,58.9,1.44,3321.74,17,1780555614995,1787379848093,79.0,2082.69,0.627,0.0,0,0.0,,False,True,False
0x1f3f6b707a8ba8bce4c012c44c38bd00caef1306,True,634,414,52,362,12.6,1.21,2958.93,29,1761929428500,1773705600034,136.3,6868.06,2.321,1.0,0,0.0,0.0,False,False,False
0x1f53c0bee870c2e8b28fefd1353edbe6b158a845,True,205,140,138,2,98.6,139.02,55756.06,3,1782440346569,1788527975042,70.5,5198.49,0.093,0.0,0,0.0,,False,True,False
0x1f5db11ea7c9167e747c0492164b4bb6bede116d,True,2000,776,218,558,28.1,0.64,-3193.41,18,1774440896411,1785538288557,128.4,-1005.95,0.315,0.0,0,0.0,,False,False,False
0x1f7071bc2387013f99ea963f298230ce52ce5c8b,True,1334,608,359,249,59.0,0.45,-9258.91,73,1747475307372,1788796641642,478.3,-4630.27,0.5,1433.195609,5,-36.86,-2.6,False,True,False
0x1f82ef5d1d93cb4cdadacc3870465b0175bad1c8,True,676,290,203,87,70.0,2.0,22817.6,4,1765478840083,1788368950502,264.9,-6321.75,0.277,29189.0,0,0.0,0.0,False,True,False
0x1f9baab3b717aa33ca085d1d99ac75c9c9207f12,True,2000,1075,706,369,65.7,0.83,-14622.77,1,1782232142089,1788094603752,67.9,-3897.85,0.267,0.0,0,0.0,,False,True,False
0x1fc11b4fd636e2968d7b363dd88a4fc5923f8800,True,102,33,26,7,78.8,1.26,409.76,2,1773114515481,1774661358352,17.9,-1098.28,2.68,1e-06,0,0.0,0.0,False,False,False
0x1fd15afd03d6b970b2bd6f6a18c6e2f7cff8e125,True,2000,948,432,516,45.6,0.64,-22860.28,61,1735608661737,1787811230523,604.2,4032.16,0.176,0.0,0,0.0,,False,True,True
0x1fdf397dd1e6596ced2f8e630ce222cba9e5ee1f,True,2000,1000,692,308,69.2,1.09,649.81,23,1765712275709,1788794194375,267.2,-499.67,0.769,3073.896446,3,109.04,3.5,False,True,False
0x1fee9d4e17538aa7e53a1260f56bdebcfe2f086c,True,1651,893,411,482,46.0,1.0,4.67,3,1779139721464,1788759733697,111.3,-2480.01,531.526,1975.863,0,0.0,0.0,False,True,False
0x200a5f16c54a28ac351572a70204d4fd77e2563b,True,2000,1048,377,671,36.0,1.07,941.89,23,1775601173321,1780675656703,58.7,-774.11,0.822,0.0,0,0.0,,False,True,False
0x201680ed70ee42d67349dd25856baa5de382a215,True,1891,876,408,468,46.6,0.82,-6686.31,6,1762545988831,1784315416163,252.0,2652.95,0.397,0.0,0,0.0,,False,False,False
0x202c47f7c66e5d678db3e051deabc25478863022,True,2000,934,793,141,84.9,1.13,2939.15,11,1784805911895,1788534630658,43.2,-4188.83,1.425,11375.086768,1,-82.5,-0.7,False,False,False
0x204be15477f0652308d394bf04464e0eebcf83cc,True,2000,913,575,338,63.0,0.76,-6064.85,32,1775591399938,1785360118560,113.1,-1789.32,0.295,0.0,0,0.0,,False,True,False
0x2057d4f2b6ea957b63371980775b0a5505a438f0,True,2000,1035,592,443,57.2,6.94,511066.72,8,1780675542479,1788697670664,92.8,16148.97,0.032,104884.676709,1,300515.93,286.5,False,True,False
0x20708936b4189d8b017a2b567a104f71c915fff9,True,2000,972,448,524,46.1,0.81,-1263.59,13,1762502043191,1788784944904,304.2,-456.03,0.361,0.0,0,0.0,,False,True,False
0x208e6c516ad70b394ba3578d4f7a2c61eda1c907,True,2000,1039,317,722,30.5,0.67,-9355.01,8,1748445062692,1782868365632,398.4,7084.24,0.757,1669.604305,2,959.72,57.5,False,True,True
0x20a9f96b4daf6e6897a15abcef6d1853d00e8f43,True,2000,1050,704,346,67.0,1.16,6892.17,41,1733914968623,1777205202466,501.0,3227.44,0.468,0.0,0,0.0,,False,True,False
0x20bace83ed70b2ae4fc8f85b46eb8f9dc450bf0a,True,150,65,36,29,55.4,1.15,185.17,9,1762379104745,1787367899524,289.2,441.14,2.382,0.0,0,0.0,,False,True,False
0x20dd1996956c25df4ee6cb8728b9e78cc74c5150,True,2000,976,766,210,78.5,1.48,21097.73,14,1781531960260,1788785720172,84.0,-5983.47,0.284,3870.048642,2,-1856.45,-48.0,True,True,False
0x210036622d0958c8053c50ea022af6cbf3da9a39,True,2000,987,879,108,89.1,1.85,9444.31,5,1779494279370,1781204079199,19.8,-4120.14,0.436,0.0,0,0.0,,False,False,False
0x211b221752f592aa807355786b59202f5d630e40,True,2000,1154,644,510,55.8,8.77,932.19,4,1788770996065,1788803546924,0.4,26.27,0.028,14519.425334,0,0.0,0.0,False,False,False
0x212ed0ceb294a6918b427253bd87af0b8947fbb2,True,640,294,127,167,43.2,0.38,-1248.52,7,1784212488952,1785098566717,10.3,-217.48,0.174,0.0,0,0.0,,False,False,False
0x214a439a6c52259117ac3598bebe62d0c2efa813,True,1898,830,462,368,55.7,0.68,-10859.5,4,1756808793348,1787268385453,352.5,-3942.65,0.363,0.0,0,0.0,,False,True,False
0x215fedd5780c39fbdadb4bc3700de61a8ffdd74a,True,2000,1248,1054,194,84.5,0.79,-7661.17,10,1784512353375,1788580355589,47.1,-7445.62,0.972,0.0,0,0.0,,False,True,False
0x2179368d780953870da099744e43cd7a17349936,True,2000,1236,632,604,51.1,2.82,9795.45,16,1787299827202,1788798702112,17.3,1948.96,0.199,1285.416969,3,11.85,0.9,False,True,False
0x21927199c9d1eb5a6144d7f5b4c273c5f5a64146,True,2000,384,307,77,79.9,0.82,-1788.16,13,1768584548142,1788624899274,231.9,-1815.98,1.016,18794.479999,3,29147.53,155.1,False,True,False
0x21ae49c55c7542b5a2ed20e766d5d01114dda356,True,2000,775,569,206,73.4,1.82,8664.84,21,1779363604996,1788554554349,106.4,983.56,0.114,21395.159645,2,-3293.22,-15.4,True,True,False
0x21d8e3a3c057201ca86457d597a6e9203f845c68,True,554,269,204,65,75.8,0.3,-7151.48,7,1787506960544,1788794740022,14.9,-831.48,0.116,10.238505,1,-0.3,-2.9,False,True,False
0x21f2258cda1cd41ddcfc04c19721597f3b0379b7,True,2000,909,387,522,42.6,0.6,-29343.86,22,1779690554461,1787347432577,88.6,-11732.75,0.4,18507.404626,3,23478.7,126.9,False,False,False
0x221421411f3b209bbae7e1845e51b3e4ecfde190,True,1294,512,333,179,65.0,0.53,-23443.34,14,1754884980432,1788802285559,392.6,-21566.9,0.92,2066.732301,1,82.0,4.0,False,True,False
0x223a6782918a8c7a26d5d0f0d14922c70ba5f133,True,2000,942,339,603,36.0,0.62,-13835.0,1,1785163029476,1788471012357,38.3,-2220.11,0.16,0.0,0,0.0,,False,True,False
0x2257f5960ddc92d10c4d24feef940e5dbdb442ca,True,2000,1231,586,645,47.6,1.42,2768.29,22,1760138371404,1779099478731,219.5,571.71,0.207,0.0,0,0.0,,False,True,False
0x2271939e120bd097cd865b4ca11bb28a6fad1337,True,2000,1172,654,518,55.8,0.53,-34169.2,41,1767777909164,1788635323706,241.4,-6420.35,0.188,0.0,0,0.0,,False,True,False
0x229a0a49e13610d0f59b994d5155a01f5b0231b9,True,1167,516,189,327,36.6,0.51,-13805.42,28,1762033021152,1788745673296,309.2,-3814.75,0.276,27028.244686,0,0.0,0.0,False,True,False
0x22ab995aa3030fa8cf3b24b3b92e87b507a19adb,True,2000,1087,189,898,17.4,2.24,4173.51,15,1765898820404,1778762060995,148.9,555.53,0.133,3.5e-05,0,0.0,0.0,False,True,False
0x22c0259870aac800347d8e20870b9ecf40665959,True,2000,987,494,493,50.1,1.18,92.21,1,1787665574349,1788802471712,13.2,-5.56,0.06,1253.247586,1,21.65,1.7,False,True,False
0x22f4f58e58c76f2aeacf58ddeb431c8c7c902249,True,534,246,208,38,84.6,2.67,6457.01,12,1753024635207,1788351000534,408.9,-1063.03,0.165,1209.23163,1,-477.61,-39.5,True,True,False
0x2301fc0fe058e8b3955f24aad670c33a69d90e20,True,1112,543,543,0,100.0,inf,93972.27,1,1777001361443,1777232557921,2.7,4178.89,0.044,0.0,0,0.0,,False,False,False
0x230c98a08d36fb515d44e178e4e1cde2820ccbd5,True,2000,1032,440,592,42.6,1.03,104.73,38,1780618618139,1788609721161,92.5,144.69,1.382,40.258812,0,0.0,0.0,False,True,False
0x231ea1fe455ae296fb311fac57edc56bf2c52596,True,420,141,83,58,58.9,3.56,4354.33,5,1772721244793,1787961600069,176.4,723.9,0.166,0.0,0,0.0,,False,False,False
0x233d8ec55cb4d87f6f1a09939f7cfbcfe5e8b3a7,True,2000,972,552,420,56.8,0.64,-40467.05,31,1757745240033,1787275985140,341.8,-43280.53,1.07,98689.265627,1,-16320.1,-16.5,True,True,False
0x2373aacf6737fb2344e17175b9c0e1f20c78d9f7,True,2000,1053,775,278,73.6,1.13,21286.53,12,1770758981696,1778690371284,91.8,-21354.0,1.003,0.0,0,0.0,,False,True,False
0x2381d7493caf0d4954ca1f2e71b640bcf5458f26,True,1450,619,313,306,50.6,1.25,2550.72,13,1753135099068,1788071095422,404.4,-1493.04,0.585,0.0,0,0.0,,False,True,False
0x239f1ba2dc337485f691e326fca45f8f11f7900a,True,569,277,175,102,63.2,0.31,-93926.28,6,1771451960321,1787243457377,182.8,-13396.39,0.143,1.4e-05,0,0.0,0.0,False,False,False
0x23c2f938160a5cab7baba43af3a1be49a5468c18,True,2000,469,181,288,38.6,0.59,-832.6,6,1784508745386,1786473659186,22.7,-127.14,0.153,0.0,0,0.0,,False,False,False
0x23e398ab5b467d2f41f61f195ac178c6681b3158,True,2000,893,323,570,36.2,3.83,126535.94,9,1783916492552,1788461832711,52.6,13865.58,0.11,0.0,0,0.0,,False,True,False
0x23ed6503b3aea86192fe65f245a04fca5ad34277,True,1151,707,359,348,50.8,1.1,3095.9,10,1772594996682,1776643200062,46.9,2883.6,0.931,0.0,0,0.0,,False,True,False
0x2402350e9844204690bbc5a889ad56872868f465,True,2000,1029,422,607,41.0,0.35,-142954.15,19,1754827273713,1787103209736,373.6,-41761.33,0.292,0.0,0,0.0,,False,True,False
0x241066637dea18ef8fdcb1af0a920daa93c3bec0,True,2000,886,792,94,89.4,1.04,965.11,16,1777585932045,1788681411242,128.4,-6999.06,7.252,0.0,0,0.0,,False,True,False
0x24246bb3cf79ebd26ab10194ec3694203ad3c891,True,923,401,127,274,31.7,4.25,251084.02,22,1746015477207,1787585587790,481.1,280884.47,1.119,32712.626543,3,15589.35,47.7,False,True,True
0x24375293c5f2b61815730452e8709dc194631870,True,2000,1999,1999,0,100.0,inf,477895.61,2,1785106143299,1786147200060,12.0,54142.26,0.113,0.0,0,0.0,,False,True,False
0x244989fb87ded2e3386049ae32559c23420da4ba,True,19,12,6,6,50.0,11.5,1018.24,1,1780612235709,1782308007965,19.6,547.74,0.538,0.0,0,0.0,,False,False,False
0x245ff3f11022a9d82f84af2b21aee4363baaf58d,True,2000,964,626,338,64.9,0.67,-21732.18,17,1766619883505,1788793433425,256.6,-3045.81,0.14,49378.980108,5,-12841.25,-26.0,True,True,False
0x2479c20022e345dda7bb5012ceb886041e1c09ed,True,1056,482,260,222,53.9,1.16,1409.6,19,1769705802516,1788794545812,220.9,893.94,0.634,3918.524046,2,924.66,23.6,False,True,False
0x248e5a7cab6745f90a91ec90c6488adee92ac518,True,1054,531,367,164,69.1,0.54,-36936.89,7,1734210632013,1780816975064,539.4,-10543.45,0.285,0.0,0,0.0,,False,True,False
0x249bdb4d7d7f9b22869605a5a0ecf4696a6e4888,True,2000,1035,467,568,45.1,0.97,-1924.34,19,1779270698521,1788393600075,105.6,11833.63,6.149,0.0,0,0.0,,False,False,False
0x24b64ce6c959f11be609a31864b9eea11e341524,True,444,235,70,165,29.8,2.22,17730.73,3,1775600170143,1778164366639,29.7,5362.44,0.302,0.0,0,0.0,,False,False,False
0x24c8d5288c5e835a6905a5594026bf0dbd449af7,True,2000,1020,277,743,27.2,0.56,-8000.73,7,1764178927233,1788796849043,284.9,761.44,0.095,553.766038,1,73.53,13.3,False,True,False
0x24de98abe308acd08d0199415d51795f9f9c6fd2,True,2000,900,806,94,89.6,51.37,45917.57,1,1775599489062,1787798952875,141.2,10060.64,0.219,86322.098142,1,16288.65,18.9,False,True,False
0x25023aa04db9221643252129314530d3b4eed588,True,186,153,83,70,54.2,2.12,2271.14,9,1780114380007,1788181593224,93.4,906.91,0.399,116368.593688,7,88272.17,75.9,False,False,False
0x25184873ff3a97fe6c3c08dbd0f3b8dfb2c60e78,True,1147,540,113,427,20.9,0.53,-10535.91,7,1769913782169,1788738709919,217.9,-1880.62,0.178,6132.843864,1,1104.93,18.0,False,True,False
0x2528e2bac7eb29209b9aa75f8eb57a639c0a7bec,True,1660,809,352,457,43.5,1.31,1207.69,27,1773069362415,1788525464032,178.9,265.86,0.22,0.0,0,0.0,,False,True,False
0x253b1050874105bd600b1e22a5d1b55393adacf8,True,2000,1045,697,348,66.7,2.32,14325.2,33,1779557388667,1788801128551,107.0,1596.47,0.111,25070.935341,2,828.73,3.3,False,True,False
0x25554a80781ee62414c3747e81c3f50157c634b1,True,2000,1165,932,233,80.0,4.71,98804.75,48,1781475909743,1788792771965,84.7,-6298.92,0.064,331091.287127,17,-28933.83,-8.7,True,True,False
0x256cd1111a8402a5f4a31a30c720ccb239740589,True,2000,912,573,339,62.8,0.67,-7701.08,9,1785302958174,1788791964861,40.4,-1788.13,0.232,0.0,0,0.0,,False,False,False
0x257f7f76a19220a136533f231081ade794d005f1,True,1146,602,231,371,38.4,1.14,1217.01,9,1784672437572,1787996060213,38.5,2477.4,2.036,0.0,0,0.0,,False,True,False
0x25983e2d36bbc0bc755a1cac678c24aae68dd0d0,True,2000,1136,402,734,35.4,0.57,-9701.08,28,1777727534582,1778264007454,6.2,-2207.83,0.228,0.0,0,0.0,,False,False,False
0x25aacf87bfa0ca813110cfafc089e6590128bc57,True,2000,471,223,248,47.3,0.65,-2162.06,1,1782401102153,1788463317497,70.2,-431.16,0.199,0.0,0,0.0,,False,True,False
0x25bee6f3f1b9f05980bcf2ead118a747ae35184a,True,2000,983,533,450,54.2,0.53,-13145.02,18,1767973436800,1788799293877,241.0,-4012.51,0.305,7854.38344,4,2331.61,29.7,False,False,False
0x25c9e832586fc1b4fe14fe8a8667fe7f68220c42,True,2000,986,335,651,34.0,0.76,-1313.67,3,1787957081157,1788801296395,9.8,370.51,0.282,1125.449623,1,0.07,0.0,False,False,False
0x25d6fb1770837447e5a01f297785f51b862de39e,True,2000,1063,513,550,48.3,0.68,-3.18,1,1786273299740,1788780405233,29.0,-0.26,0.082,0.0,0,0.0,,False,False,False
0x25f32280a66e4306d2ed5074be0f3828d6456157,True,2000,776,418,358,53.9,1.44,964.93,6,1784179548046,1784776299622,6.9,142.8,0.148,0.0,0,0.0,,False,False,False
0x2604fe9dcc6b2df2c68ad45380bd6f908d412436,True,2000,1096,737,359,67.2,4.21,28823.75,8,1781275742701,1787862990965,76.2,3703.95,0.129,2174.193332,0,0.0,0.0,False,True,False
0x26211273936ae297cf270c3c62a9c5568b46583e,True,1558,724,197,527,27.2,0.99,-59.75,9,1787284452719,1787576915858,3.4,1889.65,31.625,0.0,0,0.0,,False,True,False
0x2640cff4c41e1073051048db9338da5c0a7ca826,True,2000,300,224,76,74.7,0.78,-11591.35,12,1777969824213,1787148686107,106.2,8219.1,0.709,0.0,0,0.0,,False,True,False
0x2654b8ed7c2ce56ddb1905be4cf6f69122527707,True,2000,883,317,566,35.9,0.61,-26267.36,4,1777639037888,1781876098744,49.0,-4601.95,0.175,0.0,0,0.0,,False,True,False
0x26695262bdeebd5b9ebced4813ab2d5bd4865d73,True,2000,1000,491,509,49.1,1.09,1954.33,3,1782480810139,1782823856577,4.0,3079.17,1.576,0.0,0,0.0,,False,False,False
0x2673ab18a84be0977ea9a7a1d810e90f8cca6f55,True,918,449,106,343,23.6,0.79,-69.32,47,1774332353854,1788796845802,167.4,9.37,0.135,452.319025,6,3.96,0.9,False,False,False
0x268f0734b894dd6bd1ed32dc1f8d5bcf92c72acf,True,690,306,190,116,62.1,7.29,78015.95,12,1744498384479,1780953046591,421.9,19074.74,0.244,0.0,0,0.0,,False,True,True
0x26a23598f914d7edb9afb0fcab27cf6735648bc2,True,2000,1047,598,449,57.1,1.09,4746.29,14,1780009593079,1788739628806,101.0,-5404.76,1.139,82250.529841,2,24076.77,29.3,False,True,False
0x26ae1334a767a6be81b66508cdf2bbca61bb8025,True,2000,1012,339,673,33.5,0.18,-5956.37,7,1783450932367,1784537124842,12.6,-205.29,0.034,0.0,0,0.0,,False,False,False
0x26e038b10744533735069432fc0367bda8003b56,True,2000,1152,1010,142,87.7,3.51,16027.34,15,1768489893714,1788739497318,234.4,-660.44,0.041,0.0,0,0.0,,False,True,False
0x26ff915cd4cee8e5ba03145f85f693d2c55a3eaf,True,134,61,13,48,21.3,0.77,-7.43,2,1785713060449,1788053425393,27.1,-9.93,1.336,83044.444444,0,0.0,0.0,False,False,False
0x2718f952a15702336c31baa335f907edc0ed2fb0,True,2000,728,337,391,46.3,0.91,-8384.09,14,1781801133919,1788693429023,79.8,12313.06,1.469,19723.732331,2,28948.54,146.8,False,True,False
0x272afdbb5620a9b3e6516887977690b149ea8400,True,2000,1014,360,654,35.5,1.13,3648.54,9,1751238874358,1786041252311,402.8,3079.39,0.844,0.0,0,0.0,,False,True,False
0x274b81bb9799c79aaf9d5cf6d5ed28479370779d,True,1329,851,688,163,80.8,1.09,4083.43,4,1785095039879,1787151945716,23.8,2869.61,0.703,0.0,0,0.0,,False,True,False
0x27639b4f05cfe7abab6a0d71df8c39d06b2f835c,True,202,94,44,50,46.8,1.7,5991.46,46,1701196534196,1787583695254,999.9,-2666.99,0.445,0.0,0,0.0,,False,False,False
0x2781335247f1e8522bbdff12d2a30f918b83ab61,True,2000,1603,0,1603,0.0,0.0,-251827.11,5,1782730830403,1785923872978,37.0,-8765.93,0.035,0.0,0,0.0,,False,True,False
0x27920c50b55639c899f0baf4e12a782cfa6ac280,True,964,401,234,167,58.4,3.15,28589.51,21,1759807562383,1787660034190,322.4,4591.99,0.161,0.0,0,0.0,,False,True,True
0x27a3144d9d1acdec3b6bcef17693f7bdbc3d044b,True,2000,1004,335,669,33.4,0.21,-28194.08,9,1785219337548,1788526187140,38.3,-2617.35,0.093,0.0,0,0.0,,False,False,False
0x27afcfb5afdaf311b7939de52630d7cb5388a4f6,True,2000,985,490,495,49.7,0.58,-9145.78,5,1782479573298,1788546489134,70.2,-2381.73,0.26,0.0,0,0.0,,False,True,False
0x27c5fdef9a082abd0711c611dbde9d7db9611aae,True,2000,990,561,429,56.7,2.12,41503.69,12,1781605248154,1788766815150,82.9,2795.68,0.067,175761.105294,5,12959.0,7.4,False,True,False
0x27d9da27b3eaae6a659d486524171cb028e0e552,True,2000,927,701,226,75.6,0.78,-3794.44,9,1782269894492,1788759773890,75.1,-2307.89,0.608,0.0,0,0.0,,False,True,False
0x27e7953d143e52735c95e683e994076f00d5e20d,True,2000,1070,257,813,24.0,0.16,-299199.34,2,1779389322223,1779734756497,4.0,-24583.95,0.082,0.0,0,0.0,,False,True,False
0x27f42e7aa2f4e8bd758c10db4bf0e7dcd23564cc,True,1962,930,382,548,41.1,1.01,33.88,56,1707345235911,1788479267690,939.1,679.42,20.052,0.0,0,0.0,,False,True,False
0x2801976b650eed8258a9c136d6a710680e215383,True,2000,1598,598,1000,37.4,0.46,-49199.0,20,1767772735358,1788542940843,240.4,-5985.18,0.122,0.0,0,0.0,,False,True,False
0x2814e4612802066a76a99e8afbcdf1ec44039b08,True,2000,976,640,336,65.6,0.55,-42893.97,4,1788483548470,1788803790982,3.7,-10924.68,0.255,6200.745299,1,41.11,0.7,False,True,False
0x2831269a3eb964c4dcd574d2be3bfa0553b61ac5,True,798,346,218,128,63.0,0.35,-3929.91,28,1731319411509,1788507537326,661.9,-3138.67,0.799,0.0,0,0.0,,False,True,False
0x2845382371c28abc5cd26f5585e6560284bc8dc4,True,2000,984,415,569,42.2,0.68,-801.86,33,1785423517752,1788747438711,38.5,-169.76,0.212,16.432553,1,2.23,13.6,False,True,False
0x285a9a07e77fe9f5e9296794eef07c2ddcf90935,True,538,274,114,160,41.6,1.62,13307.74,2,1780809491596,1786380990780,64.5,5262.45,0.395,0.0,0,0.0,,False,True,False
0x2876ccd037884d02e3f9fcdbd02561dd39a04c08,True,2000,1113,748,365,67.2,0.94,-1467.17,3,1784326177167,1786437573413,24.4,-2735.55,1.865,0.0,0,0.0,,False,False,False
0x288ed4efc8fbd1e42a06fe083ea942d20c90b336,True,2000,1781,612,1169,34.4,2.7,168253.36,5,1788447664515,1788795715879,4.0,9709.33,0.058,847057.590835,5,33284.81,3.9,False,True,False
0x28a2043f661f41653cce8d7a13ad9097d70a7468,True,2000,998,458,540,45.9,0.79,-8676.56,19,1764576562645,1785306593006,239.9,-2610.05,0.301,0.0,0,0.0,,False,True,False
0x28b9d4ec934f8b15572d3da089a59bd3dda74380,True,2000,945,381,564,40.3,0.49,-15071.43,17,1764782580795,1775605815535,125.3,-5545.75,0.368,0.0,0,0.0,,False,True,False
0x28cf608c83d655707f232bab0542573c2e43a446,True,1842,879,469,410,53.4,0.76,-3616.83,25,1775822445185,1788541197537,147.2,-1405.92,0.389,0.0,0,0.0,,False,True,False
0x28e8e86277fa1001f7c8e1254f56c9188697bb19,True,2000,1167,587,580,50.3,0.73,-5226.24,22,1777301878449,1788411824663,128.6,-3835.16,0.734,0.0,0,0.0,,False,False,False
0x28f7f0f9523dcff0ee45b5d8f5ef948ebce85e6c,True,2000,959,407,552,42.4,1.09,2329.76,1,1764353675573,1776837154913,144.5,1623.48,0.697,0.0,0,0.0,,False,False,False
0x291593433b05486c45f0db3966311abfb0df4ac3,True,2000,932,202,730,21.7,1.04,394.18,9,1764687249427,1775867421028,129.4,905.51,2.297,0.0,0,0.0,,False,True,False
0x29289b13a355206b5626d04015cba51749ecdcd3,True,1334,640,165,475,25.8,0.66,-7180.31,3,1781977035437,1782944484513,11.2,-2021.77,0.282,0.0,0,0.0,,False,True,False
0x293b0e214c978cf823ee83488d4e80dd013da34b,True,2000,1034,360,674,34.8,0.79,-4566.1,5,1771105001496,1787747033659,192.6,-1036.0,0.227,0.0,0,0.0,,False,True,False
0x2951b1f7058bd2c05f01954002c450bac0873847,True,2000,982,520,462,53.0,3.97,279.15,16,1785427157488,1788762509179,38.6,78.55,0.281,788.337419,4,11.97,1.5,False,True,False
0x296d65ceb2ff4bc189bd02e0709a37cebd69a5da,True,2000,931,517,414,55.5,0.44,-14327.47,19,1788122483934,1788615825586,5.7,-1926.83,0.134,0.0,0,0.0,,False,True,False
0x297b84479d7a6fa254e13ff8af9a39a7b5d4d629,True,476,238,183,55,76.9,2.51,3454.75,4,1758160453182,1777860960616,228.0,1269.07,0.367,0.007922,0,0.0,0.0,False,False,False
0x298d7a88e29241465086967fc5265fe5c875b175,True,2000,890,621,269,69.8,9.71,113431.37,1,1780822351047,1787217138006,74.0,6657.3,0.059,123641.024597,1,-162119.7,-131.1,True,False,False
0x29a9a6fd105e41553351630fbc67feb1fa8e4c2d,True,2000,1249,654,595,52.4,0.79,-117.29,66,1787284801383,1787378184650,1.1,33.17,0.283,0.0,0,0.0,,False,True,False
0x29bc1e1b456235925cf70b3d86f811b8bf8eb7d9,True,2000,1021,569,452,55.7,0.73,-7915.35,4,1775184588101,1775596242650,4.8,2668.05,0.337,0.0,0,0.0,,False,True,False
0x29d2b45163361cf490d7f1263fb033e1f19191ed,True,1076,555,415,140,74.8,2.36,17185.99,6,1770403280832,1788795231958,212.9,2307.05,0.134,23203.749918,1,-3011.28,-13.0,True,True,False
0x29ee18471625824a5f83ac199d0a52579929f0ab,True,2000,726,160,566,22.0,1.03,538.14,7,1779377152303,1788791946005,109.0,3117.01,5.792,935.32089,1,13.36,1.4,False,True,False
0x2a0725e17fcb59adb244050d5e9da2d9a6cbcbfb,True,1904,893,586,307,65.6,1.08,6623.82,7,1761035949330,1788525929281,318.2,26435.0,3.991,0.0,0,0.0,,False,True,False
0x2a1b72ef9269d7374eac454b4241b06de65557b9,True,2000,996,424,572,42.6,0.78,-6616.35,12,1787434856567,1788788498907,15.7,1489.0,0.225,17092.912152,1,1988.62,11.6,False,True,False
0x2a29762f188eacd2217313a62642b1fb24d14d9c,True,2000,966,697,269,72.2,12.4,288190.41,17,1773410733889,1786460438404,151.0,21317.34,0.074,0.645715,1,0.49,76.2,False,True,False
0x2a3e057411c685cbbfa98dddec758da6d4096f6e,True,2000,1069,848,221,79.3,0.69,-19826.06,28,1780537160009,1785898409459,62.1,-7165.24,0.361,0.0,0,0.0,,False,True,False
0x2a535fdf77eb1a91722ab7aeacf27ba85c982f09,True,2000,701,440,261,62.8,0.86,-13539.99,14,1762140155155,1788663678836,307.0,-14841.1,1.096,154933.767807,2,61209.38,39.5,False,True,False
0x2a6e678198519b4b9b851f196f7b6760f92ca927,True,992,534,389,145,72.8,6.56,12624.96,1,1783775540009,1787050955452,37.9,1493.36,0.118,0.0,0,0.0,,False,False,False
0x2a8fb6d5d7a262ac05245f00e27a85cf346b1e91,True,825,386,222,164,57.5,0.91,-435.16,11,1777045627967,1784980577999,91.8,-384.15,0.883,0.0,0,0.0,,False,False,False
0x2aa0e113199d973cd2c98a9dd379bc069f8c4c02,True,2000,964,464,500,48.1,1.11,1318.7,61,1773698582145,1780538527072,79.2,352.24,0.267,0.00318,0,0.0,0.0,False,True,False
0x2ab6fa5339449dd86a774530329f988b45dd8252,True,1157,522,231,291,44.3,0.35,-51100.22,8,1776008472772,1788657709702,146.4,-4660.76,0.091,208762.461043,1,-5051.93,-2.4,False,False,False
0x2ac4880624dae9e823874d65e43bfeba97fc61b5,True,2000,1010,869,141,86.0,4.27,89850.3,27,1782769755909,1788743361664,69.1,11472.8,0.128,251629.342441,13,51458.55,20.5,False,True,False
0x2ad58c22005b119e77b5216446017f9ccaf5873d,True,725,375,222,153,59.2,0.87,-1195.24,11,1786538507743,1787271499618,8.5,-1920.75,1.607,0.0,0,0.0,,False,True,False
0x2af809a52829be6f6d53b9d8b510b4ca162166e2,True,2000,1126,622,504,55.2,1.65,18963.77,28,1779164917690,1788670196053,110.0,-7289.35,0.384,4645.638996,2,16063.13,345.8,False,True,False
0x2b1d855b2d1a4b41da08eb7d3e0dd48ec51f0fb3,True,739,408,155,253,38.0,0.6,-1883.5,21,1777499590215,1788201767126,123.9,-241.98,0.128,0.0,0,0.0,,False,True,False
0x2b2f60524a8bf9a860d14d329ebef88e664b6c0c,True,2000,1073,477,596,44.5,0.6,-25291.1,7,1773415150745,1785958221603,145.2,-3700.29,0.146,0.0,0,0.0,,False,False,False
0x2b4e69874f642c597d6898f4ff1772e5560290dc,True,2000,1166,660,506,56.6,1.24,4421.6,5,1788589530854,1788804284070,2.5,1778.39,0.402,192617.53596,1,3847.27,2.0,False,True,False
0x2b5fe21242c468733a15002b3b8e97e1c83aff28,True,491,199,115,84,57.8,1.73,5085.06,4,1772932178925,1782518400047,111.0,-1252.85,0.246,0.0,0,0.0,,False,False,False
0x2b729a07d074b842197648d873be3f60083f6d5a,True,2000,1004,420,584,41.8,0.92,-138.25,40,1787471686795,1788777490641,15.1,-521.52,3.772,0.0,0,0.0,,False,False,False
0x2b8a029e82be4d0f16fbd3e266b96e2176330401,True,2000,781,209,572,26.8,0.25,-16585.18,7,1777521424246,1788488658623,126.9,-1064.45,0.064,36640.975801,1,4030.0,11.0,False,True,False
0x2ba6d6fd69420ee85bf21f2ac7ab0c6037bef633,True,2000,947,556,391,58.7,1.13,3628.23,40,1760374859659,1788788779684,328.9,-2094.37,0.577,4788.937714,5,-532.71,-11.1,True,True,False
0x2bc0cd3ad5a319f61c362d3166251b3e05713d9c,True,1014,468,269,199,57.5,0.74,-9314.3,58,1698803415299,1782126458577,964.4,-15965.16,1.714,0.0,0,0.0,,False,True,False
0x2bdf0cb47d8c06488022852e9048ef1f7eef9f2a,True,2000,1071,818,253,76.4,1.54,43105.86,24,1785853792506,1788449895835,30.0,17929.8,0.416,0.0,0,0.0,,False,False,False
0x2bec818f997e936fdcd3adce93c63811d568a49a,True,2000,556,370,186,66.5,0.49,-15634.97,10,1769732228046,1777854437766,94.0,-3628.29,0.232,0.0,0,0.0,,False,True,False
0x2bffd70b9b7246967357228688ba28c75f482bc5,True,2000,1230,967,263,78.6,9.87,60630.68,29,1783248816711,1788747461701,63.6,6166.05,0.102,49127.64346,5,6096.54,12.4,False,True,False
0x2c2e5e499a2efa40e977942b6dae1a1fcfc699d0,True,1942,919,671,248,73.0,0.67,-55205.45,6,1783784236928,1788289436969,52.1,21140.0,0.383,0.0,0,0.0,,False,True,False
0x2c4e17fdc2765283841bbe6d945fc66d02c3a6e2,True,2000,1045,299,746,28.6,0.58,-15652.81,1,1779207979525,1780667541425,16.9,-2113.75,0.135,0.0,0,0.0,,False,True,False
0x2c72a1c693a7702728c3be5edafc2b64396b9888,True,2000,1017,961,56,94.5,16.55,12445.38,10,1787858272636,1788706913036,9.8,779.68,0.063,0.0,0,0.0,,False,False,False
0x2c8881988fc475354dfa952bdd4a8946e83c33bb,True,2000,1045,298,747,28.5,0.76,-2747.43,12,1746716177104,1788450841031,483.0,-375.05,0.137,5457.659032,1,-50.4,-0.9,False,False,False
0x2c9fafc23d833fa8bee58a98ac7ca5b128397255,True,2000,1371,682,689,49.7,0.99,-1.77,3,1788339990229,1788796596341,5.3,-21.99,12.404,10279.793539,2,73.42,0.7,False,False,False
0x2caebd27904267a43d08d0b0f1958b356b8444dd,True,247,175,121,54,69.1,3.87,7912.07,6,1764621764339,1787184000002,261.1,1995.99,0.252,0.0,0,0.0,,False,False,False
0x2cbd5aa089200732023d0e992df7d2726e2f3d9a,True,2000,1072,614,458,57.3,5.19,72607.6,1,1780881804096,1788663769578,90.1,11104.23,0.153,59497.258282,1,-12694.93,-21.3,True,False,False
0x2cd9f4645b14bf968212c7c108213eaeb193946e,True,2000,1049,609,440,58.1,1.55,5053.42,8,1762448245927,1788346411110,299.7,-1706.05,0.338,23760.717148,1,2047.29,8.6,False,True,False
0x2ce9ae3b42a46741554e5466ef26ffc433400604,True,2000,942,473,469,50.2,1.88,16694.26,22,1781893527824,1788739200041,79.2,2614.54,0.157,0.0,0,0.0,,False,False,False
0x2cfbc1bc2b797bcb5179cf338db9049c34370d31,True,1584,760,140,620,18.4,0.33,-27058.39,18,1754121344085,1787626913082,387.8,-2091.2,0.077,0.0,0,0.0,,False,False,False
0x2d110dd978b146625790ae2c6353451bb7bbd065,True,2000,875,484,391,55.3,0.82,-15776.64,5,1741959718926,1787631579079,528.6,-9150.84,0.58,0.0,0,0.0,,False,True,False
0x2d20dba9ee5a2fea4f10ffb732e16a9171df8879,True,2000,838,550,288,65.6,0.34,-7448.7,6,1775741572530,1788800733070,151.1,-3725.06,0.5,43.073923,1,0.08,0.2,False,True,False
0x2d3cd5b481c49f4cad2cc515d8a62e977037e803,True,1089,583,324,259,55.6,5.84,32275.1,34,1768234765871,1788801361568,238.0,5858.47,0.182,9201.642052,3,326.87,3.6,False,False,False
0x2d54b040b584383378dbf6a261ae41b4841f8914,True,607,222,222,0,100.0,inf,30818.75,1,1776050474391,1776100892319,0.6,1863.4,0.06,0.0,0,0.0,,False,False,False
0x2d64eb617100ecb13e4c93419853ed7a86a46780,True,82,17,10,7,58.8,4.21,371.95,4,1761474936724,1779928540058,213.6,236.0,0.634,0.0,0,0.0,,False,False,False
0x2d76fc50442255d4b5d656b99b3061484abf4b72,True,2000,838,631,207,75.3,7.99,48473.39,94,1762269703674,1788781276992,306.8,10705.0,0.221,9578.442928,2,-5125.84,-53.5,True,True,False
0x2d9124c67c74764f727cfc74f5408138b0c01a6f,True,1038,427,300,127,70.3,1.1,675.69,3,1772569293420,1774849096109,26.4,-772.93,1.144,0.0,0,0.0,,False,True,False
0x2daacd91eafa0d52c158cd2484e874b8d487bb00,True,2000,1035,485,550,46.9,0.69,-1049.09,72,1783863670049,1788803100007,57.2,-363.93,0.347,244.872727,1,20.54,8.4,False,True,False
0x2dbd6f131391246dad6d42b8a938d2902de79eff,True,2000,887,393,494,44.3,0.69,-5158.33,23,1775636555418,1788695336331,151.1,1614.69,0.313,0.0,0,0.0,,False,True,False
0x2de640a18fe3480aa802aca91f70177ada103391,True,1210,506,385,121,76.1,4.73,69202.72,13,1765767406010,1788450638240,262.5,3388.84,0.049,0.0,0,0.0,,False,True,False
0x2dfcf6a23a2717f131b6252b5e06ada96c486fe4,True,2000,951,578,373,60.8,0.8,-279.93,10,1788627097036,1788804563373,2.1,-39.06,0.14,6315.362112,1,7813.39,123.7,False,True,False
0x2e17c2f26d50607157ffa0942cc0120464457864,True,1238,644,360,284,55.9,2.6,8549.33,10,1779891974696,1780480855987,6.8,957.42,0.112,0.0,0,0.0,,False,False,False
0x2e32935bfd5b2718f99bc8fdf8b37c16811f7d97,True,2000,1468,1468,0,100.0,inf,261489.5,4,1788213446526,1788798630850,6.8,16424.83,0.063,287846.662336,1,-50680.18,-17.6,True,True,False
0x2e41d64f71b6bb53197094bae78c5918f1b57ca4,True,2000,1060,400,660,37.7,0.73,-14320.1,14,1759791828335,1783916047246,279.2,2103.35,0.147,0.0,0,0.0,,False,True,False
0x2e5342766b16dd7ff1e0660b25f0ccb0d903301d,True,719,351,163,188,46.4,0.86,-447.03,40,1775948496820,1779938345223,46.2,-876.94,1.962,0.0,0,0.0,,False,True,False
0x2e76cbcaa3242f38fe4c6bf5d89f213f0b5f5180,True,1995,901,344,557,38.2,0.47,-53513.14,18,1734572662777,1785805063722,593.0,-19659.53,0.367,0.0,0,0.0,,False,True,False
0x2e8fae8853e6f0fa30513d8a076fa469d81110aa,True,2000,1058,228,830,21.6,1.15,1682.29,6,1775051593441,1788525009170,155.9,1872.15,1.113,0.0,0,0.0,,False,False,False
0x2e9a086acfbb433a74feabfd92a1363c82f74eaf,True,2000,945,597,348,63.2,0.66,-5193.19,3,1779421148684,1780358400016,10.8,-1102.03,0.212,0.0,0,0.0,,False,False,False
0x2eadda93ccc59b34b0acf035f8736b149145b4ee,True,1498,782,338,444,43.2,0.85,-3062.45,10,1772208957406,1788529624868,188.9,-944.59,0.308,0.0,0,0.0,,False,True,False
0x2ec31068d6451510841578981081124a0f75cc64,True,2000,1091,348,743,31.9,1.02,285.7,18,1788139409004,1788766851809,7.3,3308.06,11.579,0.0,0,0.0,,False,False,False
0x2ed76afc9a9a059c8c512378ffc66f619271a7bc,True,2000,1000,492,508,49.2,1.02,109.45,14,1773268765760,1781465971005,94.9,-559.49,5.112,0.0,0,0.0,,False,True,False
0x2ef57ff83a9290a69d45a6b56d581dfca4869b3b,True,2000,726,203,523,28.0,22.84,306091.88,71,1685561007786,1779321600086,1085.2,62579.77,0.204,0.007363,0,0.0,0.0,False,True,True
0x2f0701f9ee18496cbba8bf11884ed74e79ac935a,True,1790,863,195,668,22.6,0.97,-918.6,5,1734886541098,1784596211197,575.3,4718.48,5.137,0.0,0,0.0,,False,True,False
0x2f1d315ef42741112f2d0911c5c1e16e221c0c4d,True,2000,841,515,326,61.2,0.83,-4169.34,7,1779914855097,1782209019245,26.6,-4077.8,0.978,0.0,0,0.0,,False,False,False
0x2f37eb7b55777f6111248157b771e13a9271d1ba,True,2000,990,345,645,34.8,1.07,3489.21,36,1752672229712,1788094287824,410.0,-2092.15,0.6,12780.9264,1,-29829.59,-233.4,True,True,False
0x2f595c056e785e13579128df27cad2968d034ba4,True,2000,1044,451,593,43.2,0.68,-2721.54,14,1778065298236,1784828743806,78.3,-639.77,0.235,0.0,0,0.0,,False,True,False
0x2f725e38693f5ffa259d7131747c063da2200c38,True,2000,631,501,130,79.4,0.56,-1219.83,78,1780432019008,1788801107251,96.9,-626.15,0.513,0.0,0,0.0,,False,True,False
0x2f87180372fccd399b3bbc8d48c27f7d5088aedf,True,371,157,102,55,65.0,1.0,2.5,32,1781447970002,1781929795034,5.6,-370.18,148.356,0.0,0,0.0,,False,False,False
0x2f9c38bd6e2f382c031bfda65aea2b76becd6808,True,1597,853,570,283,66.8,1.21,9010.02,16,1757861156920,1787107409369,338.5,5226.0,0.58,0.0,0,0.0,,False,True,False
0x2fa7b3930ac33afec65375ab64fefee7982bc0aa,True,2000,988,581,407,58.8,2.25,35631.95,24,1739740247459,1788723724712,566.9,4240.93,0.119,0.0,0,0.0,,False,True,False
0x2fb99ce9a27a742604e16eb09921a3518e2e80b4,True,2000,1819,1262,557,69.4,48.69,82654.21,10,1770304174081,1774396800048,47.4,898.5,0.011,0.0,0,0.0,,False,False,False
0x2fd7a107328dd6e5ac618667ff895bbadd7d7935,True,2000,1138,671,467,59.0,1.81,31016.39,12,1756268042069,1775054222334,217.4,-6046.52,0.195,0.0,0,0.0,,False,True,False
0x2fe72236962421f8c6c6d2fbebe9a45afce8afe1,True,2000,1007,684,323,67.9,0.86,-5010.07,2,1772373176952,1773748446954,15.9,-2398.4,0.479,0.0,0,0.0,,False,True,False
0x2ffbbc6913fe3d445d07bb30e738e582b6928443,True,2000,902,594,308,65.9,1.76,22628.54,7,1763072656456,1787261954157,280.0,-2875.96,0.127,12736.422613,1,22458.94,176.3,False,True,False
0x301a2ef5438b2e3e0f2800470eb4e41f30607e2c,True,1330,623,235,388,37.7,0.54,-18096.67,11,1764253503407,1788796582702,284.1,-3518.86,0.194,3748.448632,0,0.0,0.0,False,True,False
0x3029229037544ec191883aa6721c5be6a5956cce,True,1611,701,542,159,77.3,17.82,69726.63,8,1779169027720,1788797766195,111.4,4537.64,0.065,115746.567509,3,-4451.33,-3.8,False,True,False
0x3042a6db38c1027c51db4538016cd9d99e5fbc0f,True,2000,808,59,749,7.3,0.33,-83097.07,7,1776356344540,1787375824688,127.5,29308.8,0.353,40342.315005,1,28475.72,70.6,False,True,True
0x3054f2b1df2e371d0bb8c6296d5488c50b0f960c,True,2000,1114,1061,53,95.2,2.25,3626.48,1,1788226235677,1788802164503,6.7,-290.6,0.08,51706.875706,1,-1519.76,-2.9,False,True,False
0x3069acf87e60427feea6909adf024927037a2459,True,1237,662,302,360,45.6,1.22,10819.23,4,1776956217155,1787233906093,119.0,14035.75,1.297,0.0,0,0.0,,False,True,False
0x308cd12491cbaab4443daaa793f0973860d1136b,True,2000,1133,395,738,34.9,0.25,-38477.66,8,1778212622643,1778731358863,6.0,-5319.51,0.138,0.0,0,0.0,,False,False,False
0x30a422c8942301f2d60f5690c44dc39d2c272024,True,2000,1132,352,780,31.1,0.33,-520.01,17,1788636279019,1788802925269,1.9,218.48,0.42,2136.7,1,152.11,7.1,False,True,False
0x30b001e38216fc1fd1718d6d06dcbbc9f8f59a7b,True,386,186,125,61,67.2,0.91,-33.37,81,1754491649556,1788624650701,395.1,-36.49,1.094,89.703855,5,-65.78,-73.3,True,False,False
0x30bb45af88000014bd7a5e6f7c714a489c4f7cae,True,2000,1119,764,355,68.3,1.82,31743.74,17,1747711202217,1788697100594,474.4,4041.68,0.127,5186.833033,3,3498.23,67.4,False,True,False
0x30cad01b066839dddaafc3d1d27c583f6c8424c2,True,2000,961,323,638,33.6,1.78,15359.76,8,1786120246247,1788534695625,27.9,3822.28,0.249,0.0,0,0.0,,False,False,False
0x30d7276690f91f2b07f99d24ec0c6553839f2390,True,2000,1031,301,730,29.2,0.17,-68887.71,2,1787807173120,1788767809270,11.1,-5170.95,0.075,6246.704516,1,-4028.98,-64.5,True,True,False
0x30eab42a50cd046ee21ff6b395fad581261f9df6,True,72,25,22,3,88.0,0.22,-3884.95,5,1782708386119,1787300769207,53.2,-4961.98,1.277,162246.081748,1,-50136.17,-30.9,True,True,False
0x3105aa57b072622ec057642192f0a07a2d500705,True,2000,1023,867,156,84.8,0.82,-13596.11,2,1782205902694,1788802193837,76.3,-34636.8,2.548,0.0,0,0.0,,False,True,False
0x311cd9190ae7f07fcb798fd8994995bd545e5169,True,2000,999,568,431,56.9,0.66,-8509.0,12,1785245897674,1788737058900,40.4,-2720.69,0.32,0.0,0,0.0,,False,True,False
0x31333c2ff868163ac54086f4cdca69a554f6f420,True,2000,993,435,558,43.8,0.6,-53883.84,24,1758297394343,1783555200002,292.3,-24519.89,0.455,25434.249671,1,23904.56,94.0,False,True,False
0x3156fa314c2d245fe6e68870aac0ec7b76e09a37,True,2000,1012,415,597,41.0,1.59,7915.02,13,1785789892936,1788271794884,28.7,1684.83,0.213,0.0,0,0.0,,False,False,False
0x31739a0f7a70bf18076c0dc25753c5efbbec505b,True,2000,1034,689,345,66.6,1.52,9748.17,21,1778264225141,1784837722670,76.1,-2018.79,0.207,0.0,0,0.0,,False,False,False
0x3195d7554a7921d3f0049846ce5f1d2d57a8f2b2,True,1331,566,272,294,48.1,0.63,-22892.33,10,1778912847159,1787153213676,95.4,-10779.24,0.471,0.002922,0,0.0,0.0,False,True,False
0x31bcf06fde8d8e2c4edb02809acc55bedb2ad384,True,296,119,63,56,52.9,0.71,-1676.54,5,1775935764124,1788795213398,148.8,1243.31,0.742,7555.29181,1,-13800.0,-182.7,True,False,False
0x31d5e41636c2331d8be9ea9c4393a0ff4e597b6c,True,2000,839,388,451,46.2,1.15,3283.93,22,1733911456643,1783128976679,569.6,6112.16,1.861,0.0,0,0.0,,False,True,False
0x31e3e423f4806932307c5d94121f1f5044f72231,True,174,89,76,13,85.4,75.14,127666.76,3,1768342206517,1782391744534,162.6,29494.87,0.231,0.0,0,0.0,,False,True,False
0x31f47de7f179a015a74f6d6c2a5323ea37401b8f,True,2000,1165,980,185,84.1,0.69,-33836.15,9,1785827604695,1788804248550,34.5,-9220.56,0.273,45349.4,2,21873.43,48.2,False,False,False
0x32021857b782a42e67bdc218e3d77c7e91f08320,True,2000,1024,250,774,24.4,0.76,-19411.65,2,1781529764415,1788795779031,84.1,5496.54,0.283,22.2432,1,-6.49,-29.2,True,True,False
0x322956ea3f126a68fa6103965a75f6f4da7affc9,True,2000,1199,484,715,40.4,0.14,-10333.77,3,1775209218324,1775245299580,0.4,-1361.23,0.132,0.0,0,0.0,,False,False,False
0x3243a99f4b11de2a155f0b87fdbcd04afb8b3346,True,2000,1049,697,352,66.4,0.52,-9844.69,27,1753278255478,1780358400016,313.4,-7324.65,0.744,0.0,0,0.0,,False,True,False
0x325d215bf4265ffe4db83c5948fe1444af601588,True,2000,1106,583,523,52.7,0.73,-17828.3,28,1760941584824,1778371200032,201.7,-6571.06,0.369,0.0,0,0.0,,False,True,False
0x326bbe8fa0a53eecf5603ca8c95bfd3e07e14a3b,True,2000,1002,431,571,43.0,1.11,667.74,50,1772412662153,1788796533292,189.6,308.63,0.462,762.876502,8,2.0,0.3,False,True,False
0x327d9354753ebcbe7cfcc946fc7edb44b6f81584,True,2000,1046,460,586,44.0,0.89,-48.81,21,1774953955416,1776366475630,16.3,29.67,0.608,0.0,0,0.0,,False,False,False
0x329285fdc8df5724fcacfbccbf8845ddc901bc4e,True,2000,1075,400,675,37.2,0.59,-8792.57,71,1753148251585,1787443200018,396.9,-1678.13,0.191,0.0,0,0.0,,False,True,False
0x32a2cb126764c797ed7a8804537b9702c75be7fe,True,2000,1017,559,458,55.0,1.62,15658.69,3,1788132546198,1788786938398,7.6,15490.59,0.989,43570.945075,1,432.93,1.0,False,False,False
0x32ae635f5136adb181a442cc890be39263bc13c8,True,2000,881,728,153,82.6,0.21,-186485.09,39,1736966379207,1783121991093,534.2,-83306.28,0.447,0.0,0,0.0,,False,True,False
0x32d233418508c339d1a2b64f1ab3845c5cccd227,True,608,269,105,164,39.0,1.35,1006.02,5,1774405325054,1778195944415,43.9,817.7,0.813,0.0,0,0.0,,False,True,False
0x32f36f5a4a7060d7851e4a87aae4212600516842,True,239,119,102,17,85.7,2.05,1764.38,7,1780554146456,1788792246424,95.3,-606.65,0.344,1217.308317,1,18.23,1.5,False,True,False
0x33107b56647014f37375b8291a86409f81a148db,True,1436,581,252,329,43.4,0.43,-70753.95,75,1703340272253,1785163233670,947.0,-30607.93,0.433,0.0,0,0.0,,False,True,False
0x33279e8df05fd4dcf24eccf7efbe460c8e352ce6,True,2000,965,288,677,29.8,0.2,-115996.46,14,1776568381657,1788671301532,140.1,-11783.45,0.102,6507.972537,1,4919.93,75.6,False,True,False
0x333ce0361916b87dbc714ce673fa830c9fb8dc71,True,2000,913,582,331,63.7,0.35,-21358.49,12,1779283990990,1787937570152,100.2,-4833.18,0.226,0.0,0,0.0,,False,True,False
0x33518e8b8c47cb7815eda98b983f244b8e2bf577,True,2000,946,600,346,63.4,1.59,3151.16,19,1762165272146,1788745984098,307.6,883.7,0.28,0.0,0,0.0,,False,True,False
0x336aaba39434a9dcd78020254dae70587ad49b5c,True,997,378,183,195,48.4,0.56,-47485.45,9,1739189234518,1780532682831,478.5,-25258.34,0.532,0.002387,0,0.0,0.0,False,True,False
0x337abdf94a2cbd2f60a46d4d7aef74cdcdbecdde,True,2000,1043,406,637,38.9,1.04,1296.21,6,1782702630424,1788735806372,69.8,-922.14,0.711,2263.757918,1,83.33,3.7,False,True,False
0x338d6068db894a01c52626b59cbfdb158ffc9db8,True,2000,733,366,367,49.9,0.49,-30419.47,37,1755488094246,1788673958178,384.1,-23720.46,0.78,0.0,0,0.0,,False,True,False
0x33a244c691a2753083d63191ed308ddd9f9d1083,True,225,135,72,63,53.3,0.11,-71256.68,2,1780319410518,1787213453216,79.8,-9226.3,0.129,0.0,0,0.0,,False,True,False
0x33abf81bd199f2fbb1d66aa7ca8737baabd63403,True,2000,805,457,348,56.8,2.39,9010.64,90,1780238366573,1788757740666,98.6,-197.01,0.022,7426.787924,33,-911.03,-12.3,True,True,False
0x33c87a04126eebfa829bd034490596dd9aee39de,True,427,178,85,93,47.8,0.51,-5725.39,9,1782842077972,1787304103576,51.6,-3325.8,0.581,3274.837501,1,1594.01,48.7,False,False,False
0x33e63df9a607531f00e04e65a5fc220e4c7fe004,True,2000,931,594,337,63.8,2.71,21256.58,37,1758007827145,1788795717513,356.3,2174.35,0.102,5557.155465,2,-1105.63,-19.9,True,True,False
0x33fe358a7c05b72d7ed805e6c3b2bd6dd9618134,True,1084,379,158,221,41.7,0.71,-6353.18,24,1752562983049,1788657673619,417.8,-2800.1,0.441,22126.761902,2,1489.29,6.7,False,False,False
0x341892ca9af16ff90c91bb4a119655dfffb0e5d3,True,2000,722,722,0,100.0,inf,48505.24,1,1788763661101,1788801673413,0.4,1777.74,0.037,499708.511785,1,14962.51,3.0,False,False,False
0x343c9c50bf3133dc127f5b2742aaf91300299edf,True,2000,1137,760,377,66.8,0.28,-1895.03,9,1771644316829,1787277958960,180.9,-188.44,0.099,0.0,0,0.0,,False,False,False
0x345359af77917c494f4282f389b534d64e1cb323,True,2000,1186,176,1010,14.8,0.18,-94562.34,12,1781970038802,1782679736982,8.2,-6117.15,0.065,0.0,0,0.0,,False,True,False
0x34705cb69ac83cd65d4710259151665ab0ce6fa6,True,2000,1092,110,982,10.1,0.3,-3566.13,27,1788656487463,1788800125485,1.7,170.6,0.048,243410.277164,52,82536.71,33.9,False,False,False
0x34827044cbd4b808fc1b189fce9f50e6dafae7c9,True,2000,1290,752,538,58.3,1.1,43.06,53,1787563123011,1787573539142,0.1,-24.84,0.577,7604.813108,0,0.0,0.0,False,True,False
0x348c9dc413cde2cc058945bdf08f0f9105013038,True,364,188,34,154,18.1,0.87,-231.67,2,1774678679559,1776650632457,22.8,-385.87,1.666,0.0,0,0.0,,False,False,False
0x349edc2174765fc543006f1ba4da824ef97399c7,True,496,307,57,250,18.6,0.27,-41736.09,1,1762306818261,1776611656688,165.6,-5952.24,0.143,0.0,0,0.0,,False,True,False
0x34b63ca9f44f2b5529677daaf7df307ab7990952,True,2000,1072,833,239,77.7,2.2,13153.82,4,1782054767394,1788791158987,78.0,2201.26,0.167,6866.560751,1,-1103.52,-16.1,True,True,False
0x34d205fcdcae0415820211ad2c7f18806b679be0,True,2000,624,446,178,71.5,3.12,21191.08,10,1782910420232,1788795809627,68.1,3613.57,0.171,5811.180864,1,89.95,1.5,False,True,False
0x34e355cfa7e6a27c4ca80ddd061735ff8d8fce44,True,2000,1241,795,446,64.1,0.5,-33557.93,2,1785583329009,1787272014595,19.5,-4944.75,0.147,0.0,0,0.0,,False,True,False
0x34fb5ec7d4e939161946340ea2a1f29254b893de,True,2000,1209,723,486,59.8,2.38,32674.64,30,1788749279465,1788805083329,0.6,3412.27,0.104,2136762.226743,36,-1704.84,-0.1,False,True,False
0x351c6a9219edc7df744a44ef309cd662b0939d53,True,2000,910,781,129,85.8,2.71,20658.78,12,1773254029982,1788796306083,179.9,-2742.55,0.133,6712.164539,1,-2153.55,-32.1,True,True,False
0x35381923f39ef0f2240f4eecbf35108232480b2f,True,2000,939,515,424,54.8,0.6,-7857.58,13,1781496851152,1788313791309,78.9,-1746.37,0.222,0.0,0,0.0,,False,True,False
0x354bcb431a332079950d2ce3a4698745e0f66425,True,2000,290,19,271,6.6,0.05,-2724.99,7,1788797303322,1788804513137,0.1,-562.1,0.206,0.0,0,0.0,,False,False,False
0x355ebdb6ebbde80694f489594592fba0e811b23a,True,2000,1064,700,364,65.8,2.29,19966.58,2,1787528478306,1788050758445,6.0,2643.25,0.132,0.0,0,0.0,,False,False,False
0x357f06a2d9e4423ac1ac2d77552954eb839aa3c4,True,2000,467,209,258,44.8,1.27,3409.07,9,1776870193992,1788669915013,136.6,-1889.55,0.554,0.0,0,0.0,,False,True,False
0x358c528010841346a1d4682961c8c5b9e0e0eaeb,True,2000,1095,493,602,45.0,0.94,-3822.45,15,1724850296022,1782395958711,666.0,11578.84,3.029,18516.396753,1,19056.93,102.9,False,False,False
0x35a0259779817daf4bedc8a575bce4c29d14dc5a,True,2000,987,343,644,34.8,0.51,-34590.31,11,1787365166176,1788474432336,12.8,-4477.79,0.129,0.0,0,0.0,,False,False,False
0x35ad232f6edcacdae819c325216f641b56adbb17,True,2000,841,324,517,38.5,1.11,1646.66,108,1786034023196,1788759228615,31.5,3425.41,2.08,0.0,0,0.0,,False,True,False
0x35c63ffe586b8c82e06ec7307fc75b16e18dbe06,True,2000,761,249,512,32.7,0.76,-6300.21,19,1771426323961,1788538104116,198.1,-1653.24,0.262,0.0,0,0.0,,False,False,False
0x35d632eb1639b53b1cae1c8ee8433c6f35119384,True,24,14,14,0,100.0,inf,633.85,1,1787302819854,1788800410606,17.3,331.61,0.523,9.758196,1,-0.19,-2.0,False,False,False
0x35f0851ef6516c5706107b86dbe09a62a311ab07,True,2000,950,390,560,41.1,0.57,-4030.98,10,1787375349654,1788799106886,16.5,778.74,0.193,6975.321867,3,-839.34,-12.0,True,False,False
0x360d5493192af469d4dc87ce2bd631be27930cda,True,2000,966,568,398,58.8,0.39,-33820.7,8,1760356861058,1787309886362,312.0,-16707.07,0.494,0.0,0,0.0,,False,True,False
0x361b45721140bb5bad023a8a90c4191654b5fcfe,True,2000,893,508,385,56.9,0.3,-30273.22,22,1785373809534,1788279939992,33.6,-14168.64,0.468,0.0,0,0.0,,False,False,False
0x3631c301c8003c08606bc746a72d3b755cf4929a,True,141,68,51,17,75.0,6.51,22.77,25,1779391007869,1780445486162,12.2,2.08,0.091,0.0,0,0.0,,False,False,False
0x364fe2d628bec3e5308214571b7ba0c2fbbcfc2b,True,2000,810,588,222,72.6,1.16,4150.78,16,1775847222625,1788761779232,149.5,-1572.86,0.379,2529.117303,1,4.93,0.2,False,False,False
0x3664aabdddb7f022df30a93fef47bb7ab410e2b8,True,92,21,16,5,76.2,1020.86,11917.19,2,1779566986389,1788759774900,106.4,1925.71,0.162,0.0,0,0.0,,False,True,False
0x368ac0e139139d7376a2d6cce827d473693371a3,True,2000,959,363,596,37.9,1.07,157.68,33,1787819833977,1788729779900,10.5,114.78,0.728,0.0,0,0.0,,False,False,False
0x36a3cac5cbd90ee61bcdea7e6cedb98b8868431d,True,782,394,295,99,74.9,2.37,12703.53,3,1774761855118,1778728089418,45.9,1594.27,0.125,0.0,0,0.0,,False,False,False
0x36c0f5a16f941597c6bf7461823807136acd5f77,True,613,341,109,232,32.0,0.24,-29262.74,28,1761600934952,1788203444854,307.9,-8932.31,0.305,6898.377688,5,-558.72,-8.1,True,True,False
0x36e330290ae1938f94905b494189242e548d8819,True,2000,988,739,249,74.8,0.84,-5090.48,8,1782628618569,1786406400019,43.7,-2758.48,0.542,0.0,0,0.0,,False,False,False
0x36ee2bc3a3946ad24e88f1c8faf76520ce7382fb,True,2000,946,550,396,58.1,0.61,-32717.57,13,1781890464120,1787170410850,61.1,-20067.52,0.613,0.0,0,0.0,,False,True,False
0x36f710405eb044e78ef790e9f424f3cf1d8fc098,True,2000,937,406,531,43.3,0.75,-2148.53,6,1787856081977,1788800608167,10.9,204.12,0.095,29526.44806,3,-2459.66,-8.3,True,True,False
0x3705121529bf40d77e8e7b625120551b151d9af2,True,2000,994,621,373,62.5,1.2,10793.98,22,1782308324548,1788766878414,74.8,7684.03,0.712,66002.63486,2,86150.68,130.5,False,True,False
0x37283486c96d2b9690cb9296292e6e354ceffb4b,True,2000,1313,786,527,59.9,1.85,19009.68,60,1763223559095,1788797376422,296.0,-957.1,0.05,4076.326984,3,-8151.81,-200.0,True,False,False
0x373e62e50472a6e47b2b804c58f7e3b8b105a1eb,True,1027,343,168,175,49.0,0.37,-41709.87,26,1744017472100,1787306050731,501.0,-6762.12,0.162,2167.836585,1,3148.5,145.2,False,True,False
0x37592b2927c40c4b0054614d7ff6065d6b752a8c,True,2000,793,585,208,73.8,0.82,-17138.82,10,1760135127918,1788295858414,325.9,22234.16,1.297,5374.973246,1,905.03,16.8,False,True,False
0x37749f66f360d9de7b8b1f7928d839aa52ab2f91,True,2000,734,423,311,57.6,1.8,35340.59,89,1718556687245,1788610153463,810.8,10159.98,0.287,3285.15483,4,-9144.97,-278.4,True,True,True
0x3792b89f8f5301f5a3390755fa163be3657b286e,True,1013,432,358,74,82.9,1.75,2268.74,38,1782731581581,1787171237402,51.4,-568.26,0.25,43.414716,0,0.0,0.0,False,True,False
0x37b325309cbae17d73be387e7490033538a9ca27,True,2000,1117,830,287,74.3,2.76,12514.93,7,1787980954049,1788793110915,9.4,409.02,0.033,4635.9,0,0.0,0.0,False,True,False
0x37c97b4d23ffc80e6854084e7db873c518307ffc,True,1774,892,455,437,51.0,1.58,1813.96,9,1774970535461,1788526268462,156.9,513.21,0.283,0.0,0,0.0,,False,True,False
0x37e5ee046fb8e9a41e0bf35d2d37fd6f64fdff10,True,2000,1087,316,771,29.1,0.12,-82633.28,2,1783670959261,1788447648993,55.3,-8308.71,0.101,246255.125328,2,522407.84,212.1,False,False,False
0x37f2af56f635c108aa1324402c17ec0e9e3ee9af,True,2000,1488,931,557,62.6,0.53,-191541.14,6,1781327971269,1788525129323,83.3,-19167.3,0.1,0.005672,0,0.0,0.0,False,True,False
0x381fe486d87c7f2633c777f1b5be3105a2a51744,True,2000,897,703,194,78.4,0.74,-19562.01,8,1784306721679,1788644706819,50.2,-14388.46,0.736,86696.558432,1,15912.96,18.4,False,False,False
0x382f3d7c6457eaf5c5f68803a507741f5c962415,True,2000,1061,844,217,79.5,0.82,-1371.46,10,1779918262506,1788543135850,99.8,-2652.27,1.934,0.0,0,0.0,,False,False,False
0x384142ceb6e83e12dcea8399dba6d5996b0d434e,True,2000,991,537,454,54.2,1.35,1656.88,78,1787556802250,1788805475335,14.5,-143.43,0.087,0.0,0,0.0,,False,False,False
0x385d880bfff1fb29e38c1d7d59407297e9b3796c,True,2000,1147,287,860,25.0,1.13,936.27,7,1758718249094,1788353399213,343.0,-442.74,0.473,0.0,0,0.0,,False,False,False
0x3881ebc149a627b6c4bba860598a0d87efdb4a0d,True,2000,695,217,478,31.2,1.2,949.69,10,1780441482367,1787609596478,83.0,-528.41,0.556,16.861381,1,5.48,32.5,False,False,False
0x389a74dac4a59046d5bff5d056498168903ae76b,True,2000,821,624,197,76.0,4.11,33062.99,35,1787008435565,1788799210902,20.7,1824.91,0.055,96267.049239,4,124342.57,129.2,False,False,False
0x38c1e36ece5b2360f86349b06857470a4ea3c091,True,2000,663,333,330,50.2,0.44,-33903.06,1,1785107300128,1786368895175,14.6,4768.71,0.141,0.0,0,0.0,,False,True,False
0x38d69daee8d3fd06d4ee374ea73c2c5275d2c52e,True,1541,826,312,514,37.8,0.61,-2978.3,3,1749047731074,1784730398909,413.0,-806.99,0.271,0.0,0,0.0,,False,True,False
0x38ebc1114b59980a87cb2fbc2cbc43d51e985ef9,True,2000,1100,449,651,40.8,2.24,11846.43,18,1788432533573,1788802084215,4.3,1455.9,0.123,10721.408871,3,-2884.93,-26.9,True,False,False
0x38f9715251bd7b9962a51b6e56b547fedb11709a,True,2000,1024,195,829,19.0,0.14,-33377.88,6,1788430890661,1788668674806,2.8,1750.98,0.052,0.0,0,0.0,,False,False,False
0x39003e6f73305d5593acbdf653c3219ec9f25153,True,2000,370,169,201,45.7,2.27,1070.45,9,1775738871901,1788695008808,150.0,334.0,0.312,55673.985576,3,-23384.59,-42.0,True,True,False
0x39151b3b003fc65f8806331c9db0e2b398eb787b,True,2000,916,196,720,21.4,0.92,-1008.8,28,1777185358201,1787619819985,120.8,1721.28,1.706,0.0,0,0.0,,False,True,False
0x392704e2aa6b4da34603b3e69b709d6ec680b1e5,True,1973,918,514,404,56.0,1.07,4594.87,10,1772672370141,1787875828560,176.0,-5261.85,1.145,0.0,0,0.0,,False,False,False
0x3930c0ed9b28ae9ac4369f30d72072e500c3136a,True,2000,1010,582,428,57.6,0.52,-41340.92,9,1780533759718,1788447141612,91.6,-20641.12,0.499,4114.597417,1,1331.91,32.4,False,False,False
0x394de237d4203fc3d71d51c059b66a52979a956f,True,2000,960,244,716,25.4,1.22,525.13,17,1788328462312,1788484627481,1.8,662.27,1.261,0.0,0,0.0,,False,False,False
0x39761615093bbd473af359068d075a2b03b99857,True,2000,997,400,597,40.1,1.08,19752.46,1,1782260498393,1787120574540,56.3,20405.21,1.033,0.0,0,0.0,,False,False,False
0x398890e4850e31e74cb2266949f53557ec35eac1,True,2000,1026,619,407,60.3,2.75,16956.21,24,1771109102190,1782943227718,137.0,1389.53,0.082,0.0,0,0.0,,False,True,False
0x399e8d14b282f89d1e05e2285eb89e5610e72f38,True,2000,1030,424,606,41.2,1.24,5174.95,5,1773637089951,1774352868331,8.3,-1433.46,0.277,0.0,0,0.0,,False,False,False
0x39a420effe4533e83c26df127121f6d22bd2058d,True,2000,1094,526,568,48.1,0.97,-212.46,19,1770288894790,1776345294704,70.1,-362.96,1.708,0.0,0,0.0,,False,False,False
0x39b929f45dfe2f27691845f57599ba6643bd7f30,True,2000,852,510,342,59.9,0.88,-1920.61,35,1770564924601,1788795719201,211.0,-2111.77,1.1,5845.51347,7,-1739.01,-29.7,True,True,False
0x39d60548ec0f5be5613b249c3ce4269418c45e64,True,2000,959,865,94,90.2,1.96,22639.77,11,1778499092675,1786161906720,88.7,-3488.73,0.154,0.0,0,0.0,,False,True,False
0x39e4f21933ab9fb9a992f8d7918dee408c1e63f0,True,2000,1078,144,934,13.4,0.16,-7756.92,2,1776612640237,1777220646439,7.0,-320.33,0.041,0.0,0,0.0,,False,False,False
0x39fc7d6cf46dc7ba2c17550de7fa32bd668d0256,True,405,202,84,118,41.6,0.77,-9.44,8,1771064950903,1780673843642,111.2,-5.12,0.542,0.0,0,0.0,,False,True,False
0x3a094cc4c0fda4bdc1154fb0b79b2404754e73d3,True,2000,923,409,514,44.3,1.52,2549.21,34,1750986533418,1787892239759,427.1,-627.52,0.246,1425.62938,2,866.65,60.8,False,True,False
0x3a1720a300d42e0e5cf88d0e954166ec0638c120,True,2000,967,373,594,38.6,0.27,-116544.91,17,1753160484417,1787280282573,394.9,-14123.03,0.121,0.0,0,0.0,,False,True,False
0x3a3056908a2f106026acd0c5b2fa20893f30f64e,True,2000,999,335,664,33.5,0.2,-32743.5,7,1785282351975,1788757834555,40.2,-5933.43,0.181,980.350035,7,-235.54,-24.0,True,True,False
0x3a413539f202670e83600609eda7944b2b13d85a,True,2000,1111,540,571,48.6,1.29,2972.63,12,1778749811723,1788772642872,116.0,-833.35,0.28,2068.982111,10,1365.65,66.0,False,False,False
0x3a4f175db537d897418a04b86039afce3b1696e5,True,2000,978,388,590,39.7,0.82,-9969.32,10,1759433512561,1786543619625,313.8,3785.05,0.38,6747.696457,1,7505.55,111.2,False,True,False
0x3a6964ccaa0d06d1d3a31e637da89b7a25153656,True,2000,871,600,271,68.9,0.9,-6307.17,23,1740607324572,1788766878993,557.4,-10844.8,1.719,90352.685911,5,-29072.59,-32.2,True,True,False
0x3a808bb6964c390f3e2edcbeb53e22a809087c28,True,2000,993,344,649,34.6,0.28,-48155.59,45,1753358187542,1782310156905,335.1,-12397.68,0.257,0.0,0,0.0,,False,True,False
0x3a94ec43996178f7013988358f58baf18a4cc707,True,2000,1208,1078,130,89.2,3.93,211600.03,10,1786157621919,1788766403724,30.2,22647.94,0.107,94908.69,0,0.0,0.0,False,True,False
0x3aacc9d745031ea9d4348242f227e35c8dfb434f,True,2000,1023,412,611,40.3,0.95,-1733.18,13,1786020979096,1788805352175,32.2,-3274.77,1.889,120814.854014,2,1315.59,1.1,False,False,False
0x3ac3404982aee6d53539cd07065685c6f8c4525d,True,916,496,295,201,59.5,0.92,-430.05,35,1707920660210,1785046043898,892.7,-658.83,1.532,0.0,0,0.0,,False,True,False
0x3ad624db7fa99c589ddcb6ab3773e22aa2fca6f7,True,1197,564,245,319,43.4,2.04,638.67,61,1761646474862,1780150875466,214.2,261.98,0.41,0.0,0,0.0,,False,True,False
0x3af4c9da680dbbc64bd0ac3e9270955ccb0bcf3a,True,982,484,130,354,26.9,0.32,-16017.02,15,1753431392132,1786384732515,381.4,-3496.33,0.218,0.0,0,0.0,,False,True,False
0x3b06b68c34d19f8a44a49fb13e8b7e0c05ad6c44,True,536,315,127,188,40.3,1.2,978.47,7,1785279809223,1788471372309,36.9,2271.21,2.321,14.24269,1,8.11,57.0,False,True,False
0x3b13b30d4bcf56146f163747b20856a5b85468a3,True,1578,736,284,452,38.6,0.8,-8352.65,3,1737925217583,1788789826621,588.7,-12504.94,1.497,2266.302954,1,69.25,3.1,False,True,False
0x3b236f10b8771a6563e7eaebd235a5a9c579bd81,True,2000,1038,392,646,37.8,0.54,-7520.49,7,1771094913755,1781627763525,121.9,-930.86,0.124,0.0,0,0.0,,False,False,False
0x3b409b10e803c3f58b61b90b7f60efb9d4a02a90,True,2000,746,516,230,69.2,2.56,153796.38,23,1730546830960,1772662658477,487.5,20954.16,0.136,0.0,0,0.0,,False,True,False
0x3b4ff65a10de80cd25d89519ed35ece7c7df584d,True,2000,1082,969,113,89.6,1.85,1025.45,18,1781207324686,1788791835908,87.8,-615.06,0.6,178.311112,1,-36.55,-20.5,True,True,False
0x3b662e6562aad0c6fe52f31ca6d9915ff64118cf,True,2000,1080,633,447,58.6,0.23,-44547.03,6,1782482134150,1787364219117,56.5,-5529.53,0.124,0.0,0,0.0,,False,False,False
0x3b79cfd145807901461f0efa762f3f3d3a3ebec1,True,209,84,55,29,65.5,0.14,-2337.44,12,1776104797250,1788471265242,143.1,-1681.63,0.719,0.0,0,0.0,,False,False,False
0x3b934f6d5ec3f28ab687611dffb006daffee2cbe,True,2000,845,333,512,39.4,0.87,-1658.42,50,1770977624925,1788795875723,206.2,1366.26,0.824,0.0,0,0.0,,False,False,False
0x3ba66883a698b3106b7a9480e97c857b19bfc3f9,True,1730,747,392,355,52.5,0.52,-2859.72,47,1735595614892,1788750783346,615.2,-3192.98,1.117,0.0,0,0.0,,False,True,False
0x3bcc125bc6468988d75493200e15d4c7a0782b03,True,2000,1008,485,523,48.1,3.49,5552.62,3,1784187817049,1788760224899,52.9,188.25,0.034,0.0,0,0.0,,False,True,False
0x3beb0613a3a920402fee4a1f5e5ba4126f91764f,True,2000,1397,279,1118,20.0,0.38,-10529.68,27,1772344185954,1788762114462,190.0,1064.62,0.101,0.0,0,0.0,,False,False,False
0x3bff41f9cf60e628f56f9a16e0051dab9d80c77f,True,2000,844,277,567,32.8,0.42,-3426.3,2,1788208215381,1788803939960,6.9,-1054.14,0.308,12525.5049,0,0.0,0.0,False,False,False
0x3c301d62a2d4dc76f53b5b493c8b9a7cbf456dac,True,2000,1042,364,678,34.9,0.83,-1921.04,8,1779926621684,1788778045623,102.4,1127.55,0.587,0.0,0,0.0,,False,False,False
0x3c43014aedbb496e173059f94bfe3b0ed1d55ba0,True,2000,652,278,374,42.6,0.78,-7705.57,28,1785915838616,1787870243452,22.6,3418.22,0.444,0.0,0,0.0,,False,False,False
0x3c61690bc170814dd2c8cdb6cfad5a9c3a6d3ddd,True,285,157,154,3,98.1,989.36,41729.44,4,1783319373593,1784160000034,9.7,6995.32,0.168,0.0,0,0.0,,False,False,False
0x3c73762352ff05768e5471cfd86c19e3a7bb5689,True,1298,537,351,186,65.4,1.13,896.75,16,1770167020040,1788350457665,210.5,-1105.1,1.232,0.0,0,0.0,,False,True,False
0x3c92ded69cc1a77a0ce08cc260ee464b8bf4e3d1,True,2000,962,333,629,34.6,0.86,-1159.23,4,1774302784731,1786784589211,144.5,939.95,0.811,3380.076279,1,3180.07,94.1,False,True,False
0x3cb49a397a94ff19779fc3c344717b7cb0460451,True,1827,820,471,349,57.4,0.85,-6166.29,26,1778692941602,1786210663199,87.0,-5770.24,0.936,0.0,0,0.0,,False,True,False
0x3cc9657aabb40424403600e1f1451fbc73da47c4,True,308,149,118,31,79.2,3.56,7383.53,5,1782598809668,1788795736872,71.7,1088.3,0.147,15611.691368,1,-22.3,-0.1,False,False,False
0x3ce1824fe012d6852f279271f29b119551b013f8,True,1310,622,189,433,30.4,0.6,-3582.72,22,1769309931011,1788796726320,225.5,-2471.35,0.69,768.325476,1,-73.27,-9.5,True,True,False
0x3cfa504faedaf06c6a65ecd64e3c1212638db64a,True,336,196,79,117,40.3,2.45,5401.62,1,1774289867859,1776966157642,31.0,1379.43,0.255,0.0,0,0.0,,False,True,False
0x3d2030ee90856369edf04d8feed1a9db9b91e9fd,True,1346,647,230,417,35.5,0.7,-802.5,14,1771166861527,1787925064358,194.0,177.1,0.221,0.0,0,0.0,,False,False,False
0x3d2db5391fef6f14ab45ec6bd59a99bcc18e27c4,True,2000,994,771,223,77.6,0.97,-1135.61,16,1752323287826,1788701018002,421.0,-21102.36,18.582,0.0,0,0.0,,False,True,False
0x3d47a80bb1b56db381e27142d1418f4a81c55ada,True,2000,785,277,508,35.3,0.72,-5458.73,18,1782307559661,1788766397944,74.8,-1086.38,0.199,0.0,0,0.0,,False,False,False
0x3d5995b8b18e27b785b8d034d090b61f32f86817,True,600,222,120,102,54.1,1.11,7595.24,7,1769238592498,1787153278811,207.3,-22808.44,3.003,0.0,0,0.0,,False,True,False
0x3d6c63412f289a5d400112dda7826c6ece31a97a,True,2000,990,307,683,31.0,0.97,-600.61,27,1758214064943,1787705667792,341.3,-2013.94,3.353,2305.545853,3,-3489.04,-151.3,True,True,False
0x3d84106697da54b2f4c6c0778cfaff7c6fa02c68,True,2000,935,232,703,24.8,0.56,-25025.78,12,1778675468225,1784765676623,70.5,-4191.47,0.167,0.0,0,0.0,,False,True,False
0x3d98316e48518f6ffcd21200e2c2f5a1df1e4ace,True,570,180,120,60,66.7,0.84,-1112.11,11,1784301448452,1788287285039,46.1,-1101.12,0.99,0.0,0,0.0,,False,True,False
0x3db0776a2563e4ec4ff6cac2b20a13e588cac52d,True,2000,452,114,338,25.2,0.07,-42092.26,2,1787871049021,1787989209953,1.4,-4234.31,0.101,9.869109,0,0.0,0.0,False,False,False
0x3dc63b52e19e710e14750c304f6126fd2f1b129d,True,504,183,124,59,67.8,1.58,4372.22,14,1786784027674,1788412355711,18.8,2198.98,0.503,13460.373051,4,-4910.34,-36.5,True,False,False
0x3dd51e24fca00c33c2e5a74e5c373a705b749fa0,True,2000,923,307,616,33.3,0.54,-9440.66,41,1761018447214,1784081791707,266.9,994.97,0.105,1214.328413,1,792.62,65.3,False,True,False
0x3decc95d6900854954dd5292f93b82c166f8d350,True,760,320,183,137,57.2,1.92,73154.89,5,1773756662797,1787481635013,158.9,-20403.78,0.279,219546.875376,3,96225.08,43.8,False,False,False
0x3e0ad8a4452c1db81704fea7d23a066ee6e5e165,True,2000,837,287,550,34.3,1.84,40.81,11,1784171608722,1784522756719,4.1,3.63,0.089,405.245739,1,-122.23,-30.2,True,False,False
0x3e222556c14e0344bb6e509ea2c4e3701ba3808c,True,2000,897,587,310,65.4,2.23,6436.51,14,1775578157827,1787414576186,137.0,150.64,0.023,0.0,0,0.0,,False,False,False
0x3e3a45a28e6f661776ebcd754eda1557c09f2858,True,2000,1006,479,527,47.6,0.81,-20525.52,6,1741583248641,1778421143749,426.4,-7323.55,0.357,0.0,0,0.0,,False,False,False
0x3e4ca2a9f6614732f00072dcac194932a1bdb6c6,True,2000,806,420,386,52.1,0.46,-55005.06,8,1769606343859,1788799895581,222.1,-7673.78,0.14,17748.248614,1,-138.55,-0.8,False,True,False
0x3e55fddd3b0525b26a84be910563bcedb072e286,True,873,440,196,244,44.5,0.14,-11767.91,78,1741807690335,1782826428233,474.8,-1727.47,0.147,0.0,0,0.0,,False,False,False
0x3e6a7bed98d237b5344e83dca13d7018c3dfe95f,True,2000,1144,635,509,55.5,0.07,-173583.32,9,1786291960491,1787683768235,16.1,-10548.73,0.061,0.0,0,0.0,,False,True,False
0x3e756be298ea913947525b0b0babcd0b09e3e708,True,2000,614,310,304,50.5,1.0,31.76,65,1788690225822,1788806010322,1.3,187.58,5.905,0.0,0,0.0,,False,False,False
0x3e8734ec146c981e3ed1f6b582d447dde701d90c,True,2000,815,415,400,50.9,1.74,295161.91,6,1753396286726,1787708956237,397.1,255005.35,0.864,342848.247572,1,-763726.67,-222.8,True,True,True
0x3e95e94c6a5c0cf45bc69c9d89c18ef569ee0bde,True,2000,764,267,497,34.9,0.56,-10967.8,9,1778144669367,1788778569934,123.1,1399.51,0.128,0.0,0,0.0,,False,True,False
0x3eb13981a19ec417d87f4d7dc028e83d66885217,True,2000,820,311,509,37.9,1.39,2669.9,13,1788439156601,1788804182557,4.2,1378.53,0.516,16599.366679,4,-2153.99,-13.0,True,False,False
0x3ed06fab3d02d7e1a574ef6657a8cd823c0735ca,True,2000,1071,653,418,61.0,0.53,-155749.49,8,1779133933224,1788798484835,111.9,-26955.62,0.173,161040.802828,3,-14897.13,-9.3,True,True,False
0x3ee674e9277cafd4a4043f3ad49c3a333ce6248e,True,157,78,57,21,73.1,1.86,5559.53,2,1762847497753,1780582185971,205.3,3654.95,0.657,0.0,0,0.0,,False,False,False
0x3ef5f62249e4ff73c7fffa40c62efd74bbff8299,True,2000,991,368,623,37.1,2.76,24421.17,4,1781623092103,1782763869121,13.2,3624.8,0.148,0.0,0,0.0,,False,False,False
0x3f02ce87d7cd615e1ef2f732be570d36aa3dff6f,True,544,259,134,125,51.7,0.12,-31420.49,8,1756065131316,1787375354970,362.4,-7628.54,0.243,0.0,0,0.0,,False,True,False
0x3f15c2bf558f06fac21a6ecae2922b010ce5003c,True,581,335,242,93,72.2,47.97,31954.62,8,1780682697012,1783576962166,33.5,2428.97,0.076,0.0,0,0.0,,False,False,False
0x3f219be42df838ecf1b8cdbea76498d36b9ebe59,True,2000,931,427,504,45.9,1.79,7237.17,34,1773303248497,1788776602626,179.1,927.98,0.128,0.0,0,0.0,,False,True,False
0x3f3192097db8fc6043e459db7926a4d8a26c155b,True,2000,939,488,451,52.0,0.92,-5219.56,51,1780519553862,1787203091162,77.4,-5000.23,0.958,0.0,0,0.0,,False,True,False
0x3f4aa3583e174a9294e74096020a4cbcdd2c1997,True,1480,878,472,406,53.8,0.98,-157.11,10,1769011350963,1776124800020,82.3,388.0,2.47,0.0,0,0.0,,False,True,True
0x3f61495c987fa8a7c0dc3e3f42cd5207c9eba87e,True,2000,976,324,652,33.2,1.09,2632.42,11,1780818937175,1788615289889,90.2,9044.54,3.436,120940.688707,1,7624.87,6.3,False,False,False
0x3f7dbd306cb914008c1bc75bf705262a4be99cd6,True,316,135,76,59,56.3,1.55,574.36,14,1782320649233,1786665600060,50.3,520.55,0.906,0.0,0,0.0,,False,True,True
0x3f8d4407b4624222c500e826f4fae277016958ec,True,2000,1021,194,827,19.0,0.31,-147907.06,5,1752473439709,1780668332028,326.3,-46415.1,0.314,0.0,0,0.0,,False,False,False
0x3f9c3ea76b77d4a221b0fb0903df036b6049db4d,True,2000,990,597,393,60.3,0.2,-32956.85,2,1783327715107,1783366141580,0.4,-5308.78,0.161,0.0,0,0.0,,False,False,False
0x3fb34f5eebed84a4b37274b0b53fdbc5ef940a87,True,2000,104,92,12,88.5,11.78,1673.38,1,1788250129680,1788795977900,6.3,135.88,0.081,4141.273261,1,-1055.87,-25.5,True,False,False
0x3fc56e944aa7b1594c85861b2d46a07f82a2c0c1,True,2000,713,435,278,61.0,4.88,1065.86,6,1788798003908,1788806106978,0.1,6.88,0.006,655045.324585,9,-367383.13,-56.1,True,True,False
0x3fd9914c8aca97271e04a809af26430126984e97,True,1445,586,379,207,64.7,0.52,-15266.39,23,1758154205950,1787922530294,344.5,-3819.39,0.25,0.0,0,0.0,,False,True,False
0x3ff54fd26855db3758d0b5ae7aed47440c47f705,True,2000,716,595,121,83.1,14.78,201403.8,1,1788575047008,1788805999992,2.7,2754.09,0.014,7180775.297779,1,251304.27,3.5,False,True,False
0x400d46963453bbe77120b5354eebdb65c0c710ff,True,1685,855,647,208,75.7,3.52,64369.26,1,1776036139895,1784905512885,102.7,3997.36,0.062,0.0,0,0.0,,False,True,False
0x40259623cab5f005ad42cb97289fb0afa46acff9,True,2000,842,487,355,57.8,1.49,1433.72,56,1761568499183,1788795632630,315.1,-556.52,0.388,0.0,0,0.0,,False,True,False
0x403000f14476c77348ce925b3d0b2c9a672a675a,True,2000,1062,636,426,59.9,0.8,-5303.49,7,1784748196505,1788650234425,45.2,2992.24,0.564,0.0,0,0.0,,False,True,False
0x404304fc11a889475ed22a2ebc8db6fe8f0d249b,True,2000,1101,554,547,50.3,1.73,70938.42,16,1763750379666,1788482427668,286.3,36096.87,0.509,45459.886754,1,32706.38,71.9,False,True,False
0x404ef3922cfeeae31e168ce4bdff9d6ff220546a,True,2000,1056,639,417,60.5,1.9,13005.21,17,1758821514728,1788348301400,341.7,4262.02,0.328,6891.637602,1,482.65,7.0,False,True,False
0x406304a6ab393f878c8457db66ab15e80746072e,True,2000,1106,588,518,53.2,0.91,-5260.12,14,1781109124981,1788770743016,88.7,-6686.26,1.271,15208.287567,1,-941.11,-6.2,True,True,False
0x407c4d595ba821e8ab4a300eb7707cf92ad71686,True,1043,517,278,239,53.8,1.31,2027.42,29,1775746046753,1784678666199,103.4,1006.44,0.496,0.0,0,0.0,,False,True,False
0x409036f2c494a4210ddcafead7afb9eaa533a39d,True,2000,993,103,890,10.4,0.14,-23429.68,4,1781129120203,1781358902686,2.7,-1031.95,0.044,0.0,0,0.0,,False,False,False
0x40aa0292ed88ebef01b85cda317dbbed8f060b02,True,2000,820,468,352,57.1,0.85,-5153.87,4,1763469368510,1781250636949,205.8,4824.6,0.936,0.0,0,0.0,,False,False,False
0x40c7e9977d99fd3db838ffb1e312ad9e2423c457,True,1828,874,663,211,75.9,1.71,10530.68,22,1714241527036,1786694696066,838.6,5614.45,0.533,1e-06,0,0.0,0.0,False,True,False
0x40e494cdd7f6ee95449e06a74b767fb93c3623c5,True,2000,1096,587,509,53.6,0.92,-7263.67,13,1767573875169,1788454013443,241.7,7506.0,1.033,10029.095252,2,461.25,4.6,False,True,False
0x40f276e97145db4d8833b1320ea8a4e6ca0454a2,True,2000,1389,1216,173,87.5,0.55,-8130.6,5,1788355829307,1788796519798,5.1,-3091.2,0.38,0.0,0,0.0,,False,False,False
0x4106bda1509230f6105178cb6a7010a9de2a9be4,True,2000,874,423,451,48.4,0.74,-3830.12,13,1781094619079,1785454602811,50.5,-1391.37,0.363,0.0,0,0.0,,False,True,False
0x4123aabd91367645aefea6c07cb6e8680dbf8c48,True,1380,664,404,260,60.8,0.66,-5111.4,6,1782301756981,1788525093285,72.0,-1758.26,0.344,0.0,0,0.0,,False,True,False
0x413814a7d66b730aa5325421839c7a6b512e0ea9,True,2000,913,567,346,62.1,1.72,14117.03,16,1772298780636,1775411146391,36.0,1857.31,0.132,0.0,0,0.0,,False,False,False
0x414daa657f09f26d827b81b1b1a40b48295499e4,True,2000,1000,400,600,40.0,1.12,267.36,52,1785233633697,1788775372391,41.0,121.79,0.456,25158.064515,50,1813.63,7.2,False,False,False
0x41646bc2211c2917ba41e0a51144bddadc1ad51a,True,2000,919,174,745,18.9,0.79,-505.03,27,1778657470507,1787890153467,106.9,-393.3,0.779,0.176391,0,0.0,0.0,False,True,False
0x417c44283a14e8334a9ee357b5c59e7982009893,True,2000,893,434,459,48.6,1.41,19083.4,7,1788014336146,1788603136202,6.8,14554.52,0.763,0.0,0,0.0,,False,True,False
0x418bb3784b47729839303fb82ab2f90b3b8d71a8,True,2000,1242,706,536,56.8,1.51,2547.29,3,1787372576833,1787629441205,3.0,216.41,0.085,0.0,0,0.0,,False,False,False
0x41a3c747bb82e988a2196a38bb1e3be2ccb0811e,True,1746,938,326,612,34.8,2.3,39495.7,11,1752330138831,1787338010088,405.2,6856.94,0.174,0.0,0,0.0,,False,True,False
0x41b6ec4d1c98fc1aba6b6ab0fbbefc4e8a0730c6,True,1320,577,397,180,68.8,1.67,48575.78,31,1747557022585,1788802084215,477.4,-22866.78,0.471,19885.638371,2,-226.0,-1.1,False,True,False
0x41d211b9a8d65515ab72f9313b1cac3511d24e56,True,2000,968,878,90,90.7,1.22,21246.83,4,1744052069362,1787861300053,507.1,-21666.7,1.02,43937.401199,2,-52380.83,-119.2,True,True,False
0x41eff4e547090fbd310099fe13d18069c65dfe61,True,2000,815,383,432,47.0,0.72,-23827.84,9,1762963719920,1784793332994,252.7,8508.59,0.357,0.0,0,0.0,,False,False,False
0x4208fe8a1a883f381d37dfbd6a2727f97421784d,True,821,461,382,79,82.9,39.66,29571.66,2,1766419181199,1780213495823,159.7,1861.9,0.063,0.0,0,0.0,,False,True,False
0x421349d8252db91af2f29b310d33020cb0ca2e97,True,2000,1071,331,740,30.9,2.62,28975.9,13,1779275856646,1788730492694,109.4,9412.69,0.325,0.0,0,0.0,,False,False,False
0x422372c35d9573251e352c3b554cf7f994c5e8f2,True,325,179,112,67,62.6,1.08,41.47,18,1787406269217,1788794319575,16.1,-137.29,3.311,2399.03481,2,348.18,14.5,False,True,False
0x4230d84bc168643535bddcc4b4d3aeec3989c19d,True,2000,1082,529,553,48.9,1.36,42.87,9,1788794889661,1788806360008,0.1,9.81,0.229,0.0,0,0.0,,False,True,False
0x4243da63c56d375faa2cdab0df2586fbbe3efffe,True,2000,662,648,14,97.9,35.78,14046.47,2,1776944857768,1777538044408,6.9,892.5,0.064,0.0,0,0.0,,False,True,False
0x4255355de386657783fcc10e23ba92fe67991e12,True,2000,1491,1120,371,75.1,2.26,4546.76,26,1787464809308,1788795809627,15.4,-543.8,0.12,8078.290112,21,1078.18,13.3,False,True,False
0x427070e33d630b0476bedba5d53db224913eb946,True,2000,1177,648,529,55.1,1.64,9460.88,9,1788530804583,1788802186656,3.1,1592.09,0.168,44666.394366,1,-2244.27,-5.0,True,False,False
0x429162b37cac9c6535498fac54b3b7d91614ee4f,True,320,170,129,41,75.9,2.16,1406.06,7,1786786922628,1788721253769,22.4,-267.84,0.19,12779.151612,1,-6218.51,-48.7,True,False,False
0x42a7545ee9d9b16a7b3ce31c031aa281162f1430,True,684,287,178,109,62.0,0.29,-23237.1,13,1748612042418,1787890153467,454.6,-9514.72,0.409,0.0,0,0.0,,False,True,False
0x42b6da83f99bfa38fe4870addb0329fb601bc5ec,True,1714,678,541,137,79.8,0.67,-6937.29,32,1774376501540,1788043126954,158.2,-5448.27,0.785,12.781935,0,0.0,0.0,False,True,False
0x42c355e0ed095e2e0e1433fcc558af5bfe3f86ff,True,2000,932,682,250,73.2,0.56,-36666.66,15,1784703280072,1788793126904,47.3,-47012.59,1.282,0.0,0,0.0,,False,True,False
0x42ecdd47265e5412973de30b074f9b944a1d8453,True,1621,523,294,229,56.2,0.11,-155454.84,180,1745781395756,1773483664875,320.6,-70375.3,0.453,0.0,0,0.0,,False,False,False
0x42ff03b60add419f4923064ace86d28e9d26fa67,True,2000,856,257,599,30.0,0.89,-992.55,32,1787276109125,1788795633189,17.6,1020.02,1.028,3357.75908,2,-541.14,-16.1,True,False,False
0x43121110aedad4d25e1dcb6109efb8682a02cad0,True,2000,1017,585,432,57.5,1.62,2494.3,13,1783479442216,1788301857470,55.8,232.2,0.093,0.004446,0,0.0,0.0,False,True,False
0x4333b16f1facdfa4dd68e50b96b50bab975d26ae,True,2000,1129,498,631,44.1,0.45,-2126.7,16,1760355000476,1784379408122,278.1,198.6,0.093,0.0,0,0.0,,False,False,False
0x433bc2095ebf7de3454a61fdd86c27d0cc01eddd,True,1812,872,575,297,65.9,3.31,12437.22,58,1732917306584,1780939577265,555.8,1653.68,0.133,0.0,0,0.0,,False,True,False
0x435506fbf5531a09d2dde275357d2c44672d0182,True,1270,667,73,594,10.9,0.05,-107124.23,2,1775489403459,1775653841296,1.9,-23118.36,0.216,1e-06,0,0.0,0.0,False,False,False
0x4371ebaaefeb8e56ea8448787508efefa2291d74,True,2000,1012,578,434,57.1,1.2,1299.16,31,1754972013772,1782518400047,318.8,789.95,0.608,0.0,0,0.0,,False,True,False
0x439017778f710cca2e3388a63b79097998db1672,True,204,90,35,55,38.9,3.01,1130.48,4,1782712444188,1787697158810,57.7,431.78,0.382,0.0,0,0.0,,False,False,False
0x43a907c297b294fddc288d0563f6ba5bce42257f,True,2000,980,352,628,35.9,1.38,4466.41,8,1788674814406,1788806039462,1.5,1795.49,0.402,56920.939477,3,-5104.77,-9.0,True,False,False
0x43bf097653b5fe932ea54e73aa72b07dec7ba701,True,211,79,23,56,29.1,1.48,8015.84,10,1743248380450,1787778827186,515.4,9880.5,1.233,0.0,0,0.0,,False,True,False
0x43d81d21f8f5ec6dcbe8ad2d66f914fa8da0b179,True,2000,879,572,307,65.1,4.26,68652.3,6,1783469801447,1787875896329,51.0,3445.8,0.05,0.0,0,0.0,,False,False,False
0x43fd0195a56f29f9cc3b487e1655acadd5014dcc,True,2000,1129,569,560,50.4,0.9,-3658.19,4,1781697993433,1788537748653,79.2,-4058.61,1.109,0.0,0,0.0,,False,True,False
0x440d36ec152b9ba9621ddbbfb2fc51bb561ea234,True,2000,942,294,648,31.2,1.26,2485.1,26,1776827603446,1783911641867,82.0,2149.61,0.865,0.0,0,0.0,,False,False,False
0x442773ff6c1133777375cb10ea0e88d748ef7e6a,True,2000,931,802,129,86.1,12.29,64107.47,16,1787286184135,1788796559897,17.5,2837.33,0.044,46997.386079,5,3201.75,6.8,False,True,False
0x44493f34b8497e8e1568d292d945e29adcf67e09,True,2000,908,417,491,45.9,1.01,541.0,24,1781016138393,1788804932582,90.1,2727.6,5.042,6685.976355,3,526.75,7.9,False,True,False
0x4456acf2f76f36cf616ffbd54054ce687cf53df4,True,831,344,102,242,29.7,1.24,2281.78,2,1778274713882,1783017447096,54.9,2216.99,0.972,0.0,0,0.0,,False,True,False
0x446327f8e02d4bb85c12282a35bab626d3ef995d,True,614,287,0,287,0.0,0.0,-2771.38,1,1783069957697,1783188271208,1.4,-138.08,0.05,0.0,0,0.0,,False,False,False
0x448993d3918dbbd4c7b82fdd12c20b34d9b5d563,True,1602,887,389,498,43.9,2.01,51322.55,2,1770220442040,1782194529008,138.6,7136.22,0.139,0.0,0,0.0,,False,True,False
0x449c736640a876685819c021896fe2e905906997,True,2000,1175,566,609,48.2,2.13,158401.53,25,1756417087384,1783728000046,316.1,44835.12,0.283,0.0,0,0.0,,False,True,True
0x44a7bdb5188ec6c7dc83e739522d1569ba1d59c9,True,2000,1002,230,772,23.0,0.2,-38988.74,14,1782396605882,1788287951295,68.2,-4191.57,0.108,0.0,0,0.0,,False,True,False
0x44b46345e0fb6bf7822a784f5ebbecfa49c12770,True,2000,715,465,250,65.0,0.5,-23453.65,12,1787655714998,1788786644937,13.1,-7882.53,0.336,0.0,0,0.0,,False,False,False
0x44c9c226cdfae773002b3f86d3966af3cd8f277c,True,2000,571,52,519,9.1,0.03,-41983.05,24,1788144400581,1788806348000,7.7,-5559.04,0.132,528907.172377,39,-455591.58,-86.1,True,True,False
0x44e044712a7f32ad47b4ff74dbe7e99c4c8b5a73,True,2000,988,564,424,57.1,2.47,11595.41,26,1784570435557,1788797179285,48.9,-2182.21,0.188,0.0,0,0.0,,False,False,False
0x44f043e6c058fba3e3ac1970b70c28fd4c76f511,True,2000,962,353,609,36.7,0.8,-3215.02,7,1773235594263,1775696878043,28.5,-1686.09,0.524,0.0,0,0.0,,False,False,False
0x44fbbb9a4b770ee85ae0ab434c7ffdb9fbe563df,True,2000,980,332,648,33.9,0.36,-22911.83,14,1781509012354,1784100077991,30.0,-1760.89,0.077,0.0,0,0.0,,False,False,False
0x450ccab041e676c1632bff1b416b9dd0d1f15aa5,True,2000,896,276,620,30.8,0.86,-1267.82,47,1786943686798,1788800678809,21.5,1799.45,1.419,2486.328539,3,-173.83,-7.0,True,False,False
0x451bbdef636d3f573c4819b0878fd4fe207a2224,True,2000,923,409,514,44.3,1.29,4801.56,14,1773470863356,1788579557110,174.9,1754.35,0.365,0.0,0,0.0,,False,True,False
0x45308e157be037168944230d55405bdb749ee0ea,True,2000,1045,271,774,25.9,0.72,-10060.96,12,1774364532276,1788556284519,164.3,2588.43,0.257,5713.459468,2,2622.54,45.9,False,False,False
0x453970503c56c4086b9ddcf13d7992bad698ebdf,True,2000,1000,562,438,56.2,0.6,-15209.65,15,1774470810375,1788668702102,164.3,-3548.64,0.233,4548.684419,2,300.88,6.6,False,False,False
0x45514f1a518b02e68939ac2397bc148586bdb3ad,True,2000,1102,255,847,23.1,0.25,-17155.09,16,1788080391207,1788803196358,8.4,1066.2,0.062,7882.004826,1,3.01,0.0,False,False,False
0x45690ccf6d26f92a3727d5d05b8aa84795d8a6f9,True,2000,1056,303,753,28.7,0.48,-6091.29,9,1788469504799,1788800760583,3.8,470.51,0.077,10611.060372,2,179.22,1.7,False,False,False
0x457b767c5ee8e037248180541a6940078eae442b,True,1621,695,504,191,72.5,2.53,68277.42,5,1781211975028,1788709692759,86.8,12087.02,0.177,16581.19589,1,-285.5,-1.7,False,True,False
0x4596265e3b2d1a5024e9e816f764d052933f64a2,True,2000,906,382,524,42.2,2.9,48728.33,65,1712697598222,1775653377360,728.7,14960.51,0.307,0.0,0,0.0,,False,True,False
0x45a4ec66624a1f41a60c10720c44a807279f11af,True,2000,813,447,366,55.0,1.28,8430.4,58,1751835792946,1782712821708,357.4,-2720.53,0.323,0.0,0,0.0,,False,True,False
0x45ba96e0d21b918165bb885448177a5e6eb821b9,True,470,182,62,120,34.1,0.33,-5665.9,19,1769589765680,1779580800038,115.6,-2244.46,0.396,0.0,0,0.0,,False,False,False
0x45d9ac0d82dae96a271562d8e3af74e37597a1fc,True,84,44,44,0,100.0,inf,2846.12,2,1775759042062,1776378108015,7.2,745.14,0.262,0.0,0,0.0,,False,False,False
0x45e80d5968cec14c7cda7b3fb2c43afbe5dcba91,True,2000,951,368,583,38.7,3.4,72654.07,4,1785643591292,1788539127570,33.5,6835.68,0.094,107692.504218,1,14392.97,13.4,False,True,False
0x45f54ca868ba81ccf309413f34014228d43a92e3,True,2000,1145,778,367,67.9,3.09,60561.47,7,1787381341646,1788798518714,16.4,3996.93,0.066,0.0,0,0.0,,False,False,False
0x46087eee29e52982d6169bee30f276bec678b588,True,2000,929,537,392,57.8,0.95,-316.84,15,1786201935137,1788781031400,29.9,-242.52,0.765,0.0,0,0.0,,False,True,False
0x461b9fb9faceb639ed23933a70cd33e67c9ae615,True,2000,908,132,776,14.5,0.45,-3504.99,3,1788310869703,1788784503587,5.5,-357.02,0.102,0.0,0,0.0,,False,False,False
0x4638364eb43798ce22d9179580cbf83290f1f9c3,True,2000,916,548,368,59.8,1.74,16986.79,5,1759757336586,1780814183232,243.7,8070.03,0.475,0.0,0,0.0,,False,True,True
0x46563764142e45a48a9eb995c3771d7c53c873cf,True,2000,1006,335,671,33.3,0.55,-3933.76,18,1782563635978,1787407179089,56.1,-1732.65,0.44,7134.740563,4,8953.21,125.5,False,True,False
0x468ccf43f6a8e2b7a91696231a71e9a8777ae410,True,2000,947,502,445,53.0,1.29,3975.0,20,1787967550277,1788800671716,9.6,-920.86,0.232,24406.330935,6,644.47,2.6,False,True,False
0x469c312c9d393b812725fc46a3a4a77d7f07db68,True,2000,988,759,229,76.8,1.52,4170.28,15,1788343594842,1788805122625,5.3,-850.07,0.204,27084.539089,10,979.28,3.6,False,False,False
0x46aaa57f6cddc0291a72898e9973b7da9c58b218,True,1265,520,256,264,49.2,0.81,-3827.04,12,1734320796732,1780701166009,536.8,-3603.96,0.942,0.0,0,0.0,,False,True,False
0x46bbf0edba51ae50088284daa5616868d94b9fb8,True,2000,1113,376,737,33.8,0.84,-1268.26,22,1781260537684,1788445536744,83.2,318.29,0.251,41.235316,1,-10.09,-24.5,True,True,False
0x46efda6f24c616ee951fabfc18f0370e3c66f744,True,2000,862,693,169,80.4,0.83,-615.42,45,1786782213870,1788806456703,23.4,-889.59,1.445,4236.61542,8,1708.99,40.3,False,True,False
0x46ff50afcad1ee9564fdefff691265bd59bedb66,True,97,33,18,15,54.5,0.7,-4523.21,6,1775464747303,1785776383462,119.3,-14722.3,3.255,0.0,0,0.0,,False,False,False
0x470f95e4416715ef5bde33e7e6656e0d9687600a,True,2000,941,696,245,74.0,1.46,2660.98,7,1781103939383,1788534762642,86.0,-603.46,0.227,0.0,0,0.0,,False,True,False
0x4739ef79899f68f0c37850b8e0717437da560958,True,2000,1032,462,570,44.8,1.38,30851.74,35,1725207145579,1786314659045,707.3,-5732.1,0.186,0.0,0,0.0,,False,True,False
0x474bad4993e557fb655be075d7e80d77b7b1cfdc,True,641,384,215,169,56.0,0.8,-1161.95,1,1766920151192,1787172672468,234.4,-1890.89,1.627,0.0,0,0.0,,False,True,False
0x4778431310b40c6b60b2e1cfe732d913b224231c,True,1418,631,266,365,42.2,1.76,17767.38,3,1788610715250,1788788379126,2.1,7110.44,0.4,41759.670278,1,-3656.58,-8.8,True,False,False
0x47975528c0b28363243ab3c6beecb7c005012f0c,True,2000,1095,742,353,67.8,1.1,2599.22,8,1776344520418,1777132839467,9.1,-2545.8,0.979,0.0,0,0.0,,False,True,False
0x47a67aa6257567876fefa1e2d4872f42d7a6f08c,True,2000,922,537,385,58.2,1.22,1497.81,10,1771178327577,1788627755560,202.0,760.31,0.508,0.0,0,0.0,,False,True,False
0x47ce82eb2d80e1e1a3e6e674914850c9b2f56842,True,1941,1016,345,671,34.0,0.16,-74805.68,10,1741731428348,1782217631720,468.6,-5427.22,0.073,0.0,0,0.0,,False,True,False
0x47df2a47cdf6607eaa0aaceb2dfefb0cacfd6e33,True,638,339,280,59,82.6,1.02,225.67,1,1779989871130,1780463388918,5.5,-2023.96,8.969,0.0,0,0.0,,False,False,False
0x47eeba0b1c83c1e1af5eef159d9060e779a8fe60,True,2000,1126,1123,3,99.7,55.4,4937.64,2,1788326345054,1788796652993,5.4,458.56,0.093,173038.721161,1,-1296.51,-0.7,False,True,False
0x4801fb13b7c1121a58413eb49e79725b3589a24e,True,2000,1048,583,465,55.6,0.94,-2369.56,4,1787691922455,1788388242474,8.1,-5769.0,2.435,0.0,0,0.0,,False,False,False
0x481fc551df1d62024ca2a96ba46f716ed092db9f,True,2000,953,292,661,30.6,0.83,-3685.42,21,1782110609088,1788789060287,77.3,1679.62,0.456,12624.920837,0,0.0,0.0,False,True,False
0x48398c713a4511bb2c7639825a3a6ffeaf2810be,True,2000,818,242,576,29.6,1.3,522.51,12,1773328376807,1788652800016,177.4,227.14,0.435,0.0,0,0.0,,False,False,False
0x4856a71dbb26e407b12900c94db068f3eb70fcc7,True,1033,428,341,87,79.7,1.09,461.68,13,1735545517544,1782403747176,542.3,-1027.56,2.226,0.0,0,0.0,,False,True,False
0x4873ea3c845ad96be2805479f8c1e3f221a96369,True,598,211,74,137,35.1,0.8,-3728.12,8,1782548689638,1787739045550,60.1,-8234.83,2.209,0.0,0,0.0,,False,True,False
0x4892c47d20496953dcbf06d2e8289fa5c8c07667,True,2000,724,217,507,30.0,1.08,1427.75,1,1784784694803,1787133356097,27.2,1933.08,1.354,0.0,0,0.0,,False,False,False
0x48aa9d67cb713804c005516bca7769c159d7897c,True,2000,981,341,640,34.8,1.01,27.67,13,1776932465255,1788762856978,136.9,149.46,5.401,0.0,0,0.0,,False,True,False
0x48bfb992b8adc162ec405249d8ff6fbe17eeb921,True,2000,902,561,341,62.2,1.15,4834.75,7,1766054358926,1788526916566,260.1,-7714.99,1.596,0.0,0,0.0,,False,False,False
0x48cf9ab05791c1a3c0f2079f52820ffacae9c75d,True,220,80,51,29,63.8,0.38,-11095.77,7,1748351064936,1788344587073,462.9,-5859.55,0.528,0.0,0,0.0,,False,True,False
0x48d826da83e69844f2f84b2db50703a933d137a2,True,2000,1690,1173,517,69.4,0.9,-58623.15,8,1785301203543,1788794305108,40.4,-77683.05,1.325,0.0,0,0.0,,False,False,False
0x48f4b39fbdd7ebbb622a6985ba2f024ee6fa09b0,True,2000,971,424,547,43.7,1.53,8699.42,4,1780465374694,1787934309563,86.4,5329.08,0.613,0.0,0,0.0,,False,True,False
0x4909e918ed7acfab30d9569f2e570c7c8d222181,True,569,69,20,49,29.0,0.04,-67822.34,1,1777796934871,1779076076007,14.8,-61732.44,0.91,0.0,0,0.0,,False,True,False
0x491cd10abeb9697284705f2cf93caa7fead45598,True,2000,948,272,676,28.7,0.76,-1613.37,14,1776179431981,1785844350994,111.9,442.72,0.274,0.0,0,0.0,,False,True,False
0x49320b1ece775f138a9812232a1f1619b8139aae,True,762,353,215,138,60.9,1.44,3151.78,7,1781277210058,1787932545650,77.0,-2333.58,0.74,72940.561087,1,34097.79,46.7,False,False,False
0x4947e2aa7bf06206ea7512d0e3ac6167e5cdb9a2,True,2000,1092,260,832,23.8,0.59,-5747.16,27,1765206140158,1780563793063,177.8,541.05,0.094,0.0,0,0.0,,False,True,False
0x4957a80a5fe3d6a47295068db4ca86cb2af0ba57,True,2000,1142,466,676,40.8,0.88,-714.83,10,1787061082091,1787323432226,3.0,-161.96,0.227,0.0,0,0.0,,False,True,False
0x498e57a8a689523c957b79692d4dc81b7eafd203,True,2000,1017,787,230,77.4,1.04,1025.01,43,1744604676119,1777636976883,382.3,-16720.21,16.312,0.0,0,0.0,,False,True,False
0x49a1d3c50386f4baaf355d7561c85342f933e6f1,True,2000,932,691,241,74.1,0.83,-8048.0,7,1780835615050,1783353063307,29.1,-13642.17,1.695,0.0,0,0.0,,False,True,False
0x49c1b2b92a7b8419b49393abc07a271b12279a85,True,2000,1119,355,764,31.7,0.84,-1804.67,1,1783265508453,1787819396695,52.7,932.94,0.517,0.0,0,0.0,,False,True,False
0x49d2fe59b3e005a6f89f62253c698ccc1beee440,True,908,381,285,96,74.8,2.02,2577.41,7,1757749662616,1786126985415,328.4,-939.72,0.365,10202.005714,0,0.0,0.0,False,True,False
0x49e96e255ba418d08e66c35b588e2f2f3766e1d0,True,2000,1193,391,802,32.8,0.85,-4464.2,27,1788554358489,1788804623554,2.9,-6871.41,1.539,0.0,0,0.0,,False,False,False
0x4a0a6e10763202ecb0e3c9adf283dd09e4b2417b,True,2000,901,480,421,53.3,0.51,-18935.91,10,1768826518418,1788434074767,226.9,-18303.04,0.967,3772.529791,3,-63.92,-1.7,False,False,False
0x4a18c4611deaaa40d07ecfbfa248516817dbab97,True,2000,1061,408,653,38.5,0.85,-8843.53,4,1774360705552,1776165312071,20.9,-8566.45,0.969,0.0,0,0.0,,False,False,False
0x4a1f8d6b928269561ecee07023cb322cb72ed8c3,True,1666,807,418,389,51.8,1.11,1466.77,56,1714517759017,1785409755972,820.5,1198.76,0.817,0.0,0,0.0,,False,True,False
0x4a33001459ae32810c1329d0e6fea7211c124d7e,True,2000,640,299,341,46.7,0.83,-2977.27,30,1760698654039,1788670386502,323.7,1355.83,0.455,1528.750599,3,513.11,33.6,False,True,False
0x4a4a2fa0cf9ee113b9d026e93edd835edae048eb,True,2000,962,289,673,30.0,0.08,-4879.97,60,1770134404705,1787616000004,202.3,-800.97,0.164,2060.525,1,-1474.15,-71.5,True,True,False
0x4a671356dddf2e12bcba704bee80b956d7e0da8d,True,2000,763,441,322,57.8,1.62,30069.16,13,1779062796107,1786556496308,86.7,-5234.6,0.174,0.0,0,0.0,,False,True,False
0x4a78b12e1be2fb4712ea947284d6fda9b1703766,True,2000,1070,310,760,29.0,0.88,-2783.82,12,1782130936816,1788685903345,75.9,-810.61,0.291,712.526668,1,-35.69,-5.0,True,True,False
0x4a8713628be84087f7dd847ac704f3bd5e3ba286,True,1127,559,212,347,37.9,0.72,-2537.24,20,1781288471653,1788748784636,86.3,-487.35,0.192,0.0,0,0.0,,False,False,False
0x4a9e8dfc37c2e8e1df904ab35ac1b4479cfe32f7,True,2000,875,779,96,89.0,0.8,-2408.95,34,1778749295251,1787063772903,96.2,-4811.15,1.997,0.0,0,0.0,,False,True,False
0x4aada58e425bb36c8cb39cd4e3ebf8571b76b2b5,True,2000,977,107,870,11.0,0.02,-120486.5,1,1783902363163,1788529658551,53.6,-1454.52,0.012,48246.208345,1,2829.04,5.9,False,True,False
0x4ac04f6af8e64b7eb9d8ad22f3b8b0fe80d6b58b,True,2000,1056,647,409,61.3,0.62,-10176.5,2,1780952240531,1782949927290,23.1,-2355.76,0.231,0.0,0,0.0,,False,False,False
0x4adbfdee6188df8a24eaeee87c9bdebd4dd3fb64,True,2000,925,293,632,31.7,0.68,-17141.9,5,1782831386067,1788795190671,69.0,6039.26,0.352,0.0,0,0.0,,False,False,False
0x4af98ae1457c2ab4a01f9ab130e69cf0048abaa1,True,2000,937,474,463,50.6,2.59,9203.8,51,1787387586567,1788776406887,16.1,831.88,0.09,209710.782777,50,15476.88,7.4,False,False,False
0x4b1c09fa8322548360a76a3747e32a60a864bc38,True,2000,467,153,314,32.8,0.1,-7722.39,19,1788388957010,1788803843701,4.8,-262.64,0.034,1604230.643601,21,-351319.37,-21.9,True,True,False
0x4b420e0b87690b22325df5d2b4c44b227b015f1b,True,1532,783,328,455,41.9,0.76,-2498.82,10,1768135036299,1787659574352,226.0,-776.15,0.311,0.0,0,0.0,,False,True,False
0x4b572d3c753ba428c1dd13a1507f2bf71666a16e,True,2000,932,368,564,39.5,0.67,-193.99,11,1772631791192,1784714592760,139.8,-164.46,0.848,0.0,0,0.0,,False,False,False
0x4b6d234f7976f91b77408c7e1728db1d07bec573,True,2000,899,680,219,75.6,1.51,33851.34,7,1755872265089,1787217193214,362.8,-3834.71,0.113,0.0,0,0.0,,False,True,False
0x4b9b60ccb8c40581890f2224dafd7f826967f47a,True,2000,1104,262,842,23.7,0.63,-21721.22,19,1772809588264,1788482999857,181.4,4283.06,0.197,0.0,0,0.0,,False,True,False
0x4bafc8eca50fc3208fb2520a2a49980768ec60f6,True,2000,972,972,0,100.0,inf,139648.42,7,1772536725818,1788534574158,185.2,10384.26,0.074,0.0,0,0.0,,False,True,False
0x4bc0046e4560c7187e9e854194bf1d92a49988b3,True,875,377,169,208,44.8,1.05,2635.94,32,1779206336034,1787862247144,100.2,11929.96,4.526,0.0,0,0.0,,False,True,False
0x4bd08fbf62eade91d1431d987c7fd348099b0599,True,531,240,122,118,50.8,3.4,1509.83,2,1773845690885,1774612042548,8.9,218.8,0.145,0.0,0,0.0,,False,False,False
0x4be570decbe1ea874ab758fef709adfcd36d0db5,True,1103,537,145,392,27.0,0.39,-15811.77,7,1774523030832,1777580751872,35.4,-3458.21,0.219,0.0,0,0.0,,False,False,False
0x4bf5967b70c789ce0e42054914833f71d26f6f52,True,2000,758,392,366,51.7,1.63,3737.42,9,1786374117562,1788796518327,28.0,-666.06,0.178,7221.42029,4,2703.49,37.4,False,True,False
0x4c11a7fa45f67f09b9c35da910170237d1248f22,True,2000,990,401,589,40.5,0.73,-6603.66,14,1782394855349,1788767605655,73.8,-1223.69,0.185,968.530027,1,-25.5,-2.6,False,False,False
0x4c2d44d7cb20d5006df69b3c5211b0a352534b5b,True,2000,922,197,725,21.4,1.66,14790.04,12,1784048930854,1788681225665,53.6,3866.12,0.261,4346.566916,1,7188.47,165.4,False,False,False
0x4c496ea116a09651778e480b2e7e5aba78514521,True,2000,1053,476,577,45.2,1.22,711.38,3,1787995453729,1788794470999,9.2,137.48,0.193,50478.193988,0,0.0,0.0,False,False,False
0x4c68a2131db4c30c91cbf10c6b754e9bab85d0fd,True,1893,681,255,426,37.4,0.1,-13682.96,20,1785474076041,1785480283286,0.1,-1555.16,0.114,0.0,0,0.0,,False,False,False
0x4c7fe7f32f81bca54db488325127f9f08f51f46a,True,2000,1215,654,561,53.8,1.49,15774.72,5,1766155156261,1788486834054,258.5,2492.49,0.158,0.0,0,0.0,,False,False,False
0x4c9b406fe4f2eb07f41645a29719812c353cdf97,True,2000,802,609,193,75.9,0.21,-28351.3,17,1785419375482,1786557162635,13.2,-2319.84,0.082,0.0,0,0.0,,False,True,False
0x4cb35baaa6fe5dec74bfb02a82c653b60aa8042e,True,1763,861,573,288,66.6,1.47,22052.87,23,1733283950144,1784338654603,590.9,-5012.0,0.227,0.0,0,0.0,,False,False,False
0x4cc65d1a9b11b5c6840658e9ef0c4712432184bd,True,2000,986,712,274,72.2,0.59,-10502.27,8,1773614640630,1778275764378,53.9,1953.84,0.186,0.0,0,0.0,,False,False,False
0x4cdafd885a94df51caef4b1daa96e0436d64e242,True,2000,1119,539,580,48.2,1.11,1047.45,17,1781481065578,1788488711058,81.1,-1504.36,1.436,0.0,0,0.0,,False,True,False
0x4d0068c5a1cd898297fa0b93684d96b494b4b350,True,1129,545,227,318,41.7,0.77,-1267.12,15,1752668822223,1781600031729,334.9,-826.23,0.652,0.0,0,0.0,,False,True,False
0x4d26e10a2b54b1d4d4c1d65039f4ec0a033df93b,True,2000,909,515,394,56.7,2.34,31347.91,22,1785975976849,1788742628014,32.0,4836.95,0.154,42450.068588,5,26206.54,61.7,False,True,False
0x4d3980ac9d84fc34adcd025ee2337786846343c4,True,2000,855,204,651,23.9,0.7,-7538.59,10,1788612483877,1788798005250,2.1,5247.94,0.696,37971.380116,2,5495.76,14.5,False,True,False
0x4d5e97ae5106299fe9c2caafef3791ad71a056b1,True,2000,1066,407,659,38.2,0.82,-907.85,11,1767364670802,1786705419789,223.9,-1251.87,1.379,0.0,0,0.0,,False,True,False
0x4d6abb03613034e9ca9c36efe8eaceb9e767f4f7,True,1115,536,325,211,60.6,1.46,3028.35,59,1735125232562,1788799319195,621.2,933.22,0.308,2526.267825,2,-7147.68,-282.9,True,True,True
0x4d8051748c448a392999188c8463445cb961d9d3,True,473,213,75,138,35.2,0.65,-2556.14,50,1721779200121,1788758802912,775.2,-556.35,0.218,1978.402475,1,-14.41,-0.7,False,False,False
0x4d94ed6e42e2be7683e15654223182e1143aac72,True,1257,530,209,321,39.4,0.29,-56539.93,23,1762906124062,1787215641488,281.4,-42753.41,0.756,0.0,0,0.0,,False,True,False
0x4da577b56741299e2c3fcdfa3ffa41a771b80abe,True,2000,668,534,134,79.9,10.3,99055.95,3,1788131827091,1788785959025,7.6,-2245.61,0.023,0.0,0,0.0,,False,True,False
0x4dc1484312a09612fb10e79553b4de49d68367ce,True,778,184,86,98,46.7,0.74,-914.18,21,1768583834392,1780099200028,133.3,-1120.21,1.225,0.0,0,0.0,,False,True,False
0x4dd53d37d0cf17b7ac527651e22179bcee62aa5f,True,142,82,35,47,42.7,0.2,-1750.61,6,1784123506538,1784810190698,7.9,-783.36,0.447,0.001185,0,0.0,0.0,False,False,False
0x4df7e8db0bcae3c468093b6246823436678b797b,True,20,13,13,0,100.0,inf,87.92,3,1768553839877,1773909178218,62.0,42.63,0.485,0.0,0,0.0,,False,False,False
0x4e09f1bfb2917c5da2d721715ca36e7b4258ae7d,True,1983,990,451,539,45.6,0.71,-7141.04,16,1772840391810,1781801225546,103.7,-3271.2,0.458,0.194884,1,0.09,46.8,False,True,False
0x4e2d6465249145cab0a40eaa45ce8f7dc0abb504,True,2000,1309,715,594,54.6,3.21,16905.22,25,1788707371993,1788807399841,1.2,1599.56,0.095,732986.376205,27,-6228.94,-0.8,False,False,False
0x4e3f9fe856cf1d909ca2521b18ec5ae310d514a7,True,2000,1885,89,1796,4.7,0.08,-184068.25,2,1785952008699,1788572062581,30.3,-1745.83,0.009,568785.556188,0,0.0,0.0,False,False,False
0x4e587b749ed7650189f240d24c1173a61e70f536,True,2000,675,273,402,40.4,0.39,-34287.52,22,1775370472973,1779477029688,47.5,-4476.53,0.131,0.0,0,0.0,,False,True,False
0x4e66fe9d749f1ef6ac2cf43caf699c80aa5b1d05,True,2000,1009,474,535,47.0,0.45,-13475.56,51,1784756122047,1788802220320,46.8,-1996.17,0.148,0.0,0,0.0,,False,False,False
0x4e8d91cb10b32ca351ac8f1962f33514a96797f4,True,2000,845,569,276,67.3,0.43,-38893.0,2,1767530701062,1779805110072,142.1,-10868.08,0.279,0.0,0,0.0,,False,True,False
0x4ec911515f810269ca48d61059ca70fd41012618,True,289,129,66,63,51.2,1.13,151.53,14,1708099938517,1775822227379,783.8,-152.24,1.005,0.0,0,0.0,,False,True,False
0x4ee36a93b7794c04bde3c8941a62c5bd12f13267,True,2000,909,423,486,46.5,1.11,1502.81,15,1788329181535,1788790577184,5.3,-4317.58,2.873,14590.672091,4,1775.84,12.2,False,True,False
0x4ef449822b700e970ce8889807b0cfb22b7ae0ee,True,2000,881,298,583,33.8,0.8,-2655.43,11,1779854568666,1781791835174,22.4,-824.95,0.311,0.0,0,0.0,,False,True,False
0x4f0289f688194ca041974579fa216027d86ba525,True,2000,993,327,666,32.9,1.2,10161.43,4,1784106782002,1785873943291,20.5,4699.34,0.462,0.0,0,0.0,,False,False,False
0x4f1d595c24daf487641767dcf08e7738136aae09,True,2000,926,293,633,31.6,0.69,-2976.83,53,1771932401046,1788790815249,195.1,-993.9,0.334,0.0,0,0.0,,False,True,False
0x4f3577adab09f24e803dafb96af8a5fc78c2327d,True,2000,963,571,392,59.3,3.12,8210.8,32,1787101237943,1788801244915,19.7,413.61,0.05,5782.947109,2,1994.83,34.5,False,True,False
0x4f5ab959994d3e8f8220624b1a11eb351ca3df54,True,646,316,119,197,37.7,1.22,4206.59,4,1768342495121,1780497414132,140.7,-1472.64,0.35,0.0,0,0.0,,False,False,False
0x4f6f6b94a19d38519fc2bd8e798eb4204f68a8c2,True,136,56,56,0,100.0,inf,55663.47,1,1770886093579,1778497209922,88.1,12490.51,0.224,0.0,0,0.0,,False,False,False
0x4f84815670069c50ced30dba1c1ad0bfee17940c,True,2000,1009,351,658,34.8,0.79,-223.5,52,1784074469834,1788792843826,54.6,-46.57,0.208,10545.991183,50,1018.81,9.7,False,False,False
0x4f94705cd7a1405244ac7873797a06c61d8116b4,True,557,301,233,68,77.4,1.39,5374.6,28,1737759135368,1788270207916,584.6,-2907.52,0.541,21906.475496,0,0.0,0.0,False,True,False
0x4fa8399d8dda4bfb562c1abc21ab54bd40197620,True,739,264,142,122,53.8,0.74,-2054.98,26,1759713484217,1788449526328,332.6,2228.19,1.084,0.0,0,0.0,,False,False,False
0x4fba10474b64b0e02ae11a5a3523c461b132d2e5,True,225,118,96,22,81.4,1.41,10847.71,1,1770388318724,1787444859626,197.4,-10768.87,0.993,721.226751,1,-212.74,-29.5,True,True,False
0x4fdeae7a71b36f92ba55790a037b26a8f44890e1,True,1008,405,171,234,42.2,1.18,10901.24,3,1779550098346,1787288159270,89.6,-11064.21,1.015,0.0,0,0.0,,False,True,False
0x4fea06ebcd0e9d58cf98a2bafe06f4dba0c6d0f3,True,604,251,229,22,91.2,7.37,28987.28,4,1782677524079,1788502843441,67.4,3277.82,0.113,0.0,0,0.0,,False,False,False
0x4ff9b58ed112bf3df108d1d62bd95e7352ef38d3,True,2000,1463,507,956,34.7,0.01,-2293710.36,3,1782410781302,1785945574809,40.9,-152861.5,0.067,0.0,0,0.0,,False,True,False
0x50087d592e9eda8fd530e41cf8d33b6f5b1ae441,True,2000,1110,887,223,79.9,1.71,1851.73,1,1776121151922,1778782269509,30.8,313.35,0.169,0.0,0,0.0,,False,True,False
0x501a79b03007719f0b7833c99de8cbe68ccb31ae,True,2000,1052,455,597,43.3,0.8,-10497.84,15,1763198639215,1788795605527,296.3,2728.27,0.26,0.0,0,0.0,,False,True,False
0x503718ba2a3cd69d760c2e1538cd4a7f4823db1c,True,2000,850,347,503,40.8,0.22,-47434.27,13,1779579714612,1788806201309,106.8,-3474.49,0.073,122569.230478,4,29611.29,24.2,False,False,False
0x5048900eb10b569e77f515efe85f8da5cfd5fb3a,True,585,303,199,104,65.7,1.7,7515.69,36,1773706210691,1780504461408,78.7,2773.88,0.369,200.156726,0,0.0,0.0,False,True,False
0x505bfa308f47bf15f2bd7e31b9bc2c21d5ba15f6,True,2000,1387,182,1205,13.1,0.28,-73160.19,3,1780325629975,1784119243210,43.9,8303.9,0.114,0.0,0,0.0,,False,False,False
0x50669d62fc3569411b3892091c9266af2fc12c74,True,2000,707,344,363,48.7,1.5,741.18,62,1786523553811,1788445658559,22.2,-257.83,0.348,0.0,0,0.0,,False,True,False
0x50776d6f50f1208769a5d37f47e82ec576fefc43,True,2000,952,406,546,42.6,2.43,59970.74,5,1784141642805,1788795204627,53.9,9937.67,0.166,0.0,0,0.0,,False,False,False
0x5082cc46f2b5ec6a348e50737e7d79e1c899fe1b,True,1681,880,610,270,69.3,2.81,73767.58,4,1749473459254,1787579255904,441.0,-8988.75,0.122,33847.789318,1,-69258.52,-204.6,True,True,False
0x50b309f78e774a756a2230e1769729094cac9f20,True,2000,1072,1072,0,100.0,inf,90461.46,1,1788446963679,1788474509930,0.3,6228.67,0.069,306144.23744,1,-126831.86,-41.4,True,False,False
0x50e24348905d4a8ad53d953524264016d28ad770,True,2000,1162,344,818,29.6,0.58,-138422.09,4,1774556871759,1786047978491,133.0,-67255.38,0.486,411148.502464,1,294020.0,71.5,False,False,False
0x50f41045b5ddec5b7cd2d0712d679cf320b6d6dd,True,2000,1060,328,732,30.9,0.95,-499.32,9,1785919239549,1788672826957,31.9,980.25,1.963,0.0,0,0.0,,False,False,False
0x510bcbc42014202defc4cdda2bfb97df87399257,True,911,500,121,379,24.2,1.58,1770.67,15,1761650785559,1788789975914,314.1,-512.56,0.289,1958.78592,0,0.0,0.0,False,True,False
0x51210012b6f159dd381c20f34761bb1e6ad3bfb4,True,180,74,74,0,100.0,inf,8048.49,2,1779102355038,1779494774104,4.5,852.19,0.106,0.0,0,0.0,,False,False,False
0x513aedace44cc9a0724ca276a8ceeee950903576,True,2000,918,687,231,74.8,0.72,-16791.46,38,1734377767213,1787586253223,615.8,-9360.97,0.557,0.0,0,0.0,,False,True,False
0x51549a360cf6c8bcb383d82a904501fcb4ba701a,True,2000,1036,386,650,37.3,1.02,33.92,52,1784969764121,1788781962518,44.1,84.16,2.481,25125.32178,50,1266.6,5.0,False,True,False
0x5167a32c4ec622f8f43d05c39fa66a8acce958aa,True,1039,462,360,102,77.9,2.35,15986.98,2,1782988345386,1788790004215,67.1,-2463.13,0.154,0.0,0,0.0,,False,False,False
0x51768a477cba059e75b768bf8efbb5141a330334,True,2000,776,316,460,40.7,0.11,-41088.96,2,1788713172419,1788807602072,1.1,-8025.91,0.195,218208.643216,2,-1608.93,-0.7,False,False,False
0x518661f1fa5ad3966db7d9e2b79b955f3fcf2a6e,True,2000,1037,434,603,41.9,1.2,6742.45,34,1731774458343,1787245383703,642.0,-7068.46,1.048,0.0,0,0.0,,False,True,False
0x51a2beca260fd5a0cf466e54f4fda2e797aa6be0,True,2000,940,334,606,35.5,0.42,-6139.66,16,1778160760427,1780974940469,32.6,860.5,0.14,0.0,0,0.0,,False,False,False
0x51a8f2133adfdfb3f0d1316eb1672ca924234fb1,True,2000,1238,215,1023,17.4,0.26,-42557.48,9,1777988209175,1780620761843,30.5,-5442.26,0.128,0.0,0,0.0,,False,True,False
0x51bfb1263d36ce0794e346c2da4d056675f78c19,True,93,42,13,29,31.0,2.05,5443.33,6,1744413504222,1787742045640,501.5,10576.94,1.943,1827.382377,1,-539.44,-29.5,True,True,False
0x51ce8b659edfd3ae25228a131da344ac4e75939a,True,2000,1041,446,595,42.8,1.28,939.4,51,1785832191974,1788775953138,34.1,235.79,0.251,34650.144793,50,2514.66,7.3,False,False,False
0x51dc604c655910e402735edc2d8e80336bfee7a4,True,1956,1004,428,576,42.6,0.63,-10429.91,10,1781394588688,1782218164492,9.5,-2182.73,0.209,0.0,0,0.0,,False,True,False
0x51f3a19c1dfd8d7fe670e43ce0f66648789c8b34,True,2000,995,687,308,69.0,21.94,1230061.96,3,1783017009943,1788530420717,63.8,188508.0,0.153,809516.585969,1,504192.42,62.3,False,True,False
0x5216ced8c6827f2662a7b5235298ab7d85d9c6eb,True,2000,1019,534,485,52.4,0.52,-47368.22,24,1759242453646,1785488043315,303.8,-6621.21,0.14,0.0,0,0.0,,False,False,False
0x523096ffa95760056c080993684f89e934028130,True,2000,912,289,623,31.7,0.92,-394.24,2,1776267697283,1782229420783,69.0,-537.18,1.363,0.0,0,0.0,,False,True,False
0x523852be2db1a76a0e088ecbff32e849544054e5,True,2000,1322,729,593,55.1,0.88,-1807.15,4,1788790057447,1788807112435,0.2,582.38,0.322,533389.77389,3,35.19,0.0,False,True,False
0x524e0c66f6bee295650b0bcdb7e5069188f778db,True,1913,1000,745,255,74.5,0.68,-3980.76,96,1734314956394,1778976000019,516.9,-2364.58,0.594,0.0,0,0.0,,False,True,False
0x526bb59ca10180cfdecb344e42915682ab9b775a,True,189,99,64,35,64.6,1.04,463.18,4,1775657427061,1788792319875,152.0,5127.43,11.07,0.0,0,0.0,,False,False,False
0x528a15eca166a1804f0b3420494ebe0f4cb229fe,True,527,242,103,139,42.6,0.29,-9583.98,10,1776088468301,1788745605101,146.5,-3971.18,0.414,8185.851583,2,7302.81,89.2,False,False,False
0x529eca6d04a741a26a06e9c4012fad3ed2815148,True,1201,616,353,263,57.3,1.8,36558.96,16,1737386059804,1788796334876,595.0,14943.15,0.409,27747.655604,0,0.0,0.0,False,False,False
0x52aff2aafa35e9a7bb17755d2099d76753519eec,True,2000,896,414,482,46.2,0.87,-17622.96,33,1775097297271,1788791025336,158.5,16796.69,0.953,43794.804625,2,-5513.3,-12.6,True,True,False
0x52cc89b8771de74322775d9519897ed3a11cc552,True,2000,612,579,33,94.6,15.06,7685.07,10,1788483907776,1788807686990,3.7,745.4,0.097,33602.080188,1,-3098.65,-9.2,True,True,False
0x52e8156bd13058682194c8989fcf20940bb6ba2f,True,2000,902,477,425,52.9,3.05,193032.11,34,1708439897890,1788529279300,927.0,25050.65,0.13,112292.90291,1,-11625.56,-10.4,True,True,False
0x52ff252da2e9e9eb1ed7039506facede57f5acce,True,324,137,45,92,32.8,0.8,-4975.42,2,1782012998652,1782999264863,11.4,3889.47,0.782,0.0,0,0.0,,False,True,False
0x53136b4a7c432585f28903b77c7816a723e0271f,True,2000,1154,533,621,46.2,1.9,255.74,115,1788805140644,1788807762025,0.0,290.38,1.135,92219.608353,90,577.92,0.6,False,False,False
0x533284edc918a3a926565454b9d08a9147f200a5,True,2000,813,163,650,20.0,0.44,-107231.82,7,1780359532786,1788653807190,96.0,15231.58,0.142,0.0,0,0.0,,False,True,False
0x534f89335cb490872247e18320b36e63cc42367c,True,2000,1022,652,370,63.8,0.96,-9282.49,13,1754112011679,1787851912110,390.5,25014.47,2.695,20833.526889,2,-70142.04,-336.7,True,True,True
0x536496d4e9ce903189a79a5476b1306bf5986026,True,733,363,175,188,48.2,0.1,-13129.42,1,1787155236366,1787764753526,7.1,-2992.48,0.228,3038.011052,1,-882.6,-29.1,True,False,False
0x5370b1ef2b3ffba7018ca2a9a05962ff7dd3d662,True,2000,804,501,303,62.3,1.45,4893.19,21,1785855006891,1788781772366,33.9,-1096.04,0.224,0.0,0,0.0,,False,True,False
0x538614dbb7a328c1dfd44e866377b35536a2c7a9,True,1289,898,583,315,64.9,0.61,-36917.14,3,1760080668857,1787639685822,319.0,-17330.95,0.469,8823.773736,0,0.0,0.0,False,True,False
0x53a59a3ac1b61335b430c1963f514b4be386f6f7,True,886,480,372,108,77.5,0.19,-32986.92,5,1783596609586,1788807358372,60.3,-13963.48,0.423,29954.515764,1,80.18,0.3,False,True,False
0x53bbf2c0b745fd5cada06ddb4a3fb5e955f6efb3,True,2000,716,436,280,60.9,3.87,16439.3,5,1783980114246,1788778014690,55.5,963.83,0.059,0.0,0,0.0,,False,True,False
0x53cef3de29bf2fd607f233451b27c6a3dfb28e21,True,2000,967,514,453,53.2,0.92,-4389.88,29,1759450012617,1788791689958,339.6,-4253.85,0.969,0.0,0,0.0,,False,True,False
0x53dfeddaa630945591e4f85de2b79197e0cf6dc9,True,837,477,39,438,8.2,0.36,-4461.77,2,1773405940681,1775650734292,26.0,-1866.94,0.418,0.0,0,0.0,,False,True,False
0x53f81d22b16ff1718ab8ee52bff0592685325f92,True,2000,812,766,46,94.3,89.97,119117.18,12,1788132717135,1788758403551,7.2,7959.1,0.067,187996.079162,6,-23195.39,-12.3,True,False,False
0x5405450cae1b86581f017d1c35ad954d8703f802,True,2000,982,725,257,73.8,0.08,-564914.62,7,1769241227566,1785479876515,187.9,-157097.82,0.278,0.0,0,0.0,,False,True,False
0x542325afbfce5ca6bdbcb79da7dba7059149f7c4,True,1851,761,680,81,89.4,1.33,19655.22,35,1770452106198,1788802483076,212.4,-38640.27,1.966,26641.746485,12,-38926.03,-146.1,True,True,False
0x544b9c95b4e0c27c2b6b9af8c7d1e886b5f39d9c,True,975,547,295,252,53.9,1.52,7072.75,5,1748457493940,1787381643533,450.5,-2808.51,0.397,8445.721619,1,2862.36,33.9,False,False,False
0x5461e3a694004602961722522e70f62beb05ae65,True,2000,770,550,220,71.4,0.7,-4393.54,6,1788598757973,1788799168265,2.3,-253.25,0.058,11814.8954,1,384.82,3.3,False,False,False
0x547e274d5a104df9580e36f0568423c3fcb7c991,True,2000,976,738,238,75.6,3.52,3471.49,5,1787347966549,1788807701274,16.9,144.5,0.042,16342.692569,5,10610.85,64.9,False,True,False
0x5488e51fa016ada77853fd366ca45fb2725173fe,True,668,328,110,218,33.5,0.32,-5297.84,47,1758968093759,1788795339658,345.2,-823.58,0.155,672.179841,5,103.89,15.5,False,False,False
0x549de4f045f71d962fff89e8c023b52b9db89c2c,True,2000,936,457,479,48.8,1.18,655.71,35,1788463056381,1788802535916,3.9,431.53,0.658,20449.918998,1,-66926.72,-327.3,True,False,False
0x54c3bbda87e624e460d4ac44ee28cffdd92c17d0,True,2000,1252,926,326,74.0,11.24,14467.1,9,1788288824170,1788712865339,4.9,294.09,0.02,0.0,0,0.0,,False,True,False
0x54d00639ba0088a994216987ad0119a1d47106ed,True,1794,842,587,255,69.7,2.77,57413.83,34,1756387182695,1788478605500,371.4,4396.2,0.077,103128.547822,8,-31304.4,-30.4,True,True,True
0x54dc6782d6fc5fc05f8486d365186ff25cc44ba7,True,2000,561,438,123,78.1,49.52,77112.18,15,1756725166801,1787924475491,361.1,7973.11,0.103,0.0,0,0.0,,False,True,True
0x54e85a287d6c2f0a144260e2408bebf9eee6515e,True,823,448,325,123,72.5,4.9,3864.6,13,1773073324566,1788761427030,181.6,444.82,0.115,963.608827,1,-220.54,-22.9,True,True,False
0x550cd6b6596e8bc32f9d4b2d51273fd520df7440,True,2000,958,460,498,48.0,0.99,-354.97,26,1775066702612,1788268681178,152.8,2041.04,5.75,0.0,0,0.0,,False,True,False
0x55261d1eecba9baa26574e8d10d236af24ee1b08,True,2000,995,231,764,23.2,0.55,-14240.61,4,1785093844330,1788773068451,42.6,-2750.07,0.193,0.0,0,0.0,,False,True,False
0x55397484b2cb03125063db07f55f8b2515362f49,True,183,91,45,46,49.5,2.14,1551.18,5,1768820676894,1788525787388,228.1,931.46,0.6,0.0,0,0.0,,False,True,False
0x5559acc27c761a2e9c74545feee9d1d9bbbe5bdc,True,2000,987,276,711,28.0,2.38,102480.37,7,1779893641275,1788474248757,99.3,10078.13,0.098,0.0,0,0.0,,False,False,False
0x55687146980286bb4bda1140857dc506d70d8374,True,2000,531,247,284,46.5,2.47,143707.32,8,1780507654051,1787470679211,80.6,117259.23,0.816,0.0,0,0.0,,False,False,False
0x557bebb117246d8f7b3388bda9afc5261f74f84c,True,2000,913,329,584,36.0,0.95,-156.1,1,1786786963417,1788763426928,22.9,201.56,1.291,0.0,0,0.0,,False,False,False
0x559716400a916319c93bc7c88ea06cab07841879,True,816,481,298,183,62.0,0.38,-9401.26,4,1750993362474,1773837161630,264.4,-1295.99,0.138,0.0,0,0.0,,False,True,False
0x55a8f87e59611f86a31a58b361038f36fbded9ea,True,2000,774,338,436,43.7,0.13,-86417.3,8,1786381745022,1788699046373,26.8,-4729.73,0.055,16550.353116,3,2143.43,13.0,False,True,False
0x55ca5a1b3989b991815836432b1f3baed3d49c5a,True,2000,1091,518,573,47.5,0.29,-69243.22,2,1788319694632,1788795192605,5.5,-12159.14,0.176,0.0,0,0.0,,False,False,False
0x55e76f29f5de3d4c29762ede74609f396a30096e,True,1794,935,481,454,51.4,0.71,-1792.16,12,1776099611544,1788601694852,144.7,502.75,0.281,0.0,0,0.0,,False,False,False
0x55f943ee0dca6578c9474e03b36b6b9fed995788,True,2000,787,517,270,65.7,2.26,10763.66,7,1780168273392,1788508768236,96.5,1664.26,0.155,0.0,0,0.0,,False,False,False
0x5618f949c12c2275873b41a95804bf02e49ca34a,True,1651,672,448,224,66.7,0.79,-24699.22,74,1767186137969,1782319869675,175.2,-12158.13,0.492,0.0,0,0.0,,False,True,False
0x563e27404c7cf73429ddf88bd9f912fad31e8480,True,2000,913,850,63,93.1,0.62,-50711.84,40,1755022663161,1788697503936,389.8,-28120.21,0.555,20938.13414,2,-36024.88,-172.1,True,True,False
0x565a65432ca44a999eb7217815d58594a559ccb2,True,2000,1217,316,901,26.0,0.55,-47507.54,7,1780733573727,1788387418490,88.6,-7580.0,0.16,31594.122944,3,-98112.89,-310.5,True,True,False
0x56756d85e457ab1f9814f4ef619009e97b693fb8,True,1341,650,449,201,69.1,3.53,30667.5,20,1775948955105,1779918262506,45.9,2932.09,0.096,0.0,0,0.0,,False,True,False
0x568e53b4a41f359c23b6ac66b9230092fcd25c99,True,2000,1028,346,682,33.7,1.02,534.2,20,1772094831057,1787554842178,178.9,2365.22,4.428,0.0,0,0.0,,False,True,False
0x56a2b7581abb55b500732871b77f4198d5f9ae58,True,2000,948,649,299,68.5,1.39,13836.09,12,1787506310064,1788760513362,14.5,3763.46,0.272,0.0,0,0.0,,False,False,False
0x56c8674648e56b6db4867fb2f1133772e6b83ea2,True,2000,870,384,486,44.1,3.17,89848.73,10,1780560295048,1788743963037,94.7,12506.72,0.139,415938.271671,4,280530.87,67.4,False,True,False
0x56d9b58dbad5d2a1a1be0a8fba5b297fba64a7eb,True,335,105,25,80,23.8,0.31,-2922.95,2,1770262168234,1772757424853,28.9,-1405.82,0.481,0.0,0,0.0,,False,True,False
0x56f3e843aecdc25e1bd261dce2eeb096ff0f907f,True,2000,942,370,572,39.3,1.08,3086.02,16,1772304941963,1788539512897,187.9,3112.01,1.008,0.0,0,0.0,,False,True,False
0x57002993f7e6939385852b15209bb86c8caff854,True,2000,1079,460,619,42.6,0.89,-1318.52,13,1788290932369,1788807976010,6.0,1774.45,1.346,20364.424019,1,1.47,0.0,False,True,False
0x570d17966ff2c66d55b62097e5f75b5501bbbc4f,True,2000,1326,1200,126,90.5,9.7,11032.37,5,1786128275992,1788360711020,25.8,1456.09,0.132,10367.324174,1,659.54,6.4,False,False,False
0x57260f720eaaec21e55bab6530248c5a66951044,True,2000,963,516,447,53.6,1.3,3933.39,17,1781978052135,1787216501272,60.6,-1657.56,0.421,0.0,0,0.0,,False,False,False
0x5735b45d1cadcc1c57b26d46b2545170a894acb5,True,2000,934,516,418,55.2,1.08,1740.28,26,1779175011773,1782100980033,33.9,2638.71,1.516,0.0,0,0.0,,False,False,False
0x57516474a2c9f4de9bf4b04d8041b6671a3d5ef0,True,629,219,55,164,25.1,0.26,-48595.06,29,1753810265779,1787524810446,390.2,-5881.19,0.121,865.944309,3,1058.03,122.2,False,True,False
0x5769dcf760b33a20107b611a53e837d35e94fa0e,True,2000,1102,518,584,47.0,0.55,-16774.67,18,1787884225214,1788795682092,10.5,-4561.28,0.272,84989.157696,2,-726.53,-0.9,False,True,False
0x577a00a0ee907ee481791049477a3c1fa1470568,True,2000,909,0,909,0.0,0.0,-8304.77,1,1788799136667,1788807169913,0.1,-266.22,0.032,99791.976732,1,-3707.53,-3.7,False,False,False
0x579418a66dc49ed723a5ffffc5b5c964b72af1d9,True,1260,695,337,358,48.5,0.89,-2330.48,29,1779978709469,1788796291879,102.1,-2626.23,1.127,6737.715608,1,78.41,1.2,False,True,False
0x579fbe3fa36e48e14cc5fe65f7f6c7fb1168024e,True,2000,893,319,574,35.7,0.53,-28213.14,4,1783425086944,1788635178692,60.3,3395.91,0.12,4314.052271,1,-217.67,-5.0,True,False,False
0x57b0f918d0882368cec45f15c4d21395fdc07214,True,2000,1049,577,472,55.0,2.26,12589.37,33,1769528273151,1788718068491,222.1,1165.53,0.093,8329.49755,3,-1857.67,-22.3,True,True,False
0x57c7cd91b83e0460f19a6504eee5d1e7a990646e,True,2000,995,481,514,48.3,0.41,-60639.95,9,1780578087527,1788381856316,90.3,-34980.43,0.577,0.0,0,0.0,,False,True,False
0x57d8e75f473cd6346495c9b6760a580018e840e6,True,2000,1186,674,512,56.8,1.83,1269.31,33,1788800933081,1788808172789,0.1,194.14,0.153,815804.31577,39,468.0,0.1,False,False,False
0x57fff7537d383bea82037c1da9f2a094baae4327,True,1367,681,198,483,29.1,0.69,-4083.18,10,1787349333174,1788795205357,16.7,2853.68,0.699,0.0,0,0.0,,False,True,False
0x581bf7dcfd416450f3c26c7854253bd972ba0c2f,True,2000,1168,1165,3,99.7,1398.06,1100.71,3,1787425696803,1787649668775,2.6,40.95,0.037,0.0,0,0.0,,False,True,False
0x5838f52ef2302de914d58154aa837f3910ae8ba5,True,2000,690,467,223,67.7,2.33,101294.39,12,1784034283653,1787849353942,44.2,18397.81,0.182,197589.553398,1,76851.64,38.9,False,True,False
0x5858a2ddf65bd2c1922d9f8144b07f97351d6ca9,True,2000,938,283,655,30.2,0.66,-3532.63,11,1787471751109,1788795341402,15.3,-1339.46,0.379,0.0,0,0.0,,False,True,False
0x586cfe79e3bea3830c0a1874273ed563ab23c64c,True,1211,516,278,238,53.9,0.97,-3404.15,11,1707440334347,1780322288932,843.5,22029.6,6.471,0.0,0,0.0,,False,True,False
0x5880e8bd39744b53f68bb03a43f6ab12b3101bc7,True,146,68,22,46,32.4,0.67,-899.0,2,1787818916450,1788726324952,10.5,-920.68,1.024,0.0,0,0.0,,False,True,False
0x58867fa928b92ca3dc1c709d058ea1bfa1fc28d5,True,2000,1026,741,285,72.2,0.27,-96181.44,1,1773143309809,1784638751043,133.0,-11298.34,0.117,0.0,0,0.0,,False,False,False
0x5899e3edde71fa26cfcda11524fcedcb9b29ab46,True,2000,762,283,479,37.1,0.65,-5148.88,5,1785229303532,1788503656005,37.9,2771.61,0.538,0.0,0,0.0,,False,True,False
0x58a722b5f37435cab8957a17fc575bb136e0b48b,True,2000,1009,697,312,69.1,27.74,163813.53,19,1779495490877,1788799168265,107.7,3706.12,0.023,57479.181721,6,94605.43,164.6,False,True,False
0x58c0648dbf1eb77e0d048a37fbf2c0e7ecbf5cac,True,2000,954,529,425,55.5,0.64,-1929.6,5,1781583965597,1782508684331,10.7,412.06,0.214,0.0,0,0.0,,False,False,False
0x58d237ab8d9d8b2576bf6293b249860160cc74bd,True,774,338,163,175,48.2,0.14,-19451.5,21,1769724323733,1782868368403,152.1,-2973.29,0.153,0.0,0,0.0,,False,True,False
0x58e47577a0e37d5ab082d5b022b3a27515914ee6,True,2000,848,178,670,21.0,0.02,-89198.06,23,1765992956772,1788566400005,261.3,-6323.66,0.071,0.0,0,0.0,,False,True,False
0x58f2b8404e3dd34ef88d1b9b8a2c8956a96774e9,True,2000,863,263,600,30.5,0.33,-14260.88,17,1783878274316,1787072947056,37.0,-2578.21,0.181,0.0,0,0.0,,False,True,False
0x590eba98eb699fc88a568ac0ce2953b29e89720b,True,312,133,72,61,54.1,2.39,1472.33,16,1748253121733,1774438275076,303.1,676.02,0.459,0.48169,0,0.0,0.0,False,True,False
0x592139400915e4b8eb4af84a3687f2f481e06244,True,2000,923,641,282,69.4,0.94,-341.62,13,1775958995801,1788307200047,142.9,-526.46,1.541,0.0,0,0.0,,False,True,False
0x59426a68c848014bb65c247258749ef8de8a79da,True,2000,976,268,708,27.5,0.61,-2382.79,19,1777572644452,1788807663518,130.0,-675.43,0.283,0.0,0,0.0,,False,True,False
0x596d22551154348454028f01f1b3f5525944d143,True,2000,781,469,312,60.1,0.82,-864.41,45,1780710940369,1788798636830,93.6,-260.2,0.301,3463.300401,10,-2025.71,-58.5,True,True,False
0x59879e9102d81aa5ee5b96113c80a5fa6f7deb50,True,126,66,57,9,86.4,3.16,1854.22,1,1787223355030,1788525427910,15.1,-834.67,0.45,0.0,0,0.0,,False,False,False
0x599d75c7e9dc0d8e9006d60a54c3ddcb12e62d09,True,2000,689,498,191,72.3,1.36,13185.16,24,1781846218204,1788725957640,79.6,6049.23,0.459,21150.663639,2,12837.32,60.7,False,True,False
0x59c7fe581b46019d615947d94d2740b09d1ed981,True,2000,999,645,354,64.6,1.18,448.87,11,1773847263757,1787924812841,162.9,26.0,0.058,2367.27661,3,-843.71,-35.6,True,False,False
0x59ec47becfcf02cd589fe6135b39ef9128c46fd6,True,192,106,23,83,21.7,1.0,-0.57,6,1784531476745,1784790705925,3.0,143.63,251.601,0.0,0,0.0,,False,False,False
0x59fe5692b848339a31a5f32c75d5943562d99fea,True,2000,1067,378,689,35.4,0.93,-312.59,6,1784519138565,1788808260238,49.6,-1050.68,3.361,970.939398,1,2.68,0.3,False,False,False
0x5a149c3ab6667b1e05678c1fdf7f808d9c5e9556,True,986,326,247,79,75.8,1.99,4037.42,5,1783407356057,1788700283136,61.3,-3018.0,0.748,0.0,0,0.0,,False,False,False
0x5a2e01c15e75aa8f4aeb49a09ab733eae5b13365,True,2000,918,443,475,48.3,0.8,-844.61,22,1786835512247,1787087420861,2.9,205.46,0.243,0.0,0,0.0,,False,False,False
0x5a36d12e9bedb2e479284a663e23380ffe990a0c,True,2000,1004,461,543,45.9,0.23,-78162.34,5,1757767790687,1778090227810,235.2,-19293.53,0.247,77132.51663,1,10748.25,13.9,False,False,False
0x5a51eada32a791eee4cd1c6f6a11a140b6a88f98,True,2000,1959,1825,134,93.2,225.33,22504.33,9,1770337424093,1774137980563,44.0,1649.46,0.073,0.0,0,0.0,,False,True,False
0x5a64870f07c3d6daf68d9acc88679773ed9e6537,True,1235,512,374,138,73.0,4.39,20885.81,9,1769950988421,1788530833897,215.0,2257.46,0.108,3786.888539,1,-274.27,-7.2,True,True,False
0x5a736c98007fb3b4930e363bc7f5199910225f46,True,2000,722,303,419,42.0,0.28,-12195.23,22,1786003730732,1788704968333,31.3,-7814.94,0.641,2500.693561,1,216.91,8.7,False,True,False
0x5a893087271fdd9119af5f4783894b9408d383a9,True,2000,1031,444,587,43.1,0.89,-1474.65,31,1778288116250,1782327898251,46.8,-1442.01,0.978,0.0,0,0.0,,False,True,False
0x5a91f0cedd209cc26de628ac0392a6ca4702417f,True,2000,1131,1131,0,100.0,inf,19477.08,1,1787924116884,1788447232461,6.1,2147.76,0.11,0.0,0,0.0,,False,False,False
0x5a9bd3e84376d2961d64e7088d0aa60cab148100,True,2000,1292,799,493,61.8,2.77,60913.81,5,1778939159471,1788636474599,112.2,9632.48,0.158,0.0,0,0.0,,False,False,False
0x5aa746da56b7703503087162c5f25a0fed409ebf,True,1160,398,313,85,78.6,21.5,15726.75,9,1784400298009,1786028522020,18.8,597.02,0.038,0.0,0,0.0,,False,True,False
0x5ab326a5acf40a5466094a14dc6bc5df3398e6af,True,662,352,268,84,76.1,1.88,25631.83,14,1782322101899,1788669921848,73.5,3959.73,0.154,49711.809167,1,-3050.28,-6.1,True,True,False
0x5ac287f1aa06fe6e17a4798755d4788f86e14170,True,1034,457,234,223,51.2,0.75,-2298.01,10,1764984927973,1781208902275,187.8,-1871.5,0.814,0.0,0,0.0,,False,False,False
0x5ad69ab0990b172be41d282bae646467205ec1df,True,1657,1187,510,677,43.0,0.29,-369571.3,9,1775668711414,1785468427062,113.4,-45346.21,0.123,0.0,0,0.0,,False,False,False
0x5ae2d0b87c1a0f40366c81b675e9f4d79ee53d2c,True,743,494,334,160,67.6,0.62,-19137.36,8,1778331813515,1787318847768,104.0,-6910.79,0.361,5740.28955,0,0.0,0.0,False,True,False
0x5af1de25e6a967a8bacdd7ee9e681474d72c1a1a,True,2000,1070,602,468,56.3,1.32,43998.17,12,1763706143628,1788538607600,287.4,-13407.81,0.305,12210.295605,5,-5727.25,-46.9,True,True,False
0x5b0fcee15b0cc3ec8d3174b23e2cb10fdc5bbc78,True,2000,873,215,658,24.6,0.43,-12738.19,5,1787974302134,1788279335151,3.5,1564.68,0.123,0.0,0,0.0,,False,False,False
0x5b2223d5d7351e853143cf6ce8a877b2149bc8ce,True,2000,1104,484,620,43.8,1.16,1392.91,10,1767827107416,1785286335438,202.1,1345.94,0.966,0.0,0,0.0,,False,False,False
0x5b2f788be5e94ebe18e35abe416f80d6de2ea075,True,2000,1160,110,1050,9.5,0.24,-10445.29,4,1782476276644,1782724153902,2.9,662.12,0.063,0.0,0,0.0,,False,False,False
0x5b58b4713ebaed279dd35fdb42324cddee324050,True,2000,1131,428,703,37.8,0.81,-16014.49,17,1774468787148,1787511253468,151.0,-4347.63,0.271,0.0,0,0.0,,False,False,False
0x5b6a25010a1740179efd8756bbabc8131d73a4cb,True,2000,716,592,124,82.7,6.82,35468.65,151,1782935298516,1788803327564,67.9,1125.55,0.032,35892.245694,59,2771.65,7.7,False,True,True
0x5b7a8a21d3e0d28dfecd22d56ae997bc23cef848,True,2000,775,398,377,51.4,0.82,-4717.87,10,1780877583485,1787364380364,75.1,-2559.2,0.542,0.0,0,0.0,,False,False,False
0x5b88db629e60a3393bbd7c1513b4a85706d6f938,True,1819,855,617,238,72.2,1.34,3130.13,55,1762446668677,1788602546754,302.7,-932.45,0.298,0.0,0,0.0,,False,True,False
0x5baa42d7bcd1926ad737d0837f7ea39a67412903,True,2000,1029,532,497,51.7,0.83,-3022.47,17,1780721562159,1788105198547,85.5,-1348.86,0.446,0.0,0,0.0,,False,False,False
0x5bba1df1bd0d44250246ef5b4697e9b847530dc4,True,2000,1669,1635,34,98.0,11.18,471325.91,6,1782737526401,1784100039317,15.8,59215.35,0.126,0.0,0,0.0,,False,True,False
0x5bca4075dfc8065235cf75c6b15b410e62845fec,True,2000,1113,442,671,39.7,0.64,-9469.8,24,1779141912983,1787586671866,97.7,1486.03,0.157,0.0,0,0.0,,False,True,False
0x5be13990d55774e11ab8153ee7299ea864b50df9,True,2000,916,431,485,47.1,1.02,168.51,11,1764353734596,1784726613965,235.8,996.43,5.913,0.0,0,0.0,,False,False,False
0x5c0321be46b4ea5a4f99fd115662045fd1bda3a5,True,2000,978,442,536,45.2,1.26,5404.28,25,1740366308029,1788021233326,551.6,2495.4,0.462,0.0,0,0.0,,False,False,False
0x5c1382d90372d3dc7dae534a0ee9359b346f6773,True,791,335,213,122,63.6,0.24,-23515.2,21,1746354363376,1787620599427,477.6,-17878.19,0.76,0.0,0,0.0,,False,True,False
0x5c253d69b7bc8cdab0525f25fabba88b804139e9,True,2000,1026,389,637,37.9,0.72,-274466.13,3,1750284443615,1775070505289,286.9,41573.02,0.151,0.0,0,0.0,,False,False,False
0x5c40c1213840c223f5e3650d354711e557a684a9,True,2000,1027,414,613,40.3,0.25,-286088.17,3,1779310609589,1780870480300,18.1,-60163.84,0.21,0.0,0,0.0,,False,True,False
0x5c55454ed697515ade8ed0094e2301ad3509b1ca,True,2000,946,517,429,54.7,0.78,-6917.19,4,1788166856973,1788699822182,6.2,-2441.88,0.353,0.0,0,0.0,,False,True,False
0x5c67cbef9ebd1c1be3d0560a12d7dea80a09cd3d,True,2000,1045,642,403,61.4,1.3,1857.52,8,1775972833516,1777470630003,17.3,505.48,0.272,0.0,0,0.0,,False,False,False
0x5c8f8cf1ba3ca57d46dfc4122f52a30d62923cbb,True,2000,914,499,415,54.6,0.48,-6286.63,101,1752047002384,1787011200058,404.7,581.21,0.092,0.0,0,0.0,,False,True,False
0x5c9d7cd977d931a77818948b340fe3ee032f9a3c,True,79,36,19,17,52.8,6.25,521.91,4,1709502262510,1782144547429,840.8,173.32,0.332,0.0,0,0.0,,False,True,False
0x5cadce51db28ab261e50743feb881a3f7aca0a69,True,2000,762,341,421,44.8,0.77,-1240.54,52,1781482724438,1788540508655,81.7,-1587.92,1.28,38650.711311,7,-18024.76,-46.6,True,True,False
0x5cc4237b157fd54c2dce44c722ef6a71b66fd4c5,True,2000,829,281,548,33.9,2.3,13085.81,19,1785322960218,1788419021896,35.8,10062.97,0.769,0.0,0,0.0,,False,True,False
0x5cd19bbca5e0ba0ca21d47ab596fd436862a19c7,True,866,452,294,158,65.0,0.67,-4132.86,7,1774877395001,1775631452199,8.7,-2497.24,0.604,0.0,0,0.0,,False,False,False
0x5ce924bfc3d3f110a28946d4b1e0d458ebed1c08,True,806,333,179,154,53.8,0.29,-20861.44,18,1760272207188,1788752133525,329.6,-3119.52,0.15,0.0,0,0.0,,False,True,False
0x5d097bd01e7479982ec81bdee09accbb0e763c3e,True,2000,806,568,238,70.5,2.16,14700.91,6,1782493166941,1787466492848,57.6,1355.94,0.092,140984.046187,1,102894.57,73.0,False,False,False
0x5d1d0b11832c4bed7c0c70789447d0b9581f8f27,True,791,318,81,237,25.5,0.15,-21075.53,10,1731861990807,1778121989031,535.4,-1799.03,0.085,0.0,0,0.0,,False,True,False
0x5d4387a63d5c7d66b772eb7f83a72d9595063a1b,True,2000,1112,282,830,25.4,0.07,-191183.99,24,1775746532442,1782810052322,81.8,-15080.67,0.079,0.0,0,0.0,,False,True,False
0x5d5acc816a41fb59b043bc1028425c9645c0c336,True,2000,1015,742,273,73.1,0.91,-918.29,33,1774590438807,1778508394317,45.3,-1590.42,1.732,0.0,0,0.0,,False,True,False
0x5d773ab67dd1a474ce8383e4c010570b768f8839,True,2000,895,459,436,51.3,2.03,11430.83,72,1763994886950,1788517330946,283.8,4901.85,0.429,2918.687531,4,579.35,19.8,False,True,False
0x5d8f2f659dc078548b6638aa580dce0b3091c7a6,True,2000,1007,328,679,32.6,0.77,-407.72,52,1784797369605,1788776261499,46.1,64.26,0.158,9062.37282,50,1824.07,20.1,False,False,False
0x5d9bd10aca25fae003cacb9f11b1ea1387058323,True,2000,1016,508,508,50.0,0.44,-16288.62,2,1780750603181,1788766462263,92.8,-1112.78,0.068,148.661551,1,-16.53,-11.1,True,True,False
0x5daa19d7d6d7f0bb44be4034f4e4433ea202b607,True,1628,706,394,312,55.8,1.28,2662.04,2,1780321076244,1788438730308,94.0,-1184.5,0.445,0.0,0,0.0,,False,True,False
0x5dc843abdd8debcdcbd860505c806544ab677a59,True,782,379,123,256,32.5,1.63,5176.33,1,1772872721832,1774248718871,15.9,2758.26,0.533,0.0,0,0.0,,False,False,False
0x5dea81dac54f242593f0f1b58c0faf50f27c46e1,True,2000,668,412,256,61.7,0.47,-3312.99,30,1764508701219,1788277778793,275.1,-1695.54,0.512,0.0,0,0.0,,False,True,False
0x5df3f15779f5e2855cf14d09c4d184b7885b46af,True,2000,961,475,486,49.4,1.51,101445.75,15,1731999829984,1775397092691,502.3,46511.78,0.458,0.0,0,0.0,,False,True,False
0x5e00b693eb2ba040caed7e21a374395527ad38d8,True,2000,843,712,131,84.5,2.63,30456.42,37,1777559240421,1785770340678,95.0,4064.33,0.133,0.0,0,0.0,,False,True,False
0x5e177e5e39c0f4e421f5865a6d8beed8d921cb70,True,2000,1973,1561,412,79.1,6.43,97763.59,6,1787375953497,1788670039019,15.0,1260.56,0.013,1000000.0,0,0.0,0.0,False,True,False
0x5e3b1ec048e728750f5d02478b159fc507055fc2,True,2000,785,506,279,64.5,1.8,51017.08,16,1785543509245,1788530165039,34.6,6001.11,0.118,32322.701519,3,-3519.14,-10.9,True,True,False
0x5e4fa58c251540386f5bb525705c41122fc27c68,True,2000,896,357,539,39.8,1.27,2232.0,6,1771989375532,1788285721626,188.6,1805.96,0.809,0.0,0,0.0,,False,True,False
0x5e611235bf828472269ae002e2cf0e00b3e7ab49,True,2000,981,534,447,54.4,0.37,-40839.92,7,1785634154348,1788769457512,36.3,-6443.79,0.158,5105.329175,1,-251.45,-4.9,False,True,False
0x5e74f9671c990776f54983c9385394e79ad81d53,True,2000,914,258,656,28.2,0.8,-6069.24,26,1778242120797,1787931822388,112.1,-5133.78,0.846,0.0,0,0.0,,False,True,False
0x5e95fd9f67d172918a5905204eab1636cd486685,True,2000,743,424,319,57.1,2.06,19449.0,5,1767679968390,1786368919230,216.3,3962.61,0.204,0.0,0,0.0,,False,True,False
0x5ea0c678b7236ce39b59362cad48513c95e7d2cc,True,2000,930,641,289,68.9,12.66,15356.3,6,1787188593301,1788644874640,16.9,1695.87,0.11,0.0,0,0.0,,False,False,False
0x5eba2457097b31eaab734b2592bdfe3d5d21a960,True,2000,904,620,284,68.6,0.33,-52394.57,7,1786023052574,1788803106217,32.2,-2362.81,0.045,8480.423677,1,-361.2,-4.3,False,False,False
0x5eca8a45de5ca051ecc8af57e00da8e04b4c67f0,True,1790,771,431,340,55.9,1.21,8662.95,4,1776775112965,1787447550375,123.5,5657.03,0.653,11861.810014,1,1927.09,16.2,False,True,False
0x5edb2ef3beea0b9023c4f29308b1d630eb0214af,True,2000,693,91,602,13.1,0.3,-46255.9,5,1788364020165,1788794363422,5.0,-11142.99,0.241,0.0,0,0.0,,False,False,False
0x5ef0c72b233bcd1fc84a38844c480980d1e9866e,True,2000,1044,447,597,42.8,1.87,5833.13,5,1776775512801,1788693584793,137.9,1046.02,0.179,4872.863954,2,1038.01,21.3,False,False,False
0x5f069004309f086bd09c7043b691b989a399da16,True,2000,806,565,241,70.1,0.89,-3489.64,1,1777504376777,1778351405524,9.8,-2739.02,0.785,0.0,0,0.0,,False,False,False
0x5f18420316279d1c7b504d24e20791e175cefe8e,True,2000,615,209,406,34.0,0.79,-7998.89,16,1786256372345,1788798669856,29.4,-7185.0,0.898,18841.971117,1,-15854.0,-84.1,True,True,False
0x5f34dbb8088cb7b4d15bad969e107f0a34b16790,True,2000,858,653,205,76.1,1.47,25425.2,13,1763681479751,1788733158418,289.9,-4404.73,0.173,3626.123355,1,-44.66,-1.2,False,True,False
0x5f44fe1c8b5d0802eda2a9b638c6163ad52d633b,True,2000,1025,665,360,64.9,2.3,82242.66,22,1774519885010,1788779761629,165.0,-32954.22,0.401,0.0,0,0.0,,False,False,False
0x5f62989676f8d4c98626c6e8b3d65e84d24b4e95,True,2000,358,170,188,47.5,1.17,1527.97,17,1780727861469,1782846707077,24.5,1157.52,0.758,0.0,0,0.0,,False,False,False
0x5f77fecc567f8571811aa3188083fbe2c08c89ab,True,1275,660,209,451,31.7,0.63,-5934.45,8,1780152613417,1787826383133,88.8,-2277.5,0.384,0.0,0,0.0,,False,True,False
0x5f88831353fd1fabde76899cee1bfec3e0173c83,True,2000,1022,315,707,30.8,0.83,-4076.37,50,1757542144598,1788790648574,361.7,1854.53,0.455,0.0,0,0.0,,False,True,True
0x5fa05c69dc06cad49fb77e9b356c9f0bfa3ebd00,True,2000,1003,430,573,42.9,1.34,9794.05,12,1777700828435,1782629213935,57.0,6163.18,0.629,0.0,0,0.0,,False,False,False
0x5fb45024c81d512fd6fb6a966769263c4b82da93,True,2000,1022,582,440,56.9,0.87,-2341.83,17,1755799564239,1777289085731,248.7,-6953.46,2.969,0.0,0,0.0,,False,True,False
0x5fca640f57f2df6819ac4c251da2872f87ea257f,True,2000,839,398,441,47.4,0.85,-8009.25,33,1763662016256,1788566400005,288.2,4447.36,0.555,0.0,0,0.0,,False,False,False
0x5fe6e062248ba768d8f62c0f288f33ed1e430479,True,2000,921,344,577,37.4,0.62,-31355.92,5,1780690581044,1784533887017,44.5,-4759.79,0.152,0.0,0,0.0,,False,True,False
0x5ff406580a39f0ff40b9aa0017726b137ea37139,True,2000,968,717,251,74.1,1.78,12099.5,14,1782963595676,1788772043760,67.2,-1293.13,0.107,1959.592565,2,1292.12,65.9,False,True,False
0x6001d26436986706ff19c35478f97e0c43846470,True,2000,1290,541,749,41.9,0.48,-26.81,3,1774246211017,1776483363462,25.9,-8.76,0.327,0.0,0,0.0,,False,False,False
0x602632ecd651914b39362c68c18bdb2f6d74a015,True,844,444,250,194,56.3,0.77,-2014.61,7,1787907589456,1788765980920,9.9,-802.49,0.398,0.0,0,0.0,,False,False,False
0x6041f881358c71d64bc9253c9ba0391df69f7d98,True,2000,1089,527,562,48.4,0.3,-468514.54,14,1781200026633,1788464546438,84.1,-73675.54,0.157,381804.346325,1,42488.34,11.1,False,True,False
0x605b5a3c131fae2a646516295949f20a3e76e0c0,True,2000,1066,811,255,76.1,3.44,49538.87,3,1780410148466,1788102029801,89.0,-8204.81,0.166,0.0,0,0.0,,False,False,False
0x6075a2953b8f82825cd53cf134a9100df05f12d4,True,1110,526,305,221,58.0,2.16,68613.08,31,1723567818745,1788338553268,749.7,7255.31,0.106,0.0,0,0.0,,False,True,False
0x608b1f518b53d8ba8e186993ffaff7fdde34eed8,True,2000,1031,551,480,53.4,0.12,-30860.02,42,1778296401777,1780435271450,24.8,-4845.44,0.157,0.0,0,0.0,,False,True,False
0x60a8a2b8aeea672bd12459f75be3d89a5cdf11b9,True,2000,924,548,376,59.3,0.39,-5849.09,11,1788659454377,1788808604159,1.7,-682.07,0.117,0.0,0,0.0,,False,False,False
0x60bcba9293d634f9cda903e46909494e7603b441,True,2000,788,499,289,63.3,1.38,2185.64,6,1788482683731,1788808925106,3.8,351.08,0.161,36729.88719,2,-8524.8,-23.2,True,False,False
0x60cc71ccebdee3f10eac65210f1fbb8f28e5206c,True,506,222,120,102,54.1,1.61,4181.87,8,1745868573569,1788687531520,495.6,3783.63,0.905,0.0,0,0.0,,False,True,False
0x60d878838f64773eec573ef1ff41fd04289e2beb,True,2000,1019,632,387,62.0,1.73,780.58,24,1787061048142,1788807010379,20.2,-171.22,0.219,511.944699,1,10.25,2.0,False,True,False
0x60f439fd284c85bcca1a5e3a94808550139ab3e6,True,213,122,92,30,75.4,1.83,1462.49,3,1785319044132,1788426901079,36.0,-691.67,0.473,0.0,0,0.0,,False,False,False
0x61072c535710e89637c52ae633e0f9967e8cce51,True,2000,1007,341,666,33.9,0.87,-236.15,52,1784973865505,1788797764949,44.3,85.09,0.36,28152.409874,50,2144.74,7.6,False,False,False
0x61181667bd6bc8984fdacf5683fe9f3c729f8978,True,2000,998,517,481,51.8,1.46,94.04,44,1785578442168,1788797119572,37.3,249.19,2.65,3.729297,1,0.05,1.4,False,True,False
0x612f4f7bdcbaee241f350d62fd71806f87351e65,True,2000,956,169,787,17.7,1.33,2707.41,11,1783080204499,1786190443400,36.0,1491.7,0.551,0.0,0,0.0,,False,True,False
0x61452883d7e073e572b94ee36af44f6e47bddcc3,True,218,103,28,75,27.2,0.15,-5361.05,2,1787307691203,1788446904627,13.2,-1225.76,0.229,0.0,0,0.0,,False,True,False
0x615336d237eb32210c5e8a187b070482c9b786eb,True,1196,613,242,371,39.5,1.32,3211.04,22,1774017036061,1787925744719,161.0,1817.37,0.566,0.0,0,0.0,,False,True,False
0x616c9c8c5856bc410ad74b7a9f3e700f690a9832,True,2000,956,617,339,64.5,0.79,-3409.28,33,1786455169087,1788530898086,24.0,-1052.37,0.309,0.0,0,0.0,,False,True,False
0x6181d0c89bc253dc2327797e400e285ae8e6f5e9,True,2000,816,444,372,54.4,0.12,-82791.68,37,1772418220387,1788716598831,188.6,-5863.61,0.071,7149.870266,7,-1370.94,-19.2,True,True,False
0x61a004365bb589822aa628c678723a8d7b14329a,True,857,496,232,264,46.8,0.63,-16819.5,11,1732888470022,1781723124810,565.2,-6952.97,0.413,0.0,0,0.0,,False,False,False
0x61bf199fabf0d2ec9dc98b9bcf8084aca32bc0de,True,2000,947,947,0,100.0,inf,279037.07,15,1787455023021,1788803413755,15.6,10786.07,0.039,637211.286864,16,-295521.39,-46.4,True,False,False
0x61d4adf32f4dc97892fd3122ffda8471e1d54f08,True,1091,457,94,363,20.6,0.48,-4746.28,8,1773330851354,1776883703143,41.1,-657.42,0.139,0.0,0,0.0,,False,False,False
0x61ed849fd49406723de9a20ce75b5f1d95c961df,True,2000,1007,335,672,33.3,0.61,-7050.93,7,1786630443077,1788805165236,25.2,1035.15,0.147,0.0,0,0.0,,False,True,False
0x62057a09364d91b1261c892201d2070cd4775eaa,True,395,186,101,85,54.3,1.08,158.05,2,1787833715335,1788704181096,10.1,-774.68,4.901,8695.767504,1,-1300.0,-14.9,True,True,False
0x621c5551678189b9a6c94d929924c225ff1d63ab,True,2000,888,541,347,60.9,1.26,8810.4,31,1788733005848,1788808263374,0.9,-2357.31,0.268,1335435.588811,41,-6591.86,-0.5,False,True,False
0x623d82ec90e76907b9d4533806aedefa6db6d73b,True,855,394,221,173,56.1,0.92,-280.0,23,1738756158360,1787822977001,567.9,-283.1,1.011,0.0,0,0.0,,False,False,False
0x624e4d5911dd164df73957e6fe7daeec0d8f4040,True,1450,737,495,242,67.2,1.01,718.94,9,1758498737304,1788446223695,346.6,8581.83,11.937,0.0,0,0.0,,False,True,False
0x627e2f315c223f6418ba67c7674586aef3853515,True,2000,1083,542,541,50.0,0.34,-37374.17,8,1778773074632,1787281867216,98.5,-2947.31,0.079,0.0,0,0.0,,False,False,False
0x62949d10348fa66aab1f86744620f00785b7ffad,True,2000,991,633,358,63.9,4.2,16822.52,7,1786029357153,1788686100617,30.7,2810.7,0.167,0.0,0,0.0,,False,True,False
0x62ab65335cdc77a9a95e08fa5aefc04e0a79db80,True,2000,533,405,128,76.0,0.13,-79741.8,12,1775779279064,1778015097222,25.9,-30783.22,0.386,0.0,0,0.0,,False,True,False
0x62cdd585c1ff51ee280c16bd528a042dbf75da28,True,1217,379,191,188,50.4,0.82,-1067.91,18,1775662526704,1778196100094,29.3,-606.16,0.568,0.0,0,0.0,,False,True,False
0x62dfa6eba6a34e55c454894dd9b3e688f88cb09b,True,345,169,156,13,92.3,30.15,3336.31,12,1761973981007,1788716229581,309.5,658.05,0.197,25029.613259,7,-122258.19,-488.5,True,True,False
0x6304ce63f2ebf8c0cc76b60d34cc52a84abb6057,True,309,178,35,143,19.7,0.93,-1252.17,3,1690289789246,1773930619168,968.1,5478.03,4.375,0.0,0,0.0,,False,True,False
0x631b80a730e9ab98b62980306d26a5c3c7ecf054,True,2000,782,597,185,76.3,2.11,45588.11,21,1773236628898,1788428059404,175.8,-10282.95,0.226,9290.58182,1,-704.5,-7.6,True,False,False
0x6336668738f86420484c37ee954a1c006a7be431,True,2000,831,589,242,70.9,1.19,11028.8,17,1759891765936,1788497456763,331.1,-26766.2,2.427,0.0,0,0.0,,False,True,False
0x634fe24f2f7396f5d967ec3936df04f49a3e6951,True,2000,965,0,965,0.0,0.0,-415555.83,3,1788128254885,1788766182457,7.4,-10648.55,0.026,1997881.27032,3,3279148.98,164.1,False,False,False
0x6363e5a3b7018b0b8ba34850ac2358f4176b0081,True,1175,592,434,158,73.3,11.03,285366.34,12,1759511604591,1787529600082,324.3,13143.78,0.046,0.0,0,0.0,,False,True,False
0x637e3e60ecd08014248d395b5f19189298dc9bee,True,621,327,153,174,46.8,0.86,-772.96,6,1779355042490,1782054639937,31.2,734.9,0.951,0.0,0,0.0,,False,False,False
0x63943fbe34ba58c8739f884f79a1351b9d3f8051,True,2000,887,432,455,48.7,0.7,-5830.01,38,1752681620139,1788724293106,417.2,-4700.64,0.806,3409.520044,1,-88.78,-2.6,False,True,False
0x63a9a60e8f4413f07dd37f28fb3906e98116e394,True,2000,993,322,671,32.4,0.25,-36128.86,11,1787153554734,1788452443697,15.0,3391.28,0.094,13217.942254,1,-2145.72,-16.2,True,False,False
0x63c1e1349634117f75d9286f1fc86ee40a911b98,True,2000,859,684,175,79.6,0.57,-7355.7,32,1782803193155,1788804160458,69.5,-2048.99,0.279,553.852323,1,-63.15,-11.4,True,True,False
0x63d417a577b50c96f4f09148d4e4d70950db0522,True,2000,1025,988,37,96.4,28.97,289889.22,14,1787929334967,1788798520939,10.1,27990.28,0.097,1528657.408749,23,132145.47,8.6,False,True,False
0x63e8bb2f7cb4239dda932861e77a24868f4c1f90,True,2000,759,537,222,70.8,0.29,-129651.18,6,1767711864497,1787475317187,228.7,-75247.52,0.58,1834.521073,1,-7102.52,-387.2,True,True,False
0x64035ceccfa490e3e75a273240193e4fa88ab366,True,2000,1022,305,717,29.8,0.4,-11217.72,26,1780433558829,1788737942087,96.1,1223.38,0.109,1375.48991,1,69.8,5.1,False,True,False
0x6417fc4c6f020e4c44461e1bb2f18c1e2b0d28ca,True,2000,931,645,286,69.3,4.1,912.01,14,1760398653163,1781556681059,244.9,131.18,0.144,0.0,0,0.0,,False,False,False
0x642c76d07a8a4d0a23deb09a24e9aed5f02d0f11,True,2000,993,583,410,58.7,1.59,18326.95,23,1781197409815,1788797385120,88.0,1531.1,0.084,56928.950422,6,-362.23,-0.6,False,True,False
0x644319b81405edac6945227dfc8b5897b66270d2,True,547,273,136,137,49.8,0.9,-462.26,2,1782605670928,1783339225340,8.5,1226.17,2.653,0.0,0,0.0,,False,False,False
0x6463f53d916cb7741a05a2c11aebdbd7324342f5,True,1527,710,373,337,52.5,2.7,16365.68,3,1788262291561,1788749486716,5.6,1685.06,0.103,738537.620397,2,109652.98,14.8,False,False,False
0x64702807a1f0f9888ea22b858099d7f481227b55,True,2000,1404,1330,74,94.7,184.81,225743.62,11,1788280278990,1788800062166,6.0,10831.38,0.048,637932.614857,5,100536.66,15.8,False,True,False
0x647fdaa29ae24e43cb9dde292c0bb0948235a66b,True,2000,896,465,431,51.9,1.05,672.75,21,1777874232640,1781069730740,37.0,2059.55,3.061,0.0,0,0.0,,False,False,False
0x6495bc72566b5b069121137848a2385be4ae0500,True,2000,728,374,354,51.4,0.59,-16352.79,34,1761999082591,1788731972549,309.4,-5438.8,0.333,33566.69317,12,-11315.6,-33.7,True,True,False
0x64aa54e33bf56ad66125798a68d00f0f614d91bd,True,2000,919,526,393,57.2,1.17,6674.92,12,1762823925001,1782398207484,226.6,4303.06,0.645,0.0,0,0.0,,False,True,False
0x64b86dcb2159885d027d0e99f0df73ca729c9cb2,True,289,157,121,36,77.1,2.15,2104.52,20,1760207193725,1776903602132,193.2,-646.93,0.307,0.0,0,0.0,,False,False,False
0x64dd467d1e5c2cf2be87fea20713159dbc12ca76,True,2000,947,515,432,54.4,3.47,94503.58,31,1758616134762,1788673649890,347.9,31606.0,0.334,38241.312762,2,-68231.13,-178.4,True,True,True
0x64e8ae4ec8f455216d0d556a3df62c386d098345,True,2000,988,324,664,32.8,0.64,-58459.9,4,1774955990608,1783889466491,103.4,16821.06,0.288,0.0,0,0.0,,False,True,False
0x650bdba05a0e6549d11a00ac7210175adc3953f3,True,577,258,238,20,92.2,28.82,23406.02,19,1714326206127,1787497975924,846.9,1791.01,0.077,2921.139638,1,-49.23,-1.7,False,True,True
0x6529f35723a510f0a1e4f1bdb8c49843e2ddffbd,True,411,134,102,32,76.1,1.13,3937.87,45,1705073672881,1788262800882,962.8,-8406.47,2.135,12969.683515,4,7153.42,55.2,False,True,True
0x654086857e1fad6dcf05cf6695cce51ea3984268,True,2000,1179,676,503,57.3,2.08,157.14,4,1788802804002,1788809319037,0.1,14.8,0.094,51172.257586,3,-19.05,-0.0,False,False,False
0x6550e8d294802c55c7bbe8d8f1d5774d1689abe7,True,2000,1005,452,553,45.0,0.65,-5905.06,38,1753047790726,1783728000046,355.1,1877.5,0.318,0.469555,2,1.9,404.7,False,True,False
0x655e9ee6b2efbbe79fa014f19e0407c85de5f69d,True,2000,1011,461,550,45.6,0.73,-2125.68,19,1780948226896,1788152732291,83.4,-296.46,0.139,0.0,0,0.0,,False,False,False
0x65782749b43e659d2cb241e47a422c94dd7d0659,True,2000,969,362,607,37.4,0.31,-37281.04,3,1787150262938,1787819415724,7.7,-3112.05,0.083,0.0,0,0.0,,False,False,False
0x658519696e816f206802f599aa1915792ae43d70,True,2000,907,338,569,37.3,0.37,-28188.12,7,1779571606411,1788754028930,106.3,3783.65,0.134,0.0,0,0.0,,False,False,False
0x65a2c953bde34fca1a650e9ff2d9ff9a2f1375dc,True,2000,363,242,121,66.7,1.91,990.05,20,1758134713787,1788258111527,348.7,184.5,0.186,0.0,0,0.0,,False,True,False
0x65c1ec85b539bf44041228df7502ac94f0bd8558,True,2000,484,335,149,69.2,0.26,-3523.6,5,1777270948467,1778249293696,11.3,-439.28,0.125,0.0,0,0.0,,False,True,False
0x65d3113f809180b1e263f38b8404941a6a7f5299,True,2000,1019,436,583,42.8,0.74,-2473.52,12,1787493619419,1788762901700,14.7,631.01,0.255,3494.435999,2,-162.36,-4.6,False,False,False
0x65ebb04f1c7674ff8c10a550bb85671952f093ce,True,2000,1235,478,757,38.7,1.3,394.89,55,1773649836620,1786005607337,143.0,77.18,0.195,437.407674,44,21.8,5.0,False,False,False
0x65f902fba324aedc801229b0593401cc0644d631,True,2000,1030,440,590,42.7,0.65,-7862.83,43,1752959868345,1788347682646,409.6,-1925.41,0.245,0.0,0,0.0,,False,True,False
0x6608d5342ca0fc0acf0c334c2496f1542af1fc71,True,2000,1012,110,902,10.9,0.01,-8702.76,1,1788512128747,1788796050160,3.3,-43.84,0.005,54089.904342,2,17582.25,32.5,False,True,False
0x661f7ff35618d4ad965595a52f0b20ddda403eae,True,2000,727,664,63,91.3,2.22,1622.63,17,1788678172469,1788803043029,1.4,-336.74,0.208,18540.962917,7,-12906.55,-69.6,True,False,False
0x66325403f5215786cbbef6690936c174fe0e606f,True,2000,807,607,200,75.2,2.02,27084.65,8,1787312682481,1788694554109,16.0,5398.86,0.199,0.0,0,0.0,,False,False,False
0x6645b4c474fb2f68f7803d37c9a79eaaf50763e5,True,2000,702,568,134,80.9,1.2,3083.3,26,1759314662613,1788675602218,339.8,-1752.78,0.568,5680.208452,10,-40221.24,-708.1,True,False,False
0x665fde1e0f9d98d503413ddd468e09ee124c4ccf,True,250,123,123,0,100.0,inf,22342.8,1,1787167225138,1787340396066,2.0,1472.61,0.066,0.0,0,0.0,,False,False,False
0x6673790b807f7474deab0051f6b4c48514eef2c7,True,2000,980,457,523,46.6,1.72,6580.43,22,1777672714482,1785811390509,94.2,765.8,0.116,0.0,0,0.0,,False,False,False
0x668b3d08b44f5632f4b50dba3a0b3767329005f7,True,2000,806,364,442,45.2,0.63,-14280.13,15,1787924964315,1788343725588,4.8,-9593.25,0.672,0.0,0,0.0,,False,False,False
0x669c1810b0eec5a39f81967623b4cce3d1b11910,True,2000,1096,598,498,54.6,2.54,259877.63,30,1728086400132,1785274940478,661.9,-18991.0,0.073,0.0,0,0.0,,False,False,False
0x66a8e3766b64650fbe4e81a9a42e9ba96ae49db5,True,2000,328,192,136,58.5,1.1,2372.98,14,1760590464016,1788547073816,323.6,-9450.71,3.983,97112.114678,8,89784.51,92.5,False,True,False
0x66bf866007b183c4dc6181e1165a76e257d91e23,True,2000,0,0,0,,,0.0,3,1781306753557,1788270160223,80.6,0.0,,0.0,0,0.0,,False,False,False
0x66d300653329bfdbf2bc544d88836f2e2de1addd,True,721,375,161,214,42.9,0.76,-3092.86,12,1770836097299,1785247865666,166.8,-1492.82,0.483,0.0,0,0.0,,False,False,False
0x66e7293b07744b2d92384d33a0f86b9c333d8597,True,539,252,99,153,39.3,0.67,-13629.02,10,1752564749864,1788678483566,418.0,-16011.07,1.175,0.0,0,0.0,,False,False,False
0x67053b2356f50c34629bc5d66b6ecd785da70670,True,957,406,245,161,60.3,1.34,3033.18,1,1782931986756,1788806607529,68.0,-1541.52,0.508,480.671092,1,22.03,4.6,False,True,False
0x671991bfc4d540c2254380d373c7d9452e1eec8d,True,2000,755,240,515,31.8,0.15,-50482.63,15,1782950626347,1787787252251,56.0,-8100.3,0.16,0.0,0,0.0,,False,True,False
0x67357058722e5ee7761bf7c14e90192b63434492,True,2000,768,522,246,68.0,1.94,7726.63,87,1782646783239,1787419799175,55.2,2002.77,0.259,0.0,0,0.0,,False,True,False
0x675437e075f70c170f49ced83547cf3b6ff9aeb4,True,2000,876,708,168,80.8,0.48,-22706.65,5,1783349129226,1787914901393,52.8,-10157.11,0.447,0.0,0,0.0,,False,False,False
0x6767c3fb96e6f058cade1df5472c563a1bab4f19,True,2000,1030,354,676,34.4,0.72,-4279.98,23,1781256867969,1788738918155,86.6,324.56,0.076,0.0,0,0.0,,False,False,False
0x677cd9d6ab0e9887fc9eaa5a620f6847eac26ced,True,2000,817,421,396,51.5,0.66,-18469.51,52,1778631598213,1788766855106,117.3,-4047.42,0.219,8623.092689,5,3658.83,42.4,False,True,False
0x679fb6c74b531e3f3136decbe9238cec6029f59a,True,2000,813,228,585,28.0,0.05,-691984.66,5,1767669887791,1787585020428,230.5,-68398.47,0.099,4414.651739,1,-1885.43,-42.7,True,True,False
0x67b578694d4d6640f883c1814745bdabe797132c,True,2000,890,611,279,68.7,0.1,-355974.07,19,1768781022334,1788759773755,231.2,-183564.67,0.516,0.0,0,0.0,,False,True,False
0x67cd5c1c4548c7ec1a20fadefca19ad42e6230da,True,2000,1068,684,384,64.0,1.0,12.3,1,1788626503295,1788809531001,2.1,117.04,9.512,15107.547523,1,-26.19,-0.2,False,True,False
0x67ed53ea9c234919c8fb6058d971275bb49f623e,True,2000,1018,687,331,67.5,5.52,9863.2,11,1788445361613,1788791227309,4.0,894.75,0.091,0.0,0,0.0,,False,True,False
0x67fcc46ed2a63971697dad2fc7bb0091fe89e51d,True,2000,2000,1506,494,75.3,5.53,83214.73,25,1787655365463,1788314475876,7.6,7446.32,0.089,10355.417914,7,-5525.53,-53.4,True,False,False
0x680a9c6e781f0ca940e4632ae9bbac3d0ee3b0de,True,2000,898,679,219,75.6,2.75,44886.26,39,1747615530643,1788790682570,476.6,10165.66,0.226,3812.852097,1,-1189.79,-31.2,True,True,False
0x681d259a28880cf1dd9c6fb9b8b3e18630889aac,True,1270,571,259,312,45.4,0.7,-5338.69,9,1773324046912,1788542535133,176.1,-3454.47,0.647,0.0,0,0.0,,False,False,False
0x684063facb99a4d800c5b4abdd7b310f29f5aa2e,True,2000,787,308,479,39.1,1.27,4454.15,17,1779465512421,1788630844721,106.1,1076.61,0.242,42728.440734,8,4546.55,10.6,False,False,False
0x685feceec46dd4e5c9b5b726f5d7550fd0eda526,True,2000,751,490,261,65.2,1.96,40083.11,53,1781583872218,1788744235237,82.9,5805.03,0.145,14538.005786,0,0.0,0.0,False,True,False
0x687f6a6ecc4f3360bd5c7722960fcb4a9297f341,True,2000,1054,531,523,50.4,1.31,9458.12,27,1732867436820,1787926436366,637.3,-2952.23,0.312,0.0,0,0.0,,False,True,False
0x68907104c3a36283b195745e15ce1a74313496b0,True,2000,1035,351,684,33.9,0.73,-7868.35,15,1787683638569,1788797536377,12.9,2046.97,0.26,925.775998,1,117.9,12.7,False,False,False
0x68a410113fab274d4e66685c1242e289ae76c01a,True,2000,1449,697,752,48.1,2.18,108896.62,10,1785334485964,1788566400005,37.4,22534.94,0.207,65181.247345,1,60376.45,92.6,False,False,False
0x68b7830865b080523fbd7da5cdb47e92bd3d8084,True,1152,599,325,274,54.3,1.64,5222.6,47,1740337169551,1787374045500,544.4,-1247.04,0.239,0.0,0,0.0,,False,True,False
0x68c7094ba0b265bd3e72c3d1514764931b390a5b,True,2000,1189,559,630,47.0,1.26,2565.14,9,1781495698490,1787933002930,74.5,862.22,0.336,0.0,0,0.0,,False,True,False
0x68d44a6816c9b72362b83e4b9c090383417b5ed7,True,1243,610,321,289,52.6,1.21,1424.61,10,1784540214994,1788505761004,45.9,3560.31,2.499,3275.870107,1,-358.53,-10.9,True,False,False
0x68ef1c4acd3f406b107440a4f12503e3f6335e13,True,497,241,90,151,37.3,0.29,-9022.07,1,1785518492726,1786033702714,6.0,-602.87,0.067,219588.780364,0,0.0,0.0,False,False,False
0x6902383971276ebd9ccb51299059d09f7a1b90c2,True,1677,638,173,465,27.1,0.86,-377.91,54,1786109987242,1787899225260,20.7,346.6,0.917,0.0,0,0.0,,False,True,False
0x6915ca9e8952168e59ea0b8328351ac249dd8ffe,True,2000,597,299,298,50.1,0.42,-6829.75,50,1748015242223,1787272238530,454.4,1861.62,0.273,0.0,0,0.0,,False,True,False
0x69423c20cb04da697996534507f8541fdb3e9aa9,True,2000,560,318,242,56.8,5.85,4438.22,2,1788603282860,1788777446827,2.0,148.82,0.034,37120.154794,1,-25024.78,-67.4,True,False,False
0x6963cd85771e7a844a56737f2cc75ac30ae9622c,True,473,110,33,77,30.0,0.4,-8853.25,5,1751808118067,1787151963406,409.1,-3412.88,0.385,0.0,0,0.0,,False,True,False
0x69794e173b4b22e06f5e7a102bdb4f38fcac377e,True,1139,735,691,44,94.0,9.06,28860.32,8,1770790533082,1788480686630,204.7,-975.95,0.034,5835.243066,1,-1780.75,-30.5,True,True,False
0x69897e99576ac585fa2cb09e43081808db45d30f,True,1201,647,291,356,45.0,0.73,-2895.76,15,1752311176329,1788327016162,416.8,-1575.01,0.544,1287.105116,1,979.89,76.1,False,True,False
0x699800725867ab56c92e554eb52c227949e205bc,True,2000,1206,862,344,71.5,1.41,5958.83,21,1787760009396,1788807682518,12.1,-2621.2,0.44,0.0,0,0.0,,False,True,False
0x69b336e844736d18487a41fe24a4f4a38c806703,True,2000,655,420,235,64.1,0.73,-12963.88,19,1768320076140,1787870835646,226.3,-7552.82,0.583,7408.663089,2,2205.06,29.8,False,True,False
0x69c8d0fc174979cf3c7b0a1f04a1391474e06a8d,True,2000,1160,352,808,30.3,1.12,4455.4,40,1758939647769,1788450173436,341.6,-13992.59,3.141,14194.702888,2,-7783.52,-54.8,True,True,True
0x69e4c8ceb49042d74f473b3d5f6e2aee434977c7,True,2000,1153,899,254,78.0,1.73,1753.96,5,1781684440105,1788809674837,82.5,-234.07,0.133,13245.70982,4,-65.99,-0.5,False,True,False
0x69f6fa903b73eac262100d12a5e7e0623c7349f4,True,2000,849,600,249,70.7,0.28,-19073.24,38,1759458078045,1788673538894,338.1,-16345.34,0.857,721.947122,2,271.92,37.7,False,True,False
0x6a1849bee4b678972b806da9cabbfad2fd3a149f,True,1812,568,267,301,47.0,0.74,-783.56,31,1725283116084,1788796808438,735.1,146.05,0.186,388.389,3,-33.25,-8.6,True,False,False
0x6a2a806df0dc3de09b725bba514a88a216e3a6c0,True,1665,761,417,344,54.8,0.79,-6016.12,11,1772667127310,1787626799139,173.1,-1926.41,0.32,0.0,0,0.0,,False,True,False
0x6a435e3fd842b76b266208ccbf96febf143d39ed,True,1578,579,356,223,61.5,5.19,41100.48,11,1735296986781,1788645676006,617.5,3106.88,0.076,83880.254146,2,-14432.55,-17.2,True,False,False
0x6a533f3912a3436d4a7fbb26100fc758ebf8c433,True,2000,948,591,357,62.3,0.7,-24403.47,9,1772287295541,1787841440935,180.0,8297.98,0.34,0.0,0,0.0,,False,True,False
0x6a6815bde5bbfef894f0536ce5097cbc723bebb0,True,2000,984,446,538,45.3,1.05,624.17,23,1777624255370,1783431216298,67.2,516.71,0.828,0.0,0,0.0,,False,True,False
0x6a771a3f243e98d92bb8ffa1fe76c7c32a3eba9f,True,2000,992,485,507,48.9,3.67,28053.24,21,1785798280323,1788525015117,31.6,5501.18,0.196,0.0,0,0.0,,False,True,False
0x6a8ebe327172f5b3ab591b3bcdec009b0688d9a1,True,2000,1045,327,718,31.3,0.96,-500.62,9,1785747340933,1788504654780,31.9,-924.12,1.846,0.0,0,0.0,,False,True,False
0x6aacfe497548afc78d9e2c9a7831b939892b0051,True,2000,1378,800,578,58.1,0.86,-16151.31,1,1761575854803,1787375460483,298.6,-15826.56,0.98,91.345951,0,0.0,0.0,False,True,False
0x6ac0b46b32dc429dbd129a503292f88649d2b8a0,True,2000,872,264,608,30.3,0.13,-7756.53,3,1788513743963,1788720141315,2.4,-482.25,0.062,0.0,0,0.0,,False,False,False
0x6ad04649246c78a43d16597ccab67c5e3f785af1,True,2000,638,623,15,97.6,2.91,141139.39,20,1784242492615,1788442305481,48.6,-33177.67,0.235,60227.274555,1,-189100.0,-314.0,True,True,False
0x6af29c370c745251afe5462469e5fc0ad0063c01,True,2000,1050,342,708,32.6,1.14,2464.91,11,1778423341041,1787551788212,105.7,1845.29,0.749,0.0,0,0.0,,False,False,False
0x6b02ae7795334a92e71fe1a0bd6be168d229c81e,True,804,361,118,243,32.7,0.53,-2136.51,108,1734782898138,1788702434205,624.1,796.45,0.373,0.0,0,0.0,,False,True,False
0x6b0e072678925b23444d9e949c1ae97c5c4c9f39,True,460,90,24,66,26.7,0.79,-992.42,3,1779187167065,1782969986179,43.8,-827.63,0.834,0.0,0,0.0,,False,False,False
0x6b2abcc47f1792d4b603c9cb8eded2b0c018324c,True,2000,855,725,130,84.8,1.99,33200.52,26,1785351930386,1788795705730,39.9,-8625.57,0.26,18337.282851,2,-3271.03,-17.8,True,True,False
0x6b4acbe1392755594d1d90dd849f08723b938eca,True,2000,984,433,551,44.0,0.74,-3866.79,39,1785930405635,1788784687779,33.0,-881.8,0.228,136.643474,1,-50.03,-36.6,True,True,False
0x6b72c3af07afa4b7ee9e4db936cb9b8001a7e9d1,True,1343,691,310,381,44.9,1.22,3600.77,14,1735818018798,1788797740297,613.2,1895.6,0.526,1758.393356,1,47.26,2.7,False,True,False
0x6b92fb5c1334616d173d17731a585be34ef1e0c8,True,333,148,39,109,26.4,3.22,8508.38,4,1780338739536,1780642794516,3.5,5459.99,0.642,0.0,0,0.0,,False,True,False
0x6b9f98c09179374bfb2c7e3a65baba16ec027d7d,True,35,6,6,0,100.0,inf,1906.17,3,1786682890954,1788804449794,24.6,714.45,0.375,8131.702208,1,198.4,2.4,False,False,False
0x6bab10febbe0860aa8d2e6aea935ff3cbc6b1a44,True,626,250,75,175,30.0,0.56,-1784.64,6,1788413023100,1788472167956,0.7,418.2,0.234,0.0,0,0.0,,False,False,False
0x6bc1341f6b601a4325e076e59f852e993108020c,True,2000,1193,950,243,79.6,1.94,4546.18,83,1787445507593,1788807511970,15.8,-1665.44,0.366,51987.912143,0,0.0,0.0,False,False,False
0x6bcdb7e3c0f2507dbd15bc38580c35ff6f00f98f,True,1030,538,210,328,39.0,1.04,1349.3,10,1773143179321,1786905614630,159.3,4094.56,3.035,0.0,0,0.0,,False,True,False
0x6be91cbc96071e3f1cb79b50def8d59a016fa1c6,True,2000,929,425,504,45.7,0.47,-87693.81,6,1767363525387,1788492077638,244.5,-18164.4,0.207,32850.265815,2,-110.33,-0.3,False,True,False
0x6bf7adc30d071f426193a56dad0947176fac84ba,True,2000,803,698,105,86.9,8.57,157509.37,11,1782460945065,1787724871799,60.9,8820.46,0.056,483095.08464,1,-22.28,-0.0,False,False,False
0x6c0bb1fc5bc370a13453b08d9386b815b37e8311,True,2000,929,626,303,67.4,4.63,14341.01,16,1779888423110,1787529600082,88.4,637.94,0.044,0.0,0,0.0,,False,False,False
0x6c237281c28b1de394b3418c9a59f7cf22f372ce,True,2000,830,551,279,66.4,2.46,64787.63,17,1782067152830,1788480000030,74.2,4648.36,0.072,0.0,0,0.0,,False,False,False
0x6c48fc6a1fb77121c7ccc818fa333f9c435f66ad,True,2000,1081,557,524,51.5,0.98,-37.94,2,1788130958105,1788800762135,7.8,37.95,1.0,0.0,0,0.0,,False,True,False
0x6c61bf7fd63053241cdbd8feb408444229480b6f,True,1418,868,439,429,50.6,3.43,248606.72,20,1706578067479,1788700666573,950.5,48332.21,0.194,0.0,0,0.0,,False,False,False
0x6c86e7c9db55177f1097bc56e793c7ae5d13d465,True,2000,1016,385,631,37.9,0.85,-8450.0,8,1723069033821,1785876665973,726.9,-12466.65,1.475,0.0,0,0.0,,False,True,False
0x6caec2722936eab5aef261422aed0066748cfdd4,True,2000,788,437,351,55.5,0.35,-20082.71,9,1779408937603,1788737911595,108.0,-864.4,0.043,0.0,0,0.0,,False,True,False
0x6cc285924695f3cb19237855ca0f3a233c96fc84,True,2000,1190,445,745,37.4,1.24,5808.97,18,1781968230545,1788566400005,76.4,8044.43,1.385,0.0,0,0.0,,False,False,False
0x6cd27fb6dcf9c06c36200aff3ec44cf004be32a4,True,2000,906,525,381,57.9,1.82,5591.06,7,1788130897449,1788809002093,7.8,1073.39,0.192,0.0,0,0.0,,False,False,False
0x6ce5be0f1105a8c32d2cc5b3010c4fe61441309b,True,2000,863,418,445,48.4,0.78,-25234.42,10,1772056077496,1784582879040,145.0,-13355.77,0.529,0.0,0,0.0,,False,False,False
0x6d087d2ab26850f817211b15cf85b5debc501de5,True,2000,955,465,490,48.7,0.38,-81635.11,14,1750867866325,1787935192808,429.0,-48934.19,0.599,0.0,0,0.0,,False,True,False
0x6d12dcca052515c234a7221057d9909cf5241030,True,1637,787,443,344,56.3,0.87,-10694.61,3,1771896998613,1787356800028,178.9,-7514.65,0.703,0.00221,0,0.0,0.0,False,False,False
0x6d2ddd1d0c9ad0036d852cb2e556ac234a322197,True,2000,866,242,624,27.9,0.45,-45116.5,4,1780537860112,1787068763067,75.6,-14583.0,0.323,0.0,0,0.0,,False,True,False
0x6d4213f1bdebb7103a66b0c352d5d5ebf04d8f05,True,2000,635,388,247,61.1,1.41,3145.78,18,1785423589972,1786030386271,7.0,-1077.45,0.343,0.0,0,0.0,,False,False,False
0x6d5ce82cf45558ac9f0abaae6a100b7439d1f580,True,2000,1008,256,752,25.4,0.16,-59793.07,21,1779817168160,1788099116680,95.9,-3584.45,0.06,5605.13744,1,2201.45,39.3,False,True,False
0x6d73499cb781a281b8da6cfa9b438faad584aba7,True,451,240,138,102,57.5,3.79,1439.97,14,1781013987482,1788799830358,90.1,281.25,0.195,908.05647,7,-76.89,-8.5,True,True,False
0x6d7e50b8908c45a26b454c3ecb47b012eeac61a4,True,1401,675,490,185,72.6,2.19,11628.65,8,1780839518405,1788701041264,91.0,-2112.55,0.182,0.0,0,0.0,,False,True,False
0x6d954bc170d242750a233754df96725ee47ad377,True,2000,789,243,546,30.8,0.49,-36679.7,52,1788755640962,1788810003978,0.6,1802.18,0.049,3109042.271272,72,-429788.62,-13.8,True,True,False
0x6dafa152f99b5b467c223ce69731c7d416b16a16,True,1028,339,81,258,23.9,1.83,50218.4,15,1735681018652,1787155305907,595.8,10949.18,0.218,0.0,0,0.0,,False,True,False
0x6dc099816468aa9ac52dec9c6f312046243e0b5b,True,682,258,34,224,13.2,0.17,-3466.21,11,1769631139892,1773166750559,40.9,-766.73,0.221,0.0,0,0.0,,False,False,False
0x6de62240b8fec4bc7201b828934efafe9253ef7b,True,2000,1102,499,603,45.3,1.38,2932.44,51,1787128743370,1788775411664,19.1,461.78,0.157,122749.598524,50,9243.36,7.5,False,False,False
0x6e059a3888693d22b8eb2f4a5aea22e79cba6753,True,2000,987,377,610,38.2,1.1,237.74,52,1785313832000,1788775635218,40.1,113.77,0.479,27636.481932,50,1885.02,6.8,False,False,False
0x6e14eb959ae83b34a922a69285885ce1f7f32dd8,True,1051,309,205,104,66.3,2.85,16079.44,9,1768975347019,1784073600046,174.7,-1573.66,0.098,0.0,0,0.0,,False,True,False
0x6e400e4c5419e889388141e89c8761338f841ed8,True,2000,923,288,635,31.2,0.9,-264.87,56,1772461980048,1786985070656,168.1,172.57,0.652,0.0,0,0.0,,False,True,False
0x6e5f7bd9b940287f6c9ae8a2ecfb93224a09cba5,True,2000,920,369,551,40.1,0.95,-779.8,44,1760290788641,1788724835785,329.1,-1572.95,2.017,5313.269669,1,375.62,7.1,False,True,False
0x6e7104ba0296902358b065fe5271d1eb2e8cfaf6,True,1631,519,325,194,62.6,1.25,2936.03,35,1758837493210,1788221366591,340.1,-1991.59,0.678,0.0,0,0.0,,False,True,True
0x6e85255a1f4b1699df28978b0a30bac3080569ea,True,2000,564,119,445,21.1,2.47,4369.73,8,1780498617001,1787482415866,80.8,902.4,0.207,0.0,0,0.0,,False,True,False
0x6e9b20e2ebb0e49a1de161b08413a2a988bd9516,True,2000,943,449,494,47.6,5.9,239673.44,10,1738225151460,1785994906166,552.9,7526.84,0.031,48932.03934,2,35655.49,72.9,False,True,False
0x6eda7d8b0b46e85fcc16297c5df51bb59b852791,True,680,177,170,7,96.0,20.42,1876.88,38,1755694947251,1788739875998,382.5,599.8,0.32,8025.839653,1,-954.06,-11.9,True,True,False
0x6f004c0031c01dcf2aedb39adb0ada34ae448cdb,True,1643,823,397,426,48.2,0.75,-6629.77,22,1749592249593,1781010006945,363.6,-2018.19,0.304,0.0,0,0.0,,False,True,False
0x6f11d116eb6242b37486d0e609638ad95f5e5752,True,2000,1017,436,581,42.9,2.21,14852.02,13,1779788965803,1780391326923,7.0,1688.39,0.114,0.0,0,0.0,,False,True,False
0x6f1e9f00c32d11a366405a1811389a088f7bc46b,True,2000,1070,254,816,23.7,0.47,-18660.03,17,1781615490813,1788734519954,82.4,-2003.98,0.107,16831.65,0,0.0,0.0,False,False,False
0x6f46c54d556fc8e040ac9226196605eebdf334a1,True,2000,1032,622,410,60.3,0.41,-21364.3,3,1782929279206,1788527185274,64.8,-8700.26,0.407,3113.647055,1,-250.35,-8.0,True,True,False
0x6f684b155809d6615bb01e0dcf45d304b2e04ad0,True,2000,1098,399,699,36.3,1.21,10170.77,5,1788321157185,1788800714914,5.6,8034.32,0.79,54771.757767,3,-7653.72,-14.0,True,True,False
0x6f79a7ce791530d6604264e83fe8cdf491b4785c,True,319,100,76,24,76.0,0.85,-1260.45,8,1737180899337,1780408529439,500.3,-2870.44,2.277,0.0,0,0.0,,False,True,False
0x6f83ab8890ed38bf38a31010aa9a5e9ca743bfad,True,2000,1034,641,393,62.0,1.4,18289.75,31,1780134461193,1788801103274,100.3,-3639.82,0.199,191004.916694,3,-62019.38,-32.5,True,True,False
0x6f97b7de6be7b7771e975e46bae96c35e332e172,True,2000,903,336,567,37.2,2.35,31974.51,6,1788443015984,1788738838606,3.4,4777.39,0.149,45489.861445,1,31645.81,69.6,False,False,False
0x6fb7daa321a83d5748afd67b35f7a6085cf6874c,True,2000,1006,392,614,39.0,0.35,-20032.3,31,1768342206732,1788784172408,236.6,-7530.18,0.376,350.412844,1,61.15,17.5,False,True,False
0x6fbfc4791b1346e39ad573c5076e8003fdb1b026,True,2000,981,393,588,40.1,1.53,6267.07,10,1786882670179,1788744011213,21.5,916.03,0.146,0.0,0,0.0,,False,True,False
0x6fd26f655bcb9698e83d08ffd827d6fe0d5654a8,True,659,310,81,229,26.1,0.83,-1895.27,18,1779847663127,1787375765966,87.1,-2565.06,1.353,0.0,0,0.0,,False,True,False
0x6ff359e8fcbd54327549d4f36a850825050f2b01,True,360,116,101,15,87.1,0.72,-2350.12,2,1760116080678,1780522362062,236.2,1536.37,0.654,0.0,0,0.0,,False,True,False
0x700e3336f3bb386d2792c993de8e297b2dc3fb88,True,2000,808,438,370,54.2,1.49,4413.81,25,1782340848836,1783556738158,14.1,1008.6,0.229,0.0,0,0.0,,False,True,False
0x701adb5a67f3ee17b10ab5b156b37dbc0ed50f29,True,2000,1032,786,246,76.2,2.29,51258.17,4,1781705189319,1788440230445,78.0,-11187.0,0.218,201594.624629,1,-6530.42,-3.2,False,False,False
0x703bf8c292b72efdd60243b17be782b58cd61ce0,True,2000,977,181,796,18.5,0.69,-1761.6,29,1759748235924,1788751800400,335.7,197.69,0.112,0.0,0,0.0,,False,False,False
0x704e09c9f1df29c92dceda01ddea8e6b73497fb2,True,382,166,108,58,65.1,1.64,1727.06,8,1777990898086,1784054890341,70.2,-783.17,0.453,0.0,0,0.0,,False,False,False
0x70654fd9d9f6b4ecfdf8d96c182b9747d22d5d30,True,2000,969,321,648,33.1,0.69,-2872.29,4,1787762260175,1788790773438,11.9,-452.12,0.157,729.035688,1,161.72,22.2,False,True,False
0x7079b5814032c0b02425135f06f32a0084cdf2d2,True,2000,1148,397,751,34.6,0.4,-23520.94,4,1787034801350,1788584150377,17.9,-1600.31,0.068,105258.202105,1,-25629.0,-24.3,True,False,False
0x70822cb3d038b637dd6c6338f3f1f83f805b2e2d,True,2000,1065,497,568,46.7,0.68,-8992.82,18,1786021776845,1788748466187,31.6,-2238.52,0.249,13344.698713,2,2500.62,18.7,False,True,False
0x70909f333a6e35b39218f63ee67094b9e7a4e86f,True,2000,931,326,605,35.0,0.87,-1474.46,12,1773008895722,1786114727060,151.7,-1612.86,1.094,0.0,0,0.0,,False,True,False
0x70b37757f0344b28ef207d86eada7ca051138153,True,2000,1775,649,1126,36.6,2.26,73667.56,4,1784771336836,1785983629880,14.0,-1299.28,0.018,0.0,0,0.0,,False,False,False
0x70ced0b9036775abce2423c83994f61cd544201c,True,1275,657,240,417,36.5,0.83,-1492.1,34,1782658959399,1784290542505,18.9,-758.38,0.508,0.0,0,0.0,,False,True,False
0x70e3592642e17118842174d8717d1ca234188abb,True,2000,1222,555,667,45.4,0.35,-1619.71,8,1780667161735,1784770829234,47.5,-270.44,0.167,4945.448546,0,0.0,0.0,False,True,False
0x71038a3e5fd46ba4ca5edc81339a4d1e9e493104,True,2000,529,529,0,100.0,inf,548112.32,12,1779716068394,1788612189100,103.0,44756.5,0.082,663708.931833,2,25645.8,3.9,False,True,False
0x71115ce8fe84800cba2632c9ae4c4d46fabc1353,True,1196,583,315,268,54.0,0.46,-11043.19,7,1774522116885,1780383518247,67.8,-2766.75,0.251,0.0,0,0.0,,False,False,False
0x7124dd9394ff5fedb20fd3c820b41a7bbf6f2d1a,True,430,191,162,29,84.8,1.03,293.18,7,1777903233926,1785637047154,89.5,-4739.2,16.165,0.0,0,0.0,,False,True,False
0x71342cb728ad35177fd09da507635664f6255889,True,1222,488,216,272,44.3,0.5,-50021.54,28,1732897637250,1788446025880,642.9,-13558.82,0.271,23810.735451,3,-16183.85,-68.0,True,True,True
0x71562ae643e656bce36fe2994f1528a39b9a2c58,True,440,153,89,64,58.2,0.21,-35778.67,9,1762289432675,1787816859020,295.5,-6334.84,0.177,778.78622,1,-22.33,-2.9,False,True,False
0x716f7db3fc559767ec953922873dc0b320227ebc,True,2000,978,389,589,39.8,1.2,2061.44,19,1774457614602,1779904585748,63.0,683.09,0.331,0.0,0,0.0,,False,True,False
0x7178cb49b426b090264bfb1f564d5042c8ceb90f,True,2000,814,388,426,47.7,0.19,-172712.53,12,1758731474647,1788730687420,347.2,-49079.18,0.284,0.0,0,0.0,,False,True,False
0x718cc7ee2ae2493ebf7d454316df6b61f4e1a868,True,2000,927,603,324,65.0,11.29,545782.42,19,1781807837908,1788628231203,78.9,58527.24,0.107,681842.427034,1,135614.44,19.9,False,False,False
0x71a68bc958032cf3ae93ba09d3a475caa1da36fc,True,2000,1114,800,314,71.8,0.44,-26479.9,10,1782162178337,1783109674805,11.0,-8100.66,0.306,0.0,0,0.0,,False,True,False
0x71b117d68974aa4c5615669ae70e8e13ce7479c8,True,2000,1189,206,983,17.3,0.01,-281962.2,5,1788447918713,1788773667855,3.8,-22912.96,0.081,0.0,0,0.0,,False,False,False
0x71d0532c40c485562c52d134f071eccc9d598c0f,True,1902,893,396,497,44.3,0.35,-66178.48,5,1780440684754,1787537628183,82.1,-4794.54,0.072,0.0,0,0.0,,False,True,False
0x71e9ac6776b5068d9b8a1634138691aa662a58c7,True,1064,434,338,96,77.9,9.21,6478.9,9,1782261326298,1782432000043,2.0,352.95,0.054,0.0,0,0.0,,False,False,False
0x72086fb8c8d3efa725918b9023a63164e17fac39,True,2000,963,111,852,11.5,1.48,1191.28,1,1779478519665,1779524355934,0.5,665.7,0.559,0.0,0,0.0,,False,False,False
0x721fe4d9f1ac1941c37952651adb62c72a0c5ab6,True,2000,935,363,572,38.8,0.32,-14932.1,31,1778678250290,1780625517108,22.5,-4679.35,0.313,0.0,0,0.0,,False,True,False
0x723afd5a9cad58f7f9224a20dbf5c6b9921988ef,True,2000,1111,701,410,63.1,5.32,9785.55,24,1787672684165,1788794281969,13.0,413.01,0.042,0.0,0,0.0,,False,True,False
0x724b91d3032af0b5d6474a6bd3978a6902db9636,True,2000,846,301,545,35.6,0.65,-7096.51,8,1787383426463,1788753981814,15.9,3176.19,0.448,133080.714091,1,-14516.64,-10.9,True,False,False
0x7260543c767a511dfa146fd3163a36f9f20801b0,True,2000,1024,330,694,32.2,0.42,-19444.64,17,1787238629083,1788788120880,17.9,1307.04,0.067,14328.475306,1,-381.26,-2.7,False,False,False
0x72774e2fe1992d5da8c6e9cef73fd2ab980c0b98,True,2000,1650,125,1525,7.6,0.05,-373748.08,9,1788726096106,1788798137821,0.8,-36584.23,0.098,312287.365691,1,-75282.57,-24.1,True,False,False
0x728622445ebbdeb9f84784e819330b047568b2de,True,2000,914,601,313,65.8,1.06,1053.43,13,1776161236176,1788805666775,146.3,-3358.98,3.189,6568.689613,1,-169.27,-2.6,False,True,False
0x7299b18b688212b06bbb638612371e0542c6be30,True,2000,1135,842,293,74.2,1.0,83.07,34,1750982855766,1781827200011,357.0,-7770.14,93.542,7490.821728,1,-21182.78,-282.8,True,True,False
0x72abac7c2c9c1059f243217fefc1d244823c65ec,True,1232,573,181,392,31.6,1.22,18606.73,6,1748627056554,1787229333935,446.8,-18781.66,1.009,13076.772325,1,-14248.21,-109.0,True,True,False
0x72be16fdcf2ff0fd6978c338142b09efd58dfed9,True,787,300,103,197,34.3,0.46,-10100.29,21,1773655430145,1788552365814,172.4,1840.75,0.182,3670.883217,1,238.96,6.5,False,True,False
0x72d7dfa39a1c330e6e8074f1de134b596ec9efc8,True,2000,1079,414,665,38.4,0.59,-17805.4,4,1787511199642,1788755299540,14.4,-5816.38,0.327,12076.676083,1,1232.58,10.2,False,True,False
0x72f3a44c75e971d18c6368338efae6c50200ec80,True,2000,847,569,278,67.2,0.79,-2799.98,23,1773648391216,1787191004831,156.7,-4110.73,1.468,0.0,0,0.0,,False,True,False
0x73045e207623eed9e09f647fec7d3f3c0b4a37a1,True,2000,855,508,347,59.4,2.0,57400.21,6,1782520219073,1788774011279,72.4,-9435.72,0.164,170833.146875,2,222755.36,130.4,False,True,False
0x7329f2d7ca5f078bf50805284213970759dc7a91,True,2000,826,421,405,51.0,1.01,81.94,8,1779552237011,1788799233997,107.0,-943.05,11.509,5399.806425,2,-120.33,-2.2,False,True,False
0x73360ea86d24f249034b7060499d7cee4297cc27,True,2000,886,685,201,77.3,0.9,-3479.14,8,1772055973278,1776430020644,50.6,-3929.44,1.129,0.0,0,0.0,,False,True,False
0x734531e87f8c1643321355f7143fcc6169c4b404,True,2000,1269,1120,149,88.3,55.32,642282.74,25,1787790703435,1788789428883,11.6,27005.31,0.042,1896067.5887,21,750952.16,39.6,False,False,False
0x73539aad638980cc6b872a16fe964a768fe06ada,True,1285,457,237,220,51.9,0.23,-109207.32,37,1751930479207,1788798668044,426.7,-25462.51,0.233,30205.175842,3,-9231.13,-30.6,True,True,False
0x7361e66d277e6a268d2922e93d241e045266ed19,True,2000,1104,420,684,38.0,0.36,-22714.93,12,1774252413329,1775022118395,8.9,-7446.91,0.328,0.0,0,0.0,,False,True,False
0x737ce2f1d80b30ae6ec72d86bd6fc048fff0d5e9,True,154,83,40,43,48.2,5.15,5751.29,1,1788480207522,1788633311488,1.8,800.99,0.139,0.0,0,0.0,,False,False,False
0x739c52c1009e970ab30ea1f28401df41e18fcfb2,True,2000,370,193,177,52.2,0.98,-4974.21,7,1780799508153,1788616201252,90.5,24971.99,5.02,794084.839995,4,532612.96,67.1,False,False,False
0x73b9f30e9f482337e0e42f797b29e5545f67ecec,True,272,142,142,0,100.0,inf,5792.23,4,1776967728180,1778059776055,12.6,2025.63,0.35,0.0,0,0.0,,False,False,False
0x73ca19b101b9226671e6487cc9ffcc50bf010b8e,True,2000,671,326,345,48.6,1.09,2881.23,17,1782339970783,1788753870827,74.2,6515.96,2.262,24817.038379,5,21667.04,87.3,False,False,False
0x73d249b625527b21a5fdea7f47a2baa64b2c60fc,True,2000,1024,398,626,38.9,0.97,-948.31,41,1776258113873,1785211793356,103.6,-1777.81,1.875,0.0,0,0.0,,False,True,False
0x73f81008c59343d4db7621678804ab78efbc3b54,True,2000,1018,591,427,58.1,2.42,34799.48,39,1781724775720,1788526256673,78.7,2651.94,0.076,43579.799632,6,6514.88,14.9,False,True,False
0x741cdb635852cef100ce3a809ac10832f0a842c2,True,2000,979,711,268,72.6,0.38,-80379.34,11,1769686875556,1785863141678,187.2,-26702.27,0.332,0.0,0,0.0,,False,True,False
0x74464eea5f52b768b501bc223815ddfc8565ab75,True,2000,903,539,364,59.7,1.65,22905.9,5,1766078279950,1788366642571,258.0,6844.61,0.299,128862.291386,1,-6303.58,-4.9,False,True,False
0x74559e4a1df6ae063d220a12193218c91ac5f8be,True,2000,1201,889,312,74.0,5.16,4898.39,13,1787234433372,1788803019538,18.2,880.07,0.18,2074.726928,0,0.0,0.0,False,True,False
0x74685c7a1ee3a015e3296162454ebb2530dfc1b8,True,464,288,150,138,52.1,1.04,376.85,10,1759923244329,1784507723520,284.5,-5700.0,15.126,0.0,0,0.0,,False,True,False
0x74805f6415654852fc77fc944ef9126a086c358b,True,2000,976,647,329,66.3,4.17,83195.81,21,1785116390704,1788737972804,41.9,4311.6,0.052,39915.100245,1,15628.83,39.2,False,True,False
0x7491180d3e43719bd8a53cdfbef27a1527a1d90f,True,2000,1105,853,252,77.2,3.81,40329.62,10,1787927780762,1788799183684,10.1,1598.95,0.04,357217.616467,6,48824.61,13.7,False,True,False
0x74ab3700e7752aba86e6a14e707aa57ca63c7f59,True,2000,868,316,552,36.4,0.25,-29597.24,14,1759946805484,1782735398761,263.8,-1887.11,0.064,0.0,0,0.0,,False,False,False
0x74bd0c09e41a3195fd2287135b661f1832dad520,True,1161,616,199,417,32.3,0.84,-1235.41,22,1758379708988,1781527348607,267.9,-1171.01,0.948,0.0,0,0.0,,False,True,False
0x74c8fd07e968715932c1fcd38e352398b1e946ec,True,2000,545,406,139,74.5,0.22,-15119.23,15,1787758390174,1788800532703,12.1,-2582.26,0.171,0.0,0,0.0,,False,False,False
0x74dd1b672c1efbdd2559aa39e31cb56792a151bd,True,2000,1012,739,273,73.0,0.8,-14002.94,8,1775539707448,1787917133852,143.3,-8437.59,0.603,2267.894558,1,-29.43,-1.3,False,True,False
0x7506c3dc5f6b6e3df64ca2e0863511e32d15e6eb,True,2000,859,289,570,33.6,0.19,-42201.62,25,1760082064900,1773399026362,154.1,-5602.3,0.133,23.442757,0,0.0,0.0,False,True,False
0x7520e086de340208751eaa9f8af2d2f2c43e8fd6,True,270,151,42,109,27.8,2.66,5091.2,10,1738580744622,1787355137845,564.5,4640.79,0.912,2438.807547,1,-2155.1,-88.4,True,True,False
0x753998bd5c477cd006fdeb67c5f402539ae95384,True,2000,981,329,652,33.5,0.4,-17699.37,2,1765812186345,1788752623362,265.5,-1534.56,0.087,1033.667828,1,-148.23,-14.3,True,True,False
0x754df6465042b3ca0a39492a8ee8e85072acb339,True,195,73,24,49,32.9,0.07,-23922.99,8,1759884055122,1788456188444,330.7,-6459.12,0.27,7697.773043,1,-59.33,-0.8,False,False,False
0x75632aaf83120eae9b0618f8f50773ce347de2ad,True,2000,1059,512,547,48.3,1.1,2182.27,37,1778319814034,1788809143168,121.4,-6424.4,2.944,0.0,0,0.0,,False,True,False
0x757c88690107f3b4a4c891bd929674eee99de308,True,2000,1153,308,845,26.7,0.65,-13623.76,11,1776418119092,1788639701696,141.5,-5033.04,0.369,0.0,0,0.0,,False,True,False
0x75952356143ad5521245fe352a441d7effdf98dc,True,1013,528,143,385,27.1,0.21,-6920.09,15,1772468619382,1788795117238,189.0,-1637.03,0.237,1514.998485,0,0.0,0.0,False,True,False
0x75afaece8cf2a7974b1e541648923afd9339b3f8,True,2000,806,127,679,15.8,0.02,-45169.8,6,1785422425968,1786477697496,12.2,-2921.21,0.065,0.0,0,0.0,,False,False,False
0x75c863bd0bd01dc936b324eab880c241ad3ab1d4,True,73,57,41,16,71.9,1.32,550.18,2,1785867326906,1787626554295,20.4,-789.0,1.434,0.0,0,0.0,,False,True,False
0x75e6e34a78cd19054bd0f298eb47b6ddfa2c4127,True,2000,795,421,374,53.0,0.98,-23.04,44,1787746381826,1788795730902,12.1,105.11,4.563,0.0,0,0.0,,False,True,False
0x75f15ad634f336f63754254c0ea13d953cf6fc4e,True,2000,1658,1201,457,72.4,1.07,77.63,6,1787529687355,1788800054868,14.7,-77.78,1.002,29908.694985,0,0.0,0.0,False,True,False
0x7611e4026305e5f3afa659dae315d602bbb8387d,True,2000,1023,425,598,41.5,0.37,-16738.97,11,1787628644034,1788802318610,13.6,-1774.17,0.106,6389.497246,4,-1221.69,-19.1,True,False,False
0x762c0ab2b65dcb1354c4ac6f77f0271c56e34965,True,1638,808,513,295,63.5,2.0,6071.69,22,1765762490579,1788714023843,265.6,-1440.18,0.237,2711.62958,1,-2339.21,-86.3,True,False,False
0x7645beb2c5a1db17a60b72cb597fa70efce3167b,True,2000,891,474,417,53.2,1.99,38078.51,42,1712967877911,1788271384618,871.6,11430.25,0.3,0.0,0,0.0,,False,True,True
0x7658fbe5442f7ef69ec1a6175e5e331ac89568b3,True,2000,892,598,294,67.0,0.5,-9962.52,13,1782493615726,1788200083154,66.0,-5804.76,0.583,39.338576,0,0.0,0.0,False,True,False
0x766ae85b75cede520ea65b3db8d4042d6deeb879,True,2000,1076,575,501,53.4,1.35,9622.53,18,1759475498406,1783341959988,276.2,-3213.96,0.334,0.0,0,0.0,,False,True,False
0x767a1e1f1796b9c8def2f1e8ed08a7596e930ace,True,2000,1096,411,685,37.5,9.82,1508103.24,2,1785169963221,1787847053703,31.0,115538.55,0.077,396950.0,1,-46194.13,-11.6,True,False,False
0x76921b3d2d83fc9842b2f06a0219d2e26705a359,True,2000,863,330,533,38.2,0.59,-36853.5,23,1784267657733,1788804220092,52.5,-13856.19,0.376,11683.0,1,-210.0,-1.8,False,True,False
0x76ba416b94f449fc20ba23c107051c89ed1b3fcb,True,1171,561,306,255,54.5,0.53,-13171.35,35,1770132926129,1785769505128,181.0,-3219.78,0.244,0.0,0,0.0,,False,True,False
0x76cc23e665193f4592a9a5a5a37ce3dbe929b5ae,True,2000,1032,378,654,36.6,0.21,-564951.92,2,1761932931133,1788388214695,306.2,-51621.01,0.091,98741.023105,1,27145.0,27.5,False,True,False
0x76d8054291ff2a84be7712d08ca36e6b577036d7,True,2000,923,516,407,55.9,0.84,-2469.96,5,1780320692418,1788788741560,98.0,-785.7,0.318,901.314868,1,-16.92,-1.9,False,True,False
0x76f1b3f67cf402b8a4f0591ba9426f285b82f3fa,True,2000,805,308,497,38.3,0.79,-7444.54,4,1786694696335,1787618399889,10.7,5416.01,0.728,0.0,0,0.0,,False,False,False
0x77113e553086f94458b366619040ed329cb4c28c,True,2000,1520,935,585,61.5,0.9,-5521.03,14,1773170798941,1787301965019,163.6,9045.52,1.638,6713.428382,1,-8888.47,-132.4,True,False,False
0x771d10747dd16943c62433ab2cdeb92dce35e924,True,2000,1044,534,510,51.1,0.89,-3203.29,11,1759227731070,1788265555711,336.1,-1614.98,0.504,0.0,0,0.0,,False,True,False
0x773bc0bab6973ceb310f25dded47325e0c152351,True,2000,1025,690,335,67.3,0.44,-82387.23,18,1748526201906,1782331758155,391.3,-59263.0,0.719,0.0,0,0.0,,False,True,False
0x775d9cda75fd924ba91fac324f45676cbe361311,True,2000,1283,602,681,46.9,2.32,12472.51,15,1788270719146,1788807515936,6.2,-817.36,0.066,12345.54515,1,-962.11,-7.8,True,True,False
0x776e0c0d9327ba9ba79a6ed43dafad969436d084,True,1519,733,494,239,67.4,0.75,-2670.61,32,1753448324130,1788795042418,409.1,-2209.92,0.827,0.0,0,0.0,,False,True,False
0x7781be4c68f31f997dcab1a9b8d5e42282c3faa6,True,2000,997,336,661,33.7,0.96,-967.24,8,1774467409673,1785670517126,129.7,1408.73,1.456,0.0,0,0.0,,False,False,False
0x77998579f578c01030db65e75edc47bfe890c291,True,2000,1029,890,139,86.5,0.31,-126785.88,3,1785933134997,1788471439469,29.4,-13347.12,0.105,117099.186781,1,10336.12,8.8,False,True,False
0x77b70eb23449bd282aeebf12c7b657cb64af7740,True,2000,833,315,518,37.8,0.68,-3048.99,8,1787014378718,1788778610929,20.4,337.0,0.111,6230.454584,1,376.49,6.0,False,False,False
0x77d353254143a7578ecb6c7edaac2c12f86c7100,True,2000,930,553,377,59.5,1.0,-33.79,29,1782744840981,1787945366927,60.2,3089.0,91.423,0.0,0,0.0,,False,True,False
0x77ee3604adbdefa66a817b3cf776412a6613a018,True,2000,326,266,60,81.6,0.58,-108529.06,7,1788107789920,1788731170349,7.2,-89352.77,0.823,2244598.615297,6,-1020804.78,-45.5,True,True,False
0x78034797c6b01cb444059414db8a3d48b20df6eb,True,2000,831,123,708,14.8,1.9,51315.98,1,1779948632757,1783001723183,35.3,43072.56,0.839,0.0,0,0.0,,False,False,False
0x7814161de050bd2b0b39a69625afaa1103fa7e8c,True,971,512,418,94,81.6,1.16,1530.13,18,1780691284396,1788547980508,90.9,-1498.22,0.979,0.0,0,0.0,,False,False,False
0x781e95fdc049433565cf8e05265361b8402196b7,True,2000,16,0,16,0.0,0.0,-26.17,3,1788311477133,1788600169698,3.3,-21.82,0.834,1145764.563867,5,-2059825.85,-179.8,True,False,False
0x782b3978d7148a1c6fbfae1bfd6e1079d15d8b2a,True,2000,948,33,915,3.5,0.0,-428962.63,5,1787146623052,1787301472031,1.8,-10930.52,0.025,0.0,0,0.0,,False,False,False
0x78343cc0521d3fb45b967dcf923a65823d33ce3d,True,2000,804,324,480,40.3,0.75,-2604.19,16,1773346862533,1779133821139,67.0,-1032.3,0.396,0.0,0,0.0,,False,True,False
0x7847e02e27780e452bde6c312c42ddecf2d8f871,True,2000,844,527,317,62.4,0.8,-1096.87,21,1776636017518,1781206243832,52.9,-655.71,0.598,0.0,0,0.0,,False,True,False
0x785b6ce35d918b35188a8be2a6c1d2904e62cf10,True,990,854,589,265,69.0,13.07,45511.35,11,1754451204827,1780544655739,302.0,3688.43,0.081,0.0,0,0.0,,False,True,True
0x78772b655c6f0e942448e1a2252d394132c2f834,True,2000,1072,624,448,58.2,2.3,33111.0,21,1775850674478,1788433317577,145.6,3931.21,0.119,0.0,0,0.0,,False,False,False
0x788a5ab87d7f8de001386d1d65844fd26c317b7e,True,751,378,162,216,42.9,0.29,-100085.19,15,1734636211830,1788632539021,625.0,-27482.76,0.275,1617.066197,1,116.11,7.2,False,True,False
0x78a1db5acf21f09b39267efa1791799b53b02cd3,True,2000,991,422,569,42.6,0.92,-978.58,5,1782950614567,1784499098317,17.9,1815.27,1.855,0.0,0,0.0,,False,False,False
0x78c2dbcb94b208c5376063534aaca87e5c569634,True,2000,1253,73,1180,5.8,0.15,-11190.94,5,1787271754836,1788067543573,9.2,620.86,0.055,0.0,0,0.0,,False,False,False
0x78de189170e3c5b182a87e85f70b1a558cf9b5fe,True,2000,929,266,663,28.6,0.28,-14760.84,15,1782730302530,1783500315446,8.9,-730.94,0.05,0.0,0,0.0,,False,False,False
0x79007af266d86218e1d88f3f395887da611bc5ff,True,2000,900,368,532,40.9,0.15,-16644.55,2,1785297597345,1787284807494,23.0,-600.0,0.036,0.0,0,0.0,,False,False,False
0x79162092f467b532b411a4c19cbdde97406bd8d7,True,154,60,55,5,91.7,1.63,974.44,2,1787167038646,1787303378685,1.6,-613.2,0.629,0.0,0,0.0,,False,False,False
0x793660578d2628b0ec7e0e2b5c75a4847ae80706,True,2000,1135,656,479,57.8,1.34,1856.75,1,1788443537503,1788810607843,4.2,118.48,0.064,5028.167984,1,0.94,0.0,False,True,False
0x794a343e0846d6d822c7bc93df4736f44c086498,True,2000,889,433,456,48.7,0.61,-8950.67,23,1784044450082,1787529600082,40.3,-1982.77,0.222,0.0,0,0.0,,False,True,False
0x7964185b194f63b5467e98b642824e98704e6eea,True,401,193,113,80,58.5,0.18,-13553.17,6,1778085230931,1787822755829,112.7,-1800.62,0.133,0.0,0,0.0,,False,True,False
0x7977b2f97866865d67a4e8b0c46f350f30e89fe2,True,1254,546,338,208,61.9,2.72,13216.83,21,1752473127726,1788693766624,419.2,2286.06,0.173,0.0,0,0.0,,False,True,False
0x798ed654f4d9599b99f94f4a61609b7a7cfbd200,True,633,284,198,86,69.7,3.86,17018.74,51,1710380349833,1788789956491,907.5,2231.04,0.131,37287.962141,1,12574.39,33.7,False,True,True
0x79a4f9084fa73ce49cfeb1ffabfdca43d1ab9d64,True,373,201,119,82,59.2,0.92,-366.09,9,1768342148060,1787184000002,218.1,-1289.45,3.522,0.0,0,0.0,,False,True,False
0x79c3e83240415fbe8fb92000a3190b308f7c2c37,True,2000,597,394,203,66.0,0.54,-6403.31,3,1787290603995,1787590936051,3.5,-1528.59,0.239,0.0,0,0.0,,False,False,False
0x79d4174ffc2187e467eb41aa1dca48cc3de94db3,True,242,118,53,65,44.9,1.01,18.98,1,1785227405450,1786910005603,19.5,583.14,30.727,0.0,0,0.0,,False,False,False
0x79eea65ed1832cc94205645a480708e144a2ae71,True,681,208,53,155,25.5,0.74,-697.46,16,1769763489005,1773441663360,42.6,624.35,0.895,0.0,0,0.0,,False,True,False
0x7a18b50124989907c4e879c6770f920acb61820b,True,745,426,165,261,38.7,1.17,5727.65,13,1770777903219,1787249820235,190.6,3556.0,0.621,6801.643,0,0.0,0.0,False,True,False
0x7a27075accbbc212b703fafbdc82146214ba0469,True,2000,916,680,236,74.2,0.77,-5763.38,52,1764602001116,1788762628963,279.6,-2626.55,0.456,0.0,0,0.0,,False,True,False
0x7a3bad9c11a0760d77e11ce98305b0aa3d3bcbb2,True,2000,838,375,463,44.7,0.55,-8459.8,9,1781376092751,1781897480328,6.0,-3357.1,0.397,0.0,0,0.0,,False,True,False
0x7a55bf9c4d044d365eb38805bafc11ed59eda963,True,2000,1637,572,1065,34.9,0.36,-16317.65,5,1787725895030,1788164607320,5.1,-701.6,0.043,0.0,0,0.0,,False,False,False
0x7a6df1eba8bba8d2cd32fef2677b9fae6ca8ded6,True,1546,603,230,373,38.1,0.59,-3113.29,39,1753864383162,1788787839763,404.2,410.46,0.132,0.0,0,0.0,,False,False,False
0x7a833ef6cc97e6c027d5fed9965fdad5ef84d889,True,2000,1009,996,13,98.7,378.24,32181.52,7,1788616024141,1788810667150,2.3,289.08,0.009,411719.745107,5,-24785.77,-6.0,True,True,False
0x7a93217abe002ddaaae804f4450193709f527e5a,True,504,197,100,97,50.8,0.08,-51690.6,2,1748269805064,1788342652187,463.8,-24320.69,0.471,4962.601216,1,-737.23,-14.9,True,True,False
0x7a9f406258d53bbc19d4e461adffa2c7c0964d7b,True,2000,898,563,335,62.7,1.05,452.42,47,1780810021956,1783838573711,35.1,-744.07,1.645,8817.419599,1,89.62,1.0,False,True,False
0x7ab12f7a0925ef24927343d47199e75a91fc78aa,True,2000,1645,806,839,49.0,0.56,-2602.57,27,1788358305912,1788811028867,5.2,-501.11,0.193,186594.54553,1,1.8,0.0,False,True,False
0x7ac3386d84d5be7936f6c71bd5af77df1bbdea98,True,2000,1519,856,663,56.4,2.72,15068.74,2,1787240557478,1788796272620,18.0,1470.14,0.098,190791.481002,0,0.0,0.0,False,True,False
0x7ae6630fdf7c443d62a3d763e9c68c989c55cde5,True,1884,859,610,249,71.0,2.03,22974.51,14,1778789263246,1788701226671,114.7,4644.46,0.202,2107.082307,1,-240.14,-11.4,True,True,False
0x7afc9ad91269edfa853ffeedc41d92b9f4e0e139,True,2000,1006,543,463,54.0,2.02,99015.58,17,1730464597892,1782132486013,598.0,24008.9,0.242,0.0,0,0.0,,False,True,True
0x7b3629f1b3fb02cf1a8a7801b0c888a0208f7c16,True,649,371,186,185,50.1,1.15,2811.75,10,1758100101224,1786924800025,333.6,6221.14,2.213,0.000395,0,0.0,0.0,False,True,False
0x7b46d7430fa7f53599f355f40a336b55a8e42628,True,2000,1013,336,677,33.2,0.67,-19411.94,10,1780310577052,1788782765802,98.1,-3058.0,0.158,3290.582788,1,277.03,8.4,False,True,False
0x7b5aaa7bf50c7b18d03824c049b116e296fe67bd,True,2000,1341,1245,96,92.8,262.95,75106.26,3,1788356547469,1788512176358,1.8,1404.1,0.019,136.41389,0,0.0,0.0,False,False,False
0x7b72d9d0d0b09130f260a5e1e0b06585ff4f0273,True,2000,843,287,556,34.0,1.43,5875.27,11,1775271402466,1788737197114,155.9,4416.65,0.752,44519.975953,1,-42995.68,-96.6,True,False,False
0x7b859845838dab7d51603f78f85698183d69f0d4,True,1385,603,63,540,10.4,0.02,-20963.95,4,1782524899359,1787260214177,54.8,-3952.0,0.189,0.0,0,0.0,,False,False,False
0x7bac9eb273141a1efd02ffb2f1dab65ea6cdf89d,True,2000,647,556,91,85.9,1.62,9306.37,6,1767797111787,1782090018573,165.4,-3501.84,0.376,0.0,0,0.0,,False,True,False
0x7bc5239180bea2255f4dd243d79481d39adee41e,True,2000,957,778,179,81.3,6.96,615.11,27,1788361399023,1788810753524,5.2,8.32,0.014,11565.044362,21,112.27,1.0,False,True,False
0x7bee3e56d40a2169c5824a80afcf13364c653834,True,2000,701,564,137,80.5,1.13,1848.19,52,1781471739031,1788809250913,84.9,-2042.0,1.105,30647.371044,13,-2357.31,-7.7,True,True,False
0x7c02500869530724df1d2ab820974c853203fe51,True,379,187,140,47,74.9,0.58,-2149.97,2,1771013084351,1780083039737,105.0,-832.5,0.387,0.0,0,0.0,,False,True,False
0x7c1e72688fe698bfeb2b700f966dcd9a9bf61327,True,499,225,174,51,77.3,0.96,-1246.7,9,1782678775294,1788425091378,66.5,-6500.66,5.214,11599.695009,3,-30984.02,-267.1,True,False,False
0x7c3fdacd79cc132926015a2a74a73566a7f893fa,True,378,164,48,116,29.3,3.24,4864.9,6,1783282184105,1785853908892,29.8,1833.89,0.377,0.0,0,0.0,,False,False,False
0x7c5458a0aaefd709766c5eb993030b3a60099697,True,2000,979,420,559,42.9,1.05,1280.87,72,1761795129302,1773761819901,138.5,-4357.5,3.402,0.0,0,0.0,,False,True,False
0x7c664d95b3a04ff5fd7a049bc3046ad25e73d5ea,True,2000,792,602,190,76.0,2.46,19519.89,5,1787717869690,1788702187644,11.4,-2371.78,0.122,90090.590756,1,-22172.59,-24.6,True,False,False
0x7c6db5dcfab3be735ac65e019b1ffb2bda214ff9,True,2000,925,612,313,66.2,0.69,-15458.74,39,1769701365409,1785335395064,180.9,-3989.91,0.258,0.0,0,0.0,,False,True,False
0x7c8022668d66a2574b4773f385f3c9d413af6520,True,221,103,70,33,68.0,3.7,6751.23,3,1760132673508,1774338703985,164.4,4033.97,0.598,0.0,0,0.0,,False,False,False
0x7ca519838f6d8dbbd8488b63f5f2cc461b89028c,True,2000,46,46,0,100.0,inf,1279.91,7,1788781370895,1788805786593,0.3,334.27,0.261,1588489.266435,8,478991.66,30.2,False,False,False
0x7cbe8545bf40cffa28c270589d87c3a1e0fb5019,True,2000,855,640,215,74.9,2.66,65768.74,13,1778517865636,1787799242646,107.4,6012.71,0.091,0.0,0,0.0,,False,True,False
0x7cd5610833dfbae5e0cadc4f1cfff052940a2c90,True,2000,941,752,189,79.9,1.11,1870.54,2,1773846230527,1782305503611,97.9,-1439.35,0.769,0.0,0,0.0,,False,True,False
0x7d0578aac7a3295aa8e203d726e0adbffa44dc26,True,1869,899,493,406,54.8,1.2,895.04,7,1787698926796,1788737113257,12.0,-595.68,0.666,0.0,0,0.0,,False,False,False
0x7d1c18ad321b9286516bd21edd3f7164af559d14,True,2000,992,454,538,45.8,0.8,-4913.83,11,1773687411993,1788789738410,174.8,1900.28,0.387,46.210874,2,20.65,44.7,False,True,False
0x7d2b12446122aeeba6ca550b485006fcb777ada7,True,2000,937,531,406,56.7,1.35,9885.45,12,1772187653259,1776417035507,49.0,3874.8,0.392,0.0,0,0.0,,False,True,False
0x7d57746d771d52777f36ebd905ded3f0a139606f,True,2000,1145,742,403,64.8,2.81,142580.88,10,1783802507974,1785974400034,25.1,22878.63,0.16,0.0,0,0.0,,False,False,False
0x7d6885662f179fe54066ca7a88246d433faee6ee,True,2000,887,806,81,90.9,2.12,4627.55,76,1778053389410,1788796367932,124.3,-1001.2,0.216,1925.000927,1,-100.85,-5.2,True,True,False
0x7d93e65089f457d7186355e1ff3c0f4c1f2e620b,True,2000,802,621,181,77.4,5.68,19578.53,39,1783522284588,1788792290826,61.0,708.44,0.036,20204.616514,1,4672.4,23.1,False,True,False
0x7daae6eb1a9127574c9b431eff92729ca9587a7a,True,870,462,132,330,28.6,0.57,-13558.99,16,1762343674667,1788729495970,305.4,-5611.41,0.414,86714.884926,2,31951.26,36.8,False,True,False
0x7db93738b0a4606e5a1e5c394c644cb528d577e7,True,2000,833,336,497,40.3,1.24,12845.14,46,1745145832182,1788728375471,504.4,6403.24,0.498,0.0,0,0.0,,False,False,False
0x7dd6f02fef939cea86f0243358255f6b57a6cf0d,True,2000,1323,750,573,56.7,0.78,-255.47,1,1788737350645,1788810607843,0.8,-29.82,0.117,15151.626945,1,-0.29,-0.0,False,True,False
0x7de7f7d2838c10f188f691ca2da056af47a8c8a2,True,2000,1282,794,488,61.9,0.22,-672321.54,5,1783914311680,1785355864528,16.7,-135604.23,0.202,0.0,0,0.0,,False,True,False
0x7e06469fa39985fe7faef57545e6a54d0909313f,True,2000,866,835,31,96.4,13.93,136779.55,8,1786750188004,1788703355060,22.6,23341.61,0.171,0.0,0,0.0,,False,False,False
0x7e1ad5e2bbe30d6d202e7c41036ea0a07c560be9,True,2000,517,401,116,77.6,7.49,76747.26,5,1788495902080,1788796016252,3.5,10066.99,0.131,2258084.701705,5,1283065.29,56.8,False,False,False
0x7e2a8f83f370829039fb3227f4ba2c9069128f82,True,509,248,103,145,41.5,0.68,-1487.06,33,1720941255690,1783052853786,718.9,834.58,0.561,0.0,0,0.0,,False,False,False
0x7e4858238f174958ca6539d6a2646b4be421df65,True,133,75,71,4,94.7,4.98,13943.77,7,1770345921247,1788777241854,213.3,2302.92,0.165,116543.651278,5,71169.7,61.1,False,False,False
0x7e62c2ddf00a93a5bbdaeb05fde862debf179c04,True,1605,791,517,274,65.4,1.06,762.5,16,1759287959923,1782493970457,268.6,-1763.08,2.312,0.0,0,0.0,,False,False,False
0x7e87020ef81a1267f2431132576530c8570cf1a7,True,2000,921,790,131,85.8,0.64,-7603.5,9,1786720885810,1788556446780,21.2,-2131.75,0.28,0.0,0,0.0,,False,True,False
0x7ea2d94c0bb347014db4c08e70fac5f67793ffe0,True,2000,884,546,338,61.8,1.18,8024.52,5,1773277418589,1786808215533,156.6,6340.23,0.79,0.0,0,0.0,,False,False,False
0x7eb37023f458174f819eb11e82fabf3b5bf7cf71,True,2000,991,665,326,67.1,2.3,11722.56,10,1749421752235,1788769885567,455.4,-1649.27,0.141,1212.530993,1,-272.31,-22.5,True,True,False
0x7ec9341b068d504110051a18e768d54ceade0425,True,2000,909,535,374,58.9,3.63,10467.22,7,1788635947589,1788799066641,1.9,459.16,0.044,118122.277952,2,-14056.14,-11.9,True,False,False
0x7ee6b077b59f4417bc36d41bb65365644315db10,True,2000,1647,1602,45,97.3,22.15,141469.06,7,1782379740799,1787544774119,59.8,-1049.62,0.007,230411.003861,0,0.0,0.0,False,False,False
0x7ef5df4d6a5192fc05285dd9e8d7cfd38d8b8a57,True,2000,1279,803,476,62.8,2.02,42749.06,13,1775414844587,1788745674009,154.3,9418.86,0.22,52062.522933,1,-25846.34,-49.6,True,False,False
0x7f09f95b65e9a652a4cdf10556475e00f1b3ab7e,True,2000,874,481,393,55.0,0.74,-703.46,53,1787578576931,1788792244395,14.0,-224.29,0.319,538.663779,10,-38.82,-7.2,True,True,False
0x7f197369601fa55f847a20ad69c04b5ae2a58070,True,2000,940,545,395,58.0,0.22,-57902.91,52,1756255347060,1788450812170,372.6,-10537.7,0.182,743.072015,1,45.33,6.1,False,True,False
0x7f20c6eaa0adc427819e239fee0089d36dc3b679,True,2000,1211,721,490,59.5,0.51,-11237.55,14,1786298402748,1787309121415,11.7,-3085.63,0.275,0.0,0,0.0,,False,True,False
0x7f3773c5ed56801ca9398f3018d5c2aa47b8af1a,True,2000,1031,575,456,55.8,0.43,-15611.82,16,1781289935149,1784316553039,35.0,-2195.91,0.141,0.0,0,0.0,,False,False,False
0x7f4f299f74eec87806a830e3caa9afa5f2b9db8f,True,2000,801,347,454,43.3,1.63,20217.96,46,1752757740569,1779148800076,305.5,6706.61,0.332,0.0,0,0.0,,False,False,False
0x7f5ff9f8da891ffe5229e33b90959ae1e6d5f47e,True,2000,1240,1240,0,100.0,inf,367794.73,3,1783922607795,1785419188602,17.3,26219.54,0.071,0.0,0,0.0,,False,False,False
0x7f75db96ccc27922b50d6e102938814a67fa9edf,True,2000,712,409,303,57.4,12.62,120133.53,17,1783966491176,1788806082138,56.0,38739.34,0.322,68291.504186,4,27103.38,39.7,False,False,False
0x7f874197a17a966ed1e4453075fade93f4b92109,True,2000,777,708,69,91.1,13.88,59614.61,12,1785194029580,1788280579593,35.7,9724.82,0.163,0.0,0,0.0,,False,True,False
0x7fa76b0a10dc1ea70d4cd27d6a39095da2a58655,True,1441,596,348,248,58.4,0.88,-1491.86,3,1774960192625,1788798371845,160.2,-883.13,0.592,79.558303,1,-12.05,-15.2,True,True,False
0x7fb72647f005053c25bcd7d3f3e5206bfb43f869,True,1431,712,249,463,35.0,1.05,246.71,12,1783355381604,1788796479280,63.0,2361.98,9.574,2387.241904,1,627.34,26.3,False,False,False
0x7fc3d034bf4b04f17e2c119f7d289f35b630c0ea,True,550,288,122,166,42.4,1.59,1410.39,17,1768059985573,1787302218654,222.7,1213.04,0.86,8234.445644,1,392.22,4.8,False,True,False
0x7fe316a3f7d6ab7e256225ec0df02b4ca1d1d09e,True,2000,918,540,378,58.8,0.59,-7479.94,12,1758205164948,1788738380064,353.4,-6438.14,0.861,7019.14963,0,0.0,0.0,False,True,False
0x7ffb6d2d560f1a0a8fdde0f5995aaa8ae0c72c9b,True,2000,1037,715,322,68.9,3.55,30533.1,25,1787639644277,1788799127388,13.4,3636.56,0.119,77377.611117,4,2942.62,3.8,False,False,False
0x801c5944528f7bb13c7773fa44f22da912dcb856,True,2000,1095,538,557,49.1,0.92,-577.64,19,1760963723697,1778778900151,206.2,-454.78,0.787,0.0,0,0.0,,False,False,False
0x80391eeefaba4222d6b01b7d4500dc7a6927f0f3,True,2000,911,366,545,40.2,0.22,-75211.46,9,1769879334148,1783107525761,153.1,-11158.48,0.148,0.0,0,0.0,,False,True,False
0x80460bc617ba20c0ce2b20bb1a10ed9a7305b810,True,2000,1767,1548,219,87.6,2.64,7927.78,4,1770380458747,1779055250360,100.4,-2089.6,0.264,157082.851275,1,1869.79,1.2,False,True,False
0x8050706eb79e2e1128a3a96b50ece6e74e1428de,True,2000,1058,719,339,68.0,0.45,-15388.01,41,1788346669088,1788811526125,5.4,-2614.0,0.17,205796.781422,19,-10237.43,-5.0,False,True,False
0x807b755d5374769dd5282a05ebaca84ca70af607,True,2000,1046,587,459,56.1,0.48,-20445.17,73,1771214162973,1787961600069,193.8,-4862.44,0.238,0.0,0,0.0,,False,True,False
0x8088aa200c8f91528dea25cd03decc813f3755e7,True,2000,1013,589,424,58.1,1.16,10651.63,12,1749822129455,1788059094920,442.6,-4819.93,0.453,2144.410114,1,-397.0,-18.5,True,True,False
0x80a6b9ce006331f2bea01990f7315bf56cb67519,True,2000,1194,435,759,36.4,0.2,-810479.9,7,1763710613359,1788794392075,290.3,-133663.75,0.165,100902.997103,1,500.23,0.5,False,True,False
0x80b99081b93f25b62a54e0f32b6316e4d0476272,True,2000,976,491,485,50.3,8.12,45176.51,12,1776026470014,1787482389084,132.6,1501.12,0.033,0.0,0,0.0,,False,False,False
0x80d58c3ecaac5e21f60273820cbb9b374aed22a6,True,2000,411,165,246,40.1,0.39,-4023.35,8,1778238102090,1779791951034,18.0,-397.32,0.099,0.0,0,0.0,,False,True,False
0x80f11b418a7f4283eb0d33267073bfefd846c7c4,True,1405,624,331,293,53.0,1.8,11727.27,21,1770496178587,1783448422333,149.9,4541.94,0.387,0.0,0,0.0,,False,False,False
0x810ab853d951613a567792a675922c6498bce29f,True,2000,905,469,436,51.8,2.61,70295.26,30,1738698815627,1787592835216,565.9,6989.44,0.099,0.0,0,0.0,,False,True,True
0x81190b7095ecee533e79560b902dcc2e0614bffc,True,1554,742,362,380,48.8,0.74,-7469.3,19,1759066861537,1782864000063,275.4,-1653.84,0.221,0.0,0,0.0,,False,True,False
0x81246716abeea8d87d6abe128133729f323ede7b,True,2000,633,355,278,56.1,4.85,24982.17,10,1783599074618,1788310645183,54.5,2301.34,0.092,0.0,0,0.0,,False,False,False
0x8144ac951ea503f8e89d1983a4a89ad438b42cde,True,2000,874,478,396,54.7,0.58,-5575.77,16,1780408054613,1787434648735,81.3,1241.49,0.223,0.0,0,0.0,,False,True,False
0x8153721e2ee5e8067926b305134d5d58d3c21e56,True,2000,824,556,268,67.5,3.63,7830.93,25,1787857590724,1788807127135,11.0,503.62,0.064,15750.463725,9,1607.12,10.2,False,True,False
0x816de34a320ca3cef0cf1fb089cb6e3fdb7fe744,True,2000,957,518,439,54.1,0.55,-5252.62,4,1787186915204,1787878507634,8.0,-859.44,0.164,0.0,0,0.0,,False,False,False
0x8181c1c1a2ce9f31c4b7f732d11b90705545559c,True,2000,945,414,531,43.8,0.58,-23817.07,31,1768435356019,1782432171712,162.0,3662.52,0.154,0.001288,0,0.0,0.0,False,True,False
0x8197257f283e682182fbf52dd3cd4387b9a382a2,True,1800,1006,601,405,59.7,0.11,-471733.89,8,1762884218878,1784033283097,244.8,-44750.08,0.095,0.0,0,0.0,,False,True,False
0x81a745df888c89893c1b2a359b835898d8a6f128,True,2000,889,571,318,64.2,1.02,1271.78,6,1770068198708,1788703878669,215.7,-8418.23,6.619,38387.103818,1,40270.05,104.9,False,True,False
0x81bc3b542ebf7587fb783dca9a0c55ff4c075d8a,True,2000,1153,623,530,54.0,0.95,-14392.04,58,1708449867690,1782460847482,856.6,67258.77,4.673,227308.582343,1,-26630.49,-11.7,True,True,True
0x81cd72bf5bb7a054c521935ca7e25ca8ee89fe84,True,1276,447,281,166,62.9,6.81,37298.39,4,1787288516229,1788762987053,17.1,2829.41,0.076,333271.331054,1,225949.19,67.8,False,False,False
0x81ec2081dfb42c5291c55e6123d527eb744a5ffb,True,2000,946,590,356,62.4,0.84,-3015.77,3,1787533289726,1788690248508,13.4,-1882.95,0.624,0.0,0,0.0,,False,True,False
0x81f90204249bdeaee1c6f9b32e20cea101ab1191,True,2000,1011,711,300,70.3,1.26,2982.63,8,1781846803245,1786623296808,55.3,-3001.3,1.006,0.0,0,0.0,,False,True,False
0x8216edc05241ee63f5f0758633de4a466a950300,True,553,353,90,263,25.5,0.2,-71269.2,3,1780691713871,1784026155863,38.6,-7145.69,0.1,0.0,0,0.0,,False,False,False
0x8223f15674a2066599934be343ef70e6b337d383,True,2000,849,309,540,36.4,0.6,-6887.66,4,1787148100332,1788293408437,13.3,-431.29,0.063,0.0,0,0.0,,False,False,False
0x8245fd955d74d8afca5ae87cec03355181b5696a,True,871,392,102,290,26.0,1.21,2472.94,3,1771128610663,1788766876356,204.1,1792.53,0.725,1545.65047,0,0.0,0.0,False,True,False
0x825f23921dcff36944d8b0b0ca23ac7d05fb86cb,True,2000,682,475,207,69.6,0.81,-37050.92,16,1753906265296,1783993625699,348.2,17510.6,0.473,0.0,0,0.0,,False,False,False
0x8284052658f03183cb8a3946613ec7521e10d9c1,True,250,126,56,70,44.4,0.56,-1563.46,7,1781077881366,1781860783000,9.1,-424.68,0.272,0.0,0,0.0,,False,False,False
0x82982900ae57616543db21b597baf1a39e4a9d48,True,2000,1035,405,630,39.1,1.46,8314.75,23,1762914841630,1788795458760,299.5,2503.8,0.301,0.0,0,0.0,,False,True,False
0x82b6574e4fc0ead3d1d0712e43512abca80af2d0,True,512,326,214,112,65.6,31.92,51715.96,2,1774631992911,1779926400013,61.3,5795.8,0.112,0.0,0,0.0,,False,False,False
0x82c51e75eec544f171c46ac49cdf2b611c9f43e0,True,2000,1012,381,631,37.6,0.72,-4918.34,21,1775862969574,1788483455862,146.1,-1533.42,0.312,0.0,0,0.0,,False,True,False
0x82d8912057e608131033182c5adf8b0a17d11232,True,93,48,43,5,89.6,0.3,-1083.95,2,1787526658372,1788133658988,7.0,-493.17,0.455,0.0,0,0.0,,False,False,False
0x82eee645e33f98ce017bee0768958682ca74a11e,True,2000,1053,463,590,44.0,0.59,-13696.99,76,1749681580285,1788536097730,449.7,8288.55,0.605,0.0,0,0.0,,False,True,False
0x82feba10736224dab93b4d52f73179fd1098b129,True,586,187,174,13,93.0,32.71,13078.04,17,1760299518634,1788785820451,329.7,1896.62,0.145,939.598658,1,45.94,4.9,False,True,False
0x830e20deb3db10bda374716276c13596317d7e3d,True,2000,1130,663,467,58.7,3.93,6848.69,12,1779733020756,1786373761159,76.9,-148.71,0.022,0.0,0,0.0,,False,False,False
0x83274d846f89fd4eeca19efbbb4963fc42fabb45,True,2000,655,435,220,66.4,0.63,-9402.25,48,1764026115066,1788792964825,286.7,-7870.88,0.837,0.0,0,0.0,,False,True,False
0x8341af1b5e1143d505db8d76b406a4b4a11a2ca7,True,700,257,134,123,52.1,2.11,14703.02,6,1758581824358,1788733292791,349.0,-3825.72,0.26,0.0,0,0.0,,False,True,False
0x83535b85cd386332df1e6c6793e2a0e8581e9f03,True,146,81,27,54,33.3,0.44,-4258.57,1,1780414467799,1781495839680,12.5,930.5,0.219,0.0,0,0.0,,False,False,False
0x836eaa4d80bac279cb2740f1cdd78ed121eae492,True,2000,778,386,392,49.6,0.21,-82641.02,4,1772828054014,1777354578249,52.4,-9315.6,0.113,0.0,0,0.0,,False,True,False
0x83819883168d9310fb701439fde1385c7500bbf1,True,2000,841,389,452,46.3,1.4,6671.52,22,1765321439038,1780099200028,171.0,3232.58,0.485,0.0,0,0.0,,False,True,False
0x8396f714841f50a0729809ae1b3a7435e86b0c1c,True,469,191,152,39,79.6,0.34,-16849.33,9,1776070079116,1780275055733,48.7,-7257.46,0.431,0.0,0,0.0,,False,True,False
0x83b13abab6ec323fff3af6d18a8fd1646ea39477,True,2000,963,327,636,34.0,0.49,-8139.91,15,1778717706581,1787529600082,102.0,926.75,0.114,0.0,0,0.0,,False,True,False
0x83ccd3f538feaed9d26d0f826b834b4fe442ccc1,True,2000,1141,383,758,33.6,0.39,-56812.64,8,1773669166066,1788195326864,168.1,-5898.86,0.104,0.0,0,0.0,,False,True,False
0x83ddde9b2baac3aababf9bdf79c0594cb4551db7,True,514,256,200,56,78.1,1.52,1296.55,13,1777300525381,1780595357708,38.1,-389.22,0.3,0.0,0,0.0,,False,True,False
0x83f3fb705ae68bf0621f4de6f146ffd61ef501a6,True,2000,914,408,506,44.6,0.46,-5507.83,11,1775162309136,1777661082757,28.9,1356.82,0.246,0.0,0,0.0,,False,True,False
0x84080b5532e3974e5da990e7ed216f8cf10e5cc0,True,2000,954,728,226,76.3,0.79,-4912.85,9,1773780045445,1788426708656,169.5,-6418.5,1.306,95.31875,0,0.0,0.0,False,True,False
0x8419cdd0ed88d919f2c64442f0f427431054927b,True,1025,475,189,286,39.8,1.16,1162.87,32,1774825139115,1788792076881,161.7,905.94,0.779,1100.692423,11,774.56,70.4,False,True,False
0x842caa394858e96d01a0312fcaef58b6e73e6f4f,True,2000,1403,816,587,58.2,1.5,316.9,48,1787847212173,1788808895871,11.1,-26.33,0.083,8877.875951,0,0.0,0.0,False,True,False
0x843f31e5cd9a6572d235a05cb78ec5ac2ffcc24f,True,2000,1084,291,793,26.8,2.37,73264.15,6,1787860259044,1788679444077,9.5,22454.2,0.306,319461.608454,3,72570.39,22.7,False,True,False
0x844dc38bfa4882eec8c5b85dceb08fc66a7a4fbe,True,2000,684,439,245,64.2,2.96,69213.16,29,1755435397734,1788425082467,381.8,25702.56,0.371,105498.511628,1,12431.71,11.8,False,True,False
0x84772b4771b804808e0a949f8acc1ac0fd7038ce,True,2000,900,435,465,48.3,1.59,9564.85,9,1779576082357,1788742746342,106.1,-2336.81,0.244,16253.500495,4,16798.5,103.4,False,True,False
0x8484f0d446694d9e4ac446c4d4616c67f7560534,True,2000,930,428,502,46.0,1.29,9167.45,6,1783750340015,1786458417104,31.3,6090.45,0.664,0.0,0,0.0,,False,False,False
0x84903e0779a15848cd40bedc7da5108b219927a4,True,466,233,132,101,56.7,0.8,-1081.8,11,1776016891201,1778852301751,32.8,2233.3,2.064,0.0,0,0.0,,False,False,False
0x849c4b9db885d20faed1a2ab7d1f9d77c612b943,True,2000,637,397,240,62.3,0.62,-425.68,72,1784299417929,1788808432951,52.2,-89.2,0.21,16.089642,1,1.34,8.3,False,True,False
0x84b2b687df7c99702e887849f8d99bfb0fed12f2,True,2000,1069,692,377,64.7,0.7,-19790.76,5,1781463942525,1785266335937,44.0,-9976.45,0.504,35705.986189,1,-41853.19,-117.2,True,True,False
0x84c2f99d65d95b9bc86560e6ef5c524813decf73,True,2000,1105,504,601,45.6,0.08,-14812.49,5,1775032505919,1776151188867,12.9,-456.4,0.031,0.0,0,0.0,,False,False,False
0x84d703b4e69b49362a43c085df5758865edaf1e7,True,1399,719,507,212,70.5,7.79,25473.13,38,1705945894486,1788658618269,957.3,2022.14,0.079,0.0,0,0.0,,False,True,False
0x84e303e09239550c35e21f6ebef34190fcafdfb8,True,1299,463,243,220,52.5,1.38,16966.86,7,1752322817485,1786121157264,391.2,30099.9,1.774,88517.362409,2,-146014.28,-165.0,True,True,False
0x8506e43d89d80bb24d678f67f9e063444b8ab536,True,2000,763,546,217,71.6,1.68,8472.7,20,1780135206384,1788808444152,100.4,3452.92,0.408,17560.091901,1,963.13,5.5,False,False,False
0x851c6fb5bc2455eda2039bc8eaed27a1ecd6377c,True,2000,1036,441,595,42.6,0.52,-23053.13,5,1787248343314,1788481906069,14.3,-25282.6,1.097,13153.103264,1,-3035.94,-23.1,True,True,False
0x853725b17e61d03233540f3b1f45fc45335348fa,True,2000,601,398,203,66.2,1.24,770.45,9,1763672829680,1788099747476,282.7,448.51,0.582,976.617956,0,0.0,0.0,False,True,False
0x854c461ba1aa95bcb3ac11d8e902ee89983c6e21,True,2000,1000,554,446,55.4,0.99,-491.53,15,1760410978729,1788563852641,325.8,-14745.75,30.0,0.0,0,0.0,,False,True,False
0x85633d745f3d0a2d471409521f2b5fdefc0cced8,True,525,169,100,69,59.2,0.5,-2369.06,3,1778249167082,1779728613046,17.1,-1943.54,0.82,0.078285,0,0.0,0.0,False,True,False
0x857e301a806df1b45fe2dc161ee3bc0487797fa6,True,230,91,13,78,14.3,0.18,-1677.27,4,1779380747509,1779819558755,5.1,-464.26,0.277,0.0,0,0.0,,False,False,False
0x859bc5fe903dfe749fe3331512ff7297d2e924f3,True,2000,1110,315,795,28.4,0.62,-6224.62,15,1787495975907,1788745647530,14.5,2233.05,0.359,31937.431316,0,0.0,0.0,False,False,False
0x85b65868b701e30bbcd9d0c917db44ac3a1048ab,True,2000,872,559,313,64.1,0.47,-7687.95,8,1787930464374,1788777528318,9.8,-1052.66,0.137,5929.337702,2,-224.07,-3.8,False,False,False
0x85cccc75a99cd4b080ab5d2054303813076abfa0,True,1472,703,451,252,64.2,1.5,11121.69,29,1732885217396,1788512015345,643.8,2827.89,0.254,6553.553328,2,-3647.13,-55.7,True,True,False
0x85dfe30ed831b469783824128f634da712ab77bb,True,2000,1052,339,713,32.2,0.95,-1660.68,20,1778851884563,1788796902704,115.1,6795.72,4.092,244.906402,1,5.76,2.4,False,True,False
0x85ecf584f25db6f146718b86d493e33c5af72052,True,2000,974,605,369,62.1,2.03,21096.97,1,1776719556133,1776793207529,0.9,-3194.43,0.151,4569.00012,0,0.0,0.0,False,False,False
0x860696a251620213db2afbcd499d09ae1ac6f4a3,True,1785,978,288,690,29.4,0.47,-44452.77,13,1772272160220,1787104011095,171.7,-7062.04,0.159,0.0,0,0.0,,False,True,False
0x86220e221a3facbb2171a3ee5625005292ea053a,True,2000,812,182,630,22.4,1.15,4631.63,22,1781813852009,1788795021625,80.8,3016.24,0.651,40857.517056,6,47016.34,115.1,False,True,False
0x863b676e5e4fea0541062c32983dc8f84749ca6d,True,2000,1001,239,762,23.9,0.45,-233335.25,6,1781723907696,1788425460039,77.6,-80725.48,0.346,147427.557029,2,-33991.09,-23.1,True,True,False
0x8655d3d8a3de5c1008360a4f93e1d8c8dd87dba2,True,2000,1235,417,818,33.8,1.79,15845.03,13,1787666195410,1787943007627,3.2,-1962.63,0.124,166158.138341,4,2720.65,1.6,False,True,False
0x8667afe245a10f87af9deee01a1227a9d85e63a1,True,2000,1000,499,501,49.9,0.78,-10579.28,17,1769955629268,1788371809133,213.2,-5011.16,0.474,20284.569408,1,482.73,2.4,False,False,False
0x8679ad9b5a5b6cacc3d59f7a73c034a8fb9107be,True,2000,1233,567,666,46.0,0.64,-136258.52,4,1777181203337,1778014996527,9.7,-23513.9,0.173,0.0,0,0.0,,False,True,False
0x86995f4a229b5a6512bf46b0a65df450f37de109,True,2000,1064,845,219,79.4,1.85,13340.05,34,1767106599850,1783920583134,194.6,-1765.9,0.132,0.0,0,0.0,,False,True,False
0x86b8a239ccfcd9a0fed482297ae7751bfdc09f9b,True,592,250,167,83,66.8,2.91,21153.75,29,1702247678924,1787509641232,986.8,2997.0,0.142,0.0,0,0.0,,False,True,False
0x86e133abca636e993bca83b1724e21a132ed35ef,True,2000,809,385,424,47.6,2.9,14089.33,9,1759425516356,1787917423709,329.8,6245.72,0.443,3642.087878,1,161.38,4.4,False,True,True
0x86ead99a14b745797a1db07911d52c6385788b44,True,1811,1040,416,624,40.0,1.91,26168.79,17,1747774976659,1788739309679,474.1,5867.3,0.224,1324.563702,1,601.7,45.4,False,False,False
0x870578f85ff652b7999e17b62d9b6ae47fe21afb,True,2000,868,330,538,38.0,0.45,-16221.23,34,1779326292874,1788442589188,105.5,-3068.24,0.189,0.0,0,0.0,,False,True,False
0x87218903df4d3449408382de5f191187f1311b5b,True,2000,889,476,413,53.5,0.91,-1450.95,26,1780880498545,1788553796202,88.8,-1442.99,0.995,347.010471,1,72.46,20.9,False,True,False
0x872f4f0e2ffb6d2098650c22075290f8c6dd1210,True,2000,1045,550,495,52.6,0.26,-51445.88,12,1776644890523,1787178480464,121.9,-5019.47,0.098,0.0,0,0.0,,False,True,False
0x874028ec344d922a4e5e634ca279b54bfdecf936,True,150,59,50,9,84.7,9.26,13183.46,2,1782818997502,1786619725206,44.0,3014.9,0.229,171465.923731,1,118376.12,69.0,False,False,False
0x8757ac4188aa097d3737aabc37b41d40c203cad0,True,2000,954,290,664,30.4,0.98,-220.45,12,1773842273485,1787375790513,156.6,1336.44,6.062,757.688246,4,351.12,46.3,False,False,False
0x87673aecb55964c3ebb99787128267a9dad76cd1,True,2000,882,399,483,45.2,0.76,-9919.97,71,1780568134988,1788204028273,88.4,-6536.32,0.659,0.0,0,0.0,,False,True,False
0x878f373c4dff8211363b1458d6a271c58f6cb7f2,True,564,235,90,145,38.3,0.85,-2071.03,10,1773100147766,1787425563094,165.8,-1452.34,0.701,0.0,0,0.0,,False,False,False
0x87a58f87dfd3031d294c29035c5851c978d2f3ec,True,2000,1016,489,527,48.1,0.28,-8008.1,122,1783434890161,1788748575651,61.5,-1255.34,0.157,0.0,0,0.0,,False,True,False
0x87b2a7853b502414ec42791acff7dd200d7f1fa6,True,1771,755,263,492,34.8,0.83,-5976.5,75,1733459752579,1784073600046,585.8,5657.65,0.947,0.0,0,0.0,,False,True,False
0x87d0de04bb59099f7ae99edaf5e7600f729aa237,True,707,318,220,98,69.2,1.41,5479.22,9,1735441884558,1780382858317,520.2,3523.9,0.643,0.0,0,0.0,,False,True,False
0x87e2aa0866a5bbea4a1b979abd063aaaba4a469e,True,371,171,98,73,57.3,2.3,1130.94,15,1781675391853,1786600006107,57.0,509.82,0.451,0.0,0,0.0,,False,False,False
0x87f7c1670a84f92b78ca1f94ac1a38a1986fa52c,True,350,180,82,98,45.6,1.55,722.52,49,1762519593097,1788803747162,304.2,140.9,0.195,1071.559952,5,-16.22,-1.5,False,False,False
0x880bb588ff524d32909ac78d0f9617f3dab78c40,True,1253,484,177,307,36.6,0.75,-3221.89,5,1774721714923,1788325704083,157.5,-1191.15,0.37,0.0,0,0.0,,False,False,False
0x8819fcbf46419d6ba68e948f372e912faf1b591c,True,2000,1070,590,480,55.1,0.96,-1046.53,181,1758811969181,1788705011676,346.0,4221.42,4.034,0.0,0,0.0,,False,True,False
0x882c6c15b8ecc1f579334d0f52ce132635f6d464,True,2000,1168,634,534,54.3,1.67,9493.01,5,1787402495599,1788795516999,16.1,-1441.11,0.152,51707.110123,4,-1399.82,-2.7,False,True,False
0x883667ad488940f94c14ff13077c8e1b864b6c4c,True,1594,786,384,402,48.9,0.67,-13876.96,8,1780788527584,1788546056030,89.8,2018.81,0.145,0.0,0,0.0,,False,False,False
0x8844eb7b4e11adbedfb87739c83f151bf0e32c64,True,2000,1060,633,427,59.7,0.32,-84790.55,28,1777081026199,1781520362876,51.4,-11513.7,0.136,0.0,0,0.0,,False,True,False
0x8859ef6aa7cf72be044964225797c594a868ce90,True,1661,808,383,425,47.4,0.46,-8555.81,17,1787398706641,1788810662865,16.3,-2283.62,0.267,3608.871992,1,908.17,25.2,False,False,False
0x887009f110a588c4238143d004314089e3a5e064,True,1060,607,372,235,61.3,1.43,9340.35,5,1784739297762,1788533254957,43.9,-4585.81,0.491,0.0,0,0.0,,False,True,False
0x888c7b469a85b43021f7f26d11590cfdcd4dce9c,True,2000,1246,786,460,63.1,0.39,-10875.69,29,1770909183489,1773866653636,34.2,-2891.19,0.266,0.0,0,0.0,,False,True,False
0x88a0511a229643ae6e4ef263a08297343e11bf63,True,2000,1023,900,123,88.0,4.34,460882.59,8,1778825967872,1788463811774,111.5,80141.09,0.174,0.0,0,0.0,,False,False,False
0x88b4f47ff1d5fce6a576ad19ac53941fc302cfe2,True,2000,1070,693,377,64.8,0.82,-1573.03,19,1764423242577,1788706613995,281.1,1027.43,0.653,3350.346667,1,992.78,29.6,False,False,False
0x88e0651c62b685284d86ced83b9c0109003fb606,True,2000,611,418,193,68.4,0.99,-623.86,76,1752848438714,1788766328540,415.7,-6274.21,10.057,10540.524787,5,-3004.1,-28.5,True,True,False
0x88f8b6b86350d4eccc814162becf94a6e097c3e9,True,1441,694,400,294,57.6,0.9,-12179.15,4,1787761411668,1788800750041,12.0,-21638.49,1.777,19946.349256,1,-5256.74,-26.4,True,True,False
0x89123a79fba615d8bbe4921e3e122a7b94862a87,True,2000,663,345,318,52.0,1.22,3959.08,5,1785353062686,1788547661331,37.0,5197.44,1.313,0.0,0,0.0,,False,False,False
0x892c34a660f6381f7ed73a64216d9d3558bd6a51,True,2000,970,786,184,81.0,1.92,20501.2,21,1761827865369,1788637235180,310.3,-2494.09,0.122,0.0,0,0.0,,False,True,False
0x894609b6392fbb013effbd6944ed94578d063d7a,True,2000,648,204,444,31.5,0.2,-68184.13,18,1742122257265,1788766878993,539.9,-23861.0,0.35,0.0,0,0.0,,False,True,False
0x8958c31a04d21e21eb7434614a5c2f1b60a2fe7d,True,182,114,49,65,43.0,5.23,25660.75,2,1776995269369,1788445839364,132.5,6606.03,0.257,0.0,0,0.0,,False,True,False
0x89683810fe276b5222e4c1e16b1d7fb34de9908c,True,318,161,45,116,28.0,0.2,-3573.04,8,1785442085235,1788802986055,38.9,-412.83,0.116,570.440815,1,-299.72,-52.5,True,True,False
0x897bb1b599a6e3d8ff8fab2f65588902092df907,True,254,152,137,15,90.1,1.13,939.73,2,1786043684352,1787151945716,12.8,-1540.0,1.639,0.0,0,0.0,,False,True,False
0x898e85eaddfc4e0cb2bbf020ad7a38a0f5fb9660,True,2000,919,511,408,55.6,0.8,-3048.45,25,1779297883132,1787616000004,96.3,-1083.05,0.355,0.0,0,0.0,,False,False,False
0x89a1fb3cd0b1cfe5200181c6402d012ef9b3a826,True,2000,1194,405,789,33.9,0.12,-47847.92,19,1771902972527,1780565952594,100.3,-17824.24,0.373,0.0,0,0.0,,False,True,False
0x89aa0d7ebdcc58d230af421676a8f62ca168d57a,True,2000,738,545,193,73.8,1.8,7796.99,66,1780676227550,1788806666576,94.1,-1345.56,0.173,5341.424693,6,338.21,6.3,False,True,False
0x89c00070b6673c4a0c7e78f5cee346336ad6ab50,True,1419,713,264,449,37.0,0.38,-896.7,5,1762187894941,1774629373973,144.0,-490.06,0.547,0.0,0,0.0,,False,True,False
0x89d416068237fd6545512872da76347d3bc332a2,True,332,141,27,114,19.1,0.33,-44747.33,4,1767266202297,1780471865663,152.8,-8795.75,0.197,0.0,0,0.0,,False,True,False
0x89e33d31085df090cd29c0b6aef62ad7150dc5b4,True,1212,435,296,139,68.0,0.61,-1716.68,27,1753505533072,1788524276381,405.3,-655.2,0.382,3389.337569,4,-1968.27,-58.1,True,True,False
0x8a050832a65bd637c93fb6d8afbfba18af8e0420,True,1655,904,260,644,28.8,1.47,54428.32,5,1779248265413,1781136693657,21.9,24341.7,0.447,0.0,0,0.0,,False,False,False
0x8a1d54b94ddf52ecb37480486a8a9cf64be91ff0,True,2000,830,435,395,52.4,0.81,-46665.29,5,1784207782475,1787890153467,42.6,31477.12,0.675,0.0,0,0.0,,False,True,True
0x8a4356ed260083cecaa44163e82da8e43668b9ae,True,876,398,203,195,51.0,0.59,-5442.61,2,1787373115871,1787750538271,4.4,2054.31,0.377,0.0,0,0.0,,False,False,False
0x8a4f979e652f2dc93ca9ff2a995767423f80a54f,True,2000,1034,599,435,57.9,0.73,-3147.05,6,1755244188016,1775520000046,234.7,-2335.47,0.742,0.0,0,0.0,,False,False,False
0x8a6fa8b223fa4d8c00df5fe2eac99fc8011a85bb,True,1597,920,778,142,84.6,2.54,4434.08,36,1783015461280,1788753985315,66.4,838.99,0.189,2768.93881,2,-6773.17,-244.6,True,True,False
0x8a929fac84d5fb9efdf3149ae4ff7b4e96b99f7c,True,651,295,191,104,64.7,4.0,29899.6,7,1775575456983,1783364188479,90.1,10666.17,0.357,0.0,0,0.0,,False,True,False
0x8aa032623bdd1a20a82338b339c9d7330e27360a,True,1648,1332,374,958,28.1,0.78,-5373.42,9,1760121618070,1788604621666,329.7,-3520.14,0.655,7575.149383,1,-421.24,-5.6,True,True,False
0x8aab0fdac0413b8c0492e2e8d95c10b319fb10c6,True,2000,1146,451,695,39.4,0.64,-12732.78,7,1775117697910,1779111750004,46.2,2326.61,0.183,0.0,0,0.0,,False,False,False
0x8abc3b8b07082cc8752a1342ece30b9798aac9ad,True,2000,917,448,469,48.9,2.17,18725.52,5,1780783007954,1788795352943,92.7,4389.45,0.234,0.0,0,0.0,,False,False,False
0x8adb5c59106fc4373268ae5581183676ee527912,True,2000,981,713,268,72.7,0.72,-4810.37,10,1771442819205,1788132809169,193.2,-1116.25,0.232,0.0,0,0.0,,False,True,False
0x8ae835143debfe89b50d8913114eafda33347a34,True,2000,1049,873,176,83.2,1.43,6737.66,5,1787060479039,1788767134210,19.8,-3052.72,0.453,0.0,0,0.0,,False,True,False
0x8b0164354ad71cbdb33f626192fc946c53ea198a,True,2000,1243,516,727,41.5,0.26,-13177.57,2,1788569861814,1788669625741,1.2,-319.65,0.024,0.0,0,0.0,,False,False,False
0x8b0f84433ca5f287f0f09f84c5a378beb9d11b05,True,2000,976,107,869,11.0,0.62,-5131.18,4,1775746459450,1776761261601,11.7,-1632.72,0.318,56.234695,0,0.0,0.0,False,True,False
0x8b1d4deaf209133cc001665558781a0314cc427e,True,1827,961,423,538,44.0,1.66,20425.91,12,1713273219091,1788440953692,870.0,9417.3,0.461,0.0,0,0.0,,False,True,False
0x8b321146a100b78b558446627678c03cad2c7a9a,True,2000,964,431,533,44.7,0.46,-24659.78,8,1787855915862,1788798521681,10.9,-3128.03,0.127,19243.16934,3,-2981.61,-15.5,True,False,False
0x8b5a08275f7fc67a6ed12d8240ecacb5850b8c6c,True,1384,705,460,245,65.2,1.81,7209.36,38,1765510669108,1788495436415,266.0,906.79,0.126,0.0,0,0.0,,False,False,False
0x8b6a834899a6e480b6907a489885af32a91a0851,True,463,249,212,37,85.1,3.46,3979.48,14,1761228326979,1778915383683,204.7,1152.57,0.29,0.0,0,0.0,,False,True,False
0x8b7917101b92b1589f9f39ce319a9f93290f85d7,True,2000,1006,523,483,52.0,0.69,-3052.01,9,1787205693995,1788016073008,9.4,-2165.4,0.71,0.0,0,0.0,,False,False,False
0x8b898b86899383ece47eb71332ddf1aac2ec3c0a,True,397,170,152,18,89.4,0.23,-56324.59,5,1786024588377,1788233744612,25.6,-39207.14,0.696,0.007336,0,0.0,0.0,False,True,False
0x8ba36dc70901abd54c0b375bd3f73dd1e1109dcf,True,2000,994,582,412,58.6,0.7,-16359.02,1,1782926070815,1788792023043,67.9,-2776.3,0.17,2207.172966,1,2.85,0.1,False,True,False
0x8bc20fd021fa28524cbcd3a2d93d9e4de3bde984,True,2000,1005,323,682,32.1,0.75,-399.0,52,1784710262121,1788775737077,47.1,-66.06,0.166,17497.234071,50,1542.32,8.8,False,False,False
0x8bd10672033f21d27d9b3c18b7d16347919f4138,True,365,153,51,102,33.3,0.81,-2528.82,15,1773077670361,1788529974334,178.8,-6027.27,2.383,7705.20482,1,-250.58,-3.3,False,True,False
0x8be269d1f0731e7c2990558d2af0d8a4a99d0ec4,True,2000,870,294,576,33.8,0.94,-1865.37,20,1781327221183,1787763248086,74.5,-3169.47,1.699,0.0,0,0.0,,False,False,False
0x8bfa6a80f7d384f85a3222eedc0858477caa272d,True,423,142,61,81,43.0,0.68,-6641.11,14,1756279459925,1783036800018,309.7,-3829.9,0.577,13.263767,1,2.96,22.3,False,False,False
0x8c10c675b9aee3cb7dca0c455f4b94d45367ddbf,True,2000,949,374,575,39.4,2.26,6205.64,11,1788289702840,1788723668493,5.0,964.92,0.155,16487.26162,3,18365.83,111.4,False,False,False
0x8c1e764617b175a8f8e5350579d9eda00714b85a,True,2000,994,334,660,33.6,0.62,-5427.76,17,1782101682137,1783987200011,21.8,-1345.24,0.248,0.0,0,0.0,,False,False,False
0x8c364082b2d8151ef4e06f6b6cef395030c9bc00,True,2000,722,559,163,77.4,2.91,46753.68,34,1776095381296,1788811491760,147.2,-7090.1,0.152,3616.753578,2,685.65,19.0,False,True,False
0x8c51b276a5acc71123a0246253390f619891827f,True,2000,1007,584,423,58.0,1.24,7035.38,33,1774075892629,1782851949429,101.6,2815.7,0.4,0.0,0,0.0,,False,True,False
0x8c7ce2cb8257c1d01687426d0f2c057e56bfa03d,True,1084,485,265,220,54.6,2.03,15737.8,22,1776175785970,1788449837010,142.1,-3909.04,0.248,0.0,0,0.0,,False,True,False
0x8c91713c6ef9af0b5a2406822bcdd92d6737c111,True,1091,599,296,303,49.4,1.14,1403.87,17,1763986588247,1787616000004,273.5,1205.94,0.859,0.0,0,0.0,,False,True,False
0x8cae4c475672eb3646f4e2962decfd33bf8f022a,True,2000,890,457,433,51.3,22.78,104860.52,7,1786828218985,1788791881969,22.7,5519.77,0.053,309055.863201,4,23766.14,7.7,False,False,False
0x8cbeef398f30034f84a932d339fc4e1e03c8d2f3,True,2000,977,456,521,46.7,1.31,1671.66,47,1784151733157,1788811563752,53.9,2574.93,1.54,8555.15096,2,-2783.78,-32.5,True,False,False
0x8cc94dc843e1ea7a19805e0cca43001123512b6a,True,2000,1509,574,935,38.0,0.09,-27627.52,16,1788789610341,1788812531080,0.3,-78.96,0.003,4541612.266036,114,-4872285.98,-107.3,True,False,False
0x8ce1be5084c0d2ae6c6c522d46e0053f24879d30,True,856,298,184,114,61.7,1.34,483.92,52,1780836873030,1788533579395,89.1,187.76,0.388,164.383481,1,-20.2,-12.3,True,True,False
0x8cf5d0712eeb6aa2b32b5ec187c47b99d9751b35,True,443,225,199,26,88.4,0.83,-2735.88,4,1762547559851,1786388423066,275.9,-4520.17,1.652,0.0,0,0.0,,False,True,False
0x8d0c69e16553ab7b66b5d66568cc2f1835eb8c11,True,2000,1118,692,426,61.9,0.79,-8742.43,26,1755047223003,1783447868848,328.7,-5482.03,0.627,0.0,0,0.0,,False,True,False
0x8d275e8ed678985a522160eca69c2c0fb5fa8de9,True,2000,953,377,576,39.6,0.71,-13678.58,27,1747851593070,1785767740481,438.8,-3262.3,0.238,0.0,0,0.0,,False,True,False
0x8d51fc31f628837f7b734ffc35622c6265ad0a29,True,2000,1061,625,436,58.9,0.78,-1819.48,2,1788525179887,1788800170545,3.2,-575.47,0.316,42185.587369,1,-5391.87,-12.8,True,False,False
0x8d672efed3d2e52923e74401be409f31312d3d07,True,250,112,69,43,61.6,5.2,10404.04,1,1773022082561,1787063465362,162.5,2830.95,0.272,0.0,0,0.0,,False,False,False
0x8d7d49eb9715a93eef4843b357cad5f5b9be7bda,True,2000,1628,958,670,58.8,1.69,179.04,14,1788800478403,1788812675970,0.1,-96.78,0.541,7890.767393,7,777.25,9.9,False,False,False
0x8d8ea21e12b0eba630ff43c267c246f57d15c8a4,True,2000,1217,500,717,41.1,0.46,-7758.4,10,1788715079285,1788798119590,1.0,-442.5,0.057,51124.635174,3,-3848.68,-7.5,True,True,False
0x8da570823250aa92c480fff674e267e252ac720f,True,461,187,55,132,29.4,4.07,4612.94,4,1785751258479,1788431350844,31.0,836.31,0.181,0.0,0,0.0,,False,False,False
0x8db3a57aafcab4aec540ba8690cd790a4162409c,True,717,306,194,112,63.4,1.09,274.54,6,1782667834180,1785844435569,36.8,-744.65,2.712,0.0,0,0.0,,False,True,False
0x8dc4adfa38e21414903d594cd72b1006615344b2,True,1274,551,132,419,24.0,0.5,-36832.89,14,1772285548108,1784892061944,145.9,-9383.12,0.255,0.0,0,0.0,,False,False,False
0x8de8ba8666d771545761fcaf039a682b90b32f72,True,409,175,18,157,10.3,0.05,-17527.31,5,1764089021113,1773964800103,114.3,-2044.7,0.117,0.0,0,0.0,,False,False,False
0x8dfb28f96618f4811bc1f4558adf1d8cc5ce8586,True,2000,831,561,270,67.5,7.46,35266.51,8,1788233796745,1788796652457,6.5,10789.74,0.306,24476.121096,3,-15843.25,-64.7,True,False,False
0x8e16559991670c827e99814860bd6b7882c8bff5,True,461,237,189,48,79.7,0.37,-8873.1,10,1786048561313,1788737908494,31.1,-4400.43,0.496,13890.643407,0,0.0,0.0,False,False,False
0x8e2b555ff9b52c4367f07e9fdac803a3f708cf3a,True,2000,1020,553,467,54.2,0.5,-19439.9,21,1780474732959,1783332210940,33.1,-4711.11,0.242,0.0,0,0.0,,False,True,False
0x8e3f5492ec0376ea250f5a9986139801222c5e5d,True,2000,1078,320,758,29.7,0.51,-4236.37,6,1781742555723,1783157135917,16.4,-319.69,0.075,0.0,0,0.0,,False,False,False
0x8e57cf9d5e92f7674f7eec0f092feb22527084fe,True,485,310,159,151,51.3,1.37,16624.53,2,1780059910511,1780583576811,6.1,8539.71,0.514,0.0,0,0.0,,False,True,False
0x8e6c25f50d4be1e649e61b331a804d11b07a5c08,True,1324,836,513,323,61.4,1.15,30747.38,10,1763993613342,1788512017591,283.8,-36982.37,1.203,0.0,0,0.0,,False,True,False
0x8e7caac48ec38978960d485e65d0880628c3375f,True,2000,856,367,489,42.9,1.47,6261.21,24,1784685443450,1788745728504,47.0,2743.58,0.438,0.0,0,0.0,,False,False,False
0x8e99660e082bf2dc605462261d2b53d37762234b,True,2000,1068,1032,36,96.6,7.43,7865.07,16,1787310957774,1788784527389,17.1,345.29,0.044,0.0,0,0.0,,False,False,False
0x8eb07f521391c0f55fded6de264ca7fabfffa27f,True,2000,756,517,239,68.4,0.58,-22688.83,5,1771587401543,1786390262197,171.3,-4791.44,0.211,0.0,0,0.0,,False,True,False
0x8ec83867add8d2bd324d5e4e2f5710406c7c2a73,True,2000,958,526,432,54.9,0.67,-10159.04,13,1783482684432,1788804736097,61.6,-1298.03,0.128,0.0,0,0.0,,False,True,False
0x8ee2998b11fca3443260a03ee155e8ba355d3f02,True,30,12,11,1,91.7,6.86,200.17,1,1763511429067,1780538122137,197.1,57.65,0.288,10292.110778,1,118.43,1.2,False,True,False
0x8eff8ff863c1a54ec6697b7ad98fe30aa344bd5e,True,2000,1103,671,432,60.8,1.07,1562.41,4,1788446955005,1788811336947,4.2,1868.95,1.196,47315.188512,1,-207.16,-0.4,False,True,False
0x8f1ca5ff845ad2b2527686bc62c3145b92331531,True,2000,936,509,427,54.4,0.93,-824.87,3,1787299426817,1788811006389,17.5,768.36,0.931,289.647903,1,-3.76,-1.3,False,True,False
0x8f2e8ac2b0c2c954f8053ee92c77c1d2707cebe6,True,2000,1106,519,587,46.9,0.61,-14409.87,7,1772304872457,1787356800028,174.2,2461.66,0.171,0.0,0,0.0,,False,True,False
0x8f481ef2f48845512b2593737eea87de0ae0d38f,True,2000,831,325,506,39.1,0.5,-3395.84,10,1770929863523,1788462297637,202.9,422.41,0.124,0.0,0,0.0,,False,False,False
0x8f5e1c1f3046a7f2840ed44904aaef33abdac109,True,2000,862,329,533,38.2,0.79,-4062.2,30,1776606732328,1788729712755,140.3,1329.16,0.327,4624.917415,1,3739.95,80.9,False,True,False
0x8f7486e56bcc94511ce6a7f587ee0a1eb0960394,True,340,121,46,75,38.0,3.86,34687.18,4,1760275680825,1785765451197,295.0,13534.14,0.39,12068.908423,1,-27151.87,-225.0,True,True,False
0x8f8a0b865e93acf02f80ca18bacd01c8abd4d6ec,True,2000,1213,306,907,25.2,0.68,-3088.35,4,1775851353707,1776038400013,2.2,1300.04,0.421,0.0,0,0.0,,False,False,False
0x8f9be4310f9abb0e5843cc6363908c9b01dfeb3f,True,2000,1020,572,448,56.1,3.11,48319.46,71,1752334922467,1788479329247,418.3,-7482.16,0.155,881.758078,0,0.0,0.0,False,True,False
0x8faf91bd67c9d83afba5a9315de259db864e8b18,True,151,64,40,24,62.5,2.03,868.33,11,1758617872211,1788293870239,343.5,394.9,0.455,0.0,0,0.0,,False,False,False
0x8fcc8f55d7a8cdaee770a9e4112725d4a2c60492,True,2000,898,310,588,34.5,0.69,-13623.93,3,1779654746586,1784461458320,55.6,6925.73,0.508,0.0,0,0.0,,False,True,False
0x8fde7b5bfd905513d8d373ae6039be00345052ae,True,2000,985,405,580,41.1,0.74,-2622.93,21,1780327177910,1788767099150,97.7,-1741.42,0.664,0.0,0,0.0,,False,True,False
0x8fecf54a3e7faab18cd1149a01e9ba05a98bd858,True,2000,1057,353,704,33.4,0.36,-6404.13,96,1749785527460,1788522528267,448.3,-780.01,0.122,0.0,0,0.0,,False,True,True
0x900bb9369f401f2c2e9d1fb8036d39bfc49ad616,True,1177,650,259,391,39.8,0.86,-3986.96,2,1778682396656,1787581505825,103.0,-9466.8,2.374,3564.429087,1,-14.65,-0.4,False,True,False
0x901a211eaf0143bf14aea5f9f435c0f917a1bcff,True,1604,818,406,412,49.6,0.96,-977.04,3,1760572618767,1787158636427,307.7,-4095.24,4.191,0.0,0,0.0,,False,True,False
0x902efe6a5d9df01319e364cee60f7b6a511371c3,True,278,112,87,25,77.7,2.44,25841.05,5,1769600132827,1787307121632,204.9,9436.17,0.365,0.0,0,0.0,,False,True,False
0x903e5e00296428c306f3e11a5128041f10c105d3,True,2000,801,603,198,75.3,0.73,-3915.3,28,1786027205449,1788802563047,32.1,-3041.87,0.777,0.0,0,0.0,,False,True,False
0x905c1ca2ac32ee0799e4aa31927f1166a93f3b17,True,2000,1062,374,688,35.2,0.37,-56563.67,16,1781722899630,1784909021919,36.9,-5276.89,0.093,0.0,0,0.0,,False,True,False
0x906d82985051127f315e34bff35c9ae43b4697ad,True,2000,909,434,475,47.7,0.91,-879.49,5,1772613330165,1780640537178,92.9,-825.48,0.939,0.0,0,0.0,,False,True,False
0x907d8e9b66b06fc96fcd58caacb113cbdd586b43,True,473,193,82,111,42.5,0.66,-796.69,30,1722647412827,1782950400074,698.0,-407.87,0.512,0.0,0,0.0,,False,True,False
0x90a5d4611eabc099678b9028895239377a58d097,True,2000,920,816,104,88.7,7.76,8617.77,3,1783804067919,1784779668711,11.3,157.7,0.018,0.0,0,0.0,,False,False,False
0x90c1a8256686af07558f45e42ef7a8c23dee1f9b,True,550,261,143,118,54.8,1.03,176.43,8,1777929906366,1787462233616,110.3,689.82,3.91,0.0,0,0.0,,False,False,False
0x90d6c64c16d39e4a9c838531255e272f647f2c2a,True,430,194,76,118,39.2,0.8,-1269.05,14,1749822356513,1788471144604,447.3,1396.04,1.1,0.0,0,0.0,,False,True,False
0x90f60ab7d71f4c83c42067af1c9e0cc44ace0bb4,True,240,103,41,62,39.8,0.17,-7875.77,2,1783193060084,1788225516056,58.2,-1558.15,0.198,0.002552,0,0.0,0.0,False,True,False
0x9114a5161f18739ced233190861ea275c8b3a99b,True,2000,824,287,537,34.8,1.7,5247.56,165,1788480735308,1788740139645,3.0,4563.55,0.87,361542.702591,138,5752.58,1.6,False,False,False
0x91342f715cd081017261780e73fef25d6ae34b67,True,2000,778,505,273,64.9,0.88,-626.05,19,1783196808744,1788659615930,63.2,-3000.34,4.793,0.0,0,0.0,,False,False,False
0x91410797376836c27e6dc5939cb7941625039635,True,533,228,98,130,43.0,1.91,3992.92,10,1780969169996,1788792128471,90.5,783.23,0.196,0.0,0,0.0,,False,True,False
0x915862a744fd3351cd7fb8b5c4f0f15cc19f5aa7,True,2000,1030,513,517,49.8,0.88,-5972.98,7,1775436163905,1777613100757,25.2,-2915.38,0.488,0.0,0,0.0,,False,True,False
0x916e44473f986d82b8a8e47e51b919e0b855942c,True,2000,942,223,719,23.7,0.95,-313.08,19,1781475515409,1785463565604,46.2,833.21,2.661,0.0,0,0.0,,False,True,False
0x91853bcefbdc3447768413e6db7d6e0a81c4be56,True,2000,1175,611,564,52.0,0.67,-1474.89,4,1788531754854,1788809605242,3.2,-191.32,0.13,9018.466839,1,27.5,0.3,False,True,False
0x91935f367a6007880b046fa34f0d60fff6a88047,True,2000,1049,574,475,54.7,0.26,-39949.04,19,1776014670362,1788433574322,143.7,-12327.59,0.309,0.0,0,0.0,,False,True,False
0x91a561c5b7a0d56b45c9993e9e8d6d44ba8ba882,True,2000,1050,358,692,34.1,0.35,-1075.66,101,1753023565481,1788495936539,410.6,-768.98,0.715,0.0,0,0.0,,False,True,False
0x91b522feb77170895b63ba020552d8af49b7650e,True,263,125,34,91,27.2,0.01,-3629.02,2,1787267697835,1788801586937,17.8,-1150.11,0.317,8958.707871,1,1025.35,11.4,False,True,False
0x91c9cf13da92e59c3bfd6440d76d4a9ad6425e8b,True,2000,1000,550,450,55.0,1.3,14505.65,12,1780662417202,1787841890947,83.1,-4356.81,0.3,0.0,0,0.0,,False,True,False
0x91ecbe396e388dc6b871f261034f39e4a4160938,True,2000,1059,685,374,64.7,2.62,53538.72,25,1754797486683,1788519857296,390.3,16669.53,0.311,2147.363958,1,-46.59,-2.2,False,True,True
0x91ff1b877f2fc9c0b1ba1c8aa30f08db49794657,True,2000,1060,906,154,85.5,4.21,4718.91,13,1788277614560,1788805525092,6.1,-317.56,0.067,7316.226623,1,-3847.94,-52.6,True,True,False
0x921709fc8b496610454ea5b0a1b615cd8569885c,True,727,407,167,240,41.0,0.44,-10337.55,4,1776019716388,1781126048599,59.1,1921.84,0.186,0.0,0,0.0,,False,True,False
0x9224bbb4e0fbe2f2f8fab55debc41eb21fdfb804,True,2000,1024,419,605,40.9,0.77,-10321.56,68,1749555353775,1787590806486,440.2,-2252.77,0.218,0.0,0,0.0,,False,True,False
0x923c7d65d54da70c8462b32215fbb0665f6807c2,True,1465,663,433,230,65.3,1.77,14825.32,27,1772886951596,1788717266235,183.2,2898.86,0.196,22891.175762,2,-320.51,-1.4,False,False,False
0x9264781948fa2827da22ccdbdcb1af877c7df465,True,2000,1463,1140,323,77.9,1.68,306.19,45,1788779544212,1788812782383,0.4,-180.94,0.591,0.0,0,0.0,,False,False,False
0x9277775de24e22ec82ad4df979b4f8963d6f03d1,True,2000,1256,822,434,65.4,1.95,8108.03,13,1784226973020,1788810146990,53.0,-888.54,0.11,10330.917312,1,314.3,3.0,False,False,False
0x92924420b2d67883c0a5f917148ed1c203f03bc2,True,2000,1043,821,222,78.7,1.07,7665.54,8,1786969077065,1788798796060,21.2,-8463.26,1.104,50435.188388,2,-1673.72,-3.3,False,True,False
0x92a9350b17dcb0b28fe300917b11ce9224914ad5,True,2000,1020,487,533,47.7,1.85,8935.42,41,1779829819088,1788773618876,103.5,1774.32,0.199,0.0,0,0.0,,False,True,False
0x92bff72e6c943a1348aedf15d68e758e811dec64,True,2000,891,597,294,67.0,7.66,27690.91,2,1788686226348,1788809932108,1.4,2410.49,0.087,506978.596046,1,132705.81,26.2,False,False,False
0x92d479fe3ce423e06f2c2e12b8171436d8b09b49,True,323,111,110,1,99.1,4906621.07,82431.22,1,1759729766021,1788551485225,333.6,6555.37,0.08,273653.948841,1,251722.78,92.0,False,False,False
0x92ec1dd166d6271a4f2780e8223d00f4ba3d3f44,True,2000,1425,1206,219,84.6,3.5,47239.04,39,1779476939438,1788795809627,107.9,-4917.22,0.104,58246.249046,1,376.41,0.6,False,True,False
0x93122af58146286dfd9534c030554a23c06d26ac,True,281,151,0,151,0.0,0.0,-10524.79,1,1788133850124,1788201881694,0.8,-553.23,0.053,0.0,0,0.0,,False,False,False
0x93274eea34d77867a0b26232ef933d20b17e4050,True,2000,1062,836,226,78.7,3.12,11132.55,3,1770923471898,1776811775693,68.2,479.64,0.043,0.0,0,0.0,,False,True,False
0x933a497c359cdf437d370e37158f2553c167af0f,True,2000,890,623,267,70.0,0.03,-556416.27,40,1737199138198,1788798521681,597.2,-116632.08,0.21,666.531099,1,39.16,5.9,False,True,False
0x936231380d8fc9b34a3f413e536f8ce27aba320f,True,1230,525,277,248,52.8,0.6,-7681.67,22,1774504707747,1788803042096,165.5,-3195.15,0.416,0.0,0,0.0,,False,True,False
0x936f49d420884c96a4b7522fad1885ae41a06b33,True,2000,928,545,383,58.7,1.05,597.34,22,1787003673086,1787915026093,10.5,-1369.26,2.292,0.0,0,0.0,,False,False,False
0x93894b6033089c014e62c8f73f8d34156385ebe2,True,1084,332,3,329,0.9,0.0,-41996.72,10,1740042576848,1788798784447,564.3,-2799.74,0.067,1681.481431,2,43.3,2.6,False,True,False
0x939f4fcfa86d407e1a3ad650e17a0e2177515282,True,2000,919,341,578,37.1,0.14,-222806.12,3,1777714112742,1780573635132,33.1,-7454.15,0.033,0.0,0,0.0,,False,False,False
0x93c3cff3b7a8492c581a609d5312920a2a60a0f4,True,2000,1039,395,644,38.0,0.38,-42583.69,9,1787491485086,1788797056589,15.1,-7205.0,0.169,1499.045218,1,-285.38,-19.0,True,False,False
0x93dc07eb0f6078e812ef63ba3a8de780b5e9efe6,True,2000,1043,606,437,58.1,2.95,2510.8,13,1788052074860,1788703385494,7.5,-202.19,0.081,0.0,0,0.0,,False,False,False
0x93f8e02c6cf992e262069d5f5bb9b80033a5ce77,True,2000,1032,691,341,67.0,0.71,-26393.49,6,1775205581564,1777767334009,29.6,-6587.92,0.25,0.0,0,0.0,,False,True,False
0x94115c256e86a48ecde6d9045900118c2618a5f9,True,2000,1592,1241,351,78.0,6.79,9939.74,60,1778449800442,1785885213277,86.1,746.84,0.075,0.0,0,0.0,,False,True,False
0x9425e212647518853a92ae7d2c1ab09d343e70b6,True,2000,1004,286,718,28.5,0.78,-14539.84,17,1762583464076,1788701302272,302.3,3957.16,0.272,0.0,0,0.0,,False,True,False
0x9442ccb0a6c1a99f343ce769d2875d23ceb8b410,True,1874,983,597,386,60.7,0.45,-25922.6,10,1779376883343,1787368900522,92.5,-4148.78,0.16,58356.300648,1,-12541.6,-21.5,True,True,False
0x9459b150eb8aef0a2990c18afd95244c18b00ef3,True,2000,1288,1203,85,93.4,0.81,-1732.23,1,1782299991631,1788795622436,75.2,-712.6,0.411,538.025161,1,-44.7,-8.3,True,True,False
0x9475cde155a7d728b63981faa7f70bd3f2acdea6,True,228,113,58,55,51.3,3.7,2015.86,11,1780474639610,1785401948133,57.0,489.47,0.243,0.0,0,0.0,,False,False,False
0x9493fcc05f1a251acc539cc39ce85f50c3d2b023,True,2000,995,317,678,31.9,0.71,-434.6,52,1784649574554,1788777606683,47.8,-62.5,0.144,14777.667358,50,1497.79,10.1,False,False,False
0x94b227df8fe384dfa9273334c72e5efbf934599e,True,2000,756,715,41,94.6,5.04,23579.51,3,1787935122348,1788796596888,10.0,-4129.65,0.175,149429.685264,5,47447.17,31.8,False,False,False
0x94d3735543ecb3d339064151118644501c933814,True,2000,861,279,582,32.4,0.25,-28164.19,2,1787510637190,1788811466619,15.1,-2353.23,0.084,24028.482,1,-27.86,-0.1,False,False,False
0x94ed58de288acd968f9fdb8160ac7e7666eb4c11,True,2000,288,101,187,35.1,0.43,-5337.65,14,1761398546534,1788808213021,317.2,-636.24,0.119,0.0,0,0.0,,False,True,False
0x95039e2965a0af4601888227f66a1b8afa6808ea,True,2000,918,745,173,81.2,1.56,13185.71,9,1780639965314,1788703443989,93.3,2362.85,0.179,8734.633635,1,-354.42,-4.1,False,True,False
0x951591a9e0a24ce6607dc73d4c62ba2716a83bea,True,2000,2000,0,2000,0.0,0.0,-1194.15,1,1788726197656,1788758017614,0.4,-10.85,0.009,22951.641296,1,-48111.84,-209.6,True,False,False
0x9528d0e4a1e45dffdd268da89700e4d5ef364389,True,201,141,43,98,30.5,3.39,35456.61,2,1780160587074,1781599443886,16.7,10057.52,0.284,0.0,0,0.0,,False,True,False
0x95458f12c2bb89e6f3d08b0a339095eaf0213114,True,1656,852,480,372,56.3,1.04,778.42,2,1772107570132,1777908346867,67.1,-982.85,1.263,0.0,0,0.0,,False,True,False
0x9551e7d4cd963558bb9882aecc74f549262e217f,True,2000,481,329,152,68.4,4.09,38427.87,30,1784148682335,1788797868678,53.8,4106.7,0.107,0.0,0,0.0,,False,True,False
0x9566a1d9dfb01e6f2f4fd72fdedf0af0f184e0fb,True,1124,531,270,261,50.8,0.77,-8839.23,10,1760472684592,1788430684250,323.6,-2656.38,0.301,0.0,0,0.0,,False,True,False
0x95807fb479da3f7270af90ef3534e47c0b9b7c7b,True,2000,993,523,470,52.7,1.7,1892.84,3,1780758280580,1780890528164,1.5,366.77,0.194,0.0,0,0.0,,False,False,False
0x9593e44585dc9c75587811b7bd3027f1bc324d96,True,1716,803,440,363,54.8,2.32,36946.5,27,1709047989640,1788772177512,922.7,5504.46,0.149,0.0,0,0.0,,False,True,False
0x95af7fffe0e7d40956d77bf3f55156d4483b4693,True,316,159,130,29,81.8,2.52,6082.57,7,1779044008024,1788527886553,109.8,1128.68,0.186,6680.544678,1,-98.82,-1.5,False,False,False
0x95c53da8573c3275defa46d65c98652733766c39,True,1330,707,366,341,51.8,0.66,-5341.09,18,1722337607891,1779370743222,660.1,-1265.41,0.237,0.0,0,0.0,,False,True,False
0x95d2b6d90ed5b1226cc27ef26ce89deefd390c71,True,424,220,36,184,16.4,0.38,-6958.59,2,1781118951770,1787768221747,77.0,-2904.07,0.417,0.0,0,0.0,,False,True,False
0x95e9030d290f7d04fc135596dad88c19f9fef7aa,True,1501,593,367,226,61.9,0.72,-12894.68,7,1753264123724,1780685548085,317.4,-9980.91,0.774,0.0,0,0.0,,False,True,False
0x9602653d1fadb242fadc14710035117cfa7df09b,True,420,207,155,52,74.9,1.39,7258.81,2,1769621031911,1773188893132,41.3,-18649.95,2.569,0.571517,1,0.51,90.0,False,True,False
0x960de22c692fc76352541dff5ca65cdbb3f881b6,True,2000,968,619,349,63.9,1.75,7429.79,6,1787979875697,1788810140710,9.6,-1025.53,0.138,4304.216686,2,271.88,6.3,False,False,False
0x962ddfc25da313e75b51f98a4e1e4cdfb4a3bf74,True,2000,980,459,521,46.8,0.75,-1572.84,18,1776442710328,1787271499618,125.3,-349.21,0.222,856.840492,0,0.0,0.0,False,True,False
0x96488f9fcd0c6997c771a26d85d1f61cacfa502c,True,2000,895,509,386,56.9,0.66,-112425.23,22,1755563469035,1788759157191,384.2,-35125.37,0.312,310299.831931,5,63220.39,20.4,False,True,False
0x9663411afa25109fbd3eb97c612fb2fad198e7ac,True,2000,878,448,430,51.0,0.61,-19861.14,53,1747952110056,1788679683253,471.4,-2508.12,0.126,1052.349911,3,808.74,76.9,False,True,False
0x967f9d580e3c3c381904b9857498da17cfe9de85,True,2000,822,596,226,72.5,2.57,23873.41,99,1707148060149,1787474003559,929.7,7540.0,0.316,25.104074,0,0.0,0.0,False,True,False
0x96a27a8e80a8d9c42a08d033be8ed3e4c4d84cc0,True,2000,921,521,400,56.6,0.86,-8418.57,57,1776592397335,1788736290042,140.6,-3540.59,0.421,1018.789497,1,-410.36,-40.3,True,True,False
0x96b866179f9e7fc566b99b22d5426e9aff893b3e,True,2000,987,367,620,37.2,12.93,915.8,1,1785852670600,1786455291387,7.0,47.04,0.051,0.0,0,0.0,,False,False,False
0x96c9487af21d18ac5f4c841af44a011968445709,True,2000,372,141,231,37.9,2.17,21704.62,5,1787199096829,1788633444024,16.6,1078.94,0.05,973455.284905,1,0.02,0.0,False,True,False
0x96d51bfb2eb2c52265e9db1811b3ce65e3351127,True,2000,980,870,110,88.8,4.85,55402.67,23,1781486870701,1788808500046,84.7,-11565.56,0.209,24926.206012,5,-89762.38,-360.1,True,False,False
0x96fb85d0b8c55289ecdf3b041e01d0f1cf4208ef,True,2000,967,643,324,66.5,2.71,18456.04,16,1781213755115,1783036800018,21.1,1539.47,0.083,0.0,0,0.0,,False,False,False
0x97153bcf26bb0335b5cb00a7b3992fe12f41507b,True,218,62,39,23,62.9,390.94,11302.95,2,1767348909012,1787302213245,230.9,1754.51,0.155,8031.305685,1,-7079.86,-88.2,True,True,False
0x972d521729c0d07b360ae470f03878fe405f0650,True,2000,938,577,361,61.5,1.91,61621.62,23,1779868709909,1788785139113,103.2,6837.65,0.111,5327.338244,1,-2338.78,-43.9,True,False,False
0x973d40863283d2ba3f209a4dde9c68b580bf486d,True,2000,782,514,268,65.7,2.64,10017.31,11,1774361957085,1788672306476,165.6,-1651.68,0.165,0.0,0,0.0,,False,True,False
0x975f178fd8a566d98bc935340064c691fa4d8881,True,2000,1165,959,206,82.3,26.94,883865.11,19,1765136654130,1775980991863,125.5,15614.22,0.018,0.0,0,0.0,,False,True,False
0x979024053f4926df09b4f638d230670b6376b2ca,True,807,290,67,223,23.1,0.04,-136640.43,12,1733164991226,1782432000043,570.2,-12004.33,0.088,0.0,0,0.0,,False,False,False
0x97abdcd7bca13a36905eb86a5b692a12a777f1f4,True,2000,658,254,404,38.6,0.57,-3839.23,36,1776111643660,1788553226518,144.0,-1049.3,0.273,0.0,0,0.0,,False,True,False
0x97bfd1711864cd16ab7f3f1fc79b164d3e32b6cc,True,536,199,84,115,42.2,2.47,4786.12,3,1780151516755,1786639744404,75.1,1583.21,0.331,0.0,0,0.0,,False,True,False
0x97d34127a8c2164df8d047b7ed4199b6e542b0e1,True,2000,647,459,188,70.9,2.4,29027.03,29,1774020219606,1788792867155,171.0,5799.8,0.2,9049.971805,2,-1213.72,-13.4,True,True,False
0x97ee65b0152914bf57d724f941777e79c77a62af,True,1172,613,409,204,66.7,4.25,73286.36,26,1761887348713,1787181786413,292.8,10086.96,0.138,0.0,0,0.0,,False,True,False
0x97f8219e401f07752a60ddb0a75efda96d1389d9,True,2000,2000,2000,0,100.0,inf,573932.71,1,1781094755081,1781095598866,0.0,6987.53,0.012,0.0,0,0.0,,False,False,False
0x980d4e73ba588bc3f2cb9e578cb41934806d1156,True,2000,1039,484,555,46.6,0.37,-55523.97,7,1773041070628,1780442794849,85.7,-14525.81,0.262,0.0,0,0.0,,False,True,False
0x981f7740f75080fa7044193861857a2b0a07530c,True,1765,691,445,246,64.4,1.28,1814.68,2,1783089676235,1788790976052,66.0,-531.28,0.293,1106.32559,1,-18.75,-1.7,False,True,False
0x983226c74fd886fc692419fbcec591341a1d1b8f,True,1091,486,384,102,79.0,0.88,-5321.07,7,1782279408523,1787820375763,64.1,-8131.31,1.528,25857.948917,1,-3215.0,-12.4,True,False,False
0x9844f6ccd344acb718dad1db1c1a231c5bc20afa,True,658,364,244,120,67.0,0.7,-3786.65,4,1782336697030,1788812537908,75.0,3396.38,0.897,433.356655,1,2.6,0.6,False,True,False
0x9859d1542cbe5e17f3fd30501e900a7054e293e1,True,2000,982,219,763,22.3,0.41,-44492.07,23,1767518371298,1788384238964,241.5,-1328.77,0.03,42401.408893,2,-92856.25,-219.0,True,True,False
0x986db45a86309c8d25182ef8b05c2b5a87a29bcc,True,2000,1190,749,441,62.9,1.48,3073.92,27,1759552237677,1779383642067,229.5,-399.11,0.13,0.0,0,0.0,,False,True,False
0x987c3d52fc87bbdc94c53b4a6f50ea9c7d122a4f,True,2000,942,738,204,78.3,0.24,-31450.39,5,1778278881187,1788533389349,118.7,-20141.24,0.64,330.027248,1,55.86,16.9,False,True,False
0x98abb17006aaa4f29f60cb8c9c3db70b174eba24,True,2000,660,411,249,62.3,0.42,-19628.83,12,1779216649694,1782742005297,40.8,-8442.29,0.43,0.0,0,0.0,,False,False,False
0x98c40917c68a955a7102e667de9bd39677307b2c,True,2000,933,309,624,33.1,1.18,4441.56,19,1767381461001,1788706978017,246.8,1830.0,0.412,7543.745045,0,0.0,0.0,False,False,False
0x98d6fc98b3c26b9dd3b7e4bac3e11ceb3e7171da,True,2000,1565,966,599,61.7,1.15,7368.15,11,1787208120335,1788766601859,18.0,4377.86,0.594,0.0,0,0.0,,False,True,False
0x98e8d2806f3af4f6db855aad5da01d63b94d4d2b,True,2000,913,304,609,33.3,1.16,649.81,27,1765483644921,1782479973529,196.7,529.57,0.815,0.0,0,0.0,,False,True,False
0x98fec861d4ec4af35d5a22f4590de3d3df650572,True,542,246,110,136,44.7,0.37,-13058.93,17,1750830736339,1788768150901,439.1,-6521.04,0.499,0.0,0,0.0,,False,True,False
0x99129aa586aba553db0143d2b24a77e4a0531a89,True,2000,1196,573,623,47.9,0.55,-52164.6,51,1758509331408,1788467569682,346.7,-6203.3,0.119,0.0,0,0.0,,False,True,True
0x992cae33d3d271d103e196f4aba1c5de7edd57c2,True,2000,1032,379,653,36.7,0.97,-38.3,52,1784570506731,1788775855387,48.7,54.97,1.435,12855.854935,50,897.9,7.0,False,True,False
0x99499e922a114484d8f6f0a32313b39b9505f2df,True,82,60,47,13,78.3,85.62,2579.88,2,1752511716383,1782193605996,343.5,1197.49,0.464,105.099283,1,27.74,26.4,False,False,False
0x9960fda17fb04fa3b9531cc608565a23882ab121,True,2000,856,432,424,50.5,0.47,-5052.74,9,1787751765705,1788803227810,12.2,-845.69,0.167,4203.410322,4,-164.15,-3.9,False,True,False
0x9974899d1f7d3fcacd16c016fab8ddfc4131959c,True,2000,799,340,459,42.6,0.47,-184979.11,26,1758391616261,1788793541658,351.9,69950.98,0.378,19052.263973,3,-4508.57,-23.7,True,True,False
0x99847dca56b4908c805042e82bf81a9f59a095ba,True,2000,1008,1,1007,0.1,0.0,-2621.93,3,1783898794062,1783987200011,1.0,-3.55,0.001,0.0,0,0.0,,False,False,False
0x999992810b118f5986b8533902b70c2740499999,True,2000,812,677,135,83.4,0.14,-31505.92,62,1769658453077,1772638874986,34.5,-2521.46,0.08,0.003699,0,0.0,0.0,False,True,False
0x99a5ab0b9f1b24db6a1b5183d32fb091b526084a,True,2000,806,406,400,50.4,0.65,-6933.8,3,1780303000726,1787462092157,82.9,-2645.4,0.382,0.0,0,0.0,,False,True,False
0x99b9801f356dd303de0549a40cc9291ab06a9578,True,2000,1029,342,687,33.2,0.41,-34892.4,10,1788382795604,1788793866623,4.8,-8057.58,0.231,117015.455136,4,6548.81,5.6,False,True,False
0x99ce1b33765d0ab9f9d38905685b7d0caba89b60,True,2000,923,472,451,51.1,0.62,-11874.36,35,1757311976960,1779463482421,256.4,-4968.48,0.418,0.0,0,0.0,,False,True,False
0x99d917f4fbccc27975ba3b109aa81323c9cbb9f1,True,2000,842,161,681,19.1,0.55,-26443.78,16,1754664418785,1778869264634,280.1,3579.64,0.135,66923.691433,0,0.0,0.0,False,False,False
0x99e4b3a0217f7e45815cc7726caeec63689a016f,True,1751,846,607,239,71.7,0.46,-18712.73,21,1756726768523,1787656940636,358.0,-9025.01,0.482,0.0,0,0.0,,False,True,False
0x9a0bebd9776c9493a4e04ac3c0a6138cad97c8af,True,2000,993,869,124,87.5,1.38,5868.89,11,1780842008616,1788708045931,91.0,-3463.13,0.59,11692.808824,1,-4606.99,-39.4,True,True,False
0x9a1772807b0832f9a5d86f61a7b8d6e6890a7178,True,2000,1016,368,648,36.2,1.3,1751.82,23,1767120723523,1788804782971,251.0,555.38,0.317,3244.663383,1,445.74,13.7,False,True,False
0x9a3664a58b6a6579319c44bdd06a381ec8b47b6a,True,2000,1333,581,752,43.6,0.31,-18723.77,73,1788638050254,1788813019483,2.0,-1453.39,0.078,608151.746078,140,-70278.02,-11.6,True,True,False
0x9a3ee0a1a6d874fb58055353edee78019092f8f7,True,2000,1004,288,716,28.7,1.38,5886.03,7,1778255106566,1788798021018,122.0,1889.91,0.321,0.0,0,0.0,,False,True,False
0x9a5cd14dc064069b608da0a01d403963dc410a84,True,2000,1533,1028,505,67.1,4.02,908774.23,3,1786978516213,1787491871631,5.9,108252.81,0.119,0.0,0,0.0,,False,False,False
0x9a6c69c0d15a983c48cabfc02812c788cd1fa160,True,2000,1039,455,584,43.8,0.59,-13700.55,1,1779383790978,1781472828949,24.2,2196.53,0.16,0.0,0,0.0,,False,False,False
0x9a82a5d1bb4fa739d9104b1d28388c663f733494,True,2000,972,316,656,32.5,2.54,12717.27,18,1782894115530,1788177035093,61.1,1497.71,0.118,0.0,0,0.0,,False,False,False
0x9a991732cd4cf14712b07fbeb8c5d87de90dd21a,True,2000,907,564,343,62.2,4.51,158271.86,5,1788371581939,1788711339162,3.9,15551.4,0.098,511559.538381,4,153949.24,30.1,False,False,False
0x9ab5135bd56d09c771d462e26bdfcc6f6cf1b6b3,True,690,339,72,267,21.2,0.72,-8453.66,3,1787512778583,1788485635662,11.3,8401.08,0.994,0.0,0,0.0,,False,False,False
0x9aca58e24ff5845f245e7c2c897fef1bc59b3555,True,2000,1309,500,809,38.2,0.25,-149276.49,20,1787896932335,1788796440520,10.4,-17721.46,0.119,179075.136541,2,7457.44,4.2,False,False,False
0x9b066989b7d7330d9abe3347b166329e4a3c69c9,True,2000,987,379,608,38.4,1.46,2630.03,24,1766938799522,1776409927687,109.6,599.86,0.228,0.0,0,0.0,,False,False,False
0x9b10e0d1de357782585f73105c7fc9314183fda7,True,2000,920,498,422,54.1,0.69,-1222.51,21,1780500284113,1788799119897,96.1,-464.89,0.38,1278.531486,0,0.0,0.0,False,True,False
0x9b366a477294a88c633d23c6ad138579abf689c0,True,284,110,49,61,44.5,0.14,-6178.66,14,1767438811071,1788533697161,244.2,-2646.68,0.428,0.0,0,0.0,,False,True,False
0x9b422e571eb2cb9837efdc4f9087194d65fb070a,True,2000,968,75,893,7.7,1.04,619.58,5,1788098842808,1788795453463,8.1,10771.35,17.385,78373.740914,2,32483.41,41.4,False,True,False
0x9b53e645d5960e6d98f0d6455c807095869e908c,True,662,202,190,12,94.1,8.51,20864.08,7,1774395815585,1788656023967,165.0,3046.62,0.146,0.0,0,0.0,,False,False,False
0x9b684a044edde93625592e799e020e76093e3be0,True,1703,824,489,335,59.3,1.35,14175.57,9,1786312801430,1788463073335,24.9,10066.0,0.71,0.0,0,0.0,,False,True,False
0x9b83f16d0a6456f90a8a330f04c0ca1b2f0425b0,True,2000,257,215,42,83.7,0.17,-67848.72,5,1771911958875,1784044409477,140.4,-16280.58,0.24,0.0,0,0.0,,False,True,False
0x9baa61679b2ae403573db0c0dbae3368f5033a03,True,780,407,296,111,72.7,0.32,-67895.35,16,1759394119070,1778371200032,219.6,-16253.29,0.239,0.0,0,0.0,,False,True,False
0x9bbfe72693a8484c295682ad391090ad49b29705,True,2000,326,280,46,85.9,0.0,-40971.34,20,1787057415435,1788515099799,16.9,-18197.35,0.444,0.0,0,0.0,,False,True,False
0x9bd64263248752d128cbdfd3f64f69f135dd4ec2,True,2000,840,840,0,100.0,inf,31658.62,3,1787548277002,1788796451550,14.4,8321.13,0.263,58366.900767,1,-159055.04,-272.5,True,True,False
0x9bf8fcef5281435712cec092827f2341dca40010,True,2000,733,379,354,51.7,0.63,-8893.83,37,1780859656402,1787103131670,72.3,-1286.23,0.145,0.0,0,0.0,,False,True,False
0x9c16bc8f1104e4d2f72267eb981fa12de7cc4a6f,True,2000,898,787,111,87.6,34.58,2237020.22,3,1775938129562,1788279104997,142.8,159719.53,0.071,507522.789061,3,-577836.95,-113.9,True,False,False
0x9c25ed183becc534bf94a3a4d937f43b716b73ee,True,2000,914,390,524,42.7,1.02,0.85,17,1771164106204,1780232886973,105.0,3.35,3.963,0.0,0,0.0,,False,True,False
0x9c3d9a04d0166b6ec0a2a77a4a96df7d83e74514,True,2000,1292,1036,256,80.2,0.79,-172.14,1,1781792945652,1782549730287,8.8,-448.73,2.607,0.0,0,0.0,,False,True,False
0x9c4f9f3be7eba584e10fa246e7a01baac595deae,True,2000,807,390,417,48.3,0.52,-20827.73,38,1767737824322,1788808814572,243.9,-3109.72,0.149,0.0,0,0.0,,False,True,False
0x9c57932f9becc01af755f5128486627228bd6d33,True,2000,1227,752,475,61.3,3.31,12868.95,7,1785365078841,1788811829181,39.9,359.24,0.028,9468.366666,2,-1035.82,-10.9,True,True,False
0x9c6ae7798237fd5bb2f810adad5eec2d9c95ee0e,True,163,40,37,3,92.5,19.15,2047.57,5,1778177959596,1785954842955,90.0,1740.81,0.85,0.0,0,0.0,,False,False,False
0x9c7ed80b81b9fb6bee9ceba2480dc39047837945,True,462,280,171,109,61.1,0.66,-4835.32,3,1760096974553,1776182915670,186.2,-5138.93,1.063,0.0,0,0.0,,False,False,False
0x9c8fe6c7feb6d4871cb745f38386a33563e7c4f3,True,2000,1144,822,322,71.9,0.86,-4881.96,14,1785852493221,1788782564295,33.9,1822.99,0.373,11725.462011,1,-3483.84,-29.7,True,True,False
0x9ca0e24bd162f6a0f2bf00a726ee7fc5999e7cf0,True,2000,1250,550,700,44.0,1.15,2476.87,3,1782669507145,1786182012785,40.7,2892.19,1.168,0.0,0,0.0,,False,False,False
0x9cbf099ff424979439dfba03f00b5961784c06ce,True,2000,1293,202,1091,15.6,0.24,-380763.96,16,1770916685679,1788804289000,207.0,-111080.0,0.292,474958.958629,4,-979289.5,-206.2,True,True,False
0x9ccf511078200a842dea047907365374164534d2,True,2000,929,368,561,39.6,0.49,-23726.44,17,1761329665058,1782707364909,247.4,-4993.32,0.21,0.0,0,0.0,,False,True,False
0x9cf11a4dac17943ec5000f61d08d2b444f1f8e0c,True,497,246,156,90,63.4,1.35,669.97,9,1782304982491,1785051010205,31.8,-680.83,1.016,0.0,0,0.0,,False,False,False
0x9cfdc6f84226084d1d1a5e80f2849728ee11283e,True,1147,474,250,224,52.7,4.74,19531.5,4,1784253758061,1788748712371,52.0,5111.38,0.262,0.0,0,0.0,,False,True,False
0x9d0731c4adf2a27cd6796a312e92d090578b65a7,True,205,83,36,47,43.4,0.16,-3467.62,6,1772273776517,1780664739042,97.1,-2461.67,0.71,0.0,0,0.0,,False,False,False
0x9d1e7ed8d60fbc6e81ecb97ca13efc06d5732835,True,2000,636,119,517,18.7,0.03,-236692.51,11,1778511176938,1780549625011,23.6,-23043.91,0.097,0.0,0,0.0,,False,True,False
0x9d3ac278690cbd20129993d23961615fd46ec7d6,True,938,453,241,212,53.2,1.51,20009.61,1,1774951412322,1785200868785,118.6,7717.27,0.386,1e-06,0,0.0,0.0,False,False,False
0x9d56bea53085d70947f19520fc54d594bd6317a2,True,2000,931,491,440,52.7,0.75,-7299.78,6,1780278666160,1784234141033,45.8,-1173.99,0.161,0.0,0,0.0,,False,False,False
0x9d6b8e24197c478cd16de94bc357b01bf957140a,True,2000,899,700,199,77.9,11.89,12680.01,2,1788780544006,1788813942166,0.4,1499.32,0.118,38539.698046,2,1617.6,4.2,False,True,False
0x9d889ae0b65d152bb0c38e0cb1d502fdd91fd3cb,True,2000,907,554,353,61.1,0.93,-3697.37,4,1782436987252,1788443520377,69.5,-3891.24,1.052,0.007293,0,0.0,0.0,False,False,False
0x9d98535d791d614d3f90b426d8270e82500c57aa,True,2000,931,296,635,31.8,0.32,-22628.07,28,1771917170892,1788536783797,192.4,-4678.41,0.207,0.0,0,0.0,,False,False,False
0x9da9ccc7563bc4c420a7a30819d3875d9499f376,True,2000,1017,649,368,63.8,2.6,26163.4,1,1787347503290,1788811649874,16.9,-504.4,0.019,121746.326962,1,243.59,0.2,False,True,False
0x9dcd1f467a6e317241d155a0301dc09e69f12e17,True,2000,1286,1035,251,80.5,2.64,74522.33,3,1788563084460,1788811036521,2.9,-4014.51,0.054,0.0,0,0.0,,False,False,False
0x9de877d0ec5daeeacac68151ea0944e73d1e9d86,True,773,424,203,221,47.9,0.15,-91842.35,9,1774363471092,1788811894888,167.2,-12942.03,0.141,3787.058646,4,57.72,1.5,False,True,False
0x9df304a7e602b7e571a1815a503e36c025667247,True,1179,541,357,184,66.0,1.09,657.04,20,1781191247241,1788629960965,86.1,-1794.2,2.731,0.0,0,0.0,,False,True,False
0x9e07dc44a54a639c4040c6f422c76bc4e789cd2c,True,1741,668,335,333,50.1,1.25,3153.58,22,1785303112492,1788795254777,40.4,-798.33,0.253,0.0,0,0.0,,False,True,False
0x9e1e409f901a7f6eb8108deef50b6d3d82208d4f,True,2000,1066,518,548,48.6,0.43,-20999.9,14,1776671344035,1783452268142,78.5,-3641.93,0.173,0.0,0,0.0,,False,True,False
0x9e39d6282e4525526f33092c8aad27005e0ea02d,True,2000,840,481,359,57.3,0.37,-16731.3,9,1780335012777,1788698427520,96.8,-4337.32,0.259,0.004963,0,0.0,0.0,False,True,False
0x9e55b0e43b7f7f3909af841d326b2dadfda9392e,True,2000,1013,705,308,69.6,10.6,62799.38,24,1787167190074,1788786871353,18.7,8106.0,0.129,15192.377335,2,-775.6,-5.1,True,False,False
0x9e68df177b36664022b1765bc46a28008a33de9e,True,2000,637,429,208,67.3,2.36,3745.42,21,1778428322240,1788789664253,119.9,612.46,0.164,0.0,0,0.0,,False,True,False
0x9e7969378bb2b63589c82a271352b5f19d36a6fe,True,79,40,1,39,2.5,0.01,-795.16,19,1777667872924,1777879480325,2.4,-715.94,0.9,0.0,0,0.0,,False,False,False
0x9e8b1e51c642f4c8b87c6ba11c53d516a218afc4,True,2000,810,810,0,100.0,inf,28089.63,2,1788764098702,1788776665791,0.1,575.79,0.02,182499.405511,1,51146.42,28.0,False,False,False
0x9e9bcafb134960cbe74bb3eda6b7c937915c8663,True,1742,1068,889,179,83.2,3.36,19783.75,9,1787319098244,1788706626433,16.1,-3452.74,0.175,30404.756354,3,-19189.34,-63.1,True,True,False
0x9eaebe41e6783bce9c88d5f7af6c719b68c6ac69,True,2000,729,272,457,37.3,2.67,22731.97,29,1785507031073,1788811824001,38.2,2535.95,0.112,28752.447217,3,62532.04,217.5,False,False,False
0x9ebb85a6c3c52448049e519fca9634c9737ad9fb,True,353,133,113,20,85.0,2.57,6273.45,5,1771179055378,1787347964600,187.1,1241.25,0.198,0.0,0,0.0,,False,True,False
0x9ee0805856454aa1e92fc55d2380d2ec209f9cc0,True,2000,940,510,430,54.3,2.05,26041.25,56,1773672264756,1788280552808,169.1,10674.13,0.41,3737.0,0,0.0,0.0,False,True,False
0x9ef05b8abd619cf109b64994688010756331e312,True,2000,934,369,565,39.5,1.18,3627.34,1,1760217959143,1785482174506,292.4,2651.09,0.731,0.0,0,0.0,,False,False,False
0x9f09d86ab7cd2f2f93f7dd393b4e1a2bc1291f17,True,552,291,249,42,85.6,1.08,1870.0,8,1767916947379,1775429173243,86.9,-4902.16,2.621,0.005138,0,0.0,0.0,False,True,False
0x9f244affb48392b880fb8af3fb92ef6c47ca34dc,True,518,273,153,120,56.0,0.25,-7260.04,17,1780740348021,1788811538586,93.4,-5205.29,0.717,742.652334,1,-277.29,-37.3,True,False,False
0x9f44a735f1f820d3adf1f853afcf636fd9875176,True,2000,944,176,768,18.6,0.46,-23946.13,20,1759115157304,1788442451446,339.4,5864.76,0.245,0.0,0,0.0,,False,False,False
0x9f5777bb808871052c2c5fc13d37d05e67fbc70e,True,2000,604,177,427,29.3,3.03,142564.82,4,1787203951520,1788446747824,14.4,74953.84,0.526,21658.906548,1,46440.19,214.4,False,True,False
0x9f72219c09c4a5b1d939eae7c9263a39a36829ed,True,2000,445,242,203,54.4,0.67,-1143.09,10,1784032214999,1788767211431,54.8,-748.01,0.654,181.892051,1,11.11,6.1,False,True,False
0x9f982347f7cdcbfab36f9f9921d976dfe7e32aed,True,1150,534,366,168,68.5,0.7,-10624.35,18,1767167159194,1781721642586,168.5,-7920.03,0.745,0.0,0,0.0,,False,True,False
0x9fb5882e72308aa309ca6869025091837d9541c8,True,561,246,139,107,56.5,1.25,1217.08,7,1759169574704,1787232319768,324.8,-927.88,0.762,0.0,0,0.0,,False,True,False
0x9fc9f94d0fd25363928a9edc4f49b99fd770389b,True,2000,973,527,446,54.2,0.74,-8328.78,32,1776297946866,1780376858277,47.2,-3445.05,0.414,0.0,0,0.0,,False,True,False
0x9fe74e394c9cb667dca47c28d07c530536425c46,True,671,353,218,135,61.8,2.17,7028.57,8,1783198316238,1788738153486,64.1,1188.1,0.169,2556.949406,1,330.12,12.9,False,False,False
0x9ff8978201bcf41c20ebc483a8654e9dfb34c3b5,True,1373,680,295,385,43.4,1.94,16785.68,56,1699949982143,1783596929834,968.1,-3319.66,0.198,0.0,0,0.0,,False,True,False
0xa00b68fddcaf63771a7fde102ab574f5c08a1278,True,1089,475,285,190,60.0,4.74,56494.67,2,1763862233319,1782390336666,214.4,11699.63,0.207,0.0,0,0.0,,False,True,False
0xa023d6325d24a39ee977286210cad9ea5fd3d79d,True,384,203,118,85,58.1,0.9,-22.2,3,1770376710716,1773938359263,41.2,-36.91,1.662,0.0,0,0.0,,False,True,False
0xa039501cc696e241b9929c59fd25aaf27fb52ac3,True,2000,923,446,477,48.3,1.15,2536.41,28,1756759477527,1788529127547,367.7,-1620.96,0.639,7603.631079,1,-407.24,-5.4,True,True,False
0xa056c3f50581097c088b180049706805e60d0dfd,True,2000,928,615,313,66.3,0.67,-11756.69,11,1786916406528,1788791311066,21.7,-7383.6,0.628,10615.005399,2,-2618.8,-24.7,True,True,False
0xa0621cf56fe0f5119205ca2c2fdbebdadd5621d1,True,1703,781,505,276,64.7,1.14,6710.85,5,1771069710770,1775624863365,52.7,-6980.8,1.04,0.009905,0,0.0,0.0,False,True,False
0xa0741ae494310368cb7150f7178fcc9463239d30,True,2000,1031,680,351,66.0,0.97,-828.58,6,1767715718948,1780068965821,143.0,-2510.89,3.03,0.0,0,0.0,,False,True,False
0xa08564c6130d610794e69ee686d5af1230a44227,True,2000,931,381,550,40.9,1.04,537.21,21,1776030274347,1779889515769,44.7,1147.79,2.137,0.0,0,0.0,,False,False,False
0xa0aa05c0e2cfce20f2e3f219ae23b96e04104cde,True,2000,953,483,470,50.7,0.95,-2140.05,17,1776722277586,1788728154887,139.0,2885.59,1.348,75056.054636,2,8925.53,11.9,False,False,False
0xa0b566072b23c3e9c0fb6cdb867235b65ec066e5,True,2000,881,322,559,36.5,0.2,-54839.24,4,1788529096989,1788790576381,3.0,-6735.48,0.123,95684.717002,1,2712.02,2.8,False,False,False
0xa0cc4445b68246e4e654e146f75412311a4249aa,True,557,273,30,243,11.0,1.66,1739.76,10,1787239392477,1788355902382,12.9,1437.13,0.826,1791.62251,1,571.26,31.9,False,False,False
0xa0d66bab5f04cb3055cc2f6b0494cb33be32c2c2,True,2000,1405,632,773,45.0,0.41,-291105.93,3,1787290328815,1788739200041,16.8,-34685.68,0.119,0.0,0,0.0,,False,False,False
0xa0eff7fc10735f37cabb46aad21e6fd718729abd,True,2000,1193,391,802,32.8,0.38,-36987.39,9,1778856066199,1781747335446,33.5,-2825.96,0.076,0.0,0,0.0,,False,False,False
0xa0fe9d6eba4dc7f41f6d72b0dfd3f0f9e9830e0e,True,462,267,223,44,83.5,88.99,74483.48,2,1761898346008,1774607009950,147.1,6079.07,0.082,0.0,0,0.0,,False,False,False
0xa11a6c60d8cd12c74c65b33e3cba5a3a8f02ae91,True,2000,944,497,447,52.6,0.98,-1608.07,16,1751836371855,1781442824128,342.7,-6030.15,3.75,0.0,0,0.0,,False,False,False
0xa144e06a939cbd6e3e1f0fe8cb987d2c1355dab5,True,130,41,27,14,65.9,1.9,1725.33,5,1758170516629,1788719539202,353.6,953.48,0.553,6577.387941,1,-1124.4,-17.1,True,False,False
0xa171e45df0e48300f88356838c6cf98321d93634,True,1509,776,548,228,70.6,0.63,-3098.81,9,1737785750664,1788712933620,589.4,-1491.96,0.481,747.001647,1,-131.2,-17.6,True,False,False
0xa182fad4a415754b5ab97ed92dd64594ec2bfb92,True,2000,1079,514,565,47.6,0.7,-7346.31,31,1785306787459,1786117032982,9.4,-848.43,0.115,0.0,0,0.0,,False,True,False
0xa19a836e0ee91eef99a00eea1415a717784f5b4d,True,2000,1005,212,793,21.1,0.59,-2683.7,15,1780551690817,1782540962682,23.0,367.04,0.137,0.0,0,0.0,,False,False,False
0xa1ba512cc8412f1cd8e2ef2b61202683fad0ab0b,True,2000,1080,846,234,78.3,0.59,-5242.53,15,1780632232828,1788737649374,93.8,-2925.5,0.558,0.0,0,0.0,,False,True,False
0xa1c9d41719c4ffd99463f1cfa579d9b6a96b50c6,True,2000,748,497,251,66.4,1.36,4000.24,12,1788124708674,1788814089422,8.0,-3695.39,0.924,47745.425171,6,-3619.36,-7.6,True,True,False
0xa1d41dd48e161365fa038974711fa63aab9b384f,True,2000,1036,365,671,35.2,0.56,-17066.05,7,1779014201123,1788804100231,113.3,2418.4,0.142,26230.790831,1,107.47,0.4,False,False,False
0xa1f90ed84363d60ece328d87c6520d06c4614362,True,2000,1001,206,795,20.6,0.21,-5767.21,5,1776461396662,1776779349710,3.7,-468.25,0.081,0.0,0,0.0,,False,False,False
0xa20d9bd221fd48cb4ba0adae98adc8bdf40ce921,True,2000,655,524,131,80.0,1.08,3428.03,8,1772976336727,1774310400027,15.4,-8451.29,2.465,0.0,0,0.0,,False,True,False
0xa21cd02f08240327cc5b96829e322142da8b26bf,True,427,83,50,33,60.2,102.44,6797.03,2,1781257285240,1781753057069,5.7,2449.71,0.36,0.0,0,0.0,,False,False,False
0xa237f4cc7bbc930fd531b1a36f31e54f778fc431,True,2000,1434,1000,434,69.7,3.83,25959.44,5,1788349537480,1788789348915,5.1,4148.76,0.16,9701.69294,1,206.03,2.1,False,False,False
0xa24d01036ba70f775cc26b94248a7ea3dd25656c,True,2000,872,365,507,41.9,0.86,-644.19,19,1783965264853,1788781338962,55.7,1532.78,2.379,0.0,0,0.0,,False,True,False
0xa25ad5491169382fd7332bd45f7bb5f18d22e707,True,2000,667,560,107,84.0,3.26,11940.31,29,1785410099810,1788812634310,39.4,1528.27,0.128,17432.276999,3,-1208.71,-6.9,True,True,False
0xa26d0ad24da6d79c52c6a34adea9c43c2e9811ce,True,355,154,128,26,83.1,1.34,2478.57,3,1782720227413,1786717444473,46.3,-1603.26,0.647,0.0,0,0.0,,False,True,False
0xa28ea0b31ad7a963a99220a050fe2a97826c815c,True,2000,877,238,639,27.1,2.43,52111.71,18,1784186802732,1788787267262,53.2,11911.08,0.229,0.0,0,0.0,,False,True,False
0xa2a423e804ac8f9a4e0941a5957edda18cd06bec,True,2000,831,324,507,39.0,1.0,-27.82,9,1763789124036,1788628673994,287.5,2550.8,91.681,459.983402,1,-1.54,-0.3,False,True,False
0xa2acc3393b7ab5573e67915c1b58e6efc2b31df9,True,2000,1142,438,704,38.4,1.02,402.71,7,1777848754041,1788766878993,126.4,-2070.74,5.142,0.0,0,0.0,,False,True,False
0xa2cc6e8b3023363079d82372f2c9a26271a454c8,True,1247,572,456,116,79.7,7.95,27901.42,9,1779622381032,1782215610150,30.0,1923.54,0.069,0.0,0,0.0,,False,True,False
0xa2ecada0b45ad16625865843c9fc5e7c985a2e42,True,2000,836,587,249,70.2,3.0,69569.87,38,1777596744149,1788807659064,129.8,10862.22,0.156,94670.740393,0,0.0,0.0,False,True,False
0xa3081c375b0f653c75cff4be1aa2932d9d1947d7,True,2000,899,866,33,96.3,0.88,-1890.48,5,1783892843144,1788197249046,49.8,-1533.45,0.811,0.0,0,0.0,,False,True,False
0xa3133b1b6d84464575d0a9788169fcbb9bf43c0c,True,2000,810,700,110,86.4,1.65,3966.37,9,1774264399268,1785871893891,134.3,-993.94,0.251,1e-06,0,0.0,0.0,False,False,False
0xa31b0cd9afff2a2a676833decda7e5fabd19fbc8,True,883,379,96,283,25.3,0.73,-4007.44,5,1778606063582,1780441101124,21.2,2751.42,0.687,0.0,0,0.0,,False,False,False
0xa32b9fa99df96f94791dc9999067d9bc202569fe,True,1768,832,340,492,40.9,1.49,6589.03,26,1787003669174,1788799715470,20.8,1159.59,0.176,5893.236961,3,-25.62,-0.4,False,True,False
0xa33a2a0179eb17700f12877f3c331b295037ee7b,True,2000,1083,616,467,56.9,1.55,2882.54,2,1787619304323,1788435450609,9.4,982.96,0.341,4708.566313,0,0.0,0.0,False,True,False
0xa34b2d479ed63a733d35ddac696717f7974c61fe,True,2000,1073,638,435,59.5,1.22,18397.14,17,1768948816352,1774137936749,60.1,-6607.47,0.359,0.0,0,0.0,,False,False,False
0xa3652867632777bd42f12561d28bfd2064a11721,True,2000,890,312,578,35.1,0.61,-2097.94,1,1780316033629,1780389252611,0.8,-313.2,0.149,0.003106,0,0.0,0.0,False,True,False
0xa3728d89fac7b4573d1f4b6c35eb8aaa0cc8fe69,True,1713,829,663,166,80.0,1.75,12144.3,7,1780740049392,1783779560566,35.2,3566.21,0.294,0.0,0,0.0,,False,False,False
0xa38747075ee46e51abdeb96e699fe60efe19b933,True,2000,1097,735,362,67.0,31.17,203551.94,10,1788642371148,1788796615569,1.8,17097.94,0.084,251697.38556,2,103740.14,41.2,False,False,False
0xa397c9cdb74bcffd8bdb71f7b2b477fe81d5ab6b,True,2000,985,464,521,47.1,0.82,-5458.86,16,1783172309136,1787300771547,47.8,-2333.42,0.427,0.0,0,0.0,,False,True,False
0xa3a7c36cc9fa3fc5b0c971bc7b5a5659a2f7ab4c,True,1172,709,202,507,28.5,2.27,117852.38,1,1781059051205,1785562788118,52.1,35559.42,0.302,0.0,0,0.0,,False,False,False
0xa3bf0e4d99374a8756f7603f68940d41b6e9d9b8,True,739,514,300,214,58.4,3.53,18116.19,12,1781325743566,1785961294575,53.7,1685.36,0.093,0.0,0,0.0,,False,True,False
0xa3e3246873e040d42c1d2190255dd12a9451c1cf,True,2000,862,469,393,54.4,0.79,-4271.17,48,1768050493926,1787902940346,229.8,-2366.14,0.554,180.868976,1,-16.59,-9.2,True,True,False
0xa4047eb14ba43a6c2168323f81bbfabcb5998c2f,True,2000,1068,683,385,64.0,2.58,34373.47,7,1781018859070,1788526007977,86.9,2359.0,0.069,32144.599204,1,10131.65,31.5,False,True,False
0xa4163369f67d506d46eeb98ef0ebd80576c4b0ed,True,1178,523,228,295,43.6,0.68,-3731.03,7,1765931889275,1788567554776,262.0,-2178.26,0.584,0.0,0,0.0,,False,False,False
0xa429cf6fff60773681d353cfaebc56377e09520d,True,2000,872,152,720,17.4,0.45,-24457.9,3,1763766073932,1780497443359,193.7,-4587.39,0.188,0.0,0,0.0,,False,True,False
0xa439650ea33e1a721897c98913eafac89d0c92ca,True,2000,839,505,334,60.2,0.67,-1931.51,9,1787305238948,1788637009144,15.4,-1722.88,0.892,3.987764,0,0.0,0.0,False,True,False
0xa449689dc5e523bc83b0d9cfca724bc976f1da5d,True,2000,988,694,294,70.2,1.76,8675.29,3,1787472717649,1788783260314,15.2,-1461.76,0.168,13533.922193,1,-2741.46,-20.3,True,False,False
0xa456280061a9ee90fe48b36afb56057a4c31a3e9,True,1196,513,357,156,69.6,0.74,-6460.77,24,1737459746219,1788715188703,593.2,-7076.36,1.095,14683.805803,1,128.72,0.9,False,True,False
0xa4622b0b9aaa7690de51ac3044744dbe82a79df8,True,2000,798,276,522,34.6,0.38,-36635.89,3,1784426531437,1788735797453,49.9,-2801.66,0.076,30212.000148,1,-1125.95,-3.7,False,True,False
0xa4771c7c299e969c98e42760d7e51e53e7263c8b,True,2000,1205,452,753,37.5,0.87,-753.8,16,1785970866093,1788557985287,29.9,542.56,0.72,0.0,0,0.0,,False,True,False
0xa4943df169343c8b9f2f190a0378103a6300dcc4,True,1382,713,348,365,48.8,1.01,334.17,39,1712253492507,1781619094944,802.8,-4961.62,14.848,0.0,0,0.0,,False,True,False
0xa4ad730641691b205f548b3010098621b8b3f2ab,True,814,332,186,146,56.0,0.67,-18271.23,9,1734277565070,1788793421108,631.0,-9796.05,0.536,19095.166149,1,-3089.06,-16.2,True,True,False
0xa4beb4fbe651b00bc16d472e2e1aa1c26b3d90aa,True,2000,570,541,29,94.9,2688.18,41310.57,22,1786391974248,1788685887494,26.5,2783.72,0.067,78551.369107,3,-110453.57,-140.6,True,True,False
0xa4e33be0b96c1ec4031f2db53dcd5660621ce3ec,True,2000,1750,1143,607,65.3,1.57,18396.67,10,1784786112277,1788732057439,45.7,-443.31,0.024,17417.298002,2,-10568.22,-60.7,True,False,False
0xa4fb709aac7099766ef6f09d2dabeb843db27b4c,True,2000,1157,381,776,32.9,0.29,-17.57,5,1779971941938,1788339783904,96.9,-0.39,0.022,0.0,0,0.0,,False,False,False
0xa50fea5981be5513382262110684880c56c0c266,True,1953,1043,794,249,76.1,6.1,143250.16,12,1780495344258,1787218768744,77.8,-6753.83,0.047,0.0,0,0.0,,False,True,False
0xa52705d8210c8a4b881f6888e771a9721ede480c,True,557,291,214,77,73.5,1.46,9014.6,2,1778400651980,1787855785604,109.4,-7304.01,0.81,0.0,0,0.0,,False,True,False
0xa54c42923253fdb7f209ad014e9632c48b79f7cf,True,2000,913,429,484,47.0,0.82,-2346.39,13,1758501135622,1787326940104,333.6,2020.8,0.861,0.0,0,0.0,,False,True,True
0xa5673f5caa62f13b6fab44ee7c08da99808cf3da,True,271,90,36,54,40.0,2.69,10565.45,1,1765213439970,1784633025888,224.8,2331.09,0.221,66004.669789,0,0.0,0.0,False,False,False
0xa57d362eb5a3c0669b149a0eb6f96b4eefb85746,True,2000,1040,606,434,58.3,1.36,91.08,1,1788583749059,1788812580043,2.6,12.93,0.142,98707.349696,1,71.35,0.1,False,True,False
0xa59ab4c283723ccd40233e96432f5e29642c894a,True,2000,887,160,727,18.0,0.02,-39473.8,1,1781151202565,1781207305574,0.6,-4297.67,0.109,0.0,0,0.0,,False,False,False
0xa5b61af6bc5a24991cf54e835bdd2c0c4f41d816,True,2000,970,346,624,35.7,5.48,2548.97,9,1759156789270,1777549043759,212.9,201.77,0.079,0.0,0,0.0,,False,True,False
0xa5d705e908dee4a5c54803ffa8cd9502fded5797,True,2000,970,455,515,46.9,1.57,19703.29,5,1787560118739,1788466481776,10.5,-4657.17,0.236,16970.206094,1,4059.9,23.9,False,True,False
0xa5f9883f469afc4bdcebe11001a2f951522c88d5,True,2000,1170,816,354,69.7,0.17,-320657.48,1,1784445253352,1787153262403,31.3,-303030.0,0.945,0.0,0,0.0,,False,True,False
0xa610fbeaef2a0f05868bb09698374cd43fcf98e8,True,1737,871,382,489,43.9,1.05,702.01,14,1786133305761,1788458982441,26.9,-1449.58,2.065,0.0,0,0.0,,False,False,False
0xa61c85a3a066c954bfb4163b9be2f919c1efe5b7,True,248,113,86,27,76.1,1.6,3175.06,1,1787803576370,1788777685759,11.3,1330.98,0.419,0.0,0,0.0,,False,False,False
0xa6348eb94646d6547481594b60809634bb651fb8,True,2000,997,321,676,32.2,0.73,-1749.02,7,1760155503625,1772206139591,139.5,266.98,0.153,0.0,0,0.0,,False,False,False
0xa64f54ebca7f6154b69c67ff395ed108bdb9237e,True,2000,1008,538,470,53.4,0.4,-18544.86,10,1781201921627,1788655618983,86.3,-11833.83,0.638,1386.831622,1,423.15,30.5,False,True,False
0xa661070247f053b6c41945ba258de1f33b53eaa5,True,1539,476,446,30,93.7,1.25,1798.95,10,1787356780161,1788806393913,16.8,-4939.96,2.746,40505.520877,1,-20692.28,-51.1,True,True,False
0xa673f12287cccef86c20388e6f37090cfb55e604,True,2000,1130,537,593,47.5,1.65,13040.94,35,1753258197077,1785589287688,374.2,1879.77,0.144,0.0,0,0.0,,False,True,False
0xa68eb8520766ca5eae81e547128d5cc3fa909a1e,True,888,91,82,9,90.1,4.85,66104.8,13,1753242424932,1787000096326,390.7,34553.4,0.523,39868.893458,4,-72470.44,-181.8,True,True,True
0xa6a20f93ecf5b4f9d5991781171ee1db769f5a20,True,2000,889,836,53,94.0,0.22,-31293.92,1,1779657384325,1785826724000,71.4,-21289.54,0.68,0.0,0,0.0,,False,True,False
0xa6bfc28bbb39c0004dc61365aebbcd18c91bfa53,True,364,160,139,21,86.9,2.82,30852.69,7,1762245352067,1787276851374,289.7,-8429.61,0.273,0.0,0,0.0,,False,True,False
0xa6cbb549335b088f3d29166d82f588a675e93a97,True,1924,912,549,363,60.2,1.92,8207.5,16,1783461261079,1788539936984,58.8,562.32,0.069,15.123155,1,-1.39,-9.2,True,True,False
0xa6eb26a810c0815c09d51a18f0a60f667897f0f6,True,452,278,154,124,55.4,0.77,-15851.12,3,1774824327179,1787869349079,151.0,12321.35,0.777,12502.818913,1,2482.33,19.9,False,True,False
0xa6fc7c465e15b4b45a4476a481ec207d2f401ffd,True,2000,827,409,418,49.5,1.76,11156.98,26,1765943654913,1788703228056,263.4,1754.62,0.157,0.0,0,0.0,,False,False,False
0xa710948745544a27ddd66a63f408ff11b869797d,True,2000,953,512,441,53.7,0.75,-3894.06,4,1779089190970,1786538080160,86.2,-1365.34,0.351,0.008436,0,0.0,0.0,False,True,False
0xa72e756c91262c7bbe417dab6d65d2be28b1dc34,True,2000,1501,641,860,42.7,0.17,-240328.38,106,1785974347441,1788798789407,32.7,-8668.45,0.036,438.04358,1,-65.3,-14.9,True,True,False
0xa741df3ba923559f61bf588494d62abef542c66f,True,2000,1133,973,160,85.9,5.56,8378.82,21,1783085389388,1787485159050,50.9,124.32,0.015,0.0,0,0.0,,False,True,False
0xa7671c480596b166ba4d2e48b564c9027dc5de90,True,1294,622,466,156,74.9,2.45,18987.07,6,1711235038073,1778774874599,781.7,7992.83,0.421,0.0,0,0.0,,False,True,False
0xa775d1bd91ee2cc4cae6113e5fd9c0c17b355277,True,2000,1149,621,528,54.0,1.07,23.32,2,1788792539291,1788814772840,0.3,18.73,0.803,10892.44183,1,-2.4,-0.0,False,True,False
0xa791ab1f3fb5ac8bcaeb3689f911b6648b9de502,True,699,331,171,160,51.7,1.62,3102.51,13,1783659461183,1788542120861,56.5,-650.08,0.21,1687.545274,1,50.51,3.0,False,True,False
0xa7bd8231281ce6a2ef840a9fce2c2557e5219473,True,2000,837,466,371,55.7,1.33,18219.54,8,1781133183112,1788804805840,88.8,5192.33,0.285,16625.190295,1,696.13,4.2,False,False,False
0xa7d7cb95cdcaab1d08eafff065a3e65f2a5bdcfa,True,1937,1025,913,112,89.1,3.56,22219.17,18,1780656144264,1788688362779,93.0,1749.07,0.079,0.0,0,0.0,,False,True,False
0xa7eeb1e7a4ac638b5126b229e0be5d9fbd91356c,True,837,396,170,226,42.9,0.59,-2844.19,10,1755556003717,1788006854563,375.6,-815.63,0.287,0.0,0,0.0,,False,False,False
0xa7fd61557cd0a61073566766839d5f851a8e92ef,True,1284,566,451,115,79.7,1.04,1040.42,102,1713602007748,1788768531978,870.0,2565.05,2.465,1035.25,0,0.0,0.0,False,True,True
0xa80fea22933eedab705f1f3bbbf9d59cc92e05bd,True,241,105,66,39,62.9,7.47,3431.65,4,1786785392807,1787521067085,8.5,1883.31,0.549,7148.751822,1,-1391.56,-19.5,True,False,False
0xa83c6a80f54aaaa1163e53834e7ff47717eb12c8,True,2000,843,151,692,17.9,0.94,-2300.2,30,1760372365207,1788313881645,323.4,6592.85,2.866,0.0,0,0.0,,False,True,False
0xa844e81dacc2b24ed2016bc530d2731cbd5d9f48,True,894,402,124,278,30.8,1.17,4348.28,26,1749379039931,1788791684009,456.2,4874.75,1.121,7690.058945,1,-214.0,-2.8,False,True,False
0xa85ee7159f6aad52cc8456e17d796ecc1f1a0a03,True,2000,1025,406,619,39.6,1.0,4.3,52,1784214423979,1788775455474,52.8,52.17,12.133,10969.037269,50,843.36,7.7,False,False,False
0xa86a5518eb32fac70579d1a8f4ea22a7aeeb1ae1,True,923,384,331,53,86.2,0.65,-7257.6,11,1736983663241,1782315120041,524.7,-2424.79,0.334,0.0,0,0.0,,False,True,False
0xa87a233e8a7d8951ff790a2e39738086cb5f71b7,True,2000,1573,518,1055,32.9,17.49,9130202.18,25,1756249386239,1787184000002,358.0,3515512.3,0.385,85632.705339,1,823078.13,961.2,False,True,True
0xa88af0799405d4041c3a259787b91253b311ea35,True,536,273,138,135,50.5,0.59,-5880.27,1,1778828440421,1788785252068,115.2,-3656.09,0.622,8364.068343,1,-135.38,-1.6,False,False,False
0xa89ba4b9a3b436097b2e8999937e94476e9cfc8a,True,1376,659,372,287,56.4,1.38,9009.59,33,1774719094619,1788705675314,161.9,6680.5,0.741,7302.272043,25,882.24,12.1,False,True,False
0xa8ad3b7407031091f27af3bfedf170edc77cf761,True,2000,1045,448,597,42.9,0.07,-351475.5,4,1777366676043,1778051005274,7.9,-111529.66,0.317,0.0,0,0.0,,False,True,False
0xa8c61ac44459438cc507a374e4d795bf02dd55ba,True,2000,667,548,119,82.2,1.93,24929.63,15,1778859982048,1788743972664,114.4,-4546.44,0.182,0.0,0,0.0,,False,True,False
0xa8e056ff25bdb63f4b6f08ec3efe5a36b899b2fc,True,479,221,71,150,32.1,1.51,201.67,15,1787526041020,1788793982789,14.7,-139.7,0.693,1090.497377,1,-30.93,-2.8,False,True,False
0xa901607d69af9264aaeda32e3d648d70227ca159,True,2000,969,697,272,71.9,0.79,-4360.79,4,1756134874994,1787898093266,367.6,-1564.88,0.359,0.0,0,0.0,,False,False,False
0xa9143e2d95bc4bfebcdd878c57c97dffe14bbadf,True,1814,787,672,115,85.4,3.05,9250.71,6,1782235691101,1788808354804,76.1,-987.08,0.107,6720.354698,2,-94.49,-1.4,False,False,False
0xa9207486f304eb4a99b27e65bf3b04a0695221ac,True,2000,1058,370,688,35.0,0.45,-26542.66,78,1764174515818,1788494256750,281.5,-4913.76,0.185,10651.682164,1,-1510.94,-14.2,True,True,False
0xa94b5e2af974818bbc63a4f4b3661cbc951c8e06,True,2000,1047,253,794,24.2,0.22,-104314.13,7,1786543418631,1788488044072,22.5,-18317.6,0.176,0.0,0,0.0,,False,True,False
0xa967dec5fdd6e27f3d587b719acb42555670554d,True,641,288,180,108,62.5,1.12,552.51,1,1780067194647,1787151920799,82.0,983.88,1.781,0.0,0,0.0,,False,False,False
0xa98143608a6846453c88f29506d64a8b85532e65,True,904,593,240,353,40.5,0.21,-322572.87,12,1773997784790,1788317442361,165.7,-15515.1,0.048,1408031.048254,5,-7034596.67,-499.6,True,False,False
0xa993ad31ef46873c0193448dbb2f04c0d3854731,True,2000,1070,280,790,26.2,2.24,2994.14,35,1787190693274,1788798521681,18.6,469.76,0.157,7002.297266,2,10.3,0.1,False,True,False
0xa9a4fbb7da516cd9902ec69f759910fd2a68df99,True,2000,631,126,505,20.0,0.29,-5789.1,15,1788498657870,1788794734351,3.4,-381.1,0.066,148419.14891,19,178927.47,120.6,False,True,False
0xa9c161abba81ced677e47f8512c95f91301a13e6,True,2000,936,385,551,41.1,1.73,41945.39,51,1759741804187,1788783643491,336.1,12562.39,0.299,29540.402415,12,2059.29,7.0,False,True,False
0xa9d1c0fe2aa58038bac208ad390f69e7ce0c29a2,True,1036,1022,0,1022,0.0,0.0,-244657.58,2,1787369446844,1788129059004,8.8,-20559.0,0.084,0.0,0,0.0,,False,False,False
0xa9f4c26b4fc810cf8a3060e2d21442649e3f4c50,True,2000,939,264,675,28.1,0.93,-595.2,3,1751032039611,1788774804234,436.8,387.8,0.652,0.0,0,0.0,,False,False,False
0xaa1f04251dc4c654e44ed82e55571ec3c997acb5,True,2000,749,429,320,57.3,0.78,-5385.62,8,1783350557328,1786116973204,32.0,-1438.96,0.267,0.0,0,0.0,,False,True,False
0xaa2f7251fde83c28fe88d94c4ea0595ded9c6a8a,True,2000,992,411,581,41.4,1.18,492.67,52,1785578655498,1788795663550,37.2,147.57,0.3,32507.168778,50,2508.42,7.7,False,False,False
0xaa48008a08978f7da6923e19369ed281d72f87f6,True,824,371,159,212,42.9,1.08,1237.11,18,1767969701594,1788014955519,232.0,1843.18,1.49,0.0,0,0.0,,False,True,False
0xaa562b082ccebf1caa2a8e012b316cfc59630aac,True,632,329,66,263,20.1,0.85,-674.52,23,1734707053406,1787861377545,615.2,555.19,0.823,0.0,0,0.0,,False,False,False
0xaa697417c812eb9d2a7bc77cbf647cc045d692c7,True,2000,576,576,0,100.0,inf,54933.27,1,1788586886104,1788795191342,2.4,8713.95,0.159,217631.046673,1,-12111.21,-5.6,True,False,False
0xaa8253fb249498d0b6c31106539aaea0c76b9556,True,2000,1246,1159,87,93.0,25.57,893347.09,5,1785983063722,1788793569282,32.5,89947.57,0.101,160369.252357,1,64194.59,40.0,False,True,False
0xaa8be3e5934e9582ea99c3e56dd36ddb1eb019f2,True,787,283,127,156,44.9,3.57,17629.2,19,1742386790929,1787937773268,527.2,2952.22,0.167,15126.883518,0,0.0,0.0,False,True,False
0xaaa01bd46dda29d47dcc623750ec9b4bb2abf5ec,True,2000,1135,373,762,32.9,1.61,28732.83,8,1771781239328,1781547709634,113.0,4630.0,0.161,0.0,0,0.0,,False,True,False
0xaab21a4ddacf7fcf7a8b18c6a65a76252adb87c9,True,619,332,283,49,85.2,1.45,9120.1,10,1779798443549,1787302618485,86.9,-5134.91,0.563,0.0,0,0.0,,False,True,False
0xaad6624f5494066c96d1d0707106f1ad58fc1b63,True,2000,685,200,485,29.2,0.51,-4505.18,14,1769971058125,1788517184761,214.7,-789.5,0.175,0.0,0,0.0,,False,True,False
0xaaf204b9b811fd89895b85b42daeed378de1bf10,True,2000,711,219,492,30.8,1.11,1203.47,18,1747058966749,1774538059915,318.0,-1473.62,1.224,0.0,0,0.0,,False,True,False
0xab04d040dec929a204298d44701476968b238b69,True,2000,867,260,607,30.0,1.17,12347.83,5,1788194758432,1788791725368,6.9,6327.45,0.512,200434.603147,2,-2863.87,-1.4,False,False,False
0xab12f690378c1abe54269e8dfdeadd8a04b48b2a,True,2000,1025,478,547,46.6,1.07,40.93,1,1778149571256,1788809449897,123.4,57.72,1.41,90.382064,1,0.8,0.9,False,False,False
0xab35235955acb89131d4a5015cdeecb0d24017da,True,537,268,113,155,42.2,4.14,16271.39,25,1702456356338,1788456533264,995.4,3616.09,0.222,1544.811841,2,-76.02,-4.9,False,True,True
0xab4b5d6a144b9fd2b27b7742ddd20cbfae2c81fe,True,266,136,117,19,86.0,2.32,4742.09,3,1782538112104,1788794305502,72.4,1150.0,0.243,0.0,0,0.0,,False,True,False
0xab5e6f394951c28ab1873007e373202689cdbec3,True,2000,1943,894,1049,46.0,1.55,3375.32,5,1788435951369,1788812257491,4.4,925.91,0.274,4094093.620031,0,0.0,0.0,False,True,False
0xab75c20d380eda8555bd942d3802e9528e3fc94d,True,1085,646,542,104,83.9,2.13,6509.3,4,1770917008359,1788191589307,199.9,-2261.0,0.347,2188.324075,0,0.0,0.0,False,False,False
0xab87f89d2874c38f2665c7c930d5491d45730159,True,285,166,0,166,0.0,0.0,-6553.71,3,1782487946948,1782568199091,0.9,-802.81,0.122,0.0,0,0.0,,False,False,False
0xabca0befec85f88690e48b74f4b8f6faeccd0faa,True,2000,975,641,334,65.7,1.31,4004.73,40,1779364341698,1788511180306,105.9,-798.84,0.199,10439.58793,6,-33535.06,-321.2,True,True,False
0xabe48f78c478973b835fd1c6b9da3b6b6896e1bf,True,880,496,381,115,76.8,2.6,19637.24,39,1721359161945,1788766182457,780.2,1961.49,0.1,1847.802199,4,451.93,24.5,False,True,True
0xabf713600c497b995e2297086d09e8af9601eb32,True,391,228,94,134,41.2,1.59,3974.46,10,1773638906644,1788447078868,171.4,-3094.3,0.779,536.866762,0,0.0,0.0,False,True,False
0xac12cc33dc77cd83a3ece484ba0a8d817a44ce4d,True,2000,770,188,582,24.4,1.79,8162.76,8,1787455253655,1788798670724,15.5,1890.61,0.232,13800.272974,1,1581.47,11.5,False,False,False
0xac1d26f4ca1b08e81cb59aa20a4aaad14eb9e01d,True,2000,767,319,448,41.6,0.39,-8001.35,8,1787583152457,1788808326282,14.2,-999.91,0.125,12744.242761,2,3220.85,25.3,False,False,False
0xac352ba3fd4a87901c860740925f4a9b19cc1853,True,2000,944,649,295,68.8,2.22,46764.66,63,1738506789200,1788446939885,578.0,8957.3,0.192,36076.512161,0,0.0,0.0,False,True,False
0xac50f083744e8d47960a4f9320e18be0176d051b,True,491,275,217,58,78.9,29.65,7233.89,1,1773670006989,1778550610996,56.5,1642.32,0.227,0.0,0,0.0,,False,False,False
0xac668bd3e89552eb452192e4ff6b2f77c7e0c2f5,True,468,145,79,66,54.5,2.09,3100.53,9,1733453267586,1788575526241,638.0,899.57,0.29,0.0,0,0.0,,False,True,False
0xac7b7073f5f32aefe490d8d425fc8381c3609f2b,True,2000,974,444,530,45.6,1.69,20043.62,9,1780265086667,1786106851066,67.6,5099.21,0.254,0.0,0,0.0,,False,False,False
0xac8971a637c64c9f2803c4ee71de173f26b40c66,True,2000,1380,1119,261,81.1,1.61,372.31,23,1787350042105,1788749797615,16.2,86.31,0.232,0.0,0,0.0,,False,True,False
0xac988f999305049f83667bd4af73d63a0d795b70,True,2000,993,388,605,39.1,1.01,64.31,6,1777805385271,1780236849240,28.1,434.0,6.748,0.0,0,0.0,,False,False,False
0xacad2bb6df482d1a34c9aa8047bcf280a5eaf783,True,967,393,262,131,66.7,2.68,14736.96,17,1777976336644,1788796312481,125.2,1217.72,0.083,0.0,0,0.0,,False,True,False
0xacbf9fbc58d61bdafd70fd44213fdfe01311f2ab,True,2000,965,484,481,50.2,4.82,133417.86,3,1787291452363,1788744076707,16.8,17548.36,0.132,0.0,0,0.0,,False,False,False
0xace9dfa9f04bd70ff6a6962d28dc3e223573d9d9,True,2000,782,750,32,95.9,53.04,69786.6,7,1774016120484,1788814341835,171.3,4743.12,0.068,21507.89688,0,0.0,0.0,False,True,False
0xacfa853566d3d5039c9aa209ba264f8c71a56a3c,True,716,305,176,129,57.7,3.4,71136.21,9,1768838657882,1787155304846,212.0,35365.33,0.497,33608.148252,1,27935.8,83.1,False,True,False
0xad09b906938de88f3e0edc414b1850123d0e9443,True,2000,1011,719,292,71.1,2.49,21876.36,18,1781547779311,1788531748831,80.8,-815.46,0.037,0.0,0,0.0,,False,True,False
0xad1c44ff88c2510292ccc2640099f48ab8cdc817,True,994,459,303,156,66.0,0.27,-80981.82,7,1778773152432,1787641420968,102.6,-18568.82,0.229,0.0,0,0.0,,False,True,False
0xad3749b9d3c287ead3c3a85855900df7b395d615,True,2000,1105,887,218,80.3,0.23,-23707.08,5,1783565355574,1788459307677,56.6,-2002.26,0.084,0.0,0,0.0,,False,True,False
0xad4fc3d8c8fb60d61509cf0b5037b2c29d50b8e8,True,557,264,152,112,57.6,1.42,391.47,25,1783132384131,1786636771362,40.6,-142.34,0.364,0.001847,0,0.0,0.0,False,False,False
0xad5d51a2c7530e89d8a375354e568a008eac1243,True,2000,785,684,101,87.1,0.59,-5207.4,14,1781620066542,1786817165212,60.2,-2831.03,0.544,0.0,0,0.0,,False,True,False
0xad723827220c98576e7b9e8cb91169119dc8e6a6,True,776,418,128,290,30.6,0.17,-11830.6,3,1782423728579,1783082959003,7.6,-1329.46,0.112,0.0,0,0.0,,False,False,False
0xad8d22ea412a460f916de710ac63b47a677c66c3,True,381,207,36,171,17.4,0.05,-48.16,2,1775149761008,1780474568947,61.6,-3.2,0.066,135495.674556,1,-858412.81,-633.5,True,False,False
0xad9f82d6102072e5c56ae8f50122352a76df6b1a,True,2000,1126,675,451,59.9,0.69,-11832.31,3,1776550345622,1788539350346,138.8,-10338.64,0.874,3631.426178,1,-1149.46,-31.7,True,True,False
0xadc503481f0984a518518b77f7c41cf8eb86d65a,True,2000,943,278,665,29.5,0.54,-14009.22,12,1785619337901,1788748803173,36.2,-1878.19,0.134,23252.98609,4,37702.72,162.1,False,False,False
0xadcf1c25c9417072708271e8ece7c3675e2b2be8,True,2000,812,159,653,19.6,0.71,-1254.92,24,1787878682227,1788809966993,10.8,-392.84,0.313,8786.874217,6,-52.49,-0.6,False,False,False
0xade790fb95e29fa35c70248211cc162a01753089,True,2000,895,592,303,66.1,1.34,5369.94,45,1753967103751,1788734403053,402.4,-2090.06,0.389,0.0,0,0.0,,False,True,False
0xadf9ec926a2159740cfa046f319ffeb71e731c4c,True,2000,1006,323,683,32.1,0.67,-2712.52,9,1787549137462,1788339166115,9.1,-456.48,0.168,0.0,0,0.0,,False,True,False
0xae026a8ab8a0a337faa27cb1a52b865d934f4016,True,334,170,58,112,34.1,0.59,-2092.62,3,1763834017216,1776424188869,145.7,1357.04,0.648,0.0,0,0.0,,False,True,False
0xae1dafab04ffceb9def31b4330f00e4e09fd1059,True,2000,914,209,705,22.9,0.18,-75297.37,8,1783344417926,1784320721982,11.3,-10753.05,0.143,0.0,0,0.0,,False,True,False
0xae2f170d1fc65418d0aff2ca880ce81033fb4674,True,1042,501,238,263,47.5,0.59,-29651.11,3,1775859662446,1788768925290,149.4,-6449.77,0.218,32454.910548,2,1011.96,3.1,False,False,False
0xae416de4e17c0f7d7f1b093ddb854def82a07924,True,727,417,246,171,59.0,1.16,2976.92,16,1784833252889,1788670146129,44.4,-5285.43,1.775,0.0,0,0.0,,False,True,False
0xae6b10bd40d92c00a0a7582d055d687f1ce47edf,True,1653,897,564,333,62.9,1.0,-149.38,21,1707097028327,1780655035116,851.4,2662.5,17.823,0.0,0,0.0,,False,True,False
0xae78adaba70f18c15418001263504af373884520,True,2000,1461,72,1389,4.9,0.04,-261626.07,16,1787377286059,1788620508080,14.4,-19820.42,0.076,103030.738084,1,1254.58,1.2,False,False,False
0xae947a3ff109491bef473180f01c370de7200a78,True,197,82,31,51,37.8,0.02,-11309.31,3,1773983501280,1775578832141,18.5,-3755.97,0.332,0.0,0,0.0,,False,False,False
0xaea170fbb4640f98b157a6bd79f975c6bb485151,True,186,105,86,19,81.9,0.43,-543.37,2,1784072251654,1786014393935,22.5,-161.52,0.297,0.0,0,0.0,,False,False,False
0xaebcc707edac413af8782c5bb1a29a6b2d904719,True,2000,866,401,465,46.3,1.19,6202.57,47,1785438338229,1788753727687,38.4,3284.64,0.53,9886.74891,4,8165.93,82.6,False,True,False
0xaec78b07500b27299f1532a809eddc13d9e19669,True,2000,936,212,724,22.6,0.39,-71039.69,7,1778852478283,1788526384814,112.0,8024.55,0.113,36668.368153,3,20703.74,56.5,False,True,False
0xaed1129fddcf53876c254bd553f0f76915e65237,True,1158,614,340,274,55.4,0.77,-5021.29,8,1785960574759,1788733425493,32.1,-1290.44,0.257,0.0,0,0.0,,False,True,False
0xaef683a94e57b290cb6c7af235b0fe017e80c238,True,2000,1043,568,475,54.5,0.96,-731.57,22,1781373550114,1788419844801,81.6,-1363.7,1.864,0.0,0,0.0,,False,True,False
0xaf0fdd39e5d92499b0ed9f68693da99c0ec1e92e,True,2000,796,540,256,67.8,2.78,43102.57,8,1787838901210,1788796563930,11.1,11695.31,0.271,1108567.837901,5,-500826.55,-45.2,True,True,False
0xaf2825f73a90cf08baf2577818826b79e3faca9b,True,2000,1086,563,523,51.8,1.09,191.6,2,1787941930920,1788808277289,10.0,-30.74,0.16,1906.776114,1,-2.71,-0.1,False,True,False
0xaf3698723311a631afef0351e198644418cc951c,True,2000,992,234,758,23.6,0.09,-6191.44,1,1785352122400,1785564475372,2.5,-811.55,0.131,0.0,0,0.0,,False,True,False
0xaf468f9468315721eb8bdf47273859446c6e8e13,True,474,186,112,74,60.2,1.7,1982.27,2,1779648343836,1780846911413,13.9,960.65,0.485,0.0,0,0.0,,False,True,False
0xaf5b16f740bed90af42df6c28e5cd79458c102f1,True,2000,1302,752,550,57.8,0.24,-42868.04,10,1764620439602,1787769122247,267.9,-8313.66,0.194,24283.576543,1,10642.5,43.8,False,True,False
0xaf6f7a06f7bfb3bdf7bcd2c751564f4990d1efc7,True,2000,1056,571,485,54.1,1.79,38336.0,33,1777986197717,1788720831385,124.2,2797.36,0.073,39913.312257,4,16871.46,42.3,False,False,False
0xaf8315cb34841fab2ee94c229e45dae7901cc217,True,2000,1260,754,506,59.8,1.07,5768.54,7,1765166463491,1775612153297,120.9,8647.4,1.499,1.002935,0,0.0,0.0,False,True,False
0xaf99fe4c010776b545f5e547c94ef7033743e3fc,True,2000,1080,550,530,50.9,0.52,-26616.11,13,1782307353596,1783397789923,12.6,-3555.5,0.134,0.0,0,0.0,,False,True,False
0xafaa3deb560168ef63962d4d7ec169a989e9d95a,True,2000,924,466,458,50.4,1.18,13766.02,33,1779975861771,1787749185086,90.0,13156.76,0.956,0.0,0,0.0,,False,False,False
0xafc356cb054984096788ee560c6087cc7941d52f,True,2000,955,767,188,80.3,0.88,-278.5,79,1784963198318,1788795986400,44.4,-220.49,0.792,1784.148686,4,-0.68,-0.0,False,True,False
0xafd4bd6ba680aa2a95bade37c6215117396a1eee,True,2000,790,447,343,56.6,0.94,-1571.55,17,1753650549799,1785218448862,365.4,1682.81,1.071,0.0,0,0.0,,False,True,False
0xafef981c11818736bb27a67716ea84d9cf047ab9,True,2000,935,425,510,45.5,1.09,978.14,11,1786680109532,1788789733741,24.4,-2787.07,2.849,1044.863998,4,-264.95,-25.4,True,True,False
0xb004f7270e8f7df5d151a804c4dc3bf2eab6edb8,True,2000,1058,350,708,33.1,0.65,-5808.4,60,1779941360073,1787579162120,88.4,1624.75,0.28,0.0,0,0.0,,False,True,False
0xb021e2a1a628ed496a5339b5e7adb506797302f8,True,2000,868,375,493,43.2,1.1,5214.94,12,1786119232502,1787348000955,14.2,5150.0,0.988,0.0,0,0.0,,False,True,False
0xb04031d5adc4ef6bf66d9206f0b301770ea5a19a,True,2000,821,378,443,46.0,0.62,-7080.84,17,1780406771140,1787296219051,79.7,-1662.33,0.235,0.0,0,0.0,,False,True,False
0xb05cefd345d15acbae7d9d4af51e6356114c7643,True,2000,1058,512,546,48.4,1.12,9322.51,20,1781290755316,1788766795779,86.5,9523.68,1.022,0.0,0,0.0,,False,False,False
0xb06ccd1a9c1da3cdfe47346effe67bfd26568fce,True,1331,583,299,284,51.3,1.22,5007.59,48,1757504736602,1788797548704,362.2,2051.19,0.41,4087.495407,2,-950.87,-23.3,True,True,False
0xb07c6cb7049c921f172adb388379487f2cb1ddd7,True,1779,954,458,496,48.0,0.89,-1622.69,10,1775417189962,1781162765537,66.5,843.01,0.52,0.0,0,0.0,,False,True,False
0xb093c7b432a024ce7eee2f13cf596d9f9b723fa0,True,87,22,16,6,72.7,8.83,15955.43,4,1758232259552,1788442835357,349.7,2637.19,0.165,0.0,0,0.0,,False,False,False
0xb0ab6a044cf2d05e040def84e4a86be8bb69489f,True,882,403,261,142,64.8,1.26,3406.78,51,1739828871740,1787312257579,549.6,1990.74,0.584,0.0,0,0.0,,False,True,True
0xb0be7b7ef971511ce3d5500c7131ee9d9f460b1a,True,1050,511,257,254,50.3,0.92,-971.21,11,1771427438725,1787255756197,183.2,-1652.29,1.701,0.001563,0,0.0,0.0,False,True,False
0xb0e27a39a804f06a46b471039ea0a45adf796cfc,True,2000,827,457,370,55.3,0.72,-44275.31,21,1764895868097,1788698351745,275.5,-6734.9,0.152,30835.481789,10,67233.62,218.0,False,True,False
0xb0fbfefc6c325964d0ffc3f909bdda80b8421326,True,726,634,281,353,44.3,1.96,383889.53,45,1736259025113,1788739200041,607.4,141347.0,0.368,582392.7134,14,-568019.95,-97.5,True,True,True
0xb10bf7cdc226fb47d405f158f4a123a78f66ef1a,True,781,369,231,138,62.6,0.91,-708.66,20,1773878457914,1788792037000,172.6,-1112.85,1.57,0.0,0,0.0,,False,True,False
0xb11fe7f2e97bd02b2da909b32f4a5e7fcb0df099,True,2000,1002,823,179,82.1,1.67,14697.81,17,1785262837951,1788719517868,40.0,-2818.09,0.192,139278.176097,3,-83543.79,-60.0,True,True,False
0xb13c6baad8b97f0ac2e288775aa2a9bbca7e1ff2,True,2000,976,551,425,56.5,1.4,3542.45,25,1772498950138,1784671219101,140.9,2293.82,0.648,0.0,0,0.0,,False,True,False
0xb157804948962327438492c553cca8f9960adc41,True,250,126,109,17,86.5,2.79,5176.28,11,1760110472131,1780358400016,234.4,-824.12,0.159,0.0,0,0.0,,False,False,False
0xb1716ae57daa1289f92a5aa99870f22aa0d49f7c,True,2000,1229,577,652,46.9,0.6,-2903.5,16,1782138010948,1788379479891,72.2,1490.24,0.513,0.0,0,0.0,,False,True,False
0xb18703c59e1beb5d679c49ff5087bf67c2170a9a,True,2000,996,484,512,48.6,0.32,-99278.55,8,1780601239223,1781620448775,11.8,-9387.08,0.095,0.0,0,0.0,,False,False,False
0xb19e03768f72cb1b47fcd68f7fb99460b1e789b9,True,2000,1167,614,553,52.6,3.53,125197.91,9,1787512471288,1788471839467,11.1,7843.62,0.063,0.0,0,0.0,,False,True,False
0xb1c23acf20a7a8cdb48e41d72befeb643af174c3,True,1137,502,351,151,69.9,1.83,3352.68,2,1780743403300,1780867672514,1.4,-335.51,0.1,0.0,0,0.0,,False,False,False
0xb1decfd7f09402c37f91c4abd13910847b17f2ee,True,2000,838,367,471,43.8,2.29,18861.53,21,1763725705085,1788792305494,290.1,2811.15,0.149,5761.362776,4,1514.85,26.3,False,True,False
0xb1ea137ea1012732b7ca918864f378b09e131fc0,True,1040,578,252,326,43.6,0.59,-2870.66,7,1766167403314,1782676004864,191.1,492.87,0.172,0.0,0,0.0,,False,False,False
0xb1fd2e4f97091b648cbd3cc0b73bde55ea4a4051,True,2000,869,300,569,34.5,0.55,-5329.13,34,1782949812950,1788286179601,61.8,-1156.52,0.217,0.0,0,0.0,,False,True,False
0xb215c5a6fa4335147185ba2f03ea79c5a4eec70c,True,2000,1162,801,361,68.9,1.8,70183.57,4,1785850068479,1787303187977,16.8,7613.17,0.108,0.0,0,0.0,,False,True,False
0xb22f35d02916923a788013c99a1e2d29fe5b7e24,True,830,360,123,237,34.2,3.23,15891.88,10,1771868413857,1775761493684,45.1,4521.4,0.285,0.0,0,0.0,,False,False,False
0xb245ed242d9f9a86e75cdb30892d9d922cd568ba,True,2000,797,364,433,45.7,0.35,-255690.94,2,1778166967253,1787403789455,106.9,-36701.45,0.144,0.0,0,0.0,,False,False,False
0xb2509dc063ad6aa7f12e433ebfa193972d7b6bd1,True,2000,1088,313,775,28.8,0.17,-24978.13,7,1779615504838,1783471063675,44.6,-1418.4,0.057,0.0,0,0.0,,False,False,False
0xb2608b2164642729173427d50855bdb988545276,True,513,267,192,75,71.9,3.98,21787.84,14,1779021653623,1788529248148,110.0,3181.33,0.146,6406.389572,3,480.73,7.5,False,True,False
0xb2761bd82613b5bab1b2925b82b94cc8f3e17581,True,2000,994,561,433,56.4,2.36,10320.6,4,1788268959188,1788810762109,6.3,727.67,0.071,0.0,0,0.0,,False,False,False
0xb27d841ed4cb345a2030bcf6d0c1082d43c61391,True,295,106,64,42,60.4,0.57,-4092.81,8,1762342925586,1788550244460,303.3,-3710.6,0.907,404.783269,1,2.79,0.7,False,True,False
0xb294964ceb670a21d34693da52a39c9837dd651f,True,2000,856,464,392,54.2,1.02,4046.44,5,1771949902850,1787529600082,180.3,21492.4,5.311,0.0,0,0.0,,False,False,False
0xb2aa9c75f970d36896eb9493b9027f4ce89adeb5,True,704,368,292,76,79.3,1.28,5963.27,6,1754476867104,1780076190675,296.3,-6037.62,1.012,0.0,0,0.0,,False,False,False
0xb2be5cb4e3bc5992531cd7e09ec59a4aadd71cf1,True,2000,915,598,317,65.4,1.46,2684.3,5,1788569846981,1788815671487,2.8,-329.29,0.123,13985.44,1,-80.65,-0.6,False,False,False
0xb2d64842651bb8f987b84bbcc1087d7f1b4e0c57,True,2000,920,313,607,34.0,1.58,7990.48,20,1783751224289,1788812814561,58.6,2363.04,0.296,0.0,0,0.0,,False,False,False
0xb2f087d19c66e8ff0846507928976f5cf2d3e817,True,2000,1025,400,625,39.0,0.7,-5963.91,17,1779864692004,1788810546113,103.5,-1824.33,0.306,408.601717,1,58.31,14.3,False,False,False
0xb3055f6036c3c26cdd80cc1db22bb0fa28fcdf49,True,121,56,44,12,78.6,0.1,-11700.78,2,1779537502937,1782873973430,38.6,-3627.41,0.31,11874.968386,1,17346.48,146.1,False,False,False
0xb3162a3c788399d9ec236c67a5af083dd78c8022,True,2000,973,861,112,88.5,14.21,2248.4,15,1788091042353,1788813369079,8.4,39.06,0.017,3697.45829,19,-1266.91,-34.3,True,False,False
0xb34519875ef21a74a3a5025b40b96288d1717f20,True,2000,947,299,648,31.6,2.03,146205.24,6,1784070655008,1788748809005,54.1,60814.02,0.416,85299.0,1,75617.76,88.7,False,False,False
0xb35add6ed8de7ab9dd3e35544fa2e4d5634da765,True,2000,1164,445,719,38.2,0.08,-259161.02,20,1738625080239,1782323598814,505.8,-21229.67,0.082,0.0,0,0.0,,False,False,False
0xb36ff2c5199fe97fd2db362b5a12635667260b02,True,2000,1003,321,682,32.0,0.79,-14158.47,89,1708766529140,1787891478860,915.8,-7736.48,0.546,0.0,0,0.0,,False,True,False
0xb38498bb35531f0c49e41f5c3905fa628214401a,True,2000,844,523,321,62.0,3.06,25071.3,13,1735222763815,1788795844841,620.1,2711.81,0.108,7915.349399,1,26.25,0.3,False,True,False
0xb39df6c5f0ef3a6e97f9ea5585f756f210fb0b99,True,2000,926,588,338,63.5,0.95,-3414.21,14,1785940464235,1788793809396,33.0,4864.82,1.425,30762.519479,3,-1579.21,-5.1,True,True,False
0xb3b9c6224a77406fcf210bd64f2b731425491b05,True,442,183,104,79,56.8,1.9,269.73,6,1783417760750,1787305632706,45.0,128.25,0.475,0.0,0,0.0,,False,False,False
0xb3e044f02b5b3fe908bd3b07a35342b60957c581,True,1731,731,639,92,87.4,1.43,24326.82,33,1748291974897,1788210477314,462.0,-15737.15,0.647,0.0,0,0.0,,False,True,True
0xb3f94548ac0d9d40fcd2d7c2892db65031bf7bc7,True,2000,963,530,433,55.0,1.2,2820.41,82,1753017140015,1786485120384,387.4,-786.4,0.279,0.0,0,0.0,,False,True,False
0xb40f6f5be07af6fb63d182661daa8f933b761ab4,True,1465,581,249,332,42.9,1.52,16265.8,2,1781539912737,1788525917475,80.9,5296.39,0.326,0.0,0,0.0,,False,True,False
0xb41a5edf92bbe2886928a1fced120ee4420e14bc,True,2000,662,524,138,79.2,5.65,2725.74,8,1777179749817,1788788002068,134.4,513.61,0.188,358.66578,1,-144.34,-40.2,True,True,False
0xb448fb4cc3d3585d7135e61c336e6fc5825933c7,True,2000,790,428,362,54.2,1.07,5612.94,27,1780828505912,1788775173658,92.0,7475.4,1.332,851.760799,1,-33.5,-3.9,False,True,True
0xb46d0e74676886d00522692bd1d9eb5a56207659,True,309,126,80,46,63.5,0.6,-19904.5,6,1734817243872,1785896461228,591.2,-9502.78,0.477,13720.2786,1,7603.35,55.4,False,False,False
0xb48822c32f944815a4c1993a01a95ba27322d0a4,True,2000,1030,323,707,31.4,0.28,-26067.69,6,1783937704589,1784314845702,4.4,-1157.93,0.044,0.0,0,0.0,,False,False,False
0xb4a3349619ff3da514b42bd7a124947aaf2b9210,True,2000,1202,632,570,52.6,1.05,2092.49,8,1786535671008,1788766813207,25.8,3272.4,1.564,53798.785672,2,5603.83,10.4,False,True,False
0xb4bfb5f79bf6109ef70edb4c8c1b7c809155629b,True,2000,1364,944,420,69.2,1.57,43155.89,17,1787183025350,1788693130699,17.5,-11590.45,0.269,133040.233222,4,32419.7,24.4,False,True,False
0xb4d39d60e909b887813a3f27b37ca54e53cd00f7,True,1013,502,150,352,29.9,1.27,3740.02,2,1764741479828,1788515964125,275.2,4429.54,1.184,0.0,0,0.0,,False,True,False
0xb4e85fdf97f32220f9a751e50ae0a7733d71d892,True,2000,1094,750,344,68.6,0.93,-862.58,20,1779618406536,1788518773422,103.0,2122.46,2.461,0.0,0,0.0,,False,False,False
0xb4fcde4c66f8eaa4c1bc52cc8762f21a0e93fb6d,True,2000,819,449,370,54.8,0.33,-37988.28,27,1767276336506,1788759206868,248.6,-24559.65,0.647,31044.148317,3,-393.8,-1.3,False,False,False
0xb510b40048d5118370bc0cae4b4523c6c9272806,True,580,310,214,96,69.0,21.96,81652.75,31,1732450438386,1787490781242,637.0,10623.0,0.13,0.0,0,0.0,,False,True,False
0xb52e85d8962b874088e4ff146b1e8e46d7422a35,True,1052,558,385,173,69.0,2.75,1081.05,25,1728318837103,1782909258204,631.8,1232.37,1.14,0.0,0,0.0,,False,True,False
0xb54ae9f27ed08494005a47bb63c7dae707e6d6be,True,2000,981,368,613,37.5,0.79,-3213.51,7,1783432957492,1783620919219,2.2,1888.06,0.588,0.0,0,0.0,,False,True,False
0xb56259099bb3b8d9bfc1a596eccd785514e203fe,True,2000,1017,436,581,42.9,1.17,487.51,51,1785745089963,1788776207294,35.1,138.73,0.285,42260.366184,50,2624.22,6.2,False,True,False
0xb57de4185aa06752faeafc27f927fc2feb6f43e0,True,1190,263,104,159,39.5,1.35,4126.73,4,1772432822830,1788430229864,185.2,4390.13,1.064,36357.969563,1,693.55,1.9,False,False,False
0xb59f201ad5926e20243e45ebbbb4a287caaa6469,True,2000,917,391,526,42.6,0.79,-2651.26,1,1780258408681,1787525076473,84.1,1261.32,0.476,0.0,0,0.0,,False,False,False
0xb5b3f3caf9d778b1293e5cd29f32e84b04c67a08,True,2000,1107,736,371,66.5,15.05,4048909.75,8,1787151433735,1788796778764,19.0,1196048.31,0.295,2298481.510625,3,3305971.26,143.8,False,False,False
0xb5c4061b6f666fc366dc1e2e5f7f7773c5664ee9,True,2000,908,493,415,54.3,1.05,37.12,13,1787616961758,1788775213383,13.4,118.56,3.194,0.001235,0,0.0,0.0,False,False,False
0xb5dd77f804e324b3b9ea24ef0f67c0a7b6498a9d,True,2000,848,298,550,35.1,0.97,-877.26,11,1780509312175,1788799511793,96.0,4381.83,4.995,0.0,0,0.0,,False,True,False
0xb5fb85e8f3a4e58fd301ddfe8a84d5ef38c33aa9,True,2000,1174,821,353,69.9,9.26,10643.31,10,1788468860649,1788798434776,3.8,487.45,0.046,0.0,0,0.0,,False,True,False
0xb6161198798dc08e3ba5bc2756820848fc51173b,True,2000,577,577,0,100.0,inf,20604.21,3,1788696310099,1788768751156,0.8,2883.92,0.14,0.0,0,0.0,,False,False,False
0xb636b1b78b0137d10e2a4dc953830816b3916a6d,True,2000,1302,632,670,48.5,0.62,-38620.99,2,1776639424115,1782667575474,69.8,-6681.96,0.173,0.0,0,0.0,,False,True,False
0xb647d96a1ab8305c194d05af9b15984366953ce8,True,2000,1160,842,318,72.6,3.4,83309.93,16,1785350679656,1788447485151,35.8,-4000.0,0.048,2220.747009,1,-6248.0,-281.3,True,True,False
0xb65dd7c56afbf3b272ab5fc49be44b47dca18003,True,2000,965,952,13,98.7,22.28,2908.68,11,1783352498603,1788805686596,63.1,-70.03,0.024,156679.998612,4,-19.0,-0.0,False,True,False
0xb66be8cd74f16ca257120ddca3380f04960284d4,True,2000,1046,492,554,47.0,5.67,86361.74,6,1787645085553,1788789892317,13.3,28076.49,0.325,0.0,0,0.0,,False,False,False
0xb6809c4525f0bfa0cabdb588176c6b8d64288368,True,2000,889,780,109,87.7,1.81,7636.28,3,1785162301588,1788766415422,41.7,-1313.34,0.172,0.0,0,0.0,,False,True,False
0xb695651daa495f59dd2725c6fe98322d8b51a92d,True,2000,65,65,0,100.0,inf,107.47,3,1788800929500,1788815952057,0.2,14.22,0.132,18715740.457614,5,-147886.06,-0.8,False,False,False
0xb6a58ddad4f3209095d0539c4de2ce607f9419b9,True,2000,1183,611,572,51.6,1.99,16209.96,8,1786553059550,1788365554183,21.0,3986.84,0.246,0.0,0,0.0,,False,False,False
0xb6c0e4296ffcf7ffb1ba4245f8b0b16c54724a96,True,2000,996,574,422,57.6,0.69,-24694.69,5,1781256746236,1788337953472,82.0,-17185.65,0.696,0.0,0,0.0,,False,True,False
0xb6db32fab392ed3df7e59493853c33f4dd4b52d6,True,2000,965,705,260,73.1,1.06,788.09,2,1783978291550,1788812990378,56.0,-2127.69,2.7,423.61596,1,-4.5,-1.1,False,True,False
0xb6f909021c659738c415127cd3fd54783726906c,True,2000,959,332,627,34.6,0.88,-740.94,40,1776877054383,1788347461259,132.8,616.34,0.832,6519.114409,8,-2373.95,-36.4,True,True,False
0xb70c6d3e997e6cdc94a5598f458c7cb7e915fd4d,True,2000,1119,445,674,39.8,1.06,5664.04,39,1739385694858,1788302836028,566.2,18801.74,3.319,4933.673744,8,5622.36,114.0,False,True,False
0xb72d67dc5cd5c89dffbe45d2771933255f412687,True,733,449,409,40,91.1,0.66,-20216.82,8,1782805587838,1787633422888,55.9,-30883.43,1.528,869.152148,1,143.81,16.5,False,True,False
0xb747ec449b7b722b5e47b852fe97bfd68913c809,True,2000,1032,841,191,81.5,2.03,9180.14,4,1787169824949,1788539324113,15.9,809.14,0.088,0.0,0,0.0,,False,False,False
0xb75925fcc27fc08fce502da6f0b2d5c3e1b3a4ba,True,2000,1020,614,406,60.2,0.88,-6554.64,9,1764732072682,1787356800028,261.9,2275.28,0.347,0.0,0,0.0,,False,True,False
0xb76aa9f50ad74e91da3f3bd4dfd084ce0d3144f6,True,2000,1171,365,806,31.2,2.38,132500.69,5,1775935520238,1776802650600,10.0,19698.48,0.149,0.0,0,0.0,,False,False,False
0xb7884a472caeb66fc65d1a77113de9809d5dca0f,True,896,331,203,128,61.3,1.09,1327.46,10,1780514562828,1787170023502,77.0,-1569.86,1.183,0.0,0,0.0,,False,True,False
0xb79bb6cca7bdada005f5f6715f781656c464898d,True,2000,997,594,403,59.6,11.05,294626.2,17,1777684017483,1785180062168,86.8,12263.99,0.042,0.0,0,0.0,,False,True,False
0xb7c1eddef1ad6f163908ebf454f239d287a11c8d,True,658,252,103,149,40.9,0.67,-1100.58,34,1771384904059,1773932081840,29.5,-283.3,0.257,0.0,0,0.0,,False,False,False
0xb7cce7c25168b24dc22873dfb48e8600a47efdbe,True,1455,774,611,163,78.9,1.94,36488.4,6,1780576466751,1788479815232,91.5,10542.06,0.289,8717.733162,1,-1121.96,-12.9,True,False,False
0xb7e384b151a270982c6cf43589848031d2f08fe2,True,292,132,85,47,64.4,1.43,109.8,21,1781784909577,1782973231957,13.8,-39.57,0.36,0.0,0,0.0,,False,False,False
0xb7fa950b539834c6d09af781660db00da01f3703,True,261,73,19,54,26.0,1.51,1170.58,3,1775673975860,1778434434552,31.9,1620.09,1.384,0.0,0,0.0,,False,True,False
0xb80ebc2e6f0ae48d801471f563526efa47b1e236,True,2000,615,421,194,68.5,1.11,3430.89,42,1777889291682,1788438505734,122.1,2914.81,0.85,2150.3001,1,1449.4,67.4,False,True,False
0xb826efd40b8d1cd6ff5d72817a6b93fdb36607df,True,1354,629,288,341,45.8,1.11,1780.25,3,1774715860356,1781201407981,75.1,-1364.63,0.767,0.0,0,0.0,,False,False,False
0xb8452370507965180c053b578403ba1347ded1ad,True,2000,1029,408,621,39.7,1.86,41196.95,17,1787235399109,1788780643978,17.9,6351.62,0.154,61156.351724,7,26261.54,42.9,False,False,False
0xb85ca8b4ee48c5b00db26de546c1df24c77db7b7,True,1407,568,272,296,47.9,1.27,5805.46,134,1704984607486,1788242406912,963.6,-4999.06,0.861,0.0,0,0.0,,False,True,False
0xb86b9519e578626ea38aea9f0a9300a358b09381,True,2000,992,710,282,71.6,1.44,6140.2,9,1762617615557,1787439269029,287.3,1703.46,0.277,1341.93246,0,0.0,0.0,False,True,False
0xb877df08df30c41e41ecd6b21368678aa78b80ba,True,2000,930,801,129,86.1,9.97,33061.7,48,1780492177497,1788815466368,96.3,2291.83,0.069,11751.055609,0,0.0,0.0,False,True,False
0xb88ad6f73927df364006ce1edfb19192a48ab33b,True,2000,426,203,223,47.7,0.95,-133.13,6,1788099869845,1788781063636,7.9,26.26,0.197,136690.41454,5,-105356.07,-77.1,True,False,False
0xb89f22ba503566e83b8a892bbdbe1907ee475d68,True,2000,924,722,202,78.1,4.3,40718.53,6,1775138418557,1775846893232,8.2,6841.28,0.168,0.0,0,0.0,,False,False,False
0xb8c9892be68e4538d694f68eb4297767455901f5,True,501,255,98,157,38.4,0.94,-545.06,8,1778774082453,1788254319600,109.7,-1111.65,2.04,0.0,0,0.0,,False,False,False
0xb8eb97eaed8367079894d2f1bed69bd220ec1dd5,True,2000,1075,517,558,48.1,1.77,64281.49,1,1788527879692,1788815398868,3.3,5766.67,0.09,2119314.457124,1,-3187.53,-0.2,False,True,False
0xb8fe99766cf717eec5b75a83942980575bdb1e66,True,10,8,8,0,100.0,inf,206.17,1,1788313773801,1788445838949,1.5,117.98,0.572,1221.37271,1,59.48,4.9,False,False,False
0xb9282030f71728154c18f861c38b873c7322955c,True,1422,706,400,306,56.7,0.37,-46019.7,10,1776534973681,1783178654511,76.9,-12014.49,0.261,0.0,0,0.0,,False,True,False
0xb93ddcd31a64d79fecd0f2dda3accc451fafbed7,True,2000,550,431,119,78.4,15.75,23934.89,17,1787489851917,1788788334206,15.0,3069.16,0.128,25317.091184,5,-7397.23,-29.2,True,True,False
0xb947763b6e64b4441b02562a63fda94f6b805162,True,2000,1172,646,526,55.1,0.36,-105264.88,19,1784675123402,1788718939531,46.8,-16707.03,0.159,23567.263739,3,-1009.87,-4.3,False,True,False
0xb96482d046919971f746065d07ccbf98fa49b77b,True,2000,956,321,635,33.6,1.47,3981.87,20,1772307421072,1788473501207,187.1,1057.34,0.266,1006.276569,1,132.84,13.2,False,False,False
0xb9873b4f390dfe69bc1651043f52313c419b1f0a,True,2000,1209,79,1130,6.5,0.19,-10782.48,3,1776415294553,1778686894509,26.3,1988.43,0.184,0.0,0,0.0,,False,False,False
0xb9943a99514cbb2d44838235be2a9b59c2c9f441,True,2000,1367,516,851,37.7,0.71,-678.34,3,1788778245217,1788816103653,0.4,257.52,0.38,209143.735747,3,50.18,0.0,False,False,False
0xb99ee0b899ce296ff5f51af3fcd5b20ec3fd4fce,True,357,162,127,35,78.4,6.02,26936.95,7,1778825281240,1786011067015,83.2,4691.99,0.174,0.0,0,0.0,,False,False,False
0xb9b29a20ed3f0702d9c95a58583f10f47984d550,True,2000,737,432,305,58.6,0.66,-7135.05,17,1766481971617,1784306253875,206.3,-8093.64,1.134,0.0,0,0.0,,False,True,False
0xb9c71df2120715b9692d26b6beaa38745b702ccc,True,401,157,60,97,38.2,0.66,-4227.16,24,1758904797230,1780753452960,252.9,-2929.45,0.693,0.0,0,0.0,,False,True,False
0xb9eb061e64d32c8e0a6c6992a7dc32a32df9cb74,True,2000,1428,1347,81,94.3,21.38,451190.87,19,1776025950440,1780375188086,50.3,13371.1,0.03,0.0,0,0.0,,False,True,False
0xba00868d28781a5c6f0862b53b2ea72379ddb129,True,2000,1052,1007,45,95.7,13.61,413346.48,1,1771984595463,1785551954939,157.0,42000.0,0.102,0.0,0,0.0,,False,True,False
0xba17348ae2240d186abcad4c52f87dffd5b67d0e,True,342,164,10,154,6.1,0.02,-3968.08,10,1754318502375,1776686945173,258.9,-350.07,0.088,0.0,0,0.0,,False,False,False
0xba2ba76ee03d093320b8dae2e9f5fe6d1764751f,True,1187,458,258,200,56.3,0.46,-109767.12,10,1772728816825,1788517392280,182.7,-24739.54,0.225,3957.771386,1,-1002.1,-25.3,True,True,False
0xba34d624f0f2a5fe3ba2822a97044e93a9e1ba4d,True,2000,1077,457,620,42.4,0.53,-2187.64,6,1772106357252,1772598694353,5.7,229.34,0.105,0.0,0,0.0,,False,True,False
0xba4389c61e50345f12f498abdf587aa38fac3063,True,2000,963,615,348,63.9,1.96,22112.65,25,1764792726903,1788203243361,271.0,-6824.77,0.309,5339.810832,1,-99.48,-1.9,False,True,False
0xba535b96d0cf05ca6e609ce704a192739019bc61,True,2000,907,370,537,40.8,0.38,-18101.97,8,1788455644015,1788664807833,2.4,-1842.05,0.102,0.0,0,0.0,,False,True,False
0xba67690d19571752e0f845acd48b3349131b723b,True,2000,1364,1241,123,91.0,9.46,34448.91,7,1785419376865,1786997906938,18.3,940.23,0.027,0.0,0,0.0,,False,True,False
0xba8c2fe6229720e57f535005895596bb698f2e13,True,1741,899,500,399,55.6,1.14,222.63,8,1773437019298,1781149858597,89.3,281.27,1.263,0.0,0,0.0,,False,True,False
0xba9c45cc80c01e184b1d1163ed75e88795bdad2c,True,2000,533,442,91,82.9,0.94,-1525.17,21,1773163898185,1786752000032,157.3,-2982.8,1.956,0.0,0,0.0,,False,True,False
0xbaab33d89b6124de098f3069248de21884252c17,True,1386,746,489,257,65.5,0.12,-76941.28,1,1785644366484,1787173653069,17.7,-7910.03,0.103,0.0,0,0.0,,False,True,False
0xbabf465e822b73e8c7ac8e5786f63d4e848b0db8,True,2000,688,492,196,71.5,0.75,-6685.03,8,1778869036523,1788534594566,111.9,-4473.48,0.669,5483.656606,1,-123.23,-2.2,False,True,False
0xbad50006e5a47d5c717d774cc4be8ba5fa5e369b,True,2000,995,710,285,71.4,0.59,-48201.12,15,1760051402015,1784192110474,279.4,13581.88,0.282,0.0,0,0.0,,False,True,False
0xbaf156d7c3b2ed1c32819ad3b1aec136da689fd9,True,1832,856,596,260,69.6,1.21,15210.28,30,1717643452756,1788664915589,822.0,8594.16,0.565,130967.469619,1,-10621.26,-8.1,True,True,False
0xbb00900b914c71d7cc0d6c8865359499b9d0b3b6,True,2000,1002,307,695,30.6,0.71,-7071.19,48,1781275515023,1788705091662,86.0,1449.93,0.205,0.0,0,0.0,,False,True,False
0xbb160cb61e694570f9d570f9fcde7c61dd2143ad,True,2000,1163,649,514,55.8,1.4,34.22,1,1788795875096,1788816329718,0.2,-3.45,0.101,10109.852869,1,0.12,0.0,False,False,False
0xbb2d0c6657563abff1ed9b29ccc263edd18a0ece,True,992,196,100,96,51.0,1.25,2534.18,22,1769518823827,1785950616851,190.2,-1658.83,0.655,0.0,0,0.0,,False,True,False
0xbb41458005b07484ac1e4885e0b32fbb1157881e,True,2000,764,395,369,51.7,1.72,8382.41,14,1753522901299,1780387498955,310.9,1533.61,0.183,0.0,0,0.0,,False,True,False
0xbb5260c8194eae1f7af4e3dadeaa52a48d10902f,True,2000,1013,670,343,66.1,2.53,35829.72,15,1759662556068,1787153624019,318.2,3033.19,0.085,20846.487764,3,-15946.69,-76.5,True,True,False
0xbb6b56854a71550128bc0a6a8e5d8aacfac90142,True,2000,941,484,457,51.4,1.81,16467.56,26,1767575863967,1788759661774,245.2,3037.16,0.184,0.0,0,0.0,,False,False,False
0xbb840c34815398104da3b32e1ad8d98947fc5b1d,True,372,174,106,68,60.9,0.14,-8211.57,26,1734721408858,1784073600046,571.2,-972.72,0.118,0.0,0,0.0,,False,False,False
0xbba19064c75a5405a34c09f91472608c5ead58fb,True,1443,514,331,183,64.4,3.14,118177.79,10,1761029022197,1787390815669,305.1,13860.91,0.117,35341.963366,3,-65189.34,-184.5,True,True,False
0xbbbff2aaad98d45f2f65b827941072decec5a45f,True,804,316,67,249,21.2,0.41,-3945.98,15,1759185218935,1783356883418,279.8,-589.32,0.149,0.0,0,0.0,,False,False,False
0xbbd31bb3ac5cf63a07c0f842145eb4a90b9dc615,True,2000,1051,588,463,55.9,3.4,33343.05,46,1716245342860,1788808633354,839.9,-5537.4,0.166,6203.498198,1,110.37,1.8,False,True,False
0xbbee63bb7eacd1074528333bbf6dd8aa39785219,True,2000,1115,496,619,44.5,0.67,-183.75,6,1782433613784,1782634029626,2.3,-9.29,0.051,0.001302,0,0.0,0.0,False,True,False
0xbc02852e8bd118a3303004feee6d1117efdf62a9,True,1145,585,312,273,53.3,6.1,35466.81,13,1778061380069,1781108662874,35.3,4829.23,0.136,0.0,0,0.0,,False,False,False
0xbc15bdc9dd14922351221326ef57a0a7c1b16adf,True,2000,1275,793,482,62.2,1.61,844.73,1,1788544848974,1788816131030,3.1,-24.45,0.029,8046.022451,1,-2.24,-0.0,False,True,False
0xbc26aa64cdb55f160ccbbc4ee31aeb7e4609bde1,True,2000,1228,433,795,35.3,0.82,-8571.46,8,1787656862305,1788767007364,12.8,5330.06,0.622,98989.690802,2,-0.04,-0.0,False,True,False
0xbc3f7ec10048be7ec5561757355fbf276bc51720,True,2000,904,502,402,55.5,4.01,54763.41,14,1785456218816,1788801576923,38.7,8744.42,0.16,46312.219376,1,14301.26,30.9,False,False,False
0xbc4f71366c34bd1c99f4a10bb03b4e1c8d16c030,True,1450,750,644,106,85.9,0.43,-23596.33,23,1774898754724,1788287358489,155.0,-5734.05,0.243,0.000727,0,0.0,0.0,False,True,False
0xbc7221ebec06ee6f4609e4a0f1ec8bae2d422403,True,2000,837,445,392,53.2,0.71,-18042.88,18,1776197679414,1788744769386,145.2,-6938.93,0.385,1045.552,0,0.0,0.0,False,True,False
0xbc8d49c3ffa1af82708ea94757f47a604c73a0bc,True,2000,996,500,496,50.2,0.52,-1884.02,33,1768895644141,1788257316248,224.1,-137.97,0.073,1560.767326,0,0.0,0.0,False,False,False
0xbca95a04dcac415b2e4a9af4d4dbe5e49e1533d3,True,2000,1362,849,513,62.3,1.11,4544.69,4,1782201099320,1788306504791,70.7,4910.71,1.081,0.0,0,0.0,,False,False,False
0xbcbb00a1082a17b9e2e8bb5d5a3350039ee322d8,True,538,281,236,45,84.0,4.32,311455.3,2,1772335714669,1787277107854,172.9,-37890.79,0.122,0.0,0,0.0,,False,True,False
0xbcd3842c1051a3e5cd2fb22af3907cb78a79ac63,True,1499,664,369,295,55.6,1.07,2533.71,23,1781194307647,1788813643453,88.2,-2750.35,1.085,0.0,0,0.0,,False,True,False
0xbce7947edc57be003b5008a36ee4296cfee78062,True,1487,615,244,371,39.7,0.56,-20097.23,31,1734464552643,1788658224287,627.2,-5791.44,0.288,0.0,0,0.0,,False,True,False
0xbcf4e838f2b88ac0d5627d8947618898714c04d6,True,1382,524,378,146,72.1,6.15,34325.65,70,1738842203765,1788288348857,572.3,9442.22,0.275,42528.677381,1,38980.18,91.7,False,True,True
0xbd0c7fc40650046e15a0a9f865c323326834559b,True,2000,1907,1587,320,83.2,6.94,31648.48,39,1780429683258,1780573033090,1.7,4455.49,0.141,0.0,0,0.0,,False,True,False
0xbd1f64a572cc8c80215a99a259ffce9652b91df1,True,1337,522,328,194,62.8,0.67,-7723.25,6,1779896303561,1788451034337,99.0,-3640.53,0.471,0.0,0,0.0,,False,True,False
0xbd3484042f635603f64be0e8f4602ff3a6bff0bc,True,1467,769,291,478,37.8,0.37,-9343.17,18,1755508617034,1788814515887,385.5,-2932.16,0.314,4580.976828,1,-5.11,-0.1,False,True,False
0xbd4e5b514983d7facf866291992a296880621d9d,True,1043,522,199,323,38.1,0.78,-7340.19,28,1753144365633,1780190343864,313.0,-3086.54,0.42,0.0,0,0.0,,False,False,False
0xbd6cb6bd2359e1ad53377be912b3521d47a93c66,True,94,64,23,41,35.9,0.63,-134.87,4,1778610909169,1778836903896,2.6,-53.4,0.396,0.0,0,0.0,,False,False,False
0xbd7d7ea34d2999c67b5a51cf8d8dace4dff64c10,True,2000,1215,456,759,37.5,0.49,-68293.05,6,1773427303316,1787616000004,164.2,-7235.16,0.106,0.0,0,0.0,,False,True,False
0xbd9caa595254aa2e0ca94f1af0829faf802d819c,True,2000,1035,404,631,39.0,1.06,97.09,52,1784882986486,1788797764949,45.3,81.67,0.841,21542.230583,50,1322.85,6.1,False,False,False
0xbdaf380e599da94a014297cd2a194ba7f4f1c8d9,True,2000,930,471,459,50.6,1.16,805.83,8,1788441053487,1788811589263,4.3,-1844.88,2.289,0.0,0,0.0,,False,True,False
0xbdca13e0ff7911ca8d236e0b96d26d4610697cc3,True,2000,771,304,467,39.4,1.35,2663.07,21,1761826784687,1787711085553,299.6,1497.4,0.562,0.0,0,0.0,,False,True,False
0xbdea07677f308f699a1df455ca6a4eeac820d2ac,True,1816,860,576,284,67.0,0.75,-7724.87,16,1777272621860,1784210825820,80.3,-3278.22,0.424,0.0,0,0.0,,False,True,False
0xbe0ca442d6b7d81e0faa7dbfd09331019f893f89,True,2000,772,676,96,87.6,3.0,5558.1,23,1784112323197,1788807681225,54.3,854.27,0.154,19660.725,1,2727.25,13.9,False,True,False
0xbe181e234ef1b75c711156161208b3ca4b22ab88,True,816,387,302,85,78.0,3.46,55507.43,4,1768863806112,1781098223120,141.6,6342.68,0.114,0.0,0,0.0,,False,True,False
0xbe2c69eb3d7b8ee35cbe3a28293472be31179d75,True,2000,785,582,203,74.1,0.29,-41231.09,29,1781002136563,1788432154624,86.0,-4448.89,0.108,3337.368648,1,-1030.92,-30.9,True,True,False
0xbe461923416de95a116afa535ddc7d0dcd4950d6,True,789,470,323,147,68.7,0.6,-2002.07,4,1777598039003,1780136359860,29.4,-1030.12,0.515,0.0,0,0.0,,False,True,False
0xbe60643f8506bb02de678f9861ab9df0b6f83135,True,980,456,329,127,72.1,5.81,16745.33,12,1740673776581,1779522391683,449.6,2001.96,0.12,1156.056472,1,-3168.54,-274.1,True,True,True
0xbe6d6af6aaffce54e70a987a2fdbec524b60f895,True,670,363,51,312,14.0,0.03,-8079.73,8,1767640459926,1780069503770,143.9,-1128.12,0.14,0.0,0,0.0,,False,False,False
0xbe7ee45e5934dd0fa6ddee1af93158790397f92b,True,2000,685,653,32,95.3,0.38,-10402.68,3,1779016849978,1787217035880,94.9,-3526.35,0.339,0.0,0,0.0,,False,True,False
0xbe98715acd8f93263a5bfa06dbf015e76feaf99f,True,2000,965,353,612,36.6,0.76,-1072.49,46,1765042255892,1772261577576,83.6,-440.9,0.411,0.0,0,0.0,,False,False,False
0xbea68fd477d394ac82a511226a13532be458dd25,True,1909,803,617,186,76.8,5.39,52637.83,27,1742919743351,1788408544736,526.5,8993.14,0.171,4.98344,3,2.26,45.4,False,True,False
0xbeac67cc882dad6003b5a67a986249aeb17ac264,True,2000,588,133,455,22.6,1.31,9530.55,23,1784858172057,1788623095746,43.6,6273.48,0.658,20222.787624,3,4979.06,24.6,False,True,False
0xbed049b9daae3d4a5d39e65a3e7696507ef01923,True,1625,578,570,8,98.6,31.99,137724.68,4,1781795683582,1788802984644,81.1,4772.3,0.035,0.0,0,0.0,,False,False,False
0xbeeab38b14a6a7af7fe1ff98cdef4e1fb1dfd4d2,True,412,251,251,0,100.0,inf,168135.7,1,1778244413416,1784656822889,74.2,8579.02,0.051,0.0,0,0.0,,False,False,False
0xbf0a9c5c4ee29d0f8c4111c46fba950d3ece187e,True,2000,984,480,504,48.8,1.4,3731.91,21,1757481887545,1780370271866,264.9,538.24,0.144,0.0,0,0.0,,False,True,False
0xbf3104b1acde7656e500c25c546e74fff06731d5,True,2000,1045,729,316,69.8,1.06,1094.95,23,1770397947964,1785218289311,171.5,-1953.53,1.784,0.0,0,0.0,,False,True,False
0xbf4bb66a3702c9388eccb595d55c18190a34cafe,True,2000,1069,692,377,64.7,2.27,16512.97,22,1774523217949,1787573125949,151.0,6595.19,0.399,4.343,0,0.0,0.0,False,True,False
0xbf6c436fe79c5c14320af13bb92923957d356bfd,True,1244,560,399,161,71.2,1.36,10134.37,44,1696869576747,1788446361927,1059.9,-7111.5,0.702,0.0,0,0.0,,False,True,False
0xbf8cb1550f15fc893aa5bd232168fd1ef98038dd,True,1695,693,408,285,58.9,3.29,72525.01,12,1781556453546,1788739833156,83.1,22715.35,0.313,315452.261996,1,-5138.17,-1.6,False,True,False
0xbfb575911d16f796262850529779c2bbd7726d19,True,2000,956,369,587,38.6,0.58,-3437.4,22,1781637262934,1788801676780,82.9,-507.58,0.148,998.071243,1,5.72,0.6,False,True,False
0xbfcc9f39a3dac5f579e91f0ce942c7cc7384d047,True,2000,949,550,399,58.0,1.06,1145.56,66,1772556641029,1788533979768,184.9,-1252.97,1.094,0.0,0,0.0,,False,True,False
0xbff5f26d88b8845be6e37cb46d05548891302caa,True,2000,893,426,467,47.7,0.13,-66354.0,4,1786665770455,1787877760135,14.0,-927.69,0.014,170812.655831,2,-362864.71,-212.4,True,False,False
0xc01593e304b1788a3757149fb50144c98ae3a2b8,True,1028,536,267,269,49.8,0.94,-464.83,14,1779517736474,1788796968536,107.4,1089.36,2.344,97.909772,1,13.93,14.2,False,True,False
0xc03d58c289fbf3fd0a9bdc85b8b37ed77baa5310,True,890,433,142,291,32.8,0.37,-14843.99,4,1746210290430,1787641673299,479.5,-5847.92,0.394,0.0,0,0.0,,False,True,False
0xc04f80691ffc3b76bedf7b8496c322830d737bf6,True,2000,896,392,504,43.8,0.77,-8270.29,11,1783774866638,1788795124578,58.1,-2271.64,0.275,0.0,0,0.0,,False,True,False
0xc06d35641b38347cfbe4ac5147ea1c9018c496a0,True,2000,936,398,538,42.5,1.31,69315.48,30,1780269304584,1782432000043,25.0,16535.15,0.239,0.0,0,0.0,,False,True,False
0xc08324bf453b3c67af6c7f49fd8e4d9e8357a0fd,True,2000,1151,683,468,59.3,0.65,-2615.89,8,1780480243133,1788733790242,95.5,-399.91,0.153,1.818974,1,0.6,33.2,False,True,False
0xc095281d11eb840d269bddaca8d2aebbb619d2c5,True,412,226,198,28,87.6,0.34,-3000.97,1,1778020924386,1786543903053,98.6,-1797.69,0.599,0.0,0,0.0,,False,True,False
0xc0a9cc26e6e174137d85a6422904359d6c6f4a2e,True,1218,622,344,278,55.3,7.89,109303.88,5,1782309708181,1788180562464,67.9,6781.45,0.062,0.0,0,0.0,,False,False,False
0xc0b790875f326f0ac2bb180784d9b0d019c6b889,True,2000,957,405,552,42.3,2.03,23641.4,6,1766019907950,1787375411445,247.2,-2674.74,0.113,0.0,0,0.0,,False,True,False
0xc0cecc9cc4ab23536045a65c91dc962a04234ee8,True,2000,847,843,4,99.5,1218.51,24558.37,1,1779390907709,1788795310311,108.8,805.17,0.033,52755.1135,1,-202.96,-0.4,False,False,False
0xc0edf0ae0a0f6749650f5e28789f6b64c6bd4a3f,True,1840,958,113,845,11.8,0.42,-19549.7,8,1787618945319,1788743355153,13.0,-1950.96,0.1,2921.575296,1,1441.31,49.3,False,False,False
0xc105d7d1db395462b49889b1c15c79165384172c,True,2000,766,549,217,71.7,1.42,1582.59,2,1776176854317,1786037993340,114.1,628.46,0.397,0.0,0,0.0,,False,True,False
0xc1162fd5440322608192e765d9cb200eb1ed5e98,True,1157,570,186,384,32.6,0.8,-6819.37,8,1752309561559,1787877778652,411.7,2872.33,0.421,0.0,0,0.0,,False,False,False
0xc12d82869f44f999e42d18d9a727cf609ae10819,True,2000,822,322,500,39.2,0.97,-214.66,35,1780323836219,1788774842653,97.8,-627.32,2.922,873.726115,1,1801.69,206.2,False,True,False
0xc145414460edba004827e34c9eec61eaccdce237,True,2000,965,293,672,30.4,1.78,5085.96,36,1767485403659,1782061838646,168.7,1005.95,0.198,0.0,0,0.0,,False,False,False
0xc16b8ddcef47a74c9b76cd28e6834270090d72dd,True,2000,1586,1402,184,88.4,21.66,222598.17,5,1776261341012,1787086075780,125.3,6501.4,0.029,3342.991192,2,27287.05,816.2,False,False,False
0xc1791da88cc94c9a39e606d8760183d21268dcbb,True,2000,1173,1003,170,85.5,0.61,-20452.11,24,1757295069447,1788569745066,362.0,-6950.17,0.34,116234.726407,1,-1873.06,-1.6,False,True,False
0xc18c09572a71d080f356c5cad32f7479c1ae9339,True,2000,948,558,390,58.9,0.82,-4268.74,7,1787906277077,1788816356611,10.5,-1407.41,0.33,206928.083611,7,112.51,0.1,False,True,False
0xc19a99de9cd1bfbf892447c3fb75eb24f3b90950,True,2000,785,406,379,51.7,1.51,747.5,15,1787058755975,1788443303761,16.0,164.82,0.22,0.0,0,0.0,,False,False,False
0xc1deb2e19f51159ab37938c6a31fd7a5a8e42050,True,1209,481,295,186,61.3,1.21,4109.62,6,1756780638785,1787581744882,356.5,-3937.84,0.958,14389.143749,1,-28499.48,-198.1,True,True,False
0xc201f6eb6c95bad5b7a8e90667c8806cc6180b40,True,2000,1005,648,357,64.5,3.24,204307.93,19,1778810368993,1788703731011,114.5,8394.97,0.041,0.0,0,0.0,,False,False,False
0xc2279be83791c28fba43bde3005adf677e832e08,True,2000,892,342,550,38.3,0.85,-2288.78,15,1787767853041,1788666344523,10.4,1939.53,0.847,13798.423814,1,2025.25,14.7,False,False,False
0xc23e3fbd6f281ea94320392d454f75c7cf454522,True,893,349,202,147,57.9,0.69,-3707.87,1,1787157293519,1788340540942,13.7,1333.48,0.36,0.0,0,0.0,,False,True,False
0xc265a526f733d4554740ea7d6c846e7263020685,True,2000,892,332,560,37.2,0.39,-24767.27,39,1736934712012,1787153067276,581.2,-11506.18,0.465,1286.832913,1,-1416.17,-110.1,True,True,False
0xc278fab0842fc9a09366e24109e1752e29704977,True,2000,964,237,727,24.6,0.5,-16486.75,3,1775832402048,1777303110146,17.0,-6289.69,0.381,0.0,0,0.0,,False,True,False
0xc29339e25a58d2e82175a3a7a89fa352af5b385c,True,2000,894,541,353,60.5,1.73,9379.34,111,1769956553527,1788789220461,218.0,2981.9,0.318,7223.280345,2,-27.46,-0.4,False,True,False
0xc2b01a2fd467dbb135cc9848b0552fb15a18aa85,True,2000,602,249,353,41.4,0.38,-32631.57,4,1769830306894,1779023717710,106.4,-14410.6,0.442,0.0,0,0.0,,False,True,False
0xc2c19442c0b42a8ab239f36d71d2447bf277dd22,True,2000,917,348,569,37.9,0.62,-15484.55,24,1787569044281,1788801921088,14.3,3713.48,0.24,17393.256728,13,2735.69,15.7,False,True,False
0xc2d413701af96c859a3f9297948ea2bb90b36b5b,True,393,223,91,132,40.8,0.47,-2635.0,16,1782370642756,1788213181425,67.6,-356.91,0.135,0.0,0,0.0,,False,True,False
0xc2f094439cd1fc45af3e8a679984927abab0d3d9,True,2000,1000,398,602,39.8,0.32,-16910.99,9,1779465150257,1782822566903,38.9,-1757.7,0.104,0.0,0,0.0,,False,False,False
0xc2fd1b02ec663e31ecac1f01841223d44db44518,True,2000,968,295,673,30.5,0.84,-1780.38,3,1788342580360,1788806907138,5.4,834.52,0.469,7584.894919,1,-119.87,-1.6,False,False,False
0xc30b98af41c61b9aaafb304b49f04c0f9bdc2185,True,2000,702,331,371,47.2,0.04,-18518.29,3,1787690924210,1788779313129,12.6,-1866.72,0.101,0.0,0,0.0,,False,False,False
0xc323d9ac0b3dee6479087cb6e31b9a052d5dc8f2,True,1180,530,412,118,77.7,3.05,34465.51,12,1756071479866,1788471265242,375.0,7519.71,0.218,3702.845442,1,137.51,3.7,False,True,False
0xc347be66acc6e72eb9a689b11b0ad29060130743,True,2000,742,224,518,30.2,0.37,-19559.61,12,1779988991448,1784931171736,57.2,-5247.69,0.268,0.0,0,0.0,,False,True,False
0xc35bf47aca839e371eb70fc5d16a5b747ad4d8dd,True,2000,1988,1214,774,61.1,1.72,38809.37,26,1782308202076,1788540493227,72.1,4121.11,0.106,42019.578998,2,-4381.37,-10.4,True,True,False
0xc3704b5ec0f8b3015276b773b8f68ca66776df51,True,2000,2000,1853,147,92.7,3261.26,379841.4,2,1787375202013,1787521868441,1.7,159585.02,0.42,0.0,0,0.0,,False,False,False
0xc38ac1a5fdd12fbe60b5b27e61c3990e1d5b7b1f,True,2000,1688,1688,0,100.0,inf,237746.11,1,1775659753509,1777899561933,25.9,2055.96,0.009,0.0,0,0.0,,False,False,False
0xc3a0735091f9bae28b4445c3b495a95662644d0c,True,2000,972,387,585,39.8,1.12,1686.35,14,1787350863893,1788807923534,16.9,-2146.89,1.273,16096.302752,1,372.47,2.3,False,False,False
0xc3baee00470d78c489b623f405e57d5d99bc0f33,True,2000,1155,452,703,39.1,0.31,-310310.72,69,1737517087513,1788796283604,593.5,-20066.23,0.065,232522.926616,4,164659.16,70.8,False,True,False
0xc3e093eead057f2376b5532559139128b7037847,True,708,320,234,86,73.1,0.51,-22413.09,15,1758270217100,1787119738289,333.9,-10978.45,0.49,6.878527,1,5.59,81.3,False,True,False
0xc3f43a41a396e5049d6f96c7d444fc6c315b738a,True,2000,1190,316,874,26.6,0.31,-6102.13,14,1785249617207,1785826626656,6.7,33.31,0.005,0.0,0,0.0,,False,False,False
0xc40f6f6ade14de9aa40e5a868aa8db4ae2ab5be4,True,1349,615,377,238,61.3,0.91,-1492.59,81,1719502867067,1788234672898,795.5,-4523.24,3.03,0.0,0,0.0,,False,True,False
0xc42ec48f27e18caf23edb97cfdad3e5ad1ae75b2,True,1072,552,231,321,41.8,1.29,364.24,6,1764043558760,1782283030120,211.1,-144.67,0.397,0.0,0,0.0,,False,False,False
0xc44ba8dd1c5ed3268b961d5c4647a61a89384736,True,154,71,57,14,80.3,13.23,3442.44,1,1783368041133,1788458242911,58.9,373.48,0.108,12545.938569,1,-6758.48,-53.9,True,False,False
0xc4694dfd31208fadff6a71526a7c10449317f527,True,2000,719,112,607,15.6,0.2,-88305.33,11,1787339033843,1788466268498,13.0,-8667.63,0.098,48821.019284,1,-12216.25,-25.0,True,False,False
0xc47a350a67a33bf2d95a655dfe928a237cbc8bcc,True,2000,1247,526,721,42.2,0.78,-7439.0,27,1775738061416,1785917669040,117.8,2054.52,0.276,0.0,0,0.0,,False,True,False
0xc490eb7830148b52e5ea748d95cc73500da928b2,True,148,56,26,30,46.4,0.67,-677.3,6,1777809671689,1778495558856,7.9,-783.58,1.157,0.0,0,0.0,,False,False,False
0xc4a7e02209543b958d1e5d2c1523922168933c4a,True,744,318,221,97,69.5,10.75,3206.29,24,1755857108670,1787153958521,362.2,631.11,0.197,0.0,0,0.0,,False,True,False
0xc4b6f9ed42b59ce5c47dc857e3d9e34a63747a96,True,877,401,236,165,58.9,3.88,4540.04,16,1705013500107,1787364906309,953.1,772.01,0.17,0.0,0,0.0,,False,True,False
0xc4ec5f5bb2f3a887a86e2c9990b73ec2562febbb,True,2000,949,128,821,13.5,0.29,-34377.71,8,1773587169325,1786111390127,145.0,-2354.72,0.068,0.0,0,0.0,,False,True,False
0xc5010834e5be500437b1bb04f2c34e0f3898e581,True,2000,1364,453,911,33.2,0.27,-1286.66,1,1788682918813,1788816326064,1.5,-103.69,0.081,20000.006254,0,0.0,0.0,False,False,False
0xc5150ee35bbd51f9b1a6ee0d7a0a6f9bd8e96e75,True,2000,883,468,415,53.0,0.33,-26804.48,21,1783802403063,1785369600016,18.1,-4379.55,0.163,0.0,0,0.0,,False,True,False
0xc52f126df8719b3bb270977cc9eb4c3a11fdaf3b,True,2000,1037,491,546,47.3,0.74,-4520.12,14,1783052951059,1788413320968,62.0,-902.23,0.2,0.0,0,0.0,,False,False,False
0xc548d2509b34003e92dba93f1063f0949dfffe65,True,2000,1052,341,711,32.4,0.4,-23304.9,8,1787238228512,1788539301081,15.1,-6261.28,0.269,0.0,0,0.0,,False,False,False
0xc5577edd58a9d316abbe34f556235bbf8176c44d,True,2000,1123,451,672,40.2,1.13,1428.89,10,1766254204405,1787667716308,247.8,572.47,0.401,0.0,0,0.0,,False,False,False
0xc5643d526045124c8a241f91c92f2fb36842f1f2,True,2000,755,371,384,49.1,1.36,6247.28,32,1783453688104,1788704399910,60.8,1976.69,0.316,0.0,0,0.0,,False,True,False
0xc5716a006ae954924f0c439849bf89fdc95284e6,True,2000,1017,255,762,25.1,0.26,-12692.39,4,1778461942914,1778573192571,1.3,-648.23,0.051,0.0,0,0.0,,False,False,False
0xc57a776ca5328e9c1c5155ea40602812f917c99f,True,732,286,221,65,77.3,7.56,48510.0,2,1768730383251,1782392209943,158.1,23787.57,0.49,0.0,0,0.0,,False,True,False
0xc5881dca0fb535bdab94a806c6d1e1cd95005e77,True,2000,945,526,419,55.7,0.37,-148859.59,29,1756248016100,1786343714107,348.3,-40992.66,0.275,6820.731178,2,-1387.57,-20.3,True,True,False
0xc59db31a04d891de72b22689d1484f4696a6ca2d,True,201,84,3,81,3.6,0.03,-3881.17,8,1769998106355,1774351865400,50.4,-690.32,0.178,0.007613,0,0.0,0.0,False,False,False
0xc5ba14d33b352090f699c82d0a1d0e8fe5a0679b,True,2000,970,246,724,25.4,0.11,-217706.36,5,1785508706366,1787625743287,24.5,-23834.68,0.109,0.0,0,0.0,,False,True,False
0xc5d437b7de1cb747e724ae5d001b9590b7f0b404,True,234,144,144,0,100.0,inf,7999.63,1,1787927139254,1788169675418,2.8,1077.81,0.135,0.0,0,0.0,,False,False,False
0xc5df0de04927f66ef9d2b64e25be9caaafb1971f,True,2000,833,524,309,62.9,0.51,-206648.22,8,1739138052310,1780428840245,477.9,-69180.96,0.335,0.0,0,0.0,,False,True,False
0xc5f670cc55ed46815118428261025919cb4e1a63,True,314,169,136,33,80.5,3.02,18230.17,10,1755529802446,1777639507456,255.9,7501.73,0.412,95067.167851,1,10645.6,11.2,False,True,False
0xc6109aa927b86ecaca8ee7f1065f2ef64fc51603,True,2000,815,505,310,62.0,1.76,22961.17,32,1752168527715,1788778687405,423.7,5306.18,0.231,5578.736581,1,-5399.59,-96.8,True,True,False
0xc626d0eb71655bbd976bff7351e00bf12033e7f1,True,116,45,15,30,33.3,7.29,17547.24,2,1785458391217,1787348249696,21.9,6364.7,0.363,39577.018451,1,30941.4,78.2,False,False,False
0xc642c0c83d30d7761f1ef98b8af8fd1543f55ec9,True,2000,1525,659,866,43.2,0.85,-6103.9,7,1782417631502,1788709857649,72.8,-1523.71,0.25,2704.375464,1,107.28,4.0,False,True,False
0xc65e9c99ea61d78c3fe4e54f63229a69317ed0f7,True,2000,866,409,457,47.2,1.83,22910.08,5,1788460262898,1788798676139,3.9,7601.14,0.332,62492.778767,2,3893.88,6.2,False,False,False
0xc6706b44cb933c032a7aea41c588f9d187731b8c,True,829,378,225,153,59.5,1.81,2860.29,5,1771984745314,1778274353239,72.8,-591.28,0.207,0.0,0,0.0,,False,False,False
0xc68324cd902bb6189db135e28c64aa332fb76680,True,1601,930,734,196,78.9,1.96,33692.24,17,1737632964591,1785526080782,554.3,-3318.37,0.098,0.0,0,0.0,,False,True,False
0xc69f099ed802590908197e7b5a7d695da6877141,True,2000,1235,811,424,65.7,0.98,-211.38,10,1780024075696,1787961600069,91.9,-3703.61,17.521,0.0,0,0.0,,False,True,False
0xc6afd755e5e7cfb45d1350c85e5faabeb2a6bf98,True,345,209,84,125,40.2,0.42,-2747.61,10,1764949002710,1783987200011,220.3,-877.56,0.319,0.0,0,0.0,,False,False,False
0xc6cdef7a1b062e0f02f8d287417ef5b49e42143a,True,2000,1035,472,563,45.6,1.23,353.81,54,1779784021703,1784135805128,50.4,-72.69,0.205,0.0,0,0.0,,False,False,False
0xc6e45df4580fea2fac5abe16147771bbdab2952d,True,2000,897,364,533,40.6,0.26,-52146.18,23,1778960110775,1788716186505,112.9,-5490.49,0.105,747.371358,1,20.7,2.8,False,True,False
0xc6fb2e547a8aea00d493d46309c9ec6bdd05c55d,True,2000,687,454,233,66.1,2.06,6230.76,78,1786564807043,1788800530289,25.9,1288.2,0.207,77371.138416,57,-27133.05,-35.1,True,False,False
0xc70959f5d2eda437d77feb056f77efff6c64fe60,True,225,88,48,40,54.5,3.46,1493.32,31,1720010305086,1787236318739,778.1,336.21,0.225,1342.781238,1,-217.88,-16.2,True,True,False
0xc71867f4f4e9425430877161b40de26cdc82b3e7,True,2000,1084,326,758,30.1,0.3,-44356.57,16,1761862895609,1788745282381,311.1,795.9,0.018,391.67983,1,642.7,164.1,False,True,False
0xc72d57b880a988d120141f09328f7daef527a8b0,True,2000,2000,1294,706,64.7,2.54,660.32,1,1787918708495,1788005883096,1.0,27.57,0.042,0.0,0,0.0,,False,False,False
0xc74bd86a1d5b02fdff91a3f66404d8cbc939700c,True,2000,954,465,489,48.7,0.79,-3948.48,25,1764208681905,1786410865592,257.0,-2924.0,0.741,0.0,0,0.0,,False,True,False
0xc7651a1a72a064dfc9d3a5106091436c422551c3,True,1077,535,274,261,51.2,4.55,46399.93,10,1786292153803,1788783191820,28.8,6326.58,0.136,0.0,0,0.0,,False,False,False
0xc77d09a17c142eedbab368340198da58a0c3bcf0,True,2000,1124,497,627,44.2,0.38,-18895.86,15,1780581528751,1781418390963,9.7,-10000.84,0.529,0.0,0,0.0,,False,False,False
0xc786b3302e681745813f8011e816336bb5baeb75,True,2000,662,241,421,36.4,0.68,-7018.23,15,1788289604369,1788799959112,5.9,4501.41,0.641,364957.532078,10,288533.04,79.1,False,False,False
0xc7a88e55dd7c7b6da96961979b8c779c59fe4023,True,1139,522,238,284,45.6,2.73,18576.88,13,1767538121000,1788801313896,246.1,2726.26,0.147,829.879756,1,16.78,2.0,False,True,False
0xc7b2f3bcbfb288f0f2a3eae1efed8e5c69772c58,True,627,377,82,295,21.8,0.67,-2606.16,16,1765482584573,1784052607924,214.9,1020.9,0.392,0.0,0,0.0,,False,True,False
0xc7c636749973a55c42b53981e47c560dcdb5d914,True,982,587,491,96,83.6,1.05,987.25,14,1760875114943,1780494288007,227.1,-2088.92,2.116,0.0,0,0.0,,False,True,False
0xc7dbaa5748c764942a79ccea51b21e573e8b7e22,True,569,266,186,80,69.9,6.6,16429.91,11,1752318450586,1785194027064,380.5,1398.0,0.085,0.0,0,0.0,,False,False,False
0xc7ebe10d3568c52b3f43dc50320167db9d10ce4f,True,2000,1629,490,1139,30.1,0.19,-932734.69,6,1757369437116,1780647021160,269.4,-780059.83,0.836,0.0,0,0.0,,False,True,False
0xc7f99122f3fd04b946d08a16afb2603f3ad86d4b,True,2000,878,409,469,46.6,1.12,3571.0,19,1785179249127,1788610385678,39.7,-1842.06,0.516,6888.416621,1,-1498.4,-21.8,True,True,False
0xc80a38405f929b92bd889f3e5d438c342e498aca,True,2000,952,591,361,62.1,4.37,10871.68,14,1766069416139,1788704087582,262.0,-970.18,0.089,48899.29902,5,-7466.58,-15.3,True,False,False
0xc81f87ee26dfa6bb26bae02de740e2ec9f0dea36,True,80,38,38,0,100.0,inf,5691.86,2,1777306988454,1778115534064,9.4,1605.76,0.282,0.0,0,0.0,,False,False,False
0xc832576d58453f41b3bd050d07731aed3faa725f,True,2000,1326,515,811,38.8,0.33,-146250.34,12,1763380662735,1788659319801,292.6,-28503.64,0.195,55221.662918,2,90121.87,163.2,False,True,False
0xc846e513f1fb448e744d5c8e911e87bccc0dfb20,True,2000,1302,448,854,34.4,2.37,46735.65,27,1782443102928,1788555189893,70.7,4292.94,0.092,74113.028929,1,20980.53,28.3,False,False,False
0xc85b34f61c31e0df4ecf3dfb17d28bf764932a63,True,2000,990,304,686,30.7,0.33,-85095.34,8,1773657004688,1778142879205,51.9,-15691.31,0.184,0.001219,0,0.0,0.0,False,True,False
0xc86e4248871cc26d635d77289579c2a53387da90,True,2000,1234,616,618,49.9,0.58,-62244.89,3,1780698203025,1780870480300,2.0,-19381.39,0.311,0.0,0,0.0,,False,True,False
0xc882fb57b1ff5ce0ffb737e6c9cdfeeaa6912d6f,True,2000,935,449,486,48.0,1.84,18749.89,6,1780923332813,1788447585028,87.1,2288.01,0.122,0.0,0,0.0,,False,True,False
0xc8996c94746b9ab950c3a1163728cf58c657da73,True,2000,1017,799,218,78.6,2.31,38491.4,15,1756284186702,1781800731431,295.3,21279.23,0.553,0.0,0,0.0,,False,True,True
0xc8b36441b9280b6d4a05d450e13166a6c659a18b,True,670,364,157,207,43.1,0.66,-11728.97,6,1755886993876,1776024897079,233.1,-3168.32,0.27,0.0,0,0.0,,False,False,False
0xc8c4e7fe356352386f24384104baf1c0b3245c98,True,682,314,147,167,46.8,1.59,3636.92,2,1777493576063,1777640641100,1.7,1779.82,0.489,0.0,0,0.0,,False,False,False
0xc8dbe2803260a223f8b5fc86af107e09a455fc4f,True,2000,928,502,426,54.1,0.77,-2041.86,2,1776801145637,1785664899964,102.6,-1029.1,0.504,0.0,0,0.0,,False,True,False
0xc8fb4e80f4501bca8d3d5554799022128b651863,True,693,270,170,100,63.0,3.74,1688.04,4,1787012747146,1788152770843,13.2,515.88,0.306,0.0,0,0.0,,False,False,False
0xc9186f29695cfe18b79e6a8ebf1be13905cac077,True,2000,1820,1651,169,90.7,2.03,25599.15,27,1785097501614,1788690214451,41.6,-10265.05,0.401,482674.02356,0,0.0,0.0,False,True,False
0xc92fc09658fb97ccf59ffd34d404766c3713c828,True,623,299,178,121,59.5,0.25,-66.37,4,1751394091515,1778012231172,308.1,-15.7,0.237,0.0,0,0.0,,False,True,False
0xc94614eaafbd70d1c9221fb53872eefc7351f552,True,2000,590,157,433,26.6,0.44,-5458.59,21,1759643126955,1785552253599,299.9,-1797.97,0.329,0.0,0,0.0,,False,True,False
0xc966b673156e29bdc2500d4f7cdb68ff9adb4391,True,2000,1122,889,233,79.2,4.11,163493.16,24,1734189062378,1780062260174,530.9,-9083.03,0.056,0.0,0,0.0,,False,True,False
0xc97a4cbfce5537fafd40e7a0d7b8a9d5e0d19c51,True,2000,997,343,654,34.4,0.82,-233.38,52,1784189923116,1788775319084,53.1,-51.62,0.221,12882.066156,50,1304.96,10.1,False,False,False
0xc99989e3c12dc31f72215fd813366da6467ecd03,True,846,339,220,119,64.9,0.13,-184315.15,1,1782760977944,1787934603677,59.9,-80337.24,0.436,48208.613499,1,-9501.12,-19.7,True,True,False
0xc9a8c07fc29ff3acaafb7e9fc23d936ab9eba620,True,2000,930,281,649,30.2,0.29,-30239.6,12,1760466160556,1788542848105,325.0,-3374.5,0.112,0.0,0,0.0,,False,True,False
0xc9bdcfe1477498c8d1556afa28da93bcc0c617f8,True,207,103,48,55,46.6,0.25,-7168.7,2,1785103060409,1788803041959,42.8,-6210.04,0.866,96.271797,1,1.22,1.3,False,True,False
0xc9e0ec6262686c0c4d4ab36e9335de04c01402a2,True,1634,820,432,388,52.7,1.67,32818.65,4,1760448134199,1788652471625,326.4,-5539.9,0.169,0.0,0,0.0,,False,True,False
0xc9f3691e0f6df4ac2ff93c94cf8c854e68c8f5a6,True,2000,1005,684,321,68.1,1.14,693.51,15,1786399488900,1788795964045,27.7,-1758.54,2.536,0.0,0,0.0,,False,False,False
0xca19f70940c361ff4b451465f69e9a15b4888b80,True,145,70,28,42,40.0,0.3,-1544.62,2,1780664223962,1788359437011,89.1,-568.22,0.368,0.0,0,0.0,,False,False,False
0xca27acd4fad413b25888d24e00551fa0df414bca,True,504,272,48,224,17.6,0.52,-963.02,1,1774863788311,1777808594171,34.1,-310.41,0.322,0.0,0,0.0,,False,False,False
0xca37ee8303d3ba159609d47bdd2dfe2ab6e5f45b,True,2000,997,698,299,70.0,0.3,-223981.1,3,1772946194242,1776306178860,38.9,-37218.93,0.166,0.0,0,0.0,,False,False,False
0xca5cc092c14933ea322a4038d92e9af04f59d9c4,True,2000,986,298,688,30.2,4.0,10754.76,27,1762755278289,1781222400013,213.7,3015.6,0.28,0.0,0,0.0,,False,False,False
0xca810f64a0bbc8498dd0d714113c8518feeb8d29,True,125,14,8,6,57.1,3.92,2699.01,5,1731093125120,1788446953855,663.8,2207.58,0.818,319779.524584,2,218161.47,68.2,False,False,False
0xca9db62742f5a2a7d7618498894e57844a4b731d,True,2000,1063,438,625,41.2,0.85,-6768.56,19,1772977862811,1787317624372,166.0,5225.79,0.772,13585.40188,10,-12309.26,-90.6,True,False,False
0xcab2012bdf78cdd530d89f2a53db0e99b8fff133,True,2000,993,395,598,39.8,1.09,202.92,52,1785233603571,1788817436568,41.5,116.08,0.572,25523.808309,50,1923.81,7.5,False,False,False
0xcab96eae0b6266d36db1e1a24cc3040005484441,True,2000,1017,264,753,26.0,0.42,-4649.6,9,1780740355130,1783991536783,37.6,361.49,0.078,0.0,0,0.0,,False,False,False
0xcacf02ccefefe60f10762556ab996587d4f08f67,True,2000,1012,508,504,50.2,0.44,-306.63,13,1779647645386,1780596815307,11.0,-29.31,0.096,1007.002126,0,0.0,0.0,False,True,False
0xcae4ccfe670f8c2a4999f9dfaf44625110fce9e5,True,2000,872,448,424,51.4,1.21,1399.68,20,1775602738256,1785246977724,111.6,930.75,0.665,0.0,0,0.0,,False,True,False
0xcafe0099a4422a3862ee3612bb909c74fb767777,True,679,325,294,31,90.5,19.83,69795.58,5,1746943500659,1785118043593,441.8,2133.77,0.031,0.0,0,0.0,,False,False,False
0xcb09bc7e0695cb25addcedefb5129a2aecfd9147,True,2000,743,259,484,34.9,0.34,-18225.38,12,1776007491627,1788662187483,146.5,-12087.8,0.663,0.0,0,0.0,,False,True,False
0xcb2363421221db0ef30f083b8f98f7f57a841327,True,2000,1999,1081,918,54.1,0.73,-12427.94,68,1775744065648,1776094569916,4.1,-959.96,0.077,0.003891,0,0.0,0.0,False,True,False
0xcb2b6bd27937c58f36d7cde0dc827baedd23931e,True,2000,961,515,446,53.6,4.72,32903.79,16,1788288423494,1788817171129,6.1,3832.99,0.116,7027.055377,4,-809.08,-11.5,True,False,False
0xcb3ee3f1b22cdff8b6ca4839cd0784d34b85dea9,True,2000,932,396,536,42.5,3.26,72387.33,4,1787880669991,1788735796122,9.9,5604.22,0.077,112974.462804,2,31112.86,27.5,False,False,False
0xcb579f06d90175be6c8c5fbac57c8c7d5b489b86,True,2000,1047,988,59,94.4,0.39,-33503.28,3,1782091368123,1783675419750,18.3,-11660.25,0.348,0.0,0,0.0,,False,True,False
0xcb645a93d9218fb4f9ed8e5b0a74f275e71cf209,True,720,366,194,172,53.0,0.95,-112.67,10,1775004882865,1786114059554,128.6,-263.27,2.337,0.0,0,0.0,,False,True,False
0xcb7b6dd3b61c438746d998a4237d7c4cb4eb1efe,True,2000,1119,588,531,52.5,1.9,281341.51,17,1741533914039,1783166638166,481.9,74748.39,0.266,53515.387376,1,-77765.75,-145.3,True,True,True
0xcb8fc6a91486de77ea81aa64e1c2846ddfd41faa,True,844,458,265,193,57.9,1.44,8684.39,19,1750909881999,1787749794821,426.4,2056.03,0.237,1203.865681,1,208.1,17.3,False,True,False
0xcba2e96c5ede34561458a1cefcd51b18706dbb6b,True,2000,874,431,443,49.3,1.09,2030.94,17,1782452422122,1788173188110,66.2,-1883.65,0.927,0.0,0,0.0,,False,True,False
0xcbb9faaa9064c58f63b26ab7ee01622ab4b3e329,True,2000,1126,143,983,12.7,0.05,-188838.58,9,1786979413203,1788452442392,17.0,-10468.64,0.055,86471.478885,2,-5200.46,-6.0,True,False,False
0xcbcedcfc78cd984e2733ba6818c831d2544c2cd6,True,2000,905,281,624,31.0,0.31,-155824.81,17,1778188532193,1781030415630,32.9,-28394.94,0.182,0.0,0,0.0,,False,False,False
0xcbe703485f014dc242844b20cc7765a32b292564,True,2000,1689,1136,553,67.3,2.62,3882.39,59,1780180632324,1782507425867,26.9,554.01,0.143,0.0,0,0.0,,False,True,False
0xcbf77db37dce8a92bf1d98fae655f1e8e16825d5,True,2000,1221,236,985,19.3,0.14,-51736.23,6,1781752427378,1783641600078,21.9,-2426.79,0.047,0.0,0,0.0,,False,False,False
0xcc128e7895e1a9f4deb26e8c3cab94414e3a57bf,True,2000,1397,440,957,31.5,0.14,-883989.86,9,1771340053215,1788630584938,200.1,30168.0,0.034,665797.250794,0,0.0,0.0,False,True,False
0xcc202930867769a83b61cf5053b65d1845e76aea,True,2000,968,329,639,34.0,1.03,526.27,16,1769703560558,1787249389573,203.1,799.68,1.52,15716.065324,2,4128.29,26.3,False,True,False
0xcc33c8ca446d76ecb692fef479fcdb3f7998d3c1,True,2000,1008,394,614,39.1,0.73,-7882.89,3,1767628316158,1775100265567,86.5,-1521.81,0.193,0.0,0,0.0,,False,False,False
0xcc58accacd0db8010e4c8a20ba49d2dc9d4d7f59,True,2000,1029,314,715,30.5,5.39,33572.7,28,1760134884302,1788686513251,330.5,12604.59,0.375,105882.683531,3,-495855.27,-468.3,True,True,False
0xcc72d5100547bb49e1a1136b3d79e465bb8c5ad0,True,2000,955,187,768,19.6,1.96,6047.31,3,1778849534943,1779194493124,4.0,1292.43,0.214,0.0,0,0.0,,False,False,False
0xcc90f066f6f515eafc1a360b6853ea6a15eb2ade,True,2000,952,425,527,44.6,1.02,322.88,16,1782076859753,1785000901472,33.8,894.53,2.77,0.0,0,0.0,,False,True,False
0xcc9ec29778f35c0abe8572c6d25596518d6dfc8b,True,2000,998,356,642,35.7,0.33,-2178.44,52,1778751730565,1783098307607,50.3,-326.95,0.15,0.0,0,0.0,,False,True,False
0xccbfd344a563b89d09f2cfb2f161ca54886d00b6,True,2000,581,241,340,41.5,1.32,6186.83,44,1739877841021,1788286695066,560.3,6065.41,0.98,0.0,0,0.0,,False,True,False
0xccf343eef0c5f2590ee30efc9f564b33aeb3c7e6,True,2000,1797,663,1134,36.9,0.46,-50644.76,21,1778056714935,1787927660073,114.2,5396.65,0.107,0.0,0,0.0,,False,False,False
0xcd019958896fa91446e45621a2d40d0abf9f368f,True,419,168,104,64,61.9,0.89,-801.93,2,1787585419859,1787934838334,4.0,-2149.85,2.681,0.0,0,0.0,,False,False,False
0xcd1f1cf98bab95c64390986fca8f3e7b0c05df4a,True,1983,1091,249,842,22.8,0.9,-11611.9,17,1736948821285,1788449783041,596.1,-5597.68,0.482,0.0,0,0.0,,False,False,False
0xcd32e8eb8b8b2ba0158561ec29a8166ff7274132,True,2000,1078,452,626,41.9,0.75,-1474.15,10,1787604819850,1788356685309,8.7,-484.77,0.329,0.0,0,0.0,,False,True,False
0xcd3e688ebeffca8b4b7eb979e88afd2b65210ec0,True,345,156,149,7,95.5,57.7,220962.11,6,1730257564280,1788693839431,676.3,24052.66,0.109,14916.534799,2,2037.95,13.7,False,False,False
0xcd4ece3b233c3e4b2d86a3a59508aeb3f1cd793f,True,2000,954,880,74,92.2,3.07,24728.98,13,1773417873259,1787351149335,161.3,-1956.6,0.079,0.0,0,0.0,,False,True,False
0xcd667aa15e9c9eaed4be9dfb3a4e43461661c40d,True,1301,608,434,174,71.4,1.79,22301.06,4,1739704456458,1788529508952,565.1,6925.85,0.311,203358.702863,1,1022.37,0.5,False,True,False
0xcd82f03d5df801a69af899a7f13263388e1f6274,True,2000,1382,800,582,57.9,2.46,1134.78,42,1788329152864,1788443942599,1.3,50.4,0.044,0.005685,0,0.0,0.0,False,False,False
0xcd90a06db921de43f226be494448a82b862c9938,True,764,260,133,127,51.2,1.61,11156.65,10,1778596377686,1787375475336,101.6,1645.3,0.147,154867.31024,1,80159.2,51.8,False,True,False
0xcd96c4a5d8d712af0658a08cb9f9e671c1b4a575,True,651,353,235,118,66.6,1.27,15730.93,1,1787825243232,1788450717900,7.2,-15990.8,1.017,0.0,0,0.0,,False,True,False
0xcdaa32cfee4271018a6f3cc3dd61c309040a857a,True,2000,895,565,330,63.1,0.62,-4406.31,15,1783066632751,1784652647180,18.4,-2339.9,0.531,0.0,0,0.0,,False,True,False
0xcdb2ea2142fa36072a1bdf51f7347a0eb366a857,True,146,51,38,13,74.5,21.46,2581.62,13,1777306683087,1785941624088,99.9,1295.22,0.502,0.0,0,0.0,,False,False,False
0xcdce62a8079e1380a0524aabcf084c13fb2d8452,True,1397,522,247,275,47.3,0.88,-3380.49,73,1736370659679,1788643445978,605.0,-3355.36,0.993,3138.924451,2,-77.91,-2.5,False,True,False
0xcdf6e96108b1f465340cdf44ba598cf8145fe202,True,2000,844,583,261,69.1,3.22,69964.0,23,1773305373674,1788766400951,178.9,4930.89,0.07,0.0,0,0.0,,False,False,False
0xce11968817773c6c9ffb9726d2dd96069ccc48c7,True,2000,967,501,466,51.8,1.25,3475.87,2,1772743238854,1787296669826,168.4,-9228.0,2.655,20657.790125,0,0.0,0.0,False,False,False
0xce3459424d2b171851eb8627636b2b1b4ea1786b,True,2000,1219,893,326,73.3,0.05,-204936.92,1,1786537623429,1787376373527,9.7,-25515.23,0.125,0.0,0,0.0,,False,True,False
0xce508465b243216fcf372d3146fd62e8f7a7b8e2,True,2000,985,632,353,64.2,13.58,247340.62,6,1786406615409,1787875538371,17.0,44846.81,0.181,1585675.764761,2,66715.38,4.2,False,False,False
0xce64a982e55a4e514296b9a6513a50c2020e8588,True,2000,905,871,34,96.2,1.72,835.49,2,1776826602303,1787213504411,120.2,-793.67,0.95,750.630723,1,-1303.69,-173.7,True,True,False
0xce7c851f49d96ab3a7465b844c0e6818531ae3e4,True,772,275,228,47,82.9,2.05,18702.39,3,1774535543954,1788802520842,165.1,5237.48,0.28,11891.781372,1,-528.52,-4.4,False,False,False
0xce8dbe4926dada63c1df4274587ee3ae583f2418,True,2000,1156,585,571,50.6,0.76,-1.54,1,1788252377148,1788790746448,6.2,0.13,0.085,24809.21,0,0.0,0.0,False,True,False
0xceb86d6bbe64983dcaa3adf5d487bb9d0dacf43d,True,1648,734,510,224,69.5,1.48,13381.35,5,1775016677855,1775504657828,5.6,1812.2,0.135,0.0,0,0.0,,False,True,False
0xcede7c45718532cfd9b8ce06c0dfe909ade6c10e,True,2000,912,223,689,24.5,0.24,-27329.78,8,1786455463538,1787616000004,13.4,-1605.93,0.059,0.0,0,0.0,,False,True,False
0xcf069770241cb3c0d85e6c7895b7edd02f97e083,True,2000,694,446,248,64.3,4.01,13584.91,17,1778785288367,1788794075573,115.8,1245.24,0.092,0.0,0,0.0,,False,True,False
0xcf149b83f5d111f33194db7ece3fff35a9f6e0af,True,2000,1446,517,929,35.8,0.59,-61882.27,36,1767732489257,1788637679022,242.0,-5328.08,0.086,0.0,0,0.0,,False,True,False
0xcf345af7d6463ff46812c78b7a11b91735b3e0e7,True,2000,1667,1282,385,76.9,4.41,11188.21,17,1785466604309,1788527329797,35.4,767.65,0.069,0.0,0,0.0,,False,False,False
0xcf4447bc9d16408f7220d973b71f75f55e2c3065,True,414,158,142,16,89.9,7.97,13148.95,4,1778918034044,1787166810951,95.5,1435.83,0.109,0.0,0,0.0,,False,False,False
0xcf707ecc2256cb18bd07adc99baaabfabe07b429,True,2000,902,393,509,43.6,0.27,-6239.24,12,1784895850184,1788816900019,45.4,-1300.09,0.208,0.0,0,0.0,,False,True,False
0xcf8462b20a088c2dc1ceffded9dff13a74b3f581,True,1466,711,293,418,41.2,1.0,259.3,2,1747825231022,1784903443619,429.1,6486.63,25.016,34428.670418,0,0.0,0.0,False,True,True
0xcf9e10c3a75124e4875ea1e7436b50cd39f7c49e,True,836,361,181,180,50.1,0.99,-150.3,2,1756985598985,1785767323880,333.1,1047.27,6.968,0.0,0,0.0,,False,False,False
0xcfb96bc298aadf182d9f1300c37bd4c5fef25b45,True,616,240,107,133,44.6,1.36,2151.42,17,1733411586832,1787153260342,622.0,4040.87,1.878,0.0,0,0.0,,False,True,False
0xcfca080b4e90d81d9080b56c34895bd233cef5c2,True,2000,949,395,554,41.6,0.63,-5090.07,13,1782458912090,1784275855710,21.0,-770.27,0.151,0.0,0,0.0,,False,False,False
0xcfdf452e5b509fa823008b66fc0917e1d5f473d6,True,2000,993,280,713,28.2,0.51,-14405.02,21,1769699193619,1785042456125,177.6,911.22,0.063,0.0,0,0.0,,False,True,False
0xd00306a33881d78f5391dfbd31ade7213234b667,True,2000,978,433,545,44.3,1.25,1386.95,51,1786523600605,1788775863945,26.1,345.19,0.249,9049.419053,50,5548.43,61.3,False,False,False
0xd01c54604122c72427dc52d5480039c3ad067c90,True,1943,801,376,425,46.9,1.01,455.65,7,1780068695932,1788801871231,101.1,3228.3,7.085,6672.480578,1,4255.17,63.8,False,True,False
0xd0268aed26b19532748d063c7d6c9a2787fabfef,True,251,188,52,136,27.7,0.23,-35203.48,10,1775264070249,1778507555701,37.5,-5853.46,0.166,0.0,0,0.0,,False,True,False
0xd04e748e9356add9e5d28916a52026930e248905,True,302,116,66,50,56.9,2.54,3246.04,7,1761201999859,1787452522332,303.8,735.33,0.227,617.732569,1,14.87,2.4,False,False,False
0xd05d2e015b9ed6f17f2111cf1ac7ae229155816e,True,2000,619,588,31,95.0,928.0,85102.71,7,1787715329864,1788743361594,11.9,4876.4,0.057,259373.218819,1,-1616.73,-0.6,False,False,False
0xd0775b05b8aefc5b139cf624641cbf3f153a98b7,True,1253,403,250,153,62.0,0.54,-13554.89,20,1764239860167,1778685080909,167.2,-3044.74,0.225,0.0,0,0.0,,False,False,False
0xd08bf8f8fbbc22623701f35f3bad46d7526174d3,True,105,56,18,38,32.1,0.82,-180.89,7,1763440444091,1779291176265,183.5,287.99,1.592,0.0,0,0.0,,False,False,False
0xd09abdabbf321bd1b953d0edd0156feb7a20d257,True,2000,1066,221,845,20.7,0.97,-601.47,17,1779233752788,1779818709871,6.8,1493.96,2.484,0.0,0,0.0,,False,False,False
0xd0ad2ed6a0f16d4e3195cb077ca43488595ad3c7,True,2000,1123,755,368,67.2,0.17,-96833.83,3,1772804587315,1778803606366,69.4,-3665.01,0.038,0.0,0,0.0,,False,True,False
0xd0c288027c4cc71280febe002ec8c47c8463f33e,True,1569,742,339,403,45.7,2.12,30892.06,37,1749559015113,1788795263670,454.1,6889.47,0.223,537.446024,1,-319.13,-59.4,True,True,False
0xd0d80382f38264b0e496213b261b694003412c34,True,776,449,330,119,73.5,0.83,-666.59,13,1775833966243,1783310996377,86.5,-479.65,0.72,0.0,0,0.0,,False,False,False
0xd0f4a12a37664b1df0deb6985c065bd1b66595c8,True,487,294,113,181,38.4,0.37,-16251.67,4,1782741476573,1783290050071,6.3,-2736.62,0.168,0.0,0,0.0,,False,False,False
0xd10c4a60a3d4cfcf2b22a97b0c9da871a2272ab3,True,1852,891,463,428,52.0,0.61,-19364.84,15,1734349939113,1787849604610,619.2,-4829.47,0.249,0.0,0,0.0,,False,True,False
0xd1150a73b87573620cca8175f8c9d2e35d7ed3fa,True,2000,889,487,402,54.8,1.36,8672.38,1,1778140805320,1781010347116,33.2,1696.38,0.196,0.0,0,0.0,,False,False,False
0xd1287cc7690039ef1aa356da27c97bf8357fbfe9,True,2000,840,192,648,22.9,0.1,-56445.74,25,1771547739250,1783122244688,134.0,-4459.6,0.079,0.0,0,0.0,,False,True,False
0xd138cdacdff56b61e08fcce7692f337d99464d41,True,2000,944,266,678,28.2,0.95,-939.76,27,1781632950902,1788527064292,79.8,2201.23,2.342,5531.509971,1,829.98,15.0,False,False,False
0xd15955295c049fac06c9a68288ff428769712245,True,2000,909,404,505,44.4,0.31,-50053.02,51,1757394188992,1784071251400,308.8,-8033.84,0.161,0.0,0,0.0,,False,True,False
0xd1692402c26392ccc8588631d7d5ca9aed4348e5,True,2000,763,101,662,13.2,3.12,158208.96,7,1774743873490,1787616000004,149.0,18387.82,0.116,0.0,0,0.0,,False,True,False
0xd1947a3d0955454b9b13bf6fefae1b82aa712123,True,2000,945,174,771,18.4,1.29,4556.75,15,1778679375003,1787668363922,104.0,-2985.51,0.655,0.0,0,0.0,,False,False,False
0xd1bf5f917ea367b37cb4eec6d41d8433a12fc8fd,True,2000,1672,1269,403,75.9,0.62,-28535.11,49,1780870206605,1783853323969,34.5,-6573.43,0.23,0.0,0,0.0,,False,True,False
0xd1d3ac2635640245a483b1e57a53f2f8bd6fbcf5,True,863,425,199,226,46.8,1.0,78.52,35,1714698536711,1788793297883,857.6,3174.92,40.436,150.11511,1,22.73,15.1,False,True,False
0xd1eeb2dc6fc9ee144fbfb49b18b99dfc183963c0,True,983,61,39,22,63.9,1.74,2409.43,4,1777388084638,1781528517998,47.9,2974.64,1.235,446264.847857,3,59894.09,13.4,False,False,False
0xd205b02969b04af5a87112ca24d27573aea2ae46,True,2000,989,453,536,45.8,0.81,-18872.57,1,1778423554018,1788501928405,116.6,5938.43,0.315,0.0,0,0.0,,False,True,False
0xd2129b7f2407a5f5402925e9141d9b03d0faed41,True,199,66,20,46,30.3,0.02,-11053.53,4,1779973722935,1781913173335,22.4,-2633.92,0.238,0.0,0,0.0,,False,False,False
0xd2221d4c0be00dc75e8a14549222a849e37f8427,True,2000,807,398,409,49.3,0.85,-4356.04,2,1787351998296,1788745003424,16.1,-3295.43,0.757,0.0,0,0.0,,False,True,False
0xd234e10da14ac7b0bb81a51eb4633c419bf2b9eb,True,737,473,211,262,44.6,1.1,224.96,3,1775545814870,1775796897817,2.9,661.11,2.939,0.004847,0,0.0,0.0,False,False,False
0xd249f13ef010bc9212f003184c14acfc3ae05d9f,True,928,419,189,230,45.1,0.52,-19316.24,7,1761173233372,1776707232316,179.8,-9155.06,0.474,0.0,0,0.0,,False,True,False
0xd260b2216b735277da6771564a01c04856e78321,True,2000,2000,2000,0,100.0,inf,424841.43,1,1788727585720,1788732109919,0.1,5861.32,0.014,189582.507715,1,26300.51,13.9,False,False,False
0xd27abedab894829d6e77acc397eef0a277367f44,True,1072,553,438,115,79.2,0.6,-4234.05,8,1750446962852,1788812615495,444.0,-651.69,0.154,512.753738,1,2.18,0.4,False,True,False
0xd28d1410712d0e51fb6454b998c6592d2646f397,True,2000,949,86,863,9.1,1.1,122.46,14,1767436966065,1787651626675,234.0,-896.36,7.319,0.0,0,0.0,,False,True,False
0xd2a3160cb34d5cec74c30b51f89cfc9218fbf5d3,True,2000,914,472,442,51.6,1.61,17003.81,27,1758522106576,1788679464383,349.0,1837.3,0.108,0.0,0,0.0,,False,True,False
0xd2c89b08ed0bea685354c70d6b0bf6efbf488944,True,2000,1166,435,731,37.3,0.45,-18338.4,16,1780537216070,1784156988926,41.9,-1536.0,0.084,0.0,0,0.0,,False,True,False
0xd2d8ac4b52a9fad8e82e8b1e48759717aebf55ef,True,879,428,277,151,64.7,2.7,19490.54,9,1760491779916,1780966373837,237.0,3896.91,0.2,0.0,0,0.0,,False,False,False
0xd2f67033ce9be4cd021a58a1a308fe2aaabb4f1e,True,1547,882,606,276,68.7,1.72,30336.57,10,1761611586186,1788009745543,305.5,8589.38,0.283,19493.688228,1,5665.99,29.1,False,True,False
0xd310a307fd20d06d757806f77f869c474fff5621,True,127,76,36,40,47.4,0.64,-295.44,8,1770395037961,1780675874132,119.0,-130.48,0.442,0.0,0,0.0,,False,False,False
0xd32980db665c4099701fdb66960ecbca801e97f1,True,2000,619,242,377,39.1,0.66,-19921.85,36,1782606941203,1788732106431,70.9,-28598.49,1.436,0.0,0,0.0,,False,False,False
0xd33997a96af44a2b35a473c87571f57374ec4105,True,177,78,74,4,94.9,24.25,5954.13,6,1787966367984,1788614665947,7.5,1240.22,0.208,12344.98493,2,-2573.35,-20.8,True,False,False
0xd3597e35e2d56c76e7f233a4351284ee727acd3f,True,2000,789,308,481,39.0,1.14,4980.69,34,1780327987736,1788245823166,91.6,-1208.63,0.243,119759.197069,9,-64743.69,-54.1,True,False,False
0xd365670968fe006c225d3195f4d59723c5c1c170,True,2000,885,358,527,40.5,1.02,192.2,112,1782885617268,1788813985025,68.6,1353.12,7.04,325.6173,1,63.81,19.6,False,True,False
0xd37b0862c810ec79a590dbca0cbd3f86147f6a02,True,2000,1548,472,1076,30.5,0.85,-14117.91,12,1780414185822,1788813618519,97.2,5476.16,0.388,23576.0,1,2026.59,8.6,False,False,False
0xd3943e40080322c21c65d94966d4212331302c92,True,2000,1849,780,1069,42.2,0.25,-3884.19,6,1788526303063,1788532938513,0.1,-136.22,0.035,917152.072891,1,-0.0,-0.0,False,False,False
0xd3a42a3fc13678e169fbe6871dcfa8e5b4e26056,True,2000,950,219,731,23.1,0.71,-1512.22,13,1772254539880,1773981264932,20.0,367.86,0.243,0.0,0,0.0,,False,False,False
0xd3c6a42defd817094b6a4a92b0a142ac1630326e,True,697,360,142,218,39.4,1.2,447.94,20,1765209884422,1773840928894,99.9,280.76,0.627,3.737379,16,-0.55,-14.6,True,False,False
0xd3e5ed3e7b7c09e4eafe1131a6a8cac3387b1738,True,2000,819,251,568,30.6,0.13,-23692.04,4,1782057620940,1786702377010,53.8,-1985.59,0.084,0.0,0,0.0,,False,True,False
0xd3f8e645e10dd92a0343396fde00beb33aaf624f,True,2000,840,511,329,60.8,1.16,2263.16,15,1783593001835,1788797456447,60.2,595.66,0.263,1235.319704,2,-72.6,-5.9,True,True,False
0xd416b64700338edbd74d02d0f3c99ef144ba9d89,True,2000,856,422,434,49.3,0.83,-5626.88,7,1778783017554,1788795649246,115.9,-1941.78,0.345,5002.93638,1,289.2,5.8,False,False,False
0xd42a08d2f4cb730ff8485f744abed7368712c112,True,1781,645,313,332,48.5,0.88,-1732.31,92,1733232944781,1788281965661,637.1,1263.07,0.729,0.0,0,0.0,,False,True,False
0xd43b1a10407dc62d60091ea5557fdf0b4304239e,True,2000,949,142,807,15.0,0.75,-1176.28,14,1788766032393,1788815701923,0.6,326.95,0.278,43598.278955,8,21683.99,49.7,False,False,False
0xd448a98253424990bbcd5fd762c97293499d277a,True,2000,951,500,451,52.6,3.0,27721.39,27,1751700466669,1786128768677,398.5,-7620.82,0.275,0.0,0,0.0,,False,True,False
0xd4691a8834b8feec07e167d54cdda60963a1aca8,True,478,274,119,155,43.4,0.24,-8984.58,5,1774325717042,1775054003353,8.4,-816.06,0.091,100.000001,0,0.0,0.0,False,False,False
0xd46eaa11643cfd2a4a702d8a85949122a77247c0,True,2000,991,515,476,52.0,1.08,1697.55,18,1782686919889,1788525640871,67.6,-2204.89,1.299,22088.153781,1,-710.87,-3.2,False,True,False
0xd47776750bf095ae3f0461e06ce312c2e6026e7e,True,2000,1123,645,478,57.4,1.01,37.07,17,1779920769115,1782456943580,29.4,-144.1,3.887,0.0,0,0.0,,False,True,False
0xd487e26c62ed8c28ce3cc70b5791e501c2934982,True,2000,1641,965,676,58.8,1.04,2250.32,3,1787281706499,1788473244322,13.8,-2306.75,1.025,0.0,0,0.0,,False,False,False
0xd4a32005d7cbceb1a17e599c9df77d64018d247c,True,510,222,82,140,36.9,0.55,-4489.03,7,1752828218996,1788123736340,408.5,2597.78,0.579,0.0,0,0.0,,False,False,False
0xd4c31d85f001ddbd35571d401f8f24106cd6c4f1,True,1893,980,316,664,32.2,0.65,-20860.79,12,1747962615791,1778707929618,355.8,-27361.91,1.312,0.0,0,0.0,,False,True,False
0xd4e1a607d3ba4ac49f8517f8cfe011b5fb57b6f9,True,710,375,147,228,39.2,1.42,5517.59,35,1733320616954,1788486223370,638.5,2173.75,0.394,391.66285,0,0.0,0.0,False,True,False
0xd4f9a2871d61f7f91340f0a726882b52d8fdf0e0,True,2000,939,591,348,62.9,2.79,33458.59,30,1760519648498,1787443200018,311.6,6725.52,0.201,0.0,0,0.0,,False,True,False
0xd51f10bc05510df5a9d13ec112f08323faf64d3b,True,2000,921,229,692,24.9,1.74,27785.77,3,1772726173580,1778848275874,70.9,7230.99,0.26,0.0,0,0.0,,False,False,False
0xd5351cf94a23678ec39bac96a3b48c0ec76f0646,True,134,76,68,8,89.5,3.84,7883.24,1,1778184802954,1787213362087,104.5,3409.08,0.432,424.461991,0,0.0,0.0,False,True,False
0xd55986875d15430b619d482caafd034f719d3bc8,True,2000,1233,667,566,54.1,0.99,-166.13,22,1787846110785,1788804352240,11.1,-1978.0,11.906,11012.718805,3,-2072.12,-18.8,True,True,False
0xd56d486c942eb459da192adb4b339c74654f74d2,True,2000,763,527,236,69.1,0.74,-6377.51,38,1784044326030,1788787468660,54.9,-4783.06,0.75,1610.985415,5,-130.03,-8.1,True,True,False
0xd58055ee8f9a0bdc4af1675ad0eb0d977b1f3617,True,217,120,30,90,25.0,0.38,-4568.36,1,1777860058207,1788447757503,122.5,-3064.5,0.671,465.652699,0,0.0,0.0,False,True,False
0xd595710aedaba1d2e18bfdbab46ab796664c6d89,True,2000,888,203,685,22.9,0.08,-23135.49,12,1785012084512,1787800369257,32.3,-898.52,0.039,0.0,0,0.0,,False,False,False
0xd5af7e1aac8f1479b6fc558f6b961d1243fa3213,True,1057,419,219,200,52.3,0.87,-1178.75,3,1775626634226,1775983978662,4.1,-1419.28,1.204,0.0,0,0.0,,False,False,False
0xd5c980aee77a00e5c24d3efa5073297c4c74aa3b,True,452,193,83,110,43.0,2.66,8153.76,5,1777882533756,1784267326737,73.9,1315.37,0.161,0.0,0,0.0,,False,True,False
0xd5ded02c8eff3fe69468dd2bfcf14d3692128005,True,2000,1001,226,775,22.6,0.51,-13783.08,9,1770659263636,1783715923961,151.1,-2485.78,0.18,0.0,0,0.0,,False,False,False
0xd5fdf3a8cc7de901eb5328047ad804a78ffc2f37,True,1219,691,228,463,33.0,0.32,-72927.7,27,1738444396878,1788780889619,582.6,-20127.04,0.276,1870.118566,2,311.32,16.6,False,False,False
0xd60e149a795e83ff52639e3ba708521ee708d74d,True,2000,960,556,404,57.9,1.16,6893.02,15,1783456362953,1788798121781,61.8,3789.39,0.55,0.0,0,0.0,,False,False,False
0xd629117170e8b17c8cbdf929e37b1a371638a9e5,True,2000,1125,829,296,73.7,3.68,22870.39,2,1780067238279,1781268749074,13.9,492.09,0.022,0.0,0,0.0,,False,True,False
0xd63c18745d397c165c3f4b0937483dda71f1a31b,True,2000,966,419,547,43.4,0.99,-28.89,7,1778623422218,1779291754715,7.7,757.54,26.223,0.0,0,0.0,,False,False,False
0xd65ac35cd234c8718b876ab304fa56c8995e387f,True,2000,981,362,619,36.9,0.28,-60692.18,1,1788337274543,1788805907980,5.4,-4905.51,0.081,0.0,0,0.0,,False,False,False
0xd67499d59e5e726a3b7671e4ef9d0b54785eaadd,True,2000,926,476,450,51.4,0.37,-28395.91,16,1776217361350,1788813095772,145.8,-6616.6,0.233,13722.683253,2,-9333.56,-68.0,True,True,False
0xd68dfb480e643f0c1a78b24d04de7cce7dfbbdfc,True,2000,963,564,399,58.6,0.99,-803.64,13,1786125147838,1788795632426,30.9,-8477.6,10.549,39759.430376,2,4090.0,10.3,False,True,False
0xd6ab2fa07261dee9562245f58eaaf90bf58b9396,True,2000,1123,605,518,53.9,0.15,-339530.23,19,1766057416519,1788510671393,259.9,-47566.15,0.14,0.0,0,0.0,,False,True,False
0xd6bbf742fbefc7d310655db245daead6890f5b25,True,2000,1009,414,595,41.0,1.11,277.48,52,1785402386617,1788775724232,39.0,124.06,0.447,27413.0717,50,2029.35,7.4,False,False,False
0xd6d47a18ccbfd7b308f5eac1bf62670d078db8ac,True,2000,804,524,280,65.2,0.52,-28959.46,15,1772217861844,1780538465133,96.3,-21727.87,0.75,0.001299,0,0.0,0.0,False,True,False
0xd6ef5649200101eb44ce8949f4cfb167b0c5a07a,True,2000,1446,1169,277,80.8,2.57,74558.07,12,1780651252764,1782777600028,24.6,-1592.2,0.021,0.00127,0,0.0,0.0,False,True,False
0xd7069764472387284eae4cef007864c85d7c00ec,True,2000,934,429,505,45.9,0.52,-10053.76,21,1780577347667,1788766924925,94.8,2966.93,0.295,0.0,0,0.0,,False,False,False
0xd7109db4ee740e0bcb88617e0a27078e8891ee0c,True,338,203,2,201,1.0,0.01,-35342.23,2,1780446102479,1780706119581,3.0,-2641.09,0.075,0.0,0,0.0,,False,True,False
0xd72a187d0f613ded4ec5505ae3f4c828265c37da,True,2000,819,579,240,70.7,1.13,1653.58,18,1762266477535,1779969283728,204.9,-956.4,0.578,0.0,0,0.0,,False,True,False
0xd73cf0b6a5227184b52f658c776119243c375af5,True,357,178,100,78,56.2,1.04,206.87,17,1741029821622,1787276896335,535.3,-1207.29,5.836,0.0,0,0.0,,False,True,False
0xd750d35610fa0c07190169e0003160574368827b,True,2000,927,538,389,58.0,2.19,4187.56,5,1783912252530,1788806474130,56.6,516.45,0.123,2411.173,0,0.0,0.0,False,False,False
0xd76ebf060a9022eefeb3238122019117b687f283,True,2000,882,516,366,58.5,0.45,-14859.11,28,1760132496242,1780672317029,237.7,-1776.11,0.12,0.0,0,0.0,,False,True,False
0xd78cd65249312f285f654c7bc2b4ef8525a61a6d,True,2000,1029,413,616,40.1,1.11,269.86,52,1785400817815,1788775634069,39.1,122.02,0.452,26886.626244,50,1961.53,7.3,False,True,False
0xd79339863b22d5c81b40e65dd9cb63d311e57bc9,True,2000,1262,689,573,54.6,0.18,-348795.69,10,1780328962623,1782911224415,29.9,-55234.75,0.158,0.0,0,0.0,,False,True,False
0xd7b34dd32a924a449a9ed0a50bcc07ff65228a27,True,2000,768,445,323,57.9,0.52,-6300.3,25,1787416122587,1788810964023,16.1,-5730.8,0.91,204.871044,2,-17.91,-8.7,True,False,False
0xd7c9f3010efdff665ee72580ffa7b4141e56b17e,True,2000,1032,469,563,45.4,0.03,-152106.82,3,1778564126676,1779108290340,6.3,-7172.91,0.047,0.0,0,0.0,,False,False,False
0xd7dc29918d5869a6715e94338316529d5847a6f9,True,2000,920,719,201,78.2,4.78,11986.1,51,1787358185638,1788817769005,16.9,452.33,0.038,17056.574568,5,-5198.64,-30.5,True,True,False
0xd7f1d74f2943d3fc5d06b94761af121c23c10290,True,2000,997,537,460,53.9,1.03,138.49,1,1788481910151,1788818539940,3.9,-194.55,1.405,8690.570875,2,-64.78,-0.7,False,True,False
0xd7ff86f4413c95b4e7828adef99701d7cea61007,True,2000,954,578,376,60.6,1.55,11403.25,20,1781552786978,1788721992330,83.0,-1264.96,0.111,0.0,0,0.0,,False,True,False
0xd81629cde95677a52752e540a98716b2da957c23,True,2000,882,463,419,52.5,0.47,-24735.8,6,1783953181119,1787568064582,41.8,-3894.75,0.157,0.0,0,0.0,,False,True,False
0xd82f7d84a524b8e82de0cb3df1f04e338604fd8e,True,2000,1670,1670,0,100.0,inf,2277059.54,3,1768805194242,1775110883506,73.0,127850.87,0.056,0.0,0,0.0,,False,True,False
0xd84102b2fc1049cfeea9c009efe333ca4966c8d1,True,2000,1009,662,347,65.6,1.23,2754.83,28,1760112904184,1788816070396,332.2,4198.49,1.524,4336.124406,4,4215.76,97.2,False,True,False
0xd8582ae1c89a719a517bed5cbaa4f1520fb2ef2e,True,116,107,68,39,63.6,2.9,1410.32,1,1773864004211,1775398647875,17.8,489.58,0.347,0.0,0,0.0,,False,False,False
0xd8625212e39be3b114c9a578d5eaaebe820c21cd,True,1343,681,388,293,57.0,0.21,-32463.6,11,1777321354699,1788685615547,131.5,-6623.54,0.204,0.0,0,0.0,,False,True,False
0xd87262c913e3d3e34dc9c2c0150f0646fdcd0e9c,True,2000,967,179,788,18.5,0.16,-30099.07,17,1777647633671,1778848354620,13.9,-1113.34,0.037,0.0,0,0.0,,False,False,False
0xd888bca48fe88ece4f604f37618ac76ef12421c4,True,542,252,240,12,95.2,10.14,30841.16,2,1780643843838,1788289047516,88.5,-2917.12,0.095,0.0,0,0.0,,False,True,False
0xd89dcd226f1f902d060b4f5897edc130d8a7b312,True,2000,513,238,275,46.4,0.45,-10613.78,9,1787346121609,1788794819122,16.8,-6339.28,0.597,87769.065739,5,94644.87,107.8,False,True,False
0xd8b6eda533fe8d7a929cee9252259385108ac227,True,2000,1048,361,687,34.4,0.54,-8633.88,16,1777731829362,1780711240135,34.5,-1712.87,0.198,0.0,0,0.0,,False,True,False
0xd8d2510889ba25eb162dcf05a0cc6661aa6e9263,True,751,327,51,276,15.6,0.74,-1636.89,14,1752500756416,1784244113958,367.4,3761.6,2.298,0.0,0,0.0,,False,False,False
0xd8f5f5aac8625c1d4c8f0d4a5fc1bc55b57f8d5e,True,707,692,689,3,99.6,8013100.34,44777.2,4,1779656874910,1779835551853,2.1,9937.38,0.222,0.0,0,0.0,,False,True,False
0xd905de91f928b20ea0ccf455e5ba07eb6373955c,True,2000,970,263,707,27.1,0.46,-33046.79,10,1781882373348,1783026954447,13.2,-6871.87,0.208,0.0,0,0.0,,False,False,False
0xd9227d6d82197d68ded75e96232eb7802e8624f5,True,468,252,108,144,42.9,0.92,-542.85,4,1787572022937,1787748085421,2.0,677.76,1.249,0.0,0,0.0,,False,False,False
0xd937b707737b81d1da49a0995f93f77cdf0e4608,True,1785,975,633,342,64.9,1.26,1419.84,60,1741625880300,1788450756910,542.0,-1489.75,1.049,1489.750961,2,-179.17,-12.0,True,True,True
0xd94dbeca6b41d4e599575bf9290142ed4d8d931d,True,2000,994,812,182,81.7,0.76,-3416.24,3,1783111006331,1785132371210,23.4,-1353.86,0.396,0.0,0,0.0,,False,False,False
0xd96549902a0322624da2f8cedbf604b30d549050,True,278,111,63,48,56.8,6.24,4669.75,6,1773703706070,1781058753010,85.1,2576.35,0.552,0.0,0,0.0,,False,True,False
0xd97aa1456bd5bf581bed6676aff8074f79dc3efc,True,321,212,188,24,88.7,5.78,8598.0,1,1770122316544,1773417812775,38.1,3960.0,0.461,0.003161,0,0.0,0.0,False,True,False
0xd9a5a1eb7e72c8d3fc3ff633e1ac1897f948bbf3,True,2000,1987,1802,185,90.7,6.78,74208.27,1,1785673038364,1786075399202,4.7,3748.46,0.051,0.0,0,0.0,,False,False,False
0xd9cb768e4e4d57d502556fe24fc1151f8637a6b5,True,928,417,283,134,67.9,5.77,106790.56,10,1761597115607,1788648743678,313.1,5676.98,0.053,0.0,0,0.0,,False,True,False
0xd9e13cad642f850ab2b848488dd31b70d23bc9fd,True,37,14,9,5,64.3,1.04,197.86,2,1769884819495,1787584974958,204.9,3155.38,15.947,2334.621437,1,-196.23,-8.4,True,True,False
0xd9fcc6565dc156424f2c00157fee615bb979c135,True,2000,1280,1062,218,83.0,1.32,38985.09,6,1780560717573,1788805069147,95.4,-36584.9,0.938,640279.997539,1,-110.78,-0.0,False,True,False
0xda0f4e7fb58bc03ad73b8756e73d70328d1d392c,True,2000,1145,520,625,45.4,0.19,-57084.95,3,1779454578145,1787722602287,95.7,-8034.12,0.141,0.0,0,0.0,,False,True,False
0xda2467b48ae28cd040ae49feb7846c856df63a49,True,2000,845,262,583,31.0,0.33,-3637.98,23,1787895300569,1788796618429,10.4,-208.19,0.057,59803.259046,0,0.0,0.0,False,False,False
0xda3be02200e1b08bcaba80672280eccc8641123f,True,647,275,121,154,44.0,0.48,-17123.55,20,1734196178372,1783025852949,565.2,-6543.52,0.382,0.0,0,0.0,,False,True,False
0xda4e19813e40124518be79e9eecbfb745738ed4e,True,615,335,257,78,76.7,0.41,-13966.71,3,1786910720407,1788107250913,13.8,-1998.73,0.143,0.0,0,0.0,,False,True,False
0xda5ba303067fc57120464c091cebc91cb3ba5f26,True,2000,950,608,342,64.0,0.7,-6064.48,3,1774028561588,1786713877079,146.8,-1000.36,0.165,18769.199374,1,17675.14,94.2,False,True,False
0xda787ec62d2eb0c7ceb7d5d5c66bbf60628d300f,True,2000,700,487,213,69.6,0.55,-63359.63,11,1764016295773,1775149236825,128.9,-16498.23,0.26,615.582773,1,46.33,7.5,False,True,False
0xda8ea8c8da09afec518a955aba00c3f3efa8f168,True,2000,1732,1132,600,65.4,2.46,19701.6,34,1785874675194,1788765578872,33.5,10979.14,0.557,0.0,0,0.0,,False,True,False
0xdaa7eff92fa5204033f8cc31216de9f7c077b623,True,2000,863,198,665,22.9,1.09,870.25,16,1787388544065,1788811388423,16.5,1285.67,1.477,1714.216971,3,229.61,13.4,False,False,False
0xdab7555a80b899eeb09386249f2d52459c691124,True,513,192,111,81,57.8,0.51,-8681.03,23,1748084981884,1788459631114,467.3,-2960.08,0.341,1833.609605,1,464.36,25.3,False,False,False
0xdabcf6b97cf9906e268b9ddce05ea2e22aa5e609,True,2000,972,640,332,65.8,0.65,-18465.37,22,1773857086901,1788804865704,173.0,-4006.86,0.217,3235.727553,1,69.35,2.1,False,True,False
0xdaf359af9d2ec10930368b95d9eecc919478e8ed,True,1889,738,259,479,35.1,2.72,26848.01,8,1786705834751,1788792866215,24.2,4213.23,0.157,0.0,0,0.0,,False,False,False
0xdb03316e29aa630aea755184c9b08033ea859014,True,109,40,17,23,42.5,0.03,-2476.05,11,1756260358234,1782412483126,302.7,-1699.52,0.686,0.0,0,0.0,,False,False,False
0xdb1724590c4cb6395cfdfdac5bf2c53fba248f2e,True,330,151,110,41,72.8,1.49,4701.46,17,1781473833063,1785401948133,45.5,2690.0,0.572,0.0,0,0.0,,False,True,False
0xdb31354dce921740a4deee9d20d195d37f406f70,True,1878,998,312,686,31.3,0.26,-12644.04,6,1785763535213,1788807784879,35.2,-1762.0,0.139,0.0,0,0.0,,False,True,False
0xdb48300c68a3b1a4384c587c2a0543f8424f736a,True,2000,826,211,615,25.5,0.64,-816.84,16,1778329241004,1785998900610,88.8,-452.5,0.554,0.0,0,0.0,,False,True,False
0xdb5a7b0728aa0041fe66a4f775c77e559aa81248,True,2000,644,481,163,74.7,3.04,25502.94,19,1781082299965,1788796593305,89.3,4340.31,0.17,4907.346641,1,38.14,0.8,False,False,False
0xdb751231b093863181be0f72536072d5a217d459,True,1289,652,390,262,59.8,1.41,7020.27,17,1748886767246,1787018010251,441.3,-3493.1,0.498,0.0,0,0.0,,False,False,False
0xdb871356f8935567bb9f7975edf9c649ab8989aa,True,2000,912,696,216,76.3,1.12,5643.64,44,1735146582843,1787519887422,606.2,-17728.22,3.141,4271.744615,1,-3897.18,-91.2,True,True,True
0xdb990d29425d5857b0d90e8ba4ab6180b3c8cb6c,True,1969,811,390,421,48.1,1.02,575.76,26,1738807233438,1779389432014,469.7,1489.68,2.587,0.0,0,0.0,,False,True,False
0xdbbb2f357a7aeb9194c3a8d51e0b4a8dc440ab93,True,2000,1083,439,644,40.5,1.02,26.25,52,1784277390107,1788772090170,52.0,-44.97,1.713,5661.912429,50,439.81,7.8,False,False,False
0xdbccfc5108f33f6845a6d1db9c9794df884bfcc8,True,1025,425,241,184,56.7,2.26,40299.62,30,1723601587678,1788268718621,748.5,15422.67,0.383,27853.514536,7,18301.68,65.7,False,True,False
0xdbe38e0fc37955287265f4ecf2f4aa5b6a43da47,True,2000,1024,792,232,77.3,0.71,-3370.2,45,1783073109677,1786866731188,43.9,-842.72,0.25,0.0,0,0.0,,False,False,False
0xdbf82b69443fbf2cf0161df074a6757384972480,True,1140,552,296,256,53.6,1.68,1873.87,22,1786692524928,1787879476058,13.7,1157.27,0.618,0.0,0,0.0,,False,False,False
0xdc193905ec54334dafff3d3bb7f3a5de46594cd2,True,1386,689,296,393,43.0,0.6,-2553.56,1,1777305215048,1782830301661,63.9,-864.19,0.338,0.0,0,0.0,,False,False,False
0xdc33f6b90d75092e88b8d55f29002adaf86dae07,True,1076,413,126,287,30.5,1.24,2001.95,11,1762192249835,1778004112583,183.0,1650.62,0.825,0.0,0,0.0,,False,True,False
0xdc431c8fa2cddd004c5cecaacaab8f5fa37e19e0,True,2000,962,408,554,42.4,0.62,-2443.84,16,1786843539697,1788816900217,22.8,-1139.75,0.466,1654.940242,1,-22.47,-1.4,False,True,False
0xdc4fb5904c3d89f8ba38fe3ce888078b3e73fdff,True,1153,634,404,230,63.7,2.38,17879.86,14,1770889113043,1781715615419,125.3,5396.23,0.302,0.0,0,0.0,,False,True,True
0xdc60cdc0c5eda01ebd6ee7385eba1edd44a5b819,True,2000,1128,842,286,74.6,4.25,3605.06,4,1785507408154,1785963397905,5.3,281.91,0.078,0.0,0,0.0,,False,True,False
0xdc7e0217ebef8dd5726dbad6de202ee87b10d4a0,True,2000,1062,240,822,22.6,1.27,14913.7,4,1769551505327,1781750412612,141.2,18960.36,1.271,0.0,0,0.0,,False,False,False
0xdc8cebdbfa78a946639653055e584722bdb5894b,True,2000,1078,277,801,25.7,0.55,-214178.43,9,1765765010288,1781694152494,184.4,-91391.62,0.427,0.0,0,0.0,,False,True,False
0xdca131ba8f428bd2f90ae962e4cb2d226312505e,True,2000,1491,735,756,49.3,16.0,805543.02,13,1773007790179,1788804796616,182.8,65399.52,0.081,3479.855242,1,-4839.15,-139.1,True,False,False
0xdcb27f9d1c802af0f2c32f55e70cd30ba983cc7f,True,1583,743,280,463,37.7,1.13,3990.06,11,1787192158220,1788183986799,11.5,-8817.56,2.21,49.361201,1,-37.88,-76.7,True,True,False
0xdcd226433727c46f0ba6f6839b330fd264f10d6c,True,1345,650,169,481,26.0,0.34,-23457.2,27,1773084514166,1781067606860,92.4,3239.29,0.138,0.0,0,0.0,,False,False,False
0xdcea55f34024295279bba300ef284b193b4383b5,True,202,81,46,35,56.8,2.7,4727.55,5,1758081554724,1782000000047,276.8,3052.22,0.646,1588.840075,1,-1288.5,-81.1,True,True,False
0xdcfce80eac9a10ba01ebe1c15273523283101505,True,2000,891,411,480,46.1,0.78,-4014.58,19,1778446167446,1788800091995,119.8,-3177.51,0.791,5961.183114,2,-20.96,-0.4,False,True,False
0xdd0a20faf5147dc29a16e43e5c0fd4ca9bfb4e36,True,2000,453,147,306,32.5,0.45,-6723.52,16,1768570805375,1788800882474,234.1,1414.07,0.21,4936.938585,2,346.98,7.0,False,True,False
0xdd1a3ea051f045655db98ab4de309fb04758fec0,True,2000,930,393,537,42.3,1.43,15110.6,22,1775596744527,1786362269482,124.6,5043.25,0.334,0.0,0,0.0,,False,True,False
0xdd3df1f14b432691afb1ff956289fa36d5974b88,True,2000,1166,1166,0,100.0,inf,19628.03,2,1782043695453,1783985061186,22.5,133.17,0.007,0.0092,0,0.0,0.0,False,False,False
0xdd520b0d192cc1e6c665916cfbe051d73b099808,True,2000,927,604,323,65.2,1.77,9639.32,2,1787799234071,1788810461901,11.7,3982.79,0.413,92238.398924,1,-1701.25,-1.8,False,False,False
0xdd5c438e41bd794191636f13c0d71ffcd32531dd,True,2000,935,447,488,47.8,0.78,-6539.44,25,1779060096371,1786474749117,85.8,-3166.88,0.484,0.0,0,0.0,,False,False,False
0xdd6e2b9d2d1b872286352ef30ace6efd40e1ea86,True,2000,663,517,146,78.0,2.1,7249.18,17,1787927421069,1788797131154,10.1,701.05,0.097,12512.822843,3,-422.14,-3.4,False,True,False
0xdd796428615297833e8740ef68286f283abfde25,True,2000,963,944,19,98.0,17474.95,53006.71,5,1783286974893,1788525486830,60.6,4497.15,0.085,42932.79251,1,-8383.65,-19.5,True,True,False
0xdd9698f7ac812bb50187d79052388fc17b5e00b2,True,2000,955,795,160,83.2,0.5,-9336.38,1,1784642142973,1787273674701,30.5,-2123.24,0.227,0.0,0,0.0,,False,True,False
0xddad2bc636b5a0b25c5bca51690c94aef2d921e2,True,315,166,42,124,25.3,0.86,-314.23,6,1780676572335,1782676033220,23.1,-410.74,1.307,0.0,0,0.0,,False,True,False
0xddc39ad101e5ae897714febaa3a78f444aa37ab2,True,2000,1066,311,755,29.2,1.15,1794.5,18,1788368130993,1788806875259,5.1,1348.53,0.751,37315.57897,2,25820.23,69.2,False,True,False
0xddce2262be385503096bff2f65688e1564d26905,True,2000,794,275,519,34.6,0.65,-11984.6,7,1771214628231,1782833965384,134.5,-5384.81,0.449,0.0,0,0.0,,False,False,False
0xdde01147aac2152dd0776bc3ed84cc96474df52d,True,1678,889,609,280,68.5,3.87,242911.71,11,1729371866152,1788274991304,681.7,33723.53,0.139,0.0,0,0.0,,False,False,False
0xddfa95dfb378d271abb3d092e9755eaa75ab62ef,True,2000,1018,335,683,32.9,1.05,443.16,15,1774976066977,1788785329186,159.8,-396.98,0.896,691.704039,1,-77.44,-11.2,True,True,False
0xde078b88449853643f29f5928fe1fb9284ed022f,True,891,394,218,176,55.3,13.24,79196.53,53,1709055650508,1782951571970,855.3,12895.64,0.163,0.0,0,0.0,,False,False,False
0xde236b0b3b367d5ad2a2c42b914bded79d03fe28,True,2000,1374,788,586,57.4,1.55,1926.13,22,1774022445091,1774428310489,4.7,-294.56,0.153,0.00852,0,0.0,0.0,False,True,False
0xde3d3affd84cbfb868f58e9dd04e7b53596f9f77,True,2000,850,311,539,36.6,0.68,-1852.88,3,1775101559822,1776883401139,20.6,893.56,0.482,0.0,0,0.0,,False,False,False
0xde58c7b2335c895c53571a6f237c78b066924370,True,2000,1010,254,756,25.1,0.73,-36245.71,24,1772033735281,1787249289363,176.1,-5043.88,0.139,0.0,0,0.0,,False,True,False
0xde67a02a9e081c5788212a20818369b7066ec463,True,2000,1052,431,621,41.0,0.8,-4600.31,6,1787504105975,1788789853811,14.9,3535.31,0.768,59421.745029,2,-1337.89,-2.3,False,False,False
0xde81c50706d4fc4abc27902af6902e3385c75a75,True,2000,889,684,205,76.9,1.43,1697.83,25,1779438676787,1783966207858,52.4,-290.08,0.171,0.0,0,0.0,,False,True,False
0xde902a53278b301b9ad5b1010b9e641bc90e2010,True,1892,922,693,229,75.2,1.8,12780.88,15,1755265651500,1786787583548,364.8,-5181.04,0.405,0.0,0,0.0,,False,False,False
0xdeace3af4955089f1758cbf246352d807b12707f,True,1038,799,421,378,52.7,3.09,51515.41,8,1752699190519,1787184000002,399.1,11272.98,0.219,0.0,0,0.0,,False,False,False
0xdebd491a259a242fc9bd8fd780a507e8e062b67a,True,2000,1058,356,702,33.6,1.24,1519.97,5,1782883508927,1788801010388,68.5,383.06,0.252,1358.04807,3,-29.24,-2.2,False,False,False
0xdedafe302d5d43d26d1a2c794c2b2979598658ac,True,2000,1079,524,555,48.6,1.04,397.28,15,1785750932803,1788815105467,35.5,292.5,0.736,560.127982,1,-15.5,-2.8,False,False,False
0xdee8f81017ebca8aaa096c3e78db2c417b7fcd45,True,2000,1014,662,352,65.3,4.03,351.36,24,1787908464309,1788815065169,10.5,5.94,0.017,239.10151,6,25.59,10.7,False,False,False
0xdef7acfce5e01fdffd57efd9161c449583c8bc56,True,2000,900,433,467,48.1,0.4,-33443.89,19,1763368681647,1785822947406,259.9,-7412.79,0.222,18663.305495,1,-36490.57,-195.5,True,True,False
0xdf0944d413f83abeba6bc23891bc183bb9d6a77b,True,630,238,164,74,68.9,5.03,46308.74,12,1772307435985,1788803468501,190.9,5577.02,0.12,0.0,0,0.0,,False,False,False
0xdf18f1bcb67c63f43a586bf112aad3cdc58a27b4,True,2000,1001,546,455,54.5,1.2,2265.61,8,1782502536386,1787393249744,56.6,-719.51,0.318,0.0,0,0.0,,False,False,False
0xdf33b4fb4ed142c5fb97c112fe9052213f6c5bef,True,583,277,204,73,73.6,2.91,12301.28,13,1777487414579,1782395729337,56.8,2729.32,0.222,0.0,0,0.0,,False,True,False
0xdf3e15d2335be8190ba84e25568d6341af2bc0be,True,2000,655,409,246,62.4,2.67,23943.91,39,1756502037478,1788817649431,374.0,2002.95,0.084,63017.288993,16,-20958.0,-33.3,True,False,False
0xdf4b79c5cebf5be025f9a0658a38a5440689c147,True,2000,690,303,387,43.9,5.27,160716.71,17,1784555445413,1788794113906,49.1,10461.6,0.065,160408.96004,4,6193.31,3.9,False,True,False
0xdf622092183106a56795c20a1a12b2f4497aa3d5,True,2000,1013,164,849,16.2,0.65,-7491.45,2,1781788313385,1787736214589,68.8,-1514.57,0.202,0.0,0,0.0,,False,True,False
0xdf7ff060d08a650ec761603847984dabbce4956b,True,2000,997,290,707,29.1,0.57,-6220.6,17,1774917760282,1775368613957,5.2,1547.34,0.249,0.0,0,0.0,,False,False,False
0xdf8ca6a2aa55c2e95e48817eb6398a664b9933be,True,2000,1132,582,550,51.4,0.1,-116490.56,1,1784008564931,1787353535521,38.7,-7939.12,0.068,0.0,0,0.0,,False,True,False
0xdf98101ca097790f79601d75877a7401390bcab1,True,158,77,54,23,70.1,0.2,-11658.17,2,1784500157705,1787354450642,33.0,-9501.6,0.815,0.0,0,0.0,,False,True,False
0xdfb2a1299c3ae96173de1d8cc0f9586fa4517070,True,1518,709,334,375,47.1,1.63,5242.04,33,1764079661644,1784616811336,237.7,6595.98,1.258,0.0,0,0.0,,False,False,False
0xdfcf01e9cc86723c5ff1da4db71a02cc2be487ce,True,301,117,35,82,29.9,3.31,509.98,22,1734162368423,1788288368342,626.5,390.5,0.766,135.598607,2,4.76,3.5,False,True,False
0xdfe2b668c6d4a3fa785f86cb2c64e54e30c16cb0,True,2000,931,397,534,42.6,0.52,-53192.7,9,1740477547108,1783075190727,493.0,-12762.56,0.24,27641.334325,1,1326.26,4.8,False,False,False
0xdff720130481e2ded32a0fa06bec909b9498e625,True,2000,756,431,325,57.0,8.7,89913.75,12,1787494284449,1788766311777,14.7,17614.25,0.196,111407.801441,6,31535.34,28.3,False,True,False
0xe00f0d90bc976c311a7f22cbb728d8629ccd5394,True,2000,1301,961,340,73.9,4.63,65060.13,19,1786962085152,1788812571486,21.4,3040.56,0.047,100212.045828,5,11401.32,11.4,False,True,False
0xe01bafac0ea5fc3e6e4c06463ddca8424939fb36,True,2000,985,335,650,34.0,1.28,3974.17,9,1783308385816,1788701080571,62.4,1444.36,0.363,16189.336048,1,-1933.53,-11.9,True,False,False
0xe0340263267ff48685d43101f6c6ba04fd254624,True,2000,940,773,167,82.2,1.48,7010.19,33,1784038050166,1788785025032,54.9,-3079.99,0.439,4418.75,0,0.0,0.0,False,True,False
0xe04ad91583f6759f2fb5fc78878d844e5e3c50fe,True,600,364,93,271,25.5,0.05,-15418.56,4,1775259772999,1775848252749,6.8,-2191.99,0.142,0.0,0,0.0,,False,True,False
0xe06508f3b0c49e42533b891151a2842d30430f85,True,2000,305,127,178,41.6,0.05,-66373.64,13,1787365901605,1788815482193,16.8,-2462.9,0.037,501968.058648,10,-938580.68,-187.0,True,True,False
0xe0787cf9e4a03ed0cbcf830deb5f3b1f199c65de,True,2000,884,474,410,53.6,0.84,-5943.93,31,1763976106187,1788770306873,287.0,-3264.69,0.549,2666.231166,2,540.12,20.3,False,True,False
0xe09b6cd910d75cf08ac1cb6d3705a46ec2f918f5,True,111,45,8,37,17.8,0.07,-698.37,7,1773517351468,1775606400094,24.2,-214.23,0.307,0.0,0,0.0,,False,False,False
0xe0b6312a77d98cca37521e23da618da99756c47e,True,1605,789,379,410,48.0,1.09,3078.68,27,1780559889183,1785370562245,55.7,5211.12,1.693,0.0,0,0.0,,False,True,False
0xe0d28029db2d15ab7ecea05cc63c17595782ec58,True,279,156,95,61,60.9,0.2,-8834.1,11,1762143064742,1788550255119,305.6,-3373.12,0.382,8923.431945,3,-406.31,-4.6,False,True,False
0xe0e7aa74631e8aecbb560db8dfedd87b6ac5dab1,True,1073,457,309,148,67.6,3.1,18308.71,11,1767557430253,1788697373664,244.7,2632.44,0.144,0.0,0,0.0,,False,True,False
0xe0f6fc292ce3d5560a69d2c0154e1469b3cffe5c,True,2000,862,474,388,55.0,1.05,2082.59,8,1780090078531,1781620368993,17.7,-7052.12,3.386,0.0,0,0.0,,False,True,False
0xe10aecac2f65a20b3aeed6a4298f0b7f4db461b3,True,2000,1014,0,1014,0.0,0.0,-597622.96,1,1788133622927,1788544795862,4.8,-23697.55,0.04,155893.323576,1,-30514.66,-19.6,True,False,False
0xe125ae2cfed3aa989f7fa19c3fd480db444d7b50,True,630,332,85,247,25.6,0.53,-12902.5,1,1781805456527,1788599106298,78.6,2836.37,0.22,0.0,0,0.0,,False,True,False
0xe131da9fcae1e1037558efa7a2a70b4d72e9258f,True,1065,619,368,251,59.5,1.23,1144.94,18,1758167129831,1784182735339,301.1,-186.05,0.162,0.0,0,0.0,,False,True,False
0xe14cb7014c9203289c9b9e6b559266b94a07f6c2,True,1589,836,697,139,83.4,0.47,-80250.05,8,1735778026153,1788463403143,609.8,-91003.88,1.134,0.0,0,0.0,,False,False,False
0xe169d90fc46d92097f88da43712d8362ab84601a,True,2000,1206,502,704,41.6,1.33,11890.45,6,1778451178650,1779491960991,12.0,12274.37,1.032,0.0,0,0.0,,False,True,False
0xe187055ff406f8cdf59fbae53ec20d4ecd9b771d,True,2000,1934,561,1373,29.0,0.04,-316244.35,6,1786471370247,1788461436774,23.0,-9415.52,0.03,2044806.102982,6,-4369071.17,-213.7,True,True,False
0xe19ecbce0ca652886f4fb48fd3f59bb12fb3d8f4,True,2000,1145,39,1106,3.4,0.01,-12356.48,1,1788651068433,1788696834874,0.5,-116.8,0.009,0.0,0,0.0,,False,False,False
0xe1b241b6cf0817d670248ae67b78dc388e5ef11d,True,2000,1060,555,505,52.4,0.36,-41165.33,3,1779375586593,1783400348985,46.6,-5777.15,0.14,0.0,0,0.0,,False,False,False
0xe1c16e2278b5ed608eed8ce226594f51b52cc485,True,2000,1081,471,610,43.6,0.7,-9990.36,12,1776963491116,1788297587819,131.2,-1789.82,0.179,0.0,0,0.0,,False,True,False
0xe1f0148b74d7334435820dc3e383f4ca7969d541,True,1320,0,0,0,,,0.0,1,1784196245155,1784324863736,1.5,0.0,,0.0,0,0.0,,False,False,False
0xe2023ae058bdec475edad6065b99610cd5e385e9,True,1685,799,339,460,42.4,1.98,32570.78,20,1749714137089,1788448205881,448.3,17732.21,0.544,3329.914277,2,-108.76,-3.3,False,True,False
0xe216ae1242c182780adeb7e8d7ddce81ebf6b88c,True,1043,451,324,127,71.8,1.61,6366.87,12,1762127251529,1788551691261,305.8,7704.89,1.21,18201.924547,2,-2783.41,-15.3,True,True,False
0xe2314fa34c9161190d4502a95e38540e98b2bac7,True,841,351,242,109,68.9,0.61,-3739.23,12,1782887550388,1787875200079,57.7,-1006.63,0.269,0.0,0,0.0,,False,False,False
0xe24c322324e02cdd9989d3092be456e92cde53f2,True,2000,928,317,611,34.2,1.09,17532.69,9,1771106170032,1788531419292,201.7,8292.27,0.473,152616.059097,2,42008.58,27.5,False,True,False
0xe25ae5208e01a4f6b7b009ca41893f6636ad0869,True,2000,1382,573,809,41.5,0.82,-27334.0,7,1772313362674,1786364186144,162.6,-9836.37,0.36,0.0,0,0.0,,False,False,False
0xe27e2f5dac6fc0fadc04ddf956481820a6484db8,True,843,440,410,30,93.2,0.42,-21637.94,1,1779805571543,1788525754267,100.9,-8406.88,0.389,40348.12122,0,0.0,0.0,False,True,False
0xe2909e43d016a71785e51de11f37658bfaaf7c0f,True,1627,789,714,75,90.5,5.37,48005.38,23,1748369001890,1788705949308,466.9,-2976.06,0.062,15715.6,0,0.0,0.0,False,True,False
0xe29d84a6f37858d7f8017be454ee35726511e525,True,2000,1034,451,583,43.6,1.02,124.58,1,1788473890163,1788819372536,4.0,327.79,2.631,31826.235969,1,-12.66,-0.0,False,True,False
0xe2b1755c08a1f0489de8cc11140177cfe7ac1af8,True,2000,1056,498,558,47.2,1.51,6524.62,23,1785765267930,1788817081527,35.3,1486.61,0.228,10860.370071,7,-500.93,-4.6,False,True,False
0xe2ca93136a2f8b434533093c6aa9b7c5736a86f8,True,2000,995,584,411,58.7,0.51,-3068.85,4,1780562400017,1788705416047,94.2,-1110.74,0.362,889.381915,1,-72.19,-8.1,True,True,False
0xe2e3a437480b3d0d333f2799f77d14a362f6ccae,True,2000,941,756,185,80.3,1.53,30272.71,17,1780514665693,1787942991953,86.0,6590.61,0.218,4066.510439,1,-2864.38,-70.4,True,True,False
0xe304dc486b85559cd0d462e06ea33c00264eb413,True,806,420,171,249,40.7,0.82,-379.2,31,1762879379153,1788465392013,296.1,-510.72,1.347,351.303254,1,137.17,39.0,False,True,False
0xe314dcf3b64676e5401b4cf0dffa509e8774cada,True,732,398,215,183,54.0,1.2,1417.02,20,1738962853478,1788809352030,576.9,-1485.51,1.048,740.958073,1,-18.49,-2.5,False,True,False
0xe327f38efdcd2e7149b0299d6bf36f0f41afa605,True,2000,1116,734,382,65.8,1.98,26145.79,6,1767308650706,1772395379920,58.9,-1793.8,0.069,0.0,0,0.0,,False,True,False
0xe32edf4dc46fc081a20e20f9d77cd2aa15a681ba,True,1085,549,101,448,18.4,0.19,-22282.96,2,1787880753492,1788531445505,7.5,-2145.67,0.096,0.0,0,0.0,,False,False,False
0xe340a15e56e5a3972cbceb153eed5b5d096f1b7d,True,2000,1391,1059,332,76.1,3.29,8346.31,34,1750864274049,1774939730693,278.7,-374.61,0.045,0.0,0,0.0,,False,True,False
0xe370cfc289051bc123ec1ec5fb1b571983f0528b,True,2000,928,650,278,70.0,4.4,18757.74,48,1771265148234,1777222955157,69.0,1308.23,0.07,0.0,0,0.0,,False,True,False
0xe392e9008c49e7f82e7927a741fcb12799ebdb2b,True,2000,1023,420,603,41.1,0.95,-3370.93,14,1782396307384,1788533258201,71.0,3724.88,1.105,0.0,0,0.0,,False,True,False
0xe3a6377c58f8c488752f32a52db7348cd623dc0b,True,2000,980,222,758,22.7,0.83,-2380.01,89,1780505718527,1788802722320,96.0,846.43,0.356,3805.450362,10,311.57,8.2,False,True,False
0xe3bf8575faa592ad4c38e2e0ba0ae329a6c4b885,True,2000,1070,755,315,70.6,2.3,22249.28,3,1785162060835,1788220800019,35.4,-2799.66,0.126,0.0,0,0.0,,False,True,False
0xe3d293582c5553d681ac953b4b0bf63a1f987464,True,1020,438,211,227,48.2,1.61,18272.41,55,1704294208924,1788796717429,978.0,14219.78,0.778,2755.246884,1,-214.54,-7.8,True,True,False
0xe3e12f9e5afb9ea19b469683cd21f675c8f75749,True,2000,1044,365,679,35.0,0.53,-9311.23,24,1774842688848,1776793368053,22.6,-1765.18,0.19,0.0,0,0.0,,False,False,False
0xe3f8e6b66d81d9f3f5b6024e978a7253c21cc11c,True,1016,457,207,250,45.3,1.44,2960.91,13,1779473989374,1788766417583,107.6,2506.65,0.847,3118.439088,2,334.39,10.7,False,True,False
0xe41a59103c37ee4394bf8de1ee266cca392e4494,True,2000,1021,549,472,53.8,1.29,4743.69,19,1786716705988,1788755712873,23.6,2294.54,0.484,0.0,0,0.0,,False,True,False
0xe42921388db8d4164aa819dd948578b3b7facf10,True,2000,1017,480,537,47.2,0.83,-5210.51,1,1774445772420,1777986083861,41.0,-2662.05,0.511,0.0,0,0.0,,False,True,False
0xe4655131a4baef0a97ba098bd9d0723ffdba270a,True,2000,1246,359,887,28.8,1.14,636.15,26,1786591143140,1788550622392,22.7,233.87,0.368,2310.830338,7,3290.0,142.4,False,False,False
0xe48187a5ff791c2061e251d39412ebbe6ea02e3f,True,2000,824,474,350,57.5,1.61,4950.97,22,1784475615850,1788590964503,47.6,834.12,0.168,16213.804432,9,1480.03,9.1,False,True,False
0xe49b4c2432feba6b525fbf081f583ff37f3a2dd8,True,865,345,105,240,30.4,0.65,-4837.33,38,1777993713801,1785586446010,87.9,2523.75,0.522,0.0,0,0.0,,False,True,False
0xe4baa9cd51176265ef709a81307f9971030009e6,True,2000,1015,462,553,45.5,1.51,831.88,1,1787154945549,1787174078308,0.2,87.72,0.105,27652.823799,0,0.0,0.0,False,True,False
0xe4c66916d44dca977231eae4eb9d34154ae39e7b,True,2000,1044,418,626,40.0,0.55,-23297.15,6,1768506137917,1787922023744,224.7,2369.95,0.102,0.0,0,0.0,,False,True,False
0xe4d934cbb071a2067c624c0a716274373a980d18,True,2000,915,628,287,68.6,1.59,1351.3,16,1781318323263,1782447486872,13.1,-704.54,0.521,0.0,0,0.0,,False,False,False
0xe4e8d412e3dce3357bb420ec24e51f6bcc1a1bc0,True,2000,1002,473,529,47.2,1.3,44.39,9,1785894061742,1786174738289,3.2,46.59,1.05,0.0,0,0.0,,False,False,False
0xe4eb943941181ee5074e879cc4b6ab771c3322ab,True,1729,763,406,357,53.2,1.6,6821.66,44,1749840710445,1788670366342,449.4,2022.84,0.297,0.0,0,0.0,,False,True,True
0xe50681d35ba91c5b13412ad2ea5f34b94141b122,True,2000,1047,419,628,40.0,0.15,-291050.35,16,1770961625892,1787374587211,190.0,-34299.41,0.118,21653.849444,1,-25033.86,-115.6,True,True,False
0xe525b178f1bc9c8907afae4868f0aa74418fa34e,True,2000,830,389,441,46.9,0.43,-31677.88,13,1761145305932,1788463225393,316.2,-4223.53,0.133,0.0,0,0.0,,False,False,False
0xe53e2fe4600e553915ba9b16a53957537920e76a,True,134,81,78,3,96.3,4.16,1097.22,1,1775430538613,1775548312874,1.4,507.22,0.462,0.0,0,0.0,,False,False,False
0xe55acd0bf3eefc4303584166b0da887b7645e85f,True,254,71,42,29,59.2,3.28,10862.41,4,1774643872718,1780742278080,70.6,10916.11,1.005,0.0,0,0.0,,False,False,False
0xe5731d975d84c7222ebfd0ce8239f04ea3164e55,True,2000,886,710,176,80.1,10.1,97406.4,13,1783331674135,1788686156449,62.0,-5761.52,0.059,0.0,0,0.0,,False,True,False
0xe58b0bbda1dfc54e7c9d4439eac4a448b16c1368,True,2000,885,172,713,19.4,0.76,-12721.85,10,1776290615825,1784834028476,98.9,5449.1,0.428,0.0,0,0.0,,False,False,False
0xe5a3d8113e030526b3ff001b37649b4b837fb300,True,211,97,43,54,44.3,1.23,41.13,43,1780196307824,1781134564902,10.9,36.81,0.895,0.0,0,0.0,,False,False,False
0xe5b48cc2dac13f5da07a57b0853dd1f7147384dd,True,2000,829,424,405,51.1,1.16,4294.54,54,1758111335353,1788780090761,355.0,3953.64,0.921,237.281689,1,-99.57,-42.0,True,True,False
0xe5cb71f43e6c2b1f05b5f856b85f3abde971b399,True,715,433,236,197,54.5,0.78,-1970.19,7,1787693973310,1788694789331,11.6,-3246.78,1.648,3517.089127,1,-1962.73,-55.8,True,False,False
0xe5e096ff9413971c6b2377e7811af53e82ca4d70,True,2000,1088,584,504,53.7,1.86,6586.92,42,1786023874548,1788794898874,32.1,655.94,0.1,14987.39166,1,-358.99,-2.4,False,True,False
0xe5f819da0fa1939042a7fdf3b7bac21029a484cc,True,1999,940,302,638,32.1,0.86,-1800.13,8,1770824062906,1787003792422,187.3,821.21,0.456,7336.792656,0,0.0,0.0,False,True,False
0xe611175ae8d943b20560301b0e24b0c046514b67,True,2000,1245,658,587,52.9,0.71,-44426.23,29,1734566215831,1788766878993,627.3,-10124.4,0.228,0.0,0,0.0,,False,True,False
0xe62021b75cbceeefca45f9ca4e123ba26be61d23,True,2000,882,331,551,37.5,1.54,2547.51,5,1774855437268,1788766452501,161.0,936.46,0.368,3329.739277,0,0.0,0.0,False,True,False
0xe62e3333ffe0002b33c174b1d5461524b9634900,True,2000,1151,298,853,25.9,0.06,-109070.6,36,1739296644431,1788024326947,564.0,-8273.7,0.076,0.0,0,0.0,,False,True,False
0xe65123c903700a65068f6a85c6f98519303bae41,True,2000,964,543,421,56.3,0.18,-195392.72,2,1785279246705,1788464924743,36.9,-67289.19,0.344,105602.338625,0,0.0,0.0,False,True,False
0xe668c4300f51344d8e6cee6294cb9cd1fb5fb5ca,True,2000,1078,270,808,25.0,0.03,-47107.6,4,1787345104437,1787691360768,4.0,-3161.52,0.067,0.0,0,0.0,,False,True,False
0xe67b963efe5e5bbd50216dfd5331f218e21cd76f,True,2000,1085,358,727,33.0,2.43,12543.35,1,1780931387662,1788480000030,87.4,1263.14,0.101,0.0,0,0.0,,False,False,False
0xe684aedcb17d70923dd50ac757ecedc43d86cc49,True,2000,1081,643,438,59.5,2.38,32941.94,8,1787241355772,1788792165519,17.9,-2419.9,0.073,0.0,0,0.0,,False,False,False
0xe69386e5968ae4d6f8ad2b10d0915302290d6e48,True,2000,942,512,430,54.4,0.73,-3957.55,48,1762153995671,1788480809576,304.7,1198.33,0.303,113.564315,2,29.28,25.8,False,True,False
0xe6a299dedd4b1033b128486102f6b0efa2645088,True,2000,1079,379,700,35.1,0.6,-15482.79,28,1760607307336,1782319911664,251.3,-3041.92,0.196,0.0,0,0.0,,False,True,False
0xe6b2987d9a2bb2a5f488073e791615211ffa7c1b,True,2000,812,208,604,25.6,0.93,-269.15,19,1788383583025,1788819744917,5.0,486.15,1.806,4200.671399,5,168.36,4.0,False,False,False
0xe6ca5d46e4821d5fb38498a7f337045195a8ba0f,True,1856,959,362,597,37.7,1.11,4077.56,2,1785936121025,1788704550625,32.0,4493.2,1.102,843.107436,1,-234.4,-27.8,True,False,False
0xe6df4ed7a6ccb8426cbc87bdcdd3cc6d0e6c0690,True,2000,1231,846,385,68.7,1.9,55838.08,28,1775857842455,1788074522142,141.4,-4794.22,0.086,171132.472225,1,217657.22,127.2,False,True,False
0xe6f8d80dfa268bd7709c0983d67a5df4e23a8d56,True,620,353,176,177,49.9,1.38,1748.01,11,1771818096481,1779926400013,93.8,1151.19,0.659,0.0,0,0.0,,False,False,False
0xe712d24052c44ac08079e00c57db94762fb18add,True,1446,720,266,454,36.9,0.24,-6745.25,47,1771035971113,1773990125937,34.2,-328.53,0.049,0.0,0,0.0,,False,False,False
0xe7226e4829d2bfc488426616060fb96a08a906b7,True,1401,703,324,379,46.1,0.99,-178.48,9,1785525934296,1786394202051,10.0,753.56,4.222,0.0,0,0.0,,False,False,False
0xe73fa8e0277fa1e7251314b5803bdb0d3f1fd16c,True,117,65,41,24,63.1,9.48,5512.34,3,1787282338938,1788803167265,17.6,1463.11,0.265,12208.383424,1,-300.58,-2.5,False,False,False
0xe76065321bf27cd32409b40d81736bc3b2c6f78c,True,2000,1044,521,523,49.9,1.54,4672.18,51,1787216362946,1788775592168,18.0,716.29,0.153,156675.398648,50,11460.77,7.3,False,False,False
0xe77783300714354ce0ed23cec54d3006bf693f83,True,2000,967,593,374,61.3,0.79,-8271.73,23,1781051559041,1788795845168,89.6,-4527.6,0.547,3041.412192,0,0.0,0.0,False,True,False
0xe785880e67d67fe3436cc51ad89e9f800f3a0c0d,True,2000,1256,1001,255,79.7,0.77,-28295.66,22,1778160605903,1788795541336,123.1,-16532.39,0.584,294229.121204,2,7107.1,2.4,False,True,False
0xe7af24d3f27e9bb48f268c01515860deac468d34,True,2000,968,803,165,83.0,5.05,61501.52,7,1785671260447,1788535880576,33.2,7035.69,0.114,0.0,0,0.0,,False,True,False
0xe7c8867386e620926276add1cd5392293a430694,True,2000,1029,361,668,35.1,0.84,-291.23,52,1784708813591,1788516934954,44.1,78.13,0.268,18430.054988,50,1286.86,7.0,False,False,False
0xe7dc4966d15a179ad92ac22fa56747b3b391cd05,True,1979,1170,462,708,39.5,1.2,3790.13,36,1762529273413,1788725694287,303.2,896.03,0.236,395.053485,1,-154.5,-39.1,True,True,False
0xe7ec8af1e92b6e12a77308609a8250281d016335,True,2000,997,642,355,64.4,1.88,5445.87,27,1788477846492,1788807034427,3.8,615.33,0.113,13376.828557,1,-223.14,-1.7,False,False,False
0xe80a160c345f810db3ea862822e40eda9af3f261,True,689,338,205,133,60.7,2.51,17478.32,10,1785497219899,1787723363627,25.8,5959.28,0.341,0.0,0,0.0,,False,True,False
0xe8185563083a0eb6caf1426e4b6f2dda100378fb,True,2000,833,438,395,52.6,0.93,-794.15,19,1776085212375,1788798095168,147.1,-1078.4,1.358,63.83153,1,-5.64,-8.8,True,True,False
0xe83054865a23ca7b74e4a13a5e7bbc2010291820,True,2000,916,299,617,32.6,1.55,10346.4,4,1785875539813,1788463030196,29.9,19593.25,1.894,0.0,0,0.0,,False,False,False
0xe850b70a8a5589a97e7dc828ef49ba31b3ac431f,True,2000,837,552,285,65.9,0.81,-339.91,7,1785857169144,1788304407521,28.3,-290.83,0.856,0.0,0,0.0,,False,False,False
0xe86c15f6bf1030e89317363116f28a012451f90c,True,346,211,163,48,77.3,2.39,5593.21,21,1757289600089,1788525132783,361.5,837.94,0.15,13226.077702,2,-6412.1,-48.5,True,True,False
0xe882f102f8e5aecdae5dfec63ea396e91619e676,True,2000,1029,669,360,65.0,1.11,5829.22,6,1740226365171,1776537686334,420.3,-3534.78,0.606,0.0,0,0.0,,False,True,False
0xe89a0f2f50d77284876c06d57d480ed14066e610,True,2000,1008,447,561,44.3,1.16,2671.97,11,1773015389815,1788393883953,178.0,2664.4,0.997,0.0,0,0.0,,False,False,False
0xe8a9a4a89581b26ff1e959e25b4b6e21973f497b,True,2000,907,422,485,46.5,0.44,-6731.83,23,1785011656137,1787891264825,33.3,-2523.98,0.375,1044.008049,1,49.3,4.7,False,True,False
0xe8c27e2f0ab3ad944754925e0c0e6c23085fb6dc,True,2000,971,504,467,51.9,0.44,-30402.58,29,1758293759395,1776542641221,211.2,-4317.46,0.142,0.000599,0,0.0,0.0,False,True,False
0xe8e09cd5cc1c58dc25d66333918d9de1f95acecd,True,2000,680,306,374,45.0,0.86,-1174.7,14,1780004314119,1788803151554,101.8,480.49,0.409,262.848938,2,11.1,4.2,False,True,False
0xe8f71ed95b855d73d973010af37e8102b3fa5a2e,True,2000,937,579,358,61.8,0.94,-917.64,7,1780658345863,1785852329993,60.1,-906.83,0.988,0.0,0,0.0,,False,False,False
0xe90071f8b2ff4e104a06dd29f862ff0cfea6c6b0,True,2000,1044,599,445,57.4,1.7,1265.41,1,1787744100993,1788788108092,12.1,-215.95,0.171,0.0,0,0.0,,False,True,False
0xe911e86837e4a3b9ac85fe9cbb05ffbe65ee39bb,True,645,286,64,222,22.4,1.75,5064.91,8,1765420361726,1788537796253,267.6,2913.02,0.575,6351.738003,1,1291.57,20.3,False,True,False
0xe920e262a52e0f14949eb0b935fc928751bccbb4,True,2000,1001,655,346,65.4,0.81,-2380.65,21,1779681418745,1784111284377,51.3,-998.86,0.42,0.0,0,0.0,,False,True,False
0xe92cdf7b804a836a71219cda2b00274d57ac030f,True,2000,1474,535,939,36.3,0.62,-716.77,1,1788633037030,1788819914194,2.2,-95.08,0.133,27694.186785,1,2.58,0.0,False,False,False
0xe94918d2a7be6cafe69951329df9815174a0a7ff,True,1817,884,373,511,42.2,0.79,-6075.1,26,1782886574417,1788797524436,68.4,-6178.01,1.017,2089.587745,3,172.3,8.2,False,False,False
0xe964488a4b832ab48702a453309cfa7bd992f40f,True,2000,946,311,635,32.9,0.34,-9660.61,48,1781724855984,1788810101332,82.0,-4435.36,0.459,1287.657893,1,1222.25,94.9,False,True,False
0xe97555fce489c472ffcd854f9606dc8e3328dc18,True,2000,881,454,427,51.5,0.93,-1235.61,20,1741032862373,1788595343441,550.5,2371.29,1.919,6814.914884,1,-209.74,-3.1,False,False,False
0xe9805150ad0f944d16f455a671066679aa945614,True,2000,761,591,170,77.7,2.96,7277.36,14,1780288328483,1781099649996,9.4,1170.49,0.161,0.0,0,0.0,,False,False,False
0xe98c1b647a1c9ea3ca029c3170d49b6854634245,True,1625,681,571,110,83.8,29.65,136670.05,11,1736512212411,1788795253195,605.1,13244.7,0.097,88749.835728,5,-3816.48,-4.3,False,False,False
0xe9af046bb84ef42469878dd21217c647af8b04f0,True,2000,1053,662,391,62.9,0.57,-14870.91,8,1784775232261,1787819529622,35.2,-2368.81,0.159,0.0,0,0.0,,False,True,False
0xe9c38a838e15c40022b8242f612e28e5b3a5a9d6,True,197,102,32,70,31.4,0.24,-4928.56,6,1764547734708,1788673713979,279.2,-4205.74,0.853,0.0,0,0.0,,False,True,False
0xe9dd8646f98fe128991eaa59de370f5fa276fc5a,True,1378,590,248,342,42.0,0.7,-10263.83,16,1781403989484,1784192496632,32.3,3216.33,0.313,0.0,0,0.0,,False,False,False
0xe9f8f95033b8299d2754cb689b9cdc32d752ad34,True,933,452,368,84,81.4,29.01,138126.71,12,1769596367645,1787494695936,207.2,28435.78,0.206,0.0,0,0.0,,False,True,False
0xea14360ca045e682225583ad65f55aa7af84b1d5,True,2000,1064,592,472,55.6,0.88,-6379.05,9,1772195161467,1787886368982,181.6,-5393.62,0.846,0.0,0,0.0,,False,False,False
0xea254d892d1c130f7c6fb6a9ab16128e6905b78f,True,2000,993,272,721,27.4,0.36,-6648.51,3,1785303111550,1785891440654,6.8,-459.3,0.069,0.0,0,0.0,,False,False,False
0xea36343b2ea3920a4567624cca66a1fdc15d7ab5,True,2000,1161,966,195,83.2,5.41,80641.44,16,1740479014786,1788170804554,552.0,21200.27,0.263,68215.398631,2,28843.14,42.3,False,False,False
0xea5a0514cc0b7ad227ac77bd86a68774696b5ca8,True,466,125,32,93,25.6,0.66,-11230.45,18,1750259282481,1788778895629,445.8,10402.26,0.926,80967.309846,5,-136159.11,-168.2,True,True,True
0xea768d8faa0c62109ca3d0812be3b7e9ebd8c5b1,True,2000,890,536,354,60.2,0.71,-5751.95,9,1762873224686,1788811180192,300.2,-1184.14,0.206,4645.937919,2,161.48,3.5,False,True,False
0xea9fba9d733d2cbd697843fcd73cef6ca8e9dab5,True,2000,936,317,619,33.9,0.02,-20046.05,4,1785866757779,1788817915766,34.2,-10168.4,0.507,703.566239,1,14.19,2.0,False,True,False
0xeac3bb857689ba17247f2916d5f3e28e680e8ccd,True,2000,1060,555,505,52.4,0.61,-3752.13,23,1788526222010,1788817568105,3.4,-667.69,0.178,50973.899346,9,2604.17,5.1,False,True,False
0xead1bf5330c1d872022eced43737608fb0943a8c,True,2000,722,515,207,71.3,0.14,-247590.06,11,1779290628160,1788450183414,106.0,-26828.91,0.108,0.0,0,0.0,,False,True,False
0xeadc152ac1014ace57c6b353f89adf5faffe9d55,True,2000,1932,1305,627,67.5,2.81,1481370.9,16,1785297992566,1788795682092,40.5,102310.79,0.069,9013596.816813,35,3589134.88,39.8,False,True,False
0xeae62272944c9023b2fc511c9521a5490f553ec1,True,1613,763,507,256,66.4,1.63,1515.74,70,1782834891498,1788804417355,69.1,79.16,0.052,15893.263317,5,20.37,0.1,False,True,False
0xeaf9c713acd3ae40c11c724c442580dc3b7410f9,True,2000,788,453,335,57.5,2.37,25884.88,44,1774455259262,1788773573799,165.7,2422.3,0.094,12414.869246,3,2235.33,18.0,False,True,False
0xeb02cd7dc96ad3981d12ec0937af3cbe4d5f147a,True,2000,1012,392,620,38.7,0.66,-12058.35,13,1773792508141,1773979437299,2.2,6247.15,0.518,0.0,0,0.0,,False,True,False
0xeb1552e06175553d764c13f7c5c6303634d67fbd,True,2000,1095,698,397,63.7,1.15,4369.13,18,1758682308979,1788750814436,348.0,5850.0,1.339,10546.326918,1,-1372.0,-13.0,True,True,False
0xeb2c0082788e0b989eaf8e2979537a549d0f39db,True,235,132,49,83,37.1,1.28,1191.77,4,1769534407654,1786092141688,191.6,-969.69,0.814,3484.890732,0,0.0,0.0,False,False,False
0xeb45a396839046b47fe7f22f608adbeb90735e8f,True,1280,449,270,179,60.1,0.93,-1227.59,27,1745694501179,1788771885065,498.6,-3275.4,2.668,0.0,0,0.0,,False,True,False
0xeb6101d77aaf4547bfa20c1c2cb78e79f274a517,True,619,294,199,95,67.7,1.21,1349.74,5,1784730708279,1788493635565,43.6,2378.4,1.762,0.0,0,0.0,,False,True,False
0xeb7f3e17a7c525a90010a9c7d99b85006e0c0c01,True,1062,206,98,108,47.6,3.24,18441.23,37,1777676626956,1788720339667,127.8,5506.6,0.299,444357.53188,33,143591.69,32.3,False,False,False
0xeb996667518ab265924774d0b18ecfcef8392253,True,2000,940,357,583,38.0,0.8,-6087.74,44,1765557669436,1788713804990,268.0,-1789.33,0.294,1510.559022,1,-143.4,-9.5,True,False,False
0xeba8f0c3d9dabc7c58c028b8eb7ca02adf703c61,True,2000,1046,753,293,72.0,1.46,42020.23,12,1781283821528,1788609302390,84.8,7797.25,0.186,0.0,0,0.0,,False,True,False
0xebc4f001069816d9d4b25206310771d9dd5f25f0,True,2000,898,405,493,45.1,0.52,-17375.61,23,1759096444758,1776091482852,196.7,-2742.42,0.158,0.0,0,0.0,,False,False,False
0xebcf1028cfadcda08c252556a62222afac6937ce,True,2000,936,426,510,45.5,0.81,-22578.85,19,1758847992793,1781556313799,262.8,-12224.55,0.541,0.0,0,0.0,,False,True,False
0xebe5162899cd82531b202c3c02e386dd13bbc47b,True,2000,1778,742,1036,41.7,0.9,-9.9,23,1786592451935,1788688302491,24.3,-3.7,0.374,1579.105826,19,334.71,21.2,False,False,False
0xebf0389a74c46fab4d6681737c7fadabd390d9e9,True,2000,822,646,176,78.6,0.77,-2378.07,7,1778776631888,1788539500475,113.0,-955.21,0.402,0.0,0,0.0,,False,True,False
0xec0b9922a0529af362a13a6124a552c6bb643c9e,True,2000,1146,622,524,54.3,0.35,-34240.66,14,1761201538444,1788446936885,315.3,-10069.89,0.294,0.0,0,0.0,,False,True,False
0xec23c3678d2fb42b85171c578d3a8709113458f6,True,2000,1055,456,599,43.2,1.36,3349.72,25,1784637208136,1788512218240,44.8,2183.57,0.652,7703.514645,1,-880.85,-11.4,True,False,False
0xec36697c3c8c8e385b37e17df40dbcbe2dbd9ffc,True,2000,863,528,335,61.2,0.49,-7066.53,33,1759970839028,1788791768232,333.6,-1681.75,0.238,0.0,0,0.0,,False,True,True
0xec70a124472704b5efc26545ddd5f3cbe18c5a4c,True,2000,922,537,385,58.2,0.36,-61449.24,2,1779468357980,1788795720853,108.0,-21653.67,0.352,6345.602256,1,-189.0,-3.0,False,True,False
0xec878184c54b89d25c7ef830a2b06d3513ddb5aa,True,2000,753,610,143,81.0,5.14,38295.84,12,1783690424163,1788815702325,59.3,2607.14,0.068,24414.130351,3,-137.42,-0.6,False,True,False
0xeca0548e62e08dd4f7cecdd56ac8dfd79ee8ab01,True,267,122,54,68,44.3,0.11,-87647.75,6,1760924739708,1788482090689,319.0,-10714.98,0.122,0.0,0,0.0,,False,True,False
0xecb6ff70c356c5282be2058907a8fdb372a02fad,True,2000,1056,505,551,47.8,0.86,-4255.15,23,1773731693180,1782844663565,105.5,-2228.11,0.524,0.0,0,0.0,,False,True,False
0xecddaded769cfd3242b369e770ad3777788c4160,True,2000,1089,385,704,35.4,0.44,-75.52,33,1775275055591,1778509241616,37.4,-7.93,0.105,0.0,0,0.0,,False,False,False
0xecf41a2880c919d13ec17bd626f8f7ba9a4fc3a3,True,2000,1055,554,501,52.5,0.75,-5323.94,28,1753716612400,1787271499618,388.4,-2203.98,0.414,0.0,0,0.0,,False,True,False
0xed022833ba724919f9c8ce5a6a8abc9db4021e4d,True,2000,864,491,373,56.8,0.24,-68751.96,16,1745415561415,1787623383572,488.5,-26061.96,0.379,0.0,0,0.0,,False,True,False
0xed127f40bd392dadd2e92cf39a7c8f7ffa832d7a,True,2000,921,636,285,69.1,0.7,-7948.2,11,1782576156437,1786990677987,51.1,-1523.54,0.192,0.0,0,0.0,,False,True,False
0xed2ba52e2ac977f7238a5c772a79dee6b6b4af4d,True,2000,933,423,510,45.3,0.74,-5997.9,3,1771971782936,1783814400016,137.1,-1222.55,0.204,0.0,0,0.0,,False,True,False
0xed3c678f04d92c78c101154a271a50ad9089f443,True,2000,1100,878,222,79.8,0.87,-16380.45,7,1776401763029,1788321741184,138.0,-12860.35,0.785,999733.158486,3,-214978.17,-21.5,True,True,False
0xed5da2209015f365f4b213d0168b90ce5c9145ec,True,2000,769,596,173,77.5,6.56,55511.69,11,1785551056659,1788713457418,36.6,2505.15,0.045,18385.441168,6,-2779.38,-15.1,True,True,False
0xed7301e4355b38b915ac0901bdc15ea658a05a62,True,383,160,75,85,46.9,0.55,-2079.4,5,1785484290697,1787336464954,21.4,-1435.62,0.69,0.0,0,0.0,,False,False,False
0xed8217b4e315c64a4584a6d98c6a41cb86c19d50,True,2000,994,471,523,47.4,1.17,327.06,59,1783240571954,1788776153081,64.1,156.89,0.48,2052.355983,50,1030.95,50.2,False,True,False
0xeda7dbbd44a0c5800dfa9cdd3fbb585cdba288f3,True,2000,1091,525,566,48.1,0.16,-233710.89,23,1786626744517,1788523762429,22.0,-10412.47,0.045,67814.928455,1,-80022.68,-118.0,True,True,False
0xedc0071fe36eac1353bb497868cf8cf125f232da,True,2000,966,551,415,57.0,0.91,-1.68,9,1778570561908,1779460771810,10.3,1.83,1.088,0.0,0,0.0,,False,False,False
0xedde3a5fd61a11d315ae822d14aa446bfddc723e,True,55,30,0,30,0.0,0.0,-5529.9,1,1788278992075,1788342781036,0.7,-1297.98,0.235,0.0,0,0.0,,False,False,False
0xedf510cc152044b439902a945a80817c49f2642f,True,2000,933,731,202,78.3,0.56,-4496.95,13,1788522085907,1788819966806,3.4,-1395.11,0.31,203.912635,1,4.19,2.1,False,True,False
0xee0dc2bf7b8c49dc91a71bbc6c540f7cc4f0f0a7,True,808,272,257,15,94.5,36.18,9298.56,4,1774020817244,1776444404879,28.1,1518.72,0.163,0.0,0,0.0,,False,True,False
0xee2549522a965522877497578d6f135084f2994a,True,2000,1086,974,112,89.7,7.73,48856.19,4,1778179095565,1787356800028,106.2,5254.55,0.108,0.0,0,0.0,,False,False,False
0xee3bb992d444f329a5efb5bb621fb8fbd1d9dd9c,True,2000,957,580,377,60.6,0.67,-16122.83,30,1776967204150,1788525378034,133.8,-4635.2,0.287,2207.672626,2,2050.54,92.9,False,True,False
0xee4d973a7972935b0d613dc70f9e666a5e45a7ba,True,2000,932,399,533,42.8,0.19,-119225.62,35,1759479763388,1788776954025,339.1,-29342.34,0.246,0.0,0,0.0,,False,True,False
0xee6a43517abcfeb267be4a8c48e307cc37d5962e,True,1107,476,208,268,43.7,1.47,12817.86,22,1741986031031,1788116307425,533.9,11149.2,0.87,0.0,0,0.0,,False,True,True
0xee7aabf5cf3d688deecb72c3d948f9c5b7ca8e10,True,2000,895,610,285,68.2,0.28,-77955.7,6,1776604767368,1776854974743,2.9,-20854.17,0.268,0.0,0,0.0,,False,False,False
0xee83afee1163e049573a3d0c3951842a53a07fe8,True,2000,594,220,374,37.0,1.48,1150.76,6,1780790366731,1781294856121,5.8,342.88,0.298,0.0,0,0.0,,False,False,False
0xeeaf4055e581dae6a4eaea0a66181ecb207787f1,True,2000,1068,666,402,62.4,3.31,117496.07,23,1756645165059,1787484656476,356.9,12657.09,0.108,28610.683099,4,-14764.81,-51.6,True,True,True
0xeec0c902b3d3cca9241d7ffd9b607b372cb1a007,True,638,292,84,208,28.8,0.42,-5782.24,2,1786885770414,1787312015524,4.9,1319.0,0.228,0.0,0,0.0,,False,False,False
0xeeda342092cf4075e9fe3746ee478df31ac3aab7,True,2000,1203,405,798,33.7,0.57,-6585.69,8,1780132215303,1786948372111,78.9,1957.2,0.297,0.0,0,0.0,,False,False,False
0xef01c59f949c829ff233e889e6e89f21307a86bf,True,2000,1094,519,575,47.4,1.89,38147.54,31,1779058693006,1788648417521,111.0,7840.87,0.206,63980.841714,5,6399.87,10.0,False,True,False
0xef23b47d6b3b254c95221fe6755bd5a45bf31e39,True,2000,841,603,238,71.7,0.76,-4558.6,12,1781027033098,1785418255628,50.8,-2341.12,0.514,0.0,0,0.0,,False,True,False
0xef3d048fc644f8cce5f1b46aee95c0f8987d02a7,True,2000,1827,1326,501,72.6,1.38,712.18,14,1788754268701,1788844955645,1.0,-64.37,0.09,306705.939781,0,0.0,0.0,False,True,False
0xef548852524ba942e71fc01d50eb1d5e4ea8520c,True,546,256,80,176,31.2,2.52,3634.96,6,1758384416617,1787094036878,332.3,870.72,0.24,0.0,0,0.0,,False,False,False
0xef6985b07e44c98d640b6aeb15c0a25a86a800b7,True,2000,887,358,529,40.4,1.0,358.77,1,1788431455067,1788822454538,4.5,-11871.83,33.09,0.0,0,0.0,,False,True,False
0xef79b9d76590b873409430b17b0ec9aecc64fb70,True,2000,1023,452,571,44.2,1.78,2294.55,1,1787522407564,1788847332404,15.3,406.06,0.177,0.0,0,0.0,,False,False,False
0xef91b28f5763b49812f39154d0db15a01ca1506a,True,1193,494,323,171,65.4,4.61,331472.21,22,1756215833278,1780461066517,280.6,25891.35,0.078,0.0,0,0.0,,False,True,False
0xef9f3133a565efb2966e86b1a34921fc0fd932fb,True,2000,1035,993,42,95.9,6.5,60753.01,9,1781397788806,1787184000002,67.0,8979.0,0.148,0.0,0,0.0,,False,True,False
0xefb7190fbddc3f566b0636eaedbc94e027aa32d5,True,1941,936,319,617,34.1,1.12,6154.66,9,1779006448380,1782301751198,38.1,5725.25,0.93,0.0,0,0.0,,False,False,False
0xefd90ba4c382b302f26b63be07a21a64f9ffe193,True,2000,941,358,583,38.0,0.21,-21103.59,15,1775806096808,1776083207425,3.2,-2843.73,0.135,0.0,0,0.0,,False,False,False
0xeff344907e892d70f0e8006c064d2b60bc4bfe28,True,997,413,154,259,37.3,3.58,32941.79,11,1787310403497,1788845912027,17.8,22197.16,0.674,33588.576316,4,-9955.68,-29.6,True,True,False
0xf007760ae1c441b87751450b7bd2f5f83c325fd1,True,2000,1053,395,658,37.5,0.48,-28644.23,2,1781109644509,1788837009374,89.4,-2000.8,0.07,14.284199,1,0.07,0.5,False,False,False
0xf01c899a14cefbab4f74072a04240dcfa0e97c86,True,2000,879,460,419,52.3,1.06,502.58,12,1768940123395,1787376724078,213.4,-543.75,1.082,0.0,0,0.0,,False,False,False
0xf032648dfd22c4d81588bd83e09ab89cfe816705,True,2000,1378,528,850,38.3,0.24,-19791.81,19,1782834607304,1783545733283,8.2,-5424.92,0.274,0.0,0,0.0,,False,False,False
0xf03f7c6bcbdb53c07ee369aca14574d8517b8e0b,True,187,57,46,11,80.7,1.89,1640.8,1,1775692874908,1777172799171,17.1,721.96,0.44,0.0,0,0.0,,False,True,False
0xf04fdb19ac508504293fde946aea097e1ff6ef0b,True,2000,944,537,407,56.9,1.46,7182.73,23,1784042616347,1788825600043,55.4,2134.01,0.297,1850.273184,1,-718.5,-38.8,True,True,False
0xf065d4c282c188990d37efc1033685474c6ddaaf,True,2000,853,422,431,49.5,1.0,-34.12,2,1787606217254,1788809350623,13.9,-1134.33,33.25,53.153193,1,14.81,27.9,False,True,False
0xf07f6c8377e13807f71b11bbd93cf13281451273,True,1678,419,172,247,41.1,0.35,-10409.47,45,1756525326899,1788834738312,374.0,-1309.1,0.126,0.0,0,0.0,,False,True,False
0xf0927fc39a0916ebdf391abff45c94b776a49ec5,True,1526,779,488,291,62.6,3.42,19585.09,9,1758851947240,1788815973238,346.8,3245.73,0.166,10004.325003,0,0.0,0.0,False,False,False
0xf0a78a7563a526ae636a0159043342ecb8c088b5,True,2000,918,370,548,40.3,0.6,-48618.45,11,1759962846835,1781109210206,244.7,21715.02,0.447,0.0,0,0.0,,False,True,True
0xf0ca6d442db9b274ecb500ad97b453ddcd93f081,True,786,428,226,202,52.8,1.77,2831.97,6,1773243954087,1784077890769,125.4,956.79,0.338,0.0,0,0.0,,False,False,False
0xf0df0109f728a3c8053ef9ecfbea12b0cb7076ca,True,533,308,240,68,77.9,186.74,153961.55,3,1762237666029,1779056377727,194.7,12298.57,0.08,0.0,0,0.0,,False,True,False
0xf101a551cd19bd7d2ac9ef9b5ec11f2a701ab01d,True,1620,690,594,96,86.1,1.3,3077.66,5,1770055511438,1783182237500,151.9,-2844.56,0.924,2e-06,0,0.0,0.0,False,False,False
0xf110589f7e02d4e643e6a5814cd69da667f4b127,True,2000,1005,736,269,73.2,0.4,-35873.68,8,1781640726171,1784937600066,38.2,-7426.51,0.207,0.0,0,0.0,,False,True,False
0xf124c3bd6544caebbf68824eab8c009b3f448196,True,2000,1019,164,855,16.1,0.01,-70431.58,6,1788430648828,1788847408698,4.8,-9432.13,0.134,0.0,0,0.0,,False,True,False
0xf1421a4208498388a88e5e73119b08be5cd66ec4,True,2000,861,210,651,24.4,0.35,-4405.24,19,1780384128161,1783484825915,35.9,-693.48,0.157,0.0,0,0.0,,False,True,False
0xf15fb16bad6ee79fb26271129ab1a8eee3f1fda6,True,272,141,96,45,68.1,0.72,-1082.69,1,1777631911241,1788387858328,124.5,-968.54,0.895,28.975799,1,1.6,5.5,False,True,False
0xf17de447fdfa1778db06111e3cbdc878332adab2,True,2000,451,0,451,0.0,0.0,-189115.93,4,1788281779355,1788685149729,4.7,-7371.31,0.039,510018.0,1,114227.52,22.4,False,False,False
0xf193708e2f3832381d1631b1923ee375cf39a832,True,2000,1031,495,536,48.0,2.97,15403.44,24,1784028820534,1788781723158,55.0,1951.92,0.127,0.0,0,0.0,,False,False,False
0xf19dbdb7a58e51705cd792a469346f7bc19d16ee,True,2000,1003,612,391,61.0,0.51,-31845.97,1,1757522465613,1788783539051,361.8,-3730.39,0.117,445.145973,1,-72.61,-16.3,True,True,False
0xf1b96faf44d0a04f7a39ed90b4b3a2942403b109,True,2000,968,418,550,43.2,0.8,-9559.21,21,1783003892613,1787492452680,52.0,-6259.5,0.655,0.0,0,0.0,,False,True,False
0xf1da51c29b566b8fcb47344a0bd896b222b07a1f,True,439,198,103,95,52.0,0.71,-3976.01,3,1787353177442,1787378732184,0.3,-1586.96,0.399,0.0,0,0.0,,False,True,False
0xf1e54733978e34a19f3b74039f55cee8680602e7,True,2000,917,450,467,49.1,2.37,31270.81,30,1778771489039,1788681821799,114.7,2484.62,0.079,0.0,0,0.0,,False,False,False
0xf1f6ec651afc8d687d7e72263f51223c57b0b96b,True,2000,1030,366,664,35.5,1.2,815.36,3,1785096545303,1787376625977,26.4,-576.16,0.707,380.665869,1,362.48,95.2,False,True,False
0xf206d693942e004f74c6d7afa1f08ad5e30142d0,True,1026,462,329,133,71.2,0.7,-1508.38,2,1765639982541,1788814313035,268.2,-788.69,0.523,1669.054487,1,-497.59,-29.8,True,False,False
0xf2128d48f27e31875fce72432c2013747fcdb522,True,2000,926,237,689,25.6,0.23,-26081.43,4,1776262794998,1776424761867,1.9,-1537.77,0.059,0.0,0,0.0,,False,False,False
0xf220c9b7b4c0e5e785ebe4b40b17576ce24473e0,True,2000,1158,1028,130,88.8,2.45,46337.28,4,1787750226064,1788847177286,12.7,-5919.51,0.128,835217.747155,2,58175.06,7.0,False,False,False
0xf23accc545d8f6639f57fb3611acc5694bc2cad3,True,2000,1009,544,465,53.9,0.47,-3120.07,15,1781186637967,1787886248130,77.5,-629.55,0.202,0.0,0,0.0,,False,False,False
0xf25041497082f71223e89d40efb75c66af87e408,True,2000,1031,453,578,43.9,1.0,-39.41,53,1763670606045,1788345615894,285.6,-1587.08,40.271,0.0,0,0.0,,False,True,False
0xf25f50ed20ec8d6740ff86d63b8534542a0de047,True,2000,986,297,689,30.1,0.47,-8603.7,9,1785542075689,1788835394553,38.1,2210.95,0.257,0.0,0,0.0,,False,False,False
0xf27cd4a3a17c2ab6cc7e0cd7f64470c9eab68586,True,2000,980,709,271,72.3,0.23,-89868.22,2,1783017105299,1785472049403,28.4,-9462.5,0.105,0.0,0,0.0,,False,True,False
0xf28a0e22822eaf3f2366db827898d4c3abe37c47,True,2000,934,376,558,40.3,0.33,-18208.36,19,1776978128568,1781197213856,48.8,-2333.64,0.128,0.0,0,0.0,,False,True,False
0xf293f548824e918e8eff42d09f8a9c64956a0a24,True,2000,934,432,502,46.3,1.13,1744.56,22,1782987429687,1788826430252,67.6,1686.45,0.967,9910.48108,3,-317.08,-3.2,False,False,False
0xf2ab5db29b3544ada8fa49b1f483188fb3d03a02,True,2000,1050,539,511,51.3,1.41,1357.09,17,1788271716338,1788847352409,6.7,-266.18,0.196,0.0,0,0.0,,False,False,False
0xf2c9c2ebaebfc38f76d825b09a91aeec477f4fcf,True,1671,566,563,3,99.5,134.72,11666.73,14,1756385346391,1788595699731,372.8,899.6,0.077,458.770274,1,-201.86,-44.0,True,True,False
0xf2f79c84483b18f23404c2936977e1d86ce5e177,True,2000,667,616,51,92.4,4.09,68805.46,44,1780555330065,1788604333150,93.2,-13688.39,0.199,56588.61564,2,-65341.61,-115.5,True,False,False
0xf30685aa851c67b4725215c4690099cc209b444c,True,468,216,63,153,29.2,0.71,-4437.37,14,1767641399058,1787790383844,233.2,4173.39,0.941,9242.738149,1,-29.3,-0.3,False,False,False
0xf31d71049d4bafd3c3d781b31b2b9b122156a242,True,1964,757,515,242,68.0,0.96,-2585.74,57,1715527824843,1788831036752,848.4,-17269.45,6.679,7485.472381,4,-50.06,-0.7,False,True,False
0xf3313d4aea0eff047e2aa90c4b15a96132596e31,True,2000,1053,1009,44,95.8,0.25,-84443.29,10,1786115160839,1788715209674,30.1,-19663.51,0.233,48721.996635,5,-49820.69,-102.3,True,True,False
0xf348f3ccb83974f3c8a6a6b17698a6f9a463e19f,True,2000,1026,478,548,46.6,0.37,-124768.99,30,1779964056296,1787216797703,83.9,-12010.7,0.096,13535.309729,1,6797.0,50.2,False,True,False
0xf35aad55c9941333bfdc69175eba123d8b01338a,True,2000,569,527,42,92.6,195.23,451798.01,1,1782199520283,1783009301534,9.4,26560.67,0.059,0.0,0,0.0,,False,False,False
0xf374f6104162570d59796fb88c537052a450a760,True,425,120,45,75,37.5,1.25,1095.49,15,1781655649155,1788770775103,82.4,1903.09,1.737,5102.41561,2,4996.16,97.9,False,True,False
0xf38b3a881cabcd3ba53f90855598b98379e738b5,True,2000,681,85,596,12.5,0.53,-39025.35,3,1787358872683,1787740654728,4.4,13075.34,0.335,0.0,0,0.0,,False,False,False
0xf39d371d18dd976f7a0f9d06e39ef0d34b8b32a4,True,324,106,36,70,34.0,0.21,-3434.52,3,1772064120399,1780619027683,99.0,-1046.64,0.305,0.0,0,0.0,,False,False,False
0xf3afed99710b3537e6cb447bcc75067b1607d01a,True,1802,794,465,329,58.6,1.04,997.24,68,1733501771090,1783097203233,574.0,-1116.99,1.12,0.0,0,0.0,,False,True,False
0xf3ca35bf4332dbca1ee5f13b5f79e5309ad94b8e,True,2000,1068,548,520,51.3,3.53,33636.15,15,1775383235640,1780659100026,61.1,2646.22,0.079,0.0,0,0.0,,False,True,False
0xf3da2fa1319dc8a9d8328ac345361747fae94dab,True,2000,867,220,647,25.4,0.7,-1060.34,17,1787309157449,1788836628077,17.7,238.71,0.225,3709.054549,4,7.23,0.2,False,True,False
0xf3e5bae7538c1769e28b0c12a368663604e55f28,True,494,218,184,34,84.4,1.18,5796.62,2,1778426225003,1787571304356,105.8,-14474.33,2.497,0.0,0,0.0,,False,True,False
0xf3f9d32b0138eab7f41e8acc7627061b5a83188c,True,2000,1321,591,730,44.7,0.16,-135948.15,4,1787527926073,1788795281087,14.7,-13181.56,0.097,0.0,0,0.0,,False,False,False
0xf40e00db3c911dc7c3c77221bd1a6a3ecea607d9,True,2000,900,717,183,79.7,1.02,659.96,43,1779884607103,1788813071505,103.3,-7744.66,11.735,7360.268448,6,-806.88,-11.0,True,True,False
0xf428300b0a88b362d434e66cb02e9d3f82c74893,True,440,233,27,206,11.6,0.75,-3719.35,10,1779054693167,1787244496800,94.8,3558.24,0.957,0.0,0,0.0,,False,False,False
0xf449c8b836cb08321b25d065056900b10e19abc1,True,898,446,168,278,37.7,0.91,-434.11,30,1774721995410,1782000000047,84.2,902.26,2.078,0.0,0,0.0,,False,False,False
0xf469211af6e0701e90602cf08cce3c17026e93c1,True,2000,729,367,362,50.3,1.44,11599.68,17,1773433215670,1787258551987,160.0,-6460.74,0.557,0.0,0,0.0,,False,False,False
0xf477535859613402a998d083543842216d8ae794,True,2000,959,290,669,30.2,0.63,-3663.26,21,1781115759175,1784520878502,39.4,-1298.08,0.354,0.0,0,0.0,,False,False,False
0xf4939e64793fc85b68ec4ddb1697b01db3977134,True,1380,632,616,16,97.5,677.29,174346.4,5,1740507498470,1788481249688,555.3,20706.25,0.119,10902.595914,1,27836.33,255.3,False,True,False
0xf4a9c1fb2623f813d5975f1d73c31215c08eaa32,True,2000,979,769,210,78.5,6.9,586.99,27,1788392525905,1788846839405,5.3,7.91,0.013,11004.979764,21,90.97,0.8,False,True,False
0xf4b612c6656a42ea3dd52b0c675300f358c90341,True,563,281,119,162,42.3,1.94,11123.14,7,1745538276943,1788657086617,499.1,-6614.31,0.595,8960.742825,2,-324.31,-3.6,False,False,False
0xf4c9a532a89b39d3274c727346910aa7a3642e72,True,2000,939,267,672,28.4,1.43,6624.9,8,1787235867377,1787688254454,5.2,1820.82,0.275,0.0,0,0.0,,False,False,False
0xf4edbd8341d4c57af22da323393e74756eba2b4a,True,2000,1139,97,1042,8.5,0.32,-10611.37,6,1743345987734,1785960235666,493.2,818.31,0.077,0.0,0,0.0,,False,False,False
0xf4fb927da382461f386b28b9672260a722954666,True,2000,603,424,179,70.3,0.32,-22199.89,12,1776118024509,1781977067310,67.8,-9180.0,0.414,0.0,0,0.0,,False,True,False
0xf514e198143ed375ad99c224059a3bc301766adb,True,2000,852,491,361,57.6,0.87,-1652.56,17,1760388442343,1788310326536,323.2,-970.34,0.587,0.0,0,0.0,,False,True,False
0xf537192ff93c96b0d0c6b182db6a03552b2d44b4,True,1104,540,249,291,46.1,0.81,-3730.29,32,1755869121871,1779321600086,271.4,-1567.64,0.42,0.0,0,0.0,,False,False,False
0xf55b92b635bb745f65be9f9e84a5509905298aaf,True,2000,842,552,290,65.6,1.27,2630.78,33,1764816384160,1788669995185,276.1,-1781.49,0.677,0.0,0,0.0,,False,True,False
0xf57493ef4fcef6798f2f2db592d907859f488601,True,2000,1040,467,573,44.9,1.77,20227.79,13,1786535074895,1788480000030,22.5,3563.26,0.176,0.0,0,0.0,,False,True,False
0xf58dc0ef505139964bbedd7782f4520ce239fc24,True,691,342,237,105,69.3,2.4,22314.11,20,1778180412238,1788184699803,115.8,3195.58,0.143,41008.552923,2,4504.07,11.0,False,True,False
0xf59d1d7c666b7bdd097bb140b8fffffbced35753,True,1624,790,462,328,58.5,1.64,23007.86,31,1748899176780,1788642393029,460.0,9118.57,0.396,0.0,0,0.0,,False,True,False
0xf5b0d4c845b330a011500519398a7e30733d3d4b,True,183,74,23,51,31.1,0.71,-1306.83,2,1767882998161,1786104233383,210.9,1438.74,1.101,0.0,0,0.0,,False,False,False
0xf5c7236225c5fe774d9fbfc61a0fc244edb7bcd6,True,440,201,84,117,41.8,0.59,-1186.12,5,1780803536241,1782868028788,23.9,-962.59,0.812,0.0,0,0.0,,False,False,False
0xf5e76a1ffb38f98ff8e20fc9b4b08b0d986bdb49,True,2000,956,408,548,42.7,0.62,-6066.48,4,1786614781048,1788811536567,25.4,-1276.84,0.21,0.0,0,0.0,,False,True,False
0xf602401ce4bb273aa165b42404e4214b10ba2329,True,2000,849,262,587,30.9,1.93,7151.63,20,1784807283617,1788808668344,46.3,1283.69,0.179,1328.18628,1,-151.98,-11.4,True,True,False
0xf61c7b8debf1e6f76f02a2e68129e0ffbe6f2db0,True,2000,816,539,277,66.1,3.99,2503.83,3,1788277799669,1788847948315,6.6,520.61,0.208,0.0,0,0.0,,False,False,False
0xf62f01da63c9bec9120b8c348b758bd604a7bdca,True,2000,1040,391,649,37.6,1.18,3436.13,17,1771443256243,1788766815150,200.5,7470.78,2.174,98.55401,0,0.0,0.0,False,True,False
0xf64f0b431756df8ce0fdc16dc857d464daa68463,True,2000,1035,731,304,70.6,1.06,1094.09,32,1752030652311,1788319597120,420.0,-3710.16,3.391,0.0,0,0.0,,False,True,False
0xf66c970d676b049ef85745371f2d6d364b80affb,True,2000,1008,334,674,33.1,1.04,316.8,28,1753335531283,1782224713403,334.4,1021.75,3.225,0.0,0,0.0,,False,False,False
0xf68ca4b0a449f86e16f41cb687198d0ebbfb9843,True,2000,873,838,35,96.0,46.17,454840.02,14,1760133641426,1788616261263,329.7,18443.83,0.041,39758.729646,4,-103484.35,-260.3,True,True,False
0xf6a8d3c7cee39e10f19fef95958e4690298e664a,True,2000,946,640,306,67.7,0.54,-9525.93,1,1776944906497,1779136454824,25.4,-5838.81,0.613,0.0,0,0.0,,False,False,False
0xf6b31ef94cd09c5982d83d482de0d5acf0c233c0,True,2000,946,718,228,75.9,0.62,-8684.0,9,1760287972216,1780520105595,234.2,-5130.81,0.591,0.0,0,0.0,,False,True,False
0xf6ce6e3ec4308652e1c5f1590b1fb397e5ae8063,True,2000,974,577,397,59.2,1.12,1182.94,20,1778152171947,1784557272519,74.1,1062.67,0.898,0.0,0,0.0,,False,True,False
0xf6e0efd25be6f4302190ea44db596719aa400588,True,2000,1124,351,773,31.2,0.21,-126833.56,2,1773097053669,1783140342462,116.2,4790.63,0.038,8561.877977,1,7156.0,83.6,False,False,False
0xf6fa4ca2fbb073d7647154caf0e9324f58612de5,True,2000,1158,862,296,74.4,0.86,-2532.23,15,1767134715787,1788846316927,251.3,-1813.49,0.716,3133.708754,3,-2656.78,-84.8,True,True,False
0xf719dd4b9869653d0b84ae1dbb2c821f525f3ff0,True,2000,910,543,367,59.7,0.31,-29950.98,19,1782298787535,1788719047594,74.3,-5141.53,0.172,662.015543,1,-778.73,-117.6,True,True,False
0xf72dde98d109a8d1da32b7ad4d36b823ba50d648,True,760,296,104,192,35.1,0.72,-4025.15,2,1773718719470,1774013553732,3.4,2587.53,0.643,0.0,0,0.0,,False,False,False
0xf73ac696087d35ed95eeec8ce966eb12b1efc035,True,2000,889,627,262,70.5,1.99,94633.62,6,1775688853701,1788836780186,152.2,11046.0,0.117,72213.947764,4,11657.02,16.1,False,True,False
0xf75284d000e192d3b70f77d5bf9e3e0e48173f9f,True,2000,899,587,312,65.3,0.25,-15339.15,51,1782914354785,1787864118034,57.3,-1472.07,0.096,0.0,0,0.0,,False,True,False
0xf76ba4c9f5cf07dd3d6fb51f62faf66ecd9a4e1d,True,987,481,207,274,43.0,1.08,677.38,42,1774985807923,1781724006813,78.0,517.63,0.764,0.001349,0,0.0,0.0,False,False,False
0xf77f2ec32aea77f8c24498d0c9a74f2c1acec502,True,2000,793,267,526,33.7,0.94,-785.88,10,1777478045788,1788533010333,128.0,798.32,1.016,651.205445,0,0.0,0.0,False,True,False
0xf78e4b74c2806a2e4be9b63251f137e7e1a6cab0,True,2000,985,181,804,18.4,0.95,-2546.73,17,1777130635258,1787601494232,121.2,-2989.32,1.174,0.0,0,0.0,,False,True,False
0xf7ad6fee298149c99eef42c6f4fc0c1264f00139,True,2000,746,746,0,100.0,inf,25002.88,1,1787190002732,1788802353389,18.7,948.55,0.038,24059.470625,1,-6223.58,-25.9,True,False,False
0xf7c23ee9d0e036147136ec9d0089b00d33d7532d,True,423,212,66,146,31.1,2.79,16695.32,17,1702389483142,1788440760852,996.0,6045.18,0.362,0.0,0,0.0,,False,True,False
0xf7db817f820e40ab59166ae6eca346c7a88a9fca,True,880,422,148,274,35.1,0.75,-2793.25,6,1787177293077,1788128680907,11.0,-1598.71,0.572,0.0,0,0.0,,False,False,False
0xf8006a4b864025365c63ebaaaf926f27a3f14d70,True,1437,1274,1274,0,100.0,inf,164496.84,2,1784419200030,1786090349435,19.3,8828.6,0.054,0.0,0,0.0,,False,False,False
0xf81d702d58ea30e6f439b6fc11e750c462930266,True,610,238,33,205,13.9,0.26,-2942.99,10,1764983115014,1785945475761,242.6,-192.6,0.065,0.0,0,0.0,,False,False,False
0xf82d9cdc05b386d62d6b7b3c1aa62d2b53a58720,True,2000,1144,972,172,85.0,1.21,9829.46,10,1778778371550,1787542130491,101.4,6109.51,0.622,0.0,0,0.0,,False,True,False
0xf83a6fc4394ce4127b5e5aed9d5100e151e4e4d0,True,2000,981,386,595,39.3,2.64,22072.2,33,1780222919381,1788836883685,99.7,1737.07,0.079,2195.211022,2,4822.54,219.7,False,True,False
0xf85255db5ccfdcb89481897cc3bbe41813a15dd3,True,691,333,217,116,65.2,0.42,-24453.85,8,1783515227923,1788711342758,60.1,-13092.49,0.535,21993.339785,4,-5606.41,-25.5,True,True,False
0xf862fd9f58957511d96e4504aa683691ebcef776,True,2000,1038,87,951,8.4,0.16,-110849.24,2,1778020629677,1785527102111,86.9,-10806.15,0.097,0.0,0,0.0,,False,True,False
0xf8815770e046d32f606385700f3bc96ffbb4e879,True,2000,874,844,30,96.6,0.22,-4652.05,7,1780532985727,1788757861864,95.2,-5120.45,1.101,5486.88315,1,-15.29,-0.3,False,True,False
0xf89051707a91d6b63ca7b090b15d1eb964d12494,True,840,415,326,89,78.6,0.9,-2535.83,7,1764612836199,1785861355101,245.9,-4761.9,1.878,0.0,0,0.0,,False,False,False
0xf8abd1f15dfe1648b5c0f22453da6e0232f36222,True,2000,913,335,578,36.7,0.6,-1978.13,17,1776276398614,1777750735689,17.1,-238.94,0.121,0.0,0,0.0,,False,True,False
0xf8bfbaa2b976ab66bb4ee112a81fbefbe92fb421,True,2000,1021,490,531,48.0,0.6,-7318.66,5,1787159832041,1788847224263,19.5,-1882.2,0.257,0.0,0,0.0,,False,False,False
0xf8d1cec1b02f5f748d92cce0a57f9e43c4171df7,True,2000,951,284,667,29.9,0.4,-161135.37,6,1770330550890,1788448964825,209.7,-18664.16,0.116,0.0,0,0.0,,False,True,False
0xf8e89c7f0cd7fd6ab237049d94b0e5c7b77d6cce,True,231,119,71,48,59.7,0.22,-7223.71,2,1785168003110,1785504699444,3.9,-1031.79,0.143,0.0,0,0.0,,False,True,False
0xf905049d614ddd21e4745417b3f05eb05e52c4fb,True,2000,1231,916,315,74.4,25.39,111564.56,8,1786988564193,1788844935100,21.5,14271.54,0.128,113247.206427,1,-6432.07,-5.7,True,True,False
0xf912baa564d27e847149b11effaab97a283c6adf,True,2000,1135,706,429,62.2,1.08,100.37,165,1784715390462,1788792858156,47.2,101.16,1.008,0.0,0,0.0,,False,True,False
0xf92e90879ed7ef998f31a4d138a6bde637578cc9,True,2000,738,394,344,53.4,0.5,-5401.27,15,1772000524909,1786094185811,163.1,-1620.92,0.3,0.0,0,0.0,,False,True,False
0xf93cd693e1edde72417c47fb4cd6a10aa14a8974,True,436,255,107,148,42.0,2.55,2016.31,4,1772635213399,1781475262528,102.3,1640.82,0.814,0.0,0,0.0,,False,True,False
0xf955e605ebf044ccdddbdaea5414a2612e934586,True,111,28,19,9,67.9,5.06,1296.84,2,1773394609210,1776347536079,34.2,819.91,0.632,0.0,0,0.0,,False,False,False
0xf960c187a74d38b2a70fc4cf66f51356d1948e56,True,2000,647,558,89,86.2,0.96,-299.01,10,1780772332366,1781032405525,3.0,-617.5,2.065,0.0,0,0.0,,False,True,False
0xf980b6712bbf0aee117e5d02fe264c6e3b73398c,True,2000,1011,431,580,42.6,1.03,0.18,1,1776838789105,1778232511246,16.1,-0.31,1.716,0.0,0,0.0,,False,False,False
0xf9988f32e52e59638b5275c9a66cd1d0b51c29ed,True,2000,677,443,234,65.4,1.52,7472.66,16,1776337999980,1786915345569,122.4,-2085.53,0.279,0.0,0,0.0,,False,True,False
0xf9b1ed033c2ba9cfdc15b62036814789a70af79e,True,2000,914,613,301,67.1,0.99,-311.87,31,1756762963539,1787627305247,357.2,-8512.1,27.294,19230.515604,1,-1519.96,-7.9,True,True,False
0xf9cf7bae980ce7b3b20aab6d4f31e317e409d679,True,2000,33,7,26,21.2,0.5,-22217.0,9,1761265052161,1788376052071,313.8,15719.5,0.708,43033.905982,2,-56280.85,-130.8,True,False,False
0xf9ea0909e6458fcceb85be1dc9598ad2250faabc,True,2000,975,432,543,44.3,1.4,5530.11,25,1780353316759,1788658200729,96.1,2867.38,0.519,0.0,0,0.0,,False,False,False
0xf9fbfe77059b980cd8aef58204a3a66f9eaa0b98,True,2000,1100,0,1100,0.0,0.0,-594199.18,5,1780553701156,1787956470133,85.7,-11960.21,0.02,0.0,0,0.0,,False,False,False
0xfa146e77a7c7683c0c388936664027b6fd745405,True,1011,288,107,181,37.2,0.4,-21521.24,12,1751492195114,1782763343175,361.9,-2505.23,0.116,0.0,0,0.0,,False,True,False
0xfa466dae98571a7085bb6de841cd113276cf8f3c,True,930,430,245,185,57.0,1.36,1937.93,13,1785674645586,1788794513892,36.1,1152.39,0.595,225.344931,1,-78.43,-34.8,True,True,False
0xfa70378ee299370db4c4438bd9074e32cdb0b7fe,True,398,157,72,85,45.9,1.04,454.83,5,1781381206683,1788593011589,83.5,2455.09,5.398,97603.542456,0,0.0,0.0,False,True,False
0xfa9812f92a66eab059b2d085ec524d119ca9a090,True,2000,1091,734,357,67.3,1.9,88095.82,39,1738028313231,1788821129961,587.9,19612.28,0.223,31835.843999,4,-23850.38,-74.9,True,True,False
0xfaa7f4fa26b9e77a21a691b348288cdd5e239236,True,2000,1027,480,547,46.7,1.0,-15.87,20,1763161475549,1776816561856,158.0,-430.93,27.147,0.0,0,0.0,,False,True,False
0xfab4727c5ba60cce8c98f93cbf31378d4283efd9,True,1098,555,313,242,56.4,1.16,2255.15,8,1778504840997,1786117823285,88.1,2914.15,1.292,0.0,0,0.0,,False,False,False
0xfad1431dcdfcde548f75025f2c940ec033a9507c,True,2000,1117,588,529,52.6,0.69,-13907.53,17,1768290288416,1785421309594,198.3,2100.05,0.151,481.261414,0,0.0,0.0,False,True,False
0xfae21b7b0b7fad01cdf4ba9e01f0e7b84385e38d,True,476,226,107,119,47.3,0.4,-3357.61,7,1774521570187,1780383469819,67.8,-2540.3,0.757,0.0,0,0.0,,False,False,False
0xfafa6ed1e38f3759ddbe569bba26d9720b45d2ef,True,2000,1243,620,623,49.9,0.29,-15228.01,30,1788184150750,1788821211867,7.4,644.88,0.042,24976.828475,5,9102.44,36.4,False,False,False
0xfb2298f27d20d8e1e6d460b985b1000918181408,True,2000,1036,353,683,34.1,0.78,-1375.36,13,1780648412786,1788033576873,85.5,-600.41,0.437,0.0,0,0.0,,False,True,False
0xfb3a7b8dc007bfea2611f19a58e1824f36d480fe,True,1803,695,300,395,43.2,0.83,-5327.13,42,1763024437586,1777547046148,168.1,3159.05,0.593,0.0,0,0.0,,False,True,False
0xfb518a028791b3fc5e6ddc1aca85a068d36ac08a,True,1195,757,437,320,57.7,2.14,11527.89,27,1776204466471,1783914174634,89.2,1154.79,0.1,0.0,0,0.0,,False,True,False
0xfb7e2f3c47940af4dc4df67f716de542ce0a75cc,True,2000,1102,379,723,34.4,3.38,25392.85,6,1758773012961,1788811722137,347.7,3014.96,0.119,448.514962,2,-3777.89,-842.3,True,False,False
0xfb8c34145bdea190693325d0ab01e81120909b3f,True,2000,1042,688,354,66.0,1.38,18984.82,11,1782273878707,1788807968411,75.6,-3424.11,0.18,377640.118663,3,-206516.81,-54.7,True,True,False
0xfba31dfa3c6612abca9a27f65af77d9fed7e2db7,True,2000,754,272,482,36.1,0.11,-167452.8,9,1769033653686,1787585020428,214.7,-9431.2,0.056,35198.139456,1,-13600.86,-38.6,True,True,False
0xfbb64f9fb18aa6bcf9fe1a2097b3b79435008113,True,2000,1024,462,562,45.1,1.31,393.82,1,1788734137043,1788848443709,1.3,85.01,0.216,16577.187228,1,10.79,0.1,False,True,False
0xfbc8df0f717dcefdf7aa58aaeb1f00ba155bc2e4,True,2000,636,438,198,68.9,0.73,-3419.01,29,1773238607600,1788796927124,180.1,-1788.3,0.523,980.322381,1,459.63,46.9,False,True,False
0xfbd83d8adf5244aa6b669f2f58ae377c8f4aa915,True,44,15,11,4,73.3,8.75,1705.34,4,1773162328158,1787315461671,163.8,735.21,0.431,0.0,0,0.0,,False,False,False
0xfbe978ba2bd72a7e48a081bd6a5b955128e3bccd,True,2000,1014,592,422,58.4,0.7,-12212.04,44,1738427052667,1782752269466,513.0,-3062.83,0.251,0.0,0,0.0,,False,True,False
0xfc01049ce4a2a07fb4c110c0aabd8a2b97820f49,True,2000,855,229,626,26.8,0.52,-4881.57,44,1781018468309,1788824640451,90.3,-579.9,0.119,430.942256,1,-314.79,-73.0,True,True,False
0xfc19cc14a007c7a6dbf3d9e3e7480c7394934eda,True,2000,959,509,450,53.1,0.19,-92961.75,8,1780611303311,1781066701123,5.3,-8484.3,0.091,0.0,0,0.0,,False,True,False
0xfc3877e73bf10239e530a2777d5771cb42dcebbd,True,2000,938,357,581,38.1,1.0,-23.04,13,1780416195199,1788819596821,97.3,2334.49,101.342,1739.49704,1,227.49,13.1,False,True,True
0xfc5480d57c7dbff406bc8ad7044bdae7a8fedecb,True,1228,540,130,410,24.1,0.61,-27567.3,13,1761958909845,1781725276334,228.8,-10325.83,0.375,0.0,0,0.0,,False,False,False
0xfc638cfe144115c4b677266b22a1eee6d90b4c80,True,121,39,20,19,51.3,0.76,-12181.38,1,1774330659982,1787882672111,156.9,-11452.81,0.94,54043.536703,1,1595.36,3.0,False,False,False
0xfc75dde0b3d2040f81c45db46f6c2b0d291a8039,True,76,50,5,45,10.0,0.15,-1964.88,2,1780323964223,1780963200005,7.4,-571.69,0.291,0.0,0,0.0,,False,False,False
0xfc89d90e3760d8ebc459f00fe47a1348954a63c3,True,2000,867,514,353,59.3,1.67,16300.47,33,1763934072474,1781432426488,202.5,-2888.07,0.177,0.220545,0,0.0,0.0,False,True,False
0xfca397d8b8de71639d9e4573d7ecc8199cbff42f,True,2000,911,427,484,46.9,0.61,-5861.66,20,1777649731397,1786051611510,97.2,1586.82,0.271,0.0,0,0.0,,False,True,False
0xfcbab80b451fafb2c3ae6e8dd08dfef8c7e583c9,True,1836,692,376,316,54.3,0.48,-5084.86,32,1732898928492,1788739200041,646.3,-1534.55,0.302,0.0,0,0.0,,False,True,False
0xfcdb1d630d45365f9faf22023b8aef02e565dea6,True,2000,1071,168,903,15.7,0.2,-236333.14,6,1777263849090,1779321600086,23.8,16121.95,0.068,0.0,0,0.0,,False,False,False
0xfced97d19603bc54145526eab3fe5b0f25f231ba,True,2000,991,670,321,67.6,1.28,7750.53,48,1779803009849,1788842683267,104.6,-3707.67,0.478,2613.375,0,0.0,0.0,False,True,False
0xfcf66b4119c32b28765e956bf93e64bc549c6503,True,538,219,146,73,66.7,4.12,7481.66,13,1757490923907,1788793327834,362.3,968.13,0.129,3541.29482,2,-494.71,-14.0,True,True,False
0xfd0bd195b16ffd84de09c4d2fad41da797e4ae6f,True,2000,1106,533,573,48.2,1.39,2278.65,27,1786470855187,1788710385760,25.9,258.3,0.113,0.0,0,0.0,,False,False,False
0xfd305023168c48bbbd5ac35f50138306c337d2b6,True,286,181,24,157,13.3,2.13,10045.64,14,1747765660419,1788082189564,466.6,12210.66,1.216,14355.160758,2,5118.01,35.7,False,True,False
0xfd5651ec962e8d795db71128b2e2d535b8bd9d1f,True,2000,944,431,513,45.7,1.05,2424.99,23,1782786011835,1784244192784,16.9,4331.5,1.786,0.0,0,0.0,,False,True,False
0xfd6a531508649697c6e133adcb82efcd0c737737,True,2000,718,589,129,82.0,0.59,-329025.03,11,1783443204682,1788442267322,57.9,-87105.24,0.265,393889.618234,2,698896.08,177.4,False,True,False
0xfd8734e41e7237f68ea706f0af3a80d5e8f79d7d,True,440,202,72,130,35.6,0.57,-1593.67,13,1777256551360,1787683064108,120.7,-526.45,0.33,146.581757,1,-309.45,-211.1,True,True,False
0xfd96361bff50a038ddb94adbcdeed14388b585eb,True,2000,1012,441,571,43.6,0.9,-1475.28,30,1759240354727,1777935785200,216.4,2168.01,1.47,0.0,0,0.0,,False,True,False
0xfda204ef5d75ca9dfc1789d9179f41236aed09c3,True,2000,394,135,259,34.3,0.84,-463.79,33,1786026039140,1788848424895,32.7,-495.81,1.069,14987.016552,5,250.16,1.7,False,True,False
0xfdb549166275c26187f1e03b5ca657754981f38d,True,2000,942,485,457,51.5,0.61,-16013.7,6,1784545663336,1785507014568,11.1,-2106.3,0.132,0.0,0,0.0,,False,True,False
0xfdd5ebf504abb43a63fdebef80db551514df962a,True,2000,981,642,339,65.4,0.71,-5194.58,5,1773865858591,1788845413615,173.4,-1253.36,0.241,3388.716277,1,-671.3,-19.8,True,True,False
0xfdeb2f30623fa65cd3b6fbacf898a60c7c820812,True,940,419,216,203,51.6,0.48,-3306.56,20,1736999559004,1788843649700,600.0,-575.39,0.174,0.0,0,0.0,,False,False,False
0xfdf8e67de56cf2ba8970973962706a84f3e0eb90,True,1583,813,290,523,35.7,0.39,-2106.02,15,1776604864844,1777936092119,15.4,-373.02,0.177,0.0,0,0.0,,False,False,False
0xfe104b72c2e396beda3c0d7208ca0d9ee565ab42,True,2000,728,258,470,35.4,0.61,-2082.22,14,1776627796042,1778159316518,17.7,512.94,0.246,0.0,0,0.0,,False,False,False
0xfe1ffb567553914c2ee59dfc49734b436e367892,True,2000,822,388,434,47.2,1.02,441.93,16,1775965784546,1788795740415,148.5,2847.96,6.444,0.0,0,0.0,,False,True,False
0xfe348be771e68b900b7c5e718d161ae72e063c0c,True,2000,818,388,430,47.4,0.85,-3221.06,22,1781723589801,1788526596698,78.7,-2497.35,0.775,0.0,0,0.0,,False,True,False
0xfe49a00e24a4fe0d99c9d142caca14b672b5453d,True,2000,823,402,421,48.8,2.04,19735.79,16,1772898058269,1788605487893,181.8,2919.33,0.148,0.0,0,0.0,,False,False,False
0xfe6757c1b89cb1815e36a9f0ddb7073ce1afec20,True,626,318,204,114,64.2,0.88,-878.42,4,1770323802203,1782565406282,141.7,-3205.4,3.649,0.0,0,0.0,,False,True,False
0xfe806ba9ed74d42c73bdaa1bf62a04aef02c10ed,True,2000,785,393,392,50.1,1.07,1276.49,50,1758809274305,1788813220386,347.3,-1096.06,0.859,3191.438435,8,1864.41,58.4,False,True,False
0xfe93551627047d9fa722214f35156c3a04a2dca7,True,871,395,262,133,66.3,0.58,-42502.97,31,1700119877902,1788676630221,1025.0,-40342.89,0.949,41638.607105,3,16192.31,38.9,False,True,False
0xfea93f86e891a657d831b63725c4371f2c4ba63b,True,2000,1018,287,731,28.2,0.79,-5501.18,22,1758317170240,1774993688937,193.0,-2195.4,0.399,0.0,0,0.0,,False,True,False
0xfeb5109404f81f2dd5f0fb6ba8dc921ae2538b88,True,2000,487,337,150,69.2,17.18,7376.42,6,1788179943500,1788834012979,7.6,722.44,0.098,8140.8992,2,-2693.07,-33.1,True,False,False
0xfeca598e3909b1c5574b4d77828d40a75cc57fd4,True,864,343,307,36,89.5,170.6,176165.7,18,1732900607533,1788679774449,645.6,14156.96,0.08,0.0,0,0.0,,False,True,False
0xfed8d3861dbaaf2d967c532eabcb85507d45993c,True,2000,967,663,304,68.6,0.54,-5334.82,40,1780913194239,1782174169615,14.6,-1394.46,0.261,0.0,0,0.0,,False,False,False
0xfeedc4f156fd25c3fe9ff6402dbf3b99ebed3195,True,2000,1035,229,806,22.1,0.12,-569752.72,9,1781125745113,1787578700171,74.7,-62831.32,0.11,0.0,0,0.0,,False,True,False
0xff0758cdb2db7375451330a633aafcdffb2469e3,True,2000,955,373,582,39.1,1.17,1911.1,17,1779571355913,1788484793573,103.2,1071.34,0.561,0.204659,1,0.04,20.3,False,True,False
0xff251cf0c9f07d051ec640cd190842024b124910,True,233,93,20,73,21.5,0.69,-521.05,12,1736545197917,1779497207097,497.1,429.48,0.824,0.0,0,0.0,,False,False,False
0xff38ec364c402db2cdd1ed2664a2ef18b319626c,True,221,100,46,54,46.0,0.6,-1587.23,11,1760153972393,1788744085271,330.9,1154.4,0.727,0.0,0,0.0,,False,False,False
0xff4e07c20b0921d445f74278ccf7f1c420e186ef,True,2000,909,437,472,48.1,1.12,619.34,9,1781186721021,1788659977081,86.5,909.8,1.469,7401.051251,1,1004.91,13.6,False,False,False
0xff7053e6bef22340be57bba8270b69a49348bc91,True,2000,910,474,436,52.1,0.24,-26717.43,11,1776428214916,1782018134720,64.7,-2524.29,0.094,0.0,0,0.0,,False,True,False
0xff976c1c20d0e5cad5719f0f7b51fb952cdb0105,True,1460,655,537,118,82.0,3.76,16526.54,14,1782503308674,1788843288285,73.4,1560.67,0.094,0.0,0,0.0,,False,False,False
0xffa59abd00cfad13b0d563ba32897a68e61f4334,True,2000,890,473,417,53.1,0.73,-19128.18,22,1763184014268,1788219243660,289.8,-9434.91,0.493,16452.229268,2,5510.52,33.5,False,True,False
0xffbf6d5715325dbbe0861ca7a22ff69bc02ce7f5,True,2000,952,594,358,62.4,1.07,731.55,8,1780563509815,1787681461562,82.4,752.9,1.029,0.0,0,0.0,,False,True,False
0xffce2c2d59f30f26ba8b4b1c980480f12a245047,True,1141,578,153,425,26.5,1.04,1166.96,5,1768948418180,1788790076332,229.6,6751.16,5.785,35016.40943,0,0.0,0.0,False,True,False
0xfff7ab666e2b528a8008f23f36975bdd169dde5a,True,2000,930,227,703,24.4,0.26,-6836.59,24,1779063716220,1788744666085,112.0,604.99,0.088,10.741078,1,2.8,26.1,False,True,False
