address,has_activity,num_fills,num_closing_trades,num_wins,num_losses,win_rate_pct,profit_factor,total_closed_pnl,coins_traded,first_fill_time,last_fill_time,active_days,largest_single_trade_pnl,concentration_ratio,account_equity,num_open_positions,total_unrealized_pnl,unrealized_pct_of_equity,is_bag_holding,ever_liquidated,ever_adl
0x000000000005dfe874f01071d0e05f99178a5cfc,True,301,141,115,26,81.6,1.14,429.06,11,1761279399191,1788566400005,315.8,-946.56,2.206,0.0,0,0.0,,False,True,False
0x000007b83bf80adcc02897528403c640991a6544,True,2000,1056,758,298,71.8,0.52,-60054.46,2,1779570443805,1780775516781,13.9,-15264.46,0.254,0.0,0,0.0,,False,False,False
0x000a3e111b04a7b3ebcd59b8554b224336057a28,True,1977,776,411,365,53.0,2.52,58633.69,29,1750754408304,1788794861479,440.3,4018.79,0.069,114907.389278,14,64974.9,56.5,False,True,False
0x00191380b21b490bb9a67c7a055ae3c1dff246bd,True,2000,913,379,534,41.5,0.65,-4298.5,45,1759851324981,1786752000032,311.4,569.04,0.132,0.0,0,0.0,,False,True,False
0x00276e28ee1feb63ab5fb2310db3ec1d62513262,True,1552,800,215,585,26.9,0.64,-14858.22,7,1780666578997,1783289838195,30.4,-3227.49,0.217,0.0,0,0.0,,False,True,False
0x003a85c562730b196f7cba202a2515f2ff855736,True,2000,1032,266,766,25.8,0.31,-87814.09,9,1775768812653,1787712584190,138.2,-10944.9,0.125,0.0,0,0.0,,False,True,False
0x004726000679ac82ede62c3c0ec0dec9455fb6ca,True,1393,672,277,395,41.2,3.07,37682.32,11,1778056139092,1780568625233,29.1,12032.79,0.319,0.0,0,0.0,,False,False,False
0x005e1ecfafe45d0887428b8f6c5db978ec72296a,True,806,139,124,15,89.2,13.44,59870.49,10,1769367522498,1788348190054,219.7,8353.93,0.14,0.0,0,0.0,,False,True,False
0x006e969b81979c1c7be46a04669f17e088da86cb,True,685,287,202,85,70.4,10.91,23025.78,14,1777883057956,1788288120657,120.4,5465.71,0.237,0.0,0,0.0,,False,False,False
0x0081de86abf359926749acd346098380ce0d5c6b,True,67,28,28,0,100.0,inf,641.51,4,1784370554053,1784552205450,2.1,267.1,0.416,0.0,0,0.0,,False,False,False
0x008a31a86fcc4d65f42d7de77d2347772211715e,True,554,170,96,74,56.5,1.67,5100.07,3,1758353323055,1776404641974,208.9,-1709.99,0.335,0.0,0,0.0,,False,False,False
0x00ab1f919cf5f2122c8652d62e477126c6741353,True,2000,1020,358,662,35.1,0.87,-807.5,8,1782972930152,1788723717269,66.6,409.01,0.507,3257.537504,1,-339.48,-10.4,True,False,False
0x00c3a4a7782822fc6aa29ea8acb38da63de85f4b,True,2000,927,425,502,45.8,0.97,-220.68,17,1778595884051,1788685072637,116.8,797.6,3.614,689.772092,0,0.0,0.0,False,False,False
0x00cc80c285927c289fb3484c76fe627881354046,True,2000,1184,549,635,46.4,0.46,-15781.05,7,1776445736695,1779494400006,35.3,-5087.11,0.322,0.0,0,0.0,,False,True,False
0x00e86da6695507593a0e1bdca7220098142c9c5b,True,2000,982,425,557,43.3,0.67,-14442.73,9,1787286019636,1788776245533,17.2,-4459.51,0.309,65382.181368,2,-953.74,-1.5,False,False,False
0x00f8e1501fc14d78e1a562170898739884ed3833,True,2000,1100,462,638,42.0,3.64,24651.47,10,1766977798878,1778765639115,136.4,-2311.23,0.094,0.0,0,0.0,,False,False,False
0x010cd99435d1b5fed3001435bb37b98195efc339,True,1803,1100,550,550,50.0,2.53,49819.69,19,1760057952210,1786948462182,311.2,11228.1,0.225,0.0,0,0.0,,False,True,False
0x0121525f755c9e7bbc525bba6672716ab46ced57,True,2000,1239,566,673,45.7,0.23,-225744.52,4,1787844601418,1788615885808,8.9,-14180.66,0.063,0.0,0,0.0,,False,False,False
0x0131f07e8d7fc4bceed532120e08fa591a9af04f,True,1120,481,262,219,54.5,6.64,178023.6,8,1765213783989,1781280218697,186.0,-13987.98,0.079,0.0,0,0.0,,False,False,False
0x013db75246ee5bdf15866bb0d20414847f15ce9d,True,2000,1016,780,236,76.8,0.39,-12953.68,19,1780905753486,1788792858267,91.3,1187.45,0.092,0.0,0,0.0,,False,False,False
0x0151ab3e652dfc67d6dc693e1f50ce546f07291d,True,654,249,72,177,28.9,2.84,18200.65,9,1732906018752,1781136000009,558.2,-5210.33,0.286,0.0,0,0.0,,False,False,False
0x0165446352b6fe302eb8d3573ea6a68b4fe46347,True,926,425,121,304,28.5,0.26,-8130.61,15,1764011064061,1779115127906,174.8,-863.74,0.106,0.0,0,0.0,,False,False,False
0x01926ddc6f829b4afff1c18e6b3efba0e834ca0e,True,73,30,24,6,80.0,11.85,180.46,2,1787802016466,1788748127466,11.0,37.62,0.208,0.0,0,0.0,,False,True,False
0x01b002ac8c15de40eaee07fcbaa585400f7916fd,True,2000,890,485,405,54.5,1.13,904.38,11,1776694563049,1788795522950,140.1,-674.74,0.746,0.0,0,0.0,,False,False,False
0x01ca408530861768d9448cdff5b104ce52049dea,True,2000,951,607,344,63.8,2.53,57056.81,1,1779483642333,1788480678301,104.1,-3983.03,0.07,193820.256171,1,69099.26,35.7,False,False,False
0x01dc3986075f509bdf7b718d2ef32d1f7114e48e,True,434,164,82,82,50.0,0.92,-670.77,7,1780949215252,1787340274792,74.0,1694.46,2.526,0.0,0,0.0,,False,True,False
0x01e6f70df0e683e49fab724cd2ee8de793d418de,True,716,380,242,138,63.7,1.64,8721.18,15,1786116809203,1788723124453,30.2,-1835.21,0.21,1375.145255,1,-366.8,-26.7,True,True,False
0x01f63d95156bca41c98a9817f0627c3521196f7f,True,1770,820,624,196,76.1,8.77,51360.27,9,1787974800124,1788795253195,9.5,2095.39,0.041,59980.963943,4,8941.74,14.9,False,True,False
0x020ca66c30bec2c4fe3861a94e4db4a498a35872,True,2000,1225,132,1093,10.8,0.1,-157901.01,3,1788792075269,1788800842068,0.1,-9965.37,0.063,7503008.983614,3,839509.07,11.2,False,False,False
0x022dafa42c50969d01ed1c570daaa0af83a7a4f0,True,2000,919,399,520,43.4,0.81,-9862.9,5,1773706301005,1788665821887,173.1,-5304.71,0.538,0.0,0,0.0,,False,True,False
0x0251a24a1fea02a4e40b6ae9fbadc703529aca57,True,2000,1151,235,916,20.4,0.16,-111122.96,6,1777862821172,1780382777618,29.2,-9600.56,0.086,0.0,0,0.0,,False,False,False
0x026a8d4bebb2e3d0a3f76d9cf6f72e0c7e847291,True,2000,609,401,208,65.8,0.41,-5600.63,7,1784275324426,1788790194691,52.3,-2934.92,0.524,216.86437,1,-3.92,-1.8,False,True,False
0x027720940405783e0437a60f50651e923edabda0,True,905,461,211,250,45.8,1.24,4435.96,7,1782331093344,1785490315952,36.6,-2634.14,0.594,0.0,0,0.0,,False,True,False
0x0291639ea7178930475da17b579e1ac2de8faed8,True,2000,1079,760,319,70.4,3.08,418.13,17,1788527486817,1788796697687,3.1,25.67,0.061,26727.775344,0,0.0,0.0,False,True,False
0x029ca5149d0b7e0de9b23f39700176a3d785fe48,True,744,351,194,157,55.3,0.69,-5807.71,6,1757955409698,1787364857204,340.4,-2691.87,0.463,7420.447897,1,-12898.34,-173.8,True,True,False
0x02aa6015d2ba9992b88596d36bad706eeef41806,True,2000,1227,763,464,62.2,3.05,67430.54,10,1771554323883,1787580803099,185.5,2032.86,0.03,0.23177,2,-1.25,-537.2,True,True,False
0x02bcfc8de61232437ad46d6b0d274206d279fd94,True,512,230,134,96,58.3,5.2,34427.82,1,1780545507707,1783345921648,32.4,6672.6,0.194,0.0,0,0.0,,False,True,False
0x02d28ecd26c815a44df93e1db27227271d78d117,True,1555,793,348,445,43.9,0.35,-16945.36,17,1786418714615,1787871365633,16.8,-2847.71,0.168,0.0,0,0.0,,False,False,False
0x02e3dfb9e4ac57e646836a5e28c7fa89b5cd4041,True,2000,1028,506,522,49.2,0.83,-6958.5,8,1781099025898,1788744922229,88.5,4215.96,0.606,0.0,0,0.0,,False,False,False
0x02f22cf95cea4c946fcdda40c0867922a185d5cd,True,1249,629,348,281,55.3,0.89,-1462.71,6,1788075626359,1788775169520,8.1,1626.68,1.112,2728.740966,1,140.56,5.2,False,True,False
0x03040808812d5519555c0c4844d6ea913ed8c32e,True,148,66,31,35,47.0,5.15,17782.33,8,1752806727695,1787375477921,400.1,10395.75,0.585,222.098235,1,315.1,141.9,False,True,True
0x031d958f8687763f2e3bfd2fcaeec8c979150aa9,True,1279,596,506,90,84.9,0.62,-3210.98,5,1774099529642,1784810196665,124.0,-925.71,0.288,3.2e-05,0,0.0,0.0,False,True,False
0x0333092af56fd45a4bf3a5caa623abc06a3d484d,True,2000,1099,498,601,45.3,0.42,-8220.04,26,1786024736606,1788734122988,31.4,-1147.3,0.14,0.0,0,0.0,,False,True,False
0x034d4f0b00827e4ac77d910071377f707ddd23d3,True,2000,986,430,556,43.6,0.34,-15683.76,63,1788726358726,1788800842671,0.9,-628.03,0.04,757208.435036,113,-46371.14,-6.1,True,True,False
0x035e7cc6cb0ed60d26877470ddf3d72adcf9f020,True,456,229,94,135,41.0,1.01,34.44,5,1774193314344,1787150857929,150.0,565.06,16.407,0.0,0,0.0,,False,False,False
0x0380b85690a73effcf9b2f267c34acd7ebbd13d5,True,1395,742,546,196,73.6,3.8,22668.91,14,1757057477343,1788780697918,367.2,9823.8,0.433,0.0,0,0.0,,False,True,False
0x039443d56104dfef9edfe928c59adbca6cff8ef7,True,2000,928,576,352,62.1,0.76,-2477.48,22,1781710834245,1785333193435,41.9,-1854.61,0.749,0.0,0,0.0,,False,True,False
0x03a98b9c4dd0a6df26380a72e3bd90b447c942a7,True,2000,943,449,494,47.6,0.56,-12103.98,54,1740167001440,1787564652589,548.6,-3064.07,0.253,0.0,0,0.0,,False,True,False
0x03c832ccb5055e38f7080f3761794fea79ad497f,True,1739,534,421,113,78.8,17.15,81165.24,8,1774111202357,1785431824995,131.0,5750.0,0.071,0.0,0,0.0,,False,True,False
0x03d95962b0579c57ea2032dfb576e6323983d1e9,True,2000,1003,310,693,30.9,0.05,-238346.97,4,1774151270410,1774581006817,5.0,-56347.89,0.236,0.0,0,0.0,,False,True,False
0x03ef8f736498047c3349bb2c18311d1bb4a79054,True,2000,86,84,2,97.7,147.11,4727.38,4,1787926384615,1788697864654,8.9,555.29,0.117,688277.94896,2,-603793.92,-87.7,True,True,False
0x0405b6fe11f41ea3f28cbba3fd3015be402bfba9,True,2000,993,489,504,49.2,0.97,-1412.73,36,1777048265512,1788798703581,136.0,4612.56,3.265,7424.651994,2,174.71,2.4,False,True,False
0x0414cbd217bb07f59a5a4ecc5138c04d4b72a3ab,True,244,80,45,35,56.2,0.28,-2633.78,5,1787528086204,1788511806239,11.4,-1241.86,0.472,0.0,0,0.0,,False,True,False
0x04234abf41a1bcb129bb9df3413ab36ac50cbc97,True,235,81,46,35,56.8,1.22,738.71,30,1776887939756,1788652800016,136.2,1289.44,1.746,0.0,0,0.0,,False,False,False
0x042ec366d211bf25e04f2f999b187002b40a240b,True,2000,1026,309,717,30.1,0.64,-7429.99,29,1786696701062,1788765885665,23.9,3310.46,0.446,0.0,0,0.0,,False,True,False
0x0456ba3d973df5723eb2f99f621736110bf1d66d,True,2000,1329,578,751,43.5,0.08,-1201.75,2,1787818189479,1788791508327,11.3,-4.09,0.003,286.897605,1,82.11,28.6,False,False,False
0x0481c544db3b5510af30de78f72d877483c584ec,True,1203,554,282,272,50.9,0.73,-5639.64,20,1746859582418,1788520053298,482.2,1798.04,0.319,0.0,0,0.0,,False,True,False
0x049bdc370620beab340b01072fa580fd57745e7d,True,2000,977,252,725,25.8,0.12,-189525.94,2,1788321402614,1788447684113,1.5,-11556.7,0.061,0.0,0,0.0,,False,True,False
0x04a5a1589d3e3dfe579fb024410728c3ad5edf74,True,2000,1099,635,464,57.8,1.64,279.08,76,1787312089045,1788800682472,17.2,40.48,0.145,1936.970452,15,-47.15,-2.4,False,True,False
0x04bfcef4d77ad636d9ae432916e6e291e992ccec,True,2000,933,549,384,58.8,3.12,38134.0,12,1781095523403,1788701562642,88.0,2115.76,0.055,8965.881882,7,8914.84,99.4,False,False,False
0x04d9b2c40e922a1c4d4334b5d88e280d94efd217,True,2000,945,366,579,38.7,0.44,-39721.08,66,1760214265113,1788314003445,325.2,-6742.77,0.17,0.0,0,0.0,,False,True,False
0x04ef2c90d65d3a2e3ad14b19262452a279cf00bb,True,1589,916,183,733,20.0,0.96,-739.93,21,1756725191464,1788527084588,368.1,1898.92,2.566,0.0,0,0.0,,False,True,False
0x0506b97ac63244ccc824d152c77d2b99d7c17a14,True,2000,1049,633,416,60.3,0.95,-4164.75,3,1783502256586,1788450117831,57.3,-6175.31,1.483,310287.088021,3,7912.86,2.6,False,False,False
0x0524e7e559c6245ec8984ba887fb7a32d1351ca9,True,1648,672,161,511,24.0,0.39,-6889.09,15,1779571001080,1786991772952,85.9,-870.61,0.126,0.0,0,0.0,,False,True,False
0x054614ef85ddbe18d34fa8ab4c2fb57e5af7b222,True,2000,940,680,260,72.3,0.67,-11871.35,18,1759407770376,1786027904566,308.1,-3398.43,0.286,0.0,0,0.0,,False,True,False
0x0555f96264fec6e0693d25ca140b788f7a8b8872,True,2000,938,470,468,50.1,0.94,-3306.16,12,1780072867683,1788732877542,100.2,-6225.62,1.883,0.0,0,0.0,,False,True,False
0x056c0ace599ff4b6a5f3e252794c541c05812be6,True,2000,1094,491,603,44.9,0.55,-32508.91,4,1776594493997,1779931077859,38.6,-9502.94,0.292,0.0,0,0.0,,False,True,False
0x0585991744c860f145c188eee3ac6e83a16a152e,True,2000,783,273,510,34.9,0.87,-1179.45,3,1781199958768,1785413568800,48.8,-705.09,0.598,0.0,0,0.0,,False,True,False
0x059a051f36c1fbf842030160f653949aa636904e,True,383,182,95,87,52.2,1.24,611.83,3,1763312898586,1776133156355,148.4,-577.0,0.943,0.0,0,0.0,,False,False,False
0x05a42708e46733da056d09e0a355bfd2c3054eba,True,2000,736,443,293,60.2,0.92,-1516.73,23,1783499050185,1788797642517,61.3,2966.3,1.956,72025.405308,17,-84704.68,-117.6,True,False,False
0x05bd8c1da50f239020be8052bd89d0497a8fbb05,True,2000,1052,465,587,44.2,0.62,-7715.19,10,1753614468287,1775040607590,248.0,-2404.9,0.312,0.0,0,0.0,,False,True,False
0x05c6959d997cde99d2f967367e5e9f1959ba9706,True,2000,976,386,590,39.5,1.21,4195.11,9,1788280315531,1788795260042,6.0,4016.62,0.957,24663.623384,3,227.91,0.9,False,False,False
0x05e0d4ec5e40dd35b6c1bb0a29a52310b0b26bcb,True,1112,468,361,107,77.1,1.77,13541.39,2,1773879415709,1776118613542,25.9,-7695.01,0.568,0.007998,0,0.0,0.0,False,True,False
0x05fd74d20e85737f5c7da06f0da56dd06034f26f,True,2000,754,307,447,40.7,0.33,-21994.67,28,1774538650059,1786894795369,143.0,-3495.85,0.159,0.0,0,0.0,,False,True,False
0x0609ec74ac1873f50ff3201c533e429b5a2740a1,True,2000,873,574,299,65.8,0.72,-18841.17,17,1780325778552,1788559855603,95.3,-8570.43,0.455,0.0,0,0.0,,False,True,False
0x06171d1741e81aa82973a4ef4358963da72b129e,True,1578,876,586,290,66.9,1.56,19711.81,28,1747145942050,1788782825921,481.9,7444.42,0.378,0.0,0,0.0,,False,True,False
0x0628235d421d53d44b19d50478fffc34f1cd543e,True,2000,935,387,548,41.4,0.32,-15231.44,40,1778016579023,1785306618762,84.4,-1482.08,0.097,0.0,0,0.0,,False,True,False
0x064515a2dc6ae04a17d09de6ead37d12ed99604f,True,2000,836,603,233,72.1,0.74,-5999.36,18,1758055158452,1776117064525,209.0,-9523.46,1.587,0.0,0,0.0,,False,True,False
0x065612c177776f3c635dff181edf170f9c196a05,True,2000,2000,0,2000,0.0,0.0,-26481.1,1,1788690317087,1788703195041,0.1,-1477.96,0.056,0.0,0,0.0,,False,False,False
0x06689176c39ff33f4642555d1abcd36281e71e27,True,2000,768,317,451,41.3,0.87,-3454.2,28,1781151702806,1788793352331,88.4,3185.35,0.922,1148.460965,1,-49.41,-4.3,False,True,False
0x068602ac84f3d114c125315115f95bc8f074b2c7,True,1099,593,185,408,31.2,2.3,14560.9,2,1784409443099,1788795750418,50.8,2936.56,0.202,2081.05455,1,392.6,18.9,False,False,False
0x069d87e1beb88eb9e6dd1e001cbe3977ff92775e,True,2000,971,602,369,62.0,1.02,114.31,40,1787592945127,1788521071582,10.7,-1235.49,10.808,0.0,0,0.0,,False,True,False
0x06b2977e921df788bb6236231ac7010fe239df57,True,2000,845,423,422,50.1,0.78,-4322.19,47,1768709867703,1787902920993,222.1,-2287.29,0.529,178.618274,1,-15.17,-8.5,True,True,False
0x06d4b89475a53111e8939b1ae8af7e14804a5186,True,2000,882,608,274,68.9,2.36,77220.61,21,1739190982735,1788020044440,565.2,16397.84,0.212,2576.606856,0,0.0,0.0,False,True,False
0x06e124df32d6ae6b66810b342351caea53e63377,True,441,154,113,41,73.4,5.3,11700.97,14,1773905892047,1788698483961,171.2,8530.17,0.729,15879.256377,5,10764.62,67.8,False,False,False
0x07068ca7874d87c0ae6a20a03ac05d7dea5504b2,True,2000,984,382,602,38.8,0.98,-402.54,18,1779791668237,1781797987963,23.2,-1489.57,3.7,0.0,0,0.0,,False,True,False
0x07372a6543b694e3a77a6b03a2f7dc6e9d8493d8,True,2000,945,391,554,41.4,0.35,-26864.71,18,1779960693850,1785433587792,63.3,-2369.17,0.088,10328.632931,0,0.0,0.0,False,False,False
0x074968aa36dd017ab2f567dc4487bd91f92bb752,True,859,374,232,142,62.0,0.94,-435.44,30,1733305843391,1788310252334,636.6,-947.87,2.177,0.0,0,0.0,,False,True,False
0x075d3a9b998249e2a54adb4b7b51cb82143b3f37,True,2000,1008,798,210,79.2,0.83,-1523.19,45,1786543947783,1788504366627,22.7,-1457.74,0.957,0.009858,0,0.0,0.0,False,True,False
0x076bc95a100754394d4b2376aed2a437d47fb99a,True,2000,1001,365,636,36.5,0.91,-4200.89,9,1742398644859,1788565446280,534.3,10762.09,2.562,2966.985961,1,1697.5,57.2,False,True,False
0x0789c0b8655d1bbb54db37ea06b833fb32c2706d,True,967,303,166,137,54.8,3.52,11846.92,16,1763609584635,1784539331538,242.2,-2105.59,0.178,0.0,0,0.0,,False,True,False
0x0792d26fe1f844ce4a4c79822a889f0e1a225c4a,True,2000,944,484,460,51.3,0.66,-23169.31,52,1757948116725,1787933068835,347.0,-12515.72,0.54,0.0,0,0.0,,False,True,False
0x07aa5fbcf73fe9ce5ee42508be7185eeca77e134,True,1574,512,347,165,67.8,2.57,38812.22,9,1787582145509,1788784697427,13.9,-3567.7,0.092,31102.368434,4,-823.2,-2.6,False,False,False
0x07bebb905c6e32e6414da0bc5ba01d8e6e2b07f7,True,2000,1164,624,540,53.6,0.9,-2761.06,8,1776442932092,1788471295947,139.2,715.23,0.259,240755.825423,2,-38845.93,-16.1,True,True,False
0x07cb8ceb32fd9deea9d8cd7996455e0a0681d684,True,2000,882,436,446,49.4,0.92,-2643.31,107,1778330339286,1788722773974,120.3,-3136.6,1.187,0.0,0,0.0,,False,True,False
0x07de7c3f3d1c0684156d3be66c7cabf38e4409ab,True,1275,596,215,381,36.1,1.23,1102.3,14,1786209188962,1787653385033,16.7,678.19,0.615,0.0,0,0.0,,False,True,False
0x07f1d7981867a9fa5c1510be343cf1c50506b9af,True,2000,1071,291,780,27.2,1.53,6273.24,4,1787179092667,1787259667044,0.9,1230.5,0.196,0.0,0,0.0,,False,False,False
0x0804213c20c7adf1ed3f69ff2768d245c05c5c93,True,2000,1431,775,656,54.2,1.18,108.0,1,1788453098805,1788801379956,4.0,32.24,0.299,261.399786,1,5.23,2.0,False,False,False
0x081549d576b6d75e44a52971b7aed03b94b929f1,True,2000,1021,323,698,31.6,0.68,-1288.05,2,1772723288382,1773878807968,13.4,566.44,0.44,0.0,0,0.0,,False,False,False
0x082654b2217afff4a7f29bff78102f2febc519cb,True,2000,989,838,151,84.7,0.14,-51063.29,2,1786554786516,1788667988816,24.5,-18502.55,0.362,0.0,0,0.0,,False,False,False
0x0847d739fa2bbf8c970ff55fb3bea57d0737830d,True,2000,846,791,55,93.5,0.16,-8176.37,1,1785962465605,1788348572981,27.6,-9321.16,1.14,0.0,0,0.0,,False,True,False
0x0871deb34bfd2052b1c10dc4f6c0912a2a47e927,True,2000,0,0,0,,,0.0,4,1788796885461,1788797709086,0.0,0.0,,1256587.095043,4,129178.56,10.3,False,False,False
0x0884abd57c529fdf3b48a9f1af8aa857825476aa,True,1671,1072,713,359,66.5,0.33,-154503.68,10,1732867495841,1783814400016,589.7,-179116.77,1.159,0.0,0,0.0,,False,True,False
0x08a00e5f4c9897ee0bdf5055b2ce3139c0796896,True,757,327,304,23,93.0,0.55,-40827.48,5,1780926527511,1787368195154,74.6,-56955.18,1.395,0.0,0,0.0,,False,False,False
0x08b410884d00b578fe85d874eba4d3010e71c224,True,2000,1059,350,709,33.1,1.21,4564.63,4,1783622482489,1788018683453,50.9,2308.94,0.506,0.0,0,0.0,,False,True,False
0x08c7404aee5e3296ff2d7cb364010849b2e8a1eb,True,756,319,121,198,37.9,0.51,-54700.27,1,1785093746398,1785932662957,9.7,-18036.82,0.33,0.0,0,0.0,,False,True,False
0x08e9929b463323cd27301ccd2bdf88e3defad669,True,1357,510,267,243,52.4,1.36,10233.68,25,1775551391671,1788464349947,149.5,7175.41,0.701,11773.189911,1,294.44,2.5,False,True,False
0x0905a6e65cc32f38fb855ea638fe51c2e56cef8b,True,2000,921,439,482,47.7,0.84,-717.71,50,1776615159317,1787502927206,126.0,299.82,0.418,0.0,0,0.0,,False,False,False
0x0911c544ac2e4dbdf0a8db9c0f336886e610dc84,True,2000,497,424,73,85.3,0.84,-497.99,92,1773453661371,1783076942173,111.4,-1383.53,2.778,0.0,0,0.0,,False,True,False
0x093b7ba348cfff4c6b0f7717c67be4814d328684,True,1446,622,427,195,68.6,0.63,-10745.95,15,1781864041718,1785675478251,44.1,-3789.75,0.353,0.0,0,0.0,,False,False,False
0x09581f01d8ce45c07f31908ac9eec8a87fe32cf0,True,2000,998,434,564,43.5,1.22,653.0,51,1785832236853,1788795663550,34.3,170.75,0.261,37594.013247,50,2880.81,7.7,False,False,False
0x096dbdb413d75510c5a7ea8c3c06da60509e9fd9,True,603,260,81,179,31.2,0.67,-6533.24,17,1767510136159,1787961600069,236.7,1636.12,0.25,1620.02219,1,167.65,10.3,False,True,False
0x0985d12911ffec6aef2b5b679d572d9dacc15a1c,True,2000,1039,434,605,41.8,1.09,976.55,9,1774705571271,1784188226524,109.8,872.85,0.894,0.0,0,0.0,,False,False,False
0x098e4199b005cee5b31f54d06926ba66fc14abac,True,1363,632,448,184,70.9,18.6,55666.4,13,1705344299020,1788056022782,957.3,8642.27,0.155,2617.68191,1,-4985.32,-190.4,True,True,False
0x0999a9611500b5431185e312c799c53de74dc74b,True,2000,834,328,506,39.3,0.21,-199813.55,4,1759931924363,1788798811457,334.1,-21019.0,0.105,12729.735677,1,1020.79,8.0,False,True,False
0x09bce8bfd6494aa41f99e3c0ee29a4d6482abb7b,True,2000,925,284,641,30.7,0.58,-14847.09,25,1734636328580,1777548683671,496.7,2768.2,0.186,0.0,0,0.0,,False,True,False
0x09d63d136a0a98960cee7835d2f794a89ea71697,True,1132,602,1,601,0.2,0.0,-151240.02,4,1774420080203,1774555261147,1.6,-13623.83,0.09,0.0,0,0.0,,False,False,False
0x09ef01d78b7c06e49faeced904d8a62bca451828,True,85,36,35,1,97.2,660896.04,32287.36,4,1750642786309,1787226444299,423.4,14872.27,0.461,0.0,0,0.0,,False,False,False
0x0a00c737a62dc3897a4996a3161d5c21589de027,True,730,309,223,86,72.2,3.54,17173.23,16,1733192440857,1788461937832,639.7,3236.46,0.188,20196.574502,4,124.52,0.6,False,False,False
0x0a0d2f8cea9af9405afbb00158c201d69f353aab,True,2000,661,383,278,57.9,0.58,-1542.0,89,1787567280272,1788793602132,14.2,-256.04,0.166,0.0,0,0.0,,False,True,False
0x0a26016918a1ad8e57b899ea9484ce0ac87d5255,True,2000,832,628,204,75.5,3.6,259158.15,3,1777899167754,1785851400051,92.0,37237.1,0.144,0.0,0,0.0,,False,True,False
0x0a4740508133c8e0e915f856cca2cc71c66ae188,True,2000,1070,1059,11,99.0,205.04,15133.77,12,1786446962305,1788777537156,27.0,80.5,0.005,0.0,0,0.0,,False,True,False
0x0a62f339879509fa699694f65f4ae94274104760,True,2000,984,490,494,49.8,2.39,55880.1,22,1766455284396,1778760163761,142.4,7485.64,0.134,0.0,0,0.0,,False,False,False
0x0a7097d919b7421ecc03aed3aac68a13e7ef1f46,True,2000,1068,655,413,61.3,1.36,78896.82,9,1780549722805,1780903753702,4.1,21754.7,0.276,0.0,0,0.0,,False,False,False
0x0a865027705dd7acc0f89caafb48417442d090b1,True,2000,1069,633,436,59.2,0.94,-4494.61,29,1778767257802,1788794927738,116.1,-9386.46,2.088,2740.066014,1,-73.7,-2.7,False,True,False
0x0a9ae31839d05ebeced458a339a3ad7b5a138734,True,2000,952,346,606,36.3,1.43,6671.81,14,1786034355137,1788794717526,31.9,2861.89,0.429,0.0,0,0.0,,False,False,False
0x0aa810acfa525186f8ac922125d9e0c16eed425e,True,1172,426,143,283,33.6,0.33,-13313.31,22,1771099662342,1788756311984,204.4,-1929.63,0.145,0.0,0,0.0,,False,True,False
0x0ab01721cab5bc0c93f2d0d0cd2b034f8e618e99,True,2000,995,321,674,32.3,0.53,-17185.71,8,1776355845068,1779318846780,34.3,-2556.2,0.149,0.0,0,0.0,,False,False,False
0x0ad10a30d017333e345ada083d5b9f31a19fa68f,True,346,136,59,77,43.4,0.77,-622.15,9,1782447283623,1788728198919,72.7,-924.69,1.486,0.0,0,0.0,,False,False,False
0x0af5dfe036f05577229671893ba0d84040c59586,True,909,444,281,163,63.3,0.57,-1788.95,25,1773647139769,1787347594372,158.6,-881.61,0.493,208.946319,1,-72.43,-34.7,True,True,False
0x0b0a6c36ad7f696a41f7de287eeb390f6167d339,True,2000,1118,441,677,39.4,1.19,4010.58,10,1773165725340,1781129964888,92.2,-4861.8,1.212,0.0,0,0.0,,False,False,False
0x0b1fb1fd41caa0c61f6d616af776d11f6b9747ae,True,91,47,17,30,36.2,0.44,-2792.64,7,1769648983841,1786579200046,196.0,-1063.52,0.381,0.0,0,0.0,,False,False,False
0x0b3f71596c0803c0c58c0a0981396137f05b3c8b,True,2000,1008,343,665,34.0,1.09,1961.25,13,1778832356590,1787826639093,104.1,2297.84,1.172,0.0,0,0.0,,False,True,False
0x0b5d9a626ba584b5dbc09309da82946ba9319c4f,True,2000,810,744,66,91.9,0.79,-1836.58,11,1769097611264,1788799026861,228.0,-1490.46,0.812,8340.849341,4,-11.78,-0.1,False,True,False
0x0b6b0a88e05f8f7053e2b3a5d56e4d8555774bee,True,116,31,31,0,100.0,inf,11787.57,1,1756603861689,1777252141930,239.0,7159.26,0.607,0.0,0,0.0,,False,True,True
0x0b8ad91cb7fb0ae5c74661c926068a36f21f5192,True,2000,1174,215,959,18.3,0.1,-139141.24,7,1778511790960,1780500303284,23.0,-5841.85,0.042,0.0,0,0.0,,False,True,False
0x0ba8a02e196d97ae0a787d918f970b5c351bc6aa,True,911,481,153,328,31.8,2.61,6010.57,6,1783861781059,1787440728623,41.4,2467.74,0.411,0.0,0,0.0,,False,False,False
0x0bb58c23283140c2c4c39bbfbd5aa243c2ef9687,True,2000,1002,5,997,0.5,0.14,-141.23,3,1785774602222,1786011158382,2.7,-39.77,0.282,0.0,0,0.0,,False,True,False
0x0bccf170bf50f56b48f281610e371a1c25a0995d,True,2000,957,185,772,19.3,0.52,-7113.05,17,1782602452972,1788793447194,71.7,1007.36,0.142,0.0,0,0.0,,False,False,False
0x0bea4dbbb144b533713ed61a55e6b86ce3b4668d,True,2000,955,158,797,16.5,0.17,-28332.88,7,1772563034325,1772756647042,2.2,-1645.23,0.058,0.0,0,0.0,,False,False,False
0x0c006034c1c344cab8c14fd310d38e9b1246c2d9,True,263,151,135,16,89.4,651.6,10958.4,11,1766639680015,1787038441183,236.1,6960.37,0.635,1552.561574,1,-5962.8,-384.1,True,False,False
0x0c08f62f53b954406ce03e34e236d626700723ba,True,2000,1007,729,278,72.4,0.73,-3161.35,47,1770397088755,1788643276708,211.2,-1148.42,0.363,0.0,0,0.0,,False,True,False
0x0c1f6941fdcde9488dfd36ca16fed6b3bc49672b,True,2000,710,336,374,47.3,4.9,115996.39,9,1788563439844,1788764641367,2.3,-5720.86,0.049,180947.367342,4,31056.23,17.2,False,False,False
0x0c2c1c5f3f0c3ddd311c8ffb1658e2abf607bb68,True,1200,436,201,235,46.1,6.31,39807.09,11,1775929772036,1788048000065,140.3,12761.05,0.321,0.0,0,0.0,,False,False,False
0x0c370814a32121dd2da831e2bf4c2ddd0e3f4ff5,True,464,230,155,75,67.4,1.29,2527.04,5,1785925753027,1788566400005,30.6,3664.29,1.45,0.0,0,0.0,,False,False,False
0x0c44471cc8516125ead11e09446302ae20540ed4,True,2000,1189,705,484,59.3,6.07,104373.95,4,1788013660935,1788790860517,9.0,7274.07,0.07,289689.199235,2,30394.76,10.5,False,True,False
0x0c52b977ea72930be2722f06c1e21517b250d587,True,456,181,141,40,77.9,5.94,7672.51,28,1763356478509,1788687873262,293.2,761.47,0.099,10022.431876,5,-1701.01,-17.0,True,False,False
0x0c657a1ed8c4c7c2083741059fc3cd27dc316ab9,True,2000,687,687,0,100.0,inf,5983.68,1,1773158302106,1778791279128,65.2,411.13,0.069,1e-06,0,0.0,0.0,False,True,False
0x0c75f1bbced5c294b3ef6922de6162ec4a1b8024,True,2000,1187,512,675,43.1,0.96,-284.5,19,1772613998660,1788474813171,183.6,415.11,1.459,1570.203873,1,-46.51,-3.0,False,False,False
0x0c87080e84ad8e91f54c4af0aa921e1f183d601b,True,2000,1126,538,588,47.8,2.51,66294.28,14,1771877914473,1788728290905,195.0,8201.18,0.124,43814.600782,4,3334.56,7.6,False,True,False
0x0ca0ad2c6fa2ee183b38784f3a9963ba6524237d,True,703,372,209,163,56.2,0.65,-2805.84,8,1748140514152,1783580446962,410.2,-1864.48,0.664,0.0,0,0.0,,False,True,False
0x0cbf769bc5a9d7b549f307a7aefbe1de5a96a1a7,True,461,156,120,36,76.9,2.32,3523.92,1,1774626598575,1778681443262,46.9,1701.15,0.483,0.0,0,0.0,,False,True,False
0x0cc8c073884cff216ce3a565e6181a374098a750,True,733,369,236,133,64.0,0.53,-10628.21,30,1745877768487,1779367675039,387.6,-1832.14,0.172,673.333332,0,0.0,0.0,False,True,True
0x0cd7a0abd6570ba1e93c3398d85132cf2d99d975,True,2000,935,147,788,15.7,0.16,-9475.21,2,1787768129209,1787863783237,1.1,-487.46,0.051,0.0,0,0.0,,False,False,False
0x0cdf0ab9ead733ecf321d09432b5208adae2902f,True,2000,908,728,180,80.2,0.67,-10247.11,4,1780533534822,1788710961292,94.6,-4348.71,0.424,5621.520936,1,-1059.85,-18.9,True,True,False
0x0cf706aa8d7260e3cd5fe0de11d7f3e899753e5b,True,2000,1133,611,522,53.9,4.19,1008.99,119,1788799696644,1788801824487,0.0,354.57,0.351,65507.916751,87,281.23,0.4,False,True,False
0x0d1331af19df0110826aaec6f6ef7debf85bf107,True,2000,907,467,440,51.5,1.05,1625.36,17,1760284406353,1786975659128,308.9,2484.89,1.529,0.0,0,0.0,,False,True,False
0x0d40d13ffbba30026bc71abac703b60144247837,True,2000,1931,1931,0,100.0,inf,5022.25,2,1788751352692,1788764889360,0.2,501.79,0.1,0.0,0,0.0,,False,False,False
0x0d5d73f6b9eb76c9447f7925464ef61c1fbccd20,True,2000,521,324,197,62.2,6.47,12610.34,14,1787521587014,1788799787553,14.8,10336.38,0.82,10041.9704,7,6483.45,64.6,False,False,False
0x0d7a75c2ec876cf070749bc7a8af0c8436c90ddc,True,2000,906,144,762,15.9,0.55,-1151.21,8,1788650304669,1788795017374,1.7,-70.45,0.061,0.0,0,0.0,,False,False,False
0x0d8c0828b3d363341f2c6e4468f06f828541b1e2,True,2000,1067,632,435,59.2,0.93,-1215.53,27,1776621066622,1784220517509,88.0,1630.04,1.341,0.0,0,0.0,,False,True,False
0x0dabdea698098e4f098b87bbee15541d0df9b9e4,True,2000,833,617,216,74.1,4.06,13782.05,166,1780588325958,1788781629406,94.8,13636.49,0.989,0.0,0,0.0,,False,False,False
0x0dc4b9ad4cd8a06878163427c71f027bb8acb09a,True,2000,994,674,320,67.8,2.78,45733.19,37,1785102613772,1788795643663,42.7,2821.64,0.062,25507.444957,4,22623.74,88.7,False,True,False
0x0dda51e5caab4199552b6bcb9f5019b4fcceea02,True,1874,922,597,325,64.8,0.76,-65197.07,13,1752323385558,1780685559930,328.3,-15575.44,0.239,0.0,0,0.0,,False,True,False
0x0defb183ac5fedbf37930c17fd7a19b15fb788c1,True,1024,509,239,270,47.0,0.76,-5427.53,1,1769328073546,1787543158911,210.8,-819.57,0.151,0.0,0,0.0,,False,True,False
0x0e09b56ef137f417e424f1265425e93bfff77e17,True,2000,816,73,743,8.9,0.01,-83572.81,7,1781136980008,1781806421549,7.7,-6559.23,0.078,0.0,0,0.0,,False,False,False
0x0e1a27b09821969de9b3b219f98714bdd695e4d5,True,2000,963,413,550,42.9,1.26,1054.31,19,1775761636186,1777548635490,20.7,-137.77,0.131,0.0,0,0.0,,False,False,False
0x0e367b5db0ca2e68faad3b9e850155956b0f9e6b,True,2000,947,690,257,72.9,1.11,2240.52,35,1750627143889,1787879064733,431.2,-2721.07,1.214,0.0,0,0.0,,False,True,False
0x0e4ed8863e8fc846d75cd839eca2c6013c7d7a1c,True,2000,1008,561,447,55.7,5.95,44203.28,11,1786112315971,1788789542872,31.0,7678.53,0.174,0.0,0,0.0,,False,True,False
0x0e647809755c1ac0a38cde9c5e9234ca477d846a,True,2000,981,356,625,36.3,0.71,-6043.43,45,1755449790200,1782395951521,311.9,-4642.79,0.768,0.0,0,0.0,,False,True,False
0x0e7ab13d5a85c650364de4a618a908d98897fd17,True,2000,50,26,24,52.0,0.23,-68263.25,5,1788603701313,1788795466470,2.2,-17654.8,0.259,226283.927061,4,-389351.63,-172.1,True,False,False
0x0e8b0cdf27b9dd2ddec656ed31bb086b8aed495c,True,2000,1039,772,267,74.3,1.8,26690.54,38,1746280931107,1788747174976,491.5,8235.11,0.309,10776.724867,2,1354.52,12.6,False,True,False
0x0ea9c997ce7a64edf5ccf0fe3f4df4e7b8935cfd,True,933,362,138,224,38.1,1.6,2352.72,10,1780878920026,1788760314247,91.2,-520.01,0.221,533.152465,1,92.25,17.3,False,True,False
0x0eb9d545dd460927dda272e0dfe7c7bfe646e337,True,2000,1056,684,372,64.8,1.56,25723.83,16,1752506508088,1779172567173,308.6,4052.75,0.158,0.0,0,0.0,,False,True,False
0x0ed15e57520ae1ed39b6a691330255593216f285,True,2000,826,556,270,67.3,1.06,1165.08,10,1779952053341,1787217045118,84.1,-1834.07,1.574,0.0,0,0.0,,False,True,False
0x0ee599e42affa99b42d1ce6db00810a3868165cb,True,1372,548,270,278,49.3,2.85,29243.54,23,1733365120335,1788702228837,640.5,5932.02,0.203,3865.998505,1,-1034.75,-26.8,True,True,False
0x0efb38a5fa35325ed7524197c0c8ae942aa6d8dc,True,2000,1531,790,741,51.6,2.79,2303.51,5,1788739802473,1788802003819,0.7,312.76,0.136,146355.394946,5,42.9,0.0,False,True,False
0x0f16d8af1abdcd8d2f0f18b4d797d4fe52e7226e,True,481,242,129,113,53.3,2.16,4856.12,7,1772054569375,1781120892423,104.9,1175.52,0.242,0.0,0,0.0,,False,False,False
0x0f2af1aa8a20ab196fac5f8d031558e0f20d3d76,True,1433,698,318,380,45.6,0.62,-12201.85,12,1767349639282,1787295577758,230.9,-6831.82,0.56,0.0,0,0.0,,False,False,False
0x0f420fcc13b621bd7c872bb569fa45506550569a,True,710,252,170,82,67.5,8.14,34551.9,16,1750384222547,1787631405221,431.1,5164.53,0.149,0.0,0,0.0,,False,False,False
0x0f5e56106cc546faf85fd5de0405dbfc538c3947,True,2000,1077,448,629,41.6,0.71,-7228.19,29,1779483233647,1788450401461,103.8,-1465.26,0.203,0.0,0,0.0,,False,False,False
0x0f7981ae60708d4d64040999e463f106b13f07c5,True,2000,1044,585,459,56.0,0.73,-8980.07,15,1771473471904,1788566400005,197.8,-4423.66,0.493,0.0,0,0.0,,False,True,False
0x0f88ed3492b8377ec8d69be4981b2eb64cff87fd,True,583,296,139,157,47.0,1.11,913.26,17,1721866028626,1785193064508,733.0,1046.66,1.146,0.0,0,0.0,,False,False,False
0x0fa9487e5c61c8e1647d7c0d30344ea46888827b,True,1754,997,681,316,68.3,0.97,-145.55,24,1752121068280,1787197159337,406.0,-2054.86,14.118,0.0,0,0.0,,False,True,False
0x0fc8c2e07566328b3cbb0fd47564b54b024d6a80,True,2000,928,445,483,48.0,0.72,-4794.83,19,1756712005914,1788171548372,364.1,-1926.74,0.402,0.0,0,0.0,,False,True,False
0x0fe28146d87bbf4ad62f6bf18be5d40af6b196c3,True,2000,1058,351,707,33.2,0.79,-1357.66,60,1772196763178,1787289903767,174.7,301.9,0.222,0.0,0,0.0,,False,True,False
0x0ff74c65ed7439c025197bc2044f61a520915629,True,2000,963,578,385,60.0,0.93,-1261.67,33,1778090576656,1788496156481,120.4,-1205.63,0.956,0.0,0,0.0,,False,True,False
0x1001e30b1b8dd090cf1dc038e5f7574dc042ed70,True,2000,888,507,381,57.1,0.71,-7057.86,39,1781374535094,1788735762321,85.2,-1362.46,0.193,281.224292,1,-149.78,-53.3,True,True,False
0x100c61d2b24de62005c067f24cf8705bceb82015,True,786,387,229,158,59.2,1.14,466.07,17,1777814040542,1779159184141,15.6,-1340.01,2.875,0.0,0,0.0,,False,True,False
0x10242b34383739413c8c1b8fa20d79944dbfb6a4,True,2000,967,852,115,88.1,2.28,27662.73,13,1786391077487,1788784546548,27.7,-3186.57,0.115,20803.385599,2,-5430.75,-26.1,True,True,False
0x1030100c6e04d546f852e907416295bf95372dbe,True,2000,782,4,778,0.5,0.0,-93672.72,2,1787321673684,1788795328507,17.1,-3874.2,0.041,0.0,0,0.0,,False,True,False
0x104491f85b180cddf3c64171431289719d1a1093,True,2000,947,277,670,29.3,0.77,-1716.54,12,1773392400373,1781604363598,95.0,444.16,0.259,0.0,0,0.0,,False,False,False
0x105a8501eae3aa9462a47568a2de12e421f75e5e,True,2000,866,245,621,28.3,0.17,-82918.84,35,1784164696895,1788580102188,51.1,-45610.2,0.55,33.982161,3,-11.31,-33.3,True,True,False
0x10761b48b1892a0fec8d808464d0c75216f6166d,True,2000,1230,79,1151,6.4,0.0,-366750.44,4,1788445779130,1788566413154,1.4,-3050.62,0.008,0.003002,0,0.0,0.0,False,False,False
0x1093017072fc2c411ad14c80fc0de07c6d51f71c,True,2000,1019,608,411,59.7,2.65,16903.67,5,1778307131520,1788791744387,121.3,-2770.75,0.164,24934.139616,1,-408.32,-1.6,False,False,False
0x10b4c1fbcc63e90b8747c6f4f7b072b516c7d439,True,2000,998,566,432,56.7,1.29,2645.39,12,1786986322136,1788718355769,20.0,2708.01,1.024,0.0,0,0.0,,False,True,False
0x10c568292b797801a5a351f6b4ebb1e76892e5d9,True,2000,970,315,655,32.5,0.47,-84693.43,10,1775635502970,1788624735441,150.3,-16582.77,0.196,16749.696314,1,1988.7,11.9,False,True,False
0x10d703041ec92d63ae04cacefcc07521605b73a9,True,2000,1051,834,217,79.4,1.49,42816.5,3,1767822592699,1788516852301,239.5,15520.17,0.362,29976.317478,0,0.0,0.0,False,True,False
0x10e8fc9defd566d53918a8df2736ff632c663482,True,1489,689,574,115,83.3,5.23,56675.27,19,1752748214420,1788727888460,416.4,9035.49,0.159,26014.134959,5,-9561.02,-36.8,True,True,True
0x1104facf406a1ff5b1e1422c2c0e3b7d61adc487,True,2000,1034,415,619,40.1,0.36,-87988.54,6,1774039221865,1781598975167,87.5,-4552.65,0.052,0.0,0,0.0,,False,True,False
0x1112e47bc822f800119e54e211bf1533ca847b66,True,2000,838,471,367,56.2,7.1,30543.69,12,1785352875274,1788793919654,39.8,2713.22,0.089,41062.128996,6,20495.96,49.9,False,True,False
0x11208dfb0be8ae9e3cf7ffad176261b632dcf40b,True,2000,978,779,199,79.7,1.21,1690.18,61,1763540203582,1788768015607,292.0,1997.43,1.182,0.0,0,0.0,,False,True,False
0x113d43dc9e9a687e6e3df975d2acf31cb89bf8d9,True,2000,987,520,467,52.7,1.03,370.16,2,1783709823940,1787747424419,46.7,-2951.29,7.973,0.0,0,0.0,,False,True,False
0x115231b1c0ad58f97944f8e69ef0dbb35f1cd055,True,991,407,299,108,73.5,1.83,46403.18,1,1734039698524,1788499372083,630.3,4334.87,0.093,35551.012784,1,-8436.59,-23.7,True,True,False
0x1165647bdea6b9cb851f4ce99a2a0a66ea7d1356,True,2000,675,674,1,99.9,184326696.48,10690.95,18,1778066251129,1788798630850,124.2,385.43,0.036,10321.789165,4,-13450.12,-130.3,True,True,False
0x117e2f6258afda15b837def6c942e6bcac1ffbf1,True,654,365,237,128,64.9,2.63,19895.45,4,1769249016214,1780596839637,131.3,5793.57,0.291,0.0,0,0.0,,False,True,False
0x118ce6448339baaf86841fee7ba674e01b2856d5,True,2000,1238,1231,7,99.4,3.01,6185.95,28,1788311415045,1788801301143,5.7,-1623.15,0.262,9098.184925,4,11345.29,124.7,False,True,False
0x119fe89cf50a0c25521f7398dc3ee08d45f0f22c,True,2000,955,722,233,75.6,1.3,2245.02,26,1770888826809,1787365020704,190.7,-962.8,0.429,0.0,0,0.0,,False,False,False
0x11bb0c05b37c22a0f92075c16ff9a393200b4a94,True,2000,1156,867,289,75.0,1.79,6812.24,20,1776620918753,1779386556019,32.0,-1109.37,0.163,0.0,0,0.0,,False,True,False
0x11cbdab9c739890b997e8ed519aa569d299ffd7a,True,109,31,23,8,74.2,0.68,-674.71,1,1773303257826,1774824316831,17.6,-768.79,1.139,0.0,0,0.0,,False,False,False
0x11e1fdcfb680ed1e71ad336adac324d37202263c,True,2000,1269,443,826,34.9,0.17,-14887.45,9,1787080139325,1788736851974,19.2,-850.85,0.057,0.0,0,0.0,,False,False,False
0x11f46fff2624737aa0d38507e761b6ef770eb94d,True,2000,1012,783,229,77.4,11.28,116341.44,10,1786227543438,1788748754276,29.2,5482.19,0.047,23110.153782,2,39665.88,171.6,False,False,False
0x11fb977e511eb5a9dd01371840d9ba09ef7736d2,True,2000,916,239,677,26.1,0.8,-3651.92,23,1782913058532,1786590576921,42.6,-10823.9,2.964,0.0,0,0.0,,False,False,False
0x120fc6ca2082ac6074b9e952189b8a3db75ed08c,True,1181,620,348,272,56.1,0.35,-61257.3,6,1775033968839,1776501757060,17.0,-7608.99,0.124,0.0,0,0.0,,False,False,False
0x12203316069a9d155cdadaa94a8e4b3e40ce6447,True,2000,1504,1223,281,81.3,0.37,-1220.92,40,1788711157524,1788800676388,1.0,-275.04,0.225,33642.715845,0,0.0,0.0,False,False,False
0x123f1c8d9f49bba27083e3b1510bdb0a2cad4919,True,2000,906,299,607,33.0,0.56,-19231.95,7,1778426823074,1786099978940,88.8,1630.5,0.085,12917.193,0,0.0,0.0,False,False,False
0x12570b7221020510c5746e240e1c08bf3749ee59,True,2000,893,791,102,88.6,28.2,7245.37,3,1777447111006,1778585074663,13.2,1600.89,0.221,0.085647,0,0.0,0.0,False,False,False
0x12632d9e35a85aea80da175c253bda4e0220d4b5,True,854,391,231,160,59.1,2.45,1301.93,34,1783189196945,1788670268144,63.4,316.69,0.243,1058.63995,14,437.38,41.3,False,False,False
0x12732a091474485e45d76527f80f518331143055,True,2000,984,613,371,62.3,0.95,-1979.92,30,1787151041933,1788801497093,19.1,-3105.71,1.569,74844.361562,7,-60.39,-0.1,False,True,False
0x1288e2a88c6dc5b3862d03f90c188d0e478bcebc,True,2000,1135,755,380,66.5,3.85,18023.53,51,1746092369825,1780559177173,398.9,7186.02,0.399,0.100438,0,0.0,0.0,False,True,False
0x128da6a27272dd4afb1a265f619298d00f2b8b52,True,2000,1098,928,170,84.5,1.57,22119.09,1,1770780678496,1788795715879,208.5,-6528.1,0.295,9061.605727,1,102.8,1.1,False,True,False
0x129a30cb045273bb5882b46b5008e48c5c3de08a,True,621,310,165,145,53.2,0.13,-29313.13,6,1765451494342,1780751367764,177.1,-12821.13,0.437,16456.810882,1,-3372.95,-20.5,True,False,False
0x12ba6d7c2e4157835b8c17070cad80e86fd766f3,True,2000,866,414,452,47.8,0.59,-19172.42,19,1768320403349,1781521217300,152.8,-2277.82,0.119,0.0,0,0.0,,False,True,False
0x12cdb0b0ada763c47251567545746b8ba6402c75,True,2000,1003,252,751,25.1,0.67,-15752.26,17,1787475868289,1788797336991,15.3,2029.15,0.129,69119.992259,6,58983.9,85.3,False,False,False
0x12e805d4b097cfbdbeeed6fe22ce2611a8a21b4b,True,2000,1044,540,504,51.7,1.53,43164.86,2,1780859247968,1788506139879,88.5,7499.0,0.174,37649.648357,1,15488.5,41.1,False,False,False
0x12f787d5833b8b65f9637a5d4bbb163b7db531e1,True,2000,1338,1109,229,82.9,6.32,10836.72,31,1766146114305,1780012800066,160.5,1745.39,0.161,0.0,0,0.0,,False,True,False
0x1308c4351f76cc1c7abe61a9262708d9e36e4920,True,2000,856,671,185,78.4,0.8,-12883.84,14,1763564690094,1788698598327,290.9,-6729.59,0.522,2596.166005,1,4387.72,169.0,False,True,False
0x1317ea30e98a643fe356f01f5bc33cd0756044cb,True,2000,892,241,651,27.0,0.88,-3451.13,20,1787143710290,1788795649982,19.1,2061.7,0.597,0.019959,1,-0.0,-5.3,True,False,False
0x13297d733450e30c4978ab3d32d3a0d5432b661e,True,2000,1053,630,423,59.8,3.16,15381.67,47,1761917838855,1788529021784,308.0,1887.12,0.123,0.0,0,0.0,,False,True,False
0x13487f054fc437ac92542ab61e76ec42c9bfd8cd,True,2000,1664,253,1411,15.2,0.08,-27410.56,11,1787657527345,1788800582909,13.2,-932.85,0.034,46962.7703,2,-25792.74,-54.9,True,False,False
0x13558be785661958932ceac35ba20de187275a42,True,2000,976,504,472,51.6,0.7,-1345.3,1,1788141737516,1788800823571,7.6,-235.13,0.175,4891.121529,2,110.6,2.3,False,True,False
0x136c473f6d88c1ec17c2ed6b6cb273983e028458,True,341,226,113,113,50.0,1884.44,108339.43,2,1776760783673,1785196800026,97.6,13396.6,0.124,0.0,0,0.0,,False,False,False
0x137dede797b3c4501fefe08ba3b3727a079fe4f2,True,2000,1027,528,499,51.4,1.66,4828.83,36,1777917249961,1788802039638,126.0,509.04,0.105,1697.671905,3,331.69,19.5,False,True,False
0x13937d2c1d4b3d96ada88e265e6ce73eeb691869,True,2000,1040,456,584,43.8,1.25,4846.92,130,1781835821732,1788762291780,80.2,-2021.35,0.417,0.0,0,0.0,,False,True,False
0x13a5755535f27a2db363fee1cadb39475dc42c49,True,2000,708,437,271,61.7,1.31,2883.95,16,1759304829003,1788749727711,340.8,-1403.21,0.487,0.008495,0,0.0,0.0,False,False,False
0x13be19273d5866261e8b435cd813bb326887e27a,True,758,325,302,23,92.9,6.3,35758.04,5,1780684264140,1781532995914,9.8,4311.42,0.121,0.0,0,0.0,,False,True,False
0x13d16778787d549cbeed1592cdb934676b60ad85,True,2000,902,575,327,63.7,0.98,-195.23,8,1764800541365,1782323376637,202.8,-516.4,2.645,788.895012,0,0.0,0.0,False,True,False
0x13e84e8897caf814dc32e147aa0f6dd46fa28cdf,True,2000,865,394,471,45.5,1.73,36030.31,31,1785870029467,1788553808589,31.1,11708.47,0.325,754279.448776,5,96592.56,12.8,False,False,False
0x13f6ffc364d4ed575c9a69e0c33fd014c5bc2dc2,True,780,328,214,114,65.2,1.02,99.34,3,1785853213448,1788536903581,31.1,-1699.88,17.111,95.203947,1,-4.89,-5.1,True,True,False
0x14052f2848cbcb7a6bfba394a79242d35beac3bf,True,2000,857,294,563,34.3,1.79,2233.19,23,1781684727161,1788741846167,81.7,2365.7,1.059,9638.91075,2,1.79,0.0,False,True,True
0x1420d266d2b28295592b85a8cd80bf1b9dc6b754,True,287,90,42,48,46.7,6.82,1405.07,3,1734338155635,1788795793162,630.3,242.46,0.173,4499.143259,1,-878.38,-19.5,True,False,False
0x1438d88b50caffa35ef888ce5dddc55f09a67bab,True,557,294,148,146,50.3,5.49,10404.09,14,1752327265586,1787973928463,412.6,1604.11,0.154,0.0,0,0.0,,False,True,False
0x144313a16dc284187e963848cb494a8b544e7a58,True,2000,1149,491,658,42.7,0.54,-43906.48,1,1787816233729,1788763731592,11.0,-2227.37,0.051,0.0,0,0.0,,False,False,False
0x145ab13c558d3eb56dad3921f8d6cb1935d28804,True,1232,638,280,358,43.9,3.05,89346.06,7,1775645828556,1788525477286,149.1,20054.35,0.224,47488.188941,0,0.0,0.0,False,True,False
0x146ebb59104ded81bb768b08d671f080aa73d08d,True,1957,843,534,309,63.3,0.76,-16308.9,26,1752251442809,1780534442047,327.3,9385.99,0.576,24474.86264,1,8091.7,33.1,False,True,True
0x149d35ed0e25ec4b760c28055f744fdd02af1764,True,2000,1008,831,177,82.4,5.01,121358.58,1,1767799409895,1788791730793,243.0,18246.29,0.15,40360.043853,0,0.0,0.0,False,True,False
0x14af1f801e88314a9a677a0d35517c1d43c51f51,True,2000,909,445,464,49.0,0.25,-52515.87,21,1762274214205,1783019802714,240.1,-6329.38,0.121,0.0,0,0.0,,False,True,False
0x14cb09681522dd000e5f27bde4511c3e0150e979,True,2000,959,151,808,15.7,0.02,-51810.75,4,1786024364204,1788388213279,27.4,-3350.2,0.065,0.0,0,0.0,,False,True,False
0x14eb05e1905ee16bdd774fb541d3c2d491edca27,True,2000,933,404,529,43.3,0.84,-6115.36,5,1779616755422,1779951581692,3.9,-2239.23,0.366,0.0,0,0.0,,False,False,False
0x14f8899fe7e772b012c9d4b9499dc86c7d30b144,True,2000,1204,201,1003,16.7,0.09,-300662.83,7,1783515654289,1788646029243,59.4,-18174.18,0.06,0.0,0,0.0,,False,False,False
0x15094c3ec74e8a43c082042815e0c135deebb152,True,2000,1203,541,662,45.0,1.2,970.13,1,1787665896523,1788799557006,13.1,250.81,0.259,19222.674434,1,12.77,0.1,False,False,False
0x151b466524083b2d6b864e728e6bca1e1b0ac975,True,2000,1134,606,528,53.4,0.93,-602.19,2,1782480008353,1786751942962,49.4,-320.47,0.532,0.0,0,0.0,,False,False,False
0x1534492c2429d0322ecfaa73d7de71d5f5c7581d,True,2000,955,608,347,63.7,1.44,10872.94,25,1735225981557,1788105531531,612.0,-6762.5,0.622,0.0,0,0.0,,False,True,False
0x153e2314b5b0d8cd97843102d0cd771fc3becb07,True,2000,975,789,186,80.9,0.57,-9373.32,6,1777391944401,1788791501693,131.9,-4987.05,0.532,386.221196,1,-12.58,-3.3,False,False,False
0x154dfbb9a7072a2aea22c32b9868fbc4c8df8b51,True,2000,764,240,524,31.4,0.08,-42638.98,3,1788659872817,1788709446812,0.6,-9901.33,0.232,102614.957226,2,-47121.35,-45.9,True,False,False
0x15644242581131594413ef72346ac5c5305b8add,True,2000,991,613,378,61.9,1.0,220.76,18,1784473852556,1788532954818,47.0,-16280.49,73.746,28762.680828,1,16754.2,58.2,False,True,False
0x158500be9feb3bb99569904b7786b0d2842d3bb5,True,674,237,132,105,55.7,1.99,7411.19,15,1780171881035,1784043003167,44.8,2825.33,0.381,0.0,0,0.0,,False,True,False
0x159aac99694e83e7f654490d622606fa7ea8dc18,True,2000,1036,428,608,41.3,1.17,458.47,52,1785661495440,1788779365163,36.1,145.87,0.318,35403.107756,50,2388.71,6.7,False,False,False
0x15b7f63ff487ab654f582b8b03a45198908e35f9,True,2000,1127,431,696,38.2,0.59,-8981.86,15,1778662488205,1788678774006,115.9,-1408.0,0.157,101.452328,4,6.88,6.8,False,True,False
0x15cf9649c5d5f3cde56279c5cef856894110c84f,True,2000,833,242,591,29.1,1.11,2100.01,12,1788213255144,1788731429887,6.0,-2909.94,1.386,14788.862387,1,494.52,3.3,False,False,False
0x15e34c9d54ea0621f5bb54c670d81fbc17ddf5d9,True,1173,529,287,242,54.3,0.8,-963.15,73,1774455067845,1784659955560,118.1,-348.96,0.362,0.0,0,0.0,,False,True,False
0x15ed467a070a05b97eb8d2eebbbed6cb593dcaf3,True,2000,976,779,197,79.8,0.8,-3391.82,17,1787150262603,1788801711838,19.1,-2332.39,0.688,3175.415417,3,-379.85,-12.0,True,True,False
0x160398a0b95383a9155081b16f9e32e18861408b,True,2000,1104,763,341,69.1,1.53,49019.56,8,1775953784369,1778529938183,29.8,113959.51,2.325,0.0,0,0.0,,False,True,False
0x161d894c4579dd059ecda3b76fdced84645366d8,True,2000,824,500,324,60.7,0.93,-295.98,2,1776522952885,1777580842586,12.2,-1080.62,3.651,0.0,0,0.0,,False,False,False
0x162ea116bbfae0a36d8019975f0472e4a5e2cec0,True,2000,989,279,710,28.2,0.63,-9795.47,21,1772805329471,1785800259251,150.4,-3483.74,0.356,0.0,0,0.0,,False,True,False
0x163cc9f3fcfc73f8f55004fcd1a482fe8b9fdc1f,True,1703,806,413,393,51.2,0.87,-1926.13,25,1784236460932,1788586801386,50.4,-1491.53,0.774,10475.888336,1,-1007.15,-9.6,True,True,False
0x165eccd320160a9350e704ddafbdede922bf4591,True,385,171,101,70,59.1,0.72,-1073.87,8,1712964676213,1782590997813,805.9,294.38,0.274,0.0,0,0.0,,False,False,False
0x1671ae55c676cc50f3f7ae87fc3d037eac59c670,True,2000,562,469,93,83.5,14.0,62589.08,51,1767389912984,1788795682092,247.8,1998.15,0.032,12507.877106,1,-4869.81,-38.9,True,True,False
0x168c69526ba07acaa26682a7f1757f07d3b5a856,True,2000,945,617,328,65.3,0.59,-18755.02,127,1757858151991,1788216820154,351.4,-5249.83,0.28,6020.976941,14,5205.8,86.5,False,True,True
0x169c4d48aa155347de49a7013985a993bac34013,True,2000,961,524,437,54.5,1.09,890.99,35,1755544479891,1787167648608,366.0,-700.02,0.786,0.0,0,0.0,,False,False,False
0x16bd1876f74b4f9fe74a1e70f67e19c5ce93f205,True,2000,1075,509,566,47.3,0.3,-120636.74,23,1744435016836,1780672533738,419.4,-13729.73,0.114,0.0,0,0.0,,False,True,False
0x16d69a835c012584783921b2e4c622f157ce97bf,True,2000,882,298,584,33.8,1.65,36825.85,15,1786549921943,1788768125741,25.7,11085.0,0.301,55255.097377,1,-420.99,-0.8,False,False,False
0x16f037a3ddf53da1b047a926e1833219f0a8e1fc,True,2000,880,704,176,80.0,1.92,24520.24,18,1780468391396,1788463204480,92.5,4762.39,0.194,0.0,0,0.0,,False,True,False
0x170f1c96ecaeadd18f7a86a14e9660abf6334cc0,True,2000,953,426,527,44.7,0.85,-1387.72,26,1763711170910,1785855523245,256.3,496.63,0.358,0.0,0,0.0,,False,True,False
0x171cf623ddbeffd90e903bfc3e525b5377e16ba8,True,821,497,401,96,80.7,5.65,5587.62,5,1773410166484,1773754663390,4.0,1018.89,0.182,0.0,0,0.0,,False,False,False
0x172f5a1147c2b65e88b8d1f14af55c9fa304b639,True,2000,1114,114,1000,10.2,0.67,-3508.3,14,1772529994206,1779321600086,78.6,621.46,0.177,0.0,0,0.0,,False,True,False
0x1743c9be7c10bddccea0b650e3e41b2cf2bbfc8f,True,2000,966,270,696,28.0,1.21,546.17,2,1776293237034,1776519563436,2.6,99.76,0.183,0.0,0,0.0,,False,False,False
0x17548c35d99b665d3a4e793622a41c57f5ae2429,True,2000,1129,600,529,53.1,2.75,138966.79,5,1787495122204,1788735454715,14.4,20815.58,0.15,0.0,0,0.0,,False,False,False
0x1764dd740aba4195643bbb6a44648e0306b00cfa,True,2000,1155,238,917,20.6,1.07,1621.81,8,1771829694517,1788255321182,190.1,2962.94,1.827,453.686185,1,39.7,8.7,False,False,False
0x1778fa0d8bdf9a90dd202163873323b2fe989a10,True,1602,806,499,307,61.9,1.08,458.09,28,1733666200537,1788727536032,637.3,1034.76,2.259,0.0,0,0.0,,False,True,False
0x178ab44be56051787d11c27d8ab8af0fac0b8ba0,True,215,125,34,91,27.2,0.2,-10165.98,8,1772987894828,1780587443485,88.0,-10330.45,1.016,0.0,0,0.0,,False,True,False
0x179f1bd06b749f4c2d56defaeacc795ed2b5b805,True,2000,895,560,335,62.6,0.98,-597.13,13,1769672066231,1778676093961,104.2,3218.16,5.389,0.0,0,0.0,,False,True,False
0x17c3c8fdbcb7d1b240ce08965e09b1fc91cba868,True,2000,844,718,126,85.1,15.74,34692.35,15,1788718895866,1788802796472,1.0,806.36,0.023,2200717.059103,18,-278909.74,-12.7,True,True,False
0x17e871094ff2cfe794032f6a759cec411708b818,True,2000,1167,503,664,43.1,1.02,555.03,9,1776836825058,1787571387355,124.2,-1726.47,3.111,0.0,0,0.0,,False,True,False
0x17f70f8960c92c8e09b6b5de074367b856625a15,True,2000,1108,827,281,74.6,1.1,1650.86,11,1787490278666,1787590987280,1.2,-1521.66,0.922,0.0,0,0.0,,False,False,False
0x1814668f7f96d50592979c30676d68cc1990d6dc,True,2000,1102,630,472,57.2,1.05,279.48,4,1776715897711,1779375292367,30.8,-1473.97,5.274,0.0,0,0.0,,False,False,False
0x18291605dc6423da2b5eeb09a44c7c3be4ef56fc,True,2000,906,490,416,54.1,4.04,104896.31,8,1782482748443,1788785120617,72.9,21495.93,0.205,79931.073106,1,-16151.15,-20.2,True,False,False
0x183c6497814803574c23866c7662dea4c044d0f9,True,2000,864,402,462,46.5,1.68,19590.67,27,1772943684985,1788471205304,179.7,7357.45,0.376,0.0,0,0.0,,False,True,False
0x184cf6ce32208e4bb324d402fdd8f5b34c810880,True,901,465,144,321,31.0,0.92,-11496.49,8,1762551320804,1787268309071,286.1,23351.25,2.031,108500.10314,0,0.0,0.0,False,True,False
0x185dc9eb6d2be1afb13095643ba10ccfc9bd352e,True,2000,789,667,122,84.5,0.44,-17824.97,3,1772459238948,1787375359005,172.6,-2316.34,0.13,1590.94306,1,179.06,11.3,False,True,False
0x186db447f4de2f258ec100aa194b6e9974a46482,True,2000,1183,334,849,28.2,4.49,176161.93,1,1788287414976,1788802448062,6.0,19185.78,0.109,502914.0,1,-18388.59,-3.7,False,False,False
0x187fc088baed99448723897da5b5eb865a32db9d,True,2000,984,497,487,50.5,0.25,-18445.15,4,1773157999077,1777120387206,45.9,-8802.28,0.477,0.0,0,0.0,,False,True,False
0x18a03e6a83908a42b33b81a2a77ae89591ee7b13,True,129,78,42,36,53.8,1.2,680.02,1,1768206927023,1788419060423,233.9,419.47,0.617,0.009639,0,0.0,0.0,False,True,False
0x18b9359035856167f65705bb5fac9df570bcab1f,True,239,105,103,2,98.1,112.14,10968.5,1,1780918653686,1782457621146,17.8,2662.63,0.243,0.0,0,0.0,,False,False,False
0x18d6bcd40801db492315945789fbdfa42ac95d24,True,221,133,74,59,55.6,0.46,-1755.51,1,1778598670536,1779454306776,9.9,-576.89,0.329,0.0,0,0.0,,False,True,False
0x18e41bb2205e0d87ce94474411d49c035c15b062,True,2000,1039,501,538,48.2,1.13,4433.35,13,1784417450761,1788762328963,50.3,-2506.05,0.565,44749.891728,5,65101.86,145.5,False,False,False
0x18fbbad253216cc47728ab5a5a2665618159ae88,True,2000,838,384,454,45.8,5.88,43636.71,8,1786836121847,1788801448767,22.7,6633.24,0.152,11588.509489,1,8024.61,69.2,False,False,False
0x191779545ef487a2197f8efbacf028d555aecef0,True,2000,917,80,837,8.7,0.23,-46230.98,5,1772549375981,1773195348824,7.5,-3785.04,0.082,0.0,0,0.0,,False,True,False
0x192dfd9c08cd9e17cc695913bca39b36ec425324,True,2000,966,862,104,89.2,5.18,21272.67,40,1781208300675,1788555578963,85.0,-1602.37,0.075,12385.474579,3,6689.01,54.0,False,True,False
0x195b8b9598904b55e9770492bd697529492034a2,True,2000,1054,496,558,47.1,1.12,299.89,28,1768405115413,1788349790509,230.8,730.14,2.435,0.0,0,0.0,,False,False,False
0x19751e10aeb6aba1750e594e1db8302723eacda5,True,1403,608,467,141,76.8,1.33,1983.42,28,1774836347622,1788704867855,160.5,-711.39,0.359,0.0,0,0.0,,False,True,False
0x1986b03fe890fff6b05fa17c49372cdd62a23c60,True,1166,451,385,66,85.4,1.92,2732.28,33,1753227784854,1782487939062,338.7,820.68,0.3,0.0,0,0.0,,False,True,False
0x19a65785fadb3579a637f0b177999b53cc8fc592,True,2000,1122,439,683,39.1,1.02,113.66,9,1781749515800,1787437673613,65.8,416.88,3.668,0.0,0,0.0,,False,True,False
0x19b151207c1091a0f68e636735d38f8f6d8d326e,True,1860,1034,975,59,94.3,2.77,38425.25,15,1763089019973,1788795472272,297.5,8039.66,0.209,12447.267572,2,-362.68,-2.9,False,True,False
0x19c3dc3d0b90fbbd37fd369134c530f193c5007f,True,2000,936,448,488,47.9,2.33,21689.13,21,1782829747280,1788122824336,61.3,3074.14,0.142,0.0,0,0.0,,False,False,False
0x19e201c6035270a637ff894a4dcdb135b3fd44ec,True,2000,889,288,601,32.4,0.55,-5383.89,6,1780419141514,1788709344941,96.0,-748.27,0.139,0.0,0,0.0,,False,True,False
0x19f471c40cd9270ceea76cfdeaa85370d78157ee,True,1745,835,406,429,48.6,8.28,271291.41,44,1716046206060,1781725209612,760.2,18414.6,0.068,0.0,0,0.0,,False,True,False
0x1a0eb3ec84916d0380d97504cc52e3dbd4897b9c,True,2000,1210,1063,147,87.9,136.12,213570.21,13,1768765749578,1788486124590,228.2,21408.3,0.1,0.0,0,0.0,,False,False,False
0x1a1ecb3180092731fb325c02ced6ebc64de8dd34,True,2000,865,520,345,60.1,1.49,32086.85,3,1786064536300,1787518588603,16.8,-39245.8,1.223,0.0,0,0.0,,False,True,False
0x1a2e6afa298b1cc50939b4b2b0b430e3c1ef3459,True,2000,806,377,429,46.8,1.24,377.72,1,1787373369251,1787494408509,1.4,-79.56,0.211,15423.127661,1,-9.59,-0.1,False,True,False
0x1a4802eed23aec933a184b9e83086afa44f14aa8,True,152,55,14,41,25.5,0.99,-18.49,7,1740287872036,1780458626592,464.9,-1234.19,66.742,0.0,0,0.0,,False,True,False
0x1a5ac4d790b1a163bf8b3552df15029e6fe1c4eb,True,2000,728,635,93,87.2,4.73,2524.62,10,1786978969931,1788800081194,21.1,127.55,0.051,53.117247,1,-120.81,-227.4,True,True,False
0x1a72e636c415a89421a9640d74a3aaa2457cb26f,True,2000,1102,335,767,30.4,0.09,-1296719.32,16,1752431956818,1786055302307,389.2,-161130.61,0.124,0.0,0,0.0,,False,True,False
0x1a99a69d1b8a1434752ea736211d165b664264e1,True,424,112,69,43,61.6,4.74,6343.77,3,1781766038430,1788533730164,78.3,4636.06,0.731,31589.568,0,0.0,0.0,False,True,False
0x1aaff92f3161bf101330feec32932679cbed718b,True,599,340,307,33,90.3,2.04,16807.33,13,1762317296995,1783670038214,247.1,-12254.31,0.729,0.0,0,0.0,,False,True,False
0x1ac7f5d81b4521efd034cff1a1b7f4ef9ac9b4dd,True,2000,953,428,525,44.9,1.99,13015.54,10,1784056629780,1788793988477,54.8,1754.95,0.135,3370.669956,1,2074.08,61.5,False,False,False
0x1ae3f581b48917902c6288fb78602889aa3fa9b0,True,2000,1072,556,516,51.9,0.8,-5684.92,24,1772080653669,1783171328688,128.4,1268.9,0.223,0.0,0,0.0,,False,True,False
0x1b003da369557bf853c4a4b4e13f70e9267107ca,True,2000,953,782,171,82.1,1.25,6002.64,1,1787372108791,1788571537530,13.9,4916.48,0.819,0.0,0,0.0,,False,False,False
0x1b1b2ddc33acab5d456f95f26f681a14f6b66d0d,True,1960,892,635,257,71.2,3.49,35827.21,41,1758913663446,1773132350659,164.6,3763.56,0.105,0.0,0,0.0,,False,True,False
0x1b271db54ae4c15de36956c7335d6ecc736f38c8,True,1773,749,447,302,59.7,2.14,43965.52,25,1708951629787,1781703084588,842.0,-9347.53,0.213,0.0,0,0.0,,False,True,False
0x1b32ed379d565ec5625cf174e75fd2c8e50fd128,True,1626,814,390,424,47.9,1.66,13505.3,15,1763145660116,1788493298360,293.4,1547.96,0.115,0.0,0,0.0,,False,True,False
0x1b526ff54f9f66c777fd34b7a802bb8d216ed41b,True,2000,1977,1973,4,99.8,7770.8,2134343.3,1,1771864212712,1773893500835,23.5,18923.46,0.009,0.006473,0,0.0,0.0,False,False,False
0x1b798718722107a43f9603eb155dfc6944ac31cd,True,2000,1218,563,655,46.2,0.12,-263774.14,1,1782821174548,1785102415447,26.4,-16964.25,0.064,0.0,0,0.0,,False,True,False
0x1b908ac3331b453e01676b3c4e12305e5dc80c97,True,2000,1003,438,565,43.7,0.27,-35764.52,10,1783684727527,1785465092593,20.6,-5987.1,0.167,0.0,0,0.0,,False,False,False
0x1bb92699bfee451ca92980b5334687249113237d,True,2000,999,116,883,11.6,0.55,-5412.67,32,1776095475777,1788491194221,143.5,845.61,0.156,0.0,0,0.0,,False,False,False
0x1bc8c6c06a43e3fbb2ebc613e0ebc0ecb95b5937,True,2000,1050,571,479,54.4,0.77,-11396.64,2,1770305979555,1784669725186,166.2,-2599.04,0.228,0.0,0,0.0,,False,True,False
0x1be80f7ff3939b443234183f569f8deb7e77cd42,True,885,474,126,348,26.6,0.95,-1531.83,1,1755689521026,1780639330244,288.8,4618.47,3.015,2e-06,0,0.0,0.0,False,False,False
0x1bf8d31fde1b0e11707c5fd071e3666b10401d5d,True,2000,1062,474,588,44.6,1.59,14981.23,18,1779696553840,1788711500364,104.3,-3601.93,0.24,5239.370719,1,3510.82,67.0,False,True,False
0x1c1511b650f24fd7a7c3c7ad05b835f5363f8695,True,2000,984,279,705,28.4,1.07,1119.13,63,1773505122776,1788762291780,176.6,613.45,0.548,0.0,0,0.0,,False,False,False
0x1c1f611419a59df8f2095492c443203c09936937,True,418,208,160,48,76.9,3.32,11588.86,15,1769784973725,1781788440666,138.9,-2033.93,0.176,29919.39269,1,666.08,2.2,False,False,False
0x1c3343b282e0f2338ba2f537a09d6fd499ea6054,True,1012,391,174,217,44.5,0.56,-23570.35,10,1734715839191,1788685891108,624.7,-13716.79,0.582,24534.666115,2,-421.27,-1.7,False,True,False
0x1c4f553fc8696cdae3cf041053fbcfdfabfba38a,True,2000,910,269,641,29.6,0.87,-246.41,59,1760297949713,1788361955475,324.8,-256.37,1.04,1845.464694,4,-2405.64,-130.4,True,True,False
0x1c768f9c263f85cac55846011cc4a194fea5ff11,True,2000,858,266,592,31.0,0.85,-9045.52,4,1770802205018,1780322120404,110.2,12662.47,1.4,0.0,0,0.0,,False,True,False
0x1c882168751383e5da21848af836828b4dad05e8,True,1941,939,316,623,33.7,0.8,-9863.16,27,1753406093316,1788778156366,409.4,6072.61,0.616,40043.168176,7,20071.81,50.1,False,True,True
0x1c9a231faa6efaf98715bb512466f3d0a5aee929,True,402,153,97,56,63.4,0.51,-32359.38,6,1740469586039,1781533210681,475.3,-12804.0,0.396,135330.303428,1,71217.09,52.6,False,False,False
0x1ca4bb50569dc4135ead955a91f9d76191c27966,True,479,206,107,99,51.9,2.0,10353.46,7,1778740601152,1788705483301,115.3,13872.0,1.34,183661.283148,2,85933.17,46.8,False,False,False
0x1cb6ae349d1f6aad4c8196c75a348996de7d9d88,True,1598,763,112,651,14.7,0.12,-74169.2,3,1773502559014,1779202255212,66.0,-9318.5,0.126,0.0,0,0.0,,False,True,False
0x1cd2dd9e89d9d256d10c32e46e48ca5d3876496a,True,1608,833,337,496,40.5,0.38,-8887.17,18,1774984202733,1780935868922,68.9,-2406.34,0.271,0.0,0,0.0,,False,False,False
0x1ce503957c51f04bbb23be464303bb03c102a537,True,137,59,33,26,55.9,2.18,1011.87,6,1786862039168,1787831904719,11.2,1469.3,1.452,0.000129,0,0.0,0.0,False,True,False
0x1cf46d3d7f690e2c84248dbdf4119acf87547785,True,2000,1718,113,1605,6.6,3.16,34016.79,5,1778269882079,1780678381573,27.9,3349.06,0.098,0.0,0,0.0,,False,False,False
0x1d045240a2f916683e3691f817ad846c88997c43,True,1721,500,0,500,0.0,0.0,-146461.46,2,1788110001117,1788692404673,6.7,-30149.68,0.206,800495.215058,2,-43074.18,-5.4,True,False,False
0x1d1ee9948b8efa20c7a13187d80db1261feb0753,True,1633,812,308,504,37.9,0.85,-2980.44,3,1787161237185,1788573771593,16.3,-4605.29,1.545,0.0,0,0.0,,False,False,False
0x1d330927357cc0ec84e895d077d84b01f2ca5f8c,True,2000,924,232,692,25.1,0.76,-2855.17,28,1786826314470,1788423331719,18.5,577.68,0.202,0.0,0,0.0,,False,False,False
0x1d417efad14171cd4777a99463096d3b89f62345,True,2000,840,631,209,75.1,2.2,15574.65,29,1781128376913,1788722834587,87.9,7211.06,0.463,0.0,0,0.0,,False,True,False
0x1d5878c79988b1d3cd9c84484623a210a574d129,True,2000,878,627,251,71.4,0.89,-4789.62,2,1763620992265,1787153265158,272.4,-9020.47,1.883,0.0,0,0.0,,False,True,False
0x1d6f06943e4b94186a400774e05ec072c6d3b6e0,True,2000,855,533,322,62.3,0.73,-9463.02,36,1773906783519,1788776254271,172.1,-12740.9,1.346,13572.793143,1,-56804.32,-418.5,True,False,False
0x1d8fbb2460ba66bbc5c8ec3affa91345c0fd9a9c,True,748,403,160,243,39.7,0.17,-33658.67,9,1764002645422,1779544910601,179.9,-11333.2,0.337,0.0,0,0.0,,False,True,False
0x1d9fc558a0f39b35e77f0df0fb5bbf0fc8b71928,True,1685,742,600,142,80.9,0.62,-14476.34,3,1766313769677,1773317916128,81.1,-7483.74,0.517,670.073673,0,0.0,0.0,False,True,False
0x1dbe0041f151d026d1aa7bae5f1f313033aa2483,True,2000,1046,313,733,29.9,1.2,797.98,8,1781669779531,1782602981134,10.8,473.59,0.593,0.0,0,0.0,,False,False,False
0x1dd4af3383fce2ee4a40d9fb6766cbfcce2ddbce,True,2000,752,395,357,52.5,2.13,3321.5,4,1780072641671,1781620458241,17.9,1028.06,0.31,0.0,0,0.0,,False,False,False
0x1def1c12d7311fe6890db4b6d4659a43b4f116a5,True,1124,517,258,259,49.9,1.11,29.14,7,1775290581071,1775465522834,2.0,-45.11,1.548,328.764737,0,0.0,0.0,False,False,False
0x1e07a22190c1d161248febf9fc2c440f324a16e2,True,2000,1235,660,575,53.4,0.32,-84798.06,31,1750999748677,1787393680883,421.2,-34251.27,0.404,0.0,0,0.0,,False,True,False
0x1e1f74c02fe6af14b968545b2d53d124a15ea820,True,2000,1107,505,602,45.6,0.42,-18723.55,13,1788165689334,1788742886381,6.7,-7635.13,0.408,0.0,0,0.0,,False,False,False
0x1e316cb1903e73420dd3d79c3bba156baf72c9e3,True,120,68,36,32,52.9,0.07,-67419.58,2,1743703745765,1775720274161,370.6,-17980.14,0.267,168035.506429,1,94439.83,56.2,False,True,False
0x1e526d063097349c9ed5522aa96e48476ce1352e,True,2000,1275,771,504,60.5,0.52,-343101.36,4,1775603321074,1780415832506,55.7,-33177.85,0.097,0.0,0,0.0,,False,False,False
0x1e67df1e608e030e07a050608b1a49e47fd8161d,True,2000,1046,797,249,76.2,1.04,1003.66,24,1775739956300,1788775677093,150.9,-3834.72,3.821,7057.43253,2,-940.11,-13.3,True,True,False
0x1e799bdc292c86312c79d4fecd5b8439adf1cc71,True,2000,883,249,634,28.2,0.98,-317.87,8,1784508567482,1788228341420,43.1,5444.96,17.13,0.0,0,0.0,,False,True,False
0x1e8ae3233c7244bb2cd793a18ccb1130f8b7cae7,True,2000,884,450,434,50.9,0.61,-14177.07,42,1759820411244,1783674365323,276.1,4365.93,0.308,0.0,0,0.0,,False,True,False
0x1e9b03ec06f463bc5d81c15e050425639cc43855,True,2000,1006,188,818,18.7,0.0,-53120.85,5,1788748681266,1788786545641,0.4,-957.52,0.018,84136.013981,2,-11809.23,-14.0,True,False,False
0x1eb11988d8da1a9cab33bbab1302cfb075d41bef,True,2000,1067,495,572,46.4,1.4,9804.25,11,1779841852092,1787704330714,91.0,3682.83,0.376,0.0,0,0.0,,False,False,False
0x1ec15e24896f4feb55dd70d22dc3620ae3cc990c,True,2000,1004,150,854,14.9,0.08,-3701.91,1,1788741857060,1788803365047,0.7,-37.66,0.01,9671.344904,1,330.39,3.4,False,False,False
0x1ed2bc96913b08b597392487f02fcaaf659fa3d4,True,2000,2000,2000,0,100.0,inf,96246.9,2,1783249266115,1783249521530,0.0,1070.94,0.011,0.0,0,0.0,,False,False,False
0x1ee7181e4020aad46247c0b0791c9830360a9f42,True,2000,982,340,642,34.6,0.28,-203135.6,17,1740712324340,1775093529484,397.9,22010.95,0.108,123.775102,0,0.0,0.0,False,True,True
0x1ef9945918e59c4b24bea1f63657c790e9b787cc,True,650,358,150,208,41.9,1.18,676.2,4,1780441161903,1780777107800,3.9,457.16,0.676,0.0,0,0.0,,False,False,False
0x1f0907e1d620e5e9fc6712bcc4500a696ea2a77a,True,2000,1031,427,604,41.4,1.16,3018.03,2,1773935895743,1779566558364,65.2,1643.21,0.544,0.0,0,0.0,,False,False,False
0x1f18a87ddc22441a89ca8f77ac5b164d62f4f643,True,2000,909,349,560,38.4,1.06,1320.58,15,1778114978478,1787270767311,106.0,-3152.24,2.387,0.0,0,0.0,,False,True,False
0x1f32909486f0277b8ecb5b9a9e2896c40cc30e03,True,423,183,70,113,38.3,0.7,-3838.9,2,1774678657690,1776651162885,22.8,-4532.94,1.181,0.0,0,0.0,,False,False,False
0x1f41d4e225dbb13d2f96bbfd3c2a5a510fd3691f,True,1186,360,188,172,52.2,0.39,-31797.92,4,1777660370339,1778840002541,13.7,-7281.67,0.229,0.0,0,0.0,,False,True,False
0x1f57058d2a45568f9879ccc746d55dd16cf99671,True,2000,1179,384,795,32.6,0.75,-6709.78,42,1771771643413,1788554727403,194.2,1518.84,0.226,807.999623,0,0.0,0.0,False,True,False
0x1f5ebf95fc324b0ed2776750f4b0ae967315a5d2,True,2000,924,452,472,48.9,0.27,-41808.44,21,1784599795299,1787376034478,32.1,-7176.58,0.172,0.0,0,0.0,,False,False,False
0x1f71234e2c178b3b6184847b8bcd29f7331ea327,True,2000,1028,483,545,47.0,2.33,5862.46,36,1787747157214,1788794782113,12.1,3747.08,0.639,0.0,0,0.0,,False,False,False
0x1f847a01cbc91dd8ab4ec05bf16e5f655df08f11,True,2000,730,378,352,51.8,1.17,27327.39,42,1722038400097,1788678172798,771.3,19611.91,0.718,9489.886077,1,-501.16,-5.3,True,True,False
0x1fa5886992ca1e4966f04807db5b9dba52b552a6,True,2000,1001,377,624,37.7,0.57,-3210.56,1,1783605627082,1783960227485,4.1,575.04,0.179,0.0,0,0.0,,False,False,False
0x1fc1ae55c4b75dfa102e9a1a4ed107bd343b3957,True,527,292,189,103,64.7,1.06,342.1,14,1775656220196,1788537227653,149.1,-3093.89,9.044,1182.374929,2,167.78,14.2,False,True,False
0x1fd2166beff4b06230f053dd0de8a40cd925ff66,True,2000,706,294,412,41.6,0.54,-15555.78,9,1785169586315,1785359205392,2.2,-3218.28,0.207,0.0,0,0.0,,False,True,False
0x1fe06653816cd53afb36a18f059b0ada2a3c8f20,True,2000,982,675,307,68.7,1.07,29622.89,8,1775669282988,1780327129596,53.9,-120859.0,4.08,0.0,0,0.0,,False,True,False
0x1ff4461e22d20f71508babf515f624b7c7f88aa3,True,2000,816,357,459,43.8,0.85,-2121.81,13,1786074065475,1788301757658,25.8,2704.78,1.275,0.0,0,0.0,,False,False,False
0x200b916188b5db8f52ede5b8a1955a36a09b49b5,True,2000,883,470,413,53.2,1.0,-17.09,6,1786935189600,1788393803857,16.9,461.11,26.986,0.0,0,0.0,,False,True,False
0x2017b215ed130c35d784fd5145f814dfe39b4086,True,546,211,159,52,75.4,1.71,2462.54,9,1780327191598,1783012351287,31.1,-636.03,0.258,0.0,0,0.0,,False,False,False
0x202db88213dec0f8994284f2d85e41e3ff479219,True,2000,848,88,760,10.4,0.02,-1157.79,1,1785438510553,1788378346091,34.0,-34.64,0.03,99.8,0,0.0,0.0,False,False,False
0x204bf615e487c55571b949e7cf7294ac48dfd7bf,True,2000,970,277,693,28.6,0.67,-3663.33,23,1788239173647,1788795688265,6.4,-636.3,0.174,1243.883803,1,-235.09,-18.9,True,True,False
0x2057e6db25ad4dd8445d07da54692f76eed015e8,True,2000,965,637,328,66.0,1.03,837.97,11,1784778279359,1788729404875,45.7,-2845.04,3.395,33953.068512,3,-4702.44,-13.8,True,True,False
0x2072e2cd81ae6a6f1f5cc555dfd61c59fa8b6a3d,True,2000,985,378,607,38.4,0.32,-10903.4,9,1783025106446,1787486890280,51.6,-683.85,0.063,0.0,0,0.0,,False,False,False
0x20912ee3ea7f1527bf2dbc89dcfcaaeb874b27f0,True,2000,952,107,845,11.2,0.03,-18082.54,5,1788474702386,1788548790004,0.9,-1074.57,0.059,0.001768,0,0.0,0.0,False,True,False
0x20ab4ac21a97479239fc4eb62480b2b066bf13cd,True,2000,969,860,109,88.8,21.78,213786.91,13,1783683312395,1788800527048,59.2,16221.68,0.076,76274.11683,3,26441.66,34.7,False,False,False
0x20bc9cd229dfd681740834d9b4f55641ce435da3,True,2000,1075,739,336,68.7,0.57,-37944.62,1,1786517303557,1786695949006,2.1,-11224.6,0.296,0.0,0,0.0,,False,False,False
0x20ddca17d14d0aace0b0db43b5f3ffe260f363ae,True,1644,743,374,369,50.3,1.47,2334.51,11,1784284176449,1787580386397,38.2,478.21,0.205,0.0,0,0.0,,False,False,False
0x2101d7814f867834ef8ce868825df2afa9c348cf,True,1833,824,380,444,46.1,0.88,-11939.72,11,1776381706052,1780917531397,52.5,-9735.95,0.815,0.0,0,0.0,,False,True,False
0x2120930162210085838314efa84c0e7539d41a06,True,2000,839,411,428,49.0,1.11,650.23,61,1757054189416,1788788448418,367.3,-1183.39,1.82,591.557195,3,730.93,123.6,False,True,False
0x21316c7fa26028c7da41e03eed0ae9d7c2b7f727,True,2000,1145,620,525,54.1,0.1,-117903.67,1,1786753360148,1787447288844,8.0,-23114.81,0.196,0.0,0,0.0,,False,True,False
0x214c251bf792127a2e5149c05a9ebed69166b0c9,True,2000,1567,511,1056,32.6,0.45,-2142.21,11,1778489327593,1779926400013,16.6,-91.33,0.043,0.0,0,0.0,,False,False,False
0x216733c655f2f8472eabfe0621f80f4701668a1c,True,950,491,182,309,37.1,0.81,-5934.98,14,1772932059555,1781473910530,98.9,6437.37,1.085,0.0,0,0.0,,False,True,False
0x217af5967dc8abd7ae518efb9a03968b628248c0,True,2000,948,628,320,66.2,0.61,-22586.47,8,1782893767969,1788801807221,68.4,-6013.96,0.266,5154.415601,3,-324.2,-6.3,True,True,False
0x2198c6e0a5d4ebaee338a006710151dc0556e60c,True,1706,747,539,208,72.2,2.22,21167.85,11,1774967310553,1785418874908,121.0,3290.98,0.155,0.0,0,0.0,,False,True,False
0x21b4ef86ccaf41462673658eab3a8ac656fef14c,True,2000,887,479,408,54.0,0.88,-2222.25,15,1779398070714,1787270400024,91.1,-3369.68,1.516,0.0,0,0.0,,False,True,False
0x21d9e7ebae1483b9d92f875a4453375523dee2e1,True,2000,978,257,721,26.3,0.72,-3757.86,14,1771767499847,1777897153825,70.9,-1477.33,0.393,0.0,0,0.0,,False,True,False
0x21f2388ce55b94ec3e65383a6558d20b70f31c7f,True,2000,824,621,203,75.4,1.16,4317.32,38,1771524868901,1788677777845,198.5,-8723.04,2.02,2948.445929,4,-598.04,-20.3,True,True,False
0x2219a4c5ba484e9c3b43f20f4cce87b054136194,True,2000,1004,355,649,35.4,1.76,5927.26,2,1786297051400,1788417339588,24.5,2944.71,0.497,0.0,0,0.0,,False,False,False
0x223b7eab7ea1849c61f1866afe24c5685507a6e6,True,377,131,79,52,60.3,2.39,6155.8,3,1760029378498,1788477405545,329.3,2334.22,0.379,0.0,0,0.0,,False,True,False
0x2259a3e04f2107f1cd135cccc87f8635418357d8,True,493,190,144,46,75.8,37.31,153477.22,11,1734355299293,1788313804922,624.5,16708.2,0.109,42379.712868,6,4552.27,10.7,False,True,False
0x2275dda2ecc0643a35a90752e15a9eaacf6d836a,True,2000,1329,797,532,60.0,0.45,-17117.2,4,1764728794697,1779570170997,171.8,-4658.93,0.272,0.0,0,0.0,,False,True,False
0x229a771d4c5c2da2a7e6741ff9f8e8143e44c9ee,True,2000,1182,836,346,70.7,0.92,-1339.55,22,1787294568028,1788780578324,17.2,-1348.7,1.007,2489.518257,2,-229.12,-9.2,True,False,False
0x22ac8daa927d6ca2bbfe4b89f0b17c49176c1093,True,2000,714,443,271,62.0,1.36,1850.56,11,1779900183723,1788649807667,101.3,-613.35,0.331,0.0,0,0.0,,False,False,False
0x22cca50880e523daef4629609785040efc8da5f5,True,2000,1095,632,463,57.7,1.46,1276.83,56,1772808394580,1788799755189,185.1,183.9,0.144,2103.875716,11,301.52,14.3,False,True,False
0x22f5a3dcebca514b19f85c04908d0902b1e2a749,True,1796,583,343,240,58.8,1.41,17462.24,10,1739824078868,1788193857439,559.8,7667.5,0.439,148.296285,2,35.28,23.8,False,True,False
0x2306a109a7e21e3f92d5bbea01ea4b913538aa27,True,2000,967,441,526,45.6,0.81,-791.36,73,1776427329116,1782298682500,68.0,-662.88,0.838,0.0,0,0.0,,False,True,False
0x230e0cf9f3b4d60a73bf36e6518761840b8e8756,True,2000,990,335,655,33.8,1.82,5047.02,13,1788283030469,1788783577543,5.8,1286.92,0.255,4551.565967,4,3487.77,76.6,False,True,False
0x232014032e75814faa6ada78fd2a20e1b948109a,True,2000,1015,602,413,59.3,0.75,-16764.23,63,1786746765475,1788685891108,22.4,-11786.3,0.703,4219.297349,1,2759.85,65.4,False,True,False
0x2343a60ab9745a3d86593c387dc726edab8b08ed,True,2000,1092,206,886,18.9,1.44,27219.69,27,1769995303078,1788534547382,214.6,12488.95,0.459,2978.562948,1,663.2,22.3,False,False,False
0x237a6d794bce99e61d1226f2203ee2dc727a235d,True,2000,1040,698,342,67.1,1.54,61130.64,15,1742734609871,1788731003532,532.4,22700.62,0.371,77389.381244,5,34367.32,44.4,False,True,True
0x2385aae82b8ff5ec9e72f122f3462b9a1b9db98a,True,2000,1173,467,706,39.8,1.32,11717.11,12,1787985707393,1788773372470,9.1,4241.96,0.362,11130.560578,1,1842.55,16.6,False,False,False
0x23a28e47c7588fa3e350334d2d65352465134649,True,1649,925,547,378,59.1,0.35,-75871.92,61,1733294115584,1785193212661,600.7,-11807.13,0.156,0.0,0,0.0,,False,True,False
0x23c6c1525e8dcf02ddcca761621f8407883790cc,True,2000,887,531,356,59.9,0.57,-76098.18,29,1743607306342,1786341845846,494.6,-13821.1,0.182,0.0,0,0.0,,False,True,False
0x23e43318cb56c1efca72bc8f2c4ba5ce94d73db1,True,2000,998,506,492,50.7,1.39,2853.95,53,1780302275212,1782900204744,30.1,-621.96,0.218,92645.706285,50,-8936.5,-9.6,True,False,False
0x23ef40c6c2630c844ece2808b36d462a98efd53a,True,1282,745,154,591,20.7,0.64,-1742.6,14,1757033716129,1783422091638,305.4,-502.34,0.288,0.0,0,0.0,,False,True,False
0x2405ca58401ba8fc2f140ad0d997165ee03e7b06,True,2000,848,320,528,37.7,0.61,-19316.29,7,1779470939350,1786422438445,80.5,7987.38,0.414,0.0,0,0.0,,False,True,False
0x24108e3ef0d4a24e32387464ba4651c8325be7ae,True,2000,1002,182,820,18.2,1.47,4106.51,12,1779816483035,1788271115875,97.9,921.6,0.224,0.0,0,0.0,,False,False,False
0x24258b54df0c3d37153e239035b9a0bd6f1de55f,True,557,350,272,78,77.7,1.25,1657.21,9,1784705726362,1788797042208,47.4,-1812.46,1.094,0.0,0,0.0,,False,True,False
0x2438604cd9e3e3171228c3bac774d3b4c7ba88d3,True,2000,951,283,668,29.8,0.89,-1131.37,23,1779435379372,1788631442127,106.4,737.11,0.652,0.0,0,0.0,,False,True,False
0x24512fe8287d5cdf9e04cd84ca3b934f92799bc2,True,1269,451,236,215,52.3,0.56,-97289.12,10,1766165201008,1780338238271,164.0,22495.18,0.231,0.0,0,0.0,,False,True,False
0x2462812f20b6e704fa0ac16c6e189103f267bb8f,True,2000,1108,706,402,63.7,2.55,112482.59,8,1778697657886,1788063164054,108.4,14592.52,0.13,183366.346498,2,45432.64,24.8,False,True,False
0x247ccb55d6e21d3c6dbf311a3aad62b91ec2a152,True,702,302,166,136,55.0,0.9,-831.64,8,1785243100627,1788498627070,37.7,-904.09,1.087,0.0,0,0.0,,False,True,False
0x248ee78390f5505d34f36ce2df87d79fbcdb6be2,True,2000,766,265,501,34.6,3.45,57257.04,4,1787744506547,1788692833513,11.0,6867.87,0.12,1006415.839531,2,567038.88,56.3,False,False,False
0x24a036580d362c5f9c82dd6046a717878ef3115b,True,2000,803,308,495,38.4,0.51,-2000.72,64,1787292305977,1788796260703,17.4,-560.4,0.28,203.143447,2,-5.85,-2.9,False,True,False
0x24b85ef7e6bfe2eb557395c2dfc21a62aa608d3b,True,2000,1046,584,462,55.8,0.92,-1778.65,4,1773368608214,1774062957365,8.0,-3158.5,1.776,0.0,0,0.0,,False,True,False
0x24c94a464e9158686744efe930375c41f8fcd986,True,1551,773,452,321,58.5,0.89,-3351.98,9,1748427208295,1788742757369,466.6,-2485.91,0.742,0.0,0,0.0,,False,True,False
0x24e370916722584204322fad3c179a7fbde6684b,True,2000,671,337,334,50.2,1.3,8897.6,4,1778472254581,1788334448111,114.1,-3554.81,0.4,0.0,0,0.0,,False,True,False
0x25026b825b88b44cc552d6504aa24eedf6efdd2c,True,1672,641,586,55,91.4,0.78,-1602.69,11,1771119939093,1788786263546,204.5,-2207.73,1.378,9425.467919,3,-28.23,-0.3,False,True,False
0x2518b219be5865ed4e68a2b3d7e0f0544e6145a1,True,673,308,150,158,48.7,0.86,-400.68,22,1746986796753,1788463885265,480.1,-1229.83,3.069,0.0,0,0.0,,False,False,False
0x252b0d1c7077894e5ba58b22c83118b26805e6b5,True,2000,912,422,490,46.3,0.88,-7252.72,19,1751465270597,1788698759945,430.9,-10495.09,1.447,24848.986029,2,-48.13,-0.2,False,True,False
0x253b88ebaa7c321d4803c0cfaf708684e3de32be,True,2000,1011,712,299,70.4,5.42,46497.93,7,1786536770603,1788480524137,22.5,703.61,0.015,517906.488634,4,56899.52,11.0,False,False,False
0x255e7abaca5ac048f3cd95afead4fd764dc5cad8,True,2000,1299,1235,64,95.1,1.76,12025.27,10,1783075462916,1788697858262,65.1,-5809.41,0.483,17100.540686,1,3328.07,19.5,False,True,False
0x256d0e66b47680ccc3213622d0a90ae4f1cb4f6d,True,850,341,251,90,73.6,1.04,738.03,3,1780664473621,1782753350770,24.2,7333.42,9.937,0.0,0,0.0,,False,True,False
0x2581cd3822df4e880319d373f98bbb15fc89b5b4,True,2000,984,331,653,33.6,0.91,-977.7,1,1780302778260,1788665420961,96.8,-479.77,0.491,0.0,0,0.0,,False,True,False
0x25986ad6c7ae01df4cd046117d1d9526f6e07a6e,True,702,335,189,146,56.4,0.53,-8199.55,31,1710624255210,1787590892953,890.8,-2158.3,0.263,0.0,0,0.0,,False,True,False
0x25ad068ba92b61ce2217c41270a9a69c247679af,True,2000,1450,730,720,50.3,1.14,452.57,5,1788753646563,1788803972691,0.6,198.02,0.438,0.005488,0,0.0,0.0,False,True,False
0x25c1541071258523322657289a4c2923c21185d2,True,2000,1229,1005,224,81.8,2.28,9163.3,44,1701537983028,1788596099767,1007.6,3311.48,0.361,0.0,0,0.0,,False,True,True
0x25cb49a7bd9baa4b42ac0b5f7445692b58ced661,True,2000,953,476,477,49.9,0.25,-21152.61,20,1774881420194,1779083054568,48.6,-975.25,0.046,0.0,0,0.0,,False,True,False
0x25d96c7747f14437d62265b1260a910b77c8a29f,True,2000,1024,232,792,22.7,0.48,-10081.44,5,1781601997238,1788596524189,81.0,-671.02,0.067,0.0,0,0.0,,False,False,False
0x25f476d44f3b6e137cabcc32a1f385c7164cd81f,True,2000,975,444,531,45.5,0.71,-623.42,43,1779248812223,1787012510156,89.9,-272.54,0.437,0.0,0,0.0,,False,True,False
0x2606ad5e84f1f5c667322190c3f8b403da65ecd4,True,2000,910,566,344,62.2,0.26,-43606.96,21,1778779781621,1788667270635,114.4,-11906.85,0.273,0.0,0,0.0,,False,False,False
0x2627093a21899002f7ab7839b528bfd4a396837c,True,1165,607,321,286,52.9,1.07,1252.33,2,1783443561708,1787148384506,42.9,-2331.6,1.862,0.0,0,0.0,,False,False,False
0x2640f92e1ed22558f3cd1fdf85c78b2a04373675,True,2000,1356,784,572,57.8,1.71,1871.79,11,1788132597446,1788763799546,7.3,215.53,0.115,0.0,0,0.0,,False,True,False
0x2654ba04aac859ada5f2f7102ef44cf619c051f4,True,811,396,375,21,94.7,10.99,98355.59,6,1781539781552,1784592000040,35.3,7984.36,0.081,0.0,0,0.0,,False,False,False
0x26696e3707cc7c03447a9377271e754f7b2d970e,True,1389,718,353,365,49.2,1.26,7170.39,34,1750960529904,1788498354632,434.5,11069.66,1.544,0.0,0,0.0,,False,True,False
0x26749571b7358d0c0946e80eeb1f4ff3ab9bff80,True,2000,1044,359,685,34.4,0.55,-10182.29,39,1779978619688,1786371091519,74.0,1137.32,0.112,0.002245,0,0.0,0.0,False,True,False
0x268f3ac7e99f5af5111beb9684d479cbc41646ff,True,951,469,348,121,74.2,1.24,23634.46,10,1717216437432,1787847449454,817.5,-13766.69,0.582,1034.24,0,0.0,0.0,False,True,False
0x26a2869488c4958c2aee366455a803757d8bfee7,True,2000,965,872,93,90.4,11.79,78655.12,14,1787386543065,1788415306464,11.9,9269.7,0.118,0.0,0,0.0,,False,False,False
0x26b0f29ad26b720a7f9d708b8fe6359f0b32568b,True,1366,566,200,366,35.3,2.81,27801.9,15,1773074983470,1788668408387,180.5,7857.4,0.283,0.0,0,0.0,,False,True,False
0x26e3ada87149f22ee3485e47320ca3926b8f164f,True,2000,911,611,300,67.1,1.96,26912.9,46,1779324811109,1788803478595,109.7,2066.17,0.077,1741.661641,5,832.81,47.8,False,True,False
0x2701b66cc0c3ea8183025d5250013c9de56a4e2d,True,317,131,19,112,14.5,2.41,16441.94,6,1741772138862,1788347089750,539.1,6943.05,0.422,0.0,0,0.0,,False,False,False
0x271bd2953e71fcc2b6bec5fae6abfa776720c45e,True,1153,726,142,584,19.6,0.24,-50177.26,3,1781551194287,1787173227899,65.1,-12688.64,0.253,18514.722682,1,9411.74,50.8,False,False,False
0x272b9888b03a5a77212a15ee8cd4958c9c374a2f,True,549,295,87,208,29.5,0.18,-13435.83,6,1779982639565,1782319419593,27.0,-1854.0,0.138,0.0,0,0.0,,False,True,False
0x274e1d88c0230e2511eb535ac579adbe96ba2f78,True,2000,949,354,595,37.3,0.1,-127896.29,7,1784004413966,1785948943092,22.5,-4167.3,0.033,0.0,0,0.0,,False,True,False
0x2766d5c4c75e06a401ee82f9fe270526b7501611,True,936,452,195,257,43.1,0.48,-15391.25,13,1757224437142,1778021549202,240.7,-3289.98,0.214,0.0,0,0.0,,False,True,False
0x2785923486e23cef0c27b17d9a9c0a776696d3e3,True,2000,1112,320,792,28.8,0.88,-4225.93,13,1780924157009,1787227775279,73.0,2451.58,0.58,0.0,0,0.0,,False,False,False
0x279818c822e5c6135d989df50d0bba96e9564ce5,True,2000,98,86,12,87.8,146.09,3991.29,4,1785871472727,1788461669125,30.0,239.47,0.06,0.0,0,0.0,,False,False,False
0x27a57d5c039da6b3bc7d6361e1f7ef69c8d2b667,True,2000,723,548,175,75.8,1.68,7619.54,31,1786982115484,1788761573576,20.6,-2010.74,0.264,10119.861084,6,593.36,5.9,False,False,False
0x27b1a0c56f2f208bbab1b12cadccd184fa451537,True,290,55,36,19,65.5,1.06,211.98,3,1788154407499,1788795737016,7.4,1784.44,8.418,686.203245,1,138.35,20.2,False,False,False
0x27c9fa86c91b84ddfa15de58c482ff662498d65d,True,2000,623,312,311,50.1,1.15,652.76,41,1788797610153,1788804142951,0.1,-929.22,1.424,1721697.444053,61,-303292.79,-17.6,True,False,False
0x27da1f7bae3a6c404970bfb0a6374c1f0b43e7c3,True,1779,866,405,461,46.8,1.55,5938.05,6,1770956462082,1788274677490,200.4,1154.48,0.194,0.0,0,0.0,,False,True,False
0x27e9578bd639a2876636a0ddeffeb7bd4b539003,True,2000,1326,762,564,57.5,2.02,17729.62,14,1775825290855,1788766578781,149.8,2639.24,0.149,7369.830948,2,5066.91,68.8,False,False,False
0x27f6ce0989a9bbe3ad86ee43e4c2dad23dab8065,True,2000,1196,230,966,19.2,0.41,-142086.93,5,1773166286361,1773864696070,8.1,-10653.2,0.075,0.0,0,0.0,,False,True,False
0x28040944c03fce233c3e6dca4f307e191a73a3ef,True,2000,949,652,297,68.7,1.28,4510.72,33,1780628102622,1788650496798,92.9,1288.41,0.286,19704.595461,3,1215.83,6.2,False,True,False
0x2821e38b5af0fa858c8f7ab3f8cec2e2a12ac007,True,751,318,146,172,45.9,1.82,5726.9,23,1771601079953,1775951142374,50.3,1238.47,0.216,0.0,0,0.0,,False,True,False
0x28384f59f778689ee26d759dde1ee7dc143f4b80,True,2000,868,120,748,13.8,0.67,-11950.69,8,1776336735846,1788718305328,143.3,4287.76,0.359,84499.115316,1,911.73,1.1,False,False,False
0x28473085ba4aa761eb541914f50a75dd685cd47b,True,2000,1186,905,281,76.3,9.0,120467.32,19,1788288294600,1788799516498,5.9,21070.88,0.175,831827.789502,15,85428.89,10.3,False,False,False
0x285ba22ef09d2169304b837cc1d0d6c37c4b08a6,True,47,24,16,8,66.7,13.11,67.99,16,1752332429813,1786587943740,396.5,9.3,0.137,10.120191,8,-24.98,-246.9,True,True,True
0x287c07066a0430223a7a02d6695f067df518ba5e,True,2000,897,211,686,23.5,0.6,-3502.96,4,1771612202847,1784834978204,153.0,361.86,0.103,0.0,0,0.0,,False,True,False
0x288ee1e64874e6621f91d3c8392dc213b6c90817,True,2000,879,205,674,23.3,0.59,-2326.85,20,1780480252654,1788794070139,96.2,392.39,0.169,175.417953,4,-13.68,-7.8,True,True,False
0x28a213d7d17a93bf6242064bd7270ab2140b9f10,True,2000,969,469,500,48.4,0.25,-103536.49,5,1775536446737,1782045519592,75.3,-5302.27,0.051,0.0,0,0.0,,False,True,False
0x28c01b64f2492d82fd58feecf8c71603c769bb4a,True,2000,630,415,215,65.9,113.96,109440.04,17,1774864959168,1787387469618,144.9,4305.44,0.039,0.0,0,0.0,,False,False,False
0x28d480e958501d2c72c3850a147789eb54eaf0fa,True,2000,1368,479,889,35.0,0.76,-25166.44,18,1752555791995,1782777600028,349.8,33989.87,1.351,0.0,0,0.0,,False,False,False
0x28ec3b46262c614df6d5a3ff2726c9746f1d1675,True,2000,857,470,387,54.8,0.71,-8647.56,170,1734290996055,1788540471960,627.9,-8383.04,0.969,0.0,0,0.0,,False,True,False
0x28fb9a9eb2d558c661c349d42eb8cd40fc23ee78,True,2000,853,624,229,73.2,5.45,3461.79,43,1768491675398,1788675729247,233.6,238.87,0.069,0.0,0,0.0,,False,True,False
0x29197c3b222fcff8571e5af8029e2e7fcabddf19,True,2000,946,557,389,58.9,2.64,15787.53,28,1786707752057,1788783015927,24.0,2025.73,0.128,0.0,0,0.0,,False,False,False
0x29291f31e6c4a04571af888a45b52ed36d0f1bf8,True,2000,815,456,359,56.0,0.8,-991.96,4,1775595918910,1777466098814,21.6,-590.5,0.595,0.0,0,0.0,,False,True,False
0x293cfdff01fdaf9d1d6397a20a80a8e839f5ebf7,True,2000,930,482,448,51.8,0.49,-8532.36,39,1760544349762,1788797787827,327.0,-2063.4,0.242,15.516177,2,-2.18,-14.1,True,True,False
0x29520eb415c1b9b87074ebdd8a0a7d45f1f11bdf,True,2000,723,466,257,64.5,1.35,11303.89,7,1784206239543,1788748483976,52.6,8254.5,0.73,7597.235047,1,-943.54,-12.4,True,True,False
0x296d9d7eb34f9aa0180ccbdf9da312fbf9dc0b27,True,501,222,175,47,78.8,1.59,5720.16,1,1769900369681,1779108098707,106.6,4143.76,0.724,0.0,0,0.0,,False,True,False
0x297c70b1ea1cd73901119df2c7e39d9b841af772,True,2000,942,372,570,39.5,1.16,3326.9,16,1757786759795,1782687493894,288.2,-2979.96,0.896,0.0,0,0.0,,False,False,False
0x298f43094b0005984443166291c49e8bfb9acb6d,True,2000,929,650,279,70.0,1.89,7197.83,66,1782990093191,1788796782277,67.2,1280.63,0.178,3284.187183,8,234.41,7.1,False,True,False
0x29ac25d705966859a33e7957d8c56c2c6736ac0e,True,696,402,289,113,71.9,3.27,15239.82,27,1734149406169,1788325514398,627.0,1214.11,0.08,20715.367606,0,0.0,0.0,False,True,False
0x29bc20827013d24dd74ae3864d89f67383ff5bdc,True,2000,758,309,449,40.8,0.62,-3955.91,96,1721174402836,1788761991034,782.3,-709.66,0.179,0.0,0,0.0,,False,True,False
0x29d30935f0eb068883da8cf174e7d666ccc916a3,True,2000,1076,589,487,54.7,0.93,-947.77,42,1753080514692,1788788529604,413.3,-3236.93,3.415,0.0,0,0.0,,False,True,False
0x29f045e01a9d323c44e65ed6387a1a1050567f20,True,2000,1232,553,679,44.9,0.18,-246202.58,13,1783901433917,1788669735898,55.2,-54364.57,0.221,0.0,0,0.0,,False,True,False
0x2a0b9f2f8d00f0fc64d6c869ad8405c942ca637d,True,2000,1030,659,371,64.0,1.64,26012.17,8,1780384648612,1788768920970,97.0,-7888.14,0.303,57393.213819,2,4320.0,7.5,False,True,False
0x2a1cb686b4244bd63b0bd5e556682c2bb371d9cb,True,180,100,39,61,39.0,0.2,-5256.95,3,1777009351000,1777373832337,4.2,-1141.59,0.217,0.0,0,0.0,,False,False,False
0x2a2dde80f05a555421a89be47b06815b10e1bd5f,True,2000,1059,736,323,69.5,1.7,25704.81,28,1757898376610,1786752000032,334.0,3148.32,0.122,0.0,0,0.0,,False,True,False
0x2a4064780b1e47f90d7810dfb0a29d4b9e7d57ca,True,1362,686,389,297,56.7,1.41,245.99,5,1760997438046,1788739240307,321.1,34.09,0.139,1230.033775,4,6.88,0.6,False,False,False
0x2a59fb2d3cd6defdab744e8c0bf7e7016c22269e,True,2000,1137,871,266,76.6,3.02,1479.74,3,1788618608079,1788801459038,2.1,47.99,0.032,0.0,0,0.0,,False,True,False
0x2a701dba64e0a406e1328106718af7fe4832d56f,True,1187,590,382,208,64.7,0.29,-59042.17,9,1761544915641,1780673154821,221.4,-8563.31,0.145,0.0,0,0.0,,False,True,False
0x2a91f9f6b952e62d95b6ed5589e97d7bd5219552,True,2000,1013,235,778,23.2,0.77,-2561.45,16,1773634381651,1780499981009,79.5,738.67,0.288,0.0,0,0.0,,False,True,False
0x2aa262671b509f965af3d5f701247feac042a272,True,2000,606,603,3,99.5,135238.81,58403.67,12,1788257412869,1788772654157,6.0,8545.14,0.146,149128.806456,2,171632.62,115.1,False,True,False
0x2aba05daff379a81abc8da4e5bf86eb3f4625348,True,2000,958,524,434,54.7,0.65,-8874.51,19,1741103826681,1787888939455,541.5,-1591.03,0.179,1322.900166,1,-718.15,-54.3,True,True,False
0x2ac549e8df123d7e3f400427709ef8701a733364,True,2000,926,351,575,37.9,0.82,-7673.57,17,1781252004903,1783908157142,30.7,-4060.52,0.529,0.0,0,0.0,,False,True,False
0x2ad5e89fbc274ee101d282336815ea90e6eea295,True,2000,938,406,532,43.3,0.47,-8365.94,17,1788362511663,1788776623712,4.8,-3465.27,0.414,1296.170158,1,-301.32,-23.2,True,True,False
0x2afe7ab4f4e17399647308812f8b15ef257db6cf,True,2000,1039,651,388,62.7,0.62,-2918.61,1,1781697605491,1788766390940,81.8,-799.13,0.274,13.385086,1,-0.11,-0.8,False,True,False
0x2b1e0bcefada121c5bc484a546e3ca0e2a8bee5b,True,2000,1097,477,620,43.5,0.81,-5806.01,2,1788711574017,1788803537546,1.1,-1612.86,0.278,20300.282612,1,794.39,3.9,False,False,False
0x2b315aaa2554382940e00f256134f37c4e5a3c14,True,2000,994,484,510,48.7,0.77,-20074.35,2,1771719740245,1788766878993,197.3,-13059.87,0.651,0.0,0,0.0,,False,False,False
0x2b4f1449a213d0d513faf62afc0ae031690eb9a6,True,2000,889,267,622,30.0,0.78,-5379.11,18,1768014059731,1788798518714,240.6,1509.68,0.281,3434.963767,2,759.56,22.1,False,True,False
0x2b65629ece148099d3020fa641af7023e2da64e8,True,2000,1052,224,828,21.3,0.42,-3131.04,15,1786114285684,1787313085633,13.9,364.31,0.116,18789.071124,0,0.0,0.0,False,True,False
0x2b754de9330dc7f6a00ffda6204a5609ad164cdc,True,2000,858,462,396,53.8,11.04,83285.83,10,1788338015224,1788798658015,5.3,4796.73,0.058,234908.252598,4,-41786.36,-17.8,True,False,False
0x2b8cd26e88fa42a9cd9cc08782c51571781ffde0,True,2000,1113,867,246,77.9,9.2,204664.41,7,1760130964831,1787184000002,313.1,16201.25,0.079,0.0,0,0.0,,False,True,True
0x2ba803ceaebc57b22486a86be6ed38fe377a5113,True,1245,609,255,354,41.9,0.88,-1882.02,7,1784085201835,1788366018957,49.5,-1153.37,0.613,0.0,0,0.0,,False,False,False
0x2bcd8898a678050efa5f41f4c6012045dee1b5c3,True,2000,633,568,65,89.7,2.1,2261.83,85,1786295242524,1788794557830,28.9,491.53,0.217,9727.842665,9,-5665.92,-58.2,True,True,False
0x2bdf1a698d39a4358e2c162deacc038fadb8a9d5,True,2000,1146,613,533,53.5,0.24,-232306.7,10,1752871754122,1781515366698,331.5,-20178.73,0.087,0.0,0,0.0,,False,False,False
0x2bee414493be72c747edf347d42b198494fb0ba9,True,1396,451,364,87,80.7,6.87,588636.83,8,1752789859941,1787317025896,399.6,101161.92,0.172,29414.568793,1,-7752.0,-26.4,True,True,True
0x2c0150d1e7feac8f76e8a697b03b9ad7dbe36861,True,2000,983,822,161,83.6,6.79,7493.95,3,1772461939877,1782942926893,121.3,1557.94,0.208,0.0,0,0.0,,False,True,False
0x2c38665bcae74fdd4af1108eed42882d5bfb3aa4,True,2000,986,654,332,66.3,0.54,-2658.43,10,1786270167639,1787303471082,12.0,-695.19,0.262,0.0,0,0.0,,False,True,False
0x2c58e3feb9f042e6102e594054c6a57fedea8e7e,True,2000,427,282,145,66.0,0.55,-2791.42,24,1770169029329,1788471277383,211.8,-2366.2,0.848,6966.487262,3,-6662.73,-95.6,True,True,False
0x2c758d0890a1972a8d29df797611e5275a2a4b19,True,2000,844,597,247,70.7,0.4,-12094.21,21,1783582473019,1788449351799,56.3,-6083.07,0.503,0.0,0,0.0,,False,True,False
0x2c8b3700301d684d87ebc11b3fd5aec4259eab53,True,1692,694,557,137,80.3,0.43,-16793.8,3,1776271382085,1788795031685,144.9,-4164.5,0.248,3028.970043,1,-251.92,-8.3,True,True,False
0x2ca024339a0af30f5fb03c8d06963fa6c64f8c1c,True,2000,902,265,637,29.4,0.15,-39317.82,15,1780870599613,1788307200047,86.1,-4081.9,0.104,0.0,0,0.0,,False,False,False
0x2cb1972fd0964efea501e6bc016b942c24a95ca2,True,2000,850,169,681,19.9,0.69,-3028.06,11,1759834300381,1788458477846,331.3,785.29,0.259,0.0,0,0.0,,False,False,False
0x2cbf1e236d72633741cc9cd186bca4611b051c50,True,1847,806,590,216,73.2,4.89,156562.08,6,1778814181674,1783908737724,59.0,13728.46,0.088,0.0,0,0.0,,False,True,False
0x2cdca629154ef5c4258aa3311a5639ea93ba3d92,True,2000,887,132,755,14.9,0.7,-1585.53,12,1772417462805,1775607247509,36.9,661.57,0.417,0.0,0,0.0,,False,False,False
0x2ceb7fc8aa5b41c7a6e19e4c07edba1b7046cda0,True,2000,811,499,312,61.5,2.27,3428.23,64,1764211135841,1788536527680,281.5,-484.85,0.141,0.0,0,0.0,,False,True,False
0x2cfdcec85ae6efe4aa314c1d05527fbe91b8bd7e,True,522,221,110,111,49.8,2.52,2924.99,12,1782936461417,1786933286919,46.3,1201.43,0.411,0.0,0,0.0,,False,False,False
0x2d1242686d988797141fe936ef53b6166e7eb3a8,True,692,395,163,232,41.3,7.38,50313.76,2,1776041948443,1779877389089,44.4,5366.74,0.107,0.0,0,0.0,,False,True,False
0x2d2240991c9c1d10bbdbd0cb8cc0b96984c1cc29,True,2000,1068,715,353,66.9,2.7,4110.46,26,1780513786262,1788768384127,95.5,520.59,0.127,659.25574,1,130.06,19.7,False,True,False
0x2d43a3a750c49f8c7d51010d604fb61356e23a4e,True,480,218,143,75,65.6,3.49,8086.18,38,1768118349235,1788740190004,238.7,-1197.44,0.148,766.267843,3,-40.32,-5.3,True,False,False
0x2d5535198a200bb6a98747d8302b715ce062823b,True,2000,1054,241,813,22.9,1.28,4785.14,9,1783852522113,1788458893434,53.3,3668.0,0.767,11467.896634,1,1400.06,12.2,False,True,False
0x2d66f73159eaa54cc7fddaea2ba8cf91f9f14cd6,True,2000,1741,1560,181,89.6,16.6,326936.76,3,1779979602716,1780070074831,1.0,68210.39,0.209,0.0,0,0.0,,False,False,False
0x2d7b03aa515ccb7adf1e3fdfe46a4e7e7403a0c1,True,2000,972,407,565,41.9,0.58,-4616.21,28,1783612139976,1788211552180,53.2,-565.57,0.123,0.0,0,0.0,,False,True,False
0x2d99f333fc9c215679e9925ce97ce80cd3f3d558,True,2000,854,401,453,47.0,0.57,-25929.88,21,1760149076037,1788239454142,325.1,-3766.94,0.145,13196.482935,12,21144.55,160.2,False,True,False
0x2dafcc36215b481c331f05437959c428562064b6,True,2000,989,367,622,37.1,0.97,-289.65,10,1787186023591,1788393600075,14.0,-771.33,2.663,1816.407994,1,-1022.6,-56.3,True,False,False
0x2dd3ad78bb54a5087c36e72191e1f44d979ac47d,True,2000,990,671,319,67.8,2.58,21678.53,28,1742310854275,1781792642775,457.0,5569.23,0.257,0.0,0,0.0,,False,False,False
0x2de986a374cba9d56f062c4106063455779676fc,True,2000,1050,98,952,9.3,0.11,-13909.8,8,1786138263700,1788766410241,30.4,-949.66,0.068,0.0,0,0.0,,False,False,False
0x2dff2f882be80e941343e7c8875c21cbdf75d941,True,797,330,51,279,15.5,0.38,-23452.43,11,1754011409795,1784027404512,347.4,-5144.66,0.219,0.0,0,0.0,,False,True,False
0x2e1aa624f04fa7ab7198c6fbfeaa42a707b42c1a,True,2000,1868,1775,93,95.0,17.58,23121.48,27,1784463146009,1788690218349,48.9,1027.23,0.044,416010.93586,0,0.0,0.0,False,True,False
0x2e3309dbada368e24b6b1f5d31d1498064d70cbc,True,681,308,263,45,85.4,9.01,20470.06,14,1787246560669,1788794298241,17.9,1786.08,0.087,125.614669,2,-46.61,-37.1,True,True,False
0x2e44726c51958efb1e3d60f7601af3d8e187ced6,True,2000,1086,195,891,18.0,1.7,15310.18,15,1780060727841,1784954586855,56.6,5562.26,0.363,0.0,0,0.0,,False,True,False
0x2e5587e115da4eeffa8926a11bb9954e1103c45d,True,807,337,234,103,69.4,0.11,-96944.29,17,1758722040558,1787308705138,330.9,-41739.35,0.431,0.0,0,0.0,,False,True,False
0x2e792ddcf489e7648bbc630f4a9a542949b160f1,True,2000,886,355,531,40.1,2.33,46532.62,23,1756628757935,1788751046997,371.8,31604.21,0.679,11963.81663,3,5410.95,45.2,False,True,False
0x2e910f5b9c63f3f3a58a013f2d27e16e4680e8eb,True,1293,578,287,291,49.7,0.42,-8717.79,31,1781504691055,1788714537079,83.4,-943.9,0.108,4127.385574,1,421.45,10.2,False,True,False
0x2ea3d93e77641af06826c02f5fc86592a4765afd,True,2000,1008,239,769,23.7,0.56,-15281.05,7,1778166784950,1782563181719,50.9,-2810.17,0.184,0.0,0,0.0,,False,True,False
0x2eafb1a826e28fd0b232cdc47a0dcba34e171bf2,True,683,384,206,178,53.6,0.35,-16656.52,4,1777547038001,1787751704772,118.1,-2270.86,0.136,0.0,0,0.0,,False,False,False
0x2ec32326e420abe736a4ac74bdc95580219a8469,True,2000,1286,402,884,31.3,1.5,41966.1,3,1785419038963,1785786915896,4.3,8016.77,0.191,0.0,0,0.0,,False,True,False
0x2edb8eab7543870e439ff7d2d07655c683c5198f,True,627,269,154,115,57.2,3.38,17644.93,12,1769476898243,1788386959308,218.9,4020.86,0.228,0.0,0,0.0,,False,False,False
0x2ef67bab329512194d76853a7d1c0b3b49ce0213,True,1671,703,231,472,32.9,0.38,-57772.73,13,1752498367077,1788745361884,419.5,-11618.69,0.201,0.0,0,0.0,,False,True,False
0x2f093c3ae51b1725c87152769f30aaaf8689164b,True,1500,554,252,302,45.5,1.01,195.71,6,1775845401181,1788527611319,146.8,2471.49,12.628,9543.651944,1,1424.04,14.9,False,False,False
0x2f206d74d7cfcc6a9f556825034eb110a572ad62,True,590,303,303,0,100.0,inf,104505.39,6,1775112046135,1781475713222,73.7,8669.5,0.083,45658.861615,1,2595.33,5.7,False,False,False
0x2f394ae1ca45071bc222e7124b5d125637942be2,True,2000,972,451,521,46.4,0.6,-41434.72,5,1780803931857,1787359708230,75.9,4670.51,0.113,0.0,0,0.0,,False,True,False
0x2f5a3931b2898870d67034615bc55015a384b312,True,2000,775,332,443,42.8,2.67,17902.91,29,1786334634903,1788768700306,28.2,1910.87,0.107,24945.800389,1,-1094.67,-4.4,False,False,False
0x2f7288f375edf1d2215b3f2ffcd8bc2ec499aed4,True,2000,1084,293,791,27.0,1.58,6643.03,7,1784296185385,1788772376892,51.8,-1561.52,0.235,7469.479053,1,-6288.47,-84.2,True,False,False
0x2f8793d33812d6d969948b986cfa495616215ca2,True,321,198,47,151,23.7,0.28,-3445.21,8,1775754027610,1781222400013,63.3,-1208.87,0.351,0.0,0,0.0,,False,False,False
0x2f9cc4e64b395c78ffc94bd8ae7bfb6b1cfe7e64,True,2000,831,409,422,49.2,0.65,-1167.59,9,1769223445458,1788732598772,225.8,-300.37,0.257,0.0,0,0.0,,False,True,False
0x2fa873e7f26ba78557d3a0ca1397c21d9c572f46,True,2000,913,615,298,67.4,0.61,-25365.03,6,1774264031829,1777056088468,32.3,6354.28,0.251,0.0,0,0.0,,False,False,False
0x2fbca3c7a17c743a39628118a26d7d647f579b5e,True,2000,727,309,418,42.5,0.63,-2163.13,11,1788448102684,1788804310247,4.1,-126.47,0.058,2410.901455,11,66.08,2.7,False,False,False
0x2fdc70e0eb20f4f5c7737d1033a8694a3a42c07a,True,1188,429,344,85,80.2,8.17,44922.28,19,1774433704373,1788447550604,162.2,4177.02,0.093,0.0,0,0.0,,False,True,False
0x2fed8339b297560ec1b5466d488d0d7b98e77604,True,2000,961,385,576,40.1,0.62,-3911.14,21,1752848712746,1776586902348,274.7,-402.7,0.103,0.0,0,0.0,,False,False,False
0x30031f21e4927c7b7c8d9bdb803bc14e57388028,True,2000,1110,512,598,46.1,1.22,1387.6,19,1779701785398,1786462926963,78.3,212.2,0.153,4601.595593,12,793.3,17.2,False,False,False
0x301abb8f160f254b4dd6dd01d3ba1920869df217,True,1547,568,320,248,56.3,1.23,1870.47,23,1733227015582,1781035151702,553.3,1593.65,0.852,0.0,0,0.0,,False,True,False
0x302f99e570b4fec74b170c7eebbb24e93d7e5d81,True,1708,921,800,121,86.9,4.65,8153.04,4,1775137033660,1776340979964,13.9,-595.82,0.073,0.0,0,0.0,,False,False,False
0x304393c1d5654c5fcc79084f0358da28148350e8,True,2000,973,549,424,56.4,0.61,-17085.28,7,1783442026922,1784041465564,6.9,-2577.36,0.151,0.0,0,0.0,,False,False,False
0x30553a8698edcad4fc0fb91f540e5e93ced3b3f6,True,2000,925,425,500,45.9,0.39,-11737.98,5,1785593757012,1788690081958,35.8,-2411.38,0.205,577.718669,1,251.41,43.5,False,True,False
0x306fbb79f078f996d81528ddb050f71db1e6cdd5,True,2000,1049,59,990,5.6,0.0,-32480.63,2,1786819125415,1788253638525,16.6,-1282.7,0.039,48483.198808,2,57003.34,117.6,False,False,False
0x308fd47d492cf32d0f504c2a3e82bc25583b455b,True,2000,1101,464,637,42.1,6.47,166171.3,8,1788428279894,1788796642392,4.3,21654.95,0.13,81298.0,1,11550.0,14.2,False,False,False
0x30a712758896b443d447f486737b91b54161e64f,True,2000,588,522,66,88.8,1.46,18518.22,23,1781266914911,1788766334257,86.8,-10486.6,0.566,31242.414563,2,33418.27,107.0,False,True,False
0x30b16c4edc7bac1f91216f025b88d3c1c3761293,True,2000,851,400,451,47.0,0.31,-85028.44,34,1755509323084,1788729045605,384.5,-4969.38,0.058,1049.199625,2,307.94,29.3,False,True,False
0x30bbd2ebcf6269faf37fba98bea0f44fde22badc,True,767,360,212,148,58.9,0.55,-8213.45,20,1771007816035,1774030957011,35.0,-3817.66,0.465,0.0,0,0.0,,False,True,False
0x30cd0b60f32f4f88260ef71bc47edd4b845280ae,True,2000,907,496,411,54.7,1.0,38.84,49,1775659555063,1788796604384,152.0,-1396.37,35.952,1748.604164,4,60.72,3.5,False,True,False
0x30d8b47a25354d27e32b850c51f7f00a3ce76ffd,True,639,288,219,69,76.0,2.14,49126.69,7,1746381685989,1788471372538,487.1,-14673.63,0.299,16823.066872,3,5757.09,34.2,False,False,False
0x30eb151e9d519c70ead1b198c8415477eef46947,True,2000,996,344,652,34.5,0.97,-63.16,145,1781775930114,1787624337129,67.7,-935.44,14.811,0.0,0,0.0,,False,True,False
0x3109ab9c026a0bf700b3d9ef0c9b91da03e526fc,True,2000,1097,311,786,28.4,0.37,-26554.46,15,1759603666597,1784937600066,293.2,1484.33,0.056,0.0,0,0.0,,False,True,False
0x311d1833cfd0f70cdc25a9ccd75e6d6baf9c7eb5,True,771,364,307,57,84.3,1.32,9950.8,6,1769448676326,1786998998908,203.1,-6262.57,0.629,8171.657973,0,0.0,0.0,False,True,False
0x31384c180b2934a2c4a56f85c7d6053fc4bbbb9d,True,2000,941,236,705,25.1,0.27,-6093.97,2,1788525767454,1788593375027,0.8,-1049.43,0.172,0.0,0,0.0,,False,False,False
0x3158044b7f2973ba5421c9495e9403be4a3f2e2a,True,2000,987,379,608,38.4,0.51,-28622.52,15,1772643733879,1774589772039,22.5,9176.19,0.321,0.0,0,0.0,,False,True,False
0x3177050ebd6db5dd920b67cd88d6ccb141f404a7,True,2000,973,325,648,33.4,1.65,3896.81,19,1784940930687,1787109949105,25.1,2983.2,0.766,19281.407816,1,19529.04,101.3,False,True,True
0x3197a58eb4d67afe4b6d65bda1261981cf48b776,True,2000,1107,419,688,37.9,0.27,-64007.18,14,1780629087048,1788566101744,91.9,-8945.03,0.14,9682.676279,1,-1070.08,-11.1,True,True,False
0x31bf8758e2e5bfc65fe45c3c11676f65eb69b2fa,True,2000,978,341,637,34.9,0.89,-209.71,52,1785227945002,1788775573184,41.1,84.2,0.401,3212.92709,50,2185.65,68.0,False,False,False
0x31d6b5a70e8ef418311d7cd2c28c7e1c15e84f90,True,530,191,85,106,44.5,3.83,73000.23,37,1754255483031,1788740796789,399.1,43267.67,0.593,41343.398821,22,171226.36,414.2,False,True,False
0x31e60e6f6be0f5a4a2de743be66d3dd312788b48,True,2000,1002,888,114,88.6,10.27,83023.72,9,1788408259104,1788800376459,4.5,2059.23,0.025,449835.23779,2,204819.77,45.5,False,False,False
0x31f4eb2a0372a6448ea345ade43f521be5dfcaab,True,2000,579,191,388,33.0,0.94,-675.12,35,1780920339510,1788788482598,91.1,1594.53,2.362,0.0,0,0.0,,False,True,False
0x320366a4e93026784583a29458827313605b2887,True,2000,1156,614,542,53.1,2.86,57851.58,24,1787819154988,1788491531428,7.8,8852.31,0.153,0.0,0,0.0,,False,True,False
0x322d4afdd4644980ba13f4eac2e8f167fd1eae41,True,2000,1059,335,724,31.6,2.2,17959.05,5,1780275862108,1788747893094,98.1,1746.58,0.097,0.0,0,0.0,,False,False,False
0x324563717b20e19e71c5440aff6c9762ccfc08cc,True,324,20,20,0,100.0,inf,169008.94,2,1760528115410,1788397938760,322.6,29376.64,0.174,245159.566423,2,451279.93,184.1,False,False,False
0x325e43182c276d1bf416dfbf3b4c538af26f78fe,True,1106,578,220,358,38.1,0.58,-13417.23,17,1785698309622,1787693658294,23.1,-13414.44,1.0,0.0,0,0.0,,False,True,False
0x326d27e1dd4465105d03019ea671ee74dd1fc98d,True,2000,1135,796,339,70.1,1.86,4734.43,13,1761374900981,1788100322817,309.3,212.93,0.045,5836.019724,1,-5830.44,-99.9,True,False,False
0x327facc561234ebd02c933a4d4486fab6585c566,True,639,306,136,170,44.4,0.87,-398.03,11,1752120688656,1787373822004,408.0,654.18,1.644,0.0,0,0.0,,False,True,False
0x3294a2a613e856631875e263644f27f75d2488fb,True,2000,837,423,414,50.5,1.54,10504.75,3,1773721933477,1787860454538,163.6,3249.59,0.309,0.0,0,0.0,,False,False,False
0x32a376c0fd6f75b3df981074cfc2d46672400b91,True,567,230,94,136,40.9,0.49,-4738.26,6,1760042617089,1787527096338,318.1,-2544.09,0.537,0.0,0,0.0,,False,True,False
0x32b1223d162056db0fb94ab244d1ef821421b95c,True,2000,594,473,121,79.6,10.9,42799.03,81,1788393303817,1788795035119,4.6,2564.4,0.06,479700.80052,38,2159.39,0.5,False,False,False
0x32d3723be795fd84adfaac65726c57bf182a0eb7,True,2000,793,382,411,48.2,1.32,4548.38,42,1760122156413,1788604663329,329.7,1141.37,0.251,20685.454375,5,16676.77,80.6,False,True,False
0x32f5a6e4fcf1d9c994cb2ea2fff76e7c5db92ed0,True,2000,969,523,446,54.0,1.55,5966.1,11,1788520702839,1788804620786,3.3,-643.75,0.108,10307.020234,1,-26.57,-0.3,False,False,False
0x3313292de6c21a835f9006d4f89e1e8cbc471640,True,2000,907,372,535,41.0,1.38,18994.38,42,1767425419549,1788695092428,246.2,6187.71,0.326,0.0,0,0.0,,False,False,False
0x3328c028db6ee224d0b4c337a23c9067bccdb83d,True,2000,1046,658,388,62.9,0.24,-45584.85,7,1780434337165,1783075453159,30.6,-9489.57,0.208,0.0,0,0.0,,False,False,False
0x333f8ccb38caf77ddd2fb6021e52f349382c1d46,True,53,24,10,14,41.7,0.91,-23.19,6,1768815451390,1788451209877,227.3,127.4,5.495,55.60842,1,-15.27,-27.5,True,False,False
0x3351a8aa745f379354c87a83c3e5c1cc99c093bf,True,2000,1063,424,639,39.9,0.18,-34787.49,16,1783524253580,1787375492580,44.6,-4538.19,0.13,0.0,0,0.0,,False,True,False
0x337084c6d36cd2c1195e7e08d3f87e5892af84a2,True,2000,884,549,335,62.1,1.29,14957.33,29,1754087470602,1788633448339,399.8,4756.39,0.318,154947.833333,1,-42184.21,-27.2,True,True,False
0x337afda118de433f5a8c8ad6d6ef48b76d027a06,True,2000,954,701,253,73.5,2.75,185160.89,8,1787518905280,1788779334793,14.6,25480.06,0.138,190947.652339,4,-103468.98,-54.2,True,True,False
0x339030695894d065719b8ee501459a467ef1388a,True,2000,1208,514,694,42.5,1.54,1542.76,1,1788502179324,1788804464348,3.5,301.1,0.195,5534.98235,1,83.33,1.5,False,True,False
0x33a2910fd0b5aeee8d745c2297d1dbcf810f827a,True,186,39,0,39,0.0,0.0,-3175.4,1,1787453881122,1788346284849,10.3,-925.32,0.291,7566.39813,1,2170.87,28.7,False,True,False
0x33ad48ed92e3e91a98278f0f7456eae6eafa516e,True,2000,1236,626,610,50.6,2.12,2308.11,62,1788792835058,1788805175511,0.1,146.91,0.064,938792.142053,53,-1639.39,-0.2,False,True,False
0x33ce67b8570d10301037a3442ad207177ebd9821,True,1044,397,295,102,74.3,1.01,35.26,6,1749415030314,1780617600043,361.1,722.88,20.499,0.0,0,0.0,,False,True,True
0x33e6d8084cbb790d73171fbb490f1c75fd665b6f,True,2000,826,311,515,37.7,0.52,-14662.53,9,1783298754158,1785396700579,24.3,-1231.41,0.084,0.0,0,0.0,,False,True,False
0x340135248e40b193e71e4898d6e8438d51b605f3,True,729,332,75,257,22.6,0.41,-7695.2,1,1757929043473,1788230132303,350.7,-984.92,0.128,0.0,0,0.0,,False,False,False
0x341dbdceb30e81bba62d05251d4165be372f98ac,True,2000,932,570,362,61.2,0.48,-46.06,1,1780642228095,1782824402447,25.3,-11.41,0.248,0.0,0,0.0,,False,True,False
0x343d42ea935bd3e7cc400edf01d33349c85c0c2c,True,868,423,353,70,83.5,0.76,-2732.05,8,1781875901136,1788515008659,76.8,-3226.42,1.181,1990.891609,1,-85.86,-4.3,False,True,False
0x345447bacebf5472bf175fdd3f81d4e4fa2c394d,True,215,96,42,54,43.8,2.81,1109.96,3,1776798126207,1788687762571,137.6,238.7,0.215,1400.796078,1,330.76,23.6,False,False,False
0x347125ab96e098a9ff7e26405a75aa227e119c15,True,2000,1166,625,541,53.6,0.38,-66932.28,36,1775602348282,1788793922792,152.7,-4865.84,0.073,18872.277323,1,-25.36,-0.1,False,False,False
0x34843b85e9dbc33a071307ad4f8e587ab551dc6b,True,2000,990,386,604,39.0,0.8,-2901.02,25,1787433013083,1788804571040,15.9,-1087.29,0.375,0.0,0,0.0,,False,False,False
0x348d4aab6a6c79215aa1b5e4da139c60d149082b,True,2000,1210,586,624,48.4,1.0,66.1,4,1787943063277,1788773876954,9.6,4781.6,72.343,0.0,0,0.0,,False,False,False
0x349eddf8e37221f96b1d96debe4339776272c77d,True,2000,1012,388,624,38.3,0.88,-2853.36,28,1768054818038,1787713715616,227.5,2280.95,0.799,0.0,0,0.0,,False,True,False
0x34c4059e4008a0b4bd1a15e2c83530d767b24bdd,True,514,278,178,100,64.0,2.04,8156.78,9,1787375528844,1788599052658,14.2,3106.53,0.381,0.0,0,0.0,,False,False,False
0x34d31c441d418dc041a37907a6f32b68c0bf503d,True,1506,727,429,298,59.0,0.09,-443847.55,33,1707243150202,1788615540529,941.8,-118740.35,0.268,1866.641397,1,-2364.75,-126.7,True,True,False
0x34efcd07bb59121a9b6011097f7845302654febe,True,2000,991,702,289,70.8,1.55,55149.05,3,1781865077520,1788746847137,79.7,8927.75,0.162,26692.777252,1,-194.0,-0.7,False,True,False
0x35047d558739bbacc1a463703926cd8bc8432c2d,True,1806,890,300,590,33.7,1.08,3035.94,8,1780372445490,1785506787166,59.4,2286.08,0.753,0.0,0,0.0,,False,True,False
0x3520043ccb0643e9ca666702a1931c980c766ccb,True,1947,1248,935,313,74.9,0.71,-34625.83,28,1776637918318,1788798400397,140.7,-18410.1,0.532,92849.982143,2,5753.55,6.2,False,True,False
0x353bd2e5da5f01707dfad0dd86907561ac66cc38,True,2000,903,411,492,45.5,1.97,66456.13,23,1762486854724,1785958172828,271.7,21377.02,0.322,0.0,0,0.0,,False,True,False
0x354dd2b1719ee86a2f4e04befa137c1cbe80c667,True,2000,1103,624,479,56.6,3.81,151779.67,6,1788252897931,1788687758605,5.0,8615.41,0.057,241840.966601,1,17028.02,7.0,False,False,False
0x356075de9189345f2b465fc7cbbe4d5aeb91180e,True,892,414,101,313,24.4,0.85,-5176.13,3,1787660356869,1788793291010,13.1,-6753.51,1.305,7765.056868,0,0.0,0.0,False,False,False
0x35811174314e93b13d9a7998316c70a0385c6c42,True,2000,845,257,588,30.4,0.89,-4211.18,10,1774556464202,1777344657663,32.3,4121.6,0.979,0.0,0,0.0,,False,False,False
0x358e1209cf0b8f81597b9852e11308cf4c9d06d2,True,2000,1046,456,590,43.6,1.15,12400.47,13,1774203238081,1788054423094,160.3,-13761.4,1.11,217785.353352,1,94497.14,43.4,False,True,False
0x35a0858a4c8d6c6d8bb9e5958e3d7ece54911f73,True,2000,1779,1463,316,82.2,4.95,37980.37,31,1772843482002,1779889592338,81.6,5222.63,0.138,0.0,0,0.0,,False,True,False
0x35af6c00f4be09af7219192cf54edb9892b31428,True,2000,1344,1006,338,74.9,2.81,1514.34,2,1788554317645,1788685597166,1.5,19.68,0.013,177985.35301,1,-453.34,-0.3,False,False,False
0x35c86d48cff276b71dca0c41542cdc46109d6ad6,True,868,448,262,186,58.5,1.93,17705.08,20,1732981437792,1775661723306,494.0,-3340.42,0.189,0.0,0,0.0,,False,False,False
0x35dfc46ef53511f56c1f89126f45be24089a7c7f,True,2000,1021,678,343,66.4,1.22,4779.33,58,1774298265996,1784064108988,113.0,-3769.55,0.789,0.0,0,0.0,,False,False,False
0x35f13dc71426d4a429cf8bad69c4b39abbbf9896,True,2000,1100,608,492,55.3,0.9,-137.91,7,1788558856015,1788805327995,2.9,-41.3,0.299,0.0,0,0.0,,False,True,False
0x360e848d3637ab7a4f77fb4e3586edb9438843f9,True,1205,570,276,294,48.4,1.04,414.33,34,1761681326812,1788122787582,306.0,-909.51,2.195,0.0,0,0.0,,False,True,False
0x361c74be781164574771bcaaee6b233314d9d657,True,2000,908,340,568,37.4,1.14,4116.36,37,1779459371551,1788784804316,107.9,4948.42,1.202,0.0,0,0.0,,False,True,False
0x363246a966b41b2c9fb22fc427d4b12851ec4181,True,2000,997,696,301,69.8,1.13,3249.64,14,1779352359542,1786542208946,83.2,-2296.89,0.707,0.0,0,0.0,,False,True,False
0x3650a7ce951c2a633d0e57e3adc14565ecac5766,True,2000,1051,328,723,31.2,0.14,-469.5,11,1783639066587,1785856960234,25.7,-178.81,0.381,0.0,0,0.0,,False,False,False
0x3668811b5b0966d1891c47cac0ef8615e3381ca9,True,2000,970,387,583,39.9,0.8,-2257.74,23,1785914953452,1788800918302,33.4,847.0,0.375,18015.383764,9,-8089.41,-44.9,True,False,False
0x368cb4212abd097f35efcd34e291b6ee1d60e622,True,2000,994,827,167,83.2,1.85,5599.64,9,1764011995050,1788798021541,286.9,521.4,0.093,0.0,0,0.0,,False,True,False
0x36a4f2ef34ddbf6f05e49e5e73deafe84a6e11db,True,1585,731,377,354,51.6,1.31,5397.6,10,1759783904558,1787620452031,322.2,-1718.8,0.318,0.0,0,0.0,,False,True,False
0x36c2db693c188d3a27aab5af2ed6fb5bc00ce687,True,256,252,252,0,100.0,inf,1276.92,3,1784266498919,1784480636033,2.5,71.3,0.056,0.0,0,0.0,,False,True,False
0x36e54c5af9fe67566f8be7838c5ee8a3403e51c1,True,616,299,118,181,39.5,3.25,8815.57,12,1778673029936,1787485488738,102.0,1625.69,0.184,25538.055258,4,20048.08,78.5,False,True,False
0x36eea84fe2d862606929d0b5dabc9847042c76e0,True,2000,959,509,450,53.1,1.0,-42.03,11,1778979905654,1784913903402,68.7,-1670.18,39.742,0.0,0,0.0,,False,True,False
0x36fbd89b5aa130b53708a98e729ad726daaf1f86,True,2000,1192,22,1170,1.8,0.0,-550596.89,10,1783562013450,1788770801868,60.3,-18541.82,0.034,292093.134987,4,-495460.49,-169.6,True,True,False
0x37057ed5fc01a7ad3403358026c7419c3e15c004,True,2000,1103,0,1103,0.0,0.0,-18587.97,1,1786898036299,1787818878608,10.7,-201.48,0.011,0.0,0,0.0,,False,False,False
0x3731696c9b5098beacf8dd03ac00c30bba979806,True,2000,925,476,449,51.5,1.02,606.44,49,1756397458513,1788688991438,373.7,2187.79,3.608,296.053266,1,7.82,2.6,False,True,False
0x374133b30210269d58b9d9383647e85fb0001549,True,2000,961,677,284,70.4,0.95,-708.25,8,1776117101264,1777633826634,17.6,-1435.68,2.027,0.0,0,0.0,,False,True,False
0x37594c27f242d95a8e7ac88fbd4ed25ab09e0d28,True,2000,1092,823,269,75.4,0.4,-66771.07,33,1755192043095,1788795825186,388.9,-23448.2,0.351,2380.296377,1,10.11,0.4,False,True,False
0x3777a3a68702652c3d6bcf87d5db8925c3bdb813,True,1089,493,438,55,88.8,43.79,150556.35,11,1741268665448,1785201374989,508.5,7413.07,0.049,28987.020932,1,6284.35,21.7,False,True,False
0x3794f94443524a443fbb83cb267d6b012e424918,True,2000,968,419,549,43.3,0.63,-7565.16,1,1782739813036,1788268011692,64.0,-5152.91,0.681,0.0,0,0.0,,False,True,False
0x37b81ab9e3ab04b9e3738e4891621205aaa31fd5,True,35,1,1,0,100.0,inf,8.19,3,1785233761293,1787228450785,23.1,8.19,1.0,2296688.939532,1,-5397269.79,-235.0,True,False,False
0x37cb16b16846cb56169d79510d1b0036b9073a69,True,2000,943,380,563,40.3,0.5,-44601.08,17,1758609395622,1788525969468,346.3,-6213.0,0.139,59876.381253,1,-83.94,-0.1,False,True,False
0x37e62fab97a0d07ace3f25c3fc573e6de0ba93c7,True,248,121,77,44,63.6,1.11,139.26,6,1753773610616,1780644426561,311.0,-317.5,2.28,0.0,0,0.0,,False,False,False
0x37fefa732ad92d61d3e9fea4ca205cdada95ab41,True,2000,902,534,368,59.2,1.37,11449.29,14,1766818154758,1779898302597,151.4,6142.5,0.536,0.0,0,0.0,,False,True,False
0x3820e04f4d00a06338b66e9a1c67bc13b7d069d5,True,435,240,75,165,31.2,0.24,-4286.65,13,1756856660620,1786083449355,338.3,-659.98,0.154,0.0,0,0.0,,False,True,False
0x38365db0d9080e8dcb6fdee4d3cbc292a196cf9a,True,2000,1046,683,363,65.3,0.8,-414.32,5,1781877040581,1788476274068,76.4,-179.64,0.434,0.0,0,0.0,,False,True,False
0x3842544417dd7aaddeb83dc699484dcc4e5b9b9a,True,2000,411,368,43,89.5,48.27,1353.36,2,1787947979282,1787962363702,0.2,76.29,0.056,0.0,0,0.0,,False,False,False
0x3860ab5786f22e7fbbd83b9fe7f4be94534d78df,True,2000,945,289,656,30.6,0.45,-16491.42,5,1781176730551,1781375300751,2.3,-1947.05,0.118,0.0,0,0.0,,False,False,False
0x388b3ea2d5fa291e47ecb9f5570012d84a891180,True,2000,820,524,296,63.9,1.06,5200.84,17,1759968865992,1788461405968,329.8,49252.25,9.47,0.0,0,0.0,,False,True,False
0x38a3c027cc21db44c8795470639cf5ab8fb6e900,True,2000,1095,748,347,68.3,0.26,-38485.7,9,1784591800653,1787372919425,32.2,-4048.36,0.105,0.0,0,0.0,,False,True,False
0x38c2b9325e8b080058c31f44a13a56464a6a0fc2,True,2000,985,220,765,22.3,0.51,-709.28,22,1764187044002,1782555501035,212.6,454.35,0.641,0.0,0,0.0,,False,False,False
0x38dae17ea62c0d9a3f9de872cbcdec795e0741e8,True,376,138,84,54,60.9,1.07,328.3,4,1781611829038,1786915590633,61.4,1107.2,3.372,0.0,0,0.0,,False,True,False
0x38ec5e1854d40b1bb307a47866559baba670136e,True,1464,333,141,192,42.3,1.18,6661.59,41,1710564419105,1757812969413,546.9,4737.52,0.711,0.0,0,0.0,,False,False,False
0x38fa26c9524343b12c0d742e23c0db77948114cb,True,2000,879,589,290,67.0,0.86,-5955.74,12,1778442802845,1783468800001,58.2,-9370.4,1.573,0.0,0,0.0,,False,False,False
0x3906fcee7efd88f5e22a3c4459434380fb5c890e,True,2000,941,382,559,40.6,1.28,2800.01,22,1785366125516,1788801096611,39.8,873.91,0.312,1371.022326,1,-134.05,-9.8,True,True,False
0x3915a7ed767cd3ad5bc8988f159de39eb89d6ac2,True,2000,880,283,597,32.2,0.42,-28054.95,16,1777888479056,1778839291012,11.0,-5760.44,0.205,0.0,0,0.0,,False,False,False
0x3927af597c09774f91ef84bf765ded4109e9f8ea,True,2000,1095,680,415,62.1,0.76,-8935.81,24,1784035818136,1788782194115,54.9,-6547.35,0.733,23752.369461,3,-12576.93,-53.0,True,True,False
0x3936fe0cfb6b53adbf0078193737ad7e695b3c58,True,639,310,212,98,68.4,1.06,265.29,7,1773141664959,1779489355063,73.5,-910.36,3.432,0.0,0,0.0,,False,False,False
0x394e8cb9c3a3c1672d2a557bc9855b76c67efa15,True,470,234,177,57,75.6,7.41,43772.31,4,1772701137189,1784160000034,132.6,6024.6,0.138,1867.320531,1,-2085.11,-111.7,True,False,False
0x39788e96f13649e458d13ec47bf0778eeaa5eec0,True,101,46,40,6,87.0,2.95,230.94,17,1772161809193,1784052770504,137.6,57.46,0.249,0.007556,0,0.0,0.0,False,True,False
0x3989b5d60bdea97313d785cf283d5367424b4cf0,True,2000,966,384,582,39.8,1.76,8015.01,28,1780647685258,1788128477756,86.6,1059.83,0.132,0.0,0,0.0,,False,False,False
0x39a03c182be6b8589c51f08734b7975e8aefb17f,True,2000,1010,537,473,53.2,2.93,6309.79,2,1788268976209,1788792309593,6.1,359.74,0.057,51047.752549,6,112.22,0.2,False,False,False
0x39a7119891774aee136513affe3b835bad3d3603,True,2000,1047,433,614,41.4,2.13,68677.25,13,1773168198449,1788260404532,174.7,23516.76,0.342,0.0,0,0.0,,False,True,False
0x39be8fad61f5fa0cdfa2fc97c30a59833f58705d,True,2000,1209,732,477,60.5,3.29,54238.28,46,1786793507710,1788435798528,19.0,6553.83,0.121,101687.622867,19,6679.61,6.6,False,False,False
0x39d71c36cbbe79b0a4fdeb0268966bf329f9ab0d,True,2000,397,278,119,70.0,5.1,122026.61,30,1714463348367,1783202319599,795.6,34313.97,0.281,0.0,0,0.0,,False,True,False
0x39edb9b97640ac24544b34472c8acd32e4ad956a,True,2000,1036,608,428,58.7,1.37,23128.41,24,1762269981362,1773100800042,125.4,-4573.62,0.198,0.0,0,0.0,,False,False,False
0x39fdf476bc168ff2012dfc25f8f77f8ee7ff03ab,True,1778,861,595,266,69.1,1.62,21050.1,52,1732871258691,1788782382094,647.1,-4236.62,0.201,6432.908441,1,-785.21,-12.2,True,True,False
0x3a0a0e48215a9797c065f591d53e902aac74f1af,True,1238,405,283,122,69.9,0.79,-4135.27,4,1771925962013,1778717407916,78.6,-3594.79,0.869,0.0,0,0.0,,False,True,False
0x3a17bde82706aaf297a0d721d5c31e4eb3c48b65,True,2000,1010,432,578,42.8,0.75,-555.38,18,1788224327485,1788794661569,6.6,94.03,0.169,576.616126,0,0.0,0.0,False,False,False
0x3a30f18314e60c17b3269b0c8dddd8ed4764c2c4,True,2000,959,403,556,42.0,0.57,-17856.23,10,1783345269992,1784635585500,14.9,-2915.26,0.163,0.0,0,0.0,,False,True,False
0x3a432f7d35099d05cc3dece25887cf2861b8c045,True,2000,959,462,497,48.2,0.68,-9275.21,24,1747312006954,1785828039471,445.8,-7111.99,0.767,0.0,0,0.0,,False,True,False
0x3a50b63159b3bb389f69df367c0f1eb0e9f9b320,True,2000,1064,742,322,69.7,0.73,-10483.01,6,1772645887003,1783912694961,130.4,-6026.78,0.575,0.0,0,0.0,,False,True,False
0x3a6a0d7cde96e23e015e521f2774af3ed72fc9bf,True,2000,878,262,616,29.8,0.85,-5058.21,12,1761841633759,1788701789027,310.9,3407.15,0.674,15278.403306,1,-410.84,-2.7,False,True,False
0x3a81cce57848c2b84d575805b75dbc7dc1f99ab1,True,2000,944,544,400,57.6,1.17,18001.4,38,1739858278744,1788798518714,566.4,9487.29,0.527,11314.607811,1,-1891.91,-16.7,True,True,False
0x3a957b6e6b71904789824890e139b33f98391c7b,True,2000,976,678,298,69.5,1.87,13385.34,26,1744792214031,1788266696578,503.2,-1172.16,0.088,0.0,0,0.0,,False,True,False
0x3aacead9f97a5399a8130c16113851e7b7edc1b0,True,2000,1127,514,613,45.6,0.48,-14913.49,38,1774335877275,1788686377569,166.1,-7800.39,0.523,0.0,0,0.0,,False,True,True
0x3ac4987b522630fc80d3f9527efb27338672a87d,True,2000,981,237,744,24.2,0.73,-3278.2,5,1767648906755,1788739200041,244.1,-581.75,0.177,0.0,0,0.0,,False,True,False
0x3adb3a63ebf9c65d08d2cdba71a4da3fde798a81,True,2000,912,365,547,40.0,0.19,-28547.47,9,1773203146375,1777695614908,52.0,-2020.58,0.071,0.0,0,0.0,,False,True,False
0x3af9a567b1015c72cf02dff0d4ed096cda4119f4,True,2000,826,519,307,62.8,2.31,8503.66,21,1763376803964,1787422810259,278.3,-1000.82,0.118,0.0,0,0.0,,False,True,False
0x3b078aa51aab3cecab22133be6d5a4fef6266655,True,2000,661,519,142,78.5,5.53,11468.28,10,1784330163438,1786463755804,24.7,3260.81,0.284,0.0,0,0.0,,False,True,True
0x3b15953d59791b86c709a03819030a4faf601cb5,True,2000,981,610,371,62.2,0.65,-7920.99,24,1750957286954,1786111927962,406.9,-3578.71,0.452,0.0,0,0.0,,False,True,False
0x3b2d0373fa33f84374adf93014d8e402f8818854,True,2000,1046,563,483,53.8,0.78,-2906.86,1,1783670424876,1785374949394,19.7,-79.35,0.027,0.0,0,0.0,,False,False,False
0x3b4226bc82f2d7a5afc7f796480abd2500d707c9,True,2000,1133,713,420,62.9,0.64,-43807.12,8,1779555633135,1784129002651,52.9,-10903.64,0.249,0.0,0,0.0,,False,True,False
0x3b5142d6fddcbb418ad15a6fe17c15d8f7df8bac,True,2000,1351,853,498,63.1,1.04,1431.56,5,1779271692340,1788698457280,109.1,-2107.61,1.472,4436.079017,1,-418.0,-9.4,True,True,False
0x3b684bc9de719c0dd5d8de2d9665a568c6220502,True,2000,895,373,522,41.7,0.92,-1768.81,21,1762029035399,1779321600086,200.1,1017.5,0.575,0.0,0,0.0,,False,False,False
0x3b803034d80e9bfae715b7dab5f25f4b6fc2ffd3,True,389,200,92,108,46.0,0.08,-14774.21,3,1787822481767,1788013011962,2.2,-1506.86,0.102,0.0,0,0.0,,False,False,False
0x3b944e69844037573ca259a34676966903cc4efe,True,292,163,84,79,51.5,0.59,-3266.96,1,1777919572364,1785506672777,87.8,-1427.03,0.437,0.0,0,0.0,,False,False,False
0x3bb32e260511874126a59785abf23df96a139c6b,True,2000,883,352,531,39.9,1.05,870.74,20,1787755453106,1788743388737,11.4,1273.1,1.462,6327.798625,2,198.54,3.1,False,False,False
0x3bd06caa7b082779888c2eeb3fa2fe7d33fe82dc,True,2000,827,466,361,56.3,0.83,-5546.15,60,1777993796900,1788796105801,125.0,-5178.32,0.934,1065.250533,6,-334.6,-31.4,True,True,False
0x3bed8eda12e6436a5865a0a006113b66af79cfc8,True,2000,966,492,474,50.9,1.56,9420.71,9,1786711439502,1788802172938,24.2,4540.04,0.482,0.0,0,0.0,,False,False,False
0x3c11dc773a2b03e537251c8a07a67ebe3e945750,True,1098,555,289,266,52.1,1.39,827.48,51,1786112409931,1788775181985,30.8,364.86,0.441,94.031508,1,-4.91,-5.2,True,True,False
0x3c3607fa71ccc9e29849035411f57887646860ec,True,2000,888,592,296,66.7,0.26,-35902.6,11,1785583055891,1787492878172,22.1,-5951.95,0.166,0.0,0,0.0,,False,False,False
0x3c446431dd0fa13af97f904c00dc34fb7a198dba,True,2000,510,335,175,65.7,5.06,6032.11,9,1787678413148,1788805707253,13.0,444.82,0.074,7943.426184,2,-1174.85,-14.8,True,True,False
0x3c6175cdf02b7eaa4cb7f5ca8b8c268ba8d342f7,True,1703,789,489,300,62.0,1.22,17020.77,22,1754773012293,1788791905801,393.7,-18916.2,1.111,0.0,0,0.0,,False,True,False
0x3c7576d1a357d7a4d34dd0d84a908d366e575635,True,316,155,64,91,41.3,0.51,-2188.96,1,1782816447172,1784547192783,20.0,-1048.93,0.479,0.0,0,0.0,,False,False,False
0x3c95acb293937f2cfbc65c78e86b95bc70be91d2,True,1301,696,334,362,48.0,0.47,-28604.82,7,1760114401048,1781587666383,248.5,-5675.76,0.198,41737.967481,1,-2103.68,-5.0,True,False,False
0x3cb524b7a0e4e2008dcd46107f1dd1eabd43e649,True,1103,185,100,85,54.1,4.11,32844.43,21,1781205885801,1784533891137,38.5,26504.96,0.807,0.0,0,0.0,,False,False,False
0x3cce108f30e46eb0dc6257e31044f9aebf89427c,True,2000,1456,927,529,63.7,1.79,86441.44,21,1772097368843,1784222967415,140.3,-50476.44,0.584,0.009928,0,0.0,0.0,False,True,False
0x3ce2560da04370343fe0b92d0028b93845cfb3ac,True,563,243,218,25,89.7,0.05,-161255.41,5,1763059987438,1781479534767,213.2,-26555.78,0.165,0.0,0,0.0,,False,True,False
0x3d0202e0bb6d8df16f1960329b30151d8b847d6b,True,2000,959,354,605,36.9,1.01,236.0,5,1787531228457,1788748689035,14.1,2445.68,10.363,0.0,0,0.0,,False,False,False
0x3d21e3d9af7ca1d76305c9eb2fb510b7af920659,True,2000,976,443,533,45.4,1.15,5180.09,10,1784107405989,1788773208546,54.0,-3436.4,0.663,23343.5864,10,17268.83,74.0,False,False,False
0x3d3206a9a84647b191a66592048cd968d7897580,True,1427,754,457,297,60.6,1.9,2954.57,9,1745413970060,1781485472696,417.5,562.37,0.19,1429.685441,0,0.0,0.0,False,False,False
0x3d4873fad12d29ac2bef7d9953c72d8c3310deae,True,2000,869,427,442,49.1,0.54,-151.01,1,1788659606862,1788765893754,1.2,43.34,0.287,0.0,0,0.0,,False,True,False
0x3d599c81c0c24db86f1b87d2ba4619b05861e794,True,2000,878,491,387,55.9,4.99,24330.73,15,1776868611550,1778184221870,15.2,3048.38,0.125,0.009228,0,0.0,0.0,False,False,False
0x3d6ed5bf4ab5d4dec5e7d8f660925bb87fc6498b,True,1569,667,151,516,22.6,0.42,-10027.97,15,1772081113663,1788695684862,192.3,-1623.42,0.162,0.0,0,0.0,,False,False,False
0x3d85b43e8c63e7b979a37e5ba6b09e3f3f565aff,True,1459,701,332,369,47.4,0.71,-2260.93,24,1762268429661,1786545313700,281.0,-488.0,0.216,0.0,0,0.0,,False,False,False
0x3d9a4b794841e32d37f26f37fa4d74902dd9debf,True,2000,1024,956,68,93.4,229.65,49216.59,23,1784532365626,1788766392210,49.0,2267.6,0.046,11603.886102,0,0.0,0.0,False,True,False
0x3db265c1e7e2908c35b33b76e4e1baa8bd15fbfe,True,2000,856,333,523,38.9,0.71,-10292.99,8,1784669543792,1787673551025,34.8,7084.39,0.688,0.0,0,0.0,,False,True,False
0x3dc908374e11623d8eb9f07dfc7a2e5e803a54b0,True,2000,0,0,0,,,0.0,4,1788759516030,1788806000103,0.5,0.0,,3694145.998296,9,-2778143.09,-75.2,True,False,False
0x3dd54285c649135127404e30a335c6667cd5709b,True,2000,644,349,295,54.2,1.18,964.48,68,1778510595090,1788427835115,114.8,-1591.1,1.65,0.0,0,0.0,,False,True,False
0x3df915fd277b21a4dc6b2acd4b023c6adf94e093,True,2000,1133,475,658,41.9,1.12,997.59,17,1774283313251,1788054395058,159.4,459.36,0.46,0.0,0,0.0,,False,True,False
0x3e0d0c19d2083427d35f188d3d6c0175c2891678,True,295,138,43,95,31.2,0.86,-1321.21,1,1761523209365,1788634771674,313.8,2745.24,2.078,8276.251851,0,0.0,0.0,False,False,False
0x3e252899d87a354e8bfa4bd8b62325549b5714da,True,2000,807,617,190,76.5,6.12,145482.77,13,1785435509939,1788705174366,37.8,13126.06,0.09,153761.526012,0,0.0,0.0,False,True,False
0x3e3ad798e824182a90349587fb7bd962b5d8b3be,True,1481,623,399,224,64.0,1.27,14866.48,16,1733141701690,1788782232700,644.0,4268.69,0.287,1375.837423,1,531.12,38.6,False,True,False
0x3e4db2489cdc102db0da07a7ced836874d5fac35,True,2000,1010,279,731,27.6,0.88,-447.4,10,1788110722618,1788803932002,8.0,318.77,0.712,0.0,0,0.0,,False,False,False
0x3e5bd1793f8181ded0b7030f825d1751cff07f13,True,1273,745,440,305,59.1,2.27,2168.6,12,1757958369331,1775744863998,205.9,521.36,0.24,7482.953105,1,1386.15,18.5,False,True,False
0x3e6d708f9a4913f1db73e7a7d9b235be51ea3842,True,2000,790,313,477,39.6,1.28,7752.73,5,1779115708381,1779305902727,2.2,6623.75,0.854,0.0,0,0.0,,False,True,False
0x3e762ddbc005b472b46766c430a7a6a626ec58a2,True,884,488,216,272,44.3,1.51,7530.51,18,1732875669807,1788147506780,639.7,4825.44,0.641,0.0,0,0.0,,False,False,False
0x3e883498b599e2945c6dc2a5057c080a876dbed5,True,650,443,129,314,29.1,0.83,-41.84,52,1753776783089,1779990783456,303.4,-17.47,0.418,0.0,0,0.0,,False,True,True
0x3e981ee03d663c647101a6c1d3ae54a880c2c9c3,True,1452,611,438,173,71.7,3.69,12085.22,21,1773916819676,1778605607094,54.3,2020.62,0.167,0.0,0,0.0,,False,False,False
0x3eb24aeb1c6686ff2d2bcfae3b57a9e9bc1130e7,True,2000,1102,543,559,49.3,1.42,8188.51,10,1784886287790,1788772521192,45.0,2011.59,0.246,8701.438225,10,4617.91,53.1,False,False,False
0x3ed4033676d0bdb3938728ca4ac673d00e74bd06,True,2000,336,0,336,0.0,0.0,-35801.21,2,1788212109605,1788712663772,5.8,-2088.98,0.058,1409408.724728,1,3761854.32,266.9,False,False,False
0x3ee6903c8a6a112bd322a4ddc97d39953c414adb,True,2000,1320,613,707,46.4,2.22,1667.36,22,1788800469746,1788806139038,0.1,187.76,0.113,1084929.792898,33,-1314.15,-0.1,False,False,False
0x3ef63a41dc067492051ec24be4da8281f7dbb18f,True,883,442,247,195,55.9,1.73,19982.41,3,1775657002508,1788315227583,146.5,19756.53,0.989,36960.266562,1,4230.48,11.4,False,True,False
0x3f04a5a984406312b455d8c8a27b0a74f6de7ae1,True,1238,582,306,276,52.6,0.87,-2679.84,58,1771156437794,1788764340098,203.8,-1663.84,0.621,73.391237,2,-12.11,-16.5,True,True,False
0x3f1647d33707830e088e9cb6aa791017a1dfdf84,True,2000,847,719,128,84.9,9.81,510796.76,5,1737529122770,1788052470700,584.8,24685.75,0.048,34693.657816,1,138115.87,398.1,False,False,False
0x3f240a16bb7c34302cab342227207acc3d9e0d4d,True,2000,559,376,183,67.3,2.33,12678.67,11,1788695339906,1788804167680,1.3,4130.48,0.326,404130.59486,10,-49855.44,-12.3,True,False,False
0x3f319b0b6bf5bbaaaae45b8f9090745a84f88769,True,2000,1004,643,361,64.0,0.68,-22861.13,1,1779128892157,1784905210348,66.9,-7875.05,0.344,0.0,0,0.0,,False,False,False
0x3f4eb695f9e2a444b5380bce157994aca6e08b9e,True,2000,1410,705,705,50.0,1.59,2534.92,2,1775599289140,1783004866012,85.7,758.28,0.299,0.0,0,0.0,,False,True,False
0x3f63f23fc64296b7954e79daa3a7f1fb9451dcd4,True,600,339,300,39,88.5,0.84,-432.57,3,1773479493783,1773946739289,5.4,-1257.55,2.907,0.0,0,0.0,,False,True,False
0x3f7f53e387b5c0c258f87ab739d184ea65cc667c,True,1262,612,409,203,66.8,0.24,-140679.9,2,1785131694134,1787932861050,32.4,-46147.32,0.328,0.0,0,0.0,,False,True,False
0x3f8d91122eaff9bb35f9b27e4e09dea195e0cf9f,True,389,115,43,72,37.4,3.69,6313.95,4,1768199966377,1782481418796,165.3,2466.98,0.391,0.0,0,0.0,,False,True,False
0x3f9e11b68f99741e720889d5d9cfcd121871b5aa,True,81,44,34,10,77.3,10.11,687.4,9,1770293300931,1775866781990,64.5,234.86,0.342,0.0,0,0.0,,False,False,False
0x3fb4185036dbf5e0322c23584948fa97597b482c,True,1379,677,382,295,56.4,4.67,118411.44,28,1732866386276,1787726648996,635.0,92101.8,0.778,0.0,0,0.0,,False,False,False
0x3fc6b63462dfa99aba339a403a6a17b8112affba,True,2000,486,426,60,87.7,2.26,15552.56,101,1759367245513,1787277900706,323.0,-3447.61,0.222,1956.261709,1,-7054.46,-360.6,True,True,True
0x3fdb7b6d1fe3f890bf47b0e4f5e992aaf865ce55,True,989,415,188,227,45.3,2.1,9988.64,5,1772637782044,1787149028338,168.0,2290.02,0.229,0.0,0,0.0,,False,False,False
0x3ff5fdf5981d72120f0003359ca552c49a8a16e3,True,2000,882,296,586,33.6,0.6,-4099.97,8,1786566824337,1787839039355,14.7,-544.5,0.133,0.0,0,0.0,,False,True,False
0x40108a2e91db6d65c8f73f604271fbb324450317,True,2000,1075,469,606,43.6,1.05,2986.43,3,1779360323173,1787326565409,92.2,-7014.31,2.349,0.0,0,0.0,,False,False,False
0x4025d75db7a13e25dc6305ac00cc1c849f26b7c9,True,2000,986,284,702,28.8,4.13,84389.02,10,1788526535881,1788790685198,3.1,16293.03,0.193,213645.305717,6,110801.14,51.9,False,False,False
0x40327b2be358fb278df2310e340d0fa47afcb73d,True,2000,895,659,236,73.6,0.76,-5953.41,52,1781025305657,1788805686006,90.1,-2568.52,0.431,0.0,0,0.0,,False,True,False
0x4043a2c3a4923e85fa89f0cb79a0324c407c48c8,True,416,200,79,121,39.5,0.33,-187932.24,3,1767190819496,1787364386215,233.5,-44598.24,0.237,167905.992449,1,-23622.0,-14.1,True,True,False
0x40502eaa3fcfd60ef97162a8b2246995e42dbeac,True,2000,1355,900,455,66.4,1.84,50473.1,20,1760141792928,1788337811416,326.3,10918.12,0.216,103124.36652,3,2257.5,2.2,False,True,False
0x40660111858dd62a3651a5e2c8cbc439159bbbbb,True,2000,917,471,446,51.4,1.03,315.84,17,1780480295388,1788806076655,96.4,633.76,2.007,3744.207182,3,312.31,8.3,False,False,False
0x407c578cc7c27d8df36633cd0a2531c14aa1ccd5,True,2000,1149,581,568,50.6,0.96,-693.34,92,1772375773643,1780937693454,99.1,-2064.35,2.977,10059.407136,0,0.0,0.0,False,True,False
0x40946575dcc7a223646a6f9bfd2ebd1facbe7dd2,True,155,57,20,37,35.1,2.02,615.14,3,1785490908986,1787238869695,20.2,929.19,1.511,130352.50322,2,24925.4,19.1,False,False,False
0x40ac31471c5949336c44e9af91fa390dd6124efe,True,1041,383,150,233,39.2,0.02,-87294.9,6,1786369593639,1787824720832,16.8,-43159.69,0.494,0.0,0,0.0,,False,False,False
0x40c8dec8b3edd2649cd7808f206421d686e8e64b,True,570,363,277,86,76.3,2.9,74335.6,17,1732986859656,1788525973935,642.8,8099.69,0.109,4441.475,0,0.0,0.0,False,True,False
0x40e6abab4961e75b077e8db6c0c77b8627bd6fba,True,2000,974,645,329,66.2,0.22,-45965.3,21,1777174574571,1788731155326,133.8,-5592.19,0.122,0.0,0,0.0,,False,True,False
0x40f6b6909659d3c76413e613fa8a2c5100bca864,True,2000,722,479,243,66.3,2.16,45843.93,2,1754573425751,1785362826440,356.4,14069.3,0.307,0.0,0,0.0,,False,True,False
0x410a608acaa0a9c6a4899b3e7d5738af04b75cc3,True,431,257,180,77,70.0,1.69,7252.86,3,1756166467984,1788695769385,376.5,-3159.53,0.436,33966.7562,1,-1684.33,-5.0,False,False,False
0x4125ebf1d2f414c4876c3f21886a6c0d49193629,True,2000,1057,449,608,42.5,0.54,-11615.59,7,1775601202844,1775852946044,2.9,-1447.15,0.125,0.0,0,0.0,,False,False,False
0x413959d1c4efd2495135c38132b4cb0f8b9443a3,True,409,227,17,210,7.5,0.22,-76962.02,2,1787287982129,1788463256337,13.6,-15048.57,0.196,0.0,0,0.0,,False,True,False
0x4151b025d2393c0e62991af09983c999d4607eed,True,2000,933,315,618,33.8,0.78,-3170.99,11,1765736213612,1788049160337,258.3,-1534.15,0.484,0.0,0,0.0,,False,True,False
0x416473db0157b2197e5d2d3c882875294e47353c,True,652,375,189,186,50.4,0.61,-6962.02,9,1772094832000,1776489223398,50.9,-2298.1,0.33,0.0,0,0.0,,False,False,False
0x417e8accdf7707af31c581d0325382580ad58dbd,True,1614,580,252,328,43.4,1.67,9536.11,40,1743241488800,1788768567970,526.9,3195.46,0.335,297.209071,1,9.24,3.1,False,True,False
0x418cf2fb103dcacc648aa22e29d64dce683bc2f8,True,2000,971,428,543,44.1,0.68,-2546.48,3,1779879714770,1782319812028,28.2,471.54,0.185,0.0,0,0.0,,False,False,False
0x41a425223b08d7706b69663831d8b5494a44e5b1,True,2000,771,413,358,53.6,0.76,-7246.58,18,1756282297603,1788706848591,375.3,2332.13,0.322,1569.738355,1,-471.61,-30.0,True,False,False
0x41bca54411cfcdc53f2dd64abee160fba8459c43,True,2000,1002,635,367,63.4,0.9,-4302.51,60,1781033797274,1787588471279,75.9,-9889.0,2.298,0.0,0,0.0,,False,False,False
0x41d741bc9e999794b9ba7e24d08bd3e80af13293,True,2000,1112,487,625,43.8,0.63,-737.98,2,1785350356842,1786390354120,12.0,-31.4,0.043,195731.555791,0,0.0,0.0,False,True,False
0x41f2de49171cce04ec497c626575954be3ab7759,True,2000,960,344,616,35.8,0.53,-21351.25,8,1774610517624,1777655949937,35.2,14112.94,0.661,0.0,0,0.0,,False,False,False
0x420ab45e0bd8863569a5efbb9c05d91f40624641,True,2000,1203,955,248,79.4,8.82,112033.55,19,1754333628055,1782333274774,324.1,11571.17,0.103,96448.362084,3,114225.27,118.4,False,True,True
0x421369b1e3c27877824f50f24c2289e369d434f7,True,2000,935,546,389,58.4,1.18,4301.56,14,1778980264499,1787575639523,99.5,-4471.74,1.04,33337.271565,2,-14722.15,-44.2,True,True,False
0x4227dd2957741385fe73ec2f318bb3e330ee1cc5,True,2000,1151,703,448,61.1,0.29,-55314.79,1,1761065862951,1788413179542,316.5,-5024.87,0.091,0.0,0,0.0,,False,True,False
0x42319b20465b9ba9e083e56c7791037f0a53ff3a,True,1576,821,236,585,28.7,2.09,7042.67,4,1779121508640,1788684957716,110.7,2807.22,0.399,0.0,0,0.0,,False,False,False
0x4245782dfd3707d4e79bc3593b7ef85b6a3f83d7,True,332,118,96,22,81.4,13.27,8070.42,2,1779139993329,1785606671866,74.8,1960.13,0.243,0.0,0,0.0,,False,True,False
0x42563fae0bac6f1dcfac4e7439a1c3bed3af213f,True,2000,1002,400,602,39.9,1.09,187.62,52,1785229959198,1788775572984,41.0,102.73,0.548,22517.806839,50,1589.1,7.1,False,False,False
0x4271629c96a90de2270746232d1cf968f18a5204,True,2000,1045,390,655,37.3,1.24,2764.39,27,1782918904783,1788804008277,68.1,950.28,0.344,2215.406492,3,-76.56,-3.5,False,False,False
0x429280dcb4cf938babc85b5ccbaac23ed57c343a,True,140,55,55,0,100.0,inf,1431.51,3,1779889105095,1780454524093,6.5,597.9,0.418,0.0,0,0.0,,False,True,False
0x42a77dc1e3b529b2845eb240aeb3b1fd5c5faf6d,True,2000,951,237,714,24.9,1.99,534.26,20,1767484366009,1788733325238,245.9,598.14,1.12,0.0,0,0.0,,False,True,False
0x42b9181d03aa2bc7e770f11c9a77994c8973d926,True,2000,1003,70,933,7.0,0.34,-9015.62,15,1783436154931,1788766091692,61.7,1052.68,0.117,3210.476962,1,128.92,4.0,False,False,False
0x42d295447b9c19f7eec0e0a63ecc253f3af539ef,True,2000,1035,442,593,42.7,0.28,-17300.08,3,1781055921162,1786555471656,63.7,-1386.44,0.08,0.0,0,0.0,,False,False,False
0x42edd0cf391d94a56295a42775f8ee10d76eed6d,True,192,95,26,69,27.4,0.56,-1653.62,1,1787626272965,1787697032347,0.8,786.96,0.476,0.0,0,0.0,,False,True,False
0x43014d2c7734d7576722b4dd2094d3edfe79f5ed,True,2000,647,402,245,62.1,3.14,62616.42,3,1776681139856,1778341290610,19.2,10152.0,0.162,0.0,0,0.0,,False,True,False
0x43139ed7e3a1abd9497f958d03948fa299825b94,True,340,205,201,4,98.0,6.04,15519.69,3,1779894626862,1787841449628,92.0,2891.6,0.186,10372.46578,1,-1121.15,-10.8,True,True,False
0x4334ff1dd9fa46667b718a6f8a489c3d0079b44b,True,2000,1997,42,1955,2.1,0.04,-1087.34,98,1779994746970,1781654400032,19.2,11.67,0.011,0.001461,0,0.0,0.0,False,False,False
0x4341d88e8b4af27b35f0d1a39c002562739a12d8,True,2000,919,387,532,42.1,1.67,14880.09,33,1772196474549,1788630010430,190.2,2862.49,0.192,12527.416788,3,1104.1,8.8,False,True,True
0x43569abf85f05aba3bec5ef382f66c02f501f9ad,True,1098,509,332,177,65.2,1.08,1986.78,6,1780485889389,1788575027076,93.6,-5588.65,2.813,567.46968,1,-51.85,-9.1,True,False,False
0x4372812cde0110f75a110f8fed7f3a77d34dddc0,True,712,303,268,35,88.4,12.15,136729.84,7,1787018514202,1788659319801,19.0,36716.28,0.269,59232.917908,1,7747.61,13.1,False,False,False
0x4391c22edeece3a9aa5b8f3c1a3a25378980ff10,True,2000,925,626,299,67.7,0.48,-29886.0,4,1774258626597,1779175443475,56.9,-2721.87,0.091,3e-06,0,0.0,0.0,False,True,False
0x43a9ff74fd8eacebdd4f1972e5f7178a77edee33,True,1128,665,600,65,90.2,4.7,6313.34,10,1776661566711,1778024455706,15.8,293.22,0.046,0.0,0,0.0,,False,True,False
0x43c03cd80642729455c65c0078b125c802128627,True,2000,969,341,628,35.2,0.35,-3501.08,30,1785161565594,1788781377668,41.9,-442.65,0.126,3.336593,1,-1.49,-44.6,True,True,False
0x43dfab48d2b6351b1933879f0b9e06748b3e96a7,True,1451,642,378,264,58.9,1.25,12056.94,24,1763193258238,1788794250542,296.3,4099.48,0.34,27504.420109,7,4136.72,15.0,False,True,False
0x43fd87d7dcfde628fda38faf6ffdc237ad46c69b,True,2000,455,286,169,62.9,0.61,-12368.7,8,1760131684879,1780676387477,237.8,-7974.13,0.645,0.379857,1,0.17,45.3,False,True,False
0x440e0a40645713dedc143df183ec766ba041853d,True,1552,715,391,324,54.7,1.14,1209.32,10,1768462476934,1780428810864,138.5,694.67,0.574,0.0,0,0.0,,False,False,False
0x44306c23fc2ea97da18c349042dc62f504923a63,True,2000,1061,316,745,29.8,0.81,-9354.99,6,1748895193641,1782995415692,394.7,8716.54,0.932,0.0,0,0.0,,False,True,False
0x44494524f57dd2e3d9ab46a520aac74dd1d15876,True,2000,968,511,457,52.8,1.4,2576.8,39,1774906621620,1783984994549,105.1,654.2,0.254,0.0,0,0.0,,False,False,False
0x445816ca9bb0146940b802d49ce146787c73b5ca,True,2000,1024,523,501,51.1,0.95,-644.56,18,1774205532451,1788687297719,167.6,543.2,0.843,447.134891,1,-47.84,-10.7,True,True,False
0x446c759feb1da102cce53ce114aaf91451778862,True,2000,1174,570,604,48.6,0.77,-5111.39,1,1788539456824,1788805375055,3.1,-549.26,0.107,51527.269472,1,-1.04,-0.0,False,True,False
0x448c5269d4ebf1e55b678d78a75568c9a71e1ca4,True,2000,994,489,505,49.2,1.63,9457.35,42,1750101801469,1788358688415,442.8,2457.48,0.26,0.0,0,0.0,,False,True,False
0x449d21dec2487cba7e480d5dc776038d5f2c2246,True,2000,1060,643,417,60.7,1.73,12966.59,18,1788335040794,1788804352915,5.4,1909.89,0.147,20293.988729,2,-2799.51,-13.8,True,False,False
0x44aa722e057befb493e2e309dd5d2a35f420d394,True,1569,835,461,374,55.2,0.49,-10669.51,15,1752403641619,1782692957666,350.6,-4629.02,0.434,0.0,0,0.0,,False,True,False
0x44bb147765d21171275de642f9dcd8d057a8ebc9,True,244,106,76,30,71.7,0.15,-12017.9,7,1755105846978,1788574616649,387.4,-2484.06,0.207,10549.261325,3,4253.28,40.3,False,False,False
0x44cd38994fbf89db3f7fa9465ca4aaa78101f11b,True,2000,944,208,736,22.0,0.3,-33360.51,6,1788132198412,1788525606440,4.6,-2684.65,0.08,0.0,0,0.0,,False,False,False
0x44e0a24f39de10f7406c408fc00d1de4305c270b,True,2000,978,419,559,42.8,0.37,-18393.53,2,1787652156436,1788707506250,12.2,-2264.72,0.123,0.0,0,0.0,,False,False,False
0x44f054d5f8e562890ef4d11da31422def8dc625f,True,1858,941,575,366,61.1,1.52,2952.78,56,1705221740331,1788195140578,960.3,1872.69,0.634,4025.584204,1,40.39,1.0,False,True,False
0x44fd19697cdf3e526d2875e454daa46755ace961,True,1920,990,594,396,60.0,0.72,-30554.71,15,1755871989876,1787866191492,370.3,-19444.08,0.636,0.0,0,0.0,,False,True,False
0x450e8d0f489a85d865196f86526a670085b4dedb,True,2000,986,597,389,60.5,0.78,-3397.09,37,1782977089819,1784161198662,13.7,-1041.76,0.307,0.0,0,0.0,,False,True,False
0x451efc57f63a594855762d574237bf662111fb95,True,2000,772,586,186,75.9,3.7,19643.89,4,1787818237888,1788804624067,11.4,787.38,0.04,68304.0,1,5477.96,8.0,False,False,False
0x4530e4a3fa0e90b1b291b73473a6df64a396aeac,True,140,96,96,0,100.0,inf,1188.06,3,1781055338852,1784739085435,42.6,71.82,0.06,0.0,0,0.0,,False,False,False
0x453b43c23e455bc2933d2856cdec7e048d3ca144,True,2000,945,332,613,35.1,4.68,22944.73,18,1778376273252,1778879989211,5.8,1781.79,0.078,0.0,0,0.0,,False,False,False
0x45552df9027f5cdacf3bc48b9cebd75d10583deb,True,2000,873,397,476,45.5,2.24,15865.46,12,1786300866686,1788702146377,27.8,1913.75,0.121,0.0,0,0.0,,False,False,False
0x456ce64b4ec0643fa0b02312b32b9bd364f175c2,True,2000,700,464,236,66.3,0.15,-241977.96,3,1786055419732,1787522391454,17.0,-59541.93,0.246,208581.734279,2,-268723.51,-128.8,True,True,False
0x458022e0e723bae51d238cbb12a4085e5afd331e,True,2000,1127,746,381,66.2,1.3,15583.86,10,1748072054734,1787947820351,461.5,-5791.95,0.372,7680.120764,4,6725.29,87.6,False,True,False
0x459726bb00de7ac3014959e97b8914821ad60563,True,2000,957,513,444,53.6,6.39,170573.52,15,1744725648200,1787485074427,494.9,12161.54,0.071,0.0,0,0.0,,False,True,True
0x45a5aea03e5a6dbc6f46a708562250c83afc4fc4,True,2000,146,93,53,63.7,4217.91,338470.23,16,1748275873550,1788637972512,467.2,174225.36,0.515,590042.951319,1,-1726398.75,-292.6,True,True,True
0x45bafad54b4491f0f0041614304376c95bff9082,True,2000,1096,433,663,39.5,1.34,4822.59,12,1787081105858,1788762415778,19.5,1031.0,0.214,2315.241168,1,-1285.13,-55.5,True,False,False
0x45da669e620fbe0a0d4c8ccd05c16ab5bed5d2ff,True,239,111,19,92,17.1,0.21,-4007.17,6,1781211039098,1784562976191,38.8,-813.86,0.203,0.0,0,0.0,,False,False,False
0x45e96351d92a6d8382b3892e45f11b5dd1f2c9ea,True,2000,852,311,541,36.5,4.71,72250.92,11,1770383105161,1788739200041,212.5,15695.52,0.217,0.0,0,0.0,,False,False,False
0x45f717946a3fb49054ebebecbb1ab8ce9325f166,True,2000,589,473,116,80.3,2.34,88012.4,3,1787288733439,1788622730889,15.4,24729.02,0.281,2239023.564378,1,132440.18,5.9,False,True,False
0x4608ad3db3422011a517ba30e74cf0d3caac7bfe,True,154,59,18,41,30.5,0.05,-21573.63,3,1783452619159,1787167021809,43.0,-3036.97,0.141,2460.229413,1,-2654.74,-107.9,True,True,False
0x461cc78cc9ddd66b0778aea759bdf0866a5ad2f2,True,2000,1041,551,490,52.9,0.03,-199985.85,5,1788310662102,1788566057757,3.0,-11444.0,0.057,151214.370263,2,68060.5,45.0,False,False,False
0x463930ff2ae75cb614ce80f5ad7119bdf8fa1b28,True,2000,986,986,0,100.0,inf,10048.32,2,1776834789282,1778983989969,24.9,196.53,0.02,0.0,0,0.0,,False,False,False
0x465dba0f8114e614542cb71c07dfae1db0d452e6,True,2000,988,414,574,41.9,0.88,-2744.64,25,1775882454066,1788747280887,148.9,-3350.11,1.221,0.0,0,0.0,,False,True,False
0x468ee02ea029ab9714745a13f740634a595f38ed,True,1367,767,267,500,34.8,1.07,630.49,6,1780462291673,1781048480129,6.8,1127.27,1.788,0.0,0,0.0,,False,False,False
0x469e9a7f624b04c24f0e64edf8d8a277e6bf58a5,True,2000,964,688,276,71.4,6.28,1078687.21,6,1788555170913,1788739603012,2.1,156169.96,0.145,10282988.197882,10,-860589.25,-8.4,True,True,False
0x46aaf7c9cde1c76d910fd7720458e217aeb09c98,True,1239,578,518,60,89.6,4.14,184194.42,10,1738098635660,1781562370726,503.1,74315.35,0.403,0.0,0,0.0,,False,True,False
0x46bc54fc064d5380bbc07b505796db26fdac25d2,True,2000,721,62,659,8.6,0.15,-135213.93,8,1780320756307,1783184463282,33.1,-5191.58,0.038,0.0,0,0.0,,False,True,False
0x46f04c095d3ec43823de17c0688663fd271e320f,True,1536,748,334,414,44.7,0.53,-8689.27,8,1759833725997,1788534978682,332.2,-5668.05,0.652,0.0,0,0.0,,False,True,False
0x47051cd86439181b8929c501c5b95ac5cd5568c9,True,2000,1040,747,293,71.8,1.37,5215.02,28,1752587348100,1788803677685,419.2,-1773.95,0.34,2402.55494,2,134.96,5.6,False,True,False
0x471e18816e6c4df0302c431192250169213b4932,True,2000,736,430,306,58.4,0.52,-87811.38,8,1759417757814,1788399375041,335.4,-11742.48,0.134,22884.054754,1,14822.86,64.8,False,True,False
0x473af743ad7cd6f37e31d9969bbd5f78679b6e21,True,2000,806,319,487,39.6,0.64,-3319.57,22,1785096807555,1785504984804,4.7,-1330.82,0.401,0.0,0,0.0,,False,True,False
0x475993b042deada168d28177581ef151781b14af,True,503,259,183,76,70.7,1.76,9122.08,1,1786527541107,1787585830982,12.2,4635.39,0.508,0.0,0,0.0,,False,False,False
0x477ae3ac78646f80dcaba5f5507461b4d222fd9d,True,1688,875,536,339,61.3,0.71,-9133.32,8,1771783272187,1788792272364,196.9,-2079.14,0.228,0.0,0,0.0,,False,False,False
0x47982fe9cc31e5ce5cc055d017ade7cbd0686c16,True,1755,944,797,147,84.4,1.14,3327.67,6,1770462018664,1787331151581,195.2,-3194.98,0.96,0.0,0,0.0,,False,True,False
0x47a7f62a0550d0b6358491964b32aa2958246637,True,1681,988,276,712,27.9,0.36,-40418.79,8,1783912404151,1788462181910,52.7,-5168.0,0.128,0.0,0,0.0,,False,True,False
0x47ced546b073aea33ef1f8298cac7ca5f1971e03,True,632,281,203,78,72.2,1.2,783.79,10,1733348108787,1788735806372,641.1,2181.71,2.784,0.0,0,0.0,,False,False,False
0x47e2030197d2ab30f2480c1c692b03cd7b0b4197,True,308,126,121,5,96.0,17849.06,24949.8,7,1763290969979,1787933673314,285.2,4977.85,0.2,42836.258543,2,13662.4,31.9,False,True,False
0x47f366ddacd8cfbf1d035c0320f7422da1e919a8,True,1133,563,342,221,60.7,0.87,-5590.43,17,1755631045674,1786801631773,360.8,-13253.0,2.371,0.0,0,0.0,,False,True,False
0x480608565caf0141e6785d390093c0e49981ee12,True,2000,1068,512,556,47.9,0.62,-3972.55,17,1786644199164,1788540491057,21.9,510.08,0.128,0.0,0,0.0,,False,True,False
0x4821debc9b64f0c6e20c2b565c7f6681cad69fec,True,2000,1110,658,452,59.3,4.9,112261.32,12,1786209262965,1787270400024,12.3,14474.27,0.129,0.0,0,0.0,,False,False,False
0x483bd5207b09e420fc9256f676ac40307f3fb30b,True,1637,731,291,440,39.8,0.21,-65758.1,9,1761729946151,1780726860562,219.9,-7029.25,0.107,0.0,0,0.0,,False,False,False
0x48581f0063a3ea68edafc1f58732dba22a2f30a3,True,2000,1012,470,542,46.4,0.92,-1803.09,24,1783436127126,1787529770583,47.4,-4783.02,2.653,13955.620916,1,-21538.46,-154.3,True,True,False
0x48740a4cbb5c55b12201210ab40cacb847764beb,True,471,463,386,77,83.4,1.55,1058.65,8,1788253601978,1788745477187,5.7,-929.36,0.878,0.0,0,0.0,,False,True,False
0x4896f2f3a25bb356ed4204526dc161bbb1bccf94,True,1261,605,451,154,74.5,1.12,1712.87,5,1782217593649,1788733728156,75.4,-1308.21,0.764,2243.781176,1,251.53,11.2,False,True,False
0x48af63df7e2610f5d53fbcadea86f38e26232e9b,True,2000,725,512,213,70.6,1.12,210.39,34,1775488643974,1785651653025,117.6,638.77,3.036,0.0,0,0.0,,False,True,False
0x48c02e2c1ce7543a8fa40f2b93fb9329d31a0bc6,True,2000,1014,680,334,67.1,0.91,-237.33,4,1779324157549,1780596257271,14.7,-299.33,1.261,0.0,0,0.0,,False,True,False
0x48cff1367e7c10772538241c3e14f0987e199ef2,True,2000,751,687,64,91.5,1.73,20119.42,6,1786377635572,1788547801798,25.1,-8006.99,0.398,8780.893921,1,14091.01,160.5,False,False,False
0x48ea62a2cc8391fbbe210e8ee89db573a8ec145f,True,2000,1149,477,672,41.5,0.51,-4249.68,1,1788774013018,1788806904002,0.4,-375.43,0.088,223892.131369,1,-7.74,-0.0,False,True,False
0x48f4d772aca0ee0c6b236b67ffaa380ae81641f9,True,1751,798,514,284,64.4,3.31,25624.22,14,1786906080766,1788688541072,20.6,1470.8,0.057,0.0,0,0.0,,False,True,False
0x490c7ed1b96059df56296f44dcd24124e9353227,True,2000,879,355,524,40.4,0.54,-17112.5,3,1788605686248,1788799478473,2.2,-3414.16,0.2,196487.746092,2,-18692.97,-9.5,True,True,False
0x49208e12b02effd27afe01a78ea871fd73be2b12,True,2000,1214,662,552,54.5,0.73,-52.9,11,1780329609671,1781780365641,16.8,-4.53,0.086,0.0,0,0.0,,False,True,False
0x493364de7f4a39ed24f9c68ece229973f324d369,True,2000,1075,452,623,42.0,0.64,-1620.48,15,1788753288846,1788806708320,0.6,180.84,0.112,31882.544809,9,879.12,2.8,False,False,False
0x4948e5ab6f654a9796c8efcd5095afb81e0d384e,True,1702,822,396,426,48.2,0.93,-243.39,32,1767749763931,1788796505845,243.6,153.14,0.629,259.713161,5,149.49,57.6,False,False,False
0x4969500d093c0c25b6499c72ad4669f56477f5d4,True,2000,932,445,487,47.7,0.98,-501.03,13,1786975991889,1788671013128,19.6,-3913.58,7.811,3773.582119,1,-1213.23,-32.2,True,True,False
0x4992349089e9b4ac0484d13d0ba487fe593aaadb,True,1688,809,646,163,79.9,1.46,22345.74,30,1740486062906,1788610138679,557.0,-5170.0,0.231,8584.495024,2,-18904.77,-220.2,True,True,False
0x49a48d7807f91d2ef9d3eeb33dc00d30d5f65c94,True,376,148,120,28,81.1,1.42,2026.98,3,1781627491912,1784160000034,29.3,-2163.6,1.067,70125.606428,1,39192.1,55.9,False,False,False
0x49c3feafddaefc3bed06f4ff87ce86610c2c1076,True,2000,856,130,726,15.2,0.09,-185816.54,4,1753777170504,1785510040564,367.3,-9631.7,0.052,0.0,0,0.0,,False,True,False
0x49d450bf74db162dc9224d4ac8c38a76135851de,True,2000,1030,336,694,32.6,0.71,-5538.21,10,1768894906831,1787986440231,221.0,-1349.06,0.244,0.0,0,0.0,,False,True,False
0x49eafd5be294ef68188679295d561e9bee1d912d,True,2000,1120,537,583,47.9,1.14,8225.88,5,1776007061323,1788746163264,147.4,9764.44,1.187,0.0,0,0.0,,False,True,False
0x4a0b172b1f5bb70746c01583abcf2cb915e6e13a,True,2000,1041,746,295,71.7,2.42,29173.23,19,1747652564018,1785248367459,435.1,-2158.2,0.074,16856.713519,3,-29044.82,-172.3,True,True,False
0x4a19c9768629266caad38bd6857c6a4161532c19,True,2000,1943,1349,594,69.4,0.68,-5020.9,12,1781655671333,1782180053796,6.1,-401.3,0.08,0.764364,0,0.0,0.0,False,True,False
0x4a204bb184714ac90634ee292b5cbb287f0ab37a,True,1398,579,210,369,36.3,2.89,35296.78,2,1756307593710,1785696018592,340.1,18342.91,0.52,0.0,0,0.0,,False,True,False
0x4a33475623e47320049e883f08b810bd338f9709,True,2000,1128,875,253,77.6,1.95,29862.16,4,1787834262958,1788332776410,5.8,7743.79,0.259,0.0,0,0.0,,False,False,False
0x4a4a90b0a95bbefd38013cc06f2f26439873ef3f,True,2000,793,477,316,60.2,3.77,125034.72,10,1766008251273,1788450751595,259.8,11858.59,0.095,71423.322911,1,16915.43,23.7,False,True,False
0x4a6a3eec80417fc41219ee863e1f14082847d07b,True,1323,602,179,423,29.7,0.71,-12366.38,11,1740878514542,1788716205584,553.7,-10134.86,0.82,0.0,0,0.0,,False,True,False
0x4a7a651da64cebe4a6c5e0c39ea8fe3f6ab24775,True,2000,1802,603,1199,33.5,0.32,-2148.16,6,1787132886032,1787151174732,0.2,-25.24,0.012,447.263472,1,0.83,0.2,False,True,False
0x4a8e397e8a0d23594e052b68bee19abd626d8aa1,True,2000,1011,514,497,50.8,0.44,-34286.3,36,1775958693262,1788748163690,148.0,-8432.15,0.246,0.0,0,0.0,,False,False,False
0x4a9ff585a6c272fa308395fa6666ff1236ba0624,True,2000,1763,1052,711,59.7,2.11,53921.48,3,1779454638232,1779535655136,0.9,-5567.5,0.103,0.0,0,0.0,,False,False,False
0x4aafeace1d04533061328ded010ae781b0e86b22,True,819,391,207,184,52.9,0.67,-3644.02,7,1780518950198,1780673784396,1.8,-1825.96,0.501,0.0,0,0.0,,False,False,False
0x4ac21adc3154ce2d1187d3f7da0b46a29f9ff079,True,2000,938,505,433,53.8,0.49,-30565.41,16,1775779201148,1788797103032,150.7,-10681.7,0.349,0.0,0,0.0,,False,True,False
0x4ae1360b22a0790a079600a50b463b33c66dcde6,True,2000,890,383,507,43.0,0.56,-8994.42,31,1781094674881,1787559512679,74.8,-2419.47,0.269,0.0,0,0.0,,False,True,False
0x4afe37e56bd91e26155f6bb85cf00bb35fc37888,True,2000,251,210,41,83.7,6.0,8735.3,10,1788329524240,1788735811754,4.7,1429.11,0.164,0.0,0,0.0,,False,False,False
0x4b1e3d7994aee7dd69decb64f28b1c56931ef1ef,True,2000,1172,351,821,29.9,0.31,-75463.81,4,1780640686698,1780871592758,2.7,5553.22,0.074,0.0,0,0.0,,False,True,False
0x4b430839e1e411e19429b09869537bfe2efd5542,True,2000,1023,380,643,37.1,0.79,-2179.67,10,1766410626980,1779674802277,153.5,-424.98,0.195,0.0,0,0.0,,False,True,False
0x4b5a4841e2f9317428c962b00e33750e1e87dd9a,True,1571,860,726,134,84.4,4.56,12847.09,9,1763588707314,1788790893188,291.7,1733.68,0.135,1105.80796,1,19.47,1.8,False,True,False
0x4b7dbc51bb2dede996c1c64c9aa25b7ecbe989d1,True,293,129,74,55,57.4,1.63,1871.46,16,1719385186540,1780575833184,708.2,1276.83,0.682,0.0,0,0.0,,False,True,False
0x4b9c8c36e5cbf6003860b6cf8dff9e32d603b7ed,True,216,89,36,53,40.4,0.33,-6011.12,4,1777996016259,1778348950784,4.1,-2420.84,0.403,0.0,0,0.0,,False,True,False
0x4bb08eca29b212b2e588c7762992787118527d94,True,2000,1052,877,175,83.4,1.1,397.62,39,1774361652382,1788474916583,163.3,-1012.43,2.546,15.112326,1,0.34,2.3,False,True,False
0x4bc2608538d7fc46ddb900d05cadf7316994fbfc,True,2000,899,382,517,42.5,0.99,-72.03,3,1788288875232,1788304854782,0.2,550.26,7.639,0.0,0,0.0,,False,False,False
0x4bd123fb1dc2b1eb210c59017737e3e708aebe17,True,2000,1690,346,1344,20.5,2.92,2846.32,3,1788300739878,1788803470781,5.8,603.38,0.212,7716.485906,3,-269.95,-3.5,False,True,False
0x4be5f249c4df500ede3fed4171bd37b8563420c0,True,1745,1053,1053,0,100.0,inf,3520689.29,1,1779942437827,1787585036571,88.5,89284.61,0.025,0.0,0,0.0,,False,False,False
0x4bf65d4841990bfe4934bca9d01efe8d7e8f1d74,True,2000,863,426,437,49.4,0.91,-1319.64,18,1780294249908,1788666745469,96.9,3100.58,2.35,0.0,0,0.0,,False,True,False
0x4c131c8ab8fae908b148dac30ffdd9b007cdfd29,True,2000,928,453,475,48.8,0.94,-904.24,45,1733572128766,1788617609912,637.1,-1316.25,1.456,0.0,0,0.0,,False,True,False
0x4c2f8a697e0b4015962bcd256f51dcc704a09d06,True,2000,841,522,319,62.1,6.03,86256.35,7,1782956793958,1788564055353,64.9,6439.74,0.075,0.0,0,0.0,,False,True,False
0x4c49bfae14f852dfb66574e364438d68fc47fe5c,True,1875,1010,466,544,46.1,0.42,-85411.03,30,1768299852806,1787916048370,227.0,-16637.74,0.195,0.0,0,0.0,,False,True,False
0x4c6d1e25e24364c81da2e0e21ec2f07991d21b50,True,786,442,407,35,92.1,8.38,3528.55,3,1773969296030,1774138212577,2.0,156.12,0.044,0.0,0,0.0,,False,False,False
0x4c805f023ea285e463e765f18c992dfc17014571,True,2000,845,567,278,67.1,0.19,-26245.21,5,1783445611762,1788429512793,57.7,-7828.34,0.298,0.0,0,0.0,,False,True,False
0x4c9b439a874874190fdb59ff665848bdf110ba6d,True,2000,740,567,173,76.6,0.6,-42963.05,76,1766250407651,1788776656381,260.7,-28594.64,0.666,0.0,0,0.0,,False,True,False
0x4cb482c9eb4f29f6bfdac18039dff264c6954617,True,2000,873,207,666,23.7,0.61,-4600.72,16,1787002696048,1788031712302,11.9,1163.02,0.253,0.0,0,0.0,,False,False,False
0x4cc9b2e2879e7926b018d8d109692014295b51d1,True,1516,720,245,475,34.0,0.59,-1483.18,30,1715290356798,1788804277634,850.9,1166.22,0.786,2089.912765,1,612.08,29.3,False,True,False
0x4ce423197edc972896d16cdb410b212c2b675633,True,2000,908,907,1,99.9,372698.56,451492.21,2,1778228669489,1787788800012,110.6,26145.51,0.058,0.0,0,0.0,,False,True,False
0x4d025249cecaa4e031a1b353d70ff1200713244d,True,459,195,151,44,77.4,0.98,-139.9,7,1776949071315,1788474098879,133.4,-5869.6,41.955,1232.511016,1,185.77,15.1,False,True,False
0x4d272a5186de31e434d96f497c71ba20c6999614,True,1097,558,278,280,49.8,2.21,24631.4,6,1760562084474,1788195174553,319.8,7548.24,0.306,21388.179606,1,2900.74,13.6,False,False,False
0x4d3cfc371a07c8062263f7d8a2a8c4c4fe0b1a83,True,2000,825,331,494,40.1,0.52,-9110.57,2,1778829022763,1780554720734,20.0,1183.0,0.13,0.0,0,0.0,,False,False,False
0x4d5eb1cb0d7df5be73acea5a78cc2d16044960ca,True,2000,851,498,353,58.5,1.09,2148.39,43,1747963118919,1786406400019,444.9,-6723.48,3.13,0.0,0,0.0,,False,True,False
0x4d72dcd0403ef2d01b3cf86df7a993202eb2f69a,True,2000,1064,489,575,46.0,0.82,-6314.14,7,1784460331753,1787642074701,36.8,5210.59,0.825,0.0,0,0.0,,False,True,False
0x4d857e8c28320b05f0eebd4d7782548cd9481965,True,2000,891,53,838,5.9,0.06,-39383.8,2,1786269250346,1786297968252,0.3,-7931.13,0.201,0.0,0,0.0,,False,False,False
0x4d96140fa1d4aa736fc8d882fab7d42cf454a4e9,True,2000,999,400,599,40.0,0.93,-2898.33,16,1773071673604,1787275086505,164.4,-6523.66,2.251,0.0,0,0.0,,False,True,False
0x4da916217f9aae86ff778681a8a57cd609ae54ff,True,1007,453,226,227,49.9,1.06,1038.21,1,1775896134997,1788711195027,148.3,1139.32,1.097,8431.068423,1,-473.46,-5.6,True,False,False
0x4dc2a80a64864f20d24efc7d7315ad08fb6fb319,True,88,27,25,2,92.6,36.8,62.16,5,1759045211855,1773874001808,171.6,41.29,0.664,0.0,0,0.0,,False,False,False
0x4dd6e1094e99459bee550d5b7f20aec4b5de7bc9,True,2000,783,437,346,55.8,1.04,480.93,19,1763322707400,1788125638819,287.1,-2071.27,4.307,0.0,0,0.0,,False,True,False
0x4dfd5284da7157f5948851e494e0898f760fd7d5,True,1504,648,133,515,20.5,0.18,-19359.88,15,1774222127612,1778863462144,53.7,-1119.14,0.058,0.0,0,0.0,,False,True,False
0x4e0e26b00dfe4c62cefc86f320512dc03cc2b6f7,True,1761,819,249,570,30.4,0.23,-95882.43,21,1761516234123,1788697234680,314.6,-15435.27,0.161,0.0,0,0.0,,False,True,False
0x4e308dd40496eab867ed394d84b6d552b5b49724,True,2000,799,317,482,39.7,0.35,-79682.66,21,1769158565060,1788251801209,221.0,-13874.3,0.174,30802.161415,1,-68584.78,-222.7,True,True,False
0x4e43ef436400e2dac03659ba9aa51719d25d6b5f,True,464,266,107,159,40.2,1.7,1915.23,8,1767371631305,1779088471065,135.6,1756.88,0.917,0.0,0,0.0,,False,True,False
0x4e59584dca1ed4174c7c0fb98810951d2cd26519,True,2000,1087,561,526,51.6,1.29,2162.36,4,1782650858522,1782903366207,2.9,324.29,0.15,0.0,0,0.0,,False,False,False
0x4e6745570486e76d85ddfdda2d80b125b5fec923,True,1366,718,520,198,72.4,0.58,-88413.35,3,1780135768840,1780676025550,6.3,-15078.02,0.171,0.0,0,0.0,,False,True,False
0x4e96af192bb26383aa1304bc43cbd97dd212f624,True,280,104,81,23,77.9,1.59,1912.26,19,1760607249117,1788700960497,325.2,1127.42,0.59,3558.900285,2,2340.66,65.8,False,True,False
0x4eca8d62e07b3f3e78a8ae8725d4666da324c5a8,True,2000,1027,810,217,78.9,1.73,4848.93,14,1782376748936,1788804072857,74.4,-552.42,0.114,10383.47948,1,-293.34,-2.8,False,False,False
0x4ee9acbac31d1513428b9cc61aa07bf8f51eea64,True,2000,892,756,136,84.8,7.49,31941.19,22,1782617433928,1788444780946,67.4,1834.29,0.057,17095.573803,2,8963.47,52.4,False,False,False
0x4ef66df2067c588eb98896ede3a8e80f85aff085,True,2000,1137,662,475,58.2,2.14,177.68,116,1788805090005,1788807406041,0.0,24.49,0.138,50665.594362,87,-76.78,-0.2,False,True,False
0x4f0437483a4cbe9abfd0f35883f7f0d85364301b,True,2000,961,374,587,38.9,1.87,11503.78,40,1778609700315,1788775468000,117.7,1381.71,0.12,661.997408,2,-247.25,-37.3,True,True,False
0x4f235c15474f984504b0f188755021ae45c2fa65,True,2000,191,140,51,73.3,6.35,4954.55,3,1788776414224,1788807459249,0.4,473.57,0.096,217445.884581,3,-9607.19,-4.4,False,True,False
0x4f35a550b55fd299637359bc41c35263b2875d23,True,2000,844,381,463,45.1,2.16,54390.01,28,1778915764712,1788784468420,114.2,7802.17,0.143,104798.15501,10,23672.59,22.6,False,True,False
0x4f5fe8da30c1c11fe537730940ced62ac37ea371,True,1942,995,541,454,54.4,4.27,72860.34,31,1694402549597,1788133036890,1084.8,7947.74,0.109,11372.641822,1,161.31,1.4,False,True,False
0x4f708e58b731f00d32b4d0877b27429da9e4f5d3,True,2000,907,449,458,49.5,0.57,-4756.94,70,1781415585939,1783439897089,23.4,-545.59,0.115,0.0,0,0.0,,False,False,False
0x4f8bc9cdf2c1fb92998ff11060b2659082b4dcad,True,881,325,141,184,43.4,0.21,-11566.2,23,1762187124574,1774680049985,144.6,-2807.71,0.243,0.0,0,0.0,,False,True,False
0x4f9b096385c4e66ce3dec9a17e150795b9a02e3f,True,2000,1991,1991,0,100.0,inf,2790794.1,1,1787169759986,1787170109738,0.0,69591.2,0.025,0.0,0,0.0,,False,False,False
0x4fa893fb7dbbd1db7c9a49b5eaf6e7ce866181f2,True,884,323,183,140,56.7,0.6,-1587.97,7,1765113029227,1788366015580,269.1,-505.21,0.318,0.0,0,0.0,,False,False,False
0x4fbebbf6ddba6dfbec6a37ffc965d944668db33b,True,2000,1036,477,559,46.0,0.8,-3205.79,15,1771991383237,1784930100496,149.8,487.54,0.152,0.0,0,0.0,,False,True,False
0x4fdeda3fa3f4e6fd94cfd27d36d954edfa70041d,True,2000,987,596,391,60.4,1.52,7980.09,44,1761326821429,1788359312107,312.9,2632.4,0.33,2232.314298,2,-2885.59,-129.3,True,True,False
0x4febfcaf17f5df72d36977d67fb3202e63094fe9,True,748,407,191,216,46.9,0.89,-592.73,38,1745093438519,1788796169618,505.8,-720.38,1.215,186.083054,2,-25.37,-13.6,True,False,False
0x4ffb6fba0e61e32d213f955f306ede7cc48082d6,True,304,113,100,13,88.5,7.38,12297.05,10,1740706400349,1788463679381,552.7,1704.65,0.139,0.0,0,0.0,,False,True,False
0x50094f0f77798c6aac2ca707dc125edf9a180a14,True,2000,850,696,154,81.9,0.7,-3118.46,34,1778770734193,1788798781963,116.1,-1562.89,0.501,3187.4694,7,-522.57,-16.4,True,True,False
0x501b2b1f024d49027688e544a68400f786d5646b,True,2000,1086,667,419,61.4,0.7,-9862.1,12,1780340717245,1788644499761,96.1,2669.06,0.271,94.12249,1,-43.23,-45.9,True,True,False
0x503808754239306572edb923f33119ac67529bca,True,2000,957,646,311,67.5,0.25,-78440.09,8,1785379060014,1788790271710,39.5,-30504.4,0.389,74931.965005,1,-7.52,-0.0,False,False,False
0x5049695d6faacffd34f2d24f3f0ff8c64d88f71c,True,2000,1098,770,328,70.1,3.89,426800.46,21,1760290958593,1787616000004,316.3,17832.23,0.042,0.0,0,0.0,,False,False,False
0x505c9d3b44299b73569ef983859b635565e9bb2f,True,1933,911,589,322,64.7,1.02,697.46,6,1780589306978,1788204369925,88.1,-4209.26,6.035,23110.764563,1,-8655.54,-37.5,True,False,False
0x50697973667aa463485f77bd517ea45de7ec7a35,True,957,484,325,159,67.1,1.14,1521.9,11,1782910512538,1788018481752,59.1,-1958.03,1.287,11939.95322,1,-5113.76,-42.8,True,False,False
0x5078c2fbea2b2ad61bc840bc023e35fce56bedb6,True,2000,809,153,656,18.9,0.47,-64711.53,9,1774882257886,1788525102409,157.9,-7383.25,0.114,0.0,0,0.0,,False,True,False
0x5089694172bec2dc12ed54da0648b0da8c9e26b4,True,2000,920,749,171,81.4,1.05,2565.16,8,1785926504366,1788795642199,33.2,-9309.78,3.629,17341.72224,4,1265.57,7.3,False,True,False
0x50c15b4a9d9c792cffa2676528c5be855d830986,True,1576,839,311,528,37.1,0.76,-1600.9,3,1783476586837,1785200776733,20.0,210.6,0.132,0.0,0,0.0,,False,False,False
0x50e2fe552727a4b8692c192b4f96d1a6b0d44394,True,1265,548,385,163,70.3,1.9,39210.93,24,1754294366691,1788198007577,392.4,-12860.98,0.328,99104.207788,1,3500.99,3.5,False,True,True
0x50f49b9ff9e376d8090ac799ccafdd750e40b920,True,2000,869,869,0,100.0,inf,191093.07,4,1787571904285,1788782095823,14.0,16547.04,0.087,220884.905661,3,-144858.93,-65.6,True,True,False
0x510dfe906d9ad847971be31a4c6798b1c77c1ed1,True,2000,861,827,34,96.1,51.7,129154.05,2,1781205394809,1787151071919,68.8,6247.88,0.048,0.0,0,0.0,,False,False,False
0x5122c3b4de32d93efae914382c08d02fb8348353,True,2000,298,145,153,48.7,0.71,-574.2,33,1788450832132,1788807639588,4.1,-238.21,0.415,58449.144067,13,-1761.96,-3.0,False,True,False
0x513b2940a1181daafe1064c794e9aeaa0f7645b3,True,2000,916,571,345,62.3,0.44,-30705.77,6,1778213551671,1787153275623,103.5,-8214.62,0.268,0.0,0,0.0,,False,True,False
0x515684f09f6dab0de116e4c5e4cd87e714780a40,True,2000,889,351,538,39.5,0.81,-6934.78,21,1776514594992,1788362028548,137.1,3097.58,0.447,0.0,0,0.0,,False,True,False
0x51691de4289a82e0d9dc109b0964b7746702a6fc,True,2000,835,483,352,57.8,3.88,74397.61,77,1703732643134,1787165124511,965.7,22650.98,0.304,108.896885,1,-181.76,-166.9,True,True,False
0x5177dd785ab69422ac75a3de6c8e541136977279,True,2000,999,424,575,42.4,0.78,-1035.05,23,1787949796060,1788804492083,9.9,-685.23,0.662,15449.236128,3,-218.86,-1.4,False,True,False
0x518f26eebba105be11af1066f5a18eb5264abba9,True,1142,477,386,91,80.9,3.39,17690.67,2,1782395938177,1788607532145,71.9,1900.95,0.107,0.0,0,0.0,,False,False,False
0x51a3ae53b422b6bf23393fa4c73081bd25d7f591,True,2000,1156,909,247,78.6,5.52,14345.05,12,1783391918157,1788797400802,62.6,1203.09,0.084,16222.758947,2,1290.35,8.0,False,True,False
0x51aa24973ed22fe450b90a7b09635d1797ebb7a2,True,528,280,165,115,58.9,1.47,1162.63,10,1775132181265,1788216762060,151.4,1315.34,1.131,0.0,0,0.0,,False,False,False
0x51c05f9a6274a26f43112d5bdad745ee3f89dfdb,True,2000,962,314,648,32.6,0.24,-83930.99,8,1781386922985,1787151909314,66.7,-13342.58,0.159,0.0,0,0.0,,False,True,False
0x51cfb5a0f88b23cab52eb5ac221b9f6002c55c11,True,502,81,75,6,92.6,7.01,407.25,2,1786872591187,1786927562394,0.6,145.5,0.357,0.0,0,0.0,,False,False,False
0x51e00c05ff311edf0c31cd42c348c82318dabb35,True,2000,1231,621,610,50.4,3.62,1975.23,18,1775279719929,1785280009496,115.7,1221.82,0.619,0.0,0,0.0,,False,False,False
0x51f63885534cb494f4592a0311551f369bff2b39,True,2000,740,610,130,82.4,0.46,-14043.8,35,1788790916038,1788807701102,0.2,-696.74,0.05,2981478.71392,51,-755183.03,-25.3,True,False,False
0x521a0fb852a4ead9bc5f8bfe8394442aa02aa11e,True,174,85,72,13,84.7,3.17,7604.21,8,1758866839174,1788693832004,345.2,2690.16,0.354,21386.073157,1,-3503.07,-16.4,True,True,False
0x5230fdef1367381c24ffd67f7af1bdb6b33787c9,True,229,85,58,27,68.2,1.26,49.89,3,1740491642101,1773672936445,384.0,-80.92,1.622,0.0,0,0.0,,False,True,False
0x523979b277a398574a81da1d3511cb84823ce040,True,2000,843,759,84,90.0,5.09,19617.96,27,1785297430845,1788797407865,40.5,-1556.22,0.079,5386.440037,1,26.04,0.5,False,True,False
0x52503cd057090d826b455a07620c9501bd590310,True,2000,1013,292,721,28.8,0.6,-19811.87,8,1772395047500,1781583864055,106.4,-4099.28,0.207,0.0,0,0.0,,False,True,False
0x526be41fc4991899dab6b41368b79686a85c0bec,True,2000,930,628,302,67.5,1.54,6785.58,17,1762618215428,1788666367156,301.5,6312.69,0.93,0.0,0,0.0,,False,True,False
0x528ab6f5732668327fe6070c9da5ffc40ab1499c,True,56,16,15,1,93.8,124480.88,1158.06,2,1780590359623,1786298240568,66.1,359.63,0.311,0.0,0,0.0,,False,False,False
0x529f95bc71bc69780f1538dce95ebac111536bc1,True,2000,966,420,546,43.5,0.44,-27529.28,10,1775776955625,1780533009473,55.0,-5129.22,0.186,0.0,0,0.0,,False,True,False
0x52b1b41d1492608400e9ff89078f8cbabb959b32,True,2000,991,547,444,55.2,0.91,-2447.81,1,1788443082617,1788801335871,4.1,-2413.99,0.986,20305.390943,1,-219.22,-1.1,False,False,False
0x52ce3a11a41270069d19124461112358eedd55d3,True,132,65,31,34,47.7,0.44,-902.06,1,1773415245952,1773676222332,3.0,253.51,0.281,0.0,0,0.0,,False,False,False
0x52e8a125c6dfae24c877ebf2c9bc25337917d62c,True,2000,1292,780,512,60.4,1.01,95.19,8,1784681767004,1788331073448,42.2,-1056.97,11.104,244.024847,2,222.6,91.2,False,True,False
0x5302a41bd5685bc8269e526c30a17f8443a5254e,True,2000,857,642,215,74.9,1.9,8480.12,4,1776967561701,1788804785416,137.0,-1037.01,0.122,0.0,0,0.0,,False,False,False
0x531594af69d548e0cb1ecb8275505a5aa63e74a3,True,1280,755,317,438,42.0,0.76,-10253.07,4,1781109979718,1785361716912,49.2,-2998.13,0.292,0.0,0,0.0,,False,True,False
0x5332d47d4274e5a3513c04262d3c17dc5be15f6a,True,1168,610,275,335,45.1,1.01,84.61,38,1777650260293,1788757135046,128.6,-1600.52,18.917,292.183709,1,-36.84,-12.6,True,True,False
0x535191d6d49922d69cc7829dbb73e48694840db7,True,2000,1031,290,741,28.1,2.58,159274.99,23,1777606463096,1788346279444,124.3,18837.16,0.118,51001.368112,4,155214.34,304.3,False,True,False
0x5364fae66b0d11ba9df72f0a6b740e14865e1c9b,True,2000,1077,508,569,47.2,0.82,-16345.7,3,1783918993438,1785937877811,23.4,-5717.47,0.35,0.0,0,0.0,,False,False,False
0x5371302ad8e7dcc5d521aece6b455852c6af8962,True,462,214,58,156,27.1,1.11,1561.35,3,1777122345315,1777318413321,2.3,8335.63,5.339,0.0,0,0.0,,False,False,False
0x5387f8469819ac872ec0b10c2a7a2f938e9b8ece,True,1011,445,142,303,31.9,0.26,-11674.39,6,1780187691465,1781511728764,15.3,-2136.88,0.183,0.0,0,0.0,,False,True,False
0x53a59f9bcabe2f766bfedd479d69e22badb11c27,True,2000,847,381,466,45.0,0.48,-19588.02,3,1784607166835,1784842055852,2.7,-5576.73,0.285,0.0,0,0.0,,False,False,False
0x53bce9e9c4005f47b2abf34f60eec0e2119e77a8,True,2000,1101,629,472,57.1,0.81,-1299.16,31,1772004869052,1788503784642,191.0,-338.18,0.26,110.678533,0,0.0,0.0,False,True,False
0x53cfc31f4fcdf3f57bb5be07bf6bf169139d711e,True,1065,536,265,271,49.4,1.01,137.21,28,1740226561911,1787941217108,552.3,3291.12,23.985,26456.694386,1,-12359.12,-46.7,True,True,False
0x53e108aad9e8756b41444a050069a82239805210,True,696,226,76,150,33.6,0.44,-13308.34,23,1747534858235,1774957674815,317.4,-2863.31,0.215,0.0,0,0.0,,False,True,False
0x53f8cbdc0b39fd681988edbc06d08adccdc2b5e9,True,261,48,46,2,95.8,285162.13,598.84,18,1763710430956,1788787355178,290.2,138.33,0.231,2335.976195,12,-2819.85,-120.7,True,True,False
0x54069d1a01434813617e09b9426b03971c0ce123,True,2000,869,369,500,42.5,11.34,22740.41,22,1788252267200,1788803172888,6.4,983.42,0.043,24233.687269,15,-6295.52,-26.0,True,False,False
0x543430315c1e05240407effc869f457a1418bf18,True,2000,1105,507,598,45.9,0.44,-4505.64,1,1785981884265,1786027299431,0.5,-863.51,0.192,0.003458,0,0.0,0.0,False,False,False
0x544cb21e752820c54f64b9a87851de78e8bb1308,True,1533,729,399,330,54.7,1.09,836.82,5,1773111253832,1780720209886,88.1,-481.23,0.575,0.0,0,0.0,,False,True,False
0x5467275696bd8e6bbcbb6f89c6ea1f9bc1fb6ab0,True,1891,824,585,239,71.0,4.51,72800.46,19,1781210111165,1785514710972,49.8,3951.04,0.054,0.0,0,0.0,,False,True,False
0x54819fd5648d742e3cb9dc563ee1604548ad94c6,True,2000,869,552,317,63.5,1.29,1531.48,45,1769781326064,1788566400005,217.4,-1109.7,0.725,0.0,0,0.0,,False,False,False
0x548910e503b5154d883929e5fcca997120ce6096,True,2000,867,647,220,74.6,5.47,186185.36,24,1784125583506,1788448025731,50.0,11140.01,0.06,58315.385437,1,5371.83,9.2,False,True,False
0x549e6dd8453ed87fccdcf4f8b37162b10edc0533,True,2000,1254,1211,43,96.6,6990.85,1338801.96,8,1778034225022,1788799943030,124.6,40178.99,0.03,0.0,0,0.0,,False,False,False
0x54c3da77658e3b03750f4b953d854159bcd2a944,True,1683,890,192,698,21.6,0.43,-22315.13,18,1756983171573,1781279699545,281.2,3142.85,0.141,0.0,0,0.0,,False,False,False
0x54d01364a7db38bc8879860100fd8a85907f3c3f,True,2000,900,638,262,70.9,0.18,-43769.11,13,1780704505722,1788150430182,86.2,-6951.69,0.159,0.0,0,0.0,,False,True,False
0x54debebf7613a2cc2bc7fcbf8024ca798ef5636c,True,1931,843,265,578,31.4,0.46,-13657.96,43,1707774271717,1788478903249,934.1,2587.87,0.189,0.0,0,0.0,,False,False,False
0x54e989ec6f3999162bc2fa2c1d9139f041a18343,True,726,307,226,81,73.6,4.42,23681.96,7,1772310784147,1776213279373,45.2,4305.06,0.182,0.0,0,0.0,,False,False,False
0x5514d3731b1f6bdeaa914a294ba5ed9ae2cd4ea2,True,2000,857,388,469,45.3,0.65,-4389.74,10,1781698028828,1782780790537,12.5,-1534.73,0.35,0.0,0,0.0,,False,False,False
0x5526c9be9ee968c31e6772e03d5b7c87e0b4c730,True,2000,1011,412,599,40.8,1.27,5887.87,9,1763551057777,1788504421730,288.8,3503.83,0.595,0.0,0,0.0,,False,True,False
0x553f458951c0cf43875a378568c8c7ab93ae091e,True,2000,872,707,165,81.1,8.3,66756.37,6,1784554512851,1788785541728,49.0,5242.15,0.079,18826.997094,1,1195.41,6.3,False,True,False
0x5559da6ec434c5723d0ce9c4da7f29e3f8a3d43b,True,2000,862,596,266,69.1,1.62,33205.68,4,1777296543383,1788750080489,132.6,10067.55,0.303,1713094.884394,4,-708491.68,-41.4,True,False,False
0x556b099c747542ae27b0c594872613e2d51144e1,True,1793,691,416,275,60.2,1.65,7249.88,28,1765180094104,1788807428591,273.5,3607.29,0.498,18.714953,1,1.49,8.0,False,True,False
0x557dd46ee1071247c71672aad915921222f4c3ce,True,2000,1048,647,401,61.7,1.01,10.37,8,1788720543134,1788807346046,1.0,-33.77,3.257,62940.497618,8,-695.02,-1.1,False,True,False
0x55993bcd4300205a9425f6fdf03a49230b040598,True,72,24,7,17,29.2,0.06,-7434.41,4,1776031212186,1781365131705,61.7,-2098.9,0.282,0.0,0,0.0,,False,True,False
0x55ab8c250add89a31cb3cebe4411840839edd751,True,2000,1194,11,1183,0.9,0.0,-88729.16,10,1781360846706,1788566400005,83.4,-3112.69,0.035,65397.130864,1,163715.76,250.3,False,True,False
0x55d1ccafa6a1378d8ec7206b9a2f237bbdc2b06b,True,811,405,146,259,36.0,1.12,745.13,5,1779970902131,1786368615534,74.0,605.18,0.812,0.0,0,0.0,,False,True,False
0x55e839e60fbfc30bce179ea6c815eaae75fb9159,True,23,5,2,3,40.0,0.16,-1610.96,4,1760536139100,1787153059385,308.1,-1086.04,0.674,17620.233164,1,3160.54,17.9,False,True,False
0x560513d818cf603e5b2fd37222342ac1cc824eb3,True,2000,866,498,368,57.5,0.64,-20101.49,11,1782192418254,1788428743116,72.2,-3090.28,0.154,22084.104345,1,-3909.16,-17.7,True,True,False
0x561d4fa168260fbb5bb6b0664c1c4a28fe5473c4,True,2000,961,306,655,31.8,0.57,-28058.01,6,1778550620297,1780702004522,24.9,10805.59,0.385,0.0,0,0.0,,False,True,False
0x563ef0c200c5798c64c34b9dc686d3116356d7ae,True,2000,959,553,406,57.7,1.04,563.92,18,1780546023798,1788773567663,95.2,2773.16,4.918,0.0,0,0.0,,False,False,False
0x565ecaba37af101ba170ea8c013dda06c30fae9c,True,2000,740,549,191,74.2,0.73,-32970.83,20,1755174902556,1788468154478,385.3,-16220.52,0.492,1148.450488,1,69.83,6.1,False,True,False
0x5675966015ff2e6269b323fda4359f9a3852b08b,True,2000,976,442,534,45.3,0.52,-30721.76,13,1785802521963,1786686931116,10.2,-6512.49,0.212,0.0,0,0.0,,False,True,False
0x568f06e47a9fdc9f63e2e701bfa9b8973f2c3a11,True,1717,692,276,416,39.9,0.4,-22996.6,1,1787410290476,1788779091226,15.8,-1892.41,0.082,26358.810216,1,5085.38,19.3,False,False,False
0x56a47c83ca43913ca96ea1d56c50e65c9928ff4e,True,422,225,209,16,92.9,99.39,43218.29,2,1759497446129,1779117598194,227.1,4562.25,0.106,0.0,0,0.0,,False,True,False
0x56c986ffb0962f85733d60552a67a1d4978525b1,True,2000,853,518,335,60.7,1.12,1496.72,34,1759067507660,1782708510295,273.6,-2007.42,1.341,0.0,0,0.0,,False,True,False
0x56dffebf07789e28eb71b8f40082a1819bb40d5b,True,607,237,106,131,44.7,0.44,-3976.4,1,1762889381640,1776791936743,160.9,-908.0,0.228,0.0,0,0.0,,False,True,False
0x56f582bf699802276acc5fa5720f6879d185a318,True,683,237,115,122,48.5,0.83,-234.03,43,1735684910514,1788793667854,614.7,-322.44,1.378,0.0,0,0.0,,False,True,False
0x57016f9feb899e850c94a7f1cca030226a1154a9,True,2000,846,189,657,22.3,1.04,484.67,12,1788287772482,1788739200041,5.2,1763.33,3.638,76224.71801,1,-1162.41,-1.5,False,False,False
0x570d7433062055ec1a2736d3636dbf476707bc03,True,2000,839,665,174,79.3,0.38,-36281.8,3,1782983110542,1788534664375,64.3,-7875.01,0.217,0.0,0,0.0,,False,True,False
0x5728bac94fc11ebd2108f6a908cb91ffcc963944,True,2000,965,572,393,59.3,0.9,-4230.8,3,1787361223896,1788756457868,16.1,3998.13,0.945,0.0,0,0.0,,False,True,False
0x57393fb918b5e4c64e0a7873937c84e0d64be38f,True,1333,564,362,202,64.2,0.68,-20972.94,3,1779333511038,1788770851224,109.2,-4760.27,0.227,110061.904086,3,-179201.15,-162.8,True,True,False
0x57558311e48f2de1667599dc8a74e1bb97dfe94e,True,2000,957,365,592,38.1,1.14,2237.4,4,1780783737907,1787817788863,81.4,1703.53,0.761,0.0,0,0.0,,False,False,False
0x576aa463d5c1e0e07d0e6697f6fe2b207b3a9a9e,True,2000,899,400,499,44.5,0.68,-2414.42,6,1783497252312,1788792128471,61.3,304.93,0.126,0.0,0,0.0,,False,True,False
0x577acd60f180802458a75188b74ed186087aa2b6,True,2000,532,262,270,49.2,0.27,-39571.55,15,1761167515666,1782322804541,244.9,-3849.0,0.097,0.0,0,0.0,,False,True,False
0x57966526aaa4087cfabc9e9a61fccbc9708b99c1,True,2000,910,359,551,39.5,2.66,25509.9,8,1783413729995,1788737684198,61.6,4239.33,0.166,9294.556162,1,-15805.29,-170.0,True,False,False
0x57a0f13538131fe631a3706cad48fd5a8a6410eb,True,2000,579,347,232,59.9,1.01,65.7,2,1784553822435,1784888692581,3.9,-1135.67,17.287,0.0,0,0.0,,False,False,False
0x57b3abae7e7392571396a4a91bc1ae35bbdd19d7,True,2000,1025,687,338,67.0,2.08,57959.65,47,1737664006558,1784440586071,541.4,-19370.8,0.334,0.0,0,0.0,,False,True,True
0x57c985bbfb80e90c48d35246a870ccaa44de8ac8,True,351,192,69,123,35.9,0.43,-2884.16,11,1773434333774,1787961600069,168.1,-725.23,0.251,0.0,0,0.0,,False,False,False
0x57d9f3e1f6f52df308aa136ed292be979248c0be,True,1763,877,306,571,34.9,3.76,32394.29,12,1778738148406,1779689115389,11.0,37231.29,1.149,0.0,0,0.0,,False,False,False
0x580110b7a70083ee2c32a421d35f911226b5c082,True,2000,868,301,567,34.7,0.71,-5128.76,53,1786338188341,1788795726258,28.4,-3147.36,0.614,27943.722572,14,41548.96,148.7,False,False,False
0x581c013a18f17f5ab09ad89debd16b84f72e46dd,True,2000,709,422,287,59.5,0.72,-4572.82,13,1784266139065,1788740312514,51.8,-2122.35,0.464,3468.664826,1,-472.27,-13.6,True,True,False
0x583bc1459ad20ff59aef8ee40fac9c6246c7803f,True,2000,1182,1156,26,97.8,16.1,8531.66,1,1788316110049,1788806502108,5.7,515.38,0.06,84460.295678,1,-2314.11,-2.7,False,True,False
0x58593680bdcc2d68a21bf2ec1813f06ff3303aa9,True,1264,578,279,299,48.3,0.48,-10134.59,26,1751512683672,1784897798762,386.4,-2674.51,0.264,0.0,0,0.0,,False,True,False
0x586f75b200248dec1dfb8b75da055dd8ecb5fdd1,True,2000,852,459,393,53.9,0.74,-5388.02,33,1765055927372,1788792337534,274.7,2831.0,0.525,0.0,0,0.0,,False,True,False
0x588190b3b3ce8260efdb6134bfa51caaa543e91d,True,2000,1137,555,582,48.8,18.94,18457.61,12,1774446853921,1788553654151,163.3,1917.05,0.104,0.0,0,0.0,,False,False,False
0x588773cff97e6d1973776d51e02ff6e2cb56051f,True,2000,783,213,570,27.2,0.41,-8362.56,8,1759605834464,1775886902651,188.4,-1219.35,0.146,0.0,0,0.0,,False,False,False
0x589b0d3b6d171e2e636dc3211ec9e18263a3fd34,True,2000,816,816,0,100.0,inf,10352.59,11,1787519943627,1788797795885,14.8,140.24,0.014,43003.108506,14,64322.93,149.6,False,True,False
0x58ade29f90ffbe16d4ea81766ab66cc1eb63fd23,True,2000,966,289,677,29.9,0.62,-2093.37,47,1780409407492,1785354613960,57.2,-235.03,0.112,0.0,0,0.0,,False,True,False
0x58c164c969ea2d2a3ba98f19e10d5fa4aaf916a0,True,2000,918,103,815,11.2,0.17,-26598.19,6,1787840270383,1788796102297,11.1,-8887.52,0.334,50697.247279,4,-400.96,-0.8,False,False,False
0x58d26aef082d597771e247d0004dc099fd5534be,True,1949,836,220,616,26.3,0.65,-7856.73,10,1771411412897,1785754870794,166.0,-1530.61,0.195,0.006073,0,0.0,0.0,False,True,False
0x58e5a4b324660a77a4d2cceca9e752469d25b6f4,True,2000,974,805,169,82.6,66.47,91117.21,1,1779114846568,1779542908567,5.0,8521.52,0.094,0.0,0,0.0,,False,True,False
0x58f7781c28e6c35a37e0a9577f94ebd797ba8d1c,True,2000,965,270,695,28.0,0.88,-781.71,12,1780882092397,1788534293594,88.6,-597.94,0.765,0.0,0,0.0,,False,True,False
0x590f7796c7573fafed2fcf50f3dbd9ef79fe51b1,True,2000,1062,434,628,40.9,0.85,-13458.24,5,1784629396198,1787879950032,37.6,-17147.0,1.274,32169.615907,1,1710.0,5.3,False,True,False
0x5922c2b5f1561c97efbb241d6ca0ecadf55c4cba,True,1716,844,448,396,53.1,1.06,2262.08,63,1750784124357,1788800386784,440.0,3202.65,1.416,1852.594341,5,172.0,9.3,False,True,False
0x594c83ae097ed68b3850499fd3dbf7ebc0a5ab46,True,2000,928,403,525,43.4,0.4,-26279.45,9,1777390276646,1783474536245,70.4,-5643.22,0.215,1689.645207,0,0.0,0.0,False,True,False
0x596dd434720415354727498476ddeee5ac89b3e7,True,2000,1418,566,852,39.9,0.12,-9672.51,35,1780077664974,1780474729936,4.6,-331.3,0.034,0.009478,0,0.0,0.0,False,False,False
0x5987e0b93342eb0f33438e5e85ee4436ab13749e,True,2000,1349,886,463,65.7,0.49,-20187.09,20,1771056440800,1788807448500,205.5,-2952.9,0.146,0.0,0,0.0,,False,True,False
0x59a7c37a6d4c9115607c5cb45d2a60d063b9b05e,True,599,258,133,125,51.6,1.11,1116.74,15,1778353512554,1783285171689,57.1,3576.89,3.203,0.0,0,0.0,,False,True,False
0x59c9bef894b75be5d965be8d30caf24a9e07d025,True,2000,1026,336,690,32.7,0.83,-3071.9,4,1767662572330,1787925905675,234.5,1280.82,0.417,0.0,0,0.0,,False,True,False
0x59efab565bf0f19d052bf588ede2b9d5af930804,True,105,56,11,45,19.6,0.02,-43752.85,5,1755985576969,1780702004522,286.1,-17414.01,0.398,0.0,0,0.0,,False,True,False
0x59febe496f083417d80a7c26b193094f0c718ffd,True,2000,1061,541,520,51.0,0.72,-3353.55,66,1783474688796,1788792497769,61.5,-571.4,0.17,948.156078,3,550.43,58.1,False,False,False
0x5a173642e34bc680ac3072c18e372a3f5d4c206f,True,2000,829,247,582,29.8,0.88,-1961.2,36,1761062073680,1788780983437,320.8,-1967.01,1.003,0.0,0,0.0,,False,False,False
0x5a2ebb0039011d6cc207cb84431e55f7abebd36f,True,2000,656,64,592,9.8,0.38,-9598.06,2,1778509268003,1787929939312,109.0,1411.75,0.147,0.0,0,0.0,,False,True,False
0x5a3c19c751c6bb217579432e351438bdf08fca59,True,2000,1189,937,252,78.8,1.59,35214.68,7,1771915383665,1788730900952,194.6,23315.94,0.662,135013.437635,1,-21459.8,-15.9,True,True,False
0x5a558786753494b24df1e07fa877a5c34a2a4c3f,True,1762,722,292,430,40.4,0.75,-9362.55,13,1762185290677,1788766959593,307.7,1669.2,0.178,243.927386,1,-0.92,-0.4,False,True,False
0x5a64d02322a660a2c24b006cd3c6eb554624d9de,True,2000,895,155,740,17.3,0.68,-1002.77,28,1776955397053,1788625875706,135.1,-734.19,0.732,0.0,0,0.0,,False,False,False
0x5a750001557da504e3ad0fa7244c0eb0e9b28258,True,2000,1107,798,309,72.1,3.98,24146.34,55,1785714809079,1788806844760,35.8,2574.62,0.107,19805.859652,3,1002.88,5.1,False,True,True
0x5a8aa549018aaa6dc711170385e31506c3ab0ddb,True,2000,824,464,360,56.3,0.68,-11381.2,28,1754770977458,1788449105082,389.8,-3809.12,0.335,0.0,0,0.0,,False,True,False
0x5a92e5923541a513a6197273ba4878ee2f66fa47,True,2000,466,415,51,89.1,0.9,-2672.77,1,1766590722462,1788488061134,253.4,-9368.23,3.505,14829.536389,1,-23006.49,-155.1,True,True,False
0x5a9d203e3d549b8baa8d1afd7f382134e17e83e1,True,346,173,28,145,16.2,0.56,-1654.38,8,1769941504954,1787384958221,201.9,-788.01,0.476,0.0,0,0.0,,False,False,False
0x5aa9b623265e70457b6d8fcb16884975df05fc6b,True,2000,730,45,685,6.2,0.02,-20950.91,2,1782512326357,1782631776399,1.4,-470.25,0.022,0.0,0,0.0,,False,False,False
0x5ab4c45896687bab14bbf73b78765e6dfac795ac,True,2000,1123,460,663,41.0,0.17,-227511.19,10,1786523287500,1788109058404,18.4,-20003.0,0.088,0.0,0,0.0,,False,True,False
0x5ac37964ebcbc68efb51497031ccc355a137dcc5,True,2000,818,655,163,80.1,2.09,95111.02,22,1752355969669,1788707292470,420.7,21950.09,0.231,36297.515276,2,1133.68,3.1,False,True,False
0x5ad725f5eebe9a75b3cc30007d1031ce9fdd154e,True,2000,1001,191,810,19.1,0.66,-2984.89,24,1784118823773,1788773234959,53.9,-681.41,0.228,0.0,0,0.0,,False,False,False
0x5ae334369e99e3f4136b57029e9c940251e810f7,True,2000,982,802,180,81.7,0.53,-2267.19,11,1788280782693,1788806123333,6.1,-753.2,0.332,6579.170678,0,0.0,0.0,False,False,False
0x5af25164a0f1207db70727a2c447d6a7b44b89d0,True,2000,966,947,19,98.0,159.88,18119.94,1,1787827004932,1788788709775,11.1,651.49,0.036,0.0,0,0.0,,False,False,False
0x5b12b8581504b117e768dda765ec9f25a9ddd122,True,2000,638,225,413,35.3,0.37,-2374.45,6,1784782603841,1785732564961,11.0,-924.41,0.389,0.0,0,0.0,,False,False,False
0x5b23559533bb197f2b79557aab5482358154ff80,True,2000,839,573,266,68.3,0.35,-71221.74,27,1785251186132,1788725132684,40.2,-14377.0,0.202,64428.903764,6,4837.27,7.5,False,True,False
0x5b34ff6b7a1dce7fb3e53355930dce2c70d1d5c6,True,1140,536,123,413,22.9,1.1,1764.07,7,1759531926448,1788194965173,331.7,6308.47,3.576,23655.467279,1,2382.82,10.1,False,True,True
0x5b5963f106c9afdf4dd32736d70d1c116f1164c0,True,2000,1077,407,670,37.8,0.96,-3182.5,3,1775330131868,1775958208107,7.3,8028.01,2.523,0.0,0,0.0,,False,True,False
0x5b6d236e39a4723a8f79db93cfd1af4d228f9c60,True,2000,1149,623,526,54.2,0.53,-184494.43,13,1787945954044,1788797195129,9.9,-25211.88,0.137,0.0,0,0.0,,False,True,False
0x5b7b1c79e01a55d405837297793dad4947dcd8fa,True,2000,1423,1107,316,77.8,0.64,-5991.21,2,1786714520733,1787630159090,10.6,-352.25,0.059,347871.877783,1,-40619.07,-11.7,True,False,False
0x5b8cd137021fb5784181403695a3036870ca5192,True,769,410,125,285,30.5,0.92,-1700.3,2,1783337621127,1786690638964,38.8,4310.2,2.535,0.0,0,0.0,,False,True,False
0x5bac31bdb800ee769583024dcc7562f0016c74e0,True,2000,853,455,398,53.3,1.24,3035.55,16,1780409327460,1783694040010,38.0,1319.84,0.435,0.0,0,0.0,,False,False,False
0x5bbbde8ad7c641b2aafb1283a712571b846cf507,True,1540,680,483,197,71.0,0.67,-24872.61,25,1753915280538,1787385964475,387.4,-14758.67,0.593,150862.593829,3,-40792.56,-27.0,True,True,False
0x5bcbbb10358ddb623593e51f499568ea54c2aeed,True,2000,982,558,424,56.8,1.02,416.13,1,1788442761798,1788808419415,4.2,783.4,1.883,8770.356343,1,-219.77,-2.5,False,True,False
0x5be9439f88400dca5bcbb1dbbaa1dd59d786f228,True,457,165,82,83,49.7,1.89,4830.32,9,1763982794972,1781199179812,199.3,1399.06,0.29,0.0,0,0.0,,False,True,False
0x5c0796ed4f0b1de9f9eda9fd6fe29562b2a60296,True,2000,875,399,476,45.6,0.95,-3986.51,28,1754047355144,1788719753288,401.3,8143.33,2.043,54508.36743,2,29905.66,54.9,False,False,False
0x5c179dd8c6b65f061005edb00cff54d8721ed2a6,True,1267,539,340,199,63.1,1.66,2079.68,50,1782006358783,1788625845638,76.6,382.42,0.184,1705.684421,11,-146.33,-8.6,True,True,False
0x5c26dfc723e7a1da7b6c3bd5cbd72716d09425c2,True,2000,1260,247,1013,19.6,0.26,-111261.74,9,1788290358160,1788712519850,4.9,-22555.06,0.203,0.0,0,0.0,,False,True,False
0x5c4291090bc3c8d235a2d81eab62aff2dc1a7a4f,True,401,207,90,117,43.5,0.75,-2624.71,7,1752249074419,1788299420160,417.2,-960.67,0.366,0.0,0,0.0,,False,True,False
0x5c563a17ee800c88746795e39f2a26a72406b7a1,True,2000,895,545,350,60.9,0.69,-7765.44,67,1778231380631,1787592891829,108.4,6728.03,0.866,0.0,0,0.0,,False,True,False
0x5c6e46db4d2a2489b9a0c42cc7c2c49a04a71038,True,1081,531,190,341,35.8,0.39,-5072.71,10,1759488806962,1788793376931,339.2,-268.19,0.053,1996.765987,1,-307.63,-15.4,True,True,False
0x5c8f912b480ac7439cc03e52752f1e3cd211cbcb,True,2000,1062,480,582,45.2,0.59,-481.97,12,1780717794374,1783040489034,26.9,59.1,0.123,0.0,0,0.0,,False,True,False
0x5ca0b64b7f4b11d6fecccc00fe7d3e307f98dcb5,True,480,212,156,56,73.6,1.25,1562.7,8,1763748001240,1787228940782,271.8,876.6,0.561,3789.944454,1,233.77,6.2,False,True,False
0x5cb20485ede692b76ad1f12ee70d089437b99de8,True,1430,541,433,108,80.0,8.05,327599.25,11,1758178001034,1781714123485,272.4,18134.84,0.055,153271.27245,2,-41736.79,-27.2,True,True,False
0x5cc4480f8498e2ed639ab405d5753a3fb3dbc221,True,2000,919,825,94,89.8,20.29,26633.19,5,1783607636073,1788447359180,56.0,1096.82,0.041,198072.716858,1,-59664.8,-30.1,True,True,False
0x5cd2e245688d5fc667883f3d20c2758f46d17438,True,1609,817,546,271,66.8,0.63,-40187.73,30,1732986761140,1780897048709,554.5,-11227.27,0.279,0.0,0,0.0,,False,True,False
0x5cec447933673003d82e217b5255c9b8b870c673,True,2000,633,569,64,89.9,3.11,43744.93,8,1781785948826,1788799145998,81.2,-9466.99,0.216,5584.878855,1,-2042.02,-36.6,True,True,False
0x5d0bde4017530ed43370e332a5d30194941f73c6,True,2000,1004,786,218,78.3,2.47,89297.67,3,1784824746332,1788796620313,46.0,21749.23,0.244,439564.903667,3,85636.27,19.5,False,True,False
0x5d1e1facc44e8f5013cf34845eef86e50f8dace3,True,2000,1162,815,347,70.1,1.61,876.91,31,1788153902637,1788808245358,7.6,-76.6,0.087,9942.252374,5,43.8,0.4,False,True,False
0x5d44c0b05ab1874d7289c4fb6a86b884db4cdc09,True,1615,924,323,601,35.0,0.59,-2973.16,4,1773709662311,1777618640493,45.2,-463.01,0.156,0.0,0,0.0,,False,True,False
0x5d6222e38fcf2a0282f84fc3fe4d0e7e697a139b,True,2000,1034,258,776,25.0,0.83,-2058.49,16,1779894204251,1782950400074,35.4,2523.34,1.226,0.0,0,0.0,,False,False,False
0x5d805ae896a07940fb8393e2d9e6a19061089a89,True,2000,872,196,676,22.5,0.69,-40786.5,21,1753368332353,1783344473634,346.9,-10458.92,0.256,0.0,0,0.0,,False,False,False
0x5d8f65942e5ace94c2f3c119970d502fcc6e7927,True,2000,976,623,353,63.8,0.83,-9049.44,15,1782444076156,1786492800012,46.9,-4988.91,0.551,0.0,0,0.0,,False,False,False
0x5d9d19a3e5005225f13780fa10c198f87816670d,True,2000,1040,780,260,75.0,11.88,85971.78,7,1785418997696,1786811724258,16.1,3778.21,0.044,0.0,0,0.0,,False,False,False
0x5db201ae15f9702f0a0ff9f00b8c1c18355373d0,True,2000,1014,814,200,80.3,3.2,143113.09,53,1768884552199,1781481600049,145.8,-8156.19,0.057,0.0,0,0.0,,False,False,False
0x5dca248ef34c23e566a6dc6777a200805bb4ccdb,True,2000,1052,211,841,20.1,0.18,-11566.41,5,1781954171060,1787489309218,64.1,-631.85,0.055,0.0,0,0.0,,False,False,False
0x5deba6cc9ee5796e8769effb30155b1c62021613,True,2000,869,197,672,22.7,0.24,-34958.02,31,1774138087179,1782433930638,96.0,-2611.72,0.075,0.0,0,0.0,,False,True,False
0x5df655967d9599d814d41669048e872f3929d4a8,True,2000,1391,791,600,56.9,3.37,35979.54,11,1781659711386,1788691551652,81.4,5641.71,0.157,20516.319056,1,-16433.29,-80.1,True,False,False
0x5e03f95324d4c49b6b35c35e8a979708489b4c38,True,2000,826,394,432,47.7,0.92,-2960.87,17,1772781847064,1785477946984,146.9,6565.5,2.217,0.0,0,0.0,,False,False,False
0x5e17f2a3a7338be7f0379b7a7ee799281a66311b,True,329,151,16,135,10.6,0.0,-77636.74,3,1783086146111,1783297530807,2.4,-6778.1,0.087,0.0,0,0.0,,False,True,False
0x5e3d62837069ceb0c75bd5243eee26fd0760dfb1,True,2000,780,321,459,41.2,0.6,-1631.01,16,1772804818660,1775466967295,30.8,-674.56,0.414,0.0,0,0.0,,False,False,False
0x5e4ff161bc92cabca5065336d2553d4ca67f24c8,True,2000,1029,592,437,57.5,1.94,6768.24,15,1785883041523,1787183175339,15.0,1144.58,0.169,0.0,0,0.0,,False,False,False
0x5e65b21cb3373379eedc071e019a18a7fe2f210b,True,2000,1038,478,560,46.1,0.84,-2109.03,29,1780647179789,1784221573209,41.4,-1546.81,0.733,0.0,0,0.0,,False,True,False
0x5e77b3373317f6185d5025ba876decc56f5cda5d,True,100,67,53,14,79.1,0.58,-10861.54,1,1780590626859,1788462496968,91.1,-12854.34,1.183,17246.557106,1,-2755.36,-16.0,True,True,False
0x5e96b3f0fd8234a0ca02c92a1afd7a6f495684c6,True,2000,1086,678,408,62.4,0.52,-21642.93,9,1778496851025,1781529561752,35.1,-4499.4,0.208,0.0,0,0.0,,False,True,False
0x5eaa75a8e885b735ad6fe21bdc0300698d59f0b8,True,2000,998,310,688,31.1,0.49,-16203.99,28,1766279136788,1787231676075,242.5,-2470.75,0.152,0.0,0,0.0,,False,True,False
0x5ebb9ba906c8c49834102f44538b0f8d0cbf7394,True,183,130,32,98,24.6,0.24,-5572.99,30,1762331386419,1787375409022,289.9,-1269.05,0.228,11767.179955,2,3686.82,31.3,False,False,False
0x5ecb2831f504bfddb6ce38272f46145205a78c7a,True,2000,1076,384,692,35.7,1.61,23009.33,30,1767405554062,1788742841807,247.0,3747.93,0.163,0.0,0,0.0,,False,False,False
0x5edb625a05e1e602ce4576533e717fdf1cbb385b,True,2000,1065,577,488,54.2,1.55,8367.97,12,1777549976914,1788772359914,129.9,-820.73,0.098,2495.034613,10,1452.83,58.2,False,False,False
0x5ef14a5010815e63f75e4827be4da983e18e4669,True,1107,718,628,90,87.5,0.99,-461.64,14,1760172901005,1786457247723,304.2,-17140.03,37.129,40950.842117,6,-150194.63,-366.8,True,True,False
0x5f0b91e164d119dc192842346c1b886e564df131,True,2000,1080,472,608,43.7,0.37,-18307.26,2,1781579017793,1781839991654,3.0,-1617.77,0.088,0.0,0,0.0,,False,False,False
0x5f1a744a42b1238ff10a0ad68f25b376328b979a,True,59,49,48,1,98.0,39.12,3117.71,6,1772783340765,1788167688115,178.1,516.82,0.166,0.0,0,0.0,,False,True,False
0x5f37857956b460c04de88064f1372051d870a654,True,2000,1154,658,496,57.0,1.05,414.56,38,1745870156645,1788701998004,495.7,-1861.28,4.49,0.0,0,0.0,,False,True,False
0x5f4a737b3e7684907f0f689ed1dd068cdbeb169a,True,2000,967,664,303,68.7,0.89,-2728.88,19,1780409781566,1788779988998,96.9,-2078.32,0.762,5129.276663,1,-15463.08,-301.5,True,True,False
0x5f640d6033baf6c0f85e3cd51c215e5fe1bc15ee,True,1813,959,364,595,38.0,0.67,-9882.43,18,1756851870049,1788656583330,368.1,1107.05,0.112,178.356144,1,81.63,45.8,False,True,False
0x5f7b0664376fdc28b0aae7b31bf7dc84fd670dc5,True,1901,866,657,209,75.9,1.68,17896.03,15,1781617648920,1788698809106,82.0,-7706.99,0.431,24281.493959,1,-5633.2,-23.2,True,True,False
0x5f8c1ae42bdfc4c534f664672b39d69831d878b0,True,1011,526,263,263,50.0,0.94,-368.03,15,1782435394471,1784562322608,24.6,-959.56,2.607,0.0,0,0.0,,False,True,False
0x5fa275ba9f04bdc906084478dbf41cbe29388c5d,True,2000,714,503,211,70.4,0.57,-19113.1,49,1701359004301,1788446945956,1008.0,-3565.63,0.187,0.0,0,0.0,,False,True,False
0x5fb4efc3db51f0a34dadda1bb7ec87728d43d71f,True,1597,985,202,783,20.5,0.58,-33937.1,3,1774552703953,1774968712916,4.8,-4260.94,0.126,0.0,0,0.0,,False,False,False
0x5fca80bf90bdbb75ab4b209ed6272a1ba69fa71c,True,79,37,11,26,29.7,6.34,9701.96,1,1776641766415,1788346700704,135.5,2764.24,0.285,29250.752693,1,-19566.96,-66.9,True,False,False
0x5fe8dabf3f0cc332f13962b4a68d5cc285a45c0e,True,2000,966,264,702,27.3,0.51,-7607.09,55,1762346649267,1787700429076,293.4,-3999.97,0.526,0.0,0,0.0,,False,False,False
0x5ff8347caac325a6063924288975a13b26f690a9,True,2000,1061,517,544,48.7,0.96,-813.35,32,1760875891931,1783811024789,265.5,3102.93,3.815,0.0,0,0.0,,False,True,False
0x600232a4dc68749aa56b0dd5703f7d9ffa8d0c3a,True,2000,995,436,559,43.8,0.4,-7819.39,15,1769519939636,1787177202225,204.4,-2414.66,0.309,0.0,0,0.0,,False,False,False
0x60289ad360193c9aa557a7f66409ff4cc4126692,True,452,270,165,105,61.1,0.61,-4568.02,6,1775780840367,1784682646996,103.0,549.94,0.12,0.0,0,0.0,,False,False,False
0x60468ba27448f88b19f52ed02f1a8c52f7a0b21d,True,2000,687,0,687,0.0,0.0,-791289.32,1,1787637310735,1787881715128,2.8,-36491.62,0.046,5284925.832849,1,-677717.23,-12.8,True,False,False
0x605c798328202c6f0b71e02a48bd1381df2a34f7,True,900,272,113,159,41.5,0.56,-2891.39,6,1770004462764,1782573845112,145.5,-1218.07,0.421,0.0,0,0.0,,False,True,False
0x607a5b41a016aa8338da56ac81f96db4c46bffee,True,2000,1054,754,300,71.5,1.21,884.47,17,1758147097002,1787816189534,343.4,-1638.15,1.852,0.0,0,0.0,,False,False,False
0x608cc942e334ef1a7fe80a6dbd4a270e82edf04e,True,2000,945,625,320,66.1,2.13,12126.22,21,1772385456545,1788075708774,181.6,1156.77,0.095,0.0,0,0.0,,False,True,False
0x60a8c761f39696b3b419f31dcda20b405cb685f6,True,2000,2000,1107,893,55.4,0.77,-3598.78,1,1788445352088,1788516404272,0.8,-68.56,0.019,131.38899,2,264.13,201.0,False,False,False
0x60c01855d40c0a0c06f1519e80fa71b2f8bc01d0,True,2000,1358,1358,0,100.0,inf,419991.56,1,1787247117403,1788480000030,14.3,16819.7,0.04,0.0,0,0.0,,False,False,False
0x60cd43b2b5246ab417dd351a0f3c12a60c02a6c8,True,453,215,111,104,51.6,2.82,1714.81,4,1767716253372,1787465485807,228.6,995.94,0.581,0.0,0,0.0,,False,True,False
0x60d97552d8f7982922d18d0f2a8fbd9d5b0e2c28,True,2000,1101,710,391,64.5,2.45,18877.41,17,1787666883189,1788795163768,13.1,4104.71,0.217,43240.226891,2,10886.66,25.2,False,False,False
0x60f6f0d7f2a1f2f036bd9fe33788408ecccccd50,True,758,341,289,52,84.8,0.44,-6328.52,15,1742365280104,1788717958021,536.5,-4844.4,0.765,1507.646859,1,-169.91,-11.3,True,True,False
0x610aec3851d7688c4c8aef3a6173f667e8beef73,True,2000,842,396,446,47.0,0.44,-59644.15,3,1777889553729,1780262774607,27.5,-4629.9,0.078,0.0,0,0.0,,False,True,False
0x61191cd3314332a6d8ecbad7a68691126144abe4,True,2000,841,486,355,57.8,0.36,-17273.91,32,1787106492948,1788708604521,18.5,-4432.87,0.257,0.0,0,0.0,,False,True,False
0x6134d394ecb8c488bb092fc631ec85d56e4b9fb0,True,2000,1026,526,500,51.3,0.61,-5652.18,7,1782421572804,1788755262001,73.3,-509.97,0.09,127.681613,1,-10.87,-8.5,True,True,False
0x61457e63579c14d48dcde6fe6e519d0286c6fbeb,True,2000,998,480,518,48.1,0.83,-4147.67,32,1778976019413,1788100212835,105.6,-2823.64,0.681,115.769859,1,69.71,60.2,False,True,False
0x61549534dec101179983169644d7929a3d706c97,True,2000,1273,972,301,76.4,0.69,-20002.02,4,1764178952996,1774917956986,124.3,-7001.25,0.35,7265.390939,0,0.0,0.0,False,True,False
0x616d43c28a376d835d336383fd9423090651dbd6,True,1017,400,259,141,64.8,6.53,91721.12,14,1753495975665,1787329777714,391.6,8136.82,0.089,27977.693803,3,-59924.28,-214.2,True,True,True
0x61825b003dfdfd9909a71613cc8cd02559d29c13,True,660,351,311,40,88.6,2.11,8052.73,6,1787276128334,1788661399252,16.0,-1365.37,0.17,0.0,0,0.0,,False,False,False
0x61a7953956371c77df3fc3e2d755f43f86c679fe,True,1065,541,375,166,69.3,4.08,84137.54,5,1777944036407,1788360646000,120.6,6692.03,0.08,0.0,0,0.0,,False,False,False
0x61c2b580e15556c4464ec5e8b5ec1f499a3735e7,True,1409,708,276,432,39.0,0.66,-4504.92,3,1783499624888,1784553644251,12.2,-786.0,0.174,0.0,0,0.0,,False,False,False
0x61d897b1246fd61076914b619310707dc0be790e,True,2000,271,78,193,28.8,0.43,-10735.97,12,1771881540980,1788440962268,191.7,2305.56,0.215,0.0,0,0.0,,False,False,False
0x61f2943fcdb51ff2429e92919e23a8d330907bfe,True,107,49,21,28,42.9,3.03,513.82,4,1774869964902,1776124800020,14.5,351.46,0.684,0.00687,0,0.0,0.0,False,False,False
0x6205c2d8482bec5fae564db967f9636d7529454a,True,277,79,6,73,7.6,0.02,-111100.45,3,1786805184676,1788446494815,19.0,-22374.81,0.201,220729.063279,1,3465.98,1.6,False,False,False
0x622b315c0a6b308649a5ef9245b0b145627278be,True,789,445,243,202,54.6,1.44,2064.7,6,1787656859849,1788390252916,8.5,628.53,0.304,0.0,0,0.0,,False,True,False
0x623ef33fc8193dd8a946255d0c2316fbedf1ad57,True,2000,900,515,385,57.2,6.62,46677.64,20,1784509916621,1788794896291,49.6,1902.3,0.041,0.0,0,0.0,,False,False,False
0x625a341283aa40c3e2ddc13921ab1850013f23a6,True,2000,1763,732,1031,41.5,1.71,14035.55,21,1780176825557,1782000000047,21.1,3659.64,0.261,0.0,0,0.0,,False,True,False
0x627e3107f19f0d14b82b376b34b778b44248e06d,True,1002,504,396,108,78.6,9.14,22215.7,9,1780641785965,1782010684270,15.8,933.58,0.042,0.0,0,0.0,,False,False,False
0x629727e39b3cf13b7782739b404a71aaa4bc5be6,True,2000,854,258,596,30.2,1.58,27555.02,22,1783431196587,1788801734983,62.2,-7477.09,0.271,36366.07018,2,19967.84,54.9,False,True,False
0x62b3d96b7e89ea1a35387c7250feb2944ee5445f,True,2000,925,364,561,39.4,0.84,-1793.12,16,1780725799733,1788744074450,92.8,-1068.2,0.596,0.0,0,0.0,,False,False,False
0x62d3c0a7c6dcd76714d19642612c73e530f6a380,True,2000,875,329,546,37.6,1.02,600.97,27,1778835240996,1788804269586,115.4,4493.61,7.477,0.0,0,0.0,,False,False,False
0x62e29d1d385d78e3b6918e9acabbca96d31f88d9,True,2000,1032,361,671,35.0,1.69,13524.65,4,1781198965340,1781906289714,8.2,2882.66,0.213,0.0,0,0.0,,False,False,False
0x63055eaeb6f1cb493657735b100d36a32fec6758,True,2000,828,584,244,70.5,0.54,-16044.96,23,1752620722583,1774190649735,249.7,-4874.92,0.304,0.0,0,0.0,,False,True,False
0x631cfa4a1add1e7f017c73b1317e7cbc9eb2fbd3,True,2000,910,405,505,44.5,2.16,6039.12,17,1770858226547,1788356213067,202.5,1462.64,0.242,24361.2,0,0.0,0.0,False,False,False
0x633ee4395e721eef82acbf587bb5b93876ec57b5,True,2000,1068,323,745,30.2,0.09,-188009.45,10,1771808497296,1785489494532,158.3,-6990.97,0.037,0.0,0,0.0,,False,True,False
0x63555793415426ede4c8bafe656dfacdd7172b4d,True,679,239,186,53,77.8,9.78,51155.64,8,1776174354489,1788525165213,142.9,8541.84,0.167,0.0,0,0.0,,False,False,False
0x6367a818adadbc487bae9313721a46297bdb27ee,True,2000,954,559,395,58.6,1.2,3409.54,57,1770014200622,1788804924889,217.5,-2892.05,0.848,4088.918543,25,1328.44,32.5,False,True,False
0x637fed24d31822d36a74fd9e35fa5b9f05820ef0,True,2000,1023,245,778,23.9,0.42,-19721.56,42,1761664353210,1788117235863,306.2,-2968.71,0.151,0.0,0,0.0,,False,True,False
0x6395b620a7f3d6a2728c155c7b6c0757ba525342,True,2000,990,787,203,79.5,1.49,13346.72,2,1784610970274,1788714531010,47.5,-2164.91,0.162,0.0,0,0.0,,False,False,False
0x63aa03e94c162661bf827387a1f75b41bbd97583,True,522,265,37,228,14.0,0.07,-5982.36,6,1769988469260,1777325239458,84.9,-647.49,0.108,0.0,0,0.0,,False,False,False
0x63c48cfd23e94624c48740f6323796105ba1fc43,True,2000,1085,949,136,87.5,45.02,2866.4,3,1785939841315,1788541867109,30.1,148.01,0.052,617.288217,1,1.46,0.2,False,True,False
0x63d4d2d16f935b3c290d72b8989a2efebd49d5bb,True,912,569,500,69,87.9,18.08,78275.13,5,1786761092038,1787710608093,11.0,19459.98,0.249,0.0,0,0.0,,False,True,False
0x63eb8274041f34dce4ecee439f371dbb04de09c5,True,2000,1042,491,551,47.1,0.95,-761.93,10,1782318270824,1784242575989,22.3,-1240.22,1.628,0.0,0,0.0,,False,True,False
0x6404e6c027af3ac922a49c411a6322508389eda1,True,2000,1080,1017,63,94.2,1.35,2939.5,1,1782869672057,1786378959111,40.6,-3469.6,1.18,0.0,0,0.0,,False,True,False
0x641b2a1e18d0d34a757ecfeab4838b934ea33c88,True,93,35,4,31,11.4,1.98,1893.46,3,1774611962859,1775587138365,11.3,1995.58,1.054,0.0,0,0.0,,False,False,False
0x643430283b19fa5bd70a1138b495c2b43523cdd5,True,2000,1130,472,658,41.8,0.8,-44994.25,24,1786131999204,1788802980305,30.9,5036.5,0.112,393234.97096,10,-142705.07,-36.3,True,False,False
0x644be8a25be30a21e2dffeae4fc43937fbcf3efd,True,2000,1246,313,933,25.1,0.49,-153075.96,13,1749762279561,1788671600265,450.3,-60776.65,0.397,303543.32875,1,6301.91,2.1,False,False,False
0x64646ff8d247b9a8fb816accc7b8c7e917cfeb64,True,2000,656,337,319,51.4,1.23,15496.42,59,1777775227753,1788202384001,120.7,24724.26,1.595,0.0,0,0.0,,False,True,False
0x6470cb2430d777d72d0c27524771de47ad1d1d1a,True,580,308,87,221,28.2,1.31,19199.6,10,1732361928303,1780285156136,554.7,6169.38,0.321,0.0,0,0.0,,False,False,False
0x6481d30058eb3dbff8d6cbfa5e0842b6c8d360e6,True,2000,1037,677,360,65.3,1.25,8654.27,4,1781655529633,1788528843484,79.6,-3521.47,0.407,10959.876841,1,2292.86,20.9,False,False,False
0x6499ac35e92a4c2d122bf2d1e0054850c9471d3e,True,1510,627,537,90,85.6,3.81,13548.46,18,1778255674348,1786816501323,99.1,6714.0,0.496,0.0,0,0.0,,False,True,False
0x64abb832240ff59167f4c336e807c314af3f2a75,True,2000,928,463,465,49.9,1.98,75128.57,25,1754743523198,1786060741780,362.5,56562.66,0.753,593.56488,0,0.0,0.0,False,True,True
0x64bddab5f13a99576fca6747f0aa205422c5f708,True,2000,1002,281,721,28.0,0.5,-114623.38,21,1782021870006,1788454184844,74.4,17436.37,0.152,85877.363185,1,27943.49,32.5,False,True,False
0x64de9b44d8b819311551964d8be526ecc832266b,True,435,229,114,115,49.8,0.84,-23225.96,4,1773007100933,1781815689000,102.0,29950.2,1.29,0.0,0,0.0,,False,False,False
0x64e8f7ca00aefb099b50e7c7412f63521bdb7f61,True,2000,1030,341,689,33.1,0.48,-16937.12,20,1779992462058,1788293372225,96.1,-2104.06,0.124,0.0,0,0.0,,False,False,False
0x650e68e43d1db4e0f35360e155181dd488f78940,True,453,162,107,55,66.0,1.15,264.64,10,1768886592979,1788807691064,230.6,-476.06,1.799,26.477943,2,0.62,2.3,False,True,False
0x652dc6ace9ff85be9e234c525e0265db6204bb32,True,1259,623,273,350,43.8,1.03,253.53,14,1760631425214,1788801713375,326.0,-1320.2,5.207,1811.151793,2,145.8,8.0,False,False,False
0x6540eb7e42e992982fbeeec7aa080a87cf67274b,True,522,161,71,90,44.1,1.14,4235.29,12,1747316433617,1787760388258,468.1,11127.14,2.627,22289.636371,2,-26531.09,-119.0,True,True,True
0x65542eb1328b8038d49348e00427b4d405371cdf,True,1746,763,223,540,29.2,0.5,-5907.79,13,1764501366339,1787927771141,271.1,-572.72,0.097,11296.125729,0,0.0,0.0,False,False,False
0x655f6ec52a0f4f098bfb654dade821421bcd34a7,True,213,88,36,52,40.9,1.66,2145.5,3,1760603661881,1782738358523,256.2,956.76,0.446,0.0,0,0.0,,False,True,False
0x657950bae8b1824aaac8aff24e2ca1de799ab87d,True,2000,1040,485,555,46.6,1.19,14002.02,1,1781544369669,1788766397944,83.6,-15241.85,1.089,0.0,0,0.0,,False,True,False
0x658c9097b1766acd6dadbaf7088c1b418a3c51ab,True,2000,962,493,469,51.2,1.92,24275.52,34,1761231662764,1788754190136,318.5,-5362.58,0.221,5961.076043,2,-2312.12,-38.8,True,False,False
0x65ae0ed283fa71fd0d22f13512d7e0bd9e54c14a,True,272,173,42,131,24.3,0.13,-5922.55,5,1733846366142,1775236722878,479.1,-171.9,0.029,3.3e-05,0,0.0,0.0,False,False,False
0x65c24b69d355def53a21616f2f56b1d11a1ea19c,True,2000,1096,625,471,57.0,0.88,-7718.86,34,1732996813005,1787522291895,631.1,-10180.12,1.319,91004.366833,3,31727.99,34.9,False,True,False
0x65d4a4b4b501478c3719453d28c9986094c5a444,True,2000,1124,843,281,75.0,0.9,-3091.91,38,1779575766763,1788698228175,105.6,-6238.65,2.018,0.0,0,0.0,,False,True,False
0x65ec617d593e87a20f9482f6f4a8bcfcfae2d81f,True,815,376,141,235,37.5,3.78,18261.07,18,1748929821067,1783566729610,400.9,8509.03,0.466,0.0,0,0.0,,False,True,False
0x65f9635631d77b3794509e992dd2cd3413c03812,True,2000,1004,548,456,54.6,1.87,8165.35,31,1782264938696,1788690582063,74.4,2954.9,0.362,16208.269993,1,-354.8,-2.2,False,True,False
0x660d83a1c96a6804ec73c57cee2bbc30474a8094,True,2000,985,224,761,22.7,1.67,18853.68,16,1784251648348,1787845399170,41.6,14398.47,0.764,132580.425904,1,116115.02,87.6,False,False,False
0x66235006d02297e6e4309e030b294e05d03245de,True,75,38,13,25,34.2,0.34,-7.16,10,1773561790735,1774618527436,12.2,-7.98,1.115,491.429016,0,0.0,0.0,False,True,False
0x66339a4c857997b2cb3a1139cc37f68fbdf9a795,True,2000,1225,688,537,56.2,0.8,-18374.8,8,1777623351566,1788670576702,127.9,-5515.4,0.3,36548.727116,7,-9115.07,-24.9,True,False,False
0x66466428990e0f42a4c54f64bee0db6bf2336de5,True,2000,963,963,0,100.0,inf,3976620.72,4,1783078124784,1787474186962,50.9,290262.72,0.073,2763958.639023,3,6475266.32,234.3,False,True,False
0x6660df2c57702fa8fe4736871a25538b0f53d76a,True,2000,948,672,276,70.9,3.65,18380.23,38,1786963289885,1788702071301,20.1,3471.05,0.189,66905.886815,38,22305.34,33.3,False,False,False
0x66765000d68caef0503355ae891a563027c9cfc1,True,2000,719,375,344,52.2,0.88,-915.76,4,1783812370086,1788508824239,54.4,-802.84,0.877,0.0,0,0.0,,False,False,False
0x668cec05549105e5b05bcc779a43186735d7ea2e,True,2000,499,358,141,71.7,43.05,178729.39,8,1787743144908,1788790757470,12.1,35538.72,0.199,268666.612534,5,82772.75,30.8,False,True,False
0x669d24a6cbe89d6aca157d6a8d578475e81b8817,True,2000,1015,412,603,40.6,0.3,-12143.21,65,1788710969444,1788809347994,1.1,-352.84,0.029,401840.239628,120,-23209.13,-5.8,True,True,False
0x66aeb9c37aa41339408595af21a862c0bad0329a,True,2000,856,492,364,57.5,0.49,-35808.68,8,1778582550507,1781623992630,35.2,-10577.1,0.295,0.0,0,0.0,,False,True,False
0x66c105db80900b1a6290a7213d2184bdb7714fdc,True,1048,539,142,397,26.3,0.57,-5545.24,1,1783392648724,1788795537076,62.5,-642.92,0.116,19.519131,1,-2.88,-14.8,True,False,False
0x66d3974f5f5628422479ac415b4424131b2626d0,True,2000,1023,593,430,58.0,2.09,1102.1,14,1787180123692,1787185548005,0.1,596.98,0.542,0.002087,0,0.0,0.0,False,True,False
0x66f463866512fc337c89bad2032acbe38ee38836,True,2000,9,4,5,44.4,70.62,4098.29,3,1787066545109,1787139281294,0.8,3698.44,0.902,0.0,0,0.0,,False,True,False
0x6707013459fa40ab655710bb08690693d539b113,True,2000,878,543,335,61.8,0.83,-740.62,7,1779611391924,1788807696992,106.4,-1808.14,2.441,13888.54704,1,-733.45,-5.3,True,True,False
0x671dd102d1b9adfd54fd365769afc37705a3ce68,True,2000,1138,551,587,48.4,0.13,-278613.97,21,1775101349125,1787853946678,147.6,-9781.03,0.035,0.0,0,0.0,,False,True,False
0x6738b0b9a9c8d0f2a0584d1c780a2d24432b18e6,True,2000,1086,979,107,90.1,0.52,-9276.02,60,1749656931502,1778164139537,329.9,-2989.83,0.322,0.0,0,0.0,,False,True,False
0x675462411d40a169c3397ac1dc00786dc9c7d3a1,True,2000,366,178,188,48.6,1.45,34749.33,11,1783510492324,1788721912778,60.3,10323.75,0.297,213305.229917,9,-22830.34,-10.7,True,True,False
0x67681de1cb0577ada77abfcd6b0976c86606c454,True,475,156,55,101,35.3,1.36,6799.92,6,1782670251565,1788724668149,70.1,6732.43,0.99,21877.807897,4,-763.58,-3.5,False,False,False
0x677cf3b2e19b52a016d042113107e2bf2e55a3f1,True,2000,755,208,547,27.5,1.47,228.62,36,1782739942995,1788783299010,69.9,38.27,0.167,0.0,0,0.0,,False,False,False
0x67a02f3d51d1ec8fb0ef1ebbccf0557e2a24b95e,True,182,64,59,5,92.2,39.32,7655.74,6,1731557305244,1788696696885,661.3,3100.6,0.405,4955.410526,1,-255.44,-5.2,True,False,False
0x67b96f93080dcca852531665dd2a3a537ff4c9d4,True,2000,1097,387,710,35.3,1.02,544.51,7,1785867280679,1787666732707,20.8,1305.23,2.397,0.0,0,0.0,,False,True,False
0x67ce5f314cdcdb6459e27ed235f54fdcb3271d70,True,2000,1392,397,995,28.5,0.53,-99244.73,1,1781711604777,1781885526541,2.0,-18701.19,0.188,0.0,0,0.0,,False,True,False
0x67efdafb57b7c490fdd99948a6a8910d87d3d6d6,True,1701,908,440,468,48.5,1.02,1501.13,13,1766421708168,1788371748443,254.1,-7117.4,4.741,1984.276008,1,-1369.44,-69.0,True,False,False
0x68010ed842ae48c4100a5fbb1c951f2789d42b5a,True,2000,1177,489,688,41.5,0.69,-5665.62,2,1779991418505,1788753642487,101.4,914.73,0.161,36886.827438,1,59857.63,162.3,False,True,False
0x680ba10f25ce5f39031db787fcd533ea7d2ecda9,True,1671,751,312,439,41.5,1.06,2290.6,36,1761494018962,1788769144961,315.7,3851.35,1.681,4591.458995,2,11980.09,260.9,False,False,False
0x6825acfd48bf035c20bb231aaa184d1815fce31f,True,1286,640,316,324,49.4,1.59,12654.07,9,1779907781769,1788711118193,101.9,-5969.87,0.472,0.0,0,0.0,,False,False,False
0x684288a0d397f99596444ba27a7e38c34d9849fe,True,616,296,156,140,52.7,1.15,860.67,2,1772998308823,1773301776084,3.5,-2322.88,2.699,0.0,0,0.0,,False,False,False
0x68615b08c4ace24a6fee15fc556514428656a847,True,1032,557,382,175,68.6,3.53,16629.84,4,1770308912310,1788395656004,209.3,1899.03,0.114,0.0,0,0.0,,False,False,False
0x687faf204c6fc60918728d3a001c80aec1240d49,True,2000,852,270,582,31.7,0.11,-29461.23,6,1787344931257,1787596944724,2.9,-2518.01,0.085,0.0,0,0.0,,False,False,False
0x6891ed9ee6a9d0649ffac2bcee814e6899a0e075,True,2000,681,378,303,55.5,1.51,94930.23,8,1763860454814,1782365807897,214.2,75059.39,0.791,350883.7,1,-212667.47,-60.6,True,True,False
0x68a4f57eeb94f49ade7cf8b3a3c79863227595f2,True,2000,915,404,511,44.2,0.41,-30579.74,6,1787503460195,1788807199954,15.1,-2030.37,0.066,0.0,0,0.0,,False,False,False
0x68bf828f3db3c7afe4858d4edf33bb66d6a69bf2,True,528,228,172,56,75.4,3.52,44604.02,8,1761235691107,1788566400005,316.3,14814.42,0.332,0.0,0,0.0,,False,False,False
0x68c74fd8d3c13af311cbbe07f68daa8531f99928,True,1332,622,432,190,69.5,0.7,-5945.22,6,1776094530602,1782323063403,72.1,1809.9,0.304,0.0,0,0.0,,False,False,False
0x68dcba93b512a0de773625340eb1c3c67bb19ef3,True,1781,806,418,388,51.9,2.02,15472.27,32,1737409555133,1788425510117,590.5,5100.71,0.33,0.0,0,0.0,,False,True,False
0x68f15672bb56435852b82be87aa6e18d7e584e1d,True,2000,720,720,0,100.0,inf,20687.22,7,1782502434579,1784867037414,27.4,1099.77,0.053,0.0,0,0.0,,False,False,False
0x69053baf11d820596df95c329b75b2066d1f75a8,True,2000,701,402,299,57.3,0.25,-165936.94,12,1779658349781,1782345600020,31.1,-39797.73,0.24,0.0,0,0.0,,False,True,False
0x69179a42fdc37bff95e6903bfde6e4877323a9ad,True,2000,1198,694,504,57.9,4.47,17953.24,25,1787216984678,1787380263233,1.9,1939.03,0.108,0.0,0,0.0,,False,False,False
0x6942e63b3fc9650ad101048e88ad3c69bad9a9b7,True,1754,935,391,544,41.8,0.74,-11123.49,40,1746163146104,1788480000030,489.8,-7258.11,0.653,0.0,0,0.0,,False,True,False
0x69661dc3a8b815308e7e2be92d8a4f32f60b9671,True,2000,1137,1052,85,92.5,6.82,4889.97,41,1763235307024,1788205168553,289.0,711.24,0.145,242.502897,1,666.1,274.7,False,True,False
0x697bb69144e716c019734d2db46f437220a889ba,True,1892,942,513,429,54.5,1.48,9041.13,14,1776957567613,1782384386681,62.8,1380.43,0.153,0.0,0,0.0,,False,True,False
0x6989c6e643e57fc5c7b9890decd988ade121e476,True,2000,926,349,577,37.7,3.14,22386.97,25,1755268776950,1788658817187,386.5,-3342.89,0.149,13810.825902,2,-3188.39,-23.1,True,False,False
0x6999d317f47b4175297f7640d1c4b2aa33a218b1,True,2000,1151,439,712,38.1,1.17,451.66,2,1772474045937,1788591529546,186.5,252.93,0.56,0.0,0,0.0,,False,False,False
0x69bf296b6594ffba61bbc3eaf742ea08222d3f36,True,2000,969,298,671,30.8,0.23,-35757.28,4,1775757098095,1777709037657,22.6,-1846.42,0.052,0.0,0,0.0,,False,False,False
0x69cc3ae720efdff1cd2a8edec79a7a3fac6e14fd,True,2000,1120,6,1114,0.5,0.0,-426585.49,8,1788525060597,1788793748526,3.1,-4654.32,0.011,1819095.267219,4,-4432840.91,-243.7,True,False,False
0x69e67aad5495a48c4ef3f770d93a99935e1dc90d,True,2000,1316,757,559,57.5,0.42,-53378.69,24,1744647446175,1779655843848,405.2,-12179.04,0.228,0.0,0,0.0,,False,True,False
0x6a003b00f799919c2998e5b07709744ebcd31cb3,True,2000,1023,546,477,53.4,0.74,-974.04,379,1778767379316,1788807969954,116.2,377.2,0.387,33.015999,2,5.88,17.8,False,True,False
0x6a1a6a974fcad302580f9192ea07a360863ad663,True,2000,1019,667,352,65.5,1.1,1966.95,16,1761388155377,1783075766808,251.0,-2550.46,1.297,0.0,0,0.0,,False,False,False
0x6a2cb9b34ba6ca342ec787b70cd1878e71810231,True,2000,1030,669,361,65.0,1.96,5580.87,12,1786636786954,1788805524891,25.1,-954.66,0.171,5605.008393,2,566.05,10.1,False,False,False
0x6a456a8ad03ff729ea24d7f35af0217ef50b3714,True,1228,603,299,304,49.6,0.68,-4897.0,7,1757174686228,1788250703298,359.7,-952.4,0.194,0.0,0,0.0,,False,True,False
0x6a55e165cdb23443f03a53608abf586c1e76af3a,True,2000,1222,1000,222,81.8,50.1,110321.07,38,1734357380195,1788709162760,629.1,2304.41,0.021,0.0,0,0.0,,False,True,False
0x6a68794281e4f60e5747f1df785f5983fe2ab36b,True,2000,1283,889,394,69.3,0.77,-24575.64,24,1747814249069,1788768272874,474.0,-13793.92,0.561,27445.2855,0,0.0,0.0,False,True,False
0x6a7a17046df7d3e746ce97d67dc1c6c55e27ce75,True,2000,979,421,558,43.0,17.23,714797.76,4,1758090779027,1785034854926,311.9,130072.35,0.182,0.0,0,0.0,,False,True,True
0x6aa275b6f5d400c1e25a3295b769fe2a1c9e895a,True,696,359,188,171,52.4,0.29,-3086.11,14,1756287125070,1784913304385,331.3,-615.5,0.199,0.0,0,0.0,,False,True,False
0x6ab16f77f495e17395e7507b3d7741ef1b679c96,True,2000,772,361,411,46.8,0.14,-53679.75,35,1739367453053,1785919253284,538.8,-33965.03,0.633,0.0,0,0.0,,False,False,False
0x6ac0ce352e2a3a52ec58607390650adc75738c38,True,1169,593,259,334,43.7,1.6,5841.71,10,1753376404790,1786028207297,377.9,1071.24,0.183,0.0,0,0.0,,False,True,False
0x6ad1de943844765a47c029268d6e8fbd4183b646,True,2000,1003,438,565,43.7,1.59,2926.29,46,1781820666245,1788809090318,80.9,511.34,0.175,5815.721495,3,114.81,2.0,False,True,False
0x6af665cd9ef4229898b404ddbfdf5b966b2f736b,True,2000,831,148,683,17.8,0.52,-32525.25,4,1770471705252,1783171033177,147.0,5047.15,0.155,0.0,0,0.0,,False,False,False
0x6b03361ed8137dc2ee5ff88fc968398b993cff4b,True,332,123,92,31,74.8,13.34,192241.22,10,1755069678978,1782389992821,316.2,59569.63,0.31,0.0,0,0.0,,False,True,True
0x6b237a7296bd297132660da3cbe6d85bc485af54,True,2000,1729,115,1614,6.7,0.11,-308392.08,4,1785125864032,1788580143585,40.0,-25514.67,0.083,547187.435074,1,-188620.18,-34.5,True,True,False
0x6b2db0920d4174860e55a484f90a96e948547605,True,1113,538,333,205,61.9,0.37,-7895.46,10,1773940261305,1775655601025,19.9,-1181.71,0.15,0.0,0,0.0,,False,True,False
0x6b515faa4b54776dbd4e90d73a80ac0b0ed4fcbe,True,502,267,122,145,45.7,2.27,2758.89,25,1703366481141,1778458848336,869.1,-608.62,0.221,0.0,0,0.0,,False,True,False
0x6b72e906a80bb733b7cfb1a0ff3c102043f3e603,True,2000,803,537,266,66.9,2.03,10130.31,39,1782997478580,1788797359238,67.1,-1211.49,0.12,3342.907988,4,-463.02,-13.9,True,True,False
0x6b9448c661768ca3facbaf38af056509dddf9493,True,2000,1100,565,535,51.4,3.66,49416.25,8,1785683195268,1788559539983,33.3,14765.23,0.299,0.0,0,0.0,,False,False,False
0x6b9ffef96ebf83e005f0898dc9b80cb9be988b87,True,2000,1043,529,514,50.7,1.7,4849.21,7,1780678201052,1788533797452,90.9,487.71,0.101,0.0,0,0.0,,False,True,False
0x6badaf8aa3e40518b4194c7e272a4068c7358611,True,2000,917,322,595,35.1,1.96,11829.95,31,1764329337081,1787616000004,269.5,1345.12,0.114,0.0,0,0.0,,False,True,False
0x6bc191438a1befa9695a46da64597a15516d0aca,True,2000,608,338,270,55.6,15.68,24242.37,6,1787331039654,1787713708212,4.4,2921.18,0.12,0.0,0,0.0,,False,True,False
0x6bd572af5cf71fdde43020f1a1c04bd643e12c07,True,2000,940,546,394,58.1,3.62,9301.9,1,1788578475046,1788809719550,2.7,156.35,0.017,505849.101945,1,9128.42,1.8,False,True,False
0x6bea81d7a0c5939a5ce5552e125ab57216cc597f,True,2000,936,161,775,17.2,0.29,-102169.52,3,1784297321197,1788786763978,52.0,-3677.88,0.036,74370.101341,3,-94726.83,-127.4,True,False,False
0x6bf933171aaebded6f0758893fcce396d4917177,True,2000,577,247,330,42.8,0.79,-1798.01,22,1785160772549,1788597588991,39.8,-1537.51,0.855,2988.181035,1,654.91,21.9,False,False,False
0x6c0ce3f9ef94a038a6f13daf4a88fc3c93da8800,True,2000,924,329,595,35.6,0.81,-3398.84,1,1784851228227,1788796829829,45.7,613.56,0.181,14536.210295,1,256.2,1.8,False,True,False
0x6c23c2676b504671825a5030eec0266689b3494d,True,2000,417,155,262,37.2,1.25,787.46,21,1782191567060,1788805931870,76.6,835.11,1.061,8673.260409,4,96.88,1.1,False,True,False
0x6c4f89e3bf60f138f523de18660861a9a8eae176,True,2000,675,335,340,49.6,0.99,-50.88,10,1780668487829,1784621677903,45.8,891.04,17.512,7.670162,0,0.0,0.0,False,True,False
0x6c72181609f3c4cbde58dd11fcab582816638583,True,2000,1151,410,741,35.6,1.22,2228.83,5,1783117351334,1787563863483,51.5,-2367.77,1.062,0.0,0,0.0,,False,False,False
0x6c8a6804a88cb37a48bb6ff35e62d98084c1aee2,True,2000,914,415,499,45.4,0.98,-1077.45,26,1765495878994,1787702400048,257.0,-4289.78,3.981,0.0,0,0.0,,False,True,False
0x6cb2ff9577bb0bb03cc1f0b86fb29910e33f25a1,True,2000,928,370,558,39.9,0.53,-4532.65,43,1785390019883,1788714577646,38.5,-609.89,0.135,0.0,0,0.0,,False,True,False
0x6cc39483d4c48499d8de0f8dd598c05184dc9118,True,402,179,102,77,57.0,0.48,-28602.23,4,1780585589515,1787302709523,77.7,-13823.58,0.483,0.0,0,0.0,,False,True,False
0x6cd41a6418ddd8251eaaf41eb136b5359a115ca0,True,2000,858,478,380,55.7,1.0,-173.65,52,1760625080332,1788795516999,326.0,-7044.5,40.567,10306.90339,4,1007.74,9.8,False,True,False
0x6cea2153231443fa5f9eae65f26f30422b499af5,True,2000,1243,330,913,26.5,0.38,-13404.61,2,1787574861250,1787933886552,4.2,-1266.37,0.094,0.0,0,0.0,,False,False,False
0x6d0889cf12065fc00e4ec44e4e714ff2b88f3a23,True,2000,927,357,570,38.5,0.36,-16272.1,24,1782131582491,1788454346603,73.2,-1919.59,0.118,0.0,0,0.0,,False,True,False
0x6d15a076eed4967bd01b3374f1506f4340884676,True,2000,814,647,167,79.5,1.6,3805.83,47,1784654658173,1788800442292,48.0,-602.41,0.158,4867.257529,9,-130.79,-2.7,False,True,False
0x6d32466742e54e2dde1552153ccecd93e0803d54,True,1976,869,533,336,61.3,0.3,-33858.11,30,1780156901963,1788533689678,97.0,-8873.8,0.262,177.814706,2,13.81,7.8,False,True,False
0x6d49fa7a42a16ab5ae98efefba1634a1e19b2f1c,True,925,557,365,192,65.5,3.34,11398.5,20,1761150453580,1779306658499,210.1,995.62,0.087,0.0,0,0.0,,False,True,False
0x6d603a8ad44980dca040a1720c38a509814d73af,True,2000,1187,568,619,47.9,0.58,-13322.74,18,1762159214005,1788765468304,307.9,-3798.0,0.285,0.0,0,0.0,,False,True,False
0x6d7823cd5c3d9dcd63e6a8021b475e0c7c94b291,True,2000,1505,1232,273,81.9,4.07,367161.14,14,1781724030775,1788705135313,80.8,19613.49,0.053,94440.351358,1,37217.34,39.4,False,True,False
0x6d7f5a158495d5865383172856a9b6445a992216,True,2000,1125,663,462,58.9,5.54,38315.56,12,1763049517011,1787822720313,286.7,5857.82,0.153,0.0,0,0.0,,False,True,False
0x6d976c6a0fe87fa0c027aa3f5d01b62f59755911,True,1220,700,525,175,75.0,5.51,24161.59,4,1781790929975,1787604320909,67.3,3857.9,0.16,0.0,0,0.0,,False,True,False
0x6db678fe969dcab20c421211b4a9a639047e3ee2,True,1087,487,322,165,66.1,0.59,-12165.0,23,1758485452271,1780420345775,253.9,-9377.35,0.771,3304.875165,1,1734.91,52.5,False,True,False
0x6dc0d5e5b7c453249d6f7c2b8f1e1d8bfda8d05f,True,2000,943,464,479,49.2,0.79,-11418.86,47,1761599890413,1788152602234,307.3,-7151.71,0.626,4070.311192,3,23.8,0.6,False,True,False
0x6de826934315dec6bfba7a20be881d76d4f76e4c,True,806,704,235,469,33.4,0.02,-438383.02,1,1786202219992,1787161198133,11.1,-31247.3,0.071,0.0,0,0.0,,False,False,False
0x6e062e21e2f63e548a9918b0e6943f81434979c6,True,1543,406,213,193,52.5,5.54,26687.78,11,1783675253024,1788789500146,59.2,5244.09,0.196,0.0,0,0.0,,False,False,False
0x6e1d9ac48f065dd02997e5da3f0e2dfd9687cb9f,True,2000,939,508,431,54.1,0.93,-946.11,15,1785991623621,1787151898134,13.4,-2572.13,2.719,18674.346483,1,37173.76,199.1,False,False,False
0x6e4a483e592fa2f317118e72dab58b208c747fae,True,2000,874,481,393,55.0,1.14,11958.21,14,1747818137054,1788798630850,474.3,-9582.23,0.801,20143.16922,4,14344.64,71.2,False,True,False
0x6e61a0c0403078518952462d8befddef309cae7c,True,1011,514,439,75,85.4,0.77,-905.33,6,1774179326711,1784810196665,123.0,-615.23,0.68,0.004475,0,0.0,0.0,False,True,False
0x6e7465acbaa3217bdcc4c17cdbe1dadbb4356377,True,2000,942,187,755,19.9,0.12,-38940.15,43,1788567314236,1788764272953,2.3,-1083.59,0.028,53552.635559,39,-11024.09,-20.6,True,False,False
0x6e875ee5a2a44bad6522ced2bce1d1f28e81d1fd,True,2000,985,308,677,31.3,1.31,4070.5,20,1787786657093,1788766434552,11.3,-1864.65,0.458,2476.985665,3,-871.74,-35.2,True,True,False
0x6ea3c2e9050649954a4cfdcee3e3d2034b0ebe38,True,2000,149,50,99,33.6,0.3,-1540.44,1,1788129289955,1788810000862,7.9,-154.57,0.1,3724.906211,1,-9.95,-0.3,False,True,False
0x6edf92edabd0de1935844609f088e9887c0e9f03,True,2000,1088,686,402,63.1,0.6,-12257.74,3,1783894534470,1788761946953,56.3,-1892.88,0.154,0.0,0,0.0,,False,False,False
0x6f0126b5057e16131aa9e35fd93ce5c7b6ca57de,True,1939,694,452,242,65.1,0.91,-3627.71,39,1765213086227,1787932781102,263.0,-3493.32,0.963,1196.933744,1,-279.94,-23.4,True,True,False
0x6f11d5001393673db848c57dfc6e425bdd530389,True,283,74,74,0,100.0,inf,11280.77,2,1787315353095,1788111446726,9.2,1091.1,0.097,222658.308278,1,-47639.01,-21.4,True,False,False
0x6f2411cef3d22ef3291ef281c84891bfec207222,True,2000,970,450,520,46.4,1.77,10601.28,40,1763616545844,1788804732716,291.5,3818.66,0.36,0.0,0,0.0,,False,True,False
0x6f4823e660915982cc7a58ba9287e9d4bb39ae12,True,2000,953,555,398,58.2,0.12,-51752.2,15,1781497748694,1788719399398,83.6,-5783.26,0.112,0.0,0,0.0,,False,True,False
0x6f6b7fa2349d40e3aec7cf198a6ec1321ac6fb29,True,2000,993,919,74,92.5,19.45,18732.46,4,1787377762243,1788651152415,14.7,1434.15,0.077,32913.310255,1,-10144.07,-30.8,True,True,False
0x6f7a6151781f9feac839a7c1d69fc029d654ffc5,True,2000,446,15,431,3.4,0.31,-16801.4,12,1758760156968,1787584625188,333.6,-3045.39,0.181,0.0,0,0.0,,False,True,False
0x6f85a819e5a739105f652ee025d0910803cfa744,True,2000,992,524,468,52.8,0.56,-12560.76,45,1756374539555,1788520845262,372.1,-3137.25,0.25,0.0,0,0.0,,False,False,False
0x6f97d329b072e0f7b74575565d806a4351b8f824,True,2000,1580,1580,0,100.0,inf,43367.49,5,1788288488802,1788426821973,1.6,1470.7,0.034,409116.003831,6,-361643.9,-88.4,True,False,False
0x6fb7eae5ce24badde9a81e7c5a79fede448b9a6d,True,2000,972,499,473,51.3,1.22,2735.52,52,1785802688130,1788804618700,34.7,4940.48,1.806,0.0,0,0.0,,False,True,False
0x6fbfefbd86dcf7ba88b2c234a74c68b878a007e4,True,2000,988,720,268,72.9,0.62,-4627.69,151,1776730453788,1788787894889,139.6,-2067.0,0.447,0.0,0,0.0,,False,True,False
0x6fd4cff48e7e87c0dfe8f7c45c559db289211fae,True,2000,1102,296,806,26.9,0.62,-10622.49,11,1754959263228,1781568000049,308.0,2848.0,0.268,0.0,0,0.0,,False,True,False
0x6ff708f79ad1429c326f5e962dff67c7413e5c87,True,45,15,15,0,100.0,inf,41802.32,2,1770143570289,1788525036424,212.7,7825.91,0.187,0.0,0,0.0,,False,False,False
0x700f6fb31d957adb63f89353fe83b5406278fd5a,True,2000,1002,874,128,87.2,0.94,-6202.87,19,1727052211741,1781280400663,627.6,-22400.24,3.611,0.0,0,0.0,,False,True,False
0x70240f913af26691d5efaaa7f0fa581f65be4b30,True,2000,889,485,404,54.6,0.92,-838.79,3,1770416024586,1776506936358,70.5,1248.46,1.488,0.0,0,0.0,,False,True,False
0x703c65097b0caeeb6742bebd12b04b337d931b94,True,2000,1341,971,370,72.4,13.3,47081.1,1,1785080521207,1785161429792,0.9,626.98,0.013,79.167835,0,0.0,0.0,False,True,False
0x7050a9abd4f06372247d19c39e5d718636f35fff,True,2000,1070,584,486,54.6,0.29,-106052.12,21,1787631145037,1788797984972,13.5,-16866.79,0.159,348171.151812,9,-2105.21,-0.6,False,True,False
0x706627e3e75b0603c4b6f9a1ebbfc635da712747,True,2000,1106,569,537,51.4,8.87,476891.68,28,1733615905643,1788798634093,638.7,80245.92,0.168,28535.059763,2,-944.2,-3.3,False,True,False
0x707ab6bd82ab47221bec7d799cdd40b9941dc876,True,260,122,50,72,41.0,1.32,3205.66,30,1739897721489,1782000000047,487.3,3509.04,1.095,0.0,0,0.0,,False,True,True
0x7083a8e36b44865c8d40379502bc081259a0ba66,True,2000,869,539,330,62.0,3.07,28145.56,15,1787510531125,1788777916395,14.7,1980.86,0.07,146171.318678,5,-26681.98,-18.3,True,False,False
0x70982f92995268019036dc0620765de919356827,True,1584,583,323,260,55.4,0.54,-15559.34,20,1775158653429,1787175195415,139.1,-5262.1,0.338,0.0,0,0.0,,False,True,False
0x70b5c4948fe7eb4474352a7f4563405b99318f34,True,361,224,128,96,57.1,0.3,-13056.78,26,1738848080610,1773325114934,399.0,-2697.78,0.207,0.0,0,0.0,,False,True,False
0x70cf494ca495498008abcb09af3c1209d404f3f9,True,899,436,129,307,29.6,1.29,4834.06,5,1771528345969,1788691856761,198.7,2573.48,0.532,7337.847242,1,-2685.3,-36.6,True,False,False
0x70e76a2090170a1ce5bb7324830f08b32eb2c0a3,True,156,42,4,38,9.5,0.6,-2208.54,1,1765838149478,1787584989157,251.7,-1041.56,0.472,69493.079754,1,18972.16,27.3,False,False,False
0x7104e77dcf3872dbe7868ecb321b8f72be92b9a1,True,2000,1050,465,585,44.3,1.43,1104.78,29,1787911670665,1788762366784,9.8,724.45,0.656,0.0,0,0.0,,False,False,False
0x71140496a5d7523573ced502c144786c78d8403c,True,2000,924,568,356,61.5,0.46,-138941.96,10,1758831861991,1784090352831,292.3,-42546.77,0.306,0.0,0,0.0,,False,False,False
0x71252eb2a36a392c8ca6aecc21a25f4225964f5a,True,513,251,106,145,42.2,0.11,-5315.13,3,1787162219652,1787181441854,0.2,-1250.21,0.235,0.0,0,0.0,,False,False,False
0x7135715e3a75693cbc269e23ce2018ccb3875171,True,1234,659,547,112,83.0,4.82,53313.14,6,1783013844663,1788801679005,67.0,-2251.31,0.042,0.0,0,0.0,,False,True,False
0x71563634a3eacb41fd03dd9045129e019e06fcff,True,2000,1065,440,625,41.3,0.5,-4161.58,3,1785891845456,1787541786391,19.1,-127.99,0.031,0.0,0,0.0,,False,False,False
0x7173b4400cbf0221cd3a2bbf6d98c03431f4135e,True,790,386,166,220,43.0,1.5,1580.57,6,1763427478165,1774451376448,127.6,755.87,0.478,0.0,0,0.0,,False,True,False
0x7178cc2d79160d524858c843e350ed8207de0854,True,2000,782,781,1,99.9,118716511.42,304626.57,7,1787310681542,1788197177448,10.3,37839.11,0.124,1856414.768592,0,0.0,0.0,False,True,False
0x71934f8585db5a9fcf95c6839e2c000793dce087,True,915,481,150,331,31.2,0.63,-3593.87,6,1781643191037,1785441102846,44.0,1232.54,0.343,0.0,0,0.0,,False,False,False
0x71a832d8039f00f02f7fccbd49ccdc52cb636630,True,2000,1016,310,706,30.5,0.86,-6708.39,7,1787676176901,1788633448339,11.1,8204.47,1.223,21838.744018,1,25438.08,116.5,False,False,False
0x71b2c871f1e308a24e721a414bc3f6e04625734b,True,449,217,92,125,42.4,0.62,-2759.13,23,1752826404727,1781371856549,330.4,-1804.05,0.654,0.0,0,0.0,,False,False,False
0x71d0e11ebb6150cebe20cf62f798be1a50108c26,True,2000,1575,512,1063,32.5,1.04,988.5,44,1788803922007,1788810273898,0.1,-4145.69,4.194,10192049.582788,128,-31359.44,-0.3,False,True,False
0x71ea692bfb9ccca31399e1a436911e4035c90180,True,2000,981,463,518,47.2,0.69,-7295.78,7,1778677458030,1788558924264,114.4,-1616.77,0.222,135890.219415,1,3979.44,2.9,False,True,False
0x720a68bf0813853cd3ed74d2fd0f54edfc7a43e1,True,2000,1013,93,920,9.2,0.0,-177490.78,3,1787826949194,1788187365089,4.2,-12511.58,0.07,0.0,0,0.0,,False,False,False
0x72244e04d74a53a0df1314dce63c975d9bad617b,True,2000,855,201,654,23.5,0.38,-81859.85,7,1781131437809,1782739871149,18.6,-20534.6,0.251,0.0,0,0.0,,False,False,False
0x723c8b18cdf34e3bcf878bfc8520c3542ea62348,True,1404,579,329,250,56.8,2.15,15173.47,18,1780657179525,1788804862590,94.3,-4681.54,0.309,16815.58749,4,-853.64,-5.1,True,False,False
0x724fc6aceb3336a56d16d4eca9bf884370ce3fe1,True,2000,950,203,747,21.4,0.55,-8958.24,5,1779258984883,1788795112743,110.4,-1171.39,0.131,2493.263254,1,-461.19,-18.5,True,False,False
0x7262d8130107692d94b59054a48b721d60c3d06c,True,1273,402,249,153,61.9,3.92,40585.5,9,1758755615619,1788781107191,347.5,7655.69,0.189,272.852712,0,0.0,0.0,False,True,False
0x727766af36f02239c72effa2b8513fbcb4657130,True,2000,854,35,819,4.1,0.06,-31156.33,7,1787632263341,1788790078780,13.4,-2385.8,0.077,355154.686083,2,43997.55,12.4,False,True,False
0x7287c9b4ff141e37d8eb6854439b48147085c32d,True,435,187,88,99,47.1,1.19,197.9,2,1760782391113,1787937315257,314.3,168.41,0.851,0.0,0,0.0,,False,True,False
0x729b8bd24d50f56494f7c5348f6f209b19bdb750,True,1410,522,335,187,64.2,0.42,-53572.37,18,1760060089283,1788534448017,329.6,-14740.85,0.275,5937.768649,1,1355.0,22.8,False,False,False
0x72abc60e799f5c90925a13319f9ad11f5583bee4,True,1018,479,273,206,57.0,0.41,-186990.57,5,1777970964918,1787529600082,110.6,-172371.2,0.922,0.0,0,0.0,,False,True,False
0x72c336ea8a08398494e91390329d60e1a9b7e683,True,1171,548,264,284,48.2,1.03,1906.51,2,1780670965579,1782432000043,20.4,-6793.25,3.563,0.0,0,0.0,,False,False,False
0x72d816a1b8893e3924f3218dae531dd2498b3824,True,2000,960,785,175,81.8,0.76,-3807.71,16,1784274996781,1786873056017,30.1,-3824.61,1.004,0.005413,0,0.0,0.0,False,True,False
0x72f434fa010929656aef58695dab85447e51fbc6,True,2000,955,943,12,98.7,749.78,17837.45,6,1787725211686,1788675652206,11.0,965.42,0.054,0.0,0,0.0,,False,True,False
0x730a151883bb3a8e1f339caf3371afed8c1d0a8f,True,340,145,112,33,77.2,0.35,-22757.23,4,1782466274363,1788366015580,68.3,-10731.28,0.472,0.0,0,0.0,,False,False,False
0x732bf1d88ff7e0392584e705888d89f7ca9a96c5,True,2000,1374,377,997,27.4,0.85,-1175.22,3,1772031984667,1788745851534,193.4,-1037.3,0.883,43.054955,1,5.5,12.8,False,True,False
0x73367acfa1af5729a660f1d2e5c00de89c396133,True,1000,520,187,333,36.0,1.02,778.01,2,1786275048151,1786949388719,7.8,2275.49,2.925,0.0,0,0.0,,False,True,False
0x7345985dd7e2c521a0ba97929aea93614627d58e,True,2000,761,665,96,87.4,11.75,558017.99,6,1780440246566,1787609215031,83.0,33035.0,0.059,166286.200927,1,420253.22,252.7,False,False,False
0x7357996758e0f89c5fd98ba528eb1a6b735d3934,True,559,282,126,156,44.7,0.91,-589.81,9,1773013615763,1777116476607,47.5,-2576.0,4.368,0.0,0,0.0,,False,True,False
0x7363227af9284c74cb7e5e77212ab9b27aa4058b,True,2000,956,366,590,38.3,0.5,-18884.28,2,1774286467653,1781473803178,83.2,2042.94,0.108,0.0,0,0.0,,False,True,False
0x737d1f734c6bc999b9dbb94012bb59708b7cae34,True,442,164,68,96,41.5,0.79,-1471.19,8,1783613515297,1788286375185,54.1,1400.07,0.952,12165.084059,2,5294.54,43.5,False,False,False
0x739ccf4aa388ddade09316f7aee5ed0ec7ae5739,True,2000,974,715,259,73.4,4.13,73631.47,6,1787299264552,1788526396368,14.2,8399.31,0.114,0.0,0,0.0,,False,True,False
0x73bade8162e0fa995a2f7037deba9d094dec535f,True,2000,894,351,543,39.3,0.34,-34720.82,55,1776409298468,1788703641190,142.3,-7446.49,0.214,0.0,0,0.0,,False,False,False
0x73ca529041a096e1b2b249b6e092afb411d23989,True,951,593,61,532,10.3,1.7,1968.28,2,1777623712366,1787460535826,113.9,2076.47,1.055,0.0,0,0.0,,False,False,False
0x73d9e4fbf044b9c40bf77f7aae1f68e5f9de25c9,True,2000,1401,1161,240,82.9,0.48,-15752.41,2,1781513840708,1788794220784,84.3,-4614.9,0.293,874.908956,1,-14.44,-1.7,False,True,False
0x73fcac2eab1a314082d12fe173a829ac2a60af01,True,2000,1125,503,622,44.7,1.1,1410.62,12,1775122405869,1788772298059,158.0,-505.57,0.358,1918.416535,10,1186.56,61.9,False,False,False
0x742a8699ef93fef20e6a9a3b66c809c7699477aa,True,2000,915,320,595,35.0,0.11,-58269.82,3,1786722566802,1788792749107,24.0,-4977.44,0.085,402.99,0,0.0,0.0,False,True,False
0x7449db79272b496459effd4e72fc60b0e2018aff,True,1299,728,533,195,73.2,1.11,6883.56,13,1776914705924,1786568901733,111.7,-7427.33,1.079,0.0,0,0.0,,False,True,False
0x74571563d27b17ad30e9dc0072500db797124b80,True,439,187,68,119,36.4,1.56,3819.16,8,1780930933162,1787582437357,77.0,1992.27,0.522,433.663617,1,371.55,85.7,False,True,False
0x7469872d2d4346c9b7b40c3aef2060cadb36a6e4,True,2000,1041,452,589,43.4,1.71,5049.88,23,1784819825583,1788794383029,46.0,888.05,0.176,0.0,0,0.0,,False,True,False
0x748303655ee855b6d738360ac060a110c0a16d92,True,1418,823,450,373,54.7,1.04,31.79,100,1770336185114,1788802997399,213.7,-24.9,0.783,80.373394,3,18.62,23.2,False,True,False
0x74912ff75bb436a920ae8de75e9d3ecbe9ae1dc5,True,2000,1731,622,1109,35.9,0.81,-3657.49,42,1781931987844,1788759234884,79.0,1573.14,0.43,0.0,0,0.0,,False,True,False
0x74add7ab00f01d9f8a12331e19dda66b93bf1b9e,True,2000,951,327,624,34.4,1.24,1077.92,13,1788570581761,1788805659109,2.7,-394.32,0.366,0.0,0,0.0,,False,False,False
0x74becc0b80169dc760897574e372b3cb858279e7,True,278,107,54,53,50.5,0.98,-98.55,9,1769589530470,1788453411223,218.3,-1061.27,10.769,0.0,0,0.0,,False,False,False
0x74d04261a56a5bbfd4c644d94020ae75bc8f548e,True,2000,688,129,559,18.8,0.15,-9907.74,11,1779455591312,1780358400016,10.4,-917.82,0.093,0.0,0,0.0,,False,False,False
0x74e22b215a76dc37ea2b7d3a346dc11af8a93306,True,373,170,67,103,39.4,0.63,-3149.84,11,1776905178541,1783950055538,81.5,1390.6,0.441,0.0,0,0.0,,False,True,False
0x75083975c88cff9f8186551a28608e8a353116bb,True,2000,905,600,305,66.3,4.45,18002.78,7,1788431922503,1788810469920,4.4,2296.77,0.128,158007.465976,6,-24949.97,-15.8,True,True,False
0x7520f47f69b2442469aa87ee98ac5f6e9e765a2c,True,2000,794,418,376,52.6,2.41,6253.37,25,1769937496068,1787248761801,200.4,-705.07,0.113,3029.899,0,0.0,0.0,False,True,False
0x7539b0d49121abdf5e7d622466152a2b170f81e7,True,2000,1051,483,568,46.0,0.83,-2400.75,7,1779457624414,1785192753670,66.4,774.0,0.322,0.0,0,0.0,,False,False,False
0x754f8c5df6fb5bfc2b3001fcbe4ac5797f2fe534,True,380,174,52,122,29.9,0.07,-22106.72,12,1728651641412,1785854936438,662.1,-4931.7,0.223,0.0,0,0.0,,False,True,False
0x7568c33d055158514e9a896c1db66be54c54f751,True,2000,1091,409,682,37.5,0.34,-87144.89,9,1784916357112,1788418188125,40.5,-10726.1,0.123,0.0,0,0.0,,False,False,False
0x757df2c060ec6c7ba898fa6570aa98c1f46294ba,True,2000,741,741,0,100.0,inf,104644.9,5,1787832127566,1788710935354,10.2,18662.48,0.178,259766.502233,1,-38444.15,-14.8,True,True,False
0x75982eb8b734b24b653b39e308489a428041f162,True,2000,924,486,438,52.6,1.13,108.25,58,1766933297552,1788796022834,253.0,164.43,1.519,164.400868,2,-90.64,-55.1,True,True,False
0x75b32fdb235c406f0f8e7a0ab3433791c30f211f,True,2000,1025,299,726,29.2,0.36,-2003.52,4,1782878620437,1788807132596,68.6,179.0,0.089,1086.52859,2,-18.35,-1.7,False,True,False
0x75c8767886c7e7d9b5c6487ceb2603b030b88194,True,2000,912,391,521,42.9,0.4,-20017.71,10,1781700924482,1783363777324,19.2,-5122.34,0.256,0.0,0,0.0,,False,False,False
0x75e913688c79341de879f4c27b56b8b4f824ff9d,True,443,66,0,66,0.0,0.0,-504.69,5,1776905998704,1782937184944,69.8,-82.04,0.163,436345.475679,1,317308.26,72.7,False,False,False
0x75f2d87e2abdd156d5375f7aba2bfce6d9589218,True,2000,1155,949,206,82.2,0.71,-38090.29,11,1776255011306,1788286489983,139.3,-18562.12,0.487,0.0,0,0.0,,False,False,False
0x761ec7d1e4af067b8f08e601452894b95ab43e72,True,699,333,221,112,66.4,0.55,-6849.27,12,1781444336501,1788529662455,82.0,-1322.0,0.193,1272.992721,0,0.0,0.0,False,True,False
0x762d249bb1ddaa503eee8d82e5b73ef059bb62ce,True,2000,965,800,165,82.9,2.29,27488.67,15,1786970619281,1788769994812,20.8,7318.05,0.266,11648.218167,1,-1730.25,-14.9,True,False,False
0x7647eb55b98f86a8d3ae011e18a087d0674b9908,True,2000,840,680,160,81.0,0.34,-94047.41,9,1775834163685,1787841448871,139.0,-16045.65,0.171,0.0,0,0.0,,False,True,False
0x7659798a51364365d0ddb551d363717f9428c440,True,2000,1109,378,731,34.1,0.94,-873.65,6,1761376098003,1788794305642,317.3,3646.69,4.174,2999.845969,1,527.12,17.6,False,True,False
0x766f4f5b64be19ef908f4e091465c46903aa7afb,True,2000,875,132,743,15.1,0.83,-1781.11,5,1783434639194,1788805068606,62.2,941.6,0.529,1030.549866,1,89.07,8.6,False,False,False
0x767b51df44c57167cb48ba5ae5041b553b31bcbf,True,2000,1000,406,594,40.6,0.28,-32931.32,19,1786997562814,1788508382253,17.5,-24351.42,0.739,22149.884702,5,14925.34,67.4,False,True,False
0x7693039bffe384b71ef8ac7a1ac4685ef272c9cd,True,530,284,97,187,34.2,2.04,7455.99,8,1773351885226,1788807433937,178.9,1489.37,0.2,0.0,0,0.0,,False,False,False
0x76be4d69d7d7fe66d9891092a01450b48141bc0a,True,2000,929,444,485,47.8,0.38,-28024.07,1,1783122949993,1788736527786,65.0,-2537.22,0.091,2.955387,1,-0.95,-32.1,True,True,False
0x76cce2ab3c4ca9845a208eb558b03f3eaf77f1b9,True,1114,467,317,150,67.9,0.99,-162.87,29,1709742377021,1783010145706,848.0,-4056.92,24.909,0.0,0,0.0,,False,True,False
0x76da69d942cfdba3483e2ea3f16a490e1b0889a3,True,2000,1111,0,1111,0.0,0.0,-468045.22,2,1779877426588,1780883024027,11.6,-20846.3,0.045,0.0,0,0.0,,False,False,False
0x76f5ca620db55b137e4e08dce2ee9db5042cddee,True,2000,895,428,467,47.8,1.17,11916.27,20,1780471779029,1788778305418,96.1,5834.02,0.49,13747.916713,3,10275.58,74.7,False,True,False
0x7712e04fb94555e04447d3f3766c837fc8577ee2,True,2000,1169,546,623,46.7,0.8,-6099.25,16,1748870865193,1788683613936,460.8,-1763.31,0.289,917.317564,1,174.63,19.0,False,True,False
0x7728151e206f2b79f23e27f7aa7c0043e8ca28be,True,351,159,79,80,49.7,1.51,1081.62,25,1747591485093,1781713752427,394.9,2263.59,2.093,0.0,0,0.0,,False,True,False
0x773dc7bfe9a345857b1385173fefe178210ddfb8,True,2000,937,715,222,76.3,3.9,27517.51,2,1770038684311,1784954313268,172.6,3375.09,0.123,7681.833257,1,-14479.59,-188.5,True,True,False
0x775e2641f6609275f0e49d6f3f58e1d1f82b93bb,True,1355,818,637,181,77.9,1.68,1122.42,9,1774123501234,1788548540284,167.0,-337.47,0.301,0.0,0,0.0,,False,False,False
0x777033483320b30958fc70c44d865dc0c5f9b1c7,True,277,148,84,64,56.8,4.12,1179.09,4,1787409105007,1788629646074,14.1,412.04,0.349,12915.971467,1,-14408.05,-111.6,True,False,False
0x7784ac91f8fcf5682d28d024cccfa2972eb51bae,True,2000,1111,343,768,30.9,0.79,-2083.85,18,1763069256077,1787063976961,277.7,956.68,0.459,0.0,0,0.0,,False,True,False
0x779e403c616198cbce74a62327e0ec1831776e45,True,575,192,144,48,75.0,340.66,140379.35,4,1787257352228,1787622514270,4.2,21133.43,0.151,0.001621,0,0.0,0.0,False,False,False
0x77bab212ee6f693b67224b624806a1413adcccc5,True,2000,1181,448,733,37.9,2.46,33155.08,4,1781460131897,1782142918620,7.9,3376.7,0.102,0.0,0,0.0,,False,True,False
0x77de6d98efd6f191b9760398def5ac2a2f4a6fa8,True,2000,840,610,230,72.6,0.56,-44800.06,1,1757576059655,1787668230465,348.3,-17538.5,0.391,0.0,0,0.0,,False,True,False
0x77eeda199553e33b246e4b4666849b9ad0972902,True,2000,881,881,0,100.0,inf,166439.92,4,1787935161145,1788109676759,2.0,20533.31,0.123,2544169.508119,11,-1518217.27,-59.7,True,False,False
0x7803a3166137d439aa82079dc71a87228bb01679,True,2000,797,319,478,40.0,0.62,-12383.14,23,1778115998279,1788181554346,116.5,-2033.25,0.164,0.0,0,0.0,,False,True,False
0x78162bbb1eaadc1fc0f77f72dd128edd0be37bc5,True,2000,949,591,358,62.3,0.6,-17267.57,15,1763523410973,1788738374203,291.8,-3733.27,0.216,0.0,0,0.0,,False,True,False
0x781f939973ee299a187529fd0b7fee5f9fa9bc67,True,2000,724,376,348,51.9,1.18,6046.19,69,1738213644625,1788652800016,583.8,-10833.45,1.792,0.0,0,0.0,,False,True,False
0x782c20072378607606aa8c81b43b639d7e6bebc0,True,2000,1064,358,706,33.6,0.16,-88592.23,6,1780052439808,1781206599768,13.4,-15562.92,0.176,0.0,0,0.0,,False,True,False
0x783612113a081ec1960ce7fd0d2820c310b00131,True,2000,1046,682,364,65.2,0.38,-7900.2,3,1769554970635,1786769297737,199.2,-652.65,0.083,0.0,0,0.0,,False,True,False
0x784aaefe602fbd725b458b7a8efbbba8a5a51030,True,2000,1016,506,510,49.8,0.86,-1083.54,5,1786118236014,1788791731128,30.9,481.0,0.444,0.0,0,0.0,,False,False,False
0x785d2e685b788a74f1775618ddd1f69efa199800,True,2000,891,451,440,50.6,0.96,-541.6,36,1757202008742,1788527907794,362.6,1046.42,1.932,0.0,0,0.0,,False,True,False
0x787bd185da58de1e03828e5fe038b765982fe83d,True,2000,902,362,540,40.1,1.16,1978.53,42,1755278824060,1788195591739,381.0,600.74,0.304,0.0,0,0.0,,False,True,False
0x788e72ac24344ce7b7725421f468a043866d6ccd,True,2000,1037,827,210,79.7,0.87,-7414.8,10,1767403131598,1788765891300,247.3,-10463.89,1.411,15654.398202,1,-198.0,-1.3,False,True,False
0x78aa6328eae8028a089c35d2819f79c78de2a7e5,True,2000,1018,307,711,30.2,1.05,1794.65,11,1780783475662,1788795467490,92.7,2623.76,1.462,61725.886913,4,33619.03,54.5,False,True,False
0x78c59545853661f66fb614aafee92038b1f12ff3,True,1254,543,176,367,32.4,1.1,1212.9,11,1773111037485,1787690676673,168.7,2988.04,2.464,0.0,0,0.0,,False,True,False
0x78e28b162bd8cf21c8fefa652135af1c52cb5536,True,692,267,187,80,70.0,8.12,25784.55,13,1770326659737,1788360262307,208.7,5531.93,0.215,0.0,0,0.0,,False,True,False
0x7905ab92e4b52ce4ae2ad4be66b051997d705aa8,True,2000,1193,613,580,51.4,0.35,-264736.52,1,1768319832272,1777307601313,104.0,-15772.28,0.06,0.004742,0,0.0,0.0,False,True,False
0x791aa746f7717d22a42d831005039920f9566fdd,True,2000,1190,503,687,42.3,0.62,-26750.81,9,1775757515537,1788393642095,146.3,-20540.12,0.768,0.0,0,0.0,,False,False,False
0x79367ad6e8c55e4fbea71ba7cae0620efd302a3d,True,443,206,113,93,54.9,0.48,-6568.82,33,1748603548476,1788796873625,465.2,-1847.74,0.281,259.75985,1,-116.5,-44.9,True,True,False
0x794aeddb55612cac44a460775bde4f23d33f0dcb,True,2000,804,329,475,40.9,0.73,-464.62,6,1788375966706,1788809579285,5.0,-280.5,0.604,63917.736702,1,2903.11,4.5,False,False,False
0x796c4c2b69adc93592aa7372369d01487ef5a9a3,True,2000,879,418,461,47.6,3.4,20273.66,16,1784281250210,1787980630599,42.8,1604.76,0.079,19582.40924,0,0.0,0.0,False,True,False
0x7979b2535c637928ff6eba01c0c25bcca458bff5,True,2000,986,436,550,44.2,1.4,1686.81,12,1781026536655,1788787094683,89.8,723.19,0.429,0.0,0,0.0,,False,False,False
0x79914208fc06eabb0a94e595c9a5f9da0551e3a2,True,2000,1370,1014,356,74.0,4.11,13980.1,53,1785121039665,1788798729914,42.6,672.96,0.048,3999.559937,0,0.0,0.0,False,True,False
0x79acec733dd3f84dd49187aa94e320021d020a02,True,2000,1028,505,523,49.1,0.37,-165023.75,6,1756065836379,1787624272248,365.3,-47512.77,0.288,24469.618423,1,-1160.0,-4.7,False,True,False
0x79cb65118758acc36f6d395e4e7c21d227ef4153,True,672,437,227,210,51.9,1.35,438.43,3,1742997408932,1774551898195,365.2,-116.29,0.265,0.0,0,0.0,,False,True,False
0x79dbea0bf83b09ed912347090e9c2aa0ee5b5fea,True,2000,1005,404,601,40.2,0.45,-17291.36,7,1772555388325,1782190250538,111.5,-2284.4,0.132,0.0,0,0.0,,False,True,False
0x79f2bb1fc86a1f0592fb30aa6a369a24a7fd2361,True,2000,1202,480,722,39.9,0.42,-40551.61,15,1784033855037,1784957699299,10.7,-5383.48,0.133,0.0,0,0.0,,False,True,False
0x7a1a531fa8d9cf7cfb3704eea613b499c70d4d42,True,2000,388,160,228,41.2,3.63,224.1,15,1787841200054,1788807715817,11.2,16.97,0.076,1778.337816,3,-6.21,-0.3,False,True,False
0x7a2d78193cba41a987c7becc9c2efc36f4778846,True,1177,704,425,279,60.4,1.04,1209.04,12,1779813225848,1784627425858,55.7,7056.49,5.836,0.0,0,0.0,,False,True,False
0x7a3d4f05790877c3974374c8693da61b53c1cf20,True,2000,934,397,537,42.5,1.82,5224.12,6,1781256266007,1787788800012,75.6,1484.6,0.284,0.0,0,0.0,,False,True,False
0x7a57710468579fae904a84109e83ce294cad9f5a,True,1683,735,460,275,62.6,2.75,20331.58,22,1752120328259,1787888082694,414.0,-2224.13,0.109,0.0,0,0.0,,False,True,False
0x7a7078a8b98c284c8288466d50626ab2e0adb2af,True,646,296,119,177,40.2,0.78,-497.97,13,1770928272011,1785787338368,172.0,253.96,0.51,0.0,0,0.0,,False,True,False
0x7a83dcabb26ee465ed3fab83ac840303f19d58cf,True,2000,989,228,761,23.1,0.91,-532.33,2,1781907522174,1783444876032,17.8,779.93,1.465,0.0,0,0.0,,False,False,False
0x7a9367e4c7ddfcaca96db65bae68f1d267299a6c,True,2000,883,420,463,47.6,0.47,-20329.68,9,1788459434161,1788786865104,3.8,-11069.44,0.544,42256.991666,3,6823.53,16.1,False,False,False
0x7aa2a2d584100d0ebd2ce804c34b9f2d544d9701,True,1752,852,370,482,43.4,0.54,-33501.3,36,1741138580166,1779940778414,449.1,-6428.4,0.192,0.0,0,0.0,,False,True,True
0x7ab6a0a9d9d39ac8678eaae5d42c19d174262b07,True,1168,578,331,247,57.3,0.92,-101.42,10,1781539401408,1787038203614,63.6,236.89,2.336,0.0,0,0.0,,False,False,False
0x7ac7af51d5443898ae63a62b017303cb73368056,True,2000,1203,682,521,56.7,0.61,-12168.84,2,1779023838181,1783032722738,46.4,-3776.94,0.31,0.0,0,0.0,,False,True,False
0x7ae7b10ec45c9e91b6bc63ac311a332082c4acc2,True,1617,674,315,359,46.7,1.63,10705.85,25,1768031756889,1788800906058,240.4,2477.62,0.231,8184.590628,1,1066.95,13.0,False,True,True
0x7afe780344951451e05a3caefe1b661e1d4e3051,True,2000,942,587,355,62.3,2.19,89537.46,10,1745494293474,1784659610449,453.3,-24150.22,0.27,0.0,0,0.0,,False,True,False
0x7b3748e8e35fd1f1f6fc7656494de4bc6c61a888,True,2000,1047,588,459,56.2,0.48,-25003.42,7,1788127508160,1788809010489,7.9,-3351.63,0.134,12734.631311,0,0.0,0.0,False,True,False
0x7b48e6a3a3c90f6e194b2f1c67b49091b7d543a3,True,2000,720,631,89,87.6,2.34,33735.56,47,1785161751694,1788802080369,42.1,3465.82,0.103,9361.864817,2,-7387.3,-78.9,True,True,False
0x7b5fda757db52ea84f6271f9520db35ec76baf52,True,2000,1000,481,519,48.1,0.83,-359.04,1,1788301831797,1788810754326,5.9,106.43,0.296,8605.324145,4,-26.55,-0.3,False,True,False
0x7b73b70c70b4c620029a4b2fecf95b151ac43894,True,1146,548,501,47,91.4,2.57,20246.83,7,1726746599957,1788746170486,717.6,-2455.34,0.121,85.28668,1,2.04,2.4,False,True,False
0x7b947037d802962d27761b43a5c7dde96ddc011b,True,2000,828,785,43,94.8,2.63,19967.16,7,1771959439980,1788778147048,194.7,12055.75,0.604,6436.964455,1,27352.84,424.9,False,False,False
0x7bad90597d2d6d18ccd35d3dea59fe1f04ba6b88,True,189,99,38,61,38.4,0.07,-4532.27,1,1778835309229,1780825019545,23.0,-1889.83,0.417,0.0,0,0.0,,False,True,False
0x7bd5d48610d08cea33686bc8972ec447041cc9a4,True,2000,959,444,515,46.3,1.79,2445.6,33,1780694584345,1788532039154,90.7,207.5,0.085,0.0,0,0.0,,False,False,False
0x7bef7fff4b2dcfc39ed2ab73a9c4a8c5346b5282,True,2000,993,579,414,58.3,0.18,-119524.62,17,1768907820674,1788678085614,228.8,-31065.5,0.26,2596.008109,1,-330.5,-12.7,True,True,False
0x7c0554c66d27f4b8f92570d7055895c522d96100,True,304,188,72,116,38.3,5.12,11166.23,10,1728985253468,1787831131390,681.1,3998.66,0.358,8705.833628,2,324.92,3.7,False,False,False
0x7c24998cf29917fcb94a020bcb161cb9113219d8,True,2000,929,214,715,23.0,0.07,-344262.14,7,1761566538780,1788447599445,311.1,-43947.62,0.128,0.0,0,0.0,,False,True,False
0x7c43bab90c43727a1b23e54d1320971e8c032cba,True,2000,957,319,638,33.3,0.31,-49187.12,2,1776290988971,1780640263639,50.3,-5312.86,0.108,0.0,0,0.0,,False,True,False
0x7c5a0bba6088371d15cad5e224efc8cd4fa3ece6,True,151,55,52,3,94.5,6.19,4727.27,4,1781790584210,1785948110864,48.1,1621.41,0.343,0.0,0,0.0,,False,False,False
0x7c6670c191c787f2aaa59effe455d11cdb04bb40,True,2000,843,352,491,41.8,2.25,13265.85,34,1787140873968,1788782904387,19.0,3848.8,0.29,4479.998361,1,1256.35,28.0,False,False,False
0x7c701e317178d5a475913adddf259f6028cbeccb,True,1882,910,489,421,53.7,0.78,-381.69,19,1760952543211,1773392095548,144.0,-135.52,0.355,0.0,0,0.0,,False,False,False
0x7c8473d3852c63559a8a35c9dc0a7b764a653042,True,2000,971,466,505,48.0,0.87,-2294.21,12,1762565608502,1776114171375,156.8,-1855.72,0.809,0.0,0,0.0,,False,False,False
0x7cad42d924212b07e9b299004c1f0b1098b809b5,True,2000,463,291,172,62.9,4.17,40682.58,18,1772283184506,1787900146898,180.8,2299.0,0.057,0.0,0,0.0,,False,True,False
0x7cbf2d17a35e61e6a661502a47335d4055ec181b,True,2000,966,506,460,52.4,1.67,6158.15,6,1780941418141,1788809071961,91.1,2779.21,0.451,0.0,0,0.0,,False,True,False
0x7cd755536d0600d31f1958383d088c3b13591b00,True,2000,1030,297,733,28.8,0.74,-5066.16,16,1749719653559,1787529600082,437.6,-833.65,0.165,0.0,0,0.0,,False,False,False
0x7d0ccd71a45fc0612c0d3a4308cf0eb6944c7b07,True,2000,710,378,332,53.2,1.07,622.09,10,1788683347840,1788808590986,1.4,-1380.68,2.219,10761.880185,4,541.42,5.0,False,False,False
0x7d1eb7c855bf2692b0d4cc1e49193a3845bc9199,True,2000,618,308,310,49.8,2.38,23868.0,21,1775821766478,1787726577908,137.8,9918.35,0.416,0.0,0,0.0,,False,False,False
0x7d34ddcf8a6454cc81a1631a2f607ea8f79ef032,True,697,246,136,110,55.3,1.17,1024.31,1,1776480571915,1788796870472,142.5,-1098.88,1.073,2312.78645,1,-75.14,-3.2,False,False,False
0x7d5a5b7060638e419b70d84cd4291bdefe3464fc,True,964,557,244,313,43.8,0.92,-515.15,28,1752826251973,1787690375754,403.5,691.91,1.343,0.0,0,0.0,,False,True,False
0x7d73645f9657ff9c569be2490325d0cf52633227,True,2000,1003,476,527,47.5,0.84,-1511.11,20,1781345728565,1788810389921,86.4,-915.23,0.606,5016.614877,3,-312.41,-6.2,True,False,False
0x7d97ac3540fec3a324f4048b9fb255f4b7b5e1c8,True,2000,809,707,102,87.4,1.74,1848.88,36,1753681840606,1788490570736,402.9,2309.5,1.249,1510.391153,3,-1925.48,-127.5,True,True,True
0x7dad813ccc03cd186f30fdccf3dc8aa770110694,True,576,335,204,131,60.9,1.37,1043.28,18,1787693421605,1788789537856,12.7,-616.15,0.591,4844.954345,0,0.0,0.0,False,False,False
0x7dbd2da3ee2cc975809866fcbf6a9620df1f9aad,True,298,95,77,18,81.1,1.7,3107.28,3,1785874781188,1788735806372,33.1,2278.04,0.733,0.0,0,0.0,,False,True,False
0x7dd75f3c7016dd27aeeb29470ae997e8e60f6734,True,2000,789,435,354,55.1,0.32,-21258.28,11,1778768082588,1788272876931,110.0,-3070.1,0.144,7129.973841,1,301.93,4.2,False,False,False
0x7deccc1fdf818b75712339e08d1cfa9e1c1356c7,True,2000,1386,780,606,56.3,0.97,-262.84,22,1788554586923,1788811142061,3.0,-583.49,2.22,33211.806809,22,-172.72,-0.5,False,True,False
0x7e08b516a13cf8e0be1772cfd0075a2cd33edb19,True,2000,975,402,573,41.2,0.73,-2147.83,26,1775089691132,1785929746538,125.5,-376.85,0.175,0.0,0,0.0,,False,True,False
0x7e1e06ae756fa83412b3830c39f43a5503d6e3bd,True,2000,911,16,895,1.8,0.01,-27631.68,3,1776359451203,1784862983023,98.4,-1153.27,0.042,0.0,0,0.0,,False,False,False
0x7e325c6c5f20123247f4ad28cdc0693cda8a62c0,True,2000,1014,655,359,64.6,0.7,-2707.87,11,1773703621924,1788220800019,168.0,-751.92,0.278,0.0,0,0.0,,False,True,False
0x7e4e766d0ae5ea9cded0c694669194db92800107,True,2000,1998,1715,283,85.8,126.91,1796801.17,2,1788557023789,1788800722406,2.8,641158.86,0.357,0.0,0,0.0,,False,True,False
0x7e698eea0709e4a0dbbd790fc493d60691801157,True,2000,1186,756,430,63.7,1.19,1087.01,30,1788250316514,1788364269669,1.3,-743.78,0.684,0.0,0,0.0,,False,True,False
0x7e8e19715a6b8c5219f99c5f64612a67fb0b3a98,True,813,335,148,187,44.2,0.77,-2041.8,6,1779896691288,1781723177341,21.1,-852.97,0.418,0.0,0,0.0,,False,False,False
0x7ea426064bd21095d35c7c87c8a8c8fdc81cffda,True,2000,980,413,567,42.1,0.84,-12121.73,9,1780538846138,1788465237485,91.7,5463.25,0.451,26700.442149,2,-6091.04,-22.8,True,False,False
0x7eb4d1f3b748890d7dfcd8eae09b087454fedce9,True,2000,953,427,526,44.8,1.2,19716.51,33,1779361986051,1788795525786,109.2,14121.84,0.716,21659.43278,3,8144.53,37.6,False,True,False
0x7eca54f3c1854beb1cf346fb3451bb6635d921b9,True,2000,1020,485,535,47.5,0.82,-6824.94,2,1785463481632,1788808649475,38.7,-3192.96,0.468,0.0,0,0.0,,False,True,False
0x7ee9033aad1d11a80f1c1e8d769feacbc97416db,True,172,123,76,47,61.8,0.79,-5357.11,3,1768420534019,1778850300035,120.7,-8974.95,1.675,0.0,0,0.0,,False,False,False
0x7ef6b5416f4d2aec53422abaf251619e65176a3a,True,655,393,325,68,82.7,9.37,75522.74,18,1772527217688,1787624271170,174.7,35043.44,0.464,61256.470719,4,95216.17,155.4,False,True,False
0x7f1053cea04935143250c88c9049449826cd8b9a,True,2000,808,520,288,64.4,1.75,33285.19,25,1764885114564,1788437016996,272.6,8465.71,0.254,20916.763428,1,-10374.71,-49.6,True,False,False
0x7f19d9debb9453776376cb946d7c560f05955634,True,2000,979,323,656,33.0,0.55,-10825.04,5,1777734733616,1778445208954,8.2,-2639.72,0.244,0.005922,0,0.0,0.0,False,False,False
0x7f2402d350915f5ba421781cfbfde2c1f0c6ae50,True,69,34,34,0,100.0,inf,978.15,1,1776718308333,1776791066121,0.8,275.06,0.281,0.0,0,0.0,,False,False,False
0x7f38cab44ae5f736fc9c461dbffc317115e1bd91,True,2000,1269,1225,44,96.5,1.75,4096.22,2,1780675552578,1784284150888,41.8,-2369.01,0.578,0.0,0,0.0,,False,True,False
0x7f5563907850d7e910b565b2c356607fb7ee572b,True,2000,1026,541,485,52.7,0.92,-1018.01,22,1778023772881,1785715200028,89.0,-1155.84,1.135,0.0,0,0.0,,False,True,False
0x7f619932cdccbb8b9a474fd5d3097b4fa0f7c100,True,136,55,18,37,32.7,0.06,-29493.37,1,1782516270322,1787581393065,58.6,-3438.3,0.117,0.0,0,0.0,,False,False,False
0x7f76d15c57df1a4a6a9b92a22bcb67b19ec20231,True,2000,1008,618,390,61.3,0.77,-2071.75,24,1755040596959,1788739200041,390.0,-1653.73,0.798,0.0,0,0.0,,False,True,False
0x7f92f504b03f52abc8243f7e7ef7a3444490bc23,True,2000,1038,486,552,46.8,1.21,6172.51,2,1788271708999,1788482305202,2.4,3913.03,0.634,0.0,0,0.0,,False,False,False
0x7fa77093e83c9292c2357ea799ac2c57ec138203,True,2000,760,338,422,44.5,0.42,-4450.93,5,1788229628230,1788796250106,6.6,-508.94,0.114,0.0,0,0.0,,False,False,False
0x7fb9f5fb6bee43e6ad6df57c5eb8ffe81a60775b,True,557,282,219,63,77.7,1.78,33337.84,4,1781199179212,1787175828334,69.2,25787.47,0.774,0.0,0,0.0,,False,False,False
0x7fcd966a3d5301447e30ae432e748280d1da8723,True,875,468,245,223,52.4,0.87,-1013.06,13,1749654225883,1783506706622,391.8,-1456.1,1.437,0.0,0,0.0,,False,True,False
0x7fe3700a2d2729918f9cf4d9591a2a31f4a10f52,True,1430,731,327,404,44.7,0.62,-5507.47,4,1745415538654,1778454132049,382.4,834.12,0.151,0.0,0,0.0,,False,True,False
0x8006041a14c28928d120a4d6b524795fe3d60e6b,True,225,83,23,60,27.7,0.03,-6161.13,2,1776999722257,1787195663045,118.0,-4307.71,0.699,0.0,0,0.0,,False,False,False
0x801c9f00e5bb86ac99ea4b65ced7157eb5d87102,True,2000,1157,420,737,36.3,1.93,1705.78,3,1775202993818,1787559354002,143.0,232.24,0.136,0.0,0,0.0,,False,False,False
0x803a468f00fae561327a6a56a3300316ff4f0722,True,1099,451,271,180,60.1,0.37,-92203.63,20,1756403996495,1787376968891,358.5,-29953.06,0.325,0.0,0,0.0,,False,True,False
0x80464a80146b09cd86db0e7b69dcfaaab67307d6,True,366,176,79,97,44.9,0.77,-1917.13,2,1771695622651,1787936402956,188.0,943.05,0.492,0.001347,0,0.0,0.0,False,False,False
0x805a5851db09f030a0d79076ac6b9bfe6070d420,True,789,193,56,137,29.0,0.27,-44276.43,14,1756388473485,1785326496863,334.9,-4899.66,0.111,0.0,0,0.0,,False,True,False
0x807c89a2ed401b5646f0548845a2a0ba9985b17a,True,2000,892,273,619,30.6,0.4,-9706.81,5,1786110442583,1787309525011,13.9,-5131.26,0.529,0.0,0,0.0,,False,True,False
0x808fda72039e892730fb1e86256feceb7cc95422,True,2000,944,639,305,67.7,0.5,-15461.24,15,1778189479393,1788809754710,122.9,-2404.52,0.156,3369.137475,1,610.06,18.1,False,True,False
0x80ac145598eb759c26e40ebf0a95ad6128a5a3d7,True,883,442,53,389,12.0,0.02,-25740.5,3,1787517609487,1788525090465,11.7,-1812.48,0.07,0.0,0,0.0,,False,False,False
0x80bcb08c54bbd5abb37528425b1f8ad2507c9b62,True,2000,600,570,30,95.0,10.21,54306.15,3,1782098930865,1788463395560,73.7,3256.2,0.06,0.0,0,0.0,,False,True,False
0x80df4bd049d1addf62f1774dd3823ea777d5d9b3,True,2000,1001,798,203,79.7,1.95,11485.37,14,1779991644398,1788464776994,98.1,-1536.76,0.134,16479.231869,1,-10331.56,-62.7,True,False,False
0x80f2e5f37b047d875c5685a67450965417b90c3a,True,2000,874,874,0,100.0,inf,268578.01,4,1778679552288,1788762707394,116.7,27458.9,0.102,67976.929879,2,-3678.28,-5.4,True,True,False
0x810b4141ce223ef36f5760f51acfc228289f537b,True,2000,676,453,223,67.0,0.0,-630001.65,10,1779209426769,1781185501538,22.9,-81558.72,0.129,0.0,0,0.0,,False,True,False
0x811a8ca0e5e5577d56454c0049e6b9969d715700,True,2000,978,604,374,61.8,0.67,-5658.65,23,1765317479352,1787519461674,257.0,-4585.8,0.81,0.0,0,0.0,,False,True,False
0x8128f1338d1ca22d4f17258e3171f0e36d859e19,True,2000,949,446,503,47.0,1.53,11662.48,6,1768167220846,1787866454808,228.0,2076.83,0.178,12089.409384,1,3982.07,32.9,False,False,False
0x8145e78168f4ebab96b9578df029abb7d4841897,True,1360,503,234,269,46.5,1.39,8239.02,2,1772535170758,1778776240655,72.2,3286.45,0.399,0.0,0,0.0,,False,False,False
0x8157e6ae7123d48988a13ed1a9c0abd18d3f08c8,True,2000,851,685,166,80.5,1.85,40021.57,22,1762620488450,1788147963267,295.5,-12863.32,0.321,0.0,0,0.0,,False,True,False
0x816ed4279046dde86ad87edc8404b2cc4c86e8b5,True,2000,947,434,513,45.8,0.94,-815.73,19,1787546493747,1788807223936,14.6,2859.71,3.506,0.0,0,0.0,,False,False,False
0x818358728c4461d6aa4e0aa5cd8c6d38381c0dfd,True,2000,1074,403,671,37.5,0.49,-22439.56,11,1777636151437,1780640719102,34.8,-4188.68,0.187,0.0,0,0.0,,False,False,False
0x8199c938d7f3976b6c47a6a85cec5bff490ee001,True,2000,958,512,446,53.4,1.06,88.11,14,1783029811230,1788197139525,59.8,162.54,1.845,0.001736,0,0.0,0.0,False,False,False
0x81a7b1665e33373ec30aa4b782ffbca7e2f5b4bd,True,1108,509,146,363,28.7,0.78,-5540.97,11,1737601052986,1780004423996,490.8,3551.56,0.641,0.0,0,0.0,,False,True,False
0x81be3b4989a0c8395e29e3ee8fdec1e7cefba613,True,2000,1036,512,524,49.4,0.68,-18848.03,66,1738625940797,1788705138452,579.6,-6489.85,0.344,38952.921352,4,3678.95,9.4,False,True,True
0x81d3ffbfd90252f5260c942c3e4930bef1155a10,True,2000,968,724,244,74.8,5.4,173796.46,12,1776350525565,1788525096648,140.9,11224.04,0.065,0.0,0,0.0,,False,False,False
0x81ef33deafe014daece514bfdd175dfa24969031,True,2000,1050,424,626,40.4,0.48,-32724.81,12,1785802589141,1786210522091,4.7,-13833.99,0.423,0.0,0,0.0,,False,True,False
0x81f9669b426ee6f308f8c09021f8b3ad4b16a443,True,291,129,63,66,48.8,0.06,-36390.35,4,1756524337062,1774622255800,209.5,-17094.19,0.47,0.0,0,0.0,,False,True,False
0x82189039141541ba993e38182ba7d64b9ed6ce5b,True,2000,990,452,538,45.7,0.61,-31168.51,10,1781585090196,1787465649281,68.1,-6171.67,0.198,0.0,0,0.0,,False,False,False
0x8224b007128d27dfcde3171cd1b8590d8e3f48e8,True,2000,974,348,626,35.7,1.08,494.7,11,1786752065885,1788807133925,23.8,-364.86,0.738,1081.135162,1,75.43,7.0,False,False,False
0x8250a1218e7a2cd94a6aae92790720e0a09e42eb,True,1309,627,226,401,36.0,0.62,-14768.52,31,1761654775684,1783511325492,253.0,-2606.45,0.176,0.0,0,0.0,,False,True,False
0x8269aa5a9e3fd8773885bb419c8e625b744719a1,True,2000,624,471,153,75.5,11.0,38838.41,1,1787146617127,1788784964024,19.0,1874.33,0.048,0.0,0,0.0,,False,False,False
0x82845b2c3540623a075e50c0ffa678619cb9a1dd,True,2000,989,438,551,44.3,1.25,5928.06,19,1779115820312,1788715579631,111.1,-1647.61,0.278,4137.442649,1,214.52,5.2,False,True,False
0x829a71fdc8191cc31d1412826bc49f13d414d0ba,True,2000,1377,1333,44,96.8,984.3,195595.85,9,1787167133574,1788613645788,16.7,30134.31,0.154,131063.488524,2,32670.09,24.9,False,True,False
0x82bd906bf8617abe2c0f760b942fb308d1d6755d,True,272,129,38,91,29.5,0.47,-2219.81,6,1772894099039,1787866523720,173.3,-1194.5,0.538,0.0,0,0.0,,False,False,False
0x82c98dc8f4c451be2385e053a06e129a18b594ef,True,2000,1282,1104,178,86.1,22.68,1404.37,79,1788645112746,1788810353020,1.9,144.37,0.103,0.0,0,0.0,,False,False,False
0x82ddad868b864d01339db3ff20e05b90ad17f990,True,289,137,117,20,85.4,4.23,10689.75,5,1774517703342,1788803681965,165.3,2027.4,0.19,1848.38084,2,513.11,27.8,False,False,False
0x82f396814ea03c609b82c335ef607bb91e2cb566,True,707,272,142,130,52.2,0.15,-63617.23,11,1772260030972,1784058916580,136.6,-38778.47,0.61,0.0,0,0.0,,False,True,False
0x83010d47a3b302ca7ba9d0d742ffe1e8e579be6b,True,419,183,156,27,85.2,5.95,11535.61,1,1787297493919,1788802920153,17.4,772.41,0.067,32755.29558,1,112.68,0.3,False,False,False
0x8313ca1b8b7120a0432da84306854d440ccbaae0,True,2000,603,531,72,88.1,0.49,-2117.59,12,1786479121093,1786566172918,1.0,-1686.08,0.796,0.0,0,0.0,,False,True,False
0x8327be12a7ecbcdb19415a10b1a474b22603ea7c,True,2000,814,375,439,46.1,1.06,1167.44,8,1788433345916,1788801677594,4.3,3422.05,2.931,0.0,0,0.0,,False,False,False
0x83420d6f5ac7cd9efba0b77eb1c778647dc4522f,True,983,481,290,191,60.3,1.29,2611.3,12,1753151572025,1787762831042,400.6,-1549.1,0.593,0.0,0,0.0,,False,False,False
0x8356f3c539e8f869eb76cf524ea352e38f48f28a,True,2000,995,548,447,55.1,5.24,16321.07,6,1783971026116,1788048000065,47.2,872.94,0.053,0.0,0,0.0,,False,False,False
0x83719867decba80131fd58172a25ee1c810d2d72,True,2000,1073,685,388,63.8,1.7,16521.13,2,1786956408252,1787575900392,7.2,1649.28,0.1,0.0,0,0.0,,False,True,False
0x838457c1d53e6b30416fda9dd1ef10e2191ba133,True,2000,1015,628,387,61.9,0.34,-85178.63,6,1787748150116,1788155685485,4.7,-28098.9,0.33,0.0,0,0.0,,False,True,False
0x839eeee12aa7fa673b1c03fafcf0688b5c9a7375,True,2000,1416,807,609,57.0,1.57,14092.76,37,1787664994525,1788807548349,13.2,1964.94,0.139,63710.405713,5,27520.17,43.2,False,True,False
0x83b63092575daa93641505842d39649abab22d6d,True,2000,1094,331,763,30.3,0.14,-194615.66,9,1772814791998,1773163006725,4.0,-8663.58,0.045,0.0,0,0.0,,False,True,False
0x83ced76512951c3c3284afec31905fd715003f84,True,959,358,144,214,40.2,0.53,-2622.15,8,1780257129143,1782746649123,28.8,-1144.7,0.437,0.0,0,0.0,,False,False,False
0x83e283fd2abc46c4c37b68178a7146e103b6818e,True,2000,1061,666,395,62.8,0.23,-223543.56,38,1755096811118,1784251206206,337.4,-50735.4,0.227,0.0,0,0.0,,False,True,False
0x83f61fc18d16df1fcc70af418d9817dc13111b9c,True,2000,966,588,378,60.9,0.73,-14201.52,7,1763593779310,1787879805873,281.1,-18423.2,1.297,228543.024038,2,-93851.15,-41.1,True,False,False
0x8409c203cb6622c2ab189aa933af4b2720547ffe,True,1568,781,569,212,72.9,1.28,5915.23,8,1780413214522,1781023864764,7.1,3246.45,0.549,0.0,0,0.0,,False,True,False
0x8419d99bf0c7f6b2d1c10314032f0c224e5f4c73,True,2000,1078,123,955,11.4,0.04,-26405.48,6,1775657916587,1776694240157,12.0,-967.36,0.037,0.0,0,0.0,,False,False,False
0x842feac8a8022c2ff91c4e0165316852a6e28e6f,True,2000,1018,367,651,36.1,1.0,-7.35,52,1785660606872,1788776174776,36.1,107.75,14.667,32395.691374,50,3470.83,10.7,False,False,False
0x8441e67a751759f6ded7c2697d63bc10168158f5,True,1414,747,235,512,31.5,0.92,-777.51,44,1754613852258,1781287702590,308.7,-1367.27,1.759,0.0,0,0.0,,False,True,False
0x845e081600e5176b512912869abd86d449dd920d,True,2000,997,433,564,43.4,1.21,718.03,51,1786005645593,1788775658429,32.1,191.24,0.266,43407.231555,50,3235.07,7.5,False,False,False
0x8477e447846c758f5a675856001ea72298fd9cb5,True,2000,707,535,172,75.7,7.52,18327.1,47,1770396724008,1788803006602,213.0,1395.09,0.076,7245.055324,3,-5076.97,-70.1,True,True,False
0x8484fbedae4e9b2e26df44b92cd5f81b71c8150e,True,2000,1419,831,588,58.6,1.18,10779.18,8,1786007030330,1788795249142,32.3,8832.83,0.819,440043.347369,2,271250.04,61.6,False,False,False
0x8492761ee78cc60542aa63e201d2e742d7890058,True,2000,931,57,874,6.1,0.0,-36321.26,5,1784392660233,1784904988080,5.9,-5645.1,0.155,0.0,0,0.0,,False,False,False
0x84a1c22eb2d4c19bbdcfcf2bfe975e28094d8673,True,2000,1224,1020,204,83.3,3.64,186900.07,4,1771506826012,1784905197622,155.1,26312.5,0.141,69704.554289,1,-145302.81,-208.5,True,True,False
0x84b36f07a6547b1d6a2414240db69d9bbd0ee01f,True,2000,2000,0,2000,0.0,0.0,-66765.53,1,1785551508524,1785656317246,1.2,-254.81,0.004,0.0,0,0.0,,False,False,False
0x84c6e9a85f4be27417837767b55a57a582031acd,True,2000,933,478,455,51.2,0.78,-2739.88,4,1788697809039,1788805876247,1.3,-1022.5,0.373,0.0,0,0.0,,False,False,False
0x84d99d42784d860a5f319406565ee1e08a2b53ee,True,2000,1078,635,443,58.9,1.13,95.53,1,1788596728726,1788811786849,2.5,37.99,0.398,298710.594962,1,116.08,0.0,False,True,False
0x84e4afa748bc5c65a963d2851e7248dc4fb18576,True,2000,1032,288,744,27.9,0.44,-24370.99,12,1784738097026,1787687873243,34.1,-1707.63,0.07,0.0,0,0.0,,False,True,False
0x850b8e3abda437e3ec5ec1865d6d06350c5f07bc,True,2000,1088,338,750,31.1,0.44,-10492.3,35,1773130578078,1784071251400,126.6,-1000.24,0.095,0.0,0,0.0,,False,False,False
0x851c813c5b7a2435210e6d3407053d829172fbf3,True,1250,536,414,122,77.2,1.63,2057.7,38,1784560342734,1788809590782,49.2,-249.54,0.121,1910.454429,1,0.58,0.0,False,True,False
0x8538b4b9fe2e3879e061f0aae6487221a250a019,True,2000,912,453,459,49.7,0.4,-1958.86,15,1788717399558,1788811736362,1.1,-110.33,0.056,0.0,0,0.0,,False,False,False
0x854dd5a51e33c1db8990399a1563a15516b96dbc,True,2000,692,402,290,58.1,0.79,-2666.87,34,1776499874062,1779580800038,35.7,-4977.14,1.866,0.0,0,0.0,,False,True,False
0x856c35038594767646266bc7fd68dc26480e910d,True,2000,690,605,85,87.7,0.49,-7970.26,3,1788675864040,1788811896099,1.6,-455.45,0.057,913330.277981,28,-676720.11,-74.1,True,True,False
0x858243e11ad86e748ed24180449361e4a2b4ef0c,True,2000,1030,376,654,36.5,2.42,19114.15,20,1763994505582,1775843599442,137.1,1907.3,0.1,0.0,0,0.0,,False,True,False
0x859da4fd374026150f0f5176b24ac3d71c4e0a3f,True,2000,828,323,505,39.0,3.24,19135.67,4,1788072994915,1788793690656,8.3,1853.05,0.097,0.0,0,0.0,,False,False,False
0x85b9899118fac92ca10a429361a13161af63f34e,True,2000,1094,613,481,56.0,2.25,29612.36,48,1769339617785,1788770066249,224.9,-5169.26,0.175,12002.616594,3,87.54,0.7,False,False,False
0x85d48e326cb3db87e32af9869424c05165180915,True,714,310,148,162,47.7,1.26,16780.44,4,1787230109338,1788720766431,17.3,12312.55,0.734,86145.741211,3,-4666.41,-5.4,True,False,False
0x85e012c7b8d5857042ba2f493afa5644897f7a1f,True,2000,724,475,249,65.6,2.33,8821.93,2,1779882044188,1781199800417,15.3,1660.87,0.188,0.0,0,0.0,,False,True,False
0x85ed1f02990eebe097154ef7e76dd43dd59d4a44,True,2000,1035,546,489,52.8,1.28,37203.83,16,1764548637453,1788471274417,276.9,-14674.69,0.394,10361.42695,1,-40348.64,-389.4,True,True,False
0x8607a7d180de23645db594d90621d837749408d5,True,2000,1076,737,339,68.5,3.02,207579.32,13,1787307525568,1788779600322,17.0,18949.71,0.091,1338110.264035,21,-3532828.53,-264.0,True,True,False
0x862761cab3e948c6963b87cf2c0afa337da9010e,True,63,28,23,5,82.1,7.62,16383.02,2,1765565565679,1787425410732,253.0,8661.49,0.529,35853.487671,2,-2562.16,-7.1,True,False,False
0x86407633391ae5d311f909fdc20ff976e5f85e2b,True,2000,804,537,267,66.8,1.06,592.62,19,1783303862189,1788783165590,63.4,547.77,0.924,217.091827,1,-18.69,-8.6,True,True,False
0x86562d6b2fc550432a6f6c091d3a3d578541da7e,True,2000,816,210,606,25.7,10.17,14299.54,12,1773950375965,1787835646402,160.7,1981.94,0.139,24958.578584,0,0.0,0.0,False,True,False
0x866840b2f1d32ed1fe3993a7d9c6f46cb0489665,True,2000,859,280,579,32.6,0.19,-41690.82,5,1788235870374,1788790535879,6.4,-3076.64,0.074,0.0,0,0.0,,False,True,False
0x867b93ecb8ebfc900a0412661476d469361e0004,True,2000,1009,220,789,21.8,0.05,-23650.68,5,1774041969766,1774355688903,3.6,-912.26,0.039,0.0,0,0.0,,False,False,False
0x869ec4a61a56267df7478c648e7811f6dd8a1279,True,178,66,37,29,56.1,2.2,4230.37,1,1776437067527,1782396615123,69.0,-2231.3,0.527,0.0,0,0.0,,False,True,False
0x86bc2e11f0f2554f40d56883e73850eec5d4360a,True,1396,581,194,387,33.4,1.15,7345.33,9,1765931081846,1784397925699,213.7,9678.14,1.318,0.0,0,0.0,,False,True,False
0x86e38d1905b2005f9005400763cb4730fb27dfad,True,363,133,19,114,14.3,1.46,4287.12,6,1761992652456,1788455209048,306.3,8438.26,1.968,0.0,0,0.0,,False,False,False
0x86eea161d834fca5e0179513e18c2a141c82d413,True,2000,912,384,528,42.1,0.84,-3790.16,32,1761991150406,1788149463243,302.8,-5504.9,1.452,0.0,0,0.0,,False,True,False
0x87076393824047ae24803058ed5ba796f152f46a,True,529,231,79,152,34.2,2.45,6438.29,15,1780481311472,1788796668482,96.2,1433.76,0.223,53277.252166,3,608.72,1.1,False,False,False
0x87227189c09149dab709acd5c6bd5400ef300d6e,True,422,159,107,52,67.3,0.19,-6884.65,2,1780912480584,1782993209308,24.1,-7491.69,1.088,1e-06,0,0.0,0.0,False,True,False
0x8730154f2c794a59cd6adb0d8328a9770c13b616,True,2000,1030,422,608,41.0,1.07,2252.0,20,1782987455444,1788793947998,67.2,-3182.25,1.413,27588.558413,5,182.88,0.7,False,True,False
0x874142920e1a2c2f1cb42cbbb8b9fdc69004e6a3,True,2000,1069,381,688,35.6,0.98,-520.6,10,1779789248973,1787584738548,90.2,2108.84,4.051,0.0,0,0.0,,False,False,False
0x8758fccac1f561b396445e03d87fcd1c33aea182,True,2000,1121,743,378,66.3,7.73,47645.05,13,1787148675898,1788295881229,13.3,1883.87,0.04,0.0,0,0.0,,False,False,False
0x876bbc52c64e1e34e68d30a18816d651aec2cb46,True,2000,985,468,517,47.5,3.97,7789.67,4,1788633236073,1788804600662,2.0,543.96,0.07,0.0,0,0.0,,False,False,False
0x87904e5a9ef3d48b020d2964341de985a1d5c6ae,True,233,114,86,28,75.4,13.96,19849.36,6,1776174882346,1788732077003,145.3,3565.9,0.18,15805.727615,2,2822.21,17.9,False,True,False
0x87a6be3552386cc5266a5596c88022d7d8f4aa97,True,2000,1169,631,538,54.0,1.96,9068.96,16,1784871370055,1788799570663,45.5,948.34,0.105,4082.119176,2,25.04,0.6,False,True,False
0x87b9aca0f8b67ab84371bca7365b89d69ec1b9e4,True,1140,571,233,338,40.8,0.97,-462.87,4,1763768895419,1784438893667,239.2,-2078.45,4.49,0.0,0,0.0,,False,True,False
0x87d6d1a290685ba69ff85397ac97ae734758946c,True,1373,922,418,504,45.3,1.04,973.61,46,1745792336922,1788652800016,496.1,-4658.84,4.785,0.0,0,0.0,,False,True,False
0x87e4393fb6d07e728bc3831233359df740907f9e,True,2000,907,555,352,61.2,1.43,10158.66,69,1768943901478,1788625289137,227.8,5856.69,0.577,7539.975146,2,-2539.9,-33.7,True,True,False
0x87fac7bfbde837d83e8e17755af82c5052e95cea,True,1050,574,516,58,89.9,0.92,-213.47,5,1764041602304,1781392883993,200.8,-1579.72,7.4,0.0,0,0.0,,False,True,False
0x880d9fceaad12126b493b10c4d7f73e45caa5bb8,True,2000,698,548,150,78.5,3.83,3997.53,19,1770580513549,1778003837904,85.9,329.89,0.083,0.0,0,0.0,,False,True,False
0x881ca0108b3b42571f51bb4aad34c790deada3fa,True,2000,1263,428,835,33.9,0.88,-587.49,25,1779988219420,1788795516999,101.9,-452.68,0.771,0.0,0,0.0,,False,True,False
0x882d2d8187fd25e661a41104d9625e388c416afc,True,2000,781,490,291,62.7,0.66,-9177.07,12,1781040388143,1787375416155,73.3,1936.2,0.211,0.0,0,0.0,,False,False,False
0x88370c6d9550057938db79660095f7f0ebb6338e,True,120,42,12,30,28.6,0.08,-2932.02,1,1787306961363,1787692091909,4.5,-1746.23,0.596,0.0,0,0.0,,False,True,False
0x884b0a592a1f299e2c092862a836f50f7774c36b,True,1799,945,250,695,26.5,0.66,-2989.8,10,1776811250765,1782897762026,70.4,515.55,0.172,0.0,0,0.0,,False,False,False
0x885f415bdf4e627ce756678bc371135a502f44e5,True,2000,916,438,478,47.8,0.72,-5502.09,7,1775746056725,1787672934217,138.0,-1335.56,0.243,18544.418945,1,570.79,3.1,False,True,False
0x88704ff8393c2c188e908e8047603191f7d7cbf3,True,2000,1053,946,107,89.8,1.39,7304.61,20,1706794226405,1785751042739,913.9,3145.21,0.431,0.0,0,0.0,,False,True,False
0x888d57a574240407c3d2f9b6ad9374040c9c486e,True,2000,1045,470,575,45.0,1.43,2726.84,45,1784357702343,1788328803396,46.0,542.47,0.199,0.0,0,0.0,,False,True,False
0x88a0641c1fbff74b99d460c440369f44dd432af9,True,2000,828,727,101,87.8,17.25,68769.07,4,1786022408934,1788801472540,32.2,17640.95,0.257,344695.946987,1,16595.97,4.8,False,True,True
0x88bbda5845a1669455aaa533febad1f5e6d63c45,True,2000,934,402,532,43.0,0.82,-1563.84,27,1783977259451,1786749452534,32.1,1451.89,0.928,0.0,0,0.0,,False,False,False
0x88e3bcc8007bdc13c3adf79c4eadb5ebd1844c46,True,775,363,67,296,18.5,0.39,-6178.73,4,1769865511419,1777764300568,91.4,735.99,0.119,0.0,0,0.0,,False,False,False
0x88f94a84dedbd08e51a5c1b58f25124f1145e982,True,1875,785,613,172,78.1,1.05,708.09,4,1782138182474,1788795553435,77.1,-5687.76,8.033,9157.487192,1,-412.51,-4.5,False,True,False
0x89132efe9fa560caf50d505273502c975e4805ab,True,2000,879,686,193,78.0,3.98,115740.34,25,1745568951145,1788693828283,499.1,52153.17,0.451,6782.35625,5,-466.29,-6.9,True,True,True
0x892c85ebfd43e0627c4340bf47216d822010ed61,True,2000,1061,399,662,37.6,1.02,13.44,53,1781777163650,1788792437202,81.2,22.37,1.665,4277.611414,49,339.73,7.9,False,False,False
0x89485bda47a4d4f9d53113242b4f8dcc0a0e85dd,True,2000,998,753,245,75.5,1.07,866.38,6,1788450856850,1788795825816,4.0,-2199.73,2.539,0.0,0,0.0,,False,False,False
0x895ade43d580369502fcc61f56dca51d58205356,True,2000,1031,319,712,30.9,0.68,-4141.63,6,1777515637495,1784553055211,81.5,531.74,0.128,0.0,0,0.0,,False,True,False
0x896bb9a0881d7d611419e9f9f9f54731cc85c530,True,2000,530,374,156,70.6,9.81,139498.92,5,1786132888568,1788806426587,30.9,6263.07,0.045,185350.322675,1,-4223.56,-2.3,False,False,False
0x897d8008342138dbbe6f508ecd153e87b59fc536,True,337,162,87,75,53.7,0.47,-1021.32,2,1782949615916,1787519920278,52.9,-863.81,0.846,0.0,0,0.0,,False,False,False
0x899487bca558dd912f58293eaf7d98e9c7d1b380,True,2000,785,543,242,69.2,9.25,14521.29,11,1773668419320,1788566400005,172.4,1914.8,0.132,0.0,0,0.0,,False,False,False
0x89a289b2e7436ddb73d00812f9d904d761243ab6,True,2000,974,670,304,68.8,18.07,23226.12,140,1780264913527,1788798757644,98.8,3662.43,0.158,43046.783252,0,0.0,0.0,False,False,False
0x89abe626dc7f010138bc08e0100f1e4e13c30d32,True,2000,779,575,204,73.8,5.92,5602.77,3,1775655642605,1779321600086,42.4,282.0,0.05,0.0,0,0.0,,False,False,False
0x89c0fee4b7ca37711219092cd1c0d2b4f7af87c1,True,2000,1215,761,454,62.6,0.49,-53322.15,41,1780648626120,1788707398485,93.3,-5532.83,0.104,519417.237625,4,29142.98,5.6,False,True,False
0x89da4baec446f35a1cbe17a9d1ee5c70b05ee43f,True,2000,1550,1327,223,85.6,457.82,1342837.99,1,1788462468765,1788532621149,0.8,33826.37,0.025,0.0,0,0.0,,False,False,False
0x89e39a7af7854de4222e087e3b5093da5fb75f38,True,775,265,144,121,54.3,2.82,10223.1,3,1786122789470,1787269886530,13.3,3305.73,0.323,0.0,0,0.0,,False,True,False
0x8a097bc234fa092ae32c23c51fe41ecb8a63db0b,True,983,406,322,84,79.3,0.69,-8146.26,10,1778776115542,1788667950145,114.5,-13128.44,1.612,0.0,0,0.0,,False,True,False
0x8a235e92abcd9a3aa60fbb50638aee47777653a0,True,2000,1020,678,342,66.5,0.73,-4112.22,37,1769968397206,1779294045307,107.9,1179.82,0.287,0.0,0,0.0,,False,True,False
0x8a437be94fa5edaa62ecb42e41b1232968f2de53,True,1764,778,592,186,76.1,6.72,14358.56,21,1787983360848,1788808328721,9.5,732.87,0.051,1477.171989,3,-106.19,-7.2,True,True,False
0x8a544ab75107efd541c9072a0efebb87cc4292f3,True,2000,925,408,517,44.1,0.91,-161.93,11,1787983945251,1788811701674,9.6,101.08,0.624,96.327683,6,-3.76,-3.9,False,False,False
0x8a767676d9c0618434690e72bf388af2b727d786,True,1423,610,231,379,37.9,2.67,13436.58,12,1774390158127,1788213869187,160.0,3144.8,0.234,0.0,0,0.0,,False,False,False
0x8a92d021430fe44f24e8208ad8e36c1015184f4a,True,2000,1293,971,322,75.1,4.97,97361.36,8,1786031733159,1788488686077,28.4,6614.73,0.068,0.0,0,0.0,,False,True,False
0x8aa077f5998d234ac8641d73d6bc4976e2a210fc,True,2000,908,787,121,86.7,12.28,115126.24,49,1786628764115,1788795674683,25.1,2925.15,0.025,174111.663625,12,27995.37,16.1,False,True,False
0x8aad744731e2094d59653f40b055854f4b8fe443,True,2000,905,513,392,56.7,0.63,-13154.77,54,1784660200823,1788806565916,48.0,-4335.27,0.33,4974.500695,1,-597.9,-12.0,True,True,False
0x8ac033322b353c7e7b0373d42d9fd73ff32a7ef6,True,2000,1027,833,194,81.1,3.09,12403.29,11,1788605499025,1788812327713,2.4,-815.89,0.066,56385.014158,7,-23478.68,-41.6,True,True,False
0x8adf9cb2a547bb724fc6e746201d916a01b65150,True,1068,554,125,429,22.6,1.11,1325.85,14,1745255192977,1788790076332,503.9,3970.5,2.995,299.863571,0,0.0,0.0,False,True,False
0x8aea250f731b3c226a2c949a0e644996b9e486b6,True,509,197,58,139,29.4,0.53,-8634.51,13,1753028581421,1780681893154,320.1,-2332.38,0.27,0.0,0,0.0,,False,True,False
0x8b04b421a9e80a26c4f411a92f17cd3d39798bd5,True,1715,995,898,97,90.3,3.51,238449.73,4,1771827569109,1782286186164,121.0,32674.93,0.137,0.0,0,0.0,,False,True,False
0x8b109286d657b9bbefeaacf74f3a40c01c505d8d,True,1956,1014,360,654,35.5,0.74,-6131.8,16,1782324007732,1783545714509,14.1,-3056.79,0.499,0.0,0,0.0,,False,True,False
0x8b2917c57fd6dc5466886d4d76b3b2ce0c85246c,True,1330,696,297,399,42.7,1.51,7143.96,11,1773802820536,1787284724502,156.0,13490.16,1.888,0.116626,1,0.17,145.6,False,False,False
0x8b3515d1410aaddbf7458c831afdcf6b7ec72990,True,1429,481,297,184,61.7,2.42,236677.74,10,1752400063564,1788810356166,421.4,126123.05,0.533,0.0,0,0.0,,False,False,False
0x8b61a50f7091abbc7ab292d3a24b9eeb4a29c0c2,True,2000,980,630,350,64.3,1.01,1503.33,5,1788251871405,1788712648876,5.3,-25224.09,16.779,1197035.11791,3,456812.34,38.2,False,True,False
0x8b6bce2de2d2fe7d648ed67931ef2cd1763fba65,True,1198,623,280,343,44.9,0.48,-16135.72,10,1770447424380,1781336830997,126.0,-6401.78,0.397,0.0,0,0.0,,False,True,False
0x8b800a3cedd06605d2ef8cb4ffeb44dac46fb060,True,532,260,202,58,77.7,1.69,13486.31,8,1765656173317,1787875200079,257.2,6342.6,0.47,48557.209743,2,2073.68,4.3,False,True,False
0x8b8ed3d4775e6a76a82f022ab62281a2974df1ca,True,2000,1023,695,328,67.9,5.15,41553.24,23,1788397432911,1788811962751,4.8,445.26,0.011,0.984927,0,0.0,0.0,False,False,False
0x8ba4126dc72a5e85168e73d64fa2f5adcb58fc96,True,2000,989,600,389,60.7,1.61,14786.99,26,1736374848060,1788795875723,606.7,-2650.61,0.179,206.081049,1,2.2,1.1,False,True,False
0x8bc2b003e8172791ff8c0afc4915f9a5688a1173,True,726,405,233,172,57.5,3.01,15151.55,32,1737567614308,1788529367163,589.8,2400.99,0.158,0.0,0,0.0,,False,False,False
0x8bd10f08040e4884fa75c237aac3a00a3b296c6f,True,441,226,99,127,43.8,2.86,6227.93,3,1772872327008,1788446799817,180.3,3057.91,0.491,0.0,0,0.0,,False,True,False
0x8be2bc17fde740d524355478a1bc97e217405a83,True,2000,979,482,497,49.2,0.15,-6166.13,2,1788379345272,1788473691067,1.1,-151.86,0.025,72854.307694,0,0.0,0.0,False,False,False
0x8bfca9f67c66a2d9624b8895bdc4d6fc51eb1a86,True,2000,920,438,482,47.6,1.56,5529.88,2,1787133475178,1787938696433,9.3,1476.77,0.267,0.0,0,0.0,,False,False,False
0x8c10debea203c4e57a2bbd1a6e15c3876ba6a1bb,True,1086,588,306,282,52.0,0.78,-723.47,17,1783400980917,1788807685536,62.6,-1462.0,2.021,0.0,0,0.0,,False,True,False
0x8c22715021187ee54a651208501c0eb975839c86,True,832,477,204,273,42.8,0.2,-23568.21,15,1734625684921,1785476855165,588.6,-6803.5,0.289,0.0,0,0.0,,False,True,False
0x8c39b7cb82b9d791adcc9387098944b635c17b32,True,2000,881,588,293,66.7,1.77,22002.1,18,1787819270223,1788811735759,11.5,-3873.01,0.176,69150.902912,3,249.96,0.4,False,False,False
0x8c573a4bd1a37c4142b49fbb09f43ed2cb0a5553,True,687,324,147,177,45.4,0.86,-2912.89,40,1746123029122,1788200917116,487.0,3154.3,1.083,0.0,0,0.0,,False,False,False
0x8c7ddd5c022daa7d4402b3a8a0061417523cf5ce,True,341,93,21,72,22.6,3.01,11064.39,10,1770304710907,1783427347233,151.9,8927.11,0.807,0.0,0,0.0,,False,True,False
0x8c92affcc61fadcf21711f2c1b86f8a66d108e23,True,2000,926,318,608,34.3,0.37,-22283.93,7,1778842854679,1781024632092,25.3,-1233.9,0.055,0.0,0,0.0,,False,False,False
0x8cafa5d52ee26abda9958d09f50c0778bac6aa72,True,2000,875,388,487,44.3,1.6,5437.67,5,1784736870027,1785599090425,10.0,-830.57,0.153,0.0,0,0.0,,False,False,False
0x8cbfb794623ebc41f18d798b5749e72d42b6f2a9,True,434,233,154,79,66.1,0.49,-2352.04,14,1781158362478,1782158837479,11.6,-767.6,0.326,0.0,0,0.0,,False,True,False
0x8cca1ff714a00188dcbc7f87a83af4a03e6e5d20,True,2000,1119,279,840,24.9,0.94,-923.32,13,1779294426112,1780720877198,16.5,1560.39,1.69,0.0,0,0.0,,False,False,False
0x8ce248a79ad77b12dcf6eb04d3b6c8aba98bfa5d,True,2000,983,740,243,75.3,1.9,2720.75,6,1785208571976,1788747494378,41.0,658.22,0.242,6659.187138,1,-1382.92,-20.8,True,True,False
0x8cf7baae1bb4662b82564b1b8d8b2a88f90c2150,True,2000,858,631,227,73.5,1.12,2088.01,59,1788297476008,1788812080508,6.0,-1155.0,0.553,1450.360737,1,-534.86,-36.9,True,False,False
0x8d0d3174be0ce60216337b4b2b74c99d7efba3d2,True,175,61,34,27,55.7,0.67,-714.93,2,1774572741938,1778260785443,42.7,-1668.14,2.333,0.0,0,0.0,,False,False,False
0x8d3d20e68e2eea58150e6d2139f180c799a6a6ff,True,2000,1097,356,741,32.5,0.46,-23684.79,15,1783087270880,1787483515555,50.9,6110.25,0.258,0.0,0,0.0,,False,False,False
0x8d52561f85941cbd133593f43a113f0c14470d2d,True,2000,875,418,457,47.8,0.11,-158117.98,3,1783353189628,1783498692215,1.7,-21817.65,0.138,0.0,0,0.0,,False,True,False
0x8d67953306cb257dd4e88b5a0c42d24cfd06f6e1,True,2000,1144,739,405,64.6,0.69,-22427.52,16,1778436410578,1786023600044,87.8,-7538.69,0.336,69965.496945,2,-60716.25,-86.8,True,True,False
0x8d7d4df07cdefbebdedf33c721123b46da34bd02,True,2000,993,449,544,45.2,0.55,-7760.21,15,1765832075170,1778914585894,151.4,-2353.23,0.303,2e-06,0,0.0,0.0,False,False,False
0x8d8ecf5cc2a288419685d26b3202f317ced50765,True,973,544,416,128,76.5,6.27,54763.65,13,1761764073466,1788701945757,311.8,1904.88,0.035,0.0,0,0.0,,False,False,False
0x8da6beaa2f002a511809101b24d181a324ae82d6,True,2000,1156,571,585,49.4,1.59,81160.03,5,1768780712229,1781758907819,150.2,14481.5,0.178,28553.304104,0,0.0,0.0,False,True,False
0x8db471be17cd28243ce8616bbcc34a50d6c90a07,True,392,166,6,160,3.6,0.11,-17214.62,1,1770182272377,1775756434919,64.5,-2751.25,0.16,0.0,0,0.0,,False,True,False
0x8dcc9c5d9bc3532d1633dd9958c8e0d4287b15e2,True,216,84,12,72,14.3,1.48,564.18,7,1783651783475,1788790783695,59.5,842.32,1.493,1648.859355,1,-1504.0,-91.2,True,True,False
0x8de99f11d2f95db492811ca85ef93572dd358305,True,1611,603,307,296,50.9,0.47,-7228.3,1,1774010528784,1774017562260,0.1,-1608.56,0.223,0.0,0,0.0,,False,False,False
0x8e0067ded52fb7675cac5959434ab133dc62b634,True,866,445,332,113,74.6,5.55,16428.95,3,1787547909156,1788285588113,8.5,1407.63,0.086,0.0,0,0.0,,False,False,False
0x8e170df34b69e1f3ca4e295660dc7c828f40fab9,True,279,152,39,113,25.7,0.23,-13893.43,2,1776347683281,1788524204406,140.9,-5798.8,0.417,4148.875901,1,3287.8,79.2,False,True,False
0x8e2c1b9e994a03707128f11a01dba6337208b6cb,True,1053,380,227,153,59.7,1.1,838.72,24,1763754622308,1788206252832,283.0,3933.14,4.689,0.0,0,0.0,,False,False,False
0x8e418fde194558f9453832ea07689c29ed76a456,True,2000,1224,462,762,37.7,0.64,-18726.43,16,1785459923193,1788098067901,30.5,-4516.17,0.241,0.0,0,0.0,,False,False,False
0x8e5902ed47bd7bfbd40e0378e409517a1b3bfa3f,True,2000,1010,343,667,34.0,0.28,-76727.86,10,1788483424267,1788810466588,3.8,-8021.76,0.105,32965.43295,1,7446.51,22.6,False,True,False
0x8e6ed79c48944265fe5d004010c11cb28aa105b4,True,2000,1029,330,699,32.1,1.39,12477.33,17,1787674364764,1788795651180,13.0,2545.51,0.204,252079.415896,4,-9495.47,-3.8,False,True,False
0x8e7d05f1cf2f4a29b3c44764b63df8e42c6cf7d1,True,2000,1079,333,746,30.9,0.04,-438689.93,6,1778849885475,1780700027472,21.4,-69099.07,0.158,0.0,0,0.0,,False,True,False
0x8e9a979d15f5da0bda3e6e3a1883ca3f24fabe2f,True,2000,835,421,414,50.4,0.65,-1988.26,17,1780598319278,1788479813809,91.2,-378.55,0.19,0.0,0,0.0,,False,True,False
0x8eb3f4d468a9763ee66ceb63a0c64b7044c2aa2d,True,1221,582,417,165,71.6,4.68,264073.13,4,1755211857675,1787363197947,372.1,42725.37,0.162,0.0,0,0.0,,False,True,True
0x8eceb2045904e70327e0459e1721df36b963716a,True,2000,1009,420,589,41.6,0.92,-288.48,52,1784711136720,1788797764949,47.3,154.76,0.536,34684.340078,50,2611.89,7.5,False,False,False
0x8eeba9a838d762da3b7270f24989ec339bfc0c96,True,2000,1322,382,940,28.9,0.02,-284060.22,7,1773865665836,1783779065689,114.7,-12106.77,0.043,0.0,0,0.0,,False,False,False
0x8f04b1e418693b8e1a30b01fc1e1e64e51f2878e,True,2000,962,912,50,94.8,67.33,31487.33,18,1778681623600,1779855542736,13.6,2899.41,0.092,0.0,0,0.0,,False,True,False
0x8f1fa0cb30f4edfa059454f7d9ad2c5126dc29fd,True,2000,826,606,220,73.4,0.65,-12701.71,32,1760335870252,1781499213502,244.9,-8903.07,0.701,0.0,0,0.0,,False,True,False
0x8f300feb1180c149b88e9a2473fc38e0d2d75db3,True,2000,895,352,543,39.3,0.46,-66618.44,11,1766498842999,1787297535987,240.7,-11850.79,0.178,0.0,0,0.0,,False,True,True
0x8f4d9c0ed16a26d1416ef3c4be2c2dfba2595b2e,True,2000,627,193,434,30.8,0.49,-2253.78,7,1786380430850,1787535941404,13.4,-228.28,0.101,0.0,0,0.0,,False,False,False
0x8f61bda42be4f511531164930d4545a10dd53acb,True,1167,460,376,84,81.7,2.43,88681.26,12,1778522785529,1788456744978,115.0,53322.18,0.601,3188.920079,1,125.04,3.9,False,True,False
0x8f76300da80ef04f1cd4767f9d3c1b70f22e2c96,True,1528,814,342,472,42.0,0.5,-31899.09,15,1738574531229,1788760891917,580.9,-4512.8,0.141,0.0,0,0.0,,False,True,False
0x8f8b4759dc93ca55bd6997df719f20f581f10f5c,True,2000,978,168,810,17.2,0.11,-17479.29,18,1788707042527,1788801899400,1.1,-2446.83,0.14,137218.760689,4,918.69,0.7,False,False,False
0x8fa017e1b9c426357b8d1c6544fdf7bbd1ce9f1d,True,41,29,10,19,34.5,0.46,-1817.05,1,1770091321545,1778918806793,102.2,-905.68,0.498,0.0,0,0.0,,False,True,False
0x8fafc23611d59310b957162b8479f354c5a0eb4d,True,2000,1080,600,480,55.6,0.98,-787.61,27,1770534457249,1788539472426,208.4,-13304.42,16.892,214486.483802,0,0.0,0.0,False,False,False
0x8fcdbabb103ab1bf20930d945e963f1a40fcf4ac,True,2000,802,660,142,82.3,0.72,-17665.93,11,1771509922404,1788801650992,200.1,-19241.65,1.089,76120.427459,2,-1743.84,-2.3,False,True,False
0x8fe02545e479aa8ba77d84e51b1d9ca17b88011a,True,283,168,96,72,57.1,0.72,-3956.52,7,1770829148158,1775347200047,52.3,-4734.42,1.197,0.0,0,0.0,,False,False,False
0x8fef343d31961f86bd088f86eccbb81ef41ca323,True,751,251,112,139,44.6,1.37,928.89,8,1786008691820,1787295641390,14.9,-616.71,0.664,0.0,0,0.0,,False,False,False
0x900d0b4d153d3503dd029998f8cb83d1b95996de,True,1837,809,456,353,56.4,2.51,62050.77,5,1759836507111,1788307200047,329.5,4129.29,0.067,0.0,0,0.0,,False,False,False
0x901a664271fcda5065027edcd339ca50cd9d77f3,True,2000,1226,422,804,34.4,1.64,14951.84,16,1776559146128,1788750080489,141.1,1792.48,0.12,14581.876667,1,-31.12,-0.2,False,False,False
0x9030626362f8848e5567cdf116992beeeaac3bee,True,2000,1021,490,531,48.0,0.8,-9455.69,35,1760412013888,1784297412026,276.5,4223.57,0.447,0.0,0,0.0,,False,False,False
0x903f6483376a3e125fc93aaa3200dfbf490618c6,True,2000,980,444,536,45.3,1.15,1721.82,48,1749846254533,1787753403899,438.7,-1190.55,0.691,0.0,0,0.0,,False,False,False
0x905f6ab422f205b0fe53e991c14460f472c4bc6f,True,2000,927,423,504,45.6,1.21,9771.95,19,1782989896116,1788803823033,67.3,-8393.05,0.859,13111.242909,1,27.29,0.2,False,True,False
0x906ef55b1b4b4f12a2b0b6d67a6c66c778b2d0b7,True,2000,1064,376,688,35.3,1.04,385.61,53,1773370664606,1788525042698,175.4,1038.38,2.693,0.0,0,0.0,,False,True,False
0x9080c3570a838a482f23b4906751e1b286fc25f6,True,2000,1017,326,691,32.1,0.54,-2089.61,10,1786455393761,1788638997057,25.3,140.65,0.067,0.0,0,0.0,,False,False,False
0x90a5ecd614f3d1388e8ff6833d5dcb18055ab35a,True,2000,755,394,361,52.2,1.29,7.14,1,1787582366488,1787605787077,0.3,1.29,0.18,411.024614,3,1.61,0.4,False,True,False
0x90c319161aac3ab564a834a49786bccc81bb8dd6,True,2000,763,426,337,55.8,0.52,-80606.51,9,1761916512820,1780731118526,217.8,-35059.42,0.435,404001.63521,0,0.0,0.0,False,True,False
0x90d823b4ab52639e8bd0c81d7ae0170d2f30cc26,True,544,254,133,121,52.4,0.83,-554.08,2,1780533614808,1781701840516,13.5,-446.22,0.805,0.0,0,0.0,,False,False,False
0x90f80b7ff544c160d96d69957386dc9757fab8f8,True,771,277,237,40,85.6,6.62,27940.16,17,1780230552439,1788806699096,99.3,3184.88,0.114,74804.569003,4,36858.55,49.3,False,False,False
0x911af75522a77cad9d52783f846275168b832ad9,True,1553,727,327,400,45.0,0.64,-11321.62,37,1778707483906,1787275065256,99.2,-1745.71,0.154,0.0,0,0.0,,False,True,False
0x9135aee8d53ec19dee795edbb861f113e79a22f8,True,2000,1113,292,821,26.2,0.85,-4800.72,1,1770144372815,1788381724505,211.1,3097.55,0.645,0.0,0,0.0,,False,True,False
0x91476b6f15e572c8f77b04881967d674edd6624e,True,74,31,31,0,100.0,inf,3564.15,4,1776361214887,1788740946177,143.3,1961.12,0.55,936.270392,1,-64.21,-6.9,True,True,False
0x9158d1d601ac1ee9c96f0311fddf4b5b59267c2b,True,2000,933,595,338,63.8,0.84,-2419.65,1,1782670775957,1788801255793,71.0,-1939.52,0.802,0.0,0,0.0,,False,True,False
0x916ec9c4423281818a5a3d0a6dd0e86a423629a7,True,877,404,226,178,55.9,0.59,-4302.72,3,1773978100758,1788103936658,163.5,-1255.72,0.292,5191.895358,1,-24.97,-0.5,False,False,False
0x91867345424fb158888ff9c5f1b1b2e7cd7d65d5,True,2000,728,704,24,96.7,129.23,137009.64,4,1785397764788,1787778930627,27.6,4996.25,0.036,247097.30749,1,268203.7,108.5,False,True,False
0x91968e4bde01e1dd5d595ae4d5caf306797b6d87,True,887,366,241,125,65.8,2.09,33251.22,48,1702422689908,1788607992386,997.5,18612.0,0.56,6753.462921,2,2176.97,32.2,False,True,False
0x91a69676bb6ac41bf927b421d5b2534cb3d01826,True,1232,540,385,155,71.3,1.84,28277.43,1,1779994813552,1787217666537,83.6,-9895.33,0.35,0.0,0,0.0,,False,True,False
0x91b5dc8c6885281fdd924050f4233c394e5e94a6,True,2000,1019,430,589,42.2,1.42,2493.17,16,1787420306010,1788805800585,16.0,373.89,0.15,12984.316766,1,51.43,0.4,False,True,False
0x91cac3875d31b3bb4d4fc64b62544804c6b22538,True,2000,989,387,602,39.1,0.7,-17627.73,46,1758835663698,1788447264043,342.7,-19020.81,1.079,4253.654698,2,1427.0,33.5,False,True,False
0x91f0780b4b7a6087a5f839b2e8d0622035507d35,True,2000,1019,816,203,80.1,0.89,-2515.86,39,1782361623034,1788588400964,72.1,-1850.52,0.736,14212.437998,3,7420.73,52.2,False,True,False
0x91ff791b6efaff71b293991308c500d3eea5d8fd,True,2000,964,676,288,70.1,0.65,-9307.96,1,1781633069700,1788802961995,83.0,-6337.61,0.681,4807.324977,1,86.85,1.8,False,True,False
0x921709ff63866931bc942fc1b2d98f5eb73290a0,True,658,310,187,123,60.3,1.31,8252.66,27,1718113103185,1788753693033,817.6,-4245.99,0.514,1599.079024,1,-128.21,-8.0,True,False,False
0x92278b5455eb63cbb5a68eb7c7d589db75d789bb,True,2000,1001,246,755,24.6,0.39,-11818.62,44,1768312611449,1780946238297,146.2,649.06,0.055,0.0,0,0.0,,False,True,False
0x923cfad5804fe11f307c2a1f61807965a704d658,True,2000,987,561,426,56.8,1.15,1576.94,53,1763383448839,1788805518613,294.2,-3969.78,2.517,2826.844463,4,38.3,1.4,False,True,False
0x92648b739d2427adb58f0827ae130e3aa87c1d68,True,1195,462,312,150,67.5,0.25,-25846.38,7,1765274245073,1782328037532,197.4,-1783.1,0.069,0.0,0,0.0,,False,False,False
0x9279737f23ea2c30820b61eba072002a405a526f,True,2000,1463,457,1006,31.2,20.06,4919.94,11,1772419579761,1788209938971,182.8,1335.34,0.271,0.0,0,0.0,,False,False,False
0x929781596752e22382e604ab7d38e4f159334383,True,2000,442,359,83,81.2,2.13,42028.32,15,1783891973768,1785425999347,17.8,-12539.48,0.298,0.0,0,0.0,,False,True,False
0x92ad92163f27f5002f5dab363efe536ec9701f02,True,1432,593,132,461,22.3,0.63,-72497.67,10,1769146330048,1779681493295,121.9,-14525.9,0.2,0.0,0,0.0,,False,False,False
0x92c2160f27f23ddddf0fa98f59b7b026dcf1fdcc,True,2000,893,439,454,49.2,0.67,-4978.59,3,1781162799904,1788482481351,84.7,-1200.09,0.241,0.0,0,0.0,,False,True,False
0x92d7ab46849aee85dde5b2c92b4ba30dfc862539,True,2000,1025,445,580,43.4,0.48,-8938.99,126,1774305435330,1787273389415,150.1,-1743.42,0.195,0.0,0,0.0,,False,True,False
0x92ee18538c392361f1923794aa62bd3a6550c8b1,True,2000,898,456,442,50.8,2.32,11760.48,39,1779380765987,1788773792631,108.7,4823.91,0.41,4268.95,1,-372.2,-8.7,True,False,False
0x9312e0a61f21affbd5be821f436f8fdf6b6f6663,True,1150,413,332,81,80.4,6.17,175560.84,12,1768184132604,1787946481152,228.7,16724.49,0.095,115567.743846,1,14283.71,12.4,False,True,False
0x93286c4f0862fdc3bf0b3d5c6c683b9e91293a1f,True,220,90,77,13,85.6,0.43,-7273.82,5,1783300468866,1788775559328,63.4,-3355.0,0.461,0.0,0,0.0,,False,True,False
0x933b838989013338927a7c4c2876ff90dd50f2c3,True,2000,984,330,654,33.5,0.61,-9148.67,13,1778507628498,1784067660032,64.4,-2468.88,0.27,0.0,0,0.0,,False,False,False
0x9362ca4dfd6993270b6ebe17116772aac61a7d7c,True,2000,1096,654,442,59.7,0.74,-17660.83,4,1785927143000,1788780134864,33.0,7963.1,0.451,47423.761032,3,358.34,0.8,False,True,False
0x936f9c69a7225cb786866c2c8a8d7bf42ebc262c,True,216,125,99,26,79.2,2.09,616.66,3,1765823183318,1777999859362,140.9,-175.77,0.285,0.0,0,0.0,,False,False,False
0x938a861633993318a720b268db769b681af162e7,True,2000,842,629,213,74.7,1.57,4785.56,19,1775566139062,1788774341762,152.9,-2159.84,0.451,22424.553865,3,-1555.11,-6.9,True,True,False
0x939f95036d2e7b6d7419ec072bf9d967352204d2,True,2000,1466,1378,88,94.0,24.87,1403315.95,9,1780635710306,1788698392097,93.3,19639.92,0.014,4951814.999472,2,-5369780.67,-108.4,True,True,False
0x93c80f304814b931dcbc9bf056de244874b70dbd,True,1263,681,460,221,67.5,0.94,-3650.72,2,1787292150909,1788795464583,17.4,-4364.31,1.195,2672.429123,1,-889.17,-33.3,True,True,False
0x93dcc80238baa631dba8681e4c3d6fd9c069ba3b,True,808,346,129,217,37.3,0.61,-8071.47,10,1756274024696,1787876350567,365.8,-2182.9,0.27,0.0,0,0.0,,False,False,False
0x93fce39123abf7a52ab5b667023d92627c331fdc,True,2000,1032,423,609,41.0,0.27,-91840.13,40,1777033560836,1788552761429,133.3,-6334.51,0.069,30196.240347,1,-42350.33,-140.3,True,False,False
0x9417f0013ad79427249dc7be79eb31acad7fa3df,True,2000,1018,904,114,88.8,0.67,-3326.11,5,1788679060074,1788789969376,1.3,-1822.39,0.548,82845.68351,2,-132244.74,-159.6,True,False,False
0x942683e14c62862bc6c2ba28539cfe66fdc61b2e,True,2000,922,172,750,18.7,0.08,-66297.05,9,1787151906660,1787646872885,5.7,-10479.67,0.158,2098.275,0,0.0,0.0,False,True,False
0x9445aa447c3d3fed32443bae3bae5c238ecba60c,True,572,304,139,165,45.7,0.18,-9028.96,4,1753537845944,1787210859008,389.7,-1266.32,0.14,0.0,0,0.0,,False,True,False
0x94609b233460b4cc0ccbceecd25f24a5979c33ce,True,2000,825,421,404,51.0,0.86,-3872.65,19,1787393013509,1788798635303,16.3,2230.58,0.576,33813.826569,3,20961.28,62.0,False,False,False
0x947e28189a986cf8ec35b9ad62627c9a61dcba5c,True,2000,839,465,374,55.4,0.41,-62309.41,5,1787586625572,1787837947215,2.9,-9411.96,0.151,0.0,0,0.0,,False,True,False
0x9495c084b76cccda57a39f458406129e78644f70,True,2000,778,655,123,84.2,1.63,700.06,55,1784440586071,1788811809881,50.6,150.2,0.215,2815.346751,3,83.43,3.0,False,True,False
0x94b60c2a5db13689bb06a73657ac1216424de5b3,True,2000,922,612,310,66.4,2.42,84957.28,16,1787839358096,1788796404937,11.1,-10450.5,0.123,349595.156349,12,239663.25,68.6,False,False,False
0x94d506157f08f1a9a23813739b1581adf04cfe0c,True,2000,1047,837,210,79.9,0.78,-1702.93,35,1782311739510,1788652800016,73.4,-1330.75,0.781,0.009829,0,0.0,0.0,False,False,False
0x94eef087c12f306d59c2a9ae456ee8ec06147edc,True,2000,941,613,328,65.1,0.78,-10084.62,10,1772004324720,1788757795313,193.9,-11275.07,1.118,1493.761529,1,414.93,27.8,False,False,False
0x9503dda3bc06ceb8abb5bb31301a3e72d2766385,True,1240,674,416,258,61.7,2.18,64074.47,11,1763696607016,1788622631714,288.5,5879.44,0.092,0.0,0,0.0,,False,False,False
0x951d9269a69f67b47ebfb1b3ff90d9309eeddfef,True,252,143,99,44,69.2,5.0,5349.88,3,1788448073727,1788513708323,0.8,911.79,0.17,0.0,0,0.0,,False,False,False
0x9530ef6fa64dbc701c5655897da9e4af7e74252c,True,502,118,23,95,19.5,0.27,-19356.95,30,1745832519506,1784533891137,447.9,-7250.88,0.375,0.0,0,0.0,,False,True,False
0x95465e180697879cdd127b210c4830a16e3f96e4,True,2000,750,450,300,60.0,5.28,34391.14,6,1787272010674,1788758688319,17.2,1974.72,0.057,543709.894746,3,-272390.4,-50.1,True,False,False
0x955259e8a3bffc4382390e4e4cbe2ae631ad7d2b,True,2000,1042,443,599,42.5,0.93,-1778.84,4,1779787634375,1783110765385,38.5,2255.16,1.268,0.0,0,0.0,,False,False,False
0x95684d61bda26931c52238193e946fa0dabb43c6,True,2000,945,273,672,28.9,1.2,6467.12,2,1773607174499,1788785625220,175.7,4236.45,0.655,0.0,0,0.0,,False,False,False
0x95813cce69699a66fae0ae92fcec991dc5ef48ac,True,1070,524,255,269,48.7,0.84,-5747.04,34,1770482624154,1782943494514,144.2,-4181.78,0.728,0.0,0,0.0,,False,True,False
0x959785493ba8a4bed788e62b4f5b690fa7824152,True,2000,898,606,292,67.5,1.91,22351.01,25,1781753914180,1788768375918,81.2,3131.22,0.14,7725.356656,1,-694.55,-9.0,True,True,False
0x95b8b411653328db32f59b143c6d45f8501e2b35,True,2000,1035,494,541,47.7,0.77,-9305.36,20,1760607290948,1788251877824,320.0,-2994.33,0.322,0.0,0,0.0,,False,False,False
0x95c7603944bfed303c4c93349cd61f6818931f91,True,2000,1055,774,281,73.4,21.13,126394.7,20,1741874007968,1788303631022,537.4,24859.0,0.197,0.0,0,0.0,,False,True,True
0x95da8596c44dd09f4b8becce87ad3b7894fb2328,True,2000,1208,716,492,59.3,6.81,37514.51,9,1788413578612,1788810188646,4.6,2506.66,0.067,884104.623761,5,-7661.42,-0.9,False,True,False
0x95f3c71a97b39d68dcbe8cbd1ec3666671a2216f,True,1643,817,370,447,45.3,0.55,-10958.27,13,1744574902669,1780441553868,415.1,-2201.03,0.201,0.0,0,0.0,,False,True,False
0x960287e3cc0710fac0fe1304f8042af2a67483df,True,2000,763,154,609,20.2,0.35,-11641.1,8,1759457706838,1780796018679,247.0,2577.34,0.221,0.0,0,0.0,,False,True,False
0x96119d4eddc29fbc3a7ff35c62b9b63c892ca105,True,2000,1042,371,671,35.6,2.33,9063.91,4,1780514772352,1788748889648,95.3,2263.69,0.25,0.0,0,0.0,,False,False,False
0x9633bac0ae8d720e2016d8268a9030a6acadd784,True,2000,961,441,520,45.9,8.17,232064.29,45,1724115838887,1787502896688,733.6,49865.58,0.215,4397.006545,0,0.0,0.0,False,True,False
0x964f9b5b2b0450ca7847956609bbb220047db3a7,True,2000,2000,1033,967,51.6,0.12,-10025.57,2,1788805426351,1788813281657,0.1,-163.16,0.016,3365270.893967,2,-233986.57,-7.0,True,False,False
0x9663ddce96055f201dd8fbc52178aa3430b90509,True,797,355,231,124,65.1,0.89,-1130.0,9,1768766542000,1788729312631,231.1,-2439.38,2.159,1305.84219,2,-21.54,-1.6,False,True,False
0x9683778152eddee1636baf20794d511461baeed8,True,2000,1119,394,725,35.2,0.38,-19560.99,10,1787618604714,1788785469607,13.5,-1333.47,0.068,0.0,0,0.0,,False,False,False
0x96a7923964dbfc5010079619e8af33ce240f79df,True,2000,827,784,43,94.8,154.26,592815.01,4,1780594824221,1787624899382,81.4,8951.79,0.015,1074876.415784,2,2077537.2,193.3,False,False,False
0x96ba3d8fbf4024cf93a8a5b9346fe83ac20a38b3,True,419,224,150,74,67.0,2.45,3121.53,16,1748194730827,1786883770331,447.8,2224.37,0.713,0.0,0,0.0,,False,True,True
0x96c9e0e9e5e6817a085c21f78a20ccb19d8bd01d,True,2000,996,396,600,39.8,1.01,346.83,14,1777840595994,1779063282042,14.2,-6326.52,18.241,0.0,0,0.0,,False,False,False
0x96d5ff8d6f6d94381c3e25e63984f28ffcd6256e,True,2000,817,503,314,61.6,0.39,-16147.02,31,1771604441294,1788801487494,199.0,-4235.75,0.262,446.817702,2,88.61,19.8,False,True,False
0x96ff7fde8c619752e861841e327563ad459f9eef,True,451,154,78,76,50.6,2.95,6260.67,19,1762871810642,1787594758795,286.1,3271.8,0.523,0.0,0,0.0,,False,False,False
0x9718728fed90860524d2ef4e6d038714ff319428,True,1367,582,258,324,44.3,1.64,27817.39,9,1769405672261,1786462587860,197.4,23357.72,0.84,0.0,0,0.0,,False,True,True
0x972f27f5a5c3bc90f7cb422a4ac4378927cd87f5,True,1011,552,175,377,31.7,0.42,-6706.47,3,1773115999373,1782078759530,103.7,-1864.68,0.278,0.0,0,0.0,,False,False,False
0x973f1c26fe6394ddcfd181f38f8e1f0ce8aa7d9b,True,2000,984,501,483,50.9,1.39,1924.68,39,1781190105665,1788785929349,87.9,581.29,0.302,14406.251608,2,-1671.89,-11.6,True,True,False
0x976290fad25a01d2a7cc5c3a49cb7d0b2e12995a,True,555,274,86,188,31.4,0.32,-5979.38,2,1781621464891,1781793824453,2.0,-807.05,0.135,0.0,0,0.0,,False,False,False
0x97911846d3e71330f5f667ba784d7152b6102db2,True,434,210,118,92,56.2,0.7,-3979.41,3,1735294150040,1785075422068,576.2,1668.27,0.419,24752.823558,1,8400.93,33.9,False,False,False
0x97acd049ae6d931f8eeee954b3397a08de11f0bd,True,2000,1512,1238,274,81.9,1.75,1255.67,10,1785904683550,1788659245689,31.9,399.71,0.318,1380.333332,0,0.0,0.0,False,False,False
0x97bfddffbadec6582bb3e81c8f71d17503a10626,True,2000,1417,332,1085,23.4,0.06,-49669.58,4,1785949064652,1788573780625,30.4,-3203.97,0.065,0.0,0,0.0,,False,False,False
0x97d940d531bfa2e91fa16c4974fb1b6bd34672bb,True,2000,872,490,382,56.2,1.38,2350.92,5,1786117916895,1788789388506,30.9,-416.78,0.177,0.0,0,0.0,,False,False,False
0x97ee7d16c1aebdfbfa7a9f983ac5a0ec56e63b2e,True,2000,857,368,489,42.9,0.38,-92721.71,27,1751966890833,1787547836507,411.8,-10181.47,0.11,0.0,0,0.0,,False,True,False
0x97fccc78e2549e7e46e2e1cb212559732f3e8d90,True,1975,729,165,564,22.6,0.94,-5041.62,32,1760688640883,1787800900991,313.8,8733.65,1.732,141293.74109,16,-47013.58,-33.3,True,False,False
0x980dab6e88a5650a4ac109fa9bf63cad4fc701e1,True,2000,1024,297,727,29.0,1.26,4106.16,16,1786115764988,1788515812988,27.8,1855.75,0.452,24315.630091,2,14226.19,58.5,False,False,False
0x98204f3c0b51900c7f0161dd9360ce195afe878b,True,2000,1051,914,137,87.0,0.71,-11629.98,23,1788361884315,1788720082458,4.1,-5010.97,0.431,227561.444757,2,-233274.47,-102.5,True,True,False
0x9836e286fbf4f71998827d4bd6ea3b470c26457e,True,2000,978,752,226,76.9,14.86,364775.78,4,1783104501587,1788796111277,65.9,23833.75,0.065,218287.351211,2,-92503.54,-42.4,True,False,False
0x9848ec80ac0d201e8a9a7c0ff8ee1b0670857542,True,2000,922,383,539,41.5,0.26,-7559.09,18,1775639284330,1788776001629,152.0,-488.96,0.065,0.0,0,0.0,,False,False,False
0x985c62734db8f1a9d83094280b8bf68a34769d43,True,689,296,194,102,65.5,1.41,951.34,63,1743616987104,1788802576586,523.0,-713.92,0.75,6535.251855,14,-484.16,-7.4,True,True,False
0x986f445c803f1212f22ad3533d75f8baa1964cb7,True,2000,929,333,596,35.8,1.32,14411.91,27,1762122878719,1788750080489,308.2,7099.14,0.493,31140.595929,5,1036.56,3.3,False,True,False
0x98899bdf32460e77c0ada36df00013302d324470,True,2000,1142,814,328,71.3,0.64,-29295.91,1,1783989460054,1787353535521,38.9,24906.36,0.85,0.0,0,0.0,,False,True,False
0x98acbf4317c553a323d93067c409a1928b355889,True,2000,1066,394,672,37.0,0.75,-5005.68,10,1770276643895,1780533493352,118.7,-7620.34,1.522,0.0,0,0.0,,False,True,False
0x98c60fe12b898071b2574cb011b97f07c28afad2,True,153,39,36,3,92.3,0.52,-6510.71,2,1774600548300,1782868374510,95.7,-10871.9,1.67,0.0,0,0.0,,False,True,False
0x98dae5bebc988c684731987b4c96ff17bf418aa0,True,2000,930,297,633,31.9,0.56,-12160.56,26,1781331576613,1786696001736,62.1,1083.46,0.089,0.0,0,0.0,,False,True,False
0x98eadc9dc42156f68cbf7d007d084bbf142bc0e3,True,2000,1068,499,569,46.7,1.24,568.08,23,1788766439811,1788813393890,0.5,359.52,0.633,51712.072624,3,222.68,0.4,False,True,False
0x99051543927407a39f08c36fb59a361f1e01859c,True,488,251,166,85,66.1,0.36,-6115.54,2,1734404772231,1777931941189,503.8,-5346.35,0.874,0.0,0,0.0,,False,False,False
0x991518253e8189f5283ad0c89efaa29eccbe62e3,True,352,84,21,63,25.0,0.1,-24306.49,8,1757436807571,1787349483989,346.2,-2979.92,0.123,0.0,0,0.0,,False,False,False
0x992fa1f4459042e59734c4e38bec152ff119ecdb,True,2000,774,331,443,42.8,2.86,16094.44,32,1781255844862,1788797775763,87.3,6696.61,0.416,18965.634684,2,-89.03,-0.5,False,True,False
0x994c79d72df50f2d0830a0cb1938696e6cd7961c,True,962,354,252,102,71.2,4.11,9581.56,7,1785959103116,1788811727191,33.0,743.36,0.078,19915.905096,1,-65.66,-0.3,False,True,False
0x996592206a8743cab5be61d32895ecd2456bb752,True,2000,1031,421,610,40.8,1.44,11196.72,6,1783261174014,1788492386506,60.5,6944.49,0.62,0.0,0,0.0,,False,False,False
0x9976a77c0c637045d8d5a1eaaf46a50a85da77c2,True,2000,1007,386,621,38.3,0.97,-796.93,18,1754794131416,1788714982798,392.6,-4393.17,5.513,0.0,0,0.0,,False,True,False
0x998527001e40c39cb2f98a3e6cd235331156d95e,True,2000,834,507,327,60.8,0.64,-6692.11,13,1758732065318,1788727239292,347.2,1522.68,0.228,6737.472948,1,14403.53,213.8,False,True,False
0x999ae4d2831a88a93e669d995ae818f9620e2999,True,2000,1023,237,786,23.2,0.2,-15386.47,31,1773666594970,1788447062600,171.1,-3135.48,0.204,928.913821,1,-20.33,-2.2,False,False,False
0x99a6a507c615d5af4c638526f289fb0d1ef207f7,True,2000,911,279,632,30.6,0.57,-91321.39,16,1781490390777,1788048000065,75.9,17709.77,0.194,654070.222001,0,0.0,0.0,False,True,False
0x99b9ce75c1a912407fa39892d3a4f22e2bd26ab8,True,1319,747,379,368,50.7,0.96,-264.9,12,1723176989491,1785395372373,720.1,572.24,2.16,0.0,0,0.0,,False,True,False
0x99cedf6873a69b500ed72a7e0c41125514c6409f,True,469,217,127,90,58.5,1.15,816.76,3,1760622948122,1788413917941,321.7,-680.5,0.833,0.0,0,0.0,,False,True,False
0x99da397c226894c9b8826dc741f962419ab0085b,True,1542,785,179,606,22.8,0.17,-26839.8,9,1749600381072,1785676854732,417.6,-2046.43,0.076,0.0,0,0.0,,False,True,False
0x99ef41d5ba5a5149925b0e3980d561258ec6ff0a,True,2000,813,208,605,25.6,0.02,-95979.4,5,1785426300361,1787751848492,26.9,-4137.07,0.043,0.0,0,0.0,,False,False,False
0x9a0e0723962b39a9c22873ddaf25aa5894ab1fc9,True,75,27,24,3,88.9,6820.54,790.17,3,1763037210820,1779521468157,190.8,102.85,0.13,11177.60945,0,0.0,0.0,False,False,False
0x9a281ff2f2a64e7ea8c0624159daf5614a03f6ba,True,2000,1022,227,795,22.2,0.11,-62493.6,22,1755346263567,1787553041353,372.8,-7536.33,0.121,0.0,0,0.0,,False,True,False
0x9a37179a2b2bacd9ff229e8c31f9b7bb34e36a9c,True,2000,986,247,739,25.1,1.06,1499.67,9,1775082716468,1782868372858,90.1,7053.23,4.703,0.0,0,0.0,,False,False,False
0x9a41fabcaaa28de6e1220818b61e68e8fa677e08,True,2000,1017,395,622,38.8,0.95,-66.72,52,1784548650779,1788775972020,48.9,59.62,0.894,12686.425624,50,987.02,7.8,False,False,False
0x9a5e2780204fb980a5a5714b4e6bf7a659343cbd,True,2000,1045,744,301,71.2,1.25,16774.15,10,1781617439067,1788796408532,83.1,-7530.86,0.449,11158.862082,2,-210.96,-1.9,False,False,False
0x9a7037ba8d76cc631bd673597a0c0a15b4fe4235,True,2000,845,237,608,28.0,0.97,-46.99,64,1784992833346,1788808022619,44.2,199.54,4.247,0.0,0,0.0,,False,True,False
0x9a88dd4eacc3aa561c4f50ec66bcede831bec813,True,2000,1076,642,434,59.7,7.92,69746.63,21,1785924103437,1788728838040,32.5,6456.41,0.093,131135.81915,13,11856.24,9.0,False,False,False
0x9a9998c5fb81b8b7cb7b42451c92c42c817b843c,True,2000,967,524,443,54.2,0.96,-414.54,5,1773929153270,1774977998444,12.1,-1051.33,2.536,0.0,0,0.0,,False,False,False
0x9ab62d7d7588644f9e71c51b393bd1a0cbc83c03,True,1770,537,419,118,78.0,13.96,53287.98,5,1771160093412,1787302448960,186.8,5032.72,0.094,64141.348201,1,-60962.0,-95.0,True,True,False
0x9acaa6e301eac8d29372b22d97a51302dcdef149,True,57,27,6,21,22.2,0.89,-190.78,2,1782577760425,1785103355857,29.2,629.98,3.302,0.0,0,0.0,,False,False,False
0x9b0a1713b632cff50a0994180dcd41dd20b92465,True,688,327,102,225,31.2,1.43,18206.23,10,1734196715848,1787424339330,616.1,17560.64,0.965,0.0,0,0.0,,False,True,False
0x9b177d6cfcfcc5d0b570ae0e22aa7b96bc1fb5cc,True,360,153,115,38,75.2,16.82,13164.61,15,1784290368710,1788519954276,49.0,3749.01,0.285,0.0,0,0.0,,False,True,False
0x9b37aacfd3fb918181f811342ac08adfdd98e357,True,2000,879,304,575,34.6,1.12,5426.84,7,1787581851660,1788702704991,13.0,23567.37,4.343,10643.37847,2,26185.26,246.0,False,False,False
0x9b4450244a242062b0ec2df59de72fbaf966690f,True,2000,1009,436,573,43.2,1.7,5456.31,19,1779118907739,1788769333243,111.7,1218.65,0.223,1168.544714,2,35.29,3.0,False,True,False
0x9b54264d7502f80163ea949038aad771eae67e38,True,2000,619,297,322,48.0,1.41,5577.29,13,1783966772226,1788767602543,55.6,-1526.27,0.274,0.0,0,0.0,,False,True,False
0x9b6b41a9ab77e9fd006dac8a80c562f6e34df160,True,1539,796,159,637,20.0,0.93,-732.33,11,1774508273638,1781507747881,81.0,1012.68,1.383,2021.532382,1,816.79,40.4,False,False,False
0x9b864dde6ed1c21608b1665a0ac0faa4f7e36e6e,True,2000,347,17,330,4.9,0.48,-13217.0,11,1787675270850,1788799092962,13.0,5250.33,0.397,1533933.388033,5,1781170.05,116.1,False,False,False
0x9baacc3076cac6e6e83d51bc6a7421abea7be6c3,True,848,312,231,81,74.0,159.3,31593.35,2,1788293628731,1788684255954,4.5,8740.0,0.277,57808.805336,0,0.0,0.0,False,False,False
0x9bc0bef77cb8ca8d69fdc3811339bffb5713145c,True,2000,1113,592,521,53.2,0.88,-1598.08,28,1738442540803,1788805536449,582.9,961.07,0.601,4346.654063,1,107.89,2.5,False,True,False
0x9bddf2dd89d1e02adcf275ef86d30a25b43d3b52,True,2000,660,306,354,46.4,1.11,829.93,15,1776802254643,1778115562669,15.2,-974.96,1.175,0.0,0,0.0,,False,True,False
0x9bfee5a89b883f2470fdac49c9e819386da0cb8f,True,1235,558,225,333,40.3,0.73,-2738.78,4,1772005836514,1788774909008,194.1,-620.47,0.227,0.0,0,0.0,,False,True,False
0x9c1954fa21f8d7e1cf19df331fad6fbe73f77a1f,True,709,315,165,150,52.4,1.97,18391.14,10,1768163470734,1787587200759,224.8,8166.32,0.444,0.007182,0,0.0,0.0,False,True,False
0x9c2694984f6831bc81a04cd917a67b03629cb666,True,2000,1997,804,1193,40.3,0.73,-24716.66,10,1786724181476,1788532635607,20.9,-16396.03,0.663,419459.129349,5,495028.34,118.0,False,True,False
0x9c3e737e8907bd63ca27830cd948f47b242e1988,True,308,140,101,39,72.1,0.84,-1142.83,8,1778376549403,1782440015441,47.0,-1773.55,1.552,0.0,0,0.0,,False,False,False
0x9c522e518bed1a71b5d465614bc64dd512d8f2fc,True,2000,1024,372,652,36.3,0.71,-25927.33,9,1775682657978,1788515306294,148.5,-3122.48,0.12,0.0,0,0.0,,False,True,False
0x9c5d6aa891e176b48412918eb874559fbb64889c,True,2000,1036,530,506,51.2,0.78,-4216.88,12,1781794326125,1788629424625,79.1,-1094.48,0.26,1543.729994,1,425.5,27.6,False,True,False
0x9c6c19ad9fc16a5de9fc522bfcaad474c3df1b6f,True,286,104,62,42,59.6,1.75,1457.1,7,1770993618530,1788638103469,204.2,640.07,0.439,6460.195807,7,-993.01,-15.4,True,False,False
0x9c82d27d7a4d78e4dfed513ebc44772adbcec1a2,True,1287,591,128,463,21.7,1.82,5464.34,7,1767295893254,1788374828300,244.0,2143.42,0.392,0.0,0,0.0,,False,False,False
0x9c90a27a090b43a0460a5e9024bb4fab1c3ba2ee,True,2000,924,617,307,66.8,2.38,21411.97,17,1786722643212,1788791666466,23.9,2595.19,0.121,0.0,0,0.0,,False,False,False
0x9caef5829dd3ba1389e321da91817e132ac71dd4,True,196,72,27,45,37.5,1.25,226.9,7,1759021934869,1788453038498,340.6,-351.19,1.548,0.0,0,0.0,,False,False,False
0x9cc2b45b4f510d0ff36d762d20403f85369f6813,True,88,44,13,31,29.5,1.05,528.01,5,1748602306170,1779787821612,360.9,3438.97,6.513,0.0,0,0.0,,False,False,False
0x9cd550775bb8f76b8dd6062fe45558ca3d478d23,True,1321,612,402,210,65.7,0.57,-10580.81,4,1764592832394,1786101177592,248.9,-7860.17,0.743,0.0,0,0.0,,False,False,False
0x9cf1b9af179e383e2a92886df8d67c982dea96ae,True,2000,992,565,427,57.0,0.61,-15814.0,17,1753126637863,1788087992661,404.6,-4491.52,0.284,0.0,0,0.0,,False,True,False
0x9d009f705477435f2a9c6bd9396abd8c60b1ddba,True,181,74,40,34,54.1,7.38,19384.32,11,1738834833650,1788598680435,576.0,6797.48,0.351,43413.84,0,0.0,0.0,False,True,False
0x9d097697e5b82a52f6b82c16c148a753bbf5c8ae,True,2000,914,315,599,34.5,0.53,-7093.55,45,1782147396495,1788791861164,76.9,-585.81,0.083,365.823085,2,-91.72,-25.1,True,True,False
0x9d1eb5f9121e78faa5455d1b51cbf1a0c6e8340c,True,2000,950,514,436,54.1,0.8,-969.66,1,1788186905530,1788811735560,7.2,-221.37,0.228,8878.233699,1,-7.52,-0.1,False,True,False
0x9d3d2c3e81e49edd114903db8f87c68e9666359a,True,2000,886,552,334,62.3,0.93,-1551.33,21,1781600431178,1788578313818,80.8,2089.26,1.347,0.0,0,0.0,,False,True,False
0x9d5ac2fa4f2a7677a94b5e49db2c2a41a2fed787,True,2000,901,356,545,39.5,1.49,2843.0,47,1758300743792,1787498254967,337.9,898.74,0.316,0.0,0,0.0,,False,True,False
0x9d6ca7aad4c3cbb1cc18b5e7b8e59496a03bb22f,True,2000,1057,365,692,34.5,0.22,-101445.56,10,1786614995849,1788796620041,25.3,-5646.67,0.056,0.0,0,0.0,,False,True,False
0x9d898899d5136763d26cef393451b0296e28359f,True,2000,781,192,589,24.6,0.29,-68452.76,11,1747096547676,1786173426699,452.3,-8143.29,0.119,0.0,0,0.0,,False,False,False
0x9d9b400459929af8be1a9abd162284c2ed61bbd1,True,2000,838,623,215,74.3,2.23,3972.7,13,1781617324070,1782100980639,5.6,709.19,0.179,0.0,0,0.0,,False,True,False
0x9daa04af6eafd1ca40ee14e4aa134fbb124cd977,True,1576,795,513,282,64.5,1.86,32596.28,6,1733932857857,1787572176732,620.8,3185.9,0.098,0.0,0,0.0,,False,True,False
0x9dcde9fd7566fe92fc7419cf1c1441c73badc0e9,True,2000,1383,860,523,62.2,0.3,-5911.07,2,1788494774087,1788806919949,3.6,-778.1,0.132,0.0,0,0.0,,False,False,False
0x9dea4d13ac1c469b7fe9049d43835df1be143ec0,True,2000,1037,721,316,69.5,14.58,1588241.5,7,1755027114868,1788776826737,390.6,155004.0,0.098,278247.793451,2,-245640.7,-88.3,True,True,True
0x9df4b6710b57842606044f457326cc698069372c,True,2000,975,466,509,47.8,0.68,-10103.15,15,1782734679135,1788614485026,68.1,-4576.82,0.453,9772.941655,1,-165.79,-1.7,False,True,False
0x9e0a3ad8216952b1ffaa03772b0cae25691679b2,True,2000,945,644,301,68.1,3.23,35027.92,4,1788637762252,1788748293756,1.3,2265.2,0.065,135562.929991,1,-34845.58,-25.7,True,False,False
0x9e1fdc4ed12d7cb16d30542254781eb7d0f3290c,True,2000,1204,924,280,76.7,2.14,113292.57,13,1760134630019,1784107851144,277.5,-25094.25,0.221,0.0,0,0.0,,False,True,False
0x9e3c04a383ff249d6a8e6ed83bdde7c4c2cc1833,True,1006,518,119,399,23.0,1.14,981.12,2,1776063958374,1788465328025,143.5,1188.0,1.211,0.0,0,0.0,,False,True,False
0x9e5b62c0b29a26e9f3dd356339e2f2ff7b3fde27,True,418,260,113,147,43.5,0.33,-1932.61,48,1769347192614,1787949155291,215.3,-275.89,0.143,0.0,0,0.0,,False,True,False
0x9e6b92cd44167d06b102e683df3f02e23d932e4f,True,2000,984,442,542,44.9,3.39,28808.14,32,1787529781735,1788807728032,14.8,5118.65,0.178,130015.481681,19,33701.21,25.9,False,False,False
0x9e797f0cc5f9990cb2403ba8f1579a6142b4a175,True,2000,1102,482,620,43.7,0.87,-159.56,51,1787650853521,1788775737553,13.0,-36.52,0.229,14691.114464,50,456.51,3.1,False,False,False
0x9e8c646220613d68eaf2b947f46c2b4f52bf3f45,True,2000,1303,758,545,58.2,0.21,-373577.33,2,1784733672296,1788812165782,47.2,-57820.0,0.155,24433.716132,1,5122.3,21.0,False,False,False
0x9e9f3f4e9d8361e1d916e6ccbc323f645454174d,True,2000,731,373,358,51.0,0.11,-68863.27,5,1786981004793,1787861629303,10.2,-3919.4,0.057,0.0,0,0.0,,False,True,False
0x9eb0e4b5094792154ff771ac540063a741a542d6,True,1590,680,407,273,59.9,1.52,8572.1,6,1784772509987,1788746119974,46.0,1346.34,0.157,668.351879,1,-126.98,-19.0,True,True,False
0x9ec6c430f83cda424a10eb287f62ae81ad153971,True,1193,621,399,222,64.3,1.91,2612.64,36,1742427532978,1779321600086,427.0,847.21,0.324,0.0,0,0.0,,False,True,False
0x9ee191a338e2c5163f772eb1e10c3945a779c888,True,2000,784,497,287,63.4,2.02,4039.59,41,1782831743528,1788791644604,69.0,751.33,0.186,31.338429,0,0.0,0.0,False,False,False
0x9ef4e7fb3c696e512349e44a715ab9ae10dfb754,True,397,170,129,41,75.9,1.07,213.27,1,1780487230225,1781086685919,6.9,-1046.9,4.909,0.0,0,0.0,,False,False,False
0x9f0bc119184e2d9ae3a7dcf6a04c4bf699834cb5,True,430,182,94,88,51.6,2.15,1066.02,14,1779343051008,1780412981407,12.4,302.54,0.284,0.0,0,0.0,,False,False,False
0x9f29587dc7423790e854123663b365129ee713f7,True,186,42,11,31,26.2,0.32,-1519.53,9,1753808388758,1786692106066,380.6,-782.92,0.515,0.0,0,0.0,,False,False,False
0x9f4569e9c23704693d99db2e45e155823ce6fe33,True,2000,915,472,443,51.6,0.62,-14031.61,10,1774971501857,1776432771190,16.9,-3083.25,0.22,0.0,0,0.0,,False,False,False
0x9f59ad20482da8002b0a01ef028bb7f083feea4a,True,1577,636,437,199,68.7,1.08,3568.59,15,1756453763899,1785740442738,339.0,8278.13,2.32,0.0,0,0.0,,False,True,False
0x9f82bdd00391635de4283bd066232cd5cb63017d,True,193,93,31,62,33.3,7.67,14923.74,9,1759583340883,1780641146402,243.7,14090.0,0.944,0.0,0,0.0,,False,True,True
0x9f9e89ddf2c85d29c918eff05365231a51742be8,True,2000,336,237,99,70.5,0.72,-1595.67,11,1772537492804,1788525975566,185.1,-1210.95,0.759,2057.494117,2,-1892.0,-92.0,True,True,False
0x9fb70b8718199392c4b80aed72d66d9f27cd2ec4,True,2000,962,488,474,50.7,0.76,-6904.11,22,1777001588999,1779889246813,33.4,-3450.23,0.5,0.0,0,0.0,,False,False,False
0x9fca3943a81a769e07454d6de884661efb532cd2,True,660,307,209,98,68.1,0.55,-7476.34,19,1750079870964,1788623349962,446.1,-5077.56,0.679,12546.867025,3,-1077.07,-8.6,True,True,True
0x9fec094063ac117247b839c5f7cd19be3ac2d25c,True,2000,586,261,325,44.5,1.59,2611.58,23,1780075243342,1788639153442,99.1,1209.34,0.463,0.0,0,0.0,,False,True,False
0x9ff8e289ef6ba33c6a82491a445fb57a740d2150,True,2000,1072,334,738,31.2,0.27,-150533.62,8,1785137878281,1787327087609,25.3,8803.52,0.058,0.0,0,0.0,,False,False,False
0xa00f02cb70b3e43391afa96097d2584c489ef3fb,True,2000,236,53,183,22.5,0.58,-7023.58,16,1787854756426,1788801343745,11.0,1450.21,0.206,22693.983896,3,3431.32,15.1,False,False,False
0xa028c2cb889ac9188e8c3578952da48299d7309e,True,2000,966,526,440,54.5,1.37,15993.29,8,1770452450687,1788806841865,212.4,-5836.43,0.365,3526.909949,1,-1642.89,-46.6,True,True,False
0xa0479b2c614cbd03ceab36ae5a6d0822035e553c,True,2000,1846,1846,0,100.0,inf,316760.92,1,1788348358947,1788525093285,2.0,39492.23,0.125,969818.78462,1,530391.23,54.7,False,False,False
0xa056f7cfe978ddceb9b4189ca80a354e1dd0fd54,True,370,140,87,53,62.1,3.15,10961.03,5,1765308927347,1788606541321,269.6,2555.0,0.233,0.0,0,0.0,,False,True,False
0xa063d7501ec54a6008d44f5b40dcbce441e79312,True,547,264,176,88,66.7,2.16,1250.83,6,1757651237222,1787201788055,342.0,-184.96,0.148,0.0,0,0.0,,False,True,False
0xa0746100cf05dcdf5102e08b8b19fcff492d2356,True,769,384,84,300,21.9,0.5,-3405.17,9,1737293335841,1780633799449,501.6,370.16,0.109,0.0,0,0.0,,False,False,False
0xa085a9285868371376c960bc19a7117af4df6337,True,2000,1043,656,387,62.9,1.16,8803.67,52,1752236522814,1787840482105,412.1,3448.83,0.392,1231.603877,1,28.08,2.3,False,True,False
0xa0ac57b9a2abb9287b34e846b887365bf9d56c96,True,331,197,197,0,100.0,inf,104291.54,2,1774224948452,1774983343698,8.8,10746.47,0.103,0.0,0,0.0,,False,False,False
0xa0b699e45a548a7888d86bb886c4057ab7dc7d26,True,2000,948,723,225,76.3,1.03,1039.82,5,1777761229486,1788471035399,124.0,-3671.13,3.531,97564.184496,1,-8275.32,-8.5,True,True,False
0xa0ced29fd88a50c8781dd69c787df0a54a4d086b,True,2000,978,394,584,40.3,0.56,-3276.43,10,1776376886586,1779682361114,38.3,-773.2,0.236,0.0,0,0.0,,False,False,False
0xa0d686d02698c61d2a64457cabae1a75a7fc89f0,True,332,152,95,57,62.5,0.24,-14310.64,13,1757347999108,1788314436808,358.4,-8281.05,0.579,271.767276,1,-815.74,-300.2,True,False,False
0xa0f17d88f1f3a207839b0916c94b52afff96d7cd,True,917,422,205,217,48.6,0.74,-3639.0,10,1784508774324,1788315577147,44.1,-2531.77,0.696,0.0,0,0.0,,False,True,False
0xa100c54fcea537adad0743c9745c83195b278b66,True,2000,1030,378,652,36.7,1.12,5233.26,39,1762449437798,1786368334698,276.8,-5616.1,1.073,0.0,0,0.0,,False,True,False
0xa12156da455437e075d243f7091a667c7121a73c,True,2000,1054,530,524,50.3,1.72,54585.33,6,1780096679849,1788407740414,96.2,20400.0,0.374,74212.463996,1,33370.0,45.0,False,False,False
0xa1582a9d38775a3a5cff79168d68a72c369daddd,True,2000,949,319,630,33.6,0.45,-405886.24,3,1779078601468,1780701469521,18.8,-73669.09,0.182,0.0,0,0.0,,False,True,False
0xa175cdfea874e94fccae4a9cfc05bf2325401932,True,2000,1037,504,533,48.6,0.79,-125.42,2,1788717571012,1788813998667,1.1,-17.27,0.138,5114.291906,1,1.5,0.0,False,True,False
0xa1830e8d9f019feb448478a171bb37cc6c4c0482,True,2000,2000,1396,604,69.8,2.98,638755.35,3,1785350347743,1787153211489,20.9,104914.74,0.164,2140396.165813,2,1770210.1,82.7,False,True,False
0xa19ac86ff33a5d4ab8326604e8dd1cf3300a7ff0,True,2000,1049,166,883,15.8,0.03,-26914.54,3,1775583432569,1778167715206,29.9,-4026.85,0.15,0.0,0,0.0,,False,True,False
0xa1be71b903206120fa2b2245e145a5d7be09d8f7,True,2000,827,462,365,55.9,2.6,30036.74,9,1787628968300,1788720736608,12.6,3603.41,0.12,493067.768878,4,315501.35,64.0,False,False,False
0xa1cb0641f193b7428b04b2fa52d055b68189794a,True,1870,914,374,540,40.9,0.71,-2825.52,24,1782160734419,1785369600016,37.1,-635.06,0.225,0.0,0,0.0,,False,True,False
0xa1d4fc32f21d9d77a4c20a6ac4b748815912c07c,True,2000,906,627,279,69.2,1.04,757.97,11,1787168684809,1788813144617,19.0,1339.21,1.767,0.0,0,0.0,,False,False,False
0xa1f94524a6b015c291a1814ff432187a15d56bc7,True,952,474,272,202,57.4,1.18,2062.17,1,1774163508183,1778741642168,53.0,-3657.61,1.774,0.0,0,0.0,,False,False,False
0xa20ea526a2b2e2471a43cb981d613feeef27c9af,True,2000,1991,1140,851,57.3,0.21,-45458.83,4,1771001244056,1779889088230,102.9,-16153.77,0.355,0.0,0,0.0,,False,True,False
0xa22310019c0adcc837bdeaf507a83b3bfc1cc891,True,988,460,209,251,45.4,0.63,-2862.67,10,1780909376841,1783075698006,25.1,-689.44,0.241,0.0,0,0.0,,False,False,False
0xa23a4ba997763bfe75f73e6492c0fa49d4237b3a,True,2000,1103,142,961,12.9,0.44,-130180.17,18,1759254154377,1788615885808,339.8,50353.16,0.387,27253.123198,1,-2833.32,-10.4,True,False,False
0xa24ebf7ce7f96a37b4701301db12e47af1af673b,True,1216,428,342,86,79.9,0.62,-10663.66,19,1748657461703,1788529937230,461.5,-9821.34,0.921,1200.333455,2,-1104.3,-92.0,True,True,False
0xa25defe6fdf3c0f601bc4ec8324f1f50df96a2d4,True,1981,1002,432,570,43.1,0.61,-7054.92,16,1772739022509,1784175991850,132.4,-2303.5,0.327,0.0,0,0.0,,False,True,False
0xa26fbadc429ecf332fd489106fd14082f17c30b4,True,2000,1154,699,455,60.6,1.96,73537.88,19,1758841599378,1783626974365,286.9,13677.5,0.186,0.001439,0,0.0,0.0,False,True,True
0xa28f0fdc271d3404f4f1477731a5c6e4054f059f,True,2000,883,478,405,54.1,0.78,-329.21,20,1761418282878,1779809508046,212.9,-209.1,0.635,0.0,0,0.0,,False,True,False
0xa2a47a971e44fc6e6958658c787df46b757b1822,True,1995,921,530,391,57.5,2.93,9558.72,7,1780986193585,1785603526805,53.4,-959.78,0.1,0.0,0,0.0,,False,False,False
0xa2aeb0cadc27bdd6a6656390c2d05f6e7cbed497,True,362,185,99,86,53.5,0.59,-1889.81,5,1781561056659,1782580692104,11.8,-467.99,0.248,0.0,0,0.0,,False,False,False
0xa2ce501d9c0c5e23d34272f84402cfb7835b3126,True,2000,2000,1325,675,66.2,2.9,2372814.95,5,1782395975880,1788464220294,70.2,696443.14,0.294,6906088.797985,5,8372256.83,121.2,False,True,False
0xa2eeb951e7a96d356bd911f23cbe162e9a70ae96,True,2000,1175,749,426,63.7,1.21,8378.31,14,1778822328121,1788798502682,115.5,-2647.65,0.316,3299.800648,5,-752.68,-22.8,True,True,False
0xa3099587930a877e75ff4084c7b22505b72c2eca,True,2000,899,553,346,61.5,2.38,78441.07,20,1760141223433,1780640534762,237.3,2983.61,0.038,41442.271229,15,31056.37,74.9,False,False,False
0xa31441e058492bc7cfffda9aa7623c407ae83a81,True,2000,2000,890,1110,44.5,2.89,27436.22,4,1788648609799,1788768108527,1.4,1412.74,0.051,223610.082469,2,-13752.1,-6.2,True,False,False
0xa31b4a3d5b5b86573fd0dd67dd034357d33bf64b,True,2000,1081,150,931,13.9,0.07,-27164.16,6,1779905070298,1780531200032,7.2,-3352.6,0.123,0.0,0,0.0,,False,False,False
0xa32efd16589ae505ca7ba053ef17e3b0253624bb,True,237,111,42,69,37.8,0.69,-2281.61,22,1778070650842,1788771337326,123.9,-894.74,0.392,657.095184,1,-170.89,-26.0,True,True,False
0xa33a4a057334c7811ad5f45f3c4f0dfa3d081ff8,True,2000,469,299,170,63.8,0.17,-43555.45,4,1788777836668,1788814092813,0.4,-1954.67,0.045,806897.732334,4,-10860.2,-1.3,False,True,False
0xa351db10472a07059ea099e0581444e568bff894,True,2000,946,290,656,30.7,0.21,-71259.73,11,1786667181122,1787323832886,7.6,5292.85,0.074,0.0,0,0.0,,False,True,False
0xa36543f295b6b29fad014af7f951eee03cb97549,True,2000,962,494,468,51.4,1.36,7579.77,24,1780668109531,1788262120211,87.9,-2450.88,0.323,3249.316955,2,535.22,16.5,False,False,False
0xa3741ef42e309cb7df3a1e76223898f6877202ec,True,1563,676,376,300,55.6,1.41,26561.52,26,1738591153850,1787882014869,570.5,-11073.19,0.417,21228.467554,3,24001.68,113.1,False,True,False
0xa38847f4db1a322da0c07bf9cc09672ee471ae3a,True,2000,1074,810,264,75.4,3.52,140990.86,10,1776356438045,1782191355202,67.5,28912.82,0.205,1004613.992454,1,369910.29,36.8,False,True,False
0xa399c9a805f2e96b994d24771f9095e3b6dd624c,True,362,108,56,52,51.9,1.23,441.55,8,1779628410869,1780465890841,9.7,-368.18,0.834,0.0,0,0.0,,False,True,False
0xa3a94167cb1ae46524877a32cd402c6b9f7582c7,True,2000,822,465,357,56.6,1.2,1946.37,20,1780855733807,1788471238170,88.1,-1028.67,0.529,5129.584713,1,761.15,14.8,False,True,False
0xa3cb11aab38f6054d6a4e82479f94ba362478d20,True,2000,1355,692,663,51.1,1.13,265.62,11,1779976318735,1787839214695,91.0,279.45,1.052,2177.080935,0,0.0,0.0,False,True,False
0xa3e4b0761efe4b54cf5901142dabf102bd6b0136,True,1711,771,401,370,52.0,1.11,5657.56,15,1765936159206,1788135020414,256.9,5154.17,0.911,0.0,0,0.0,,False,True,False
0xa405aa2daa0ee3b34da3d187176e25741cdd3d6e,True,449,220,73,147,33.2,1.31,718.02,8,1770460443639,1785406727429,173.0,814.5,1.134,0.0,0,0.0,,False,False,False
0xa4178e3b8d7799cd472ceeb63b302b4a1344da19,True,2000,1392,1041,351,74.8,4.46,10118.06,64,1777964760885,1788755655444,124.9,-289.96,0.029,15021.779107,0,0.0,0.0,False,True,False
0xa42bc0d1891369b60f5524622ccc8b6cec0db116,True,2000,931,430,501,46.2,0.85,-2101.33,3,1782135016965,1788357441433,72.0,-1301.55,0.619,0.0,0,0.0,,False,True,False
0xa43b87d386d35988073a1ac18f97d09ad7a6d1df,True,2000,894,478,416,53.5,0.61,-16725.96,14,1756280360506,1788224397916,369.7,-3125.58,0.187,0.0,0,0.0,,False,False,False
0xa449737672cfe66745c4707f6321e8aa257ab653,True,2000,1043,799,244,76.6,4.54,15825.45,6,1770070118164,1785972423289,184.1,1401.5,0.089,0.0,0,0.0,,False,True,False
0xa45670ca9b88b4f908be58e01a26bcb0d5d8a032,True,1253,518,211,307,40.7,0.63,-7227.23,3,1784416558227,1787154755532,31.7,-2831.65,0.392,0.0,0,0.0,,False,True,False
0xa468670b40c8d2e8b1e39224130702170511e46a,True,2000,882,502,380,56.9,0.51,-13520.72,1,1782470910877,1784901107862,28.1,-5523.2,0.408,10935.846924,0,0.0,0.0,False,True,False
0xa47e21befa69f9f0d093749581872fad441984f3,True,2000,953,402,551,42.2,0.4,-30579.17,27,1780912948103,1787147434752,72.2,-2070.86,0.068,0.0,0,0.0,,False,True,False
0xa495ff84d8778182007f00fcd80272dd56a6517b,True,2000,1066,578,488,54.2,1.5,12766.14,58,1753777382785,1788795433558,405.3,2979.75,0.233,671.547527,1,-105.76,-15.7,True,True,False
0xa4add8273d7f47318675bdfbcce3e9648cdb4509,True,2000,957,0,957,0.0,0.0,-1884096.5,2,1787319925899,1788724235020,16.3,-150402.7,0.08,0.0,0,0.0,,False,True,False
0xa4c3a8e640e220a0ab999af2f4da1e658d05b8a9,True,152,58,40,18,69.0,18.35,10221.53,5,1762281663399,1788679644826,305.5,1430.66,0.14,50058.102895,2,3474.29,6.9,False,False,False
0xa4e6d415ceab712b083dcc15a7eb0d057d3c2d1b,True,1297,457,309,148,67.6,0.95,-885.86,5,1740599282782,1788619506406,555.8,2742.2,3.096,0.0,0,0.0,,False,True,False
0xa4fbcd39dc0e8c6b1c3d89751ff86855d8f5b98d,True,2000,919,451,468,49.1,2.31,12771.83,3,1788324717866,1788812965359,5.7,4048.82,0.317,992.74,1,41.0,4.1,False,True,False
0xa5141331d3931c1d3435663ee9ec5b6afe552e40,True,1010,418,296,122,70.8,12.94,24064.22,19,1748945971528,1788739097260,460.6,5793.37,0.241,0.0,0,0.0,,False,True,False
0xa52aaf7da0156d2d30a310afe6f084a0da9cee54,True,2000,609,483,126,79.3,3.71,13774.18,42,1727600521389,1784129191980,654.3,2112.89,0.153,0.0,0,0.0,,False,True,False
0xa54e9e78ea97fd8ca2401e055906b81e7dceb72f,True,2000,957,480,477,50.2,0.7,-4056.27,26,1781630930818,1788464358378,79.1,-1392.71,0.343,7422.468121,0,0.0,0.0,False,True,False
0xa567541c053a5396bb42b6f4f2f3fd16820b0642,True,944,477,86,391,18.0,0.63,-4560.93,2,1778325483919,1779270824734,10.9,3582.69,0.786,0.0,0,0.0,,False,False,False
0xa57d59de6bfc01eb48dfa195dc46c3d480454639,True,80,31,20,11,64.5,0.0,-11314.67,5,1747951188217,1779883373938,369.6,-3052.37,0.27,0.0,0,0.0,,False,False,False
0xa59c4cb5c24983d1f0076a52d4f0e95cc5013df5,True,2000,1092,569,523,52.1,1.0,0.87,1,1775897483416,1777984549114,24.2,-94.3,108.242,1264.44676,0,0.0,0.0,False,True,False
0xa5bcc69c889c5dc3ea5644c06bb86a691d4c8c68,True,2000,816,422,394,51.7,0.5,-112806.86,1,1765398845510,1787619281187,257.2,-21870.77,0.194,14183.798532,1,161.25,1.1,False,True,False
0xa5da3931a0e09ce572a4ce88d74a2bd54171e959,True,352,170,111,59,65.3,1.15,709.4,2,1785765602304,1788791506770,35.0,463.94,0.654,5049.984688,0,0.0,0.0,False,False,False
0xa5fd942d4badbab4fe84a9e10f565dd40d5f15ff,True,2000,949,868,81,91.5,139.65,321691.72,23,1787385881817,1788799348928,16.4,55318.22,0.172,1520665.543372,34,177648.57,11.7,False,True,False
0xa61186ef4cc522028546cb79761c4c8dd65c6c3b,True,2000,873,603,270,69.1,10.05,99554.39,5,1787744880919,1788797373808,12.2,3828.2,0.038,77273.704239,2,-5057.53,-6.5,True,True,False
0xa61f882fe975acd103b7abdd1d6af166dcc1d055,True,1203,652,448,204,68.7,0.89,-1322.29,9,1776105538662,1787296536268,129.5,-1209.51,0.915,0.0,0,0.0,,False,True,False
0xa63cc8675ec57223fb0e68845fac8710249db1dd,True,2000,949,806,143,84.9,119.08,48971.4,5,1775932800489,1784171381431,95.4,223.96,0.005,0.0,0,0.0,,False,False,False
0xa6500c955183712d93395e42ebdbb7fb74acf5d7,True,2000,1017,440,577,43.3,0.75,-1636.11,6,1778506697914,1785098116174,76.3,-292.91,0.179,0.0,0,0.0,,False,False,False
0xa6665896b9078e67eb639cd3c955862af8b71b97,True,2000,1066,821,245,77.0,8.91,263663.42,2,1785162627573,1788576725336,39.5,18821.99,0.071,0.0,0,0.0,,False,True,False
0xa679a68dd3591c137291da121658febf90d7689f,True,2000,1001,489,512,48.9,0.93,-48.77,23,1742793094798,1788428009965,528.2,-282.67,5.796,0.0,0,0.0,,False,True,False
0xa6918f310cbd296351871150af434623247a8d1b,True,1813,646,447,199,69.2,0.79,-2968.61,42,1733058392778,1788759818046,644.7,-7755.89,2.613,7137.112435,26,3110.9,43.6,False,True,False
0xa6a82a1a3bddc4a027e71d5075ba083bd2cedad0,True,1934,629,606,23,96.3,27.41,93161.92,27,1766384513566,1788793906334,259.4,8510.0,0.091,0.0,0,0.0,,False,True,False
0xa6c0b0e92d0754a9ea6be7b52f1728408e86c954,True,2000,965,455,510,47.2,0.25,-60352.62,13,1787364732650,1788497040729,13.1,-5860.19,0.097,0.0,0,0.0,,False,False,False
0xa6cc5ab6d2d8000288e15d7c225440224287c142,True,881,461,272,189,59.0,2.0,5664.9,24,1741813580588,1788737763890,543.1,3300.34,0.583,21.157884,1,7.66,36.2,False,True,False
0xa6ed7b22565cd881a475c09b4ff180bf329fe0db,True,2000,1041,648,393,62.2,4.75,110840.33,130,1708508431490,1784032223017,874.1,9206.5,0.083,0.0,0,0.0,,False,True,False
0xa6febc99f12558e4a531a509e3ed0a6fc1078ce9,True,2000,1287,688,599,53.5,1.97,32788.6,45,1768647201047,1788546552029,230.3,-8840.47,0.27,0.0,0,0.0,,False,True,False
0xa712b4b40f21867ccefcb4000db3bb31c68d9d26,True,487,252,117,135,46.4,1.07,1031.74,21,1727068212578,1788529830805,711.4,3209.04,3.11,3715.184,0,0.0,0.0,False,True,False
0xa732edc04f3efd45654951f079464ba09616daa5,True,1964,944,546,398,57.8,0.64,-43559.02,6,1738349796263,1782922249382,515.9,-24374.15,0.56,0.0,0,0.0,,False,True,False
0xa743941817c96bc5b757dc360b10b066e5b08edf,True,2000,1040,400,640,38.5,1.0,-2.27,52,1784342103857,1788775514357,51.3,54.62,24.043,12777.686004,50,874.01,6.8,False,True,False
0xa76b6a7aa1b4501e6edcb29898e1ce4b9784e81c,True,2000,841,321,520,38.2,0.13,-124168.49,3,1785223865036,1785523950379,3.5,-31089.03,0.25,0.0,0,0.0,,False,False,False
0xa77f14b8c002b5bef61a32d0ed52b21516d2e998,True,961,381,94,287,24.7,0.16,-30989.63,17,1738041497225,1783979530592,531.7,-3832.34,0.124,0.0,0,0.0,,False,True,False
0xa7a15dca4ffcff96528c048f176c2f8e1b774b1b,True,437,239,132,107,55.2,1.01,82.14,3,1779974511793,1785992828557,69.7,-1158.97,14.11,0.0,0,0.0,,False,False,False
0xa7bf121024b8fe562e23277cbf027c749775dfcd,True,2000,979,377,602,38.5,1.38,4977.32,18,1778278654707,1788762572646,121.3,3339.77,0.671,0.0,0,0.0,,False,False,False
0xa7dad59330dd902155363154048c6c7ba26cab41,True,846,434,277,157,63.8,0.41,-24303.41,3,1772646701310,1774824385068,25.2,-7128.18,0.293,0.0,0,0.0,,False,False,False
0xa7f03c8247b696b2fe2dea7b890d09965992f88c,True,2000,1295,489,806,37.8,0.0,-109995.46,3,1784257093667,1788566400005,49.9,-1169.16,0.011,8561.6,1,-12531.27,-146.4,True,False,False
0xa801bf4e4a789014bf2aa11a4431984f32aea018,True,1015,326,175,151,53.7,10.7,28666.87,17,1754497817396,1787251921377,379.1,5767.3,0.201,6677.454963,3,-15753.06,-235.9,True,True,False
0xa8123bfb8301ebcd78c41d90e1ce9d3107ff1823,True,2000,975,287,688,29.4,1.01,928.2,1,1780430100632,1781543310089,12.9,3419.51,3.684,0.005272,0,0.0,0.0,False,True,False
0xa83caf49cdf58d26e1b5383c62fd8e76513bf621,True,2000,915,477,438,52.1,0.54,-21494.77,4,1787667788579,1788461181985,9.2,-2618.33,0.122,0.0,0,0.0,,False,False,False
0xa84bd8664fe06070bd96e5e8ee630a16fae05761,True,2000,969,571,398,58.9,0.86,-3083.13,18,1781471935831,1788790680218,84.7,-1760.61,0.571,2229.138115,3,165.7,7.4,False,True,False
0xa8611c5e19ddb132e9d5f5778394c5a25f010f9a,True,1338,606,382,224,63.0,2.3,8760.96,31,1755180916729,1783937745042,332.8,1744.82,0.199,0.0,0,0.0,,False,True,False
0xa86eb6037c5cb64302aa2b2475a27419f711c355,True,2000,1202,966,236,80.4,0.61,-3077.85,7,1788198715991,1788547562045,4.0,-891.84,0.29,0.0,0,0.0,,False,False,False
0xa87c4c5e3f0996e8cbba663c215a00a87c368bff,True,2000,984,327,657,33.2,0.24,-20273.12,8,1774552854062,1787678219981,151.9,-4092.64,0.202,0.0,0,0.0,,False,True,False
0xa88bdbd7ec3cdb13fa2be3781f35ed710f8368e0,True,1097,584,340,244,58.2,2.29,248584.9,8,1746963595579,1787326147623,467.2,54856.14,0.221,0.0,0,0.0,,False,True,True
0xa89deb92ad33e2e6c7af8ad7ef1746e70794bd3e,True,182,72,43,29,59.7,3.5,1863.0,7,1744796311151,1779027583081,396.2,476.9,0.256,0.0,0,0.0,,False,True,False
0xa8b5786c6633f9ebadcc600406eb99a846ea95ac,True,239,113,57,56,50.4,0.89,-371.97,5,1776588969217,1780996034620,51.0,-871.57,2.343,0.0,0,0.0,,False,True,False
0xa8c91b56c94a66f5b57a6eb7c76737bc4b95e735,True,2000,1049,167,882,15.9,0.37,-36099.0,5,1770991144206,1780566371903,110.8,1747.13,0.048,0.0,0,0.0,,False,False,False
0xa8e1f3e89acd77bcbee496e2200412ed3f89b854,True,2000,993,642,351,64.7,0.55,-26740.24,11,1782834550031,1788791014080,68.9,-8028.29,0.3,6057.645762,1,-6166.99,-101.8,True,True,False
0xa903b7ae326450a85fee82b8983a536a5d37002d,True,726,307,163,144,53.1,3.21,1013.89,4,1768825511017,1778832030718,115.8,114.98,0.113,0.0,0,0.0,,False,False,False
0xa917f318592113e15f0c94eb29f751f98a297fa6,True,2000,1213,686,527,56.6,0.17,-169919.06,16,1782972807158,1786493814333,40.8,-18802.4,0.111,0.0,0,0.0,,False,True,False
0xa9214877410560b17560955ca84eabde4e30dcca,True,2000,915,664,251,72.6,0.07,-43828.67,37,1764185857014,1775163619013,127.1,-7510.14,0.171,0.0,0,0.0,,False,True,False
0xa94f066de78ebb0d6757ba89182865c1fda6cd0d,True,2000,945,461,484,48.8,0.46,-21071.76,8,1788529207472,1788803462845,3.2,-1472.32,0.07,47088.631036,1,-2086.42,-4.4,False,True,False
0xa96a4908bdb5a9308eb8b228f0a409d7e5ef7da9,True,2000,795,323,472,40.6,0.61,-2553.37,1,1780703056682,1788465522748,89.8,862.12,0.338,263.256332,1,-26.06,-9.9,True,True,False
0xa982962e98eed57ef33c51b45a5a6b9c30bc9ac2,True,802,386,179,207,46.4,5.63,13925.81,4,1782134316017,1788461698321,73.2,1228.39,0.088,116650.152,0,0.0,0.0,False,False,False
0xa9950c0e0c14913b91899c8db5ab26fec8d61898,True,375,119,74,45,62.2,0.88,-511.01,3,1777342210498,1788597607589,130.3,2008.88,3.931,0.0,0,0.0,,False,True,False
0xa9a5ce2607451ac45ce30fa99bc102ebf9539fee,True,2000,946,187,759,19.8,0.36,-25934.28,7,1776175729719,1782382050198,71.8,1706.51,0.066,0.0,0,0.0,,False,False,False
0xa9c58107a1dd555776432366abedfa81a8ebf057,True,2000,969,436,533,45.0,1.19,8591.75,13,1779351470425,1788451749428,105.3,-3146.88,0.366,0.0,0,0.0,,False,True,False
0xa9d6eaf721a997733227b8a885861561366130d9,True,2000,1086,410,676,37.8,0.63,-34234.0,1,1782440323516,1782967753768,6.1,5456.0,0.159,0.0,0,0.0,,False,True,False
0xa9fd00909e2a6a5f0f2fcf1b3fd1974a935bd70d,True,2000,1001,732,269,73.1,0.2,-136204.89,1,1771565709532,1787220900796,181.2,-28371.5,0.208,0.0,0,0.0,,False,True,False
0xaa208a41fadcd06443466e7b9fcc7a9bd3f35f2d,True,2000,1069,634,435,59.3,1.91,9872.53,4,1782449836265,1788499217285,70.0,-2860.93,0.29,0.0,0,0.0,,False,False,False
0xaa3691f4c64b665753dcc8037dec010a217f3802,True,218,135,135,0,100.0,inf,6959.87,2,1785192628779,1785258483129,0.8,423.89,0.061,0.0,0,0.0,,False,False,False
0xaa4ac4ba0c13e40b2c3a6b291c5ea991c57e5d88,True,1329,548,340,208,62.0,0.69,-6002.2,21,1738562586016,1779088260744,469.0,1616.27,0.269,0.0,0,0.0,,False,True,True
0xaa57ef244c09de1a28437f3e05f208e87c938566,True,2000,943,943,0,100.0,inf,17524.39,12,1788541897555,1788810453330,3.1,1795.0,0.102,431143.844237,3,-326764.65,-75.8,True,False,False
0xaa6a56d6e65502014b5a8e046cc4bf82f96679d5,True,785,352,67,285,19.0,0.49,-25369.04,8,1768986065046,1788536560145,226.3,-16243.05,0.64,0.0,0,0.0,,False,True,False
0xaa82c72777b61e6be717c1cfb8420b78d87dc600,True,2000,1133,472,661,41.7,0.62,-15375.33,1,1773814568031,1785077852431,130.4,5448.07,0.354,0.0,0,0.0,,False,True,False
0xaa8d2a6a61b721161e89217ad85eae6e1afb4348,True,628,354,193,161,54.5,2.25,28041.58,8,1772945131601,1787535935160,168.9,18283.86,0.652,0.0,0,0.0,,False,True,False
0xaaa23ea83c3e091daa923700abebfd990a5b2fb9,True,2000,1224,801,423,65.4,0.89,-1157.97,19,1778698500323,1788806123667,117.0,699.42,0.604,2523.772411,1,5.18,0.2,False,True,False
0xaab4dfe6d735c4ac46217216fe883a39fbfe8284,True,2000,1078,382,696,35.4,1.88,73839.88,12,1778304183242,1787906929974,111.1,12166.69,0.165,40724.2605,0,0.0,0.0,False,True,False
0xaad6a2b1b7959ea715ed5518898337a4013e709d,True,2000,1094,362,732,33.1,0.64,-3795.22,19,1774277315753,1778271814611,46.2,-1900.67,0.501,0.0,0,0.0,,False,True,False
0xaaf8116273e73cbddce24426a1d815c599c43e27,True,2000,1287,669,618,52.0,0.38,-50.75,5,1786631024905,1788438067501,20.9,-14.09,0.278,3738.140474,3,3822.75,102.3,False,False,False
0xab04d4088815e5ef868f93643ed4d047e5690e4f,True,2000,1754,1090,664,62.1,18.58,43170.8,16,1779832728459,1780806149100,11.3,5143.23,0.119,0.0,0,0.0,,False,True,False
0xab142ad618628c0b1e1975068218286015ce98b7,True,2000,917,379,538,41.3,0.59,-1379.19,26,1777558230882,1788339690293,124.8,-98.18,0.071,0.0,0,0.0,,False,False,False
0xab35595bb1c0c529e33903569752278c66905e5d,True,1155,528,213,315,40.3,1.21,4378.52,3,1783262114060,1788803132278,64.1,7926.17,1.81,618.88913,1,1.49,0.2,False,False,False
0xab5208e335f8748e512065f88d5e60d676e22105,True,2000,856,259,597,30.3,1.03,113.95,15,1785301861859,1786746280455,16.7,355.97,3.124,0.0,0,0.0,,False,False,False
0xab6301ca143b9483f4218b52cf70a376d0919761,True,2000,1083,448,635,41.4,2.5,79733.95,8,1782946404100,1786553371477,41.7,8516.47,0.107,0.0,0,0.0,,False,True,False
0xab766d44b7e7af0270af6bcd6bbf62744ecfb6dc,True,1644,422,53,369,12.6,0.62,-859.5,4,1778169188890,1779381184497,14.0,610.16,0.71,0.0,0,0.0,,False,False,False
0xab930e565cad29ece7d143fc81ab876c68088fdd,True,2000,1008,647,361,64.2,1.08,3146.08,41,1762317792651,1788763502696,306.1,-5136.46,1.633,5049.88587,0,0.0,0.0,False,True,False
0xabcaa9db770b0b1bc3cd281a6840c80a3a3cb78d,True,2000,1128,476,652,42.2,1.64,1087.74,54,1777451415705,1782875729167,62.8,113.14,0.104,15.500671,0,0.0,0.0,False,False,False
0xabe55908bb0e73a1e1e08fd441afd24689fd217b,True,2000,1381,304,1077,22.0,0.36,-30002.5,5,1782085664401,1788788199129,77.6,-2392.87,0.08,0.0,0,0.0,,False,True,False
0xabf957a9efba80dd08b2cf722403f189a39a6ac5,True,2000,867,262,605,30.2,0.56,-2240.28,23,1786045251217,1788770220237,31.5,-294.25,0.131,0.0,0,0.0,,False,True,False
0xac13d7633aea5af175084df62a5763219ba4eaa5,True,2000,672,373,299,55.5,0.61,-14135.04,51,1767989789391,1788796618429,240.8,-4861.43,0.344,67743.905285,3,830.75,1.2,False,True,False
0xac1e1f8a68e80b09509eadeea5ae4bab4f8a312e,True,341,171,111,60,64.9,0.73,-2599.37,2,1787197865529,1787582341945,4.4,-5109.25,1.966,0.0,0,0.0,,False,True,False
0xac355964247ebe613c669f899bae1bf7a3d8076a,True,2000,1027,400,627,38.9,0.8,-739.99,7,1778247037276,1787156741133,103.1,-270.07,0.365,0.0,0,0.0,,False,True,False
0xac51f7ae37ce8c17ea178bfd96750cedfaa6f7dd,True,253,106,88,18,83.0,7.45,29715.61,2,1763647209425,1787213360166,272.8,4787.3,0.161,348497.263475,1,-56930.24,-16.3,True,True,False
0xac6baf334dce94fe009169bf0e328af6177b16d2,True,2000,804,377,427,46.9,0.92,-1313.9,24,1764013736016,1787522314260,272.1,-1668.65,1.27,0.0,0,0.0,,False,True,False
0xac7bbfed474127e8683320421264d403fd2155f9,True,2000,1908,1251,657,65.6,9.66,1468833.64,5,1764241904847,1787097600012,264.5,92496.0,0.063,47755.170033,1,317725.52,665.3,False,False,False
0xac8aa35b5e9872adedcd1ecf8123809ec533ea10,True,2000,1017,430,587,42.3,0.49,-38407.57,40,1757702081892,1783460445477,298.1,4033.42,0.105,0.0,0,0.0,,False,False,False
0xaca2d79168f9e9072c089e5f7d6eb0daefc13915,True,2000,1085,458,627,42.2,0.56,-2316.22,3,1788779026962,1788815012392,0.4,-211.49,0.091,102192.584713,3,-108.89,-0.1,False,True,False
0xacaf2b49c521c83d80bfe5876a8e2418c99dc435,True,2000,777,285,492,36.7,0.57,-85327.01,39,1739912649046,1788542005975,562.8,-11795.99,0.138,89361.941468,5,26640.99,29.8,False,True,False
0xacc6734a5d6698b22d3cffead7c6c7902e62724f,True,219,107,59,48,55.1,1.47,1731.16,3,1763210191713,1773908358280,123.8,675.52,0.39,0.0,0,0.0,,False,False,False
0xacec8c1dc15bb2d8785d4521382374a53d5f62c5,True,2000,959,534,425,55.7,1.02,672.22,12,1784766737236,1788722962595,45.8,-1388.92,2.066,71623.450468,11,-93945.93,-131.2,True,False,False
0xacfdd91e43ade46d6f132fe0844787b8752b2987,True,2000,986,242,744,24.5,0.37,-14804.22,4,1786027102529,1788452416895,28.1,4264.72,0.288,0.0,0,0.0,,False,True,False
0xad0d614bed719fed42cf5bfeccb75e47256da754,True,2000,1226,678,548,55.3,1.75,865.75,1,1788526267993,1788814031126,3.3,24.46,0.028,8050.821545,1,-0.75,-0.0,False,True,False
0xad1c9b7022e12bb12794a22a5dedd93bb3954896,True,590,301,148,153,49.2,0.58,-24673.02,10,1779812574852,1782745975687,34.0,8615.09,0.349,0.0,0,0.0,,False,False,False
0xad3acd531e70e0efaec872d56ebe96eea446f7ce,True,1441,585,366,219,62.6,3.17,31411.86,7,1776963556233,1788743493766,136.3,2592.51,0.083,48565.601407,2,2645.28,5.4,False,False,False
0xad5455057feac38a2dd2210d0fac0854d1eb6203,True,2000,923,438,485,47.5,1.22,6409.1,5,1781021953739,1788659319801,88.4,4763.73,0.743,94767.640015,1,61.26,0.1,False,False,False
0xad5f6472fba67326f4a669ad3675c67d4fe24215,True,2000,888,514,374,57.9,1.04,629.57,32,1763381821288,1788804228727,294.2,4185.11,6.648,3564.361122,1,17.05,0.5,False,True,False
0xad736c4083ff35d3481756337fdaf6753fce98bf,True,1436,611,90,521,14.7,0.52,-107029.06,5,1778276128067,1782753340902,51.8,43523.07,0.407,0.0,0,0.0,,False,True,False
0xad8d5767e998c63363c4531caf00c841c56e57d5,True,2000,988,382,606,38.7,0.06,-72305.52,4,1788472504076,1788807291129,3.9,-10442.5,0.144,0.0,0,0.0,,False,False,False
0xada504c031a279463502a07be490eae3e3fcf4a1,True,2000,933,526,407,56.4,1.31,14769.06,6,1772770377863,1778889905903,70.8,6041.46,0.409,0.0,0,0.0,,False,True,False
0xadc5a1519536518d5351a9c1ea515df060077c92,True,1298,618,422,196,68.3,2.63,74305.09,26,1731250199146,1788703967152,665.0,44361.13,0.597,0.0,0,0.0,,False,True,False
0xadd12adbbd5db87674b38af99b6dd34dd2a45e0d,True,2000,1402,350,1052,25.0,0.32,-120258.42,6,1788091639100,1788789337889,8.1,6330.5,0.053,85897.80681,1,-60017.48,-69.9,True,False,False
0xadebff92fce62b2e6ac9e72a286ff1501098d09d,True,2000,758,218,540,28.8,0.07,-178652.2,7,1778597170758,1782349364541,43.4,-9380.08,0.053,0.0,0,0.0,,False,True,False
0xadfadb4477a9eaedb45745f16cab1320b7c3a4dc,True,2000,1501,708,793,47.2,0.55,-888.46,33,1782277376200,1782368636117,1.1,-187.05,0.211,0.001655,0,0.0,0.0,False,True,False
0xae0273aea2a253a8ee8b45ce00962bc364b23b26,True,104,74,30,44,40.5,0.55,-2314.73,1,1771914607133,1772215593670,3.5,-628.69,0.272,0.0,0,0.0,,False,False,False
0xae1e846249f2ea246f36b53f326a2ce02aac17e4,True,2000,901,469,432,52.1,0.64,-16306.67,1,1784994707228,1787382310008,27.6,-7208.47,0.442,0.0,0,0.0,,False,True,False
0xae2f1733a8a5ab1dae400c47ae57f2bcf2bcf43a,True,437,219,53,166,24.2,1.32,1503.34,6,1770135517494,1780784691616,123.3,2159.81,1.437,0.0,0,0.0,,False,False,False
0xae5028f1aca223691f9ca630c83cc4404511d87b,True,2000,1081,526,555,48.7,0.18,-16330.72,4,1785124177784,1788042816646,33.8,-862.72,0.053,0.0,0,0.0,,False,True,False
0xae6b807ec47e0b7900d1fe2a53885b4602748b03,True,2000,858,703,155,81.9,0.7,-20650.63,1,1783917482134,1788791117001,56.4,-9592.89,0.465,57164.529051,1,-719.87,-1.3,False,True,False
0xae7a0f9f663bb54bfe95378c7e3de7dd6e28d6bc,True,2000,1997,1996,1,99.9,157222.77,98939.96,5,1781162345722,1781654400032,5.7,213.41,0.002,0.0,0,0.0,,False,False,False
0xae96353edb2df23ad3bc45579b1b9cc8ada7a67f,True,2000,1200,1123,77,93.6,2.01,18585.37,11,1781372295525,1783793100414,28.0,-4947.06,0.266,0.0,0,0.0,,False,True,False
0xaea391e34ce73d90a6944a5a4997d19cdd6e3467,True,2000,878,615,263,70.0,1.78,18846.97,1,1783370807035,1788794355038,62.8,-7660.19,0.406,0.021676,1,0.0,12.4,False,True,False
0xaebd5fcfe9894d3cc67829c8088d5e999a9fe99c,True,1494,696,421,275,60.5,1.77,34776.33,34,1737480646040,1788781118190,593.8,9395.88,0.27,22392.776675,3,3241.63,14.5,False,True,False
0xaeca9667318c2810b2d65260729b85d0bfe2f29c,True,830,448,114,334,25.4,0.48,-5628.69,4,1779976655416,1788771126140,101.8,-710.85,0.126,0.0,0,0.0,,False,True,False
0xaedbdbc50f106c55d0a1178f20122da3bb6669e2,True,598,297,180,117,60.6,1.23,1430.85,21,1751794588502,1778686273868,311.2,1043.43,0.729,0.0,0,0.0,,False,True,False
0xaefa2e0c177668e3d0b18f06f62226233afdf72e,True,2000,817,87,730,10.6,0.12,-38825.96,5,1768994058266,1772219999698,37.3,-1579.19,0.041,0.0,0,0.0,,False,False,False
0xaf10e6a78c85dff0b9b4fa7122d2888ff19490fa,True,729,313,216,97,69.0,0.3,-16415.6,3,1781787673653,1787391795145,64.9,-15120.0,0.921,0.0,0,0.0,,False,True,False
0xaf2ac71f62f341e5823d6985492409e92c940447,True,2000,1145,611,534,53.4,1.96,656.56,11,1788802176346,1788815252209,0.2,-32.63,0.05,19662.132708,10,210.56,1.1,False,False,False
0xaf39702bf04244d220e49b93a97f20528f2276d5,True,1130,560,140,420,25.0,1.96,15537.86,1,1762078244576,1786752096848,285.6,4661.48,0.3,24561.546486,1,22603.0,92.0,False,True,False
0xaf495c95ade007a2a9b07a5429822531166e16de,True,2000,721,579,142,80.3,5.32,24248.14,44,1777842232359,1788813484728,127.0,3130.28,0.129,15634.013701,2,-178.74,-1.1,False,True,False
0xaf5c162e572d3aab9bf1f4e1482d183a8339d495,True,2000,717,451,266,62.9,0.99,-244.16,33,1748133745689,1788756297672,470.2,2449.68,10.033,0.0,0,0.0,,False,True,False
0xaf70de8e084e2706c99a51db30664764f0bcc28e,True,508,303,109,194,36.0,0.85,-1008.72,4,1760152268660,1787687065813,318.7,4082.68,4.047,0.0,0,0.0,,False,True,False
0xaf866d44ef153acf9eaa5cae70661e7db7c4d3ad,True,2000,853,203,650,23.8,3.16,27964.68,2,1785794326525,1788796525632,34.7,9099.97,0.325,4056.022906,1,-911.09,-22.5,True,False,False
0xaf9e831705024423991797edeb833a22002435f8,True,2000,997,568,429,57.0,0.63,-34024.95,10,1773475815171,1780640608510,82.9,-13855.74,0.407,0.0,0,0.0,,False,True,False
0xafaba378c9eca830d0052c398e7133d790deb561,True,2000,932,488,444,52.4,0.78,-20936.75,16,1739832624908,1788253205893,560.4,-5637.52,0.269,0.0,0,0.0,,False,True,False
0xafc435a2ee16a04732c3f6e81e6c2ab5a0ac7823,True,150,49,32,17,65.3,0.84,-82.74,4,1765689471866,1788378948642,262.6,-112.27,1.357,0.0,0,0.0,,False,False,False
0xafd9c0553365a7eacff1c60d538807cf1f84c8de,True,2000,1082,811,271,75.0,1.38,3062.63,1,1787434652447,1788796508824,15.8,-726.73,0.237,9791.266072,1,1087.72,11.1,False,False,False
0xaff4342328c05cdabfde27b6db8638fc7664892c,True,976,624,376,248,60.3,0.55,-15195.35,54,1722246950369,1788792514977,770.2,-12090.55,0.796,19165.605318,5,-505.12,-2.6,False,True,False
0xb0088e7991b62ef58483e5f524ed9d482e5bac8b,True,2000,662,259,403,39.1,0.05,-33209.61,9,1787780932637,1788773963652,11.5,-1923.15,0.058,7251.802611,2,3212.35,44.3,False,False,False
0xb02a4bf935c8eaf76f4836c3b583115886734cfd,True,2000,966,519,447,53.7,0.86,-6323.37,18,1765827969504,1782489655861,192.8,-4499.87,0.712,0.0,0,0.0,,False,True,False
0xb040cc5ba746ebda82ab82294dc01d455cd9c0a5,True,2000,940,503,437,53.5,0.71,-8464.84,16,1768468114941,1779321600086,125.6,-1929.93,0.228,0.0,0,0.0,,False,False,False
0xb0609ebefd3282f74bc87e2a53eefbc5bc915216,True,2000,1181,719,462,60.9,3.15,10302.71,16,1785459326454,1788724769745,37.8,784.63,0.076,2210.036145,2,661.19,29.9,False,True,False
0xb06ce77db9421b22639fcac8c3a2b07def07c58f,True,2000,1007,404,603,40.1,0.38,-34207.91,19,1779941092614,1784758145267,55.8,-4997.61,0.146,0.0,0,0.0,,False,True,False
0xb07e44e2574b8e75956f0f8495af86b2ee53a544,True,597,226,128,98,56.6,1.1,660.81,10,1781843441852,1788576805368,77.9,-2078.45,3.145,6331.64029,1,454.16,7.2,False,False,False
0xb09b1bf282acc7c325c8c3e7cb36498c52ed82f3,True,949,436,163,273,37.4,0.77,-1421.19,18,1740694602349,1788530020193,553.7,-1329.72,0.936,860.431582,1,31.16,3.6,False,True,False
0xb0aec25fcb986bc99b704c9a71055e1f86016525,True,2000,1103,717,386,65.0,2.08,16035.93,7,1779926630789,1785477420274,64.2,2196.5,0.137,0.0,0,0.0,,False,False,False
0xb0beff12d8eb7276dacb43b6bf911a5b794ca37f,True,2000,1097,527,570,48.0,1.02,408.74,25,1778022127724,1779844016439,21.1,3432.41,8.398,0.0,0,0.0,,False,True,False
0xb0e4922f3aaa989fbc5988bb2ee4a95d11fb44a9,True,1642,801,419,382,52.3,1.16,2322.51,9,1762982418439,1788133364071,291.1,-614.7,0.265,0.0,0,0.0,,False,True,False
0xb0ff9c9b8f7d80f24aef49ddcf6b35bb5a775d79,True,2000,1152,350,802,30.4,1.05,575.92,17,1785235145667,1788788475721,41.1,1010.43,1.754,5905.434735,7,-81.19,-1.4,False,False,False
0xb1144b528de96a14d44829e40b30a5f2eec3a248,True,2000,837,561,276,67.0,1.47,18207.01,30,1766554607269,1788795716818,257.4,-13327.8,0.732,16275.598227,1,5256.56,32.3,False,True,False
0xb1231a4a2dd02f2276fa3c5e2a2f3436e6bfed23,True,2000,1384,579,805,41.8,1.03,17344.42,15,1764629969721,1783967939181,223.8,-27906.69,1.609,0.0,0,0.0,,False,False,False
0xb140070ce3943f7e16ee7288930fc06d2d1d04f3,True,396,213,84,129,39.4,2.0,4704.06,10,1786846015282,1788795467982,22.6,904.27,0.192,1376.305915,2,-117.67,-8.5,True,True,False
0xb159e1697e5031811d788e4a2ac1a9b38d688202,True,2000,1106,682,424,61.7,3.96,150025.56,6,1787151545073,1788459904402,15.1,17974.31,0.12,64137.874569,2,3679.92,5.7,False,False,False
0xb1719299376e53c72db6ca819df33e8f5c25a951,True,2000,1103,430,673,39.0,0.68,-27723.16,17,1778016042290,1781889954944,44.8,10966.0,0.396,0.0,0,0.0,,False,False,False
0xb18c3cad5ed500326c43d07a46a148f10c54802e,True,2000,424,424,0,100.0,inf,319876.76,3,1785258803292,1787818636010,29.6,72033.25,0.225,282024.971905,1,-105000.0,-37.2,True,False,False
0xb1a28c0052b27cd4b5edf1915f5cc8d6f37a4a31,True,794,520,79,441,15.2,1.83,4802.29,6,1774035472909,1778617911002,53.0,1364.92,0.284,0.0,0,0.0,,False,False,False
0xb1c388870e9bd2b398cf1e56e3ffd0ec3f3d8351,True,1175,701,504,197,71.9,150.32,105482.27,7,1785234917424,1787934613191,31.2,7297.9,0.069,0.0,0,0.0,,False,True,False
0xb1e05a7340998d0e77e00a04794e5060aa2a2161,True,2000,1225,886,339,72.3,0.4,-19906.03,7,1778786979508,1788617874295,113.8,-1828.51,0.092,7.383447,1,-0.22,-3.0,False,False,False
0xb1ec7febea4f841d525785955b7fe0e812d6e86a,True,2000,1175,1074,101,91.4,0.51,-193349.1,6,1788463666231,1788791223122,3.8,-327413.31,1.693,3370431.109723,8,307179.09,9.1,False,True,False
0xb1fd66f39c44036bd2686dd8631a6b61783cd325,True,792,473,275,198,58.1,2.09,3619.81,3,1784210660136,1787273368489,35.4,-1050.02,0.29,0.0,0,0.0,,False,True,False
0xb2204289cf56c25cb7337259a90a1f8457d8115b,True,2000,1049,565,484,53.9,1.49,18961.67,9,1785421194055,1788733373145,38.3,6399.1,0.337,0.0,0,0.0,,False,False,False
0xb2314d72a8c0e61e188a99ce2826fb59c7a413f1,True,2000,753,454,299,60.3,0.57,-5104.12,18,1780586317085,1781020650414,5.0,-1548.14,0.303,0.0,0,0.0,,False,True,False
0xb246da0110e37623c5a13fa19d25887b3254eeef,True,2000,549,326,223,59.4,1.18,116.1,32,1788663378560,1788810496425,1.7,-85.8,0.739,16806.70315,9,40.6,0.2,False,True,False
0xb252931a682fbcf7f5261127010a9713a72703c8,True,1200,640,319,321,49.8,0.98,-83.14,15,1780809324325,1781133649843,3.8,-865.97,10.416,0.0,0,0.0,,False,False,False
0xb261d0ed770107d45f17a94aa99070125f0bc857,True,2000,677,335,342,49.5,1.26,624.4,20,1786376067846,1788722994895,27.2,-941.8,1.508,16837.575507,6,10327.86,61.3,False,False,False
0xb27665c1b9b3a4073acbb64bcb6bd1a7718e70fe,True,755,322,131,191,40.7,0.88,-450.35,27,1733989524100,1780444800019,537.7,-567.19,1.259,0.0,0,0.0,,False,False,False
0xb280d99251e7b5f914c6e9385f4908c76da281ec,True,2000,1000,803,197,80.3,1.64,3939.86,42,1787469390558,1788794263687,15.3,-2170.68,0.551,31479.290631,0,0.0,0.0,False,True,False
0xb29a63e9de0a060bb30ce96cf1b2c9273c2af070,True,2000,896,329,567,36.7,0.43,-42332.95,51,1751000616753,1788572736590,434.9,-13300.86,0.314,21720.033472,4,3244.56,14.9,False,False,False
0xb2aead68a3639e72af2d9303dbef398aefca59f9,True,2000,794,529,265,66.6,0.33,-24616.95,7,1788760125020,1788811936242,0.6,-7181.62,0.292,223842.1325,4,-18550.21,-8.3,True,False,False
0xb2beea5b7ac7140e00af9dd5296eaffcc76af47f,True,353,225,9,216,4.0,0.0,-3326.05,3,1782488422723,1782568121156,0.9,-265.76,0.08,0.0,0,0.0,,False,False,False
0xb2d81951ea013dcd69d2b75e0dcedbe5ce4bb2d3,True,1815,857,618,239,72.1,1.45,17845.92,15,1764606001693,1787858131059,269.1,-3355.5,0.188,0.0,0,0.0,,False,True,False
0xb2f1ec213c4604e35b6e3d6fe762f2a6d5170020,True,2000,984,728,256,74.0,0.81,-2001.1,23,1780836182259,1788789110380,92.0,-2249.63,1.124,0.0,0,0.0,,False,True,False
0xb30cadab02bc62fc4df652ae0ffaffa9596a0e1b,True,2000,1226,664,562,54.2,2.35,82204.59,8,1778494736803,1786411232354,91.6,5406.71,0.066,0.0,0,0.0,,False,True,False
0xb3162ca43d7455be5b4f6dbf3236435b709ed894,True,2000,965,725,240,75.1,1.77,19794.76,30,1773840726376,1787751926270,161.0,-4932.52,0.249,0.0,0,0.0,,False,False,False
0xb3461f8502f9870964624dc7a35705f94eb9166f,True,1903,787,218,569,27.7,1.0,8.15,11,1747454069374,1788472883775,474.8,-496.8,60.975,0.0,0,0.0,,False,True,False
0xb36147aa91470d1f63743d3c85a7de79148a0aa0,True,2000,1089,776,313,71.3,0.21,-214476.64,13,1782849124395,1788802138487,68.9,-27366.27,0.128,0.0,0,0.0,,False,True,False
0xb371766bcdcd556ce6b6cf164be6019d01441042,True,2000,644,302,342,46.9,0.05,-149280.69,50,1787153107247,1788471015136,15.3,-33132.31,0.222,55602.510792,1,-36095.73,-64.9,True,True,False
0xb389e43f54841b8c6247a56883240b46228ae09e,True,2000,752,456,296,60.6,0.63,-17305.54,1,1787830018378,1788443615906,7.1,-21869.87,1.264,149741.558278,1,-21004.01,-14.0,True,False,False
0xb39efb5f3d3c140a5f9a90b29315a8ef591eb6e0,True,1873,1295,1067,228,82.4,1.87,29823.02,17,1756624527233,1788805845223,372.5,-6104.92,0.205,14182.650106,2,-188.56,-1.3,False,True,False
0xb3bc9155f905d2638870c69fb887a4b7ecb30ee5,True,309,138,66,72,47.8,2.81,13179.15,11,1740047542369,1787875200079,553.6,3395.09,0.258,0.0,0,0.0,,False,True,False
0xb3e3aa9e7b6f994dc5cd4f8041d89f5aca2e14ca,True,43,30,30,0,100.0,inf,542.4,1,1785818846607,1786280609853,5.3,438.49,0.808,0.0,0,0.0,,False,False,False
0xb3fe34bfb501665f4329915a7024ba5a6bec495f,True,1875,888,346,542,39.0,5.12,269651.72,39,1713530229180,1787493981039,856.1,34274.4,0.127,42229.976817,2,-56527.56,-133.9,True,True,True
0xb40ff3fe1b8c2bbdc3ce999b30eb51269f684621,True,2000,533,497,36,93.2,10.4,5006.41,16,1784754301718,1788792487378,46.7,368.21,0.074,0.0,0,0.0,,False,False,False
0xb42553fea162318a380283285238a654d21fc13c,True,867,444,198,246,44.6,0.6,-1457.26,8,1758772442511,1778469697942,228.0,-356.73,0.245,0.0,0,0.0,,False,False,False
0xb44a3c6e12e1a6933aed67ea61c520151ce01756,True,2000,1058,771,287,72.9,11.32,17723.9,3,1782944478836,1788809568690,67.9,3965.49,0.224,11350.866837,1,396.66,3.5,False,True,False
0xb46de52f1e0335870706c2af30cd41000bc47c0a,True,2000,1217,29,1188,2.4,0.01,-52012.98,6,1772975210028,1773007259221,0.4,-4934.97,0.095,0.0,0,0.0,,False,True,False
0xb48bdcdab4643724fc8cf0c9cceb088d511d6f77,True,2000,795,532,263,66.9,2.51,15799.18,58,1766956837697,1788805836270,252.9,2465.05,0.156,20253.803081,4,2081.25,10.3,False,True,False
0xb4a4b2cc870426b63b79386ba35b5e8df32880e3,True,2000,1038,407,631,39.2,0.48,-303.45,4,1788705666346,1788815644532,1.3,-21.4,0.071,201.661948,1,-3.18,-1.6,False,True,False
0xb4c06a44beb03d207fb99d8cbe3c8b016a877ce0,True,2000,1104,102,1002,9.2,0.77,-2921.64,7,1760209413546,1784242571800,278.2,2041.22,0.699,0.0,0,0.0,,False,False,False
0xb4d48519c0dd6af7f7fb7aed62d8f850a456134f,True,2000,1059,486,573,45.9,0.78,-878.56,7,1780689228175,1783734869398,35.3,-413.12,0.47,0.0,0,0.0,,False,True,False
0xb4f171a87c3863c337901f07dd10b2cbfec36d6d,True,2000,863,391,472,45.3,2.37,24755.64,16,1784622303715,1788462449547,44.4,11687.01,0.472,0.0,0,0.0,,False,False,False
0xb500b3dea6155cf42aff35dcf17d8a11fbf4d37a,True,2000,831,800,31,96.3,768.99,13885.0,11,1773632204929,1788783180678,175.4,1200.53,0.086,0.0,0,0.0,,False,True,False
0xb5130aebbc34e88eb4c756c37547456a1e10d97d,True,2000,922,490,432,53.1,1.9,21161.78,36,1709912237565,1788472835576,909.3,5374.0,0.254,0.0,0,0.0,,False,True,False
0xb532d32f42360dc5f80b31177a2a9ee0ddd28d2b,True,253,86,64,22,74.4,2.84,5487.56,3,1778917081746,1787151278752,95.3,-1463.39,0.267,0.0,0,0.0,,False,True,False
0xb54bbfcd9a60c0753451bbdd3dd57b27c0267622,True,885,434,189,245,43.5,1.35,4154.72,12,1776305960616,1785875487863,110.8,4509.17,1.085,0.0,0,0.0,,False,True,False
0xb568c358a5c7424875d907610af2eb936823a27a,True,2000,1224,409,815,33.4,0.38,-104210.79,13,1775030013766,1787882326973,148.8,-8773.68,0.084,131476.815296,1,-29231.29,-22.2,True,True,False
0xb581d667c53fd8a50bf7ffd817be0e62daa16f4f,True,2000,1976,990,986,50.1,0.22,-808156.74,2,1781727314003,1788290358497,76.0,-68853.53,0.085,0.0,0,0.0,,False,False,False
0xb5a42a29f721e06553b88ab11fdd2c2a5733f7cf,True,215,89,48,41,53.9,3.14,3599.94,8,1786955940632,1787702400048,8.6,1520.41,0.422,0.0,0,0.0,,False,True,False
0xb5b812c1e94bbe21600fdc808031b05b34b1b8fe,True,2000,882,585,297,66.3,0.67,-10992.54,13,1782994209576,1788773651304,66.9,-3627.57,0.33,0.0,0,0.0,,False,True,False
0xb5c4a7d96c161df39bda261b43eaac5d962fe177,True,2000,416,84,332,20.2,0.04,-81105.46,10,1780020371954,1782432000043,27.9,-18513.75,0.228,0.0,0,0.0,,False,True,False
0xb5e12dbb0165ed18f7da21a5eee98e50b36b150d,True,2000,947,490,457,51.7,0.15,-40776.38,10,1786036082998,1786561008087,6.1,-11265.69,0.276,0.0,0,0.0,,False,False,False
0xb5fd02ede9599b3f9864ad5b49a317b862380a11,True,2000,961,350,611,36.4,0.98,-349.75,45,1764902350836,1788299016146,270.8,-2908.3,8.315,5346.736649,6,2581.14,48.3,False,True,False
0xb61aeef98046c439cb767aec6a69ff04a95110d9,True,2000,712,280,432,39.3,0.27,-19240.31,21,1774091584194,1785372198907,130.6,-2502.53,0.13,0.0,0,0.0,,False,False,False
0xb639cc89c9f51cb20cb90363e17c64c82fe717d0,True,958,468,167,301,35.7,1.24,4707.01,2,1782299001545,1787624272248,61.6,-4117.03,0.875,0.0,0,0.0,,False,False,False
0xb64903680e0ece4ac2eb21d2a315975738dd49c9,True,1598,793,484,309,61.0,1.18,12079.97,28,1768572202052,1788725593174,233.3,15309.49,1.267,52074.970761,1,-9888.0,-19.0,True,True,False
0xb66190f67ed8f0ca790ddfe541ee1bd0da53fe70,True,531,307,176,131,57.3,0.74,-833.18,10,1779219094639,1788795057591,110.8,1211.48,1.454,0.0,0,0.0,,False,True,False
0xb66c34292f19f6949157b317e6814433844738f9,True,1528,605,419,186,69.3,1.64,2266.06,51,1776175172296,1781801532535,65.1,498.3,0.22,0.0,0,0.0,,False,True,False
0xb68768d4a25394bcea158db8448a7db580d54a1f,True,384,192,87,105,45.3,2.09,3188.02,7,1779128317961,1780346594820,14.1,1015.38,0.318,0.0,0,0.0,,False,False,False
0xb698df91fc1b3269200a3eaa29792cb4056fa50f,True,2000,1036,597,439,57.6,0.98,-293.83,16,1771810190477,1788661645169,195.0,-2160.61,7.353,5137.628313,6,970.95,18.9,False,True,False
0xb6b029279161a8e753459671163b03fffe6efa67,True,116,62,45,17,72.6,0.41,-1002.52,3,1772039329832,1780670086110,99.9,-1603.32,1.599,0.0,0,0.0,,False,True,False
0xb6c10b308856f56351915ec16bb44b4c7fc718b7,True,469,185,126,59,68.1,1.31,3678.1,2,1779692498900,1788577517353,102.8,2012.52,0.547,36716.752756,1,144.87,0.4,False,False,False
0xb6dd3dd179d472dcc0e6d7b0d427edf9b256498f,True,2000,906,758,148,83.7,2.95,3633.4,13,1777889870182,1788787325189,126.1,360.41,0.099,0.0,0,0.0,,False,False,False
0xb6fa56133085267b2aaae0c3f6295608cbfa1952,True,2000,1089,544,545,50.0,0.06,-334898.95,8,1783929915379,1785217006812,14.9,-48501.91,0.145,0.0,0,0.0,,False,True,False
0xb715a8918eb1fe917cb4bf62a205bdd2d658a632,True,1389,675,362,313,53.6,2.52,15753.11,10,1778943161101,1788545836876,111.1,-1198.61,0.076,21.835134,1,9.29,42.5,False,False,False
0xb730575ccd04ff96fd5268c3f8da7977832fb8c9,True,1059,553,294,259,53.2,3.7,30020.59,9,1782741477179,1788123654415,62.3,7083.9,0.236,0.0,0,0.0,,False,False,False
0xb74def0d3efc0bee53634d537f19d363a2f6ee2f,True,2000,836,417,419,49.9,0.1,-26879.17,9,1787704344224,1788795182883,12.6,-5629.0,0.209,37972.479227,4,799.15,2.1,False,False,False
0xb759ca70078a4329c6c10600b18447ac3f7e0d7b,True,2000,927,301,626,32.5,1.04,207.43,64,1749718935158,1787383227387,435.9,695.35,3.352,0.0,0,0.0,,False,True,False
0xb76bc3d01ac05fd8cb1078334923785f76fe0b3c,True,2000,955,420,535,44.0,3.37,35268.75,16,1787358019606,1788797659915,16.7,3022.41,0.086,49946.920307,2,20871.37,41.8,False,False,False
0xb78994cb15815d77a0320dbe8196f113043e70d1,True,1115,586,440,146,75.1,1.05,1944.88,34,1701220812838,1788799663289,1013.6,-14417.21,7.413,0.0,0,0.0,,False,True,False
0xb7a018c8cb567400bb1d30dee618685a1485489c,True,2000,605,391,214,64.6,2.53,15115.87,23,1788268523502,1788792754788,6.1,3687.95,0.244,728.657727,1,-8.14,-1.1,False,False,False
0xb7c612256c0a88f687a50c36f7484097d633fba0,True,2000,689,421,268,61.1,0.63,-1319.21,74,1781794424267,1788814621738,81.3,-913.37,0.692,714.64386,7,-2.51,-0.4,False,False,False
0xb7d2da6993e986646c0e42fc762bf21fe8e896f3,True,2000,1027,243,784,23.7,1.2,3219.48,1,1742769640277,1788790705862,532.7,2737.51,0.85,0.0,0,0.0,,False,False,False
0xb7e538ed289c0912b5502522b1e11116a2d2d2dc,True,1044,345,254,91,73.6,0.89,-9984.85,11,1780441271421,1788813216332,96.9,-20502.27,2.053,16221.327167,1,2402.37,14.8,False,True,False
0xb7fb2b774eb5e2dad9c060fb367acbdc7fa7099b,True,2000,934,934,0,100.0,inf,635149.07,4,1764600994189,1786981342800,259.0,39546.8,0.062,0.0,0,0.0,,False,True,False
0xb80fe326edfda0bfa71cb5289faa79e0889e9742,True,2000,822,589,233,71.7,0.33,-5787.14,7,1785195873961,1788796580062,41.7,-1398.42,0.242,1432.275921,1,2.23,0.2,False,True,False
0xb82c2f652a0e5f4bda700d54145b6c63d15d5be8,True,1825,857,745,112,86.9,3.73,15805.6,8,1766508607387,1775961590702,109.4,7823.89,0.495,0.0,0,0.0,,False,False,False
0xb847748c6119d1d91a6613d549d041242cbd1c24,True,2000,927,697,230,75.2,3.47,173775.77,32,1774216575825,1788526007813,165.6,16399.94,0.094,82199.795222,2,116916.29,142.2,False,True,False
0xb85cc1af86d43e2b556cf106c215d808a818068b,True,2000,1010,217,793,21.5,0.54,-25672.71,8,1781616619311,1783438146691,21.1,1830.05,0.071,0.0,0,0.0,,False,False,False
0xb86c32de384f449ce1dc7e298dc80e39ca347db9,True,2000,949,346,603,36.5,0.51,-8302.62,2,1784053933323,1784606321513,6.4,-807.36,0.097,0.0,0,0.0,,False,False,False
0xb87e055a70d4a82e4ba93dd5f86c5082f3d25c72,True,2000,1204,679,525,56.4,1.19,17591.66,9,1752183767707,1788732577186,423.0,-11587.5,0.659,17192.695939,1,-1213.0,-7.1,True,True,False
0xb88df30e615c0e63237decfaece9fd958f4ae769,True,2000,1118,426,692,38.1,4.24,157026.28,1,1784221909161,1787375091021,36.5,26747.23,0.17,0.0,0,0.0,,False,True,False
0xb8a84f7028b21d2db9e1ba59b425eb7a5481d231,True,2000,935,798,137,85.3,1.31,935.49,80,1785240570241,1788811790204,41.3,-505.7,0.541,6141.812704,7,-137.96,-2.2,False,True,False
0xb8d31f34746ee9c007c30c85745de0176b09925b,True,2000,893,303,590,33.9,0.5,-16142.93,14,1753223651217,1787173461294,392.9,-2183.62,0.135,0.0,0,0.0,,False,False,False
0xb8ebd6ed57f4102be5b1caf60d01dd1c9f270f94,True,2000,766,361,405,47.1,10.55,172632.55,2,1772301638434,1773671414104,15.9,116918.21,0.677,0.0,0,0.0,,False,True,False
0xb8ff99c9ab9c920372343a87f6e0a2f0f2db71a8,True,2000,1093,885,208,81.0,1.93,38808.86,54,1706601149082,1788612846324,949.2,-17570.66,0.453,0.0,0,0.0,,False,True,False
0xb9298cec50a3a32487daf58c2b3925b242e32ff9,True,2000,872,506,366,58.0,1.23,475.28,3,1788496102391,1788797496854,3.5,-239.06,0.503,68102.609233,1,139.58,0.2,False,False,False
0xb93f49e6f08be6916ccf9bb827c86fc1d4dfd177,True,2000,1078,673,405,62.4,0.53,-50827.8,1,1784037686724,1784729245030,8.0,-5200.06,0.102,0.0,0,0.0,,False,True,False
0xb94d058d2b49dd3522e3678e55d8d4d2ef89df9d,True,677,364,254,110,69.8,3.13,14941.22,13,1756577734609,1788201653064,366.0,-2813.58,0.188,0.0,0,0.0,,False,True,False
0xb9666d3fc15a5b69dc01256cbd170b2ea8c5ebbb,True,1082,467,223,244,47.8,0.83,-3287.7,41,1748518459104,1786955786912,444.9,5404.74,1.644,0.0,0,0.0,,False,True,False
0xb98909dd9cf5a95fe7079ee5bb4698cdad72b05e,True,2000,1430,293,1137,20.5,0.11,-102858.52,5,1787167156880,1788778329707,18.6,-24254.96,0.236,0.0,0,0.0,,False,True,False
0xb99481396fc426cfd85f6b5ce984335ed60b62fd,True,1613,760,513,247,67.5,1.14,2933.37,10,1737235455324,1787234419596,578.7,-3257.0,1.11,0.0,0,0.0,,False,True,False
0xb9a02940edba0572a52f08c67141bab8cf3736e3,True,1513,823,260,563,31.6,0.78,-3805.04,8,1748024648918,1788287285039,466.0,1026.48,0.27,0.0,0,0.0,,False,True,False
0xb9b5470b9541758895864ac2c934e61c80439643,True,927,396,77,319,19.4,0.25,-12277.56,16,1761722505224,1786650570405,288.5,-987.17,0.08,0.0,0,0.0,,False,False,False
0xb9cdeeb253a659bec27122c7a6e4789b7cc418d7,True,2000,919,372,547,40.5,2.12,11482.34,29,1787039548650,1788815342235,20.6,3973.53,0.346,7974.198176,2,1019.77,12.8,False,True,False
0xb9ebc79e28b2ee9b9afc0e05b94d3c1a609baa50,True,462,262,195,67,74.4,5.08,9322.42,2,1769728322005,1779582919562,114.1,465.4,0.05,0.0,0,0.0,,False,False,False
0xba0406b737a182e43761583331b64768cdd5a4bc,True,516,198,144,54,72.7,0.25,-35950.93,2,1769987149826,1788447879984,213.7,-14139.7,0.393,3278.045845,1,-1.59,-0.0,False,True,False
0xba208f8ba2fa377dfa9bae58a561d503c3f4d96c,True,2000,903,277,626,30.7,0.53,-5036.49,35,1781156627936,1788724562456,87.6,-942.17,0.187,0.0,0,0.0,,False,False,False
0xba2c6bf3b7665374694cda090726fc49821df007,True,694,371,120,251,32.3,0.43,-2276.26,1,1782323320194,1785627601466,38.2,270.22,0.119,0.0,0,0.0,,False,False,False
0xba378f1fa60a0244e14ccf38402fb8042286aeaa,True,644,254,171,83,67.3,0.52,-23143.83,13,1754016534453,1786035907671,370.6,-10131.78,0.438,0.0,0,0.0,,False,True,False
0xba44b8ab3b268242f7d759787bafd2fdfb8f0115,True,2000,981,674,307,68.7,0.83,-5586.75,20,1772409086374,1780412569190,92.6,2005.39,0.359,0.0,0,0.0,,False,True,False
0xba580cd29e83ce99e5e64d034c98f0df38b9b869,True,55,33,32,1,97.0,32.38,144.58,3,1787495219004,1788808779889,15.2,25.35,0.175,0.0,0,0.0,,False,False,False
0xba69b60b58555686ef5d8c8aa9b79673ce123738,True,91,24,18,6,75.0,0.68,-287.02,6,1755088804488,1784557665948,341.1,-851.51,2.967,0.0,0,0.0,,False,True,False
0xba8dc7ed52ff4e711e21f58b52ebc444eef60368,True,41,19,13,6,68.4,0.1,-973.84,2,1752334649565,1775509370602,268.2,-849.35,0.872,0.0,0,0.0,,False,False,False
0xba9cd589ca6810ab03d5b100bcedd8a65694452c,True,2000,786,414,372,52.7,1.11,301.71,18,1768250894638,1787216550657,219.5,-832.97,2.761,0.0,0,0.0,,False,True,False
0xbaadfbdaff6606ed07f73ef9625ecc9a10631c6d,True,2000,1100,514,586,46.7,0.06,-49046.32,9,1785165652147,1787280707102,24.5,-6181.8,0.126,0.0,0,0.0,,False,True,False
0xbac159e3e0811a605bf15a415d747590024cfaf5,True,2000,885,259,626,29.3,0.82,-1688.71,72,1769702672016,1785116640604,178.4,-1102.59,0.653,0.0,0,0.0,,False,True,False
0xbad84ec71ee838d3826f69053315aa229ac1a164,True,2000,1011,331,680,32.7,0.2,-71354.5,15,1780588205844,1782315847016,20.0,-6828.71,0.096,0.0,0,0.0,,False,True,False
0xbaf223ea3bd55c9866c295450da79dd2626263c7,True,2000,1024,397,627,38.8,0.68,-7468.09,27,1740836676465,1788800032951,555.1,-1844.19,0.247,0.0,0,0.0,,False,True,False
0xbb0489043f9bf0e1f6533a416379008e1a675b52,True,2000,1005,383,622,38.1,1.06,115.76,52,1785060121865,1788775812303,43.0,78.71,0.68,19904.898908,50,1552.79,7.8,False,False,False
0xbb1628a19f05dc78c45c73f41c0fe76dad3b32f2,True,1060,501,62,439,12.4,0.46,-135468.65,5,1757085793072,1787942823112,357.1,-97546.98,0.72,96392.525365,1,-5409.44,-5.6,True,True,False
0xbb2e65eae3b37e00273f11bf761697c329703900,True,2000,954,357,597,37.4,0.44,-50303.8,6,1763407500654,1788627307584,291.9,-7711.0,0.153,0.0,0,0.0,,False,True,False
0xbb475febf78b528f4f0d4ae1a12541406565199c,True,2000,1010,395,615,39.1,0.39,-34565.17,1,1787787552425,1787919183694,1.5,-1767.72,0.051,0.0,0,0.0,,False,True,False
0xbb52886a2349d0c56ac04388bed746fea79d76a4,True,2000,731,225,506,30.8,0.53,-2789.67,31,1745455265631,1785397487397,462.3,536.97,0.192,0.0,0,0.0,,False,True,False
0xbb6b98abcb46f4f5b0850c8055966a0d2af75dc7,True,806,288,143,145,49.7,1.02,121.24,31,1734504684059,1778044342684,503.9,1329.37,10.965,0.0,0,0.0,,False,False,False
0xbb88ac5af18a809ae6a32dd8e58a972d112c39d7,True,2000,819,623,196,76.1,1.96,6898.56,27,1781380903869,1783455154519,24.0,-2138.55,0.31,0.0,0,0.0,,False,True,False
0xbba1e7473c815825fa3df4c43a80ee597e65c97a,True,2000,1118,815,303,72.9,50.85,98432.04,4,1785427710922,1788199417938,32.1,5231.1,0.053,515471.041407,2,127487.14,24.7,False,False,False
0xbbc2eaa0852173ca8fb193175f67db8aa8700a91,True,2000,877,716,161,81.6,1.32,3034.92,59,1741185430962,1787926398308,541.0,1121.11,0.369,0.0,0,0.0,,False,True,False
0xbbd8610cf2113ded464f6b086eb1cf9f9c19db0a,True,2000,1141,539,602,47.2,2.14,34210.25,15,1785757989898,1787934933080,25.2,-5922.65,0.173,0.0,0,0.0,,False,True,False
0xbbf2f38efea26f9bbca0fdaf7cae9f3e3110fc51,True,2000,1051,422,629,40.2,0.81,-8630.24,10,1772307528715,1779671156806,85.2,-5003.02,0.58,0.0,0,0.0,,False,True,False
0xbc03f0e0bb660ed9718b0b9e2daebb25d22127d2,True,2000,1150,298,852,25.9,0.85,-356.02,24,1787574998902,1788795208173,14.1,321.46,0.903,1122.502453,5,546.84,48.7,False,False,False
0xbc1bc64be47052fbab69d12fe5da1c3327788d1b,True,2000,908,599,309,66.0,3.1,382745.27,2,1787286895844,1788289909816,11.6,12927.15,0.034,3902661.213026,1,174519.76,4.5,False,False,False
0xbc2a70be4bd276d82b3a5e6fa365ef96e6daa6e3,True,1801,1090,315,775,28.9,1.86,284231.08,4,1776418792452,1785083877241,100.3,427868.22,1.505,0.0,0,0.0,,False,True,False
0xbc3fc3edfc56fcef9361b30078658a2a1d4d691b,True,2000,1506,115,1391,7.6,0.05,-545744.65,3,1785818828908,1787822812693,23.2,-18423.12,0.034,0.0,0,0.0,,False,True,False
0xbc5b3c01f39e18283ab259e1060d3a8c9f5a87aa,True,2000,1170,187,983,16.0,0.41,-6524.99,11,1787253499678,1788783573892,17.7,-438.8,0.067,12537.784319,5,-12082.19,-96.4,True,True,False
0xbc767c4bde4de59ac3b3eb60ac3d390210e411b0,True,2000,1077,523,554,48.6,0.81,-4306.89,4,1772120417299,1774344294631,25.7,1196.3,0.278,0.0,0,0.0,,False,False,False
0xbc8d94fc30d2207813d6bdea36fefae6fe27c28b,True,2000,1187,746,441,62.8,0.66,-2265.97,17,1785906246870,1788413549626,29.0,-1349.74,0.596,0.230364,0,0.0,0.0,False,True,False
0xbcab12e29bc099b5eb630198ce8bfa941725c9ac,True,316,151,57,94,37.7,0.07,-4932.28,2,1776321663997,1781000537377,54.2,-643.87,0.131,0.0,0,0.0,,False,False,False
0xbcc68ed388948f09a7e058f5bf8cc940eb182ef4,True,553,198,161,37,81.3,1.55,3577.71,11,1749522660440,1788014339255,445.5,-4315.53,1.206,0.0,0,0.0,,False,False,False
0xbcd3ea1feab4c6bbb0b0ca062b7c1ffecc89c009,True,2000,904,278,626,30.8,0.26,-7989.87,11,1787839965898,1788526678796,7.9,-1300.0,0.163,0.0,0,0.0,,False,True,False
0xbce7f0b4e2f97b37c41c3dbb9ee090c8006b8b2f,True,2000,968,495,473,51.1,0.79,-1460.79,38,1778325830582,1787177420437,102.4,287.94,0.197,0.0,0,0.0,,False,True,False
0xbcfb29f7a099cf320e1522755f831c4b4b958951,True,2000,932,508,424,54.5,0.35,-117316.93,9,1776126923815,1785278989887,105.9,-12290.2,0.105,0.0,0,0.0,,False,True,False
0xbd108d958b14a3548f21f1773f6d447b1a3d0dca,True,101,17,0,17,0.0,0.0,-29674.1,1,1785763207541,1788766872157,34.8,-10504.56,0.354,220254.445032,1,-230542.22,-104.7,True,True,False
0xbd23abd9a4f9a4bb890a825aeb275c372ffc1d62,True,2000,985,757,228,76.9,0.96,-1085.72,12,1786564778928,1788169074522,18.6,-6531.72,6.016,0.0,0,0.0,,False,True,False
0xbd3e5876cc7924be16c2534b1b990a808041469c,True,2000,978,712,266,72.8,4.35,117953.69,7,1787439542050,1788801874869,15.8,13232.0,0.112,83925.627047,2,-23362.42,-27.8,True,True,False
0xbd50a54f62c6271d1efb33dadfd8d0d44dd92172,True,2000,1053,378,675,35.9,0.62,-5609.24,6,1787860379399,1788797054771,10.8,1210.51,0.216,11565.309063,1,467.36,4.0,False,False,False
0xbd6ce0364c5377722e5023801e47c71aadb81b27,True,2000,900,511,389,56.8,0.67,-1354.17,22,1780228004074,1788799119897,99.2,-343.04,0.253,958.257987,0,0.0,0.0,False,False,False
0xbd81ddd44a8731753d54497f1e4fedd4e15e2707,True,2000,867,301,566,34.7,0.55,-9137.16,23,1782268361022,1787875200079,64.9,1612.0,0.176,0.0,0,0.0,,False,True,False
0xbd9cd285a11854742955982dcc882e40b05a492a,True,2000,962,407,555,42.3,4.26,84992.63,5,1764526750774,1778803200071,165.2,9594.07,0.113,0.0,0,0.0,,False,True,False
0xbdb0e25ebe421e9916cc949c5890a299baac598a,True,2000,890,301,589,33.8,1.0,-43.75,30,1762959788151,1788668086833,297.5,1421.96,32.504,3351.056131,1,-389.57,-11.6,True,True,False
0xbdcbc1fbca3cb7137263d7d76dea37c9efa2bdef,True,2000,1239,857,382,69.2,7.23,98509.4,20,1777637154100,1788026899052,120.3,3049.38,0.031,0.0,0,0.0,,False,False,False
0xbdf181d7fa4879dd7e36c9e8623679efed8db2dc,True,2000,1202,1038,164,86.4,4.71,94030.03,1,1780403391746,1782479451301,24.0,2969.03,0.032,0.0,0,0.0,,False,True,False
0xbe0faff90e05e93fceabfd068a44594a7b739742,True,2000,930,360,570,38.7,0.9,-7729.48,52,1740780059073,1782682395595,485.0,13149.63,1.701,0.0,0,0.0,,False,True,False
0xbe19541903f64af97bcf8436f4d15bf3a56b8bd1,True,2000,0,0,0,,,0.0,1,1787660377068,1787670253982,0.1,0.0,,2510499.873248,7,-272411.96,-10.9,True,False,False
0xbe2c94d491516a1bc61d71017bc3212ca902f1e9,True,2000,888,389,499,43.8,1.02,202.98,14,1775532501564,1781753712892,72.0,-661.43,3.259,0.0,0,0.0,,False,True,False
0xbe494a5e3a719a78a45a47ab453b7b0199b9d101,True,2000,22,10,12,45.5,0.15,-1.41,4,1787204068061,1788436273382,14.3,-0.66,0.47,34337.09176,2,-62870.06,-183.1,True,False,False
0xbe62cc862836ad5d98918cb414abd09a26f53e1f,True,2000,673,506,167,75.2,2.76,2685.01,8,1787011214647,1788773163271,20.4,461.34,0.172,3084.011882,1,112.9,3.7,False,False,False
0xbe6df136dd5231357dd65d01bcdadc76731f54bb,True,2000,881,245,636,27.8,1.64,7096.11,36,1777413774911,1787410082445,115.7,1029.4,0.145,0.0,0,0.0,,False,False,False
0xbe813fca7d5f06624eda2570807a1407e4738b12,True,2000,972,433,539,44.5,0.24,-50677.8,8,1782231047599,1788477535370,72.3,-6084.82,0.12,0.0,0,0.0,,False,True,False
0xbe9b7f46d3ac90a33513b47dfa2c314ce7b8bdbd,True,2000,665,596,69,89.6,0.97,-218.64,14,1765220297505,1782915343296,204.8,-652.73,2.985,0.0,0,0.0,,False,True,False
0xbea863c3b56f4b833e8962aea6fcb26e8a20e92d,True,2000,830,470,360,56.6,6.04,9132.69,2,1788450964693,1788790888640,3.9,2877.84,0.315,76898.834422,1,-12613.46,-16.4,True,False,False
0xbead614d0f4501f9ab8ecca5c1a34607565f2744,True,1999,982,366,616,37.3,0.45,-11690.73,36,1779203592196,1788715197519,110.1,-3699.88,0.316,0.0,0,0.0,,False,True,False
0xbed5160b5f4fd131fab496df66afc536c412ba6d,True,778,316,256,60,81.0,3.67,9778.59,9,1774426219050,1788370423720,161.4,1297.76,0.133,0.0,0,0.0,,False,True,False
0xbeeb97f5e2d8ef1b2c2190f0e638a9bfeebc8a9e,True,2000,1338,606,732,45.3,0.88,-1999.17,12,1777039935058,1788465743947,132.2,1768.75,0.885,675.891624,1,354.64,52.5,False,True,False
0xbf1935fe7ab6d0aa3ee8d3da47c2f80e215b2a1c,True,2000,1167,681,486,58.4,0.86,-456.58,2,1788571855224,1788816315996,2.8,-189.12,0.414,83815.139735,4,269.69,0.3,False,True,False
0xbf319873dfc47c335e3b65960f8d60751944358b,True,2000,217,93,124,42.9,0.75,-71.12,48,1781896387769,1787282112063,62.3,-53.91,0.758,234.241898,3,-666.75,-284.6,True,False,False
0xbf567b7c88b73f2c5ada6f352452641a94c47fe4,True,2000,907,281,626,31.0,0.24,-28981.84,10,1779627195633,1788272196761,100.1,-4099.01,0.141,0.0,0,0.0,,False,False,False
0xbf6dd537825deeec24eb456e133c91b8d014ecc0,True,2000,605,281,324,46.4,0.72,-52753.02,13,1784108211577,1788787807145,54.2,21348.37,0.405,583221.204495,5,-619416.35,-106.2,True,True,False
0xbf969d684dfae16db32c2fe17dcd9f9cb78b5c1f,True,929,492,248,244,50.4,0.85,-1137.38,3,1754431387418,1781065832541,308.3,-1180.22,1.038,0.0,0,0.0,,False,True,False
0xbfb5d7df09db83da019a626aa4ef4fa14306f2a4,True,1322,691,430,261,62.2,1.05,2261.82,13,1753001471306,1787305248611,397.0,6958.82,3.077,33522.822588,2,-10880.43,-32.5,True,True,False
0xbfd0d09e132772e2a87484b23852f5533349238c,True,2000,1005,315,690,31.3,0.17,-78.53,2,1772516537044,1774930507031,27.9,-1.31,0.017,4.757503,0,0.0,0.0,False,False,False
0xbff945932b5ff40699e9f12fa40927c5667df619,True,2000,1019,363,656,35.6,0.75,-5693.4,1,1781287920660,1781503861884,2.5,-2817.65,0.495,0.005496,0,0.0,0.0,False,True,False
0xc01edbb96640442257227f481e30f78eab45ff90,True,2000,1090,987,103,90.6,6.47,125693.47,4,1753579819331,1788794253717,407.6,-16463.74,0.131,0.0,0,0.0,,False,True,False
0xc03eeef5e79a879b29630069ede99359c2e97b98,True,891,393,137,256,34.9,1.18,2178.74,40,1699630406325,1788724147810,1031.2,2786.64,1.279,0.0,0,0.0,,False,True,False
0xc050572d6971c351b207ccc49785ac9314fabaa9,True,2000,850,795,55,93.5,2.08,65031.33,5,1787284715798,1787374539629,1.0,20375.42,0.313,0.0,0,0.0,,False,True,False
0xc06dd151c27dbe535ae95797e8aab1bb8b8cc7c0,True,2000,1031,547,484,53.1,1.52,22116.65,30,1788450958487,1788815309391,4.2,-2260.22,0.102,18459.862683,1,-1881.96,-10.2,True,True,False
0xc0858ba856626f207b50e98ff11406dbecdead05,True,2000,870,362,508,41.6,1.37,705.5,41,1775140868001,1788106416315,150.1,133.68,0.189,0.0,0,0.0,,False,True,False
0xc0959a1b49860d8cb9109703cbf9c034d5245170,True,2000,1095,269,826,24.6,0.43,-60629.24,4,1776698692683,1788575058772,137.5,-11231.46,0.185,14741.360438,0,0.0,0.0,False,True,False
0xc0ad5d21ff19a4e85b016bfd53ced8842995c151,True,2000,1113,521,592,46.8,1.27,4437.25,7,1781507070345,1787378474076,68.0,1139.04,0.257,0.0,0,0.0,,False,True,False
0xc0b9a5c3ad999fc06e8489cd0b43cae5b8e16f12,True,2000,1086,508,578,46.8,1.06,83.87,14,1788164766782,1788749112416,6.8,-19.8,0.236,0.0,0,0.0,,False,False,False
0xc0cf83376627cb71a2a14bc8c196caa401ade83c,True,2000,712,490,222,68.8,1.99,6502.8,19,1770047756009,1784678400025,169.3,-702.76,0.108,0.0,0,0.0,,False,True,False
0xc0ef9b0ebfa5770d6ed554da6f2ee3fc69472359,True,2000,898,339,559,37.8,5.08,134341.16,12,1757956950349,1788794112760,356.9,25171.79,0.187,294114.305039,2,82652.81,28.1,False,False,False
0xc10898eda672fdfc4ac0228bb1da9b2bf54c768f,True,1450,665,312,353,46.9,2.98,26924.36,82,1710636992426,1788780972061,904.4,6182.26,0.23,3035.846021,1,2470.39,81.4,False,False,False
0xc11c78bc43652bec70fa5baa2ec8f5adc54a6723,True,483,177,133,44,75.1,0.31,-11135.8,13,1759646615031,1788451056221,333.4,-4259.56,0.383,3140.580141,1,-172.86,-5.5,True,True,False
0xc12f80e8b763df7fa5b400767698fd86c87f7cb1,True,2000,1486,945,541,63.6,3.34,33356.11,4,1786628727054,1788754347707,24.6,11526.63,0.346,227142.38256,2,4809.18,2.1,False,True,False
0xc1471df385b1b039aae2000678e0b8bd905b3aef,True,2000,2000,1886,114,94.3,49.82,1107842.65,8,1773664597442,1773671974576,0.1,16103.25,0.015,0.0,0,0.0,,False,False,False
0xc16c69d13583ced94245f79afb8751a1883bf2c6,True,2000,351,181,170,51.6,3.89,57350.05,4,1788044390059,1788789809352,8.6,14222.53,0.248,250129.568021,2,166115.31,66.4,False,True,False
0xc179e03922afe8fa9533d3f896338b9fb87ce0c8,True,2000,2000,2000,0,100.0,inf,20760.03,1,1788799778474,1788815921699,0.2,1014.3,0.049,12155683.938791,4,1446712.24,11.9,False,False,False
0xc18c7f06cacd466033df3c26060772d764a1e78c,True,2000,484,309,175,63.8,20.89,7065.39,72,1734706657309,1788730977074,625.3,1434.92,0.203,95265.084432,5,-32695.03,-34.3,True,True,True
0xc1a1a3a3a981e9cec449113bb7ab27dd97cbe3eb,True,2000,852,321,531,37.7,0.44,-160873.35,1,1781724076390,1781968745490,2.8,-13340.5,0.083,0.0,0,0.0,,False,True,False
0xc1e42f862d202b4a0ed552c1145735ee088f6ccf,True,2000,1008,541,467,53.7,2.02,766.07,32,1788763725132,1788816790385,0.6,43.34,0.057,113415.444871,25,13136.69,11.6,False,True,False
0xc2024e4bcab1ffd8281c512f81d3def0fd357940,True,2000,623,258,365,41.4,0.86,-8065.43,8,1776109684767,1788505095480,143.5,7245.32,0.898,18194.42178,3,15252.15,83.8,False,True,False
0xc22eb49b06feb86b8fe65a103a58be1a86f03290,True,1203,659,326,333,49.5,0.42,-7796.56,21,1777283065083,1788801223413,133.3,-1406.28,0.18,0.0,0,0.0,,False,True,False
0xc23e4ad9fb43ac2c054db28a7286f35c516f5d5d,True,2000,972,617,355,63.5,0.48,-28143.19,13,1779359725124,1787589926623,95.3,-3797.4,0.135,0.0,0,0.0,,False,True,False
0xc267c581d6834eb4efc4b70612380c0ed581bcbf,True,634,252,179,73,71.0,0.45,-2548.91,15,1782128153524,1788088181462,69.0,-838.44,0.329,0.0,0,0.0,,False,True,False
0xc280a88680bac90db5a3fd20a0aa7437134a2a83,True,2000,1137,1129,8,99.3,1946.86,215602.98,9,1780678910616,1788800479464,94.0,2360.82,0.011,68883.59807,1,-1971.91,-2.9,False,True,False
0xc29531929f0180620c445426c289e972f2f792a9,True,2000,1098,639,459,58.2,1.33,3164.23,8,1774081239780,1787357190114,153.7,1441.03,0.455,0.0,0,0.0,,False,False,False
0xc2b14fde015fe4da3a238aa0e6fb7365af32760b,True,1684,358,134,224,37.4,0.36,-29933.01,14,1784003739988,1788359718022,50.4,-32416.46,1.083,98161.809175,4,-52948.09,-53.9,True,True,False
0xc2c3f8bbfa2e92db87fba045efe75a3b7878bc59,True,601,246,187,59,76.0,3.59,8686.51,19,1754581297184,1788786708572,395.9,1822.68,0.21,4564.45234,3,-1563.57,-34.3,True,False,False
0xc2d8102dc87335c90fbd57bfc7361951b3e554fb,True,2000,1177,628,549,53.4,0.46,-2085.27,31,1780946410848,1787843585906,79.8,-456.5,0.219,0.0,0,0.0,,False,True,False
0xc2f104f3724b97045f55de4c34e65fa1a5b8e606,True,723,356,138,218,38.8,0.4,-6575.86,9,1759379273575,1778013644242,215.7,-706.23,0.107,0.0,0,0.0,,False,False,False
0xc300101e8434803530c0a0056de368a1b23fc424,True,2000,1113,362,751,32.5,0.14,-47631.24,17,1781279345228,1786526290903,60.7,-2751.81,0.058,0.0,0,0.0,,False,False,False
0xc30c7ea910a71ce06ae840868b0c7e47616ba4c9,True,2000,867,384,483,44.3,0.29,-34181.32,6,1788541685945,1788804981021,3.0,-8119.37,0.238,703045.423242,4,140520.17,20.0,False,False,False
0xc324f6282a0190386505faa74de5d14cf2cd1b7f,True,2000,1116,440,676,39.4,1.34,5489.4,10,1772560388356,1785534934802,150.2,1598.97,0.291,0.0,0,0.0,,False,True,False
0xc3480ed211545603c2f915e844b63ae81950b71f,True,2000,961,412,549,42.9,0.72,-1277.04,69,1760141241633,1788801740427,331.7,288.18,0.226,0.0,0,0.0,,False,False,False
0xc35cb983dc540ceee8059779e191213b4e527daa,True,986,504,218,286,43.3,0.31,-16130.7,22,1754144185141,1788809747638,401.2,-2690.64,0.167,0.0,0,0.0,,False,False,False
0xc37b5d9a854de08c5d74522b726c316833e6a047,True,2000,1060,435,625,41.0,1.32,2376.65,27,1783883435167,1788796540862,56.9,830.0,0.349,14561.711021,3,-117.92,-0.8,False,True,False
0xc3933a92cd6e6e75a1fd01ed88006bad5bd89966,True,2000,868,607,261,69.9,0.45,-11605.88,1,1787245137183,1788109124511,10.0,-1421.41,0.122,0.0,0,0.0,,False,True,False
0xc3a17455cf3e7cc33a0d02fd35788542228a01de,True,1171,524,430,94,82.1,10.76,14262.99,6,1771832608300,1780754545115,103.3,1734.79,0.122,0.0,0,0.0,,False,True,False
0xc3bd4037ee2bc6794f989c4aea537f120bb37325,True,88,50,31,19,62.0,6.27,7057.64,2,1776528856271,1785332608794,101.9,7088.0,1.004,0.0,0,0.0,,False,False,False
0xc3e1c8f2c5a547818c51ee0486e17840f1b7de1a,True,2000,717,294,423,41.0,9.75,64370.48,15,1782395988555,1788816484545,74.3,6288.28,0.098,124593.97263,4,-69.39,-0.1,False,True,False
0xc3f6933250253ad8c13d24e57d2be05e4049fd9b,True,1530,996,440,556,44.2,0.79,-16854.92,23,1772037246126,1787692045356,181.2,-5932.32,0.352,0.0,0,0.0,,False,True,False
0xc411ce4e283c4a289e33d179b752d14410469cca,True,2000,938,339,599,36.1,0.56,-9387.72,7,1783511176139,1783981122685,5.4,-1820.69,0.194,0.0,0,0.0,,False,True,False
0xc42ec9d9156d9196f9a3887380ccfaaa518e4c8d,True,2000,1147,571,576,49.8,0.99,-2.04,23,1788805531516,1788816982890,0.1,12.97,6.365,15469.134236,10,-260.26,-1.7,False,False,False
0xc44c8d17f10ca90f74acb075c9af87e58272c6d7,True,2000,903,796,107,88.2,7.81,67852.93,4,1756123088952,1780024443776,276.6,29186.98,0.43,5776.435741,0,0.0,0.0,False,True,True
0xc46aac151861f88bee23bff181d548914d904c88,True,554,258,209,49,81.0,0.36,-3230.1,9,1758205567088,1788584865667,351.6,-2643.27,0.818,630.655418,1,59.34,9.4,False,True,False
0xc47b8f5498e22c9a675480aa524f8efaab42cf5f,True,2000,878,431,447,49.1,0.61,-7042.13,2,1759314667159,1788091923527,333.1,-2182.47,0.31,0.0,0,0.0,,False,True,False
0xc492fd20c24edeb35ccb7132fa040bb910ca7a41,True,2000,1027,1027,0,100.0,inf,3300.59,17,1787373807201,1788797532425,16.5,6.18,0.002,203223.255361,5,84383.5,41.5,False,False,False
0xc4ad0654a57b5868e16885f7025afaf87f77fda4,True,2000,673,639,34,94.9,1559.65,51401.7,1,1787238063647,1788767169093,17.7,2428.84,0.047,62010.597895,0,0.0,0.0,False,False,False
0xc4bdf0caf420002b323a03a236717e25cfe9d6ca,True,2000,962,593,369,61.6,0.45,-72167.85,35,1751149495555,1784923372448,390.9,-14462.9,0.2,0.0,0,0.0,,False,True,False
0xc4ed210c8f54fe1ea683f3ddd997705306b9c59e,True,2000,1025,674,351,65.8,0.81,-729.73,4,1776038996581,1780904249126,56.3,-981.44,1.345,0.0,0,0.0,,False,True,False
0xc50a6daaac4910b15edf2e1b1256cce7a12d5eec,True,2000,1102,430,672,39.0,0.93,-1835.47,12,1776981553611,1788763272879,136.4,-3878.27,2.113,3400.064098,1,-135.88,-4.0,False,False,False
0xc515506c6bf66f3bacc600e96f355918eb612258,True,242,188,143,45,76.1,2.06,224.95,1,1778539186476,1778707051892,1.9,76.82,0.341,0.0,0,0.0,,False,False,False
0xc5315628e03ce0d6736867698543fe0d30f871d6,True,2000,1347,1290,57,95.8,0.61,-1595.7,98,1781848200522,1784434894086,29.9,-1615.47,1.012,0.0,0,0.0,,False,False,False
0xc54aba31afcc7f4e19423130c468a4db45ad6882,True,1288,321,158,163,49.2,0.88,-1335.51,7,1781356794178,1781741912926,4.5,-1409.57,1.055,0.0,0,0.0,,False,True,False
0xc559601c5c42b13266aa05d6567946894c9f0790,True,1091,374,238,136,63.6,0.53,-13680.64,27,1737216400346,1784644402504,548.9,-4616.28,0.337,0.0,0,0.0,,False,True,False
0xc56473bbe10794882afcbaf6e0da1c3edf849e7b,True,2000,908,490,418,54.0,1.82,9038.79,14,1772648234909,1780630218613,92.4,3570.3,0.395,0.0,0,0.0,,False,False,False
0xc5716bbea3c822f3346de7185fe22b14fdc2670e,True,2000,945,323,622,34.2,0.9,-1514.75,21,1785874790063,1788800960363,33.9,800.0,0.528,138.073631,1,-3.38,-2.5,False,True,False
0xc57bb2800701c9ee216f89cf5ced46f9cf10d43d,True,2000,1002,406,596,40.5,1.14,327.44,52,1785489584268,1788771345756,38.0,126.52,0.386,26321.432811,50,1998.09,7.6,False,False,False
0xc58939aaa0051c905e29d781f3ed5dbef53fbc69,True,2000,791,476,315,60.2,1.01,32.27,29,1786639925986,1788460372023,21.1,-537.04,16.644,108.064607,1,34.28,31.7,False,True,False
0xc5a1844c09eff6935f6e914df70e21ef425b8fac,True,2000,1212,638,574,52.6,1.86,104106.75,7,1786390119099,1787375777922,11.4,34750.82,0.334,245570.346534,3,83339.13,33.9,False,True,False
0xc5ba6b6e5bbda82311d99c07b3f7c090d4f9dbbd,True,2000,824,820,4,99.5,177.8,35877.63,7,1783557071309,1786974996026,39.6,1227.06,0.034,0.0,0,0.0,,False,False,False
0xc5d4947e1fe690c363617cbb55a8ae1b40a537f6,True,2000,1144,343,801,30.0,0.73,-5050.27,6,1779376778516,1783971168108,53.2,2879.9,0.57,0.0,0,0.0,,False,False,False
0xc5e328dfeb77f60bfb614e915217477c0eac0c42,True,2000,1045,330,715,31.6,0.14,-25220.68,14,1788279964301,1788715616082,5.0,-3645.84,0.145,0.0,0,0.0,,False,True,False
0xc5fc1edf555256b7233c33ebc5eb1d9c57148679,True,1760,962,434,528,45.1,1.37,17658.69,12,1773409833966,1781059259160,88.5,8669.94,0.491,0.0,0,0.0,,False,True,False
0xc617c59cb7df6b642c99872cfd98be3eef0493b3,True,2000,1310,1041,269,79.5,1.04,495.62,9,1782619888597,1786408063152,43.8,-1120.95,2.262,0.0,0,0.0,,False,True,False
0xc62dec6ae2ce956de01b3253823f773b040a1313,True,2000,1095,445,650,40.6,2.97,35849.2,29,1776126176973,1779696185190,41.3,15284.1,0.426,0.0,0,0.0,,False,True,False
0xc646f99e0108c56b757ca1c67f64c8acaceadcbb,True,537,300,146,154,48.7,6.89,3911.21,18,1734904214760,1788117104435,615.9,708.72,0.181,3239.666333,0,0.0,0.0,False,True,True
0xc65f7e45e27cc011b409bc2102805086a061603c,True,2000,1383,511,872,36.9,1.39,2740.07,2,1783127380857,1787824104625,54.4,3525.0,1.286,8366.794264,1,11390.4,136.1,False,False,False
0xc670a8369c56845d10d14d9ca2f10b38c085058e,True,2000,1083,287,796,26.5,0.74,-1897.19,17,1776437608911,1788707745465,142.0,656.73,0.346,0.0,0,0.0,,False,False,False
0xc684f9a254ad35a2335c74afa116d0d79646941a,True,228,154,135,19,87.7,5.93,7167.19,2,1786559757767,1787064234296,5.8,1861.66,0.26,0.0,0,0.0,,False,False,False
0xc6a000586b4db745b987da898830d4b973e2b435,True,478,227,161,66,70.9,2.83,3809.5,48,1767088489625,1788817097267,251.5,590.01,0.155,1554.947462,8,-508.02,-32.7,True,True,False
0xc6b0f07048da5cbdd6fffc7a64cae63d84ab1003,True,2000,957,518,439,54.1,1.66,8419.04,16,1785678859997,1788812915738,36.3,1295.31,0.154,3855.280858,1,50.48,1.3,False,False,False
0xc6cfc26b057f9f70a4cfdd896f075d86315d9d23,True,2000,1105,480,625,43.4,0.58,-72375.45,1,1777970542425,1779814847227,21.3,-8139.31,0.112,0.0,0,0.0,,False,True,False
0xc6e5335d0d4864c1c27ff8403a89fc08da4e5fc9,True,1500,584,185,399,31.7,0.21,-6991.6,9,1774649474375,1781215388644,76.0,-1072.55,0.153,0.0,0,0.0,,False,True,False
0xc6fee72e2dfb27d75c282747f268738c7bc179b1,True,2000,893,479,414,53.6,0.07,-354870.41,4,1781126554136,1782019036665,10.3,-70741.54,0.199,0.0,0,0.0,,False,False,False
0xc70aa0bc5c372ca2006204c91af480dacf621bac,True,2000,896,229,667,25.6,0.15,-84754.86,6,1780338374859,1788813200946,98.1,2293.56,0.027,0.0,0,0.0,,False,False,False
0xc71a142617bd6e362141f002053bbe11a7c0495b,True,2000,1695,1558,137,91.9,15.43,993.11,10,1779316121099,1788697707984,108.6,-18.26,0.018,0.0,0,0.0,,False,False,False
0xc72dd29c0887ed85991588dd89860e2d42900d57,True,2000,934,657,277,70.3,1.57,19993.15,24,1762321471540,1787685680002,293.6,-5490.6,0.275,2404.670601,7,-976.05,-40.6,True,False,False
0xc74ef5181c27454110ecf53f1f85e4a591b749c0,True,2000,960,339,621,35.3,0.87,-1018.83,9,1779803995049,1788166000862,96.8,485.52,0.477,0.0,0,0.0,,False,False,False
0xc768b9e8d84a80bb771c1204840b1a3372e6b3a2,True,1323,727,209,518,28.7,0.71,-4311.25,37,1779557374355,1788766971469,106.6,1946.92,0.452,7067.423898,4,3471.15,49.1,False,True,False
0xc77e056a46662f26ef86968142138be07644f28e,True,1121,515,239,276,46.4,0.89,-3620.59,16,1764900124280,1787876242147,265.9,2660.63,0.735,14840.392155,1,3716.14,25.0,False,True,False
0xc7894792e4763da721d6747bfc4c28525a5f8e8a,True,89,42,19,23,45.2,1.2,602.43,2,1757829153253,1788674816426,357.0,-1059.66,1.759,0.0,0,0.0,,False,False,False
0xc7a99aae7e5703c55b5a58ceec987bc0021ca5ab,True,309,89,48,41,53.9,15.25,31151.4,6,1783193896684,1788673560395,63.4,13222.53,0.424,17761.001164,2,15090.77,85.0,False,False,False
0xc7b5e6e7d67e42ff14afe13f7dcee777921fef5a,True,2000,1180,328,852,27.8,0.91,-909.63,1,1775052496913,1778209521245,36.5,-529.34,0.582,0.0,0,0.0,,False,True,False
0xc7c8288d6f297dcffadc01a1c0f3a400fc1c3e40,True,1048,435,252,183,57.9,0.61,-19438.57,12,1772259822627,1788525479102,188.3,18065.1,0.929,4984.225604,1,293.41,5.9,False,True,False
0xc7e0f06f8fe48f49b8dc0da9d4d62586718b7970,True,2000,998,862,136,86.4,0.33,-34594.88,3,1780431346349,1782395735352,22.7,-7864.41,0.227,0.0,0,0.0,,False,False,False
0xc7f10fbe66b01ee372c2ed6814843114cbdedeb0,True,2000,1107,595,512,53.7,0.5,-7524.96,3,1782404028069,1788495659254,70.5,-2722.57,0.362,0.0,0,0.0,,False,True,False
0xc7fa25ae9456629641b5355f39d85261bf17bd6d,True,1093,499,287,212,57.5,1.33,6828.54,14,1779710768129,1788629701499,103.2,2531.0,0.371,1006.017461,2,-238.81,-23.7,True,True,False
0xc80ba3b5510f5acc724f18265be322951aafbdc0,True,930,475,283,192,59.6,1.28,4696.26,30,1774138159767,1787599704432,155.8,2341.73,0.499,0.0,0,0.0,,False,False,False
0xc82152333ed7945bc4f48b350e039f94465b08fa,True,2000,1273,582,691,45.7,0.65,-15379.59,16,1788476698450,1788816092452,3.9,-3025.42,0.197,81329.781688,2,11499.85,14.1,False,True,False
0xc837287e0ee4a917893843b0e83e6948655ff538,True,2000,1078,654,424,60.7,0.66,-3932.89,22,1780328727280,1788633397556,96.1,-1754.93,0.446,0.0,0,0.0,,False,False,False
0xc84701409e6349b2729a5529a94fc45d73f002f4,True,1137,592,299,293,50.5,1.03,155.65,44,1783059639755,1786107195115,35.3,-960.54,6.171,20.841899,0,0.0,0.0,False,True,False
0xc85cf914a0764fb6d58cfe6709e634430a545c63,True,636,326,263,63,80.7,1.76,2120.05,2,1741307064776,1783532313407,488.7,-997.42,0.47,0.0,0,0.0,,False,True,False
0xc8720c162998db1041f23080c12cfe1dc2fa7d45,True,245,111,34,77,30.6,1.67,2063.3,1,1742382232817,1782588304552,465.3,931.28,0.451,0.0,0,0.0,,False,False,False
0xc887b673632dee97c4ebb861a2660cc883d39059,True,2000,696,411,285,59.1,5.15,44732.6,10,1787896364328,1788812414131,10.6,8602.12,0.192,43523.273153,3,-8437.21,-19.4,True,False,False
0xc89f91c59e0cf469cb05c376145366837f17f644,True,2000,1156,491,665,42.5,0.48,-54733.45,4,1769827209194,1788790082929,219.5,-5698.9,0.104,19433.714363,1,459.2,2.4,False,True,False
0xc8b527864ef2ad6dc49de7e99943a3a76ad48891,True,2000,0,0,0,,,0.0,2,1788723008195,1788790481433,0.8,0.0,,18221496.254601,1,-261118.42,-1.4,False,False,False
0xc8c900e006014a9c2fa33e4a1df7b19d2bd4cace,True,517,253,161,92,63.6,0.89,-696.64,12,1768224316558,1778816864165,122.6,-1408.99,2.023,0.0,0,0.0,,False,True,False
0xc8e006b05694165e5459d5ac297c6857f97d8f23,True,2000,969,361,608,37.3,0.36,-39928.14,12,1769437940851,1788195905788,217.1,-3013.25,0.075,0.0,0,0.0,,False,True,False
0xc8ff61f572ca7bc4ceb624f38f06c053b93496a5,True,2000,1539,1215,324,78.9,4.0,21615.02,7,1767741526041,1784578468698,194.9,2602.93,0.12,0.0,0,0.0,,False,False,False
0xc91a2de68ccc05cf0715bea9c4b4fa76c3d7483e,True,2000,794,296,498,37.3,0.43,-7406.6,50,1753102386323,1788778135837,412.9,-835.57,0.113,0.0,0,0.0,,False,True,False
0xc932b5727945e08b4e7a36a64a66c84b7c9eb1dd,True,2000,998,547,451,54.8,0.54,-20771.86,23,1773446938592,1788766069102,177.3,-4449.48,0.214,2484.781441,1,-97.82,-3.9,False,True,False
0xc951e2d270d9242dab245b21ea734954b0dc7994,True,2000,1081,379,702,35.1,0.64,-8232.49,51,1787420127656,1788791476764,15.9,-1989.45,0.242,166421.957074,1,-341.22,-0.2,False,False,False
0xc9671591e9aa145eaefeb4c4a0f4708d96105d78,True,2000,796,701,95,88.1,1.47,4345.5,6,1778469212700,1787221567959,101.3,-4236.64,0.975,0.0,0,0.0,,False,True,False
0xc97af3b5267072514c93b63aaab02982c11f6e8a,True,2000,957,674,283,70.4,7.58,18273.86,5,1786731332500,1788279844171,17.9,2960.4,0.162,0.0,0,0.0,,False,True,False
0xc99a2fbda9ca0cb8b298365f9c56387eb2aed9d5,True,2000,624,336,288,53.8,0.37,-31107.53,26,1774987339487,1786060800071,128.2,-4175.8,0.134,0.0,0,0.0,,False,True,False
0xc9aa3bf2fab69120b9f172c339f4ddb49ee4cdb7,True,2000,1043,581,462,55.7,2.29,44173.65,55,1738548544571,1785479853476,543.2,17096.63,0.387,0.0,0,0.0,,False,True,True
0xc9c3bea6f02f0de2db74cfbceb9f5cd072b2dbde,True,1596,1004,0,1004,0.0,0.0,-148472.48,1,1775430583854,1775520848745,1.0,-2421.46,0.016,0.0,0,0.0,,False,False,False
0xc9e25e5406942c73c8ef916ed87664c93c49d232,True,2000,1800,1197,603,66.5,0.57,-39725.14,27,1776599549520,1788357397318,136.1,-11965.92,0.301,0.0,0,0.0,,False,True,False
0xc9f7c1c2c26cd5a16dd796b20584e20885e3b083,True,351,195,109,86,55.9,1.06,131.08,16,1787375396202,1788763520152,16.1,1016.5,7.755,3520.166276,1,113.9,3.2,False,True,False
0xca1b2a3f9baddfa1cf0763de8b739abbb65a208c,True,815,445,339,106,76.2,4.45,12219.81,1,1781913655261,1786378814532,51.7,903.83,0.074,0.0,0,0.0,,False,True,False
0xca2b41466ebd3bf9044b1dfece6b93c8151e2678,True,1221,574,330,244,57.5,1.16,629.38,53,1769716921071,1786370953066,192.8,215.61,0.343,0.0,0,0.0,,False,True,False
0xca3bc6a3e4a641e8813b224fd563bac883a2d0d8,True,254,100,4,96,4.0,0.01,-1575.41,2,1779473090102,1783567344335,47.4,-127.08,0.081,0.0,0,0.0,,False,False,False
0xca5d54391006e79770110be2075c24c6699106c5,True,2000,979,448,531,45.8,0.91,-6502.52,18,1785843239887,1788288342483,28.3,-5296.61,0.815,23019.345048,1,-12304.61,-53.5,True,False,False
0xca83349eaee309b8143ab34ce2b33df0a0295bcd,True,2000,857,808,49,94.3,374.17,4690.88,5,1784548264779,1788802393077,49.2,242.22,0.052,40228.352237,1,-26.19,-0.1,False,False,False
0xcaa4f7ac5cc40b72ac64214356b52744728a7802,True,2000,1029,670,359,65.1,1.27,1811.67,9,1777257122985,1781491870453,49.0,-1112.11,0.614,0.0,0,0.0,,False,True,False
0xcab397d10543c990fdecb66a9485c9bd90612640,True,2000,995,395,600,39.7,0.79,-2236.79,66,1772910945489,1788794182756,183.8,638.74,0.286,0.0,0,0.0,,False,True,False
0xcac19662ec88d23fa1c81ac0e8570b0cf2ff26b3,True,2000,411,208,203,50.6,0.06,-29314.84,4,1788787561660,1788817541282,0.3,-845.11,0.029,3843025.448171,34,-5179149.33,-134.8,True,False,False
0xcad0faf7ec7500ce11a5121a2aff6621f549e46e,True,725,96,94,2,97.9,0.58,-18171.98,5,1737239487881,1786733467112,572.8,-32922.64,1.812,71276.958685,2,-55082.77,-77.3,True,True,False
0xcae88eda29b917ab146ae72ba5bd3f30ee730a67,True,2000,891,466,425,52.3,2.66,3468.49,11,1787118571850,1788756573077,19.0,1143.38,0.33,0.0,0,0.0,,False,False,False
0xcafe9392d902f6f517b1573371923ebf7ffa7b3b,True,2000,16,0,16,0.0,0.0,-0.1,4,1788237486066,1788746862621,5.9,-0.02,0.208,30614.181412,2,1823.2,6.0,False,False,False
0xcb0ce14cd5d7751b2906d9e228ec44f4b33052d4,True,2000,607,179,428,29.5,0.82,-639.7,26,1786067047253,1788134394807,23.9,583.81,0.913,0.0,0,0.0,,False,False,False
0xcb23c6c1922461e412ac53c17b0c9e7da8787b73,True,324,131,75,56,57.3,1.09,226.42,5,1778444379086,1778673477617,2.7,1249.1,5.517,0.0,0,0.0,,False,False,False
0xcb2d7a55dffd644ffdd0fb8180433ca530b47e67,True,155,32,18,14,56.2,7.42,9469.53,7,1766062366600,1787296604592,245.8,6413.93,0.677,24960.143186,2,-25490.53,-102.1,True,True,False
0xcb4032379caf07bc41c7cf2a10763f99a170c2ed,True,1322,602,341,261,56.6,1.09,1216.95,36,1704943676820,1781844679668,890.1,1298.91,1.067,0.0,0,0.0,,False,True,False
0xcb589a4c9e5648fa772a991d56a008b1114e9567,True,2000,905,306,599,33.8,1.37,2322.69,27,1749045861811,1787875200079,449.4,-2084.89,0.898,0.0,0,0.0,,False,True,False
0xcb706e6af6bbc72e7aea1d71295de5bc2be73402,True,47,30,19,11,63.3,17.56,7684.81,3,1749534284527,1787961600069,444.8,3304.97,0.43,0.0,0,0.0,,False,False,False
0xcb8436264dd4b0d9912b65dbe2893e71de7752cd,True,2000,641,313,328,48.8,0.25,-7482.28,26,1788615711742,1788813017203,2.3,-1399.6,0.187,1752637.544179,33,-861414.61,-49.1,True,False,False
0xcb8fe18706839dc8f541ac61fab346805b42fd2d,True,2000,1014,478,536,47.1,1.39,12930.42,8,1784037975989,1788695678199,53.9,3132.08,0.242,0.0,0,0.0,,False,False,False
0xcba6f943dd4d4e8b2fd9cc5eab6cb0eeec2bfa6c,True,728,369,260,109,70.5,1.31,9319.72,6,1779381330656,1783001292050,41.9,-5870.72,0.63,0.0,0,0.0,,False,False,False
0xcbbb26d5e622fb877e12745921ae8b1f820ffbed,True,2000,1006,228,778,22.7,0.04,-1788216.93,20,1759700194625,1788630661678,334.8,-425502.71,0.238,99837.470539,1,72315.29,72.4,False,True,False
0xcbcfb5360f1bf7d55d9e529e298ecd439fd353fc,True,2000,1199,306,893,25.5,0.18,-44196.38,61,1780582735812,1788393600075,90.4,-5668.97,0.128,0.0,0,0.0,,False,True,False
0xcbe8842057878a0ac75f7c3aac5b8ce8aeaab179,True,2000,872,391,481,44.8,1.18,533.89,54,1762776145832,1785666178549,264.9,145.24,0.272,2035.950292,1,364.09,17.9,False,True,False
0xcbf906603f3f2b690af4f337cda2d5dc153dffdc,True,2000,1017,400,617,39.3,1.11,255.56,52,1785403296651,1788776081855,39.0,113.77,0.445,25000.747014,50,1876.0,7.5,False,False,False
0xcc12e53783cc963822de42d6c6168f8bead7a226,True,2000,905,683,222,75.5,0.92,-4792.26,27,1739716947948,1788270286002,562.0,-7822.18,1.632,13260.326703,1,-2662.5,-20.1,True,True,False
0xcc221419e754b43b2b5a9482909d8892ef70c838,True,2000,713,273,440,38.3,3.72,930523.91,3,1760305244759,1788525016448,326.6,100624.96,0.108,0.0,0,0.0,,False,False,False
0xcc353279dc49e1bdce564837ca5c0fa609395be6,True,119,52,45,7,86.5,7.57,5377.11,3,1770243004378,1784324189985,163.0,2163.98,0.402,0.0,0,0.0,,False,True,False
0xcc5b1fef95f632c4a25f95ad88bfe12f928d04cb,True,2000,838,330,508,39.4,1.36,2826.04,11,1788419376581,1788792361998,4.3,699.08,0.247,17776.84432,5,2388.11,13.4,False,False,False
0xcc798eb1adf1ccbc768f43746bbfc0512e5ac1f7,True,2000,1105,269,836,24.3,0.83,-5596.49,8,1772123736627,1787845120928,182.0,-12576.4,2.247,0.0,0,0.0,,False,True,False
0xcc91db069da647fe9c47412cdc5d2098ec23e0fc,True,2000,906,665,241,73.4,1.31,29955.58,25,1764093356984,1788799848380,286.0,-19827.74,0.662,55683.166028,5,3703.36,6.7,False,True,False
0xcca932765f9ca6857098af406564b6bff8675b0a,True,2000,871,643,228,73.8,0.99,-253.74,21,1780826754184,1786933304320,70.7,-9873.45,38.911,0.0,0,0.0,,False,True,False
0xcccf52ee132b3e10fadab01ad69f69adbc0629a4,True,756,390,201,189,51.5,1.25,5261.9,17,1764083420413,1787064775697,266.0,4487.02,0.853,0.0,0,0.0,,False,True,False
0xccf38c5ce829644cea299b5bb6f7daca3a0b27a0,True,1280,517,189,328,36.6,0.45,-5140.34,35,1770797890520,1788468931870,204.5,-429.87,0.084,5767.403536,6,2493.28,43.2,False,False,False
0xcd02dc6630e10bc3b99866c1bd80993145f0ad72,True,2000,991,331,660,33.4,0.42,-27861.74,7,1780551156140,1788751265632,94.9,-2641.6,0.095,4318.474454,1,846.15,19.6,False,True,False
0xcd1f45e2c6745f9aab878047f853b2ba2c20113e,True,2000,1024,536,488,52.3,0.88,-4113.1,27,1761061870064,1788455415632,317.1,-3169.79,0.771,1380.597262,1,0.31,0.0,False,True,False
0xcd344d6f295906ff1e41217ed2518f329159946f,True,1245,1203,580,623,48.2,2.04,30002.91,9,1785818877189,1787173682123,15.7,-7544.55,0.251,0.0,0,0.0,,False,True,False
0xcd3f9e84df8960d3489d15eb94aa5046dbedaff5,True,1048,394,313,81,79.4,0.68,-4728.31,12,1780843572232,1784815075269,46.0,-10525.64,2.226,0.0,0,0.0,,False,True,False
0xcd51d935213a7a44db51edda927c457fe5a6b10a,True,2000,1078,437,641,40.5,1.1,1187.02,3,1781473217077,1788739059891,84.1,977.6,0.824,126.618605,1,54.06,42.7,False,True,False
0xcd6b437786dd3237a5332b4da3ad431b340aeb33,True,2000,591,102,489,17.3,0.38,-111270.63,5,1771690633502,1774519858232,32.7,25372.04,0.228,0.0,0,0.0,,False,True,False
0xcd8393fb755703a9834e12d6d55cce97c2a23926,True,203,30,21,9,70.0,0.68,-1021.45,2,1775163522244,1778072362398,33.7,-1069.49,1.047,0.0,0,0.0,,False,False,False
0xcd90cc19b701fd11862c83466d71194b49c75191,True,1265,698,543,155,77.8,2.66,39105.15,22,1734237887478,1782395613173,557.4,4719.94,0.121,0.0,0,0.0,,False,True,False
0xcd98da856b021a6efcc7d766118531ad64aec433,True,2000,902,69,833,7.6,0.53,-32380.79,4,1787452655860,1788528352169,12.5,-14286.32,0.441,59.375081,2,-13.39,-22.6,True,False,False
0xcdaad1ea72b7cdcec3eb6d491119853c2169f8d9,True,2000,924,258,666,27.9,0.45,-14690.18,11,1786315901384,1788748826526,28.2,1187.36,0.081,23009.703213,4,37658.23,163.7,False,False,False
0xcdb4488f12eef3b4607e37276b13d79f05f55f2f,True,2000,756,589,167,77.9,0.23,-316433.97,10,1759617209162,1780535772909,242.1,-352155.42,1.113,819.198142,0,0.0,0.0,False,True,False
0xcdd518dcba1e68d0781d4bd998beda2089d45211,True,2000,1043,597,446,57.2,0.77,-10263.45,24,1785908802309,1788807658529,33.6,-4066.9,0.396,19316.021525,6,-297.42,-1.5,False,True,False
0xcdf73290cb271fc6b5aa3723eae9a0086baaa50f,True,2000,1054,592,462,56.2,0.74,-41443.73,15,1782954281073,1788743170943,67.0,-9054.65,0.218,13171.07692,2,1758.9,13.4,False,False,False
0xce14970b75c214467f5eef21fefe1353d583c5ea,True,392,191,72,119,37.7,1.36,1001.52,8,1733519916974,1788744278913,639.2,-495.43,0.495,1301.801867,2,300.65,23.1,False,False,False
0xce360423ceb49c4c93a70ee7f2d35c2d16d18e07,True,2000,942,677,265,71.9,1.11,5424.37,48,1752672029008,1788802373865,418.2,-15003.38,2.766,19087.196504,6,9767.16,51.2,False,True,False
0xce516171978dd6a3c9e24dc76bba1e16d49acf7f,True,2000,1667,487,1180,29.2,0.37,-161612.84,7,1737270050769,1774561855031,431.6,26707.26,0.165,0.0,0,0.0,,False,True,False
0xce6b9edaab87a0ae0c8ebb5cefa29d4305f45864,True,1312,659,273,386,41.4,1.55,6877.69,23,1733450086068,1778571381747,522.2,-1921.61,0.279,0.0,0,0.0,,False,True,False
0xce82df2573ecb0a76db15c0ff380ef65e9258c97,True,2000,1934,0,1934,0.0,0.0,-1295889.17,1,1780268601635,1780410189048,1.6,-60639.71,0.047,0.0,0,0.0,,False,False,False
0xce90f6c648f87c8bd6af9f05a55ba6807215f0ff,True,499,256,81,175,31.6,0.71,-1692.78,11,1785003195769,1787933566443,33.9,-537.56,0.318,0.0,0,0.0,,False,False,False
0xcec62a8b313740495cc2d6f5728f2f978fea715f,True,992,107,50,57,46.7,1.09,4817.21,3,1775541270215,1786555511121,127.5,-39477.65,8.195,0.007591,0,0.0,0.0,False,True,False
0xceeb16d0f5599599113a1d9f1c4e97808604adce,True,20,7,7,0,100.0,inf,805.64,1,1780589940608,1780591812013,0.0,308.64,0.383,0.0,0,0.0,,False,False,False
0xcf0986a6b82f409a3a1c563dd4e84c2c9d0f40d6,True,38,31,31,0,100.0,inf,365.72,1,1788403592019,1788404391747,0.0,80.94,0.221,0.0,0,0.0,,False,False,False
0xcf15a5536dad7a3f73e4a65093057b097d397e1d,True,2000,851,652,199,76.6,0.12,-377967.37,52,1752726417371,1784349657344,366.0,-149907.38,0.397,0.00415,0,0.0,0.0,False,True,False
0xcf35be72d88d933e0ef2c69c7b9dcb23bb9fe5bd,True,2000,1791,1048,743,58.5,0.57,-6144.06,52,1784930305555,1787375496128,28.3,-2356.0,0.383,0.0,0,0.0,,False,True,False
0xcf477ccce870821ef939fb1a38c39b372d8cf7b8,True,697,312,128,184,41.0,0.76,-6061.28,12,1757345656946,1780190375176,264.4,-7016.49,1.158,0.0,0,0.0,,False,True,False
0xcf74dc50069e3ee0fddc10bd64e9a68d21126cfe,True,946,408,332,76,81.4,10.85,156527.27,28,1727047308807,1787529827424,700.0,8266.6,0.053,40802.62382,6,122885.93,301.2,False,True,True
0xcf8953894fc8c0b4e9da77681bd16e11b934aa12,True,87,49,19,30,38.8,0.88,-106.74,3,1774291473003,1782135011419,90.8,312.21,2.925,0.0,0,0.0,,False,True,False
0xcf9fe2fb52f21c366c0e11c315188a7c9cfdeee2,True,2000,941,250,691,26.6,1.09,783.71,6,1785998446722,1786900144450,10.4,1591.97,2.031,0.0,0,0.0,,False,False,False
0xcfba52dd4943a93a67ac7480c77e76d79b487c8f,True,703,372,346,26,93.0,143.28,61069.63,3,1783192903072,1787824541161,53.6,4996.69,0.082,0.0,0,0.0,,False,True,False
0xcfcbedc65ad6e1c0f264e5499b329a624a806ecf,True,2000,1026,585,441,57.0,1.23,686.13,21,1788014891325,1788799311575,9.1,-277.71,0.405,2592.661923,10,1109.79,42.8,False,False,False
0xcfe1d055a6abf19456aaf50ced4d6a7c8031a084,True,2000,1042,286,756,27.4,0.87,-2427.34,25,1780392505517,1788752311179,96.8,3976.36,1.638,3382.270911,1,157.65,4.7,False,False,False
0xd005cd3497b15a6b5b9465b812409ef9447815c2,True,1693,784,715,69,91.2,28.81,147059.31,1,1786724850302,1788789958655,23.9,6594.81,0.045,79730.324643,1,-14487.01,-18.2,True,True,False
0xd01d1679643f48654e6f532c4326be2d034573e7,True,2000,892,529,363,59.3,0.83,-21418.57,11,1780562274546,1788509972019,92.0,-9670.22,0.451,314438.661521,7,106058.3,33.7,False,True,False
0xd027e50abc8f8c8d01e608471bf0bccccecf984f,True,2000,930,415,515,44.6,0.84,-2278.79,11,1783333552448,1788174478226,56.0,-883.17,0.388,16923.255816,2,3457.84,20.4,False,False,False
0xd050e5838012a4e398c7213039fdf3a7255c3043,True,767,435,197,238,45.3,1.06,864.44,3,1770738367568,1781313334679,122.4,-1395.45,1.614,0.0,0,0.0,,False,True,False
0xd05ec74b55b0bec0fd7656c4f340399ec4bfa3b4,True,2000,927,623,304,67.2,3.15,26062.97,3,1780770823000,1788697360148,91.7,2792.3,0.107,0.0,0,0.0,,False,True,False
0xd080e7eab801b27f647beeadbb3f04e2040a0055,True,2000,692,399,293,57.7,1.42,5011.48,18,1779047960552,1787073996237,92.9,1485.62,0.296,0.0,0,0.0,,False,True,False
0xd08f964c0cf7c5777323827ef2e67b6905f95fff,True,2000,923,481,442,52.1,0.1,-14660.02,5,1783532668063,1783984192164,5.2,-5500.83,0.375,0.0,0,0.0,,False,False,False
0xd09fa948296e54d1ab73a0497c16403a08a84732,True,1470,560,393,167,70.2,2.51,48029.4,14,1760139702955,1788691247822,330.5,23623.13,0.492,4798.448821,1,-4753.82,-99.1,True,True,False
0xd0ae4d9c7d46ab537d260b265167e950dfb27ca4,True,247,102,86,16,84.3,2.83,3700.73,10,1764777570336,1788504773415,274.6,-1506.82,0.407,0.0,0,0.0,,False,True,False
0xd0c3592d814df8759e1a469b3286142ab0111fbb,True,2000,887,353,534,39.8,0.45,-22765.35,29,1748441182757,1779478237718,359.2,-6373.32,0.28,0.0,0,0.0,,False,True,False
0xd0d9abfb9a8e477fe50a22e03732b3a082b9baa5,True,2000,1004,641,363,63.8,2.85,20038.25,6,1785361582603,1787420851178,23.8,-4829.23,0.241,0.0,0,0.0,,False,True,False
0xd0f8ba3ae8bd9f13c548d42ab956b78f93e53a22,True,2000,1033,426,607,41.2,4.66,88649.65,11,1779235393469,1788465424406,106.8,14291.5,0.161,0.0,0,0.0,,False,False,False
0xd10d0a1494a6699a2f3609befdfd79bf9d8bb227,True,952,495,235,260,47.5,0.92,-1203.46,43,1733779365456,1788810815864,636.9,-1158.66,0.963,400.739639,2,44.14,11.0,False,True,False
0xd1166a1c905dd96920fe64250d82cd8ca9c0f395,True,2000,1122,472,650,42.1,1.02,234.18,13,1737649011970,1788790615707,591.9,1333.55,5.695,71.721104,1,-0.58,-0.8,False,True,False
0xd128fb901de98a699f21f8d15a490a8dac2c5b59,True,414,192,100,92,52.1,0.87,-248.13,2,1778108640375,1779121215595,11.7,689.02,2.777,0.0,0,0.0,,False,False,False
0xd13d96f7b6bb6dd3ad865e23f1265e5885f1069c,True,2000,633,372,261,58.8,0.82,-1051.55,1,1788534326032,1788817752003,3.3,-101.72,0.097,36514.41471,1,0.37,0.0,False,True,False
0xd15a73e9286c50d5e27df8a9fd6f9220203fda79,True,2000,993,426,567,42.9,0.81,-3531.09,24,1769463267360,1788267294533,217.6,-1557.3,0.441,7222.04121,1,-973.62,-13.5,True,True,False
0xd16adc2db90dbeac26b7a0907bab2fe4785bf1c4,True,230,127,65,62,51.2,4.25,2190.21,1,1782463834518,1782728553855,3.1,734.0,0.335,0.0,0,0.0,,False,False,False
0xd19f6a30455ca7c8e9291b1770f88484472d5114,True,2000,952,633,319,66.5,0.88,-1027.76,29,1780925914864,1788769529744,90.8,919.38,0.895,327.422045,2,0.0,0.0,False,True,False
0xd1bfda082e5d5c1226b8e758f488c81811e8723a,True,2000,1575,1177,398,74.7,8.2,3180.99,65,1788648625395,1788813427288,1.9,142.71,0.045,0.0,0,0.0,,False,False,False
0xd1d4c361d93c185ce134cef55efba0cb52475af9,True,2000,985,472,513,47.9,0.16,-70867.88,2,1787526397755,1787579037217,0.6,-1783.86,0.025,0.0,0,0.0,,False,True,False
0xd1f471e4158d1e5ffe5e28aa0767c7469c966e26,True,48,31,2,29,6.5,1.46,67.57,3,1778512584798,1788288325278,113.1,210.3,3.112,6600.942215,0,0.0,0.0,False,False,False
0xd20606c98652d695e06a581c995d2bff2086f70c,True,2000,808,609,199,75.4,0.82,-2752.77,6,1768998824022,1788750030870,228.6,-2256.17,0.82,548.694485,1,-67.74,-12.3,True,False,False
0xd21454c3786bb06a2505cb31d88dd0e8d23ed5e6,True,2000,1279,404,875,31.6,0.34,-5914.8,6,1787592554358,1787861514425,3.1,-1022.23,0.173,0.0,0,0.0,,False,False,False
0xd223626a37fdd7f3aa0727edebcf1b94d2e5ae69,True,1337,655,438,217,66.9,0.8,-8001.94,6,1788076087064,1788796529636,8.3,-4895.2,0.612,42077.252142,1,13077.87,31.1,False,True,False
0xd2386a4e1fae6820a4074036de23fad58a292c46,True,2000,176,112,64,63.6,1.08,285.24,10,1787135905630,1788802456113,19.3,631.93,2.215,6143.589934,4,-1065.58,-17.3,True,True,False
0xd25019bb9a5d7b32fa84286731ca57bbb58ec2d1,True,629,258,63,195,24.4,0.55,-20858.32,13,1763024730308,1780369623629,200.8,-6383.83,0.306,39266.591733,1,2226.72,5.7,False,True,False
0xd2645f07b873553621042aa499e1da490fba47f4,True,769,411,208,203,50.6,2.09,19340.05,24,1757575419635,1788504171345,358.0,7998.9,0.414,17708.130207,6,20334.35,114.8,False,False,False
0xd27bed67877ba34cf4bdd119b59b7b4c5a4acdba,True,2000,935,699,236,74.8,1.36,6054.14,7,1765812366183,1788666959882,264.5,-1914.09,0.316,0.0,0,0.0,,False,True,False
0xd28e005c992b168d0b20fca312958e105bb260ab,True,2000,533,473,60,88.7,0.18,-79393.61,7,1788132204430,1788785957739,7.6,-12242.09,0.154,250839.610922,3,104044.6,41.5,False,True,False
0xd2b2a8ab7a8c903501f4db4ee45c67522a4511ed,True,2000,952,609,343,64.0,0.31,-227997.38,17,1781354648384,1788793415945,86.1,15214.55,0.067,67830.0,1,3888.0,5.7,False,True,False
0xd2ccf2ebc5be12ef15235ed6dd70d3ec84859541,True,2000,1438,828,610,57.6,0.81,-3292.82,95,1788627385210,1788817065011,2.2,-486.73,0.148,267036.806897,78,4376.01,1.6,False,True,False
0xd2de400adb92e17ea0ac9763110a41ca05908e2e,True,114,31,30,1,96.8,1.41,1244.08,6,1760137122267,1788314595278,326.1,-3053.9,2.455,51512.182138,3,26837.07,52.1,False,True,False
0xd2f8866282e745a1da7219abbac460e44d5e4a3c,True,1653,1105,386,719,34.9,0.79,-10562.46,8,1771910690146,1778435412943,75.5,-2657.49,0.252,0.0,0,0.0,,False,True,False
0xd3168812899e1fe0e7de42b70a915eede1118d83,True,2000,979,432,547,44.1,0.84,-7180.5,10,1784933288648,1788295470644,38.9,-3418.3,0.476,518042.787802,1,354776.89,68.5,False,True,False
0xd32a0ad53abed08040293f415f55425d32c6d72a,True,1531,743,409,334,55.0,1.28,2505.08,23,1769764481831,1787529600082,205.6,825.12,0.329,0.0,0,0.0,,False,True,False
0xd33c246ade3ebd3678159fab9f5d2ffd1c3ad790,True,1055,560,281,279,50.2,0.49,-23421.7,6,1762248052876,1788765873221,306.9,-8099.31,0.346,1942.735,0,0.0,0.0,False,True,False
0xd359905a8d17331078d4db35693bc85e813187ed,True,2000,581,574,7,98.8,1.54,1083.13,15,1781068733441,1788806183202,89.6,-738.11,0.681,895.490534,1,-2.94,-0.3,False,True,False
0xd3664d7966e4ccbb2ac8bbe62530c09604618614,True,457,275,227,48,82.5,0.18,-36168.41,3,1785432936582,1787173785298,20.1,-9463.04,0.262,0.0,0,0.0,,False,True,False
0xd385910e5e9c80cb1e84ae43522a675d6d31c716,True,918,358,200,158,55.9,0.45,-36385.6,16,1733929563990,1781826722192,554.4,5784.95,0.159,0.0,0,0.0,,False,True,False
0xd39506473be722b77d30cee0fe39e8227cf6a40e,True,2000,1012,354,658,35.0,0.41,-7675.42,19,1787183996780,1788747608449,18.1,1582.16,0.206,0.0,0,0.0,,False,False,False
0xd3a480c263e814922ee8ccf6b93d675e669c0549,True,1205,435,340,95,78.2,2.54,23740.52,10,1774666290059,1788782915008,163.4,-3813.66,0.161,0.0,0,0.0,,False,True,False
0xd3c712df7e07b31accc11432266764997dfa20d5,True,2000,530,398,132,75.1,1.79,42514.22,4,1779384160940,1788215305077,102.2,-18477.57,0.435,0.0,0,0.0,,False,False,False
0xd3e6120db19a701abc40bae9614f3ca635abde88,True,2000,983,433,550,44.0,1.0,-17.83,11,1785254353403,1788348398824,35.8,-994.88,55.798,0.0,0,0.0,,False,False,False
0xd3f8f55b6b244afd86f2d0fb7f2de445cc0c10a8,True,2000,1018,445,573,43.7,0.81,-2195.63,42,1768186104602,1788814537062,238.8,1089.89,0.496,762.138012,1,-30.69,-4.0,False,True,False
0xd41795a5ea7db8f4bb3aa7f7c47caea0a08b7fdd,True,1524,748,577,171,77.1,1.13,8372.31,5,1786312686012,1788449820090,24.7,7115.57,0.85,0.0,0,0.0,,False,True,False
0xd42a28afc3395527a97f5a025e2b1a0482035da6,True,79,34,17,17,50.0,0.52,-988.12,5,1785889787871,1786378672484,5.7,489.89,0.496,0.0,0,0.0,,False,False,False
0xd43c32db22f20ae68d3050f5296da8314a37068a,True,2000,1050,562,488,53.5,0.61,-31339.88,16,1763434776381,1788676710191,292.2,-20221.58,0.645,418.19825,1,22.23,5.3,False,True,False
0xd453e91f692eb5437cf345e09545827576e3225d,True,2000,1305,730,575,55.9,0.14,-230992.21,4,1782984690527,1788474893704,63.5,-16214.96,0.07,21296.25,1,-28830.51,-135.4,True,False,False
0xd46929ed0bf4e3481e2861aa2f671b01ae4a76cf,True,2000,917,510,407,55.6,0.65,-21686.57,15,1757629615456,1788119952243,352.9,-4726.02,0.218,0.0,0,0.0,,False,True,False
0xd46ed2e8481a5b3df87c2f9c951bb1d944a9a0d7,True,716,391,205,186,52.4,1.11,1619.81,5,1782489953595,1788781376529,72.8,2080.67,1.285,321.066867,1,-42.89,-13.4,True,True,False
0xd47b727c775e7cb52944f8c896c694b6ef10b575,True,1248,588,231,357,39.3,0.38,-3617.94,11,1756249207838,1788163799124,369.4,122.52,0.034,0.0,0,0.0,,False,False,False
0xd48ddb21393f8fe7fe706422255503be161f2074,True,2000,976,539,437,55.2,1.77,32106.67,13,1778286873543,1787671028696,108.6,3324.77,0.104,79989.426579,2,-119.18,-0.1,False,False,False
0xd4ae01a285fb87d6607452e852c17ab9dc54031b,True,503,178,104,74,58.4,1.14,661.99,9,1773481581397,1787727650003,164.9,-1816.54,2.744,0.0,0,0.0,,False,False,False
0xd4caf0db1335108fa346242ea1cfc4c2694726aa,True,2000,708,551,157,77.8,1.77,4392.04,7,1787169432989,1788796895119,18.8,-422.45,0.096,16744.459327,4,2715.13,16.2,False,True,False
0xd4e6d32a20b5983b70a4b60ba3663b8416a5ad88,True,78,46,46,0,100.0,inf,2245.24,1,1776636185400,1781690708223,58.5,214.97,0.096,0.0,0,0.0,,False,True,False
0xd4fb8836a9f8dfaf7f2dcbc6759bbf6d5c9d3014,True,864,502,447,55,89.0,1.47,5372.93,2,1784033014833,1787275095881,37.5,-4751.28,0.884,0.0,0,0.0,,False,True,False
0xd52207574b5a82fa7bccf4ebcff51624dfc57519,True,2000,1386,572,814,41.3,0.56,-11362.56,6,1771453531729,1785542400080,163.1,2277.73,0.2,0.0,0,0.0,,False,False,False
0xd53ad30353021e693e6b44caedb2a0bd8df4814a,True,2000,1006,442,564,43.9,0.81,-1194.45,5,1778392361102,1788805023415,120.5,-651.45,0.545,0.0,0,0.0,,False,True,False
0xd55b9b0666d096ff16ebc2bfe81994f6475d752c,True,2000,818,267,551,32.6,1.29,10682.05,31,1765944013921,1788808643692,264.6,6109.5,0.572,0.0,0,0.0,,False,True,False
0xd56ee5ba5a52e15f309108bdd6247c69b4f624c2,True,2000,971,280,691,28.8,0.53,-2805.84,66,1782749839713,1788272081357,63.9,-1327.71,0.473,0.0,0,0.0,,False,True,False
0xd58097a67e91cd410d0fda4ad7db2618c917fe30,True,2000,810,483,327,59.6,1.79,42798.93,11,1786641924114,1788804258619,25.0,7578.74,0.177,49392.128914,8,-1044.72,-2.1,False,False,False
0xd598516dcc699ced64ee441b20f41cb2eff9c098,True,2000,944,303,641,32.1,0.17,-503.01,20,1788411248520,1788818054540,4.7,-3.53,0.007,9993.509927,6,-442.41,-4.4,False,True,False
0xd5b052a03050ace2cec24e1daa31ef486590d451,True,2000,989,338,651,34.2,1.13,3807.55,3,1773076511395,1784235232766,129.2,4291.3,1.127,0.0,0,0.0,,False,False,False
0xd5cdced12319e63668d5fbd6e9f14fbae195edf3,True,2000,1136,1026,110,90.3,4.37,30709.65,12,1785328216535,1788474990239,36.4,2099.37,0.068,0.0,0,0.0,,False,True,False
0xd5e00e70c1c8c3e491fa5546f76131b453b07ee3,True,2000,1123,933,190,83.1,0.99,-28.12,18,1776368711222,1788789967063,143.8,-554.38,19.712,0.0,0,0.0,,False,True,False
0xd600ee8c118b0617cac8b0c297eaa54631857fb1,True,2000,944,378,566,40.0,1.89,14603.88,38,1772850850921,1788525102409,181.4,1299.49,0.089,3462.783906,1,9227.3,266.5,False,True,False
0xd60ec45f2afb087e2121d2e70ed45287cc14bec4,True,647,293,235,58,80.2,0.66,-3672.18,2,1771435936011,1777040821302,64.9,-1026.69,0.28,0.0,0,0.0,,False,False,False
0xd62e535d2a11b2caf63cb029d93a6cecad6f8d51,True,1189,561,311,250,55.4,1.11,1968.66,4,1777987360014,1778077294909,1.0,-7944.78,4.036,0.0,0,0.0,,False,False,False
0xd63c228ea09e4d999f5fb3ed7d3529756e3a724f,True,2000,1901,799,1102,42.0,0.59,-24808.17,101,1775313519776,1775753965863,5.1,-3110.25,0.125,0.001643,0,0.0,0.0,False,True,False
0xd65b6000be441f9a11e6703bc8a794e85dec3ba1,True,2000,1997,1280,717,64.1,0.46,-2696.91,19,1784249982934,1784334092702,1.0,-199.99,0.074,0.465593,0,0.0,0.0,False,False,False
0xd674d9dbea02b7457408ed2cd21051498ec8d13c,True,2000,961,453,508,47.1,0.92,-700.05,17,1759871641082,1785802882712,300.1,-700.7,1.001,0.0,0,0.0,,False,True,False
0xd697aa93f8da85a60acd6e57196b5dcb667d8989,True,281,153,88,65,57.5,0.63,-4396.8,2,1764211198499,1777630255729,155.3,-5962.89,1.356,0.0,0,0.0,,False,True,False
0xd6abf5d2ca18f9c27ff9e170bd9c420399b7a382,True,2000,1022,985,37,96.4,72.02,13905.23,8,1774966736325,1780371355174,62.6,344.35,0.025,0.0,0,0.0,,False,True,False
0xd6c315baff6a0dae85fce70a001c7445a86e9028,True,2000,907,738,169,81.4,0.65,-8380.37,2,1784049537426,1788704633406,53.9,-5612.7,0.67,0.0,0,0.0,,False,True,False
0xd6e1a6f7bb47aca69aaa511210227d40926ff256,True,2000,1158,598,560,51.6,1.13,33486.42,5,1787409982047,1788817490468,16.3,34894.82,1.042,579274.434412,5,-233.46,-0.0,False,True,False
0xd6f1707716e423cba19dc7b8c198779b4920194b,True,2000,1065,347,718,32.6,2.19,24632.78,7,1782880860560,1788788625974,68.4,8384.88,0.34,14533.45243,1,-3338.33,-23.0,True,False,False
0xd706e2bfd9b1c99d5ccfa7348942b5fb0682e4de,True,2000,1129,196,933,17.4,0.1,-61594.57,2,1785285670973,1785355776462,0.8,-1553.26,0.025,0.0,0,0.0,,False,False,False
0xd712fb19bf6f3391e264cfcca10c3428bcf0231b,True,2000,1080,343,737,31.8,2.96,23589.41,11,1783285647142,1788596393581,61.5,4308.5,0.183,0.0,0,0.0,,False,True,False
0xd72b545ac5a082060f661467e57b155bad22fc5f,True,429,226,29,197,12.8,0.47,-5694.93,1,1782955585173,1787063042213,47.5,1259.81,0.221,0.0,0,0.0,,False,False,False
0xd73f1b8569c05c73caec43e252ab9c4d32a41646,True,2000,782,453,329,57.9,11.95,114117.6,11,1782394517011,1788782773505,73.9,41239.64,0.361,84830.788826,4,34542.49,40.7,False,False,False
0xd75347ece5393e4401b4ec57625f680e84595e87,True,757,325,161,164,49.5,0.4,-10780.91,5,1774297064823,1787933495974,157.8,-2722.67,0.253,0.0,0,0.0,,False,True,False
0xd77a9e80b438c1d0a0c8e4607b357229c0602dfe,True,2000,854,509,345,59.6,0.76,-3563.93,8,1769446860311,1788566400005,221.3,-1105.56,0.31,0.0,0,0.0,,False,True,False
0xd78da22fb876fe5c01129cbf99385f75478357ce,True,2000,1027,357,670,34.8,0.81,-5065.8,14,1781913483661,1784753367281,32.9,2541.96,0.502,0.0,0,0.0,,False,True,False
0xd79656d9e6ec643c6df635b21fe78ba7c02cbdc5,True,2000,860,740,120,86.0,0.63,-11118.13,49,1759846249145,1788796712974,335.1,-3625.16,0.326,0.0,0,0.0,,False,True,False
0xd7b37856d1391b76723b6c42e1fffb7dc6b11974,True,2000,943,460,483,48.8,1.1,3583.38,49,1746631666220,1785107751106,445.3,-3132.92,0.874,0.0,0,0.0,,False,True,False
0xd7cd873ccce129485d2b22628e3bddbd0c2d1594,True,2000,1331,762,569,57.3,2.05,10409.29,20,1765152675439,1788800390514,273.7,-418.99,0.04,22579.066085,1,-87.14,-0.4,False,True,False
0xd7dc4b4ad3a7840f042a46d24b897fbe6ad14cb5,True,2000,1049,959,90,91.4,7.05,16864.78,5,1788446401664,1788544898820,1.1,1655.38,0.098,0.0,0,0.0,,False,False,False
0xd7f36d390b357984d2387129bc796b1be1a28ccc,True,2000,855,476,379,55.7,0.74,-2837.63,8,1780067230238,1788799318853,101.1,-709.33,0.25,1238.894566,2,-70.41,-5.7,True,True,False
0xd80b0d619a750e55c9ae092d806e888cb3e97e11,True,1114,586,200,386,34.1,0.54,-28252.31,3,1784520857769,1788442588924,45.4,-12262.43,0.434,0.0,0,0.0,,False,False,False
0xd818afacf5c59dd3c914f9ab045642e6c378183f,True,2000,717,597,120,83.3,3.95,41694.48,32,1780411390561,1788551295459,94.2,3729.79,0.089,22343.198931,1,33900.29,151.7,False,True,False
0xd83011e89ff222e95f685aacee62def60e11755c,True,226,81,81,0,100.0,inf,26963.88,2,1774251225182,1774509633553,3.0,5690.13,0.211,0.0,0,0.0,,False,False,False
0xd84317cf8dbf399b9c18d82540644e8737043caa,True,1966,1091,874,217,80.1,1.2,1834.59,30,1767640046286,1785863219228,210.9,637.21,0.347,0.0,0,0.0,,False,True,False
0xd85927dcd8793d3c8937b75d2d978af4541e0743,True,2000,487,388,99,79.7,0.22,-61201.24,20,1769370860877,1782915327012,156.8,-5767.56,0.094,0.0,0,0.0,,False,True,False
0xd86428b97f3276453433147f8eb9fdac45fb430c,True,2000,864,840,24,97.2,15.76,12400.04,10,1787848947264,1788806712817,11.1,824.88,0.067,6418.088893,1,-158.68,-2.5,False,True,False
0xd874259110c6e086f1d2fee474b73e69b8f5dab0,True,2000,1039,822,217,79.1,2.33,92515.28,4,1782572150142,1783521620341,11.0,10493.53,0.113,0.0,0,0.0,,False,False,False
0xd88b31f16aec4d57f1bd97dd532f755ce34142f6,True,2000,956,829,127,86.7,0.75,-4951.48,4,1779722197186,1785038519044,61.5,-1910.8,0.386,3.083025,0,0.0,0.0,False,True,False
0xd89efe2066e32887e645efe35053f18b57632cc9,True,1212,553,369,184,66.7,1.02,80.94,5,1785121175870,1788815856127,42.8,-490.67,6.062,384.561426,1,10.15,2.6,False,True,False
0xd8b9388e374448d66df4d1bc8bc286a0e3409d7b,True,2000,1008,517,491,51.3,0.42,-10016.14,15,1778218563366,1788451246651,118.4,-1344.23,0.134,544.860099,2,54.79,10.1,False,True,False
0xd8d2c26553a9204911be718a9526aaae366099a7,True,1265,629,373,256,59.3,0.89,-23.75,125,1783883004501,1788588027011,54.5,-19.26,0.811,0.0,0,0.0,,False,True,False
0xd8f70b6e1394eb2470ec22fd1788444d04b478dc,True,2000,1025,436,589,42.5,1.0,5.71,7,1778943956835,1782091341560,36.4,-4003.04,701.14,0.0,0,0.0,,False,True,False
0xd90647646547bacb7eb3a5af3023767fe4d9ec1c,True,2000,1200,694,506,57.8,1.46,1654.28,1,1787818089449,1788818617003,11.6,221.44,0.134,6759.611464,1,7.34,0.1,False,True,False
0xd922fe563c70fb4890dd333fc10ede134604023f,True,1270,807,588,219,72.9,3.71,18384.96,4,1777489770976,1777593600045,1.2,1529.41,0.083,0.0,0,0.0,,False,False,False
0xd937cb720de49f28afae787e06ce0bdc5f11a951,True,2000,907,402,505,44.3,2.65,19796.82,42,1780713371311,1788784993825,93.4,4562.87,0.23,39394.419102,6,2163.69,5.5,False,True,False
0xd95031d2f702c5db72939ae3acc2c19035c1f02b,True,1488,644,404,240,62.7,0.49,-23776.79,66,1760176814391,1787665393223,318.2,-4350.94,0.183,0.0,0,0.0,,False,True,False
0xd9691cfe3e1547adfec6ee1b4b68bac57578b1ba,True,2000,1301,686,615,52.7,1.26,5943.94,3,1770316815388,1788447532557,209.8,-2343.23,0.394,0.0,0,0.0,,False,True,False
0xd98485df054267ae414be3532ef0b42fffc622e6,True,2000,940,436,504,46.4,0.86,-2543.17,20,1780405093044,1788804180733,97.2,1177.43,0.463,0.0,0,0.0,,False,False,False
0xd9a913ce3c2f55418ca3979bab7a8a98d471fc7b,True,380,113,47,66,41.6,0.8,-2147.83,10,1768958713062,1777420800003,97.9,-5219.95,2.43,0.0,0,0.0,,False,False,False
0xd9ce831bbdfa3f3e0d51fff45fb3539db96a8244,True,2000,855,472,383,55.2,0.91,-2517.26,14,1784906295107,1788780048633,44.8,-1600.75,0.636,2693.224522,0,0.0,0.0,False,False,False
0xd9e391abe558d10f7b9e5b99f3dd61cc37921782,True,2000,1138,737,401,64.8,2.67,39364.93,4,1773406205672,1775601960072,25.4,1296.92,0.033,0.0,0,0.0,,False,False,False
0xd9fccfbadda4434fa178d466dbed514163174b6f,True,234,96,39,57,40.6,0.69,-1472.36,4,1781148595857,1788412763860,84.1,-1225.63,0.832,0.0,0,0.0,,False,True,False
0xda161b9671071762348100397323b6c6c73acf26,True,2000,62,38,24,61.3,0.86,-459.6,16,1787653242926,1788738687774,12.6,-1359.11,2.957,1995.990019,1,416.91,20.9,False,True,False
0xda24f20806ceaccd183f13a90adec4fa4d4a968c,True,887,356,298,58,83.7,2.34,14829.51,6,1783027010318,1788811909683,67.0,-1553.03,0.105,0.0,0,0.0,,False,False,False
0xda3cb320ece7409db1150a820949b5614d58c85c,True,2000,1512,820,692,54.2,1.33,588.5,2,1788442201670,1788789236325,4.0,165.03,0.28,0.0,0,0.0,,False,True,False
0xda4f1c78ae091858dd293e13369b2374a67c8b00,True,1304,441,266,175,60.3,1.12,1060.79,19,1779202570025,1784075709232,56.4,-1772.19,1.671,0.0,0,0.0,,False,True,True
0xda5c6875ae8e425e9b8a5989f6924bed0f70886c,True,2000,910,543,367,59.7,1.23,1690.05,34,1755689541706,1788785749076,383.1,-566.73,0.335,0.0,0,0.0,,False,True,False
0xda7baedcb18a42d2cd2f562370676224f4c575a2,True,2000,681,377,304,55.4,1.13,6556.48,11,1785906341309,1788385047475,28.7,-6838.27,1.043,0.0,0,0.0,,False,False,False
0xda91374e5ba679f90bcf95f12a0a8f5342b408e5,True,1001,455,455,0,100.0,inf,103167.19,3,1780345336431,1787577732322,83.7,33524.74,0.325,0.0,0,0.0,,False,False,False
0xdaac35bca6f338399a89ea230a85ccddaa411725,True,2000,1540,1470,70,95.5,29.86,94106.97,4,1767324564024,1777769129460,120.9,14273.89,0.152,0.0,0,0.0,,False,False,False
0xdab7903e85d53c63f45236e1fa21b8dfa87a21cd,True,2000,945,709,236,75.0,0.91,-3247.39,7,1772550676335,1788787236079,187.9,-7219.53,2.223,2320.570536,2,-470.67,-20.3,True,True,False
0xdac042b2a02fcc18b09b9597fd15faa169dd7e60,True,43,10,1,9,10.0,0.16,-478.47,4,1769987200826,1780530892799,122.0,-212.84,0.445,0.0,0,0.0,,False,False,False
0xdaf50e499dcaff47f284833920c02cde439b6e4f,True,2000,927,900,27,97.1,16.54,30459.23,58,1781386674104,1788583567935,83.3,653.04,0.021,19087.735088,9,-45130.0,-236.4,True,True,False
0xdb0449305f8886ef0d186a443b09f1049453b98a,True,1516,782,269,513,34.4,0.83,-2545.25,9,1770332631808,1788348160199,208.5,914.29,0.359,1552.744032,1,72.41,4.7,False,False,False
0xdb1c98a4323817f1d9e5b2dc28c000012b9ef4ed,True,2000,876,481,395,54.9,2.54,5930.59,16,1773699983317,1788814112608,174.9,624.61,0.105,0.0,0,0.0,,False,True,False
0xdb326140b7429ba76bbf6be4113cb1566d5cba62,True,447,226,106,120,46.9,1.14,254.3,11,1774977486632,1777882545326,33.6,331.67,1.304,0.0,0,0.0,,False,True,False
0xdb48868ee9043a2e210d5ee706ca270bce9c1d37,True,2000,604,304,300,50.3,0.64,-1188.92,19,1787692794595,1788814801545,13.0,311.09,0.262,2456.387951,5,313.25,12.8,False,False,False
0xdb5abb4251b76d14aa2f44ead77f8ce5327a478c,True,925,440,315,125,71.6,1.67,32449.37,2,1763719072605,1773167976718,109.4,-7615.34,0.235,0.0,0,0.0,,False,True,False
0xdb794d6749b77be7608d0fcbb6bfc0ed88b78d4f,True,192,153,85,68,55.6,1.01,222.72,17,1771110627143,1788615313429,202.6,4534.96,20.361,2451.7855,1,514.33,21.0,False,False,False
0xdb892afe5cbae89ddef12f056c0ea5d3839f7aea,True,536,248,228,20,91.9,0.41,-11784.41,3,1785415171550,1787153257795,20.1,-12040.3,1.022,0.0,0,0.0,,False,True,False
0xdb991a355665a741e1aacea921118091ecaa84ce,True,57,33,23,10,69.7,5.0,2851.69,6,1772282966385,1787940501838,181.2,550.0,0.193,0.0,0,0.0,,False,False,False
0xdbbb9b4e361e1e1b6b4c640914ed4e4a11896df9,True,2000,1137,615,522,54.1,0.89,-40631.95,18,1769737935230,1788804281766,220.7,-38084.67,0.937,143006.798809,4,4583.43,3.2,False,True,False
0xdbcfa0b92394d7ffc6f1ed3965fc208581b12a4a,True,1616,734,350,384,47.7,1.08,4700.27,3,1774573513456,1781472319550,79.8,7477.76,1.591,0.0,0,0.0,,False,True,False
0xdbe452f1a0d0190e161b5fae8ee3a530f099d9a3,True,2000,1004,545,459,54.3,1.23,3941.88,15,1788449786002,1788801608159,4.1,-1038.67,0.263,17145.933083,5,1237.38,7.2,False,False,False
0xdbfea347a3f32af9e0ccc5c524581dc96479edd6,True,2000,1059,642,417,60.6,0.9,-6579.05,9,1778825245098,1783906343919,58.8,7092.17,1.078,0.0,0,0.0,,False,True,False
0xdc1e95397d0ca6a009f4a214eca2b8657dc2ae2a,True,2000,1139,288,851,25.3,0.59,-10343.43,15,1770065143539,1787172662554,198.0,4126.01,0.399,0.0,0,0.0,,False,False,False
0xdc349d2bf75b977fb6e66967c5528a4152925fae,True,2000,584,280,304,47.9,0.39,-40079.3,34,1759296099391,1781284391308,254.5,-13924.91,0.347,0.0,0,0.0,,False,True,False
0xdc4416e24a7193abdbf3ee17ec0db0a2d4307faf,True,2000,932,219,713,23.5,0.03,-649410.67,11,1774557689240,1778347429349,43.9,-30612.55,0.047,0.0,0,0.0,,False,True,False
0xdc4fc661053a4e859f3668b4327ca9dd00101bfa,True,2000,1012,668,344,66.0,0.68,-8766.93,23,1779451497722,1788809067119,108.3,-2896.27,0.33,0.0,0,0.0,,False,True,False
0xdc617ecf6783085aaf5f7df192b7a94235849775,True,2000,825,149,676,18.1,0.33,-15491.41,7,1734800593878,1773390921036,446.6,-1796.92,0.116,2139.68302,0,0.0,0.0,False,False,False
0xdc7f3c5fc1ce22e8d8f2c35029055bcc06ea1dfc,True,89,37,36,1,97.3,7719.39,3508.81,4,1787325352051,1788469444979,13.2,1184.67,0.338,31767.297333,1,-690.3,-2.2,False,False,False
0xdc8d177c037c85899001ae552dc7b16304177652,True,264,154,45,109,29.2,0.39,-2656.59,6,1765551233516,1775660020111,117.0,-1767.41,0.665,0.0,0,0.0,,False,False,False
0xdca14caf703d4bed1d91afa390f2027c8af18307,True,2000,1135,282,853,24.8,0.61,-10223.85,16,1769974141277,1787172663175,199.1,3712.56,0.363,0.0,0,0.0,,False,False,False
0xdcb48866a5cf353aca79467eff1e0ffb2ec9a1ee,True,860,456,372,84,81.6,1.6,4173.16,38,1776816384140,1786712239989,114.5,-1972.53,0.473,0.0,0,0.0,,False,True,False
0xdcd434220cde12ff73b21db54628f878eaa6c012,True,146,41,9,32,22.0,1.11,262.49,4,1775975770851,1787216150914,130.1,2147.99,8.183,0.0,0,0.0,,False,False,False
0xdcef0578cdfa13b9daea265ec59695f30637937a,True,2000,1165,106,1059,9.1,0.04,-15520.96,11,1772278683483,1774287316638,23.2,-351.09,0.023,0.0,0,0.0,,False,True,False
0xdcfd158f93553b439e004e75f6101ed378431fd1,True,2000,1078,457,621,42.4,1.05,43.39,52,1783416828097,1788775420683,62.0,-44.54,1.026,5866.717561,50,374.21,6.4,False,False,False
0xdd0bd47a6079bc6895c6cbd2db92c5ccdf9044ed,True,821,411,246,165,59.9,1.34,7369.71,11,1770126463869,1787150857929,197.0,-4579.43,0.621,0.0,0,0.0,,False,True,False
0xdd1b887f538255f16b9343e0759c75deaef157c1,True,283,102,35,67,34.3,0.18,-19010.72,1,1787287649440,1787821033888,6.2,-2996.37,0.158,0.0,0,0.0,,False,False,False
0xdd41abac73d89af133ada8f8f54020d141bce595,True,431,183,167,16,91.3,0.23,-28595.02,5,1781180456579,1787173479276,69.4,-25976.85,0.908,0.0,0,0.0,,False,True,False
0xdd5296899e9667839e4756ced0c6ea6ae21dcdec,True,2000,1113,369,744,33.2,1.18,1360.16,10,1787417701748,1788813416965,16.2,-434.36,0.319,3374.556129,2,332.36,9.8,False,True,False
0xdd5cd171813234e076bc025d8acbec3ab34c0501,True,2000,971,230,741,23.7,0.36,-6397.92,8,1782746992565,1783355267438,7.0,-274.63,0.043,0.0,0,0.0,,False,False,False
0xdd6ee5e3f29077b534e5947373274f50f8ed0993,True,2000,1050,743,307,70.8,1.45,45141.5,3,1777907996181,1788794305108,126.0,11039.0,0.245,52491.480335,1,-355.5,-0.7,False,True,False
0xdd7a372377fc633f74ab6e20963803d52f448830,True,2000,725,513,212,70.8,16.8,538275.55,3,1787227449236,1788402610243,13.6,52675.87,0.098,1818283.491976,4,3486189.2,191.7,False,False,False
0xdd97539fe9a912166f037d81dcf35b3f0ce5c610,True,2000,1168,518,650,44.3,2.09,28355.4,4,1784901662449,1788362879976,40.1,2924.92,0.103,0.0,0,0.0,,False,False,False
0xddaf39030823529b8cbd4203e2fe4311454e027b,True,1275,632,389,243,61.6,2.45,10128.25,30,1707439893249,1788173047052,934.4,1902.12,0.188,0.0,0,0.0,,False,True,False
0xddc3d609c9a9d3867e45b95fe873c0f3bcbecb1b,True,2000,763,320,443,41.9,0.47,-10871.41,22,1762541558028,1772621344083,116.7,-1121.0,0.103,0.0,0,0.0,,False,False,False
0xddd01617133625fb4fa22fea70027bf896291382,True,1717,945,717,228,75.9,0.9,-10025.89,9,1734280567111,1787461401156,615.5,-41107.36,4.1,0.083076,1,0.01,9.1,False,True,False
0xdde2fd13bb72f1f59b8c8c4d78770ba68d2773db,True,1042,560,360,200,64.3,1.66,9109.24,3,1779623329679,1780367842479,8.6,-2367.01,0.26,0.0,0,0.0,,False,True,False
0xddfaf1c43bd1c5d8ade6d7e5ee6973766e3084dc,True,2000,1016,342,674,33.7,0.44,-1715.34,6,1776358363521,1776816000061,5.3,-64.06,0.037,0.0,0,0.0,,False,True,False
0xde08300bb06c38713ac8a67e8e8a6d26eb803ce6,True,2000,994,287,707,28.9,0.52,-37964.59,12,1759366218487,1781885334449,260.6,-14506.65,0.382,0.0,0,0.0,,False,False,False
0xde25f926c28507c7a824181070b7cb725b0dd6fe,True,1652,713,360,353,50.5,0.36,-391832.67,5,1771018425757,1780413595472,108.7,-95373.65,0.243,0.0,0,0.0,,False,True,False
0xde3f86a03563db2af858687fd1eae77195604379,True,2000,924,615,309,66.6,1.7,17151.22,12,1787350725062,1788625366788,14.8,-2986.47,0.174,0.0,0,0.0,,False,False,False
0xde5a8068836a16f92813104d7faf602bb0cbdf62,True,2000,509,417,92,81.9,1.92,40965.92,21,1781830968469,1788721394105,79.8,22582.77,0.551,355181.450261,16,460435.01,129.6,False,True,False
0xde6ae3d59e75f24dea7d73ffe3cdc06514632ea3,True,2000,830,355,475,42.8,1.2,7118.07,18,1771094651810,1787151988370,185.8,-4256.68,0.598,12127.95504,1,2745.26,22.6,False,False,False
0xde82f068fdf3bbf7e81e11c910331732ac8df60c,True,2000,1012,612,400,60.5,0.4,-23704.55,7,1785945433325,1788749883134,32.5,-2238.53,0.094,0.0,0,0.0,,False,True,False
0xde91abf39e011b7b46d31f9d3eadd4608fe44f90,True,2000,1067,342,725,32.1,1.0,-24.29,11,1777440876112,1786690538942,107.1,278.83,11.48,0.0,0,0.0,,False,False,False
0xdeadc0dea876f769be732fc4bab6ac37b34bfdd6,True,2000,612,554,58,90.5,6.34,4950.55,13,1788056860339,1788803964727,8.6,450.17,0.091,11870.202215,3,3661.88,30.8,False,True,False
0xdec53aa5b5b6ec2518814061b1ec72f6a26bb5b8,True,505,126,126,0,100.0,inf,39390.63,9,1779308960222,1788542484642,106.9,6983.3,0.177,195329.717386,3,-24862.13,-12.7,True,False,False
0xdedc4debbecba1cb7efd9d9dd73cb53474ccc37e,True,2000,1070,521,549,48.7,0.29,-60137.69,5,1775811815992,1787173644002,131.5,-10256.4,0.171,0.0,0,0.0,,False,True,False
0xdeea7465ba904b61b27ef1fabc6b2ba691f173b7,True,875,367,175,192,47.7,2.32,14589.55,20,1741559247706,1787624274627,533.2,3108.95,0.213,2762.47874,2,-18079.22,-654.5,True,True,True
0xdef88cb47422661dbce18ca784b8d7f24fdb95f9,True,2000,701,303,398,43.2,1.47,13584.83,23,1763239918656,1778454915853,176.1,-3587.21,0.264,0.0,0,0.0,,False,True,False
0xdf0c262cf36e5cad243dfc23046401c494e9775c,True,2000,1382,80,1302,5.8,0.15,-76012.44,6,1782368365474,1788430978719,70.2,-1773.47,0.023,0.0,0,0.0,,False,False,False
0xdf1a80841b16747ea4a48f449a255a79f8e238de,True,2000,1081,567,514,52.5,2.47,38692.15,10,1763287283656,1788249898411,288.9,4252.37,0.11,0.0,0,0.0,,False,False,False
0xdf33b6c23cb8573a311d71e8fa44ea765248037e,True,2000,876,308,568,35.2,0.85,-684.15,2,1772142495772,1774446193594,26.7,332.11,0.485,0.0,0,0.0,,False,False,False
0xdf41f1b820467a1b4df38223e2786e57f432de80,True,591,285,185,100,64.9,5.83,4823.02,7,1781879133975,1781977154183,1.1,887.96,0.184,0.0,0,0.0,,False,False,False
0xdf52df044f1b150dfa79590909cdac6ad83d59fc,True,2000,561,414,147,73.8,2.35,6418.53,48,1788395385501,1788813495756,4.8,1216.61,0.19,469965.28912,38,-292495.4,-62.2,True,False,False
0xdf6624e5221ce0452dac598101b3c61a94fbd105,True,2000,1069,279,790,26.1,0.75,-5461.6,36,1770948606068,1780440577739,109.9,1691.13,0.31,0.0,0,0.0,,False,True,False
0xdf81063cbf242a23196e3a68723f97f779bfe156,True,2000,924,750,174,81.2,1.27,6565.54,10,1781625485919,1788797142522,83.0,-3344.94,0.509,4217.560675,1,132.19,3.1,False,False,False
0xdf8f6ef6f6a3d70b1a19528880c491bf6fbe4cf5,True,2000,975,652,323,66.9,0.49,-23190.95,2,1781345979996,1788791238337,86.2,-834.72,0.036,14296.55143,1,-4293.34,-30.0,True,True,False
0xdf982320791aee9ef491505d9e66b9ccace57d4b,True,1769,831,268,563,32.3,1.12,990.17,7,1737056042814,1774483200035,433.2,1743.07,1.76,0.0,0,0.0,,False,False,False
0xdfb36a4362ca5a3acfebd2ba7d54c9e1d4c69016,True,2000,747,661,86,88.5,1.17,5496.51,19,1758483359721,1788707113333,349.8,-24995.6,4.548,35707.769944,7,-302955.28,-848.4,True,True,False
0xdfd17c84e25da1e40d2b1ee46a2caf88b5dd4e41,True,2000,911,222,689,24.4,0.37,-149005.74,4,1766127622785,1783185468228,197.4,-12447.43,0.084,0.0,0,0.0,,False,True,False
0xdfe5195e7cc1a2eca9b0df09d4646472a8c4a402,True,2000,999,885,114,88.6,47.23,509223.54,1,1780530422844,1787219062765,77.4,13414.09,0.026,1017170.82278,1,-1438678.15,-141.4,True,False,False
0xdffa7a277e219c5fca366c440464ae62e68d9d74,True,2000,927,659,268,71.1,0.67,-5877.19,26,1787213200097,1788793017323,18.3,-2117.57,0.36,0.0,0,0.0,,False,False,False
0xe00f73f9fa4985cb0833cd360c68de903e1d28e0,True,755,297,207,90,69.7,0.29,-9185.02,4,1785668541756,1786112651539,5.1,-2061.44,0.224,0.0,0,0.0,,False,True,False
0xe01e634b1077c53f1b31d3317f185a1a88ae8681,True,2000,913,438,475,48.0,1.36,4537.85,33,1770925198515,1788297034418,201.1,1157.88,0.255,0.0,0,0.0,,False,True,False
0xe036367b3a242644ecf315b223510b904cb49e5c,True,2000,989,572,417,57.8,0.16,-103781.2,9,1787024194473,1788793554910,20.5,-20704.55,0.2,7253.100282,2,1148.55,15.8,False,True,False
0xe056eebc2c7acfc782d47ebe18ad71735480f72a,True,2000,1081,327,754,30.2,0.12,-783.75,5,1788131032105,1788818727879,8.0,-13.99,0.018,0.0,0,0.0,,False,True,False
0xe06738e44ff4f312f11e0fee2d6363bb9eee27b5,True,2000,946,510,436,53.9,1.05,175.05,52,1749732767095,1782227227591,376.1,276.72,1.581,0.0,0,0.0,,False,True,False
0xe07b676bc3471cc8962328c744cbd02dcc291e5d,True,2000,339,150,189,44.2,0.64,-1260.92,26,1782711874194,1783576805348,10.0,-776.4,0.616,0.0,0,0.0,,False,False,False
0xe0a0f2968416c5fc69026c59cc6db5ff845c31bb,True,2000,1007,373,634,37.0,0.6,-67676.65,7,1739815818962,1774527684585,401.8,-28548.28,0.422,0.0,0,0.0,,False,True,False
0xe0bf219ea21499c54cec060fe0d13e512788ce4b,True,2000,914,356,558,38.9,0.72,-6959.91,20,1741278945870,1787876143462,539.3,2645.68,0.38,14934.801061,2,1688.78,11.3,False,False,False
0xe0d85c5eb32eb7a3c5fac1dcd20b09cb1c49d140,True,1695,847,237,610,28.0,0.51,-21635.65,18,1760043466495,1782711688318,262.4,4079.07,0.189,0.0,0,0.0,,False,True,False
0xe0e87ad6ee8ae6f5829fee541f425908f9ea0c3f,True,1451,495,225,270,45.5,0.27,-15320.62,14,1781267995573,1785227761602,45.8,-4952.8,0.323,0.0,0,0.0,,False,True,False
0xe0f87ff0a3ad4325e485326aedfb9632e7e17f66,True,269,141,82,59,58.2,0.65,-4540.96,1,1785931861751,1787151555360,14.1,-1744.82,0.384,0.0,0,0.0,,False,False,False
0xe10e446e1d3b483635681b77da44b02c57d6905c,True,443,84,62,22,73.8,5.27,43343.86,2,1737133172766,1787356800028,581.3,9355.12,0.216,39532.501833,1,32530.06,82.3,False,True,False
0xe126d569349e5d03aad5fa28e1cd2ea962c07f5a,True,2000,946,603,343,63.7,1.02,319.08,68,1770227781434,1788525664410,211.8,1966.55,6.163,0.0,0,0.0,,False,True,False
0xe13313126b24ea5c045df026544572bac1a773d5,True,2000,931,315,616,33.8,0.12,-35384.04,5,1780706346856,1783209600077,29.0,-1830.89,0.052,0.0,0,0.0,,False,False,False
0xe15137c9cf21124362a5a864b1d3cd583d6f601f,True,2000,817,213,604,26.1,0.37,-14957.58,14,1786045841777,1788464757922,28.0,-1641.43,0.11,0.0,0,0.0,,False,True,False
0xe16c7ba389405e5b3e2ac7878493c6b0d8ae93e7,True,2000,975,574,401,58.9,0.5,-694.51,1,1782353545573,1784603131915,26.0,-231.37,0.333,0.0,0,0.0,,False,True,False
0xe18841048abece66a04643582adb1998ed09c7b8,True,2000,1083,458,625,42.3,0.57,-30584.29,2,1787620364512,1788804982149,13.7,2991.95,0.098,0.0,0,0.0,,False,False,False
0xe1a024e5a354c09a91acc48deced1f395526399d,True,1452,672,326,346,48.5,1.95,43887.62,11,1737348740347,1781629433539,512.5,16123.85,0.367,0.0,0,0.0,,False,True,True
0xe1b4e4d6320c65748a1900cf0329cb7221959d8a,True,2000,686,371,315,54.1,1.75,22805.65,13,1786071402556,1788812283918,31.7,2184.74,0.096,26842.323182,1,-882.46,-3.3,False,True,False
0xe1c7e331e152fb89bc12321b9449034bdb507ffe,True,594,333,50,283,15.0,0.02,-47881.17,12,1775751654041,1788191000864,144.0,-3738.38,0.078,0.0,0,0.0,,False,True,False
0xe1f1130571911c80dcb473ca99cbd8cc7ee21def,True,1365,549,296,253,53.9,0.94,-967.87,75,1711694004288,1786054987696,860.7,-1239.92,1.281,0.0,0,0.0,,False,True,True
0xe20307dc31440832fe8f7cbaeeb1105ca4340d3d,True,2000,765,429,336,56.1,0.8,-2683.03,7,1783052480007,1786105819250,35.3,949.1,0.354,0.0,0,0.0,,False,True,False
0xe217731a61c20505fc5af5990cf893fc61b720e0,True,2000,939,398,541,42.4,0.69,-9120.61,14,1770336276867,1787954738936,203.9,-4785.03,0.525,0.0,0,0.0,,False,True,False
0xe2321c8324c1da7b3ba790627d0e4ee444188a23,True,2000,1181,385,796,32.6,1.03,3457.26,20,1757977189539,1788344887518,351.5,42425.32,12.271,0.0,0,0.0,,False,False,False
0xe24ce0209f9b219cd68302c2d610bf4696829230,True,2000,910,252,658,27.7,1.63,16690.33,11,1780626585118,1788582846016,92.1,5794.39,0.347,7862.577935,3,12162.63,154.7,False,False,False
0xe25cbfce47b24b99b9108872263bbf3cf50b86e6,True,2000,1070,568,502,53.1,0.89,-1830.42,11,1772669071071,1773289234556,7.2,871.92,0.476,0.0,0,0.0,,False,False,False
0xe2823659be02e0f48a4660e4da008b5e1abfdf29,True,2000,1801,1801,0,100.0,inf,1565049.07,8,1786980539485,1788627287260,19.1,161168.44,0.103,508663.834399,10,1077198.03,211.8,False,True,False
0xe290c3ecf9d540fb06bb8197922d41af5c13ddde,True,2000,951,688,263,72.3,0.7,-1630.61,43,1775057598360,1781318270617,72.5,-1642.32,1.007,0.0,0,0.0,,False,True,False
0xe29e32015ca7e2a23b45d6fd557c0088e3c7e812,True,2000,922,755,167,81.9,0.89,-7345.73,9,1778397356802,1782161843311,43.6,-10312.55,1.404,0.053884,1,-0.03,-62.6,True,False,False
0xe2b5821ff0d93836b4189d91321964a8243c39a5,True,1512,707,429,278,60.7,0.79,-2244.08,9,1761164918829,1782776115684,250.1,-1180.46,0.526,0.0,0,0.0,,False,True,False
0xe2cc27bf177079fd13dfe86cef913b77224ddc4a,True,2000,1054,483,571,45.8,0.77,-4138.86,30,1781713984307,1788549322523,79.1,-1160.25,0.28,1152.642572,1,-762.54,-66.2,True,True,False
0xe2e4ad6194687c952ffa8b120c23910f0ac16082,True,262,100,68,32,68.0,2.67,10575.62,2,1780904146049,1782111568181,14.0,2902.5,0.274,0.0,0,0.0,,False,False,False
0xe304e383778a0f023c7cb1a34d82798aafe69d4d,True,509,299,69,230,23.1,1.25,939.76,1,1787327306088,1787533130536,2.4,1180.0,1.256,0.0,0,0.0,,False,False,False
0xe31501c472d557bfa145ce105d325fb2dd4cb867,True,2000,1367,792,575,57.9,0.1,-9878.66,13,1788733015473,1788819458838,1.0,-1474.51,0.149,49875.249511,0,0.0,0.0,False,True,False
0xe329e86aec73f6eb9277959ee1606492529ab4c3,True,2000,934,323,611,34.6,0.06,-69898.26,4,1785291587466,1787242160877,22.6,-1196.7,0.017,1797.228379,1,-3161.42,-175.9,True,True,False
0xe33092a9fbb59cd753f5888f3d376e60ccff6d11,True,2000,891,497,394,55.8,5.58,123115.28,7,1777517390756,1780410430562,33.5,29016.37,0.236,0.0,0,0.0,,False,False,False
0xe341b63ae2589eeb6611e185a17df37e5f09580c,True,183,119,13,106,10.9,0.0,-6063.97,6,1759029415173,1778846605031,229.4,-1182.71,0.195,0.0,0,0.0,,False,False,False
0xe3721f23ef3fb49a0454b72198badc652b576694,True,2000,1090,488,602,44.8,0.44,-27868.7,20,1763856261529,1788721285457,287.8,-3784.19,0.136,2064.111518,3,292.73,14.2,False,True,False
0xe393e6129c5b473be3b1b10abfd74afad8e9e62e,True,2000,1113,439,674,39.4,0.72,-11825.17,2,1783292403667,1787158697180,44.7,4106.42,0.347,103626.048187,0,0.0,0.0,False,False,False
0xe3a9aac33a95975145a4657ef6c02e944548ff55,True,454,228,101,127,44.3,5.39,8083.99,19,1761054648742,1787302218654,303.8,2298.55,0.284,63.163682,1,168.88,267.4,False,True,False
0xe3c4e9953f3e37b9ca68b0b91baf4c5e80911a76,True,2000,989,744,245,75.2,1.86,9236.96,4,1785367125511,1787823804393,28.4,2780.95,0.301,0.0,0,0.0,,False,False,False
0xe3d2e44ef2b07c432569f09f8348d3cffc14ea57,True,2000,1015,478,537,47.1,0.87,-2493.97,113,1777978616966,1787859783279,114.4,776.3,0.311,0.0,0,0.0,,False,True,False
0xe3e18f5b100713bca7acf8c5a3d5b592605d0fa6,True,2000,1081,344,737,31.8,0.62,-2012.03,9,1787966697463,1788407356143,5.1,-381.68,0.19,0.0,0,0.0,,False,False,False
0xe401ed3d1ffa970394a46c9cfc9a0f1d39142274,True,2000,933,602,331,64.5,0.91,-966.26,29,1779366807101,1788552132970,106.3,-945.25,0.978,0.0,0,0.0,,False,True,False
0xe41aa443bad860e6b584060cc365b58dc34caf92,True,544,239,113,126,47.3,1.98,241297.21,12,1752193768010,1783993326442,368.1,198838.28,0.824,6.574289,1,23.14,352.0,False,True,True
0xe42a672b9b6076bd9cfe838dad1827c2cfedd7bb,True,803,399,176,223,44.1,0.42,-22072.59,25,1750084258720,1780662710981,353.9,-12278.41,0.556,0.0,0,0.0,,False,True,False
0xe46aae69cf2607b68c03ecdf6d94e776287e73b0,True,2000,723,500,223,69.2,6.48,135450.71,12,1770336814924,1788336716554,208.3,34304.53,0.253,275375.760565,11,263568.88,95.7,False,True,False
0xe482689121626c22967bccb12cad40b2c4ac62ed,True,2000,788,298,490,37.8,1.35,4422.67,3,1781190072303,1784281839117,35.8,1042.11,0.236,0.0,0,0.0,,False,False,False
0xe49de25b811ce5381e86323ec9aa453f819d1542,True,2000,1033,362,671,35.0,3.0,26126.53,10,1714232224559,1782990682879,795.8,8986.94,0.344,0.0,0,0.0,,False,True,False
0xe4bf16b70dd19404d842f057e7d9fc7337e52e43,True,2000,1235,476,759,38.5,0.47,-246.06,15,1779118403165,1784282357973,59.8,-47.33,0.192,0.0,0,0.0,,False,True,False
0xe4c6ae25959d7fc66cf2dd5965fb78c5e09c4048,True,2000,1038,755,283,72.7,0.29,-467370.47,6,1773676215468,1788454193632,171.0,-18225.17,0.039,0.0,0,0.0,,False,False,False
0xe4db6d1fae5b0f4e6f197784daa1b735d5b96a22,True,2000,1018,230,788,22.6,0.53,-12121.47,7,1782350582441,1782714735687,4.2,-964.33,0.08,0.0,0,0.0,,False,False,False
0xe4e8ed8b18499f165d639e70fa36cd178e1cb877,True,1814,844,437,407,51.8,0.94,-8400.02,3,1778019030040,1781619786245,41.7,15445.41,1.839,0.0,0,0.0,,False,True,False
0xe4f1c467aac94a7690788910df3e9fb99f193444,True,2000,915,701,214,76.6,0.89,-2172.29,4,1770934838751,1788789853241,206.7,-7199.97,3.314,640.155822,1,-114.14,-17.8,True,True,False
0xe50c93e68ad7e40027fb2a82cf86eb78e8e62138,True,566,277,156,121,56.3,1.07,974.43,4,1787298675705,1788801748708,17.4,-2029.17,2.082,781.988407,1,-66.99,-8.6,True,True,False
0xe52608ed87b064f299d2bf1fbd67d28598a293fe,True,2000,696,454,242,65.2,1.76,8285.67,14,1782306068714,1788796556677,75.1,-1333.44,0.161,12950.929974,4,3238.7,25.0,False,True,False
0xe541611d849a33c4e9577d13c21414d8ffc4b3e1,True,2000,998,279,719,28.0,0.77,-6009.34,9,1777551411709,1778858250586,15.1,-3655.1,0.608,0.0,0,0.0,,False,False,False
0xe5611e8cb32e63de57f6af1502ad4292fe63685c,True,438,155,135,20,87.1,0.53,-5049.56,6,1785901695121,1787512808917,18.6,-4289.93,0.85,0.0,0,0.0,,False,True,False
0xe578467a18282a61571a2ae3dbf644a86a4e90c8,True,2000,1412,96,1316,6.8,0.3,-104842.18,4,1774401141167,1787320192165,149.5,6632.24,0.063,85178.289436,1,-96293.57,-113.0,True,False,False
0xe58fdcee7b18888d87a8a302fea628f21a7aac20,True,128,46,1,45,2.2,0.12,-5097.74,4,1783952207623,1788211251487,49.3,-990.0,0.194,9151.705354,3,4760.51,52.0,False,False,False
0xe5a81f681b3c138ffb608edc911c1d0d2ff8cad6,True,180,97,59,38,60.8,2.78,3075.96,2,1773351789912,1778884991217,64.0,803.72,0.261,9376.359842,1,-15.65,-0.2,False,False,False
0xe5b66c273a5bd6919ee86da848d328b1a74bc93e,True,1717,808,548,260,67.8,0.92,-3216.99,41,1740750966596,1788201683068,549.2,-8301.0,2.58,0.0,0,0.0,,False,True,True
0xe5cbbf8b1494da23cd2dc9b56c24bd8f8ba25091,True,889,288,141,147,49.0,1.66,3165.25,30,1734437077022,1778044338822,504.7,-1161.22,0.367,0.0,0,0.0,,False,True,True
0xe5e26755418bb65c6bead0dd7dda17a57cb64cce,True,2000,1039,474,565,45.6,1.04,140.61,125,1785836685556,1788788858058,34.2,644.16,4.581,1241.206143,0,0.0,0.0,False,True,False
0xe607da942c20336a2a7bc5a56488b86aad2684ee,True,2000,1009,513,496,50.8,0.14,-84019.96,3,1786658250353,1788287348206,18.9,-11578.55,0.138,86593.539461,1,112582.82,130.0,False,False,False
0xe61121dd5692c97f02504d2c01be88339a7a73c9,True,2000,789,473,316,59.9,4.23,10116.26,40,1786101895922,1788806307310,31.3,521.91,0.052,8164.792455,4,454.84,5.6,False,False,False
0xe620d9a85f5604ec524377a35e25cbef1518eead,True,2000,771,671,100,87.0,3.78,3231.67,11,1782702325334,1785519021201,32.6,395.68,0.122,0.0,0,0.0,,False,True,False
0xe63033099796c34a5f90428c8aaaf03601259dff,True,443,279,234,45,83.9,1.87,1742.52,3,1773762328570,1773968086557,2.4,-558.74,0.321,0.0,0,0.0,,False,False,False
0xe65815f9c2db1bfcf135afa77c3b303a5bef65d4,True,151,81,63,18,77.8,0.44,-950.77,2,1786364178207,1787651524576,14.9,-555.5,0.584,0.0,0,0.0,,False,True,False
0xe669a5e16a2d681d62274e3e475a708c49ba1e46,True,1527,719,391,328,54.4,1.26,2446.79,48,1743770096804,1787840827630,510.1,-3289.07,1.344,1405.671169,1,-263.18,-18.7,True,True,False
0xe67dbf2d051106b42104c1a6631af5e5a458b682,True,2000,1068,499,569,46.7,1.62,27263.56,11,1783758256549,1788818677407,58.6,4375.99,0.161,189370.714746,2,-2444.52,-1.3,False,True,False
0xe687b524903fea10a648326d90130ffabe0215f9,True,2000,1035,721,314,69.7,0.98,-111.02,6,1785091416024,1788566400005,40.2,-2461.69,22.174,0.0,0,0.0,,False,True,False
0xe69883a960b5784b32fe75a6dab33b4764d5085d,True,2000,954,211,743,22.1,0.74,-33922.64,14,1767717104187,1782922471333,176.0,23790.63,0.701,0.0,0,0.0,,False,True,False
0xe6a38d0b4dc7f10fa0f6201ab042471f290169dc,True,2000,1032,619,413,60.0,0.61,-2394.25,25,1775373874947,1786163757077,124.9,-308.6,0.129,0.0,0,0.0,,False,True,False
0xe6b4ff836bdadb3246204238dc495bd13712a91b,True,2000,917,336,581,36.6,0.85,-1977.37,23,1784714463665,1788809969942,47.4,-710.01,0.359,2998.718748,2,192.49,6.4,False,False,False
0xe6caf898d70a0f0365ae8c6211ade489025aa1bb,True,2000,0,0,0,,,0.0,13,1788757437251,1788819810556,0.7,0.0,,19962.08853,10,-646.33,-3.2,False,False,False
0xe6e0e0dd371e4f9bd5218ab4bc0634d59705ae71,True,2000,385,210,175,54.5,1.79,37528.27,5,1788447560292,1788662909166,2.5,19682.98,0.524,1906099.569256,6,1071889.02,56.2,False,False,False
0xe6fcc492fb5ea091bdbe2e1a9f163e5039f144bc,True,2000,1998,1678,320,84.0,1.24,27241.01,51,1762532522205,1774559431873,139.2,-9519.24,0.349,0.0,0,0.0,,False,True,False
0xe713e7f66f12dbe3c606c2a84edf43e5250424c6,True,564,208,208,0,100.0,inf,43088.5,3,1784155992998,1787904967975,43.4,6642.69,0.154,0.0,0,0.0,,False,True,False
0xe725bafeb79dccebda44c171e114c8416c22b735,True,534,284,197,87,69.4,2.37,2576.84,2,1782741074633,1788620040996,68.0,348.0,0.135,6.319587,1,1.42,22.5,False,True,False
0xe7436afad54fec84a67be7866ad21f4fb0d3efc6,True,2000,752,652,100,86.7,0.23,-4442.01,5,1787590618369,1788809751006,14.1,-2039.49,0.459,829.605091,1,-181.7,-21.9,True,True,False
0xe7640da9c25cd8246319d998cc5a598c994da490,True,192,118,81,37,68.6,4.11,10869.7,10,1766100484328,1788795802966,262.7,3750.86,0.345,2018.790548,1,208.5,10.3,False,True,False
0xe778da1e2285d712d7de5d12ab017296d9ce3fe9,True,2000,2000,1931,69,96.5,74.83,5394.21,114,1782123687781,1782146862105,0.3,25.28,0.005,0.0,0,0.0,,False,False,False
0xe7874a0d641d6081b76c395bcf881f6d1651dccf,True,2000,936,638,298,68.2,1.01,84.22,18,1779756392159,1787827216131,93.4,-1126.79,13.38,0.0,0,0.0,,False,True,False
0xe7af83354027311c07acf509653f3863096450c8,True,2000,1998,2,1996,0.1,0.0,-56294.41,4,1788305797455,1788709631752,4.7,-416.94,0.007,79664.739018,3,-7739.95,-9.7,True,False,False
0xe7c9dfc10e1f52d2e7b86fac504f070b56ffc518,True,2000,865,354,511,40.9,0.75,-28900.59,38,1759150426932,1788635965648,341.3,-16316.21,0.565,89479.80987,7,22411.94,25.0,False,True,False
0xe7e321294fc43305773f67af71145f4ce76333c6,True,2000,839,497,342,59.2,2.23,48136.71,15,1780360226723,1788806045993,97.8,9146.37,0.19,3309.670718,1,-17.36,-0.5,False,True,False
0xe7ee72f7b27c0675450b962b2b8d51030cf835a0,True,578,294,183,111,62.2,2.04,5877.87,1,1788255436259,1788372924379,1.4,1298.89,0.221,0.0,0,0.0,,False,False,False
0xe80a8b273068d64f7077fdd9d29871fcf711a483,True,2000,840,454,386,54.0,2.36,2899.15,7,1774378836399,1779788582833,62.6,147.76,0.051,0.0,0,0.0,,False,True,False
0xe8190864576e868e11b67ba82c9b91b7d4de3d1c,True,2000,1062,722,340,68.0,0.22,-67040.89,1,1788291097733,1788813789107,6.0,-6436.83,0.096,24531.520014,1,330.38,1.3,False,True,False
0xe8353365f43e216dd2da9506ec1afb235c364385,True,2000,406,350,56,86.2,0.85,-271.05,12,1787686220819,1788811856761,13.0,-418.46,1.544,482.332772,0,0.0,0.0,False,True,False
0xe8573602f4a57407e98499b549e2662cdc7fc2f1,True,2000,1137,906,231,79.7,2.69,11249.82,16,1785287673814,1788701808036,39.5,2319.48,0.206,0.0,0,0.0,,False,True,False
0xe86dd687fcab133b1bb6a745cc95f30ebd226273,True,2000,919,600,319,65.3,0.66,-47834.95,21,1782048239594,1788793521940,78.1,-11871.39,0.248,346.084462,1,-11.2,-3.2,False,True,False
0xe889c8c3796172faee0b5d6e1eb816a8fcc296cf,True,2000,779,627,152,80.5,0.32,-22217.3,22,1779462149539,1787248797113,90.1,-4499.98,0.203,0.0,0,0.0,,False,True,False
0xe89f9b2fdf531ae146cc44303d28698bf97dbe54,True,857,370,263,107,71.1,1.16,5122.41,7,1755063468982,1788793532545,390.4,-8448.32,1.649,0.0,0,0.0,,False,True,False
0xe8a9b0f359a0823c8d31e93e6671c67a15e1c875,True,1381,532,201,331,37.8,1.19,894.14,4,1773268216733,1775828130489,29.6,433.15,0.484,0.0,0,0.0,,False,True,False
0xe8c7dcc62d8be93efdf151ae4e290375b1ff05e3,True,404,117,59,58,50.4,0.33,-15605.4,4,1770441377640,1781560561453,128.7,-12458.96,0.798,0.0,0,0.0,,False,False,False
0xe8e4ec0bedd7a5bad4f6208d79efb19d69a32349,True,2000,388,306,82,78.9,0.74,-1110.48,5,1783090314554,1783340392612,2.9,-1194.24,1.075,0.0,0,0.0,,False,True,False
0xe8f7355a17fc67219fd6d15fc9ffd5662977957b,True,2000,935,332,603,35.5,0.6,-41.89,18,1783253503353,1783720585677,5.4,6.62,0.158,0.0,0,0.0,,False,False,False
0xe900a8109fbe9a7c3fdfff3997405008544eeca2,True,2000,1003,284,719,28.3,0.67,-3171.19,52,1778520084637,1788535438496,115.9,-474.88,0.15,0.0,0,0.0,,False,False,False
0xe912cac1a6641004a8803687ee7699227fdb0550,True,2000,1045,554,491,53.0,0.02,-540710.5,5,1785225768436,1788515957026,38.1,-43339.35,0.08,93484.388955,2,35594.35,38.1,False,False,False
0xe92142eff76718e6f33839fff7eb1359af436721,True,2000,969,296,673,30.5,1.04,638.47,29,1777958768980,1788739200041,124.8,1261.73,1.976,7982.401751,0,0.0,0.0,False,True,False
0xe92ed74fb6dcf9642d72e07eccda0c16a8447750,True,1964,916,359,557,39.2,1.79,9951.91,22,1748274534849,1788794311215,469.0,3053.44,0.307,0.0,0,0.0,,False,True,False
0xe94a532507761e342239807bfc3a1fd7f26debc2,True,713,252,113,139,44.8,4.53,29935.32,18,1751605395495,1788438603926,426.3,10857.3,0.363,29419.233191,5,-33342.54,-113.3,True,True,True
0xe9653e1b8fbd215d0f03efdce584240a99794e5a,True,2000,1051,379,672,36.1,1.12,2092.46,5,1784766185908,1787491215848,31.5,2540.0,1.214,0.0,0,0.0,,False,False,False
0xe97870ac755e48bd16c0d724b77519644ba62385,True,2000,947,452,495,47.7,0.86,-7947.26,43,1740720617801,1783308053213,492.9,13048.17,1.642,0.0,0,0.0,,False,True,False
0xe98084d4d9b6f6682febe1bc40445054df28cf00,True,2000,1039,354,685,34.1,0.74,-8226.55,10,1760110494454,1778439698433,212.1,-2329.41,0.283,0.0,0,0.0,,False,True,False
0xe9926d04a6755207dffe4cbfd22b52b3240bde8b,True,2000,798,441,357,55.3,1.71,19748.41,11,1780111678508,1788732098166,99.8,-3092.68,0.157,1876.70233,1,-491.24,-26.2,True,True,False
0xe9b05bc1fa8684ee3e01460aac2e64c678b9da5d,True,2000,783,429,354,54.8,1.73,5591.45,16,1768577245179,1788811540814,234.2,-944.89,0.169,13536.806856,2,-904.27,-6.7,True,True,False
0xe9cef9fd872a03cedf9d3e6e90309782b3724ea6,True,2000,973,314,659,32.3,1.39,10611.82,23,1784814719834,1788788947662,46.0,3367.24,0.317,151594.069721,2,1036.0,0.7,False,True,False
0xe9ddf334e4eb9c394bbb71025e103316d4764ee3,True,2000,999,629,370,63.0,0.88,-116.71,23,1783295889604,1788524970783,60.5,-79.47,0.681,0.0,0,0.0,,False,True,False
0xea0027b6ea9b6d7d401b5266979cc3b3ca87a918,True,2000,2000,1989,11,99.5,644133.89,2983839.97,6,1784485718060,1788426121438,45.6,134896.74,0.045,9204305.528241,7,13149093.26,142.9,False,True,False
0xea1541b67de0364de56820085b7a3cc78952a7ef,True,2000,1316,607,709,46.1,2.27,63536.64,20,1784574734552,1788796248969,48.9,13393.31,0.211,72.52749,13,33.85,46.7,False,False,False
0xea261ffef3af5f0bb8d92dd6bd489ac5e305edbe,True,1905,813,364,449,44.8,1.17,929.33,74,1761958569895,1787094169950,290.9,1172.71,1.262,0.0,0,0.0,,False,True,True
0xea3695dbbacc903f0a3616d49a05dc9b829309f9,True,176,86,20,66,23.3,0.17,-13140.6,11,1754640514689,1786278670360,366.2,-3524.16,0.268,0.0,0,0.0,,False,True,True
0xea5c1c4e5e7926be376e24b3f67aefb5fb637431,True,1151,637,389,248,61.1,1.35,1730.49,1,1779224268540,1788719572710,109.9,735.78,0.425,0.0,0,0.0,,False,False,False
0xea77a3e822c64af514e39ef29161abda96bbbcde,True,2000,1198,650,548,54.3,0.14,-12111.47,4,1788245420018,1788296136028,0.6,-1745.37,0.144,0.0,0,0.0,,False,False,False
0xeaa2d8e46c853d872a8906880e62702b1c202eb5,True,2000,956,409,547,42.8,0.89,-352.3,47,1771944495182,1780996338770,104.8,150.89,0.428,0.0,0,0.0,,False,True,False
0xeac6212e0ddc770d50e5730e5b2736077109c8ba,True,2000,1039,508,531,48.9,0.78,-1068.3,29,1784266677916,1788065652868,44.0,-270.54,0.253,0.0,0,0.0,,False,True,False
0xead28e214de6c66a6e443b55d6c56111b86e65f6,True,2000,930,479,451,51.5,0.5,-7416.57,13,1786947242515,1787813652514,10.0,-854.52,0.115,0.0,0,0.0,,False,False,False
0xeadcb55d59365d263d92027cc7a0491d178d6826,True,2000,511,177,334,34.6,1.54,4081.37,16,1788228103621,1788815835475,6.8,601.86,0.147,30209.218354,8,-4074.78,-13.5,True,False,False
0xeae6ee12918bed08e72cfb5caa4fc00528984404,True,2000,804,253,551,31.5,0.71,-1092.54,79,1780751493240,1788785387450,93.0,-268.59,0.246,0.0,0,0.0,,False,True,False
0xeaf9e4b5a1d967bdf9ad9a88a31c2eec1a26dfcc,True,2000,878,182,696,20.7,0.52,-2843.84,8,1782316172206,1784621326140,26.7,425.3,0.15,0.0,0,0.0,,False,False,False
0xeb034004a230a9a5314d732af1aa63c5b86834e2,True,245,113,64,49,56.6,0.95,-2943.27,5,1764025328594,1787471797733,271.4,-14642.58,4.975,0.0,0,0.0,,False,False,False
0xeb16bacd015ccdbf869bf877f2fe7dfd5ba215a6,True,2000,1022,360,662,35.2,0.94,-86.72,52,1784649574146,1788797764949,48.0,60.28,0.695,12331.537895,50,910.07,7.4,False,False,False
0xeb3058531a149cc7176227fed9ecea77d89ebb51,True,2000,1005,722,283,71.8,1.66,67771.49,10,1750195606704,1788755211831,446.3,-20748.28,0.306,967.714169,1,8.39,0.9,False,True,False
0xeb475ac17756ed1dd08ab01d7e4ca9fa86883de8,True,1637,703,193,510,27.5,0.61,-6230.49,38,1757169596886,1788512015345,362.8,-1449.19,0.233,0.0,0,0.0,,False,True,False
0xeb6424aaccfcd7ff80129a5e11957a008a83f0c0,True,320,145,19,126,13.1,0.44,-3645.14,5,1773062444078,1776470400064,39.4,843.8,0.231,0.0,0,0.0,,False,False,False
0xeb829cd100d674a8573129c45e67ae6b99db7189,True,448,213,67,146,31.5,0.28,-2785.33,10,1783359429093,1785862765390,29.0,-1030.17,0.37,0.0,0,0.0,,False,True,False
0xeb9a59d664e1143dd8d47a66b81d16f26e193d62,True,2000,958,384,574,40.1,1.58,10048.95,23,1779119742568,1788815873251,112.2,1165.68,0.116,5417.401855,6,-219.43,-4.1,False,False,False
0xebad7791c1c78aed7e509de89ea94509674552a6,True,2000,1024,424,600,41.4,0.51,-8602.46,47,1774461407045,1788679771897,164.6,-841.69,0.098,0.0,0,0.0,,False,True,False
0xebc50f47d6d7bb85118a87a7f21a90fbaac7d00f,True,983,436,206,230,47.2,1.18,2417.05,4,1767375672199,1788767401282,247.6,2394.28,0.991,5295.899437,1,-1710.18,-32.3,True,True,False
0xebcfa0e05df4c406f4a166b1318581134a8537c0,True,2000,994,544,450,54.7,1.05,227.27,1,1788153349057,1788815078422,7.7,111.3,0.49,104011.568835,1,-2.38,-0.0,False,True,False
0xebe6a3ed28a00b0e51f38a6914b1dafb240fa9db,True,2000,949,364,585,38.4,1.58,16176.63,14,1762994124964,1787932370622,288.6,-3108.29,0.192,0.0,0,0.0,,False,True,False
0xebf2adb3df7b75fe724b206a6609bf9fb63c8437,True,1481,873,402,471,46.0,0.58,-25301.36,69,1713243610151,1787933703470,864.5,-6495.36,0.257,0.0,0,0.0,,False,False,False
0xec0b9ebf2a304c99cafe85c548c14dd7783cb078,True,2000,1367,1259,108,92.1,16.37,2080986.65,7,1784746493310,1788512017591,43.6,43167.49,0.021,3131201.960464,10,1651605.07,52.7,False,True,False
0xec293152bd9b692eb8849619e4362dbfdfd2815e,True,567,327,200,127,61.2,0.25,-11187.66,21,1768215545052,1785612464289,201.4,-4210.03,0.376,0.0,0,0.0,,False,True,False
0xec3ad547969d97d57ec52c50064317d5b0a7fed0,True,2000,768,551,217,71.7,0.77,-2937.95,2,1780695048604,1788133565130,86.1,-2489.48,0.847,1016.151236,0,0.0,0.0,False,True,False
0xec743ee5e1105dcea809f8dfe4817315f1431fa4,True,2000,1164,408,756,35.1,0.44,-9916.33,11,1788253173026,1788810807689,6.5,968.02,0.098,77616.577816,3,-590.26,-0.8,False,False,False
0xec87b9179e688c4e8ad3e33384f43856b35c4114,True,2000,937,437,500,46.6,1.2,4273.4,22,1780283392456,1787644650990,85.2,5686.8,1.331,0.0,0,0.0,,False,True,False
0xeca200355f691004952797c088c33337f21a6f61,True,451,230,0,230,0.0,0.0,-55844.02,3,1787141874322,1787151939265,0.1,-2944.26,0.053,0.0,0,0.0,,False,False,False
0xecb785a15937656d69ae909a741eea66203b8363,True,2000,1328,478,850,36.0,0.07,-299917.71,2,1774978845842,1775528756014,6.4,-13539.08,0.045,0.0,0,0.0,,False,False,False
0xece41dab205ca621ef1ea98713d5bd1bff12abbf,True,895,226,121,105,53.5,0.58,-5314.82,3,1733058211754,1773302327353,465.8,-2478.2,0.466,0.0,0,0.0,,False,False,False
0xecf49f882e5e5242b980ba328ce4bd5c538b577e,True,270,127,60,67,47.2,0.59,-1735.54,3,1785719787618,1788586581670,33.2,-1312.42,0.756,1883.925634,1,-306.93,-16.3,True,True,False
0xed02f16a57c32a08b55d923bf4690d200722f462,True,2000,866,526,340,60.7,1.43,14608.43,23,1778302168356,1788781382940,121.3,2956.95,0.202,25326.081885,11,34679.37,136.9,False,True,False
0xed16a3fa47875df66501071d6fc1d808c436d7e6,True,2000,887,340,547,38.3,0.85,-19889.85,23,1765263181474,1781393718383,186.7,8266.62,0.416,0.0,0,0.0,,False,True,False
0xed2c11cf1e54a528af44d580fed126746a6b8b97,True,2000,982,516,466,52.5,0.4,-7055.16,1,1780712467030,1787368046512,77.0,-671.17,0.095,0.0,0,0.0,,False,True,False
0xed3f8d01a91f4574313b35b6faf5614b63119310,True,527,269,51,218,19.0,0.44,-1233.56,4,1780871129348,1785111527074,49.1,-278.36,0.226,0.0,0,0.0,,False,True,False
0xed5f7312eaa11455e346289f4018b36009c1fd1c,True,2000,1040,371,669,35.7,0.96,-48.97,52,1784571244421,1788776402683,48.7,56.25,1.149,13244.355266,50,882.83,6.7,False,False,False
0xed75cf5f3579d4604e19ba32cc8a11e35b39d01e,True,2000,952,617,335,64.8,0.13,-306290.4,9,1759735155704,1779973657914,234.2,-36268.94,0.118,0.0,0,0.0,,False,True,False
0xed8251d05be9c62cbc66a5bef19ca5342bdbf738,True,1365,713,392,321,55.0,2.01,11653.8,8,1779439264944,1781140000513,19.7,1852.02,0.159,0.0,0,0.0,,False,False,False
0xedab6e3998ffddcb354094ffe8ca2a3cff8d3370,True,2000,805,437,368,54.3,1.15,4699.59,1,1782824944206,1788342428475,63.9,1209.43,0.257,218255.871801,1,196265.7,89.9,False,False,False
0xedc3bcac96833616b45be1c5e7bbc3ca8b2fe60c,True,2000,813,723,90,88.9,4.37,37757.54,5,1778072388435,1780072381316,23.1,3227.77,0.085,0.0,0,0.0,,False,False,False
0xede1faaf984763a544ac3e95b4198434c552a2a3,True,1269,615,432,183,70.2,7.51,27435.02,14,1750856271790,1781568000049,355.5,1910.0,0.07,0.0,0,0.0,,False,False,False
0xedf55fb640fc244d8ce2c4fb4785406d0eb59eb2,True,227,122,108,14,88.5,16.03,21106.82,14,1779315216459,1788711289067,108.8,3454.62,0.164,0.0,0,0.0,,False,True,False
0xee11995548560853b96283a5cad964e4f4282b0a,True,1914,847,361,486,42.6,0.89,-5829.33,29,1771306118234,1788740391669,201.8,6265.5,1.075,44082.924542,20,11607.8,26.3,False,True,False
0xee26912a4c71128174393475f7d9b9329c586a23,True,1279,637,331,306,52.0,1.02,253.52,9,1784297342014,1788799362890,52.1,-1631.18,6.434,5157.918487,1,239.96,4.7,False,True,False
0xee3c3b6824bd220dfcc986f109aae39e5538306d,True,1455,729,655,74,89.8,1.12,827.23,8,1741306767922,1778220033465,427.2,-627.61,0.759,0.0,0,0.0,,False,True,False
0xee509c349f948054f0208ed7c9be0574dc1d8cba,True,1938,937,608,329,64.9,0.87,-25686.52,21,1734209883129,1788063030012,623.3,-52381.2,2.039,0.0,0,0.0,,False,True,False
0xee7116fa8fc33e143b306b3ad3ef3241e6cc7a0f,True,2000,1016,378,638,37.2,1.01,9.72,52,1784967077914,1788775741033,44.1,80.76,8.306,17065.644854,50,1225.44,7.2,False,False,False
0xee7ada00c9e5f654c8f8ea0f355a1f3c50942732,True,2000,7,7,0,100.0,inf,8.34,2,1787219185393,1787439715847,2.6,8.17,0.978,0.0,0,0.0,,False,True,False
0xee88442e9d2d3764ac7ab60b618cd73cd9a5fa51,True,2000,752,581,171,77.3,2.56,36645.55,40,1772408481508,1788802477010,189.7,-4760.31,0.13,122196.592027,11,46483.75,38.0,False,True,False
0xeeb1f264cf117092faa9412904db7414ea32c573,True,1303,603,306,297,50.7,0.86,-2377.71,39,1761529967157,1788814110318,315.8,-2175.82,0.915,6061.071762,5,13.17,0.2,False,True,False
0xeec4c61d8c35cadfae8a7da6ce05b496e9867b75,True,2000,1017,375,642,36.9,1.01,20.42,52,1784794534605,1788775765109,46.1,66.76,3.27,17589.586029,50,1027.67,5.8,False,False,False
0xeedb50c86266c3ed96e99b01d30580e4be76e643,True,646,327,229,98,70.0,0.23,-21137.37,10,1759361919753,1783468800001,279.0,-14038.69,0.664,0.0,0,0.0,,False,True,False
0xef0f92436dadff62862704f9d08c3cf4c6f71507,True,1006,543,391,152,72.0,2.66,20291.49,8,1779757076386,1781903171434,24.8,1288.73,0.064,0.0,0,0.0,,False,True,False
0xef289a07536c036f080a17fcd38c49ddf84d633f,True,2000,958,599,359,62.5,0.67,-8709.89,6,1782333942364,1788810488840,75.0,3135.85,0.36,1936.769407,1,201.18,10.4,False,False,False
0xef414bd2f7390e0315c23a7b16dbf3243b5f6254,True,2000,1459,1082,377,74.2,9.61,29633.25,9,1785953309118,1787012585383,12.3,670.35,0.023,0.0,0,0.0,,False,True,False
0xef55c183135b0581120a66293b80166080f7f1a8,True,2000,1028,270,758,26.3,0.22,-56563.19,17,1781733813305,1788778156366,81.5,3273.97,0.058,157173.054814,7,43370.92,27.6,False,False,False
0xef6bca178ca9eee15eaa1a71c1afb83197252733,True,2000,928,864,64,93.1,0.93,-1468.46,10,1781122842531,1787858207904,78.0,-4398.73,2.995,0.0,0,0.0,,False,True,False
0xef7b811de6777c272c8077c75952c66e084ea6a4,True,764,443,197,246,44.5,0.4,-3537.13,9,1774966964800,1776878340734,22.1,-705.16,0.199,0.0,0,0.0,,False,True,False
0xef92679d04d518fbb36eb1ce84a6d32b6eacacfc,True,480,255,137,118,53.7,1.34,3975.56,14,1762309135837,1788591885803,304.2,4683.92,1.178,0.0,0,0.0,,False,True,False
0xefa3651ecd4b14770ba484fc552b46535af73bb8,True,1579,806,382,424,47.4,1.63,10321.06,80,1707489956224,1787162075314,922.1,4992.48,0.484,27469.491781,3,16429.89,59.8,False,True,False
0xefba0f56eef05f6a7d614ce519d2e284b46d3583,True,2000,143,88,55,61.5,6.5,1394.09,5,1786129758903,1787766102647,18.9,428.36,0.307,0.0,0,0.0,,False,False,False
0xefd96a611890853338bef0f4c5ab799ee0faba19,True,387,176,131,45,74.4,1.04,1080.9,3,1776187049622,1785533441166,108.2,-11813.02,10.929,0.0,0,0.0,,False,False,False
0xeff4196b42f59826ed52626eed8526973ea6c790,True,460,124,38,86,30.6,0.26,-6799.85,2,1763849197648,1786901842007,266.8,-525.7,0.077,16536.285751,1,2005.14,12.1,False,True,False
0xf009899ba058db7ad81597cb63db38d5f7e91595,True,1879,676,386,290,57.1,2.43,4773.07,2,1782159061647,1787576233713,62.7,-764.54,0.16,0.0,0,0.0,,False,True,False
0xf01d112eb53e5b3fbfccc70be747c8d825f9c34d,True,2000,1020,500,520,49.0,0.44,-201022.46,6,1783789500935,1787325793491,40.9,44612.75,0.222,0.0,0,0.0,,False,True,False
0xf034364a93edd7c38a1c59b8700b6613e0623e77,True,2000,871,511,360,58.7,0.21,-305147.17,6,1752741412963,1780626155422,322.7,-85194.57,0.279,0.0,0,0.0,,False,True,False
0xf041b8e7b11407a5f5c3565d64f49fc64c80319f,True,632,363,268,95,73.8,1.81,1089.68,1,1779070801893,1782698755230,42.0,673.98,0.619,0.0,0,0.0,,False,True,False
0xf050da6c5778e4ac9208c168744b2f385f31ce52,True,1257,553,242,311,43.8,0.23,-64712.89,62,1734079668850,1781078018140,544.0,-10280.33,0.159,0.0,0,0.0,,False,True,False
0xf06e19eb5d2ed5015fa0f8d48243027d959f9a25,True,2000,1016,543,473,53.4,1.53,1613.48,26,1784635458423,1788835513540,48.6,-149.23,0.092,0.0,0,0.0,,False,False,False
0xf08062d105b4729f4baa78572578a0231e5a6588,True,2000,770,556,214,72.2,0.46,-9789.56,3,1787347299033,1788701423542,15.7,-1950.74,0.199,1070.973744,1,-1126.66,-105.2,True,True,False
0xf093ca16e6a17e1698fc3aeb5df19feb7be904f0,True,2000,1128,647,481,57.4,2.87,3382.05,6,1775458905543,1777830321127,27.4,57.95,0.017,0.0,0,0.0,,False,False,False
0xf0ac046f844cc560f23e32511f499fadaa78bef4,True,2000,888,303,585,34.1,0.52,-18032.66,2,1773357932383,1775615003983,26.1,1451.26,0.08,0.0,0,0.0,,False,False,False
0xf0cbf5c0f5a769a3322c221694037ca9f56fde86,True,2000,1020,676,344,66.3,0.93,-3540.52,14,1754415363229,1787842071050,386.9,-35698.86,10.083,24032.921223,1,-9289.4,-38.7,True,True,False
0xf0e0a49127338bd47574be5e5326c14db5176936,True,2000,952,396,556,41.6,3.32,7078.43,11,1779279554776,1781726977416,28.3,1601.1,0.226,0.0,0,0.0,,False,False,False
0xf104af2deb8f02efe19202999d814e740f3f67a3,True,2000,940,607,333,64.6,0.92,-424.14,38,1779156871617,1788845983446,112.1,-373.48,0.881,100.212207,1,-3.32,-3.3,False,False,False
0xf11707aa67be4de8258b4ec6483f892b62c8b0b1,True,2000,1068,628,440,58.8,1.75,19932.44,15,1773840799264,1788796092257,173.1,8769.56,0.44,27677.325769,2,2544.47,9.2,False,True,False
0xf127817ccb822c564ea5a0c5d8bca4950d5950ba,True,370,197,97,100,49.2,0.91,-383.79,4,1781966542963,1782456186244,5.7,1832.88,4.776,0.0,0,0.0,,False,False,False
0xf144f1d237efd4d56bc960829cb374778a037a76,True,2000,1234,623,611,50.5,0.03,-4148730.92,33,1760131011352,1776255712383,186.6,-2287651.45,0.551,100.639946,0,0.0,0.0,False,True,True
0xf1647d8e24d0c69106e6d8746c06a1f38005e4b7,True,891,409,301,108,73.6,0.34,-20109.45,15,1775856086056,1788845389099,150.3,-7024.97,0.349,0.0,0,0.0,,False,False,False
0xf180c693883b055b14e2ebeeceac78592b580a22,True,2000,322,209,113,64.9,0.65,-983.33,20,1781690229516,1788819403291,82.5,704.66,0.717,0.0,0,0.0,,False,False,False
0xf19750fa6c692e72911654fb3ea0109a895ef660,True,2000,1040,361,679,34.7,0.56,-21783.2,18,1775798659713,1788617616045,148.4,-2305.34,0.106,45994.702789,2,-16157.54,-35.1,True,True,False
0xf19f6d6e0f2992a85a19e10ac4fc7120e4ed10d9,True,2000,1034,322,712,31.1,0.42,-16423.65,16,1784996904733,1787570913196,29.8,-3556.93,0.217,0.0,0,0.0,,False,True,False
0xf1c2b1f5b2205235a8883e7988e78fa969b674f0,True,715,268,181,87,67.5,0.59,-12454.19,24,1749432238639,1788812313538,455.8,-9736.5,0.782,0.0,0,0.0,,False,True,False
0xf1da956a8f09b4cf02ee51ef10da3f54d9c5db04,True,2000,793,360,433,45.4,0.91,-492.3,25,1786329663034,1788795588168,28.5,-1119.98,2.275,2327.088113,3,-850.43,-36.5,True,True,False
0xf1e6fc8ce05a59d0b41b7bb68ffcba0027e00701,True,2000,687,336,351,48.9,2.47,39088.25,7,1772739128482,1778407274615,65.6,5021.25,0.128,0.0,0,0.0,,False,True,False
0xf1f9df50ef19b8bea97eed77ecd9910dbf3da8d9,True,2000,1040,413,627,39.7,1.1,214.11,52,1785231573709,1788776267217,41.0,103.93,0.485,22805.610212,50,1612.76,7.1,False,False,False
0xf208b13968cf79db8ed788907e70c288a3169c0b,True,2000,1326,318,1008,24.0,4.8,174704.57,6,1776038702403,1787374730971,131.2,4078.48,0.023,52144.638711,1,59003.41,113.2,False,True,False
0xf212ba250bd0939d60532141da56329f8524ba67,True,2000,1085,567,518,52.3,0.41,-40074.75,11,1783521963006,1787168173875,42.2,3648.66,0.091,0.0,0,0.0,,False,False,False
0xf22196fd1f5cd5ad6a05e6457b59917740ad719d,True,2000,1048,931,117,88.8,0.49,-91367.21,24,1781472889444,1788796529786,84.8,-17425.01,0.191,41635.949176,4,-26636.82,-64.0,True,True,False
0xf23d2459efff9a20061563dc4823fbbc8e50c616,True,1773,813,348,465,42.8,0.98,-826.77,86,1702645222216,1788638375205,995.3,3253.8,3.936,0.0,0,0.0,,False,True,False
0xf2522f3183ef49e03fdc65eb8a02af653d3a8aa6,True,59,38,38,0,100.0,inf,442.77,1,1777542391016,1777839654256,3.4,64.21,0.145,0.0,0,0.0,,False,False,False
0xf26ae3e590d35a96e00e96dffad56f21ea013b0c,True,123,57,52,5,91.2,9.52,439.37,21,1766839318368,1772930770572,70.5,49.68,0.113,0.0,0,0.0,,False,False,False
0xf27ebb91ea420f73b59b205ac7e0b77a90ec8f3c,True,2000,1153,710,443,61.6,2.7,1762.4,59,1788840354141,1788847677030,0.1,119.1,0.068,318595.692305,19,-1852.47,-0.6,False,True,False
0xf28a9c278685e0b6da09b1bf844bbfaafc0f79af,True,2000,1115,596,519,53.5,0.39,-119277.94,37,1732940935733,1779148755002,534.8,-31545.08,0.264,0.0,0,0.0,,False,True,False
0xf2951715fc0be7432332219244a4dc35ebd03aa3,True,2000,812,677,135,83.4,0.7,-3266.24,5,1786548831524,1788806941804,26.1,-2147.04,0.657,0.0,0,0.0,,False,False,False
0xf2b23d759dc23cea06ae9fb2d6cd7059c74cad8e,True,2000,717,717,0,100.0,inf,6104.14,4,1788131853941,1788847564353,8.3,380.65,0.062,4680.751996,2,-206.42,-4.4,False,False,False
0xf2cd1007ee676b6a95a3d51ee7be5926a4d0096c,True,390,74,6,68,8.1,0.02,-130471.68,2,1785952002711,1787232171762,14.8,-14855.81,0.114,471346.482443,1,-202681.25,-43.0,True,False,False
0xf2f9b5c56f3575af824be395c6ed979e5f2c8aa2,True,182,78,15,63,19.2,0.87,-365.39,3,1784302794827,1786978783957,31.0,981.11,2.685,0.0,0,0.0,,False,False,False
0xf30aca702b1373879760543a175495140779970e,True,110,27,27,0,100.0,inf,5153.61,3,1773712957567,1774042065285,3.8,2746.32,0.533,0.0,0,0.0,,False,False,False
0xf31e304b6af873cd91653e4d796289bb7a8d6ca8,True,1459,852,473,379,55.5,0.19,-1839.39,25,1720110304382,1788807656909,795.1,-560.32,0.305,435.193721,8,0.94,0.2,False,True,False
0xf3314dc9927edae2725ffa8f4fa5721a4039dce6,True,1205,536,289,247,53.9,1.29,2355.06,20,1760225600667,1779115569167,218.6,1394.0,0.592,0.0,0,0.0,,False,True,False
0xf34c48f176e548c1e7ba4525b5680ba2ba9148ad,True,2000,1164,670,494,57.6,0.62,-34976.25,1,1781952733607,1786107337044,48.1,9469.96,0.271,0.0,0,0.0,,False,True,False
0xf36270c2124829fce84d9aa5d7a7c7a674f29ab1,True,2000,976,445,531,45.6,0.89,-2861.4,7,1780591042991,1787353167279,78.3,-2646.74,0.925,13025.877347,1,28654.4,220.0,False,True,False
0xf376feea3272a93fc2c76a279cb4a850f8b79740,True,2000,832,685,147,82.3,0.49,-71412.73,23,1772123792306,1774900461577,32.1,-6936.0,0.097,0.0,0,0.0,,False,True,False
0xf3903be7516c9e208bec91854b3d9d35c709716b,True,1927,922,603,319,65.4,0.72,-16228.22,2,1779245764595,1788418080001,106.2,-12206.42,0.752,0.0,0,0.0,,False,True,False
0xf39d420e6ab5f115acadf9b510d878016b90103b,True,2000,878,495,383,56.4,1.23,3992.66,7,1783638520718,1788835795199,60.2,-1902.95,0.477,0.0,0,0.0,,False,True,False
0xf3b2749e879289ea707292023032d5a3b07090dd,True,2000,998,465,533,46.6,2.11,8191.06,15,1758852768709,1782950400074,278.9,-2117.52,0.259,0.0,0,0.0,,False,True,False
0xf3caec115dc53edbcdc5166fc8942b50cfd4623a,True,2000,866,281,585,32.4,0.81,-4291.3,19,1778277945039,1782425894428,48.0,2530.42,0.59,0.0,0,0.0,,False,False,False
0xf3dcaeb909d3d17318c0908a1ec0ca31321e1672,True,2000,1221,238,983,19.5,0.4,-20528.79,4,1788527135288,1788847577528,3.7,-1421.68,0.069,229001.58967,1,-7094.99,-3.1,False,True,False
0xf3e7549ec1242d396bc6318b206cb35304165d28,True,2000,786,688,98,87.5,4.73,57607.0,7,1788406102047,1788814177742,4.7,13420.6,0.233,223816.099322,4,-20655.22,-9.2,True,False,False
0xf3f9e6e9922295f5ae256408663a5f93c2c75b9a,True,2000,1026,525,501,51.2,0.96,-112.05,91,1782618026187,1788847245948,72.1,152.17,1.358,0.0,0,0.0,,False,False,False
0xf40f4129b137f30ab83dfe7f46a468fc6830865f,True,2000,686,418,268,60.9,8.85,59740.14,11,1787126144036,1788273253703,13.3,6337.0,0.106,471794.4,1,-138335.96,-29.3,True,True,False
0xf428735be5fe98d4af0973ff2219eacffb6ee89a,True,2000,810,400,410,49.4,0.12,-283348.11,1,1785403965955,1787375515172,22.8,-96362.03,0.34,0.0,0,0.0,,False,True,False
0xf44b52d98cceaa5b0f41ddca33a4299416abeb86,True,2000,1118,307,811,27.5,0.93,-3543.72,2,1775957961948,1784190071655,95.3,3387.08,0.956,0.0,0,0.0,,False,False,False
0xf469697ae698e1459f02cdabc882c468fad5396d,True,2000,760,380,380,50.0,0.79,-8464.34,33,1785179077047,1788845032165,42.4,5505.56,0.65,35125.482425,5,39008.16,111.1,False,True,False
0xf47fe5f0f6c3ebfde365e34e6d15fb2ed4c39cdb,True,2000,979,504,475,51.5,3.1,33713.04,53,1783020399877,1788827827119,67.2,-3975.46,0.118,3469.469795,3,-846.66,-24.4,True,True,False
0xf49559a962d46b02b49a70320cbbdf2cc7ba40a7,True,657,364,298,66,81.9,30.72,114445.44,14,1732873939331,1787184000002,628.6,22025.74,0.192,0.0,0,0.0,,False,True,True
0xf4aa8ec50f495a146c338621c4101e8a13a20f8d,True,2000,897,399,498,44.5,1.13,1868.11,9,1765210850171,1788804440496,273.1,-896.43,0.48,2671.320316,1,104.99,3.9,False,True,False
0xf4b8a39b7b828d8e059a55ed697a3dec634b6488,True,2000,1287,762,525,59.2,2.71,210.17,1,1783113602317,1783200112467,1.0,24.03,0.114,0.757771,0,0.0,0.0,False,False,False
0xf4cab58816d2b65419c2374474d2aebf32d93254,True,1451,734,515,219,70.2,0.67,-27635.89,3,1785070365704,1788673150810,41.7,-37339.51,1.351,0.0,0,0.0,,False,True,False
0xf4f0ba8481e5729d12338302ef15cf31188e0505,True,2000,830,389,441,46.9,0.39,-15120.81,14,1779835856640,1780141912618,3.5,-5549.01,0.367,0.0,0,0.0,,False,True,False
0xf4fb9fa23edb32215e5284cf7dbfdb5607d51a5b,True,2000,1001,383,618,38.3,0.51,-139067.03,23,1752705015106,1788623113523,415.7,17785.89,0.128,0.0,0,0.0,,False,True,False
0xf517639a8872e756ac98d3c65507d2ebc25cc032,True,2000,1266,710,556,56.1,0.47,-140312.74,10,1788512904098,1788847601615,3.9,-34497.21,0.246,5939556.060748,11,2277011.45,38.3,False,True,False
0xf53a0480ca2e28afdb385d25f94c8ca3dd453033,True,2000,1304,931,373,71.4,0.6,-141056.32,5,1774044508451,1779112545949,58.7,-18542.0,0.131,0.0,0,0.0,,False,False,False
0xf55c1737648cbf1d2b4e6c2b47b4bc164bb0c15b,True,914,481,170,311,35.3,1.18,6939.98,3,1787194266897,1788108803140,10.6,8907.67,1.284,0.0,0,0.0,,False,False,False
0xf579c0aafc828dad272bd1ff07a0fcbd08828907,True,2000,967,811,156,83.9,3.15,42968.83,9,1771560513290,1779061279260,86.8,4208.21,0.098,0.0,0,0.0,,False,True,False
0xf58dd26ff08a50ac56795f74dc6cdca2a77bb2f4,True,1255,702,435,267,62.0,0.62,-10127.22,29,1741013565786,1781199011362,465.1,-2308.74,0.228,0.0,0,0.0,,False,True,False
0xf5a06e70a4123eec71dc5c0c90f8ecc6a92d23c9,True,2000,932,404,528,43.3,0.51,-27220.35,10,1785178765581,1788527891728,38.8,-3386.55,0.124,38089.928369,1,-1782.64,-4.7,False,False,False
0xf5b34f994a03a592aeb6c6a38fa4adaf8c51e2d4,True,516,182,167,15,91.8,46.88,6494.4,5,1734624440166,1788847523942,627.6,1266.28,0.195,2635.886186,3,-2595.46,-98.5,True,True,False
0xf5c7778a74bee44b7dafbb0e05a9e2b502056770,True,2000,871,675,196,77.5,12.92,3145.3,1,1788218464273,1788847264097,7.3,151.52,0.048,1455.731862,1,13.19,0.9,False,False,False
0xf5e7ffe523d0491709958490b4877e1d9de6c6f7,True,1664,799,435,364,54.4,4.81,287858.54,16,1766365240806,1787927035914,249.6,47449.45,0.165,0.0,0,0.0,,False,False,False
0xf604712da5b6852b81773f933be5cf8b2624c9b6,True,2000,689,188,501,27.3,1.13,5487.56,14,1779068383300,1788823716444,112.9,4059.3,0.74,25090.475087,3,12611.72,50.3,False,True,False
0xf61ca9f37d5aa0f0d89349cce9f610756a08ac00,True,310,143,91,52,63.6,5.38,21434.3,3,1780747750202,1788545254526,90.2,2205.95,0.103,23361.095197,1,-1811.81,-7.8,True,True,False
0xf634791d5749884a45c14fe0f4fc94e7f05bffaf,True,2000,1014,350,664,34.5,1.52,3810.91,13,1779936001410,1788250703298,96.2,801.64,0.21,0.0,0,0.0,,False,True,False
0xf6528a02e8e07fc154225297394d84f8e3cf5375,True,2000,941,773,168,82.1,5.01,25687.41,11,1785389510592,1788844649742,40.0,1632.61,0.064,16857.794063,2,-1253.05,-7.4,True,True,False
0xf66deb3ab9cfd58e6b593bee85476307c541971e,True,1466,786,522,264,66.4,0.68,-6425.95,2,1784934865397,1787320151393,27.6,-1741.98,0.271,0.0,0,0.0,,False,False,False
0xf68d8ec66427ef88ef070fe04cb41acd7df866b6,True,2000,911,677,234,74.3,5.58,20287.46,28,1785888176014,1788719424472,32.8,3194.21,0.157,9915.954316,12,434.5,4.4,False,False,False
0xf6aafa66310c6a82a760e65c2b3d745eda5a50f7,True,2000,952,594,358,62.4,1.55,1895.57,18,1783438997482,1788365519683,57.0,454.37,0.24,0.0,0,0.0,,False,False,False
0xf6bff435d5d49722cf49d621f6973a8789ecbb2b,True,2000,929,354,575,38.1,0.61,-99708.1,4,1773395927068,1788776177266,178.0,-13739.0,0.138,65501.646726,3,-364.8,-0.6,False,True,False
0xf6d7bec249c7bd2f11ffb8dfac7ec6f2913802cf,True,2000,925,422,503,45.6,0.42,-7152.89,9,1787200646753,1788835400644,18.9,-795.17,0.111,1480.307524,1,-47.27,-3.2,False,False,False
0xf6e3d3a8779442bc6c535d1f110e927a7a9d1b94,True,366,169,142,27,84.0,6.89,49754.23,3,1774408822958,1781619605230,83.5,8516.64,0.171,0.0,0,0.0,,False,False,False
0xf6fa581ed7a5651af120f2a90d68312c3284a60f,True,2000,809,500,309,61.8,1.55,2408.3,36,1757469951695,1781280743336,275.6,-620.45,0.258,0.0,0,0.0,,False,True,False
0xf71ab4e4172730ed096b832f37982942935c7215,True,2000,898,503,395,56.0,14.53,91222.07,11,1787482186675,1788831164395,15.6,7435.78,0.082,12111.130673,1,11473.23,94.7,False,False,False
0xf7306224c1070243dbeeabc7c9c808df83b04125,True,2000,1080,475,605,44.0,0.6,-8951.93,8,1782079776122,1788791383214,77.7,-5771.13,0.645,0.0,0,0.0,,False,True,False
0xf73b15392f0b4bfb07332960896c76fc1b41a5b9,True,2000,1091,631,460,57.8,1.3,18916.74,19,1780316502312,1787188679241,79.5,5790.0,0.306,0.0,0,0.0,,False,True,False
0xf754826cee36849d950cc58f03974fc3ad2a6eff,True,2000,1284,1201,83,93.5,0.52,-11799.68,9,1777733660545,1784806796288,81.9,-5052.36,0.428,0.0,0,0.0,,False,True,False
0xf770a07844cf14be6490270c634f57339993bf64,True,155,32,25,7,78.1,4.5,10254.55,2,1787900675649,1788834853886,10.8,3588.24,0.35,11876.84645,1,-989.21,-8.3,True,True,False
0xf77f36ee0b95757e365eb4bf51aa1405c9b70670,True,2000,852,443,409,52.0,0.89,-346.5,70,1723090794360,1788190051926,753.5,-360.5,1.04,0.0,0,0.0,,False,True,False
0xf794c91ad2497f4d7eafe8905fe5b55475e67a09,True,207,93,35,58,37.6,0.84,-256.61,7,1760101565266,1775086290644,173.4,-1538.52,5.996,0.0,0,0.0,,False,True,True
0xf7b07723b1b8ed3035018b1144caf4d19c6f380e,True,2000,1230,633,597,51.5,1.83,13692.69,53,1785872131340,1788412735289,29.4,-6604.29,0.482,0.0,0,0.0,,False,True,False
0xf7c45208e32bf9ab72e7726bb8ae6458fa569f15,True,449,224,57,167,25.4,1.02,13.93,69,1780861801647,1788437743682,87.7,85.99,6.172,0.0,0,0.0,,False,False,False
0xf7e9b761e780d66a4c02df4e2a7b3f8d2e0d3a7e,True,2000,744,260,484,34.9,0.83,-774.82,8,1770187493776,1777350218190,82.9,350.45,0.452,0.0,0,0.0,,False,True,False
0xf8030b2e76bec32181e4c55404264e7760b8d3ab,True,2000,844,506,338,60.0,0.8,-742.33,50,1781873482801,1788845096778,80.7,-81.56,0.11,6664.62445,24,-797.01,-12.0,True,True,False
0xf821f715b30bbc4399150ee9e5e8461e06500a25,True,2000,1001,486,515,48.6,0.28,-3408.5,45,1786475779127,1788652077020,25.2,-1507.02,0.442,0.0,0,0.0,,False,True,False
0xf82e701a4607b61c706962b51f71d449c4af28be,True,572,326,215,111,66.0,1.55,8765.7,5,1778768354398,1787113749666,96.6,5484.0,0.626,0.0,0,0.0,,False,True,False
0xf83e8bd8dff2f1157d83ba11e698263411f3dbea,True,2000,1097,605,492,55.2,1.24,2820.88,13,1782991001025,1788773644467,66.9,-973.3,0.345,4698.090377,10,1805.19,38.4,False,False,False
0xf85575c2a9a2480817447c0dd3a3ebf3d7c7b664,True,219,92,53,39,57.6,2.22,2550.62,26,1736083537389,1788794654170,610.1,795.96,0.312,29.785189,1,-6.97,-23.4,True,False,False
0xf86492be14861cc14fc4f55488aa221160382b22,True,2000,965,965,0,100.0,inf,141327.66,2,1788590391148,1788836118915,2.8,1693.22,0.012,454511.72177,4,198953.24,43.8,False,True,False
0xf8824fd4bfe027bc3d0b41ac7c5dfb21751fb27d,True,1174,497,320,177,64.4,1.74,1782.19,4,1772465841975,1777051214626,53.1,365.76,0.205,0.0,0,0.0,,False,True,False
0xf89334a460ba1a37026205cbde8f1052683ac67b,True,892,413,140,273,33.9,0.97,-192.35,5,1769751022076,1778866834473,105.5,818.51,4.255,0.0,0,0.0,,False,True,False
0xf8adb65dd158a09a970141aa167e08ad3718e2ef,True,2000,631,192,439,30.4,1.08,3668.75,1,1772099125009,1781308769471,106.6,-3844.94,1.048,0.0,0,0.0,,False,True,False
0xf8c08909060100ca6e2749162bcb0be1f38ea555,True,2000,1338,1066,272,79.7,4.86,6968.85,10,1787113651702,1788472087828,15.7,884.1,0.127,0.0,0,0.0,,False,True,False
0xf8d2f1a4645ad2f99a41681df5abb1fa59d6e2f3,True,519,250,140,110,56.0,1.47,9916.45,22,1733275376401,1784046371629,587.6,-5718.13,0.577,0.0,0,0.0,,False,True,True
0xf8eaecebd5d21f53bd6132f0004936e965d05af6,True,992,526,386,140,73.4,10.7,81676.75,6,1786980380345,1788807746427,21.2,3922.16,0.048,0.0,0,0.0,,False,False,False
0xf9053856c26d555db82cc218627aa70623b2bd63,True,2000,705,226,479,32.1,1.52,6939.84,7,1781789632102,1783450289613,19.2,2765.92,0.399,0.0,0,0.0,,False,False,False
0xf91d064b9e2cbabd058b8a672e97833bf3de85cb,True,1013,319,289,30,90.6,10.86,12472.32,3,1784526196837,1784819889433,3.4,1097.04,0.088,0.0,0,0.0,,False,False,False
0xf92e989626e3f43cce096ac4199f3c2c697b942e,True,2000,1404,163,1241,11.6,0.37,-60238.37,5,1761853133281,1772807873175,126.8,-17419.66,0.289,13.57239,0,0.0,0.0,False,True,False
0xf93f055e03a8ba214eec82ab80b814e40dd93376,True,2000,1149,1,1148,0.1,0.01,-543809.32,2,1787152047839,1788598289141,16.7,-36553.17,0.067,114146.330459,1,159000.0,139.3,False,True,False
0xf95623c8d26e11d36f1e258f387992af7d232372,True,2000,1056,66,990,6.2,0.3,-1088.55,7,1787952779201,1788836194268,10.2,87.02,0.08,0.0,0,0.0,,False,False,False
0xf965e63712488300fa3167e216d02b4cd169a9b3,True,1961,870,380,490,43.7,1.07,2224.13,3,1763256649280,1788690104769,294.4,-4263.29,1.917,0.0,0,0.0,,False,True,False
0xf984b471ebb8ec3dc56153b0d4369b0556d87345,True,840,362,234,128,64.6,0.57,-48202.71,20,1746348361478,1780686976656,397.4,-13339.2,0.277,0.0,0,0.0,,False,True,False
0xf9a1478ac6e1514782c3ae3903541caa5f5d466a,True,2000,1161,514,647,44.3,2.08,52623.95,14,1781124356137,1788820810503,89.1,-6650.0,0.126,0.0,0,0.0,,False,True,False
0xf9b386f4d5a0e8912e210c36bf3b957243dcc79f,True,1473,589,272,317,46.2,2.84,61292.98,34,1701001241170,1777546319762,885.9,13390.23,0.218,0.0,0,0.0,,False,True,False
0xf9d28a0379b499b156879a9bd35e9794d211b2b9,True,2000,1062,363,699,34.2,0.75,-3125.02,17,1773146148151,1788755681187,180.7,819.53,0.262,16257.860299,3,2588.32,15.9,False,True,False
0xf9f02def55e1cceedf017e0353c14ba6f7f4d3df,True,860,384,216,168,56.2,1.08,967.96,24,1735333857421,1788829928133,619.2,2780.5,2.873,7549.314209,2,689.0,9.1,False,True,False
0xf9fc0730df0355da336708add93dc1962aadb1d0,True,2000,658,352,306,53.5,8.22,25627.35,12,1787944974416,1788777984434,9.6,2068.81,0.081,291865.511888,7,-24382.65,-8.4,True,False,False
0xfa1690f2778f1f78c24da9f33eb63c8965293e84,True,2000,985,473,512,48.0,1.02,127.63,19,1786802877087,1788825749900,23.4,387.28,3.034,6794.665014,3,-697.28,-10.3,True,False,False
0xfa47715260c7236852c609ebb53dbab557df9806,True,2000,1177,333,844,28.3,0.64,-3135.68,15,1778238284343,1779276896428,12.0,-876.58,0.28,0.0,0,0.0,,False,True,False
0xfa71598fd7aa63e5b9e2b3ad396e5ea4fc1bf411,True,1077,488,114,374,23.4,0.92,-1921.76,7,1778864126738,1787880523869,104.4,3030.46,1.577,0.0,0,0.0,,False,True,False
0xfa9fde87f4f3ded79e2f830fbd2e1964cc256462,True,2000,1070,531,539,49.6,2.97,27122.76,12,1787138363799,1788715511554,18.3,4782.19,0.176,5247.201448,1,-4730.5,-90.2,True,False,False
0xfaadc4ded5c8da9c1fedb146e12878910cc29dae,True,2000,1217,682,535,56.0,1.33,13247.97,6,1788374719943,1788673142655,3.5,3139.6,0.237,0.0,0,0.0,,False,True,False
0xfaba6e0a28bd2bc3855e382297d06d260b4db55b,True,1903,642,327,315,50.9,1.01,325.0,16,1752522750263,1788316178821,414.3,-3934.75,12.107,0.0,0,0.0,,False,True,False
0xfad584761b2509382b0e0776e76845b25d792310,True,764,379,127,252,33.5,0.5,-2735.25,14,1778636502356,1787529600082,102.9,-843.3,0.308,0.0,0,0.0,,False,False,False
0xfae408dfe4d52f15db7f6d994e5f61ffbcc3d4cf,True,2000,1011,537,474,53.1,2.08,2615.43,12,1787755722454,1788847470668,12.6,247.28,0.095,32188.98262,2,-73897.2,-229.6,True,True,False
0xfafbf5af1024b52b2c5d4be7ea292409f2d3a8c9,True,2000,855,787,68,92.0,0.41,-49704.4,11,1779583912674,1788842255801,107.2,-10925.87,0.22,7463.75519,3,-259.37,-3.5,False,True,False
0xfb27c4671ea57cb40efaa4bcfb99924b75449ad4,True,2000,1239,654,585,52.8,0.92,-304.94,5,1772724853521,1774656000062,22.4,256.35,0.841,0.0,0,0.0,,False,False,False
0xfb3c638d33afba1690060996b90943d030e6ae4d,True,2000,956,478,478,50.0,0.92,-349.82,14,1788702735345,1788830255426,1.5,498.22,1.424,12330.71597,1,-3877.01,-31.4,True,False,False
0xfb51e66f1923b3a316bc81f2a435824c254d0fc6,True,2000,1047,916,131,87.5,30.18,34337.4,43,1778103492416,1788531946967,120.7,2481.92,0.072,49158.481692,9,-102773.71,-209.1,True,True,False
0xfb80334e43a3ccaf4bc7dd775be5ad40f3277493,True,2000,1679,339,1340,20.2,0.06,-3435.7,1,1788222357848,1788848359178,7.2,-436.73,0.127,116188.624056,1,-1291.06,-1.1,False,False,False
0xfb9402d5aa57ebb9b2fec847ed134b9907fd5ba5,True,493,140,100,40,71.4,7.98,26196.12,6,1773013238345,1788846753278,183.3,6015.96,0.23,0.0,0,0.0,,False,True,False
0xfba4d8b989058c8662e641d6e1eee47a46b2d6d6,True,2000,776,512,264,66.0,3.01,4493.75,10,1781094609836,1788200399221,82.2,439.83,0.098,0.0,0,0.0,,False,False,False
0xfbb7463685e70324397a6733e69f95c7b97fbce9,True,2000,984,335,649,34.0,0.42,-7434.05,111,1763371809757,1788840283781,294.8,-1772.79,0.238,1126.242664,7,2380.79,211.4,False,True,False
0xfbc9638938262f15cc1b3a751a54d538559da361,True,2000,1025,683,342,66.6,6.74,761259.07,3,1761079400815,1788541216635,317.8,42585.93,0.056,134138.100272,3,-197948.62,-147.6,True,False,False
0xfbd9e6b6ab27101402aa847818b01e4555028ec5,True,2000,824,331,493,40.2,1.06,1037.46,21,1760260080367,1788447097538,326.2,2444.32,2.356,1100.111456,1,1053.63,95.8,False,True,False
0xfbea74f5f1373f07bc51e675cc3681df1edf8577,True,259,101,84,17,83.2,20.76,25809.01,7,1779807663014,1787673805581,91.0,4341.48,0.168,2671.586044,1,-1785.34,-66.8,True,False,False
0xfc04bfe9d4ce8310432a1fedca39dc2674c3f442,True,1531,774,459,315,59.3,4.07,96383.31,26,1774924687456,1788315348975,155.0,14781.43,0.153,3377.548824,2,-6309.07,-186.8,True,False,False
0xfc2098b31f7cd6e520836b699cdb98cb256beef4,True,758,403,105,298,26.1,0.28,-19105.05,17,1698159800600,1788251340616,1042.7,-5354.63,0.28,0.0,0,0.0,,False,False,False
0xfc3bbb6832f452584841b668434170a83e77c50d,True,2000,1311,561,750,42.8,1.39,17102.14,41,1778158477651,1788795730837,123.1,2949.96,0.172,0.0,0,0.0,,False,True,False
0xfc556195d68118d272ed30fd8df64c6a6bb9108b,True,2000,871,839,32,96.3,3.01,5359.93,7,1783573699037,1788442782753,56.4,-1063.58,0.198,0.0,0,0.0,,False,False,False
0xfc667adba8d4837586078f4fdcdc29804337ca06,True,2000,831,648,183,78.0,11.71,35475.01,45,1788847116567,1788848458801,0.0,3174.03,0.089,26761838.576901,6,390109.75,1.5,False,True,False
0xfc76f730c3e2939825484e0a777368075d779ef9,True,2000,842,726,116,86.2,3.58,79174.78,10,1783989512429,1788442803722,51.5,8033.11,0.101,176107.586713,1,3716.02,2.1,False,False,False
0xfc8b2f2b98705037ec9fa816f40c42077b237d3c,True,2000,1016,601,415,59.2,1.43,73.15,1,1788628054553,1788848430155,2.6,-2.1,0.029,71.804744,1,-0.55,-0.8,False,True,False
0xfca3e8d5a7b341a77e7b6de826bb9ff7ad750da9,True,2000,1073,796,277,74.2,0.95,-5887.22,2,1778105963411,1787297485705,106.4,-6289.17,1.068,0.0,0,0.0,,False,True,False
0xfcbc68c151a83b777992e1b3f246dd3629e3e003,True,2000,843,534,309,63.3,1.07,1408.28,11,1783590649452,1788842698710,60.8,-2293.82,1.629,2566.783029,3,59.72,2.3,False,True,False
0xfce04ea8caa400d51d84a33097da5c1fd7976377,True,1323,586,494,92,84.3,8.91,44709.29,15,1787247925471,1788704677467,16.9,5549.64,0.124,7574.866155,0,0.0,0.0,False,True,False
0xfcede7715b913ed89982b58d690025060db7af6f,True,2000,1021,306,715,30.0,0.46,-24776.48,10,1772754385912,1785194076892,144.0,-2800.68,0.113,0.0,0,0.0,,False,False,False
0xfcf936c433bd3d05be0c3be9c9f8e10228d88d2a,True,2000,842,554,288,65.8,2.67,11840.02,70,1771126744666,1779395853644,95.7,-1237.61,0.105,0.0,0,0.0,,False,False,False
0xfd145973ecacbda7c70309f6afe430c51724e60c,True,2000,1052,595,457,56.6,1.76,34331.68,11,1784818746911,1788820892058,46.3,-6611.4,0.193,50687.626241,2,-14107.5,-27.8,True,True,False
0xfd31a56027b2bc8472331dbc551861387b641c34,True,88,25,17,8,68.0,59.75,235.0,3,1787271892133,1788738710053,17.0,198.0,0.843,13186.158004,1,-5546.49,-42.1,True,True,False
0xfd5ba891a641ad4f08d7b6f3b4a0215fa79d8694,True,670,443,439,4,99.1,283.29,97006.6,7,1767417824477,1788446654814,243.4,12829.9,0.132,0.0,0,0.0,,False,False,False
0xfd750803162d056d598597268edd683f51956767,True,2000,170,170,0,100.0,inf,41081.69,2,1775932596862,1788471263118,145.1,2182.33,0.053,88601.36057,2,-104386.69,-117.8,True,True,False
0xfd888459213898dd9745644a2f46a03737c3c589,True,2000,1193,769,424,64.5,1.17,4419.7,1,1786381806566,1788820807511,28.2,-1244.55,0.282,4388.692676,1,-355.95,-8.1,True,False,False
0xfd965991f8290405c6b4c4c5767eb0a550571d95,True,2000,763,731,32,95.8,0.5,-30719.95,18,1733982945412,1788785911327,634.3,-26916.77,0.876,17182.072078,2,-10557.99,-61.4,True,True,False
0xfda234fcf281f2a7ca5a22d8be37d4c8c1ee1e63,True,1047,567,172,395,30.3,0.54,-924.11,5,1784802808227,1787518873012,31.4,-175.09,0.189,0.0,0,0.0,,False,False,False
0xfdba7e316ebc4edadb32fcf534eb7e1d2c7c9d4d,True,610,289,126,163,43.6,1.06,152.94,57,1759307209000,1779177866496,230.0,-262.86,1.719,0.0,0,0.0,,False,True,False
0xfdd6eb36cb17c4b06310e29475b5f052e9b92b5c,True,2000,1009,391,618,38.8,1.0,273.59,16,1780431336720,1788560084221,94.1,-5926.71,21.663,34560.681083,4,62143.18,179.8,False,False,False
0xfdebf3f5e032fdd8712b8e2c77a0e9792cf0b756,True,1500,880,259,621,29.4,1.36,9269.94,31,1723032269321,1779321600086,651.5,5856.69,0.632,74.452262,0,0.0,0.0,False,True,False
0xfdf9185264d404173b279ca52c7ea2794273e79b,True,219,75,35,40,46.7,1.79,1338.29,1,1774015327809,1774998331375,11.4,888.83,0.664,0.0,0,0.0,,False,True,False
0xfe106cc52747165a65a51d1697132aff03bd9e08,True,2000,982,762,220,77.6,2.6,23462.33,31,1780508325334,1788541468017,93.0,9445.33,0.403,0.0,0,0.0,,False,False,False
0xfe22fd08ff1ec3a86e9d24ceeeacc570cd190f71,True,2000,880,579,301,65.8,0.49,-27074.45,3,1780087944112,1780673537171,6.8,-10153.66,0.375,0.0,0,0.0,,False,False,False
0xfe38a9678c73fe6c4bcc815f6e078ebfc3427776,True,2000,927,411,516,44.3,0.34,-28360.63,7,1787357252968,1788133961453,9.0,-3292.18,0.116,0.0,0,0.0,,False,False,False
0xfe4a101da0e73280a922c1fcca0908f17921400a,True,2000,904,239,665,26.4,1.17,808.72,95,1745336705668,1786499520075,476.4,651.65,0.806,0.0,0,0.0,,False,True,False
0xfe6882837b95cb94ff35867c87bd8fde8cb347f2,True,2000,1144,527,617,46.1,0.6,-58709.3,28,1752781148083,1788535237256,413.8,15229.09,0.259,0.0,0,0.0,,False,True,True
0xfe879ba6ad4ca09b11ba37c5fa70840a5a39a6d1,True,2000,1068,413,655,38.7,1.02,810.87,2,1773221413755,1783959999482,124.3,-4279.16,5.277,0.0,0,0.0,,False,False,False
0xfe939f4e9c9f2f4ee647f97fe97e8a3e38f7b336,True,1751,743,373,370,50.2,2.11,39864.63,7,1785971227197,1788739200041,32.0,15085.04,0.378,0.0,0,0.0,,False,False,False
0xfeac37ccc4afbc8ae635b510be41d2eac8e171ed,True,383,199,112,87,56.3,2.8,12351.74,14,1734319277351,1785476128785,592.1,-3730.55,0.302,0.004743,0,0.0,0.0,False,True,False
0xfeb63b9e4a871b644816d94a1d19517a87ce5fa0,True,2000,1297,605,692,46.6,1.28,5018.05,8,1788695770462,1788820323259,1.4,889.16,0.177,9531.845944,1,2257.65,23.7,False,False,False
0xfecfec3b422e0609217a2f037042d0f18d35d449,True,504,236,57,179,24.2,0.53,-2007.48,11,1761452454736,1788795474121,316.5,-610.04,0.304,0.0,0,0.0,,False,True,False
0xfedbb4c91ddc67e75613820d2a02f50d04f94905,True,83,30,15,15,50.0,0.12,-10404.75,3,1741542855377,1786041727297,515.0,-3351.99,0.322,0.0,0,0.0,,False,True,False
0xfeee942a06d2f8012823ccde7bf7bcbcaa29a09f,True,2000,1112,473,639,42.5,0.33,-4485.33,1,1788795476906,1788848650042,0.6,-111.53,0.025,25119.107445,1,-711.51,-2.8,False,True,False
0xff0b4cdec41787756fcda9d080de55ee31d74a05,True,2000,954,638,316,66.9,1.13,7346.39,10,1778606421964,1783787618552,60.0,-16853.25,2.294,0.0,0,0.0,,False,True,False
0xff27f942eaa1b095d0f32625c1a29225e511d256,True,1875,848,386,462,45.5,1.0,-72.82,28,1741605898371,1780898115584,454.8,-951.09,13.061,0.0,0,0.0,,False,True,False
0xff3c5630e77356f4255f76ebae4480e9014d925d,True,2000,1134,325,809,28.7,0.12,-21642.24,7,1782918247495,1782933581139,0.2,-5323.32,0.246,0.0,0,0.0,,False,False,False
0xff573cc8d53d6ca48134c23da75df1984ff28c24,True,2000,731,327,404,44.7,0.1,-59025.8,7,1786973587515,1787219231594,2.8,-3824.8,0.065,0.0,0,0.0,,False,True,False
0xff758d8a18c82e0fe497c6088ecf330fdef19b67,True,182,106,26,80,24.5,0.27,-14385.64,3,1765555767339,1781471917536,184.2,-4307.96,0.299,9491.925506,1,-12266.1,-129.2,True,True,False
0xff9d76f5ff713e1ce4808eef18908c70c786f73c,True,1135,496,262,234,52.8,0.31,-31813.74,36,1757053975534,1788458678449,363.5,-6200.73,0.195,0.0,0,0.0,,False,False,False
0xffaa394fb6394e2ea09f2d0fcd887a11127e4985,True,2000,1019,524,495,51.4,2.32,24198.13,29,1712152386098,1780702110442,793.4,9825.18,0.406,0.0,0,0.0,,False,True,False
0xffc00e881a12b1c389b27ef52c8e8cd123a694cc,True,2000,1097,619,478,56.4,1.06,7743.61,75,1736594411422,1788561229329,601.5,-6558.62,0.847,2179.50551,2,-3559.92,-163.3,True,True,True
0xffdb2d4eb40e3bc00fda2c6bc3d3a79ab4de5137,True,2000,1032,494,538,47.9,1.82,27046.01,25,1780401062431,1788790206589,97.1,4619.57,0.171,58654.105916,2,35326.19,60.2,False,False,False
0xfffa6fc6acc3dbe04b175862376f1c5ff88cf9c1,True,2000,539,205,334,38.0,1.62,19632.14,7,1776456517205,1780920395559,51.7,-3901.8,0.199,0.0,0,0.0,,False,True,False
