address,has_activity,num_fills,num_closing_trades,num_wins,num_losses,win_rate_pct,profit_factor,total_closed_pnl,coins_traded,first_fill_time,last_fill_time,active_days,largest_single_trade_pnl,concentration_ratio,account_equity,num_open_positions,total_unrealized_pnl,unrealized_pct_of_equity,is_bag_holding,ever_liquidated,ever_adl
0x00000000002f3d928030df28cb15b27b56888b9b,True,2000,1048,317,731,30.2,0.67,-9145.57,19,1782398038145,1786791050798,50.8,-4848.13,0.53,0.0,0,0.0,,False,True,False
0x0001094b9d760df1407279e84c2308a92c85a710,True,2000,1097,821,276,74.8,1.5,6082.37,7,1788018731332,1788826429038,9.3,2581.95,0.424,88790.002024,1,46560.1,52.4,False,False,False
0x000f086befc540591e0b51628af77f79c60f76a5,True,1375,441,191,250,43.3,0.1,-146349.37,8,1783381512685,1785247006149,21.6,-32530.15,0.222,0.0,0,0.0,,False,True,False
0x001dfb0ae09ac313e0529a59d11d6e8e5004b78b,True,2000,960,519,441,54.1,0.54,-3620.39,84,1780103648779,1788844935100,101.2,-1186.63,0.328,0.0,0,0.0,,False,True,False
0x0031e602c379990cbf285504c29412263a17feba,True,2000,917,425,492,46.3,0.41,-18140.03,23,1769363828483,1780129911905,124.6,-1273.69,0.07,0.0,0,0.0,,False,True,False
0x0041090e5f3a5cd97288d10a67ecc973a5d7669f,True,2000,928,169,759,18.2,0.03,-85508.87,5,1785519463490,1788740761130,37.3,-2659.15,0.031,26442.476796,1,-6234.58,-23.6,True,False,False
0x004ffaf46f807e2daac8e04d7217ec72ae136726,True,1376,791,303,488,38.3,0.52,-14087.7,8,1782043831978,1788465891929,74.3,-1794.54,0.127,0.0,0,0.0,,False,True,False
0x00620ada30d98ffcf8e3c91e65283127d11c64ce,True,2000,993,704,289,70.9,1.43,9994.43,21,1787333164098,1788805640150,17.0,-1922.74,0.192,36840.939424,1,2221.46,6.0,False,False,False
0x0079890e27b364b94ca5b967a9fc71400fb7d835,True,2000,887,292,595,32.9,1.33,27236.29,14,1752127658667,1788736326046,423.7,-13087.22,0.481,81963.277961,3,-12433.88,-15.2,True,True,False
0x0086e87eadb32c8798b6d7cdad64a6427a549ece,True,2000,977,435,542,44.5,2.81,91093.06,11,1768954678885,1788219285228,223.0,8104.87,0.089,148484.65875,4,286161.28,192.7,False,True,False
0x0099e3ed0cba9842619cc522ce4ce0e45a9f823d,True,2000,1078,240,838,22.3,0.5,-48367.93,1,1782519077376,1788450734643,68.7,7696.95,0.159,0.0,0,0.0,,False,True,False
0x00b3643af8135ad02b3028781f39b2bd70f5fe42,True,1265,419,374,45,89.3,2.12,10422.03,38,1733848130742,1787151963406,616.9,-2429.52,0.233,118.753403,2,-10127.36,-8528.1,True,True,False
0x00c511ab1b583f4efab3608d0897d377c4de47a6,True,2000,1062,725,337,68.3,1.47,6135.67,18,1788531152596,1788838547127,3.6,1850.47,0.302,3284.843373,1,68.78,2.1,False,False,False
0x00d4f2ea02a355fe7e227abcc61dd74d818a0e06,True,2000,1109,620,489,55.9,0.04,-266733.17,2,1780108169542,1780725039715,7.1,-22812.22,0.086,0.0,0,0.0,,False,False,False
0x00f2bdcaa8bdcb119e76e1a1d2ba4b64c6aa5c20,True,378,241,109,132,45.2,1.11,422.67,3,1781620807601,1782350208382,8.4,902.63,2.136,0.0,0,0.0,,False,False,False
0x00fc5bf0baaa375de8b255763d5427cb9c547858,True,2000,885,382,503,43.2,0.99,-61.0,7,1782228940408,1783638250309,16.3,285.47,4.68,0.0,0,0.0,,False,False,False
0x0116a3d95994bcc7d6a84380ed6256fbb32cd25d,True,2000,1024,424,600,41.4,0.75,-2388.67,63,1775347493808,1788268098619,149.5,-1997.64,0.836,0.0,0,0.0,,False,True,False
0x01274b0def8b96bc4c39a06531af3ce996612f73,True,2000,1099,627,472,57.1,0.61,-20819.81,28,1774710443441,1788689623555,161.8,-14695.56,0.706,15299.750916,3,2089.88,13.7,False,True,False
0x01353186dfedd67c16882265d242b0062c9e017f,True,560,297,87,210,29.3,0.35,-385.37,1,1781095190475,1782742700630,19.1,61.66,0.16,0.0,0,0.0,,False,False,False
0x01463943c5138068eafbd4e499f5c2bb1a8f6929,True,2000,1028,483,545,47.0,1.3,1813.46,51,1786528215330,1788775765109,26.0,344.81,0.19,9906.37005,50,5994.92,60.5,False,False,False
0x015910813c8b6af4d68efb0a720a99699659ebc3,True,1037,488,488,0,100.0,inf,174022.23,2,1734925051875,1787366883676,607.0,34692.0,0.199,0.0,0,0.0,,False,False,False
0x017ddfd4c44ee369ebced68db13358c015e9a42d,True,2000,967,622,345,64.3,0.96,-676.15,47,1782916350047,1788739200041,67.4,-4557.13,6.74,12764.636484,2,-14259.05,-111.7,True,True,False
0x01946c26e741b819f9a36ccf274d92aab8b57f42,True,2000,1083,364,719,33.6,0.46,-55375.54,38,1778810690687,1786111072207,84.5,-9745.97,0.176,0.0,0,0.0,,False,True,False
0x01bb092c2e4fef1d68ef1ca66e9b1db29f0cf7b7,True,2000,1332,919,413,69.0,2.87,210757.8,11,1767567941910,1788358207834,240.6,18508.61,0.088,627397.513711,2,70579.81,11.2,False,True,False
0x01cf1cd8f8f62b4562bd1265a7f1474cc0f1be32,True,2000,905,766,139,84.6,0.43,-3066.02,24,1749361607948,1772701765466,270.1,-1119.02,0.365,0.0,0,0.0,,False,True,False
0x01e25aedc3484cf5d18187272dd0aa9dfe42d1f2,True,2000,577,260,317,45.1,1.6,29.26,10,1788346217296,1788843634176,5.8,-14.4,0.492,2959.245252,3,-13.97,-0.5,False,True,False
0x01eacf688f7cc36232202ace915623376bfccb57,True,819,348,112,236,32.2,0.55,-17841.37,14,1752735887158,1787788800012,405.7,-4756.52,0.267,0.0,0,0.0,,False,True,False
0x01fa300de54d9eb163227971da921747139099aa,True,2000,1033,527,506,51.0,0.68,-7499.99,20,1778868964939,1787321998915,97.8,-1345.26,0.179,134.863933,1,-26.14,-19.4,True,True,False
0x0223687db3a44b02f6ae714b39bfe96d575d96d7,True,2000,1193,417,776,35.0,1.16,3484.65,40,1782204379659,1788671654721,74.9,4021.88,1.154,1260.3285,0,0.0,0.0,False,True,True
0x023a3d058020fb76cca98f01b3c48c8938a22355,True,2000,1290,169,1121,13.1,0.06,-48599.15,52,1788836379631,1788847663305,0.1,-974.6,0.02,15557601.097935,110,-3331061.14,-21.4,True,True,False
0x025c62433ecf89ed45edf7f41bf05318204d0b2b,True,2000,1020,782,238,76.7,16.03,35549.43,12,1787295298652,1788798119590,17.4,1917.7,0.054,133415.23689,1,-50380.08,-37.8,True,False,False
0x0272ec6b528511f6d6d10f034df8eab8ec2e6fec,True,2000,1013,584,429,57.7,1.18,7269.27,36,1772983356895,1788547624496,180.1,3360.96,0.462,52599.447176,6,24459.39,46.5,False,True,False
0x02810a9ff42946e2d68d3c9f186cfac7f5de25dc,True,900,471,297,174,63.1,1.36,4099.74,20,1722785676228,1788741203602,763.4,-3045.18,0.743,0.0,0,0.0,,False,True,False
0x029487b605bc2cd660765905099d1e8d84f40e1c,True,2000,947,488,459,51.5,0.82,-8564.21,17,1741630434579,1788814270437,546.1,6851.75,0.8,3947.070483,1,-2859.85,-72.5,True,True,False
0x02a250b4f8479ae742415307a23bc9440e67f737,True,2000,1208,567,641,46.9,0.69,-14189.17,37,1753446796134,1774507991306,243.8,-2782.0,0.196,0.0,0,0.0,,False,True,False
0x02ad96d8db016177421f5945ff51d96dbb67ff7a,True,1680,809,507,302,62.7,0.64,-29942.86,23,1734899068458,1782642311091,552.6,7055.93,0.236,0.0,0,0.0,,False,True,False
0x02c31a0b4f07f3d5f840991f0efea578aae2d102,True,2000,971,473,498,48.7,2.92,385.61,2,1788700324337,1788847718706,1.7,54.97,0.143,0.004777,0,0.0,0.0,False,False,False
0x02dfee6f321d8d0c6722f3e1a11cb00a39e67510,True,2000,931,506,425,54.4,0.74,-9160.61,20,1768780890707,1788795704500,231.7,-5412.25,0.591,14857.268605,5,-200.3,-1.3,False,True,False
0x02e7b714fae84e4ba80f3cda5508553e7cf5042a,True,1722,879,651,228,74.1,1.2,5044.0,50,1745838690950,1788830771773,497.6,3960.9,0.785,3018.375706,1,0.37,0.0,False,True,False
0x02fb3eb5627c1fa9afb1ff6a1555ccae8e98dba9,True,614,319,127,192,39.8,0.62,-7688.14,8,1748923623397,1782906807922,393.3,-2239.32,0.291,0.0,0,0.0,,False,True,False
0x03136324349c003f3498130f56f4526bf5720ab1,True,2000,1040,676,364,65.0,1.06,5640.34,28,1755010108264,1788796542534,391.0,-17533.26,3.109,24831.183488,3,2454.59,9.9,False,True,False
0x032373248e3caaca7e801e78d547e5c9d0a6adb8,True,2000,998,435,563,43.6,0.65,-7262.28,2,1772485347014,1788706672855,187.7,-3382.81,0.466,0.0,0,0.0,,False,True,False
0x0335a1387afc039bf30ba7bf620630121c33b797,True,2000,1109,1109,0,100.0,inf,7003.63,3,1785873614555,1786361347952,5.6,690.33,0.099,0.0,0,0.0,,False,False,False
0x03595e94fae0b50e3cf01f3c3b322bcc8ea615ba,True,2000,946,752,194,79.5,2.36,31555.43,8,1780224645906,1788293079941,93.4,2578.7,0.082,0.0,0,0.0,,False,True,False
0x036dda4d4c94f7b473e8662b480a39c344e575a2,True,329,152,130,22,85.5,1.25,974.71,12,1752277537368,1783477447933,361.1,631.37,0.648,0.0,0,0.0,,False,True,False
0x038848e8664976bc0280d011e53966cb16c638c9,True,2000,959,366,593,38.2,0.57,-11256.34,29,1774625051784,1782255996364,88.3,4214.74,0.374,506.555309,1,218.95,43.2,False,False,False
0x039c1dc416ceb08d17ea8a3e20ce3f17fbd8cef1,True,1759,819,313,506,38.2,1.39,4729.48,12,1771826876745,1788464506218,192.6,1862.32,0.394,1660.029071,1,573.94,34.6,False,True,False
0x03b3d7811f5c520fa7d6fb487ca8f6a47df03d85,True,2000,1029,222,807,21.6,0.37,-259.69,28,1778674029859,1778682791261,0.1,-44.85,0.173,0.0,0,0.0,,False,False,False
0x03ce7863a2b62f4e227fd98605b79beb32618c76,True,2000,1007,817,190,81.1,1.5,8775.44,48,1786526701931,1788845651005,26.8,-3410.23,0.389,33968.231046,3,465.67,1.4,False,True,False
0x03e66407e629c946e62134c79edc5996b8f3337a,True,200,95,46,49,48.4,1.81,3219.36,10,1778633270198,1787934318865,107.7,1398.25,0.434,4277.922619,1,439.44,10.3,False,True,False
0x03f564e86415d23db5ccdfdd212a91d7b3ff5b98,True,2000,947,320,627,33.8,1.17,1894.63,53,1780402311063,1788840283781,97.7,995.33,0.525,2587.089505,4,-211.55,-8.2,True,False,False
0x040b489281961a4e18aefe97c5243585d7d8217e,True,1136,409,242,167,59.2,0.38,-35155.01,4,1772044236558,1774252658297,25.6,-12034.33,0.342,0.00343,0,0.0,0.0,False,True,False
0x041a09a6220c9c08a0cc9bfcc31deaf9799412b2,True,242,108,45,63,41.7,2.04,2896.17,16,1731298977910,1788629763341,663.6,2866.17,0.99,2933.813778,2,739.41,25.2,False,False,False
0x04294c0a1856336876fc223fb5383503d2f46168,True,603,269,58,211,21.6,4.72,28086.14,23,1741628537740,1779966187741,443.7,12327.24,0.439,0.0,0,0.0,,False,True,False
0x04334d981fdc67b8f41286bb2210137d315a58ec,True,1228,474,473,1,99.8,94.52,255491.39,3,1785697780293,1788797385120,35.9,13974.25,0.055,0.0,0,0.0,,False,True,False
0x046977253886b699d3ff847fea56d6342ac661d1,True,2000,975,376,599,38.6,0.53,-40269.47,6,1773924476235,1774250717752,3.8,-4849.97,0.12,0.0,0,0.0,,False,True,False
0x048a26e7ccafe4e965c1d82e21855b1b770833b4,True,2000,805,467,338,58.0,0.66,-11823.76,19,1785109413474,1788184309046,35.6,-5097.96,0.431,0.0,0,0.0,,False,True,False
0x049db0bdc4a8569bacb8f33210af514a82aec838,True,2000,1830,311,1519,17.0,0.41,-54316.42,10,1773371307369,1787186101681,159.9,-5815.62,0.107,35706.012756,1,-53189.99,-149.0,True,True,False
0x04b08050278583c5ee15fe44f84f85531737ed5a,True,2000,985,221,764,22.4,0.95,-3009.39,1,1777917236015,1788813448856,126.1,15540.93,5.164,5135.68804,1,310.37,6.0,False,False,False
0x04cc3147bc87999e5a6b75373daa6ff8f12b38d1,True,2000,1260,822,438,65.2,3.48,75020.18,3,1788471825954,1788700701569,2.6,14679.1,0.196,32.575645,1,-9.47,-29.1,True,False,False
0x04e04b21d752f3484eb5e4356ad31a64be00cbd6,True,124,70,33,37,47.1,0.94,-266.99,4,1782406145002,1784810774276,27.8,941.46,3.526,0.0,0,0.0,,False,True,False
0x04f9b186b470ff921eb3008bb09350942c613e99,True,2000,1105,345,760,31.2,0.38,-45900.45,17,1759498687636,1788832038163,339.5,-15491.66,0.338,0.0,0,0.0,,False,True,True
0x051c2e6d49cf82ebc47f08f9b85800f94fc9693c,True,2000,1025,828,197,80.8,9.82,116032.11,4,1788379028571,1788617350150,2.8,2364.87,0.02,2483495.894637,7,4348164.53,175.1,False,False,False
0x052b1022aaf18eb1be031ba330dfb72c00b699ba,True,210,93,37,56,39.8,1.35,1447.91,3,1784523612330,1787249161914,31.5,-1101.79,0.761,0.0,0,0.0,,False,False,False
0x054eb4c9cd0907c9d4c7b59631170507d02405af,True,865,404,166,238,41.1,0.76,-2565.83,1,1782451694762,1788539763094,70.5,-801.07,0.312,1322.980693,1,-622.45,-47.0,True,True,False
0x0567685c3b5128791095828aa3e49db3a11179c5,True,2000,1094,371,723,33.9,0.18,-57817.3,5,1779809408408,1780626500501,9.5,-7521.55,0.13,0.0,0,0.0,,False,True,False
0x057a15fde1c41caaccd2d8dbb6df450d9c8fce28,True,2000,1177,907,270,77.1,1.81,13256.64,7,1782808923888,1788808107303,69.4,-2556.49,0.193,34776.985109,1,2727.06,7.8,False,True,False
0x05904930cae1e9a48c055f4a8a83480ba7fc6abf,True,2000,924,0,924,0.0,0.0,-76408.52,5,1788817071784,1788828327646,0.1,-647.34,0.008,453473.769366,13,-384419.65,-84.8,True,False,False
0x059eeedfe126ff4c918da928a33826def7402744,True,2000,880,445,435,50.6,0.89,-2874.54,16,1770312389361,1785521828005,176.0,3202.42,1.114,0.0,0,0.0,,False,True,False
0x05b2fd2728f91732cd5c7e67e47e5480b64220bf,True,2000,866,300,566,34.6,0.59,-1324.23,24,1787512668214,1788833188954,15.3,158.67,0.12,100.532211,1,16.15,16.1,False,False,False
0x05bfd5b6f03928864b8fef63964252865b9dde6f,True,2000,1076,689,387,64.0,0.53,-40101.22,45,1772644352257,1780897960460,95.5,-15481.9,0.386,0.0,0,0.0,,False,True,False
0x05ced186debc4c0f347c8fef67cac4d756b1c1fb,True,1583,752,557,195,74.1,2.3,14938.18,10,1781801832007,1788841610922,81.5,4038.1,0.27,0.0,0,0.0,,False,True,False
0x05e9da70dd840e4c06e1d1ce1ad80859b2da87c2,True,1940,843,496,347,58.8,0.57,-4580.91,1,1776357518648,1777872196491,17.5,-637.93,0.139,0.0,0,0.0,,False,True,False
0x060253f772bb050ad5439e5c980356df02cf0725,True,41,14,5,9,35.7,0.22,-628.95,7,1753873456108,1778766515575,288.1,-523.21,0.832,0.0,0,0.0,,False,True,False
0x060d01aa996003b3731a992462d7f0ba68bf3b04,True,2000,1254,454,800,36.2,0.39,-4363.23,48,1788780597227,1788788984915,0.1,-148.93,0.034,573812.516774,54,53120.52,9.3,False,False,False
0x0620b7cdc799f1e7f04cc4cc80243e38498d6846,True,2000,1460,778,682,53.3,2.14,66293.48,12,1784699149639,1788534104300,44.4,9844.4,0.148,251982.526999,4,103884.83,41.2,False,True,False
0x062f920cb2678ea9c8709fcdf8ce369d33494768,True,2000,1088,617,471,56.7,1.85,648.54,84,1787980191070,1788847870304,10.0,21.73,0.033,0.0,0,0.0,,False,True,False
0x0648e9d812d8b757bf2d7e762f0648a10082d66d,True,2000,975,332,643,34.1,0.29,-67917.21,14,1772850065076,1788688295432,183.3,-5511.13,0.081,5749.552561,1,3940.9,68.5,False,True,False
0x0659b6d3802cf59d5e87d5ec57133d6367beadca,True,2000,896,326,570,36.4,0.11,-65702.58,30,1757354001592,1787614963915,350.2,-18108.41,0.276,3809.587407,3,-22342.46,-586.5,True,True,False
0x0673b2fef79b903509b3d49258eb657615a9eb0d,True,2000,910,348,562,38.2,0.84,-3418.49,1,1769753737241,1788268011692,214.3,-679.39,0.199,0.0,0,0.0,,False,True,False
0x068baca57ef269488948ef46d60260a022554506,True,108,81,6,75,7.4,0.52,-946.83,2,1773456721123,1780040124491,76.2,-516.24,0.545,0.0,0,0.0,,False,False,False
0x06a4e5b554519049d8662cfaf762845bd6054a2d,True,2000,872,695,177,79.7,6.02,66200.54,25,1755555143777,1788847302516,385.3,4186.93,0.063,5317.832666,1,-507.82,-9.5,True,True,False
0x06bc596fb16734f7abc3a5996b580be932c2fb72,True,2000,896,229,667,25.6,0.04,-426901.5,1,1787350477323,1788656589478,15.1,-33904.67,0.079,2016687.447117,1,-267675.46,-13.3,True,True,False
0x06dae03a7e93d51b19db51b56646f9df0b7693cb,True,1092,472,158,314,33.5,0.34,-5677.72,8,1759247842377,1788811142061,342.2,-1463.0,0.258,0.0,0,0.0,,False,False,False
0x06eed8b603b53a52a1dc087b126748e2e4e50b06,True,2000,1056,574,482,54.4,0.79,-9805.62,22,1775933424541,1781099043217,59.8,4643.26,0.474,0.0,0,0.0,,False,True,False
0x070c16ff7c24560f0f2046814dcab7a6288a4a30,True,384,281,281,0,100.0,inf,31128.18,2,1785860714141,1786295343228,5.0,1409.84,0.045,0.0,0,0.0,,False,False,False
0x07405f0daae4e5e1b14c97fe3085f036bb45ad44,True,2000,779,302,477,38.8,5.1,30053.15,7,1785439355133,1788775174913,38.6,3991.71,0.133,69651.401253,1,3107.89,4.5,False,False,False
0x074c9faa69a2d9a4acb75844e3afc82ad04a06cc,True,2000,1023,707,316,69.1,2.17,787.32,1,1788480876330,1788847760798,4.2,-10.85,0.014,419.378289,1,0.96,0.2,False,False,False
0x07642cbbd81e075d3bf14e0f6c1017f20c525572,True,2000,1302,1302,0,100.0,inf,537673.32,5,1776109967352,1776484813473,4.3,33785.63,0.063,0.0,0,0.0,,False,True,False
0x07790b1d81b2773d4e12fa276efc8140db559300,True,2000,910,358,552,39.3,0.73,-2890.76,3,1773060957891,1787493022444,167.0,-983.19,0.34,0.0,0,0.0,,False,False,False
0x078e6eb7c1a0e9defce7df16984b6cb0ce85f3ac,True,1553,721,232,489,32.2,0.69,-2003.27,16,1755326393257,1779538942222,280.2,-712.84,0.356,0.0,0,0.0,,False,False,False
0x079915ea247f1abdeb200cb0f090d58eb0f8d26c,True,2000,986,573,413,58.1,1.55,19091.78,1,1787830433504,1787957196558,1.5,14524.65,0.761,0.0,0,0.0,,False,True,False
0x07b4fd6b1f525f8fd494c923a3cc0f48d80b7382,True,2000,940,419,521,44.6,3.5,11279.24,5,1787062843090,1788810109466,20.2,1741.92,0.154,0.0,0,0.0,,False,False,False
0x07c3c91a2316e50ce0230efbad4f3fc52774b98e,True,2000,1034,409,625,39.6,1.57,2671.08,142,1774636205648,1784120112521,109.8,1254.37,0.47,0.0,0,0.0,,False,True,False
0x07d431758c8bbbc111996d0af6f09c48416d2160,True,2000,1682,712,970,42.3,0.78,-2599.01,85,1785779884276,1787713435738,22.4,-883.33,0.34,0.0,0,0.0,,False,False,False
0x07eb7e96dfc285de2bd6f937385f4acfb7e4c520,True,293,164,77,87,47.0,0.77,-2741.24,1,1773157920987,1788505562424,177.6,-2447.44,0.893,0.0,0,0.0,,False,True,False
0x07fb3d1557c56801ea69e63a89d41d23d2b875d3,True,2000,394,314,80,79.7,0.51,-2784.47,5,1775127610195,1788697943690,157.1,-2451.78,0.881,23329.512675,1,-7103.54,-30.4,True,True,False
0x080cc31f2346eb5e5147bbea83d372d6e775aae7,True,2000,1202,472,730,39.3,0.24,-161077.23,1,1774016672844,1774264460371,2.9,-16635.42,0.103,0.0,0,0.0,,False,False,False
0x081942c75ff82341ab9f71d5df8b1309f6ddbc3e,True,2000,953,282,671,29.6,0.32,-17999.16,17,1776500846347,1787944268563,132.4,-8217.62,0.457,0.0,0,0.0,,False,True,False
0x0833de1e42b93ec94a6ec31670bada94a9039f2c,True,2000,768,768,0,100.0,inf,190702.29,2,1773668124868,1775651790599,23.0,16078.82,0.084,0.0,0,0.0,,False,True,False
0x085d2ac5a2ab89191feea50b5557d5d9cd7a3e88,True,2000,914,358,556,39.2,0.41,-60942.74,7,1787690380441,1788790911525,12.7,-9742.28,0.16,0.0,0,0.0,,False,False,False
0x08772e437a734eb0a3d2a95ade37f5ef919c3940,True,572,203,144,59,70.9,0.48,-10430.74,5,1782846280496,1787823153176,57.6,-5971.09,0.572,607.931357,1,120.3,19.8,False,True,False
0x08922817a6bcb194b3d6b3d918a54c92ea3f9f58,True,2000,985,646,339,65.6,0.56,-12696.51,37,1760723402733,1787486773846,309.8,-2559.15,0.202,0.0,0,0.0,,False,True,False
0x08a4f7c5b0021ca15d65e410b22825aadc84aba1,True,2000,484,110,374,22.7,1.73,2166.42,17,1773943634610,1788844348901,172.5,486.03,0.224,254.199483,2,65.91,25.9,False,False,False
0x08b81e0cf1dff48f693f06d118d400cf099f2b98,True,2000,1165,546,619,46.9,0.57,-5401.4,5,1781813751824,1786367760075,52.7,-773.5,0.143,6868.0,0,0.0,0.0,False,True,False
0x08cbf900b3aa904219b66b5a8fb43f33307313b2,True,2000,922,485,437,52.6,1.04,1998.89,21,1776802274093,1782223941008,62.8,-3526.34,1.764,0.0,0,0.0,,False,False,False
0x08f8ebe9286235a24c6c570ef600f9c73b1e979c,True,2000,1010,333,677,33.0,0.65,-3632.28,20,1774023868642,1787858484803,160.1,570.5,0.157,0.0,0,0.0,,False,False,False
0x090b0405043eb105576532c939c4c6739c29868f,True,2000,942,688,254,73.0,0.14,-121168.48,25,1778482139938,1788739740936,118.7,-7897.9,0.065,59689.287862,3,-897.85,-1.5,False,True,False
0x0921871d6766b5b05fcc1e69dd914c62ad365545,True,1010,560,435,125,77.7,0.75,-2371.58,9,1736062066812,1783124161442,544.7,-1954.92,0.824,0.0,0,0.0,,False,True,False
0x094a2ed822bea563b622652fbd85f1b34749d02a,True,2000,968,464,504,47.9,1.31,6711.02,45,1757783947062,1788799820832,359.0,9086.68,1.354,0.0,0,0.0,,False,True,False
0x095c938780605911df64dc66342c3260989e68a9,True,2000,1027,703,324,68.5,0.23,-249213.9,19,1778213807795,1787529078815,107.8,-143481.08,0.576,0.0,0,0.0,,False,True,False
0x09714a3282fca963a8da97c72a4226bdcec3814d,True,2000,842,752,90,89.3,31.02,80896.63,22,1784654334831,1788838032302,48.4,1389.2,0.017,24993.913527,1,-2491.95,-10.0,True,True,False
0x098a8b53f5bfe8ba5a4f35490734710a5d5c8edc,True,2000,1014,333,681,32.8,0.68,-11260.31,1,1768996586597,1788635206677,227.3,2283.99,0.203,1611.752335,0,0.0,0.0,False,True,False
0x099500598f7b16cadc124775bdd36db354ede1b7,True,2000,974,778,196,79.9,2.82,6292.95,94,1769885246095,1787368649760,202.4,672.97,0.107,2821.888382,6,127.37,4.5,False,True,False
0x09a06f92326118a4b995df249bbd378bd0d3e538,True,1212,605,290,315,47.9,1.23,7508.75,31,1738642922213,1781481344591,495.8,2602.16,0.347,0.0,0,0.0,,False,True,False
0x09c8a7efcc50995f45f7492c0ee0b0628cf500d0,True,2000,1152,520,632,45.1,0.46,-405.91,129,1788846829695,1788848338950,0.0,-154.71,0.381,45574.46595,87,-431.49,-0.9,False,True,False
0x09dccb6f33b986987457d33db6801b74d2a2c094,True,2000,1018,0,1018,0.0,0.0,-91384.09,1,1787928409102,1788846874872,10.6,-1810.63,0.02,2670166.475277,1,33316.96,1.2,False,False,False
0x09f2b610f85a5fea4d35b42cccdc52f1f71d6bc7,True,2000,460,421,39,91.5,11.45,12049.58,6,1770025913182,1788841911651,217.8,784.87,0.065,49999.979313,1,-0.01,-0.0,False,True,False
0x0a06ec6754b628be489b2c40bba20c8580392a7b,True,2000,1485,1235,250,83.2,26.56,33932.42,3,1788728254226,1788848185373,1.4,1383.08,0.041,559231.666792,4,4879.81,0.9,False,True,False
0x0a1c8f827d6b3fd5cb968eab353c8d1ae40c93a1,True,387,192,96,96,50.0,0.6,-2676.1,1,1780920613638,1787153257795,72.1,-1048.47,0.392,0.0,0,0.0,,False,True,False
0x0a36bef37bf30185c56177feb24a0d1f57220aab,True,2000,1213,754,459,62.2,3.0,53424.3,39,1753627131331,1788607991580,404.9,3944.15,0.074,4727.200311,1,-49.51,-1.0,False,True,False
0x0a4b1c5cb83d30433870db1c49b71ab5f29a8f89,True,2000,1050,876,174,83.4,2.48,27542.41,9,1766191607133,1777740387716,133.7,4137.99,0.15,0.0,0,0.0,,False,True,False
0x0a68710393776766fac5b2850142b2fce0b07b0e,True,2000,921,297,624,32.2,0.64,-9970.62,21,1759812998141,1782660917061,264.4,2015.03,0.202,0.0,0,0.0,,False,True,False
0x0a7dfce5b00320c6ab1bf2823e533db1a551f6ba,True,2000,997,516,481,51.8,0.52,-34593.51,1,1784332805098,1788828231987,52.0,-6497.28,0.188,65252.658783,1,-1745.7,-2.7,False,False,False
0x0a88587f1fa1d4acc5c170e4c1974816e19cd4b2,True,1414,764,355,409,46.5,1.02,34.02,2,1777931019225,1779314417552,16.0,-99.99,2.939,23.449801,0,0.0,0.0,False,False,False
0x0aa0294821996cf52b54ce1131e138955504fd49,True,2000,996,438,558,44.0,1.19,578.81,51,1785747189460,1788776406370,35.1,155.78,0.269,44485.95727,50,2448.56,5.5,False,False,False
0x0aab46857f897f467d0e5122949846d07ac2d06d,True,2000,635,218,417,34.3,0.13,-51381.4,12,1779889788417,1787941927862,93.2,-4291.98,0.084,3602.217697,1,-5397.19,-149.8,True,True,False
0x0ac0fa723847bf6a9f7e74d01ac73b5a9e88ba2c,True,347,177,148,29,83.6,0.72,-1195.05,7,1783618414740,1783995874941,4.4,-848.58,0.71,0.0,0,0.0,,False,False,False
0x0ae3877a37a626f921aacbd949ed1545797fc584,True,2000,976,403,573,41.3,0.55,-6712.21,12,1787586250584,1788844121827,14.6,-856.54,0.128,0.0,0,0.0,,False,True,False
0x0afd2db257c8cf5f5648ed36e792717f23db83e4,True,520,239,158,81,66.1,1.52,7705.77,29,1770481557812,1788800039703,212.0,-7784.17,1.01,0.0,0,0.0,,False,True,False
0x0b126048f6b44681e31bb05407c13f9fbaeb0bf5,True,2000,1016,501,515,49.3,1.72,21442.12,24,1740929813565,1783443258794,492.1,2145.62,0.1,0.0,0,0.0,,False,True,False
0x0b23968e02c549f99ff77b6471be3a78cbfff37b,True,2000,1120,512,608,45.7,0.81,-59312.19,10,1771365658940,1787352737970,185.0,-71328.98,1.203,118442.245618,2,185744.4,156.8,False,False,False
0x0b43ee257430b79199debd605ef34e4d4c22d2b9,True,2000,1015,709,306,69.9,0.73,-3210.78,6,1774514622359,1776347608204,21.2,-2682.25,0.835,0.0,0,0.0,,False,True,False
0x0b664d2dee046c5cc886d81a52298b4d947c5c2f,True,2000,1015,534,481,52.6,1.19,3160.77,35,1781196947805,1788526602363,84.8,-847.71,0.268,0.0,0,0.0,,False,True,False
0x0b7f372701bf2dfd61c0bd93d0726622b93ef5bb,True,2000,783,654,129,83.5,8.6,49958.21,24,1785937979027,1788772771888,32.8,3958.24,0.079,8137.418674,6,9650.99,118.6,False,True,False
0x0b91df53289f693220ea06af8419116e45b0a4db,True,1106,478,362,116,75.7,2.85,53367.51,22,1748972531410,1788709713864,459.9,-5335.26,0.1,129761.715273,3,-19489.8,-15.0,True,True,False
0x0bafb5dc0c3c83c6e964bc53f2806c0d25d008b5,True,2000,554,153,401,27.6,0.32,-32638.55,8,1787301885145,1788839042618,17.8,-7056.09,0.216,2092.199563,1,-863.73,-41.3,True,True,False
0x0bb731505a70421a90b2f7827df778d5cb6fcef8,True,2000,1039,276,763,26.6,1.45,4720.01,4,1788678561498,1788835397317,1.8,898.38,0.19,0.0,0,0.0,,False,False,False
0x0bda59997765a113bea8ca9cba319b35fb287fc8,True,2000,1050,221,829,21.0,0.36,-436908.05,15,1740776507212,1779223847296,445.0,58211.6,0.133,4.070089,10,28.75,706.4,False,True,True
0x0bf1e616fb0ccd72e403e0d45064b19968670d44,True,493,228,104,124,45.6,1.42,4641.97,9,1755960207423,1788419053703,375.7,5152.16,1.11,20085.683382,0,0.0,0.0,False,True,False
0x0c05e8f46c1d0fecf14915414cbb0283953ce7fe,True,2000,959,492,467,51.3,1.09,1598.2,5,1773941562885,1780785626099,79.2,-870.82,0.545,0.0,0,0.0,,False,False,False
0x0c0ff39921544c3cd7481d1ab57aec0a43f72078,True,2000,934,250,684,26.8,0.9,-1415.41,4,1775847885953,1781528476193,65.7,1299.2,0.918,0.0,0,0.0,,False,True,False
0x0c2395ad6fe01219ce2d98067e873092da66d36a,True,2000,1095,63,1032,5.8,0.04,-295580.67,2,1788395515141,1788528716801,1.5,-9707.02,0.033,0.0,0,0.0,,False,False,False
0x0c3391b8cc5ca37b4a8f1e01432daf1a933394cf,True,2000,821,350,471,42.6,0.79,-683.09,58,1777384452638,1788546976573,129.2,-279.02,0.408,0.0,0,0.0,,False,False,False
0x0c3d92e1a62417253278aeaad8e04a75ee382480,True,56,44,27,17,61.4,0.05,-7101.81,3,1759106475208,1774319239955,176.1,-2543.93,0.358,0.451527,1,0.16,35.5,False,False,False
0x0c4a3a7ac74d43732f9b5ea507f01ab72a381b19,True,2000,1037,312,725,30.1,0.16,-122415.02,4,1788790680218,1788846870564,0.7,-2504.71,0.02,0.0,0,0.0,,False,False,False
0x0c5bb8200a27d4207f55de00d3381eb58758d930,True,2000,747,290,457,38.8,0.51,-4701.28,14,1784047482617,1788566802939,52.3,-464.07,0.099,0.0,0,0.0,,False,True,False
0x0c6d1b0d5dd5674c96c67fbd43fa550425327f1a,True,2000,1193,470,723,39.4,0.7,-28893.56,38,1771519764835,1788806111658,200.1,-5742.37,0.199,25673.241058,4,695.16,2.7,False,True,False
0x0c7ca8f18db13a173e53476706e62f3248cd3b82,True,118,34,28,6,82.4,6.04,3678.8,9,1734260729571,1788432860157,627.0,835.08,0.227,5726.24141,2,1776.1,31.0,False,False,False
0x0c8fdfa4543a1b9bcc6ab9d78dcde270c80ba5ea,True,2000,917,515,402,56.2,1.84,3066.1,33,1787238224834,1788835408467,18.5,578.73,0.189,853.767207,1,-336.04,-39.4,True,False,False
0x0cae83b89e8cb4a359ae07e569b4bb7f9dd9bb2b,True,2000,929,657,272,70.7,0.99,-45.36,64,1786545626021,1788533721821,23.0,-1620.41,35.726,0.008782,0,0.0,0.0,False,True,False
0x0cc30f47f92c9c3720dff6bb587960a86fb339cf,True,1803,877,329,548,37.5,1.35,9687.85,3,1764006613970,1788270597818,280.8,-5637.21,0.582,0.0,0,0.0,,False,False,False
0x0cd235d8ac11d458549a11ed2c2df8761595a684,True,2000,693,450,243,64.9,1.05,330.14,22,1769870878173,1788828762017,219.4,-612.56,1.855,158.201283,3,91.13,57.6,False,False,False
0x0cd84d3ef37ad3e1c54e28ee6c583659c244caaf,True,2000,1072,276,796,25.7,0.82,-2212.57,5,1776079827138,1779043127627,34.3,-730.57,0.33,0.0,0,0.0,,False,False,False
0x0ce3958a14fea8932d20dcb25006d3d488018c30,True,2000,906,577,329,63.7,1.02,233.84,27,1787154577265,1788848528061,19.6,-1039.83,4.447,7256.157753,6,-12.96,-0.2,False,True,False
0x0cf9b33a7af7224d4bdf0d390fe34e8e85801a06,True,190,148,4,144,2.7,1.33,307.28,6,1778689852435,1782308433534,41.9,1013.96,3.3,0.0,0,0.0,,False,False,False
0x0d18e326242d64d857857afbdf02a5c4883f90cc,True,490,274,118,156,43.1,0.89,-667.85,2,1773036473137,1773631878025,6.9,-1066.78,1.597,0.0,0,0.0,,False,False,False
0x0d50ae451f12b6af1b110a82b32efcc05ec21014,True,2000,1059,364,695,34.4,0.38,-23583.16,7,1788250295855,1788847662702,6.9,-1337.72,0.057,0.0,0,0.0,,False,False,False
0x0d69cda21f9af5782ae98b1e2a913754a4a4826c,True,782,304,258,46,84.9,3.65,3671.01,1,1775958890685,1779722989304,43.6,-565.1,0.154,0.0,0,0.0,,False,False,False
0x0d7bb1285e08120d44b532d3b5e7eedfcfc08c45,True,107,40,27,13,67.5,1.23,278.98,2,1770286615892,1788596642436,211.9,-677.3,2.428,3034.290824,2,-566.7,-18.7,True,True,False
0x0da551d5369704e0cef6386127d889560800b5f6,True,2000,951,717,234,75.4,0.91,-418.74,37,1778922753851,1779200957402,3.2,-382.78,0.914,0.005275,0,0.0,0.0,False,False,False
0x0db1b7991f448a96b26e3af447cbb500191d8136,True,2000,957,412,545,43.1,1.6,14240.23,6,1787585178436,1788815990515,14.2,2196.38,0.154,19074.792166,2,-3764.27,-19.7,True,True,False
0x0dd1ce895640ff4a0be8718b48b056ce96b262ad,True,2000,925,390,535,42.2,0.59,-1797.19,16,1784743869748,1785767227352,11.8,-228.03,0.127,0.0,0,0.0,,False,True,False
0x0de52cf07a1c9f48e8a812cd5c1239688144664a,True,2000,1192,327,865,27.4,0.12,-23908.24,1,1781094614613,1781217990909,1.4,-1477.18,0.062,0.001912,0,0.0,0.0,False,False,False
0x0df68ee531dab63d651132c7f56c6cdfe2689d19,True,596,299,115,184,38.5,1.41,1949.44,9,1704269736825,1776537642244,836.4,-2770.08,1.421,0.0,0,0.0,,False,False,False
0x0e0db9d16351e9d496523cdd79ea37184704715c,True,176,78,58,20,74.4,0.46,-1746.39,4,1784104451350,1788844643901,54.9,-2163.97,1.239,2456.81569,2,-535.71,-21.8,True,True,False
0x0e21ecedde58a8e077ef669a163044e70a62a3fb,True,2000,1278,768,510,60.1,1.09,14544.65,24,1785850503675,1788820649210,34.4,-44387.68,3.052,161049.755898,4,-292842.71,-181.8,True,True,False
0x0e3dd827fab17bc7cfc2640689effb0a0873845b,True,2000,1060,441,619,41.6,1.29,2634.46,21,1787153322525,1788837749822,19.5,1085.99,0.412,1052.40384,0,0.0,0.0,False,True,False
0x0e531cc504d6b70ab8fbd3baaa6bc1331de95ef3,True,2000,1115,516,599,46.3,1.45,13072.78,29,1783451284911,1788784217030,61.7,5732.33,0.438,8702.6646,1,-2397.87,-27.6,True,True,False
0x0e6d1d7aecf601d2c000f0baea0b9bf6ab358fe7,True,2000,884,414,470,46.8,1.65,2385.86,61,1780494973325,1788463497607,92.2,300.07,0.126,0.0,0,0.0,,False,False,False
0x0e7f5292326ee988a60b5814c3eb3e57cb7aea60,True,1342,554,188,366,33.9,0.15,-30309.37,5,1763491465743,1778776600908,176.9,-4613.28,0.152,0.0,0,0.0,,False,False,False
0x0e94338f37e7b570ef138400720240a736bb1519,True,716,357,200,157,56.0,1.98,7146.7,8,1787399584196,1788671711871,14.7,1642.39,0.23,0.0,0,0.0,,False,False,False
0x0eac09cb9783351e32703daac0e51a8a72af561f,True,2000,1039,543,496,52.3,1.26,5098.33,39,1759513628547,1788802517816,339.0,-1315.39,0.258,2239.983314,3,-29.33,-1.3,False,True,False
0x0ebae1953fb23b16ccc4e2fee1c09b52b6fead4e,True,1113,482,272,210,56.4,1.08,259.29,4,1774097554143,1775836987601,20.1,-533.95,2.059,0.0,0,0.0,,False,True,False
0x0ed780832c67fc2a1e01e5d973835abd74979e2f,True,696,369,219,150,59.3,0.72,-5197.01,2,1788280619074,1788463311368,2.1,-6063.57,1.167,0.0,0,0.0,,False,True,False
0x0eecd62efb05009e2b72964b4bcdbcf653afd4c5,True,2000,1008,655,353,65.0,1.78,1297.14,1,1788447908980,1788766997425,3.7,8.7,0.007,83748.793345,5,-108.91,-0.1,False,True,False
0x0f0b2d7a1409d64258cc5aba0b7232901aedb0a9,True,911,410,302,108,73.7,0.34,-27787.13,8,1764322732546,1787153251712,264.2,-9833.18,0.354,0.0,0,0.0,,False,True,False
0x0f2048da92b8b1813d4168a366cf614e993f6b46,True,689,449,342,107,76.2,2.58,16851.81,7,1769976183222,1787151916426,198.8,4210.13,0.25,0.0,0,0.0,,False,True,False
0x0f2d43f5de810ca6092f9be51297d439db6549c3,True,2000,994,543,451,54.6,1.05,1417.0,10,1779795534057,1788221189937,97.5,-2770.6,1.955,0.0,0,0.0,,False,False,False
0x0f4fbea1aaecd66967af7ef02c7fa4693999834a,True,2000,842,771,71,91.6,2.51,44532.5,32,1777862863875,1788846877772,127.1,-14295.84,0.321,21319.654906,3,-1552.51,-7.3,True,True,False
0x0f67824bf2e6e6558fd6a424cb00638dd20bf3f6,True,2000,523,215,308,41.1,0.85,-1899.6,42,1787357130933,1788539904248,13.7,-1800.16,0.948,21109.729157,8,6696.83,31.7,False,False,False
0x0f7ee32466025c966dfb0fa0e1c42035c2e3c524,True,2000,968,300,668,31.0,0.41,-245093.07,3,1770290913567,1787151809701,195.1,38772.64,0.158,0.0,0,0.0,,False,True,False
0x0f9c4b57f918a3161c906c137e637e2f5b3457a7,True,2000,950,311,639,32.7,0.39,-71175.1,13,1768653912854,1788766525869,232.8,9200.0,0.129,191423.191103,1,199953.87,104.5,False,True,False
0x0faef09b4deaedb0b99d68131f76acbef7cb4c8c,True,2000,789,438,351,55.5,1.79,9761.24,8,1787423652379,1788733971062,15.2,1217.6,0.125,30637.412149,4,-5686.13,-18.6,True,False,False
0x0fd181a45c03b45b93924212904e22b702481048,True,2000,985,683,302,69.3,0.56,-13764.63,49,1769086112382,1788791807033,228.1,4499.99,0.327,3201.14178,10,-1115.78,-34.9,True,True,False
0x0fe88914b8caa4698c876e6ea40d405f68673534,True,2000,874,511,363,58.5,0.45,-89551.5,16,1760555280752,1787172670876,308.1,-33898.47,0.379,0.0,0,0.0,,False,True,False
0x0ffd670749d4179558b6b367e30e72ce2efea28f,True,2000,1034,757,277,73.2,10.44,85259.05,20,1786634470479,1788848410193,25.6,2814.55,0.033,30192.497559,6,639.39,2.1,False,True,False
0x1005996ecc8896d01f4259d004a1c3bcc7e474ed,True,2000,895,327,568,36.5,0.61,-6758.07,11,1786080625682,1788213559030,24.7,-1726.1,0.255,0.0,0,0.0,,False,True,False
0x101235becc0cecb6340bbfaacc1ce34cf06b60de,True,1080,594,307,287,51.7,1.9,7056.19,11,1780063736261,1788796077620,101.1,1446.76,0.205,0.0,0,0.0,,False,False,False
0x102763eb37f47272150aadacbc48d850444935eb,True,2000,977,561,416,57.4,5.87,86827.22,117,1733847180712,1788789725043,635.9,6747.3,0.078,0.0,0,0.0,,False,True,False
0x103e9d15f8a102ef9333ad8b66ffe25b0db448a4,True,2000,784,4,780,0.5,0.0,-107349.3,1,1787345765773,1788535074879,13.8,-3480.74,0.032,53354.4749,1,-22106.09,-41.4,True,False,False
0x1050cf788aa24bb06e6da6dc789dfd49424be21e,True,2000,869,281,588,32.3,1.15,1747.19,11,1782987032029,1788320333728,61.7,6882.73,3.939,0.0,0,0.0,,False,False,False
0x10632f80c17a4083183eb2678c3fe353d955902c,True,2000,1012,619,393,61.2,0.91,-8511.43,1,1763056984524,1788577665359,295.4,-8765.14,1.03,14437.544096,1,-1057.02,-7.3,True,True,False
0x107a3e62969957f4c0be0340f457f1298acfe78e,True,2000,1158,971,187,83.9,0.62,-11096.27,13,1788460537013,1788838887083,4.4,-17776.3,1.602,0.0,0,0.0,,False,True,False
0x109a42c3ead059b041560cb6da71058516e7ba3e,True,2000,917,521,396,56.8,0.41,-15920.12,9,1770759712429,1784032218669,153.6,-3041.18,0.191,0.0,0,0.0,,False,True,False
0x10bb13f3683c70bf9743554107c3ed559d49ced1,True,2000,917,577,340,62.9,1.03,183.0,27,1788276171594,1788848233206,6.6,-856.94,4.683,2008.95,1,225.2,11.2,False,True,False
0x10cbdd394c92c2664c4584e7d9754fb9bcc3aa28,True,2000,251,232,19,92.4,1.26,1823.48,15,1778687845183,1788848529084,117.6,-3371.5,1.849,9350.196608,3,-5533.15,-59.2,True,True,False
0x10d944a35f99c141b9121ec3693000531825bef8,True,1197,464,364,100,78.4,4.53,29172.15,8,1784727072023,1788701200834,46.0,3870.6,0.133,69789.22509,1,21909.66,31.4,False,True,False
0x10f1d87fbb7617df5641d1c2bcb26f143f43202f,True,2000,896,353,543,39.4,0.25,-13850.26,4,1788827731424,1788848767621,0.2,-1707.57,0.123,54285.236037,2,6947.26,12.8,False,False,False
0x110abbf289b05fa4f18996485131e9480c7d3e2a,True,1110,500,358,142,71.6,0.67,-15939.57,4,1779651723688,1788780904517,105.7,-4617.0,0.29,158.183079,1,-24.1,-15.2,True,True,False
0x111a93a73e399c9442e6db1b0050d828db1bedf2,True,2000,892,461,431,51.7,1.69,7268.29,16,1756344756739,1788625226299,373.6,-1899.36,0.261,0.0,0,0.0,,False,True,True
0x112819b32d30680790d9caac04b656dd52da21a1,True,2000,802,540,262,67.3,0.65,-38170.8,20,1773494183114,1788835963893,177.6,-13168.62,0.345,18475.463724,3,-1776.31,-9.6,True,False,False
0x1148e08cf2be34273a3b23eb4b83d71605991e66,True,2000,976,486,490,49.8,1.33,3336.87,8,1782988335499,1788836728394,67.7,-1050.58,0.315,0.0,0,0.0,,False,False,False
0x115849ce84370f25cadcf0d348510d73837e1aa5,True,2000,494,155,339,31.4,0.36,-290664.19,6,1787303225503,1788828759660,17.7,-28486.44,0.098,1714329.535766,3,48880.56,2.9,False,False,False
0x11715995659c73e19abe5836ea5901b8a8cb4f79,True,2000,805,188,617,23.4,0.68,-1083.46,7,1781913645971,1787247617396,61.7,287.74,0.266,0.0,0,0.0,,False,True,False
0x118624cb30b87b207fc287495baf376865474c98,True,2000,1958,1644,314,84.0,0.8,-10489.71,67,1781493536428,1788846030647,85.1,-6703.1,0.639,35532.686186,7,-18840.82,-53.0,True,True,False
0x1195a05a2866c82af16fe7b562dd292f3d0ed513,True,1189,617,226,391,36.6,0.84,-555.3,6,1777569061779,1780348611132,32.2,-224.76,0.405,0.0,0,0.0,,False,False,False
0x11af3ab88df700491cf86e9094a00e15f064f414,True,315,111,100,11,90.1,45.3,24645.62,13,1747140378144,1788110150785,474.2,3094.86,0.126,0.0,0,0.0,,False,False,False
0x11c4e16d53481015d212d8e2f92c4ec3da31a501,True,2000,1000,383,617,38.3,1.92,983.66,20,1782450131761,1788230052294,66.9,150.87,0.153,0.0,0,0.0,,False,True,False
0x11d69da21845af23cddd7a0d0f75fc702af10588,True,2000,915,337,578,36.8,1.69,50593.0,6,1758933224849,1780315123942,247.5,17952.95,0.355,0.0,0,0.0,,False,False,False
0x11e70c06728598f28c79d6218f31663bde539091,True,2000,873,509,364,58.3,1.08,655.4,21,1774307284552,1788840707330,168.2,-1437.68,2.194,0.0,0,0.0,,False,True,False
0x11f6620d6055fe8d044f49bf3a0a2d0166b9ad85,True,2000,1078,430,648,39.9,1.71,6761.14,52,1778574509316,1780871357596,26.6,-639.9,0.095,0.0,0,0.0,,False,False,False
0x12014d60057a1aeec8fb0abe51d9d4dedc543641,True,2000,739,371,368,50.2,0.86,-3697.06,12,1775133978857,1785246259408,117.0,-4708.34,1.274,0.0,0,0.0,,False,True,False
0x121364cb17928c002b5b1f1723f39ebdd4cae1d3,True,2000,1059,293,766,27.7,1.77,2771.62,10,1764057428936,1786631655363,261.3,1192.77,0.43,0.0,0,0.0,,False,False,False
0x122d6128e43bce5c0bbb49e672b7b4b170968fec,True,944,486,174,312,35.8,0.3,-18467.46,26,1732928890305,1787276897010,629.0,-4287.63,0.232,0.0,0,0.0,,False,True,False
0x12450c37e1b38da5704242725a4ad4fc14f53084,True,2000,1138,710,428,62.4,0.94,-1146.76,29,1785522366041,1788843633574,38.4,-5125.31,4.469,17687.034159,11,1037.08,5.9,False,True,False
0x125d6dca04f40314abe807b23fec921df52ba278,True,1962,951,485,466,51.0,0.77,-3463.05,125,1778542689556,1784265454674,66.2,1635.29,0.472,0.0012,0,0.0,0.0,False,True,False
0x126a69d48ae7830c88cacbe46ca6b4a55b0e9bd2,True,1878,842,587,255,69.7,0.28,-35242.38,1,1787184232479,1787361629020,2.1,-9847.12,0.279,0.0,0,0.0,,False,True,False
0x127e8d8c3bbcde01987051a79debddb64ef77978,True,2000,1005,366,639,36.4,0.75,-983.36,29,1773774630253,1787333212828,156.9,480.15,0.488,0.0,0,0.0,,False,False,False
0x12899fb8cae04322d0ac6e9e018ce17c91ceaa7d,True,2000,962,416,546,43.2,0.22,-56372.59,26,1776885603871,1788459707191,134.0,-15124.25,0.268,0.0,0,0.0,,False,True,False
0x128fae9d18a2f70d98a03c26bf17b67d97ce1f3c,True,2000,885,507,378,57.3,0.62,-120337.85,17,1763647233406,1787781338145,279.3,-47464.08,0.394,0.0,0,0.0,,False,True,False
0x12a23a6a0cd25f342d7668fd0c38dcbdd87dd9a8,True,2000,861,804,57,93.4,5.79,15947.7,5,1787490243916,1788795748253,15.1,573.14,0.036,54209.156319,2,-66519.3,-122.7,True,True,False
0x12c206d3e2f0d0059420c54d33fe604ebbecc230,True,2000,1104,727,377,65.9,0.98,-3449.42,14,1780933127318,1787859588021,80.2,-119120.11,34.533,0.0,0,0.0,,False,True,False
0x12d665be8592759772483c4c7f99a2e4239949d1,True,553,261,204,57,78.2,0.43,-8326.67,3,1770324243050,1781564811636,130.1,-2747.9,0.33,0.0,0,0.0,,False,True,False
0x12f073dd30e17b70ad7d733636e414c64a428de6,True,2000,960,471,489,49.1,1.08,1245.91,39,1785558294367,1787581393065,23.4,1477.2,1.186,0.0,0,0.0,,False,False,False
0x12f7c3ddd76d3432b7c40026ccefa0e9f8b2c1ec,True,668,323,290,33,89.8,24.23,38496.25,7,1775410417777,1778747080340,38.6,2597.11,0.067,0.0,0,0.0,,False,False,False
0x130fdd72c1003823bbf041625904539074671082,True,2000,986,447,539,45.3,0.95,-25.18,15,1783026479797,1787556854586,52.4,32.08,1.274,0.0,0,0.0,,False,False,False
0x1320e688c58564626514ba621f4fc0992afeebaf,True,2000,1002,340,662,33.9,1.2,3604.67,1,1772119028443,1783691008737,133.9,4279.95,1.187,0.0,0,0.0,,False,True,False
0x1337c163a5d5b60618ffceaf3a7f2130e607f39b,True,2000,1122,637,485,56.8,0.73,-323.72,7,1787931747393,1788848213135,10.6,-66.58,0.206,0.0,0,0.0,,False,True,False
0x135097a80cc35350acc31f4c0f04bfde52a58f6a,True,2000,1884,757,1127,40.2,1.93,85908.39,6,1785062182341,1786349604983,14.9,5668.06,0.066,0.0,0,0.0,,False,False,False
0x135e24290e5237c733a11323300043d58e78219d,True,131,66,48,18,72.7,1.58,1883.17,4,1759670417056,1787208491949,318.7,3018.85,1.603,0.0,0,0.0,,False,False,False
0x137390fd0d0e9e75c5913d23a6ed7734577d8dc8,True,993,448,97,351,21.7,0.69,-4566.13,24,1754419040169,1788772382369,397.6,-1983.71,0.434,0.0,0,0.0,,False,True,False
0x138e6dc721fecc585f2a9e39ba7d36e1771b1401,True,2000,902,415,487,46.0,0.61,-13490.64,2,1777497696286,1777571846839,0.9,2813.45,0.209,0.0,0,0.0,,False,False,False
0x13963e9a5dd816bb1da9f2c036d644c739903727,True,2000,895,354,541,39.6,0.48,-1657.93,14,1771943168956,1772269863208,3.8,-97.85,0.059,0.0,0,0.0,,False,False,False
0x13b012b971da6eaab1f92c9a1c8497aab6c17659,True,363,161,149,12,92.5,505.21,2006.8,7,1778386752310,1780876800034,28.8,221.3,0.11,0.0,0,0.0,,False,False,False
0x13c4a6c59b6d58a7a5d1badc15ff55561c7ea6ce,True,2000,857,505,352,58.9,1.76,19893.49,14,1787426969711,1788831420298,16.3,4057.52,0.204,0.0,0,0.0,,False,False,False
0x13d92e015d4a8a99ab8490fef42fe83e754116e1,True,2000,833,475,358,57.0,2.35,123831.0,13,1782174399754,1788739200041,76.0,24859.04,0.201,334979.110545,1,-37278.98,-11.1,True,True,False
0x13eb5b831154a1d6680191cf0253da00835127d3,True,1880,897,292,605,32.6,0.66,-31686.63,41,1733927530966,1782394088491,561.0,-15969.58,0.504,0.0,0,0.0,,False,True,False
0x13ffeef24465d01a830454553ea62853aca9a7e2,True,838,399,328,71,82.2,8.59,24644.37,6,1707400294769,1780768890896,849.2,4762.6,0.193,0.0,0,0.0,,False,True,False
0x140a2f07ff1c2927b29a86c829a05faea8d53a4c,True,1164,512,419,93,81.8,5.53,56448.24,10,1773180866300,1788820154789,181.0,4683.91,0.083,49102.891052,3,42626.0,86.8,False,True,False
0x142aa73a452c0e55abb49e250d02da88db97f04a,True,2000,1057,491,566,46.5,2.86,7046.06,22,1762733358422,1781446760618,216.6,1956.64,0.278,0.0,0,0.0,,False,True,False
0x143c79e85d0665a2c76f1009632bf25c636895fa,True,2000,772,493,279,63.9,3.74,44808.89,22,1768783648517,1788767741496,231.3,4125.16,0.092,15241.858972,9,9896.92,64.9,False,False,False
0x144f36e97bde16223962035f219f9047d0f3558c,True,2000,1092,309,783,28.3,15.31,93241.75,18,1788650462950,1788835140345,2.1,7778.81,0.083,57656.830789,3,39453.06,68.4,False,False,False
0x1465d3d5af2a367f3ca19092ec29ab7b392a732a,True,2000,958,586,372,61.2,1.27,13174.62,5,1785227889882,1788848347123,41.9,10531.58,0.799,0.0,0,0.0,,False,True,False
0x147fce693d85e8add31258caa85af9dac6310049,True,2000,903,359,544,39.8,0.51,-34354.31,15,1782407687925,1788447772339,69.9,-6096.2,0.177,130.519828,1,49.49,37.9,False,True,False
0x14a0567b9096e08ac7d7440ee5ce6e8c4ae7fd4f,True,2000,721,680,41,94.3,1.13,623.04,21,1736758309724,1788782969714,602.1,-1468.16,2.356,66.125976,1,-0.13,-0.2,False,True,False
0x14b96ee58172ad811059aa346515e944a6dbdf3a,True,2000,561,183,378,32.6,0.15,-149123.76,7,1775235501466,1787153605806,137.9,-20005.47,0.134,0.0,0,0.0,,False,True,False
0x14d34e5278bc8b30c5b4c3ce7d995850d8305143,True,1400,399,229,170,57.4,1.95,91584.55,8,1740155806855,1784000934823,507.5,19592.71,0.214,3430.418031,2,-8702.49,-253.7,True,False,False
0x14efedc652cbb6caa605a0b650b926522e08ed51,True,1497,639,123,516,19.2,2.15,50241.47,7,1780349589435,1788371975743,92.9,11517.92,0.229,0.0,0,0.0,,False,False,False
0x14fea1c9017a8f52beebcd490d5eb57ffbcaba15,True,401,205,36,169,17.6,0.33,-3820.57,1,1787376280041,1787839515333,5.4,-530.75,0.139,0.0,0,0.0,,False,False,False
0x151194a56e77f7b14d9165dde7a457669a59254f,True,185,98,40,58,40.8,0.93,-334.79,1,1781566820856,1782052834992,5.6,-1810.73,5.409,0.0,0,0.0,,False,False,False
0x151e49cfca357b842a15bb7f7cd25810e1849522,True,2000,1017,636,381,62.5,0.23,-62369.59,17,1782395222720,1788796016587,74.1,-13904.87,0.223,230061.1706,3,4093.72,1.8,False,False,False
0x1537bfd1965bf573128704fcd348dd7972e1de2e,True,2000,961,53,908,5.5,0.05,-4774.21,5,1779273025536,1779918042008,7.5,-750.81,0.157,0.0,0,0.0,,False,False,False
0x1543a2bbbe06c360d591f73a07e00df6a3c14603,True,2000,904,473,431,52.3,0.96,-1792.18,1,1776409549129,1779721888402,38.3,-4749.37,2.65,0.0,0,0.0,,False,True,False
0x155376d61c32c3c134176cc27bfb98a0f4661454,True,1358,644,406,238,63.0,0.73,-4130.77,57,1745076349919,1788195061424,499.1,998.99,0.242,0.0,0,0.0,,False,True,False
0x156c209e0ffc03c4435713d683ae130332436716,True,1850,921,325,596,35.3,0.89,-1111.82,19,1756754733276,1777061572277,235.0,425.62,0.383,0.0,0,0.0,,False,False,False
0x158a755c476658595ec265de7763094b83c32a7a,True,199,93,38,55,40.9,0.93,-103.99,4,1773936248013,1782887145242,103.6,-205.27,1.974,0.0,0,0.0,,False,False,False
0x15a141990fc6591838646467273c41c92999772f,True,538,256,167,89,65.2,1.51,21368.34,6,1763691399137,1788736491502,289.9,-10989.5,0.514,226868.519477,5,25517.75,11.2,False,False,False
0x15c30ba437b07787eb9fc09ec7e4389c50e19427,True,2000,1039,660,379,63.5,0.39,-54373.84,17,1774384378109,1782830377384,97.8,-12277.25,0.226,0.0,0,0.0,,False,True,False
0x15d9915df1a05fd1a93af21e29820cc3bae219e4,True,2000,1018,536,482,52.7,0.43,-8668.53,11,1785335241150,1787178225328,21.3,-1447.22,0.167,0.0,0,0.0,,False,False,False
0x15e52a04b9d6de94332499dc8690950cb833ed6c,True,1198,584,207,377,35.4,2.07,9528.06,13,1759105666643,1787185515209,325.0,2174.25,0.228,0.0,0,0.0,,False,False,False
0x15f80fba024b3a5699206f754cbd6779c3ed87b2,True,2000,981,541,440,55.1,1.47,4246.61,27,1783500223867,1788798629444,61.3,-625.66,0.147,434.455386,1,-228.63,-52.6,True,True,False
0x160d4b2b10677f304d2999e6b2fcddebb612d36f,True,2000,981,391,590,39.9,0.52,-63222.31,13,1777755161637,1780520378103,32.0,-13084.85,0.207,0.0,0,0.0,,False,True,False
0x1624b7f36f7c6821009dc58a740b63a6982a905b,True,1845,806,703,103,87.2,0.7,-4801.05,8,1782831798729,1787274844443,51.4,-2637.47,0.549,0.0,0,0.0,,False,True,False
0x163543d3e3c7ec7f3d4ada91647f53b8a2987531,True,1530,655,559,96,85.3,3.64,10373.83,8,1774638287753,1788836998601,164.3,830.4,0.08,39971.966349,0,0.0,0.0,False,False,False
0x164369699b45b248e34069693928f44117912a71,True,373,168,111,57,66.1,1.25,782.66,9,1734103716060,1779728257767,528.1,-464.69,0.594,0.0,0,0.0,,False,True,False
0x166866a2845506f6b4c817482fe53b4985882ea6,True,2000,931,544,387,58.4,2.47,70495.58,14,1785279525524,1788639230517,38.9,10465.72,0.148,0.0,0,0.0,,False,True,False
0x16770eafcdbeff2ae73ccd680694f53a8d40df55,True,482,183,160,23,87.4,22.46,5679.88,3,1787490820908,1788798821933,15.1,1260.03,0.222,2960.328263,1,-37.2,-1.3,False,False,False
0x168fb9ffceaf175a4279c809b139459c4c4b70f5,True,2000,847,643,204,75.9,0.25,-33667.04,12,1778489373093,1788132331222,111.6,-3507.88,0.104,0.0,0,0.0,,False,True,False
0x16a74c5c09ae0d63e6f46daecf783e7033856fec,True,2000,1125,725,400,64.4,2.0,123.7,4,1787603021967,1787917910939,3.6,13.37,0.108,2329.293718,0,0.0,0.0,False,True,False
0x16c19dcc764767909059b29cccd0448f4c8819df,True,2000,1196,658,538,55.0,0.72,-7930.09,7,1781962334704,1788558813443,76.3,2594.72,0.327,0.0,0,0.0,,False,True,False
0x16dfb5f432d72d11cb357e6564cf9337fcb0536d,True,2000,967,198,769,20.5,0.69,-2243.21,6,1763461925023,1777050544015,157.3,437.21,0.195,12333.03286,0,0.0,0.0,False,False,False
0x1700acdd94010de35087b45b601d0e1b90c2697f,True,2000,750,15,735,2.0,0.0,-3288.68,2,1788714190008,1788849071701,1.6,-73.97,0.022,738874.175897,3,-2273.93,-0.3,False,False,False
0x1714fa1d4db089a7dd036fc8d1a9d1fd759a0250,True,2000,701,473,228,67.5,12.22,42834.97,2,1783138949563,1783429139960,3.4,-2251.6,0.053,0.0,0,0.0,,False,False,False
0x1722a9bd0a68cc456bf146f90f9a1e32a97d9be2,True,2000,965,516,449,53.5,7.43,2607.88,13,1788516567623,1788848177778,3.8,53.0,0.02,6906.389923,2,-1026.79,-14.9,True,False,False
0x1739d028fcad09b6c697f83b645734e55ed732c0,True,2000,801,511,290,63.8,7.29,125424.96,15,1786004260952,1788836059511,32.8,11072.17,0.088,212486.989037,2,-2314.43,-1.1,False,True,False
0x1747e9b568a1f9c63a593f1d27a8acc06b224447,True,134,44,33,11,75.0,6.3,2938.38,17,1755660281157,1788393600075,378.9,1240.0,0.422,0.0,0,0.0,,False,True,True
0x1759c8f2bcc386a953aee0e579d44f2b2a888037,True,1847,802,716,86,89.3,1.87,17795.99,9,1787728683049,1788839724794,12.9,-7253.82,0.408,54235.066548,4,-1781.11,-3.3,False,False,False
0x176c71473965025816d4b8e79f6be381c4dcd2b3,True,498,115,50,65,43.5,0.83,-340.38,43,1734028386067,1782203064200,557.6,495.75,1.456,0.0,0,0.0,,False,True,False
0x178031baf4bf011a2c2190066c2d762e45d4eff8,True,2000,1011,641,370,63.4,0.92,-1567.16,13,1784189827675,1788778484295,53.1,-2070.7,1.321,0.0,0,0.0,,False,False,False
0x178f639a89797fab52dd5cfcaddd383a563ffb78,True,2000,233,75,158,32.2,43.18,14473.79,8,1786468654707,1788769432226,26.6,3066.0,0.212,84547.809598,2,289708.3,342.7,False,False,False
0x17ab3f1b0725017f8a07681edafc0a897a199b2f,True,2000,659,440,219,66.8,0.77,-5064.7,154,1734362820847,1788451366085,626.0,-7125.83,1.407,0.0,0,0.0,,False,True,False
0x17cae29fabaa5134dbf449106fbf4bdbef5ade64,True,770,283,151,132,53.4,0.49,-4924.18,14,1787447500366,1788525528934,12.5,-1085.8,0.221,0.0,0,0.0,,False,False,False
0x17ec133d0774c0e8f463e864f8a31e19c7bfd03f,True,2000,861,677,184,78.6,0.82,-4239.47,3,1766422934747,1788797366275,259.0,-3894.48,0.919,847.952963,1,-140.8,-16.6,True,True,False
0x1807f6ca9b332ea5ccda3a254c84bdf90e412c5a,True,2000,1029,288,741,28.0,0.03,-78524.01,4,1783084791751,1783450207731,4.2,-3648.25,0.046,0.0,0,0.0,,False,False,False
0x181cd915e476253fbda9363276c3216f57b57325,True,2000,1412,746,666,52.8,0.64,-46868.54,1,1780259742994,1780635085123,4.3,-13117.92,0.28,0.0,0,0.0,,False,True,False
0x182fbae99347223d3f22b27c0612466e381dfa77,True,1830,816,571,245,70.0,0.85,-17466.41,43,1716374904253,1788843800634,838.8,-30201.68,1.729,9532.747035,2,-1011.17,-10.6,True,True,False
0x1840bdb83caff17de910ec407cafb817678786b5,True,2000,1504,878,626,58.4,5.2,67963.49,50,1781689935128,1782461760856,8.9,3861.05,0.057,0.000185,0,0.0,0.0,False,False,False
0x185628889f1aee551b20bec44f2f8bcda7ff7ebb,True,2000,1133,218,915,19.2,0.62,-53245.99,12,1758292679968,1788848575273,353.7,-10316.19,0.194,0.0,0,0.0,,False,False,False
0x186369c0bed10b22776491f401320677dfdd5ff5,True,1167,531,216,315,40.7,0.47,-10397.96,9,1776183449372,1778088896481,22.1,-996.35,0.096,0.003693,0,0.0,0.0,False,False,False
0x187a98383ee5c5331c4cc790ce24bb06d9b0517a,True,2000,813,517,296,63.6,0.68,-20985.08,5,1773721256358,1788250523794,168.2,-7453.34,0.355,0.0,0,0.0,,False,True,False
0x1883be35be2c2a444e748ada455fc39972097ad1,True,2000,1009,661,348,65.5,3.86,21314.91,7,1788519918551,1788843935744,3.8,1423.16,0.067,9767.9827,0,0.0,0.0,False,False,False
0x18ad221ee463e53ceea39979ed986401adb659c0,True,377,159,113,46,71.1,4.81,46960.19,10,1770104920074,1788796409574,216.3,6620.79,0.141,25157.448596,2,4445.13,17.7,False,True,False
0x18bd62a33da6fde908847a97261ba8e823ea776e,True,2000,560,250,310,44.6,0.89,-19.48,7,1788460934277,1788817680738,4.1,-19.31,0.991,6249.563242,2,-7249.24,-116.0,True,False,False
0x18dede33aac7ba2dfd2f371e19fab33fef12a214,True,192,80,38,42,47.5,0.94,-161.73,4,1781753294157,1787063326625,61.5,1006.69,6.225,0.0,0,0.0,,False,True,False
0x18eeb366ea732d732d5930251ed26eddb65b4c5f,True,767,381,220,161,57.7,0.9,-1687.61,3,1772443807130,1780576325698,94.1,-963.75,0.571,0.0,0,0.0,,False,False,False
0x19045212269ed7b7cc0d8eb2214f85a3cd53ebda,True,2000,992,911,81,91.8,0.87,-2751.67,13,1775051601329,1788847158809,159.7,-2069.66,0.752,96.468196,0,0.0,0.0,False,True,False
0x19248dde82db02d5b8e974976f3662b1882b94c8,True,2000,957,373,584,39.0,0.59,-5366.48,30,1738624240299,1772487864837,391.9,-379.08,0.071,0.0,0,0.0,,False,True,False
0x193fd02d3e53a1ac11fb86efa90d82ec9ad9af14,True,203,86,60,26,69.8,1.28,76.66,1,1778010410065,1779942008635,22.4,-139.74,1.823,0.001872,0,0.0,0.0,False,False,False
0x196556b34668a7de8e30fd9d1fedc28522b717f9,True,2000,629,304,325,48.3,1.88,47181.92,13,1786386694110,1788849446369,28.5,4531.8,0.096,30871.028085,3,4108.29,13.3,False,True,False
0x197cf980d678865a33d05669e5c3afaaf7cdba75,True,2000,1062,660,402,62.1,0.1,-226420.03,3,1782590965660,1787296536268,54.5,-36466.39,0.161,0.0,0,0.0,,False,True,False
0x19914b1ea9566ad2f0b771f0e0192cba38203f62,True,137,75,63,12,84.0,4.3,330.23,5,1769953885009,1775058564226,59.1,325.6,0.986,0.0,0,0.0,,False,True,False
0x19ac542dcfc7879b9f3253fc711a1a0dbc012906,True,2000,907,200,707,22.1,0.06,-123874.3,2,1772690482072,1772702088632,0.1,-5271.17,0.043,0.003529,0,0.0,0.0,False,False,False
0x19ba9fd03a472594d0a318f36629fa90d5b96fae,True,2000,762,368,394,48.3,0.77,-2405.62,26,1761170810924,1788652800016,318.1,-1399.99,0.582,0.0,0,0.0,,False,False,False
0x19cca7280005011c7357fe041fb40298f9338f79,True,2000,1010,398,612,39.4,1.04,95.01,15,1784222411707,1786544443280,26.9,400.09,4.211,0.0,0,0.0,,False,False,False
0x19e5c516d5385bd7b42f900b3218850d88a31fd6,True,2000,765,409,356,53.5,0.63,-16514.78,2,1786461776160,1787841636543,16.0,4197.35,0.254,168948.199243,2,-12110.15,-7.2,True,True,False
0x19fdb4dd796df330bbf39f73a1846d5a86574f15,True,688,273,246,27,90.1,34.99,13887.39,3,1772026512088,1774277023210,26.0,3125.35,0.225,0.0,0,0.0,,False,False,False
0x1a147b16c70d87eafcbd9f13a22d5f4e57eb9e71,True,2000,922,443,479,48.0,1.0,42.65,42,1781713291819,1788566400005,79.3,544.94,12.776,0.0,0,0.0,,False,False,False
0x1a25c5baabaaafd7a810f1b84c7177c826015b09,True,2000,885,589,296,66.6,0.64,-1694.58,45,1784197240244,1788849288730,53.8,-714.7,0.422,620.101674,2,22.61,3.6,False,True,False
0x1a354feb462bdbb3797120097a6d4a6799b8b60d,True,217,100,79,21,79.0,0.54,-2376.81,9,1760634709977,1787661086979,312.8,-1998.49,0.841,0.0,0,0.0,,False,False,False
0x1a4f9e296a06fee82c8b58183c0435464680d6a8,True,2000,1240,778,462,62.7,0.66,-23388.77,26,1785862332538,1788841307087,34.5,-8122.95,0.347,11104.936359,2,3824.71,34.4,False,True,False
0x1a6132837f1857196677f06515041bb817affe9e,True,2000,877,471,406,53.7,0.83,-31255.25,16,1781633660009,1788801239302,83.0,-41349.75,1.323,132552.995639,3,-17044.76,-12.9,True,True,False
0x1a80cd8d3dd87e1043e4b955349d4f2df9bcca26,True,2000,932,432,500,46.4,1.19,5355.28,7,1787369167420,1788831132964,16.9,-1304.46,0.244,90684.286374,1,-9497.07,-10.5,True,True,False
0x1a9e74023c85ba9b6ef5e83f025200898e9ee110,True,2000,850,619,231,72.8,0.52,-49308.47,11,1774046748456,1776896895126,33.0,-22243.23,0.451,0.0,0,0.0,,False,True,False
0x1abd35a5183aca3291f05353a6af3b4409603a8f,True,2000,1376,450,926,32.7,0.46,-29219.18,20,1768312479737,1782172800019,160.4,-2651.44,0.091,0.0,0,0.0,,False,True,False
0x1ad1aa2c5ca943cddb16ff07212474b120da2a8f,True,2000,1041,318,723,30.5,0.42,-12015.46,12,1779234823995,1782259200059,35.0,-1234.13,0.103,0.0,0,0.0,,False,False,False
0x1ae749647101e2c80bc1426e687f04f6c3397afd,True,2000,837,509,328,60.8,1.75,18039.1,26,1772124897423,1788811845277,193.1,-3593.14,0.199,2125.954123,2,78.39,3.7,False,True,True
0x1b0d3acaf3c07fd3b42ee4d85f965da0984f277e,True,2000,1135,595,540,52.4,2.15,11662.43,7,1780578422706,1788714858834,94.2,1693.97,0.145,0.0,0,0.0,,False,True,False
0x1b2055564258b3f2dd3bb9ca08ce519c5ff34a88,True,2000,959,514,445,53.6,3.03,19584.1,16,1755850759415,1780717551473,287.8,275.37,0.014,0.0,0,0.0,,False,False,False
0x1b2ad1743bb86b3af79ddcece14ffbdd11a3f7a6,True,2000,1302,1302,0,100.0,inf,426510.82,2,1787166808668,1788430371129,14.6,12194.03,0.029,122692.774603,1,341447.96,278.3,False,False,False
0x1b3e9313b6794da6833a153ad1ec276b85da4330,True,2000,843,109,734,12.9,0.53,-22518.03,10,1779169443603,1788796554181,111.4,9499.75,0.422,0.0,0,0.0,,False,False,False
0x1b5b7b514771beec3c83add7e0165166dbc77320,True,2000,1055,307,748,29.1,1.5,5826.97,7,1788520839517,1788838722236,3.7,8228.58,1.412,0.0,0,0.0,,False,False,False
0x1b824a8134f90cd2379935c0b381f5f586530b03,True,2000,1128,628,500,55.7,4.49,95635.88,5,1787272982894,1788566400005,15.0,8218.47,0.086,0.0,0,0.0,,False,False,False
0x1b9921b6614b001144c11f8ca8bbd1b307d59562,True,2000,958,431,527,45.0,0.2,-433815.72,17,1755906873055,1783353889998,317.7,-72864.43,0.168,0.0,0,0.0,,False,True,False
0x1bc13c43191dc4be7b20646e15d0fbebc3f8551a,True,986,558,437,121,78.3,1.06,5646.89,12,1753993010716,1787249693371,384.9,-11174.96,1.979,0.0,0,0.0,,False,True,False
0x1bd1daa5c01693eef5dd25f0328efeaee90260ad,True,2000,995,450,545,45.2,1.27,3458.95,4,1787590816048,1788800404562,14.0,2205.35,0.638,4576.062174,1,3183.08,69.6,False,False,False
0x1bebd19bf854ea57aadc0940a839caa5045e6956,True,1456,709,323,386,45.6,0.53,-19333.01,28,1776913461861,1788080074126,129.2,-2757.46,0.143,2949.513975,3,-3515.49,-119.2,True,True,False
0x1bfbcd00169b72a5cf68b13840017abd865a0317,True,226,149,108,41,72.5,1.53,1377.34,2,1784632173398,1785292336622,7.6,-996.87,0.724,0.0,0,0.0,,False,False,False
0x1c186b55cae77c40116a8c165e582a385561be93,True,2000,1102,594,508,53.9,0.76,-26810.37,2,1767575405731,1788766070327,245.3,-25078.95,0.935,1304.204398,1,-180.81,-13.9,True,True,False
0x1c2424869c3b6b05e04237258d764258ca95bfc0,True,2000,1045,426,619,40.8,4.36,3433.33,56,1784133307799,1788845438887,54.5,831.89,0.242,14236.605597,50,622.37,4.4,False,True,False
0x1c39753991c9f5ff8ba4e0679e8695857df25d8f,True,1152,574,244,330,42.5,1.53,3170.01,21,1771717531347,1787422342074,181.8,-1258.5,0.397,0.0,0,0.0,,False,True,False
0x1c5cec20a8b7ce9bda41b680e31f3c91deb459b0,True,669,287,123,164,42.9,0.49,-4141.28,1,1786957865084,1788644568327,19.5,695.0,0.168,19175.818028,1,1335.0,7.0,False,False,False
0x1c7a31debfcc81141cd61bf22bea393e8b546f08,True,2000,824,400,424,48.5,0.44,-382.12,7,1775985032582,1776328490578,4.0,-396.17,1.037,0.0,0,0.0,,False,False,False
0x1c8d2170a8b7f1197a9954ec91d20c1b71b48017,True,189,78,41,37,52.6,6.57,44307.59,3,1771140082984,1782391344357,130.2,15212.06,0.343,0.0,0,0.0,,False,True,False
0x1c9f9d96241553d8ac7daddb48254b7331fbc3da,True,2000,970,328,642,33.8,0.73,-5326.23,27,1758638456387,1788751393957,348.5,1325.25,0.249,0.0,0,0.0,,False,True,False
0x1caa1e22639dce29f2f7bae5532a5b9c01c4588c,True,2000,1101,956,145,86.8,0.38,-43031.38,3,1781884974117,1788290675989,74.1,-12155.95,0.282,0.0,0,0.0,,False,True,False
0x1cc6dd58425dfcad6b35d23a210fa91a400f522c,True,2000,866,575,291,66.4,1.28,4048.87,4,1782115523797,1782663179524,6.3,2069.9,0.511,0.0,0,0.0,,False,False,False
0x1cd4d272184866d29b09ccbf540c0ffe402503fe,True,512,218,154,64,70.6,5.21,19560.95,7,1748991393519,1788155230161,453.3,1793.0,0.092,0.0,0,0.0,,False,True,False
0x1ceebac922090aa806a6a7b1cebd269b9aa279c1,True,667,263,262,1,99.6,2508622.46,6966.44,1,1787523080856,1788837749822,15.2,1189.05,0.171,54798.901748,1,-3202.7,-5.8,True,False,False
0x1cf7ca3e42eb5f2a9d4091c2d5b1bd3ed3bced88,True,2000,547,258,289,47.2,0.81,-2587.85,21,1783689240150,1788849240287,59.7,681.83,0.263,10246.708039,6,-392.08,-3.8,False,True,False
0x1d0f3b3b2a997a004f5d0f64b46385107725923a,True,2000,1027,490,537,47.7,2.63,41056.6,17,1776432388608,1787913899032,132.9,3453.01,0.084,36568.491189,2,8406.31,23.0,False,True,False
0x1d20d526b211ac720a7d4d65282422b057ed1bf2,True,665,227,128,99,56.4,2.77,21846.17,18,1773127464084,1788465133041,177.5,-5290.63,0.242,24695.941836,1,-10395.65,-42.1,True,True,False
0x1d36affa217af0b21f68534f018bdc972f751008,True,647,294,220,74,74.8,7.18,23717.09,18,1737790201967,1787794213306,578.8,7041.65,0.297,0.0,0,0.0,,False,True,False
0x1d4a7b87d94c87b959f6a1e243d322b890c84b94,True,499,294,178,116,60.5,9.37,57143.19,8,1786127604179,1787597170970,17.0,4384.67,0.077,0.0,0,0.0,,False,False,False
0x1d639a688b78f3d7e57166e59d9a8886b1bfb5a5,True,2000,1274,1108,166,87.0,0.28,-390175.32,19,1782203281177,1788371497079,71.4,-42072.21,0.108,12129.549055,1,1266.73,10.4,False,True,False
0x1d74a7760df9d563d0b6610b1705266c4e2fdb26,True,2000,896,485,411,54.1,1.32,218041.24,2,1767704120813,1787349285538,227.4,131243.44,0.602,0.0,0,0.0,,False,True,False
0x1d98aa4e71ac135f70302769ba81c8df117483f0,True,156,51,31,20,60.8,1.41,2756.11,6,1762129863955,1788108749748,300.7,-2686.88,0.975,0.0,0,0.0,,False,False,False
0x1da9354091e83837898860ffe2b6711b71a3edc8,True,2000,895,321,574,35.9,0.84,-3220.82,15,1779853169838,1788669289176,102.0,-1247.02,0.387,6983.955379,1,-197.93,-2.8,False,False,False
0x1dc67adaf9f163c5b1a95043addbdfa1af58e512,True,2000,1050,495,555,47.1,0.73,-25.07,1,1788795533328,1788849655200,0.6,-0.96,0.038,3661.761921,0,0.0,0.0,False,True,False
0x1ddc39ee6dd4a5d25f9d9d44e1d7b061470e2362,True,1000,521,245,276,47.0,0.94,-2700.8,4,1781500013660,1788438720108,80.3,-4956.83,1.835,0.0,0,0.0,,False,True,False
0x1df3d42f6876fc530a5e36d9e2470975e6131414,True,2000,925,185,740,20.0,0.18,-40371.58,9,1778294770002,1784908969055,76.6,-1755.49,0.043,0.0,0,0.0,,False,True,False
0x1e12e0b14751f2b72156ecda18cc18a977e6fa10,True,2000,1112,967,145,87.0,5.25,83977.52,16,1785943094572,1788827216816,33.4,-2980.03,0.035,13479.006254,2,-10052.21,-74.6,True,True,False
0x1e258904e7a7d6c68cc51e88164cb2df1ccca533,True,154,86,73,13,84.9,1.09,780.45,6,1776644535139,1787524967612,125.9,-2687.89,3.444,1503.6375,0,0.0,0.0,False,True,False
0x1e3afa077a96702374e7cea461da4229e288f25a,True,2000,1025,529,496,51.6,0.51,-40659.99,8,1786565407947,1788798657278,25.8,-13994.63,0.344,0.0,0,0.0,,False,False,False
0x1e5c797a569276bda2ee21750186000e01d2bb5b,True,2000,845,429,416,50.8,4.07,31244.0,17,1784540634103,1788790029264,49.2,2528.18,0.081,0.0,0,0.0,,False,True,True
0x1e7127c81c8a58661a0811f026b6be66533934be,True,2000,941,173,768,18.4,0.19,-31641.29,3,1788513298800,1788836233577,3.7,-3027.2,0.096,161793.19336,1,153121.03,94.6,False,False,False
0x1e82e222564293e3507c2966b27f587ee2570671,True,2000,607,385,222,63.4,1.05,946.45,21,1777645327721,1788766873099,128.7,1816.79,1.92,7648.929389,1,-251.06,-3.3,False,True,False
0x1e913c94f4b2575a8becb6c8388146e4daf54016,True,2000,909,575,334,63.3,1.35,4134.92,23,1771506369384,1788469117391,196.3,904.37,0.219,0.0,0,0.0,,False,True,False
0x1e9c9d0f071fa2b7137b75daa91babba940b5eab,True,2000,1004,588,416,58.6,0.83,-1795.94,2,1786408397893,1787936701161,17.7,-790.83,0.44,9769.207755,1,-836.46,-8.6,True,True,False
0x1eb92db9bdde9484496dfc448ad0e8165de6518c,True,2000,1131,502,629,44.4,0.4,-126.91,51,1776362743312,1786838400059,121.2,-38.74,0.305,0.0,0,0.0,,False,True,True
0x1ec7785c9984cf140b3c797ffe614fdfb57297e2,True,1701,742,309,433,41.6,1.25,3032.22,53,1756825543580,1788161539670,362.7,951.14,0.314,0.0,0,0.0,,False,True,False
0x1ed7880798f7eddc46fddab951617f80280295db,True,641,339,161,178,47.5,2.05,7343.09,4,1787332285687,1787761637503,5.0,1959.15,0.267,0.0,0,0.0,,False,True,False
0x1eee2984a6d47324d8742dfb3df58ce7dbe7e495,True,2000,906,436,470,48.1,1.18,3753.26,8,1785863739717,1788836751346,34.4,-2431.68,0.648,0.0,0,0.0,,False,True,False
0x1f00db89777c0f5e6d8e74014df9970467da69d5,True,2000,854,661,193,77.4,3.64,13210.27,70,1782914429976,1788847486080,68.7,-836.5,0.063,15885.791892,5,8966.35,56.4,False,True,False
0x1f11ef49a6aeea2e6f5bebafab7017e412221cf3,True,2000,1037,863,174,83.2,2.08,5508.55,16,1785888243481,1788835518919,34.1,1617.76,0.294,0.0,0,0.0,,False,True,False
0x1f230906727efc3181a0bca4cb40a722b2289c7c,True,1813,670,336,334,50.1,0.81,-1295.43,68,1775663936267,1788843634176,152.5,-1797.91,1.388,30819.407504,17,2410.95,7.8,False,True,False
0x1f36dd2bc2d32110a752a77c6f2bf2059f2ee49f,True,768,438,107,331,24.4,0.49,-160.95,10,1762897969865,1775130261404,141.6,44.39,0.276,0.0,0,0.0,,False,False,False
0x1f4a9cf7d7bf7476109580c4d8d40999c95d8836,True,1980,994,707,287,71.1,0.95,-1017.86,1,1763060104516,1788366366015,292.9,-1348.35,1.325,0.0,0,0.0,,False,False,False
0x1f57d9230e39e9374b861fd9bb225440feefe0bf,True,2000,994,471,523,47.4,0.91,-2062.76,38,1739992138469,1784131241822,510.9,1650.39,0.8,0.0,0,0.0,,False,False,False
0x1f66778c60b4ac49bbbb2883d47719113feae006,True,2000,957,718,239,75.0,1.87,900.75,15,1785998927417,1786109580002,1.3,276.15,0.307,0.003532,0,0.0,0.0,False,False,False
0x1f7b0d0c259f599536037b9c6c782c04a2aec71d,True,2000,825,795,30,96.4,3283.8,113207.06,2,1787278528447,1787347194846,0.8,18858.22,0.167,0.0,0,0.0,,False,False,False
0x1f89ef62a28957052f4640e9b19574a8ebf38818,True,2000,1039,333,706,32.1,0.97,-808.49,17,1763860151567,1776092103608,141.6,-1941.29,2.401,0.0,0,0.0,,False,True,False
0x1fb9cedffd0f190d20a4623467bc22a1e4ecf476,True,2000,1280,419,861,32.7,0.85,-9139.81,22,1781694148485,1788680114782,80.9,4819.08,0.527,0.0,0,0.0,,False,True,False
0x1fc3b0f3515901ff2bbcadff4d7a3ef629bc1363,True,2000,383,185,198,48.3,0.53,-41873.89,14,1773934964508,1781537415702,88.0,21675.39,0.518,0.0,0,0.0,,False,True,False
0x1fdd07eb597f8cb63ba3ad024405b6c1dc27c182,True,1365,557,256,301,46.0,0.49,-3244.63,13,1763309913052,1788811235652,295.2,-424.87,0.131,2550.515418,0,0.0,0.0,False,False,False
0x1fe93d103732b397ac69691aff46ea6b6004c635,True,2000,1273,815,458,64.0,0.95,-4290.83,19,1779804797571,1788652800016,102.4,-8431.58,1.965,0.0,0,0.0,,False,True,False
0x1fffa239c618844b79f100799bd09076583bd071,True,2000,785,467,318,59.5,3.65,55980.08,14,1779547614398,1788836251911,107.5,19994.07,0.357,0.0,0,0.0,,False,False,False
0x200e898e68d7a22c0c9f8f829d9d121da37108b9,True,2000,572,394,178,68.9,0.84,-3589.22,9,1770390470835,1779931075338,110.4,-3104.85,0.865,0.0,0,0.0,,False,True,False
0x202486b34776b26b474aedb348658aaab5d2dff4,True,2000,1031,492,539,47.7,1.07,474.16,8,1788822574830,1788850314597,0.3,845.7,1.784,260201.327163,8,1201.07,0.5,False,False,False
0x203b1b7bac5b79ed20bdf704ba68499c26e6f43b,True,2000,954,345,609,36.2,1.34,5858.46,34,1754784000019,1786735289559,369.8,1996.51,0.341,0.0,0,0.0,,False,False,False
0x2050e845ebce9a6dd67b707f8f67ca964ae3724c,True,1400,591,513,78,86.8,0.43,-4014.7,17,1765272802265,1788458269543,268.4,-1336.26,0.333,0.0,0,0.0,,False,True,False
0x2068d14ee50772dd6e89c6f64f32adad0cc936ef,True,2000,787,259,528,32.9,3.28,13907.49,25,1780048222462,1788810572339,101.4,1385.1,0.1,0.0,0,0.0,,False,False,False
0x208268096df2e76df84d50f5c4bf4d61d9c190d4,True,2000,1020,426,594,41.8,0.24,-5090.03,55,1785419437818,1788832205911,39.5,215.8,0.042,13574.14819,11,-379.22,-2.8,False,True,False
0x209aef061f1aebbf297ddf5c3d550922c226fcbe,True,2000,946,604,342,63.8,4.93,48450.85,30,1780485854291,1788843586084,96.7,5406.12,0.112,42066.343057,8,1652.68,3.9,False,True,False
0x20ada1f6bfcc4bb1748e6de5a621dd1a093a0bc7,True,2000,977,501,476,51.3,1.67,59129.7,6,1769761505546,1783010109566,153.3,-5168.33,0.087,0.0,0,0.0,,False,True,False
0x20c3c3ce84d349ae85e0a5cf04bd2f7e4989ad2a,True,2000,986,798,188,80.9,5.53,11812.01,4,1788643309902,1788796331304,1.8,351.96,0.03,0.0,0,0.0,,False,True,False
0x20f1191e4051299d1a4e54f8ba95b636ab427898,True,2000,994,414,580,41.6,0.34,-66831.87,8,1775429128907,1787347641270,137.9,-15897.48,0.238,0.0,0,0.0,,False,True,False
0x210c34103f91003ca5c3ac7c251672429ce5db30,True,637,328,125,203,38.1,0.56,-3579.09,3,1787157343500,1788525843761,15.8,-1283.36,0.359,0.0,0,0.0,,False,False,False
0x212486664c97344d4e92c54322926128f75086b5,True,56,20,14,6,70.0,10.99,6392.6,2,1783952207375,1787302294432,38.8,4364.0,0.683,13443.841736,2,18438.8,137.2,False,False,False
0x2137c0f5db95fae5b1f29af50fa1a343e9ccee83,True,2000,888,370,518,41.7,1.02,2853.97,5,1786053024147,1788665674205,30.2,-18053.33,6.326,122402.168672,1,45363.43,37.1,False,False,False
0x21551589d4576141497332ea29ea0b037302205f,True,2000,869,411,458,47.3,0.58,-10706.07,14,1780539865132,1788619195676,93.5,-3368.59,0.315,0.0,0,0.0,,False,True,False
0x2172e6e50770e721db47b6b1dfdef5198610ebce,True,1160,417,209,208,50.1,0.66,-2485.65,3,1776360940595,1776621026389,3.0,-1571.51,0.632,0.0,0,0.0,,False,False,False
0x21884b03ec480ebed143a3ec7682a48b975588f7,True,1435,523,199,324,38.0,0.71,-10822.47,8,1775974053819,1785409261660,109.2,-1810.42,0.167,0.0,0,0.0,,False,True,False
0x21a1faec036c45b3d3038cd2cebfbad4c9c3fb8d,True,2000,889,374,515,42.1,1.39,7288.24,4,1777559479730,1788526017359,126.9,3307.77,0.454,11002.344975,1,-1433.5,-13.0,True,True,False
0x21c2972059c5f79ded07af9872375d61a72f7322,True,1964,718,250,468,34.8,0.53,-11944.07,24,1733489321701,1778584527781,521.9,-1803.41,0.151,0.0,0,0.0,,False,True,False
0x21e9c1004717f6abb6670e1bba709d8c1d83ad4e,True,2000,1099,713,386,64.9,1.25,8188.8,18,1781270790451,1785981603021,54.5,6367.37,0.778,0.0,0,0.0,,False,True,False
0x2205d0b4e691a08794706ce82c833259ee869d6c,True,1366,687,280,407,40.8,0.36,-8007.52,38,1750940465191,1788247080827,431.8,-9049.18,1.13,0.0,0,0.0,,False,False,False
0x223002b133c09f880c48b356b84e9414c8c63914,True,2000,1044,242,802,23.2,1.02,108.24,10,1785360676930,1788821600563,40.1,-443.86,4.101,0.0,0,0.0,,False,False,False
0x2244d772791b91b757b680e8a866f6b369f64499,True,489,239,60,179,25.1,0.46,-6560.05,4,1772785353063,1779720031409,80.3,-2036.94,0.311,0.0,0,0.0,,False,True,False
0x22606ddffd73af50fd0207b66890b1bc5f92bb7a,True,2000,922,586,336,63.6,1.49,29240.65,50,1715644667542,1785960310146,813.8,-5855.5,0.2,1319.421741,1,-3146.32,-238.5,True,True,False
0x2286dbb1a7ea5f9bdd59a9acc7e4afff16675294,True,1412,655,293,362,44.7,1.06,493.13,18,1777896896086,1788503557152,122.8,1353.25,2.744,0.0,0,0.0,,False,True,False
0x22a6550541fe75c1b7fc3454c541316184782d21,True,321,178,161,17,90.4,18.37,1578.37,3,1776671764724,1777906605371,14.3,110.87,0.07,0.0,0,0.0,,False,False,False
0x22b9146fea403f776e514064fe587c4516690b4e,True,2000,1033,432,601,41.8,0.71,-16712.27,10,1787834051866,1788847768664,11.7,-8071.32,0.483,13.000519,1,2.93,22.6,False,True,False
0x22d4c9486bf84ec459c60522e8a5db0897a7588c,True,2000,902,221,681,24.5,0.37,-2040.75,18,1787226828592,1788624714538,16.2,360.47,0.177,0.0,0,0.0,,False,True,False
0x22f93f44d6a5003aeeda74413b399718bdb84b01,True,1037,523,259,264,49.5,1.81,7718.58,1,1779582975378,1779842912595,3.0,1381.42,0.179,0.0,0,0.0,,False,False,False
0x230963164d9637a4c536270a06b4e3636d44a2d9,True,2000,850,423,427,49.8,3.59,250828.72,7,1780428814341,1788835564207,97.3,196680.48,0.784,291027.238612,5,1085169.54,372.9,False,True,False
0x2317ddd4dc7fd03ba204a97119e81d49818d1301,True,779,369,336,33,91.1,3.2,11767.83,18,1767290171669,1787708357430,236.3,-1138.09,0.097,0.0,0,0.0,,False,True,False
0x2329d6d67dc1d4da1858e2fe839c20e7f5456081,True,2000,852,323,529,37.9,1.07,566.65,17,1757878181539,1788816259498,358.1,509.28,0.899,0.0,0,0.0,,False,True,False
0x234b8e4d75f9bcff5e908bc6428f4e3c87c4e800,True,2000,1199,430,769,35.9,0.34,-87877.24,8,1782054649419,1788377814083,73.2,-5583.24,0.064,91009.613699,1,6800.0,7.5,False,True,False
0x237bfb2e83b13b3df103829f409da548700c9f4b,True,1986,1175,984,191,83.7,114.34,22196.64,24,1763395787216,1787491148947,278.9,4134.26,0.186,13574.136803,2,-8673.83,-63.9,True,True,False
0x238d14e51dd828c24872782a4a20646cccab2322,True,766,411,246,165,59.9,0.81,-4084.79,9,1752347212619,1788811441580,422.0,-3531.19,0.864,1489.112771,1,-985.13,-66.2,True,True,False
0x23abb0ff0b1cbfd95b20a0fd72b83a2939f0ba5b,True,2000,1087,783,304,72.0,1.06,5499.06,15,1763988612422,1772828224717,102.3,-13194.65,2.399,25418.78115,0,0.0,0.0,False,True,False
0x23d11cb46c6894e89b9eaa8b2e3974e6514a9305,True,2000,983,511,472,52.0,2.47,10635.28,14,1787885910283,1788847623285,11.1,1440.68,0.135,25287.761169,1,-371.86,-1.5,False,True,False
0x23e93121beaf08d0afbc39f351095605da8cf732,True,1857,890,710,180,79.8,1.49,17179.9,4,1769671391518,1782998023449,154.2,3851.83,0.224,0.0,0,0.0,,False,False,False
0x23f86d9a7219a96915424a90b2bfc4d418b24a7c,True,92,1,1,0,100.0,inf,82017.68,1,1737676236734,1760131016356,259.9,82017.68,1.0,0.0,0,0.0,,False,True,True
0x2409b56bc79c86c494152ecf67cc3a7024cbef87,True,1011,560,326,234,58.2,1.42,18573.65,55,1714643445070,1788415333028,853.8,8480.95,0.457,0.0,0,0.0,,False,True,False
0x241ba250828c6a1289330aeec301e7bdcef31a43,True,2000,981,757,224,77.2,0.94,-2109.43,9,1759509336556,1787650773664,325.7,2324.85,1.102,65983.816831,1,-209.85,-0.3,False,True,False
0x242b74fd3fa0b2c6233c013310ace270d31465f4,True,211,102,48,54,47.1,3.29,7906.99,12,1761853484119,1787710959172,299.3,3296.51,0.417,0.0,0,0.0,,False,False,False
0x2445f767fa8b62aa0410ec357ad157e4f8c792df,True,2000,705,343,362,48.7,0.98,-425.57,7,1775779200062,1782405110098,76.7,6885.58,16.18,0.0,0,0.0,,False,True,False
0x24555b39d91e53c4c7811219ece75b15fd9eabc3,True,2000,1042,930,112,89.3,7.67,28558.0,28,1785489555194,1788783300957,38.1,1667.18,0.058,62914.116115,6,-33375.27,-53.0,True,True,False
0x24762c564e52424bb88f5cb916ab002436c5f6bd,True,1547,567,539,28,95.1,15.85,15671.3,3,1766147086994,1788769781587,261.8,1503.1,0.096,0.0,0,0.0,,False,True,False
0x2483c307831a5d668460de8a578d3312d43e5c26,True,2000,850,608,242,71.5,0.48,-26686.81,9,1780310437093,1783980298209,42.5,-3466.21,0.13,0.0,0,0.0,,False,False,False
0x24907c58e080f2a9d1f31f25d555aa3d5a5e3419,True,2000,1084,804,280,74.2,0.5,-13774.1,10,1776953226344,1786144228277,106.4,1387.0,0.101,0.0,0,0.0,,False,False,False
0x24aa80b52246c7ed8279918a7a0910a484993bdf,True,452,264,227,37,86.0,56.92,12280.99,6,1774979175651,1788818263436,160.2,1335.98,0.109,7079.198388,1,3086.92,43.6,False,False,False
0x24c04f73621f748fbc81772f8f6322ccf091de4f,True,2000,988,346,642,35.0,0.27,-61479.37,5,1760423354658,1788737698848,327.7,-5767.01,0.094,22396.589823,1,12444.74,55.6,False,True,False
0x24d5b5a211a1568041367b75bf5d3f7b70d80035,True,777,312,225,87,72.1,0.32,-40000.95,10,1767796608698,1788776593301,242.8,-9143.88,0.229,43242.077869,6,-42867.43,-99.1,True,True,False
0x24f45ed27bc6b1b474dd5aff0776c70ed63c2212,True,2000,1020,762,258,74.7,1.57,13728.6,14,1778309525060,1781096533549,32.3,-4225.94,0.308,0.0,0,0.0,,False,False,False
0x25082ee392a931861d6d1833d39f2bbfda4d476f,True,2000,700,386,314,55.1,1.33,255.47,1,1777971295093,1779200618665,14.2,153.36,0.6,18208.453077,0,0.0,0.0,False,False,False
0x25213095e8484eaa8d0031561d722f6e058278c3,True,2000,972,237,735,24.4,0.7,-9963.59,14,1766933709752,1788847349474,253.6,-9426.25,0.946,0.0,0,0.0,,False,True,False
0x252cbcdaa18845b9ac0e87967279190e73d309eb,True,2000,1067,314,753,29.4,0.97,-349.81,14,1775437356970,1788829794336,155.0,1072.49,3.066,2917.458707,1,-399.09,-13.7,True,True,False
0x25497a776b4ef14f83c664509e905ccb387c9741,True,2000,565,273,292,48.3,1.59,40976.56,20,1781294458035,1787177593231,68.1,6489.55,0.158,12120.0,0,0.0,0.0,False,True,False
0x25608292189bb759333d62bb2e776d32e997659d,True,2000,1727,1693,34,98.0,44.74,468028.68,5,1779951230956,1787886688696,91.8,1606.69,0.003,0.0,0,0.0,,False,False,False
0x2573762996310526979ebcb24c63f46e3309ffaf,True,2000,959,414,545,43.2,0.43,-6419.06,12,1769939142976,1788741842239,217.6,-927.9,0.145,0.0,0,0.0,,False,True,False
0x2587b0a271fa6486f2ac2889afa5877097a413cd,True,799,339,232,107,68.4,6.46,23109.23,31,1768118276202,1788286590456,233.4,2282.86,0.099,12785.88504,2,-17303.38,-135.3,True,True,False
0x25a03a5a4ef2878a2c3766ff5ef70657fe253066,True,2000,1073,389,684,36.3,1.04,864.25,15,1778026775279,1784037900621,69.6,-2922.5,3.382,0.0,0,0.0,,False,True,False
0x25bb5d032996ff0d62243c2af5e3669f8488273e,True,2000,1269,925,344,72.9,9.26,245248.88,18,1784927922040,1788845919911,45.3,37958.62,0.155,88.432134,4,299.28,338.4,False,True,False
0x25c30a939ea596635ae3b2933cf67f2aee47e368,True,2000,1010,518,492,51.3,1.51,4737.4,9,1779325407255,1788451658426,105.6,1089.07,0.23,0.0,0,0.0,,False,True,False
0x25d04f94bbf04d0a08df0ce70e41f70aa5197a2a,True,1169,627,286,341,45.6,1.15,3697.97,4,1764429592346,1788581037253,279.5,2888.1,0.781,50369.348581,1,-498.63,-1.0,False,False,False
0x25e9e31168d7ec59b0bfd54ebde8f3f6b9b1a5ea,True,2000,1005,364,641,36.2,0.19,-23223.67,5,1788715630157,1788807315273,1.1,-1723.74,0.074,0.0,0,0.0,,False,False,False
0x25fc48a0f63b00fa22d356613f115ce0b2f671e9,True,2000,1415,708,707,50.0,0.95,-437.53,19,1782340120631,1788780910972,74.5,-1377.83,3.149,0.0,0,0.0,,False,True,False
0x26182a1520ca41f2338ead4f7a113a160a281ed1,True,2000,1100,198,902,18.0,0.13,-15602.02,9,1782768707382,1787527641288,55.1,-1533.26,0.098,0.0,0,0.0,,False,False,False
0x2631e7746cc3399f579221f51de0e8f2bf871fb7,True,908,407,192,215,47.2,0.94,-582.08,20,1770344544672,1788802306578,213.6,-1216.17,2.089,3457.016643,3,3291.21,95.2,False,True,False
0x264d1784346b806f2093d7fd7d5e86849620ee1e,True,770,384,239,145,62.2,0.4,-21594.98,2,1777226745626,1779938302442,31.4,-3906.91,0.181,0.0,0,0.0,,False,True,False
0x265964c4bee6e952d9397abb427799cd21e6d143,True,309,184,180,4,97.8,34.26,22529.4,1,1782395900134,1788119074057,66.2,2207.66,0.098,0.0,0,0.0,,False,True,False
0x266c65ac9e72495e19495806225fcef32e73c970,True,968,449,254,195,56.6,1.74,5918.72,30,1768098647562,1779392508858,130.7,1029.1,0.174,0.007597,0,0.0,0.0,False,True,False
0x267e3cc0e4e7b7cfc8d17e5b32468968673142fa,True,2000,1085,406,679,37.4,0.88,-850.0,7,1779651266091,1787592770099,91.9,442.31,0.52,0.0,0,0.0,,False,True,False
0x26962f069bba95af10b08c43d602846155c67704,True,2000,1010,507,503,50.2,1.16,2507.52,5,1775632705828,1776151841284,6.0,-1086.44,0.433,0.0,0,0.0,,False,False,False
0x26a9cbfe349659bdbb258e2de70f81703f7bf318,True,2000,1276,596,680,46.7,0.37,-30153.72,6,1784595547783,1788766596807,48.3,-12951.73,0.43,0.0,0,0.0,,False,True,False
0x26cc61e9577d59c756da37dbdb1619f784e1acfe,True,2000,1090,490,600,45.0,0.91,-5673.58,13,1778630673563,1783534533024,56.8,-6651.71,1.172,0.003428,0,0.0,0.0,False,False,False
0x26e8db3dec31bf0c685b6e310828a4f41fe28c54,True,2000,1100,372,728,33.8,0.77,-5700.2,1,1776252883939,1779341018142,35.7,-2647.53,0.464,0.00101,0,0.0,0.0,False,True,False
0x271014bdbc5dc20aa707c74e715e585abe07648d,True,96,49,3,46,6.1,1.23,203.55,2,1788154657304,1788474439666,3.7,519.26,2.551,0.0,0,0.0,,False,False,False
0x271f178825ac9cff6211eb0acdd37fa13c4258f4,True,1066,578,308,270,53.3,1.0,-22.16,21,1739857224639,1785110400074,523.8,1357.89,61.283,0.0,0,0.0,,False,False,False
0x273693104f9df4fd397c98b823a6502f97d5a05b,True,1868,909,338,571,37.2,0.34,-151276.69,25,1730935156194,1786821659921,646.8,-13965.63,0.092,0.0,0,0.0,,False,True,False
0x2757a30ebe1f20857551099ab451439301da0011,True,2000,703,483,220,68.7,6.33,16879.97,35,1767794548870,1788820807568,243.4,1811.63,0.107,37152.585234,11,-10400.78,-28.0,True,True,False
0x277795d58f86bdef8269947205d7453d72a6c3f1,True,2000,907,245,662,27.0,0.37,-27857.37,1,1783648985313,1785761129712,24.4,-2321.99,0.083,0.0,0,0.0,,False,False,False
0x27886e156db5168f3ad883ef1452bcef9a36b1de,True,2000,996,827,169,83.0,2.51,9515.74,8,1788444329686,1788848415419,4.7,-978.14,0.103,0.0,0,0.0,,False,False,False
0x279c97f77593838e48a11baf594c908bb18b1688,True,2000,1165,469,696,40.3,0.77,-76635.33,4,1780496709336,1788668569097,94.6,37847.63,0.494,0.0,0,0.0,,False,False,False
0x27aad9a045beefb5d177cf48882156b0142b9146,True,1020,567,258,309,45.5,1.22,566.38,37,1770850022717,1788814681042,207.9,-297.64,0.526,34.774416,1,13.48,38.8,False,True,False
0x27bb711d53b5e44b796b3ebc0b97d5c568b9f152,True,2000,815,375,440,46.0,2.63,28362.01,35,1770737650864,1788820786507,209.3,11066.15,0.39,31674.606527,3,-962.7,-3.0,False,True,False
0x27d0f2ffb4375aed2b4b5b78702dfa4939e4ec75,True,2000,913,505,408,55.3,0.71,-2500.06,22,1784058412838,1787661247707,41.7,838.59,0.335,164.406809,0,0.0,0.0,False,True,False
0x27dea2ce3bbcc1817f8c3350b534615dc5258ead,True,2000,899,515,384,57.3,0.97,-70.64,32,1787410301234,1788848159617,16.6,-274.42,3.885,909.109863,7,-287.91,-31.7,True,True,False
0x27ed853e559b91de6ca0d244b5464a189349b2dd,True,299,128,102,26,79.7,3.33,1678.9,6,1769192569315,1779606593899,120.5,453.51,0.27,0.0,0,0.0,,False,True,False
0x27fb07e63578e3ef19bef5a8f64e256f739cefde,True,231,109,39,70,35.8,0.59,-936.73,11,1762528407775,1780069895838,203.0,-317.18,0.339,0.0,0,0.0,,False,False,False
0x28128476a94dc6374e7c7d3a43b07d1655994ae4,True,481,129,76,53,58.9,2.17,2263.07,18,1768856835800,1788457200598,226.9,2133.21,0.943,1255.285904,1,52.15,4.2,False,True,False
0x2826611d1fda9e3c947d6a644c94cadee27a74aa,True,2000,1142,664,478,58.1,1.4,37219.88,26,1783517833826,1788804100231,61.2,12635.3,0.339,89089.970365,3,6655.02,7.5,False,True,False
0x283c1c674db7b8f73e69b66859627a91e8eb0949,True,2000,923,480,443,52.0,0.33,-118349.54,5,1779506144452,1782155150381,30.7,-15804.38,0.134,51347.679978,1,44774.62,87.2,False,True,False
0x2849fdeb439035b49c02de5bd0387ab890a8c182,True,2000,1197,284,913,23.7,0.26,-39484.83,15,1782274098489,1788721902071,74.6,-1792.32,0.045,4726.030154,1,27649.18,585.0,False,True,False
0x2862086463712e36d98dfb3974946efa4d3762b7,True,2000,982,755,227,76.9,0.38,-148661.53,15,1754983242248,1788777652023,391.1,-110187.2,0.741,3646.711225,2,-545.15,-14.9,True,True,False
0x288262dcdf3e2f3dbcb2dcfbf9dcc0d9adc50f8a,True,2000,792,679,113,85.7,5.19,45778.17,11,1785889658052,1788753225436,33.1,3735.12,0.082,24164.774659,2,1036.45,4.3,False,True,False
0x2896225a02ed205501592335e9c0e0a6239cae4d,True,2000,874,368,506,42.1,1.07,3767.06,10,1774902071678,1775088000177,2.2,-4021.2,1.067,0.0,0,0.0,,False,False,False
0x28ad22239551f928ba85b5f84cb673ba11b740c5,True,2000,935,662,273,70.8,0.71,-33921.6,28,1763714960404,1783709198114,231.4,-43586.96,1.285,0.0,0,0.0,,False,True,False
0x28c7d26a6763a43886214316644a0b8ed8bdbf94,True,2000,993,409,584,41.2,0.16,-64139.6,4,1780939032510,1781784588505,9.8,-5641.14,0.088,0.0,0,0.0,,False,True,False
0x28dbdf586af5df30b2be07ebd5abc589dd3ab1b7,True,1573,884,276,608,31.2,1.25,7552.78,10,1748367892637,1781370110075,382.0,3287.66,0.435,0.0,0,0.0,,False,True,False
0x28ef6f3d6c23085f001299717d9d2bd28b4e87c9,True,2000,950,466,484,49.1,4.02,67078.87,6,1787495124662,1787841764253,4.0,5278.34,0.079,0.0,0,0.0,,False,False,False
0x29077efac028afb632f7f51ed8110932f56cc13b,True,2000,1002,599,403,59.8,0.66,-18154.25,13,1774507875402,1787940046082,155.5,-4087.21,0.225,0.0,0,0.0,,False,True,False
0x292166ea74ced3e2294207dcb979985aab3ab480,True,2000,1001,628,373,62.7,1.56,15104.76,2,1787491128560,1787869227492,4.4,4992.78,0.331,0.0,0,0.0,,False,False,False
0x2930285a7435bb9fb5dbf9da7b9cf60dee2fd2e9,True,2000,1074,516,558,48.0,0.96,-2782.57,12,1783270947615,1787880806482,53.4,9038.27,3.248,0.0,0,0.0,,False,True,False
0x29460a91a784ae245711c20502c1c8737ff74fe1,True,2000,1036,651,385,62.8,0.33,-51486.04,24,1753373266688,1784377062268,358.8,-14730.66,0.286,0.0,0,0.0,,False,True,False
0x295f6f481a82b63963cd5c0f00813fb51111ac62,True,2000,1046,491,555,46.9,0.52,-8557.58,66,1778455739336,1787923436507,109.6,-3268.71,0.382,0.0,0,0.0,,False,False,False
0x29726e8408feef30918758059466869e8561104c,True,2000,1039,408,631,39.3,1.5,14223.66,31,1739056162901,1782833410323,506.7,3194.53,0.225,0.0,0,0.0,,False,True,False
0x298456fd66b5ef1c570c3da0c55c4b60d3dffe5e,True,1445,508,292,216,57.5,0.99,-709.08,17,1721544092811,1785859255810,744.4,-25981.85,36.642,9986.776921,1,8917.97,89.3,False,True,True
0x29998ebd5be758fdaa06f0ef48d6c890978b65de,True,2000,1628,671,957,41.2,1.85,46467.32,11,1787623618014,1788840376354,14.1,11210.18,0.241,51301.503593,2,-4304.69,-8.4,True,True,False
0x29b7ddbc6fa8cd273a63cb17826225aeb46ed6a4,True,2000,948,581,367,61.3,0.79,-6971.89,11,1782317456778,1788532898756,71.9,-1907.44,0.274,6467.186344,2,-856.55,-13.2,True,False,False
0x29c77d0dd591884119636e2e12b42d1d8863d6fc,True,183,41,29,12,70.7,0.45,-3370.06,12,1780024428001,1788694630544,100.3,-2596.47,0.77,1836.339154,1,3841.64,209.2,False,True,False
0x29de2668d0c8a5879ebb2f6afbec1c6f485a3e93,True,2000,414,192,222,46.4,0.22,-23060.85,3,1787932542792,1788250691973,3.7,-3794.85,0.165,1365641.797582,2,134275.61,9.8,False,True,False
0x2a01611308e959ee5470c25f1c86a0946fd16577,True,349,163,91,72,55.8,0.63,-11042.22,5,1772991884556,1788765761342,182.6,-4813.57,0.436,0.0,0,0.0,,False,True,False
0x2a162671371da8e0dd7ff94e02cce8f0c26bd412,True,2000,1076,320,756,29.7,0.31,-40252.3,3,1780667759468,1784161613237,40.4,2028.05,0.05,0.0,0,0.0,,False,True,False
0x2a21b4174d19ab9b3d98fff168fffe1c8a7af288,True,170,71,41,30,57.7,1.81,257.1,7,1781333638445,1788687486429,85.1,198.08,0.77,0.0,0,0.0,,False,True,False
0x2a30ef9200130b338c66d2d18cf0f8a244bd3e9c,True,2000,786,225,561,28.6,1.78,66718.2,8,1780720935879,1788679042392,92.1,17094.48,0.256,206557.854515,1,176361.64,85.4,False,True,False
0x2a4d9f5d63bcd42c737431e0b49d2e01c49caae4,True,1129,268,222,46,82.8,94.4,71133.19,6,1763390357769,1788506321464,290.7,5276.79,0.074,102996.263101,3,-52532.28,-51.0,True,True,False
0x2a62cd7ca8f48721c4d5b40c2d86ffbd34f5782e,True,533,281,281,0,100.0,inf,31868.5,1,1766686050783,1777506488911,125.2,2268.99,0.071,0.0,0,0.0,,False,False,False
0x2a770702c40e6fab4c8ce4e19cbab18d585bf76d,True,1800,903,361,542,40.0,0.89,-3632.84,11,1762530909187,1780012472249,202.3,2296.37,0.632,0.0,0,0.0,,False,False,False
0x2a9636d56e9f9011410d722470dfad4893000a65,True,392,168,133,35,79.2,3.9,12863.88,15,1770226900779,1788834262189,215.4,3400.23,0.264,100108.973932,1,-698.88,-0.7,False,False,False
0x2aaec4b0df6b70af10ed4f168581f10f59ee5005,True,2000,989,665,324,67.2,0.57,-23747.59,25,1766142492441,1788825008900,262.5,-9303.32,0.392,0.0,0,0.0,,False,False,False
0x2ac0e428c01046bd7dce970b3ffa2564289225ce,True,2000,947,350,597,37.0,0.92,-438.0,19,1753342984146,1787517595477,395.5,-692.73,1.582,0.0,0,0.0,,False,True,True
0x2acd7487cb24c5ba3c2bac8907d3c30498a0ff06,True,925,422,269,153,63.7,0.74,-11251.63,20,1752616393009,1788484486894,415.1,3839.72,0.341,65458.385607,7,-4391.17,-6.7,True,True,False
0x2ae2519036ba86b7d08a70cb30a3a34a6c3a78ae,True,2000,634,251,383,39.6,0.82,-3507.03,3,1788611577856,1788839389483,2.6,-7875.46,2.246,221689.720941,1,16008.03,7.2,False,False,False
0x2b02efbf4fa4585ae3cc9d81913770e9b12484db,True,2000,814,23,791,2.8,0.01,-37499.48,4,1780141609044,1788695332447,99.0,-7493.24,0.2,168210.080687,2,-192398.03,-114.4,True,False,False
0x2b23d15bd4da0905f1b2dc5b9a3d8d4d0875914f,True,2000,986,453,533,45.9,0.78,-924.87,1,1788525017053,1788850066767,3.8,-137.55,0.149,8809.777796,2,-102.47,-1.2,False,True,False
0x2b35b7479d6624ace3079f888ff946a612f39af0,True,960,463,177,286,38.2,1.19,6156.21,16,1770222237977,1785291366299,174.4,5977.3,0.971,0.0,0,0.0,,False,True,False
0x2b573d254e8e69ee3979f04a8dd2455fc26ea71f,True,1557,578,314,264,54.3,0.91,-1372.82,16,1767232402461,1788848110653,250.2,-1215.46,0.885,0.0,0,0.0,,False,False,False
0x2b6972120f2156b7832c10e4eecc62f20860b93a,True,2000,1080,321,759,29.7,0.22,-261409.19,8,1770781269018,1787184000002,189.8,-19770.0,0.076,0.0,0,0.0,,False,False,False
0x2b7eb556d8bb0249957e9b43aaa5b33681bd8d24,True,90,57,29,28,50.9,2.99,6062.01,1,1787258613876,1788289915882,11.9,2419.41,0.399,21679.046678,1,-1819.98,-8.4,True,False,False
0x2b8efd3f4f992840006d13e3f111d79a35682fe6,True,2000,1060,538,522,50.8,1.01,17.98,13,1780568625022,1784332800082,43.6,-28.44,1.582,0.0,0,0.0,,False,False,False
0x2babd09eec44d4d4b728ccd0520e8bb754105af4,True,2000,943,484,459,51.3,1.71,3968.6,36,1786651417296,1788846278753,25.4,337.91,0.085,2417.966257,2,-812.34,-33.6,True,False,False
0x2bd4caffd5f377be7b4cfdf5f858f0c17136e799,True,2000,1035,662,373,64.0,1.74,10719.59,22,1776356198759,1781069614226,54.6,2150.78,0.201,0.0,0,0.0,,False,False,False
0x2be1fb067a550e913e52db4437d1fa7a75f8d392,True,1555,874,669,205,76.5,1.43,3793.78,21,1780794906906,1788832907139,93.0,1172.56,0.309,5021.677949,5,-1170.24,-23.3,True,True,False
0x2bf82ee9b0c9f5d2eedfe805e10bd8f0303ef713,True,2000,1037,647,390,62.4,2.77,23210.22,8,1778416415206,1788830390898,120.5,2554.65,0.11,0.0,0,0.0,,False,False,False
0x2c1b6a649a0e2053faffd427d1d4d44e1d1318ee,True,2000,886,308,578,34.8,0.61,-11389.72,12,1780992399608,1787193127077,71.8,-1644.47,0.144,0.0,0,0.0,,False,False,False
0x2c3c7a534c9918eea5bf093415767d2b63b7a94b,True,1176,675,316,359,46.8,0.92,-6384.41,10,1742440405739,1788540728356,533.6,-11175.36,1.75,10058.727816,1,-12.23,-0.1,False,True,False
0x2c5dd32e16fb22799a49852b2ce7a95183292f05,True,660,305,249,56,81.6,0.82,-4257.36,19,1748254705517,1788667949949,467.7,-22095.24,5.19,33229.244493,2,10996.64,33.1,False,True,False
0x2c7a154dd4a8a4a88197aec7d529263b9eb73051,True,829,430,221,209,51.4,0.85,-943.99,24,1783885306128,1788830593457,57.2,-515.49,0.546,713.876351,0,0.0,0.0,False,True,False
0x2c92cfb1233be0c6f29cf5bede762af968d5fdbf,True,2000,922,365,557,39.6,0.57,-22593.4,20,1782740215370,1788833678199,70.5,-2882.45,0.128,0.0,0,0.0,,False,False,False
0x2ca5a14771ad0595348f2272230bbaa1e7661d53,True,627,360,153,207,42.5,1.38,1384.6,18,1779181778451,1787740688540,99.1,403.86,0.292,0.0,0,0.0,,False,True,False
0x2cb562384765bea1612ceb60007e315f904fbe86,True,2000,949,446,503,47.0,0.68,-1197.54,1,1788660667008,1788851233052,2.2,-256.3,0.214,25799.599564,1,-27.01,-0.1,False,True,False
0x2ccc159c7201998b7c1b0cc381aa145f4c57cd92,True,177,88,81,7,92.0,1.38,798.31,4,1774290356548,1778072955131,43.8,-1224.65,1.534,0.0,0,0.0,,False,False,False
0x2ce1af69a615704971daaa73a2e54faaa18668f6,True,2000,905,656,249,72.5,1.28,8439.67,2,1763743268722,1775488449813,135.9,-4240.84,0.502,0.0,0,0.0,,False,True,False
0x2cef0a7f84e722c77b271862da5fe2387028fa20,True,2000,1190,689,501,57.9,4.55,66637.61,7,1788534452902,1788844513255,3.6,6502.86,0.098,139875.78095,5,2006.21,1.4,False,True,False
0x2d011f0fef76fa69aa5899fb2e2d355d27cb2f25,True,2000,844,630,214,74.6,0.71,-8261.73,51,1780473951394,1787810408565,84.9,-3000.7,0.363,0.0,0,0.0,,False,True,False
0x2d1b3028927015b706e617db85025e96fab1f38b,True,771,214,65,149,30.4,0.54,-12699.46,11,1742817747046,1788462329225,528.3,-5516.23,0.434,8353.521426,1,599.9,7.2,False,True,False
0x2d291f8643859ff1652db2518cc7e0db1696e3aa,True,2000,730,616,114,84.4,0.47,-5026.8,16,1782820641103,1786627939125,44.1,-791.98,0.158,0.0,0,0.0,,False,True,False
0x2d4af9890c5e8c13d421103792727e89456ade1e,True,2000,866,293,573,33.8,0.42,-43571.4,13,1765388051384,1788794977828,270.9,5890.27,0.135,0.0,0,0.0,,False,True,False
0x2d5bac9308a8693e7da6a9446172bd587ee5de3e,True,2000,773,506,267,65.5,2.08,5556.62,23,1752821622471,1788794305108,416.4,-832.2,0.15,894.202518,1,-215.5,-24.1,True,True,False
0x2d6b3b784c927dc2458cab2dfea97af5a770bd9b,True,2000,875,373,502,42.6,0.46,-8159.23,12,1776902991524,1777874403821,11.2,-1085.41,0.133,0.0,0,0.0,,False,False,False
0x2d8553f3bde00be62613e7c64eb7477ca09db60a,True,2000,1145,609,536,53.2,1.2,261.46,26,1787462949187,1788825111310,15.8,-110.57,0.423,1060.019747,2,85.46,8.1,False,False,False
0x2d9d55d83c10184283d01ad3e7f922d03c3a96a5,True,2000,936,316,620,33.8,0.34,-12496.95,4,1779685641156,1780597826093,10.6,-1533.65,0.123,0.0,0,0.0,,False,True,False
0x2db5cbda42b313f7cab166bc5ff317494d5be8cc,True,779,474,329,145,69.4,1.88,13929.15,8,1779856114259,1788761325853,103.1,3263.94,0.234,78570.526914,3,-1451.65,-1.8,False,False,False
0x2dda7598745f735d93b476f9cf72d3f45ef3871f,True,2000,765,281,484,36.7,0.56,-6179.94,43,1784205151959,1788344372204,47.9,-1538.17,0.249,0.0,0,0.0,,False,True,False
0x2df370de494076b1612d2a7b0be8cd510b77256b,True,2000,985,490,495,49.7,0.89,-333.23,9,1741879310733,1788849766992,543.6,-116.92,0.351,0.0,0,0.0,,False,True,False
0x2e0051ab84ba8736f66460c7b9abde715af15be1,True,2000,1011,450,561,44.5,1.03,733.0,2,1782838643956,1785654350049,32.6,-1212.17,1.654,0.0,0,0.0,,False,False,False
0x2e2b407a5a9faa6e3385332e7a24710f15f2b4d8,True,2000,1050,443,607,42.2,1.74,4625.61,7,1780329434933,1788850390292,98.6,1356.17,0.293,10266.761425,2,-755.25,-7.4,True,True,False
0x2e3954966f2019e65912efd5303b5de41b869119,True,2000,975,674,301,69.1,1.83,14651.43,28,1773012655195,1783235536022,118.3,-2319.81,0.158,0.0,0,0.0,,False,True,False
0x2e4727a0c9afdf55c6411530dcae21a43ce0b85a,True,2000,604,371,233,61.4,3.87,11359.99,15,1788480975682,1788851107426,4.3,-337.77,0.03,0.0,0,0.0,,False,True,False
0x2e5f3814aeeeff88a459e42451970828e385172f,True,1090,557,317,240,56.9,0.65,-25552.49,9,1751807177135,1777029863374,291.9,-11521.6,0.451,0.0,0,0.0,,False,True,False
0x2e8872d905f54024139734f71f63c0b52c54668d,True,2000,1358,1356,2,99.9,1703081.48,138000.61,2,1785930002487,1786574882980,7.5,1235.94,0.009,0.0,0,0.0,,False,False,False
0x2e936a622d1701079f408160fb0b75ad738d36f0,True,2000,998,572,426,57.3,1.27,8879.09,15,1787375495476,1787961600069,6.8,-6363.35,0.717,0.0,0,0.0,,False,True,False
0x2eab328f9fd0adac94ce608c550115c3e898d4db,True,2000,776,498,278,64.2,0.7,-4611.08,15,1782254984957,1785786538103,40.9,-772.12,0.167,8.842468,1,5.53,62.5,False,False,False
0x2eb562cf20313c347d91e252ffd2afcc195973d9,True,2000,1145,811,334,70.8,8.28,208369.47,10,1786701357149,1788532594530,21.2,8588.7,0.041,0.0,0,0.0,,False,True,False
0x2ed03e72545ecbc0916489c855b00d08d87b3261,True,173,96,43,53,44.8,2.42,2861.11,8,1766994375772,1788467139960,248.5,1244.15,0.435,8952.580431,2,302.48,3.4,False,True,False
0x2ee64a9081e632d3f91998a0a272adbf57386376,True,194,64,54,10,84.4,8.3,9395.43,8,1758639815809,1787203988790,330.6,1020.0,0.109,3518.532277,1,-3934.8,-111.8,True,True,False
0x2efa0b9bc01f7e7f5439573645fd7acc03ffc8db,True,1165,505,194,311,38.4,1.46,2928.78,11,1734162492447,1788223405306,625.7,1054.77,0.36,0.0,0,0.0,,False,True,False
0x2f1014bc427aa274cd6f80b4a767a8b4336bdf25,True,663,48,31,17,64.6,1937.04,18051.84,3,1780493073601,1787192395449,77.5,6660.94,0.369,194950.174512,1,-429592.33,-220.4,True,False,False
0x2f291db61827241044adc1e181b2d9fe41b1faf9,True,2000,1284,597,687,46.5,0.54,-14082.94,15,1787893771247,1788801750382,10.5,-1471.4,0.104,97096.1,3,-138487.19,-142.6,True,False,False
0x2f42dfb478822cd8fcf98036482de2be5fad2447,True,2000,990,465,525,47.0,0.82,-1854.46,7,1776760050614,1777254750621,5.7,-1706.98,0.92,0.0,0,0.0,,False,False,False
0x2f5fb957b5efb53d61072b2958042d02f99455e3,True,2000,1214,611,603,50.3,0.59,-1308.49,25,1787899889326,1788777048767,10.2,-210.97,0.161,0.50476,0,0.0,0.0,False,False,False
0x2f763bed18c13452b0873d5bd84564c9fa70f6a0,True,2000,886,293,593,33.1,0.33,-6009.73,9,1784744676067,1785165213931,4.9,-843.39,0.14,0.0,0,0.0,,False,False,False
0x2f926fa8e9f1039330d9543e15e4154aeae5d144,True,1876,1135,679,456,59.8,3.51,9954.84,3,1779324481064,1788837277831,110.1,2027.26,0.204,577.696936,1,-144.41,-25.0,True,True,False
0x2fa217e68b12175fa256facdbc9b94c22cb86abf,True,1667,657,586,71,89.2,1.63,968.87,33,1742393541097,1788440052624,532.9,-286.18,0.295,0.0,0,0.0,,False,True,False
0x2fb76d8d071e2b9974f34865a43731adc65ba61a,True,99,28,9,19,32.1,1.48,254.03,3,1750076127058,1780231805683,349.0,691.23,2.721,2262.423923,1,-5166.65,-228.4,True,True,True
0x2fcb6898d5a0623de19c3691904927685014c4d8,True,2000,1262,692,570,54.8,5.51,448764.61,17,1780691558335,1788512013018,90.5,36311.1,0.081,639606.746997,25,237984.24,37.2,False,True,False
0x2fe4093c894749e596f458764c377bf4f1337b58,True,2000,917,430,487,46.9,1.23,19705.08,11,1778191272004,1787557738004,108.4,-5612.13,0.285,0.0,0,0.0,,False,True,False
0x2ff1f4b506b4f91b13c00ccc23cdfdde95a57539,True,2000,865,328,537,37.9,0.24,-6247.58,33,1759823050894,1787989718688,326.0,-644.47,0.103,0.0,0,0.0,,False,True,False
0x30101c920d37f1c2c79d7c654c848edaf5c38afd,True,1982,992,344,648,34.7,1.62,5465.03,7,1779176136262,1786067149069,79.8,830.01,0.152,0.0,0,0.0,,False,False,False
0x30205296bcc85971cdb640fb1eb6559129ad8192,True,818,230,90,140,39.1,0.32,-2460.95,9,1757657661083,1788756040385,359.9,310.2,0.126,0.0,0,0.0,,False,False,False
0x303982323d38dff2ab73a9197643f765032dfbe4,True,351,128,83,45,64.8,1.02,117.37,4,1734962283735,1788451221100,619.1,-1747.0,14.885,0.0,0,0.0,,False,False,False
0x3046c8759b2d98cccbbd56d3970155131d08efc5,True,886,425,111,314,26.1,1.22,1447.26,5,1777565745971,1782345600020,55.3,2730.63,1.887,0.0,0,0.0,,False,False,False
0x305e3b9eb60128940f29c89f46773aedfc280435,True,2000,1488,0,1488,0.0,0.0,-265668.47,3,1777505723311,1777864553216,4.2,-9387.3,0.035,0.0,0,0.0,,False,False,False
0x3077fa566421e160288f14f5d68ea6f08e6ce305,True,2000,1081,484,597,44.8,0.49,-9.3,1,1774146914118,1774342858060,2.3,-0.59,0.063,0.0,0,0.0,,False,True,False
0x30973c1ffa7607d593ed97316f2fcbddf1984910,True,2000,858,537,321,62.6,1.63,32671.91,12,1779613380049,1788480000030,102.6,21550.2,0.66,0.0,0,0.0,,False,True,False
0x30a7db63b3cf0aaa85191d8d3a0f2c3e2ea9f5c3,True,1442,788,267,521,33.9,0.07,-88291.71,4,1779880419224,1780431312225,6.4,-23100.9,0.262,0.0,0,0.0,,False,True,False
0x30b5e7e35949a1cb701e50e1302d147172029f94,True,2000,970,493,477,50.8,0.58,-15887.44,6,1770858746040,1773667949093,32.5,-8877.61,0.559,0.0,0,0.0,,False,False,False
0x30c312c33044eb48ac4af496a539b68ec91daa8e,True,2000,1189,898,291,75.5,1.09,11917.46,15,1750718083371,1787444494229,425.1,-8409.29,0.706,0.0,0,0.0,,False,False,False
0x30d1986bec5ed8ba1417c8319cf33711e9782cab,True,2000,1056,531,525,50.3,0.96,-44.75,38,1768330564172,1788048000065,228.2,138.37,3.092,0.0,0,0.0,,False,True,False
0x30dc9db90996fa7e94dda296c376119ac46cae9f,True,1594,730,364,366,49.9,1.24,5467.37,2,1783252024692,1787267980684,46.5,2272.15,0.416,0.0,0,0.0,,False,True,False
0x30f4fecfe00fda1f7199470f652b23484103890c,True,2000,932,522,410,56.0,1.81,9864.99,8,1787601421195,1788764035131,13.5,1160.48,0.118,4526.184124,1,-241.99,-5.3,True,True,False
0x31115e093856fcd2d0dbc774fd646b159bcb2127,True,2000,976,656,320,67.2,2.1,15854.98,87,1763826258536,1788702425084,287.9,-3985.28,0.251,15450.563291,1,-5437.03,-35.2,True,True,False
0x3120181ebab99f77da448ff02413b063f119316a,True,2000,949,356,593,37.5,0.78,-5266.29,12,1771447654935,1788747155077,200.2,1485.9,0.282,852.103877,1,1781.76,209.1,False,False,False
0x31440bcc76c4b4b15290b709b33d2194d52b78ff,True,2000,1105,877,228,79.4,2.57,2492.02,77,1778066692653,1788849096600,124.8,236.11,0.095,616.30472,2,-10.12,-1.6,False,True,False
0x3160cda0ed2e7c0f935677ae76fb989de5585e67,True,2000,671,445,226,66.3,3.16,42559.65,30,1785858134515,1788760463826,33.6,8971.71,0.211,23831.370708,1,-4265.98,-17.9,True,True,False
0x318216de90d149ae17a088b1b908a6a1dbd36f59,True,2000,1148,397,751,34.6,0.54,-38797.25,15,1777243725749,1780955687381,43.0,3587.78,0.092,0.0,0,0.0,,False,True,False
0x31ae9034ccb739dea62854b58bf744310abed418,True,1911,863,473,390,54.8,0.73,-18557.73,7,1763927475885,1779909246333,185.0,-7796.77,0.42,0.0,0,0.0,,False,True,False
0x31c839390be8fb7a4bb559748c02654482a69cc1,True,852,352,166,186,47.2,0.67,-4187.16,21,1757337711144,1788739200041,363.4,-1144.81,0.273,0.004087,0,0.0,0.0,False,False,False
0x31dbe59e41a83821acea2c60005eb8bce79cda1e,True,1120,537,177,360,33.0,0.61,-7067.69,5,1783091745288,1788620961351,64.0,-7317.55,1.035,0.0,0,0.0,,False,True,False
0x31f06036ef83b293a5bd5dfb2ca957aa6a0a6b12,True,2000,1089,497,592,45.6,2.21,47690.66,25,1778895857613,1787846339519,103.6,3482.44,0.073,0.0,0,0.0,,False,True,False
0x31fd9a3cef6eb8821a6e12c57500ea1e922bebfa,True,2000,1008,422,586,41.9,0.94,-697.11,7,1776982044611,1779940574698,34.2,1592.84,2.285,0.0,0,0.0,,False,False,False
0x321629f449e6dade5c365cd7b430d6d8168e106b,True,2000,968,510,458,52.7,0.26,-234949.09,8,1781012039490,1788738405741,89.4,-40626.96,0.173,0.0,0,0.0,,False,True,False
0x32365bd720e8d9119021d1fcd7e6447cdb429613,True,1329,719,452,267,62.9,0.82,-2821.91,4,1765470821764,1787173592648,251.2,-1037.87,0.368,0.0,0,0.0,,False,True,False
0x3251d71b6bbf9cdf26ab847f2639adbb7b14d353,True,899,478,207,271,43.3,0.46,-9053.77,33,1748189872090,1788681619701,468.7,-2610.27,0.288,3205.530488,1,-3.48,-0.1,False,False,False
0x3260296a29802e2075471c4cc455f51ba5772ec4,True,121,29,28,1,96.6,141.8,198.91,3,1787933942079,1788738381005,9.3,39.77,0.2,164311.98,1,-48906.0,-29.8,True,False,False
0x3278c8261c7a3867b848cf0b4d9692a9662673b3,True,2000,1572,276,1296,17.6,0.18,-10975.64,16,1780252314185,1781346370050,12.7,-875.0,0.08,0.0,0,0.0,,False,False,False
0x32877c41b1a58922f91aeff70f0f90577b9e98ae,True,1868,864,511,353,59.1,3.31,1237.79,5,1771993428086,1773203025096,14.0,71.26,0.058,0.0,0,0.0,,False,False,False
0x32998cd75c01d414bc17f528bc81384587a54651,True,973,497,167,330,33.6,0.52,-10741.27,8,1778522619863,1780565390312,23.6,-2071.32,0.193,0.0,0,0.0,,False,False,False
0x32a628440f2686f92f842341320a0dc742aa81d1,True,2000,1191,766,425,64.3,0.51,-46963.59,8,1781309916904,1785446193351,47.9,-9701.8,0.207,0.0,0,0.0,,False,False,False
0x32c3717903e5c23fd9ac78bf7da2742c4d527934,True,1810,917,458,459,49.9,0.77,-9867.53,17,1776100070706,1788794974500,146.9,-3906.43,0.396,19606.988196,0,0.0,0.0,False,True,False
0x32dbea4d663c85fbba7bdff17393bcfac128a654,True,1674,830,333,497,40.1,0.87,-833.9,9,1773128286829,1774435673197,15.1,-623.94,0.748,0.0,0,0.0,,False,True,False
0x32fb3402b683609396d803c51fad73f5f6edd113,True,2000,898,330,568,36.7,0.49,-23873.8,20,1754009145884,1788825600043,403.0,-19700.6,0.825,0.0,0,0.0,,False,True,False
0x331776df937e8281a9aaca93fb43d15672b50e64,True,2000,855,335,520,39.2,1.29,4890.56,8,1784221806387,1788772694802,52.7,8490.59,1.736,782.212249,1,-32.0,-4.1,False,False,False
0x3332cfabc165e10776a5b5d2963a245a3938ece1,True,2000,862,756,106,87.7,8.46,48490.64,138,1786618683512,1788849010331,25.8,7978.48,0.165,0.0,0,0.0,,False,False,False
0x334756968da55f8b6eb067859a7c493086f32550,True,599,290,146,144,50.3,1.32,2742.07,15,1756309290675,1775822501301,225.8,-2044.39,0.746,0.0,0,0.0,,False,False,False
0x33600647558929b8cba50d4f7c96a2e8defc63a3,True,2000,960,593,367,61.8,1.42,814.92,52,1767019107939,1788212686960,245.3,-259.85,0.319,0.0,0,0.0,,False,True,False
0x33722b88f478f3c785555252109aaa3b2d5fb912,True,781,389,129,260,33.2,1.99,9784.73,3,1780666728105,1781125021436,5.3,-2806.73,0.287,0.0,0,0.0,,False,False,False
0x337f3229b17dfab7da6db00a33124cdbef9bffba,True,1066,478,181,297,37.9,0.6,-1929.99,3,1773764718889,1779061303658,61.3,350.08,0.181,0.0,0,0.0,,False,True,False
0x339763ec019a1e2ca91e02189a470b2dda412a58,True,171,70,33,37,47.1,2.25,8778.8,4,1772484361631,1781117601460,99.9,3561.58,0.406,0.0,0,0.0,,False,False,False
0x33a9bfecf63e33a4c3b7e84a8f7536bd51f04b6d,True,2000,974,413,561,42.4,1.64,5273.21,26,1780145712278,1788844935100,100.7,760.9,0.144,37850.423602,2,805.13,2.1,False,True,False
0x33b96498cccadf64e3e4cc85b8fa647deeb1a88e,True,383,227,0,227,0.0,0.0,-8502.04,5,1781746030420,1783127001720,16.0,-1095.58,0.129,0.0,0,0.0,,False,False,False
0x33d72423b6a0fa80832ddfcf123762c27c032c41,True,2000,1097,908,189,82.8,72.05,166141.19,24,1779220960795,1783879775748,53.9,46021.0,0.277,0.0,0,0.0,,False,True,False
0x33f709347105f119cc48ed5b6919682b1dda1029,True,1015,579,213,366,36.8,1.67,43670.27,1,1755253250394,1788811201154,388.4,15916.66,0.364,66323.093795,0,0.0,0.0,False,True,False
0x340905ceab4d62f8fd6e60365486b5b8ff05c945,True,2000,940,377,563,40.1,1.33,2098.92,6,1787855034465,1788285300214,5.0,866.57,0.413,0.0,0,0.0,,False,False,False
0x342dd751e6d294bdf6621565a992bc2825bf0fa0,True,2000,1182,463,719,39.2,0.49,-11028.89,27,1775889534969,1785998761543,117.0,-2063.15,0.187,0.0,0,0.0,,False,True,False
0x3442bcafff7deaff26caad507b22c38aceb86f81,True,214,109,61,48,56.0,1.31,432.45,12,1780407514790,1781471966466,12.3,-502.46,1.162,0.0,0,0.0,,False,True,False
0x345f273fae2cec49e944bfbef4899fa1625803c5,True,648,289,170,119,58.8,0.16,-15452.6,1,1776809330558,1786374759831,110.7,-1917.78,0.124,0.0,0,0.0,,False,True,False
0x347af4ca4535a7659597bad5f1c31a014d1bd3c8,True,2000,866,319,547,36.8,1.34,17981.38,14,1778167554901,1788768585970,122.7,9158.46,0.509,0.0,0,0.0,,False,False,False
0x34865c89bc2345d513f008b9040333b5d9705a09,True,253,101,67,34,66.3,3.71,13100.57,32,1701624650560,1788409621390,1004.5,1907.82,0.146,7607.292975,1,-154.11,-2.0,False,True,False
0x34940c3f11485eae09e649cb9ae80b8c5fda055f,True,2000,1321,1301,20,98.5,4.15,1455.71,22,1787302648891,1788848524958,17.9,-309.92,0.213,4422.162954,6,-86.58,-2.0,False,True,False
0x34ad1f870b8a4095a46effb093fa3bf70c121f5e,True,2000,784,749,35,95.5,1.14,38.35,5,1777469699345,1788848524958,131.7,-261.41,6.817,3646.284595,1,-0.49,-0.0,False,True,False
0x34cc62a979b2f4a3d757a6527ad6835c6284b6b9,True,2000,994,549,445,55.2,2.92,101083.71,55,1733286309028,1788658057777,640.9,17727.25,0.175,3004.653137,1,2496.15,83.1,False,True,False
0x34d871fc392ffed6f36b57ec2c5a1909923b4378,True,752,263,109,154,41.4,0.8,-3502.44,19,1769379380580,1788430268646,220.5,3727.57,1.064,14941.133213,2,-1531.39,-10.2,True,True,False
0x34f5dab3cd1b7c31b54ccd8f60582aad2ec5f1b2,True,2000,672,466,206,69.3,1.68,3050.07,15,1781012669189,1782074888204,12.3,633.75,0.208,0.0,0,0.0,,False,True,False
0x350f69146854f08df9adf0961fd8e7dddd707975,True,2000,980,498,482,50.8,1.03,1672.53,31,1749157296198,1787756780801,446.8,-3350.89,2.003,0.0,0,0.0,,False,True,False
0x352deb23bebae8b4c57d0ae341d9c1951fd8425a,True,2000,1144,468,676,40.9,2.27,63075.43,26,1785770164977,1788588171776,32.6,38331.11,0.608,50049.819972,1,6492.08,13.0,False,False,False
0x3543d4d8a3e6abe98a364b4e5078f07b2640a69f,True,164,74,37,37,50.0,1.43,636.19,1,1787273079633,1787784693945,5.9,-517.76,0.814,0.0,0,0.0,,False,False,False
0x3551d9abd79df6eb2890b4108542ded14171f5b4,True,2000,975,391,584,40.1,1.18,3147.28,12,1780238171625,1788840918743,99.6,1289.6,0.41,898.741077,1,16.95,1.9,False,False,False
0x356924783cbf744a7c078e4f66ae9c13f9ba9d90,True,2000,928,325,603,35.0,0.86,-4056.11,12,1782755544087,1788795446813,69.9,2270.89,0.56,5899.592473,1,825.4,14.0,False,False,False
0x3583eb033efd404749aaa7fc668eb9713440cd41,True,2000,850,487,363,57.3,0.62,-17403.77,3,1780724807426,1780917147968,2.2,-2554.69,0.147,0.0,0,0.0,,False,False,False
0x35973ecf1b2b54373c63daae2f0bbb072196197f,True,1852,839,468,371,55.8,0.86,-3802.38,5,1760989801848,1787166848349,303.0,1672.84,0.44,20341.596398,1,10726.56,52.7,False,True,False
0x35a5d0878c685115b3df30ab958dc4a73caac4c3,True,845,433,211,222,48.7,3.2,25412.96,19,1734735285780,1788726498634,624.9,10994.64,0.433,4864.16,0,0.0,0.0,False,True,False
0x35c0f299a35f927069521e0c3abfb5ee4cbb4c72,True,2000,932,500,432,53.6,0.53,-13542.79,4,1787626803087,1788029146368,4.7,-3983.45,0.294,0.0,0,0.0,,False,False,False
0x35cb5a9dde445ab9078d18d80520af3ce97caa31,True,684,327,232,95,70.9,0.59,-7171.1,3,1782368520045,1788830830877,74.8,-6784.39,0.946,1383.328745,1,-121.79,-8.8,True,True,False
0x35e87f5ea066ed7fd6b8c656e681d2078511f015,True,2000,995,444,551,44.6,0.89,-2415.01,41,1778491725779,1788788435282,119.2,1897.67,0.786,4585.698877,5,211.2,4.6,False,True,False
0x35f8ff8ee66d948f68997e85ba19342df1a94619,True,91,41,19,22,46.3,1.96,6090.72,5,1752345145982,1788351412269,416.7,4122.6,0.677,11727.522312,2,2612.62,22.3,False,True,False
0x361327d75c34f83a81020d959462be236892544a,True,1044,171,97,74,56.7,0.25,-82988.44,8,1754363599005,1782203043255,322.2,-16310.86,0.197,0.0,0,0.0,,False,True,False
0x362b35a1457a227116eb2bbed9bcfc9a190bb848,True,2000,801,435,366,54.3,1.49,10207.62,5,1781574820274,1788825692808,83.9,6281.72,0.615,15941.034745,2,-3954.09,-24.8,True,True,False
0x36387781e2564f8ac6d0a79154441f24d4c28cab,True,451,134,61,73,45.5,0.24,-99654.76,3,1747634755770,1787821855286,465.1,-13313.8,0.134,113320.458106,1,11297.12,10.0,False,True,False
0x36610519ba3fab20e865a54342d516ddbe1678ae,True,2000,313,115,198,36.7,0.3,-14099.69,9,1782368238649,1788760815351,74.0,-1028.83,0.073,11097.429882,1,34843.23,314.0,False,True,False
0x36764af31381057e722a003a69d089d54fe2c61b,True,2000,1047,519,528,49.6,2.19,49079.45,11,1787781717395,1788850751516,12.4,2549.16,0.052,158893.671711,9,56476.65,35.5,False,False,False
0x36973297e3f55004080aff7cf8f3c611ebd64cdb,True,2000,764,417,347,54.6,0.77,-8553.68,14,1774432028924,1788781667356,166.1,-4109.41,0.48,490.688473,1,110.4,22.5,False,False,False
0x36ac01de9bc76c0d744b38c3e13a0538d55c7568,True,2000,365,317,48,86.8,6.0,7683.61,4,1788533435354,1788848660259,3.6,6711.84,0.874,49549.721923,3,-11883.92,-24.0,True,False,False
0x36cb4a39bd08b87b227af5f435c9ce2ad85d9bdd,True,2000,1308,505,803,38.6,1.71,4766.12,62,1779473095824,1788594386264,105.6,962.32,0.202,742.549089,1,146.88,19.8,False,False,False
0x36eb0a6888ebe9120c4b01b34f1c8b0fa288a11c,True,1781,852,378,474,44.4,0.73,-1261.24,20,1784759877265,1785181493750,4.9,-352.57,0.28,0.002631,0,0.0,0.0,False,False,False
0x36f26e2e5bed062968c17fc770863fd740713205,True,2000,904,297,607,32.9,0.58,-27790.01,6,1780914224154,1787198482789,72.7,4470.91,0.161,0.0,0,0.0,,False,True,False
0x370079ccef9d805c663005b85dde2352efbaa6ce,True,322,152,64,88,42.1,3.48,21540.65,3,1781806152165,1788139110377,73.3,10680.32,0.496,0.0,0,0.0,,False,False,False
0x370f2b7cb212617ef1353bb20e8e66dc5950374f,True,1642,911,574,337,63.0,2.05,43059.47,81,1699104379905,1787578389722,1024.0,5300.93,0.123,1508.294024,1,446.99,29.6,False,True,False
0x373753d4a354b34a23d04882a6ee64042f47a189,True,2000,1676,615,1061,36.7,1.58,80032.11,24,1772427723686,1788849560368,190.1,14850.6,0.186,160229.514223,10,182288.32,113.8,False,True,False
0x374772bff13b0ff105abb66e226bd42653b9e3b6,True,2000,880,283,597,32.2,0.97,-356.38,14,1788269362068,1788829336203,6.5,-1336.28,3.75,1183.804889,1,114.81,9.7,False,True,False
0x376aeed2796f46232c4e4a3d44c3b3f59000667a,True,1155,563,206,357,36.6,0.46,-24109.47,1,1780849654673,1787162156990,73.1,-3634.41,0.151,0.0,0,0.0,,False,False,False
0x378871ce6b920920a65c48e20f8d42bae7bf1ce5,True,2000,927,896,31,96.7,85.67,60196.52,1,1788490761444,1788842179011,4.1,2807.26,0.047,20986.5375,0,0.0,0.0,False,False,False
0x379f0f9e94438e7b5ecf2c5b5bd373bf5bde6852,True,578,169,71,98,42.0,0.74,-1153.78,9,1779745463631,1788263964411,98.6,782.07,0.678,0.0,0,0.0,,False,True,False
0x37c1e493c8a452ab3f5a6d01fda87795b91e7851,True,2000,1083,543,540,50.1,0.99,-84.2,1,1788243916828,1788848433206,7.0,661.2,7.853,9295.386802,1,-10.0,-0.1,False,True,False
0x37dab192cf3a4d357b69b049d80ebd7b877de6cc,True,2000,869,428,441,49.3,0.54,-86374.01,25,1758822774658,1788132540671,339.2,-11539.45,0.134,8892.025826,1,960.2,10.8,False,True,False
0x37ef98a3c46a921ce959e425cab5047f2a612f54,True,2000,904,569,335,62.9,0.95,-528.44,37,1773865531193,1787473379731,157.5,-1226.1,2.32,0.0,0,0.0,,False,True,False
0x380feea870db5edd638a8fe78a271fa6e707826f,True,2000,949,781,168,82.3,0.4,-116.41,1,1788451829508,1788851929942,4.6,-10.97,0.094,0.0,0,0.0,,False,False,False
0x382c2b22ea378ff9e483276ad3aeb1e2b301fa61,True,2000,1011,557,454,55.1,0.77,-5331.43,9,1779092437669,1785200833767,70.7,-5029.29,0.943,0.0,0,0.0,,False,True,False
0x383a3b87e9b7a8e2300eb8bb17a46ff3d72459d1,True,2000,852,263,589,30.9,0.14,-22610.27,126,1788432455543,1788851588283,4.9,-1287.82,0.057,120169.022639,105,-38907.56,-32.4,True,False,False
0x385254f3407dfa6692af2230ff011ceadd09be96,True,2000,895,647,248,72.3,2.74,19722.85,14,1781723068695,1788836044161,82.3,1356.29,0.069,0.0,0,0.0,,False,True,False
0x387542bf159850b5e2a8908688f8e703a4c9aff4,True,797,418,280,138,67.0,6.03,59193.69,1,1771333864004,1772538761607,13.9,2660.87,0.045,0.0,0,0.0,,False,False,False
0x388d9e1ccaec74527f73f8c87b5928ba28c06c03,True,2000,881,510,371,57.9,2.05,96.43,13,1788849413929,1788852217917,0.0,12.69,0.132,0.0,0,0.0,,False,False,False
0x38abf616024072651840bfc5c1ccc36fb6a95ebc,True,30,13,9,4,69.2,105.35,367.96,6,1755650477883,1781380913330,297.8,192.14,0.522,0.0,0,0.0,,False,False,False
0x38cd9ec16b58f79fd2b1309df194d1ea14b913ec,True,117,44,12,32,27.3,2.39,4029.72,2,1779425940198,1779889548215,5.4,3194.76,0.793,0.0,0,0.0,,False,True,False
0x38e533dcc87558372aebf3f7e6472a70276fe997,True,477,242,78,164,32.2,0.91,-676.74,2,1770448269049,1788760823146,212.0,754.07,1.114,555.275142,1,78.92,14.2,False,False,False
0x38f2bc667b46467e7c6d10348695f9ba804bcf02,True,2000,1097,501,596,45.7,1.35,3987.48,39,1770858967219,1788677105908,206.2,616.72,0.155,5364.364725,1,518.58,9.7,False,True,False
0x38fb2a81cd747698a8895d3644b673dc2781beec,True,985,572,293,279,51.2,0.07,-229148.41,3,1779657277279,1788566400005,103.1,-22893.21,0.1,0.0,0,0.0,,False,True,False
0x390a671f39a8cd43f456de3976bea1bc9d9b14da,True,2000,949,434,515,45.7,0.42,-55630.73,10,1772635313700,1783144807341,121.6,-5192.02,0.093,0.0,0,0.0,,False,True,False
0x391d5613b02c097b98725fb437620c6780bb77df,True,2000,1047,595,452,56.8,0.94,-2798.13,7,1780924403735,1788729507576,90.3,-4599.6,1.644,1363.042971,1,-562.85,-41.3,True,True,False
0x392b3aa013bca178ae7f466e12a879044cec0d92,True,1246,516,249,267,48.3,1.67,146979.37,10,1743584712297,1786548297789,497.3,28494.1,0.194,124637.685742,6,-100883.18,-80.9,True,True,True
0x3941dc1c48f7457f6c3b162b22249df6510efeec,True,475,54,10,44,18.5,0.01,-10914.66,3,1787272895400,1787461712528,2.2,-4521.25,0.414,0.0,0,0.0,,False,True,False
0x3960f60c7d86e493a9bcfeea00b1c460b5249274,True,2000,960,293,667,30.5,0.63,-17007.88,18,1783057093484,1788849850935,67.0,919.01,0.054,3206.816429,2,82.1,2.6,False,True,False
0x397c8dbd72d989f5d529b521eb4b5629441cb336,True,2000,1032,379,653,36.7,0.07,-2360.04,19,1763955234629,1779321600086,177.9,-1271.26,0.539,0.01,0,0.0,0.0,False,False,False
0x3993ab7a19b7908e73ac8e9bec15430c256fccb3,True,2000,1010,356,654,35.2,0.93,-3750.11,17,1776434801673,1787796159817,131.5,-5307.43,1.415,516.646946,1,-354.49,-68.6,True,True,False
0x39a2b5b857a702e95d7f1bd1a66d05a3154c05bc,True,2000,1721,1396,325,81.1,1.22,5704.78,112,1770322627557,1778855816199,98.8,-3210.27,0.563,0.0,0,0.0,,False,True,False
0x39b19c0849b26025ed32c2d2f80a40b35868a575,True,2000,1060,667,393,62.9,1.09,109.6,4,1785187761142,1788566400005,39.1,-144.96,1.323,1714.731502,0,0.0,0.0,False,True,False
0x39c6aee93636e9e389e2d9dcb5616623ed2ad162,True,2000,983,535,448,54.4,0.46,-6509.45,42,1765799044991,1788526751010,263.1,-1569.77,0.241,16387.836189,1,-6380.81,-38.9,True,True,False
0x39d9125e15cad48cfed306e8ecf4498de11dd50a,True,2000,709,175,534,24.7,0.72,-4623.49,12,1787626373832,1788851088894,14.2,-2803.61,0.606,5883.31415,1,-5541.47,-94.2,True,False,False
0x39f31c13ff341402d7caa15ab30bf69a2fee572c,True,962,471,265,206,56.3,0.75,-8147.64,12,1778080280005,1788317191267,118.5,-4608.53,0.566,0.0,0,0.0,,False,True,False
0x3a02d3a9e01ece8dfe1241d1e03f7c0a4bfe78da,True,1605,501,158,343,31.5,3.92,90823.58,7,1770554963905,1787884215922,200.6,16941.51,0.187,175023.998114,3,34506.27,19.7,False,True,False
0x3a122449de235a40481689442271c0731b805d69,True,2000,1174,530,644,45.1,3.78,258879.89,4,1775560030868,1785747977030,117.9,35260.0,0.136,0.0,0,0.0,,False,True,False
0x3a1923e9bd8c289026172f3d0e89a52ec53da81d,True,866,552,143,409,25.9,0.43,-8784.78,4,1775525528252,1775877062879,4.1,-1670.89,0.19,3e-06,0,0.0,0.0,False,True,False
0x3a3518354f84fc633e798887ca3eee39f72429b5,True,809,491,231,260,47.0,1.09,2797.31,59,1733235124480,1781255735694,555.8,2372.91,0.848,0.0,0,0.0,,False,True,False
0x3a46a3db322c4ed0abf2aa5f5a25ce03073d0628,True,2000,1142,539,603,47.2,0.27,-31657.66,12,1775833992113,1777272665707,16.7,-8270.52,0.261,0.0,0,0.0,,False,False,False
0x3a584f6c0368f971fa2f643365c080e9a238ade3,True,395,199,110,89,55.3,1.42,1687.8,7,1760865911921,1780335853647,225.3,-1921.0,1.138,0.0,0,0.0,,False,True,False
0x3a6f0d3f4e012e1e7b581a44236d3630ea070242,True,775,426,361,65,84.7,1.5,3501.98,18,1752864874137,1787270400024,398.2,-2748.95,0.785,0.0,0,0.0,,False,True,False
0x3a8aa01bafb2a767cf170e3310e5d6f555a1aa92,True,127,71,31,40,43.7,1.32,468.56,3,1779135755505,1788093172664,103.7,617.88,1.319,0.0,0,0.0,,False,True,False
0x3a9be7cc9c154d5389bf3d9e689a1be928249dad,True,278,120,41,79,34.2,0.01,-4063.61,5,1788001484716,1788445043351,5.1,-1516.84,0.373,0.0,0,0.0,,False,False,False
0x3ab547c2c8671318f84be734ed12b2a68e956391,True,663,335,145,190,43.3,1.78,12994.72,19,1748192869813,1788286444378,464.0,8049.85,0.619,0.0,0,0.0,,False,False,False
0x3acd1bcc1515b6d79a56cdd3e1d602b60222e384,True,1417,777,484,293,62.3,3.8,99684.51,80,1721779200121,1775384717938,620.4,46904.77,0.471,1e-06,0,0.0,0.0,False,True,False
0x3aee6da9161e0a2a8985413ceaa5a3562225e8e8,True,2000,976,571,405,58.5,2.68,207808.16,47,1749626368290,1786757111605,429.8,148399.39,0.714,242593.805386,3,-622017.35,-256.4,True,True,True
0x3b0167c768b217f3e4e92d1a2552a8a43e242c15,True,2000,964,689,275,71.5,2.39,7647.03,8,1781096768769,1788713231556,88.2,1248.11,0.163,5202.9544,0,0.0,0.0,False,True,False
0x3b0d0ef51be9389600d5e94903151b5f0fbe92d5,True,2000,1023,681,342,66.6,0.81,-4471.36,55,1763587310099,1787179377673,273.1,-4571.4,1.022,0.0,0,0.0,,False,True,False
0x3b1bb3f96811c6b007ae01d68219788ee30a1f3e,True,2000,952,918,34,96.4,76.2,26723.41,13,1782715555042,1788837907052,70.9,1895.15,0.071,13985.6215,0,0.0,0.0,False,True,False
0x3b3bc2b5e4e46c8373dd0f6aac46c5ded0ddeb1c,True,1921,912,191,721,20.9,1.55,12798.44,11,1772415856987,1773018206609,7.0,2206.01,0.172,0.0,0,0.0,,False,False,False
0x3b46e19de95409d8eccbe03d245bb62a772271fa,True,2000,1042,350,692,33.6,1.86,3747.14,97,1785434578603,1788590165101,36.5,2760.08,0.737,0.0,0,0.0,,False,False,False
0x3b5d973a57d1ee28284b22e2733482c8b745c186,True,1251,640,318,322,49.7,1.26,3319.33,12,1759532637462,1788307200047,333.0,4259.26,1.283,0.0,0,0.0,,False,True,False
0x3b6e074950774cce7e7bd7196d4e9a39beb9ca0e,True,1089,549,339,210,61.7,1.36,6439.42,23,1761066614673,1788796999394,321.0,1898.19,0.295,0.0,0,0.0,,False,True,False
0x3b86ac77b0618d1a5e6e06cd5bf0df3f18e72a98,True,737,195,195,0,100.0,inf,35344.77,5,1784771944566,1788662377346,45.0,4444.71,0.126,29327.398104,1,-17890.07,-61.0,True,True,False
0x3b9b01abeee7e1f584309666d62a081d6c827ca2,True,2000,623,623,0,100.0,inf,120.09,5,1788050930323,1788826782889,9.0,7.39,0.062,2417.489252,2,-4872.29,-201.5,True,True,False
0x3bbc8f33175a192b66d859c785648468c72ddb01,True,2000,1210,461,749,38.1,1.52,7516.31,7,1788490977234,1788837793408,4.0,-2153.01,0.286,11279.723554,3,-365.56,-3.2,False,True,False
0x3bdeeb33058760807345a493c17ff45443330923,True,2000,1192,956,236,80.2,2.54,21115.04,19,1787203102685,1788843156649,19.0,1870.07,0.089,45609.953913,16,-2070.7,-4.5,False,True,False
0x3bf6035f0f441a69f0acf1db18524548a4782f44,True,761,408,298,110,73.0,3.53,17271.78,2,1782302168093,1782604606840,3.5,1701.45,0.099,0.0,0,0.0,,False,False,False
0x3c1fd5a166e47f9d8b001f09fd95776b0bf6c0f7,True,2000,650,515,135,79.2,1.04,480.63,38,1781344396074,1788850368917,86.9,-1639.28,3.411,42378.93916,4,662.91,1.6,False,True,False
0x3c39d74a18d5dfdc5d9b0318376f4b74813c99f1,True,2000,923,631,292,68.4,0.67,-13597.85,5,1787528464758,1788529596960,11.6,-5875.92,0.432,0.0,0,0.0,,False,True,False
0x3c5037d99b8bdc8f700e7ee3fd64bb7ee376e07b,True,2000,1225,792,433,64.7,2.37,23324.33,3,1781294441061,1782091793933,9.2,-3270.28,0.14,0.0,0,0.0,,False,True,False
0x3c689b2abca1a6e7bc47553788ba7b42ce062262,True,2000,998,628,370,62.9,0.5,-30606.1,22,1758597463146,1788307200047,343.9,-7976.21,0.261,0.0,0,0.0,,False,False,False
0x3c812fa7c46d06cde72f219207467fb7941cccd1,True,2000,966,428,538,44.3,0.43,-1951.96,39,1770142116208,1783382400045,153.2,-523.04,0.268,0.0,0,0.0,,False,True,False
0x3cab5aa7cc1a54d60e67641a3e41af2a2f3de001,True,786,386,160,226,41.5,0.95,-530.57,9,1773574989120,1776785826361,37.2,-615.92,1.161,0.0,0,0.0,,False,True,False
0x3cc2bf6ba24e7b80f37209c90bc5aa3f1fbbf686,True,1090,480,240,240,50.0,0.96,-897.74,2,1770393064827,1773906500326,40.7,3832.32,4.269,0.0,0,0.0,,False,False,False
0x3cd392be116e8427d71c9a68fc94035adf0e6ea7,True,2000,833,597,236,71.7,1.36,1530.5,114,1782505762255,1788844421922,73.4,-923.53,0.603,0.0,0,0.0,,False,False,False
0x3ce8e1d3d0f8698d1e039cce447a9e7a3e91e422,True,2000,829,140,689,16.9,0.2,-25119.41,2,1783350137531,1783614397039,3.1,-475.26,0.019,0.0,0,0.0,,False,False,False
0x3d047636d4caa1a1fb6abc44c395c3adffdcc782,True,1627,803,482,321,60.0,0.93,-502.15,3,1773755180113,1774838774084,12.5,-1028.78,2.049,0.0,0,0.0,,False,True,False
0x3d2a0013d17bba600eea7e8a2990c33c999d4d98,True,226,88,43,45,48.9,0.86,-268.36,21,1761471736459,1782136732811,239.2,350.09,1.305,0.0,0,0.0,,False,True,False
0x3d392457630776b8e7fcb3adb8792d53b32c03ca,True,1236,622,243,379,39.1,0.55,-14030.68,13,1756278468215,1781827200011,295.7,-3397.73,0.242,0.0,0,0.0,,False,True,False
0x3d51409453a90d72d6bf6ae228ad51288616bc2c,True,2000,978,731,247,74.7,1.79,14887.61,1,1787751017571,1788770572231,11.8,-4404.88,0.296,17480.657685,1,-3702.37,-21.2,True,False,False
0x3d613bf207f0315c6e4d37b2cdfa428587163609,True,467,207,110,97,53.1,0.39,-6926.25,6,1779686068403,1788848423981,106.0,-4922.0,0.711,0.0,0,0.0,,False,True,False
0x3d7645afc9e3d148681f8d9776c4875d75834dbe,True,2000,1005,196,809,19.5,0.83,-9058.71,5,1776096417422,1776397320481,3.5,21863.66,2.414,0.0,0,0.0,,False,False,False
0x3d8e927509c835a712cd42a066b00397772b759e,True,2000,1026,202,824,19.7,0.7,-862.14,13,1786287663200,1788812501864,29.2,156.16,0.181,0.0,0,0.0,,False,False,False
0x3d9fcb03c6c09bbae2689dc50d14dac54f3f299d,True,2000,892,572,320,64.1,1.48,12768.09,42,1767350585666,1788756604405,247.8,-3327.77,0.261,0.0,0,0.0,,False,True,False
0x3db8f7bc6d744beae458207c85f46b5d0349e5ef,True,2000,1025,341,684,33.3,0.81,-2589.36,27,1784995218848,1788850835246,44.6,708.24,0.274,483.1407,1,59.22,12.3,False,False,False
0x3dcc6061c0450bfd93e3e3a285f96887c1f4c92b,True,753,321,224,97,69.8,5.81,28483.33,5,1776692485946,1784582661086,91.3,4195.73,0.147,0.0,0,0.0,,False,False,False
0x3de515d0ce6eb4fdc28e1325203a84ca430414a1,True,2000,1059,380,679,35.9,0.59,-2171.86,1,1788599397709,1788809647735,2.4,-214.71,0.099,0.0,0,0.0,,False,False,False
0x3e01d060b5a1b7625861e694f5a24a132ada19ad,True,1985,834,224,610,26.9,0.03,-263310.35,16,1751241600062,1779321600086,325.0,-63013.97,0.239,0.0,0,0.0,,False,False,False
0x3e187118b84bcfec694e5ab72efeae606363c06d,True,1571,787,555,232,70.5,4.33,223015.91,2,1783317468746,1788450717900,59.4,34478.48,0.155,0.0,0,0.0,,False,True,False
0x3e2edab9afdf4000218029de62bc5a3da05bc395,True,1630,778,482,296,62.0,0.48,-17549.37,8,1770351512047,1788686525023,212.2,-7195.19,0.41,45.669754,1,-16.08,-35.2,True,True,False
0x3e43750f2e2a987828fc7b2ea497211ba059ee4b,True,1129,613,226,387,36.9,0.51,-1044.7,11,1784091669135,1787097600012,34.8,186.57,0.179,0.0,0,0.0,,False,False,False
0x3e50501171ace729a8c4fb3739d73377b34f4bbb,True,891,508,283,225,55.7,0.56,-32506.91,17,1769647079559,1788767506834,221.3,-10227.95,0.315,3830.013892,2,212.23,5.5,False,True,False
0x3e6527de2cfec82ce5240d5559a8b09d256d5d6d,True,2000,1082,1011,71,93.4,22.7,140888.21,11,1771746121761,1787116662034,177.9,3176.13,0.023,0.0,0,0.0,,False,True,False
0x3e7013ca48801abcabdb4bb97e0078fecaca0d8e,True,594,225,71,154,31.6,1.03,184.6,30,1747749387311,1788179369967,467.9,853.12,4.621,332.006981,1,154.55,46.6,False,True,False
0x3e7ce8799eccf8df033820451fb0ddccec212e7e,True,2000,935,432,503,46.2,0.94,-729.58,10,1782995833393,1788846077556,67.7,-1253.87,1.719,5193.105946,1,348.66,6.7,False,True,False
0x3e8fc72b08e2c244b375319119d0547ede5bb6b7,True,2000,911,520,391,57.1,0.25,-170282.55,8,1756396497366,1785737927790,339.6,-34505.63,0.203,326.753214,1,280.62,85.9,False,True,False
0x3ea004bbb1004936e526bf97cbd796f0c78273d7,True,2000,639,485,154,75.9,0.31,-13027.54,2,1783442177871,1788796932794,62.0,-1235.53,0.095,118742.486358,1,-3361.95,-2.8,False,False,False
0x3eb9f5d1194756aa9e490f2b78ad2bc1c3726ed3,True,372,92,82,10,89.1,24.91,10193.75,20,1748529967657,1788787112328,465.9,3118.27,0.306,7307.640762,3,5430.6,74.3,False,True,False
0x3edbef8275e3fb1661971ecf23b222b4aadfc97b,True,497,290,148,142,51.0,1.85,1436.42,13,1756276541060,1786324794815,347.8,841.57,0.586,0.0,0,0.0,,False,True,False
0x3eeb3368c7676fae6a3496cb0ee2d3a99cb460e4,True,2000,1005,874,131,87.0,1.51,21424.27,8,1768160681902,1788763052394,238.5,-4073.43,0.19,76854.9461,1,-2450.0,-3.2,False,True,False
0x3efcc3536ac0c5371c2641243f0fb15e290e0bac,True,2000,923,450,473,48.8,1.08,881.89,34,1778096522232,1788708914676,122.8,-1024.12,1.161,0.0,0,0.0,,False,True,False
0x3f0cac4548c0544ba9daf1931d132fedff956e95,True,2000,1098,419,679,38.2,1.08,985.07,5,1767930417905,1788221599080,234.9,1511.53,1.534,0.0,0,0.0,,False,True,False
0x3f1c0f2130158c4ff45acd214fd81b37441a9ab5,True,2000,1691,1552,139,91.8,10.78,94218.19,21,1769368929835,1787375482664,208.4,3764.45,0.04,636.215975,2,-1489.79,-234.2,True,True,False
0x3f2ebe0127fb702889b4c09565335814439a2e7f,True,837,363,206,157,56.7,0.9,-2477.94,12,1768819435631,1788490843794,227.7,-6505.68,2.625,58574.347221,3,-67316.91,-114.9,True,False,False
0x3f39b03c695a928781b29d3c605fa041c32be75e,True,2000,1039,667,372,64.2,2.76,9988.79,18,1784321247389,1788819249342,52.1,-1526.75,0.153,0.0,0,0.0,,False,False,False
0x3f57b19e454ceade4a600d48b83112c681d392c7,True,2000,943,711,232,75.4,1.22,3062.9,18,1774645482018,1788848547736,164.4,1994.33,0.651,16786.082083,1,177.56,1.1,False,False,False
0x3f746dc7103f6da61be5572da25c9d728f5eb080,True,2000,1156,892,264,77.2,0.75,-2111.08,17,1787114581961,1788832228022,19.9,-1425.66,0.675,0.0,0,0.0,,False,False,False
0x3f876ff06de456857b280903c29516a76e22f061,True,2000,1060,583,477,55.0,0.8,-4010.48,12,1760715129963,1788766877982,324.7,-2944.08,0.734,1482.865008,1,-179.49,-12.1,True,True,False
0x3f94bbe9e28d13ae8f0151ea44a26b0433f100cf,True,1269,632,301,331,47.6,0.64,-12041.75,43,1741097322065,1788766690813,551.7,-5443.74,0.452,0.0,0,0.0,,False,True,False
0x3fa2e9dbb4d4a2aa618b1d0ee15814d386a8aa22,True,2000,892,443,449,49.7,0.18,-97274.05,1,1787936443901,1788285617739,4.0,-8709.42,0.09,0.0,0,0.0,,False,False,False
0x3fb82ba95174cc5bbc0502d3c47bdd06a8cfc1eb,True,2000,1923,1483,440,77.1,0.78,-2653.77,35,1779467030368,1784836200785,62.1,-2007.37,0.756,0.0,0,0.0,,False,True,False
0x3fccfafa0915bb70e077c381a4c49315b72b78d4,True,1034,539,322,217,59.7,0.46,-39446.53,3,1774738354327,1788465705716,158.9,-44053.99,1.117,4357.311899,1,970.95,22.3,False,True,False
0x3fe9bbfaf00d683ec333f301a3ce72250460be3a,True,2000,1081,504,577,46.6,1.52,221.63,31,1785385263210,1787747524895,27.3,87.69,0.396,0.0,0,0.0,,False,True,False
0x3fff274299400dac9cafc669199bf7a2e0b2a61d,True,2000,885,220,665,24.9,2.69,7428.49,17,1785564718643,1788840358975,37.9,600.08,0.081,37864.18957,3,26418.44,69.8,False,False,False
0x4013eb7da81902a556146861dc50e9c0f515238d,True,1174,481,101,380,21.0,0.14,-120407.28,7,1765977975246,1788513471524,260.8,-47255.55,0.392,13086.769678,1,76.08,0.6,False,True,False
0x402b3711402e5fb585ee442d5e0a2112de077399,True,2000,1036,351,685,33.9,0.23,-25245.41,8,1778188702063,1784669536521,75.0,-4270.13,0.169,0.0,0,0.0,,False,True,False
0x403b6fe923c53bc5d5513afd48df28fd09d9080e,True,992,557,356,201,63.9,0.89,-566.57,31,1773209463679,1787076916665,160.5,-359.04,0.634,0.0,0,0.0,,False,False,False
0x4044b28f662fd2bfc31d91531600acfb12fd4241,True,566,304,147,157,48.4,1.29,2717.39,4,1771460038728,1772223798818,8.8,-675.02,0.248,0.0,0,0.0,,False,False,False
0x405eafc7534c349d5803b206a7cf5f0ab7686af4,True,2000,940,459,481,48.8,1.48,40574.95,15,1783704559215,1788532263584,55.9,-7268.47,0.179,12729.406501,1,-3696.24,-29.0,True,True,False
0x406b5eb0eddc72999a528adea10403da97910cf1,True,2000,924,438,486,47.4,0.6,-9207.68,22,1786980414802,1788833930107,21.5,-4583.3,0.498,5684.392771,1,111.64,2.0,False,True,False
0x4080591bef5070795517a0930b2592d636da856e,True,1673,798,375,423,47.0,0.82,-24439.9,4,1767643075200,1786206002271,214.8,32266.82,1.32,0.0,0,0.0,,False,True,False
0x4099e834ff6d3510ac35eac67717a7df5e376262,True,2000,1513,300,1213,19.8,0.11,-73967.48,12,1758414791830,1783246264695,287.4,-16113.37,0.218,0.0,0,0.0,,False,True,False
0x40bdc4ed8e9e83ee2e4f69484a864534682d4ff2,True,2000,920,501,419,54.5,1.05,1085.47,15,1780452891375,1787739243271,84.3,2070.69,1.908,0.0,0,0.0,,False,True,False
0x40d61cf1cf8c820cd3415a3da0d5cf89071233f5,True,2000,947,461,486,48.7,0.45,-11110.67,19,1784125853865,1786030627242,22.0,-1105.08,0.099,0.0,0,0.0,,False,True,False
0x40e95aac907519ca7d7ef78cb30b4b6812a78cd2,True,2000,993,487,506,49.0,0.52,-23503.98,38,1758155628439,1785988105126,322.1,-8098.35,0.345,0.0,0,0.0,,False,True,False
0x40f9507c873395af50275198613b21cc1621d417,True,494,185,79,106,42.7,0.06,-182987.16,9,1761863044469,1787926321072,301.7,-49805.42,0.272,9.624346,1,-0.15,-1.6,False,True,False
0x41134e9e1a818f71efd1d162920d14754ca5472d,True,515,71,45,26,63.4,1.05,632.11,2,1752479118362,1777011974188,283.9,8092.95,12.803,0.0,0,0.0,,False,True,True
0x4129c62faf652fea61375dcd9ca8ce24b2bb8b95,True,2000,1094,580,514,53.0,1.7,1130.8,1,1788673715930,1788852343099,2.1,-31.59,0.028,81537.285892,1,-484.86,-0.6,False,True,False
0x413c7a0a3489563350219bc96965a7da02f0fffc,True,2000,920,555,365,60.3,1.24,13649.37,23,1787829737297,1788720753627,10.3,-8029.07,0.588,135264.701474,5,27328.82,20.2,False,True,False
0x41588fabc1d3dadc8658de50c584dc00a7f09652,True,2000,1118,802,316,71.7,1.21,3328.41,22,1776712436450,1788816180154,140.1,-4888.75,1.469,1344.548326,2,50.74,3.8,False,False,False
0x416e9bbefa38e45a6433590eb86c790dfb9a8cad,True,2000,2000,510,1490,25.5,0.05,-151642.88,2,1787577640929,1787585094765,0.1,-1127.87,0.007,0.0,0,0.0,,False,False,False
0x41829013ce94b21131b68d5a7b0247bd4eefce96,True,2000,1073,749,324,69.8,2.05,71238.06,15,1770151667817,1787850581732,204.8,-11920.0,0.167,50132.837145,0,0.0,0.0,False,True,False
0x419a9190e2d30a4cd93e9722a2816a19ccea1ab2,True,2000,909,689,220,75.8,2.17,27789.96,30,1780339688179,1787990402156,88.5,6040.72,0.217,33727.672662,1,375.0,1.1,False,True,False
0x41a914768eda813d6d4b2ef5a3cdcb872a496a32,True,2000,960,628,332,65.4,4.47,22221.32,4,1788800073870,1788853005805,0.6,1092.73,0.049,83981.066695,4,1293.61,1.5,False,True,False
0x41ca3a1c075b965b298ab28d92c77d46f2acdb92,True,2000,968,192,776,19.8,0.53,-28935.29,8,1776617967161,1777918055226,15.0,-5522.11,0.191,0.0,0,0.0,,False,True,False
0x41e236c4dce7a08d45ff705f7c38fb378de3b8bd,True,2000,1096,75,1021,6.8,0.06,-21938.7,8,1788608042868,1788733568339,1.5,-2356.11,0.107,0.0,0,0.0,,False,False,False
0x4202807941f70dd28685838d44df388f8b098003,True,2000,1029,506,523,49.2,0.73,-15703.29,22,1754037453743,1782484315790,329.2,-3410.68,0.217,0.0,0,0.0,,False,True,False
0x420e35ba38c902b86a6de222740d1a6d856ee57d,True,2000,928,328,600,35.3,0.41,-23734.98,19,1785145835504,1787903013921,31.9,-2600.06,0.11,11175.052293,1,4782.84,42.8,False,True,False
0x421d63283e3162ffef83d37cda3286653e829048,True,2000,979,435,544,44.4,1.1,1575.25,1,1787875329186,1788819416838,10.9,2175.52,1.381,0.0,0,0.0,,False,True,False
0x422d8a0e2da6995b154ac64f62e246e1ee22c077,True,382,125,94,31,75.2,0.61,-25288.08,4,1773233064645,1785358978629,140.3,-25799.77,1.02,0.0,0,0.0,,False,False,False
0x42351635d3e18bebbed4d119da64607d765ae877,True,2000,1140,517,623,45.4,1.4,43493.7,17,1752698510660,1788813432860,418.0,22161.24,0.51,20199.969619,0,0.0,0.0,False,False,False
0x424f58c01b5440ebc2382ac01b7a3597b12076ff,True,2000,1097,520,577,47.4,1.4,1455.69,29,1788818636040,1788853073653,0.4,213.31,0.147,117584.256204,31,-416.49,-0.4,False,False,False
0x426b4ccb67d3f81380eb52fe3b63a6d3c7fa9651,True,2000,1094,735,359,67.2,0.9,-6055.72,14,1779747354639,1788826575906,105.1,-16762.64,2.768,5402.442802,1,62.0,1.1,False,True,False
0x427ae11dbc7c3fcb791132ed740620c5d22cfd50,True,625,262,98,164,37.4,5.79,25040.44,21,1719702050175,1787620248456,786.1,13280.87,0.53,0.0,0,0.0,,False,True,False
0x4298b836963c5c18ef766ebe844e0425e3c38f5f,True,2000,622,284,338,45.7,1.04,696.15,15,1778077543778,1788540348981,121.1,3019.81,4.338,38649.91145,2,10218.21,26.4,False,True,False
0x42afb96dcd6238a45bdbc0f5629b6e1922a72239,True,2000,1036,309,727,29.8,0.75,-10766.69,6,1776110619471,1777569507909,16.9,2648.85,0.246,0.006596,0,0.0,0.0,False,False,False
0x42bd05d48535ad28c0e7c95137bac6d22fb15867,True,2000,465,111,354,23.9,0.6,-9234.93,11,1782325592000,1783217823244,10.3,2800.92,0.303,0.0,0,0.0,,False,True,False
0x42e045cf1afeb7ae209f5e316e10c4f09be6c144,True,704,208,112,96,53.8,0.67,-21570.03,17,1745848242993,1788339293490,491.8,-8333.88,0.386,52782.995272,7,7099.74,13.5,False,True,False
0x42f10c0d80d674292395d1bef9315499b7e4f161,True,1867,938,493,445,52.6,0.69,-20967.39,7,1741778713849,1788850125172,544.8,-18390.06,0.877,11227.964186,3,-1837.63,-16.4,True,True,False
0x430b028b15f31f6b80fe56c435891c1eb7fbbc73,True,213,96,60,36,62.5,2.64,4304.48,6,1752411791258,1785049534611,377.8,2081.28,0.484,1163.838938,1,-534.14,-45.9,True,True,True
0x43227629cdba0b8cedfc307dec96eb4ae050ad14,True,2000,871,677,194,77.7,2.71,11416.57,52,1786011951500,1788828833501,32.6,-3216.85,0.282,6241.980235,8,-637.79,-10.2,True,True,False
0x4337882fc8a4af39717edb96ef27f2234ae0f6dc,True,2000,833,189,644,22.7,0.17,-5773.26,16,1787868601903,1788839163964,11.2,-282.4,0.049,10930.014862,1,2137.75,19.6,False,False,False
0x434859f0536ca8c771e7bf819186538b4f4c80e0,True,2000,240,89,151,37.1,0.99,-348.73,2,1762515234187,1776128953682,157.6,-6967.22,19.979,0.0,0,0.0,,False,False,False
0x43604cfd21ae1179a7b80acc7ed2e9bfae74c0e9,True,2000,985,476,509,48.3,0.19,-733.55,15,1777832686049,1786460030078,99.9,-151.79,0.207,0.0,0,0.0,,False,False,False
0x4384b8f10c47cfd3d2b88491a4343e7ffc95986d,True,1907,646,185,461,28.6,0.7,-3693.35,15,1778861552993,1787401594776,98.8,-2042.32,0.553,0.0,0,0.0,,False,True,False
0x43977ddc6791af9e7b6cea54bc22de6b8c5a4575,True,2000,878,519,359,59.1,1.91,11156.85,47,1770146240204,1788707057706,214.8,3158.19,0.283,9922.655554,3,-1764.2,-17.8,True,True,False
0x43b39ce5c49da8f83926c6c2dd4ba3cb1f379489,True,102,65,41,24,63.1,1.83,2821.05,2,1780691117050,1781277235681,6.8,1279.33,0.453,0.0,0,0.0,,False,False,False
0x43c89407960a524cb8c6ce09d647423fcecc40c6,True,1289,560,298,262,53.2,2.25,10650.83,37,1710820016010,1788821842024,902.8,1268.0,0.119,8129.790531,5,775.01,9.5,False,True,False
0x43eabf1421922d658e80cb5f7c4a65e6cfc697e1,True,1877,931,591,340,63.5,1.08,3941.03,11,1765295409018,1780414630438,175.0,-4792.17,1.216,3e-06,0,0.0,0.0,False,True,False
0x4402ee1148d9614b247011106b2c95465ed8e4d0,True,1222,412,183,229,44.4,0.58,-1605.17,22,1769194936998,1772992132784,43.9,-964.0,0.601,0.0,0,0.0,,False,True,False
0x4414c727150912ad9a0f85a23d49b0befb027df0,True,2000,1155,484,671,41.9,0.75,-964.18,14,1765560758589,1776689540452,128.8,-875.11,0.908,0.0,0,0.0,,False,True,False
0x443e3f1dc54035274feaf90ab9852b3f3ba8ea3e,True,2000,1113,408,705,36.7,0.61,-5857.43,17,1774774909755,1776193838503,16.4,844.88,0.144,0.0,0,0.0,,False,False,False
0x444f56a6761013c7039f930fd4fcdcf1cee776f8,True,1186,463,284,179,61.3,3.95,50856.27,1,1776488301160,1788667614464,141.0,10438.55,0.205,26081.122847,1,-2789.54,-10.7,True,True,False
0x445b9f0445321d05bd12aa4829e2f6494ad8e107,True,178,94,78,16,83.0,1.72,2195.86,1,1783456835763,1787624275715,48.2,-741.9,0.338,0.0,0,0.0,,False,True,False
0x447b6f68efc764ac1829fc017ebca4fc1d65ca63,True,2000,940,259,681,27.6,0.83,-2261.35,18,1779954493417,1782930120500,34.4,1028.41,0.455,0.0,0,0.0,,False,True,False
0x448e40c9d1d195d492782e63b922896c88603523,True,2000,1091,468,623,42.9,0.58,-5601.79,33,1779797098089,1788184270576,97.1,-1291.25,0.231,0.0,0,0.0,,False,True,False
0x44a3babacf56418c98265a6b8b7aefcdc260790f,True,2000,878,473,405,53.9,0.66,-21613.15,19,1775016523064,1788526228400,156.4,-4524.2,0.209,58797.548253,4,13263.52,22.6,False,True,False
0x44af1a7c443d04b586fb433831d71d35ff3f2364,True,2000,985,535,450,54.3,1.73,3157.99,4,1782054340295,1786928700774,56.4,683.68,0.216,0.0,0,0.0,,False,False,False
0x44c5c4bc9cdc4cef885a4c9c81a13412a24081da,True,2000,748,369,379,49.3,1.11,1832.0,25,1761882356970,1787999270476,302.3,-4963.8,2.71,0.0,0,0.0,,False,True,False
0x44d13f4226326468ca9ee806bcb61406c98e817c,True,937,363,191,172,52.6,3.96,32764.12,6,1786760540318,1787531588253,8.9,1517.24,0.046,0.0,0,0.0,,False,False,False
0x44e54a779c2871b90a025b1d79317aaf76490afa,True,861,446,150,296,33.6,0.77,-626.35,10,1772659306616,1780326587832,88.7,265.36,0.424,0.0,0,0.0,,False,True,False
0x44f481f406d178c278346c5f94d8ac19438f7edd,True,2000,1147,624,523,54.4,1.0,-31.2,10,1788467886835,1788851171283,4.4,-1852.78,59.38,183710.656429,10,-269.83,-0.1,False,True,False
0x44ff912d0f88e27419ec0ddc950096609a9b6997,True,2000,977,768,209,78.6,0.26,-58945.26,18,1775955911439,1788757529697,148.2,-13102.5,0.222,91192.34424,14,-180682.27,-198.1,True,False,False
0x4515957daf1c5a1cd2e24d000e909a0ff6be1975,True,2000,1025,658,367,64.2,8.75,38909.41,8,1779314918328,1779586518706,3.1,838.84,0.022,0.0,0,0.0,,False,True,False
0x4526d52484a2a89d6e734562a01835b1e59d18a3,True,2000,889,302,587,34.0,1.0,-8.07,20,1775754944162,1787206964844,132.5,-139.83,17.322,0.0,0,0.0,,False,True,False
0x4535495989f30de9044bdf7409c0e104e1422131,True,2000,1229,954,275,77.6,1.29,18513.75,3,1783523823788,1786864795248,38.7,-11720.52,0.633,0.0,0,0.0,,False,True,False
0x454281038108645e3420eab098e29d4bcd0ff11e,True,2000,999,452,547,45.2,1.09,464.28,7,1780410385269,1787246281018,79.1,-311.97,0.672,0.0,0,0.0,,False,False,False
0x45645120f8a8c4e8ecaba24172c0cfd60e383f9e,True,2000,1094,852,242,77.9,13.0,10400.24,30,1780701872038,1785355744595,53.9,2246.62,0.216,0.0,0,0.0,,False,True,False
0x4570c2fbb02785f4622f34b902b96a71be03dd7a,True,2000,1070,532,538,49.7,1.6,12882.9,8,1787430385949,1788096415434,7.7,-3609.46,0.28,0.0,0,0.0,,False,False,False
0x458da031b0618ecb7e654c599b4cfac96fe82536,True,1196,559,296,263,53.0,2.13,17335.51,74,1732892966932,1788837803668,647.5,2708.02,0.156,3953.837185,2,651.52,16.5,False,True,True
0x459e59437e5a87a2fea099acddc5134d6d1afe2f,True,2000,828,500,328,60.4,1.26,2679.84,18,1776160097254,1779105271237,34.1,-920.25,0.343,0.0,0,0.0,,False,True,False
0x45ab58a2034f03aa446baf3bb1d236706f866cbc,True,2000,104,4,100,3.8,0.0,-15156.8,10,1765991261098,1787512089274,249.1,-983.0,0.065,1242404.048428,3,-497739.75,-40.1,True,True,False
0x45c42fbd450b5506f8dc819d46036630fe75b81e,True,2000,1278,661,617,51.7,2.26,5318.97,32,1783976014455,1788618090822,53.7,426.98,0.08,38451.691851,26,3083.32,8.0,False,True,False
0x45ddbcce6972fde370faf1d1c16aa60eff021fa4,True,783,761,640,121,84.1,0.47,-4281.61,12,1784809843114,1785673682090,10.0,-1949.75,0.455,0.0,0,0.0,,False,True,False
0x45f0ce7cbb2e2f670e28a2138b10fe4289861e5d,True,2000,879,521,358,59.3,0.26,-39574.7,7,1781811071301,1782817432475,11.6,-15832.32,0.4,0.0,0,0.0,,False,True,False
0x46022d3a25cbdfd638f00ee931c7193b04961a6f,True,992,479,178,301,37.2,0.77,-4037.72,9,1781191411931,1787153962153,69.0,-3659.47,0.906,0.0,0,0.0,,False,False,False
0x4611c06958a44122683072e300a4e01ad11e64f9,True,816,477,215,262,45.1,1.64,13660.88,43,1701424762559,1788100946994,1003.2,17699.81,1.296,0.0,0,0.0,,False,True,False
0x46282a19f843e50faac7ec6a1195c323484aaf2a,True,2000,1120,306,814,27.3,0.25,-84965.06,5,1783435506596,1786430246626,34.7,-6227.56,0.073,0.0,0,0.0,,False,False,False
0x464f483fac0dc3295493c8817861a912c0b4ba6b,True,2000,911,448,463,49.2,1.21,4793.78,10,1785985754100,1788795920262,32.5,-1951.33,0.407,3162.461662,1,-2284.68,-72.2,True,True,False
0x46730a91d1ffdcabf4477c4c41796aff8844fa87,True,2000,1107,193,914,17.4,0.15,-47032.68,11,1780329163466,1784071251400,43.3,-21594.76,0.459,0.0,0,0.0,,False,True,False
0x4698cc91be5bb2cbea0a18c59fcd24f220a1d209,True,300,131,30,101,22.9,0.92,-243.3,1,1788176698652,1788227846017,0.6,438.91,1.804,0.0,0,0.0,,False,False,False
0x46a20e03f47ec67d2c8e73819c12a6b0c4bbd081,True,2000,590,405,185,68.6,0.91,-592.01,35,1766121991825,1788809268418,262.6,394.72,0.667,2994.023225,4,4059.04,135.6,False,False,False
0x46b0b0e9fc24405ed8833cc53324c7fca0100c9c,True,2000,920,417,503,45.3,1.05,404.55,32,1787164454129,1788851389512,19.5,539.08,1.333,2650.499354,6,129.78,4.9,False,True,False
0x46c9a4d12683041a1e279367e124ccc09f96a453,True,2000,959,380,579,39.6,1.14,1207.94,8,1788525153375,1788772380937,2.9,997.5,0.826,0.0,0,0.0,,False,False,False
0x46f71831f063e293b14f32cdc42fb3a7021c4b4a,True,2000,870,453,417,52.1,1.02,340.45,30,1756265617932,1783462554844,314.8,-1452.65,4.267,0.0,0,0.0,,False,True,False
0x470a5f416a0f380e228cb8f5439c91b0c98c81a6,True,1480,1001,1001,0,100.0,inf,1099013.21,1,1787034581430,1787660568756,7.2,14857.35,0.014,0.0,0,0.0,,False,False,False
0x472935a5b43cc42734f06713921f561de02d7777,True,58,26,12,14,46.2,2.58,920.9,2,1779117549921,1779453136660,3.9,291.14,0.316,0.0,0,0.0,,False,False,False
0x473de8b780afd2af378f00e6ab3ceda924d28929,True,2000,1015,478,537,47.1,0.72,-3177.08,7,1781257234995,1781670085482,4.8,-766.84,0.241,0.0,0,0.0,,False,False,False
0x4764b22d74b22f9bf9af88b29b0082fa8a84cbb0,True,1110,489,213,276,43.6,0.66,-4804.71,13,1783877936643,1788723848095,56.1,-1921.77,0.4,5326.630548,2,116.76,2.2,False,True,False
0x478c53a76a1b90aa87be16480c883bd939e536a5,True,2000,905,366,539,40.4,1.32,8916.86,24,1742046136187,1781960313880,462.0,5389.07,0.604,0.0,0,0.0,,False,False,False
0x479ffbcd0d6e8e52675c5a4c99140e59a9023cd3,True,1965,389,189,200,48.6,2.62,1654.19,70,1742874095207,1784681315534,483.9,227.38,0.137,0.0,0,0.0,,False,True,False
0x47bbd78099e03bb86124b031f79cdbb653319bb0,True,2000,993,357,636,36.0,0.94,-680.24,22,1779485517269,1781028026859,17.9,1081.12,1.589,0.0,0,0.0,,False,True,False
0x47d5715bd28f9df19a1cfccb7ad33c0df0262014,True,2000,1079,678,401,62.8,2.95,23656.4,33,1734313358554,1780435630652,533.8,4035.68,0.171,0.0,0,0.0,,False,False,False
0x47e78741135adfe0f535539a9ec807b8d138c91c,True,1140,556,465,91,83.6,0.58,-12999.41,18,1773678503423,1787201290010,156.5,-6890.56,0.53,1456.435427,1,-995.05,-68.3,True,True,False
0x47f5cf9194377558185c1ff44261078bc97b6d30,True,1176,567,354,213,62.4,1.0,-10.49,15,1785130515219,1788596447801,40.1,-1450.73,138.262,25404.766128,6,7379.78,29.0,False,False,False
0x4807c793076f87a75d328a9310d743f650b94276,True,2000,1318,409,909,31.0,0.42,-373641.62,16,1762426561317,1788031864304,296.4,-53155.97,0.142,0.0,0,0.0,,False,True,False
0x482b0f4dad512fe086e121882a81e34c374acae4,True,2000,1374,1374,0,100.0,inf,26070.64,4,1788525150915,1788850382666,3.8,1884.81,0.072,856724.28517,5,995546.9,116.2,False,True,False
0x48400b088b0a905119265f183a0dd08a88d29185,True,2000,815,381,434,46.7,1.19,4947.33,13,1778875872847,1787221902538,96.6,1553.4,0.314,0.0,0,0.0,,False,False,False
0x4862f1a3ea809bf938fbf9db2aafa6d76dc6e2a5,True,2000,958,207,751,21.6,0.69,-1032.97,7,1788354131899,1788853542090,5.8,354.26,0.343,0.0,0,0.0,,False,False,False
0x488267c13aef029c5c41fae8c264300e76b9f996,True,132,53,17,36,32.1,2.57,1550.87,10,1749787980207,1788734141461,450.8,828.23,0.534,0.0,0,0.0,,False,True,False
0x489f0be7c152dcbfef769fc45f9dfef0a0c5ecb0,True,2000,622,475,147,76.4,0.6,-19522.46,14,1777561258720,1785159961237,87.9,-11386.62,0.583,0.0,0,0.0,,False,True,False
0x48b5c751c2d63ac9134ce31f8d3e08b6836f6ee0,True,2000,2000,914,1086,45.7,1.36,5697.59,59,1786147328725,1787063537092,10.6,2054.83,0.361,0.009136,0,0.0,0.0,False,False,False
0x48c820d8fe3c73d36d6ae0ee2818e977d5a60d80,True,1449,673,117,556,17.4,1.1,2433.06,25,1736024539946,1788794946358,610.8,2541.77,1.045,0.0,0,0.0,,False,True,False
0x48d267354341b6a934e9bf15aa447a9a2d8ba3eb,True,181,96,22,74,22.9,0.02,-17249.44,9,1750012383137,1783882506695,392.0,-5127.36,0.297,0.0,0,0.0,,False,False,False
0x48f24feae4d4369c6d5cc84eb65bfaf6be54ae4e,True,2000,966,492,474,50.9,0.8,-850.57,20,1779934084059,1784052243205,47.7,-1286.81,1.513,0.029208,0,0.0,0.0,False,True,False
0x48f97ed0f2ff612ab112f594f091990185758798,True,693,367,186,181,50.7,0.63,-1108.49,1,1782491525984,1783266212752,9.0,-287.73,0.26,0.0,0,0.0,,False,False,False
0x491358b11ff875b0bcaff32972a53e8c0e0a30ac,True,2000,946,376,570,39.7,1.53,17835.12,19,1782441445731,1788849554396,74.2,-5170.55,0.29,5887.360325,2,1149.5,19.5,False,True,False
0x492a947ea641b3daea0b7e843782053006998d3c,True,1791,776,448,328,57.7,0.75,-3557.38,7,1769819746627,1788533750780,216.6,-2999.19,0.843,802.582853,2,428.33,53.4,False,True,False
0x493e33915ed3656eca7e2df131a2fe5a6dac4a23,True,2000,1546,1074,472,69.5,0.51,-2497.45,11,1781142215774,1783715758668,29.8,461.77,0.185,0.0,0,0.0,,False,False,False
0x49527eb43d0b8b8f0d4255a4eaee89d06ce8da8a,True,2000,814,335,479,41.2,0.45,-8667.4,49,1787566420576,1788849520498,14.9,-3063.69,0.353,37617.00022,20,-6110.61,-16.2,True,False,False
0x49772161834914e771d5917cdddf0128025a4d02,True,478,236,65,171,27.5,0.88,-408.62,13,1736174558735,1777493092213,478.2,-383.61,0.939,0.0,0,0.0,,False,False,False
0x49951145a845742cb7edde79a606a51ed35c38a8,True,1473,677,232,445,34.3,0.3,-129887.6,23,1719319166020,1788425581509,799.8,-51779.81,0.399,0.0,0,0.0,,False,True,False
0x49b61303c97fd07c99f73a53486015e5d371c9a9,True,1798,817,456,361,55.8,3.49,50285.43,9,1787571748802,1788836880265,14.6,6453.77,0.128,38751.296298,2,-6388.41,-16.5,True,False,False
0x49ca01a86bac382c86ce2d393ee555582a49e26b,True,2000,1095,546,549,49.9,0.95,-9.6,41,1766614210551,1779512349794,149.3,20.5,2.136,0.103231,0,0.0,0.0,False,False,False
0x49dfb8ddbd3ba96c0699a3f120e71f2516c345d8,True,2000,1268,495,773,39.0,0.82,-1012.89,9,1788732184553,1788853660071,1.4,-334.2,0.33,156730.728029,5,-566.67,-0.4,False,True,False
0x49eeaaf9524eaa02b6af71c137f4abcb1aa70362,True,2000,1049,463,586,44.1,0.21,-372942.14,5,1786456021130,1788525021091,23.9,-33497.47,0.09,0.0,0,0.0,,False,False,False
0x4a1116a7f4803acae5214f5865fbd4ec50a10f94,True,144,45,32,13,71.1,16.28,433.39,13,1757087123996,1788796873625,367.0,264.45,0.61,174.374696,9,77.71,44.6,False,False,False
0x4a1dbac49983b93941dd28399ccb518972116753,True,140,83,71,12,85.5,1.22,259.58,2,1767197624948,1788393600075,245.3,-492.17,1.896,0.0,0,0.0,,False,True,False
0x4a22c2a5e1400b08e76122d692bf8cd55b352e1e,True,2000,831,269,562,32.4,0.75,-16165.45,7,1787221253637,1788766192228,17.9,5297.57,0.328,0.0,0,0.0,,False,False,False
0x4a41c60f3bb3ed15f37f0985dc39340080597971,True,809,399,123,276,30.8,0.89,-1217.97,38,1737228636576,1788762574131,596.5,989.12,0.812,8744.677802,13,18615.46,212.9,False,True,False
0x4a5ae81bb737662ff67f7b31eb6fe62d15d91441,True,2000,1708,503,1205,29.4,0.38,-85320.0,18,1758729452557,1785734377927,312.6,21585.91,0.253,3.889057,2,4.98,128.0,False,True,True
0x4a7030fe5ebbcc74e9c4123b74c2dd587792cf32,True,389,180,69,111,38.3,0.47,-9495.66,12,1730468705851,1787153059385,656.1,-3824.3,0.403,6989.920677,1,-4966.3,-71.0,True,True,False
0x4a7f19e830ff0b0d8eefa03ba6719ac9c5c1ee54,True,2000,723,518,205,71.6,6.32,92851.82,6,1785362353109,1787233310018,21.7,18203.68,0.196,0.0,0,0.0,,False,True,False
0x4a95b86a8bd451534117d07672fa51fa89b9615b,True,2000,1290,831,459,64.4,1.42,30550.44,29,1738569523155,1780702583386,487.7,16597.34,0.543,0.0,0,0.0,,False,True,False
0x4aa35d00ff3db8f720c4f60ca9b984bf74b19e9b,True,34,17,11,6,64.7,0.37,-250.77,3,1765946184631,1780459358547,168.0,-230.89,0.921,0.0,0,0.0,,False,False,False
0x4ab95a94e0b23bd3a8c1cb1d0322235d0817019f,True,46,27,23,4,85.2,3.42,12768.31,1,1776877229798,1788525727148,134.8,6689.13,0.524,0.0,0,0.0,,False,False,False
0x4ad61ae047e4849bee9d9520e52a5f6d6c629c93,True,1582,565,344,221,60.9,0.6,-12511.79,17,1739857955701,1786683389697,542.0,-5092.9,0.407,21.537993,1,-48.64,-225.8,True,True,True
0x4ae73faa8bf1f8c5900c6f2887b8579be6be086c,True,192,87,23,64,26.4,2.99,3026.29,6,1783294441304,1787184264090,45.0,1104.23,0.365,4270.924004,1,-2505.12,-58.7,True,False,False
0x4b0b05bed23b6055a56f69d0b2b1019174fb600a,True,1038,559,469,90,83.9,2.96,22082.23,12,1785262523990,1787351241985,24.2,-7852.37,0.356,0.0,0,0.0,,False,True,False
0x4b2de27ef0a189125cf2ca554576fb5307c22f6f,True,2000,1049,0,1049,0.0,0.0,-401748.23,1,1783546426277,1784101196836,6.4,-24443.04,0.061,0.0,0,0.0,,False,True,False
0x4b4be712ae1e906e4558735bf7f409b6eb456016,True,802,394,127,267,32.2,0.6,-3004.75,33,1778238356399,1788380108897,117.4,-409.77,0.136,0.0,0,0.0,,False,True,False
0x4b65b6db0e51d86d41cc0e09d4629a48cd477244,True,1290,646,315,331,48.8,2.97,4533.9,12,1775690353638,1788712476167,150.7,382.7,0.084,0.0,0,0.0,,False,False,False
0x4b8e5a020837abb2530b79cdc1237f1e9d97d83f,True,1988,756,603,153,79.8,5.75,4883.24,17,1768705265433,1773654157872,57.3,1446.85,0.296,0.007667,0,0.0,0.0,False,True,False
0x4ba04830e5f615dc0e7d80a7dc4352c241ccbdc2,True,1415,817,311,506,38.1,1.6,7474.75,4,1764267362676,1788798005720,283.9,3371.79,0.451,3098.312997,0,0.0,0.0,False,True,False
0x4bb91d6206a35cf5152624d05bdbcc2b73926ee0,True,985,450,194,256,43.1,0.66,-9533.09,27,1737278692554,1788851335387,596.9,3915.93,0.411,6209.17658,1,-808.75,-13.0,True,True,True
0x4bc52d0ab83ed62c91c9a89fc3304e12422a54fb,True,522,6,0,6,0.0,0.0,-4.95,2,1752855648310,1787303515565,398.7,-3.44,0.694,2108099.692421,1,-3938199.93,-186.8,True,False,False
0x4bdeda7670e0ef26c3e40ff697c1628b1ce2cdee,True,186,48,32,16,66.7,4.56,3541.09,12,1769372412063,1788377582759,220.0,818.57,0.231,0.0,0,0.0,,False,False,False
0x4bebc009f3d5f9c759374e89ac493a3ad8165212,True,1365,645,339,306,52.6,0.4,-6633.26,16,1776106696012,1777912018397,20.9,-2390.71,0.36,0.0,0,0.0,,False,True,False
0x4bfec15b25cec0cf657459dc09075c9115feda36,True,2000,983,293,690,29.8,1.15,2488.44,2,1779253749451,1780911811475,19.2,2232.54,0.897,0.0,0,0.0,,False,False,False
0x4c226d5a21ae3b9883f98cbda1a3be63e565f308,True,2000,952,553,399,58.1,0.73,-194.86,54,1788849148004,1788853855199,0.1,-7.04,0.036,431329.247581,54,-42806.56,-9.9,True,True,False
0x4c3bd70c45a63bb7b1fb1ca2e55cd44d6ccd57b9,True,2000,353,88,265,24.9,0.5,-12758.61,4,1788482901297,1788817169712,3.9,3719.17,0.292,0.0,0,0.0,,False,True,False
0x4c5f6a14ae46f76e15da196afc1bd830fa4cc9bb,True,146,49,35,14,71.4,17.7,5601.44,3,1773990428423,1775987218570,23.1,1169.51,0.209,0.0,0,0.0,,False,False,False
0x4c6eacc86bd4cee8f41cf257f054ca53b2cef8b3,True,1520,782,569,213,72.8,1.75,27447.19,20,1742674178434,1787296521422,516.5,9523.32,0.347,0.0,0,0.0,,False,True,False
0x4c832b5874bedfa2ded30148cb38974aa0177707,True,2000,918,640,278,69.7,2.24,18212.66,18,1722019392516,1788478874661,769.2,9253.48,0.508,0.0,0,0.0,,False,True,False
0x4caaf39297f90c23aed3d24181df8b58260e14a3,True,2000,891,422,469,47.4,0.24,-22114.19,41,1740442029796,1788220800019,553.0,-9647.6,0.436,0.0,0,0.0,,False,True,False
0x4cbc0a0de22b317cba5813909a5f328f8d3b569b,True,2000,1178,584,594,49.6,1.87,17314.52,27,1770330634258,1788363659041,208.7,4000.58,0.231,0.0,0,0.0,,False,True,False
0x4cd1a752edf6b31b395f87c42375d2b2340feb1d,True,2000,996,618,378,62.0,0.76,-10009.61,5,1776692088040,1788835802903,140.6,-10469.03,1.046,9323.817828,2,-672.22,-7.2,True,True,False
0x4cec4a6b950df46b76b3291629c938980cb3c697,True,209,88,74,14,84.1,0.1,-4010.56,5,1755819859531,1778478828521,262.3,-3197.34,0.797,0.0,0,0.0,,False,False,False
0x4d0b0db208ec8a6b31da314c8947a8353974c2e6,True,2000,624,379,245,60.7,0.86,-7623.46,3,1776454844735,1778470198136,23.3,-5477.02,0.718,0.0,0,0.0,,False,True,False
0x4d2a7e458a9091cf678b3a4a21d4be019870ebaa,True,2000,696,319,377,45.8,1.43,3461.14,24,1784095119729,1788748765425,53.9,1430.44,0.413,22.286653,1,-12.07,-54.1,True,True,False
0x4d4ec0ff1e3dc39e326690e44f5633b94403eacd,True,2000,1186,383,803,32.3,0.55,-165.14,4,1788835316789,1788853907783,0.2,-17.4,0.105,0.004431,0,0.0,0.0,False,False,False
0x4d6432e14cbd606318b93ed3a6a82c2967780398,True,333,120,83,37,69.2,21.85,42118.6,2,1765945267979,1782392756251,190.4,18493.29,0.439,0.0,0,0.0,,False,True,False
0x4d76d9da7c68ed6e8f63a125f177f22781d5de79,True,1305,692,308,384,44.5,1.52,15340.68,2,1776499213898,1788592113087,140.0,2647.07,0.173,0.009631,0,0.0,0.0,False,True,False
0x4d8f8dd88621c51c85c421ac9bde75cf4a53ba9a,True,177,79,50,29,63.3,0.96,-57.66,6,1767943918366,1778916780419,127.0,-380.1,6.592,0.0,0,0.0,,False,False,False
0x4d98b90beab70734b5e0618d059fd30850f89da2,True,2000,1001,406,595,40.6,2.65,35471.35,8,1782799320311,1788742895475,68.8,4850.66,0.137,94139.473209,4,27802.85,29.5,False,False,False
0x4dbed1f5d74ed86d987dad61ab9b79211b42385e,True,960,360,74,286,20.6,0.05,-45894.34,1,1780696134521,1780724225621,0.3,-4556.93,0.099,0.0,0,0.0,,False,True,False
0x4dc77bc8a2940c2a8e85dd6a85b680cdca1142d5,True,2000,994,261,733,26.3,0.79,-2602.26,14,1780216715894,1788036495985,90.5,1792.96,0.689,0.0,0,0.0,,False,True,False
0x4de6ad88c54664c320d6fd5e14869c62d67161ba,True,2000,962,329,633,34.2,1.47,11130.71,11,1787254164452,1788472692776,14.1,13494.2,1.212,0.0,0,0.0,,False,False,False
0x4e0279fa36bf5eac00a2dba841a1043a4b0f940e,True,783,364,119,245,32.7,0.7,-2772.4,9,1767873346138,1788390136873,237.5,969.43,0.35,0.0,0,0.0,,False,False,False
0x4e1cfa8c6e0d4a681cdb362027c61e650d2aaac0,True,2000,791,479,312,60.6,1.23,3439.8,33,1759259299042,1788810898626,342.0,997.31,0.29,905.201715,3,-202.51,-22.4,True,True,False
0x4e373bc9966087c9b20b1252e338f71d5e37c462,True,2000,862,429,433,49.8,0.47,-24005.43,36,1782458471595,1788190355050,66.3,-6774.4,0.282,0.0,0,0.0,,False,True,False
0x4e4ee15882a0558ea6f5817f6fbe7045a09701a6,True,2000,1693,1655,38,97.8,4.71,38789.79,10,1776808331022,1781622166212,55.7,7047.81,0.182,0.0,0,0.0,,False,True,False
0x4e5d17686ae0c7a2b505d736d37b84fb44843c72,True,1061,550,274,276,49.8,0.89,-3594.93,15,1751712815857,1786065447823,397.6,-4540.94,1.263,0.0,0,0.0,,False,True,False
0x4e7dc4941e3002e9ceeff6059880107a8f9a042d,True,2000,966,470,496,48.7,0.99,-50.18,15,1781235439785,1787894639393,77.1,330.43,6.585,0.0,0,0.0,,False,False,False
0x4ea61e9e45cee261bbb8c2f4a866c21f80a6e187,True,2000,765,353,412,46.1,0.91,-4072.09,30,1755872611582,1788818594122,381.3,-3346.88,0.822,0.0,0,0.0,,False,True,False
0x4ed7402f8e7e9ca685d24997360d656695836bde,True,2000,778,255,523,32.8,0.46,-7926.96,9,1788438685063,1788743372015,3.5,-1164.52,0.147,0.0,0,0.0,,False,False,False
0x4eec3fb628250887e55a1b24c0a9de3e00d079cf,True,156,60,38,22,63.3,1.56,1250.26,6,1787309889379,1788842998907,17.7,-984.74,0.788,11137.850117,2,-522.57,-4.7,False,False,False
0x4ef9df153953afaad1268809e0da6c15396c16ba,True,2000,808,233,575,28.8,0.73,-4864.91,16,1757511888828,1788739200041,361.4,1489.11,0.306,0.0,0,0.0,,False,True,False
0x4f0fdf8f107d7748b6e1faa84c8a201edf05be34,True,2000,1019,556,463,54.6,2.05,20690.33,21,1777478130326,1779784591412,26.7,-3249.63,0.157,0.0,0,0.0,,False,True,False
0x4f294e5dea9d3b1139960a8ba766908ed19fbd33,True,903,368,203,165,55.2,84.86,143367.03,65,1685609290508,1787748228331,1182.2,20648.97,0.144,0.0,0,0.0,,False,True,False
0x4f468c65fb3438f94c7864914bce4bc5dd6bd156,True,1045,401,277,124,69.1,1.21,1187.8,11,1763721394266,1788771744557,289.9,-530.65,0.447,12529.35639,1,-2468.24,-19.7,True,True,False
0x4f667bfdd619946c272df4d51b83e7e85a6cbb7c,True,2000,829,412,417,49.7,0.73,-2982.1,21,1780166064498,1788738204898,99.2,-790.8,0.265,5038.272387,3,10092.25,200.3,False,True,False
0x4f76584d9b26886f7dad6240b463f4c23b948937,True,2000,750,633,117,84.4,2.12,21263.93,12,1785544203125,1788840993027,38.2,-7046.77,0.331,15271.56378,4,5624.18,36.8,False,True,False
0x4f8d97555a4b827887ff30bf7903fe51a0465555,True,90,63,59,4,93.7,37675.64,6489.83,5,1752230451079,1788769799020,422.9,966.81,0.149,0.0,0,0.0,,False,True,False
0x4f9ec47ee94af4153288175cc297c7e1cbe48402,True,2000,803,652,151,81.2,2.15,5067.32,9,1780683301815,1788825600043,94.2,-1163.45,0.23,0.0,0,0.0,,False,False,False
0x4faf0ba2e027d714194fd612b71c60d680852322,True,2000,1075,411,664,38.2,0.69,-6271.47,28,1781808657220,1788156014164,73.5,2369.04,0.378,0.0,0,0.0,,False,False,False
0x4fc5bcf458fca1fe10bf46f0049ad164211b8fbc,True,2000,1006,369,637,36.7,1.71,9661.14,8,1787624264514,1788198066966,6.6,935.03,0.097,0.0,0,0.0,,False,False,False
0x4fe53e953f1ff4454d144cb6f4fee3f2ca9363fe,True,2000,273,273,0,100.0,inf,170467.69,5,1783670812590,1787582727462,45.3,26545.25,0.156,267977.692495,1,535841.11,200.0,False,True,False
0x4fedc39b20ce528ccd20aea608fc8f6891bd689f,True,45,24,10,14,41.7,0.18,-38736.65,5,1741726455201,1788535666794,541.8,-41813.35,1.079,1524.197503,1,100.27,6.6,False,True,False
0x50001e67d44460f0d4eb725dc25a603b5e077940,True,1704,827,318,509,38.5,1.18,1559.61,18,1777316680182,1788820810503,133.1,-828.41,0.531,0.0,0,0.0,,False,True,False
0x500fcb8d733621b676140da04f12913b533bceeb,True,244,129,35,94,27.1,10.91,8636.0,9,1780071700308,1781111160290,12.0,2820.96,0.327,0.0,0,0.0,,False,False,False
0x502878d4990f2c07bcc7e419cbb525eb0fd3b2f4,True,2000,1088,937,151,86.1,2.5,5741.02,18,1780679262207,1788851737812,94.6,-862.67,0.15,1492.741827,1,-105.97,-7.1,True,True,False
0x503b30b2eff8d62f07ab9fe5f1fb0e6a18e86bc1,True,2000,985,242,743,24.6,0.09,-22765.07,2,1783623057496,1785610204033,23.0,-2226.79,0.098,234.881914,0,0.0,0.0,False,False,False
0x504f84c74118b57d5daafd1dcb08cb30807400bf,True,429,186,94,92,50.5,1.68,5994.03,12,1737367652662,1788511961085,591.9,2154.61,0.359,6274.821282,3,3550.9,56.6,False,True,False
0x505f0ce70718e4aa880cef1ecc3c4da958c8300a,True,2000,969,486,483,50.2,0.93,-855.11,88,1785448226510,1788838878184,39.2,2542.21,2.973,11228.012208,44,13811.39,123.0,False,True,False
0x506f4aafae46893d6843e90b22e48ab2d950e6ff,True,222,103,56,47,54.4,1.16,702.88,2,1781388084129,1782950400074,18.1,-1135.29,1.615,0.0,0,0.0,,False,True,False
0x507f3b37728d15e8aa3f6cf26776b2c93f6494a7,True,1269,509,388,121,76.2,1.59,8191.13,32,1777497388131,1788843634176,131.3,-1477.1,0.18,26957.13917,3,-2261.62,-8.4,True,True,False
0x5091c13d6140fc1199cb5bae14d48402184cc76a,True,162,55,55,0,100.0,inf,3910.59,1,1776827213811,1776908251905,0.9,542.47,0.139,0.0,0,0.0,,False,False,False
0x50cda958887d1f6bd01ed70c6c4d6a06cad06c38,True,2000,946,470,476,49.7,3.5,33206.93,10,1777312389200,1778161886007,9.8,3811.62,0.115,0.0,0,0.0,,False,False,False
0x50e8db5da4198e49197743f8006b318cb6a08b49,True,2000,1311,602,709,45.9,0.57,-5870.37,76,1788748456744,1788854201801,1.2,-297.8,0.051,468169.869579,133,-27278.81,-5.8,True,True,False
0x50f6106cc637a5ab95b9dfd22041261ba476a6f9,True,1592,988,829,159,83.9,1.29,5681.62,7,1776315991567,1788705652576,143.4,-3407.11,0.6,0.0,0,0.0,,False,False,False
0x51134f40f625abb127d1bf330701037416e8878c,True,621,267,145,122,54.3,1.36,4877.11,16,1770569294737,1788712136429,210.0,2963.28,0.608,2185.943971,1,-246.92,-11.3,True,False,False
0x51310f6128515866ea1fe539afa131dda710a8b9,True,2000,917,662,255,72.2,0.47,-261832.24,11,1768951422332,1777794868546,102.4,-32179.84,0.123,0.0,0,0.0,,False,False,False
0x513dc3c4348120dd6fd659c094293398493f759c,True,840,426,332,94,77.9,42.71,38498.3,7,1713619189820,1788177847997,862.9,3965.75,0.103,0.0,0,0.0,,False,True,False
0x515ea2b2d72c8a8003df54c27536e9f697734ac9,True,2000,1235,570,665,46.2,0.98,-1063.08,26,1734409495070,1788836868681,629.9,16859.48,15.859,0.0,0,0.0,,False,False,False
0x516db4519ef0db51153ccb01a31ae4fb6b7b9f13,True,1736,812,427,385,52.6,1.17,2863.33,22,1727241982194,1787659987029,699.3,-2226.94,0.778,0.0,0,0.0,,False,True,False
0x518081e48fd4109fa4ecd377e56edd029489ad49,True,1860,904,530,374,58.6,0.53,-16240.25,4,1784716018683,1787179184769,28.5,-14393.2,0.886,0.0,0,0.0,,False,False,False
0x51995aebb605c91aaf4f25ca94f0a0b552515a65,True,2000,792,475,317,60.0,0.86,-2848.52,21,1759240786978,1786375389397,314.1,-1336.58,0.469,0.0,0,0.0,,False,True,False
0x51a4bb963af74905203272c256c5513734a572e8,True,1291,607,290,317,47.8,1.36,1749.35,43,1778198379888,1788703045303,121.6,522.3,0.299,5366.977648,3,-4803.35,-89.5,True,True,False
0x51b62b4bf8df6f2795b3da30cb46aa47f9f230a8,True,2000,1020,505,515,49.5,1.19,5159.3,61,1770480824958,1788465328025,208.2,-1732.09,0.336,136418.452558,1,-317.41,-0.2,False,False,False
0x51c77dc16f5823dca26b33055e87035e32a443b6,True,1532,655,322,333,49.2,0.75,-6511.93,94,1713738498991,1788378537975,863.9,2522.08,0.387,0.0,0,0.0,,False,False,False
0x51d4c05a60e427bb7d04de7ba6bf78f25302c18d,True,133,39,30,9,76.9,15.4,9000.66,5,1767717851655,1784619165839,195.6,2658.26,0.295,11795.421494,1,-184.25,-1.6,False,False,False
0x51ead28bd827e7685aa131971d820c1c2bac9094,True,2000,804,329,475,40.9,0.21,-238871.29,9,1786315026224,1787213646828,10.4,-46931.54,0.196,0.0,0,0.0,,False,True,False
0x52032ded705d2af0ebce983d84f0de9df1b31040,True,2000,985,516,469,52.4,0.71,-3202.73,10,1787173999931,1787936125317,8.8,-1963.71,0.613,0.0,0,0.0,,False,True,False
0x5225859519b7cee9ef3c807985cf2c16d3abaaf3,True,550,265,187,78,70.6,0.74,-4381.81,9,1752483023779,1788678421814,418.9,-3493.92,0.797,27438.392242,0,0.0,0.0,False,True,False
0x52339227fa560473bf28aec3f7d13eb9551c429e,True,2000,1143,461,682,40.3,0.33,-34940.22,7,1779356899851,1780684538382,15.4,-5567.74,0.159,0.0,0,0.0,,False,True,False
0x5242739cf086d71d65b0c557d2531769156369ab,True,1493,713,337,376,47.3,3.2,139406.93,17,1780013375241,1788739200041,101.0,23672.52,0.17,63443.676477,1,5081.7,8.0,False,True,False
0x525232cb6ed5030d2b052b36bfc0baec96986ee3,True,2000,938,609,329,64.9,0.32,-94661.31,6,1787696956332,1788746060648,12.1,-24106.67,0.255,150318.656018,1,-50803.11,-33.8,True,False,False
0x5272f37ecaa073e5a0ea07618145939e5e6cfcd9,True,2000,1172,584,588,49.8,3.89,236342.98,13,1778406824197,1788532847407,117.2,13460.38,0.057,661944.52809,1,-307548.16,-46.5,True,True,False
0x5290ab34acb59cfe1371baa5782eba14433d308f,True,2000,930,334,596,35.9,1.23,11282.77,13,1779061285350,1785471363189,74.2,3435.96,0.305,41603.389562,0,0.0,0.0,False,True,False
0x52a4605afffa14baa53898ca1f96d1c4255a626f,True,2000,789,140,649,17.7,1.68,902.16,19,1786138931163,1788845391775,31.3,573.35,0.636,0.0,0,0.0,,False,True,False
0x52c4e21a6738ae72e5194420964ce5bc9bff71ec,True,2000,114,82,32,71.9,4.2,8564.58,7,1782742079403,1787843622567,59.0,1039.74,0.121,10473.900167,1,-3294.13,-31.5,True,True,False
0x52dfc1d666c958f08a4922e996111d6fe9acc51b,True,2000,665,359,306,54.0,1.46,1818.37,32,1770490096208,1788482947830,208.3,688.25,0.378,5968.13217,1,653.18,10.9,False,True,False
0x52f2540578e878e39b37f1915056bc13ecb7923f,True,975,422,264,158,62.6,1.37,11881.86,15,1781292975965,1788467498775,83.0,6035.08,0.508,42035.0,1,-1574.57,-3.7,False,True,False
0x530741e38686c225cabd05bb56b82ea312dfc34b,True,342,172,65,107,37.8,0.57,-6927.08,17,1780674274015,1784811971652,47.9,-9271.37,1.338,0.0,0,0.0,,False,True,False
0x5323b92268b4e140ac2133c677e991cd9ad1b23c,True,2000,1384,662,722,47.8,0.61,-6405.98,4,1788845509936,1788854395017,0.1,-1196.38,0.187,6513622.924701,4,-24093.64,-0.4,False,True,False
0x53468239baf2907b3e0789493794a917d0b41219,True,2000,1060,404,656,38.1,0.78,-388.14,14,1775643805693,1778074658450,28.1,-101.74,0.262,0.0,0,0.0,,False,True,False
0x535d25f56cec6234b4d23c40d37bee5a942a755d,True,2000,956,77,879,8.1,0.01,-166349.53,2,1776141483873,1776348017622,2.4,-8706.61,0.052,0.0,0,0.0,,False,True,False
0x536849c0f85b1ddd8e237cd29b7e8a0f23ddae7b,True,2000,771,245,526,31.8,0.29,-62104.61,11,1758553353661,1782312276670,275.0,-6475.71,0.104,0.0,0,0.0,,False,False,False
0x537eaa8f37a4e6a1a09c0ca4d9f5d5df8e6e614e,True,1725,678,333,345,49.1,0.58,-9216.82,19,1784116055746,1787314883076,37.0,-1850.9,0.201,0.0,0,0.0,,False,True,False
0x53960bd9a25de1a608d1ecfb0e8d64d1cd0e0c97,True,2000,933,536,397,57.4,2.6,20103.54,52,1783794713776,1788839025676,58.4,-6684.36,0.332,0.0,0,0.0,,False,True,False
0x53ad6ded83498becd838dfd36f73f78f07f88683,True,159,89,72,17,80.9,4.95,6375.93,3,1752496292848,1788480000030,416.5,1273.08,0.2,0.0,0,0.0,,False,True,False
0x53c0a6df1bef66c7e9f239ef950bba203263016a,True,1045,358,213,145,59.5,0.19,-44658.27,15,1764806400032,1788844759808,278.2,-3806.54,0.085,93804.276832,3,-18878.84,-20.1,True,True,False
0x53d81efc0123b75221e8cdae0658c331fe6a56b7,True,876,320,320,0,100.0,inf,73726.87,1,1780907644535,1782479934152,18.2,10592.87,0.144,0.0,0,0.0,,False,True,False
0x53f2736fae551c998d4e72e519f1acf474264de4,True,2000,1085,460,625,42.4,0.49,-19426.43,61,1763679334717,1788531162883,287.6,757.23,0.039,21735.075076,19,2934.37,13.5,False,True,False
0x54012e1e43de8dd719a2deca0d6a254ee4db42b5,True,1966,1019,740,279,72.6,5.21,2846.14,3,1761373837145,1786938919794,295.9,1868.62,0.657,0.0,0,0.0,,False,True,False
0x541be649d256ec6f21afcff6cc0aebb4cdf979f4,True,271,119,83,36,69.7,4.37,4437.26,32,1714113246478,1787373051262,847.9,1859.79,0.419,0.0,0,0.0,,False,True,False
0x543a891b3be921777892e8c7694ec73b6364141a,True,2000,891,665,226,74.6,2.03,19040.24,11,1780737887876,1787685804036,80.4,-5243.45,0.275,0.0,0,0.0,,False,True,False
0x545b4f7a5448b6af1b2075bdf22e88d23fd356eb,True,2000,943,576,367,61.1,3.54,36596.88,5,1777227070190,1788513398031,130.6,2272.06,0.062,40765.760791,1,-56373.69,-138.3,True,True,False
0x547115095b2c969071e5e4034eb73759afe591d3,True,2000,1099,1008,91,91.7,17.63,14892.33,17,1779810569550,1787285780414,86.5,539.8,0.036,0.0,0,0.0,,False,True,False
0x54869010938bfdbaf0a7c9bf80baa6e13b50ca6a,True,2000,895,738,157,82.5,4.85,126273.02,2,1772123839607,1787302213245,175.7,17029.36,0.135,171204.155603,1,-176964.88,-103.4,True,True,False
0x548d9422e865cf782c6485d175f3b9ad4d34643c,True,2000,958,594,364,62.0,0.77,-78.99,4,1764858842538,1778716800062,160.4,-243.81,3.087,0.0,0,0.0,,False,True,False
0x54a7240cea67b8c41b7c7f2b485360f37331aef4,True,2000,1008,484,524,48.0,3.65,91852.2,9,1784465310044,1788799749545,50.2,43545.2,0.474,63746.540877,3,245792.92,385.6,False,True,False
0x54c93a93d5bf9e396fa3ab0aedb413174d61f52c,True,2000,789,221,568,28.0,1.0,-38.87,33,1776971894086,1782331345698,62.0,493.61,12.7,0.0,0,0.0,,False,False,False
0x54d5c4598810ee940a0fd1ef09ed545e90c62327,True,2000,1008,923,85,91.6,7.25,40704.38,3,1778386902338,1779233802942,9.8,1826.64,0.045,0.0,0,0.0,,False,False,False
0x54e3f54df4b10ff63f7284733ed735e8e1507c20,True,2000,1073,502,571,46.8,0.18,-18595.17,2,1787083440492,1787905056059,9.5,-1516.52,0.082,27005.139141,0,0.0,0.0,False,False,False
0x54fd31049b2f825f1ce77df37e830a4e0cfeacdb,True,2000,976,274,702,28.1,1.04,576.27,22,1787181472211,1788350362021,13.5,1470.01,2.551,0.0,0,0.0,,False,False,False
0x551d92fb4e4d2152748bb2305256f84b3cecc70b,True,432,426,425,1,99.8,988805.42,25870.09,2,1776494517152,1776567294330,0.8,1134.92,0.044,0.0,0,0.0,,False,True,False
0x552ee427a223ae029dd5f0dc1c232572369a91f1,True,2000,878,429,449,48.9,1.48,6750.42,31,1761365744153,1782167944195,240.8,4161.83,0.617,0.0,0,0.0,,False,True,False
0x555090c825ab1d08c5ddd611a5a1e04b74b502d9,True,2000,941,492,449,52.3,0.33,-24285.63,14,1760121499172,1787270400024,314.2,-18809.66,0.775,0.0,0,0.0,,False,True,False
0x555f53d67699fe0959513ac637f1a6eb5d3b5e55,True,1853,728,309,419,42.4,0.9,-492.4,49,1747841593980,1788795474121,474.0,-1378.89,2.8,0.0,0,0.0,,False,False,False
0x556f569416d244c74a29f76726052adc962a03a9,True,2000,1139,381,758,33.5,0.8,-299.67,8,1788841908708,1788854542386,0.1,115.2,0.384,281916.259273,9,335.21,0.1,False,False,False
0x5580ba66f8d6dc71adb0ca1d1c6b3d142ff7aaca,True,385,183,145,38,79.2,4.14,3612.35,22,1712067579664,1788759302916,887.6,712.4,0.197,254.212502,1,-124.8,-49.1,True,True,False
0x55a01b97f3eb6415dea143590b41209f1bbc9a3b,True,2000,1122,453,669,40.4,1.14,2276.77,12,1774443507056,1775594047857,13.3,1385.14,0.608,0.0,0,0.0,,False,False,False
0x55b80f17dba49f3803d16136e82d2adc5cdd2a10,True,2000,889,872,17,98.1,2574.95,521254.86,11,1775901873866,1786697734655,125.0,17285.53,0.033,30.032113,1,18.63,62.0,False,False,False
0x55d72cbcba1ab5c784bc52641d16c613e3b9bad4,True,2000,986,386,600,39.1,1.37,6588.89,35,1780299405082,1788570252831,95.7,3287.28,0.499,0.0,0,0.0,,False,True,False
0x55f480ca0e7064185683ecdfbb6f4956be8d39af,True,2000,1109,154,955,13.9,0.55,-816.68,28,1776242074736,1788769782608,145.0,156.52,0.192,350.134678,1,99.56,28.4,False,True,False
0x560a2edd994f2ba4883cdf8e0d164558d8c803ac,True,2000,1059,715,344,67.5,5.11,14725.15,32,1788106727285,1788833902943,8.4,755.78,0.051,6900.703144,5,-200.42,-2.9,False,False,False
0x5624de00e8ae3527524a87b2112a162e76d3aa71,True,2000,1270,739,531,58.2,10.61,107818.68,31,1776023553182,1784067728912,93.1,18254.76,0.169,0.0,0,0.0,,False,True,False
0x5649138d554cc40020ce2ed257b3c863b2790819,True,645,267,156,111,58.4,1.01,974.52,1,1776101295892,1787385948365,130.6,-23497.67,24.112,60646.85994,1,1552.06,2.6,False,False,False
0x566fac2e156ff5474ad29fd8d1707a88fbeeabb3,True,2000,1079,567,512,52.5,1.62,64477.61,13,1733609980697,1775084984589,480.0,-31129.04,0.483,0.0,0,0.0,,False,True,False
0x56871b0ab45d02dd1a29fbee0e6408ccd6e6fd49,True,2000,526,0,526,0.0,0.0,-231836.42,3,1779902120202,1780883121824,11.4,-25951.16,0.112,0.0,0,0.0,,False,True,False
0x5697ce38fce437fb0510839047cbe00174923bb2,True,2000,928,641,287,69.1,0.9,-4091.51,49,1767386241891,1787456664481,232.3,-11477.3,2.805,54817.264174,5,-19964.0,-36.4,True,True,True
0x56b8ac67168a2c4f4b4f75ab795b004cd99dc28b,True,2000,942,488,454,51.8,2.14,21517.26,25,1770146464523,1787389215426,199.6,2881.98,0.134,0.0,0,0.0,,False,True,False
0x56cd8e9610b6396fd2d5fff2b3ac031ce8ca800d,True,168,84,52,32,61.9,0.5,-155.15,3,1756210088628,1778758383971,261.0,-99.93,0.644,0.0,0,0.0,,False,False,False
0x56e488dc314d6c9ad6c2e00bcfabf0fdf5cde693,True,2000,998,506,492,50.7,3.82,17976.5,21,1784493413904,1788819590427,50.1,1539.39,0.086,0.0,0,0.0,,False,False,False
0x56fdaee0ea34b3c80cb90e363447cd3acfd511b5,True,2000,1177,699,478,59.4,2.28,2591.41,13,1788284063578,1788825600043,6.3,1868.56,0.721,0.0,0,0.0,,False,False,False
0x570536c56f4ed8df9c4636bafae009f7c13734f6,True,2000,1079,741,338,68.7,1.68,5339.15,25,1787401598591,1788800928749,16.2,1736.27,0.325,0.0,0,0.0,,False,True,False
0x57174ba8ac5cfcf8339d0cadf1b16a51122e0572,True,2000,968,531,437,54.9,1.9,6322.97,196,1780783634728,1788697376092,91.6,-1310.27,0.207,0.0,0,0.0,,False,True,False
0x572c3a462fa05495656220cd91d555188a3e6a90,True,2000,1271,389,882,30.6,0.79,-48304.69,10,1780690240698,1788326864094,88.4,11794.37,0.244,0.0,0,0.0,,False,True,False
0x5741bbe4cc1c973f7b002cc688f8969dc6d27458,True,2000,1016,228,788,22.4,0.85,-582.39,20,1757675408685,1788791645611,360.1,604.32,1.038,0.0013,0,0.0,0.0,False,True,False
0x5763cfb79e52b487075ce149836f8b376ddf1a23,True,975,489,275,214,56.2,1.13,2014.65,10,1777486233271,1780054980339,29.7,3530.63,1.752,0.0,0,0.0,,False,False,False
0x5772763f0804dca7f102888f954816eeb19506fe,True,2000,909,227,682,25.0,1.02,414.83,6,1787373526994,1787810408565,5.1,1548.07,3.732,0.0,0,0.0,,False,False,False
0x577d70a46050abbe2df3787d339b361ce73fe3e7,True,2000,795,390,405,49.1,4.75,15463.61,6,1788482665968,1788851600684,4.3,666.7,0.043,0.0,0,0.0,,False,False,False
0x5799622d3fd4c3821cc0edbff1c1a3aba09fe574,True,128,59,25,34,42.4,4.68,3029.53,4,1755668399120,1779496303927,275.8,840.3,0.277,4434.034664,1,9355.95,211.0,False,False,False
0x57a62830c05c3ed0a4082acde3003abfb9f47448,True,1435,636,521,115,81.9,7.86,110968.47,2,1733215646732,1780634452777,548.8,8424.82,0.076,0.0,0,0.0,,False,False,False
0x57bab9fca2e00dfdde0ee93097c9520ae3bd1bb3,True,811,411,313,98,76.2,1.45,4996.67,9,1781281780075,1785462667826,48.4,2085.6,0.417,0.0,0,0.0,,False,True,False
0x57d082c140c3c664faf9760c4967fd9e5f076f03,True,1988,846,281,565,33.2,0.82,-28603.52,5,1780667067707,1782302247846,18.9,18275.32,0.639,0.0,0,0.0,,False,False,False
0x57dd78cd36e76e2011e8f6dc25cabbaba994494b,True,2000,1997,65,1932,3.3,0.02,-27734.4,100,1780767704395,1782950400074,25.3,-870.01,0.031,4980620.01544,0,0.0,0.0,False,False,False
0x581079d00bbb1b8c0bd96b4a2bcc2090fb710fab,True,2000,962,850,112,88.4,2.86,7863.05,16,1785965618191,1788705170032,31.7,580.31,0.074,2.537242,1,0.52,20.3,False,True,False
0x582dc3401d0f96b81cd470d4c98f126c0db5f31a,True,957,587,251,336,42.8,0.64,-16773.67,1,1767785964522,1783412315820,180.9,-5811.93,0.346,0.002531,0,0.0,0.0,False,True,False
0x5849368ab76cf63f760baeea14033b359a93c7e5,True,1309,599,474,125,79.1,0.43,-9613.88,2,1761519136434,1776175194853,169.6,-3658.09,0.381,19.188397,0,0.0,0.0,False,True,False
0x585f4fbe2d2a889c286fa71fb81d01f30773f4b1,True,2000,884,687,197,77.7,3.68,38976.2,25,1787777732906,1788852247676,12.4,11014.8,0.283,192281.542824,4,-1553.32,-0.8,False,False,False
0x587433a3b2ea0bcd5accccef15ab06cd5b4776f2,True,2000,1089,509,580,46.7,0.13,-48507.88,10,1778369089927,1779522400454,13.3,-7057.77,0.145,0.0,0,0.0,,False,True,False
0x588432f54227364caf999a6df88dbf86a90f4772,True,2000,1124,584,540,52.0,0.87,-171.32,1,1788795274228,1788854814888,0.7,-90.03,0.526,27844.163563,0,0.0,0.0,False,True,False
0x5892306e270d73aa0aecf0912465c1c25455d513,True,877,437,143,294,32.7,0.17,-24474.56,18,1753664215923,1777648978220,277.6,-10860.96,0.444,0.0,0,0.0,,False,True,False
0x58a1af958aa93b29fda0d7e29182cbf0bee84394,True,2000,1082,813,269,75.1,0.63,-18529.11,31,1775026952927,1788628563512,157.4,-3109.05,0.168,17750.819078,2,-7983.36,-45.0,True,True,False
0x58ba004943a5190885a99a4e2a6a277bdb5d9c71,True,2000,699,380,319,54.4,1.85,15618.91,2,1772778026838,1781507085945,101.0,1738.23,0.111,0.0,0,0.0,,False,True,False
0x58ca77986fe30d06840a4066236ced1e93d0a713,True,1439,866,619,247,71.5,7.64,73864.07,8,1760129574521,1783593477755,271.6,4218.72,0.057,28285.05,0,0.0,0.0,False,True,False
0x58daeeeccde2da7ced508ce3ce4b12c369a100ab,True,1909,775,387,388,49.9,1.57,74630.46,5,1764244832919,1783683788717,225.0,26710.28,0.358,0.0,0,0.0,,False,False,False
0x58eb464e6bb8e2bf1bb55997d7d9247dc7306e13,True,2000,905,518,387,57.2,1.68,8798.02,57,1775152806289,1784119401038,103.8,1079.31,0.123,0.0,0,0.0,,False,True,False
0x5904a219cec930d90a844df234cbad84dccce627,True,2000,960,488,472,50.8,0.59,-14992.05,15,1779879536746,1788776672205,103.0,-3856.04,0.257,946.093708,1,334.84,35.4,False,False,False
0x591348cfb23c5e477aa193d02695f4cc70d8a3be,True,286,146,55,91,37.7,0.85,-2788.67,1,1782306709784,1788735360308,74.4,2866.8,1.028,36872.220328,1,737.01,2.0,False,False,False
0x592838c5d6ffb870c20bf4f13d1089259354d5f9,True,2000,1000,352,648,35.2,0.85,-234.54,26,1788849001141,1788854879366,0.1,232.13,0.99,794636.925415,29,794.78,0.1,False,True,False
0x5951aa892795f561e52c3be90291deedf568236a,True,1536,750,237,513,31.6,0.81,-4208.29,8,1767368847947,1776539312161,106.1,-3502.61,0.832,0.0,0,0.0,,False,True,False
0x597ad0817c674762fbeb9d35bb8ace8e6bfeb6d5,True,1062,552,361,191,65.4,3.3,41736.45,3,1776969070790,1779919741038,34.2,-5543.27,0.133,0.0,0,0.0,,False,True,False
0x599651141c7c8921dd9d94a39472f693dad81b74,True,2000,886,248,638,28.0,0.29,-72060.91,8,1787255930542,1788850047311,18.5,7259.52,0.101,5154.21987,1,-48.0,-0.9,False,True,False
0x59b8c949d5eb9fee0ba981fc3fdaa9e5b64652ce,True,2000,588,377,211,64.1,0.91,-1821.83,42,1780359079298,1787926702062,87.6,-2944.92,1.616,0.0,0,0.0,,False,True,False
0x59decd684bb5743a66d953e4d4771bc1c39ffb53,True,1056,480,247,233,51.5,0.58,-8800.64,5,1775004925676,1788753984581,159.1,-1653.94,0.188,0.0,0,0.0,,False,False,False
0x59f2f58be6cf6c9b782373eb627d93ed7345fd90,True,2000,1053,771,282,73.2,0.82,-9216.01,28,1776716744010,1788779818537,139.6,-3388.09,0.368,0.0,0,0.0,,False,True,False
0x5a0018683419d119793a9ef44f9ce05b8ae04fb4,True,1637,822,478,344,58.2,1.06,1731.01,3,1780823415286,1787213362087,74.0,-1089.97,0.63,0.0,0,0.0,,False,True,False
0x5a19bfe9c095c3bd188eca00a690b95200797aba,True,2000,1012,489,523,48.3,1.11,901.48,6,1787855678402,1788847425437,11.5,-158.53,0.176,24291.703223,3,-3356.14,-13.8,True,True,False
0x5a313b2dd4820f79b5e0f8362863b34af1ec2fad,True,2000,1063,473,590,44.5,0.6,-25173.87,36,1775002310268,1787528282884,145.0,4747.67,0.189,0.0,0,0.0,,False,True,False
0x5a421d60af119b3ecebc9d4e705210eaec5afe61,True,629,298,148,150,49.7,0.46,-15735.1,3,1787064889715,1788527500471,16.9,4836.38,0.307,25960.778389,1,-17087.36,-65.8,True,False,False
0x5a5ec18fcf9db025d24c3674dd48ff40d5305204,True,2000,738,613,125,83.1,14.56,15616.93,27,1787335860203,1788838665739,17.4,613.49,0.039,7967.246187,7,-7239.86,-90.9,True,True,False
0x5a697ce2ad0940312adcd5131d0c6823f7062b59,True,1780,962,529,433,55.0,1.57,10102.58,4,1770059415396,1780393527963,119.6,1681.06,0.166,0.0,0,0.0,,False,True,False
0x5a7a6b69c6382000fd35711fd28440f415417318,True,2000,1148,650,498,56.6,0.37,-696011.62,5,1778805452312,1787192168039,97.1,-60691.68,0.087,0.0,0,0.0,,False,False,False
0x5a8e21c3a73cc4742ecf1f422379a6fbf1992a42,True,2000,744,592,152,79.6,1.77,57269.13,13,1743958756555,1788533644923,515.9,4587.22,0.08,26624.78996,5,-53182.09,-199.7,True,True,False
0x5a94b53f3556f1212bf67c394a57450584d59f2a,True,2000,1087,463,624,42.6,1.11,706.22,24,1763728305330,1785356764736,250.3,-765.3,1.084,0.0,0,0.0,,False,True,False
0x5aa0e4f076a60a914617d0f9011a668326d22561,True,727,353,116,237,32.9,0.74,-5225.65,16,1717866613019,1787325548191,803.9,-3451.3,0.66,0.0,0,0.0,,False,True,False
0x5aab6789fae17a4979d5d119bff87a3b33df2974,True,618,267,156,111,58.4,2.37,8813.54,26,1771166489936,1785539834525,166.4,1351.71,0.153,5358.885221,1,361.59,6.7,False,True,False
0x5abd81f9523341a8511362af673beb6ff3457cc1,True,2000,842,516,326,61.3,0.37,-7523.09,6,1787248214669,1788680648376,16.6,-5175.8,0.688,0.0,0,0.0,,False,True,False
0x5ac6964517c85478fdaac5df70d084ac3da55e08,True,2000,1732,1732,0,100.0,inf,103134.34,1,1788796349870,1788854950210,0.7,1380.19,0.013,1195552.367652,1,-1083.56,-0.1,False,True,False
0x5ad89c8b9abe7c86d79b12e2249fb92fe509da14,True,307,120,70,50,58.3,1.42,2498.84,4,1779803113544,1787198170166,85.6,947.79,0.379,0.0,0,0.0,,False,False,False
0x5ae7fe9df15590e286152908112b82969f41c8b8,True,2000,1504,896,608,59.6,6.2,315873.15,2,1780928629194,1781031948144,1.2,16323.02,0.052,0.0,0,0.0,,False,False,False
0x5afcdaddd3aa0742e8105524595d944b28e21560,True,2000,906,445,461,49.1,0.64,-6228.99,6,1780641390086,1788841479570,94.9,1134.84,0.182,0.0,0,0.0,,False,True,False
0x5b1738845e5bd56267aef66a50b1cc91d9cb1890,True,147,74,67,7,90.5,361.56,13863.25,5,1783121476324,1788710208303,64.7,1369.68,0.099,2581.840561,2,1018.74,39.5,False,False,False
0x5b283db6d1fa69eb059bfeda4d0339ea12641d15,True,536,202,149,53,73.8,0.75,-2696.35,15,1771737339564,1788552535781,194.6,-2083.64,0.773,598.399552,1,95.06,15.9,False,True,False
0x5b52403396a365f9f7e33e87488564017e1f97a8,True,2000,1104,579,525,52.4,0.92,-39.67,132,1788853792048,1788855058026,0.0,-77.77,1.96,54883.854915,87,-159.62,-0.3,False,True,False
0x5b5ff5110a2eb635be9afbbda4f1d97b38332e15,True,940,491,225,266,45.8,1.86,24280.32,16,1749939790459,1788181173309,442.6,5605.82,0.231,4.40347,1,0.74,16.9,False,True,False
0x5b777a1af95599fa801fdd99f24d834755518306,True,2000,879,538,341,61.2,0.79,-6550.44,5,1785948400151,1786380987487,5.0,-2303.47,0.352,0.0,0,0.0,,False,False,False
0x5b83e5bf734faa79ded9a759bfb92547dc20f7c9,True,2000,923,506,417,54.8,0.73,-3807.58,5,1781540491878,1787175587776,65.2,-3483.46,0.915,0.0,0,0.0,,False,True,False
0x5b990b2173839fdcdf3d3b7485aa2b89575c79eb,True,2000,895,560,335,62.6,1.39,3491.18,25,1741631872679,1774491364575,380.3,1549.84,0.444,0.0,0,0.0,,False,True,False
0x5bb247495cce4a090ff1923ee9c44e28e515e8d5,True,2000,974,688,286,70.6,4.06,67991.41,49,1766060524804,1788624048218,261.2,5629.27,0.083,0.0,0,0.0,,False,True,True
0x5bc114069dad269ca86eeb15b55acf4b4582d38b,True,2000,926,517,409,55.8,1.02,97.42,12,1784170182807,1788761358004,53.1,389.77,4.001,633.560716,1,88.76,14.0,False,True,False
0x5bd6114b2ba13281498e045a4aec2ba485b67bd3,True,466,219,96,123,43.8,0.69,-1752.66,10,1767726423369,1788480922699,240.2,-445.62,0.254,0.0,0,0.0,,False,False,False
0x5bf66ec7065fdfbc1a25b3004b74063b3f4d64cf,True,2000,835,553,282,66.2,1.57,7315.2,34,1773705989898,1788849033744,175.3,-4639.04,0.634,1925.566296,3,-1973.58,-102.5,True,True,False
0x5c0c8d1cf51ac8e8d970051ac69dbdb1315b6036,True,126,22,20,2,90.9,0.32,-34.16,13,1780038339582,1788236807259,94.9,-50.25,1.471,7128.026085,12,416.22,5.8,False,False,False
0x5c1d4ab7876247571ab2015b8371f0a98b4e2a9e,True,2000,720,701,19,97.4,24.22,4813.36,19,1773361275297,1788468026491,174.8,371.7,0.077,573.699144,1,-184.12,-32.1,True,True,False
0x5c3a67932ca4026a6abc18822dc601bed44f45a3,True,2000,937,263,674,28.1,0.36,-11682.25,23,1785121578101,1788836572782,43.0,-797.12,0.068,1135.349829,1,644.16,56.7,False,True,False
0x5c4639d1bc70792a472745c4e757798137ef8cd8,True,2000,1061,610,451,57.5,0.76,-2340.11,6,1785165535172,1787094751457,22.3,-1736.33,0.742,0.0,0,0.0,,False,False,False
0x5c605f2d505db0de201c51bcf88afaa9be55e273,True,2000,889,613,276,69.0,2.14,4352.59,15,1778015174363,1785024000055,81.1,657.58,0.151,0.0,0,0.0,,False,True,False
0x5c7fa0481a2edc758af2adf10531ef48d72ac5dc,True,2000,1184,62,1122,5.2,0.27,-23598.4,8,1781534832411,1787573160004,69.9,4086.86,0.173,0.0,0,0.0,,False,False,False
0x5c91a93338f72e30098c228ca3ac14ea1359f2a3,True,1766,1041,415,626,39.9,0.6,-6177.08,22,1775001622815,1783293211737,96.0,-2097.64,0.34,0.0,0,0.0,,False,False,False
0x5cab747b7770d2115637d92a5c6acb9cc531ac6d,True,2000,852,335,517,39.3,0.53,-24802.96,10,1788254442559,1788832242882,6.7,-3275.2,0.132,0.0,0,0.0,,False,True,False
0x5cbcf17c287d9926a9d947739abf23fcad6ecc42,True,2000,740,573,167,77.4,2.9,4082.79,48,1786254183178,1788216445016,22.7,-325.41,0.08,0.007556,0,0.0,0.0,False,True,False
0x5ccbd01a999023b80812ca7f3967bdbcd1d0fdbc,True,2000,1199,983,216,82.0,0.68,-60161.94,12,1754179200042,1780530857586,305.0,-40200.12,0.668,26299.378108,1,-35648.73,-135.5,True,False,False
0x5cdd3c152681eebd2ca666fc2ce3cfa4443bafcc,True,2000,1011,416,595,41.1,0.19,-52960.77,7,1756075183495,1775674499505,226.8,-4885.01,0.092,0.0,0,0.0,,False,True,False
0x5cf20020b624dfc7acefb7bf1be4671b867794e1,True,2000,967,201,766,20.8,1.51,8565.0,12,1759759049120,1779786622864,231.8,7469.76,0.872,0.0,0,0.0,,False,True,False
0x5d0fbb5c0d522c26d4721731c6f36cfc0e5defdf,True,2000,1008,748,260,74.2,2.66,1291.79,2,1778674622138,1779276418854,7.0,-77.24,0.06,0.0,0,0.0,,False,True,False
0x5d283d736272cce241350ec8a2c1dd00a74942d0,True,526,299,80,219,26.8,1.02,77.97,6,1787376181642,1788836368407,16.9,541.14,6.94,0.0,0,0.0,,False,True,False
0x5d4a39a814fd5bc93ffc62489a4999b653de2a33,True,197,82,47,35,57.3,0.16,-19136.71,2,1787301873920,1788446953855,13.3,-7999.97,0.418,0.0,0,0.0,,False,True,False
0x5d6f7c1e9f7a7dca19b01edbd59ebb9223356f8a,True,2000,627,145,482,23.1,0.7,-12293.96,6,1787756900454,1788844749017,12.6,3458.62,0.281,87504.45881,3,29115.89,33.3,False,False,False
0x5d8809340760b1bb54642be91bb5a2871c0d7a10,True,2000,1013,585,428,57.7,1.05,967.15,1,1780601884995,1788805506296,94.9,-2098.7,2.17,15457.377551,1,-1998.13,-12.9,True,False,False
0x5d9198d3f46f67cb54ea4e6e68daf8a7396b510f,True,2000,1025,388,637,37.9,0.78,-6596.56,14,1760136429467,1788845418646,332.3,-6902.56,1.046,0.0,0,0.0,,False,False,False
0x5da34ab4683255924e28ba2c53e03039aeb1b517,True,1410,890,453,437,50.9,1.92,4541.67,11,1738610786859,1788850307266,581.5,-714.03,0.157,208.505471,2,91.36,43.8,False,True,False
0x5dbf5b3bdf277d8e1e5aaa9343e4410f4c1bbb1b,True,2000,1153,559,594,48.5,0.75,-4522.57,32,1781703621694,1788705970896,81.0,-935.76,0.207,436.452381,1,-403.68,-92.5,True,True,False
0x5dcd2b947720e58f57bf88d3ea30c2ea820898b4,True,2000,943,473,470,50.2,0.96,-139.23,29,1768600546408,1788413212865,229.3,-513.23,3.686,0.0,0,0.0,,False,True,False
0x5dec2bc4226d77a9253ab8d0af5134d0f10d6613,True,2000,1008,417,591,41.4,0.51,-149549.37,4,1779554560700,1788527736934,103.9,-18391.9,0.123,0.0,0,0.0,,False,True,False
0x5dfbc3c89cb340ee0aa4793d0e98eeafde7144ab,True,2000,1069,241,828,22.5,0.36,-47520.25,15,1763443052116,1781167634676,205.1,-8530.31,0.18,0.0,0,0.0,,False,True,False
0x5e1001167b8f76cecce3fad9ff82057d330dbcdb,True,2000,868,812,56,93.5,3.37,42900.07,24,1785880148863,1788786992382,33.6,-4533.25,0.106,58965.452053,1,-1764.24,-3.0,False,True,False
0x5e21ca725cb088f395f408961e6807d1f3e8cbfd,True,263,140,107,33,76.4,2.01,2256.59,7,1733844959676,1782398194954,562.0,2348.16,1.041,0.0,0,0.0,,False,False,False
0x5e461f9994732c726f857cd6d4a7fbf35d121bb6,True,2000,876,649,227,74.1,4.47,24393.68,14,1770242690388,1788855143191,215.4,2566.98,0.105,58830.820004,7,26752.69,45.5,False,True,False
0x5e575b43153a6b23b028102f80d28d03b616146a,True,2000,813,568,245,69.9,0.83,-8620.63,10,1787784682380,1788650257636,10.0,-7663.73,0.889,0.0,0,0.0,,False,False,False
0x5e6c6a81245833194f51dc8077155194c8b66dfe,True,1044,468,327,141,69.9,1.26,1506.93,1,1778099641506,1781711369612,41.8,-1746.16,1.159,0.0,0,0.0,,False,True,False
0x5e8700532a2da6899ed162bcec661b70652fcda3,True,2000,1220,914,306,74.9,6.75,79799.46,3,1782229769836,1783506321500,14.8,8478.61,0.106,0.0,0,0.0,,False,True,False
0x5e9bfa224fcac0ca76e42d927bbec30317a26488,True,2000,1093,289,804,26.4,0.41,-29514.16,3,1788665485665,1788853222381,2.2,4078.53,0.138,42371.857417,1,-9741.21,-23.0,True,False,False
0x5eb27c71969c678d21585c8a2f37d4df1ad9b6e7,True,2000,1010,690,320,68.3,1.13,1758.21,28,1762126376208,1776211200015,163.0,-1066.35,0.606,0.0,0,0.0,,False,True,False
0x5ec58d3ed906802eddfa5a6a02d3769c2c5037ad,True,1028,529,335,194,63.3,0.89,-415.06,42,1778545065226,1784405776426,67.8,-425.07,1.024,0.0261,0,0.0,0.0,False,False,False
0x5ed2b0ba63c6d5a82b91b61b500d58078486348d,True,2000,1671,586,1085,35.1,0.73,-24826.99,14,1762436972905,1786985090890,284.1,-11619.69,0.468,0.0,0,0.0,,False,True,False
0x5ee7faa7e95e35d5e430be4ebde33582b8e839f6,True,954,498,210,288,42.2,0.6,-5977.33,4,1782460988060,1787275019180,55.7,-2614.52,0.437,0.0,0,0.0,,False,True,False
0x5efc5eaa41ebfefcc122e7600d3ac81549b6dd8d,True,2000,1025,513,512,50.0,0.64,-25966.75,6,1787933714307,1788850021286,10.6,3005.65,0.116,25729.225447,1,-1852.97,-7.2,True,True,False
0x5f1298f0dee231db6099d59b853f44aacce7f804,True,741,352,208,144,59.1,0.94,-248.16,17,1776086424182,1778875564250,32.3,-295.47,1.191,0.0,0,0.0,,False,False,False
0x5f1ff6f82d95ee2aaf599577024c5d37c860b0a8,True,2000,983,680,303,69.2,373.39,58078.01,5,1749884732725,1788447759743,446.3,39612.32,0.682,16538.709545,3,24376.24,147.4,False,True,True
0x5f3b8034b8bc5715ddbc6aba5fceb99b3e223e9c,True,1079,507,280,227,55.2,1.58,8020.8,37,1734079062621,1788165514794,626.0,3702.44,0.462,0.0,0,0.0,,False,True,False
0x5f5009dd4a3fbfbe5a61f782958b41f4bab3fb8c,True,2000,949,525,424,55.3,0.75,-5974.57,4,1787150462544,1787601781911,5.2,2175.31,0.364,0.0,0,0.0,,False,True,False
0x5f6fe2115cca5e383c6513e91cc35acf601beb93,True,1171,503,223,280,44.3,2.02,19896.94,9,1757661593397,1788616171060,358.3,4472.03,0.225,0.0,0,0.0,,False,True,False
0x5f7cf188f117fddf5eb1b66b971719985904dd5f,True,2000,958,508,450,53.0,1.1,948.39,36,1776257289372,1788855232989,145.8,-676.7,0.714,393.008506,0,0.0,0.0,False,True,False
0x5f9662b63e040b98fb21d0fae268ccf34737d6ca,True,2000,1637,1636,1,99.9,17179525.59,173420.77,5,1787242510185,1788201368249,11.1,20587.58,0.119,0.0,0,0.0,,False,False,False
0x5fa85424229901f09e3e996a02733893fc7740e8,True,2000,1045,387,658,37.0,0.32,-40931.53,17,1780482612794,1782194931636,19.8,-12239.43,0.299,0.0,0,0.0,,False,False,False
0x5fbc311c3cbe52c8ce166410638135d9a795a1d1,True,2000,917,487,430,53.1,0.63,-1091.35,42,1782469556699,1788849387861,73.8,-124.61,0.114,0.0,0,0.0,,False,True,False
0x5fd649bbca2060c72955e3b965a6352b8e77de1a,True,990,516,213,303,41.3,0.54,-4671.8,16,1762279609565,1787418396760,291.0,-1866.25,0.399,0.0,0,0.0,,False,True,False
0x5fed8c6e5ea70eb2441b5a77c015462dcabfd090,True,2000,958,208,750,21.7,0.92,-2827.51,23,1747444738798,1778768579088,362.5,2169.86,0.767,0.00115,0,0.0,0.0,False,True,False
0x5ffcef2e952209df9dae388b0621992b16cd1f3c,True,2000,862,673,189,78.1,0.32,-8436.76,20,1785508548088,1788106416315,30.1,-2419.2,0.287,0.0,0,0.0,,False,True,False
0x601ced9aa14005d645d0b495acc60f21edab4f54,True,2000,378,360,18,95.2,97.49,130768.23,30,1773310839072,1788854286494,179.9,12895.33,0.099,753168.705403,10,-1128852.72,-149.9,True,True,False
0x60319a54347f3c84481eea9f149807df4836b493,True,1294,681,256,425,37.6,0.99,-193.38,11,1785585617727,1788797306355,37.2,2457.6,12.709,54.013454,1,-10.77,-19.9,True,True,False
0x6051d2111469275cecd7463e7c1e9728d72ed731,True,1457,772,391,381,50.6,2.88,43569.7,15,1778710896680,1787529600082,102.1,4033.39,0.093,0.0,0,0.0,,False,False,False
0x60611fb67c167ee7a223655e355b15aa4951e43f,True,2000,862,301,561,34.9,0.55,-13931.03,11,1779492327793,1786060637465,76.0,-1797.0,0.129,0.0,0,0.0,,False,True,False
0x607dcb9ea24e04238319ed3590b23a9efd7d870e,True,462,271,76,195,28.0,1.48,2220.06,7,1770720857414,1775773044815,58.5,1455.85,0.656,0.0,0,0.0,,False,True,False
0x609e1de29d5e543a6eba15b73d9ed335e90004b3,True,2000,673,453,220,67.3,0.8,-3780.82,77,1779592201514,1788795373026,106.5,-3169.82,0.838,1114.630392,2,-113.78,-10.2,True,True,False
0x60afb1c63bd240cfa36d4b367668bddedc5a465a,True,2000,1001,422,579,42.2,0.88,-1166.23,4,1788286695269,1788472785411,2.2,1129.92,0.969,0.0,0,0.0,,False,False,False
0x60c43a77762e7b1aa6d39c661e3476a6c3c4a2a1,True,594,272,96,176,35.3,1.86,8078.55,7,1770818586877,1779039234492,95.1,3537.45,0.438,0.0,0,0.0,,False,True,False
0x60ceef10f9dd4a5d7874f22f461048ea96f475f6,True,2000,1506,1055,451,70.1,0.72,-35043.56,17,1744883134878,1788220800019,501.6,-85313.84,2.435,0.0,0,0.0,,False,True,False
0x60eb6c9f71c61df4955581b312be977c8221b330,True,2000,1160,525,635,45.3,0.95,-20067.94,4,1780639763951,1788763856991,94.0,-23981.32,1.195,90367.804354,1,-174075.33,-192.6,True,True,False
0x60fc81b4411f3299befe4b39ae8c9832271663bd,True,135,26,26,0,100.0,inf,51274.93,2,1759692962505,1784792607815,290.5,7856.43,0.153,0.0,0,0.0,,False,True,False
0x61100690c228ce49481199d8757478061f0506c4,True,484,278,126,152,45.3,1.15,1333.64,6,1733665010009,1773666196927,463.0,-1065.67,0.799,17256.209024,0,0.0,0.0,False,True,False
0x612a876f58b027bfff6015ceefb75dc0e64caaeb,True,750,145,94,51,64.8,3.61,5421.17,9,1782396355291,1787931771933,64.1,3803.62,0.702,0.0,0,0.0,,False,True,False
0x6139192a58152932e6f8052ef0de2ad197fb1937,True,2000,1003,740,263,73.8,1.06,470.17,19,1787299345742,1788795895938,17.3,-1964.12,4.177,12898.980475,1,2322.66,18.0,False,True,False
0x614ac0695fa60b8e52f30164d0cdc1c520c54f58,True,2000,1035,260,775,25.1,0.32,-14746.81,9,1780938525600,1782331297509,16.1,-1536.28,0.104,0.0,0,0.0,,False,True,False
0x61596af4cc3b84b9935ed4933503a7a22e550411,True,2000,1013,458,555,45.2,0.43,-75267.64,23,1746127790075,1787335225964,476.9,-13080.0,0.174,10.662598,1,-1.61,-15.1,True,True,False
0x61766b0bcaafacaf2a9da925d6dbecfff7d6ed07,True,2000,858,364,494,42.4,0.26,-25150.99,25,1762556217592,1772271970981,112.5,-16101.84,0.64,0.0,0,0.0,,False,True,False
0x619082454027af259de17842a5cea618dc63489e,True,2000,863,597,266,69.2,3.15,59102.3,40,1760300913563,1788840283781,330.3,-3862.47,0.065,14890.494005,8,-23572.08,-158.3,True,True,False
0x61b1cf5c2d7c4bf6d5db14f36651b2242e7cba0a,True,2000,1052,509,543,48.4,0.1,-151047.59,31,1779123175272,1781265050592,24.8,-21761.63,0.144,9.6e-05,0,0.0,0.0,False,True,False
0x61cca45d622f09eb1e5ec1b480c59d816275849b,True,1085,458,181,277,39.5,0.31,-16531.31,14,1762712762916,1787826339108,290.7,-6067.3,0.367,7181.10046,8,-2499.0,-34.8,True,False,False
0x61dd0ac55b7ff5cf39ad3008b4746409d06b3f62,True,2000,801,611,190,76.3,0.42,-2027.99,7,1778776683693,1788855145830,116.6,-941.12,0.464,22.224326,2,0.46,2.1,False,True,False
0x61f70da903703f9744f0a623fc61e8edb8a2e390,True,710,299,255,44,85.3,0.35,-4787.07,1,1785534774576,1787273758615,20.1,-1620.78,0.339,0.0,0,0.0,,False,True,False
0x621121177457be5d2427a1e6aacd698225de02c4,True,788,294,186,108,63.3,0.91,-990.69,59,1747468519441,1786838400059,455.7,-6651.24,6.714,0.0,0,0.0,,False,True,False
0x622f3a4bde5c3850efc92747b55d285b24988f2b,True,2000,860,207,653,24.1,0.13,-118471.59,12,1787339278450,1787375957923,0.4,-22637.56,0.191,0.0,0,0.0,,False,True,False
0x6241824f1ec916bb7e435e4daae65148668b663b,True,757,347,156,191,45.0,2.16,20869.27,4,1786115532114,1788247858573,24.7,7465.86,0.358,0.0,0,0.0,,False,False,False
0x625e239e46d3ad052e23f396de3a569f6fd504e7,True,2000,892,796,96,89.2,0.54,-223.24,22,1774275690786,1788188079304,161.0,-104.41,0.468,6.723205,2,-7.08,-105.3,True,True,False
0x6285c3568af2cc216edc28b2aef5373f40cbd775,True,2000,532,456,76,85.7,9.79,28202.62,4,1784701619113,1788622152261,45.4,2053.84,0.073,102624.941839,1,-67290.32,-65.6,True,True,False
0x629cd43eaf443e66a9a69ed246728e1001289eac,True,2000,916,477,439,52.1,0.64,-20555.11,38,1734505711953,1787402410003,612.2,-8656.29,0.421,0.0,0,0.0,,False,True,True
0x62c04e8ced84803f7e0fe834d586e70a22eb16ac,True,2000,838,297,541,35.4,0.73,-10479.09,9,1782079180530,1788747694263,77.2,5160.23,0.492,0.0,0,0.0,,False,True,False
0x62da84073667e397d178b8f12fb06bb5b7b01f40,True,2000,1103,516,587,46.8,0.87,-3608.65,14,1756297007209,1787634724930,362.7,-2002.71,0.555,0.0,0,0.0,,False,True,False
0x62f82c3ef1da6093118fadb29090c4e3263f02e6,True,2000,1138,124,1014,10.9,0.35,-17060.78,3,1788627452948,1788849518875,2.6,-1124.05,0.066,1712439.975001,1,-107099.27,-6.3,True,False,False
0x6308f1d399f5997bfdb7e2945935df7d271dd9ae,True,2000,778,375,403,48.2,1.28,10537.05,31,1757661703254,1788838030833,360.8,4136.67,0.393,2112.901177,0,0.0,0.0,False,True,False
0x632ef2591ee1974d9fb90118fce686da930bf39a,True,1947,983,497,486,50.6,0.51,-14390.59,14,1781018937683,1788440513128,85.9,-2909.03,0.202,1939.000167,1,49.71,2.6,False,False,False
0x63467d5579ae517c81bf373d445574c574b9c7b1,True,1535,595,238,357,40.0,0.77,-14921.58,7,1756046701969,1787593324141,365.1,8897.17,0.596,2258.654899,2,-115.03,-5.1,True,True,False
0x63593614709dba644d15f0fb6875280354867c19,True,1612,753,187,566,24.8,0.92,-6696.99,5,1773752475235,1784267094098,121.7,20936.82,3.126,0.0,0,0.0,,False,False,False
0x636f87ef2e8f0487dddf2bc736d2ae086345ee3e,True,2000,979,528,451,53.9,1.11,9027.05,13,1749082350332,1777037129767,323.6,-19502.64,2.16,0.0,0,0.0,,False,True,False
0x638c7c8c9e02a557788ece7731a73777187915d6,True,909,354,166,188,46.9,0.44,-3284.74,14,1734168645965,1788439726474,628.1,-1389.0,0.423,45341.692706,4,197.36,0.4,False,False,False
0x63a02e016372b045dcfa2f78903d621f38091011,True,2000,1027,715,312,69.6,1.54,19544.96,19,1775824053872,1780325812476,52.1,4175.42,0.214,0.0,0,0.0,,False,True,False
0x63bb23ea3ec212339e8257a098b5228947d3afd9,True,672,217,131,86,60.4,0.35,-3298.15,12,1784271178996,1785198192903,10.7,-762.93,0.231,0.0,0,0.0,,False,True,False
0x63c9d81fcd3f4ad880ccfedbd3fad433863e628d,True,2000,788,307,481,39.0,0.22,-100659.94,10,1788158156044,1788849982059,8.0,-16930.57,0.168,64531.2178,4,5330.08,8.3,False,True,False
0x63db091780ca855ec9d70d2ab0e4f29c19f29398,True,2000,1051,389,662,37.0,0.19,-26371.44,6,1787416598704,1787551906804,1.6,-855.36,0.032,0.0,0,0.0,,False,False,False
0x63f2fc7802bbc0a21b7426936e8b0b65ea65d950,True,582,245,144,101,58.8,2.55,14704.23,4,1780720527928,1781874147669,13.4,5160.48,0.351,0.0,0,0.0,,False,True,False
0x6413d8f85a2eff1dc3ee3e0db7d8c89ccbd51dc5,True,2000,1233,784,449,63.6,0.72,-4772.54,2,1780500102937,1788480994275,92.4,-1481.3,0.31,0.0,0,0.0,,False,True,False
0x6422e325b348462adcdcdb0ba32f0b51c14e11da,True,855,441,115,326,26.1,0.74,-10765.82,2,1782210980512,1783474833211,14.6,-6295.7,0.585,0.0,0,0.0,,False,False,False
0x6436e68d4f31f8e95d30c0a89298a23c0e44b678,True,2000,976,256,720,26.2,0.43,-4722.87,11,1787653165412,1788772551531,13.0,1015.52,0.215,132.970121,1,-6.77,-5.1,True,False,False
0x6454ef5b8495856ea062f5e926173ffc7cb58bf3,True,430,261,42,219,16.1,0.53,-10002.01,6,1774338237411,1775592421313,14.5,3044.5,0.304,0.0,0,0.0,,False,False,False
0x646946fc34d079b6920b809c40d43de38bbef74d,True,2000,879,482,397,54.8,0.45,-15984.62,33,1764543793538,1784460156226,230.5,-2401.38,0.15,0.0,0,0.0,,False,True,False
0x6478956e04005e1ce9b5e2f5a10c37aef2dc3f36,True,2000,384,231,153,60.2,0.91,-974.71,39,1777297504667,1784544432170,83.9,-1717.2,1.762,0.0,0,0.0,,False,True,False
0x6489a86456b6dd9c04c3b3152a2ccdd71aa78f0e,True,2000,982,710,272,72.3,3.2,6977.47,44,1786994035309,1788823180477,21.2,426.98,0.061,4474.137406,3,-468.9,-10.5,True,True,False
0x649ec71148ffb316f763a8970701e3614dfcd7a7,True,1236,606,254,352,41.9,0.57,-8784.85,22,1760318729161,1788717708181,328.7,-3850.74,0.438,0.0,0,0.0,,False,True,False
0x64b3b1a4ebd1e257ccf189fe9f2c7a14b65f70a4,True,620,290,190,100,65.5,2.45,5093.0,5,1781787448824,1786636173291,56.1,1494.59,0.293,0.0,0,0.0,,False,False,False
0x64d43f121b11210998a8516d618a9119cf4ea698,True,2000,444,234,210,52.7,1.19,867.12,14,1773600491180,1787515980440,161.1,539.71,0.622,0.0,0,0.0,,False,True,False
0x64e580a05dd54700922fcef6ef0fbae650de3447,True,1494,824,484,340,58.7,1.26,2667.16,5,1784214305240,1787628784413,39.5,1279.61,0.48,0.0,0,0.0,,False,False,False
0x64f90cab2d828e787575e21eddbf6d635b56abc2,True,441,207,116,91,56.0,1.16,1587.47,9,1770296456842,1788848788542,214.7,-1931.65,1.217,0.0,0,0.0,,False,False,False
0x652079a1827d93d0f4713682af69f4d6b2cb45a5,True,187,116,47,69,40.5,1.97,129.28,11,1763228665666,1777089099413,160.4,90.89,0.703,0.0,0,0.0,,False,False,False
0x65369ac8b6e933e870c90d02da8f05de91024da7,True,2000,949,108,841,11.4,1.6,4394.93,28,1759916925787,1782259200059,258.6,-1779.2,0.405,0.0,0,0.0,,False,True,False
0x654a00a31c4678c3ed58b139f7722e11430e6cd6,True,2000,999,549,450,55.0,1.25,31.07,14,1787243695569,1788855756475,18.7,-4.71,0.152,23.322933,3,0.28,1.2,False,True,False
0x6559f73a121bb2e1ffeaccf0cd187a01ceb0047c,True,2000,995,370,625,37.2,0.13,-58216.96,8,1787106776110,1788444060433,15.5,-4783.59,0.082,0.0,0,0.0,,False,False,False
0x656977a2ffa4324ec9cbe8ab5d417f1850f609e6,True,910,429,204,225,47.6,5.43,26225.82,5,1781215418684,1782052576656,9.7,6983.25,0.266,0.0,0,0.0,,False,False,False
0x657d93c1b402a743b52874d75e381c65ca539222,True,1888,892,337,555,37.8,0.17,-288499.64,8,1772527765976,1787944034717,178.4,-31127.39,0.108,49086.247423,2,-41840.96,-85.2,True,True,False
0x659636f7c3da8721f5feba898a5cd13aa33e7203,True,2000,1134,482,652,42.5,0.27,-275887.82,14,1761262239614,1788449742613,314.7,-16414.02,0.059,0.0,0,0.0,,False,False,False
0x65b5c75e1391ca3315c762482da58b0c53c63fd7,True,2000,868,848,20,97.7,20.96,16901.41,18,1787880141984,1788832198746,11.0,1161.89,0.069,9578.674636,5,-1361.56,-14.2,True,True,False
0x65c8f654cdc2c34a5cbba384eb70b85886050a9a,True,2000,1038,0,1038,0.0,0.0,-66288.36,1,1787244185235,1787281432759,0.4,-4342.0,0.066,0.0,0,0.0,,False,False,False
0x65dacfac3f89eb697d618e2377af3e0aefbb2b61,True,2000,1251,707,544,56.5,0.81,-41412.76,3,1785298059149,1788758312444,40.0,13732.17,0.332,93272.166969,1,-10256.01,-11.0,True,False,False
0x65f0a9081c7e30236b13fe7a1a99fbf7694ced04,True,1838,912,300,612,32.9,0.57,-7415.78,146,1762722243400,1776433490205,158.7,1907.9,0.257,0.0,0,0.0,,False,True,False
0x660316498c79ca048117198284f6f6faffaf45db,True,2000,687,303,384,44.1,0.52,-3715.67,4,1784661989751,1788541104746,44.9,-899.37,0.242,77304.21175,2,31677.33,41.0,False,False,False
0x661bbe5abc5a2353e990404d9cc151b8927bebdb,True,2000,892,217,675,24.3,1.06,783.81,12,1780693448983,1783476092636,32.2,1896.87,2.42,0.0,0,0.0,,False,False,False
0x6629b39bf1ccd3b6a33bc44edbf346a604d4e817,True,2000,837,412,425,49.2,0.65,-13989.42,31,1756402298582,1788462418967,371.1,-4259.76,0.304,0.0,0,0.0,,False,True,False
0x66386c03a883d5c78476bcff1371244ee5188302,True,440,193,144,49,74.6,1.81,5269.67,3,1786926447633,1787461152363,6.2,-1103.71,0.209,0.0,0,0.0,,False,True,False
0x66493485c90e02155eae358225483bcd1c168be7,True,2000,1119,534,585,47.7,0.39,-204611.88,1,1774968392515,1775604560998,7.4,-22468.08,0.11,0.0,0,0.0,,False,False,False
0x6663976df898a43255bafd30b39e18717b0dc2b3,True,2000,1033,551,482,53.3,5.96,20259.79,16,1780007370687,1788785978983,101.6,4042.19,0.2,0.0,0,0.0,,False,True,False
0x667c488d3a11b6fe829c5cdfec8f729faa16f78c,True,955,321,132,189,41.1,3.98,260788.25,3,1764210045912,1780860869586,192.7,52823.28,0.203,0.0,0,0.0,,False,True,False
0x668ec7c224e9ce2b8d2c25ba4f379a6efdd25450,True,2000,1160,741,419,63.9,1.15,1067.29,20,1779323961013,1780493512234,13.5,775.55,0.727,0.0,0,0.0,,False,True,False
0x66a03490908e8d90e01954a144db4ebc26f7d47e,True,2000,942,750,192,79.6,0.78,-1334.05,8,1788356359958,1788844314089,5.6,-414.03,0.31,0.0,0,0.0,,False,False,False
0x66b26a0b636b379bfefa421261d3522d0634c5e8,True,2000,1037,531,506,51.2,0.76,-3297.11,10,1785254852490,1788809506296,41.1,-980.87,0.297,0.0,0,0.0,,False,True,False
0x66c68b5a77d009609c2a1c0797cf991d0d0e9126,True,2000,916,437,479,47.7,0.24,-96566.39,12,1761674393366,1779062400029,201.3,-10969.48,0.114,0.0,0,0.0,,False,True,False
0x66d59e5b4df91fd10b60c3f93a2c665b860517a1,True,1150,500,316,184,63.2,2.39,19472.2,25,1749379566305,1788848353592,456.8,1925.07,0.099,39997.289633,2,-191.25,-0.5,False,False,False
0x66f889094739dbb7d20aa60f645acd88feba75a9,True,2000,635,325,310,51.2,0.47,-316394.63,2,1788178630497,1788627922660,5.2,47825.55,0.151,1340939.570229,2,-677898.05,-50.6,True,True,False
0x670e69c8a6fb48532dca0cd425776d03438bf090,True,2000,1025,372,653,36.3,0.97,-46.26,52,1784570506731,1788772090170,48.6,-82.97,1.794,13604.785744,50,883.7,6.5,False,False,False
0x672cd01ddedbcc1b81434dfbee19149f0226ea3d,True,2000,960,444,516,46.2,1.87,14364.89,14,1774878380674,1778280922017,39.4,1382.95,0.096,0.0,0,0.0,,False,True,False
0x673b2f9900460b05ce8d670ca7ba7b06335e46ff,True,2000,1130,992,138,87.8,2.25,185322.61,8,1783592640271,1788737684484,59.5,-71750.0,0.387,69575.383557,2,-175776.74,-252.6,True,True,False
0x675cdcb6518af36289d4e388923612bd1815ca99,True,2000,1024,731,293,71.4,6.46,28359.47,15,1786694740190,1788527193771,21.2,1540.23,0.054,0.0,0,0.0,,False,True,False
0x67766f38b50a29f427b762aea29583cee5f35dc1,True,986,482,389,93,80.7,3.03,7056.42,51,1737634907586,1785438312028,553.3,-752.9,0.107,0.0,0,0.0,,False,True,False
0x67870e072059b30eb06530cabebe2a8b50fecb04,True,2000,1380,1030,350,74.6,3.39,17048.95,6,1780996588033,1788768849646,90.0,-592.59,0.035,4132.604812,1,-809.47,-19.6,True,False,False
0x67ab0e9e3bde49bab8feb9465b9dbc9ff4603ba6,True,2000,1067,879,188,82.4,2.22,3385.71,12,1788641220974,1788843127111,2.3,-407.22,0.12,72952.743699,5,-20187.06,-27.7,True,True,False
0x67c0f82a6e66b9bc1addb112f81cf3984b242af3,True,1355,781,84,697,10.8,0.98,-37.9,12,1772126758448,1779408000060,84.3,972.17,25.654,0.0,0,0.0,,False,False,False
0x67d5af9f3d73918dae5094e2749f958f086bdb8f,True,2000,1081,310,771,28.7,0.56,-19241.21,3,1782732670870,1786633096104,45.1,-6194.34,0.322,0.009037,0,0.0,0.0,False,True,False
0x67f5482be951b0692530071b382518c276973726,True,2000,1056,483,573,45.7,0.6,-9779.5,30,1779811013590,1788744564485,103.4,-1267.33,0.13,0.0,0,0.0,,False,True,False
0x6807f127eaf85e3d0b9dbc7971bbed2afd041f8d,True,2000,1198,926,272,77.3,0.41,-8047.33,14,1787183041147,1788313395749,13.1,-1098.23,0.136,0.0,0,0.0,,False,True,False
0x680fb3ad5abf98c544df2e651e959933a37e4e1e,True,2000,1030,438,592,42.5,0.34,-29232.81,4,1787565825741,1788843123251,14.8,-2528.44,0.086,0.0,0,0.0,,False,False,False
0x6830b74e9e9c285da5e3536c3543a40e998a4e10,True,978,525,326,199,62.1,2.01,22748.66,12,1769080191306,1788447779933,224.2,-2675.66,0.118,0.0,0,0.0,,False,True,False
0x684718c56b8d35866c48ccebec69cd26c9132dc2,True,2000,988,461,527,46.7,1.79,9183.59,11,1782315160020,1788766210163,74.7,-1566.52,0.171,0.0,0,0.0,,False,False,False
0x68737a59c2811234290df16fa71b6c584ceddbda,True,1861,935,574,361,61.4,1.91,8332.26,18,1752062252055,1785801600008,390.5,-655.04,0.079,0.0,0,0.0,,False,True,False
0x688711294d6a7b707bad34ea627f25b549d988dd,True,136,47,47,0,100.0,inf,1499.64,1,1780241614389,1780244072390,0.0,267.56,0.178,0.0,0,0.0,,False,False,False
0x689cb5342b378d6353bd4f4ff2519d207b7f4942,True,2000,961,580,381,60.4,0.62,-8160.3,9,1766027778533,1788412494877,259.1,-906.35,0.111,6288.828543,1,9758.92,155.2,False,False,False
0x68af3f19b7cf1934909bd43776050fe83b0ac654,True,2000,629,151,478,24.0,0.14,-58741.09,3,1788679794456,1788829085144,1.7,-5131.89,0.087,1071956.864897,2,-266967.66,-24.9,True,False,False
0x68c2c7dfbbe886017b60402424a5f6b2dd20ea37,True,2000,1133,853,280,75.3,0.61,-34135.2,4,1778611295885,1779148800076,6.2,-15898.24,0.466,0.0,0,0.0,,False,True,False
0x68cb35e95909795be5bddfadc768e95839f02d1e,True,1765,1006,456,550,45.3,1.21,3696.42,4,1788109146859,1788846084549,8.5,923.09,0.25,16830.288103,1,733.12,4.4,False,False,False
0x68e336415374db8e1c9896d50a5247e44d59ef1b,True,716,308,122,186,39.6,0.98,-200.19,9,1787573645519,1788833929838,14.6,-1149.77,5.743,14513.721555,3,-1797.5,-12.4,True,True,False
0x68f3499ae5c98df3cb6195c81bb43a6bbb64edcc,True,2000,896,495,401,55.2,0.61,-7225.85,20,1779055630394,1788848812014,113.3,-2850.75,0.395,160.933858,1,-124.07,-77.1,True,True,False
0x690b19866ebed06608b1796229b1966667e27474,True,2000,1025,507,518,49.5,1.03,75.89,14,1784718813402,1788822223693,47.5,-49.96,0.658,0.0,0,0.0,,False,False,False
0x692e75cb2638a36e8b4c0e9541d365a6daa384c1,True,2000,515,353,162,68.5,11.64,24164.3,1,1787947000469,1788854432554,10.5,1959.62,0.081,0.00326,0,0.0,0.0,False,True,False
0x6956a834422a1065f643a30ddca89d5010fa2fd5,True,1202,539,111,428,20.6,0.39,-36659.14,6,1780519986042,1783904404722,39.2,-10562.49,0.288,0.0,0,0.0,,False,True,False
0x696fcb5f6ec2f3c34fb75fd6d2ae85a6e3ad8b33,True,2000,889,565,324,63.6,1.26,8156.88,33,1754076711892,1788722570023,401.0,6286.71,0.771,0.0,0,0.0,,False,True,False
0x698077864c25a27b46e454885ac18633c464ca1e,True,541,192,121,71,63.0,3.05,34291.19,19,1734291797333,1781294275625,544.0,8251.82,0.241,0.0,0,0.0,,False,True,True
0x69906b0ed626ca01a4b7c001e5711e5714ccf207,True,2000,1211,1070,141,88.4,2.9,80865.2,18,1788463609943,1788849566148,4.5,-4114.9,0.051,517767.709969,4,-33688.12,-6.5,True,True,False
0x69a31d37f231c1987c6f283ca508b4377a2369ff,True,2000,1004,321,683,32.0,1.39,61268.87,16,1778071271873,1788846148700,124.7,48778.92,0.796,358511.771763,5,144087.82,40.2,False,True,True
0x69c6f699892918769bce6bc892b6085b8dc0dc56,True,2000,985,668,317,67.8,0.31,-92620.02,11,1753709161078,1788464473196,402.3,-7789.14,0.084,1388.1115,1,-117.48,-8.5,True,True,False
0x69d61b4a8173b43ea058ec0d60e177ae6ad51a87,True,670,279,158,121,56.6,0.27,-12737.04,4,1774231851578,1787319359026,151.5,-6185.01,0.486,0.0,0,0.0,,False,True,False
0x69eeb7869fc120fe3bd5651d2aab85d754e998bc,True,546,260,145,115,55.8,0.39,-36568.73,14,1757763748951,1787309516617,342.0,-5186.33,0.142,0.0,0,0.0,,False,True,False
0x6a02aedceac5a6813d960e4dae1910d9c458e77c,True,2000,1206,853,353,70.7,5.12,314574.04,6,1785211471148,1788628552311,39.5,28975.94,0.092,841753.947848,1,-3932.92,-0.5,False,False,False
0x6a1d0b8985346210a1f6bd7d0c31b2567f1fe7ef,True,1234,587,405,182,69.0,2.6,90267.82,30,1733361275788,1788797950014,641.6,18979.94,0.21,22687.125,0,0.0,0.0,False,True,False
0x6a2e9eb637c4d34dbed0f03a793fd3ff5e99bdba,True,2000,939,473,466,50.4,1.28,4882.4,20,1788122472878,1788837697701,8.3,1048.92,0.215,0.0,0,0.0,,False,False,False
0x6a4dd599c4a1bc177df8f96ee7b60672eb22e9e7,True,2000,1199,518,681,43.2,2.4,334837.82,8,1750084634120,1787845890244,437.1,25261.69,0.075,56600.835264,2,48489.29,85.7,False,False,False
0x6a5ef320c39aa45b3c4780a30dcb498dbcef6216,True,2000,694,403,291,58.1,6.89,42496.17,13,1787247576848,1788697823373,16.8,5112.74,0.12,77901.452553,1,-23530.22,-30.2,True,False,False
0x6a6b41a0a927ca87cba65f2160b21133a41b7bca,True,674,401,255,146,63.6,0.26,-41283.86,9,1770244180334,1781209026421,126.9,-4123.06,0.1,0.0,0,0.0,,False,True,False
0x6a83bec17018ced8aa527d987ef517928d09d764,True,1842,898,599,299,66.7,0.9,-562.15,95,1776096558951,1786297620511,118.1,-995.65,1.771,0.009796,0,0.0,0.0,False,True,False
0x6aa83c8036c959c2c46872521a562fb0063f283a,True,1590,787,316,471,40.2,1.16,5152.8,13,1774235565364,1787919488930,158.4,8382.92,1.627,0.0,0,0.0,,False,True,False
0x6ab645ffb20c5ab0d57c2fd218d4c3bd22273cc9,True,2000,1192,590,602,49.5,0.49,-65047.64,8,1788123857912,1788843637192,8.3,-25495.4,0.392,113763.380236,7,258010.77,226.8,False,True,False
0x6ac86aedffe85cf91f9b24f14e330a99f26f0f8f,True,2000,1081,681,400,63.0,0.66,-79233.15,9,1777387476602,1788721983956,131.2,-10001.88,0.126,67708.232849,2,-9634.85,-14.2,True,True,False
0x6ae827976e8e8ad41a5c43f90cc9e0cad521202c,True,2000,834,264,570,31.7,0.36,-5648.03,40,1773852286974,1785127526037,130.5,-2236.83,0.396,0.0,0,0.0,,False,True,False
0x6af9c44f2d7e3d996790f48ae5f528d97f5a3b1e,True,1880,917,540,377,58.9,0.64,-23542.59,6,1778721555950,1783985062122,60.9,-9158.58,0.389,0.0,0,0.0,,False,False,False
0x6b08bbb2daf57d390538d73542f50d5f735ca420,True,2000,1661,1515,146,91.2,1.38,10040.35,5,1782775089998,1782874361944,1.1,5537.46,0.552,0.0,0,0.0,,False,True,False
0x6b26d73d89c9ed269f73476162c1d529f225d037,True,604,332,224,108,67.5,0.26,-20305.93,7,1760616833343,1788542337252,323.2,-3470.71,0.171,3367.447141,1,-1782.2,-52.9,True,True,False
0x6b3cefa74eed077c2b9a3c873882a402d5906448,True,2000,842,417,425,49.5,1.05,182.62,24,1780534501451,1787522851648,80.9,-280.58,1.536,51.843162,1,117.91,227.4,False,True,False
0x6b6504d24ede6bf513bb73b3c41dbdeb6c9c8fc5,True,198,95,65,30,68.4,1.05,143.24,9,1734556789060,1785680883410,591.7,-670.26,4.679,0.0,0,0.0,,False,False,False
0x6b879c078ea4cc27bbdb486fcaa4fa27e6cbe97a,True,2000,1008,380,628,37.7,0.21,-27987.44,90,1779652095180,1788828737803,106.2,-1583.38,0.057,532.014752,39,25.12,4.7,False,False,False
0x6b9d419a094b99706491641f8e670b147399bcd7,True,2000,1378,728,650,52.8,0.92,-367.02,52,1787154542441,1788854722670,19.7,-461.63,1.258,2630.529508,12,-916.53,-34.8,True,True,False
0x6ba552e79ad8b6e975a7402c29ead084c0a4bdbb,True,2000,1053,297,756,28.2,0.68,-16765.32,9,1780358719832,1786329224605,69.1,3973.62,0.237,0.0,0,0.0,,False,True,False
0x6bb8a80a8fb5fc88ea25e466b32a322d17e56966,True,2000,959,351,608,36.6,0.57,-10583.94,16,1784666177563,1788801046824,47.9,-1664.59,0.157,4282.43616,2,-1409.67,-32.9,True,True,False
0x6bc601ab37268eb521c6381932b4422d7ff31351,True,2000,905,373,532,41.2,0.05,-85246.45,2,1763313676650,1787123085148,275.6,-14484.36,0.17,82428.43503,1,34864.31,42.3,False,True,False
0x6bdd1094e00ec9fc14e8035d51dbe4caa2e7df1e,True,2000,1086,229,857,21.1,0.22,-2846.87,2,1783020717407,1784741877832,19.9,-231.6,0.081,0.0,0,0.0,,False,False,False
0x6bee6f27111277bf4fd158274e40a16dfde99e13,True,2000,1055,240,815,22.7,0.8,-1775.55,20,1769563590066,1782865754526,154.0,674.55,0.38,0.0,0,0.0,,False,True,False
0x6c02e0595fb1a461f0a28907ef935a890e262c5e,True,908,343,186,157,54.2,4.96,42679.71,9,1784644217652,1787820092077,36.8,11373.0,0.266,48456.139863,1,-7279.68,-15.0,True,True,False
0x6c19f7715db9b7acf4ddf68f02792b17aa5c8581,True,860,304,271,33,89.1,1.87,13561.51,15,1781138245366,1787302784238,71.3,-7827.8,0.577,2118.313014,0,0.0,0.0,False,True,False
0x6c36fa52a466769b09e6b42f1d09564c11b94d85,True,2000,853,517,336,60.6,0.57,-7066.34,25,1760557683107,1788841886705,327.4,-2305.55,0.326,0.0,0,0.0,,False,True,False
0x6c57197509b135cef0814e7b5aa6eb558f8f2b62,True,996,415,185,230,44.6,0.59,-9578.48,78,1692598654455,1788353518546,1108.3,-7558.62,0.789,0.0,0,0.0,,False,True,False
0x6c8031a9eb4415284f3f89c0420f697c87168263,True,2000,813,223,590,27.4,1.34,1276.5,32,1788352281845,1788835963893,5.6,-827.91,0.649,0.0,0,0.0,,False,True,False
0x6c9c84de7f5b9828cebe13fa0023aa856071172c,True,1068,508,339,169,66.7,1.73,11148.09,10,1770230299252,1780483774317,118.7,-2344.09,0.21,0.0,0,0.0,,False,True,False
0x6cb80735f959e1f8e3e52ed8ceb6fced412ac5de,True,95,41,41,0,100.0,inf,3980.15,2,1781458280452,1783099764734,19.0,1290.58,0.324,0.0,0,0.0,,False,False,False
0x6cc4f268a308be8fe67c11803f7078cf886e3dfe,True,2000,1105,288,817,26.1,0.22,-2756.5,11,1788752357939,1788851302395,1.1,-9.42,0.003,8838.532629,5,-3542.47,-40.1,True,False,False
0x6cd6fb808c32e4f2ee51745a5ddb9c9921a05b9c,True,2000,1003,463,540,46.2,1.12,2232.36,11,1782134817316,1788164182841,69.8,1455.48,0.652,0.0,0,0.0,,False,False,False
0x6cf65b6e1a5913ae1167b5835ae915db05dd4ba2,True,2000,879,543,336,61.8,1.2,3073.33,1,1788307064817,1788849971888,6.3,3032.09,0.987,0.0,0,0.0,,False,False,False
0x6d092dd825d74303114eae27988bc5ce029b957d,True,2000,1359,1344,15,98.9,5500.18,365404.79,4,1788366174574,1788804185967,5.1,25215.76,0.069,0.0,0,0.0,,False,False,False
0x6d17a59f7736f564e738d3d9b3b8a0d0fc218b3b,True,2000,872,277,595,31.8,0.95,-156.77,7,1788677082083,1788856127396,2.1,367.02,2.341,1842.585938,2,148.2,8.0,False,False,False
0x6d361440dd4746387eff1ae65ddbfe891059e0ce,True,2000,902,526,376,58.3,1.83,9685.52,44,1744174703158,1788442289839,512.4,1437.17,0.148,0.0,0,0.0,,False,True,False
0x6d52340b24e205b0814ab779cbc99d7c16ade95c,True,2000,1068,542,526,50.7,0.67,-13644.27,15,1765881838511,1783810814259,207.5,9012.67,0.661,0.0,0,0.0,,False,True,False
0x6d6a0bd9a27f4dd74358bee11f151dce4f540d8e,True,2000,764,261,503,34.2,1.03,173.91,3,1787663819042,1788831648486,13.5,1239.8,7.129,5249.535064,1,246.58,4.7,False,False,False
0x6d79d6cfcf088e876a01561b5c264a00bb8e6c95,True,2000,1091,731,360,67.0,2.69,12824.92,13,1773840546200,1788794109631,173.1,4737.48,0.369,27487.597559,1,-2255.0,-8.2,True,False,False
0x6d8d294b861ea6ca3084ee86b749b23589213f2b,True,1596,664,416,248,62.7,1.24,15804.53,11,1776571072313,1788830369960,141.9,5067.41,0.321,18090.646825,2,-39.27,-0.2,False,False,False
0x6da3738e1fc7325765facb5eae488e2e16b10512,True,2000,855,666,189,77.9,5.55,247082.72,20,1780667968147,1788477368731,90.4,10996.19,0.045,61129.907316,2,190374.15,311.4,False,True,False
0x6dba597fe4ba47f97f1f0c32feec4bf6aea11460,True,2000,1010,640,370,63.4,1.88,19100.38,48,1777057852317,1788774541812,135.6,2401.54,0.126,6494.545449,5,-6344.71,-97.7,True,True,False
0x6dcfd49e457d37d18747f157493b3126f32173f9,True,604,228,193,35,84.6,1.25,660.69,9,1781156539148,1783121787924,22.7,-896.65,1.357,0.0,0,0.0,,False,True,False
0x6dfc254f10a5d61e591addd76f9342c36126f078,True,1729,902,159,743,17.6,0.28,-5926.06,12,1782747354881,1783641600078,10.4,-511.93,0.086,0.0,0,0.0,,False,False,False
0x6e098ae113561cba9fa4b96a47c95a460de09bcb,True,2000,1009,480,529,47.6,0.89,-617.14,31,1788464944295,1788855376331,4.5,-378.65,0.614,3947.745069,4,612.77,15.5,False,True,False
0x6e2bf22c14d3740abe9d2581ec6469f7f7a51aec,True,2000,241,150,91,62.2,0.48,-1241.2,5,1787167260553,1787869035785,8.1,213.18,0.172,0.0,0,0.0,,False,True,False
0x6e4d47dad1e97833f4ecb0ef56347ba8e6fd1c0e,True,2000,959,380,579,39.6,1.07,20094.09,14,1780286427527,1788796187508,98.5,10065.87,0.501,76535.006035,1,-113391.55,-148.2,True,False,False
0x6e6abb59dc84d09116045d35d4b9b8fca42ac6b9,True,893,423,245,178,57.9,4.56,39148.71,53,1748079309052,1787538847573,456.7,5841.69,0.149,15155.271509,2,-16284.55,-107.5,True,True,True
0x6e7a4cbcdeddaf7123dc18fbca4caa741f30a41f,True,233,97,11,86,11.3,0.01,-13393.38,6,1767119690677,1788310746620,245.3,-1142.73,0.085,10404.425458,1,98.81,0.9,False,False,False
0x6e8bc7cd0978397b06a14af2a8c31f5daeffea79,True,2000,1040,572,468,55.0,2.7,3746.36,1,1788810031029,1788856450039,0.5,118.34,0.032,42849.132556,1,0.0,0.0,False,True,False
0x6ec311b616afed34336c75bb35df20c1639f0d41,True,2000,990,356,634,36.0,1.2,18235.86,23,1778351874548,1788319515225,115.4,7911.5,0.434,7426.408,1,-995.38,-13.4,True,True,False
0x6ee5aee6c8148285f4d156b5b5732659c6f7bb4c,True,2000,996,465,531,46.7,0.73,-3714.36,79,1776891069567,1788797114197,137.8,-1740.57,0.469,0.0,0,0.0,,False,True,False
0x6f0306dc529cfeb8e08502e5eb7a588def9ac88d,True,1793,565,211,354,37.3,0.25,-76497.24,11,1771427051282,1787251123383,183.1,-7697.68,0.101,30299.940778,0,0.0,0.0,False,True,False
0x6f19a8adda5a0b8d009a687d7aa2d36eb08b6688,True,2000,944,321,623,34.0,0.78,-8489.36,7,1787754987131,1788834800738,12.5,3741.5,0.441,21994.003996,2,-2824.49,-12.8,True,True,False
0x6f34327c5214fd8652ea288b8e97ffcbcd069cdd,True,2000,1081,360,721,33.3,0.28,-78807.05,6,1780122504495,1787757064535,88.4,8006.19,0.102,0.0,0,0.0,,False,False,False
0x6f591f6fa2666ac48b896ec4de1a755534a50388,True,2000,1057,629,428,59.5,7.84,294285.42,26,1732672750985,1787529600082,634.9,38882.28,0.132,0.0,0,0.0,,False,True,False
0x6f713fd42f173b163a9fbbcdbe6b26c7dbd6b2a2,True,2000,953,802,151,84.2,13.5,121980.52,115,1777930149433,1788697496490,124.6,6846.24,0.056,0.0,0,0.0,,False,True,False
0x6f7f358df5a6a4b02178bdbfaae5ed4dc14b28ae,True,2000,805,276,529,34.3,0.32,-45614.34,8,1785209079243,1788843356072,42.1,-7964.88,0.175,0.0,0,0.0,,False,False,False
0x6f8e7b09399803adecb5f002f41f2b47e2d866c5,True,2000,1044,569,475,54.5,2.21,3346.98,66,1742310259209,1788825600043,538.4,312.62,0.093,218.12395,1,36.34,16.7,False,True,False
0x6fa7bc97c3a5543d374444ecae2ef62b4f95ef10,True,2000,901,597,304,66.3,0.95,-1262.01,2,1770837413486,1788796782277,207.9,1894.84,1.501,3122.545697,1,815.17,26.1,False,True,False
0x6fbccfe86cc872474c1ff154b4846ae6d335c23e,True,321,213,131,82,61.5,0.69,-69112.99,2,1764753361805,1781161739111,189.9,-66815.55,0.967,165540.13974,1,-87810.99,-53.0,True,False,False
0x6fc33ecbf02e24539684be1536ad521f8e419392,True,2000,961,444,517,46.2,0.99,-412.48,3,1777524836686,1787185065837,111.8,-5001.64,12.126,0.0,0,0.0,,False,False,False
0x6fe7f3bc9a5f94a0a4bb3513ce23c8a2a17fc367,True,2000,621,250,371,40.3,3.09,401.0,13,1780872440684,1788838030833,92.2,210.1,0.524,4475.03326,0,0.0,0.0,False,True,False
0x7002b3e03c45b9638b035f5ba46a68980c207da9,True,1930,927,620,307,66.9,0.49,-173541.24,4,1778851998056,1780416168497,18.1,-46659.41,0.269,0.0,0,0.0,,False,True,False
0x701434b9ba8181f1b770f45601bcf97140fbf9c5,True,2000,1202,39,1163,3.2,0.0,-624060.29,2,1773695777325,1778078733915,50.7,-37679.84,0.06,0.0,0,0.0,,False,True,False
0x702f57eb0fecec3a29cde82e1de50d9635619ae9,True,2000,771,770,1,99.9,11.45,4235.14,7,1787148422504,1788842481832,19.6,-405.45,0.096,6944.778215,3,19222.12,276.8,False,True,False
0x7044f98cf2a479d4f2c3a26191bdb005507b5807,True,2000,1054,968,86,91.8,2.32,369.1,6,1787633186924,1788838163614,13.9,-208.6,0.565,0.0,0,0.0,,False,True,False
0x705e54faaa515bc86c83fb4803000eebeccbf167,True,2000,1108,480,628,43.3,1.21,16063.05,8,1766770453406,1787608228351,241.2,8424.6,0.524,2175.55407,1,-2531.0,-116.3,True,False,False
0x706bfbcdc0a01f9b7bfad4f279fa9d77a98de0b4,True,523,279,274,5,98.2,61418.03,31046.62,4,1787608228214,1788717095455,12.8,4259.79,0.137,47310.722831,1,32400.49,68.5,False,False,False
0x707da47b391c0e883dec5d4399238daa99fa59d9,True,2000,823,305,518,37.1,0.26,-17433.62,11,1766123909025,1787753697985,250.3,2736.67,0.157,0.0,0,0.0,,False,True,False
0x7086921c2699fb3ea4829734639325610763674b,True,2000,1075,394,681,36.7,0.66,-6459.98,8,1775521796276,1781058124118,64.1,-3445.2,0.533,0.0,0,0.0,,False,True,False
0x70a9c2abe1fe60d8ba692fde6e26385b448a8e0c,True,2000,947,399,548,42.1,0.34,-36666.02,4,1787833980978,1788322572899,5.7,8046.53,0.219,1.007365,0,0.0,0.0,False,True,False
0x70bb680e917e676e89a78af6d66f18f521f47bbd,True,1970,767,594,173,77.4,2.32,18398.69,24,1772512612579,1788848259929,189.1,1431.6,0.078,0.0,0,0.0,,False,True,False
0x70d442d833ecaca12b0edb0e92df5059ad2366a2,True,2000,1143,362,781,31.7,0.63,-13609.06,13,1769987352575,1786210531060,187.8,5647.86,0.415,0.0,0,0.0,,False,True,False
0x70f2470004a76040836bbfbcb4fb8af0396e9039,True,2000,947,519,428,54.8,0.8,-14456.01,33,1773734624734,1788784097255,174.2,-16615.82,1.149,0.0,0,0.0,,False,True,False
0x710b365eb66775f36038ed11170f29e15e5aa4b5,True,221,128,36,92,28.1,1.8,1916.89,4,1778794390846,1779175122543,4.4,636.28,0.332,0.0,0,0.0,,False,False,False
0x7118dd56e90cb9312a135129800c79784495231b,True,2000,998,435,563,43.6,0.81,-14784.57,2,1776936337595,1782083799334,59.6,-3244.09,0.219,0.0,0,0.0,,False,True,False
0x712d331a9012dece9bb6d55ce6db54ed3795a4ae,True,883,434,197,237,45.4,0.3,-72664.03,14,1763709905534,1788771574374,290.1,-15159.95,0.209,4515.758864,1,4286.78,94.9,False,True,False
0x7146799ca0c214a800444e6a8564a690548d6fef,True,1883,964,367,597,38.1,1.19,7311.64,18,1759730153384,1788829364268,336.8,-3692.05,0.505,38592.396076,3,-1347.28,-3.5,False,False,False
0x715ff181dec2bc2894cdb5de0f6e4c10629d3bd1,True,97,57,53,4,93.0,16.74,3762.08,2,1780076750158,1783353738810,37.9,615.65,0.164,0.0,0,0.0,,False,False,False
0x7175c70fda4074949ec4c940168e8ba6b9c5bc19,True,2000,912,603,309,66.1,1.23,880.16,1,1788390581286,1788849598533,5.3,-343.2,0.39,0.0,0,0.0,,False,False,False
0x718594f929bc5084d9973340658eee2d616f558a,True,844,341,134,207,39.3,0.15,-97332.64,25,1753564677572,1781028745602,317.9,-15892.17,0.163,0.0,0,0.0,,False,True,False
0x719b8be8e2c3f07575d41a2580011db702029e5b,True,992,340,267,73,78.5,1.01,138.62,44,1776894784685,1788528113410,134.6,-4967.57,35.836,0.0,0,0.0,,False,True,False
0x71acae4aacaf4956ac31e09b18cbc33ae49dd8b3,True,2000,1023,414,609,40.5,0.38,-96407.84,6,1780410462794,1788288271554,91.2,-24142.41,0.25,0.0,0,0.0,,False,True,False
0x71b6f48a30532d5822af3bf3816a87f066f901be,True,2000,1105,237,868,21.4,0.51,-37644.12,6,1782096787163,1788123846367,69.8,3209.2,0.085,0.0,0,0.0,,False,False,False
0x71dfc07de32c2ebf1c4801f4b1c9e40b76d4a23d,True,2000,2000,440,1560,22.0,0.08,-111337.44,2,1788571199358,1788796833537,2.6,-104.3,0.001,1473274.98616,6,-1491502.85,-101.2,True,False,False
0x71fd7b787fdf82a17b724a356c6dd3092b881c6a,True,1164,428,318,110,74.3,2.0,12447.75,22,1788002523815,1788778090947,9.0,3151.08,0.253,32617.977264,3,-3598.23,-11.0,True,True,False
0x7214faa9eef8775e4e7ef6d055b698917ebd04e6,True,2000,1148,597,551,52.0,3.48,479113.9,38,1731404825182,1775606400094,511.6,26599.98,0.056,0.0,0,0.0,,False,True,False
0x7227aa899cb9083d4ca6d4a3009492a09dbf46ac,True,2000,1057,383,674,36.2,0.19,-25157.87,13,1768511027867,1788525048492,231.6,-1417.37,0.056,0.0,0,0.0,,False,True,False
0x7246180bc9134c95bf9fc35860d3c731a9a2f867,True,2000,753,515,238,68.4,0.64,-9627.62,18,1787103107154,1788422457860,15.3,-6357.13,0.66,31130.889258,1,9310.64,29.9,False,False,False
0x7257f602d5db64835cd6121dca02d65acbe47e32,True,2000,1004,357,647,35.6,1.44,68771.69,26,1735892024162,1781119057405,523.5,-35695.96,0.519,0.0,0,0.0,,False,True,False
0x72687c7de3d79601421b0a1e2e9cf6b1c809c75b,True,831,381,139,242,36.5,0.61,-3969.15,7,1724600628060,1788596724178,740.7,-859.3,0.216,0.0,0,0.0,,False,True,False
0x727b81dac0beda2c3f33f2f317eb9e410b92eb30,True,674,282,217,65,77.0,0.67,-1982.43,26,1763337779700,1788736373520,294.0,-605.3,0.305,14636.164877,15,4046.92,27.7,False,False,False
0x72940de764002f6804559aa933ee7c66156701b1,True,2000,1011,387,624,38.3,0.26,-14886.01,8,1780726911577,1788830966894,93.8,-3683.07,0.247,588.956055,1,-87.48,-14.9,True,True,False
0x72a7837428320ec3c0c072b0c0fc192d6df0c83f,True,2000,746,709,37,95.0,21036.74,69085.79,3,1787845703179,1788849554396,11.6,11211.18,0.162,69396.525,1,23480.68,33.8,False,False,False
0x72b090d89a2f2ec15de30cba6d077c8ce6ab979a,True,1262,627,448,179,71.5,0.6,-11854.15,13,1757541061757,1787782390571,350.0,-12258.71,1.034,0.0,0,0.0,,False,True,False
0x72cb918356c4f6d3f1b2e532928110ba6995f139,True,2000,1899,1235,664,65.0,13.55,18515.16,2,1788769672000,1788855461017,1.0,2918.82,0.158,431009.92174,1,199.02,0.0,False,True,False
0x72db642e6c803993aef6fc17e9b159c536508bb6,True,2000,1122,817,305,72.8,1.57,55000.05,8,1770894401169,1787670830105,194.2,7662.32,0.139,592764.607058,1,326992.95,55.2,False,True,False
0x72fdadc3f9de255eb75ed816b2e036ab0a822ef7,True,2000,816,683,133,83.7,2.68,2611.51,17,1788531854668,1788856616568,3.8,410.61,0.157,3322.596896,2,-11.34,-0.3,False,False,False
0x73154aa4adfc47bc7196d12ee9443fd70efe1696,True,2000,1025,700,325,68.3,1.01,47.15,3,1776649388408,1777565303329,10.6,-1097.99,23.286,0.003905,0,0.0,0.0,False,True,False
0x73323d56ad02e03f063ae21b4e4cbe161fa33fe2,True,2000,1028,385,643,37.5,0.39,-13470.99,6,1783315696598,1788694338022,62.3,-1184.66,0.088,9427.895303,1,205.31,2.2,False,False,False
0x733c86088943d4b8fb4e25487b3c386cf3014ac6,True,2000,1094,842,252,77.0,18.33,52897.96,8,1787872413446,1788844741312,11.3,10983.9,0.208,33447.081415,3,917.51,2.7,False,False,False
0x7349b3c72adb9e2d2e537b496fe777f3ed011fbe,True,650,391,258,133,66.0,1.67,5566.87,1,1782110146430,1788627307584,75.4,2481.08,0.446,2020.032522,0,0.0,0.0,False,True,False
0x735ea75f8de325db9e6c1b0ccf95bbc136a608f3,True,2000,956,247,709,25.8,1.81,16853.42,22,1773834900723,1788442099033,169.1,5569.41,0.33,91052.237886,5,80842.71,88.8,False,False,False
0x736e2f7fdb4c00c48ec0e3b6c3fffdd18030ab03,True,2000,710,503,207,70.8,0.96,-121.48,15,1785316278127,1787537413469,25.7,-371.13,3.055,0.0,0,0.0,,False,True,False
0x737e494f92cc95b36b6a6bd96bea3bc75fb9a0e7,True,1293,459,319,140,69.5,0.83,-12614.74,32,1767485065575,1788854538754,247.3,-12643.18,1.002,27868.85476,4,-22438.86,-80.5,True,True,False
0x73a8c958ad526149f8cb28a9e4c962eaece1a3f0,True,2000,988,568,420,57.5,0.75,-2834.12,3,1774465453984,1775456020073,11.5,-508.37,0.179,0.0,0,0.0,,False,True,False
0x73bd9b5ce8752f8afff47125aba2abafeac904aa,True,2000,1060,375,685,35.4,0.48,-11877.46,4,1781014560606,1782832010913,21.0,1044.0,0.088,0.0,0,0.0,,False,False,False
0x73ce5909292a421f641acb7ba7b780486d476ff0,True,653,409,197,212,48.2,0.12,-91050.81,12,1777632823446,1782407596925,55.3,-13031.69,0.143,792.080693,1,589.77,74.5,False,True,False
0x73eb70d361589f5945f76d98bccf59d5f9602006,True,526,233,122,111,52.4,0.71,-6787.3,12,1772546050576,1781502461386,103.7,-4160.47,0.613,0.0,0,0.0,,False,False,False
0x7416d115e3df9f9b17d17cc5ceac7dabf336c074,True,1767,1013,353,660,34.8,0.76,-13309.25,2,1782568446445,1783021034959,5.2,3854.76,0.29,0.0,0,0.0,,False,True,False
0x743527ab0d4f3213df0e42da36478357e9dcd979,True,2000,955,420,535,44.0,0.3,-56041.77,10,1780502339468,1788702431603,94.9,-14458.53,0.258,5150.090037,2,-536.85,-10.4,True,True,False
0x744ed21ba9d70ebed05fd993edbabdba9cf88556,True,1044,515,383,132,74.4,2.29,7559.59,6,1775410619648,1781354951458,68.8,-1194.46,0.158,0.0,0,0.0,,False,True,False
0x745d8ac047ac7ce524a053bff8ce9acfc07b20a2,True,2000,898,195,703,21.7,0.71,-3878.64,19,1787700781368,1788849880003,13.3,1510.67,0.389,18028.442394,2,3260.55,18.1,False,True,False
0x746c000a64e8f7e781fc35bf00a9b04c35ccee66,True,2000,781,219,562,28.0,0.82,-923.08,6,1772775760419,1776562381604,43.8,375.87,0.407,0.0,0,0.0,,False,True,False
0x74884168a3b92b537203fc279f0950091eccab3c,True,2000,986,504,482,51.1,1.62,4030.15,11,1783181893138,1788836372893,65.4,420.24,0.104,15885.01656,2,-301.64,-1.9,False,False,False
0x74a39b32772d9e01906f683dff75569be9054d68,True,958,263,209,54,79.5,2.19,32249.93,6,1757723099296,1788847475531,360.2,-4239.26,0.131,1843.217462,1,-152.53,-8.3,True,True,False
0x74b5bb21fb29cec0da5c465dbf59f8da7b30200c,True,461,205,172,33,83.9,2.34,5891.25,10,1784770353908,1788771089707,46.3,-3951.9,0.671,1483.294577,3,-82.8,-5.6,True,True,False
0x74c4d8f616ca95a16a8953c1b2dbd93b281e47c7,True,2000,1148,539,609,47.0,1.01,102.6,14,1774967311502,1780538661160,64.5,1109.38,10.812,0.0,0,0.0,,False,False,False
0x74d6a1b72963924e165b800a600211e574856aab,True,875,443,1,442,0.2,0.01,-9446.34,1,1780745844380,1783126100933,27.5,-351.06,0.037,0.0,0,0.0,,False,False,False
0x74e6c29dc12795b427ffe0c2ea6aef4cfbe1337b,True,106,35,24,11,68.6,38.13,8346.67,2,1787213531327,1788224209799,11.7,4464.98,0.535,37615.137204,1,12.74,0.0,False,False,False
0x7514494e3eabc364455d687b35ab60f595083e7d,True,336,82,82,0,100.0,inf,53876.58,2,1743977521963,1780939440670,427.8,16377.08,0.304,0.0,0,0.0,,False,False,False
0x752dbbc2999e3edcda5a89a7868f5225510b04ae,True,2000,748,337,411,45.1,0.92,-1251.3,24,1774584507340,1788571677856,161.9,-1302.35,1.041,0.0,0,0.0,,False,True,False
0x753e0eaf7a713d9d9170f97d8123ec07d0c6857d,True,2000,1161,171,990,14.7,0.27,-99645.67,18,1759851346212,1780688887965,241.2,-24761.6,0.248,0.0,0,0.0,,False,True,False
0x7556a8772e508a8b63f8bbb4f9e6945de0017f4f,True,1602,837,267,570,31.9,0.81,-1328.28,20,1719425780471,1786891731638,780.9,492.59,0.371,0.0,0,0.0,,False,False,False
0x7570206ce9891ba4106be650e07ffb94df7ca8ec,True,2000,1141,723,418,63.4,2.2,2290.4,50,1788810248135,1788857000660,0.5,112.9,0.049,122096.538013,63,425.42,0.3,False,False,False
0x7585ca5118a3ec6abe5169af82cdf26d3da2aa00,True,2000,1021,584,437,57.2,1.73,5631.85,6,1772463990966,1776008024161,41.0,1191.65,0.212,0.0,0,0.0,,False,True,False
0x759eb01a71ae04bc182b0542d496fc86977593fe,True,1713,902,328,574,36.4,0.61,-15083.37,10,1777909455363,1779530402329,18.8,-1864.56,0.124,0.0,0,0.0,,False,True,False
0x75c0acd1822ec14250b032a7585d7b90aae2f88e,True,2000,945,295,650,31.2,0.53,-7503.93,19,1783952211280,1788388552552,51.3,-1069.32,0.143,0.0,0,0.0,,False,True,False
0x75d2ba3da5a598ea48d499bc172fb6b4713229a3,True,2000,580,372,208,64.1,8.95,119033.95,22,1779144772492,1788841189869,112.2,11128.95,0.093,47402.330655,1,200483.19,422.9,False,True,False
0x75ed7bd176c9a8107ae3df007580ee1dc0030aa3,True,2000,712,615,97,86.4,19.75,44867.48,22,1783463557345,1788777797759,61.5,2536.05,0.057,53796.660951,5,-88914.02,-165.3,True,False,False
0x76097a1d0d8f5e93930719c231e793375eb960d9,True,2000,973,182,791,18.7,0.36,-101646.54,1,1783995922566,1784548962771,6.4,-8720.03,0.086,0.0,0,0.0,,False,False,False
0x7620c8dc7aa7af1869b9097d3faeec39009d1451,True,1117,526,156,370,29.7,0.59,-3033.94,19,1787578212215,1788832266260,14.5,-879.75,0.29,3203.977588,3,7.28,0.2,False,True,False
0x7630cc114b2fbc6d7b2f9cbae9c7a8b7aef77e11,True,2000,1033,732,301,70.9,0.89,-3885.52,6,1771056412684,1787712855881,192.8,-3229.17,0.831,0.0,0,0.0,,False,True,False
0x764a62466d344134306ed08972aa2df7e421e1d7,True,2000,980,434,546,44.3,0.43,-14490.83,11,1776347787125,1777302916803,11.1,1320.61,0.091,0.0,0,0.0,,False,False,False
0x766503808ce42744c142431fdc81f9fbcd6553d3,True,2000,987,512,475,51.9,2.13,3633.97,1,1788358922173,1788774738484,4.8,537.1,0.148,12851.330572,1,-6674.76,-51.9,True,False,False
0x76736276e599d3f94431ea90ef3517234a9af01e,True,2000,936,572,364,61.1,0.9,-2412.77,3,1787807494329,1788509984666,8.1,-3105.13,1.287,0.0,0,0.0,,False,False,False
0x7684d0c6d84d22b481ef3d2587c475f878836e51,True,2000,1114,544,570,48.8,2.26,254.52,124,1788855667077,1788857336264,0.0,66.93,0.263,49320.858489,87,43.94,0.1,False,False,False
0x76b7f3da6504fad855827d60e3da670f01d32ee4,True,1064,278,196,82,70.5,4.66,19720.33,13,1733582307033,1788821628039,639.3,1902.36,0.096,1185.845198,2,1080.24,91.1,False,True,False
0x76c2a9cc45c864c9bdc109e0cf94de21b76e46cc,True,814,322,139,183,43.2,0.74,-947.8,15,1774295962818,1779152143363,56.2,-737.14,0.778,0.0,0,0.0,,False,False,False
0x76d13a068b348c6ad0746da012b2346d3e35d821,True,2000,790,207,583,26.2,0.15,-24861.51,7,1787669518058,1788772457859,12.8,-2842.21,0.114,0.0,0,0.0,,False,False,False
0x76e9f3727a5614db71d4c30a828d0abba7edd4d7,True,228,125,78,47,62.4,0.55,-694.25,1,1777300468497,1781795645992,52.0,-1087.04,1.566,0.0,0,0.0,,False,True,False
0x76fbded6f3e1eeb43419303760ba36ff71605e15,True,590,285,164,121,57.5,0.69,-2510.69,9,1777741933858,1783704780423,69.0,-604.2,0.241,0.0,0,0.0,,False,False,False
0x7717275de7e38ec247b0426ac4fcb22903b7bbcf,True,2000,973,712,261,73.2,1.12,3673.27,24,1787104503051,1788838041253,20.1,4090.1,1.113,217913.885288,3,-44231.93,-20.3,True,True,False
0x7736d256fc9931dfae4e6fab86a5acf4dc2af0aa,True,899,443,137,306,30.9,0.42,-2420.25,13,1760850112057,1779977602540,221.4,-363.34,0.15,0.0,0,0.0,,False,True,False
0x774a84b45f47e6efd0f9a82b8b43d7a7a97863fe,True,1432,701,264,437,37.7,0.48,-30402.01,6,1738588845655,1779403125839,472.4,-4970.66,0.163,0.0,0,0.0,,False,True,False
0x7764c0baeb28e53fcd7abc95ab00bb39937a29d7,True,2000,1151,772,379,67.1,0.23,-52931.83,1,1785734851400,1787361605228,18.8,-6525.48,0.123,0.0,0,0.0,,False,True,False
0x77777775cd4e28eea9aac43feb6407203fcc5aa3,True,2000,949,210,739,22.1,0.26,-23080.61,18,1780317553891,1787773171778,86.3,-3455.77,0.15,3145.251165,1,56.83,1.8,False,False,False
0x778f1b842cf2d6438b84befa63ff6b7fe42c6b44,True,2000,1111,701,410,63.1,3.37,218284.7,20,1739153663457,1788668310089,573.1,-15468.83,0.071,0.0,0,0.0,,False,True,False
0x77a993d2c311f3e5deebc9764dd26d9996083cdd,True,487,292,63,229,21.6,0.56,-2797.13,9,1774535667684,1777028459198,28.9,-601.18,0.215,0.0,0,0.0,,False,True,False
0x77bd565b1a8d12e0777c5ea2d5ab45024b4d3e41,True,735,314,164,150,52.2,0.59,-7658.75,11,1778688663610,1788478277903,113.3,-5445.26,0.711,1585.688246,1,410.7,25.9,False,True,False
0x77e1ee2ff5406d98c0b87d2371291392098f7d85,True,1263,430,274,156,63.7,1.13,38807.47,7,1752581866746,1787961600069,409.5,84035.62,2.165,0.0,0,0.0,,False,True,True
0x77f542aef56628b792a3dca86b8975b068faee6e,True,2000,815,583,232,71.5,0.82,-3572.35,21,1764077773809,1778078771827,162.0,-1933.56,0.541,0.0,0,0.0,,False,True,False
0x780da7eec896ff6b06daffe267c409a4da5460b5,True,2000,1121,593,528,52.9,0.39,-82666.2,3,1782298441292,1788853904937,75.9,-12646.5,0.153,72650.820363,1,23809.28,32.8,False,True,False
0x7817c4100e8e51c147c7b7eac1259abbdf47e7f0,True,2000,1009,366,643,36.3,0.16,-29906.47,6,1788532263584,1788810702762,3.2,-1290.14,0.043,4351.041448,1,-1061.38,-24.4,True,False,False
0x78249e9d2411ede6303d953343d10b52db098b9a,True,2000,1027,468,559,45.6,0.43,-12295.61,4,1778602034435,1779284903162,7.9,-1067.71,0.087,0.0,0,0.0,,False,False,False
0x782f8cdb81124e0dea7506f2ecf0efa1c51421b1,True,2000,649,469,180,72.3,0.27,-63528.41,9,1777909087297,1788847300133,126.6,-8485.86,0.134,1246.882239,1,-90.52,-7.3,True,True,False
0x7839efc55bbf2ca341018de7dbda0a90eeff2937,True,2000,793,642,151,81.0,0.65,-3633.09,11,1783356394324,1788440106402,58.8,-2421.83,0.667,0.0,0,0.0,,False,False,False
0x784e83f002b248d5881af8da47ac092978dc3588,True,1323,608,322,286,53.0,0.4,-14018.57,50,1734103793596,1787512651084,618.2,-3413.99,0.244,432.180356,1,-432.99,-100.2,True,True,False
0x786515c7862ce168becb5b9b3da55a5e0d486e42,True,2000,982,669,313,68.1,0.54,-5797.89,13,1784914196812,1785546208337,7.3,-2721.8,0.469,0.0,0,0.0,,False,True,False
0x788188692b80eb01de79881c8bcd9cb75caec38b,True,401,187,22,165,11.8,0.72,-2708.51,9,1768205202478,1788473931019,234.6,2333.59,0.862,1839.508376,1,757.24,41.2,False,True,False
0x7892624922821446e6d5a9db92d9ad3f6ecbcbb3,True,2000,959,399,560,41.6,0.92,-715.8,12,1781013999666,1787230456059,71.9,-433.97,0.606,0.0,0,0.0,,False,True,False
0x78b1a0f58bc09c02c9b331ef3d21b9bd71720f8b,True,2000,866,508,358,58.7,4.19,5692.24,9,1788363631044,1788687427541,3.7,447.7,0.079,0.0,0,0.0,,False,False,False
0x78db7b9400d46f2ebb567aed76eb2776e9d2987c,True,2000,1063,560,503,52.7,1.02,56.92,29,1783387248417,1787328751032,45.6,292.68,5.141,0.0,0,0.0,,False,True,True
0x78f4c1da82b1d44df1fd987c51793ca755eacd34,True,2000,1286,834,452,64.9,1.15,910.95,21,1786542054124,1788793134383,26.1,-1205.17,1.323,7998.9855,0,0.0,0.0,False,True,False
0x790f46fb8350ddcc9ad107655d8a8786ab4c8a6f,True,2000,1171,588,583,50.2,0.78,-6837.66,24,1766064641381,1788480000030,259.4,-3568.75,0.522,0.0,0,0.0,,False,True,False
0x7927848945bee95c07345b52af5a11dc3f39ac4f,True,793,374,119,255,31.8,0.19,-22787.2,12,1753102580721,1781798132633,332.1,-2723.0,0.119,170.71078,0,0.0,0.0,False,True,False
0x7944642920df33bae461f86aa0cd0b4b8284330e,True,2000,1358,329,1029,24.2,2.0,41407.07,5,1777981372767,1787128901541,105.9,8012.41,0.194,233310.0,0,0.0,0.0,False,False,False
0x795b866741c541d161d921f6180738140d70b197,True,2000,1019,768,251,75.4,0.75,-53974.84,12,1756479281010,1780315164975,275.9,-18761.81,0.348,48240.339161,4,-10928.1,-22.7,True,True,False
0x7972fea42324fff970358e9f17a380d699a1a1c2,True,1321,683,422,261,61.8,0.48,-40996.24,14,1786280455575,1788796145755,29.1,-4118.19,0.1,0.0,0,0.0,,False,False,False
0x797ff70db11e7bbd123481f46f6d99edceef72f6,True,2000,971,448,523,46.1,0.68,-15337.38,34,1762758739925,1788685282841,300.1,-3877.44,0.253,12511.75,1,9571.63,76.5,False,False,False
0x799d11064d7006447c5d8030e205b25ef30c31d8,True,903,450,273,177,60.7,1.55,12194.06,37,1733974217860,1787932682341,624.5,-5194.33,0.426,0.0,0,0.0,,False,True,False
0x79bc5b4dec1d8804ccf6769b141c4edaae610388,True,1066,453,251,202,55.4,0.75,-4720.12,29,1760148553319,1788732133815,330.8,-3553.06,0.753,4488.101077,1,-180.19,-4.0,False,True,False
0x79d0b71e8230fb850e3fb364d55175dbf07e47cc,True,971,489,258,231,52.8,2.72,35971.03,20,1773082698490,1788048000065,173.2,10332.78,0.287,0.0,0,0.0,,False,True,False
0x79e1ab3965b972db8de5817ab034b612dd121ef5,True,2000,1184,854,330,72.1,2.1,104183.67,13,1751237183361,1787716022234,422.2,14280.0,0.137,0.0,0,0.0,,False,True,False
0x7a0ea4409c480ff41bc8211768fb8947c20a91ec,True,322,118,83,35,70.3,0.91,-363.62,24,1777864501861,1787262791045,108.8,-3022.92,8.313,0.0,0,0.0,,False,True,False
0x7a231427dac07470b2983ef13335ac1f8e91567e,True,2000,937,400,537,42.7,0.92,-984.1,9,1781736451506,1788838018724,82.2,-1440.89,1.464,1643.499023,1,-6.47,-0.4,False,False,False
0x7a35bbc1de0b86e11aea964956807e08317f3803,True,2000,1262,699,563,55.4,0.54,-13854.3,43,1772993991452,1788566400005,180.2,-11989.35,0.865,0.0,0,0.0,,False,True,False
0x7a420aebedabd3b8f6c7a3e1df73924c71194bac,True,2000,956,528,428,55.2,0.68,-31226.22,4,1776889276868,1777593600045,8.2,-18891.16,0.605,0.007526,0,0.0,0.0,False,True,False
0x7a62f6e87145bf72a44ee2f902b46c4eea4b10e8,True,2000,186,178,8,95.7,2.26,5852.43,26,1781772670876,1787153571663,62.3,-3224.88,0.551,0.0,0,0.0,,False,True,False
0x7a7acf2241c2b388b6b7eb8bba78f615f6f773b2,True,2000,1020,646,374,63.3,5.66,52895.19,37,1725626805780,1788794304859,731.1,5542.97,0.105,463.222129,1,-5.36,-1.2,False,True,True
0x7a8db6987a16c13e81f04e5ce2bb355b03d8de8e,True,2000,758,420,338,55.4,0.58,-21686.28,34,1767634288324,1788701200570,243.8,-10919.88,0.504,782.184841,1,162.54,20.8,False,True,False
0x7a9a9f11da3b4b42da958e9f950ef2c27c9b70fa,True,2000,1254,632,622,50.4,0.95,-4668.5,18,1763616603048,1788766238649,291.1,-12782.33,2.738,150361.362973,1,-24295.76,-16.2,True,True,False
0x7aabbf0bba2e0bf6b8a819e0679533c84e659349,True,820,384,129,255,33.6,0.8,-691.46,9,1775828918724,1788530018346,147.0,196.46,0.284,0.0,0,0.0,,False,True,False
0x7abbd6768430fcb2b030d56ebc03bb0a75c31e95,True,575,283,177,106,62.5,1.37,1957.74,10,1772811708967,1788752727010,184.5,1652.72,0.844,4172.463507,1,-250.65,-6.0,True,False,False
0x7ad67ce00a982d0e1a1ad094b262edffe320672b,True,2000,939,409,530,43.6,0.67,-5336.72,35,1783076615657,1788847593709,66.8,-1285.45,0.241,0.0,0,0.0,,False,True,False
0x7aec1d002444014709b3a3afc06286148045fe3a,True,1443,532,400,132,75.2,0.67,-16133.95,27,1747320531112,1776907487113,342.4,-41268.82,2.558,839.94394,0,0.0,0.0,False,True,False
0x7b23c6ed5b28e99b5879bc23fba59f0d0804a3b6,True,1283,545,408,137,74.9,1.1,1033.14,14,1782901015696,1788852162678,68.9,-1650.73,1.598,0.0,0,0.0,,False,True,False
0x7b3f7b9696bd3d2b2c93416589495999c3b53dfd,True,2000,1063,353,710,33.2,3.52,10188.04,20,1766502281221,1788790914156,258.0,994.04,0.098,3241.534988,1,2151.78,66.4,False,False,False
0x7b4f5f1c9717e6fcf1b5718c06f0ac71c8b8375a,True,717,309,220,89,71.2,0.51,-8226.92,34,1759167591028,1775055614680,183.9,-3951.54,0.48,0.0,0,0.0,,False,True,False
0x7b666af4f977342446f43f02268b48dd081181e0,True,2000,779,404,375,51.9,0.4,-84978.2,19,1780274171359,1788796293946,98.6,-5304.38,0.062,19364.156821,2,-253.82,-1.3,False,True,False
0x7b795d7fea005a7627c010243b47084a535c6b07,True,221,85,28,57,32.9,0.09,-4770.05,3,1781472302600,1782442908507,11.2,-831.67,0.174,0.0,0,0.0,,False,True,False
0x7b9f73a66623416d4f8de6684ccd5438595c7b5b,True,1088,346,282,64,81.5,3.97,22376.06,20,1741184426075,1788850427894,551.7,6540.47,0.292,4589.871896,1,-224.8,-4.9,False,True,False
0x7bbd632b9bb96dfe0416c8d6e5ca94bf7cef9193,True,2000,1060,458,602,43.2,0.32,-16082.82,35,1787484811710,1788830680461,15.6,-7034.99,0.437,2030.970546,1,-102.15,-5.0,True,False,False
0x7be19059fa7337d8ff76aeda43c893ecdb119adb,True,2000,1098,735,363,66.9,5.62,55839.54,10,1753286748320,1773851199467,238.0,24886.86,0.446,0.0,0,0.0,,False,False,False
0x7bf99d2df0de14dbf7a7fb323ff813f6ddd12c52,True,1579,713,131,582,18.4,0.24,-188839.73,2,1777007042213,1777137002716,1.5,-8905.67,0.047,0.0,0,0.0,,False,True,False
0x7c0c1a45080daaaf130abe54037950ae1392e7d4,True,2000,959,494,465,51.5,0.95,-170.81,16,1756501877091,1788598471663,371.5,36.05,0.211,295.35853,1,61.3,20.8,False,False,False
0x7c356d5723a70f9d37c01ec7bc62c63e64c98e53,True,2000,986,841,145,85.3,1.65,34316.03,33,1741882125809,1788689274632,541.7,8793.22,0.256,0.0,0,0.0,,False,True,False
0x7c4b71c1d8a11ed426f301c372a72e06f528e00b,True,2000,922,922,0,100.0,inf,177769.49,3,1786881513054,1788296151448,16.4,26319.23,0.148,0.0,0,0.0,,False,False,False
0x7c5da3494087cba0ae94f928482ca355653ad048,True,2000,825,338,487,41.0,1.44,1290.71,38,1780106172175,1788835234344,101.0,509.94,0.395,414.795566,1,79.18,19.1,False,True,False
0x7c687e7f19758725aad931fb3a6fdc333690ff90,True,2000,859,549,310,63.9,0.25,-122524.25,4,1780844921627,1788686753590,90.8,-9223.27,0.075,42855.791368,1,-17359.14,-40.5,True,True,False
0x7c7565ad321ad3df118738fb16ea3bfd416334de,True,2000,813,455,358,56.0,0.42,-54798.57,16,1778506325112,1785744359575,83.8,-4520.98,0.083,0.0,0,0.0,,False,True,False
0x7c92ed73dbc2a1433b3a4b49278a53bf0931afa6,True,162,92,17,75,18.5,0.05,-10952.37,1,1787233991158,1787336810281,1.2,-6516.22,0.595,0.0,0,0.0,,False,True,False
0x7cb01e68e4f49312d902e4df103b66925dc7d920,True,2000,625,367,258,58.7,0.92,-5324.64,20,1782479953417,1788776596429,72.9,10167.71,1.91,27939.410406,3,-1864.38,-6.7,True,True,False
0x7ccc11605969e25c14a04d992f647dabedb4f59b,True,438,175,92,83,52.6,0.7,-1857.93,7,1760303959606,1782385351341,255.6,-947.38,0.51,0.0,0,0.0,,False,True,False
0x7cdec1914b04e125d2554699b5eb7338f07127a8,True,2000,1127,381,746,33.8,0.17,-96084.46,22,1783919290386,1785970808915,23.7,-3375.85,0.035,0.0,0,0.0,,False,True,False
0x7d10c17473646fa167a7a6dc66ad5d204141de74,True,2000,395,173,222,43.8,0.1,-69266.87,6,1769592089806,1777780772215,94.8,-6595.67,0.095,0.0,0,0.0,,False,True,False
0x7d233d6aa078c73c795413c6cd275809fc6355ec,True,2000,1040,406,634,39.0,0.6,-985.01,52,1783498591537,1788857771544,62.0,-143.62,0.146,18743.732432,50,1074.07,5.7,False,False,False
0x7d4bba5f829fb936b93d39769086d362b431adfc,True,2000,1093,1048,45,95.9,64.8,31816.9,4,1777285413767,1778625755364,15.5,1171.28,0.037,0.0,0,0.0,,False,True,False
0x7d5e7aa33fac4732b364430bdb0f03dbd3eae319,True,2000,747,670,77,89.7,23.79,26457.07,7,1787147468629,1788851195262,19.7,1929.45,0.073,7326.003314,1,-909.22,-12.4,True,True,False
0x7d7b3141e47a0eca3d3a8303984e9fcb2abfeeeb,True,602,328,186,142,56.7,0.97,-205.88,2,1783235480878,1783696966043,5.3,806.91,3.919,0.0,0,0.0,,False,False,False
0x7d9e91a8a47eb553cbfd323e7633c0c213327124,True,1398,714,569,145,79.7,2.33,55198.24,13,1765017593933,1787821342096,263.9,3940.33,0.071,0.0,0,0.0,,False,True,False
0x7db0db8ae944833f71d0b61d53b30bfe445237a2,True,1615,830,483,347,58.2,1.88,38478.14,7,1745045409124,1788793984628,506.3,-4604.45,0.12,0.0,0,0.0,,False,True,False
0x7dce27f8288ebcf72d51b8306cc2fe70772785ea,True,1431,551,118,433,21.4,0.03,-6883.76,4,1776888008206,1777762748993,10.1,-1209.93,0.176,0.0,0,0.0,,False,False,False
0x7de1538a450894b9b3d5891af741431c0789a0d5,True,410,190,190,0,100.0,inf,180446.05,5,1787851723108,1788111389552,3.0,52961.55,0.294,0.0,0,0.0,,False,True,False
0x7df3f12ab87aa45c32200972f419bc4c68c28737,True,74,21,11,10,52.4,0.51,-9.75,7,1777879357759,1779777917391,22.0,-10.4,1.066,0.0,0,0.0,,False,False,False
0x7e0ff93c11884b9c677a181843cb3d0d3a97bc77,True,2000,1020,374,646,36.7,1.29,9975.94,20,1760581429124,1772788297212,141.3,-5033.7,0.505,0.0,0,0.0,,False,True,False
0x7e203f751b255ae2c5d3593e21608dffdbb1a8f6,True,2000,1055,362,693,34.3,0.19,-53730.38,7,1770881286907,1781628632734,124.4,-10078.86,0.188,0.0,0,0.0,,False,False,False
0x7e3cfc056e0f354b43f7f063b859c1507619404e,True,2000,960,634,326,66.0,0.66,-8753.61,3,1787086874742,1788780307424,19.6,-2649.36,0.303,0.0,0,0.0,,False,True,False
0x7e579148b237ba4fd36248db58c24445330f1b6e,True,1753,457,328,129,71.8,4.84,5856.6,2,1777513756465,1777545915559,0.4,791.67,0.135,0.0,0,0.0,,False,False,False
0x7e8100f91ad3780cc71995194289bb8eb1b1ad7b,True,2000,964,399,565,41.4,0.41,-24946.62,17,1769736195347,1788846230685,221.2,-3910.54,0.157,0.0,0,0.0,,False,True,False
0x7e98d97e0703a79299b65cb57a992a77a5079678,True,2000,569,387,182,68.0,0.62,-15461.35,18,1780847933334,1788539552496,89.0,8030.55,0.519,0.0,0,0.0,,False,True,False
0x7ea848f8eec719f6bd0866c26c7a7d2fb686d160,True,2000,953,484,469,50.8,6.23,1115722.89,4,1760233120873,1788445998800,326.5,123914.61,0.111,0.0,0,0.0,,False,True,False
0x7eb9026d0183942458bd4660371c3cc0a2df3beb,True,2000,1512,957,555,63.3,20.05,86645.24,1,1788450134733,1788558750156,1.3,6004.91,0.069,0.0,0,0.0,,False,False,False
0x7ed68abb653e884dc964970f6682b1d7c436ed3d,True,2000,839,459,380,54.7,0.87,-10002.67,40,1753662513060,1788798518714,406.7,8374.97,0.837,2871.880559,1,-379.07,-13.2,True,True,False
0x7eef89124224effd83f1a7848583ca98405c823f,True,2000,1007,574,433,57.0,2.27,40221.41,81,1752140538574,1788825600043,424.6,-6215.61,0.155,0.0,0,0.0,,False,False,False
0x7f00dd791feeb1ce749baec334873f5a78a9c6c8,True,2000,1089,265,824,24.3,0.67,-64007.64,7,1781885419046,1788141543185,72.4,19092.38,0.298,0.0,0,0.0,,False,True,False
0x7f15f9e8f49c07ab33d4dbd05a92dbd6dfd686ab,True,2000,1127,1001,126,88.8,3.97,20322.88,26,1781349777616,1788772386905,85.9,4120.37,0.203,32686.622658,0,0.0,0.0,False,True,False
0x7f1d02aed356e4e1991b22b8c19183be882bbbb2,True,2000,819,252,567,30.8,0.81,-4418.89,6,1786579111940,1788816757666,25.9,-2050.67,0.464,0.0,0,0.0,,False,False,False
0x7f2e54d53258dc45b8581f11f924075146608d19,True,2000,824,504,320,61.2,0.29,-140590.23,17,1759920779301,1788729563620,333.4,-32605.57,0.232,0.0,0,0.0,,False,True,False
0x7f437535e1ad3f6cc59ea8968a1af3a6ad09b09a,True,648,390,256,134,65.6,4.78,21594.03,9,1771221059003,1773804718121,29.9,4428.1,0.205,0.0,0,0.0,,False,False,False
0x7f5653978d3f1b9716140bb7304c7e4650ae50f6,True,2000,805,409,396,50.8,1.35,34042.22,9,1783298339853,1788848691728,64.2,33025.53,0.97,0.0,0,0.0,,False,True,False
0x7f65dcc504fa08b7cac6e11de075f102ee69e62a,True,297,147,126,21,85.7,3.92,9486.76,5,1774847609346,1788708178720,160.4,1643.46,0.173,3119.6802,1,-578.43,-18.5,True,True,False
0x7f7ce3ae9b999a71c4654574b871f248737bbdfc,True,2000,898,461,437,51.3,0.78,-11562.83,27,1779373591858,1782159489851,32.2,-3329.08,0.288,0.0,0,0.0,,False,True,False
0x7f9b9479f18ecd870f661bacd007d535c9de6cfc,True,564,255,189,66,74.1,3.13,13305.83,6,1771182861190,1788702899285,202.8,-3747.57,0.282,0.0,0,0.0,,False,True,False
0x7facb3ec0415d6605e0cf5dff744f1108224ff4d,True,2000,352,105,247,29.8,0.06,-20343.63,10,1787272050057,1788685207099,16.4,-2183.5,0.107,277591.019975,3,-238410.86,-85.9,True,False,False
0x7fbbcf94fe9267593de395d29b9d423ef5d7040f,True,838,480,314,166,65.4,1.36,14954.66,15,1755751435129,1788836018207,382.9,-12151.88,0.813,22273.945149,2,-853.06,-3.8,False,True,False
0x7fdb5021d8e2d5ed85b7f66cb742d496af32259c,True,1765,931,608,323,65.3,1.0,-11.4,15,1747157533120,1788459455181,478.0,-16816.82,1474.766,8216.527891,2,21208.0,258.1,False,True,False
0x7ff4d42bfb46d25b7d8b241652271a12d614ea60,True,2000,1148,558,590,48.6,0.6,-972.61,54,1788844448353,1788858020014,0.2,-111.02,0.114,103929.541164,125,-1853.05,-1.8,False,False,False
0x800f965fe45d52a6f8d6a6ac7d976c69319ba8e7,True,2000,876,687,189,78.4,1.83,6746.8,38,1778294430544,1788804090524,121.6,1959.21,0.29,0.0,0,0.0,,False,True,False
0x801f8e06f8c6d65d557518eab102ed4504cf18fa,True,2000,1116,832,284,74.6,1.75,50468.96,5,1781365487495,1788525155599,82.9,-11116.6,0.22,26741.146021,1,-4318.21,-16.1,True,True,False
0x803d7e301ce25f8285f79ece057a93ed2fd2ece9,True,2000,388,146,242,37.6,0.29,-7045.07,1,1787929470978,1788123743532,2.2,-2188.98,0.311,0.0,0,0.0,,False,True,False
0x804a759de036c5dbfb9d2e981f29ccb00f4b7ade,True,487,319,60,259,18.8,1.78,15549.76,10,1762479812286,1787368846525,288.1,15952.83,1.026,17475.7677,7,24804.99,141.9,False,True,True
0x8067cd23db56738d1c08fc6225846d2fd4b05261,True,2000,1365,1303,62,95.5,1.99,2283.18,21,1787607945023,1788856437488,14.5,-1756.91,0.769,9777.658956,4,-384.72,-3.9,False,True,False
0x80837bac5568549b3b9b3de38fc741cb4cda63b6,True,354,158,103,55,65.2,3.63,3322.52,5,1783060409591,1787160304966,47.5,553.13,0.166,0.0,0,0.0,,False,True,False
0x8098f0c39b0fe0b94d1d2a97d18c2733f7519261,True,2000,967,943,24,97.5,2.37,51844.4,12,1783903995427,1788778467930,56.4,-16892.95,0.326,15371.871057,1,2585.88,16.8,False,False,False
0x80b165ed5f0484866b133696e9cd732fca15e9ad,True,2000,996,761,235,76.4,15.05,34281.35,3,1782404510007,1784712108733,26.7,7906.21,0.231,0.0,0,0.0,,False,True,False
0x80d00c017086d16252f83bb551662eec45f170db,True,1093,626,298,328,47.6,1.24,2887.47,32,1758827197064,1781109996918,257.9,-1374.19,0.476,0.0,0,0.0,,False,True,False
0x80e70926225efa0f36e6eb7c3b3384085e970791,True,1306,583,343,240,58.8,0.6,-3539.36,32,1773358789951,1787830014472,167.5,-1063.92,0.301,0.0,0,0.0,,False,True,False
0x80fd48f201612aa45501eeade6d0a201285369ba,True,198,95,47,48,49.5,0.84,-48.2,8,1755346988543,1782265836217,311.6,-67.44,1.399,0.0,0,0.0,,False,False,False
0x810cc4084a961173963e5fec9249203abaf31de1,True,2000,755,435,320,57.6,1.53,5993.54,7,1788134215436,1788850731970,8.3,-753.09,0.126,671653.404126,2,492354.2,73.3,False,False,False
0x811e8f6d80f38a2f0f8b606cb743a950638f0ad4,True,2000,1412,1010,402,71.5,0.49,-19455.14,5,1786839170751,1788857767818,23.4,-6484.82,0.333,40995.607808,1,5428.4,13.2,False,True,False
0x813432180db43e975c1dc3b0a9304a729b7a40ee,True,2000,857,332,525,38.7,2.16,22625.31,18,1786309956810,1788827177955,29.1,13103.77,0.579,0.0,0,0.0,,False,False,False
0x8148f64c3d43da615411dcfdf2a46d4f8b22ca5b,True,1659,613,372,241,60.7,0.24,-41501.78,19,1757577842710,1775238423056,204.4,2207.0,0.053,0.0,0,0.0,,False,False,False
0x8160c58dd1eac90ead0880f5451ba0dad4af1412,True,2000,1999,648,1351,32.4,1.09,180.13,8,1786544946319,1786665600060,1.4,40.97,0.227,0.0,0,0.0,,False,False,False
0x81737c320cdbce5ebf6fe177d852214dd7006a22,True,2000,971,330,641,34.0,1.01,290.91,13,1782444980895,1787820894569,62.2,4785.49,16.45,12783.337391,1,905.58,7.1,False,False,False
0x818d6ddc91051d37248e83d6ca0aa080c44779a3,True,2000,1062,495,567,46.6,0.66,-18496.62,5,1774290240187,1785369600016,128.2,2383.56,0.129,0.0,0,0.0,,False,True,False
0x81a304f83e02762e112d72074fc192262b83f0c7,True,157,72,15,57,20.8,0.23,-1399.53,2,1782704113714,1784759018424,23.8,-711.18,0.508,0.0,0,0.0,,False,False,False
0x81b44bfaa270ca81fa8a0de058043dfa2adbbf08,True,2000,987,466,521,47.2,0.98,-913.93,32,1766324692607,1787160260898,241.2,2697.63,2.952,0.0,0,0.0,,False,False,False
0x81c1589708cff495eff9f1c10faf5e6d666763d1,True,2000,975,68,907,7.0,0.37,-33922.58,26,1776446691059,1787184000002,124.3,-15062.97,0.444,0.0,0,0.0,,False,True,False
0x81da6ff9dadc31af4d81f36fca037ae7079592a9,True,2000,1021,322,699,31.5,1.29,3426.01,10,1774515538828,1786949152682,143.9,3708.26,1.082,0.0,0,0.0,,False,True,False
0x81f23a682c552e458a86973587f4c7754d11c842,True,585,290,115,175,39.7,0.45,-7057.07,23,1699332218584,1785163278815,993.4,-2508.16,0.355,0.0,0,0.0,,False,True,False
0x82063340e28d0e4327a152563eda08094df98663,True,2000,1202,482,720,40.1,0.14,-96448.64,9,1785962720552,1788450277626,28.8,-3189.11,0.033,0.0,0,0.0,,False,True,False
0x821d079bb20c36207527db864a5dd43f83659222,True,641,287,128,159,44.6,1.75,7457.02,22,1777963075247,1788739200041,124.7,4154.17,0.557,13439.128217,2,-302.18,-2.2,False,False,False
0x823c6b20c03f2e962da20a0024624473e7ca53a4,True,2000,942,502,440,53.3,0.82,-24639.74,15,1778057547935,1787194490581,105.8,-7130.4,0.289,0.0,0,0.0,,False,True,False
0x8256bcc6926941b143234451022cf7c20274cce2,True,2000,838,678,160,80.9,3.38,9101.77,7,1786089511939,1788739193665,30.7,311.13,0.034,0.0,0,0.0,,False,False,False
0x82786b1a0a7a5e31f17f2ecff68b00df645ac0a4,True,188,127,121,6,95.3,0.3,-30309.5,1,1774644004870,1781014378241,73.7,-19730.4,0.651,0.0,0,0.0,,False,True,False
0x82914a781d3add7f8f4f198666f14618415ac613,True,2000,967,574,393,59.4,0.68,-920.24,3,1788525178865,1788858150813,3.9,-156.42,0.17,28962.225876,4,104.96,0.4,False,False,False
0x829e69248e9099dff544b651722d96786aa4a5ac,True,300,141,97,44,68.8,13.56,7843.7,8,1734567921914,1779478169227,519.8,1376.95,0.176,0.0,0,0.0,,False,False,False
0x82c01bd5c14f733f5ad39445ce3261c73d52331f,True,2000,1998,681,1317,34.1,0.27,-3523.57,3,1738945792256,1780617600043,482.3,-16.68,0.005,0.0,0,0.0,,False,False,False
0x82d16ff1c724ab72f218a3f7f6dd3e5385ee87e8,True,2000,777,448,329,57.7,3.09,21926.73,23,1769389704041,1788323054423,219.1,2271.57,0.104,0.0,0,0.0,,False,True,False
0x82e3e2b376e647b1eecd3c94fc7fe81a807b4ca2,True,2000,886,428,458,48.3,0.77,-2596.31,14,1783648165576,1787128316009,40.3,-725.43,0.279,0.0,0,0.0,,False,True,False
0x82f74e2260e28376807aceae51493e9e45cca6c8,True,1608,882,425,457,48.2,1.12,279.27,24,1781909334979,1787827459075,68.5,262.7,0.941,61.873512,0,0.0,0.0,False,True,False
0x830320f04e390a81de49e27a603a3d78b087c2c5,True,1209,639,293,346,45.9,0.59,-5540.76,9,1772453763020,1786953529938,167.8,-1498.38,0.27,0.0,0,0.0,,False,True,False
0x831eea3e2c2d72b223b45a169b0c68c6afc10411,True,2000,1087,392,695,36.1,0.9,-176.17,13,1780404949979,1784700026634,49.7,183.61,1.042,0.0,0,0.0,,False,True,False
0x8334115367ba194942cda72956dfa11f4545eeb3,True,1308,677,285,392,42.1,3.08,100628.35,16,1769506448895,1785251243515,182.2,19622.82,0.195,0.0,0,0.0,,False,True,False
0x8349362599f571c99050be571cba9aa4ce81cd35,True,167,75,22,53,29.3,1.14,171.41,8,1780498083007,1782739410081,25.9,1141.99,6.662,0.0,0,0.0,,False,False,False
0x835e5c2a84f9eb62d2a784b1dc0cb51b6fa000b0,True,2000,950,516,434,54.3,0.73,-3416.68,6,1788406030811,1788845797476,5.1,581.87,0.17,21208.786466,3,2173.92,10.3,False,False,False
0x83742faddde0b5b2b307ac46f24a1c118d332549,True,2000,749,194,555,25.9,0.44,-10098.79,33,1775021063815,1788058358614,150.9,-965.55,0.096,0.0,0,0.0,,False,True,False
0x838cd7e7623e9d142344755c33bee33d2f3e8a67,True,422,206,114,92,55.3,1.98,23585.08,1,1772199705804,1780311189139,93.9,14834.82,0.629,148627.357344,1,35931.02,24.2,False,False,False
0x83ae9eac11dbe35f4794a78a3413e03038a22dee,True,2000,916,359,557,39.2,0.72,-3926.7,28,1756329594118,1786906737048,353.9,1022.51,0.26,0.0,0,0.0,,False,False,False
0x83bf012a35d68540b6915c04717b6248fa6aa0ff,True,352,167,117,50,70.1,4.36,7192.7,9,1769577971580,1788326266775,217.0,-1455.54,0.202,0.0,0,0.0,,False,True,False
0x83d819d676b170389f09cbb62a2bf951e470e4bf,True,125,43,32,11,74.4,1.63,596.04,5,1778605324038,1779420364465,9.4,-434.18,0.728,0.0,0,0.0,,False,True,False
0x83e7322328d902940c490634396860d875e448c2,True,2000,1000,294,706,29.4,1.63,10032.05,61,1769603619758,1788846084749,222.7,-4159.03,0.415,1290.668215,1,-43.77,-3.4,False,True,False
0x840203764b454d0e4cc1faee57dad14ff59ca3e1,True,2000,545,155,390,28.4,0.51,-5319.28,17,1781167622236,1781351421642,2.1,803.48,0.151,0.0,0,0.0,,False,False,False
0x840c901bd39a97f44a3c7e1ca4de3cffef082d66,True,462,177,52,125,29.4,0.31,-14755.72,16,1724278777226,1788109881638,738.8,-2544.57,0.172,1142.824812,1,-126.53,-11.1,True,True,False
0x841cff8895461fce9437709ef2820c751a40f8e7,True,2000,474,371,103,78.3,0.7,-12270.87,23,1778071750635,1788628301013,122.2,-6076.83,0.495,16773.495725,2,104.01,0.6,False,True,False
0x843590917b6de6b3c758354879a0703cc9be439a,True,240,113,62,51,54.9,0.27,-3524.14,2,1777646279979,1778167626002,6.0,-286.44,0.081,0.0,0,0.0,,False,False,False
0x844a40fd9b99f3266ffb7d52a818333db1faca9c,True,2000,852,395,457,46.4,1.35,3580.9,2,1780706480773,1783562558021,33.1,776.54,0.217,0.0,0,0.0,,False,True,False
0x8469d67d13dbe12211a60008faa9547e27a1804d,True,2000,812,413,399,50.9,1.51,5902.22,15,1787644253693,1788858284419,14.1,2932.08,0.497,32365.550919,5,-31829.7,-98.3,True,True,False
0x84803dc3df988d5493d9be2ee75e36f0043ee272,True,1381,549,395,154,71.9,2.05,20571.15,16,1737396465294,1788516519138,591.7,-3375.18,0.164,0.0,0,0.0,,False,True,False
0x848aa08a594a14664685e7bbb3a00e38faba4f2f,True,2000,958,733,225,76.5,2.22,174586.26,7,1758873720822,1776111344182,199.5,14914.44,0.085,684422.692889,0,0.0,0.0,False,True,False
0x84990f614fcec2b80d8d5b5047fc088b9addb3f5,True,1245,589,350,239,59.4,0.45,-4076.86,54,1783110961073,1788806872370,65.9,-2847.42,0.698,417.92453,0,0.0,0.0,False,False,False
0x84abc08c0ea62e687c370154de1f38ea462f4d37,True,2000,2000,0,2000,0.0,0.0,-621455.55,2,1788762082885,1788844112307,0.9,-3403.01,0.005,0.0,0,0.0,,False,False,False
0x84b88546e0b6b9e76f59c384bfe320390a43ea22,True,2000,998,292,706,29.3,0.67,-16045.97,17,1779395170077,1782771868651,39.1,3841.41,0.239,0.0,0,0.0,,False,True,False
0x84cdbd3d8d65d4c5ccb16d9af5524c44573cb114,True,2000,665,374,291,56.2,0.63,-8290.82,78,1777039332628,1788821067042,136.4,-3222.53,0.389,1843.749676,8,-1329.99,-72.1,True,True,False
0x84dcec225b9274e71bfec83ed7377f976e8d4828,True,2000,917,431,486,47.0,1.92,51502.24,40,1737321133271,1787956850711,586.1,10069.57,0.196,22761.440773,3,845.03,3.7,False,True,False
0x84fcf4df0312ba5d4b675b1ecbb11f739be4ebb1,True,92,48,48,0,100.0,inf,917.53,2,1779833568767,1779835665310,0.0,244.11,0.266,0.0,0,0.0,,False,False,False
0x85125e1f3c863aaadb45e7ef702390a69f6f7d75,True,487,248,204,44,82.3,0.77,-1432.98,23,1760359301614,1788528832198,326.0,-1915.95,1.337,0.0,0,0.0,,False,True,False
0x8524d618cdebdd5a066f1ba38e0c44a7122d2d8e,True,562,232,94,138,40.5,2.38,58237.87,11,1747700631950,1782985793796,408.4,22422.23,0.385,24825.581306,1,-5662.01,-22.8,True,True,False
0x8541c6654a3620c627dd72b2bf2a9b079d8831e0,True,2000,1085,311,774,28.7,1.04,7106.49,8,1778699195505,1782980905965,49.6,16714.73,2.352,0.0,0,0.0,,False,False,False
0x8554501f855388039f2bc86110462adfbbde46dc,True,2000,924,122,802,13.2,0.11,-62773.34,2,1787555564979,1787948454927,4.5,-6050.3,0.096,203491.568068,1,-19640.0,-9.7,True,False,False
0x857357a5ee9ec219d4105792500e86bbbca57504,True,2000,1474,382,1092,25.9,0.09,-75603.35,12,1772266971883,1773141952767,10.1,-7182.98,0.095,0.0,0,0.0,,False,False,False
0x85922630fa6e29cf384133b652dca90948d20cf4,True,11,6,3,3,50.0,0.2,-458.31,2,1772046305655,1773110567627,12.3,-245.06,0.535,0.0,0,0.0,,False,False,False
0x85b02309036f9774f206034bf2058e39583e77bf,True,942,473,198,275,41.9,1.34,3874.55,40,1770418251275,1788784647397,212.6,2091.22,0.54,8138.690672,4,152.99,1.9,False,False,False
0x85c32dc6d7451db82e5342c57a08a46d7e602315,True,2000,849,194,655,22.9,0.44,-7831.7,25,1776192558783,1788618633162,143.8,-1046.46,0.134,3314.491294,1,242.09,7.3,False,False,False
0x85dd2351333c1e5cb231159e099e1436fc17f2d9,True,2000,1064,516,548,48.5,0.84,-1526.57,7,1780565186804,1788450596208,91.3,-590.39,0.387,0.0,0,0.0,,False,True,False
0x85e410e4c535cb1709dbd36468f132037a5b2087,True,2000,889,607,282,68.3,0.68,-29580.27,19,1783962940695,1788839078835,56.4,-11991.67,0.405,142401.13336,4,-192113.4,-134.9,True,True,False
0x85f177990781aa320eb3b0d5364738158e44731f,True,1125,562,296,266,52.7,0.58,-13196.7,26,1745270036186,1788704971690,502.7,-3203.49,0.243,3069.944909,1,1577.11,51.4,False,True,False
0x86126586d97364945ee62146bbb693922da1ddc9,True,2000,867,396,471,45.7,1.69,8490.1,41,1769698620031,1788530545294,218.0,1353.1,0.159,0.0,0,0.0,,False,True,False
0x862f17818a57565fd819a7ec560fa3cbc263cca1,True,2000,744,423,321,56.9,0.53,-4645.49,4,1786975134561,1788838008887,21.6,-745.35,0.16,0.0,0,0.0,,False,False,False
0x864d69e84bcbf88dc63c0333501b1db5d3fdbf28,True,2000,767,438,329,57.1,1.32,4962.54,65,1769323474520,1788668993037,223.9,2453.87,0.494,9729.616539,7,-4363.34,-44.8,True,True,False
0x86591c101e1e30861de5712183969917fc702ed5,True,2000,1191,527,664,44.2,0.61,-5130.21,27,1783300818765,1787483658898,48.4,-493.39,0.096,0.0,0,0.0,,False,False,False
0x867195408ddbed1c2cc7a38258a9fc04a5a3ecb5,True,295,147,60,87,40.8,1.21,1548.84,3,1781334775127,1788534658561,83.3,-1190.19,0.768,5018.633021,1,655.13,13.1,False,False,False
0x8681a122129fed71fb1500f0aaa9f1c2ded9771c,True,2000,1072,368,704,34.3,1.32,4385.18,6,1788699615952,1788841507584,1.6,639.14,0.146,0.0,0,0.0,,False,False,False
0x86a7e4550dfdf6ebae7b468b47ec128e31ed3296,True,1065,494,266,228,53.8,0.93,-512.75,22,1774445831943,1780671319023,72.1,-977.96,1.907,0.0,0,0.0,,False,True,False
0x86d7493be99ec51de4edaeec1a1044da634946f3,True,290,117,87,30,74.4,5.99,27457.57,10,1768660495053,1788107746609,225.1,3171.37,0.116,18470.797452,1,-4851.11,-26.3,True,True,False
0x86e645aa4f12b329421bae5ab3c41e663d7b6dfb,True,1087,572,230,342,40.2,0.38,-35790.36,18,1777983084987,1788788384383,125.1,-14613.89,0.408,0.0,0,0.0,,False,True,False
0x86f760959f4cadb68ce915aa28889933b6d6049d,True,874,360,247,113,68.6,2.3,20064.46,11,1762340079118,1786952472974,284.9,-2374.84,0.118,0.0,0,0.0,,False,True,False
0x8716e7a5f60812b6e9664d3c15b44286eab021c9,True,2000,974,731,243,75.1,1.4,2754.78,1,1787461030279,1788855460008,16.1,-650.96,0.236,5837.437676,1,37.07,0.6,False,True,False
0x8726c9f01da33a1c1b9faf9925010231da2431d2,True,2000,1126,531,595,47.2,0.41,-22607.98,15,1721896889653,1782395970005,700.2,-2805.82,0.124,0.0,0,0.0,,False,True,False
0x8738145ad4002f53f97198f2ea056c0404532c52,True,1918,886,409,477,46.2,0.73,-11883.97,23,1781774143667,1784085978050,26.8,-6203.05,0.522,0.0,0,0.0,,False,True,False
0x87474c72feecaa4707f2895e262ae8fe2bf2a1d8,True,1294,656,235,421,35.8,0.83,-679.67,21,1784256305799,1788852730920,53.2,-341.34,0.502,165.881319,2,-48.28,-29.1,True,False,False
0x8763518bfe697cec66383df10971def03eb40566,True,839,499,305,194,61.1,1.88,12320.81,2,1778096139088,1788491757646,120.3,2017.81,0.164,0.0,0,0.0,,False,False,False
0x877fe590337aeff0be0ac503cf884f29e687e6f8,True,2000,1107,729,378,65.9,12.95,101794.05,13,1760145496055,1788134400007,323.9,11525.2,0.113,122.204448,0,0.0,0.0,False,True,False
0x879affbec954396e595cc8d73498090acc6eac9b,True,100,54,27,27,50.0,16.12,1678.37,6,1760135044470,1781531324015,247.6,424.76,0.253,1481.648867,0,0.0,0.0,False,False,False
0x87a8e6f6261d71f38b45df8de8af91a3b4414a59,True,1744,873,413,460,47.3,0.85,-1816.93,8,1774030011106,1787323752164,153.9,-532.47,0.293,7074.248697,0,0.0,0.0,False,False,False
0x87c315afdb215412a28f80183376c476dacc2392,True,2000,860,169,691,19.7,0.94,-1431.62,14,1786462898242,1788450881619,23.0,-2165.33,1.513,0.0,0,0.0,,False,True,False
0x87dc8fd03bb9b87ba926d35543ff6b5355b31425,True,2000,847,466,381,55.0,1.6,11185.92,4,1770004682256,1774656220982,53.8,1280.43,0.114,0.0,0,0.0,,False,True,False
0x87f0d9a371eec705c644299a8b7faa29b2cd9216,True,814,454,43,411,9.5,0.0,-186919.93,3,1754563673052,1777540111229,265.9,-185138.05,0.99,0.0,0,0.0,,False,True,False
0x8806c12a464cf6254ffc326d1ccf89c50462ca12,True,2000,1024,462,562,45.1,0.1,-317121.84,4,1786290518118,1788638257721,27.2,-21790.53,0.069,147272.897363,1,-1364.55,-0.9,False,False,False
0x8812a9e65e68cb267f09e0f2a7eb8b7d4b5d056d,True,2000,975,515,460,52.8,0.84,-7237.71,29,1769581636894,1787097600012,202.7,-3398.55,0.47,0.0,0,0.0,,False,True,False
0x8823965fdfb44a241aee2a70fcf5f85c5b7c013d,True,1151,500,242,258,48.4,0.34,-47044.12,13,1779090159659,1788718026014,111.4,-11924.19,0.253,6077.776599,1,-13898.01,-228.7,True,True,False
0x883298c9b6d209449f3afa21ef071ba6a233a0cc,True,518,204,103,101,50.5,2.84,6517.64,1,1774627676860,1786824809634,141.2,1355.84,0.208,0.0,0,0.0,,False,False,False
0x883e2c28532fb4d2ca062071ef04dc30cb02ac5d,True,963,479,393,86,82.0,1.14,1703.18,18,1764296327566,1788797085485,283.6,-2666.12,1.565,0.0,0,0.0,,False,True,False
0x8851b3e02938823ed23e27eef73c97015d61dfc5,True,2000,975,426,549,43.7,1.04,207.19,28,1780904833328,1784698871372,43.9,387.37,1.87,0.0,0,0.0,,False,True,False
0x886354225a2479508d9534ccc774bcf1b1142eae,True,2000,578,195,383,33.7,1.06,1228.55,9,1771443830780,1788848912170,201.4,4811.94,3.917,10910.642616,1,174.5,1.6,False,True,False
0x887d63acf8179a7b465abdaedf3aee07a76e49d3,True,1823,998,901,97,90.3,1.47,11371.64,5,1780442068624,1788853807631,97.4,-5020.41,0.441,841.052551,0,0.0,0.0,False,True,False
0x88944ba8335ed31bca1259398a533c8b907bfb75,True,2000,1081,556,525,51.4,1.98,19079.62,20,1785635414274,1788858106753,37.3,2315.66,0.121,94975.339348,4,5701.96,6.0,False,True,False
0x88af5bd0e9c2c6fc81331d1aed32e1c37bc99dd4,True,2000,1064,228,836,21.4,1.63,6478.43,8,1774359522770,1788692882576,165.9,4732.78,0.731,10525.906414,1,994.15,9.4,False,False,False
0x88cbc58e412f7f266d519ddd185e4938cf30969a,True,2000,1148,374,774,32.6,0.57,-3783.14,4,1780938709176,1782864000063,22.3,171.02,0.045,0.0,0,0.0,,False,False,False
0x88e897a9745e5bba40b39df7a5969cef5f5e5660,True,297,123,64,59,52.0,0.98,-21.44,3,1783004675155,1783286915460,3.3,-214.25,9.995,0.0,0,0.0,,False,False,False
0x890c2dfb09a0695e74eadd2064af06ecd57a59dd,True,347,126,56,70,44.4,0.35,-3756.46,7,1786962434354,1788530124030,18.1,-950.3,0.253,1106.180435,4,574.09,51.9,False,True,False
0x8920a9fcc379f57e236ff3f9ea53baeb0f53e9e1,True,1077,231,66,165,28.6,2.07,4128.79,10,1774327152375,1788167319321,160.2,1496.01,0.362,0.0,0,0.0,,False,True,False
0x893d30c70c4bece671961f02a0d9390655de2d05,True,389,187,96,91,51.3,0.52,-6952.42,13,1739383878368,1785392676934,532.5,-1555.64,0.224,0.0,0,0.0,,False,False,False
0x895179ceef1a25b4b7099e4c8cbc784c90c706e6,True,284,113,61,52,54.0,0.98,-89.32,9,1769592093040,1788453561477,218.3,-934.08,10.458,0.0,0,0.0,,False,False,False
0x895fc1dac3033034de8567de6eebc804416b9a99,True,2000,901,410,491,45.5,0.78,-3141.6,23,1766430909611,1780814180218,166.5,731.52,0.233,0.0,0,0.0,,False,True,False
0x89705863d752197e8d663555b91f0f068e46ecd5,True,2000,894,820,74,91.7,2.48,30419.37,23,1753628494868,1788022113716,398.1,-4988.18,0.164,0.0,0,0.0,,False,True,False
0x89858da8cfa1c7144129423e3f8e7668748c4cb2,True,1157,577,194,383,33.6,0.97,-230.91,4,1772735785033,1777001081128,49.4,1042.95,4.517,0.0,0,0.0,,False,True,False
0x899b2d61a5943dd2452cbc9ff5d158c63a2275dd,True,2000,1050,313,737,29.8,0.77,-4452.22,15,1769871930637,1787933659144,209.0,-3865.18,0.868,1248.051748,2,518.25,41.5,False,True,False
0x89a5d76d05bb3ae819fed9090fdbb05caa1126b5,True,271,163,32,131,19.6,0.0,-17799.9,7,1776328735913,1779408000060,35.6,-1079.33,0.061,0.0,0,0.0,,False,False,False
0x89b36ec21313d04cf989f41a27108d367eb0efb9,True,2000,1023,301,722,29.4,0.26,-42300.5,2,1777421309242,1777674012182,2.9,-24337.5,0.575,0.0,0,0.0,,False,False,False
0x89c436364b78656a1c7901da5f6eecaf14fecb09,True,1663,258,233,25,90.3,3.59,2736.72,24,1765152275602,1785610493436,236.8,-730.88,0.267,0.0,0,0.0,,False,True,False
0x89df5c1018391045c9de24f8a9251a07fbad90db,True,2000,863,590,273,68.4,0.49,-53214.81,5,1762532554201,1788266995420,297.9,-11600.17,0.218,0.0,0,0.0,,False,False,False
0x89f3761d81374fee046961a34ea7f7af1c852088,True,2000,231,0,231,0.0,0.0,-19349.09,2,1788639862731,1788834277726,2.3,-735.61,0.038,69714.434261,2,-48465.26,-69.5,True,False,False
0x8a0ddc6a522e19e6cdd0e379365c68076fe3b983,True,2000,1295,428,867,33.1,0.56,-16785.43,25,1774448061696,1787339829698,149.2,-1268.08,0.076,0.0,0,0.0,,False,False,False
0x8a338de9995d3fd5e85b60f4ce88e06c52d840a7,True,1134,559,412,147,73.7,0.47,-47392.54,1,1767706253332,1787562057627,229.8,-11260.15,0.238,5489.844049,1,-4242.13,-77.3,True,True,False
0x8a471442b22269811772879f85e3b241ca93d8e7,True,644,224,110,114,49.1,1.01,362.09,9,1772623129119,1788761983222,186.8,9251.07,25.549,0.0,0,0.0,,False,True,False
0x8a578662d8f945d7221d5a1c2940620ac9bfe8a6,True,2000,990,364,626,36.8,0.98,-48.62,52,1785227046237,1788858878021,42.0,88.52,1.821,31212.201256,50,2278.03,7.3,False,False,False
0x8a806bc475331f20022d897e4f9dc066bf0324c8,True,2000,853,636,217,74.6,2.41,40916.56,37,1778823382281,1788848569217,116.0,-6082.07,0.149,3139.613667,2,-4.02,-0.1,False,True,False
0x8a95a711a56bd837d678ab299de7b1ec9863051c,True,541,86,31,55,36.0,13.0,3784.4,5,1765974163246,1788194917648,257.2,1642.21,0.434,0.0,0,0.0,,False,False,False
0x8aa673373767c893326e10b59de2c8b930142d1b,True,264,103,60,43,58.3,1.32,832.44,4,1787153785963,1787881691880,8.4,1355.84,1.629,0.0,0,0.0,,False,True,False
0x8ab32ec676e32b5bce9df59673a2ba14918a7007,True,325,114,59,55,51.8,0.46,-4118.11,7,1747988086026,1788525016378,469.2,-2267.29,0.551,0.0,0,0.0,,False,True,False
0x8ac8863a31434395a1e527de23f98b42e077002f,True,1011,566,92,474,16.3,1.76,4762.54,5,1777657417786,1787074369141,109.0,2517.28,0.529,0.0,0,0.0,,False,False,False
0x8ae4c5b303bc77c3aa68f2b71f37c9fa6d3b3d60,True,2000,942,474,468,50.3,22.89,122433.54,5,1788135587696,1788412105645,3.2,6162.63,0.05,824471.585144,1,-9605.34,-1.2,False,True,False
0x8af57b994ba4342de933bcc86a4df181638db464,True,2000,870,539,331,62.0,1.6,7529.48,20,1777452570870,1787767797074,119.4,3111.82,0.413,0.0,0,0.0,,False,True,False
0x8b0a14a04b6e0410bd720b8800f780b172ee50ac,True,2000,941,469,472,49.8,0.65,-5685.23,11,1780865108949,1787665219381,78.7,-3733.38,0.657,0.0,0,0.0,,False,True,False
0x8b194b58b47ff0008ac89a99e54cfdb3ca2f4a5f,True,2000,866,472,394,54.5,0.44,-72548.67,38,1759861612755,1788654020233,333.2,-86662.19,1.195,10275.324097,2,-5248.4,-51.1,True,True,False
0x8b2c3e16ed95379feee5b262f7ab3c87ceece4ac,True,2000,981,304,677,31.0,0.69,-10625.31,37,1756124085815,1782423882905,304.4,-2227.83,0.21,0.0,0,0.0,,False,True,False
0x8b3fdac749d04382f375f5cddc4e7dc3a78bc6cd,True,2000,287,287,0,100.0,inf,4875.77,1,1788614766519,1788812744441,2.3,405.17,0.083,3504913.260079,1,-1090659.89,-31.1,True,False,False
0x8b6793beaecaed367fe1eb5257b78438b1b097aa,True,2000,914,398,516,43.5,0.45,-20507.24,51,1776977762200,1788850189082,137.4,-1866.81,0.091,0.0,0,0.0,,False,True,False
0x8b734ca04d2db1350dcb6ba7432f846b8fce658b,True,623,318,142,176,44.7,1.39,1009.47,42,1732924786100,1785254972629,605.7,663.04,0.657,0.0,0,0.0,,False,True,False
0x8b835d858747d352d9852ae9e16ba0890da58aed,True,2000,1145,634,511,55.4,0.71,-15862.28,8,1774398341644,1788850316085,167.3,2882.71,0.182,0.0,0,0.0,,False,True,False
0x8b9a1333a3012b7ec5bd1a73d5de89b5eb60ecc4,True,2000,838,511,327,61.0,1.84,14323.42,32,1779546642470,1788693004989,105.9,1972.95,0.138,2624.448133,1,-3476.48,-132.5,True,True,False
0x8ba73575259f7fe71e08ebe3272ca38396051c1a,True,1107,532,247,285,46.4,1.19,938.08,53,1786991988872,1788682189427,19.6,-1097.67,1.17,0.0,0,0.0,,False,True,False
0x8bc4fc4dee1b05918b40f1b42159a78b1facbaa9,True,2000,972,396,576,40.7,1.1,942.69,26,1761826654483,1788847695323,312.7,957.07,1.015,1230.712548,2,75.66,6.1,False,True,False
0x8bd9c4b5ea8f6f14c9b14d830ddb67f3720d77f6,True,2000,1105,531,574,48.1,0.23,-105609.09,24,1756108458926,1780956048626,287.6,-10262.33,0.097,0.0,0,0.0,,False,True,False
0x8bef60d19938bf6fde2e059ba4074c9c6660a3e3,True,377,200,78,122,39.0,0.82,-1275.44,7,1776800470849,1779810637302,34.8,-2509.71,1.968,0.0,0,0.0,,False,False,False
0x8c0433ebf782ace63f95ccea4df6f7e395d869bd,True,1069,457,220,237,48.1,1.26,4192.37,42,1779308840227,1788813294955,110.0,3074.6,0.733,16086.845723,17,7690.61,47.8,False,True,True
0x8c1938750caf4b1f9f97174a6228eae705148d5e,True,1972,1578,1434,144,90.9,92.7,288328.17,26,1738211170855,1781222694959,497.8,6276.4,0.022,0.0,0,0.0,,False,True,False
0x8c298797fb92fb91c1d4a83e5b948f431fe229c6,True,187,76,53,23,69.7,10.41,1891.9,17,1752826218805,1788478935904,412.6,216.54,0.114,358.838546,1,870.21,242.5,False,False,False
0x8c45ea9b9e14a6ba9e02714ade9e9a4390fe22ee,True,2000,1059,258,801,24.4,0.05,-103168.4,19,1773851798833,1788164741065,165.7,-21203.41,0.206,0.0,0,0.0,,False,True,False
0x8c73c795a1773acbad7dbc278c1760d9cdefcc28,True,2000,929,551,378,59.3,0.29,-56742.44,2,1782997457841,1788714503046,66.2,-9097.68,0.16,39940.90909,0,0.0,0.0,False,True,False
0x8c8ab1d89b03f93b5a25c414d16782ac5a4cb384,True,339,182,165,17,90.7,9.15,7243.2,7,1760525996707,1773004324227,144.4,769.53,0.106,0.0,0,0.0,,False,False,False
0x8ca341db4a455dec932ed6a29b16e75fa06ac22d,True,2000,905,494,411,54.6,0.13,-240690.44,1,1783345630003,1787400020977,46.9,-42676.03,0.177,0.0,0,0.0,,False,False,False
0x8cbaf87ab38529516789eb457235a6e56b2f470a,True,45,33,22,11,66.7,8.45,25943.1,1,1773612203864,1787491089926,160.6,6769.7,0.261,65019.331251,0,0.0,0.0,False,False,False
0x8cc39412f351297c8bf4d1cd6d29976093d46e9e,True,713,292,160,132,54.8,0.85,-7426.84,6,1770307977330,1787868627947,203.2,-9887.15,1.331,20317.556214,1,-9424.84,-46.4,True,False,False
0x8cd776cd92fbe540cce45135e71e52d5a2175dfe,True,2000,1110,653,457,58.8,1.29,2576.14,50,1781333496794,1788840632172,86.9,-387.56,0.15,5698.923417,7,-644.16,-11.3,True,True,False
0x8ceff1ad0171bfb91ec3b6bc6283765317601596,True,2000,837,447,390,53.4,0.52,-20403.53,29,1753680013534,1788795502329,406.4,-5326.82,0.261,3874.499079,3,678.06,17.5,False,True,False
0x8cfe4bc352deb10ed41c5f0f89bc57674cee1e22,True,2000,1110,1110,0,100.0,inf,1672727.51,1,1764867408152,1773416077088,98.9,44722.09,0.027,0.0,0,0.0,,False,False,False
0x8d15b4d0256d3d9eb54bace6fe124f57e561087d,True,1795,815,382,433,46.9,0.65,-17773.49,17,1782943336731,1788703078520,66.7,-4396.11,0.247,4345.461914,1,-2609.97,-60.1,True,False,False
0x8d452c1f4bae385b13933c83ecff70d74229915f,True,172,72,32,40,44.4,6.27,765.53,23,1759029479040,1784430551546,294.0,232.71,0.304,0.0,0,0.0,,False,False,False
0x8d5b9f0b0b2657a8031ae4b018a43677ee595292,True,2000,689,205,484,29.8,0.97,-102.44,14,1777770164261,1788853838235,128.3,402.5,3.929,0.0,0,0.0,,False,True,False
0x8d6ee7989370b42f0887b1f9b26c7feb075270eb,True,2000,1116,585,531,52.4,0.7,-1804.99,3,1779572497519,1787890046829,96.3,-397.48,0.22,0.0,0,0.0,,False,True,False
0x8d849ba9a7660dcf82048f2c2a8aa68b677124d0,True,2000,943,115,828,12.2,0.39,-32765.61,22,1784048199362,1788801427103,55.0,5587.61,0.171,0.0,0,0.0,,False,True,False
0x8d98364af06ed95cc794550456378d67ac99343b,True,2000,710,158,552,22.3,0.08,-83918.12,6,1741170654059,1785666563744,515.0,-16343.09,0.195,226576.39106,1,280343.49,123.7,False,True,False
0x8dae4b174dba18b3825b530d22c3141aefc93dfe,True,645,333,248,85,74.5,17.88,132674.36,9,1744302996393,1787616000004,501.3,59705.81,0.45,0.0,0,0.0,,False,True,False
0x8dbe9f15459e4d6a17b727d38b62d1a4272095a3,True,1185,537,176,361,32.8,0.68,-5800.98,22,1757233364907,1788793242113,365.3,-2366.0,0.408,0.0,0,0.0,,False,False,False
0x8de1ee93faafcd91ebc56a9a5b515c24c948bc33,True,691,351,250,101,71.2,1.81,7249.91,15,1757774136574,1788446896719,355.0,1479.45,0.204,0.0,0,0.0,,False,True,False
0x8df3e0b89ceff88af367c17423e4ef2f3543a8d4,True,2000,753,448,305,59.5,1.7,25434.39,86,1782219624343,1788760806636,75.7,15193.77,0.597,12332.109247,2,-1515.18,-12.3,True,True,False
0x8e0b209afe24e941a552af589c0de0872db54f88,True,2000,985,519,466,52.7,0.51,-5549.48,59,1786526031517,1788799343430,26.3,-1080.76,0.195,1081.582455,2,351.4,32.5,False,True,False
0x8e1f868ebb90749dc6fce7e9f0e147fff59125d5,True,2000,1122,469,653,41.8,0.48,-41513.23,19,1744052703693,1781539095092,433.9,-8062.9,0.194,0.0,0,0.0,,False,True,False
0x8e2f7d5aaae5abbd5052acb74019b9b11cb74349,True,2000,775,483,292,62.3,0.5,-13594.96,27,1753906373565,1788843880379,404.4,-4707.42,0.346,193.860998,3,85.06,43.9,False,True,False
0x8e4e9de7eb20a9dcf2ae387df2ab59f79bb6ebfb,True,2000,1097,855,242,77.9,0.66,-11111.22,8,1780563538448,1787735110223,83.0,-6215.14,0.559,0.0,0,0.0,,False,True,False
0x8e6208666428028f2af876a32264427ade1d7289,True,507,240,208,32,86.7,2.37,27111.48,5,1744844321073,1788437021340,504.5,-10850.51,0.4,13937.907272,1,5469.41,39.2,False,True,True
0x8e70e8e2ddd5404b12fda47c49ca4b9b5e4af04e,True,2000,915,132,783,14.4,1.58,5241.64,7,1787448076544,1788016707769,6.6,2877.38,0.549,0.0,0,0.0,,False,False,False
0x8e82edb60277f04328c84256482051ed08b632d1,True,1123,598,329,269,55.0,0.54,-5795.63,7,1774521517156,1780383527087,67.8,-3094.02,0.534,0.0,0,0.0,,False,False,False
0x8ea6e653127aa9baf4d20ae0e97b77ebac60505b,True,2000,1044,619,425,59.3,5.34,61155.4,6,1785526698535,1788458540420,33.9,5147.41,0.084,7123.878287,1,3149.87,44.2,False,False,False
0x8ec425a78833bf28449c789dd6eacd34c7baad98,True,2000,887,223,664,25.1,1.12,4643.12,7,1783517155002,1788528773484,58.0,5057.53,1.089,50311.954209,3,69125.37,137.4,False,True,False
0x8ed51790e4879484fe8a8d7f999a43a73f00f814,True,2000,882,168,714,19.0,1.33,5943.46,5,1772616369543,1786716751639,163.2,5355.0,0.901,0.0,0,0.0,,False,False,False
0x8eefcf87e11b41c6c6d88badc1cdc8071341b0aa,True,2000,801,343,458,42.8,0.6,-22319.62,28,1742584585090,1788849980653,535.5,2694.6,0.121,7445.507295,2,559.96,7.5,False,True,False
0x8f0be1b4e523085f6e8f55a49376621486b034cd,True,1970,942,325,617,34.5,1.14,4298.37,7,1759010869696,1780094303521,244.0,-2778.17,0.646,0.0,0,0.0,,False,True,False
0x8f25818ff64be1abee91abca70c306b33b602062,True,2000,1007,703,304,69.8,4.21,136437.19,28,1752253075731,1788573042086,420.4,11269.1,0.083,78721.65,2,-28144.39,-35.8,True,True,False
0x8f38f27b9a71698a9ddf3a7ce342f94128810c91,True,1916,1012,547,465,54.1,3.92,74380.87,8,1787531445709,1788770571080,14.3,14792.22,0.199,59596.200113,1,41286.95,69.3,False,False,False
0x8f50c2ac52089109ee379687c8de26c742ef5fda,True,2000,488,42,446,8.6,0.0,-65123.02,6,1782580029370,1782977545330,4.6,-7691.58,0.118,0.0,0,0.0,,False,True,False
0x8f6406fe0e880c32a0b22c29b7f053327c3d902a,True,2000,854,527,327,61.7,0.45,-42136.35,52,1782035547743,1788534079024,75.2,8641.04,0.205,311.36389,5,-198.52,-63.8,True,True,False
0x8f804dec80028cb5bbc5537762b27629a4ab6c94,True,2000,962,548,414,57.0,0.36,-88660.6,11,1756151156028,1788543174748,374.9,-10119.77,0.114,0.0,0,0.0,,False,True,False
0x8f9287304235c8eda2bb42f057c586c69de9455a,True,1529,715,331,384,46.3,4.92,69822.58,80,1698125613640,1787875200079,1038.8,12432.04,0.178,0.0,0,0.0,,False,True,True
0x8fa2b79ad338b7e15db228f1d7fe2099237cd09e,True,2000,858,369,489,43.0,0.53,-25747.7,10,1776616199080,1777971450963,15.7,-4528.16,0.176,0.0,0,0.0,,False,False,False
0x8fb661545816bcb561f280c4501591643c454667,True,2000,968,659,309,68.1,1.9,4159.49,5,1788550604795,1788859263419,3.6,123.27,0.03,326354.544284,4,-2068.52,-0.6,False,True,False
0x8fd6b3f468a0b8d35a187f7f9174b0c600849770,True,662,294,246,48,83.7,0.89,-2001.18,7,1773418592579,1778681069572,60.9,-4875.54,2.436,0.0,0,0.0,,False,True,False
0x8fe333719d58095f3025adb3c8ee89243293e459,True,498,265,73,192,27.5,0.28,-38352.37,8,1752280961152,1787448718105,407.0,-4376.95,0.114,7404.637565,1,571.76,7.7,False,True,False
0x8ffd3e95e71c1b975eda461e54af27d10bedab44,True,2000,993,560,433,56.4,0.83,-10744.76,59,1721591907652,1788511787521,774.5,-5794.94,0.539,10180.657997,9,3912.24,38.4,False,True,False
0x901371be16a6c1bfdb2f527b52dccf4a66eb5aa7,True,31,15,9,6,60.0,1.21,10.28,9,1777480670466,1779791644136,26.7,-27.52,2.677,0.0,0,0.0,,False,False,False
0x901f12bb9a059a8ce6f37a570f691dd29620a815,True,2000,1021,403,618,39.5,1.09,171.36,52,1785140099048,1788858871661,43.0,86.34,0.504,19117.718964,50,1320.22,6.9,False,False,False
0x903517817100564bb34eaddd764e1df76370917e,True,2000,993,307,686,30.9,0.35,-52685.05,19,1784102613965,1788778156366,54.1,3184.57,0.06,338423.83882,5,232571.99,68.7,False,False,False
0x90466dd1e02f5ac3455b2b29a68f3d9914179b43,True,2000,1009,670,339,66.4,2.74,14920.98,21,1787320157566,1788855226777,17.8,-951.83,0.064,0.0,0,0.0,,False,True,False
0x9065fe53f113f4835bf6ff36cb2f927d9026f20c,True,1088,631,188,443,29.8,1.02,59.56,18,1773134142491,1774634331468,17.4,344.61,5.786,0.0,0,0.0,,False,True,False
0x9075c8f93cd30c1015e6fbe9718f0bf2dca4e2f0,True,2000,952,398,554,41.8,1.08,2347.97,19,1778107153005,1787311958186,106.5,-5484.01,2.336,0.0,0,0.0,,False,True,False
0x9084f71c7cdc1588d60de4611416408ac1fbc691,True,2000,965,632,333,65.5,1.24,7176.76,11,1772506746039,1788835891500,189.0,1990.2,0.277,5241.606017,2,-329.6,-6.3,True,True,False
0x90b8c9d44576410725d3e7c892efc54d22334ec9,True,2000,1099,445,654,40.5,0.57,-24102.0,12,1774359723650,1775974729642,18.7,-6781.0,0.281,0.0,0,0.0,,False,True,False
0x90cdb9fb802ca697f5bf2168d7451b5c9efcbc7d,True,2000,569,533,36,93.7,4.61,2437.98,3,1787405694060,1788795030910,16.1,-156.5,0.064,32530.668937,1,6027.62,18.5,False,False,False
0x90e56dc997fea87c8463d661e621b1e7fd5181af,True,2000,1122,564,558,50.3,0.91,-6878.8,8,1787792166555,1788531630192,8.6,-4407.52,0.641,203138.57757,4,15736.15,7.7,False,True,False
0x9100de3677466b61dfcd0ad36da1426cdec208fe,True,1912,874,310,564,35.5,1.45,16428.42,36,1773371423283,1788445574850,174.5,-6428.1,0.391,9255.950664,2,4372.61,47.2,False,True,False
0x91217dfb8da927f74950a32599d3311950be6e32,True,2000,1023,378,645,37.0,0.42,-3516.96,23,1758770434115,1780979678747,257.1,-535.62,0.152,0.0,0,0.0,,False,True,False
0x9137bd9347f07990a8ce22869f8b93d190479c5a,True,2000,427,176,251,41.2,2.17,176546.15,2,1787476045018,1788766070040,14.9,36367.67,0.206,1984623.567006,1,131582.92,6.6,False,False,False
0x914c273ad8587db207a7178d212e4cd90ed01225,True,2000,1094,348,746,31.8,0.86,-2597.07,19,1777545262562,1780915122129,39.0,1112.17,0.428,0.0,0,0.0,,False,False,False
0x915e285d8b0fc5891f632b264c713ea4d91ac7c3,True,2000,1136,801,335,70.5,0.36,-4796.4,14,1783812918648,1788749501823,57.1,-1603.87,0.334,173.999274,1,76.55,44.0,False,True,False
0x91790c3bb857820ae1935aee31d21822a71f8289,True,1182,623,229,394,36.8,0.77,-2169.17,2,1759255442779,1787826715371,330.7,1136.73,0.524,82.498426,1,-6.91,-8.4,True,True,True
0x918c3fde8a5e373385eed34e0606f2069eb0b8e5,True,2000,802,318,484,39.7,0.21,-233229.82,11,1758525674412,1779306930377,240.5,-44590.57,0.191,0.0,0,0.0,,False,True,False
0x919bea57e3d2439e8bddd7e6be3281dbd2cfc2a8,True,2000,799,345,454,43.2,1.09,5240.15,27,1778642059793,1788788176568,117.4,5282.71,1.008,2670.176746,1,134.47,5.0,False,True,False
0x91a9cadcd7e36cbe8ff604cb634307d7b7643f70,True,1867,619,164,455,26.5,0.67,-36315.15,4,1780322072604,1787367256207,81.5,9321.85,0.257,370899.268792,2,-1163403.87,-313.7,True,False,False
0x91bb307cbfb49c1832599bd612c0070441c668bd,True,958,424,219,205,51.7,1.16,582.2,13,1761791046056,1788525470659,309.4,816.62,1.403,0.0,0,0.0,,False,True,False
0x91d60d7d25189ea721096e33776ca18abe838e04,True,2000,1289,644,645,50.0,0.87,-875.1,16,1775926915775,1788483901140,145.3,-614.91,0.703,0.0,0,0.0,,False,True,False
0x91fad67f94eb000a7814a556491d61acd80889b9,True,1265,593,458,135,77.2,1.8,31288.56,2,1778354607314,1787476704177,105.6,-9387.17,0.3,0.0,0,0.0,,False,True,False
0x9201eae4d7414e36b67c539c72a3919ac024cc47,True,2000,781,378,403,48.4,1.71,15026.2,16,1761765910071,1785221043527,271.5,3392.11,0.226,0.0,0,0.0,,False,False,False
0x921a50030fef9db6697bbc4d4e83c4d1250163a0,True,2000,758,530,228,69.9,3.09,4776.69,1,1788646230697,1788705045687,0.7,375.33,0.079,0.0,0,0.0,,False,False,False
0x922e31eb0fe93136544cff850d12bf34cea7c99d,True,2000,1023,405,618,39.6,1.07,62.57,52,1783671643373,1788858965640,60.0,34.79,0.556,937.199314,49,544.35,58.1,False,True,False
0x925a3877cd884b8edf3160192f76c7c251f83856,True,2000,1028,465,563,45.2,0.61,-83.75,2,1788787265846,1788859391917,0.8,1.36,0.016,11601.782533,3,-116.58,-1.0,False,True,False
0x926a8a1bc7fa22e2fdd4459c443158aa38adaf36,True,2000,722,571,151,79.1,24.6,156852.38,7,1788345543621,1788853892094,5.9,19944.61,0.127,369600.635569,6,146271.1,39.6,False,False,False
0x928a58fb7e9f9ac2e0541f747acd29870c04d198,True,365,183,113,70,61.7,0.49,-3248.17,11,1766839009107,1788442602575,250.0,-1814.63,0.559,8620.890413,1,844.6,9.8,False,True,False
0x92a2163b8dc3673f751f79301005c138c716cc26,True,2000,565,188,377,33.3,0.87,-3186.72,39,1787664234646,1788841622391,13.6,2935.07,0.921,36482.495172,7,48173.04,132.0,False,True,False
0x92af6aa06b613df7556a9a9a7726a4e5bd33ce3d,True,2000,987,131,856,13.3,0.54,-8852.61,17,1787349045992,1788735865381,16.1,4634.17,0.523,285.406683,1,130.25,45.6,False,True,False
0x92c99e81239c8b06441bc48aaa7f75ac94844dc6,True,2000,898,476,422,53.0,0.9,-2267.61,40,1767522500919,1788757230028,245.8,-1430.0,0.631,0.0,0,0.0,,False,True,False
0x92e56661327c3155ee4a05db807f7928ba4826a3,True,1175,631,169,462,26.8,0.73,-10712.25,4,1780674939103,1782951502665,26.3,1763.13,0.165,0.0,0,0.0,,False,True,False
0x9302d35786643f680b617b03bcde983db6a7319d,True,2000,892,464,428,52.0,1.57,4771.08,47,1777987675026,1788199303718,118.2,871.84,0.183,0.0,0,0.0,,False,False,False
0x9321d8117e73b0c79035f0e87debcfd8dbb1d75a,True,2000,529,3,526,0.6,0.0,-460501.91,8,1786386208799,1787882154373,17.3,-11626.1,0.025,9591833.355006,6,12536842.58,130.7,False,False,False
0x9332b37d0676a6d3e0ee3fd0c579cbf5ddf57912,True,2000,1092,604,488,55.3,1.5,11404.95,6,1761858008259,1788066564339,303.3,5645.13,0.495,0.0,0,0.0,,False,False,False
0x934c8b08a12a2c06641de0e5755fcf77ef609db8,True,2000,700,279,421,39.9,0.69,-3175.34,12,1782840703949,1788851714258,69.6,-2963.26,0.933,210.397795,1,80.14,38.1,False,True,False
0x93696148243b34770bc8ae07030ad9fb7e750138,True,2000,982,466,516,47.5,1.3,41920.79,14,1779940192035,1788848000009,103.1,-18486.42,0.441,0.004665,0,0.0,0.0,False,True,False
0x937cb67e028b46bfe6fd7b7502c96ba7fb0d5899,True,235,98,90,8,91.8,33.98,17222.34,4,1782573109364,1788453939592,68.1,1321.1,0.077,0.0,0,0.0,,False,False,False
0x9391199d0dd197bd019d40ef624d26aca59440f3,True,2000,1090,762,328,69.9,0.9,-38282.65,13,1774804126737,1785512078881,123.9,60833.96,1.589,15481.884255,1,105890.9,684.0,False,True,False
0x93a7c7ec2ef20e25fa1e2e9a0e2465eb10efa4dc,True,2000,388,222,166,57.2,1.0,-12.39,45,1760546492904,1788456362254,323.0,860.45,69.456,0.0,0,0.0,,False,True,False
0x93d044bc113ff26150c84e93a6221a8e0cb059a7,True,371,166,123,43,74.1,2.23,6253.17,3,1783100733108,1788625834991,63.9,-980.81,0.157,5385.204564,0,0.0,0.0,False,True,False
0x93e567737f22df312ae31a2d074226a0466bda1a,True,2000,945,292,653,30.9,1.69,3576.6,20,1786996966002,1788838523483,21.3,1160.97,0.325,580.821372,1,-193.14,-33.3,True,False,False
0x94034e92c90a63b0a368b57db2dbd4b51d76e64d,True,2000,1013,444,569,43.8,2.02,6364.32,59,1786891557623,1788811587114,22.2,907.54,0.143,2931.858189,4,762.71,26.0,False,False,False
0x9420f2608623b985b5697e84eb036907f28f6287,True,958,423,130,293,30.7,0.9,-908.36,23,1769131981769,1781656269966,145.0,1754.07,1.931,0.0,0,0.0,,False,False,False
0x942d0d8104dbb2bc1eda12a21380859a9182089d,True,2000,1890,1130,760,59.8,1.43,835.67,11,1786669239731,1786685504099,0.2,34.95,0.042,0.0,0,0.0,,False,False,False
0x944b5f7d8eece040aae1895c7fed03202aedf123,True,2000,783,411,372,52.5,5.01,739090.55,10,1760199127539,1788541309189,328.0,41800.06,0.057,127669.374564,3,-285897.04,-223.9,True,True,False
0x946cdfc1762786d626c33ba23d2d987c0cf8af5a,True,1282,642,316,326,49.2,1.07,538.17,37,1775894881178,1788858280971,150.0,447.45,0.831,0.0,0,0.0,,False,True,False
0x948286ad8526c135f81e30f7d018b3f75933355e,True,2000,1452,569,883,39.2,0.95,-315.64,51,1774583637693,1782900142131,96.3,204.07,0.647,0.0,0,0.0,,False,True,False
0x94a29b0de1d07d71e6790bf8bfb3a50a909fdcc8,True,761,388,310,78,79.9,1.15,384.78,11,1769809335129,1778777134757,103.8,299.66,0.779,0.000263,0,0.0,0.0,False,True,False
0x94c280c2e48593250530a104ffcd2a85088a23a3,True,2000,932,433,499,46.5,0.48,-34190.41,7,1744567856433,1786308028640,483.1,-4464.66,0.131,0.0,0,0.0,,False,True,False
0x94dac1facdc4afd2614c3119447187b4143bc449,True,2000,1071,408,663,38.1,0.52,-19460.39,48,1787303360380,1788789491726,17.2,-1078.1,0.055,1760512.349694,22,-305494.67,-17.4,True,True,False
0x94f6ef4b5042972af24e4614d7e0599831780443,True,2000,1441,674,767,46.8,5.45,21643.33,4,1778966537957,1788486202842,110.2,11689.58,0.54,0.0,0,0.0,,False,False,False
0x950f965b8283be68d7d268d3cf814b3e1e21c596,True,554,267,126,141,47.2,10.97,27439.87,11,1786487453457,1788805634179,26.8,2968.51,0.108,53853.839468,1,2090.99,3.9,False,True,False
0x95218a379bebd428ed332c02e4a6ae35b7c73724,True,2000,936,405,531,43.3,0.72,-8309.14,9,1776070275104,1787325059812,130.3,-3595.88,0.433,0.0,0,0.0,,False,True,False
0x953c3857fd3b9ae313208c3513c26123df4e25aa,True,1343,672,189,483,28.1,0.68,-13676.81,12,1770306380193,1780307045276,115.7,-6503.72,0.476,0.0,0,0.0,,False,False,False
0x954903e85828ef6bdc9e9eed274716e49afff548,True,737,322,197,125,61.2,0.93,-1940.52,18,1737923667547,1788497867516,585.3,-6379.78,3.288,17637.569192,2,-16535.38,-93.8,True,True,False
0x955c35df206d57d675fac8305955bf52defdfbdc,True,516,211,198,13,93.8,4206.03,17474.8,5,1784736771988,1788493637109,43.5,1081.99,0.062,0.0,0,0.0,,False,True,False
0x95748e52b4a70542c99035d092adc8d53f5d11f8,True,2000,456,332,124,72.8,0.87,-29532.13,32,1733273983775,1788285924542,636.7,80823.96,2.737,117529.305803,9,31295.83,26.6,False,True,True
0x958da61b728747aff460e7e0870d049e143b1a61,True,1560,981,417,564,42.5,1.11,8351.26,33,1733110907062,1783621656274,584.6,-12527.76,1.5,0.0,0,0.0,,False,True,False
0x95a4e9b1e5f9441c58262354a8c361dbc91c3b60,True,1437,725,317,408,43.7,1.35,7912.1,13,1757767408153,1787876214946,348.5,2643.46,0.334,62042.062006,2,-116.31,-0.2,False,False,False
0x95bb8e47aa6e17b39618ac54b19ddeaba61b9a15,True,2000,980,38,942,3.9,0.03,-93735.44,1,1776789529132,1780538402152,43.4,-7567.8,0.081,524324.427195,1,83000.1,15.8,False,True,False
0x95cf9511bf739cbd2935f6b35515d9e11c9c5434,True,2000,1133,406,727,35.8,0.58,-8108.32,41,1779395368111,1788502015973,105.4,-585.09,0.072,0.0,0,0.0,,False,True,False
0x95dc4220b6e8be23079e55f7809ac60f514f9a0c,True,2000,923,661,262,71.6,0.92,-1622.11,3,1782575270706,1788528159047,68.9,-3159.4,1.948,0.99325,1,0.17,17.4,False,True,False
0x95fbb50415d0a4596733eaba6cb91f05b4760e60,True,1802,640,425,215,66.4,3.14,85481.29,2,1773059093351,1779476747480,74.3,-4530.93,0.053,0.0,0,0.0,,False,True,False
0x9608cc59b1f61bcf3307b5dee044e013dc4529eb,True,2000,940,482,458,51.3,0.06,-504249.46,16,1759763029841,1779595831022,229.5,-473374.76,0.939,0.0,0,0.0,,False,True,False
0x962a56c7dd7bea03a0bde796ff8715a22d71afdd,True,768,273,234,39,85.7,0.58,-9454.72,8,1761028318538,1788604007572,319.2,-4731.4,0.5,0.0,0,0.0,,False,True,False
0x963b501d8aa19c17070bcc325a9aae8d335be4de,True,2000,1103,101,1002,9.2,0.41,-3405.76,2,1785509201564,1785873998430,4.2,378.16,0.111,0.0,0,0.0,,False,False,False
0x965def5417ef011d05c0e9e68c53d16496622e93,True,2000,1011,331,680,32.7,0.65,-928.74,9,1779908941978,1788415220877,98.5,196.73,0.212,0.0,0,0.0,,False,True,False
0x96736690de3422242338b668ccb86bed211053a0,True,625,294,181,113,61.6,2.7,33145.76,2,1779902276230,1788196484892,96.0,9284.36,0.28,31934.9993,2,-125.92,-0.4,False,False,False
0x9695d4f45adb838a1cca9069b0e4c0e169db4923,True,1871,733,296,437,40.4,1.49,25894.21,28,1739921537196,1785524631906,527.8,6459.18,0.249,0.0,0,0.0,,False,True,False
0x96ad7d81807ad851939b4007575ed0268babc940,True,192,73,23,50,31.5,0.09,-2798.03,4,1781545828645,1781993608757,5.2,-1072.67,0.383,0.0,0,0.0,,False,True,False
0x96c15799c112f39d4cda07481eeb793531c65aa9,True,2000,1005,493,512,49.1,0.18,-35074.12,3,1769779279188,1776795549055,81.2,-2089.63,0.06,410.901203,0,0.0,0.0,False,True,False
0x96cdef3ffe8bd12789e8cfe99c04e834fbb9b715,True,2000,1089,462,627,42.4,0.94,-1283.58,16,1784627621813,1788475230486,44.5,-2707.9,2.11,10277.935525,1,3030.12,29.5,False,True,False
0x96e45591b883fc8c449a63056f8b67eeed7c1042,True,366,173,164,9,94.8,8.3,3486.99,5,1779235191538,1787155981096,91.7,891.54,0.256,0.0,0,0.0,,False,False,False
0x97066b3fe408a55295f3c9a0d135e22259adc584,True,2000,1035,498,537,48.1,0.95,-2341.23,1,1764095681172,1779478237718,178.0,-6896.0,2.945,0.0,0,0.0,,False,True,False
0x9725a45e058e6c0d10fc63332f591e40b5b1a360,True,2000,962,390,572,40.5,1.71,24958.3,14,1775852555522,1786022882522,117.7,3958.48,0.159,0.0,0,0.0,,False,False,False
0x973344827832e62915f6cdfdeeda9e5fd4ec30f4,True,438,205,92,113,44.9,0.84,-1002.06,4,1780920597688,1783068203352,24.9,-2645.04,2.64,0.0,0,0.0,,False,True,False
0x9751cec58be43e0e27d57ba49ac3d68ec269a97e,True,2000,1244,645,599,51.8,0.83,-21613.44,20,1786023235310,1788843089590,32.6,-7581.66,0.351,605507.490153,3,-93733.41,-15.5,True,False,False
0x977e827e00047bc3dbf946f7cd4c7a8be8760a13,True,2000,1121,237,884,21.1,0.44,-9545.51,4,1779813366319,1783960511081,48.0,2368.45,0.248,2319.364431,0,0.0,0.0,False,True,False
0x97a20f3a02a5cf82328b8051f137798810e0f289,True,742,281,225,56,80.1,1.02,710.33,2,1780645016592,1785955874217,61.5,-17332.42,24.401,0.0,0,0.0,,False,True,False
0x97ba79049f770a3bf0acf245836e34c38a18c318,True,276,106,89,17,84.0,6.35,1547.79,38,1748678205277,1787367984772,447.8,617.05,0.399,86.983914,2,-109.89,-126.3,True,True,True
0x97c6068ab8b0325399ab3687b3a12f6ab8bb6789,True,2000,1033,478,555,46.3,2.45,9902.48,9,1788404474123,1788853124359,5.2,1187.57,0.12,0.0,0,0.0,,False,False,False
0x97e30330f352eeee2f8e5a74bb08bac8e128b6b5,True,2000,1015,0,1015,0.0,0.0,-151533.95,1,1783560085784,1783630926876,0.8,-4779.7,0.032,0.0,0,0.0,,False,False,False
0x97f21dfa04ba0d74defe9fc4de1fd19a6d078f6f,True,2000,1055,130,925,12.3,0.02,-50899.09,1,1788552636972,1788837788614,3.3,-3536.13,0.069,42511.500317,1,4101.02,9.6,False,False,False
0x9800f669f13c4957c4e11f9c4ee2678dedf7929b,True,2000,969,595,374,61.4,0.53,-25990.64,38,1772026525639,1788827502553,194.5,-7874.5,0.303,0.0,0,0.0,,False,True,False
0x9815aec32ff0db5b81241c9d17f187a3b44a0f16,True,2000,1580,1450,130,91.8,5.69,293.66,10,1788826157626,1788859155573,0.4,14.92,0.051,10439.674375,6,6.53,0.1,False,False,False
0x98256d1a9e3012398237a1720c27a3d7ed1ad905,True,1992,829,681,148,82.1,131.97,1052809.63,9,1774397074411,1784764800046,120.0,61634.88,0.059,0.0,0,0.0,,False,True,False
0x983cedea1e54bfc73cad45d31bf28653a341945b,True,2000,897,518,379,57.7,0.57,-29857.3,15,1753377901562,1780832996635,317.8,-10438.59,0.35,0.0,0,0.0,,False,True,False
0x984f6a8aa8584dde8f1fa9b240b09f4df3ac25e5,True,2000,765,635,130,83.0,35.17,200925.68,8,1763663606282,1788461376706,287.0,13433.38,0.067,175212.578812,1,-185461.8,-105.8,True,True,False
0x9865d7aad0e84b1548f9841d1dce6f8ebe8c86ee,True,1275,587,241,346,41.1,1.2,1985.91,12,1787172155020,1788583445422,16.3,2349.07,1.183,0.0,0,0.0,,False,False,False
0x9872db8cac0424019be6faaffc2996246d2fb7d9,True,784,281,136,145,48.4,1.03,261.36,47,1734797667321,1788638223260,623.2,-2335.08,8.934,0.0,0,0.0,,False,True,False
0x9897376e0b0c3d8d6f27137f93b33e36ae6f0f45,True,2000,1108,750,358,67.7,0.63,-10504.1,17,1762737180446,1783440774468,239.6,-4416.82,0.42,0.0,0,0.0,,False,True,False
0x98aea87e0a6cb5b4b81ef66e5568774c5464efcc,True,1680,930,391,539,42.0,1.21,5829.32,12,1763021036911,1788795648506,298.3,1814.72,0.311,9693.672909,1,933.77,9.6,False,True,False
0x98cfe73b64cbd4dc013a2d6e61e6a2488c40b3af,True,2000,825,443,382,53.7,0.94,-3605.63,15,1779134583759,1787941776960,101.9,10141.2,2.813,0.0,0,0.0,,False,True,False
0x98e38197c5d420614395a1465cb0679f4980b13a,True,1075,607,216,391,35.6,0.46,-19402.28,7,1778120978204,1781829218339,42.9,-5127.61,0.264,0.0,0,0.0,,False,False,False
0x98f31a6679f47fc1bd6cf1526062c4a322a22bab,True,599,278,93,185,33.5,3.85,23692.47,6,1750088947481,1787347477578,431.2,6837.95,0.289,28085.731078,1,729.75,2.6,False,False,False
0x990a515fdd5917049a1d4fb0509d7bdb4e8f5a6a,True,2000,940,524,416,55.7,1.56,8399.98,17,1774384963955,1788614397632,164.7,2448.77,0.292,10674.468,1,-2267.03,-21.2,True,True,False
0x991e044d97b946fe549e92ac9bfa5119592a0e54,True,2000,536,279,257,52.1,0.82,-1710.84,10,1785197417562,1788567857515,39.0,1393.51,0.815,621442.154398,10,895202.53,144.1,False,False,False
0x9945453655ea65e0211942906d828d4332b582a4,True,2000,1037,348,689,33.6,0.97,-1590.11,14,1755868587950,1787301333057,363.8,-2791.04,1.755,0.0,0,0.0,,False,True,False
0x995702c6f54e5514d29ab3ee0618f2bad07f2745,True,1550,869,357,512,41.1,0.91,-1395.38,9,1784845781128,1786604940722,20.4,-1323.01,0.948,0.0,0,0.0,,False,True,False
0x996c0c0f5506c72f7cbd050d488cdbd431518008,True,366,162,99,63,61.1,1.72,27204.45,10,1774637672195,1788127614725,156.1,-9813.41,0.361,0.0,0,0.0,,False,False,False
0x998077dcaad2916193b1bdd33785a7a680cf325e,True,2000,709,493,216,69.5,0.99,-150.98,14,1786118049056,1788380168907,26.2,-2340.88,15.504,0.0,0,0.0,,False,True,False
0x999412b2262996713e605dca98c64d35f55e6832,True,2000,1069,216,853,20.2,0.32,-8740.59,1,1782482134079,1787241228985,55.1,-365.81,0.042,0.0,0,0.0,,False,True,False
0x999eb45bfc9a833c49739a46cb733a171c40a20f,True,2000,922,645,277,70.0,0.81,-7649.71,108,1771243667458,1788852686945,203.8,16070.63,2.101,7642.700586,38,-2.4,-0.0,False,True,False
0x99b1098d9d50aa076f78bd26ab22e6abd3710729,True,2000,1381,456,925,33.0,0.24,-13895.1,10,1785813525332,1787288420520,17.1,-2040.94,0.147,0.0,0,0.0,,False,False,False
0x99bfe8e92dcd439ec785c8d809ee2b4c929734c3,True,2000,1080,582,498,53.9,1.24,187.3,4,1788351768021,1788859864738,5.9,12.85,0.069,0.002169,0,0.0,0.0,False,True,False
0x99d2e6b5c911f71c9ca57f97ddd52c5eb33868ef,True,2000,1404,1258,146,89.6,1.69,2906.08,1,1780980470488,1782085143636,12.8,-403.8,0.139,0.0,0,0.0,,False,True,False
0x99df385a3cb3a44d79532f2fa698c248c31909b2,True,1943,985,851,134,86.4,1.83,267478.18,24,1732695240295,1787796361914,637.7,-266420.72,0.996,116149.671662,0,0.0,0.0,False,True,True
0x99fb036eac04c7aa9ef6ff7bc7709ee37969b255,True,2000,1016,440,576,43.3,0.38,-46268.59,25,1752317718328,1787302650415,404.9,-9378.73,0.203,0.0,0,0.0,,False,True,False
0x9a1226adc67673afc6dfd80839e1fb2d62a59ba8,True,2000,1000,423,577,42.3,0.75,-2411.74,12,1780960593889,1788529263139,87.6,-704.11,0.292,0.0,0,0.0,,False,False,False
0x9a2f60198fc9ce2b7c04f663b6da4b87bdf34ac5,True,1037,476,334,142,70.2,1.16,3852.01,11,1769927609981,1777010922662,82.0,-2620.24,0.68,0.0,0,0.0,,False,True,False
0x9a3b178f93c3e5822d186338bbd825c71b1361e2,True,2000,1013,327,686,32.3,0.57,-7800.0,19,1769593904922,1775573477160,69.2,975.72,0.125,0.0,0,0.0,,False,False,False
0x9a498229cbd80f6502a94bdd77901231ee7f6bc9,True,1179,541,165,376,30.5,0.84,-5272.51,29,1733651614917,1787521877155,623.5,-4407.17,0.836,1686.931802,1,-330.66,-19.6,True,True,True
0x9a6622d5379232ad0aa899b59ffb558aca666666,True,2000,744,408,336,54.8,0.31,-41358.9,40,1761798782064,1788635014013,310.6,-7249.95,0.175,11291.041602,3,-4990.21,-44.2,True,True,False
0x9a770e9cd5d05e9e5636b87c822bafb53e02bdc9,True,2000,921,184,737,20.0,0.82,-38159.82,19,1723746144715,1788849502159,753.5,-14916.47,0.391,287721.160075,1,-2517.2,-0.9,False,True,False
0x9a9475c48edad42bbaf1c1754149a04b7ab07e1a,True,2000,973,575,398,59.1,2.47,3064.5,8,1787631926003,1788846420037,14.1,-51.91,0.017,23832.796297,5,5660.48,23.8,False,False,False
0x9aaeadf3286fc2e25752396769b0adaafae2b161,True,2000,681,421,260,61.8,1.04,142.63,11,1788505255300,1788852505314,4.0,-228.9,1.605,35317.894228,9,-1890.29,-5.4,True,True,False
0x9ac10c54fc2546839f73a8703897b021e8624ddf,True,2000,1041,400,641,38.4,0.3,-337.71,8,1766760205898,1778976000019,141.4,-183.96,0.545,0.0,0,0.0,,False,False,False
0x9ae9e2bfb9179d78bbb879b4e18c068cc229eca2,True,828,277,200,77,72.2,0.6,-11224.32,49,1713976503776,1788471012357,862.2,-10711.52,0.954,300.440675,1,577.03,192.1,False,True,True
0x9b0de5739e6c71ac8b1371cb8e450b41b26f451e,True,2000,961,478,483,49.7,1.75,4708.54,19,1788451811338,1788860025198,4.7,-355.21,0.075,0.0,0,0.0,,False,False,False
0x9b28837deb55b014f7a37f2812d6ec042ce87ca1,True,2000,562,118,444,21.0,2.85,2496.18,6,1781883757394,1788824024605,80.3,1499.75,0.601,17394.71174,1,-2656.66,-15.3,True,False,False
0x9b3cafa1209ac61f02d7bc3b219697fb171c9c91,True,2000,775,467,308,60.3,2.06,31785.22,28,1752595757296,1788855224836,419.7,3510.26,0.11,2541.738114,3,420.7,16.6,False,True,False
0x9b4c436f40e7fbae7bad8b7547a2e8652c71b6c5,True,2000,862,354,508,41.1,0.54,-28010.21,36,1745221943634,1782222074578,428.2,-8942.29,0.319,0.0,0,0.0,,False,True,False
0x9b58213333765a0f3a417b189b417346dd5e2783,True,2000,828,122,706,14.7,0.31,-14354.73,5,1788006015218,1788849463070,9.8,-832.29,0.058,10486.658576,1,2397.39,22.9,False,True,False
0x9b745bea23ab438b0b3b9527ad7ab637b52cfcb1,True,2000,1447,1124,323,77.7,0.52,-39008.39,3,1788564964778,1788838316086,3.2,-2341.18,0.06,31387.83934,4,-43765.9,-139.4,True,False,False
0x9b9c6059826505dfcce4d673fc9cf19d67130d96,True,1418,722,283,439,39.2,1.41,6100.13,15,1767867399430,1788446005197,238.2,1275.61,0.209,0.0,0,0.0,,False,False,False
0x9bbb821a51d9c0ef24dd8592e9caad7fc469bbf2,True,2000,1274,683,591,53.6,2.76,48004.52,4,1786898483031,1787596198878,8.1,-2137.8,0.045,0.0,0,0.0,,False,False,False
0x9bcf98c275be1135fdf9dc399774cc29a1a7e7aa,True,525,232,129,103,55.6,0.74,-3146.01,9,1767803121434,1780932074137,152.0,-1754.59,0.558,0.0,0,0.0,,False,True,False
0x9be9efd548b3aa64676941ff7c3be4cde93c522f,True,2000,1021,515,506,50.4,0.7,-3192.95,59,1755094775309,1788808932429,390.2,-1713.54,0.537,122.144423,0,0.0,0.0,False,True,False
0x9c0eac23c78c2449c8a70143dfd9a8fb0c62778c,True,2000,1760,736,1024,41.8,1.49,11199.63,16,1782433970041,1785279010161,32.9,5224.05,0.466,0.0,0,0.0,,False,True,False
0x9c1e3bb64204625a8307756fcb21b6a4ffbef534,True,1322,374,183,191,48.9,0.98,-316.19,15,1750511776940,1774137600042,273.4,-3691.37,11.675,0.002069,0,0.0,0.0,False,True,True
0x9c2a2a966ed8e47f0c8b7e2ec2b91424f229f6a8,True,2000,148,148,0,100.0,inf,5979.32,4,1788742922785,1788844173905,1.2,683.78,0.114,1070983.188756,4,-28140.47,-2.6,False,False,False
0x9c448d9300990cf8c071e21a99aa5c4b41e4f35c,True,2000,961,794,167,82.6,21.44,42230.38,10,1787173794122,1788472748442,15.0,4104.9,0.097,0.0,0,0.0,,False,True,False
0x9c5456c0c690cf0e707da03d4b8d0c313cd8a4b1,True,2000,970,541,429,55.8,1.26,68.77,5,1775857470386,1780383337720,52.4,-34.57,0.503,0.0,0,0.0,,False,True,False
0x9c676c4fdb2d4ea07c50aa4fd1ae68f46d80ae17,True,224,114,66,48,57.9,2.32,1692.83,2,1777311339262,1780363956663,35.3,-1149.3,0.679,0.0,0,0.0,,False,False,False
0x9c7035f6c578f0d0372155d23da1c9345e8c89d9,True,2000,821,310,511,37.8,0.77,-4418.61,13,1788462045966,1788855232235,4.6,-1620.48,0.367,24582.261583,2,64.03,0.3,False,True,False
0x9c867cfae9124eadf979bb5e38b4f4cc5ab294e7,True,1696,841,406,435,48.3,1.32,3585.24,5,1772534277588,1786662717004,163.5,922.78,0.257,0.0,0,0.0,,False,False,False
0x9c974ffb483f09a31516d094aefc0e63221248d5,True,713,347,189,158,54.5,0.41,-50605.99,11,1754174684143,1788860330054,401.5,-24167.0,0.478,3329.5431,2,143.38,4.3,False,True,False
0x9cb4c23adeaa4ef45ade88cd4d17015f95c9c30e,True,2000,1092,542,550,49.6,0.6,-17646.14,18,1773711328416,1787652884571,161.4,-6155.73,0.349,0.0,0,0.0,,False,False,False
0x9cc512ab4beec287a4ce468f2cbdb993cf08b86d,True,2000,1326,0,1326,0.0,0.0,-209726.6,3,1777483686683,1777864518928,4.4,-8271.77,0.039,0.0,0,0.0,,False,False,False
0x9cde2b9d159036d49a9cb98d0560efc928c139d0,True,2000,1152,515,637,44.7,1.25,14915.14,63,1737395657882,1788273104165,588.9,3772.19,0.253,0.0,0,0.0,,False,True,True
0x9cf9f73d8628bcce71ba348613580e5bcd09491c,True,2000,877,419,458,47.8,0.7,-44641.19,2,1784873668222,1785333636811,5.3,-20684.38,0.463,0.0,0,0.0,,False,True,False
0x9d03e82ece5b722da36def3c651e92f9dedccbae,True,2000,906,393,513,43.4,2.08,16817.34,13,1778589028927,1788854042566,118.8,6418.16,0.382,8883.535064,1,2171.18,24.4,False,False,False
0x9d0ce5ca0e5cab02b37c81fef7c3a4634dee4084,True,1743,992,449,543,45.3,0.83,-1066.8,11,1754425461076,1784562407103,348.8,-1484.0,1.391,0.0,0,0.0,,False,True,False
0x9d23b94a5440c37aeb89c90283f0d026c48971ea,True,2000,1308,826,482,63.1,0.67,-18722.76,21,1782155883164,1786967037088,55.7,3508.42,0.187,0.0,0,0.0,,False,True,False
0x9d45fccb3fea7d7559904f626ee26d19309d5798,True,2000,1192,522,670,43.8,1.24,2128.57,1,1774367887917,1777605606016,37.5,-754.97,0.355,0.0,0,0.0,,False,False,False
0x9d66d952aa6a444f8eb2a8c1093980c54ab1e2a6,True,2000,856,401,455,46.8,0.57,-9813.8,4,1787574927317,1788250907250,7.8,-1957.94,0.2,0.0,0,0.0,,False,False,False
0x9d7f194b92a0a040c6bcb2762a286cef6f342131,True,2000,932,611,321,65.6,1.01,474.39,53,1752579030556,1788839912644,419.7,-4135.04,8.717,0.0,0,0.0,,False,True,False
0x9d932b8592217b610deb362296312a83406ebfcd,True,2000,1050,549,501,52.3,0.47,-11325.32,6,1780383041017,1782170102799,20.7,-2001.61,0.177,8223.027444,1,3825.42,46.5,False,True,False
0x9d9fbb2ca4014a9816fb448056e1d69fd69af1b7,True,2000,1042,540,502,51.8,0.9,-950.02,18,1787410712899,1788856738475,16.7,-434.89,0.458,0.0,0,0.0,,False,True,False
0x9dba51737f15647db8d8d4eabc45d7be08e32e36,True,1703,901,654,247,72.6,1.74,48248.72,4,1781060258308,1788526011450,86.4,8192.02,0.17,5902.452232,1,-1576.58,-26.7,True,True,False
0x9dd2fc6f03a20dd567c9d9a04ef2438f70cdbd19,True,1379,629,240,389,38.2,0.71,-9739.69,25,1752533955442,1785075515519,376.6,-8944.6,0.918,0.0,0,0.0,,False,True,False
0x9deef087fbd279c29980754d7a2f63e66d4634c2,True,2000,1409,668,741,47.4,10.24,32019.16,9,1773315783629,1775906294773,30.0,4196.14,0.131,0.0,0,0.0,,False,False,False
0x9dfd2ca547f1c5d7f095ea75f839417155cbe416,True,2000,1203,807,396,67.1,0.67,-23862.48,6,1764693092878,1780685949378,185.1,-9594.26,0.402,0.0,0,0.0,,False,True,False
0x9e1186d05b9fffb9f05e024ddfd716fda70422a3,True,2000,777,677,100,87.1,19.03,124822.95,5,1786330150682,1787876912130,17.9,7471.6,0.06,417047.911736,2,122805.59,29.4,False,True,False
0x9e2705b198e62591bfff7b636bf3496a47187ea0,True,2000,901,377,524,41.8,0.71,-3305.05,13,1783701568539,1788764435344,58.6,-805.34,0.244,0.0,0,0.0,,False,False,False
0x9e43084e524f51549ec589d8f81c0ca5861d8a0a,True,755,457,57,400,12.5,0.13,-17992.28,9,1762701521242,1788770378293,301.7,-3655.64,0.203,518.283982,1,101.61,19.6,False,True,False
0x9e5bf38a4aeb08710856c9f7ec54bd82cd2e2e51,True,2000,933,1,932,0.1,0.0,-20113.93,4,1780251483698,1780252212599,0.0,-610.95,0.03,0.0,0,0.0,,False,False,False
0x9e7204b7953f53abda35515439e319c4b9653c7d,True,425,277,128,149,46.2,0.45,-8075.76,4,1773811634269,1776488379233,31.0,-1362.0,0.169,0.0,0,0.0,,False,False,False
0x9e7ea1a3fcc8d0abcb0c37e55d7a449129202170,True,2000,937,380,557,40.6,1.93,7898.4,15,1767267902322,1781481600049,164.5,5509.45,0.698,0.0,0,0.0,,False,True,False
0x9e92a3b77597c17d4d47a28afeeb3e8ba89638ed,True,911,464,226,238,48.7,0.59,-11519.88,10,1777499872013,1778047415520,6.3,-3170.7,0.275,0.0,0,0.0,,False,True,False
0x9ea98d75aef6b8933b6fe5e0a1db27b691b7ffa3,True,2000,708,682,26,96.3,8.33,15829.42,108,1782332659821,1788854899056,75.5,659.61,0.042,25392.55252,87,-5707.14,-22.5,True,True,False
0x9eb475d16019832af80ba8cc92035e74542c1e2c,True,2000,979,562,417,57.4,1.06,1313.97,5,1788402711884,1788764263870,4.2,1567.65,1.193,9522.797561,1,-1290.28,-13.5,True,True,False
0x9ed75d15c81995bf6bdc3ee44c7cef334c65b15f,True,2000,958,162,796,16.9,0.72,-2904.2,13,1773929376223,1780917410790,80.9,992.42,0.342,0.0,0,0.0,,False,True,False
0x9ee915f34b588b08c66c901668b5b7b83c1da0f3,True,2000,1085,416,669,38.3,0.55,-3538.57,10,1778116686667,1780919897084,32.4,-338.32,0.096,0.0,0,0.0,,False,False,False
0x9f01844ba20eecdd20f4520975f28c938e852add,True,2000,470,421,49,89.6,2.41,764.29,7,1787249160461,1787698151015,5.2,-340.68,0.446,0.0,0,0.0,,False,False,False
0x9f17b75174cc380f38b3ad34cfc47a6156bfe0a2,True,2000,922,360,562,39.0,1.23,1265.61,29,1786109142903,1788860566918,31.8,514.16,0.406,1405.570296,1,-278.21,-19.8,True,True,False
0x9f3e77cb89df964003053aa5b438e5697c77f4f9,True,2000,938,512,426,54.6,2.17,2928.6,22,1788225570646,1788839697649,7.1,396.36,0.135,3483.235296,2,116.24,3.3,False,False,False
0x9f4fd990a3bb30668738075f44830729dd65c84b,True,1134,434,190,244,43.8,1.57,5850.99,26,1732931708926,1788853836009,647.2,2924.13,0.5,0.0,0,0.0,,False,True,False
0x9f613b140c429a4881b15ab7253e1092ffa4e802,True,2000,994,600,394,60.4,0.62,-24545.16,12,1760396909144,1773676935747,153.7,-16302.16,0.664,0.0,0,0.0,,False,True,False
0x9f87c524bfd234051d3b426cd8469c1968946a9f,True,1771,768,324,444,42.2,1.27,15646.26,5,1778313670806,1788109014376,113.4,-17607.9,1.125,55363.050292,0,0.0,0.0,False,True,False
0x9fab7b23022ce49b4ee91100dbe33db842754f98,True,2000,1128,470,658,41.7,0.03,-248095.2,3,1775761500340,1787931812584,140.9,-14413.36,0.058,0.0,0,0.0,,False,False,False
0x9fba9e1816da6f9aa9e67ca1a367205168c7312a,True,2000,1083,528,555,48.8,0.58,-84238.37,21,1736175082519,1788508211185,605.7,-30177.28,0.358,21500.137524,2,35869.0,166.8,False,True,False
0x9fd7be134d8d4ddb8fa8d093e348c899716f6b0b,True,2000,921,689,232,74.8,4.08,16662.46,10,1762287623560,1778072992960,182.7,294.6,0.018,0.0,0,0.0,,False,False,False
0x9ff2650389420617f6ddef53a4c038a65e3775b7,True,2000,904,586,318,64.8,0.45,-2161.69,7,1780702762654,1781325113485,7.2,-442.72,0.205,0.0,0,0.0,,False,True,False
0x9ffdb5c6284d51d902a4968f37fef28e73078b5f,True,2000,1501,297,1204,19.8,0.14,-35880.95,6,1787522102049,1788526348515,11.6,-5244.02,0.146,0.0,0,0.0,,False,False,False
0xa0192503f4069dae05659fec4dcc2c36251bcd2b,True,2000,930,398,532,42.8,0.97,-525.55,2,1786628698364,1788148284920,17.6,-1023.46,1.947,0.0,0,0.0,,False,True,False
0xa03276ad00d74a21fc4f61a4566353c1ac5b77d2,True,1141,497,132,365,26.6,0.2,-40228.41,10,1778016127460,1780531200032,29.1,-4743.52,0.118,0.0,0,0.0,,False,False,False
0xa04cc046c32dc706c65324ae6352d3d78e0c2013,True,2000,868,748,120,86.2,14.79,61207.69,1,1779324669782,1780583478103,14.6,4650.0,0.076,2.6e-05,0,0.0,0.0,False,True,False
0xa0580a130ca644dbef1bf397fe373f66c3ad83e9,True,2000,1032,772,260,74.8,1.47,8035.93,45,1767983975768,1786022702070,208.8,-1910.5,0.238,0.0,0,0.0,,False,True,False
0xa0650342cb50113732fe1370eabdfff3491d1f63,True,2000,896,316,580,35.3,0.37,-24087.61,42,1760498571400,1788557404570,324.8,-3135.84,0.13,0.0,0,0.0,,False,True,False
0xa0771999ab6b20f50248504f89c0cf2627a3ccb3,True,2000,814,653,161,80.2,0.89,-832.73,4,1787491273040,1788860397529,15.8,-617.04,0.741,10894.694199,2,-2090.54,-19.2,True,False,False
0xa092ac00ef2b5d150b6ba03dd87ea30fbd360971,True,2000,995,462,533,46.4,0.56,-19831.49,3,1755087331310,1788133565130,382.5,-4323.91,0.218,0.0,0,0.0,,False,True,False
0xa0b2d732c34606a84138360f927c9691fd2b6654,True,59,32,32,0,100.0,inf,665.43,1,1780244879412,1780247037599,0.0,149.81,0.225,0.0,0,0.0,,False,False,False
0xa0bc91c30b3be9fc4b8da16e1d982bd9887964bc,True,2000,956,256,700,26.8,0.26,-11806.44,5,1778812547876,1785725537902,80.0,-1034.63,0.088,0.0,0,0.0,,False,False,False
0xa0d149c9e3fee0a9f920058c4139c73894c2be98,True,2000,984,326,658,33.1,1.02,779.52,10,1788201976940,1788822016013,7.2,3903.85,5.008,49384.344184,3,-4544.24,-9.2,True,False,False
0xa0e5fc41faeb462febaeceda38220ef6b11f6bb6,True,2000,1010,471,539,46.6,1.39,1876.79,51,1786615228790,1788859080587,26.0,295.06,0.157,67435.175044,50,5036.09,7.5,False,False,False
0xa0fb46d2b458ed4c909d897b57ce3efc3aca96be,True,2000,1120,534,586,47.7,0.92,-6871.3,1,1787446898125,1788854357110,16.3,-3279.39,0.477,408054.831098,1,-3324.87,-0.8,False,True,False
0xa110102c0943680345bb7e6a782a537f385d3044,True,2000,934,651,283,69.7,1.85,343.39,7,1788704471347,1788860734168,1.8,-12.17,0.035,25825.649275,8,-0.81,-0.0,False,True,False
0xa128deeb3f27392d4ed3ace64161537bf4f0f47a,True,2000,921,293,628,31.8,0.62,-1670.31,31,1787507547387,1788538446837,11.9,-679.96,0.407,0.0,0,0.0,,False,False,False
0xa163f0e3f92a56ece506784359987916963b787b,True,2000,987,687,300,69.6,0.41,-30200.84,21,1784253213036,1788780822975,52.4,-5018.43,0.166,2828.500337,3,1414.18,50.0,False,True,False
0xa17ebd53bc0723d67ba70db5b8348cedc520c24d,True,2000,1055,412,643,39.1,0.87,-2012.12,29,1776706272164,1780718826892,46.4,1790.18,0.89,0.0,0,0.0,,False,True,False
0xa18be6d88dd56fcca8a241930cfdba5875ac9cb9,True,1666,865,256,609,29.6,0.75,-80278.42,69,1705919978292,1779940959525,856.7,-26942.62,0.336,0.0,0,0.0,,False,True,False
0xa1ae7c15c381c6eed9aaa7401960a29360ca902a,True,2000,931,565,366,60.7,0.44,-21844.4,29,1781112891926,1788850027019,89.6,-9985.69,0.457,612.476221,0,0.0,0.0,False,False,False
0xa1c0e97da995c640819ce0ff591a313ed32de95d,True,876,530,155,375,29.2,0.78,-28201.0,12,1763169120879,1784037502573,241.5,-15319.61,0.543,0.0,0,0.0,,False,True,False
0xa1cdcf3f3894b6e3311b72d3ccc30614a2ecc899,True,1087,436,173,263,39.7,0.36,-20103.14,21,1734407686630,1788108363413,621.5,-6828.01,0.34,103.44432,3,4.14,4.0,False,True,False
0xa1d97fd7fc951813da1af7264f333c45a759ce66,True,2000,1053,360,693,34.2,0.48,-12254.05,13,1785976916293,1786772233266,9.2,-3011.82,0.246,0.0,0,0.0,,False,False,False
0xa1feab3baf1c33dd97b705c8c4d6c76c900eb258,True,2000,1016,519,497,51.1,0.31,-19589.78,16,1778500455919,1782255353815,43.5,-2992.54,0.153,0.0,0,0.0,,False,False,False
0xa215ce4eac3900ac8a5e76f621eb8498be16aa51,True,2000,1216,164,1052,13.5,0.96,-8864.51,13,1768589967506,1785355313852,194.0,40266.65,4.542,0.0,0,0.0,,False,True,False
0xa22bce39e7842bb84a88c00eebee12d90f24a150,True,443,233,217,16,93.1,0.69,-4823.01,4,1787176439047,1788849283316,19.4,-10243.23,2.124,0.0,0,0.0,,False,True,False
0xa24311247087b190f3c056ea0f219e8ecc6721b1,True,2000,867,615,252,70.9,0.5,-36382.99,9,1751311819260,1787220922026,415.6,-9131.27,0.251,0.0,0,0.0,,False,True,False
0xa250882559e8c959cf84724aee96697c4740e1bb,True,2000,1007,249,758,24.7,0.54,-6664.38,7,1787641104074,1788836150622,13.8,883.77,0.133,9685.606508,2,694.17,7.2,False,False,False
0xa2697a4652e85d8fc6cfa11beb328edddaf33598,True,2000,788,310,478,39.3,2.74,37391.24,10,1775880520172,1786039286579,117.6,6439.24,0.172,0.0,0,0.0,,False,True,False
0xa288ed5221ff9cfa5e79c7bbba838fca710ceb50,True,1442,558,308,250,55.2,0.75,-6014.13,10,1770125708482,1773948898270,44.2,-2678.38,0.445,0.0,0,0.0,,False,True,False
0xa29189b25b2fa8674653fa71429f584bedff5067,True,817,339,178,161,52.5,4.82,107711.18,6,1753761939979,1788616020339,403.4,7500.73,0.07,173719.847905,2,25953.21,14.9,False,True,False
0xa2a84634da83f7393cda3e1c584578a47a33f339,True,2000,952,414,538,43.5,0.61,-14563.45,17,1781814466965,1784224176588,27.9,3541.86,0.243,0.0,0,0.0,,False,True,False
0xa2be55e4c9e66042a60f248782074d41f4971499,True,2000,940,782,158,83.2,1.43,11285.5,7,1774798057216,1788835332828,162.5,2952.44,0.262,20177.927808,5,-4439.64,-22.0,True,True,False
0xa2d645a27870f7d4480b44261264b6c4e133a844,True,2000,765,441,324,57.6,0.63,-10413.89,11,1763949064680,1788550068770,284.7,-3780.5,0.363,6996.639467,1,-549.53,-7.9,True,True,False
0xa2fd550469b089722444a176874713f3554dac88,True,519,108,35,73,32.4,4.23,5383.6,7,1778530375060,1778762462117,2.7,2386.13,0.443,0.0,0,0.0,,False,False,False
0xa30ecf14316316f355b33eb6f5fb4f6e8ed8be51,True,2000,1103,1010,93,91.6,6.18,342939.75,6,1763733614021,1787840159504,279.0,22238.9,0.065,19983.426412,2,-20559.87,-102.9,True,True,False
0xa315337558399540c33ec982cbec05a19d001784,True,2000,983,324,659,33.0,0.32,-13672.62,10,1778695311656,1788754850408,116.4,-975.48,0.071,0.0,0,0.0,,False,False,False
0xa323438a5f17b476359eda8ae35da07536394aa0,True,200,96,58,38,60.4,0.98,-89.17,3,1783085480891,1788730543164,65.3,1300.5,14.585,76434.874428,0,0.0,0.0,False,True,False
0xa332f08ed9a06a41c6612684ab1df4ec378cb61d,True,2000,1004,658,346,65.5,1.2,2852.45,1,1773924644322,1779408994612,63.5,738.9,0.259,0.0,0,0.0,,False,True,False
0xa33e1ba6e16f18a50c78d36eb423f24b6417cd71,True,2000,918,409,509,44.6,4.6,62977.71,22,1778773916573,1788764478833,115.6,29536.16,0.469,5974.790643,1,2247.51,37.6,False,True,False
0xa3569c3c647c9bddb843b4d3d53daa87ce65296d,True,2000,915,592,323,64.7,0.5,-101252.96,22,1737397111071,1779282883937,484.8,-32905.15,0.325,1017.1108,0,0.0,0.0,False,True,False
0xa36a5e95d0471aa6ada2098820c3041be82fe780,True,633,247,81,166,32.8,1.7,8889.61,9,1749127614372,1788671302267,457.7,4444.46,0.5,50767.954328,1,8869.71,17.5,False,False,False
0xa38157f31371eec73fd878097c249f16472b066c,True,2000,1719,1344,375,78.2,1.97,20182.89,31,1777743419129,1788529002120,124.8,1677.13,0.083,0.0,0,0.0,,False,True,False
0xa38ed0f45fdacba847a1bda267a29803f4635b73,True,2000,1000,314,686,31.4,0.73,-2400.61,26,1780686388521,1785921020050,60.6,621.26,0.259,0.0,0,0.0,,False,True,False
0xa3a3b69a3c76308a867b47d3d60d8ee8213366b5,True,2000,977,628,349,64.3,3.24,21209.65,11,1773935860450,1787555561696,157.6,2791.21,0.132,8433.921876,1,10389.85,123.2,False,True,False
0xa3b7226dea54ab25133e1e80fbf22adefa917ade,True,2000,999,883,116,88.4,14.28,20013.82,13,1772317928008,1785363033715,151.0,250.78,0.013,0.0,0,0.0,,False,True,False
0xa3d327a420490061222c81fe4a234c9b6b9fc7dd,True,2000,1007,459,548,45.6,0.75,-5566.01,8,1775570469327,1780440580417,56.4,-1907.1,0.343,0.0,0,0.0,,False,True,False
0xa3f97018f0b7f25ec01ae7667b0af2450bab7ee9,True,2000,959,422,537,44.0,1.29,7859.66,2,1788451313568,1788467017611,0.2,-1239.51,0.158,0.0,0,0.0,,False,False,False
0xa40ee97b4352307b7745a2cb12bb475b80faef13,True,2000,1000,646,354,64.6,0.4,-161070.01,19,1773646289365,1784032266525,120.2,-32855.6,0.204,0.0,0,0.0,,False,False,False
0xa41f6abca0cb06a105f12a682e1995efa0c1d50a,True,2000,947,561,386,59.2,2.43,71609.56,15,1787280837187,1788826918724,17.9,24354.95,0.34,0.0,0,0.0,,False,True,False
0xa434fdedb058ec5c53c3497f886bf119c64cc527,True,2000,752,471,281,62.6,1.01,210.91,32,1761693051512,1788745449020,313.1,-8647.64,41.001,107.685591,2,-17.97,-16.7,True,True,False
0xa43dea86853f5ed8f767e36e16fd20b36b07769d,True,2000,1067,395,672,37.0,0.33,-78998.37,16,1780587829479,1785176138948,53.1,-6733.85,0.085,0.0,0,0.0,,False,True,False
0xa44f07b90727a8c7c69b6c820102137d9821e9d0,True,2000,1075,437,638,40.7,0.21,-46340.3,6,1787765975649,1788820355519,12.2,-10096.82,0.218,0.0,0,0.0,,False,True,False
0xa45ee34298f8e5596fef0870a42f80182de0cfb9,True,2000,1380,553,827,40.1,1.04,2369.18,10,1784393594359,1788722912518,50.1,8518.9,3.596,53052.960178,2,3624.64,6.8,False,True,False
0xa46dc63da3c041e96d8c619ab2aa41da0b84d066,True,2000,1089,550,539,50.5,3.86,158942.3,28,1774939815590,1788442473256,156.3,10196.31,0.064,173776.124001,6,101451.51,58.4,False,False,False
0xa483470a50ec3822b510851cc465e29a7106741a,True,2000,1261,935,326,74.1,1.74,320.05,88,1788838317445,1788861114630,0.3,31.32,0.098,15535.648295,79,-8.35,-0.1,False,True,False
0xa4a436bc988e893cf5135f18cb4b186600433d53,True,2000,963,412,551,42.8,0.56,-2436.13,21,1776280394188,1788526004666,141.7,-458.94,0.188,0.0,0,0.0,,False,False,False
0xa4b7c5aa833a6bff3a05c896108650a8ae8761fc,True,396,182,123,59,67.6,0.73,-1973.58,5,1778618100366,1788853416579,118.5,-1457.68,0.739,0.0,0,0.0,,False,False,False
0xa4d94e8313507f299192eaaaf600d383c2b78b82,True,2000,1033,594,439,57.5,1.08,1068.1,45,1776390086158,1781260007316,56.4,883.44,0.827,0.0,0,0.0,,False,True,False
0xa4f37e5599a7c83da793c2ca567f567a7415c555,True,2000,1049,480,569,45.8,0.85,-6543.31,15,1775454453279,1788860112501,155.2,-3450.79,0.527,500.267202,1,39.44,7.9,False,True,False
0xa5040f2091420d5b4e6457ebde207f89e5421b03,True,2000,670,637,33,95.1,43.41,16783.11,10,1781716787977,1788849554396,82.6,1930.23,0.115,4233.647469,1,-35.0,-0.8,False,False,False
0xa51b6bbd7f835d7da10eddfdefb91254497bae17,True,2000,1016,605,411,59.5,1.3,2499.86,1,1788288614673,1788860885589,6.6,152.36,0.061,5301.377446,1,130.72,2.5,False,True,False
0xa5339253c51c6f4d5ff950d63427fe256e84ba55,True,1273,537,533,4,99.3,6187.66,103860.21,3,1774437089119,1787922349557,156.1,9034.12,0.087,505000.217243,1,0.02,0.0,False,False,False
0xa559edb06548fb5d9b2066ec43320e5f9726ff95,True,2000,772,517,255,67.0,11.62,364208.28,11,1779280853795,1788378772761,105.3,43742.42,0.12,304030.211229,2,363779.16,119.7,False,True,False
0xa575bb7e13a17f6d78e83712a603cc0db306f6e8,True,2000,1145,488,657,42.6,1.68,25252.56,10,1769871376307,1787752769847,207.0,8719.31,0.345,0.0,0,0.0,,False,False,False
0xa582c011842e4aa4d3e3578128dd9851c5846a5c,True,2000,1114,695,419,62.4,0.58,-14831.15,18,1788280662910,1788854494458,6.6,-5009.54,0.338,0.0,0,0.0,,False,True,False
0xa5a4ae9f3cc5fe7b67b50a39f22d30336e30cf5b,True,2000,918,520,398,56.6,0.23,-252722.13,2,1780947861846,1787173476230,72.1,-71139.29,0.281,0.0,0,0.0,,False,True,False
0xa5ca2269e5d99704336f29679d49f0586a8402c9,True,1353,535,261,274,48.8,1.19,1909.52,12,1782854197169,1787365008297,52.2,-694.39,0.364,0.0,0,0.0,,False,True,False
0xa5e54c7d761acb3bb04e721cedc7b4404bd47c33,True,2000,1022,399,623,39.0,0.89,-17076.02,60,1752040911350,1787365463020,408.8,-12741.39,0.746,0.0,0,0.0,,False,True,False
0xa6062bdd6deb26d6a9b6ec760d8ca9746c87caf9,True,2000,1045,273,772,26.1,0.31,-55757.23,12,1781795832341,1787702967678,68.4,-3755.86,0.067,212.302188,1,533.74,251.4,False,False,False
0xa6178637bacf6db4fb39540be17dd67ef919b3cb,True,2000,1052,518,534,49.2,0.97,-1352.51,14,1755149457813,1788343775351,384.2,3182.39,2.353,25269.040094,2,31826.81,126.0,False,True,False
0xa627ced769a76e46cd9ffb127e8e5c827fbc9c41,True,1741,1006,375,631,37.3,1.45,11068.9,3,1781732735898,1788447905805,77.7,3350.74,0.303,0.0,0,0.0,,False,False,False
0xa641557ad21090503498f6cef460e897ac6aa982,True,2000,871,358,513,41.1,0.27,-69375.9,2,1787177279595,1788832896688,19.2,-7412.71,0.107,3983.649735,1,-315.0,-7.9,True,True,False
0xa656a158fdd934e8a78bf16777ea0303f1067149,True,2000,430,0,430,0.0,0.0,-11832.43,3,1787854456509,1788849564805,11.5,-3879.65,0.328,23379.952314,1,-27172.42,-116.2,True,True,False
0xa6684eb49e6431a273880b25bb1d2e583c5eb780,True,2000,1037,308,729,29.7,0.24,-82384.51,10,1782002577120,1782794582701,9.2,-3654.98,0.044,0.0,0,0.0,,False,True,False
0xa67fa81a029b26522b8bf193c6a3f0337ad9f9dc,True,2000,793,135,658,17.0,0.11,-1443.36,1,1788790083141,1788856530740,0.8,-9.71,0.007,26819.938612,1,-91.08,-0.3,False,True,False
0xa69997f1675387c634bec24a199fb4e21456c8e5,True,501,224,93,131,41.5,2.01,7084.43,5,1759268379417,1788472168027,338.0,5546.45,0.783,0.0,0,0.0,,False,True,True
0xa6afc4610acc35afe818df9039baebdf386892c8,True,2000,1006,588,418,58.4,4.64,1470.39,10,1777971744660,1782345600020,50.6,822.02,0.559,0.0,0,0.0,,False,False,False
0xa6c47fb873f770afa29a441ba92149f278a18f00,True,2000,1001,421,580,42.1,0.91,-5113.34,21,1737475724852,1788525298636,590.9,7655.49,1.497,0.0,0,0.0,,False,True,False
0xa6d3d42b9e69ad15762f78d1c15f3283821d0227,True,2000,881,547,334,62.1,1.56,4531.04,7,1783001059064,1788850868136,67.7,-2296.46,0.507,0.0,0,0.0,,False,True,False
0xa6efc275283cc20983a8b9f1c9b0b8c862022c58,True,2000,893,535,358,59.9,0.5,-9877.23,11,1779482974739,1787949158442,98.0,2088.49,0.211,0.0,0,0.0,,False,True,False
0xa707d3d5d174f59d2c2b81491bdc5650e55f065b,True,481,238,231,7,97.1,32.09,34731.19,8,1769189659432,1780686537179,133.1,4338.97,0.125,4235.099519,1,-1215.01,-28.7,True,False,False
0xa7207eed8921d47e3ab82cbb8a30b1e959a0b43b,True,2000,1023,274,749,26.8,0.52,-16658.38,10,1787415769308,1788836598565,16.4,2258.5,0.136,0.0,0,0.0,,False,False,False
0xa735c87372015ec6d71b93336f8aaed05b05c6c4,True,2000,656,374,282,57.0,0.36,-55436.18,50,1756396905292,1787793249200,363.4,-34103.42,0.615,0.0,0,0.0,,False,True,True
0xa758e38bf55601ee5afa93e3b2259dcadfc0458a,True,583,277,173,104,62.5,0.54,-5154.48,7,1752551338264,1788580979796,417.0,-1294.51,0.251,1434.77745,1,-6.57,-0.5,False,False,False
0xa77123fcfb45320abfce9d640beaf7e33788a775,True,1397,635,215,420,33.9,0.81,-18403.22,16,1775481276349,1785416378875,115.0,18472.98,1.004,0.0,0,0.0,,False,False,False
0xa787774b15437281beb766605c2e84f525ca807f,True,1092,632,473,159,74.8,0.88,-2203.01,10,1781571611413,1784816762993,37.6,-2063.64,0.937,0.0,0,0.0,,False,True,False
0xa7aa6ee74b5de982af7434f80b71818578f283cf,True,2000,998,478,520,47.9,1.09,1325.14,46,1779537977442,1783012575806,40.2,-1078.63,0.814,0.0,0,0.0,,False,False,False
0xa7cef824d5a698518235551c144ad0456f39df88,True,538,303,297,6,98.0,91.17,54499.19,5,1776854250800,1782321637128,63.3,7004.78,0.129,0.0,0,0.0,,False,True,False
0xa7e5acf5d7e5d50389cec5932e2751b7956f14ae,True,2000,740,162,578,21.9,0.48,-165179.12,4,1771910398637,1787464821223,180.0,-35201.29,0.213,0.0,0,0.0,,False,True,False
0xa7f94eb23888fdb53564816608c774e04667dd83,True,2000,950,323,627,34.0,0.46,-11901.06,10,1784291671841,1788224678469,45.5,-1397.19,0.117,0.0,0,0.0,,False,False,False
0xa808e739ffa3a294e200e62d419ca20e17864238,True,2000,1119,467,652,41.7,0.77,-5362.28,3,1786121777416,1788449001990,26.9,-2461.07,0.459,0.0,0,0.0,,False,False,False
0xa81fabda6e4d91680a47996fa693749f1dd5e9a1,True,2000,1362,233,1129,17.1,0.25,-257866.84,2,1773698901897,1776119834060,28.0,16659.01,0.065,0.002819,0,0.0,0.0,False,True,False
0xa842073bf42ae7d016e9fae92ea60e01cb5b856b,True,2000,808,535,273,66.2,0.94,-1114.18,17,1780380576960,1788452300456,93.4,-2905.33,2.608,0.0,0,0.0,,False,True,False
0xa853a60b728b8ccd5e228b7e6045b826cd6eeb0c,True,2000,1090,700,390,64.2,4.61,52588.49,39,1779051662359,1787933717975,102.8,2088.05,0.04,0.0,0,0.0,,False,True,False
0xa86290d695158a6e2fe31daef34738dfc57c587f,True,2000,1066,839,227,78.7,0.52,-1390.58,41,1788674585660,1788853613289,2.1,-117.95,0.085,1560.464102,5,-13.42,-0.9,False,False,False
0xa8751901fec2f037c75b86834813b27e776cd1e7,True,2000,1349,1003,346,74.4,1.22,282.54,53,1785570244194,1785625900571,0.6,-52.26,0.185,0.0,0,0.0,,False,False,False
0xa880d6cc607a05ea617307ab3b0d335e8d8424ee,True,2000,1301,716,585,55.0,1.36,73.79,12,1788856908225,1788861419053,0.1,11.06,0.15,114457.659527,11,-9.36,-0.0,False,True,False
0xa89548a7ee7b37720320c4b824f49b4b0a2c5b56,True,2000,1074,395,679,36.8,1.01,139.15,27,1737686838260,1787459459352,576.1,2044.64,14.693,0.0,0,0.0,,False,True,False
0xa8a6d30c4a13afd71a950e5662639990f3d875bf,True,2000,1014,702,312,69.2,0.81,-14587.49,16,1771968024269,1788766379617,194.4,-5980.18,0.41,12327.633062,2,-2810.51,-22.8,True,True,False
0xa8b6f804941730a391249b48dcfbf25192f6559e,True,2000,1003,468,535,46.7,1.89,1208.59,58,1767348462109,1772577689109,60.5,72.96,0.06,0.0,0,0.0,,False,False,False
0xa8d4377b6d1c6ae6f09571d94e7df6ddd6fd0172,True,2000,1013,790,223,78.0,1.1,3858.89,1,1779983311308,1787841761781,91.0,-4255.54,1.103,0.0,0,0.0,,False,True,False
0xa8f3405f88c8e2659a85161e9ebff4730c445774,True,920,421,289,132,68.6,0.17,-37723.0,12,1775618987454,1777978779696,27.3,-8803.94,0.233,0.0,0,0.0,,False,True,False
0xa9088d92c8095cb5c494d2b62859106d66aa2df4,True,925,502,122,380,24.3,0.44,-2386.82,2,1781419805662,1785072058323,42.3,-411.44,0.172,0.0,0,0.0,,False,False,False
0xa91adaa1ffa93af806334b5b202a7090ea16a1e0,True,495,275,149,126,54.2,0.68,-4270.39,7,1783355585514,1788838857660,63.5,-3323.97,0.778,2159.883092,2,-2203.3,-102.0,True,True,False
0xa929e861aed499db7916c5082ce291c1fa131884,True,1417,544,171,373,31.4,0.54,-18979.87,19,1729162398282,1784614838341,641.8,-7799.18,0.411,0.0,0,0.0,,False,True,False
0xa958b707a457d149cea979e5988f9f90a2d78e39,True,2000,721,350,371,48.5,1.57,1853.93,1,1780554640322,1780561719922,0.1,-321.53,0.173,0.0,0,0.0,,False,False,False
0xa9703b4bd8469935bb5ddbd353ef9e76c4d4657d,True,1932,920,435,485,47.3,1.15,1406.6,27,1745908541325,1787372345086,479.9,-1003.71,0.714,0.0,0,0.0,,False,True,False
0xa98a2559117ae0fddb3a110b209c4a60271dc75d,True,1688,781,597,184,76.4,0.88,-2948.99,5,1760179768403,1782569597640,259.1,-3480.55,1.18,0.0,0,0.0,,False,True,False
0xa99bde7a7750d0964e90812c123a38c2f8980780,True,2000,879,180,699,20.5,0.6,-5315.89,4,1787579725179,1788460823522,10.2,1125.81,0.212,0.0,0,0.0,,False,False,False
0xa9b2ae02cdb81465a1eebac6ce34172b9abb0ff9,True,2000,886,322,564,36.3,0.75,-2250.3,10,1776374519077,1784473408074,93.7,341.61,0.152,0.0,0,0.0,,False,True,False
0xa9caa46d4c87b4a60d45959671076957ec4b6efc,True,1784,790,309,481,39.1,0.27,-42504.95,6,1779520073186,1788132574238,99.7,-2702.72,0.064,0.0,0,0.0,,False,True,False
0xa9e485f2f55aeb996bd9358e5621e6d72aa43d78,True,572,312,172,140,55.1,1.03,542.66,28,1768536687547,1784150582627,180.7,4201.46,7.742,0.0,0,0.0,,False,True,False
0xaa0ab46bf816f4f3d54f593c910f7013ede964ee,True,1526,767,335,432,43.7,1.0,-32.2,44,1746576547474,1788461933635,484.8,-286.85,8.908,3608.308807,3,235.24,6.5,False,True,False
0xaa23550773de942c546b3f29e7df60d8a9d85820,True,2000,1739,1561,178,89.8,5.02,151762.63,12,1785699050633,1787695951693,23.1,11496.73,0.076,0.0,0,0.0,,False,True,False
0xaa40dadd5b5488bf312ef50e58f08c47b935c316,True,2000,1553,1113,440,71.7,1.66,8140.16,7,1775217757771,1788207432428,150.3,-201.97,0.025,0.0,0,0.0,,False,False,False
0xaa534d9ecc2e909351341d1824a46d518c1fcbc5,True,1858,843,270,573,32.0,0.64,-20949.9,5,1781029498854,1788786629342,89.8,11578.83,0.553,0.0,0,0.0,,False,False,False
0xaa6171a2cfca5af6324a784726808baf2f351fff,True,251,111,49,62,44.1,1.16,779.48,8,1769890683919,1786991446846,197.9,-3006.21,3.857,2287.724407,1,-1782.18,-77.9,True,True,False
0xaa7577a7a27aa7fcf6d0ec481b87df3ad0f6a88e,True,2000,1108,200,908,18.1,0.44,-133726.38,1,1784813688497,1785510136198,8.1,-6701.4,0.05,0.0,0,0.0,,False,False,False
0xaa8940bacb26e5e9754e2d12a6a9cec8ac76a034,True,2000,963,352,611,36.6,0.95,-633.71,22,1771950479415,1788453048888,191.0,1140.7,1.8,0.0,0,0.0,,False,False,False
0xaa999a9503c4e5b44860dc82bc2adf36f02bce39,True,567,292,205,87,70.2,9.86,23570.67,25,1758807508036,1788247000705,340.7,5358.05,0.227,0.0,0,0.0,,False,False,False
0xaaa8779dd34897835ce94bd4ebe3afbaf4cbd678,True,1723,719,383,336,53.3,2.04,13990.45,41,1784052124308,1788852974101,55.6,7293.62,0.521,10123.817221,2,2714.17,26.8,False,True,False
0xaac091f502a773498fb9336f41500fd13098245b,True,2000,1123,990,133,88.2,69.49,1792597.53,5,1784216509476,1788798625964,53.0,93066.0,0.052,731465.21836,2,383163.12,52.4,False,True,False
0xaaddae47ea8a1d092dba56f170be593f3c7097ce,True,1244,617,247,370,40.0,0.78,-3452.07,6,1779574283498,1787531910019,92.1,-1607.36,0.466,0.0,0,0.0,,False,False,False
0xaaff3f1033890cfc94415b140de2a69699991ee6,True,823,412,308,104,74.8,7.68,35209.77,6,1778764754220,1787103215713,96.5,3360.0,0.095,0.0,0,0.0,,False,True,True
0xab0d6eb6f2057d4f470bba555fd2b11be4e2c3e0,True,1956,675,470,205,69.6,0.81,-4830.75,4,1774134035480,1788462246250,165.8,-9909.76,2.051,0.0,0,0.0,,False,True,False
0xab24c3abd0673202dcb33c69c2edfefa2a199710,True,2000,892,631,261,70.7,5.0,8005.53,49,1785528878916,1788845032165,38.4,1586.82,0.198,22935.436715,2,16.08,0.1,False,True,False
0xab3e18f8638dce7839aa46f6d7dc93297e5c5f03,True,2000,614,478,136,77.9,0.82,-6056.02,19,1756014501141,1783829835765,321.9,-3631.07,0.6,0.0,0,0.0,,False,True,False
0xab59fb979ae9042ae23bfbe5bd1eb89b7f5659b5,True,2000,866,866,0,100.0,inf,59081.54,9,1788728545244,1788842256663,1.3,3483.5,0.059,147372.500237,3,58842.18,39.9,False,True,False
0xab71d5a3323f5229766b137da990445dce8c7ff4,True,701,102,98,4,96.1,1010.17,33292.59,6,1760821765710,1788301159802,318.0,3201.03,0.096,30978.679845,3,4229.78,13.7,False,False,False
0xab7fd77b6cb05558190f039d9c70c6104a988cde,True,2000,685,223,462,32.6,0.62,-5578.46,8,1783173740351,1785163488682,23.0,1303.5,0.234,0.0,0,0.0,,False,False,False
0xab9819ff18746f831182af80d40c43de5e5298f6,True,1859,854,498,356,58.3,1.51,24146.34,2,1770678978996,1777639869960,80.6,-2791.23,0.116,0.0,0,0.0,,False,False,False
0xabd9e2ad001cfdcc562f61194197982ec6ebd292,True,921,476,311,165,65.3,0.72,-3107.97,12,1767319516581,1776804686181,109.8,1100.0,0.354,2.630014,0,0.0,0.0,False,True,False
0xabf080228d0253f949aaa453296798d43abfff33,True,2000,902,530,372,58.8,2.09,35753.54,41,1753540568132,1788825600043,408.4,4569.59,0.128,13851.552738,7,-11732.02,-84.7,True,True,True
0xabff835c1c68a776ee502df6b2136315e9a985ee,True,1106,423,234,189,55.3,0.44,-10021.0,3,1787541388153,1788525102409,11.4,-1796.38,0.179,0.0,0,0.0,,False,True,False
0xac19703271d8ac125620bda0c77ec680692f3dda,True,2000,912,452,460,49.6,0.82,-3100.98,26,1739548504588,1788832743487,570.4,-2272.14,0.733,5553.519608,4,-63.11,-1.1,False,True,False
0xac27d1d01d1c2e29c8b567860c3f38123a4a9fea,True,1016,132,56,76,42.4,5.52,15063.31,10,1749647068398,1781393119532,367.4,17975.56,1.193,12434.293932,1,-48025.1,-386.2,True,True,True
0xac43acc4f2a5bc405ec61d3a0ad7eb9d57f8dba3,True,2000,998,371,627,37.2,0.99,-16.5,52,1785400966909,1788859086675,40.0,105.23,6.376,31326.679532,50,2735.26,8.7,False,False,False
0xac64598f1b7748542bafd6cee762d2d8f0f4a637,True,2000,633,405,228,64.0,0.12,-128288.14,7,1784221210605,1788221741075,46.3,-13142.08,0.102,0.0,0,0.0,,False,True,False
0xac73e6fa74a0560469018ad0a934733565407825,True,2000,986,734,252,74.4,1.35,8891.91,1,1772163001011,1788773401422,192.3,-4575.1,0.515,0.0,0,0.0,,False,False,False
0xac8145cb77fbf932dda945a7a248cfd815f3a322,True,2000,855,249,606,29.1,0.57,-9562.17,26,1782506858826,1788861248810,73.5,-9358.0,0.979,5723.217873,1,2193.62,38.3,False,True,False
0xac9046e3ca060c8632d2f5bd253473014cd54728,True,1962,1285,765,520,59.5,0.15,-29657.82,14,1758486168861,1777797111953,223.5,-6698.97,0.226,0.0,0,0.0,,False,False,False
0xaca41c192ecb00593d80fb4fac410b5e9e37de27,True,2000,941,206,735,21.9,0.55,-4377.09,4,1780729879658,1787522280878,78.6,958.77,0.219,0.0,0,0.0,,False,True,False
0xacb69e29be8ec890fe0a69fe936d1ff04ee9357c,True,1872,963,448,515,46.5,1.25,4890.66,23,1762617582895,1784017615942,247.7,1627.71,0.333,0.0,0,0.0,,False,True,False
0xacca288df614bfeafd5caac5e1c641be9b7e7565,True,1028,437,190,247,43.5,0.54,-16015.39,15,1752293877316,1788119478188,414.6,-1819.31,0.114,24539.13315,1,-140.95,-0.6,False,False,False
0xacf38fc1301382b2d462bf4855abe80552923a7e,True,2000,818,282,536,34.5,1.2,152.05,81,1788713597908,1788861674942,1.7,262.92,1.729,81644.734988,106,1121.7,1.4,False,False,False
0xad015e1ce9b7e0cdb983746797f2ec506038fb6f,True,831,409,201,208,49.1,2.81,9309.14,8,1772619988399,1788396617138,182.6,1297.96,0.139,0.0,0,0.0,,False,False,False
0xad14de4dffd488540f422db0d5acdeec992984d3,True,370,185,138,47,74.6,1.42,4363.19,1,1770349572556,1787303033828,196.2,-2938.54,0.673,1992.130186,0,0.0,0.0,False,True,False
0xad29649f31ddcb99a88502c09d0c973942b02eac,True,2000,903,442,461,48.9,0.32,-63891.16,20,1778157509495,1780533905117,27.5,-4925.11,0.077,0.0,0,0.0,,False,False,False
0xad4b0552b06683bd13a5770aa872e9dd35795511,True,2000,991,530,461,53.5,1.82,5148.22,6,1788479560455,1788794794551,3.6,946.3,0.184,0.0,0,0.0,,False,False,False
0xad55e18df42de0bd43a7e7199a64c4414f0fc686,True,369,185,67,118,36.2,0.26,-16365.75,9,1757215988747,1787367474993,349.0,-9677.74,0.591,16813.956704,1,-10608.62,-63.1,True,True,False
0xad65145abb20877b4b6f27813a43e3971f614667,True,309,130,85,45,65.4,2.19,5275.1,7,1774760237519,1788850826963,163.1,5097.71,0.966,243.377096,1,-6.19,-2.5,False,True,False
0xad77adb339736e72d42ec3e9684989036d655120,True,2000,994,478,516,48.1,1.21,1160.39,34,1768122118796,1788822247947,239.6,282.88,0.244,2674.215935,1,399.4,14.9,False,True,False
0xad921b641de525c3d129b39feb0cd2513e09f817,True,2000,1347,588,759,43.7,1.52,3364.0,22,1785418887339,1788849243315,39.7,293.88,0.087,0.0,0,0.0,,False,False,False
0xadb24011626c92caa64c33be70e03f0367a03528,True,2000,1048,504,544,48.1,0.74,-347.2,5,1786671561036,1788318008764,19.1,-54.3,0.156,0.0,0,0.0,,False,False,False
0xadc9cf23f55c6221a05a8150e5768d7c3289562f,True,2000,831,465,366,56.0,1.04,638.17,1,1788441765168,1788861372201,4.9,833.54,1.306,323494.923531,1,1.57,0.0,False,True,False
0xaddec4320b64fcedbe87c0a12830029dcf6040a4,True,2000,895,677,218,75.6,4.22,53033.55,4,1764033299903,1787153260600,267.6,3539.93,0.067,12192.804158,1,-19408.0,-159.2,True,True,False
0xadf41a2ea519cf4dbbb4d2ed33a3ce42874de80e,True,2000,1118,522,596,46.7,1.39,73276.23,25,1755176720707,1784272889596,336.8,-15134.61,0.207,0.0,0,0.0,,False,True,False
0xadffe291fe7fb3f7b9e4ae0b0daa5edbd2401500,True,606,206,87,119,42.2,0.52,-2156.59,54,1722593047139,1788761335013,765.8,-2280.78,1.058,2409.106941,1,-174.62,-7.2,True,True,False
0xae0eb3e839c20c5d63aa2b5815767cfa8f20c5c8,True,2000,1044,376,668,36.0,0.58,-19060.36,23,1769865579625,1785191069460,177.4,2339.77,0.123,0.0,0,0.0,,False,False,False
0xae26526298ebc90b2719dbb4d7784b2295d410e9,True,2000,961,224,737,23.3,0.65,-8516.82,27,1752605482690,1783896773805,362.2,-1364.97,0.16,0.0,0,0.0,,False,False,False
0xae332e9d33af93c0ee8362f61a8a5aa378bfd508,True,2000,850,587,263,69.1,14.1,105806.49,9,1787064792444,1788859998236,20.8,3843.22,0.036,43363.676327,1,-11527.69,-26.6,True,False,False
0xae58db322be15464c1831b29540e42264cff2b23,True,2000,1702,1665,37,97.8,826.72,147703.89,7,1782325134128,1782964379188,7.4,3363.6,0.023,34428.567267,9,21927.88,63.7,False,False,False
0xae6fd8ae4b774e57120813634ffe08d23f137c67,True,2000,1009,576,433,57.1,0.26,-14467.43,22,1757535476829,1788533417356,358.8,-696.26,0.048,471.773801,9,-445.45,-94.4,True,True,False
0xae84abe9b3e4e734021c1691247c9a9e38b48804,True,823,455,377,78,82.9,126.71,18071.23,5,1779721239685,1785660017180,68.7,2249.11,0.124,0.0,0,0.0,,False,False,False
0xae9ccf0a21be9c840e1fb74637442d7d6a36683f,True,221,221,164,57,74.2,6089.53,30418.98,3,1785116688835,1788153587570,35.1,5297.75,0.174,0.0,0,0.0,,False,False,False
0xaeaab54bbf65bfd6efed7d2eb68372298e3c2416,True,2000,963,0,963,0.0,0.0,-124315.17,6,1787666033209,1788711960082,12.1,-9540.21,0.077,1169998.362944,1,2090002.71,178.6,False,False,False
0xaec3ca59a62994e3c09a31e8e094a3f2b6fe349d,True,2000,857,349,508,40.7,0.41,-22129.72,12,1769092521626,1788132574955,220.4,-2253.97,0.102,0.0,0,0.0,,False,True,False
0xaeccb6a5c07f988f085f37c2d73a1c152c3edce0,True,2000,1046,286,760,27.3,0.69,-5799.53,19,1770465859044,1783918646449,155.7,-934.98,0.161,219.713509,1,-316.39,-144.0,True,True,False
0xaedf0f57afca7bc2e3da5a8399fec7ed4bd3da92,True,1457,610,294,316,48.2,1.62,8592.5,13,1741118884779,1788504004722,548.4,3849.16,0.448,0.0,0,0.0,,False,True,False
0xaefd9742b65bff9c912059be92adb002537a37d6,True,2000,962,643,319,66.8,1.73,19040.53,23,1760341608380,1788467453881,325.5,2845.6,0.149,0.0,0,0.0,,False,True,False
0xaf1bd840d6c1da1f4300e144f4b55f8f71b5d173,True,775,305,155,150,50.8,0.61,-8894.53,9,1756257589541,1788826421327,377.0,-2867.02,0.322,6.88801,4,-1.42,-20.6,True,False,False
0xaf308d1df7463866b53a6904faee21c3b4b77d0e,True,511,223,172,51,77.1,7.43,23526.18,7,1780683249234,1788569297656,91.3,2659.88,0.113,28950.519214,1,-1032.93,-3.6,False,True,False
0xaf3ff775cb01be3a1d63fc41137885ad5a3a9aa6,True,2000,976,120,856,12.3,0.02,-176443.15,12,1769599261693,1788307200047,216.5,-8687.46,0.049,0.0,0,0.0,,False,True,False
0xaf4e0c0cd005eb75456d101146d2d29711bfe22c,True,909,459,236,223,51.4,0.87,-2939.12,13,1761410321550,1788706819186,315.9,-7576.46,2.578,0.0,0,0.0,,False,True,False
0xaf60693f4dc355aad24e254ed3184e7add9342ab,True,2000,901,454,447,50.4,1.84,20083.53,5,1787850826291,1788674162874,9.5,2930.89,0.146,0.0,0,0.0,,False,True,False
0xaf763e969fb82cb7df7628409c18818668db3969,True,1593,631,173,458,27.4,0.73,-6433.16,20,1772048860344,1788796442803,193.8,-1714.75,0.267,0.0,0,0.0,,False,True,False
0xaf907c243f35fe015a5c2ede838ffffedd7fac21,True,1153,626,479,147,76.5,0.92,-2410.88,63,1709372770086,1788652168112,917.6,-8330.88,3.456,24204.596986,3,2440.79,10.1,False,True,True
0xafa0b1fef0259c97416dade2346feb7169f6e336,True,2000,961,321,640,33.4,4.02,144731.81,2,1753810807732,1781681831495,322.6,34332.66,0.237,0.0,0,0.0,,False,False,False
0xafb020f74f3bb877f5b1072a506ed365aa8edf7f,True,2000,860,454,406,52.8,0.54,-31470.47,4,1775899124474,1784901698890,104.2,-4728.39,0.15,0.0,0,0.0,,False,False,False
0xafcc19396643563d0e0b21f86444668ba39dd2c6,True,1541,767,631,136,82.3,15.23,210221.89,9,1743743633624,1788795815662,521.4,24169.96,0.115,0.0,0,0.0,,False,True,False
0xafe52e764a7997670deccffe056312781dd5925f,True,2000,689,689,0,100.0,inf,558.74,5,1773413410638,1788860041244,178.8,266.46,0.477,6944.298,2,0.06,0.0,False,True,False
0xaffc1fdf55f06f6f8b7dc15472ab359e2e43e932,True,1010,441,352,89,79.8,4.94,1403.63,87,1769111263741,1788636266206,226.0,80.79,0.058,2716.854189,3,-797.08,-29.3,True,True,True
0xb011f0a9c9bdecd921b90e906113e171ddacccce,True,2000,1001,557,444,55.6,0.68,-6299.94,23,1782243020009,1788857095226,76.6,-1158.52,0.184,13648.823102,2,-4460.22,-32.7,True,True,False
0xb03563f4d51184816e2ae8415ba08a227cb09646,True,2000,938,782,156,83.4,0.88,-10656.06,14,1776827262932,1780617600043,43.9,-7009.21,0.658,0.0,0,0.0,,False,True,False
0xb04ff708ed602b11f49a12c5b4314e0a4fc8e803,True,2000,825,239,586,29.0,0.46,-13313.67,4,1784707564355,1788575291261,44.8,2155.85,0.162,0.0,0,0.0,,False,True,False
0xb062bf7519c78f61c0caad6e4248f924d7b55882,True,2000,871,626,245,71.9,4.57,13924.64,12,1787747870981,1788852571317,12.8,1478.26,0.106,0.0,0,0.0,,False,False,False
0xb073b9ffab32a5148dce6a2444f815959cd5d281,True,2000,1008,752,256,74.6,4.27,66461.56,61,1763537239016,1788785372501,292.2,8502.78,0.128,18445.826657,83,-31443.33,-170.5,True,True,False
0xb08f5c7bff7eb89faa6ee021b6e331ff5f629639,True,1243,553,217,336,39.2,1.47,2144.63,13,1733083339740,1788288193306,638.9,-866.1,0.404,371.018326,1,324.97,87.6,False,True,False
0xb09fd1865e1ece9a52bcf3915b73c7c7b81822bb,True,2000,990,719,271,72.6,0.62,-13356.74,3,1784324522133,1788793267315,51.7,-4347.6,0.325,0.0,0,0.0,,False,True,False
0xb0b645d07d0c467ac922eefe38892fc84763f802,True,2000,966,339,627,35.1,0.67,-7888.03,14,1770142903688,1787875200079,205.2,-3600.92,0.457,0.0,0,0.0,,False,False,False
0xb0d33652dd4e2148385cf553ea60e0a2c9c71961,True,1240,593,119,474,20.1,0.13,-341265.47,1,1780820405641,1780893742418,0.8,-29783.65,0.087,0.0,0,0.0,,False,False,False
0xb0f094c9e85a0ee7b89214a3a67efbc131022cc0,True,2000,1457,915,542,62.8,0.87,-18690.7,12,1770149697705,1788526594556,212.7,9897.18,0.53,0.0,0,0.0,,False,True,False
0xb1007db8acad5f8e278786cbc1072c9705a7c4f0,True,2000,989,396,593,40.0,0.92,-1086.82,14,1776869796390,1780624900998,43.5,893.11,0.822,0.0,0,0.0,,False,False,False
0xb118edbadd9602f50180cd656e9b6eaf750db320,True,505,255,117,138,45.9,1.14,587.81,5,1787783812252,1788854532870,12.4,823.15,1.4,0.0,0,0.0,,False,False,False
0xb12740f47f6579c32412cff7114fc91e56843972,True,2000,1013,684,329,67.5,0.58,-7257.75,1,1775655487427,1778672853283,34.9,-2621.5,0.361,0.0,0,0.0,,False,True,False
0xb14925c2a470a2410a30f4a052a16700f0c167d8,True,2000,1107,874,233,79.0,1.5,14377.9,88,1733944034287,1788834906857,635.3,-6162.56,0.429,0.0,0,0.0,,False,True,False
0xb1688bcae7de088fe9f2ef1d1f79e681fc0443ed,True,2000,988,677,311,68.5,0.53,-13137.5,2,1775684740470,1775807887804,1.4,-1707.98,0.13,111.055592,0,0.0,0.0,False,False,False
0xb18071e9311439ce2f24a54f51ccfc66925ad512,True,2000,894,584,310,65.3,4.52,23425.42,54,1785567280402,1788856373208,38.1,962.68,0.041,4012.238253,5,-2491.57,-62.1,True,True,False
0xb1938b1d1d220e7b5f81a711f4bfbb80972f8038,True,2000,1087,847,240,77.9,2.11,39189.75,12,1772547795372,1788446406051,184.0,-7869.0,0.201,0.0,0,0.0,,False,True,False
0xb1b5db6de1c9d7597d10776b6090967e3dc5595f,True,2000,1152,601,551,52.2,2.04,2591.18,17,1787203224873,1788832560391,18.9,-346.85,0.134,0.0,0,0.0,,False,False,False
0xb1c7a9447c21cd36216c00ecefe76dab72f9888c,True,2000,1171,682,489,58.2,0.76,-11265.5,37,1779899724118,1788851170755,103.6,-2722.7,0.242,29794.83665,0,0.0,0.0,False,True,False
0xb1e3bd05552290e8122b77ee73d244f4bfaeb750,True,2000,1548,785,763,50.7,1.35,45247.19,39,1773781175128,1788836246649,174.2,6315.83,0.14,59379.294178,4,-15161.86,-25.5,True,True,False
0xb1f22874ab981549aadea6a703bfabc937c4b9da,True,730,404,234,170,57.9,0.83,-2162.4,4,1773225905357,1776636627128,39.5,-1393.44,0.644,0.0,0,0.0,,False,False,False
0xb2053ebe55ba49d13446977059ecb8472f5794d6,True,2000,357,355,2,99.4,2564.24,86.97,5,1782430213177,1784107077299,19.4,15.95,0.183,0.524153,0,0.0,0.0,False,True,False
0xb22924021b1e372df4f04ce62694f1cb2f5d67e4,True,417,276,58,218,21.0,0.35,-1908.25,6,1773865617076,1780913015313,81.6,-727.06,0.381,0.0,0,0.0,,False,True,False
0xb23a4c0917a5983eb80ca70e2839d744c1bc258f,True,2000,1038,481,557,46.3,1.38,1900.56,29,1750371531322,1786460179276,417.7,621.0,0.327,0.0,0,0.0,,False,True,False
0xb24a3bc55efed305e5f87ffd074c9224c0710dc9,True,640,229,195,34,85.2,1.93,5165.63,6,1782316295465,1784131984034,21.0,-1773.99,0.343,0.0,0,0.0,,False,False,False
0xb257ad2523986ce5958e8e45e4ce3b423af1d255,True,2000,1014,340,674,33.5,1.04,1346.51,1,1770051034600,1788456884610,213.0,-3245.58,2.41,0.0,0,0.0,,False,False,False
0xb26b4a4bba425ac28224cfdd45b4bd00c886cc33,True,2000,917,584,333,63.7,1.97,32507.47,21,1779651281855,1788819930083,106.1,8826.45,0.272,0.0,0,0.0,,False,True,False
0xb278a318af1628e1e020fde0ac5d06f49c41967c,True,2000,867,330,537,38.1,1.61,8566.18,33,1785267462550,1788834317519,41.3,3032.96,0.354,1540.246424,2,-111.27,-7.2,True,True,False
0xb2890ce7c4a3af1616c660c94b35a1bdb5c250d5,True,2000,933,410,523,43.9,1.31,6255.04,10,1760133129698,1782477630837,258.6,2154.41,0.344,0.0,0,0.0,,False,True,False
0xb2a4618e5d1458e60cc1d8d080d477db7552a612,True,2000,1028,514,514,50.0,0.45,-10368.8,41,1737644344763,1785512609105,554.0,-1818.75,0.175,0.0,0,0.0,,False,True,False
0xb2b1d1a7a034d9209a627e754ebb8d24988ca23a,True,2000,1018,359,659,35.3,0.74,-377.44,46,1788856811033,1788862255285,0.1,69.65,0.185,1048258.81022,55,561.56,0.1,False,False,False
0xb2cccb881fa9c8ff45dbd5ddc998cfb001ce459e,True,2000,1136,253,883,22.3,0.12,-45560.87,11,1787747876778,1788857667853,12.8,-3100.4,0.068,0.0,0,0.0,,False,False,False
0xb2ddc6a2f3a5ded51e1c9aad1a4487a2d58a4645,True,767,389,214,175,55.0,1.68,8444.1,10,1755062329281,1787183581378,371.8,-2414.8,0.286,0.0,0,0.0,,False,True,False
0xb2fc63033fc0c2282978d024513b277563462573,True,1061,576,326,250,56.6,1.1,1296.14,18,1778137945031,1788738392523,122.7,1304.97,1.007,296.651506,1,139.77,47.1,False,True,False
0xb30fad8d46fc97f334c0fbfe803a0e04deba633b,True,1219,665,194,471,29.2,0.48,-539.67,36,1787828547225,1788687554480,9.9,-112.88,0.209,0.0,0,0.0,,False,False,False
0xb32790c25e240cda43ca63eea1ed6326a76ebb11,True,472,177,152,25,85.9,21.74,6411.74,27,1759335889718,1788787676579,340.9,576.26,0.09,5140.445256,2,-8521.07,-165.8,True,True,False
0xb34881438683e20891ae3ab66272ea93c353b3db,True,2000,1107,674,433,60.9,0.7,-4157.84,9,1776604880896,1788822574830,141.4,932.36,0.224,200.668795,3,15.96,8.0,False,True,False
0xb3670ff91f1bb4bf1d54d883a4d3a6acc7cc2226,True,2000,956,373,583,39.0,0.71,-4164.86,17,1758952850043,1774374807135,178.5,787.14,0.189,0.000876,0,0.0,0.0,False,True,False
0xb37f083bad343a76361cd8f39afe7ecd6a0a66ca,True,2000,1361,561,800,41.2,0.21,-99347.33,2,1787585895129,1788448953224,10.0,-5526.9,0.056,3301730.220605,1,2852973.89,86.4,False,False,False
0xb3914cddd33aea378439918792126c95c5ee009b,True,626,274,146,128,53.3,1.97,2380.85,15,1776193219086,1782259200059,70.2,408.33,0.172,0.0,0,0.0,,False,True,False
0xb3af88f40dcb2934a8ad026ee6084aea4628910a,True,2000,1547,963,584,62.2,0.66,-19963.9,21,1775505767435,1787682907868,140.9,-2725.4,0.137,0.0,0,0.0,,False,True,False
0xb3d4fdaa7d9eab92fa0a1fe58035af403635cb8f,True,2000,1023,546,477,53.4,1.21,2212.73,49,1787702713750,1788825914846,13.0,-647.53,0.293,58291.42313,45,556.2,1.0,False,False,False
0xb3f0d28e6dba5eb53e96fa639e4a4cf099524cf5,True,226,110,76,34,69.1,1.05,3.02,7,1777110939044,1786554204314,109.3,11.85,3.925,0.0,0,0.0,,False,True,False
0xb408c2d63f611c0d14e3a89eb38859aabb35048a,True,2000,1082,655,427,60.5,0.26,-129501.52,5,1778162432535,1780410116549,26.0,-24243.73,0.187,0.003777,0,0.0,0.0,False,True,False
0xb415feaea73a5e716622ac58b41887a00be4e069,True,2000,982,331,651,33.7,0.52,-19610.55,35,1768005216492,1786021778667,208.5,-1054.05,0.054,0.0,0,0.0,,False,True,False
0xb4356be946d8a2cfe1908fb76b97effcc82413ae,True,2000,922,184,738,20.0,0.96,-526.03,2,1779114647536,1780631974406,17.6,-1733.29,3.295,0.0,0,0.0,,False,True,False
0xb4597b7aeb95d798bb9edb6c73875b21b1a463c2,True,1641,891,443,448,49.7,0.42,-19111.7,6,1784895845863,1786662273335,20.4,-2601.2,0.136,0.0,0,0.0,,False,False,False
0xb47cecc65dabb418294fa2d70361a668d3492d72,True,250,128,52,76,40.6,3.81,4753.34,3,1778120074938,1780135179207,23.3,1598.05,0.336,0.0,0,0.0,,False,False,False
0xb495023d8eb9526d8ec346703f2cff12f2a6963d,True,1929,812,377,435,46.4,1.27,6266.58,19,1750351632532,1788345666653,439.7,3429.5,0.547,0.0,0,0.0,,False,True,False
0xb4af0632c4ef387025dbeb2cd5d5d143aa8d6bfd,True,457,208,82,126,39.4,1.03,366.66,6,1784036090503,1785357039721,15.3,2382.09,6.497,0.0,0,0.0,,False,False,False
0xb4caaff781251594911cc76aec61cef46ba00894,True,2000,1994,1994,0,100.0,inf,5782.61,1,1787915687107,1788718004706,9.3,40.35,0.007,0.0,0,0.0,,False,False,False
0xb4df30a0e9febaf135b4c6e959255fde0f62eb4b,True,200,81,54,27,66.7,2.7,7078.63,3,1734218065143,1787585291455,617.7,3736.9,0.528,16384.273388,2,1526.81,9.3,False,False,False
0xb4f35477dcf5b5056adcf0c0005ddc4f9e897af3,True,2000,1017,484,533,47.6,0.63,-10496.29,7,1781529906585,1787210955237,65.8,-1447.23,0.138,0.0,0,0.0,,False,True,False
0xb50b26255a6a5efa4ef75eb978a92639da185564,True,1733,902,629,273,69.7,3.29,20664.79,30,1734418569195,1788853155718,630.0,-1193.97,0.058,1998.69251,1,4.11,0.2,False,True,False
0xb51a9a44a8558c04ae821ea1088ab5857a4a7ca1,True,2000,811,438,373,54.0,0.7,-19498.2,19,1760133548212,1787146263740,312.6,-14514.98,0.744,2462.654936,2,1762.38,71.6,False,True,False
0xb53a3d7404cfd09e2c995a0c1006897beb9c13cd,True,2000,922,380,542,41.2,1.51,42541.4,10,1778976123361,1788708436316,112.6,-9941.63,0.234,50847.997839,3,-238.25,-0.5,False,False,False
0xb552648f037b4c60ba9c237bb503735aed0db94e,True,2000,921,198,723,21.5,0.38,-9745.13,14,1778760047783,1788194771667,109.2,1786.9,0.183,0.0,0,0.0,,False,False,False
0xb56f19e917546a60d658110a611cf62a6877b517,True,1091,274,216,58,78.8,1.74,12952.22,8,1782364639932,1788796717429,74.4,-8755.87,0.676,0.0,0,0.0,,False,False,False
0xb58e1eb8256689e47f589ba6f6a28657d997bf2f,True,2000,1529,121,1408,7.9,0.0,-992840.46,5,1782793613136,1785893847102,35.9,-18773.65,0.019,0.0,0,0.0,,False,False,False
0xb5a791d7665befb1f4656f0f8ac0dafb681ad894,True,2000,1163,627,536,53.9,1.17,1548.08,3,1776721288234,1782301778037,64.6,2060.62,1.331,0.0,0,0.0,,False,False,False
0xb5bdf97b0156f310f67300304565da2d7d2c0d98,True,343,131,74,57,56.5,0.72,-2927.4,3,1772661666718,1787154905411,167.7,-2771.51,0.947,0.0,0,0.0,,False,True,False
0xb5cb6491c30a2e95ddc3fe601851132d5e021bfe,True,2000,1121,504,617,45.0,0.38,-54276.27,1,1783653046605,1787578343567,45.4,-19510.76,0.359,0.0,0,0.0,,False,False,False
0xb5ed4580baa8724804e04616422772ccd4c862cf,True,2000,887,591,296,66.6,0.63,-29892.69,27,1778643019800,1786819178266,94.6,-15136.27,0.506,0.0,0,0.0,,False,True,False
0xb60f4fecfaa5d0a94ef206feabd2b4c067a4bea8,True,2000,978,431,547,44.1,1.06,652.43,34,1781794424142,1788801795549,81.1,1348.8,2.067,3805.101987,1,1130.68,29.7,False,True,False
0xb6256976d6898b3fffae5f02259b1c743f39e661,True,2000,1093,841,252,76.9,4.68,12761.12,26,1785966499749,1788860634234,33.5,1471.9,0.115,59402.385726,2,94591.22,159.2,False,False,False
0xb642d3b6e7511ad71a882c41a5f9c9dcf21f2765,True,2000,1031,668,363,64.8,0.66,-17417.76,13,1763727541651,1784215874718,237.1,-10694.92,0.614,0.0,0,0.0,,False,True,False
0xb654d988c4de9110a5d6fd45faed5b75d9d94b10,True,2000,963,357,606,37.1,0.96,-95.94,52,1785401332388,1788859981748,40.0,101.57,1.059,16240.321595,50,2918.21,18.0,False,False,False
0xb6637c4ad0e6fb5f522f34581cf5713cc47684c4,True,2000,927,626,301,67.5,0.5,-19433.0,15,1779628526982,1787820509680,94.8,-20281.58,1.044,0.0,0,0.0,,False,True,False
0xb676a78f19227ffe9a97db93263fce675e547dbf,True,2000,1301,434,867,33.4,1.47,13333.52,10,1788743571244,1788859948328,1.3,2174.95,0.163,194751.414683,4,12193.27,6.3,False,True,False
0xb68ca2300e842bb5d446e8a9e308f639018661b6,True,2000,1342,957,385,71.3,0.82,-60061.64,6,1779262054255,1781124459790,21.6,16736.89,0.279,0.0,0,0.0,,False,True,False
0xb69b847f5d8b56c8cdcde0de81ade697949ff19d,True,2000,913,330,583,36.1,0.68,-30254.17,23,1764627315807,1777814545246,152.6,11549.99,0.382,0.0,0,0.0,,False,False,False
0xb6b98b4e9a5d89e3463615f5d8fa38f353f2431c,True,2000,1037,488,549,47.1,1.24,959.51,55,1772952899994,1781828387504,102.7,104.1,0.108,0.0,0,0.0,,False,False,False
0xb6ca5d1ed0ca4bf8444c9dee2d068a9f4c5e2e92,True,2000,626,607,19,97.0,5.32,20994.23,3,1788477650139,1788836262515,4.2,-2603.24,0.124,84346.830032,1,12066.78,14.3,False,False,False
0xb6ebf9fdf3fb2f622a00b54946c71a90eb38a3c8,True,1233,628,281,347,44.7,1.09,559.93,8,1775502699886,1788412670436,149.4,1008.82,1.802,748.011701,0,0.0,0.0,False,False,False
0xb706a395531b1a521e994915df3a92b73236bc47,True,1233,460,235,225,51.1,1.0,-21.24,16,1752700151925,1788183265768,410.7,-3499.99,164.792,0.0,0,0.0,,False,True,False
0xb71dc027a2ca23620a9267bd3527e66a64bc68fb,True,2000,1211,372,839,30.7,0.64,-20451.35,12,1771343377264,1784678400025,154.3,6823.43,0.334,15185.579453,0,0.0,0.0,False,True,False
0xb7376454a288eb62dee9c06dc64c0044ee558395,True,2000,973,402,571,41.3,0.58,-24631.8,15,1779897961221,1788648231625,101.3,-7745.63,0.314,15296.78239,1,-1536.0,-10.0,True,True,False
0xb754789da1c796a07f4ed70cf9a1da197e5fa0fa,True,198,70,33,37,47.1,0.13,-12964.25,3,1782832908188,1787496274667,54.0,-13479.18,1.04,0.0,0,0.0,,False,True,False
0xb75bd41e29367360f14d7db4a54b1aa119af61d4,True,691,346,287,59,82.9,1.94,9404.97,10,1752512950921,1780012800066,318.3,-2057.62,0.219,0.0,0,0.0,,False,True,False
0xb771fd71a882f32ac889f1ac470f68dc0a28966d,True,2000,1032,319,713,30.9,1.12,948.0,5,1774524671379,1780068655373,64.2,-1418.64,1.496,0.0,0,0.0,,False,True,False
0xb78d97390a96a17fd2b58fedbeb3dd876c8f660a,True,2000,966,197,769,20.4,0.06,-342671.57,7,1762720451094,1781729995771,220.0,-50348.14,0.147,0.0,0,0.0,,False,True,False
0xb7a472377f8643cdb7b962421f0b71127e4051ca,True,347,216,169,47,78.2,1.41,744.44,9,1745433707973,1785960396019,469.1,-925.65,1.243,0.0,0,0.0,,False,False,False
0xb7c96a5daace848fc2e84b7bed84e5805e8d4d18,True,347,145,45,100,31.0,0.29,-11833.67,11,1734380388781,1788720261536,628.9,-3976.28,0.336,766.360976,1,104.79,13.7,False,True,False
0xb7dbcb88405517f71f9d37db0a9bf2d86b0972c5,True,2000,1173,656,517,55.9,0.79,-46316.16,7,1744348078985,1785215162890,473.0,19043.56,0.411,0.0,0,0.0,,False,True,False
0xb7e7d0fdeff5473ed6ef8d3a762d096a040dbb18,True,2000,986,376,610,38.1,1.28,1898.33,166,1788394664498,1788845774237,5.2,1604.45,0.845,109050.556272,127,2605.04,2.4,False,False,False
0xb8018955eea8d7e5b5e8872d0e03c5c9d176662a,True,770,313,124,189,39.6,0.73,-4598.51,8,1779165595512,1784223859662,58.5,-3525.39,0.767,0.0,0,0.0,,False,True,False
0xb81dc522592261fc1fb9faa5c5147e81a2eace82,True,2000,1146,489,657,42.7,1.76,16968.24,9,1767213115381,1788697775096,248.7,3674.56,0.217,29509.777204,1,1778.41,6.0,False,True,False
0xb83652316ecd7ae14202c18320df68a4575efea7,True,2000,1122,696,426,62.0,0.51,-31595.29,58,1753503352110,1788393600075,403.8,-3261.8,0.103,0.0,0,0.0,,False,True,False
0xb853d921062c83e79523dff1e3f0eec332e26934,True,2000,216,148,68,68.5,3.17,6251.49,17,1782394086478,1788849290395,74.7,836.15,0.134,5865.911657,8,-2340.69,-39.9,True,True,False
0xb860e73f8a2db38781de967763197ae858ba54f5,True,2000,962,506,456,52.6,0.7,-19896.24,17,1761738658105,1788307200047,307.5,-4997.15,0.251,0.0,0,0.0,,False,True,False
0xb86dad6ceedd625cb860e6762516f9647f2ef2f3,True,2000,621,135,486,21.7,0.0,-495598.86,4,1764076286255,1779335288991,176.6,-20910.2,0.042,940986.560563,1,-4838692.68,-514.2,True,True,False
0xb885ed57cd16985f347d26f13a79dc4abd2e3c54,True,2000,1514,1280,234,84.5,261.0,1327451.93,6,1779274778634,1787580669698,96.1,25998.31,0.02,398429.972307,2,-535181.6,-134.3,True,True,False
0xb897f7c719abba4a50c0104ecba7ab0fde9bd7a7,True,2000,947,431,516,45.5,0.92,-2036.95,37,1785095068878,1788830023034,43.2,-1136.79,0.558,9539.47579,10,170.36,1.8,False,True,False
0xb8b5021633e69b06d06bd9fca49d394a0f09f1a3,True,733,477,288,189,60.4,0.98,-574.92,8,1736846591729,1788791033076,601.2,3630.66,6.315,512.575,0,0.0,0.0,False,True,False
0xb8e0d1698c5eea6f2aa7b88eb64d78d824f81915,True,2000,970,240,730,24.7,0.45,-14879.54,7,1787246789927,1788356315715,12.8,-5568.45,0.374,0.0,0,0.0,,False,False,False
0xb8f563e3348ff51b32227f4cff56eed7020c6f6a,True,378,261,98,163,37.5,0.09,-6081.49,7,1781527113098,1788567321731,81.5,-635.5,0.104,0.0,0,0.0,,False,False,False
0xb9149106c190095f0e548ed3fc436b8684e77029,True,450,169,108,61,63.9,3.38,14424.31,2,1769023322074,1787822741138,217.6,2746.05,0.19,17688.221932,1,4311.82,24.4,False,True,False
0xb933f1fc57c041f40c3e7d574f9e20fadb18c282,True,1602,673,307,366,45.6,0.72,-3812.83,13,1734424691492,1788850185733,629.9,-924.29,0.242,706.840393,1,135.12,19.1,False,True,False
0xb942153256797c074d932c051594285ba2c171ad,True,421,127,104,23,81.9,0.12,-41868.02,8,1754491444321,1785313564630,356.7,-21621.88,0.516,0.0,0,0.0,,False,True,False
0xb954c52a70da982fd95cd50cab5e11edfa6ed30a,True,2000,1091,310,781,28.4,0.62,-8762.89,14,1783672450312,1786266038809,30.0,-2499.19,0.285,0.0,0,0.0,,False,False,False
0xb9790bdba8b4c1dc945ecb9eab44b19efd7ab8bf,True,921,515,252,263,48.9,0.66,-6443.36,20,1775737869174,1780442828379,54.5,-2126.67,0.33,0.0,0,0.0,,False,True,False
0xb98ec3a868b831c8c20dd93c1d180ba46fab90af,True,2000,1014,480,534,47.3,1.18,272.83,176,1786677724827,1788857311809,25.2,-433.68,1.59,1027.304807,7,13.39,1.3,False,True,False
0xb99b8711ec0117fc816fd7ac1f9d29e061ec631b,True,2000,1045,585,460,56.0,2.59,25193.89,12,1780925268596,1788201790613,84.2,-2989.51,0.119,52839.309793,1,19400.88,36.7,False,False,False
0xb9a92913214f43a1778c5d7c22e99a83aceec203,True,2000,840,310,530,36.9,0.9,-2789.49,8,1760885576123,1788296625882,317.3,1985.78,0.712,417.720764,2,242.48,58.0,False,True,False
0xb9bd56e87b2c9085568f1ae17b18b5b0afbec4a2,True,2000,1079,717,362,66.5,0.61,-34747.59,7,1781077685118,1788855140034,90.0,-7177.7,0.207,13777.404182,1,730.83,5.3,False,True,False
0xb9da98cae931ef5deacbadef63cb69223588f3a5,True,2000,1119,548,571,49.0,0.36,-33157.8,11,1787559592280,1788860351999,15.1,-6422.47,0.194,0.0,0,0.0,,False,False,False
0xb9fd50df817691a6b95ec260ba4de67537400986,True,473,241,140,101,58.1,3.52,16087.41,8,1775876566360,1780633938695,55.1,2965.23,0.184,0.0,0,0.0,,False,False,False
0xba0898f80da916730912bb2c2a18b8d76bc8985c,True,258,221,138,83,62.4,27.22,349173.34,10,1753062935909,1782934074230,345.7,25359.55,0.073,217237.969288,1,-10747.15,-4.9,False,True,False
0xba26f2b302a20ffb0bb81c820acb67e305fc4d04,True,2000,1295,574,721,44.3,1.85,8158.97,13,1753107601989,1785419832748,374.0,1303.33,0.16,0.0,0,0.0,,False,False,False
0xba2f7ce325ad75ee72587b408d27417b56cd143d,True,2000,936,492,444,52.6,1.02,368.78,21,1780570115077,1788858664585,95.9,-1415.67,3.839,4735.902972,1,366.92,7.7,False,True,False
0xba404c2d23830349a7dc5caa1bbab467945d7f55,True,2000,1243,407,836,32.7,0.73,-2996.17,41,1788091794397,1788854933137,8.8,-564.0,0.188,15678.637378,0,0.0,0.0,False,True,False
0xba4e063265b92a8a693ff984d8a642c1f63d4324,True,2000,180,110,70,61.1,0.1,-2533.32,6,1777948832302,1786435383564,98.2,-1434.53,0.566,0.0,0,0.0,,False,True,False
0xba5d9cc840745aeeeeedac5712e32f13ab8ea352,True,2000,7,0,7,0.0,0.0,-524.51,7,1788255717064,1788784256258,6.1,-336.87,0.642,2386262.259279,14,-592396.94,-24.8,True,False,False
0xba768d26e859fa0e5572a9bfa82bbc35ef0c9499,True,2000,911,466,445,51.2,0.6,-2043.26,21,1780505616424,1788836420807,96.4,-894.21,0.438,1334.772041,1,-7.07,-0.5,False,False,False
0xba9408c78053d8afc54d0088536aa039a89db71c,True,769,345,182,163,52.8,0.94,-713.51,9,1786386463676,1788862803911,28.7,-1546.05,2.167,1409.481755,1,-38.19,-2.7,False,True,False
0xbaa6f097a4f48398ca71a32f74e076fcea59fcbe,True,2000,944,403,541,42.7,1.8,27850.56,5,1748561905790,1776989209509,329.0,10203.45,0.366,0.0,0,0.0,,False,False,False
0xbab8f5173b453252efa73b28e0e619e689b07ba2,True,2000,923,270,653,29.3,1.29,3189.7,34,1781136032480,1788844935100,89.2,1269.76,0.398,3320.477492,2,1753.84,52.8,False,True,False
0xbac48231e71d5e24735d3cb6a26e597b13062979,True,2000,1284,1157,127,90.1,276.38,83260.71,4,1787452145290,1788606693415,13.4,1507.76,0.018,598405.355431,3,559503.7,93.5,False,True,False
0xbae5e1fd212efdfae8a9ff44d5667c95f10f7902,True,2000,2000,860,1140,43.0,0.54,-53209.04,23,1782750469083,1788717666238,69.1,3451.59,0.065,0.0,0,0.0,,False,True,False
0xbafd34a2eaa6e1919adf99ec3a3188f7d4f0bf02,True,2000,803,494,309,61.5,0.94,-947.0,19,1785823642109,1788485188477,30.8,2206.42,2.33,0.0,0,0.0,,False,True,False
0xbb10b9cae272b96483567686f21aa37b67ee5304,True,2000,963,769,194,79.9,1.57,35996.66,30,1780388302548,1788851859872,98.0,-14701.02,0.408,37422.22174,9,24757.31,66.2,False,True,False
0xbb20bd6ce6349cc95bc8d1518a6b8a675475027a,True,2000,733,307,426,41.9,0.21,-39223.51,3,1773611511840,1775240194767,18.9,-4790.99,0.122,0.0,0,0.0,,False,False,False
0xbb346264045097e4b94f8618f8c755befda067a8,True,2000,934,622,312,66.6,0.73,-10549.53,10,1782421527164,1786689284428,49.4,1911.76,0.181,0.0,0,0.0,,False,True,False
0xbb48841fc26d52b4ccabab9d1fe53cfda50462ee,True,2000,741,490,251,66.1,1.47,70295.9,6,1775688789789,1788836761589,152.2,-13567.59,0.193,76939.79373,3,14118.06,18.3,False,False,False
0xbb5cc243afd7cfb708e6bc7b2b0b70b902616ebb,True,579,212,197,15,92.9,10.74,31794.25,29,1734455084803,1787841420755,617.9,3893.0,0.122,7505.938227,1,-14504.4,-193.2,True,True,False
0xbb76ac041a2d1e58395a684b4e3e013481ae7198,True,2000,460,433,27,94.1,17.24,61029.42,14,1784900603294,1788855130722,45.8,2837.64,0.046,0.0,0,0.0,,False,True,False
0xbb97757984fa4408c13bd3b4a9189f520bf317d3,True,2000,610,14,596,2.3,0.03,-24789.51,9,1788498854340,1788808852168,3.6,-830.15,0.033,470547.158211,14,25097.6,5.3,False,False,False
0xbbb363a76e016b1e33b64a7dfb9f3d7c4c603355,True,2000,1132,575,557,50.8,0.11,-22356.33,2,1788234899045,1788485276497,2.9,-2051.81,0.092,0.0,0,0.0,,False,False,False
0xbbc79d7eb600eec7b443fc030bdbf7f7cc500895,True,2000,950,771,179,81.2,1.63,27318.32,22,1771829750943,1788796949522,196.4,-4204.52,0.154,0.0,0,0.0,,False,False,False
0xbbe4765b7c26de0071411ec314275675dc4ecfbf,True,1000,463,286,177,61.8,1.44,17453.06,2,1787320936062,1787666117295,4.0,17254.22,0.989,0.0,0,0.0,,False,False,False
0xbbf7fbc7fa97a88c83c1b8a825692f84ef9d4b13,True,2000,938,718,220,76.5,15.89,596466.16,10,1786116701233,1788826624137,31.4,38618.4,0.065,156177.984789,3,-40638.75,-26.0,True,True,False
0xbc0b3fc22e236ad83d50815dad85cf1d217d96f4,True,1637,773,572,201,74.0,0.92,-4079.24,15,1755430826256,1788008810539,377.1,-4020.59,0.986,0.0,0,0.0,,False,True,False
0xbc22224a0d607df332c60876771bd8fd304d558b,True,2000,1041,301,740,28.9,0.61,-7029.55,12,1760082688705,1788367826955,327.4,-2616.26,0.372,32914.444593,0,0.0,0.0,False,True,False
0xbc3135e64552c95d11b6cdf930d12608aa8b3cbe,True,2000,1188,716,472,60.3,1.86,22117.44,17,1787408132826,1788804975903,16.2,-1868.8,0.084,60155.263155,4,24984.76,41.5,False,False,False
0xbc442a8fb59f465d456d0bc95fdb14043f95d85e,True,2000,1146,578,568,50.4,0.8,-5449.04,3,1780997529225,1782344741167,15.6,-2051.22,0.376,0.0,0,0.0,,False,True,False
0xbc69c878f6e92075729ffa37f8ed88f4d6d589af,True,400,221,100,121,45.2,0.43,-5152.36,5,1783435978725,1788529993972,59.0,-1993.33,0.387,11701.327796,1,-5493.72,-46.9,True,True,False
0xbc8a4193f630a474e326fa953c3b7e0e54edeba5,True,1159,705,146,559,20.7,1.16,3516.85,2,1775507170924,1788809754710,154.0,6063.8,1.724,2376.07,1,101.4,4.3,False,True,False
0xbc9d3fc483e0ca754d4203817da544e7745151ed,True,2000,881,805,76,91.4,3.99,3389.56,94,1784385692654,1786649863343,26.2,-343.97,0.101,0.000687,0,0.0,0.0,False,True,False
0xbcafe180b74337f3859ead4a468747ebcb8d740f,True,1323,828,272,556,32.9,0.86,-4740.68,8,1785765721172,1787064316302,15.0,-7309.51,1.542,0.0,0,0.0,,False,True,False
0xbccd47f25685bb2333c9da2791ee5987ba5d6c61,True,2000,1038,739,299,71.2,2.08,36081.8,2,1774989639070,1780640667148,65.4,-2822.08,0.078,132318.082618,1,85557.78,64.7,False,True,False
0xbcdb8c807e0237a0e2682612f344efbc30b279c8,True,2000,777,273,504,35.1,0.6,-9892.31,13,1776086924334,1788486474239,143.5,1081.21,0.109,0.0,0,0.0,,False,False,False
0xbcee589607a521e904ec754ef6f07dd6dd72101c,True,1283,587,316,271,53.8,1.05,1883.14,11,1786713626316,1788851286706,24.7,-6660.8,3.537,0.0,0,0.0,,False,False,False
0xbd02216b47df36f055f1a9f11a55658b607456eb,True,2000,1041,645,396,62.0,1.04,1778.28,10,1759763172551,1788800353794,336.1,-8220.93,4.623,0.0,0,0.0,,False,True,False
0xbd17c36cd15ea943ac46c8a80706834559a42bec,True,246,116,57,59,49.1,87.86,26362.73,6,1737923733883,1780730846754,495.5,11648.71,0.442,0.0,0,0.0,,False,True,False
0xbd2d67376d2e9abb125a70e817896425f5f22289,True,2000,889,645,244,72.6,0.34,-57676.71,19,1763631345036,1788836739067,291.7,-5986.65,0.104,656.282105,1,9.45,1.4,False,True,False
0xbd43caabb85a43f92b467549e741dde79d690ea0,True,2000,983,298,685,30.3,0.32,-5002.01,19,1780169294797,1785588198592,62.7,-404.33,0.081,0.0,0,0.0,,False,True,False
0xbd697846b0911baeba002a56bdc16f1f332d45fb,True,2000,585,215,370,36.8,0.39,-23687.33,10,1788665758312,1788860388174,2.3,-4394.99,0.186,5642.084893,1,-105.77,-1.9,False,True,False
0xbd77fb32cef4be4d9b8be2caa25d9a94ff5bf525,True,2000,978,815,163,83.3,6.03,7786.33,134,1786397894702,1788852924528,28.4,469.97,0.06,19431.974489,53,-1213.3,-6.2,True,True,False
0xbd8ae4e5e2010a0cd9d185d174acc0af0602c9a4,True,2000,886,413,473,46.6,0.48,-14668.64,11,1770131156945,1783354490544,153.0,-3308.86,0.226,0.0,0,0.0,,False,True,False
0xbda5bce76bf62d97d9c9df0425cc10079df1ad75,True,2000,965,365,600,37.8,7.44,4642.4,7,1772987605546,1788133563371,175.3,3580.91,0.771,2019.99899,0,0.0,0.0,False,True,False
0xbdb5c9348041cdcb5f60ffc6c892ec1b82b51b16,True,2000,1004,469,535,46.7,0.89,-1520.93,4,1775738010042,1787172838508,132.3,-2396.67,1.576,0.0,0,0.0,,False,False,False
0xbddcfcdf13187e3858d39eb514d97c39c95fdb8b,True,2000,1087,463,624,42.6,0.77,-8835.55,12,1781516968030,1785990445467,51.8,-2403.2,0.272,0.0,0,0.0,,False,True,False
0xbdf72d6fdbafee480808bece34c46d581df64b97,True,2000,972,441,531,45.4,0.92,-19.61,121,1779573963691,1787839420302,95.7,-18.61,0.949,0.0,0,0.0,,False,True,False
0xbe13b6be9b328fccd55427669b98448e6ed656d8,True,2000,924,383,541,41.5,0.59,-34799.88,9,1759172676160,1788613521240,340.8,-6450.67,0.185,0.0,0,0.0,,False,False,False
0xbe1e9f1119e583c9547258eb7c7553219cf80875,True,1284,453,195,258,43.0,4.67,52872.29,13,1785799717413,1788834988960,35.1,9760.86,0.185,64503.449329,5,9481.15,14.7,False,False,False
0xbe37a23353fed6d28affa911bfc47d744ab41edc,True,882,335,98,237,29.3,0.42,-2613.63,9,1780275357657,1780654247493,4.4,-336.71,0.129,0.0,0,0.0,,False,True,False
0xbe504fbfc1ad30708a79f5821ed5ea6eef1a877b,True,2000,415,299,116,72.0,1.62,1587.27,41,1788184330273,1788853024783,7.7,620.7,0.391,0.0,0,0.0,,False,True,False
0xbe68ef894c4a081a4b4a99fe7059232deb64b96a,True,1305,570,353,217,61.9,0.39,-89571.36,20,1755876129366,1788833747665,381.5,-85834.05,0.958,0.0,0,0.0,,False,True,False
0xbe74e8e6fa8f47cf01d9a6c9f6cf4458720ffc33,True,2000,599,384,215,64.1,1.01,155.18,25,1767946909477,1788862558905,242.1,3853.34,24.831,12333.343394,10,2821.73,22.9,False,True,False
0xbe902a82c4dab53e918fb3148f02e6db11ffe987,True,2000,875,438,437,50.1,0.54,-73509.0,3,1777981268977,1788368875853,120.2,-19353.51,0.263,0.0,0,0.0,,False,True,False
0xbe9e9b88f78b6b35f0e3cde3ba5ffd4fb47e8ab4,True,197,92,51,41,55.4,25.68,25368.46,5,1765926024890,1786475795704,237.8,5547.79,0.219,22868.658513,3,-20311.73,-88.8,True,False,False
0xbeaa0a653c0d44b0aad06611ee14debf2d6b44be,True,506,279,88,191,31.5,0.7,-3074.83,7,1772223778757,1783156307620,126.5,-1811.22,0.589,0.0,0,0.0,,False,False,False
0xbec6330459d2b113942269492a00d254f4bd2bff,True,2000,948,280,668,29.5,1.91,11334.17,32,1785074860637,1788833883972,43.5,3775.26,0.333,16825.386365,2,1485.37,8.8,False,False,False
0xbee037290af86d7055b5a8253a2a96bbb85efa72,True,2000,839,533,306,63.5,1.15,360.0,16,1787885059237,1788861123303,11.3,-177.5,0.493,0.0,0,0.0,,False,False,False
0xbf016ccf042f6bba524b246f7d90aac0ac83a656,True,2000,1057,526,531,49.8,1.72,42313.69,23,1752120961006,1788720986424,423.6,4589.15,0.108,0.0,0,0.0,,False,True,False
0xbf22c08223fc187fa4dca5d4fef9360ce790b619,True,320,139,22,117,15.8,0.09,-39668.14,13,1774210918628,1782321641087,93.9,-16535.91,0.417,0.0,0,0.0,,False,True,False
0xbf44366e859ce0c4d1a89a340d49d23456664fca,True,2000,986,511,475,51.8,0.44,-76720.59,16,1778480304118,1785166828206,77.4,-18761.4,0.245,0.0,0,0.0,,False,True,False
0xbf5d0249bffde686626f4fef5bcdd6d116130bf9,True,2000,1014,358,656,35.3,0.84,-259.92,52,1784969243613,1788858969940,45.0,65.0,0.25,16270.752326,50,1811.69,11.1,False,False,False
0xbf7756b5b818b474b36d33493a729bccbe081673,True,2000,939,471,468,50.2,0.91,-4065.11,9,1780224351154,1786538589671,73.1,-4983.67,1.226,29.984529,1,19.61,65.4,False,True,False
0xbf9ef43940a81aa1ab6f80add708135bd4d93019,True,2000,874,719,155,82.3,1.89,12712.27,9,1787276160405,1788860833941,18.3,-3552.93,0.279,0.0,0,0.0,,False,True,False
0xbfb98495dd755ca2e45d0f41de6ddd645873f418,True,2000,1237,358,879,28.9,0.36,-28093.64,6,1771761596090,1787624272248,183.6,-14517.14,0.517,0.0,0,0.0,,False,True,False
0xbff0d753e759a98858f48beda5a4978b95dbc1a8,True,1874,909,536,373,59.0,1.42,12000.0,5,1765556106231,1776347780088,124.9,-2925.13,0.244,0.0,0,0.0,,False,False,False
0xc0045a47d21f650545bdd3e2e418861c43e4d385,True,2000,858,584,274,68.1,1.71,37649.45,18,1766773550708,1788793747589,254.9,4630.37,0.123,5973.269008,1,-5031.67,-84.2,True,True,False
0xc029043cd00b80363130fa058818459a521842a1,True,2000,1084,504,580,46.5,0.99,-1.41,1,1788849572409,1788863328867,0.2,9.51,6.768,4000.244997,1,-0.15,-0.0,False,True,False
0xc04451b848a142a26c420d542b259de5c334836c,True,2000,1146,291,855,25.4,0.21,-50774.27,12,1783366228234,1784682471724,15.2,-4223.98,0.083,0.0,0,0.0,,False,False,False
0xc05d54b994dfa041d3767cc138fee2a7e54b3516,True,2000,1232,981,251,79.6,2.16,14407.24,8,1787935148069,1788836379563,10.4,-1163.75,0.081,203375.836941,3,-12659.13,-6.2,True,False,False
0xc078ab571a5c58a5d3adb560fb94abc9da3dfd60,True,2000,946,402,544,42.5,0.4,-68604.95,1,1782753813832,1787210959439,51.6,-4688.57,0.068,0.0,0,0.0,,False,True,False
0xc08a5548eee4dcf1a6a831b9248f673a44e0f656,True,2000,933,459,474,49.2,0.65,-4158.81,36,1781259320649,1781799338199,6.3,-792.38,0.191,0.0,0,0.0,,False,True,False
0xc0a11c8a825f219ad4d465ad48c4bff7f75fc490,True,1059,562,515,47,91.6,10.93,28893.79,2,1781457580387,1788849506513,85.6,1267.9,0.044,0.0,0,0.0,,False,True,False
0xc0b59dba518bb4b5761f01556ecd40ee8c3b67fe,True,2000,1452,579,873,39.9,0.71,-104.86,5,1775129375256,1775315846313,2.2,-14.44,0.138,0.0,0,0.0,,False,True,False
0xc0c212f6463c6cf9d1f3cc0fb75e940c34b96fa9,True,2000,906,626,280,69.1,1.71,34325.96,26,1776582502264,1788713142737,140.4,-16319.05,0.475,0.0,0,0.0,,False,False,False
0xc0e1d24a2b8b767d6763a6241c85c92c93dbc1a0,True,2000,918,422,496,46.0,0.54,-52.62,1,1780157694248,1780176170503,0.2,-29.53,0.561,2.219122,0,0.0,0.0,False,False,False
0xc0f1a60e0ce0acd5588316aa2b01732b100df111,True,2000,822,809,13,98.4,54.74,98745.68,6,1781753831589,1784146607851,27.7,6364.6,0.064,0.0,0,0.0,,False,True,False
0xc10d09211e9d795b5c2697564cfc1d09905d3bcb,True,2000,740,487,253,65.8,1.33,2866.75,19,1787788432049,1788858178454,12.4,-1307.43,0.456,9468.678453,4,153.67,1.6,False,True,False
0xc127f42e74e15e561e9d1f42a3c0f0fd0e425e42,True,1128,468,306,162,65.4,0.75,-4195.73,11,1773062425437,1788849304620,182.7,-1906.87,0.454,0.0,0,0.0,,False,True,False
0xc1370d981365d39983792c0fe3b8a37417cbe399,True,1020,470,214,256,45.5,0.87,-7254.03,4,1780407401838,1780758365219,4.1,3670.69,0.506,0.0,0,0.0,,False,False,False
0xc154bc11d6dde5a45d529b9a4c95b0e7544b351f,True,2000,861,397,464,46.1,2.03,3327.3,24,1772678028607,1779408000060,77.9,1066.89,0.321,0.0,0,0.0,,False,False,False
0xc174ec23b7a9765871839cfa9c872123c9b794f2,True,2000,1076,653,423,60.7,0.37,-133636.18,16,1762806305110,1781654400032,218.1,-8954.93,0.067,35111.963176,1,-74205.03,-211.3,True,True,False
0xc1859db491742aa0cf0cc72275da5d7e86f5cd4e,True,2000,776,586,190,75.5,2.27,4725.14,5,1788637591405,1788852451216,2.5,-716.02,0.152,0.0,0,0.0,,False,False,False
0xc1914d36f97dc5557e4df26cbdab98e9c988ef37,True,2000,1577,791,786,50.2,2.13,3246.63,63,1788826118013,1788863322923,0.4,262.89,0.081,1365278.48655,47,95.72,0.0,False,True,False
0xc1cad6df277106222dd45cf5b0300fbd4d1193d5,True,571,299,190,109,63.5,1.47,7572.45,10,1755619521333,1787335632721,367.1,8325.63,1.099,4797.5,0,0.0,0.0,False,True,False
0xc1f8aa0d8832aaf9986673c2099d8fa0fab618db,True,2000,695,624,71,89.8,1.07,177.87,13,1775475363159,1788845196114,154.7,-423.08,2.379,3845.54508,1,-6619.0,-172.1,True,True,False
0xc20e318fe1830de929bb8ee57f6209a89f0ab00f,True,2000,1067,631,436,59.1,0.97,-3762.23,33,1735522424719,1787482953500,601.4,-5928.1,1.576,63561.816924,2,-8063.98,-12.7,True,True,True
0xc237d4991cb472d75a8702ed35f2ca9420315e88,True,2000,1038,417,621,40.2,0.8,-1312.8,11,1777767665042,1787320698292,110.6,-568.37,0.433,0.0,0,0.0,,False,False,False
0xc2476b7554efa984b296ecc9a0d4a16d3abe7213,True,707,288,209,79,72.6,1.15,8526.54,10,1749652448194,1786362549057,424.9,-7218.04,0.847,0.0,0,0.0,,False,True,False
0xc26cbb6483229e0d0f9a1cab675271eda535b8f4,True,2000,1151,1151,0,100.0,inf,193186.94,6,1787243105748,1788724734358,17.1,10358.96,0.054,3815016.577227,3,-395716.63,-10.4,True,True,False
0xc287afb662e5b145763026f728e050c06468003b,True,2000,1057,422,635,39.9,2.15,654.48,45,1779833647170,1788825600043,104.1,573.66,0.877,0.0,0,0.0,,False,True,False
0xc29a5c422270b3cd7289cec61981e06bffc0c67f,True,404,193,85,108,44.0,1.27,486.33,32,1762852956062,1788539466386,297.3,666.25,1.37,0.0,0,0.0,,False,True,False
0xc2b7ee14c73551f6d4ad50286aa373eb396f9730,True,2000,872,166,706,19.0,0.28,-74031.81,1,1780511316008,1780607535287,1.1,-9320.54,0.126,0.0,0,0.0,,False,False,False
0xc2d124a3532259915a36a5e1a63b34b36f022adf,True,2000,1001,387,614,38.7,1.06,782.38,11,1781291113198,1788795930822,86.9,927.28,1.185,0.0,0,0.0,,False,True,False
0xc2e33591b58d5789bddeea0d57af7f2fedabcecc,True,1172,580,286,294,49.3,0.68,-3506.38,6,1779827326542,1781000508229,13.6,-1202.32,0.343,0.0,0,0.0,,False,True,False
0xc2f7f282c9a8497326af5dba178b7ecb3eeee628,True,2000,575,120,455,20.9,0.43,-2591.94,34,1787779007209,1788860828728,12.5,243.45,0.094,3428.507226,21,1190.26,34.7,False,True,False
0xc3077830399c105b806060df791a65fea0c596b8,True,1205,632,238,394,37.7,0.77,-6014.13,4,1781292312739,1781880003942,6.8,-1545.87,0.257,0.0,0,0.0,,False,False,False
0xc312190f5360128329ae54c19a03f5d5f359014d,True,2000,904,260,644,28.8,0.67,-3252.63,50,1776874819926,1783214362185,73.4,-606.02,0.186,0.0,0,0.0,,False,False,False
0xc32c372b9db11398d1ed9226d0cf36c7c7a88de3,True,2000,1103,753,350,68.3,0.98,-290.87,26,1784582140378,1788756137002,48.3,-1348.28,4.635,7726.712633,7,331.05,4.3,False,True,False
0xc34f523d87646200c29972dce91efcd8e4a9bac8,True,1026,648,90,558,13.9,0.06,-58825.74,6,1773928066844,1788508431301,168.8,-2658.44,0.045,0.0,0,0.0,,False,False,False
0xc36ae41b0a5026d9d6dff462c263927b98cda847,True,636,293,135,158,46.1,0.61,-1762.23,9,1779629580180,1788702314149,105.0,-429.31,0.244,0.0,0,0.0,,False,False,False
0xc385c6b6c0a4e427fa4a48ee423ab3254415b24f,True,233,138,110,28,79.7,0.62,-2932.5,2,1774631135658,1786101138753,132.8,-1727.59,0.589,0.0,0,0.0,,False,False,False
0xc39a1ea75ef794e6c42bbd681b7ae846c04f63ad,True,115,23,5,18,21.7,3.32,510.36,13,1787618225919,1788739222000,13.0,495.49,0.971,12380.23863,10,-2514.24,-20.3,True,False,False
0xc3b0144378ef15c2fbd2c4089dfd76a65d4f8b60,True,1916,1066,650,416,61.0,0.95,-3233.35,17,1770322356808,1788528915905,210.7,3461.46,1.071,4548.62738,1,5287.47,116.2,False,True,False
0xc3c4434ce8d3a96dd8a8e7915b2a37af3cbd718e,True,2000,918,572,346,62.3,1.06,650.84,12,1782749843766,1788861585554,70.7,1112.84,1.71,0.0,0,0.0,,False,False,False
0xc3e9bb65aa77d3abef5478d7635a13df37dc2b58,True,2000,829,565,264,68.2,0.56,-19186.91,5,1776271679430,1787153278811,125.9,-7284.77,0.38,0.0,0,0.0,,False,True,False
0xc3ff20a75d873e2e9f1bfaca6617b68669645c31,True,2000,917,526,391,57.4,2.03,71208.53,10,1787644156666,1788857043274,14.0,29162.28,0.41,83433.078826,2,4422.73,5.3,False,False,False
0xc413440fef79a2b9ea58f3b9a970fc3baa9d846b,True,2000,1006,421,585,41.8,0.85,-2867.75,10,1757823891801,1780611815711,263.7,1326.71,0.463,0.0,0,0.0,,False,True,False
0xc43bbd40a1bf61e27315682b8e0bad6243a50708,True,2000,1007,559,448,55.5,1.75,8849.43,13,1761062818615,1787311914428,303.8,3470.62,0.392,14139.615186,0,0.0,0.0,False,True,False
0xc4544ce72bc90f2140d4ff1c157d2bc201d95a25,True,1589,1277,1216,61,95.2,3.19,15300.88,4,1779018930363,1779912318731,10.3,3266.17,0.213,0.0,0,0.0,,False,True,False
0xc473eeadb5c500b010f6f882f922a394af09302a,True,2000,1041,502,539,48.2,0.35,-16600.28,13,1786107244472,1788795838570,31.1,-2189.54,0.132,27015.017981,1,323.68,1.2,False,False,False
0xc482fa8d83960fdc6042146a114288d8d61b1205,True,2000,957,306,651,32.0,0.96,-2.29,38,1775674886840,1788855004045,152.5,1.01,0.441,2.700742,2,0.49,18.1,False,False,False
0xc49ec554731a81f4bf4f3504cfb1dd3c484ccf74,True,2000,732,15,717,2.0,0.01,-72192.78,13,1788578220733,1788855020614,3.2,-1836.51,0.025,172619.08414,7,-81403.14,-47.2,True,False,False
0xc4af13d8b3e720b9fd699e50aa187e79ae59fca8,True,751,537,226,311,42.1,1.31,4295.68,9,1778807551922,1780007986350,13.9,2442.7,0.569,0.007422,0,0.0,0.0,False,True,False
0xc4cdf08846d00daecc4725a4c63181d44b5e6546,True,365,176,91,85,51.7,0.37,-2657.2,5,1784439855317,1788520364421,47.2,-997.5,0.375,19779.056254,1,-30.74,-0.2,False,False,False
0xc4f1feb2b38c9c28bf2fb92c0b26f6f15019a74a,True,655,376,264,112,70.2,0.51,-33082.29,9,1745760863179,1786109964542,467.0,-12880.33,0.389,0.0,0,0.0,,False,True,False
0xc510a17202d9e5720d43d0306cccfa780163a7ae,True,2000,939,504,435,53.7,1.89,4733.93,15,1781755082024,1788737622728,80.8,507.88,0.107,0.0,0,0.0,,False,False,False
0xc5269b767d79129e9f11e55fa96f183d912586e5,True,1461,665,192,473,28.9,1.09,3030.43,22,1772466046451,1788788256074,188.9,9889.35,3.263,0.0,0,0.0,,False,True,False
0xc5373a19272b1e1df7f561bbd5399ece16abf15e,True,137,70,20,50,28.6,0.58,-442.67,8,1763999913484,1788357249510,281.9,-242.86,0.549,0.0,0,0.0,,False,True,False
0xc54dc46ee304ca73d685e78bde6718588d796bee,True,2000,1037,398,639,38.4,1.06,88.56,52,1784796447700,1788861999055,47.1,72.52,0.819,15305.209762,50,1109.92,7.3,False,False,False
0xc55f34dfe52212cf659e3e5cc7439e98f58c9720,True,2000,858,608,250,70.9,1.59,32140.79,21,1785339741032,1788843589471,40.6,5702.16,0.177,43923.625898,1,116.0,0.3,False,True,False
0xc56904419a350e6fe90819f7825f640f75b49537,True,2000,979,520,459,53.1,1.27,3430.08,60,1783928147120,1788842439743,56.9,508.58,0.148,1345.531727,2,15.5,1.2,False,False,False
0xc57471694cae1b160b2c38a867a870d1d8c664ec,True,2000,667,377,290,56.5,0.06,-42306.95,8,1785147355029,1787844200487,31.2,-13034.23,0.308,18735.343545,5,6669.21,35.6,False,True,False
0xc57eee13a99715c4381f675a39aa545ecd80c8f5,True,2000,924,406,518,43.9,0.39,-17346.89,27,1769976204389,1788813442153,218.0,-1835.41,0.106,86.762195,4,-1.55,-1.8,False,True,False
0xc593eff55725339bd9bdca2795732ff551c13639,True,2000,921,453,468,49.2,0.89,-2008.13,45,1770284076779,1783097923384,148.3,-2742.61,1.366,0.0,0,0.0,,False,True,False
0xc5afffbb7ec43da92bad958d6c43d8b3bc0b268a,True,2000,984,702,282,71.3,4.77,19545.94,12,1771077571902,1788856695694,205.8,-1528.15,0.078,2059.373873,1,-355.04,-17.2,True,True,False
0xc5c546e7e81bf64e31604ae3fd769e9dcec9226f,True,2000,824,474,350,57.5,4.65,23816.48,13,1763060427377,1788592810201,295.5,2090.06,0.088,28382.279682,1,1093.88,3.9,False,True,False
0xc5dbb64cafd4c1551885a7d9869706432a00f9cf,True,1802,862,266,596,30.9,0.34,-3037.52,30,1745094433807,1787516844440,491.0,-482.89,0.159,0.0,0,0.0,,False,False,False
0xc5ea2f344d5648d95e96e2b8c9e955e77e74099c,True,2000,822,281,541,34.2,0.56,-10046.92,12,1780421302015,1785505599567,58.8,1761.75,0.175,0.0,0,0.0,,False,True,False
0xc6063185d9afc1e9197a2ac4fb22051f05035010,True,2000,1185,786,399,66.3,1.23,2032.2,59,1769109977935,1787767188041,215.9,-565.82,0.278,20350.524848,0,0.0,0.0,False,False,False
0xc620c02f8ba7713790eae086b210ea91f886817b,True,2000,1433,1094,339,76.3,2.04,2765.98,16,1784092823912,1788811691718,54.6,669.15,0.242,0.0,0,0.0,,False,True,False
0xc63a0f0db2c9604283172e83bd035902e0f0a3cd,True,2000,1493,1493,0,100.0,inf,1249338.98,2,1787375461794,1787886028598,5.9,24598.18,0.02,6085043.49579,5,-208260.36,-3.4,False,False,False
0xc6513510bde1293910b9a6bb478dc006874fb627,True,1727,831,434,397,52.2,1.31,2782.53,28,1769388438977,1786204717674,194.6,1958.37,0.704,0.0,0,0.0,,False,False,False
0xc6698f97ca58b0f3edecd9a3aa75a3c43a734650,True,2000,853,360,493,42.2,1.36,7415.0,2,1787127422747,1788738392523,18.6,3645.69,0.492,10728.086576,1,2718.97,25.3,False,True,False
0xc6758a779bccee1ef0190dbe8292fdf44076795d,True,2000,370,370,0,100.0,inf,421064.62,7,1787415896674,1788713507299,15.0,34670.15,0.082,994515.302496,2,243562.19,24.5,False,True,False
0xc6964543e041f9c83e6f0056af017b20f4914e5e,True,2000,858,653,205,76.1,0.54,-144865.24,3,1776606627302,1788801446412,141.1,-45779.02,0.316,0.0,0,0.0,,False,True,False
0xc6a7757dfed3b596a5b5865d1dd92dff7f12d9ec,True,2000,870,663,207,76.2,4.79,225453.27,6,1782955282559,1788766877715,67.3,15504.0,0.069,46379.994034,1,-957.0,-2.1,False,True,False
0xc6c8164eb5455d93234e52758c204e2793fe7a7b,True,1197,468,180,288,38.5,2.2,6806.5,40,1747667749834,1787155439224,457.0,3194.6,0.469,0.0,0,0.0,,False,True,False
0xc6d63f5a481e549c5747abaa2586c1f254228fbc,True,2000,930,642,288,69.0,0.51,-11880.53,6,1784033286467,1784362928716,3.8,-1981.32,0.167,0.0,0,0.0,,False,True,False
0xc6f03df53a6882e67f375d1ea0173f68a39eeba6,True,915,416,250,166,60.1,1.18,829.62,1,1764646781970,1785019291202,235.8,578.53,0.697,0.0,0,0.0,,False,True,False
0xc7041ae8ff2edc2547013b17ec021f8142594b37,True,2000,1195,884,311,74.0,6.6,35606.64,1,1781826262860,1782480972159,7.6,392.41,0.011,0.0,0,0.0,,False,False,False
0xc71471353885567cef24b22ab804dccf7529798e,True,2000,1002,275,727,27.4,0.29,-31434.08,22,1778440602220,1788853760335,120.5,-4282.31,0.136,15477.864279,2,21493.02,138.9,False,False,False
0xc728ee02a8da9aeb74b264d877a143a1104c2eb8,True,50,16,8,8,50.0,1.46,64.12,2,1769709770230,1788288249344,215.0,101.64,1.585,0.0,0,0.0,,False,True,False
0xc73cf2c60d9f51934600729292801b03af70602f,True,1737,794,636,158,80.1,2.56,2825.83,57,1785620053393,1787933893878,26.8,-452.85,0.16,0.001398,0,0.0,0.0,False,False,False
0xc757065ae8cd8163b98382b4a3284b80aedff6cd,True,2000,1017,841,176,82.7,2.33,31159.9,7,1787042701946,1788735066532,19.6,7597.07,0.244,40240.468746,1,-6432.71,-16.0,True,False,False
0xc76e6fa4c3b2df8fac9c6e89a743df818a6c0e65,True,2000,979,330,649,33.7,0.65,-36076.35,8,1786479642687,1787883747663,16.3,-7965.32,0.221,0.0,0,0.0,,False,True,False
0xc780af743725e5dd9db24ec61ede8860bd6f049c,True,40,14,6,8,42.9,1.29,12.08,5,1756799033523,1784410628415,319.6,-29.78,2.466,0.0,0,0.0,,False,False,False
0xc79af9f4882e929397501e15fcfe2ffa91996641,True,1440,738,382,356,51.8,1.2,3229.29,23,1778267230098,1788543180073,118.9,1948.95,0.604,0.0,0,0.0,,False,False,False
0xc7abcfeaf42bd7afae393863f5e7fc470a662bf8,True,2000,1037,312,725,30.1,0.04,-99271.32,6,1783315766116,1788471321711,59.7,-25890.96,0.261,0.0,0,0.0,,False,False,False
0xc7b83e2bc1f8aa81b563af55d32c0f48508ad6d9,True,2000,1008,327,681,32.4,0.29,-985.88,18,1788699047096,1788863762912,1.9,-16.51,0.017,15764.695114,18,-11927.95,-75.7,True,True,False
0xc7d12d62bf59093ccc96443712bc17c0188c5870,True,2000,1038,407,631,39.2,0.99,-299.62,7,1783255114523,1787485162415,49.0,1903.82,6.354,1733.617039,1,463.99,26.8,False,True,False
0xc7e85b25f71a1cf9872c4c74efb6a79c814c72f1,True,2000,769,564,205,73.3,35.2,260337.96,3,1762438028986,1779263801408,194.7,19931.89,0.077,0.0,0,0.0,,False,True,False
0xc7f4e12b89d0f4240d9ac46c255725e6bbc883a9,True,222,142,82,60,57.7,1.24,1391.59,6,1757330279485,1787612465259,350.5,-2370.48,1.703,0.0,0,0.0,,False,False,False
0xc80437c8f1fdbbed0725d82c149e5c9a1b620e39,True,2000,649,393,256,60.6,1.72,605.34,63,1763496176515,1782453615143,219.4,159.15,0.263,0.0,0,0.0,,False,True,False
0xc8116a8778191e351067c64bc9b80196ad3cf6e0,True,2000,952,428,524,45.0,0.73,-10887.87,17,1786108724005,1788795634826,31.1,3846.08,0.353,34030.073207,2,-2448.31,-7.2,True,False,False
0xc8273d9f64e5e4ab8c62b6f55c3c0a07b6b2e991,True,734,360,13,347,3.6,0.01,-110128.69,7,1752760686185,1779612922951,310.8,-19541.36,0.177,0.0,0,0.0,,False,False,False
0xc83a7a26dd46dccf87e3f7ea18c2c967ba624731,True,2000,976,615,361,63.0,1.4,40391.62,5,1778118215741,1780156744331,23.6,-11278.77,0.279,0.0,0,0.0,,False,True,False
0xc84ae6777a43f0e6b676da8a22c8c0df3c5fc6ac,True,2000,678,245,433,36.1,0.51,-44609.1,3,1773904552916,1774517484854,7.1,-14655.13,0.329,0.0,0,0.0,,False,False,False
0xc86242898f4b63883f05628d8cf2c326071797b8,True,2000,1992,201,1791,10.1,0.45,-7368.93,106,1783121642186,1783277925871,1.8,-145.53,0.02,0.0,0,0.0,,False,False,False
0xc87edc449d9120cc3059890cb7e71b1d3771ff2f,True,2000,748,725,23,96.9,819.58,16219.05,10,1788713825891,1788845582769,1.5,1004.05,0.062,95898.735775,5,-17735.02,-18.5,True,True,False
0xc88d5ad1f8699302ea60bbe03e35794e90e4128d,True,2000,1264,812,452,64.2,1.05,10204.85,6,1764502220279,1788287266984,275.3,28116.13,2.755,0.0,0,0.0,,False,False,False
0xc8a27d9ccc5686183d2b593549831c012b9736c7,True,235,101,67,34,66.3,1.59,1114.61,4,1776710906611,1777105724654,4.6,-510.92,0.458,0.0,0,0.0,,False,False,False
0xc8c00253b22cc3b0173db9a90d378a48521c954e,True,2000,830,405,425,48.8,0.49,-24223.86,9,1783562009802,1788448860315,56.6,-1851.31,0.076,0.0,0,0.0,,False,False,False
0xc8d21656389d75025446c462dde30eb096b50be3,True,2000,972,308,664,31.7,0.68,-10148.01,15,1780401129704,1788785310026,97.0,2414.76,0.238,0.0,0,0.0,,False,True,False
0xc8e8baecd4b42b85ad3809021cf8fe28cf7c31f3,True,37,28,28,0,100.0,inf,855.45,1,1780589644133,1780591739643,0.0,155.36,0.182,0.0,0,0.0,,False,False,False
0xc90e9f5b7da2cb1a61a6f6ea598508cc31502a14,True,2000,755,530,225,70.2,2.6,14610.77,13,1782918382499,1783884074906,11.2,2495.83,0.171,0.0,0,0.0,,False,False,False
0xc9232177b9772b9cd88c64750aeff81bd2ea697d,True,1367,573,245,328,42.8,3.06,15909.86,17,1786407222727,1788460510227,23.8,2933.1,0.184,0.0,0,0.0,,False,False,False
0xc93ced60981b1e63d1f9921483b57ea1301a41f0,True,1811,503,299,204,59.4,0.95,-949.18,25,1751465778624,1788277002105,426.1,-3916.29,4.126,0.0,0,0.0,,False,True,False
0xc960268269bf656f3b97162638e1a94638cf382c,True,2000,811,477,334,58.8,0.2,-81947.25,11,1787944456441,1788741291749,9.2,-6039.07,0.074,201623.794819,9,-138446.08,-68.7,True,False,False
0xc973b0530ce76d5c71fbec9782df28d40dfdb4fd,True,2000,1157,646,511,55.8,2.03,2330.97,17,1787431542769,1788863303444,16.6,-46.24,0.02,569.747629,4,27.48,4.8,False,False,False
0xc98b31fa5f6d8e1410144a2a9c7d7862af28a440,True,641,240,191,49,79.6,3.92,43609.61,6,1772309732126,1788450736391,186.8,-6321.78,0.145,22743.04281,3,6527.87,28.7,False,True,False
0xc99e9fef458154748b476778a83a8a9410b548bd,True,2000,1257,14,1243,1.1,0.0,-149501.3,2,1775776462019,1779561361356,43.8,-5132.14,0.034,0.0,0,0.0,,False,True,False
0xc9ad4353573013b6ecfd43617446872ff128799b,True,2000,1110,643,467,57.9,0.71,-18851.83,15,1770745384541,1775773039058,58.2,-22442.02,1.19,0.0,0,0.0,,False,True,False
0xc9d46b11f3b1bbc85ebedfffca09707f8f28dca1,True,2000,1056,785,271,74.3,22.88,49377.42,5,1788680093194,1788855911632,2.0,2007.02,0.041,269096.180795,1,-14197.0,-5.3,True,False,False
0xc9e839a529d1a3a46e2b48d20c461d4afecb72e4,True,2000,1037,873,164,84.2,2.73,113256.44,4,1783068913903,1788795656640,66.3,24069.95,0.213,95374.54165,1,-6516.32,-6.8,True,True,False
0xca03f9696b3dab741f513842285f7aa1e341fbf0,True,2000,953,317,636,33.3,0.27,-31816.44,34,1779984447635,1782100969459,24.5,-3552.52,0.112,0.0,0,0.0,,False,True,False
0xca1f1977acbff4afc4d77fd32cf1d412ae2c12bf,True,2000,797,435,362,54.6,1.48,6059.8,59,1784837899530,1788716446561,44.9,-1060.32,0.175,0.0,0,0.0,,False,True,False
0xca2f5c06c542e22a60fc02a9726bfe3a3db2e56c,True,2000,1028,763,265,74.2,2.1,8404.09,14,1788523223028,1788862526183,3.9,-2303.33,0.274,16121.151462,2,94.25,0.6,False,False,False
0xca449fbef2d4ffcb582732e4fc582a96f61efa0f,True,433,138,79,59,57.2,1.84,2281.98,17,1768066540717,1779372305155,130.9,1487.4,0.652,1e-06,0,0.0,0.0,False,True,False
0xca6ff7f97c47e6c620eeb45195933ffdc5afb0f7,True,1720,961,473,488,49.2,1.07,309.04,16,1776692716628,1787065296912,120.1,-539.52,1.746,0.0,0,0.0,,False,False,False
0xca8ed22b06357187495ce50630407be13a55507d,True,2000,1238,503,735,40.6,0.29,-65822.64,2,1787173689828,1788323664721,13.3,-7316.76,0.111,0.0,0,0.0,,False,True,False
0xcaaacd1e5f394da3e5006edc7c05fd7bfdc5764b,True,2000,869,618,251,71.1,0.19,-116635.14,5,1786563203906,1788811023996,26.0,-17696.74,0.152,772.584771,1,-222.89,-28.8,True,True,False
0xcab59c7a92b8f7c4d5cde72bb7669ee7d75b6e6e,True,2000,1338,1338,0,100.0,inf,4136335.3,2,1787078361934,1787599261388,6.0,201408.0,0.049,0.0,0,0.0,,False,False,False
0xcac96b57a9d7142e3f1f449e4d1d32e5c7762abe,True,750,382,207,175,54.2,0.93,-496.25,3,1786598000688,1788861550847,26.2,-622.32,1.254,125.726437,1,9.62,7.7,False,True,False
0xcad79146042551c2f3bda88bc6c1e5472d8e5d23,True,2000,933,390,543,41.8,1.27,2428.18,14,1788406212107,1788854523941,5.2,1054.03,0.434,0.000759,0,0.0,0.0,False,False,False
0xcaf10301d137ad89afb66759545def8b15098f1c,True,2000,1256,499,757,39.7,1.08,4240.44,9,1770180775665,1774467010581,49.6,20850.48,4.917,0.0,0,0.0,,False,False,False
0xcb032f203a614b07ba1fc9809484beeebb808d4b,True,2000,998,626,372,62.7,0.97,-751.55,21,1755153941784,1788821274834,389.7,-1958.82,2.606,4904.426704,3,-8057.02,-164.3,True,True,False
0xcb1dac106d80ba31c71f4fd32b274108f493cd2b,True,2000,545,299,246,54.9,0.12,-225653.33,6,1777073516763,1788609736855,133.5,-51187.3,0.227,182349.542928,2,-320041.4,-175.5,True,True,False
0xcb28c6606a888896bac8a618e90e4dfb00830b85,True,2000,979,256,723,26.1,0.65,-2592.47,7,1785222627379,1788252588642,35.1,352.69,0.136,0.0,0,0.0,,False,False,False
0xcb30bc4a1175de202eb579c1e506e9277237d694,True,2000,952,378,574,39.7,1.66,11043.47,15,1786056708391,1788513669674,28.4,3253.65,0.295,5767.049558,1,-1372.48,-23.8,True,True,False
0xcb50db667dab60bb6fba800dc6185135f1511955,True,819,201,111,90,55.2,7.8,11468.73,3,1787950834482,1788863636269,10.6,1058.39,0.092,159821.242935,3,20335.09,12.7,False,False,False
0xcb5c2f378860437fad512c3aec09efce1c470283,True,2000,1394,1202,192,86.2,13.3,232788.57,10,1785914229318,1788690011562,32.1,4492.62,0.019,0.0,0,0.0,,False,False,False
0xcb735a17a743685df6b520ef0617102087e995da,True,2000,928,823,105,88.7,0.57,-40287.71,1,1784225218622,1788795400168,52.9,-10096.67,0.251,1657.744494,1,-43.93,-2.6,False,True,False
0xcb87e57a747bdb402a7feca32b30daeb769334db,True,1718,669,437,232,65.3,1.67,25771.3,3,1786936450823,1788452248191,17.5,-12438.55,0.483,0.0,0,0.0,,False,True,False
0xcb939f29d0031efd822dc80b98e1638ee6e09960,True,541,284,123,161,43.3,1.21,1595.11,53,1740169935820,1788701866267,561.7,2088.63,1.309,442.391429,2,-91.32,-20.6,True,True,False
0xcbafa35296a3adf947c283505d1bf9dd4cbd46ea,True,391,241,67,174,27.8,0.55,-1919.47,3,1776073416942,1788187424879,140.2,-1230.73,0.641,0.0,0,0.0,,False,True,False
0xcbc2d191ab371fb44a62eb7be25bdec626a7f022,True,43,16,5,11,31.2,0.1,-1032.37,5,1769409324970,1788220800019,217.7,-313.41,0.304,0.0,0,0.0,,False,False,False
0xcbe114cc845cf58d3eada944335612e8df99fe7f,True,1150,412,412,0,100.0,inf,401953.0,4,1772550215985,1781676241082,105.6,38514.0,0.096,0.0,0,0.0,,False,False,False
0xcbeca4cdbfd889186f55fc2a1c83ecc70d18ef3b,True,2000,959,569,390,59.3,3.07,21776.16,7,1788287389669,1788847588701,6.5,1844.41,0.085,75061.666048,2,-3375.23,-4.5,False,False,False
0xcbfd2246c47167fcf0488a2d90cec3bab658f486,True,2000,1090,846,244,77.6,1.6,28144.7,10,1784203914196,1788399315438,48.6,-2626.22,0.093,9316.268967,1,-4761.72,-51.1,True,False,False
0xcc1a45e59ea1b725b255a048ce8b2de94e56d504,True,2000,1001,320,681,32.0,1.29,8.66,2,1773545690147,1773702911433,1.8,24.99,2.886,0.0,0,0.0,,False,False,False
0xcc29196f3d3e1af2a4dd20f4f2765b090c9e892f,True,2000,910,514,396,56.5,4.22,116971.41,25,1758735455191,1788805419679,348.0,10867.9,0.093,2583.773038,3,1006.51,39.0,False,True,False
0xcc3b94a57ae870d43a283fd8ae12f0f28e8b15a3,True,570,354,128,226,36.2,1.7,2216.75,3,1770984781796,1775971964060,57.7,-1115.79,0.503,0.0,0,0.0,,False,False,False
0xcc64e48df8560565f0f87bec36b87b6a6f171ebf,True,2000,1188,757,431,63.7,0.97,-6159.28,3,1776314589150,1780642366283,50.1,-16246.31,2.638,0.0,0,0.0,,False,True,False
0xcc7cff8a623ce6a36c19f172f1985b184807c413,True,2000,906,321,585,35.4,1.42,5200.69,24,1785218991688,1788862289849,42.2,4323.21,0.831,3926.332587,3,107.31,2.7,False,False,False
0xcc954a4a8d580c1a0bd35ddd208c47a9ece0743c,True,2000,1085,215,870,19.8,0.05,-2032.75,1,1770430520687,1774123205933,42.7,-21.86,0.011,40815.433586,1,-15515.44,-38.0,True,False,False
0xccaf51977d77ab3e9a73e6a05bb38c5ef28e23f6,True,1405,610,268,342,43.9,0.8,-8885.94,30,1733313342975,1788630031545,640.2,4637.85,0.522,0.0,0,0.0,,False,True,False
0xccdc31bc4a36bcc9947bd3f87a7876fc25cc112a,True,2000,984,376,608,38.2,0.42,-26882.35,16,1780871809974,1788793515882,91.7,-4219.77,0.157,4179.7335,0,0.0,0.0,False,True,False
0xccf6a4da71795428e13a0d1330293c735b66ec07,True,2000,933,283,650,30.3,0.44,-2446.48,20,1787669372088,1788733590820,12.3,-474.4,0.194,3426.600215,6,1351.94,39.5,False,True,False
0xcd0d64770e734405c64428b6ec6d833d96e79f96,True,1605,860,228,632,26.5,1.87,40010.38,45,1704552375624,1780561749812,879.7,-8690.97,0.217,0.0,0,0.0,,False,False,False
0xcd24f0b1425c17d8440e68122a1ae20ebd77a999,True,889,477,255,222,53.5,0.93,-2518.58,3,1777469713506,1787233906093,113.0,-7259.93,2.883,0.0,0,0.0,,False,True,False
0xcd37e17389023439fabbff43794da3feb5cda250,True,2000,937,516,421,55.1,1.72,3044.81,69,1771907110970,1788387748787,190.7,484.6,0.159,1877.487959,2,144.12,7.7,False,True,False
0xcd445e5281e34c89247a051f39819f0fbeb38997,True,1764,876,442,434,50.5,1.08,1145.42,16,1757118951131,1787961600069,357.0,991.98,0.866,0.0,0,0.0,,False,True,False
0xcd60eb68e11e96cc1fa005fbeb83f4d6e08b6666,True,2000,1187,608,579,51.2,2.07,64105.78,32,1760699865875,1788709325945,324.2,16016.6,0.25,7550.076112,1,259.02,3.4,False,True,False
0xcd810d7392ee4fae7d55092efdfea71cf0e9249b,True,2000,958,645,313,67.3,1.53,12088.83,21,1756814836123,1787999096565,360.9,1171.89,0.097,0.0,0,0.0,,False,False,False
0xcd8bded162b7f8bdce0da82f133bd75bbef76835,True,2000,911,209,702,22.9,0.49,-3395.44,7,1788471595837,1788733548755,3.0,738.15,0.217,0.0,0,0.0,,False,False,False
0xcd9354145d0177d0d00cde04947551bc6e91c977,True,2000,895,473,422,52.8,1.02,482.54,28,1759422714789,1788837651777,340.5,-3875.96,8.032,0.0,0,0.0,,False,False,False
0xcd9e4bea012c58679f5aa5f9c180eac7d769c88f,True,2000,1204,341,863,28.3,0.69,-3691.15,8,1776432703603,1783502310096,81.8,-1198.89,0.325,0.0,0,0.0,,False,False,False
0xcdaee2d0a69aa516b7bf982b40a7122c7f6dd997,True,2000,886,552,334,62.3,1.3,5856.47,52,1747102690642,1788206886131,475.7,1582.4,0.27,444.4,0,0.0,0.0,False,True,False
0xcdbdb319b701ba7bc18a0ef7055fcee5a7b6357a,True,191,109,64,45,58.7,1.21,2057.85,2,1782324009464,1787275095881,57.3,-3866.96,1.879,0.0,0,0.0,,False,True,False
0xcde682fc64f38967b71cfd00803d4ba3d60e49d1,True,2000,1179,615,564,52.2,1.02,25.93,1,1788542721558,1788863203532,3.7,-52.4,2.021,0.0,0,0.0,,False,True,False
0xcdfcfd848d6539aa75263adba82884c58bdc2aaf,True,1187,723,499,224,69.0,3.81,99102.14,9,1750303257860,1788694402199,444.3,6965.17,0.07,0.0,0,0.0,,False,False,False
0xce19c4c618f7a45deb6573a75197e8a47556bad4,True,2000,939,265,674,28.2,0.92,-498.71,5,1788447956720,1788790068469,4.0,442.26,0.887,2679.025,0,0.0,0.0,False,False,False
0xce462ba869d75a9a3c2a9a883ab93b8cf1a868c5,True,2000,775,562,213,72.5,0.6,-6535.84,3,1781526408841,1788782770634,84.0,-1468.06,0.225,0.0,0,0.0,,False,True,False
0xce601a459ca10e7b987a4c08931dd97cb78cfa1f,True,2000,920,553,367,60.1,2.94,37497.5,11,1779458022521,1779750013890,3.4,2243.66,0.06,0.0,0,0.0,,False,False,False
0xce741d86bff090a94740f81a80bbb6a335e0271e,True,2000,945,565,380,59.8,1.73,11147.45,36,1784209714761,1788860632111,53.8,1411.56,0.127,12204.075584,5,-4054.61,-33.2,True,True,False
0xce85ee6e635a633148811b98f94b178285b28505,True,233,120,85,35,70.8,0.59,-5134.24,4,1772439741865,1787651421742,176.1,-4844.83,0.944,3254.48866,0,0.0,0.0,False,False,False
0xce9d098a7e8a58567070a6750d7013bb5935aeca,True,2000,948,569,379,60.0,2.38,47066.23,33,1776779218272,1787697856420,126.4,7070.42,0.15,0.0,0,0.0,,False,True,False
0xced291e04e66eaf884f625ad104e987a9162296a,True,2000,1032,397,635,38.5,1.08,139.8,52,1785054028123,1788861975476,44.1,83.85,0.6,22524.702478,50,1284.53,5.7,False,False,False
0xcefd7652228a8619d0af5b95389cd49387cd30e0,True,2000,1081,952,129,88.1,1.3,43190.68,9,1770337106304,1782192822739,137.2,-27180.78,0.629,0.0,0,0.0,,False,True,False
0xcf0aca1b29b6d03ddf2b390a21460fa297c8438a,True,2000,1159,988,171,85.2,15.88,36786.58,15,1787813252738,1788857277655,12.1,937.28,0.025,17039.126735,6,-327.73,-1.9,False,False,False
0xcf225f1b26a09f5ef86922d4c0f248df8f0bdb33,True,2000,1033,499,534,48.3,1.8,55478.19,8,1755354682246,1788719643312,386.2,20165.55,0.363,13301.977897,2,532.95,4.0,False,True,True
0xcf397e920baafe8bc3557cb4553b96912a2c3673,True,2000,967,572,395,59.2,1.2,2434.05,3,1764135114535,1773893331517,112.9,-2376.53,0.976,0.001315,0,0.0,0.0,False,True,False
0xcf5343ba750a6e30afbb1dadda08bc78f8c8ee11,True,2000,1534,748,786,48.8,0.3,-57174.67,8,1787602438973,1788851335654,14.5,-3391.99,0.059,2649844.464059,3,-4753669.71,-179.4,True,False,False
0xcf7c4feb434751146a48b895e96caeb15838f92c,True,2000,1025,860,165,83.9,4.78,30768.8,13,1788362585610,1788863793629,5.8,1106.31,0.036,114366.641979,3,-4407.33,-3.9,False,False,False
0xcf90cfecf74e631feea816d02e757c0c8e895c0e,True,2000,1608,1608,0,100.0,inf,4996789.18,1,1780407577390,1783572678246,36.6,105478.07,0.021,0.0,0,0.0,,False,False,False
0xcfaac10b2343be6137be2981bd24b76648fb70ec,True,2000,680,473,207,69.6,4.96,3142.28,30,1761073869737,1788451516012,316.9,308.95,0.098,0.0,0,0.0,,False,True,False
0xcfbbd3262dc3123135d2b0aeabde7a45aba4a320,True,2000,1055,645,410,61.1,2.9,14937.37,20,1787432867764,1788818376271,16.0,3199.7,0.214,11049.594833,1,-4462.13,-40.4,True,False,False
0xcfcfe2d5fa778378a53d22e33c0e43a50f2c8af3,True,415,231,105,126,45.5,1.59,3669.23,12,1737190746343,1783678498633,538.1,1369.76,0.373,0.0,0,0.0,,False,True,False
0xcff0af3d7de4436a49adac745a2e992d49125c62,True,2000,922,135,787,14.6,0.11,-18201.27,17,1788472883370,1788840268005,4.3,-1658.54,0.091,3843.05,0,0.0,0.0,False,False,False
0xd017a2aa0ae6086c1da3c4996a68dae9a73b0fc0,True,2000,887,425,462,47.9,1.23,3812.11,15,1775706808251,1788704490767,150.4,-1584.67,0.416,0.0,0,0.0,,False,False,False
0xd01de8a1b11c6e6caa48bc1bbd64b4775df0657f,True,2000,838,404,434,48.2,1.05,252.87,14,1787611572005,1788859723614,14.4,-461.11,1.823,1925.434829,2,73.22,3.8,False,False,False
0xd0357dec23984a73e2600645f2b5de39d287e398,True,464,275,234,41,85.1,1.83,2541.34,10,1778782727865,1787927382268,105.8,-661.4,0.26,0.0,0,0.0,,False,False,False
0xd054f65bef63c1579fdf21b398bcff5220efc326,True,2000,931,338,593,36.3,0.66,-9520.65,30,1777042821808,1788533114877,133.0,-2062.95,0.217,0.0,0,0.0,,False,True,False
0xd0640fcb1ef5ac385b57701c5ef7030331c8d80b,True,2000,793,162,631,20.4,0.16,-24490.8,15,1788276498128,1788843915133,6.6,-1804.15,0.074,0.0,0,0.0,,False,False,False
0xd08574aed268ebceb7a02732e80b6282af1c87b7,True,96,53,53,0,100.0,inf,11814.91,2,1778076456929,1787352195699,107.4,2345.19,0.198,0.0,0,0.0,,False,False,False
0xd092100bea068bde2d03f35c52beb416ca14e076,True,704,317,103,214,32.5,2.46,7220.41,15,1768523407779,1788517445191,231.4,1519.22,0.21,3657.355496,1,-201.93,-5.5,True,False,False
0xd0a7383d42b4f7e3dbfcf38c0c8d9c0994700aa7,True,2000,998,345,653,34.6,1.72,11941.1,29,1780475084394,1788841658487,96.8,2122.93,0.178,835.546066,0,0.0,0.0,False,True,False
0xd0b9eb4a18eff14c942eb91d90b6900818ee1199,True,859,859,4,855,0.5,0.0,-145020.94,2,1787167256534,1787168466537,0.0,-13157.49,0.091,1006686.90276,1,-2546635.71,-253.0,True,False,False
0xd0cfc6d5a2dd599ded43d1c47eca3aa183e860da,True,2000,1009,406,603,40.2,0.98,-345.68,32,1771047885097,1781921517522,125.9,-2159.25,6.246,0.0,0,0.0,,False,True,False
0xd0e9e2a416c99e17b07d0438810fff334f57b8ad,True,1588,815,426,389,52.3,2.43,53027.01,28,1700907432309,1788361640370,1012.2,51723.48,0.975,0.0,0,0.0,,False,True,False
0xd107d926bdb7b57ef4f118673b5c24bb28b6b2c0,True,2000,1173,586,587,50.0,0.7,-3588.46,6,1787279084543,1788857786812,18.3,-1677.33,0.467,0.0,0,0.0,,False,True,False
0xd110ce17db8ebb9446eb78b38f33df9296aedaf7,True,2000,843,456,387,54.1,0.77,-6977.96,6,1788387661403,1788856682373,5.4,-5806.77,0.832,10748.76479,1,901.06,8.4,False,True,False
0xd11a880a60b889f9e88d260a3be04accd60c0efe,True,2000,1123,530,593,47.2,0.25,-11139.21,67,1780654597043,1780728876415,0.9,-3478.74,0.312,0.0,0,0.0,,False,False,False
0xd12abc6a5b3bb48efd4a03c86ec5e8e81d9cbc91,True,2000,810,750,60,92.6,2.04,3540.81,10,1777303309739,1784175279286,79.5,-1394.96,0.394,0.0,0,0.0,,False,False,False
0xd14c4604fec5ec201d80ebf64d914c24c4ffc447,True,813,432,211,221,48.8,2.89,6754.45,17,1768179820825,1788122692326,230.8,796.98,0.118,0.0,0,0.0,,False,False,False
0xd15d7898098d77bd7a5827274bcb77509cb147bf,True,2000,1203,605,598,50.3,0.4,-9254.9,11,1787445832605,1788864443505,16.4,-2967.52,0.321,9952.805181,9,-1302.44,-13.1,True,True,False
0xd180954c3067a017e1c53402e646d2aa9f2c28bf,True,2000,779,501,278,64.3,0.48,-1623.77,3,1785375971910,1786025814319,7.5,-454.67,0.28,0.0,0,0.0,,False,True,False
0xd1a78afcdc6ed3cc2acedfee8858de84626305a1,True,2000,659,317,342,48.1,0.72,-9114.87,18,1784001143360,1788540691576,52.5,2287.67,0.251,0.0,0,0.0,,False,True,False
0xd1c2da76ca8d148fc421971a328daf0fe4735875,True,2000,1004,391,613,38.9,0.88,-7579.97,18,1749877297393,1775527871519,296.9,5296.0,0.699,0.004093,0,0.0,0.0,False,False,False
0xd1dd6d99c5fb5d31ff52eacce5046c7158859e85,True,2000,1753,187,1566,10.7,0.02,-39256.84,5,1788759312623,1788863179930,1.2,-1494.03,0.038,419032.870122,3,42105.62,10.0,False,False,False
0xd1fb4acf38f28aac7e9e6d439479571c58725333,True,2000,860,209,651,24.3,1.63,12313.63,14,1773037087861,1784533887017,133.1,7694.17,0.625,0.0,0,0.0,,False,False,False
0xd20ccfefe7d45fbc070bc19fa5567052e2b99c10,True,2000,979,437,542,44.6,1.24,1053.03,14,1763652253627,1782207753079,214.8,613.48,0.583,0.0,0,0.0,,False,True,False
0xd217d24b6f43df1e11ba7ccb8010dbb1c42725fe,True,1134,392,334,58,85.2,0.64,-6700.56,24,1764741869972,1781093649519,189.3,-4649.96,0.694,0.402769,1,0.22,54.2,False,True,False
0xd22dcc3afdab3c0c8aeb994a5acb966b326b25c1,True,818,383,151,232,39.4,0.45,-6253.87,15,1770555003032,1776414835549,67.8,-960.96,0.154,0.001541,0,0.0,0.0,False,False,False
0xd23e07f64de8f46299bb2acbb37279ec48497f47,True,861,490,288,202,58.8,1.94,14169.88,12,1731042378546,1788625450597,666.5,5043.98,0.356,0.0,0,0.0,,False,False,False
0xd255864064236933409a087e2d55ab585de8bea7,True,1352,350,125,225,35.7,0.34,-18567.38,23,1777645859029,1788363174565,124.0,-6133.3,0.33,17919.364279,2,3879.07,21.6,False,True,False
0xd26a051cdd9c2c5fd4a6e490a7c7cf3b951d6bce,True,2000,901,287,614,31.9,1.4,4609.87,37,1782856426146,1788843717140,69.3,4533.33,0.983,12129.919835,7,718.57,5.9,False,True,False
0xd27f88aa425121c7957d466b92d4722361f169e3,True,1759,672,447,225,66.5,0.55,-31969.86,3,1780706887799,1785274871289,52.9,-8451.58,0.264,208659.282528,1,80057.1,38.4,False,True,False
0xd29af9ceae4770e7b5a253036b2047b78a3cee32,True,1204,525,202,323,38.5,1.34,1926.37,14,1757750020851,1787876036662,348.7,-622.84,0.323,0.0,0,0.0,,False,True,False
0xd2bee538536ac02811ce9b032a5f2c27b1616440,True,1045,485,154,331,31.8,0.24,-16352.16,18,1759506391423,1788795203712,339.0,-10905.86,0.667,0.0,0,0.0,,False,True,False
0xd2d10b8d8fa0999d38a735fbbbf978ab4531595d,True,2000,1076,588,488,54.6,2.27,13853.34,5,1774283528897,1787286360057,150.5,2388.43,0.172,0.0,0,0.0,,False,False,False
0xd2e3a58dabb6d7e525fd7cbd9b1407b58f8cac47,True,659,254,184,70,72.4,1.33,1695.33,1,1783114310632,1788286614118,59.9,1210.25,0.714,0.0,0,0.0,,False,True,False
0xd3038c14ef606a2e2cb3536c37ba48f8ff3fbdf5,True,235,112,11,101,9.8,0.73,-1184.9,2,1780568960696,1786273071469,66.0,-944.8,0.797,0.0,0,0.0,,False,False,False
0xd31eb911c4eee63a0c21582521ea22a1ca5938dd,True,333,175,37,138,21.1,0.41,-5313.01,5,1783722864501,1784428025212,8.2,1095.0,0.206,0.0,0,0.0,,False,False,False
0xd32f15a5ca22f7594f16114f294dff02424bf0c5,True,2000,957,337,620,35.2,0.69,-10756.66,18,1781162666618,1788848913445,89.0,-5088.93,0.473,0.0,0,0.0,,False,True,False
0xd344955b1e837321108169ba458862d744336317,True,2000,983,732,251,74.5,3.26,51660.44,7,1782503192740,1788781727667,72.7,14091.06,0.273,0.0,0,0.0,,False,True,False
0xd35e410a367a64822c644578ef69f48981ca65e9,True,2000,870,332,538,38.2,1.42,1030.45,13,1756416710083,1788276282552,368.7,-38.89,0.038,0.0,0,0.0,,False,False,False
0xd375f96c62d25543a485382a7cd94f16717bffb4,True,2000,986,214,772,21.7,0.72,-14239.04,61,1777746235739,1780757185822,34.8,25666.29,1.803,0.0,0,0.0,,False,True,False
0xd389e62226b5d5af5c99415ca0f92076ca06a326,True,2000,1024,344,680,33.6,1.0,-6.4,13,1785286643042,1788837518668,41.1,1692.89,264.63,319.377283,1,-54.95,-17.2,True,True,False
0xd39c54e8f56289bd1305a4ad86082cd22e250d79,True,2000,1225,1123,102,91.7,0.96,-861.46,6,1773776354865,1788848515801,174.4,-5853.61,6.795,2197.891955,1,102.93,4.7,False,True,False
0xd3b44c61bd9baca9260fa81fea5b8a4615ca94fe,True,1056,497,327,170,65.8,0.63,-5432.98,1,1783679766856,1784524557454,9.8,-4116.72,0.758,0.0,0,0.0,,False,False,False
0xd3d2dd90b5d184e9f61341a37c71ba84296a486a,True,1780,872,357,515,40.9,0.44,-15072.2,11,1759035978195,1787586020213,330.4,-6151.97,0.408,0.0,0,0.0,,False,True,False
0xd3e9f3167698a5ce4e3db0011455437386c89fdf,True,2000,738,341,397,46.2,0.34,-27361.64,10,1757662480914,1777899779873,234.2,-5424.2,0.198,0.0,0,0.0,,False,False,False
0xd405f0f2d5dfb6763743e52f2bae44de8dd349d3,True,2000,1163,555,608,47.7,2.22,22707.03,14,1779470856419,1779899767596,5.0,2277.26,0.1,0.0,0,0.0,,False,False,False
0xd42350dfad9884113f21109b5a7a6736fb4d50c3,True,2000,1152,459,693,39.8,0.68,-4250.79,34,1762947728647,1787188390248,280.6,-3424.45,0.806,58304.3006,1,-81266.67,-139.4,True,True,False
0xd43033a27351c0d5131a88f21cf7e31136e6fe4b,True,111,32,29,3,90.6,2.01,259.39,11,1765017032329,1778976000019,161.6,-204.6,0.789,0.0,0,0.0,,False,False,False
0xd440715f2ce6f7ed1924f282e0096c863e7049f7,True,2000,1428,697,731,48.8,1.12,1177.35,11,1788348320648,1788835417905,5.6,81.71,0.069,116410.415615,5,-293105.41,-251.8,True,False,False
0xd45a766fc4ba8b785461c5699f1f1047396f7260,True,575,192,118,74,61.5,1.73,8228.17,9,1777529298579,1788801639100,130.5,-2082.96,0.253,13582.291635,2,3931.98,28.9,False,False,False
0xd46bb459d8c803be715de9d1475a88e15cd72c8f,True,2000,911,311,600,34.1,0.29,-18413.26,55,1779656497090,1780194905762,6.2,-1855.16,0.101,0.0,0,0.0,,False,False,False
0xd471e2feb77947e46c416d9d2441cdfb67dd1d3b,True,74,43,36,7,83.7,4.21,11105.54,1,1777424056968,1780534431355,36.0,5121.65,0.461,0.0,0,0.0,,False,False,False
0xd48099d48c2ddd4f57f752462904bab3cd452444,True,2000,960,417,543,43.4,1.28,1055.71,3,1782845413651,1783454871215,7.1,-306.2,0.29,0.0,0,0.0,,False,False,False
0xd4981d75c37079657ac673c7e2034b0c9b1c0aa8,True,2000,1463,101,1362,6.9,0.01,-24428.86,3,1785335165787,1787443200018,24.4,-119.8,0.005,0.0,0,0.0,,False,False,False
0xd4b368ba1fa5cddcbe14bafa973c1c8e82f6659a,True,1591,606,306,300,50.5,1.49,15463.34,2,1776819026485,1787375439456,122.2,-9387.98,0.607,0.0,0,0.0,,False,True,False
0xd4dc3e84a70c4c9b4c91452df218c376864962c8,True,317,157,59,98,37.6,0.18,-15304.45,6,1774137142260,1775030291496,10.3,-3283.25,0.215,0.0,0,0.0,,False,True,False
0xd4ec0c811855d23174c9fcb2dcabb9fbd6f89723,True,2000,892,711,181,79.7,5.43,4736.08,5,1787569444749,1788860353362,14.9,225.59,0.048,2767.459168,1,-516.12,-18.6,True,False,False
0xd508344755102f9139e0f2af1c54c666aa18ba52,True,911,384,284,100,74.0,4.77,23805.19,11,1787154617461,1788855777946,19.7,2895.6,0.122,37281.014587,1,-8657.68,-23.2,True,True,False
0xd52dc3de65efa3aaa936ed80cac1bd2c76aab027,True,2000,1050,159,891,15.1,1.62,3393.94,24,1773059078633,1788830648301,182.5,2062.54,0.608,0.0,0,0.0,,False,False,False
0xd54d37c5280423fb6c198d6e06e59594f87695a1,True,2000,708,414,294,58.5,4.07,8104.14,15,1763110589865,1788792978261,297.2,492.2,0.061,0.0,0,0.0,,False,True,False
0xd563479b44a451d7cc45595f926519b393d748c9,True,2000,1124,379,745,33.7,0.75,-1501.44,3,1784298942175,1788370716645,47.1,-215.39,0.143,0.0,0,0.0,,False,False,False
0xd574aacfcbdcabaaf52f8b53d76f9a8c8648908d,True,1585,764,240,524,31.4,0.57,-1504.88,11,1776199098355,1780272722248,47.1,-434.91,0.289,0.0,0,0.0,,False,True,False
0xd586c8c96b7e081cc8012b063dee55b2eeeef3a4,True,2000,1038,598,440,57.6,7.76,76862.35,20,1785117671509,1788861504969,43.3,5303.69,0.069,0.0,0,0.0,,False,True,False
0xd5a1b6af197a59ab4831e57369133f46d7c89b1e,True,1223,746,423,323,56.7,1.68,7700.33,21,1772262024778,1781846149989,110.9,3007.89,0.391,0.0,0,0.0,,False,False,False
0xd5bb51ca30b9ce6f6dd02c9426d4db0a63531ae1,True,2000,1041,405,636,38.9,0.1,-560714.13,17,1758446504723,1788841846069,351.8,-444222.06,0.792,32367.746022,2,17029.77,52.6,False,True,False
0xd5d29dbf880eea93d4ed2ccb79c642bde0a48480,True,2000,635,567,68,89.3,0.26,-461995.14,4,1759639730987,1788840469327,338.0,-115951.71,0.251,317258.535591,3,253695.46,80.0,False,True,False
0xd5e8b0a3a345067993469f7e7dff077bcf4853d4,True,395,224,57,167,25.4,1.06,170.19,12,1787151862425,1787810608163,7.6,623.83,3.665,0.0,0,0.0,,False,False,False
0xd6040a09a3403fe2a4474b50836d8f487140c675,True,2000,994,249,745,25.1,0.48,-13734.22,10,1782244397139,1788122990183,68.0,-1034.82,0.075,0.0,0,0.0,,False,True,False
0xd618ec464e45ed458d1d7dcfe0f0642b72285ca5,True,2000,920,489,431,53.2,0.72,-3897.76,14,1757793908562,1779012736925,245.6,-1310.53,0.336,0.0,0,0.0,,False,True,False
0xd632b34b969725c3e1226ec4e409052e8bd8fcf3,True,2000,961,779,182,81.1,0.55,-62205.63,2,1780483912497,1782137907019,19.1,-13750.04,0.221,0.0,0,0.0,,False,True,False
0xd654f8caf24fc86955e69baa454279ff6ccc0d79,True,496,266,104,162,39.1,0.89,-1896.41,9,1780664709479,1785962731814,61.3,3910.09,2.062,0.0,0,0.0,,False,True,False
0xd6673104dd99068179058040488f66af6b366cf3,True,2000,1003,565,438,56.3,9.68,26332.99,7,1773988871861,1787180323719,152.7,1296.32,0.049,0.0,0,0.0,,False,False,False
0xd67ca2c6f8bc84acf4fa4472b82a8740dc0a53ff,True,2000,912,81,831,8.9,0.04,-213918.14,4,1788506526850,1788543917320,0.4,-10675.09,0.05,0.0,0,0.0,,False,False,False
0xd6a5c4bd8cbad30b35b42f42ded171ef32220062,True,524,277,166,111,59.9,6.22,13420.55,3,1777342308552,1777420800003,0.9,5622.86,0.419,0.0,0,0.0,,False,False,False
0xd6b1cf2de775575f4267a42e6878f57837befec2,True,2000,757,322,435,42.5,1.01,659.93,34,1759488447100,1788241186587,332.8,56891.45,86.209,0.0,0,0.0,,False,True,False
0xd6cb999ad99754a0c34ea2a2f401f89b5fdb2eda,True,2000,1036,564,472,54.4,0.22,-139343.64,2,1785159826688,1788857488598,42.8,-10943.62,0.079,15245.183094,1,434.19,2.8,False,True,False
0xd6e5ab96df75631bb6cd0bc6ad902940cf7c8fc0,True,308,176,74,102,42.0,0.16,-28208.12,10,1740033040160,1788749363700,563.8,-11676.55,0.414,8435.189442,3,486.16,5.8,False,True,False
0xd6f52e2ab58a678eced4a4d1693757b0677631c8,True,2000,1303,954,349,73.2,0.83,-80191.38,6,1769531489042,1787302943788,205.7,87199.75,1.087,0.0,0,0.0,,False,True,False
0xd708cf759c6d12e533549993fb86323ff4ade39c,True,2000,885,793,92,89.6,0.3,-44836.67,13,1779992330740,1781134067496,13.2,-10730.55,0.239,0.0,0,0.0,,False,True,False
0xd7193c9436c40928ab4bbbd42fd240a1b54aa4e2,True,2000,1093,551,542,50.4,0.47,-17442.82,6,1786211022737,1788737911595,29.2,-1784.18,0.102,0.0,0,0.0,,False,False,False
0xd72f09ccc813f775ae1fd2f52029eadc3c837258,True,2000,1014,782,232,77.1,0.29,-73683.11,4,1774573409633,1787973969510,155.1,-15916.09,0.216,0.0,0,0.0,,False,True,False
0xd74916aecd93ca55deb392dfad4c3ae43951ea49,True,2000,1099,912,187,83.0,46.56,576144.24,3,1785527786848,1788849554396,38.4,32522.37,0.056,293509.837688,1,225194.89,76.7,False,True,False
0xd759e86ed8ca3b9af4fbd87b295f2feea3b8daf3,True,2000,912,490,422,53.7,2.38,15853.11,11,1783355132634,1784097193726,8.6,1260.88,0.08,0.0,0,0.0,,False,True,False
0xd77eb80f38fec10d87a192d07329415173307e93,True,2000,1042,382,660,36.7,0.53,-89462.08,15,1780273076899,1788697691135,97.5,18929.49,0.212,0.0,0,0.0,,False,False,False
0xd7906ff6eec3c00a66e04b17271d59e0cf31662c,True,2000,1059,574,485,54.2,1.53,9308.85,10,1782205509385,1788858347470,77.0,-1373.4,0.148,7932.638172,10,3589.13,45.2,False,False,False
0xd79fde5e86c63fe26cddccdba40e235172c79539,True,2000,1450,229,1221,15.8,0.65,-4109.78,5,1770307387780,1787624275715,200.4,-2445.79,0.595,0.0,0,0.0,,False,True,False
0xd7bb624b0d89351ba5c8a981ca3cb9698cc1c86d,True,272,125,34,91,27.2,0.86,-491.17,3,1779724177375,1780520108295,9.2,1613.13,3.284,0.0,0,0.0,,False,False,False
0xd7d400ae546d07b414205d0b76b82de5b382283b,True,2000,1044,327,717,31.3,0.01,-2443629.1,7,1770247831440,1788424673525,210.4,-393534.76,0.161,1343.373695,1,431.65,32.1,False,True,False
0xd7e64a49f26952c5c415111f2f61c8f8e8cac393,True,1921,912,189,723,20.7,0.39,-7667.78,7,1780476619936,1786455464901,69.2,813.93,0.106,0.0,0,0.0,,False,False,False
0xd7fcef68dd72b3c205e4e410023dceab1db9b281,True,2000,645,381,264,59.1,1.1,2639.15,2,1777412692122,1788780594119,131.6,-3161.39,1.198,19456.405304,1,-1737.43,-8.9,True,True,False
0xd812181579f2495c1514484e6729016025dcf3f1,True,1166,497,143,354,28.8,1.07,612.64,26,1735991944291,1788848752623,611.8,995.92,1.626,0.0,0,0.0,,False,False,False
0xd823c4e7619d944187ef5f36ac8bbfa2a80b5589,True,2000,1179,611,568,51.8,31.69,2078.66,16,1778950431756,1788853651654,114.6,531.71,0.256,0.0,0,0.0,,False,False,False
0xd8343ac038d4827961939cf3681eb9d604e89c86,True,935,502,218,284,43.4,0.49,-3649.29,9,1758841031182,1782300752818,271.5,644.53,0.177,0.0,0,0.0,,False,False,False
0xd84581edcf864caf7acb122cf3d701aceee9a717,True,956,416,189,227,45.4,0.76,-9150.68,14,1765983099255,1787932879044,254.0,-7683.7,0.84,0.0,0,0.0,,False,True,False
0xd85bafc83628c8a24563e1bbcfa8d3fd329e19db,True,955,536,251,285,46.8,1.39,12082.34,24,1744276270868,1787925744719,505.2,-3772.99,0.312,0.0,0,0.0,,False,True,False
0xd86a972c48d8895cd17b0c097264250a9d8bf00e,True,2000,751,386,365,51.4,1.19,681.48,1,1780316127218,1780392165770,0.9,-131.59,0.193,0.004244,0,0.0,0.0,False,True,False
0xd87836ac61c743a08fe3cc688eae24bb3be55879,True,2000,950,527,423,55.5,1.46,11508.87,9,1781740917762,1788845578538,82.2,5304.34,0.461,0.0,0,0.0,,False,True,False
0xd894caa342a0d30365e7362280af09a5a7afc558,True,1789,920,440,480,47.8,0.92,-2619.28,12,1781556440532,1788783024936,83.6,-3375.83,1.289,154848.185503,1,-3494.02,-2.3,False,True,False
0xd8ab5b978347a957ec89ac7886f99a835ece32ff,True,703,312,255,57,81.7,12.52,15582.45,7,1774161090275,1780114011682,68.9,5117.85,0.328,0.0,0,0.0,,False,True,False
0xd8c629221bf930e10163d8db769324a3b5a9d276,True,537,206,52,154,25.2,0.35,-24027.05,3,1773887650088,1775659925712,20.5,-6260.1,0.261,0.0,0,0.0,,False,True,False
0xd8ea49a9bd313aa9cbed7ea42a71b58f448e8e59,True,2000,1020,821,199,80.5,3.99,43120.93,31,1778328308368,1787941899277,111.3,3125.15,0.072,0.0,0,0.0,,False,True,False
0xd900340b852ed22bb2b9ca41446306c289740ae9,True,2000,758,587,171,77.4,0.89,-4173.4,2,1781723389029,1783458087931,20.1,-5759.51,1.38,0.0,0,0.0,,False,True,False
0xd90f162e801b237c40754f4853ae5251569ee20f,True,2000,923,559,364,60.6,1.33,1853.79,19,1787337971316,1787592091877,2.9,-812.74,0.438,0.00663,0,0.0,0.0,False,True,False
0xd9271f589a561f18dba9e9b544c3f314538ee204,True,779,412,64,348,15.5,3.41,117647.35,6,1777278617508,1788003779343,124.1,24658.53,0.21,10467.800512,1,543.89,5.2,False,False,False
0xd94211e6262b0a69247c953d5d5b19bb555a0b3f,True,1387,665,325,340,48.9,0.83,-3248.28,34,1759967050425,1783009530543,266.7,1541.04,0.474,0.0,0,0.0,,False,True,False
0xd95b8e05c47b6e5cda0d9cefbd71568b85e167e6,True,2000,1012,552,460,54.5,0.94,-1217.47,17,1744578913382,1780217258929,412.5,-1310.68,1.077,0.0,0,0.0,,False,False,False
0xd96a6daf24b134bb007d32ce629b9c7a176a1253,True,2000,979,789,190,80.6,3.88,3326.48,42,1763226254130,1780030679214,194.5,-382.4,0.115,0.0,0,0.0,,False,False,False
0xd98e6008c2be593049bcd18302965e3850ab0859,True,1715,857,185,672,21.6,0.98,-1080.79,36,1748225291801,1781049600070,379.9,11560.78,10.697,0.0,0,0.0,,False,True,False
0xd9be27e7c8011a0be8bff8a00f413ff274db7c54,True,283,93,83,10,89.2,6.68,3978.49,3,1779943446395,1788591235612,100.1,552.17,0.139,7861.645523,1,1328.83,16.9,False,False,False
0xd9d5e86e66b3e0ad64c57263171bdd5d3ed4928d,True,2000,759,391,368,51.5,0.25,-81283.84,19,1758374034612,1788685887691,350.8,-11896.82,0.146,1418.301863,1,-121.96,-8.6,True,True,False
0xd9eed39ffcf0274c0b44e3f50586b208b9e8b50b,True,2000,968,328,640,33.9,1.15,5380.65,30,1780065804360,1787167609022,82.2,4006.72,0.745,0.0,0,0.0,,False,True,False
0xd9ffc44a03241faafd27a702e0deb00d7b2cfdcf,True,2000,453,446,7,98.5,0.55,-8702.3,12,1785160874206,1788517731373,38.9,-14434.98,1.659,0.0,0,0.0,,False,True,False
0xda1ce7b2fa328ac7087d2969c9bc559f34354e03,True,1299,748,305,443,40.8,0.62,-22010.45,2,1780301078236,1787160217917,79.4,-9035.72,0.411,0.0,0,0.0,,False,True,False
0xda384232e77b6a7f1f3737ec958115e896dc0f83,True,1481,724,496,228,68.5,1.1,648.59,33,1786356461286,1788862280816,29.0,-820.14,1.264,102.765228,1,0.45,0.4,False,True,False
0xda46cc9ef2ea3a8bcfc88706d3c12981e7e5d05d,True,2000,821,170,651,20.7,0.75,-7682.99,13,1780273805823,1782330014238,23.8,4091.28,0.533,0.0,0,0.0,,False,False,False
0xda51323fe9800c8365646ad5c7ade0dd17fdc167,True,2000,775,775,0,100.0,inf,59084.78,1,1785856401765,1787950669930,24.2,1537.59,0.026,795237.915544,0,0.0,0.0,False,False,False
0xda6e708e4fa369f4fab08b6fd828ea59759457b8,True,2000,893,536,357,60.0,1.06,910.9,22,1784892737581,1788860943776,45.9,2012.2,2.209,3051.004447,1,-24.59,-0.8,False,False,False
0xda809f4447498b32b3bfbed9263dd40d0b21b61f,True,1677,811,450,361,55.5,0.75,-13086.19,8,1785236619893,1788166132472,33.9,-5451.14,0.417,0.0,0,0.0,,False,False,False
0xda9bc0201cee0c804521849fdc695c7b9b3eb2b3,True,2000,997,220,777,22.1,0.24,-45029.98,6,1787015694264,1788770150224,20.3,-5466.4,0.121,50413.531401,2,5586.17,11.1,False,False,False
0xdab23e6d93e72c9838d61c1ae3c1c1e311800e79,True,2000,813,126,687,15.5,1.19,6428.97,2,1774172782655,1777003129140,32.8,1932.69,0.301,0.0,0,0.0,,False,False,False
0xdab9dc17e9d39b6da3d24fd2e167ce71275880a0,True,2000,813,403,410,49.6,1.28,13175.92,16,1786019220259,1788560941610,29.4,4114.73,0.312,29876.139508,2,-14157.48,-47.4,True,True,False
0xdad712620cfed3815f68c58a7020de9581eac4cf,True,2000,884,276,608,31.2,0.86,-5044.52,5,1787162785372,1788847227379,19.5,-1673.38,0.332,0.0,0,0.0,,False,False,False
0xdafb9a4190b6301284c95b6c2447fbae52fc4e7a,True,2000,979,452,527,46.2,0.83,-1819.35,51,1767803684108,1779321600086,133.3,428.71,0.236,0.0,0,0.0,,False,True,False
0xdb09bf299d9ea9af66f4756bfc7f5ee3c8528976,True,2000,1406,448,958,31.9,0.63,-151796.88,17,1783519500711,1788659570436,59.5,18056.68,0.119,30550.004597,7,-34611.72,-113.3,True,False,False
0xdb23b78c2e7db5a447a1190cdabd3e2a3fe8a7c8,True,2000,832,736,96,88.5,0.67,-8096.03,1,1782674507816,1788844948364,71.4,-14753.13,1.822,0.0,0,0.0,,False,True,False
0xdb39f60cc56211b4ebe33548b06c98f49d0e26df,True,2000,935,411,524,44.0,0.56,-18231.18,10,1741788187128,1780667395150,450.0,-3272.9,0.18,0.0,0,0.0,,False,False,False
0xdb4b748a49c693529e6410e41d0cf7100503c06b,True,2000,930,459,471,49.4,1.4,2827.66,10,1774063064713,1786280607766,141.4,-617.0,0.218,0.0,0,0.0,,False,True,False
0xdb629cdb10105dc18bda45fcb4b66c1b18753e7f,True,2000,1026,581,445,56.6,3.2,10316.89,24,1748565660653,1787820886774,454.3,786.08,0.076,0.0,0,0.0,,False,False,False
0xdb7af6224a2dd02aa0aaaa2c51e832149dad32a4,True,2000,910,496,414,54.5,1.05,575.23,25,1779009125758,1788525102409,110.1,454.84,0.791,7.89575,0,0.0,0.0,False,True,False
0xdb90c470736316b07742f34fc1ade3ee42b3588d,True,2000,938,256,682,27.3,1.24,6026.14,30,1775994649377,1788860620079,148.9,2782.4,0.462,7849.92107,2,2043.9,26.0,False,False,False
0xdba844f6c5415394d687d0fc42c46ecd8cf6871b,True,2000,1040,437,603,42.0,1.24,10214.63,12,1766085146377,1785174229828,220.9,-5211.0,0.51,0.0,0,0.0,,False,True,False
0xdbc82e649e8a3c2bf035fb0096ea8e27cbf4a580,True,503,256,89,167,34.8,0.28,-7862.7,21,1752808592759,1788733968109,415.8,-888.94,0.113,7952.140175,7,4021.77,50.6,False,False,False
0xdbda971e6cd78ed5cf2fb463d38afba0b83c25af,True,813,462,101,361,21.9,0.04,-21923.54,23,1783397151784,1783476136704,0.9,-4212.09,0.192,0.0,0,0.0,,False,True,False
0xdbea0f1d234240e8f8a884cf0461371b3ec2dbcc,True,763,232,141,91,60.8,1.88,7108.76,6,1787165461581,1788828327646,19.2,3593.11,0.505,459626.744776,4,241847.8,52.6,False,True,False
0xdc04703855a5fd08f577a22f987fb41e49348a9a,True,2000,1023,366,657,35.8,0.47,-16174.72,44,1778727507493,1788847479158,117.1,-1811.17,0.112,0.0,0,0.0,,False,True,False
0xdc26a417ea4d9356f5fb926a342e969546462a33,True,162,58,46,12,79.3,4.29,3397.19,17,1733585208851,1788781573472,638.8,822.69,0.242,143.523897,3,3.78,2.6,False,False,False
0xdc388d27eea0aa6f61de5cc4fce7e098fb1150d6,True,2000,1002,432,570,43.1,0.64,-16001.63,10,1782334174089,1788407739009,70.3,-2573.83,0.161,0.0,0,0.0,,False,False,False
0xdc4c4fca381e9350c28a279019b307df6df09fa4,True,944,361,103,258,28.5,0.52,-12172.85,3,1787508917033,1787588044957,0.9,-1237.74,0.102,0.0,0,0.0,,False,True,False
0xdc57d0e825db0156f6394f447c43f58759300cc6,True,2000,964,359,605,37.2,0.17,-114173.36,11,1779711276081,1780979056983,14.7,-5509.44,0.048,0.0,0,0.0,,False,True,False
0xdc699bf25465c35158dd842776d42fda80d9f151,True,494,238,219,19,92.0,3.94,19431.51,14,1720449118994,1788836167553,791.5,-3891.09,0.2,2310.069378,2,1937.69,83.9,False,True,False
0xdc852253eee86126b45944554bd5fb01feaa0332,True,2000,829,216,613,26.1,0.85,-3187.01,29,1760359827333,1785564006154,291.7,1038.69,0.326,0.0,0,0.0,,False,True,False
0xdc97e0c7c2d532c0e11a0fe2906883552adf100c,True,224,96,32,64,33.3,0.23,-7764.8,5,1787302426964,1788503510138,13.9,-5984.89,0.771,218.005715,1,57.01,26.1,False,True,False
0xdcae2fad75a99c6e0f1a013a1829c777ce176c0b,True,2000,1102,903,199,81.9,1.21,4739.15,23,1746837040914,1788271999935,479.6,-4322.58,0.912,0.0,0,0.0,,False,True,False
0xdcc3d8c92bd463232a494b12a40913cbeea64237,True,1052,582,343,239,58.9,1.0,59.38,4,1759046562123,1788672994135,342.9,-3475.77,58.537,100277.212878,1,391.74,0.4,False,True,False
0xdcdb5d2d737fa02a88f6b6199a5c842ff1b0a691,True,1169,502,204,298,40.6,0.57,-10988.65,35,1756278780382,1788732869646,375.6,1735.33,0.158,20825.843224,3,149.61,0.7,False,False,False
0xdcf51d56dd1d6bb9d77d3da0ebbe2ce8183b46cf,True,2000,1014,462,552,45.6,0.49,-8513.9,9,1773898219771,1775328159841,16.6,-692.51,0.081,0.0,0,0.0,,False,False,False
0xdd019562cefe4b042c1dee0da5a01acade9c1537,True,1735,747,361,386,48.3,1.02,482.68,55,1765510646029,1784770243048,222.9,-3931.16,8.144,0.0,0,0.0,,False,True,False
0xdd14cee0b16ccde99e5fcf4956f7d611ab07d07a,True,2000,1121,448,673,40.0,0.39,-162015.57,21,1780442242090,1788622376511,94.7,-11800.01,0.073,0.0,0,0.0,,False,True,False
0xdd24d967621752da5d281d759abce36451382a72,True,1445,529,239,290,45.2,0.43,-1671.51,12,1775565004301,1786406400019,125.5,-459.79,0.275,0.0,0,0.0,,False,False,False
0xdd4937be2c64b1a901766d6e76ea3fd8cb3bb409,True,412,204,122,82,59.8,0.55,-3781.65,2,1735224534022,1777931941121,494.3,4565.52,1.207,0.0,0,0.0,,False,False,False
0xdd54150be70967523a256f92db193845acf58714,True,2000,879,299,580,34.0,0.81,-18250.16,11,1780165612475,1784844918544,54.2,6760.23,0.37,0.0,0,0.0,,False,False,False
0xdd65a76ba217cb367fe3ab49fd1a637f83c77e14,True,1134,524,340,184,64.9,1.75,27632.88,3,1750373606537,1787173222748,425.9,8944.67,0.324,0.0,0,0.0,,False,True,False
0xdd71ccc7d4942524668246843488a2623839686d,True,1225,458,323,135,70.5,1.67,1147.77,39,1738061791954,1788694382876,586.0,699.37,0.609,0.0,0,0.0,,False,True,False
0xdd84ce1adcb3a4908db61a1dfa3353c3974c5a2b,True,2000,1126,517,609,45.9,2.69,59517.01,9,1785777614443,1788836663322,35.4,4710.38,0.079,0.0,0,0.0,,False,False,False
0xdd9f7f2ad376eab80cf1b59856c3b5df12a9039e,True,1045,408,195,213,47.8,11.19,48959.14,3,1779148800076,1780279686872,13.1,2822.7,0.058,0.0,0,0.0,,False,False,False
0xddb6014e269fd844d0ffe405808c9cef72fcb238,True,2000,1010,474,536,46.9,0.79,-485.05,13,1760924321266,1782256305904,246.9,783.05,1.614,0.0,0,0.0,,False,True,False
0xddc8aab17c6a7b42843c2b98c517ac4c807a43cb,True,2000,915,241,674,26.3,0.55,-34612.13,20,1782364231079,1787628545738,60.9,7016.72,0.203,0.0,0,0.0,,False,False,False
0xddd48be367a0297d4cbaa463e21ede6202ab7d67,True,1468,670,221,449,33.0,0.64,-18347.53,3,1780822141212,1784130056374,38.3,-4396.47,0.24,0.0,0,0.0,,False,False,False
0xdde555e61539feea62fb2becad5b1e8671bdb536,True,1459,577,326,251,56.5,0.41,-79596.08,13,1741291871353,1788291259453,544.0,-45909.44,0.577,8371.082525,1,-1617.71,-19.3,True,True,False
0xddfe74f671f6546f49a6d20909999cfe5f09ad78,True,2000,961,719,242,74.8,5.91,103379.17,23,1740434316991,1788697570289,558.6,-3554.05,0.034,0.0,0,0.0,,False,True,False
0xde1acc618afb4e7487e35cde920fc6d93807d902,True,1025,398,232,166,58.3,0.33,-90040.46,5,1776656931930,1778057438190,16.2,-9105.49,0.101,0.0,0,0.0,,False,True,False
0xde2b7fe464f9ca27c8da219c09a226f0ba7502b8,True,2000,918,461,457,50.2,2.82,10520.5,52,1786292466690,1788863226631,29.8,6472.18,0.615,9100.153558,5,2765.23,30.4,False,True,False
0xde465604f9484027b9c840251c1419a676131fc5,True,2000,956,169,787,17.7,0.34,-6127.78,6,1776008060510,1776853037549,9.8,481.29,0.079,0.0,0,0.0,,False,False,False
0xde602e913ae01895cddf7decf96a9162c527d9e1,True,2000,1074,678,396,63.1,0.53,-22.94,17,1786164483645,1788841435514,31.0,-3.96,0.172,19.985043,1,1.22,6.1,False,True,False
0xde6e35cfef8fc268e4895abe607bef9bcaffdd8d,True,1369,376,230,146,61.2,17.78,21926.78,6,1771495651994,1787552418524,185.8,1021.1,0.047,0.0,0,0.0,,False,True,False
0xde8656b3c23408b91eb2e0a6c7b55680ba5799ac,True,2000,855,216,639,25.3,0.82,-2501.75,27,1781094608642,1788704389537,88.1,-1213.56,0.485,12712.814352,1,9911.16,78.0,False,False,False
0xde997decb56a016aada8f7048b486f98737f9375,True,2000,937,419,518,44.7,0.84,-1880.47,5,1787237622749,1788795609082,18.0,831.19,0.442,0.0,0,0.0,,False,False,False
0xdeafdc55317e0810bb0fdc428948537ecd5c5c66,True,816,387,204,183,52.7,9.35,45819.89,5,1778015957603,1781833476775,44.2,5753.37,0.126,0.0,0,0.0,,False,True,False
0xdecba5d411253f488b49bfc0d581afe6428a0d2a,True,2000,783,225,558,28.7,0.25,-218819.44,15,1777896554462,1787785738575,114.5,-11577.02,0.053,14053.83121,1,-20324.33,-144.6,True,True,False
0xdee22bb92210161c2fc9b348f3d929f0f0c3bd76,True,367,142,71,71,50.0,0.15,-25762.62,2,1784471284454,1788445842282,46.0,-4286.1,0.166,3633.943718,2,401.15,11.0,False,True,False
0xdef0c794216c3395b0b08cbe35f08312cd439346,True,724,340,180,160,52.9,0.53,-2825.56,9,1768688543321,1774180833447,63.6,-714.26,0.253,0.0,0,0.0,,False,True,False
0xdf02dabac3fec8581a4746b32593aa3e632daa5f,True,1300,660,521,139,78.9,1.15,2528.07,19,1758366776811,1788838066101,352.7,-2035.08,0.805,0.0,0,0.0,,False,False,False
0xdf131d073b112efc2fd69a9b682027f931eb9f96,True,517,242,117,125,48.3,2.53,18378.39,4,1777918136448,1780858778828,34.0,3967.86,0.216,0.0,0,0.0,,False,True,False
0xdf25dddd690e3be786e5e70281f4c0964cb74517,True,2000,926,232,694,25.1,0.9,-1167.34,16,1781732712213,1788852347012,82.4,1591.81,1.364,0.0,0,0.0,,False,False,False
0xdf36f9e86665aba0e5d95cf211b3f4f10f697b1d,True,2000,1038,517,521,49.8,4.03,25091.62,18,1779237233522,1788633141262,108.7,-5039.15,0.201,99255.935271,1,-3235.38,-3.3,False,False,False
0xdf48ce74d6f14532e797d37e1bfd76cd54ea6102,True,2000,1145,247,898,21.6,0.27,-28967.28,7,1775995289169,1778604735211,30.2,1916.51,0.066,0.0,0,0.0,,False,False,False
0xdf59ab0bc4e175667b6e2bd77fdc585d088b5a2e,True,2000,716,187,529,26.1,7.09,168668.38,3,1778790713502,1779492090528,8.1,7605.03,0.045,0.0,0,0.0,,False,False,False
0xdf7715c8735c51df873ba29622cc7d2111e1b3f7,True,2000,855,521,334,60.9,2.05,24718.49,6,1781305129046,1783459190914,24.9,4127.56,0.167,0.0,0,0.0,,False,False,False
0xdf86c7c9069e9bd5bac9d97e21f9aa10f728fb86,True,2000,1242,891,351,71.7,5.77,332870.92,7,1787132385910,1787924106146,9.2,14261.6,0.043,0.0,0,0.0,,False,False,False
0xdf9386baa99efa3b5060df3452bccfe6cd6a77fe,True,2000,974,222,752,22.8,0.51,-5963.5,12,1773821365782,1774218439687,4.6,-798.62,0.134,0.006837,0,0.0,0.0,False,False,False
0xdf9e388f8e503c28499bacb81877c1714f10b526,True,273,154,130,24,84.4,0.29,-21710.64,7,1778185111134,1787153257372,103.8,-23388.0,1.077,0.0,0,0.0,,False,True,False
0xdfbc3762ae59e4d8715ea01a4bd34af4101a938d,True,750,255,117,138,45.9,0.47,-3879.24,31,1750610193298,1787665578400,428.9,-2048.83,0.528,0.0,0,0.0,,False,True,False
0xdfdf626cd38e41c6f3cc72b271fe13303a224934,True,2000,855,438,417,51.2,0.79,-13118.97,27,1785253945232,1788757483759,40.6,4220.55,0.322,0.0,0,0.0,,False,True,False
0xdfee2d4f729723aed67eed4bfb7a998dbb4294c0,True,1889,806,566,240,70.2,5.98,242693.1,22,1755563533230,1787238666697,366.6,27341.39,0.113,0.0,0,0.0,,False,True,True
0xdffef5d853e5e1dad3b909e37ba2dae94087c3cc,True,2000,1020,598,422,58.6,2.51,16684.77,53,1784650259470,1788860655519,48.7,2352.49,0.141,9815.255891,5,-359.54,-3.7,False,False,False
0xe0150c4a4c9fd4f435b734f9049a60330bb0e17e,True,533,196,139,57,70.9,1.31,596.89,21,1769355360820,1780087742790,124.2,816.68,1.368,0.0,0,0.0,,False,False,False
0xe0261555418c10c83c098fe2097f8bc57128b964,True,1680,915,509,406,55.6,0.84,-8470.58,21,1760672272272,1788848398215,326.1,-8637.39,1.02,0.0,0,0.0,,False,True,False
0xe03de90a407c60a8d87413f8c1e3ec8da8b75adf,True,2000,794,626,168,78.8,2.71,12623.76,19,1777251746749,1781571594626,50.0,1223.18,0.097,0.0,0,0.0,,False,True,False
0xe05ccac337e32ab8028903a320e911e34f12405d,True,2000,974,457,517,46.9,0.68,-13391.85,51,1762235170486,1787487349762,292.3,-1734.76,0.13,0.0,0,0.0,,False,True,False
0xe06fe39aa22368791a520b8683c98f171d1e463c,True,2000,726,232,494,32.0,0.35,-30734.2,66,1780462183276,1788854537164,97.1,-4322.43,0.141,15309.006312,4,1176.54,7.7,False,True,False
0xe08b63f5b87372e0bb92535ad32c2720344e25d2,True,796,413,258,155,62.5,2.18,3442.7,21,1744294341416,1788526272469,511.9,709.19,0.206,0.0,0,0.0,,False,True,False
0xe0acf55c26c7f9d0136617238bc6e135d11d17c6,True,1981,990,355,635,35.9,0.4,-9574.85,7,1752898418390,1786842662445,392.9,-1411.76,0.147,0.0,0,0.0,,False,True,False
0xe0c8d0d390454dc98977cf53123244d74c9478c1,True,2000,797,147,650,18.4,0.63,-11346.36,6,1787854672459,1788852938043,11.6,2755.38,0.243,12371.242463,1,-370.16,-3.0,False,False,False
0xe0dfb14009c83401b4523be3ade1136a86e94dec,True,823,438,54,384,12.3,0.24,-10088.36,2,1779661195378,1779827108653,1.9,-1054.57,0.105,0.0,0,0.0,,False,False,False
0xe0f13fd2f9d9e3e19bcdd667cb4f025655fcb5eb,True,2000,971,296,675,30.5,1.32,7451.82,16,1782868344189,1788693944581,67.4,9253.02,1.242,24182.1681,5,12171.68,50.3,False,True,False
0xe0ffc829349c88c159462942ad885f12130e7610,True,2000,1781,0,1781,0.0,0.0,-851272.6,1,1788532056891,1788837668167,3.5,-134446.59,0.158,786049.595046,1,-70298.48,-8.9,True,False,False
0xe117d3d94b30f7e7aa4f29704d0d2f43c009b9a8,True,2000,1017,119,898,11.7,0.15,-69047.6,7,1788032525095,1788478540326,5.2,-10032.32,0.145,87903.40575,0,0.0,0.0,False,True,False
0xe12abfd573ccf92a95d749e1560ffccf3eebecc3,True,2000,780,433,347,55.5,0.33,-1031.91,5,1788855934568,1788866039482,0.1,-45.94,0.045,0.077778,1,-0.01,-14.0,True,True,False
0xe136c0d0039afae187f022a5e2f37b8bf5d176a9,True,866,598,377,221,63.0,0.69,-8480.62,7,1762150295916,1787153272797,289.4,-2538.5,0.299,117.386662,0,0.0,0.0,False,True,False
0xe158c62b09dccf69009822199ab6d31a683245dc,True,157,84,81,3,96.4,131.18,57247.97,21,1704805307842,1775168785761,814.4,12294.3,0.215,0.0,0,0.0,,False,True,True
0xe178c4de5095e092b3f379ec5eb12bdc2290b766,True,2000,906,363,543,40.1,0.85,-3371.35,21,1782944236834,1788501588261,64.3,-854.65,0.254,0.0,0,0.0,,False,False,False
0xe197bf4b4fa41b38a6617c62cb02481cffa9268c,True,1307,476,205,271,43.1,1.13,379.68,21,1707505951601,1777822604143,813.9,887.68,2.338,0.0,0,0.0,,False,False,False
0xe1aa354df047a37542cf6a4c7891673f010dbf20,True,2000,997,527,470,52.9,0.57,-130.38,3,1788375568031,1788865974750,5.7,-39.56,0.303,1823.771592,1,-126.19,-6.9,True,True,False
0xe1b8ebfc9196fa4341d564b9d8b8df81f9e9d0ed,True,2000,892,449,443,50.3,1.32,6098.73,19,1782137663323,1788863581381,77.8,996.0,0.163,0.0,0,0.0,,False,True,False
0xe1d39d2b30da977d470e0652239372b7ad4b7766,True,2000,966,802,164,83.0,16.59,19084.67,6,1788794079696,1788846333112,0.6,712.82,0.037,0.0,0,0.0,,False,False,False
0xe1f6bf21a1c5bc494c1adcf4f7f1aba543319999,True,2000,693,50,643,7.2,0.0,-715988.04,3,1774298474360,1781571651386,84.2,-73263.58,0.102,0.0,0,0.0,,False,True,False
0xe212716bbf9968f22d4f8c6dbd6f39006f5cd015,True,2000,804,600,204,74.6,1.73,54873.31,31,1767374598482,1788785873527,247.8,-36650.94,0.668,40000.934198,16,-12478.48,-31.2,True,True,False
0xe225cc851fe119e684a28d82a06cc4bb7a2c7c59,True,2000,1074,520,554,48.4,1.58,7230.35,11,1768469650881,1780252954639,136.4,1038.22,0.144,0.0,0,0.0,,False,False,False
0xe24066107fc3badb1312eacf21a8106c4bfae8c2,True,2000,981,425,556,43.3,0.58,-3087.96,28,1786885285764,1787078435803,2.2,-1002.04,0.324,0.0,0,0.0,,False,True,False
0xe24ff1a890b1e6bc399f0c8f249cdbada97a6271,True,2000,1025,326,699,31.8,0.85,-955.44,28,1774631168225,1776870518666,25.9,-256.72,0.269,0.0,0,0.0,,False,False,False
0xe26d283e3d96cf158a98637069a0764b26c13a08,True,2000,907,367,540,40.5,0.85,-8005.6,10,1787207306360,1788628077620,16.4,2889.16,0.361,0.0,0,0.0,,False,True,False
0xe28aa1cf2a707ebbeaedba108f408e4ab3d35a84,True,2000,835,725,110,86.8,4.08,19206.15,19,1787802788207,1788864580700,12.3,5649.64,0.294,34686.235474,3,-6111.04,-17.6,True,True,False
0xe2998fd8851dd61f1d8a13d943fdee29a6a00e94,True,621,279,161,118,57.7,0.09,-28197.21,16,1782487722865,1788815349337,73.2,-14831.38,0.526,17529.307691,2,399.61,2.3,False,True,False
0xe2ac0d17cb74cad5aa7c9302a1fa3509691a3333,True,293,139,115,24,82.7,2.21,378.35,9,1779567794652,1782777357629,37.1,140.61,0.372,0.0,0,0.0,,False,False,False
0xe2ba2b3df91138722662b503a0ad4b1df9b50a8a,True,944,437,91,346,20.8,0.77,-1136.23,4,1787246900540,1788525944525,14.8,576.89,0.508,0.0,0,0.0,,False,False,False
0xe2d6ccd40184753bb2aa27d9cc2b0e042ff19936,True,2000,1110,268,842,24.1,0.55,-892.15,31,1788571306248,1788851462472,3.2,142.57,0.16,0.0,0,0.0,,False,False,False
0xe2f0b3b492295f6c7e603d3395df8e49bcfbf735,True,1346,695,432,263,62.2,0.36,-57865.96,2,1784657631954,1786890178585,25.8,9947.96,0.172,0.0,0,0.0,,False,True,False
0xe310623f7c93a4a396faed2a4f168f682744d444,True,2000,1321,702,619,53.1,0.48,-46905.8,6,1788241425458,1788851816628,7.1,-15372.38,0.328,8787.502174,1,-10185.07,-115.9,True,True,False
0xe3186641472674f5cf62694efe8b35ca1c5b0be9,True,1165,566,274,292,48.4,0.77,-2208.77,26,1771989853116,1787567983921,180.3,-1150.45,0.521,1615.731146,1,-636.77,-39.4,True,True,False
0xe32b037cce2ef7c92d3808002b7bea247ebaee6d,True,2000,953,583,370,61.2,2.01,5134.27,34,1785374526507,1788847486080,40.2,511.76,0.1,1348.35,0,0.0,0.0,False,True,False
0xe334d63874a6ebe781594dcec0d090291ae5d0d6,True,2000,1150,560,590,48.7,1.3,73325.52,18,1783441921624,1787306185939,44.7,180938.74,2.468,0.0,0,0.0,,False,True,False
0xe35e903fa2c3510921b86edd54456efc00066cc1,True,2000,1167,694,473,59.5,0.6,-10255.83,16,1773938273058,1780410443468,74.9,-2431.5,0.237,0.0,0,0.0,,False,True,False
0xe378ebac184eb4aa45e7b6beac224f2f97bb94f2,True,2000,958,527,431,55.0,0.72,-1024.86,18,1781450161201,1788473226324,81.3,-308.25,0.301,0.0,0,0.0,,False,False,False
0xe39fdb722dcabcea5b764b483f524de866f82253,True,1761,718,469,249,65.3,1.01,1021.77,15,1703533049155,1777939200021,861.2,27989.06,27.393,0.0,0,0.0,,False,True,False
0xe3b3482482899b4890ec5a2093cba2a558d0c14f,True,2000,1169,620,549,53.0,1.41,1354.87,2,1788737911595,1788866242092,1.5,206.89,0.153,5092.412747,2,-6.73,-0.1,False,True,False
0xe3c90b18dbd4cf0dae4b12aadc18665261dfd0b5,True,461,224,179,45,79.9,8.37,92845.53,4,1784731140317,1788087735089,38.8,15269.37,0.164,50486.926943,1,23525.77,46.6,False,False,False
0xe3d98805fddabed375bf622086ebc95e8fa9e59d,True,2000,827,392,435,47.4,0.77,-10759.49,1,1782501896176,1787575358208,58.7,-4486.22,0.417,0.0,0,0.0,,False,True,False
0xe3ea6e994993698a721f92491d1b0b4ce67ad5ff,True,1869,879,577,302,65.6,7.74,425942.62,10,1757855696852,1788262763687,351.9,34421.43,0.081,0.0,0,0.0,,False,False,False
0xe4140d585b542382dcfc0ff58c668cb154c220db,True,232,143,87,56,60.8,3.84,5148.63,3,1755152171672,1774607920634,225.2,574.08,0.112,0.0,0,0.0,,False,False,False
0xe42435df70f16357ec87554d3481cf4b9fd4ae31,True,2000,991,330,661,33.3,0.49,-11216.57,13,1787275855446,1788866022007,18.4,-3228.03,0.288,6378.566999,2,462.36,7.2,False,True,False
0xe438e2d09ccb8e4728fc3a0a85f3cd868efcc04a,True,2000,704,700,4,99.4,12401.07,545.78,5,1770399618218,1788863658169,213.7,129.66,0.238,5035.410394,0,0.0,0.0,False,True,False
0xe47c24ff5709f6471e84b466d355a45d4a50e717,True,777,357,177,180,49.6,2.28,3610.55,12,1779327989643,1785479183347,71.2,880.09,0.244,0.0,0,0.0,,False,False,False
0xe48fe6012f97b6a13c0ce5cef314caf66e972deb,True,2000,870,412,458,47.4,0.93,-4237.14,93,1783315871519,1788760806636,63.0,15026.09,3.546,20677.263368,7,-3720.6,-18.0,True,True,False
0xe4a5a7f7931ca63d6505a535edec6185660bc731,True,2000,988,560,428,56.7,0.85,-8477.65,7,1784613094824,1788787882180,48.3,5104.18,0.602,0.0,0,0.0,,False,False,False
0xe4c0f75521c93a8c8a14e3770ca891c9a10ed02d,True,2000,946,752,194,79.5,11.49,49748.03,8,1787628317703,1788852650013,14.2,4639.52,0.093,64123.716775,3,1065.0,1.7,False,True,False
0xe4d1fa7e6141f9131345117bdb8b5701bca67662,True,2000,297,297,0,100.0,inf,1853.16,2,1788017617497,1788779287231,8.8,44.5,0.024,0.0,0,0.0,,False,False,False
0xe4e27b0dd7b9b1470ddfeab45937c341d99bc2ae,True,2000,1012,496,516,49.0,0.99,-150.77,37,1774886988656,1784707693577,113.7,-596.55,3.957,0.0,0,0.0,,False,True,False
0xe4ea7f8713deb62e916949f62b77dc61c25c84da,True,678,304,239,65,78.6,3.34,11513.04,5,1787577220404,1788054796762,5.5,1378.76,0.12,0.0,0,0.0,,False,True,False
0xe4f678ee76d26ad2c83e64ed015f62865e06d570,True,2000,906,422,484,46.6,1.6,2124.92,4,1788728613411,1788863496945,1.6,563.75,0.265,10451.832204,2,2103.89,20.1,False,False,False
0xe5181ea942891f8bceea1c3c6630b38a1addf0fe,True,213,71,15,56,21.1,0.43,-18519.62,5,1762583438508,1783121069181,237.7,8097.4,0.437,9074.603505,1,20599.86,227.0,False,True,False
0xe52ec3a0f90c66510ff7892354b1a1337afaac63,True,2000,1226,434,792,35.4,0.57,-708.76,6,1788821187996,1788866363375,0.5,62.08,0.088,159581.175741,4,-273.03,-0.2,False,True,False
0xe54a37689b2df2e473adfea010ea67bc5b5eb9e0,True,854,422,145,277,34.4,1.24,2514.17,15,1773454565239,1780178458272,77.8,-2966.36,1.18,0.0,0,0.0,,False,True,False
0xe56a307952738f0fb5fc51e0a1281b84a92a1229,True,2000,945,414,531,43.8,2.15,12959.73,21,1783499040628,1788199322428,54.4,-968.36,0.075,0.0,0,0.0,,False,False,False
0xe58192f5eaf72c4021bb74026dd5ffab4fd0b793,True,2000,906,306,600,33.8,1.55,9178.71,56,1784620816961,1788854400546,49.0,3922.82,0.427,2815.947617,6,1592.33,56.5,False,False,False
0xe5993c3a04010207ec802e9a8bf170bf5fa6eea3,True,609,267,142,125,53.2,0.8,-1445.51,2,1769588278240,1788536565791,219.3,-1606.7,1.112,6568.754027,0,0.0,0.0,False,False,False
0xe5abbf19d40031a00eed4714979a2eff4cbb303f,True,2000,885,455,430,51.4,0.87,-1353.8,6,1782912641201,1788215905740,61.4,-1470.59,1.086,4301.602246,0,0.0,0.0,False,False,False
0xe5be6cac5d3d90288ac65976277afdec0eb74e1f,True,2000,776,355,421,45.7,0.71,-8952.08,39,1745841844241,1788696134437,496.0,1727.09,0.193,429.691429,1,-22.58,-5.3,True,True,True
0xe5d5b8cca36ab8e06837a5158c355e1a128b3d1d,True,2000,1055,557,498,52.8,0.66,-2360.48,30,1781138214966,1788173605327,81.4,-458.72,0.194,253.674108,1,-28.1,-11.1,True,False,False
0xe5ea8684ba40557d31677ec4bb1ed1823e63ef3d,True,2000,1009,325,684,32.2,1.48,6333.82,8,1786546551087,1788865280123,26.8,1329.93,0.21,7046.919987,2,-349.46,-5.0,False,True,False
0xe60a825849e5cac951921462aedc6dfa098487d9,True,2000,1204,676,528,56.1,0.35,-78397.5,6,1783782070286,1787153059466,39.0,-8694.89,0.111,26198.384826,0,0.0,0.0,False,True,False
0xe61a78d80c7048cbdf137c184ac22a99e400d9e7,True,328,109,30,79,27.5,0.1,-7723.13,7,1747744966546,1788692942377,473.9,-4301.81,0.557,0.0,0,0.0,,False,False,False
0xe626e476e94b6dfb6567755a995a5c8520711270,True,2000,665,318,347,47.8,5.7,13569.86,12,1788228814008,1788853930835,7.2,611.38,0.045,53512.662423,8,3344.39,6.2,False,True,False
0xe63d6f9d856cb10b44e892291612d2385f273f53,True,2000,715,571,144,79.9,3.09,49919.39,45,1772019783324,1788843698467,194.7,3942.16,0.079,9783.718009,1,6284.54,64.2,False,True,False
0xe6626effae4ff622b2ae03adb4b00aaca5d537f6,True,2000,1025,429,596,41.9,0.15,-102489.21,10,1774010749402,1775583425111,18.2,-19310.43,0.188,0.0,0,0.0,,False,True,False
0xe673f5e474dbf76a1230fea52e8e58f4baca151c,True,2000,935,493,442,52.7,0.89,-1096.3,63,1784068433233,1788857626123,55.4,-469.91,0.429,4965.591764,38,948.62,19.1,False,True,False
0xe67fea2a3babd2eafd3e25033e9016312e5ed0f8,True,677,323,161,162,49.8,0.41,-32451.69,7,1761585654360,1787297470504,297.6,-10544.1,0.325,0.0,0,0.0,,False,True,False
0xe68d3e8fe1716696fe64c570db22f6f43e3e13b3,True,527,166,101,65,60.8,0.35,-2126.99,12,1786102807358,1788533131105,28.1,-2388.67,1.123,260.686583,1,26.57,10.2,False,True,False
0xe69bcaf6a00c30d5df0e7617e71ec6a76700a6e5,True,1765,820,478,342,58.3,1.19,2074.1,9,1784734936238,1787807800914,35.6,-1904.62,0.918,0.0,0,0.0,,False,True,False
0xe6a8fce2ac5bc33cf88386e67f7d7dac2c655244,True,2000,1022,504,518,49.3,0.46,-11011.42,15,1785950618950,1788459590701,29.0,-1618.96,0.147,0.0,0,0.0,,False,True,False
0xe6c5afeeaac4749c3e8ec4c517e5a02b821ba92d,True,2000,993,385,608,38.8,1.19,3441.71,29,1769981567998,1788829810132,218.2,1106.89,0.322,0.0,0,0.0,,False,True,False
0xe6d03e6287a1a5a148b083f5fa51ce82039c62de,True,2000,1172,483,689,41.2,0.57,-8503.4,13,1772437463258,1779902158488,86.4,5239.83,0.616,0.0,0,0.0,,False,True,False
0xe6e85eb8022b47d014a96ff750cc7918404d57ed,True,1030,560,312,248,55.7,1.25,2228.97,21,1757819054762,1788694266755,357.4,-1532.1,0.687,0.080798,1,-0.01,-12.5,True,True,False
0xe6ffd4b3385f4055c86544863605a44591c9b696,True,1645,830,458,372,55.2,11.29,34941.82,19,1693165315739,1788480000030,1103.2,8667.84,0.248,0.0,0,0.0,,False,True,False
0xe71b1f302236fbcff35c3bf7bc0b7f5ce87468a6,True,2000,960,355,605,37.0,1.93,34839.62,6,1766304696736,1776501320691,118.0,-3001.42,0.086,0.0,0,0.0,,False,False,False
0xe72bbf79a59599b7a91b92b66ce2237af0d983db,True,1865,898,603,295,67.1,1.28,52103.95,3,1768448329388,1788739200041,234.8,-12522.33,0.24,0.0,0,0.0,,False,False,False
0xe749fa9181a2761144ad75d109125cc3e8992845,True,2000,911,510,401,56.0,0.76,-7624.41,15,1779583714007,1788803762632,106.7,-10819.67,1.419,1561.74932,1,-84.0,-5.4,True,True,False
0xe76a751d0946ae483ba9c97f2e04e99b7571f51d,True,2000,798,264,534,33.1,0.69,-3684.65,22,1786537832201,1788775901931,25.9,-900.56,0.244,0.0,0,0.0,,False,False,False
0xe780354f04d9b24d2b83512de085e7e993f7c2c5,True,86,42,27,15,64.3,1.42,6817.61,4,1762714817608,1788526163869,298.7,5753.52,0.844,0.0,0,0.0,,False,True,False
0xe79d69fd1ed52dd14d7f55155259519ea20d0534,True,2000,1411,985,426,69.8,1.04,5628.55,13,1787292925585,1788849554396,18.0,-12308.98,2.187,189302.670051,4,70780.34,37.4,False,True,False
0xe7ba6e74397d46fa0136e073b1467ab607011d23,True,517,290,92,198,31.7,1.6,3195.6,3,1775680568015,1788807507592,151.9,2091.13,0.654,0.0,0,0.0,,False,False,False
0xe7d3feabec0d19bde535e40360bb260cdca12b10,True,2000,628,333,295,53.0,0.12,-78154.25,9,1771992689487,1775096103374,35.9,-9029.02,0.116,0.0,0,0.0,,False,False,False
0xe7e4ca8b310c0d0ea900e15e4f43ffd9d25e3c77,True,2000,1385,416,969,30.0,0.18,-126012.71,20,1763018738689,1788750539646,297.8,-10146.69,0.081,25198.742364,1,-4573.41,-18.1,True,True,False
0xe7f3ec7725bf9a5e377caddc8874bb360308200b,True,2000,593,592,1,99.8,138960114.01,368244.3,5,1788238476546,1788836400997,6.9,39188.99,0.106,361115.531754,3,88664.01,24.6,False,True,False
0xe80dbb98a3726e55ace9235a8e2c1da22533c151,True,2000,963,619,344,64.3,0.86,-15962.06,27,1749715258855,1788424416955,448.0,-67753.21,4.245,0.0,0,0.0,,False,True,False
0xe81ef91f4dc9ae8c5c9100e7f3823bd23521a483,True,2000,884,322,562,36.4,0.5,-42410.11,21,1753067060315,1781278154264,326.5,13282.13,0.313,0.0,0,0.0,,False,True,False
0xe83bcb51ee9678d90da3fe97d0d4d1b8da5c6ba0,True,2000,1076,561,515,52.1,1.01,65.74,41,1788673970440,1788865408451,2.2,-300.56,4.572,98456.462917,7,-206.46,-0.2,False,True,False
0xe8666462b415dd0c7f29e45d1a30fbf189ce986f,True,2000,1027,384,643,37.4,1.13,204.56,52,1785141992690,1788858878435,43.0,67.91,0.332,16977.087703,50,1190.14,7.0,False,False,False
0xe87383257d33311cd6d28d112b006b4611e31cdc,True,2000,1110,528,582,47.6,0.89,-1761.04,2,1787303171835,1788592991325,14.9,-1067.98,0.606,0.0,0,0.0,,False,True,False
0xe88ce1b563974a6dba6fb92173194607a855b248,True,589,316,141,175,44.6,1.32,744.44,10,1753409365365,1782259048485,333.9,-363.48,0.488,0.0,0,0.0,,False,False,False
0xe8a41050f2679b7ba1bd54d63bae792a61de5368,True,2000,1021,562,459,55.0,1.12,3391.13,14,1781018952871,1783108279051,24.2,1380.05,0.407,0.0,0,0.0,,False,False,False
0xe8b66067a278e3ca62f3d637fbafd6e0dc90cfd7,True,1198,439,260,179,59.2,0.89,-55.41,7,1734575620016,1779801701996,523.5,-40.99,0.74,0.0,0,0.0,,False,True,False
0xe8c8fd7411c558ebc455e524a75cd26a6dd8e342,True,2000,998,444,554,44.5,2.3,1687.4,24,1781853363115,1784577380026,31.5,795.0,0.471,0.0,0,0.0,,False,True,False
0xe8e715d222e9684bca78723d12b84f16a3e354c3,True,2000,1193,231,962,19.4,0.15,-72879.82,27,1772481720613,1788595643259,186.5,-5919.57,0.081,0.0,0,0.0,,False,True,False
0xe8fd6379f60487a463a38395f598b3008ad8489c,True,2000,983,563,420,57.3,0.95,-155.52,2,1788823025058,1788866659114,0.5,-54.94,0.353,0.002683,0,0.0,0.0,False,False,False
0xe905c4b8c6e0504e076844e53a08a9cd97fa8e79,True,1316,627,213,414,34.0,1.09,226.97,48,1737321071326,1777738044918,467.8,225.89,0.995,0.0,0,0.0,,False,True,False
0xe9164a773f1eb21ad35862195a5e843bd1430d4f,True,775,374,300,74,80.2,0.25,-41714.07,5,1758586133409,1781129056214,260.9,-37706.13,0.904,0.0,0,0.0,,False,True,False
0xe9280ae28e1222c997de39aeac0ae26bdd12bb3a,True,2000,878,353,525,40.2,0.86,-9145.93,12,1733909727953,1776758951997,495.9,-9786.18,1.07,0.000399,0,0.0,0.0,False,True,False
0xe93af00e02bf889d8e3281cd71b088a4a4b2c8c7,True,2000,1048,644,404,61.5,5.16,149826.88,20,1770725339276,1782783298398,139.6,5826.7,0.039,0.0,0,0.0,,False,True,False
0xe958fa447b732ffe7210807b949a6745b79180a2,True,2000,1080,715,365,66.2,0.8,-3844.93,11,1763604962557,1777890269088,165.3,1659.75,0.432,0.0,0,0.0,,False,True,False
0xe96acc74e7042090c87b84cc2dd66251a794c936,True,2000,840,531,309,63.2,2.36,101660.8,5,1775979577067,1788836808776,148.8,6367.65,0.063,70775.775304,5,16969.83,24.0,False,False,False
0xe97b6fa045b5e2c64245907b72f562ba8bf75185,True,321,176,0,176,0.0,0.0,-18231.46,1,1787756546955,1788623420899,10.0,-1158.01,0.064,84724.714954,1,-19652.82,-23.2,True,False,False
0xe986b8e58b5870dca58700c23b5303f20f6823a7,True,800,352,122,230,34.7,1.02,217.22,4,1787870162675,1788866188265,11.5,-1321.52,6.084,0.0,0,0.0,,False,False,False
0xe99c10276e38c5d1604ae375dbeec32cf36f708f,True,2000,1026,910,116,88.7,1.68,12226.03,21,1787152253243,1788476078322,15.3,-1695.93,0.139,43331.484599,4,-1359.41,-3.1,False,True,False
0xe9bc248eb6ec8b6469bedc654f0fbaa1ce8140ab,True,2000,1003,594,409,59.2,0.9,-4481.44,31,1780606643999,1788728402745,94.0,-9700.92,2.165,5560.011602,4,2797.99,50.3,False,True,False
0xe9d199fd55a2560e3193f330e017192316ecd2d3,True,2000,640,261,379,40.8,0.22,-22729.95,4,1788795636174,1788866706682,0.8,821.26,0.036,678472.490055,4,-31802.27,-4.7,False,True,False
0xe9ea27c882a4bfcfae6a45fba9725a8f6941bd97,True,298,155,107,48,69.0,21.4,78281.61,4,1784222242343,1788849240287,53.6,8534.87,0.109,20444.14845,1,-1090.0,-5.3,True,True,False
0xea0ac1301eb6ad661cc1138d3970d6d8e6389c4c,True,474,244,167,77,68.4,1.09,1264.59,5,1776676045810,1787529600082,125.6,-5441.45,4.303,0.0,0,0.0,,False,False,False
0xea1e181c6fa1b7fd3f7e77326713c4e700039d1c,True,292,195,156,39,80.0,10.68,16425.23,1,1784641764913,1785767725140,13.0,987.44,0.06,0.0,0,0.0,,False,True,False
0xea2db26a7de4325d336ea7327b464b5274ad97be,True,2000,771,260,511,33.7,0.5,-9750.71,5,1775621670688,1781020271625,62.5,-2641.91,0.271,0.0,0,0.0,,False,False,False
0xea4bf4c10d6a71928b7b1918b47956b2961dfb18,True,2000,883,151,732,17.1,0.54,-11673.84,5,1780466781478,1781058780803,6.9,1460.67,0.125,0.0,0,0.0,,False,True,False
0xea6be4808a584fb1bcc0308403aacea3df94a67a,True,2000,991,508,483,51.3,0.99,-675.78,56,1788629556072,1788866151428,2.7,-2500.33,3.7,477767.385467,67,-11228.24,-2.4,False,True,False
0xea8ad69a60e2e0ce6c2544a6f61a2e5b6432de26,True,2000,1082,233,849,21.5,0.63,-2008.84,2,1787438594639,1788525885462,12.6,438.55,0.218,0.0,0,0.0,,False,False,False
0xeaafc116a53d1592b8245fbae5205eafdc2597ec,True,2000,1309,989,320,75.6,2.5,34682.3,5,1770391688255,1774445270699,46.9,-3168.54,0.091,0.0,0,0.0,,False,True,False
0xeac9f89487f2164e4b9d7fd72865c6d5e0d0681a,True,2000,993,586,407,59.0,1.12,2027.66,25,1778218271178,1787353498774,105.7,-807.07,0.398,0.0,0,0.0,,False,False,False
0xead5b7d86c681c036c59cd00a0390541061c69f2,True,2000,1167,639,528,54.8,0.32,-559548.71,13,1781089516929,1788310927841,83.6,54749.06,0.098,3.630521,3,-7.56,-208.2,True,True,False
0xeae09aebbad64b7e7929cbfbfe0930751d5cb8d3,True,462,212,62,150,29.2,1.64,1883.32,7,1782250187441,1782535261919,3.3,368.85,0.196,0.005343,0,0.0,0.0,False,False,False
0xeaec8baf3e545180f9603ddec8c634f26b417f2b,True,2000,1207,503,704,41.7,0.07,-349.23,10,1782142195030,1787794311437,65.4,-181.88,0.521,0.0,0,0.0,,False,True,False
0xeafdea910b03eb484d860a51f836117b23b6fdc3,True,2000,1087,871,216,80.1,0.92,-2527.13,11,1774001421172,1784440586071,120.8,-4876.81,1.93,0.0,0,0.0,,False,True,False
0xeb0a741ed98174d52d78b3bbe8655de4ad7a9f31,True,400,201,135,66,67.2,69.43,186355.78,3,1736795788623,1788255643789,595.6,12997.14,0.07,0.0,0,0.0,,False,True,False
0xeb19947b58d9f6033d8f15cfe8d5d69ec8cafda4,True,1083,527,153,374,29.0,1.1,687.48,12,1778070858729,1783347985445,61.1,-605.07,0.88,0.0,0,0.0,,False,True,False
0xeb3e399a20a1930d36399abb679e38a3fc52bddd,True,1448,439,236,203,53.8,2.09,1287.72,33,1765467867032,1788346234027,264.8,158.71,0.123,0.0,0,0.0,,False,False,False
0xeb5bf6029103775428a9d3fe674ca7d0283303b6,True,2000,1002,229,773,22.9,3.56,42215.41,4,1783606245716,1787961600069,50.4,12297.7,0.291,0.0,0,0.0,,False,True,False
0xeb7154a073efae0adbe8c9472366c70dd8a5fba7,True,231,118,91,27,77.1,2.51,3972.93,20,1738264481459,1784324412057,533.1,1748.71,0.44,0.0,0,0.0,,False,True,False
0xeb8ae7caea66005b91d6ec6c5b28315a5110b568,True,338,177,43,134,24.3,0.23,-4069.07,2,1773875163340,1778688175059,55.7,-815.91,0.201,0.0,0,0.0,,False,False,False
0xeba08d4bdb7fb41e54c933c4effbeb6d86a0c3a3,True,2000,732,388,344,53.0,2.71,14883.64,79,1738409808685,1788637803395,581.3,-1543.89,0.104,2544.176949,13,-5648.48,-222.0,True,True,False
0xebb50e35f74b7382f7d941b7323b67b62632d4c1,True,2000,926,229,697,24.7,0.72,-3860.13,3,1780300098288,1788342142533,93.1,1699.69,0.44,0.0,0,0.0,,False,False,False
0xebc9865942ab666a57976a7768594b29133cbf53,True,395,178,127,51,71.3,1.38,5094.83,41,1750228982237,1787563056853,432.1,-2696.76,0.529,13221.125432,1,10500.92,79.4,False,True,False
0xebd2c088dbce397eaa9d123083a08c43ee0bbe26,True,2000,845,615,230,72.8,1.2,3353.26,27,1763373902462,1788450377051,290.2,-2123.8,0.633,0.0,0,0.0,,False,True,False
0xebea5d24d84b15ad6e67ffd20c8d46490f6e57b1,True,2000,887,726,161,81.8,2.86,9325.9,3,1783675884273,1788834771710,59.7,-638.12,0.068,787.375109,1,-135.61,-17.2,True,True,False
0xebf94fa19db7d2e7905decd01dae4ea9eb4c1ff2,True,571,193,136,57,70.5,1.28,2003.64,12,1779943904584,1787574751254,88.3,2731.57,1.363,0.0,0,0.0,,False,True,False
0xec0cf15a2857d39f9ff55bc532a977fa590e5161,True,1271,564,341,223,60.5,0.54,-21684.15,73,1733643868358,1788798524629,638.4,-13397.32,0.618,0.0,0,0.0,,False,True,False
0xec30ae3bab4c5aa95a3151c1b6437412e876050e,True,2000,1450,1217,233,83.9,16.59,145765.28,9,1779147858900,1787506733535,96.7,4871.4,0.033,0.0,0,0.0,,False,True,False
0xec4ccb35f823d1736c8c5aa45bc493993d1ca6cf,True,1991,941,476,465,50.6,0.19,-209938.62,5,1782389557191,1788861187476,74.9,-33486.19,0.16,37136.459447,2,-957.18,-2.6,False,False,False
0xec7929dcbb91793596fdded022307f1627fc9017,True,506,240,157,83,65.4,1.48,3145.62,16,1711828933919,1788699468254,889.7,-2094.98,0.666,1359.239716,2,-542.16,-39.9,True,True,False
0xec89eb427735be66b322443d2509dc3388da582a,True,2000,1189,679,510,57.1,2.16,14987.43,29,1770412580829,1788434251609,208.6,2175.64,0.145,0.0,0,0.0,,False,False,False
0xeca630bedc227e4802e3af55b38ab07d2991e7a3,True,2000,959,582,377,60.7,1.39,10924.34,27,1778453012380,1788690202566,118.5,2875.71,0.263,0.0,0,0.0,,False,True,False
0xecc0e46f64458ae70dca30e298d20e3c993d9541,True,2000,996,782,214,78.5,1.83,5928.44,2,1771577707181,1779983165809,97.3,-1361.93,0.23,0.0,0,0.0,,False,True,False
0xece97bbb9f219971e2578e1ed5630dc79f2d377b,True,1382,520,98,422,18.8,0.79,-1574.19,3,1782850691021,1784160000034,15.2,-1010.58,0.642,0.0,0,0.0,,False,False,False
0xecfcc0bced1b601778dc8d2e57ddf1f6806c4b22,True,371,179,115,64,64.2,2.54,7298.01,9,1779756208546,1785969769468,71.9,3480.18,0.477,0.0,0,0.0,,False,False,False
0xed056c02f1e5e88e846205fde069df7bcda3a975,True,2000,1018,384,634,37.7,1.0,3.61,52,1784570506731,1788862441918,49.7,52.7,14.599,11106.340638,50,776.11,7.0,False,False,False
0xed1c710ad28e9aca013178a4e8d43a580b4b0dbf,True,2000,880,753,127,85.6,2.39,13584.01,21,1781616977050,1788826876018,83.4,-978.67,0.072,10892.46957,2,-835.27,-7.7,True,True,False
0xed3a284904ddeb2be5c3a943856542263625f415,True,1595,731,393,338,53.8,1.01,667.48,6,1780880991619,1785478553170,53.2,33816.0,50.662,0.0,0,0.0,,False,False,False
0xed47a512c2f150ffa1ca19416d1401c019cfe349,True,2000,811,417,394,51.4,3.28,150544.14,12,1764124513299,1782691200001,214.9,19713.93,0.131,0.0,0,0.0,,False,True,False
0xed62a5c2e9aee3d6fa53810a6b3e516ba3208e8d,True,456,224,86,138,38.4,1.07,801.94,3,1779145772410,1780870392635,20.0,3288.68,4.101,0.0,0,0.0,,False,True,False
0xed7c40e138cb25e79d94295882c66ac8197fb66e,True,2000,1052,939,113,89.3,8.4,98635.73,5,1785756318878,1788212568623,28.4,-10360.96,0.105,289258.927887,1,-13161.09,-4.5,False,True,False
0xed908dbd6b8d12d6ca946705c785c56b88b8f28a,True,2000,882,389,493,44.1,0.78,-4098.19,54,1780787578224,1784032388013,37.6,1871.38,0.457,0.0,0,0.0,,False,True,False
0xedb1f75f08447383ace4593f6d93fab124bd5a28,True,2000,1054,266,788,25.2,0.6,-20823.24,3,1782265027470,1785542400080,37.9,-3855.68,0.185,0.0,0,0.0,,False,False,False
0xedcc6d14b66ff9f370a5cd0db831c88c5ab57b0e,True,2000,846,580,266,68.6,2.67,20433.51,8,1784496235471,1788850073341,50.4,3017.17,0.148,62514.102132,2,-3945.68,-6.3,True,True,False
0xede948f02ead52b7140647fc383a726685114256,True,2000,866,706,160,81.5,2.06,18858.0,8,1781724756248,1786579200046,56.2,-2712.97,0.144,0.0,0,0.0,,False,False,False
0xedffa1ab55a6dc40aa82c46daef13f184a1d39a7,True,732,266,171,95,64.3,1.45,7800.93,2,1774819118566,1787934349256,151.8,6365.45,0.816,19921.229308,2,-960.55,-4.8,False,True,False
0xee1c3ab4f9109ea2ce3b56a807cc20250abe82b7,True,316,163,71,92,43.6,1.11,142.52,10,1758480523305,1787413472730,334.9,194.34,1.364,0.0,0,0.0,,False,True,False
0xee2af9f6326a57591ffc0dd026a26a0dd8d4c683,True,2000,935,377,558,40.3,0.86,-2617.8,96,1734552832563,1788857725524,628.5,896.42,0.342,892.153402,0,0.0,0.0,False,True,False
0xee44c30be1581747ddf68a5055ba9cf0f38ff976,True,1143,296,295,1,99.7,15.79,14193.88,1,1780802662517,1787202629727,74.1,-959.52,0.068,42194.427218,1,-43058.28,-102.0,True,True,False
0xee5ce858402125ef8fc6190a4405534420fb061f,True,377,111,67,44,60.4,100.12,5821.54,10,1761234582952,1787922643766,308.9,3273.48,0.562,40993.614666,1,-1217.76,-3.0,False,True,False
0xee7525b8ebfc54b1506eef6cbd00a63c4b2fe5bd,True,1726,989,616,373,62.3,0.63,-9032.83,28,1749278483603,1784273147778,405.0,-1801.15,0.199,0.0,0,0.0,,False,False,False
0xee7fe7b9ad07773e6621db8c352aaab260c2b801,True,361,150,94,56,62.7,19.06,12478.82,3,1775424204017,1788528651974,151.7,1473.0,0.118,0.0,0,0.0,,False,True,False
0xee9d106006466e9dcb507093b3d4c4df9a39038c,True,2000,992,545,447,54.9,1.34,1783.55,52,1781885598923,1784797834008,33.7,921.22,0.517,0.0,0,0.0,,False,True,False
0xeebd3f1efe690a690668be1c20d1471fe9c3966d,True,2000,1997,1859,138,93.1,28.14,7395.64,2,1778676224136,1778763565153,1.0,-9.84,0.001,0.0,0,0.0,,False,False,False
0xeed026a6f274375897130e1c047122ce5e645e3f,True,332,166,63,103,38.0,0.59,-71.79,20,1776893312602,1787215244157,119.5,-23.59,0.329,0.0,0,0.0,,False,False,False
0xeee185fe73f3b5e300787df1b8b8b716ecee6f5d,True,1307,796,452,344,56.8,1.29,4630.44,47,1703098133220,1788321953839,986.4,-3885.53,0.839,3230.023153,1,927.57,28.7,False,True,False
0xef1de2fa338fb55e834bd6cb8bad382d410cb882,True,1829,853,678,175,79.5,1.03,2919.13,70,1704798869993,1788739200041,971.5,-8332.35,2.854,1522.170146,1,-2723.59,-178.9,True,False,False
0xef2c7ce2b0474864dfc500dd3bdf908c010fbdbd,True,258,77,66,11,85.7,0.09,-5770.8,2,1762931770592,1776936769129,162.1,-3977.49,0.689,1e-06,0,0.0,0.0,False,True,False
0xef486ba9dd0f5eabe02d034486375a7f00b4edbb,True,890,510,448,62,87.8,3.09,16759.26,3,1770913999225,1782764505044,137.2,-7018.09,0.419,0.0,0,0.0,,False,True,False
0xef629261993a1ee4f6f64f651820cb3f44a58ba9,True,2000,658,377,281,57.3,4.37,22389.43,19,1781538372389,1788836617472,84.5,2828.23,0.126,70655.113063,5,8463.39,12.0,False,True,False
0xef73176cb60bf79e5c971507871d03013bb3b70b,True,964,405,261,144,64.4,1.49,44830.84,17,1726013648424,1788820826890,726.9,11658.15,0.26,8785.280875,3,389.38,4.4,False,True,False
0xef85e49c458b30a6cf9dabf4ee72d546741217e1,True,1056,507,218,289,43.0,1.0,-10.98,17,1779953060806,1780248882673,3.4,-446.62,40.668,0.0,0,0.0,,False,True,False
0xef95b8fac9273526b987b04645745f2e0eb03ac8,True,761,361,172,189,47.6,0.46,-12383.03,25,1738203541959,1788054182093,577.0,-2091.01,0.169,0.0,0,0.0,,False,True,False
0xefa8b98e6ee6234b2955281f273a97424c77e2f3,True,2000,851,643,208,75.6,7.32,76337.31,27,1785658131299,1788823482595,36.6,8742.4,0.115,90776.855002,9,66764.26,73.5,False,True,False
0xefcace57934a753d66c48a31b880ba806d4c0869,True,2000,1018,270,748,26.5,0.36,-57563.71,2,1786596351964,1788792737047,25.4,-9324.55,0.162,0.0,0,0.0,,False,True,False
0xefe31cff3d9eca260d5c83e9e12e9e3df547958b,True,2000,870,309,561,35.5,3.54,21391.03,4,1772260699931,1787026797114,170.9,5578.1,0.261,168147.213815,1,299684.41,178.2,False,True,False
0xeffde9b75ffd89cdbc997977bbdfff9ebce2f520,True,1510,1005,366,639,36.4,4.2,42402.09,11,1776696952477,1784105172487,85.7,2981.0,0.07,0.0,0,0.0,,False,False,False
0xf00bb08f7d1d04a9415408c939c02410fc6791b1,True,2000,991,865,126,87.3,3.73,388685.24,7,1780320445939,1788529415042,95.0,-41124.5,0.106,125170.896592,1,206718.75,165.1,False,True,False
0xf0230d66d017a5ce8c4b64195706f8628f198a60,True,1757,841,569,272,67.7,0.87,-4194.61,79,1715239861979,1779341640899,741.9,-9868.07,2.353,0.0,0,0.0,,False,True,False
0xf0379817a3e99c9af7ef3a2e56fed20ebe50ea80,True,1402,595,375,220,63.0,1.49,23701.01,20,1776180802131,1785938317963,112.9,-6020.51,0.254,0.0,0,0.0,,False,True,False
0xf044a86688ffaac4dfb5f6462eecabc11bbb87f4,True,160,109,95,14,87.2,14.21,19054.4,4,1770399487727,1776489407718,70.5,5138.44,0.27,0.0,0,0.0,,False,True,False
0xf05f3f7461bba0a2bbb88edf97d7f72bc35f961c,True,2000,1293,416,877,32.2,0.88,-16320.12,6,1780479068858,1787366619557,79.7,9780.45,0.599,0.0,0,0.0,,False,True,False
