address,has_activity,num_fills,num_closing_trades,num_wins,num_losses,win_rate_pct,profit_factor,total_closed_pnl,coins_traded,first_fill_time,last_fill_time,active_days,largest_single_trade_pnl,concentration_ratio,account_equity,num_open_positions,total_unrealized_pnl,unrealized_pct_of_equity,is_bag_holding,ever_liquidated,ever_adl
0x00000000000dfd47d200dc26e4e5c79b7e6de984,True,2000,921,743,178,80.7,4.62,40674.71,5,1780320930027,1788450275874,94.1,1889.28,0.046,0.0,0,0.0,,False,True,False
0x00004808a6df8de77c891dc13826ff33cb17e24d,True,2000,637,0,637,0.0,0.0,-1164680.97,1,1786012928646,1786526647158,5.9,-138756.77,0.119,0.0,0,0.0,,False,True,False
0x000e16173e1a87b25048a0b6e520a65ae8a2447e,True,1770,952,152,800,16.0,0.63,-3251.95,9,1773825282520,1785505040625,135.2,1696.52,0.522,0.0,0,0.0,,False,True,False
0x001ac3f0972b620cd6be82ba54d111614d7d48fb,True,2000,896,288,608,32.1,1.18,3373.58,5,1783087939494,1784267158454,13.6,1459.64,0.433,0.0,0,0.0,,False,True,False
0x002cc46384a962ef79628c250f016caf83dbe8b3,True,2000,631,293,338,46.4,0.57,-24330.84,68,1739858120659,1787751394371,554.3,-3882.05,0.16,36156.279298,4,42849.96,118.5,False,True,True
0x003afe084640f1e3545eda784fb2ca46d80b7bed,True,578,314,178,136,56.7,0.58,-55409.93,4,1780507304539,1788739200041,95.3,51020.28,0.921,0.0,0,0.0,,False,True,False
0x0048d42f232164a85a41f15ccf26cf859e58b108,True,2000,708,708,0,100.0,inf,532960.5,2,1780620826020,1784259578957,42.1,7114.18,0.013,0.0,0,0.0,,False,True,False
0x005e26458a139267bbb194a9e049ad9df0a4d5f2,True,2000,1006,379,627,37.7,1.08,158.72,52,1784973070458,1788776252391,44.0,102.84,0.648,21866.140065,50,1682.99,7.7,False,False,False
0x00705d931184135830185bb284fb8ed277693d0d,True,1000,508,336,172,66.1,3.57,11381.53,80,1713342268073,1788739200041,872.6,6756.48,0.594,0.0,0,0.0,,False,True,False
0x0083970e24ab25ab706bb8a45d453f474066c190,True,2000,907,410,497,45.2,1.29,2480.35,15,1781868144356,1783942011436,24.0,727.63,0.293,0.0,0,0.0,,False,False,False
0x008f38a71dd5e39f3eb4959411ebd724a4707818,True,1107,568,291,277,51.2,1.56,12062.98,17,1738035413886,1780962739098,496.8,4096.36,0.34,0.0,0,0.0,,False,True,False
0x00ae3db5418f6eac5305e72ecc853838e9ed3837,True,2000,923,669,254,72.5,3.04,19449.14,38,1736467643229,1788515993881,602.4,4210.11,0.216,2355.881155,1,-48094.06,-2041.4,True,True,False
0x00c430958f605f2f1b2c10a8f227ed485197ca34,True,2000,947,569,378,60.1,0.58,-15400.91,19,1755657098934,1786939110269,362.1,-4888.2,0.317,0.0,0,0.0,,False,True,False
0x00d1bcbe64843d8968f66194c923583d5db3a908,True,2000,764,463,301,60.6,0.42,-30530.17,10,1780180883081,1788504203711,96.3,6634.87,0.217,0.0,0,0.0,,False,True,False
0x00edc3e69264ee4de0ca272d1ee10604c24bf450,True,2000,950,855,95,90.0,0.89,-1602.08,10,1752214508785,1788696861237,422.2,-5323.93,3.323,2006.643051,1,-58.35,-2.9,False,False,False
0x00f98baf21eed79164d1cf99eae6b4439b96dd46,True,1450,698,370,328,53.0,0.89,-11224.64,49,1702470421333,1786729204203,975.2,-11394.99,1.015,0.0,0,0.0,,False,True,False
0x01128ec37f1846f6ad1538e6ee8b3773223cd8e7,True,141,59,18,41,30.5,2.17,832.21,19,1749048601380,1785192614451,418.3,719.57,0.865,445.468961,1,-46.34,-10.4,True,False,False
0x0121b7425bf0bd1b1e0f9022f876ac71796de925,True,2000,1063,166,897,15.6,0.53,-4702.19,15,1780513781472,1781634179452,13.0,481.59,0.102,0.0,0,0.0,,False,False,False
0x0132157369b0d073dd99011da1777920a025fd77,True,2000,1076,678,398,63.0,4.13,15950.55,2,1783384342512,1788754347707,62.2,1255.18,0.079,5399.596649,4,119.3,2.2,False,True,False
0x013df496991b18b7948bafdf85f5112236e3a53d,True,2000,833,504,329,60.5,1.31,5696.04,2,1772197470357,1773135526839,10.9,2144.62,0.377,0.0,0,0.0,,False,True,False
0x0151e0ff0a5b9a860f0811162e73ec691a59fb4e,True,2000,1063,474,589,44.6,0.82,-126.32,33,1775063061970,1777334400035,26.3,97.08,0.769,0.0,0,0.0,,False,True,False
0x016b7acf1ec99d74f4e8505343eccbecd655f9f8,True,1098,344,339,5,98.5,304544.28,95973.77,2,1765026355106,1775618920760,122.6,12608.06,0.131,0.0,0,0.0,,False,True,False
0x01934c64689c15daaa9335bf38efdd6b3edb788d,True,894,397,276,121,69.5,3.43,13694.14,12,1785206055165,1788677395457,40.2,-3796.59,0.277,22843.374292,1,-6701.29,-29.3,True,True,False
0x01b0b538d0201efacdde7bb0397abb2133723009,True,137,81,34,47,42.0,4.46,2577.28,9,1738295150582,1787599151061,570.6,1235.27,0.479,0.0,0,0.0,,False,False,False
0x01cba9f76d0d10dc300f43b0b3bf35b2d14438a3,True,2000,836,338,498,40.4,0.74,-3632.9,39,1739079020766,1783027798471,508.7,-3013.49,0.83,2192.422276,1,1786.1,81.5,False,True,False
0x01df303b2369290d1aec6fe37c1a3cd4a0c962ca,True,2000,873,323,550,37.0,0.69,-18248.17,9,1756195666316,1788044079785,368.6,-3959.73,0.217,0.0,0,0.0,,False,True,False
0x01e72e0b52e1f45f2c0d7b0687f28317d778f229,True,107,37,15,22,40.5,0.37,-280.35,3,1775390062214,1778255021541,33.2,-216.86,0.774,0.0,0,0.0,,False,False,False
0x01f8001701781164f2b7cbe6085bf895df03dde9,True,2000,972,609,363,62.7,3.01,6183.69,5,1773866812059,1776590872407,31.5,-997.79,0.161,0.0,0,0.0,,False,True,False
0x0210691ee9444a4b349673e2c791dab920a5e4ea,True,2000,1221,589,632,48.2,1.35,6583.76,2,1785073311181,1787908001722,32.8,5007.44,0.761,0.0,0,0.0,,False,True,True
0x022e3ce4eda264b3e3fef62036c8182ceb88e6ce,True,2000,1666,905,761,54.3,8.03,89104.0,21,1770356286293,1787539649956,198.9,-4641.4,0.052,0.0,0,0.0,,False,True,True
0x0252f92ee3f4430ac419fc3e9ae31df718990842,True,2000,967,407,560,42.1,4.53,50193.07,8,1788501999777,1788774798202,3.2,4262.77,0.085,0.0,0,0.0,,False,False,False
0x026efa3792561d16b12de6df3db62c95a4682c80,True,2000,977,498,479,51.0,1.92,14407.57,58,1720840983327,1784188930673,733.2,1966.05,0.136,0.0,0,0.0,,False,True,False
0x027750fa2beaf80b8bd9c5d311282ec0071b54ea,True,331,170,40,130,23.5,0.31,-7097.89,3,1772741120785,1787151901187,166.8,-509.37,0.072,0.0,0,0.0,,False,True,False
0x0291a693f958d398795dc17ff8d3adfe72a85db1,True,379,267,132,135,49.4,1.41,6004.84,2,1781845045554,1783615905618,20.5,4862.84,0.81,0.0,0,0.0,,False,False,False
0x029cd954c38838b2731cb5618e5c950ed4766956,True,2000,709,317,392,44.7,0.49,-217475.39,12,1763310044494,1787374730771,278.5,20958.06,0.096,114572.887553,3,90653.04,79.1,False,True,False
0x02aaa417b43f9a23e772276c31c5bd7ed9a682bc,True,2000,924,344,580,37.2,1.23,20935.49,25,1751639787225,1788732185832,429.3,10019.69,0.479,0.0,0,0.0,,False,True,False
0x02c0202deb3c5854ff58c8ac84d20ef244c59118,True,2000,1040,397,643,38.2,1.24,3997.26,51,1757307611278,1782846353571,295.6,751.25,0.188,0.0,0,0.0,,False,True,True
0x02d3475191e7801620e740aecd1bd9d61984191f,True,460,247,117,130,47.4,0.69,-4526.62,5,1780242631073,1788768413397,98.7,-12501.05,2.762,0.0,0,0.0,,False,True,False
0x02e4911dcbd9fa80a67ac65ea7fd4aa290301d97,True,2000,877,607,270,69.2,0.86,-7514.76,8,1774601017871,1788779899946,164.1,-2760.54,0.367,0.0,0,0.0,,False,True,False
0x02f8edb1b741e2c60788c002b42135b370f01068,True,2000,851,431,420,50.6,0.09,-154253.02,4,1775231458194,1778509594977,37.9,-36249.81,0.235,0.0,0,0.0,,False,False,False
0x0305c8aa090070000ee41a82d9226482f0296e08,True,769,217,34,183,15.7,13.87,197684.61,4,1763532151986,1777454064927,161.1,37896.67,0.192,0.0,0,0.0,,False,False,False
0x031f72deb03c509af42624ddcd1f63fce5ecb220,True,2000,917,869,48,94.8,29.26,812610.51,9,1784931071124,1787443200018,29.1,71959.75,0.089,0.0,0,0.0,,False,True,False
0x0333216842c94ae06787a84e43d2e816fbaa3ad1,True,2000,532,525,7,98.7,746.22,8117.25,26,1754980244896,1788776907269,391.2,588.85,0.073,2566.092461,4,1192.34,46.5,False,True,True
0x0351606ce9152cdf270d90133b3187ac5d1cf9db,True,2000,906,532,374,58.7,0.99,-388.91,1,1782771716938,1788737936551,69.1,-4599.14,11.826,0.0,0,0.0,,False,True,False
0x03699cfce776244976bc28c411c612bec56331c1,True,1072,446,255,191,57.2,2.83,30769.48,13,1775891140321,1787897725067,139.0,3697.2,0.12,0.0,0,0.0,,False,False,False
0x0383a8d660074a05ec96ff32f34b9b4eff88fe95,True,2000,843,548,295,65.0,1.7,18059.49,4,1787283883122,1788748480687,17.0,5169.02,0.286,83099.086589,1,-7489.63,-9.0,True,False,False
0x0395ac5e814d57ce618f32777c5a5db498b48f56,True,2000,1060,450,610,42.5,0.76,-9166.43,28,1764720944976,1788689077906,277.4,-3596.02,0.392,0.0,0,0.0,,False,True,False
0x03aa208512dfd467e4bf500b3ff83ecdc1591533,True,545,247,173,74,70.0,3.2,18078.62,13,1775814732115,1781664144474,67.7,7823.46,0.433,0.0,0,0.0,,False,True,False
0x03cce5cfb2a6772a1b5137fdbd66a94eb97befc9,True,2000,959,594,365,61.9,1.29,2063.1,22,1785526182790,1786938597990,16.3,-535.94,0.26,0.0,0,0.0,,False,True,False
0x03daf96a07a393c8c8de1e86d932ab00bbd4c563,True,2000,957,898,59,93.8,1.97,13243.93,2,1780152795493,1787852416152,89.1,-3732.12,0.282,0.0,0,0.0,,False,True,False
0x03f0995e7352fdd38a5aaa02783c7afb3e557c7e,True,2000,969,393,576,40.6,0.36,-119593.84,31,1759176343737,1787162625100,323.9,-8846.92,0.074,249.492334,1,233.14,93.4,False,True,False
0x0406f331b1544c56c3c476adedd353ffedabc299,True,1343,648,290,358,44.8,0.31,-63455.73,26,1758997807637,1785273497646,304.1,-11837.54,0.187,0.0,0,0.0,,False,True,True
0x04171c2692e2ee2d80d3d79a07763fcb1b6f9237,True,2000,1038,522,516,50.3,1.97,29174.76,12,1779627130171,1788530642416,103.0,4733.99,0.162,0.0,0,0.0,,False,False,False
0x0423b4b2acb4f219ae4a270abd5dde2360e455bb,True,2000,903,470,433,52.0,1.7,40938.15,11,1787346741091,1788705596783,15.7,9187.3,0.224,171124.917561,1,224352.22,131.1,False,False,False
0x042f3197544004962c2318a3120c4ecbce179050,True,2000,1434,1434,0,100.0,inf,280809.68,2,1775274280204,1780679352959,62.6,17084.77,0.061,0.0,0,0.0,,False,False,False
0x045d8507915c71c814ee2735e03ca9bdfa4a7685,True,2000,1078,478,600,44.3,0.23,-21105.42,2,1784304807699,1788735803802,51.3,-3551.9,0.168,0.0,0,0.0,,False,True,False
0x04850cbec02007711892cdb4bd09c800f95d6fc1,True,2000,1009,979,30,97.0,1.76,6972.51,5,1787820710734,1788714009191,10.3,-1563.21,0.224,33375.929959,4,-5586.35,-16.7,True,False,False
0x049c44c5c77ad34329221da9a905c2bbaec34642,True,2000,1161,545,616,46.9,0.44,-14796.86,6,1784101367886,1788767820994,54.0,-2016.97,0.136,13038.991692,1,-6.22,-0.0,False,True,False
0x04a97ae7f350a22cd0cdb6b1875e8905b76495aa,True,2000,683,683,0,100.0,inf,169678.56,4,1774538709388,1788533423692,162.0,13898.4,0.082,41765.301124,1,3620.0,8.7,False,True,False
0x04c26a27313498e656531ae67b8539e6443decce,True,2000,1129,582,547,51.6,4.08,237172.05,20,1772913059408,1788393600075,179.2,36796.82,0.155,0.0,0,0.0,,False,False,False
0x04da7336b5777b1abaae6d5844da7917c611b94b,True,31,15,15,0,100.0,inf,921.78,1,1784207351586,1784484488572,3.2,601.46,0.653,0.0,0,0.0,,False,False,False
0x04f32f7fd1fa3e53fa28354ba04a09ef1b13eb25,True,2000,982,358,624,36.5,0.45,-9120.04,45,1752792795950,1788537880138,413.7,-771.97,0.085,524.277111,1,147.45,28.1,False,True,False
0x0514f2f3e0277c47117e3f33d9390efb0acfbdfe,True,2000,599,460,139,76.8,42.04,901667.25,4,1780218467059,1788529383590,96.2,43834.38,0.049,823623.547862,3,-2379170.82,-288.9,True,False,False
0x0526345bf8e09eb32256008c2844c8949ee3bb9a,True,2000,1472,914,558,62.1,1.02,50.1,30,1788678235221,1788779915831,1.2,-254.7,5.084,74046.222528,0,0.0,0.0,False,False,False
0x054a01da80ee37d5220af5471b1eedbdcd2cdb2f,True,2000,1015,527,488,51.9,6.95,293529.09,9,1771612751615,1787855276147,188.0,13741.7,0.047,120685.08233,2,145010.9,120.2,False,False,False
0x0560d81e0d3ad01c640684306bed3e46717aa24d,True,2000,1052,330,722,31.4,0.59,-6851.7,9,1785646009834,1786244850894,6.9,-691.6,0.101,0.0,0,0.0,,False,True,False
0x056fbb0e894a7e34af5f70fcd91361a658c6b68e,True,2000,810,480,330,59.3,0.66,-10593.54,19,1777185052836,1780326230936,36.4,3017.73,0.285,0.0,0,0.0,,False,True,False
0x058e2a0dd15e0f070275d189e7e3303d23f66649,True,2000,1051,596,455,56.7,1.23,18.03,13,1788364199190,1788779588566,4.8,3.51,0.195,0.0,0,0.0,,False,True,False
0x059b2ece4a49414f63f3d5172ec0cfc92d0c52fb,True,2000,817,732,85,89.6,4.07,25229.81,3,1788465139355,1788768957462,3.5,3462.07,0.137,102002.090251,2,92359.65,90.5,False,False,False
0x05a4edbd159600128f027f2ce6c3753425fbe36a,True,355,164,95,69,57.9,1.18,3708.6,6,1768345839577,1781021744622,146.7,-5960.88,1.607,56181.25,0,0.0,0.0,False,True,False
0x05bef810a1b3f4cefc96709d9a38847691ec359f,True,2000,970,691,279,71.2,0.58,-12301.44,13,1787847408464,1788779809414,10.8,-2917.39,0.237,21000.758439,1,744.51,3.5,False,True,False
0x05cd524c8e00fdd47ce14c3cbb3d2067dba78e34,True,2000,709,452,257,63.8,1.48,44617.85,39,1761665727061,1788745427895,313.4,31080.04,0.697,55885.277047,15,14787.09,26.5,False,True,False
0x05e2adc55f08b8713fd2325b4b56d234246c5dd7,True,2000,943,457,486,48.5,0.9,-1759.09,8,1781129241977,1788451509434,84.7,-2355.8,1.339,0.0,0,0.0,,False,False,False
0x05fe5507da021d3df44d7d28519e69c77c5cf879,True,2000,914,399,515,43.7,0.57,-8568.0,58,1734880651475,1788519945936,620.8,-7573.05,0.884,0.0,0,0.0,,False,True,True
0x060b4ce99e437749f6bfb737646b413b01269c21,True,2000,1020,364,656,35.7,0.98,-1144.3,25,1750986865433,1788688687119,436.4,6267.0,5.477,0.0,0,0.0,,False,False,False
0x061c594850b9fae25cb8f832cf24e69fb0cfe61c,True,2000,990,557,433,56.3,0.25,-123862.3,51,1737294646443,1787076215743,576.2,-17453.34,0.141,0.0,0,0.0,,False,True,False
0x0629d18bb5bee1e49391f48775f5b696d790e8b0,True,350,190,145,45,76.3,6.84,6563.56,14,1736264087910,1788726805566,607.2,-887.99,0.135,5029.8,0,0.0,0.0,False,True,False
0x06466f9ac08e872064950cec3812b57d6feafa7f,True,2000,971,506,465,52.1,4.76,758307.9,5,1758296005780,1772671122665,166.4,29782.8,0.039,0.551772,0,0.0,0.0,False,False,False
0x06574d6b46cb268ee2238894c6d87e95a9317005,True,2000,1015,524,491,51.6,0.96,-2166.39,6,1768151627425,1781268752153,151.8,-8369.09,3.863,0.0,0,0.0,,False,True,False
0x066e9225707f5842c97a0df62569259bf3b2e296,True,465,187,85,102,45.5,0.34,-7322.2,18,1774600579300,1787301117257,147.0,-1008.78,0.138,0.0,0,0.0,,False,True,False
0x068b06de95ef83598a73132c09d7d53bb38d3d67,True,1661,704,419,285,59.5,0.79,-17089.64,15,1740434577685,1787244889064,541.8,-17580.76,1.029,6399.760618,1,-10108.48,-158.0,True,True,False
0x069f458978a51ef6a9e2f6b6eb1fe2f39271c5a2,True,2000,779,536,243,68.8,1.33,8881.56,16,1785269183127,1788766768003,40.5,-13699.49,1.542,978.695212,1,-78.98,-8.1,True,True,False
0x06b48749d4c99fb8a1c69477d923a3654ac93ba9,True,2000,888,681,207,76.7,1.01,99.14,92,1778081963828,1788779335807,123.8,-2864.55,28.894,10079.5401,1,15.62,0.2,False,True,False
0x06d5af06a3a7d29909e1cdc7a9deded2fb14ab57,True,2000,829,565,264,68.2,9.32,170852.97,40,1773011030934,1788720674384,181.8,19285.61,0.113,173696.7579,5,114164.46,65.7,False,True,False
0x06e44a1384e76946b3d207711e0431eacbf9ea1a,True,1774,892,375,517,42.0,1.29,4789.91,8,1781076209810,1787573434237,75.2,2595.75,0.542,0.0,0,0.0,,False,True,False
0x07069588340fb3f3b3e73e187ce486f736ff477c,True,1457,845,209,636,24.7,1.09,431.24,5,1788162340565,1788556179425,4.6,795.4,1.844,2575.314673,1,1251.42,48.6,False,False,False
0x073afdd30cc61b816634c1d5c5606d31f5380a42,True,707,356,107,249,30.1,0.46,-5148.5,4,1783027086763,1788552710550,64.0,-4264.39,0.828,738.445203,1,4.97,0.7,False,True,False
0x0749ed12ee94cb1b305bea5bb33e0bca273f1b20,True,265,111,63,48,56.8,0.74,-1512.67,9,1786747053921,1787986530794,14.3,-2181.65,1.442,0.0,0,0.0,,False,True,False
0x075d49f4cf32cf630beb8687490c4dba88358af4,True,2000,991,488,503,49.2,2.93,21955.64,20,1785933164027,1788705925996,32.1,2579.85,0.118,0.0,0,0.0,,False,True,False
0x07709a54447c4d99441d56630be3dafb26325a16,True,2000,890,743,147,83.5,2.51,11771.76,27,1785088650210,1788779186388,42.7,1048.52,0.089,237.705566,1,9.87,4.2,False,True,False
0x078c57e18f63b42a63815031927d666716773975,True,955,390,172,218,44.1,0.51,-2145.46,34,1777846479040,1787480841983,111.5,-635.23,0.296,2149.482162,4,1063.84,49.5,False,False,False
0x079336884eff24283d18052fd838870fdaf4c550,True,2000,820,300,520,36.6,0.96,-705.46,36,1759257235083,1788427826481,337.6,-5088.88,7.214,347.388764,1,182.24,52.5,False,True,False
0x07af3c161a64e1abf960e8971711e976501cbaaf,True,1243,555,217,338,39.1,0.37,-7158.89,17,1788028965419,1788769941199,8.6,-734.45,0.103,2946.210442,3,-98.5,-3.3,False,True,False
0x07c187d8699fbd9920d3cc9df3e7d557015c5d05,True,2000,878,538,340,61.3,3.26,17125.05,17,1786808334954,1788771079688,22.7,1876.52,0.11,6659.471159,2,-246.35,-3.7,False,True,False
0x07cc38fc03964100d42a36f60929868317c79fe9,True,2000,936,717,219,76.6,0.58,-9770.55,13,1773915854075,1788449089172,168.2,-5100.84,0.522,0.0,0,0.0,,False,False,False
0x07e2e4a8751461f686fdd9ee176c7610777a1839,True,64,58,56,2,96.6,915907.16,15928.25,2,1775569730570,1785411816596,113.9,2884.84,0.181,0.0,0,0.0,,False,False,False
0x07f295e1cc1606ad92bb41f77c0109d4cd76d13c,True,1293,618,170,448,27.5,0.79,-1130.13,7,1777454099663,1783081610809,65.1,632.71,0.56,0.0,0,0.0,,False,False,False
0x08072a0325b713c165dc97912101953934d2ae85,True,2000,962,347,615,36.1,0.6,-5382.93,46,1773340827471,1788651385436,177.2,-1088.77,0.202,0.0,0,0.0,,False,False,False
0x0818a4f79d7effe18d9945c69b3e808b867adcca,True,2000,1110,451,659,40.6,1.21,5884.72,9,1781878049523,1784661850019,32.2,3032.49,0.515,0.0,0,0.0,,False,True,False
0x082ccdcd0edb13c3a86c7daba0fa02b5de5e3ad2,True,1030,483,267,216,55.3,1.95,5118.88,18,1760804076798,1788354864742,318.9,2208.6,0.431,0.0,0,0.0,,False,True,False
0x084d5d4e3148afd4365710bb0923582a35611c95,True,2000,959,584,375,60.9,0.54,-149.33,13,1769527209724,1788739200041,222.4,-56.63,0.379,36.007275,1,2.77,7.7,False,True,False
0x0872128263255c75c24dbb3d09d36d50e214975a,True,2000,858,302,556,35.2,0.47,-5631.07,20,1787664711126,1788771870320,12.8,388.06,0.069,545.947087,1,3.31,0.6,False,False,False
0x08855db3fcb97e7303f0d78a7ab03a97455d81db,True,2000,981,710,271,72.4,0.56,-7713.67,9,1764486925541,1788681907462,280.0,-3427.58,0.444,5509.663295,1,-766.25,-13.9,True,False,False
0x08a0d6ff6fd9cdd29ba4855639c1d8b1355ed58d,True,1507,607,373,234,61.4,1.36,3932.63,34,1731352202252,1787956312103,655.1,1667.43,0.424,294.605037,0,0.0,0.0,False,True,False
0x08b5cf766ffbc31c129d2733b3f831054cec310c,True,2000,880,171,709,19.4,0.04,-217148.37,7,1774226085913,1780684434902,74.7,-13446.0,0.062,73122.072604,4,-2081.61,-2.8,False,False,False
0x08c88e2c07fb2b0ffd9efab47a1a70486fd1aee2,True,2000,941,376,565,40.0,0.81,-7231.96,29,1760482947322,1788767344300,327.4,-8824.3,1.22,0.0,0,0.0,,False,True,False
0x08eeae87df864cabeff0aba98c35459f60d486dd,True,2000,467,304,163,65.1,0.73,-19911.25,34,1778012435278,1787176050179,106.1,-17792.25,0.894,0.0,0,0.0,,False,True,False
0x09063442d43cd311b3b1859b9786154fbdc16250,True,1513,667,184,483,27.6,0.52,-19712.45,26,1738091002330,1787462222066,571.4,-1630.54,0.083,0.0,0,0.0,,False,True,False
0x09127c753627a84c64e374186c50810a2bf32857,True,223,115,57,58,49.6,1.62,4506.51,5,1769870580370,1788639508149,217.2,2797.81,0.621,0.0,0,0.0,,False,True,False
0x093f2e026bf3d52f5ba02306976255782ffbf712,True,2000,1089,484,605,44.4,0.97,-134.52,1,1788455345062,1788780769456,3.8,-214.72,1.596,8632.057346,2,-0.39,-0.0,False,False,False
0x095ac70965bed96cda5d80682ddecb6059f29559,True,2000,1090,721,369,66.1,1.57,31323.47,75,1765375263859,1788701403201,270.0,-5967.85,0.191,0.0,0,0.0,,False,True,True
0x096e980edc49dc90fba8562b22865093cd773cbc,True,313,167,53,114,31.7,0.11,-12477.56,5,1778073941062,1780314738180,25.9,-3437.06,0.275,0.0,0,0.0,,False,True,False
0x09873cffcdf374fe7b2d797e7f2ef76ed614667e,True,2000,1002,484,518,48.3,0.84,-1151.93,31,1787238379066,1788528407295,14.9,381.09,0.331,0.0,0,0.0,,False,True,False
0x0990b7a9b12c35c7ae96c76ee7486ed9ab529cbc,True,1733,711,196,515,27.6,0.58,-5400.37,11,1777960047797,1786411844468,97.8,-858.35,0.159,2289.721259,1,2140.8,93.5,False,True,False
0x099dae759f35d3a4d83fa805971377bfc8aaed66,True,2000,1103,502,601,45.5,1.0,3.75,2,1787354191044,1787434862530,0.9,-703.55,187.796,0.0,0,0.0,,False,False,False
0x09c72121af3ce729ab96b48fdfdd1ece4963af93,True,2000,1084,680,404,62.7,0.66,-3944.82,18,1770421572462,1788628598577,210.7,-2974.64,0.754,397.267066,1,35.27,8.9,False,True,False
0x09d70eac3bbebf727218b81b7f6384249826ab24,True,2000,1049,881,168,84.0,3.15,72012.22,1,1776940239262,1788450961376,133.2,7349.14,0.102,147677.812848,1,-10228.24,-6.9,True,False,False
0x09f0fa98775ddf011e4ecd0746dea9cfb596f648,True,171,112,62,50,55.4,0.63,-3384.27,2,1785724028666,1788203332554,28.7,2540.85,0.751,0.0,0,0.0,,False,True,False
0x0a01de9cd3d1eab771bef316f0eae531db044d0f,True,2000,740,91,649,12.3,0.2,-25680.33,4,1787032142662,1788528759180,17.3,1762.36,0.069,0.0,0,0.0,,False,False,False
0x0a12f3185c10a5a6356cdf6ee91c8f0cd3d06f5f,True,2000,917,231,686,25.2,0.2,-107637.14,7,1787660521001,1788758207433,12.7,-6276.26,0.058,40312.509689,2,68419.07,169.7,False,True,False
0x0a28e5451456279f485c37e0765b542a93ce1646,True,2000,925,563,362,60.9,5.03,55687.19,2,1779523545010,1788525548026,104.2,25237.84,0.453,18361.160566,1,-4041.86,-22.0,True,False,False
0x0a47605d9bfa763028d98d0aa64d0fdafd21fb59,True,1007,484,281,203,58.1,1.5,4629.94,22,1739342952864,1787584999790,558.4,1744.15,0.377,0.0,0,0.0,,False,True,False
0x0a66c80be307b79399a503f8e1c9d2c81981f2a4,True,2000,1046,537,509,51.3,1.62,44881.92,12,1760425386292,1788503655943,325.0,4716.17,0.105,66124.52389,2,-10893.57,-16.5,True,True,False
0x0a72c5c7ca7117b38d2070dfc873ce25d9d191a0,True,679,315,85,230,27.0,0.28,-3573.07,22,1732903740180,1788426303215,642.6,-2086.3,0.584,0.0,0,0.0,,False,False,False
0x0a872082df771893896f1d3d634ba211c6c650de,True,2000,737,558,179,75.7,3.16,64050.57,8,1787177449330,1787941979986,8.8,3762.33,0.059,0.0,0,0.0,,False,True,False
0x0a9c52dcce024dd72aafeb43c1c253b93ab6ee2c,True,2000,808,325,483,40.2,0.8,-3711.93,27,1778401286243,1784071251400,65.6,-5896.45,1.589,0.0,0,0.0,,False,True,False
0x0aa9103975747cccf7df4e6287a46ae3399c0a52,True,2000,932,523,409,56.1,0.84,-4775.57,17,1768587992372,1776186379896,87.9,-1844.61,0.386,0.0,0,0.0,,False,True,False
0x0ab073c2b04f296f2bfad3c3405fa77a499ea2bd,True,520,281,154,127,54.8,0.46,-4472.85,11,1781657899220,1787877555378,72.0,-3218.67,0.72,0.0,0,0.0,,False,False,False
0x0ad9e656d9e6211d0ea1c5462342e1fc94cc4cbf,True,2000,917,917,0,100.0,inf,83773.66,5,1788505765712,1788767919952,3.0,7279.81,0.087,3494641.177484,2,1026553.32,29.4,False,False,False
0x0af66f3571761d7196b713ff881609d7e7456fe1,True,2000,1079,585,494,54.2,1.67,25755.03,31,1763827685902,1788394276993,284.3,4203.45,0.163,19398.78694,3,-26006.13,-134.1,True,True,False
0x0b0bab22bbe4e850dfcdfc097872b16ce61e2185,True,2000,1050,675,375,64.3,8.83,97310.44,5,1781608289413,1785491277667,44.9,15401.8,0.158,0.0,0,0.0,,False,False,False
0x0b20f7fd25f5fed5daf53e97ac56c7199c53b985,True,2000,930,718,212,77.2,0.62,-5101.97,53,1775307068471,1788779827151,155.9,-1571.82,0.308,8149.653207,1,-2985.77,-36.6,True,True,False
0x0b42664822f3c3e45787d5f351447fe16fad09d3,True,144,72,26,46,36.1,1.33,823.63,2,1770325686571,1772307293163,22.9,674.28,0.819,0.0,0,0.0,,False,False,False
0x0b5fd644b2c21f50f83e1163dc5903079869ac17,True,555,266,175,91,65.8,2.7,17351.54,14,1706076140914,1788650001586,955.7,-3974.68,0.229,5167.675504,1,177.25,3.4,False,True,False
0x0b751e2a92a132f8538c87213d5b536d3ab88f4a,True,2000,935,489,446,52.3,0.76,-7420.95,15,1782252769009,1788775286458,75.5,-2385.06,0.321,8236.380703,2,323.46,3.9,False,False,False
0x0b8b38ea0406c4b44d7226163692aff3e1da954f,True,2000,993,234,759,23.6,0.52,-6555.53,20,1781239155723,1784146145434,33.6,-2077.92,0.317,0.0,0,0.0,,False,True,False
0x0ba9b43a58a7097011cf44976ddc3187667b4286,True,2000,1132,803,329,70.9,0.48,-93742.68,16,1763581640381,1788757653817,291.4,-22676.92,0.242,52251.591732,2,-27379.38,-52.4,True,True,False
0x0bb5bf73e7eb347b265f23a61228dfe330cfc797,True,2000,933,639,294,68.5,2.04,28474.5,53,1761752044243,1788766641849,312.7,-9574.8,0.336,21688.900886,3,-21532.54,-99.3,True,True,False
0x0bcde2b0e3795daa6b3b5fa6d3e52550bbfe101e,True,1164,578,410,168,70.9,0.6,-22539.34,14,1711427540545,1788729313169,894.7,-23603.3,1.047,0.0,0,0.0,,False,True,False
0x0becb107c5defbb260cf044e400d4af503eedd34,True,2000,1397,1035,362,74.1,4.21,44549.27,3,1774946663885,1777033546925,24.2,563.83,0.013,0.0,0,0.0,,False,True,False
0x0c03cd1cba81b49df9a6c2034a22d7238d3b05d5,True,1671,741,328,413,44.3,1.7,3978.08,17,1774143938785,1788761702087,169.2,792.79,0.199,0.0,0,0.0,,False,False,False
0x0c0cf825707b3235962dab0e8fdc2b8d97b70463,True,2000,1105,962,143,87.1,18.09,35778.73,2,1787233540150,1788780803576,17.9,480.22,0.013,15449.845203,1,2109.5,13.7,False,True,False
0x0c1fd4fed8679488afb3b23b2b872971e0001d39,True,2000,634,385,249,60.7,0.37,-9873.11,30,1788568262172,1788779683018,2.4,-988.01,0.1,1265244.938619,32,-998765.43,-78.9,True,False,False
0x0c2cb7193e1fa533c4a2b5ed45782962a0ac6c3f,True,2000,923,647,276,70.1,0.72,-7787.27,19,1784300132317,1788534146352,49.0,-2297.77,0.295,0.0,0,0.0,,False,True,False
0x0c37beb3380e9b602bba31f14b5302da5eb0292a,True,204,108,61,47,56.5,11.26,2909.32,13,1735261414951,1787300130692,602.3,932.25,0.32,1969.284118,0,0.0,0.0,False,True,False
0x0c4695f6b8c3209cb3dfecf2010098065623e94d,True,518,248,135,113,54.4,8.33,42595.54,9,1752857173933,1787303545217,398.7,7157.56,0.168,0.0,0,0.0,,False,True,False
0x0c52cf609a3ca0e5d8836c97ccfe8855d29501e3,True,391,174,103,71,59.2,1.16,3063.02,11,1770007771691,1781616766050,134.4,-6073.7,1.983,0.0,0,0.0,,False,True,True
0x0c67ff84dddc2f62c9feac062ed8d11d1ca7298d,True,2000,960,505,455,52.6,0.42,-13672.62,35,1785785978404,1788780904593,34.7,-1856.7,0.136,10930.351335,3,-358.43,-3.3,False,False,False
0x0c76ba888059b8b13787835117f3f55899179ced,True,2000,1172,1002,170,85.5,7.81,40823.65,41,1766939818737,1788690056544,251.7,3118.99,0.076,5976.71343,2,725.88,12.1,False,True,False
0x0c892a6f1d09eb80f65f67ecf6c0d0f1b344f2df,True,2000,1248,881,367,70.6,1.29,19212.22,17,1763946380757,1788232269896,281.1,6356.54,0.331,6969.0,0,0.0,0.0,False,True,False
0x0ca4109c94438dde8d7386da27180f414de80fa8,True,2000,960,899,61,93.6,30.25,109383.01,17,1786113829019,1788748611812,30.5,5649.25,0.052,165124.38,8,-73915.01,-44.8,True,True,False
0x0cbf80cdda815e0ce42da8faed2272367e03a599,True,1423,583,244,339,41.9,0.95,-1460.13,14,1759205252851,1785444097565,303.7,5860.16,4.013,0.0,0,0.0,,False,True,False
0x0ccfa1c3441f3febdcee067bd1cbe3af7bbb614b,True,2000,969,426,543,44.0,1.03,72.72,22,1774354775493,1788739200041,166.5,-180.51,2.482,0.0,0,0.0,,False,True,False
0x0cd7dfc1ee4e697f995bee825ead62eafa5b76be,True,1735,895,198,697,22.1,0.13,-72424.11,3,1773356398657,1784595638487,130.1,-1799.97,0.025,0.0,0,0.0,,False,False,False
0x0ce048fe42c170e41740ee392e187f19515f339d,True,2000,1209,634,575,52.4,2.31,36512.55,50,1787148644262,1788652168687,17.4,3616.85,0.099,107431.844444,6,29132.28,27.1,False,True,False
0x0cf87b1992e797cf7133595850222ca40da87e70,True,1643,1006,389,617,38.7,0.56,-7653.81,24,1743511711657,1784075513244,469.5,-1391.37,0.182,0.0,0,0.0,,False,True,False
0x0d1334c633c32ea203abe54c8208d4d9fb5bcba2,True,285,129,84,45,65.1,12.16,82326.94,5,1759405959330,1787153254538,321.1,13157.9,0.16,0.0,0,0.0,,False,True,True
0x0d450cb737f73f2985e9c39976fd00d6b94bf3d7,True,2000,872,237,635,27.2,1.3,15242.2,10,1787885798045,1788745477387,9.9,10442.67,0.685,0.0,0,0.0,,False,True,False
0x0d62a6d145c915ded29d67e93c5af712f9cb2047,True,2000,1017,816,201,80.2,1.8,10219.7,17,1771604735434,1788545082144,196.1,1999.82,0.196,0.0,0,0.0,,False,True,False
0x0d7ac07ded6ee0a571ac3e3fc05649104e5e81aa,True,2000,1384,562,822,40.6,1.54,41748.02,42,1739828948406,1788310644580,561.1,-5991.81,0.144,10659.160068,2,-222.07,-2.1,False,True,False
0x0d901d649fb0812429e3817262c0500b21e3d17d,True,2000,1072,416,656,38.8,0.43,-18904.05,19,1782936916612,1788269586587,61.7,-1655.56,0.088,0.0,0,0.0,,False,False,False
0x0dacc7756d3f9e72282fef33e961efc1afae5355,True,2000,973,381,592,39.2,1.66,45385.11,6,1760609600888,1783830200456,268.8,12346.93,0.272,0.0,0,0.0,,False,False,False
0x0dce5767c76d77639568699036dea90cbe89c404,True,1795,911,366,545,40.2,1.12,2664.04,8,1755642181142,1787322152257,366.7,-1662.34,0.624,12557.717367,1,7891.43,62.8,False,False,False
0x0ddcec3c593a9f577c888a6c9e56e8b0f5fcd048,True,2000,1195,188,1007,15.7,0.39,-9376.42,5,1774463507923,1777655198645,36.9,1380.36,0.147,0.0,0,0.0,,False,True,False
0x0df5cf81ff1fe3c01316dffcdc579a8e9e64d2ce,True,403,141,105,36,74.5,3.97,4015.01,8,1780371760314,1788747893094,96.9,799.79,0.199,0.0,0,0.0,,False,False,False
0x0e09deba27e27551c4f6168d35285f6032f42981,True,2000,645,470,175,72.9,0.32,-32956.02,9,1762143842226,1779584197949,201.9,-6640.96,0.202,0.0,0,0.0,,False,True,False
0x0e1bb90d941fc18c2a492aa9df61241c741a2ec1,True,1314,643,200,443,31.1,0.3,-3511.24,10,1746332370995,1783485124936,430.0,-530.19,0.151,0.0,0,0.0,,False,True,False
0x0e37e0229045e36b69de4fcdaa9839fff0060bb6,True,1725,856,639,217,74.6,1.14,1504.04,8,1770765663994,1775225040591,51.6,-1930.87,1.284,0.0,0,0.0,,False,False,False
0x0e52e2e23dcc5687951b741ad2611da4d63f0106,True,729,508,77,431,15.2,2.91,5517.57,8,1770319733388,1787510140332,199.0,669.77,0.121,0.0,0,0.0,,False,False,False
0x0e64cbca254788df4a8d29e3721d077d91d0d92a,True,2000,1085,442,643,40.7,1.85,15746.96,38,1761232780032,1788778035393,318.8,1649.43,0.105,2649.788311,1,-112.09,-4.2,False,True,False
0x0e7d17b539b111f1702458724daf17d91de82d36,True,2000,678,496,182,73.2,2.45,6580.39,3,1788431198197,1788779649758,4.0,900.91,0.137,61383.94877,3,-1531.48,-2.5,False,True,False
0x0e8da821a69d4345b6a798958f6e3554ca48e7b2,True,2000,1999,479,1520,24.0,0.07,-314622.51,3,1780819506998,1780876800034,0.7,-18986.65,0.06,0.0,0,0.0,,False,False,False
0x0eaa23a9c403491568ea69e1f3ad20ac77553c2c,True,1033,535,218,317,40.7,0.79,-674.94,20,1777410693104,1778770918682,15.7,269.95,0.4,0.0,0,0.0,,False,False,False
0x0eba5721065f961bced568527bfa03ea9ed61a00,True,941,295,253,42,85.8,6.35,50854.63,14,1759921398936,1787837401868,323.1,-4454.12,0.088,139169.362499,1,96926.94,69.6,False,True,False
0x0ed17278f7cb437184e5ee66cf88aa14168ac616,True,1354,708,470,238,66.4,1.35,4705.46,37,1763829636199,1788777197043,288.7,-3254.04,0.692,2346.459588,3,-2115.7,-90.2,True,True,False
0x0ee71bf71238e1c02f2203414fa6e96370440faa,True,2000,954,420,534,44.0,0.88,-1696.94,7,1787176709631,1788750080489,18.2,-2840.82,1.674,0.0,0,0.0,,False,True,False
0x0efd14472e70b5e7dc5a1a1bd8d2aed820680f4c,True,2000,850,351,499,41.3,0.35,-6514.37,18,1787577126585,1787984506161,4.7,-569.01,0.087,0.0,0,0.0,,False,False,False
0x0f17819755a2d596b5569cda5985e5f7ac347c6a,True,2000,1161,166,995,14.3,0.54,-2059.4,26,1776708774727,1788471009026,136.1,-279.86,0.136,0.0,0,0.0,,False,True,False
0x0f2c33e99d98dd7884882e6538d6dbe68c1739e7,True,1526,742,239,503,32.2,0.58,-6950.32,6,1772645800524,1777245658794,53.2,-1720.12,0.247,0.0,0,0.0,,False,True,False
0x0f48ddf1ad6134e552ec993129dedc212945e18f,True,2000,16,4,12,25.0,0.07,-75.02,9,1788736393824,1788776616092,0.5,-11.71,0.156,133379.933806,34,-47393.2,-35.5,True,False,False
0x0f638286287ebd2acca95981f90aaa7de863a390,True,2000,1075,704,371,65.5,1.22,2264.85,15,1780975921267,1787836951232,79.4,-596.53,0.263,0.0,0,0.0,,False,True,False
0x0f7a453567401070ddb6b4ec82f97bd78b857c04,True,2000,542,177,365,32.7,0.25,-4695.41,18,1788711107529,1788781462486,0.8,-82.27,0.018,116400.012466,38,-96366.36,-82.8,True,False,False
0x0f98490ed481611ae1945c62274a20480c8cdc40,True,2000,983,299,684,30.4,0.57,-3276.67,27,1780401057668,1787826016097,85.9,755.03,0.23,0.0,0,0.0,,False,True,False
0x0fa972daad5d783eaef01ba76cbd069b287d77e1,True,891,338,216,122,63.9,7.2,10045.98,9,1782982719985,1783427283024,5.1,1041.09,0.104,0.0,0,0.0,,False,False,False
0x0fcb7a700c68187c092aee29c03f2a5e9ab6f72f,True,1631,735,431,304,58.6,0.27,-69894.26,29,1738585078803,1788382289053,576.4,-31863.59,0.456,30127.19984,4,-2345.6,-7.8,True,True,False
0x0fe2c00301f089c59f1789a0dab7d7438527d74b,True,2000,1458,1228,230,84.2,1.87,14953.1,20,1786510821304,1788766490350,26.1,-3398.12,0.227,0.0,0,0.0,,False,True,False
0x0ff911dc09dbb3006f25ee71093d0fe4fd82a44d,True,2000,1116,921,195,82.5,13.18,82234.27,3,1788459224843,1788780226562,3.7,2685.78,0.033,346832.745681,1,3363.49,1.0,False,False,False
0x1003b47b2980ae3cf433165f81296ef747e4f484,True,2000,996,421,575,42.3,0.24,-27551.48,4,1768227953814,1772839432540,53.4,721.81,0.026,8.591255,0,0.0,0.0,False,False,False
0x100caefdee7e490ad26befd1a6bf4de3ceb9d719,True,2000,945,315,630,33.3,1.24,12415.0,6,1764814707015,1776264995478,132.5,-3851.68,0.31,18817.070519,0,0.0,0.0,False,True,False
0x1024582045589710aa9488555ca655333ccd5653,True,2000,736,233,503,31.7,0.7,-16957.42,31,1780342340785,1788775737077,97.6,4122.8,0.243,17459.847037,2,20400.85,116.8,False,True,False
0x103609a881b6777febfc1520cc4922f736b828c2,True,648,290,252,38,86.9,12.1,1436.74,1,1775203807729,1788766070327,157.0,866.65,0.603,6313.673651,1,0.0,0.0,False,True,False
0x104c33680a690c2625f445782ce4cd873e4cc0a3,True,287,141,33,108,23.4,0.96,-127.97,3,1778713359230,1779154346800,5.1,841.19,6.573,0.0,0,0.0,,False,False,False
0x1060b391b4e0c3959e7bf98ec4d9ef21b001cc46,True,331,67,58,9,86.6,1.46,10526.41,6,1752149730849,1788339391565,418.9,-17753.77,1.687,21037.812537,4,-23937.34,-113.8,True,True,False
0x107902a7438e82af93972ff4982eac6234795841,True,1600,731,234,497,32.0,0.96,-4159.2,11,1759102151660,1783009635225,276.7,5944.69,1.429,0.0,0,0.0,,False,True,False
0x1095734e174ed0fa5ddb96c537504ad94e2125c3,True,2000,457,50,407,10.9,1.46,44167.72,5,1782061755623,1788397251068,73.3,138841.6,3.144,252357.265629,4,-324999.71,-128.8,True,True,True
0x10b6f072fabe21bc72ffd77ff5d4414e6cef2980,True,2000,1152,589,563,51.1,0.92,-22615.95,1,1780704054044,1787857672560,82.8,-68547.94,3.031,278059.12516,1,-12123.68,-4.4,False,False,False
0x10c7f2b4741f5686a42c9fb2002e9e50ca508278,True,2000,800,364,436,45.5,0.81,-5241.3,22,1787171924479,1788774930798,18.6,4753.38,0.907,3988.416746,1,2881.79,72.3,False,True,False
0x10d7da9340e45a6ec6f93a495a7f9ae0e5075a34,True,2000,746,529,217,70.9,0.47,-279957.42,2,1782961434941,1787153286506,48.5,-108341.79,0.387,0.0,0,0.0,,False,False,False
0x10eadac3c42b809de31eee8a23b45540d05e57e8,True,2000,1199,270,929,22.5,0.1,-258282.89,6,1776315317797,1779289415503,34.4,-19507.66,0.076,0.0,0,0.0,,False,False,False
0x1105651b56bba4325dcdee943ad3adfe8f658acd,True,2000,907,337,570,37.2,0.67,-3972.08,76,1775596728765,1788713925964,151.8,-3009.6,0.758,12046.132886,4,4279.62,35.5,False,True,False
0x111529b9cf2c1f57a9ec4bb9e6451b6178ca8832,True,2000,848,385,463,45.4,0.83,-3279.24,22,1775995219397,1777650359476,19.2,-1897.84,0.579,0.0,0,0.0,,False,True,False
0x11221d1147970227396059e57eccaf30f354f725,True,2000,906,310,596,34.2,0.83,-3606.87,18,1738796973495,1776364610411,434.8,1402.66,0.389,0.0,0,0.0,,False,False,False
0x1141ee31d51ca48f54235e9920c3b938d278e40f,True,1666,833,421,412,50.5,1.6,8115.05,4,1780559126220,1788670534828,93.9,3241.53,0.399,7638.34471,1,-1838.6,-24.1,True,True,False
0x1152d8bcc5c2d3df74183b9386b01e6d876882f3,True,2000,1017,652,365,64.1,1.71,31345.3,11,1781441509014,1783455809995,23.3,3226.49,0.103,10.895771,1,9.25,84.9,False,True,False
0x1169a721e2e2052ac3768ca3a6e120b745247097,True,2000,951,596,355,62.7,1.04,864.38,49,1779147596730,1788540120503,108.7,-10753.23,12.44,0.0,0,0.0,,False,True,False
0x117f1f13209de72ae7a3ff6d75397117f39a9d3e,True,2000,688,519,169,75.4,0.09,-212511.81,3,1778768531059,1780557339629,20.7,-107304.11,0.505,0.0,0,0.0,,False,True,False
0x118e6eb5522e08fa231200aaeb4655a0b3da0e8b,True,2000,940,512,428,54.5,1.77,41405.95,9,1785757325019,1788419053703,30.8,6927.43,0.167,0.0,0,0.0,,False,True,False
0x11a691612bd108e57cc04ea42b006c9cb1ff006a,True,319,208,149,59,71.6,404.83,12929.69,11,1745893359234,1785316927056,456.3,1550.9,0.12,4079.062414,1,169.64,4.2,False,True,False
0x11c1f56e8f7139023fdb49b453243ac5a9d85145,True,2000,289,258,31,89.3,0.33,-12088.18,7,1757593820324,1787920385864,351.0,-4369.2,0.361,379.872108,1,-4.28,-1.1,False,True,False
0x11d61fd03ac9f907ac820e7bcb372de6fd1b5677,True,241,103,67,36,65.0,5.16,7094.25,1,1783572100878,1784505599027,10.8,5146.4,0.725,0.000462,0,0.0,0.0,False,False,False
0x11e64cfe088a23ea57b1326a4ada88e564716796,True,2000,824,824,0,100.0,inf,127068.86,3,1788132523554,1788769264925,7.4,14726.22,0.116,329834.137039,1,1764.99,0.5,False,True,False
0x11f53dac6d27c6fcbc5ad5c81bc908dba7e2c989,True,2000,951,423,528,44.5,0.63,-33203.09,25,1781272405918,1788556522269,84.3,-4819.1,0.145,2983.361647,1,-262.37,-8.8,True,True,False
0x11fcd60092b0b318f72863c27e295f24bf719069,True,2000,890,372,518,41.8,1.28,4271.21,3,1782997624679,1788709868078,66.1,3606.92,0.844,0.0,0,0.0,,False,False,False
0x120ff0f2671e8f9db47c9ba0364208f0c6698ab2,True,1785,947,652,295,68.8,1.27,1258.58,21,1761959043938,1777542710911,180.4,-799.06,0.635,0.0,0,0.0,,False,False,False
0x12233b83647d2b87392c103bff26c751dd927557,True,2000,681,251,430,36.9,5.84,27862.05,93,1785247919297,1788768224533,40.7,9869.89,0.354,14619.79194,5,-7612.95,-52.1,True,True,False
0x12407aeba9e0401acc06ef79f1eb9d9cba82f921,True,1682,827,718,109,86.8,5.27,21916.94,19,1733049122269,1788776768104,645.0,1427.62,0.065,14210.77692,1,-58.95,-0.4,False,True,False
0x1257567ae8c2c46c236108acce3380b812858ed8,True,363,199,83,116,41.7,0.74,-1044.68,6,1783297959605,1785357354282,23.8,590.31,0.565,0.0,0,0.0,,False,False,False
0x12651d08f86bdac553a60c8ec096b82bfcee5677,True,2000,942,566,376,60.1,2.11,28641.29,29,1767659128455,1779580800038,138.0,5744.83,0.201,0.0,0,0.0,,False,True,False
0x1279697ff2648bb1437d07bd3fc21e0d989f5334,True,2000,1683,353,1330,21.0,0.18,-20876.79,11,1781021838517,1785505482637,51.9,1130.04,0.054,0.0,0,0.0,,False,True,False
0x1289361cfaa06d4ea369cb2b3f0a80ac6ee77859,True,2000,749,424,325,56.6,0.61,-14133.1,44,1748078398377,1779336938080,361.8,-3703.71,0.262,0.0,0,0.0,,False,True,False
0x128e07babe3bbbd46b480a93bb4ab8bd21fc4131,True,2000,1594,0,1594,0.0,0.0,-703579.23,1,1778174587441,1778261595993,1.0,-22356.99,0.032,0.0,0,0.0,,False,True,False
0x129a76ec1bf4ecb099e65f976273855a5d258ab5,True,2000,798,384,414,48.1,0.4,-59629.53,21,1762190808040,1776593509907,166.7,-5207.6,0.087,19471.469492,0,0.0,0.0,False,True,False
0x12bdbd1f83ac7ba394f0775ca541d47cf37ab112,True,1515,708,227,481,32.1,2.82,9843.2,18,1762503530198,1788705118020,303.3,1045.75,0.106,3469.786803,2,1163.55,33.5,False,True,False
0x12d1f7f6f7970c08f513c3c89c2df0cb18aa45f5,True,891,484,249,235,51.4,2.44,3480.24,6,1781549011387,1787702100479,71.2,1052.15,0.302,0.0,0,0.0,,False,True,False
0x12e8ea07e1b5e757311350ea87e9c869fa55a7cb,True,2000,753,153,600,20.3,0.12,-37073.9,2,1784045561053,1788767166054,54.6,-3643.25,0.098,56437.164171,1,1006.8,1.8,False,False,False
0x12f7aea21eed5461d30212ea771c4441656b8750,True,2000,771,333,438,43.2,0.32,-90610.48,9,1787852043491,1788696568640,9.8,4267.98,0.047,96544.793003,1,18317.37,19.0,False,False,False
0x130925288bbdc7a1cb1e63210480c29c5a5b4a8e,True,2000,1024,261,763,25.5,0.33,-21550.3,4,1782144037073,1788471015136,73.2,1035.48,0.048,0.0,0,0.0,,False,True,False
0x131e6d2be31aa2a0f6885d747467906df7bfa767,True,2000,1998,223,1775,11.2,0.11,-322751.87,3,1780150020039,1788506042220,96.7,-11888.3,0.037,493671.959838,2,-986819.68,-199.9,True,False,False
0x132e5b5defdd6b549f99beaadb0758b046f0fccd,True,1092,650,286,364,44.0,3.24,41368.53,17,1765378073629,1787797941443,259.5,3417.2,0.083,0.0,0,0.0,,False,False,False
0x134d464140c9d997af4faa23aa6c8868c0bf140a,True,2000,1072,654,418,61.0,0.61,-41945.68,15,1763866532455,1788714817905,287.6,-9125.17,0.218,11719.790265,2,9817.92,83.8,False,True,False
0x135c45cc9d1ac4ffa3f8476f0299ce85ec88ec9a,True,1132,463,124,339,26.8,0.37,-31993.72,9,1780541186864,1785252070634,54.5,-4561.36,0.143,0.0,0,0.0,,False,True,False
0x136def3e25cf5fcba86b835bed13166aa7fa183f,True,2000,845,584,261,69.1,0.97,-1093.11,7,1781023647404,1784120118930,35.8,4233.6,3.873,0.0,0,0.0,,False,True,False
0x1389157633bc9d825b208480d4e184d8f6efa3c4,True,710,293,145,148,49.5,0.98,-47.15,24,1752343282845,1788776536138,421.7,322.48,6.84,283.542147,4,12.74,4.5,False,True,False
0x13957f40b5a01e2724746c71a35ad4f88b617613,True,579,233,97,136,41.6,0.46,-7402.48,17,1761709668679,1786084921169,282.1,-2381.07,0.322,0.0,0,0.0,,False,True,False
0x13a6ca5b23738595fee7ba8adc725f8584b2450a,True,1319,689,511,178,74.2,1.08,182.31,27,1783524926874,1788377685412,56.2,-274.53,1.506,408.588461,1,-130.74,-32.0,True,True,False
0x13bffe71f0fb5011cc41eb675bf3ab29c58f5a27,True,2000,1084,518,566,47.8,0.87,-1624.19,22,1767255064815,1787510610359,234.4,-1076.0,0.662,879.444829,3,-113.83,-12.9,True,True,False
0x13d299677dd0186143c6fbc35378cdcf417276c9,True,2000,786,416,370,52.9,0.78,-7266.51,26,1779335808843,1786371068495,81.4,-5224.99,0.719,0.0,0,0.0,,False,True,False
0x13e8a7867a4690bf1ebd2aa0f77bee13b5290450,True,2000,974,439,535,45.1,0.06,-124420.1,5,1786020684592,1788655089099,30.5,-8622.81,0.069,8786.657744,1,-2523.01,-28.7,True,False,False
0x13fa88e535d5ea07f3a56935b5805b98205beeaa,True,2000,440,269,171,61.1,0.08,-110503.47,3,1772308255334,1773964800103,19.2,-27318.35,0.247,0.0,0,0.0,,False,True,False
0x1406dbb02bd31dba4247f51414c065c754d982d8,True,2000,815,494,321,60.6,1.61,40519.34,12,1764810879740,1788740278935,277.0,10235.48,0.253,53138.251065,3,-3311.94,-6.2,True,True,False
0x14246f4bbafb87ccebac17609054c6a188ed8cfd,True,2000,971,491,480,50.6,1.53,124062.18,5,1784151844209,1788254945037,47.5,-17950.03,0.145,333729.507833,1,67568.42,20.2,False,False,False
0x143aa64476be34296d58412ec75e7ea46ac0b0d7,True,1074,525,367,158,69.9,4.15,20829.14,23,1722250354686,1788199915749,763.3,2766.19,0.133,798.013195,0,0.0,0.0,False,True,False
0x1444e728c5765ff8bc9813177cd5c06aed440dd4,True,775,354,168,186,47.5,0.72,-1320.96,13,1758543977273,1773748301170,176.0,705.37,0.534,0.006242,0,0.0,0.0,False,False,False
0x145abafdd5087855a407e04a5c901ecc71c06f28,True,552,244,149,95,61.1,1.1,1277.55,4,1769892007465,1788461461126,214.9,-1540.24,1.206,0.0,0,0.0,,False,False,False
0x14752abc79c53e37bbb1a034298577a4aca758d0,True,777,331,261,70,78.9,193.04,1885.47,18,1756839637536,1788738196343,369.2,226.79,0.12,0.0,0,0.0,,False,True,False
0x149d61c8b4195762990c1b7b74e88dbdbaf6f821,True,1311,552,430,122,77.9,1.89,12004.37,64,1741052390667,1787943582171,542.7,5561.55,0.463,15660.715751,5,-11858.16,-75.7,True,True,False
0x14b089cabecadc5e3fbfcd026b1f4f313f0efa1a,True,1110,628,323,305,51.4,1.04,708.49,4,1780555387102,1788197954370,88.5,-2165.74,3.057,0.0,0,0.0,,False,False,False
0x14cc0efbb8e7d2719e4e1b212f1cf48d07dfe8d4,True,763,348,333,15,95.7,77.11,10483.12,3,1783701426014,1787377078712,42.5,495.84,0.047,0.0,0,0.0,,False,True,False
0x14ecb3f4932522b8d508fa6e237e2746a4999feb,True,2000,1088,495,593,45.5,0.88,-1085.35,169,1786148045336,1787740572206,18.4,544.67,0.502,976445.180654,166,7586.89,0.8,False,False,False
0x14f8e042905350cee7ae0cec27f092f10dd912bb,True,2000,1265,750,515,59.3,0.96,-192.33,1,1787745434316,1788780323701,12.0,-102.3,0.532,153560.884811,1,5.96,0.0,False,True,False
0x150d566b8254c4938a3824be824c15012731cafb,True,2000,998,291,707,29.2,0.49,-12268.03,4,1787644930312,1788532671242,10.3,-2852.36,0.233,0.0,0,0.0,,False,False,False
0x151c93db33976a7db4f4089814344edb82cf6980,True,2000,987,424,563,43.0,1.17,701.06,51,1786004603045,1788775658568,32.1,223.95,0.319,5810.965918,50,3544.17,61.0,False,False,False
0x1534c38a89d46266e1c1dd6b60941a70b313efd1,True,2000,1023,342,681,33.4,0.37,-16636.15,56,1767947877868,1788710809283,240.3,-1478.65,0.089,517.932937,1,227.77,44.0,False,True,False
0x153fc5b02b1001e48cd1d80eadf83e2ffcc0e38e,True,2000,966,644,322,66.7,2.5,8846.65,4,1787406338435,1787963891230,6.5,1036.23,0.117,0.0,0,0.0,,False,False,False
0x154ed1518027a26536905a2c4551956d6203bbf3,True,2000,880,354,526,40.2,2.03,17875.18,20,1780685841210,1788774306191,93.6,1614.14,0.09,16718.635118,4,9237.36,55.3,False,True,False
0x1566bd4c1480bcfc8650c295319de5a72b4b66fb,True,1399,834,349,485,41.8,1.02,860.18,10,1762528471322,1787788800012,292.4,-5277.93,6.136,0.0,0,0.0,,False,True,False
0x15854fbc73601d47e126c4785c48265cc5659a2b,True,1774,936,319,617,34.1,0.91,-1575.76,40,1760537540928,1785465532991,288.5,1314.24,0.834,0.0,0,0.0,,False,True,False
0x159d148acd970eaf88bed8feac4ad6d38e7c3665,True,2000,959,411,548,42.9,0.46,-21492.53,8,1786312996098,1788707872276,27.7,-1920.21,0.089,0.0,0,0.0,,False,False,False
0x15b989222088b5a00d1283e8c2bbbe9cc7bd4b30,True,2000,734,487,247,66.3,6.52,64740.94,14,1773608574371,1788716468607,174.9,11645.4,0.18,73853.614257,4,237215.98,321.2,False,True,False
0x15d44a524009bb5f06451e11642bef4688734647,True,2000,1080,473,607,43.8,0.46,-5357.41,4,1772300883529,1774384029328,24.1,-817.67,0.153,0.0,0,0.0,,False,False,False
0x15e4374b6d452d02784b3b5b7319f7aa13e8eaa3,True,1260,640,358,282,55.9,0.45,-14165.12,17,1752247976377,1788511803993,419.7,-3615.24,0.255,0.0,0,0.0,,False,True,False
0x15f5c356656abba5a4b51f342b65a2b0ed36ab71,True,2000,1011,336,675,33.2,1.21,1681.39,1,1772522468501,1788673282961,186.9,509.22,0.303,0.0,0,0.0,,False,True,False
0x1605b14b64e816d4348b8973fb5e67ea39331143,True,2000,1056,584,472,55.3,1.99,42739.11,38,1745359238203,1782197848094,426.4,17779.76,0.416,0.0,0,0.0,,False,True,False
0x1622364f5eecac11ff5e9b23cb55efca31ed4846,True,2000,346,73,273,21.1,0.01,-75038.03,5,1785267951671,1787375501339,24.4,-9306.08,0.124,0.0,0,0.0,,False,True,False
0x1633090139689acf26bc44c7dc9c5f2d4e320526,True,2000,959,625,334,65.2,0.62,-9601.69,62,1752217019101,1788529676223,420.3,-8358.98,0.871,0.0,0,0.0,,False,True,False
0x1640e916e10610ba39aac5cd8a08acf3ccae1a4c,True,564,265,262,3,98.9,168835.13,84084.46,3,1744729385892,1772912969293,326.2,7537.62,0.09,0.0,0,0.0,,False,False,False
0x1663c5b7afcc943c4384dfef7085f1a2daa41933,True,367,172,71,101,41.3,1.14,557.29,17,1749451895379,1788250353041,449.1,1037.71,1.862,0.0,0,0.0,,False,True,False
0x16743bb2a598f430cc1b84afb9f34a45c7835933,True,282,150,79,71,52.7,1.18,320.35,4,1787283970677,1787360256670,0.9,-249.0,0.777,0.0,0,0.0,,False,False,False
0x168d9c6b619084f681b09f269b2f52887146997d,True,237,144,83,61,57.6,1.27,3122.89,2,1782055572329,1787213643978,59.7,3454.54,1.106,0.0,0,0.0,,False,False,False
0x169f6008a384dce7ebf856f071de2288f3d8bb5a,True,514,157,10,147,6.4,0.0,-110960.41,2,1780370899539,1782440018503,23.9,-18069.94,0.163,0.0,0,0.0,,False,False,False
0x16bf84af3f85f8c8a97597bf2be549dfe0dee637,True,2000,268,268,0,100.0,inf,687676.97,2,1784826130768,1788401633375,41.4,53684.69,0.078,0.0,0,0.0,,False,False,False
0x16dd153400664689afa2d6a1b405681d353beb10,True,1068,567,237,330,41.8,0.24,-32741.07,7,1773087217253,1773163981756,0.9,-3486.38,0.106,0.0,0,0.0,,False,False,False
0x16f368bfaa9308a4b1728f5356001f58b914caab,True,2000,1069,214,855,20.0,2.18,4501.4,21,1755702467005,1784128670347,329.0,2487.66,0.553,0.0,0,0.0,,False,True,True
0x1711bc52bf7e0494325799717fe640f1924617b7,True,2000,689,451,238,65.5,9.6,106514.83,19,1769796992583,1788629072640,218.0,10550.5,0.099,5267.660619,1,-506.0,-9.6,True,True,False
0x171dae22b287cf811d81da96d284c6dcc2953e5d,True,640,256,228,28,89.1,0.27,-38232.25,3,1782809435370,1788316946767,63.7,-10021.67,0.262,0.0,0,0.0,,False,True,False
0x1736f648d0809c59b1429ae25250b811191419a0,True,1010,441,209,232,47.4,1.77,9717.17,35,1774347363806,1788708644729,166.2,1635.82,0.168,8079.783677,0,0.0,0.0,False,True,False
0x1745eadb5023099a913e5ccefee6c853e5089480,True,556,260,177,83,68.1,0.63,-1611.33,5,1751266341773,1788516416665,431.1,-1319.12,0.819,327.29014,1,-68.05,-20.8,True,True,True
0x1758c1b84d9feae08fd95ad66c4fa97068c5ab50,True,2000,937,642,295,68.5,0.96,-1027.51,19,1777890085696,1788597276490,123.9,-2337.0,2.274,14777.346308,1,-6517.84,-44.1,True,True,False
0x17665537be0710afde94bfc5d887a63f55667a61,True,2000,843,364,479,43.2,1.46,45585.93,13,1777674541281,1780091078777,28.0,16115.93,0.354,0.0,0,0.0,,False,False,False
0x1779a5c6816aa730d80a84bd63cd8af655501f61,True,2000,1059,597,462,56.4,0.69,-6238.1,6,1767733240692,1780071867250,142.8,-1025.03,0.164,0.0,0,0.0,,False,True,False
0x178d245216beb3d7e3e64dce8494b1efe04a9266,True,2000,954,455,499,47.7,2.01,5435.8,4,1787188242828,1787893777707,8.2,576.07,0.106,10.511537,1,4.54,43.2,False,False,False
0x17a1b1764d492ad3d5d73bc72a9efe4f1e373506,True,2000,1195,405,790,33.9,0.75,-10983.01,19,1757736600124,1784224996417,306.6,3879.48,0.353,0.0,0,0.0,,False,True,False
0x17c3f5c10ce212a4e86d9226588bb6ab6b961197,True,1784,882,549,333,62.2,2.39,18178.72,9,1786676883443,1788678801730,23.2,3489.86,0.192,56268.975782,2,-18427.82,-32.7,True,True,False
0x17eb048616cddabf3464c35d1d12a6dfd9fc5c54,True,2000,860,556,304,64.7,0.62,-35405.21,5,1774137443558,1778535590502,50.9,-7489.88,0.212,0.0,0,0.0,,False,True,False
0x17fb8617ccab46da9319b75eb9d4cb809666ff5a,True,2000,972,758,214,78.0,0.06,-253822.12,36,1761214853912,1788741623979,318.6,-44264.08,0.174,766.180969,6,-1.74,-0.2,False,True,False
0x18187f89be180ce5d21e6995b56bef82abe34ab6,True,2000,1059,464,595,43.8,1.27,2118.71,5,1783522352834,1786384372548,33.1,-392.26,0.185,0.0,0,0.0,,False,True,False
0x182f4fdc9baf1b378aa1504913cbb05d12ed1e2e,True,462,300,285,15,95.0,1.78,13602.71,3,1763731083343,1787097600012,270.4,-4923.0,0.362,0.0,0,0.0,,False,True,False
0x183d0567c33e7591c22540e45d2f74730b42a0ca,True,2000,1730,1570,160,90.8,1.65,50695.02,11,1780556230211,1788752494214,94.9,-11461.64,0.226,216026.169444,1,26.58,0.0,False,True,False
0x1854704266b957f96ef6a2e412b416233208401b,True,2000,1135,694,441,61.1,1.43,9380.43,7,1783442023906,1787930469183,51.9,3692.58,0.394,0.0,0,0.0,,False,True,False
0x185e399e476101ee67e46521fb66d2ecab6b3e55,True,1352,591,121,470,20.5,0.8,-12514.21,17,1776881086496,1787061234991,117.8,14444.19,1.154,0.0,0,0.0,,False,True,False
0x187627026061885047b4daa7bb44f651c10e3641,True,1986,875,527,348,60.2,4.04,56869.7,19,1749667515418,1782969421453,385.4,3468.67,0.061,0.0,0,0.0,,False,False,False
0x1882da4995e72311022f6b5a9d415c903a2ac575,True,1547,804,218,586,27.1,0.9,-1652.77,13,1785167395166,1788765927954,41.6,1141.01,0.69,0.0,0,0.0,,False,False,False
0x18a1a5fea64711d527622f0eac3e3c120f06627e,True,2000,706,674,32,95.5,0.18,-28434.85,4,1784033446383,1787319083093,38.0,-10891.28,0.383,0.0,0,0.0,,False,True,False
0x18b9b833c6e356f2bd8917b235f5c8113cf31a9d,True,263,71,41,30,57.7,1.63,3597.41,7,1766733119216,1788467366663,251.6,3565.36,0.991,0.0,0,0.0,,False,True,False
0x18db1a1977cc9b42c6822b838b1e05dcd50a51fe,True,1192,594,493,101,83.0,0.61,-2814.8,5,1774370404492,1784810196665,120.8,-1088.29,0.387,0.001751,0,0.0,0.0,False,True,False
0x18e45d97e4ab6ac6eedd2a8161f6bf9a58b21bf8,True,279,95,67,28,70.5,1.26,413.09,2,1777227989769,1778506515063,14.8,-338.39,0.819,0.0,0,0.0,,False,False,False
0x18fe399ba1c28d3b92380ea89c59dde1e45091f3,True,2000,955,364,591,38.1,0.85,-1238.14,11,1781275573081,1786448813232,59.9,-728.52,0.588,0.0,0,0.0,,False,False,False
0x191f565e660e4323b7a54c193eb571b99fdeaffe,True,2000,1178,988,190,83.9,1.78,4863.72,7,1788498508483,1788772952477,3.2,2225.76,0.458,72969.178308,2,273.79,0.4,False,False,False
0x1930856f1b0c6aa143f5649cbe3fb5e09b97a14a,True,2000,326,326,0,100.0,inf,17616.43,1,1750602304542,1774732297687,279.3,9990.12,0.567,0.0,0,0.0,,False,True,True
0x196073aabeb191a1b4ff6855df97f75bba50f72a,True,2000,1028,179,849,17.4,0.63,-6355.98,31,1780333560307,1787418816244,82.0,2268.09,0.357,0.0,0,0.0,,False,False,False
0x1975cb5130dba3571c675e96fc64befc959314b3,True,2000,1006,452,554,44.9,0.77,-13321.09,8,1779957528693,1787403204471,86.2,-6676.09,0.501,0.0,0,0.0,,False,True,False
0x198b91b0c40dd00826b84a7467ed1fbf43d39e95,True,2000,997,507,490,50.9,1.87,3603.96,29,1788344306215,1788779204795,5.0,-852.56,0.237,42592.360337,34,8361.28,19.6,False,False,False
0x19a82c6b97039feff0a18ef5fb7c5013a7188235,True,2000,1042,854,188,82.0,2.09,11935.23,5,1786631397537,1788766990120,24.7,-1846.81,0.155,0.0,0,0.0,,False,False,False
0x19b5924c96a5639e033591b2adcedeca315f798a,True,464,297,164,133,55.2,0.21,-30205.11,15,1767305313553,1788765069518,248.4,-4696.71,0.155,13243.088271,2,2955.83,22.3,False,False,False
0x19c70ed9880fafc13eca124c834d16833aec5c1b,True,2000,954,471,483,49.4,2.22,8247.18,83,1779463438002,1788775205602,107.8,1663.54,0.202,604.770478,1,799.26,132.2,False,True,False
0x19e3773b5b29a5b83b57b7e941caa06377a92d97,True,2000,946,456,490,48.2,0.66,-5097.08,29,1780538554637,1787335115745,78.7,-2462.74,0.483,0.0,0,0.0,,False,True,False
0x19f5c3bc2e0978d9a1da389d7d4cfe33cd770fe9,True,2000,1203,851,352,70.7,4.15,516862.51,7,1787345698445,1788780851502,16.6,81243.71,0.157,8446.5,1,1136.72,13.5,False,False,False
0x1a136792a33067b755cdef03ce77e5cdb702a5ae,True,2000,946,511,435,54.0,2.68,38603.5,8,1775389490918,1788774145226,154.9,2284.41,0.059,0.0,0,0.0,,False,False,False
0x1a1f755a48b800ab5335d2bcafa61cd1c7a250f7,True,2000,1092,394,698,36.1,0.43,-7639.11,1,1773649937129,1788772962657,175.0,436.59,0.057,43070.206838,1,-7295.5,-16.9,True,True,False
0x1a2e9c17f3afc39c2fbf6ff2f77efd73c718fb83,True,2000,864,430,434,49.8,1.95,11711.55,18,1772778089165,1775737170826,34.2,3645.41,0.311,0.005984,0,0.0,0.0,False,False,False
0x1a4e5a4f2b185ec6c8054c3eff6824250a0ccfec,True,1051,393,203,190,51.7,0.89,-407.62,11,1725667200057,1788606397692,728.5,-964.05,2.365,3732.010739,0,0.0,0.0,False,True,False
0x1a5db900797a672e2e52f8d089adddeb646563a4,True,2000,769,368,401,47.9,2.12,35134.14,10,1787153336098,1788753038345,18.5,18802.81,0.535,48787.861929,5,2134.79,4.4,False,True,False
0x1a76d39874ae2409355e861a190be7e42b8fb481,True,468,194,109,85,56.2,0.9,-445.12,15,1782747578672,1788770381927,69.7,-506.46,1.138,1414.57167,4,14.85,1.0,False,True,False
0x1a9a4932f36b3641f5f63e98f77f8a1f28d85dad,True,2000,988,550,438,55.7,2.07,59797.31,20,1767760746522,1788265955189,237.3,7650.76,0.128,45436.085083,1,-29772.64,-65.5,True,True,False
0x1ab4e40c0682054a85c6f7c75d956e8254fbeacc,True,954,503,178,325,35.4,0.93,-3019.51,9,1778441477060,1785443473592,81.0,9618.0,3.185,0.0,0,0.0,,False,False,False
0x1acd5821cc6857d366a9b08aff1ee39a9d04c283,True,2000,1020,263,757,25.8,1.11,2222.2,22,1780925733697,1787169473419,72.3,2877.18,1.295,0.0,0,0.0,,False,False,False
0x1ae55c40c91f1553286b125239f84300d2df4dbe,True,2000,1045,168,877,16.1,0.81,-38608.71,3,1784853178120,1788628481013,43.7,20514.95,0.531,91772.473257,3,-8475.06,-9.2,True,False,False
0x1b01eb071ffd4498049927e2e263305ce2dd5809,True,1777,884,780,104,88.2,7.19,24215.72,6,1778960191233,1780666708071,19.8,1735.3,0.072,0.0,0,0.0,,False,False,False
0x1b1d2f7eae1ddab1db68efe680c3907f4081b4a2,True,592,316,316,0,100.0,inf,101027.2,5,1769702656770,1787592779057,207.1,10034.83,0.099,47764.17408,1,-8547.23,-17.9,True,True,False
0x1b285b8f8e077fcafe5f2c4dae15bc5f3d554273,True,1441,659,440,219,66.8,0.82,-1182.83,9,1769773306254,1786462483827,193.2,1406.2,1.189,0.0,0,0.0,,False,True,False
0x1b3698556f6099245b24fc928cd0b91275dad105,True,1080,604,305,299,50.5,1.89,28665.56,13,1770055173974,1782395232092,142.8,14428.92,0.503,0.0,0,0.0,,False,True,False
0x1b53fb81848965184fd7be9bd6adfb8224821edc,True,2000,852,713,139,83.7,0.9,-952.56,20,1779391569131,1788619592857,106.8,-1077.54,1.131,0.0,0,0.0,,False,True,False
0x1b7ca89aa121890b8572d326e363185cf4780c6a,True,2000,1697,259,1438,15.3,0.04,-49017.41,16,1787865840087,1788535676349,7.8,-746.71,0.015,331992.35579,14,-767343.19,-231.1,True,False,False
0x1b93cdedea963fab4a51b92475d9730c1f84c311,True,580,286,75,211,26.2,0.4,-5129.56,1,1781370438983,1787401016055,69.8,599.55,0.117,0.0,0,0.0,,False,True,False
0x1bbf962861fcdf638603b3efd64ba8b5288ae44f,True,2000,630,324,306,51.4,0.93,-332.23,20,1764593443293,1787665908070,267.0,-515.84,1.553,193.253368,0,0.0,0.0,False,True,False
0x1bc8cf73b2543da15a4ccd18fedd102e2103cf5e,True,681,302,186,116,61.6,0.52,-6075.12,6,1780429870262,1781487590473,12.2,-1776.57,0.292,0.0,0,0.0,,False,True,False
0x1be8d5e165c27262d8d9a914e112519e9115638a,True,2000,934,335,599,35.9,1.33,13911.94,13,1778934702097,1788691424801,112.9,6881.79,0.495,0.0,0,0.0,,False,True,False
0x1bf9e309d080accbebdb704bb02737f5da6a1dfd,True,2000,713,228,485,32.0,0.14,-82216.12,1,1787575475960,1788212063070,7.4,-14354.91,0.175,0.0,0,0.0,,False,False,False
0x1c159c89044bafb76fb98e30ef29043812a9a939,True,1046,604,267,337,44.2,7.47,89531.06,10,1733171894774,1788697578544,642.7,7492.86,0.084,3620.017065,1,-458.25,-12.7,True,True,False
0x1c1fcc4aa6452690ab326163ce8d8140a8ea54b9,True,2000,1009,394,615,39.0,1.09,195.21,52,1785229068386,1788775867991,41.1,109.1,0.559,29143.035461,50,1736.57,6.0,False,False,False
0x1c35402c972708afca2ad9d5bd1d5759c3632dc5,True,2000,968,362,606,37.4,1.2,1684.72,22,1758830672985,1784632519098,298.6,1222.19,0.725,0.0,0,0.0,,False,True,True
0x1c58a4f8b3b2b95e501a64909bf893b37ee033de,True,2000,915,644,271,70.4,0.95,-1211.71,33,1753796400215,1780333552949,307.1,-4319.77,3.565,0.0,0,0.0,,False,True,True
0x1c76e6bb1c54e925ce062c5d809eb5cbd04ea22d,True,2000,891,302,589,33.9,1.3,4552.88,7,1766117835154,1785786993761,227.7,2542.02,0.558,0.0,0,0.0,,False,False,False
0x1c8c78d86cd701ddc791ac00c92a07013674abbb,True,2000,946,427,519,45.1,0.59,-41693.58,16,1738915022002,1777986120565,452.2,4705.51,0.113,0.0,0,0.0,,False,True,False
0x1c9cdb3e88c6ce63d28473f0b926aa4c28066d2e,True,2000,863,314,549,36.4,0.61,-21022.14,49,1773285321267,1788523287577,176.4,7574.21,0.36,33359.017312,4,5418.53,16.2,False,True,False
0x1ca4c91313968848b9793ba0f8f280740d6d1541,True,1995,659,89,570,13.5,0.05,-27386.52,8,1779730439941,1780941700945,14.0,-1519.64,0.055,0.0,0,0.0,,False,True,False
0x1cb8ae4f1998f0288f395a9ac1b2b74ff1794d35,True,1259,635,226,409,35.6,0.93,-1272.38,19,1746867014209,1779444313714,377.1,-3201.74,2.516,0.0,0,0.0,,False,False,False
0x1cd311fc0d45fa4952e52d0d3db929443f0e0808,True,2000,1162,741,421,63.8,0.68,-2135.58,7,1787641846342,1788753063170,12.9,195.46,0.092,0.0,0,0.0,,False,False,False
0x1ce8ed87b7b4cb60f0cc3664bf1fe216163ff55a,True,2000,1085,522,563,48.1,0.5,-667312.91,9,1780630995827,1787377204477,78.1,-131544.91,0.197,639260.4099,2,-51393.33,-8.0,True,True,False
0x1cf48666488df5eb66334e2d105dc2401b0171c6,True,274,150,70,80,46.7,4.75,3190.83,11,1781620157533,1788745282447,82.5,835.68,0.262,1984.837511,2,-5.78,-0.3,False,True,False
0x1d04b8c1ec9e316b8853be1a1d9cbae83a5b1413,True,1441,844,403,441,47.7,0.72,-2032.6,13,1750171250498,1787249036466,429.1,-1174.38,0.578,0.0,0,0.0,,False,True,False
0x1d1f1067cb95f88dfc581af93b7f15e0870f4579,True,2000,959,529,430,55.2,0.48,-4692.14,5,1787781644982,1788774786292,11.5,-102.68,0.022,0.0,0,0.0,,False,False,False
0x1d35744e29769707e85008cb3a6ae504b1eea800,True,2000,912,461,451,50.5,5.14,35285.75,38,1770304466860,1788627719319,212.1,4707.23,0.133,9455.792693,1,-65.28,-0.7,False,False,False
0x1d46ce6b1d12b1ce9252034e9fb7a292db762e38,True,90,50,50,0,100.0,inf,50353.95,2,1775160280048,1776884260464,20.0,19799.68,0.393,0.0,0,0.0,,False,False,False
0x1d5d086ad3d37c84d43e024aa8e21d30a353e092,True,2000,1072,735,337,68.6,1.2,3557.48,18,1780119448703,1784844824196,54.7,3245.73,0.912,0.0,0,0.0,,False,True,False
0x1d7177e6dc59bea0b80dc867d51868d617885878,True,2000,776,296,480,38.1,0.87,-7661.02,23,1772727011515,1787369289205,169.5,7794.13,1.017,0.0,0,0.0,,False,True,False
0x1d91b5e25e3d39be90826d041bf56461f2a80add,True,1936,802,590,212,73.6,0.75,-49371.01,12,1754153029274,1788232735486,394.4,-18030.29,0.365,3731.545208,0,0.0,0.0,False,True,False
0x1da41235a7bfb86af56eda8a671a509f04d2066f,True,2000,906,451,455,49.8,0.89,-3596.21,13,1770483116105,1775831444974,61.9,1639.6,0.456,0.0,0,0.0,,False,False,False
0x1dc0402602b10eb2d86791eda203f1a3003488e6,True,2000,887,548,339,61.8,1.01,51.54,14,1786271007556,1787562007865,14.9,-3225.52,62.578,0.0,0,0.0,,False,True,False
0x1dd5fbc5ce3e5e91578045abe5485ded3caf5a49,True,975,452,400,52,88.5,2.96,2590.81,2,1781903733369,1788612996289,77.7,832.44,0.321,0.0,0,0.0,,False,False,False
0x1def62ffe2a62d65f649991d7f2199e046a30f72,True,2000,856,557,299,65.1,0.93,-18429.64,3,1774369236994,1776621008085,26.1,-13720.54,0.744,0.0,0,0.0,,False,False,False
0x1e08253f267b5e985859b5cf469972326f191584,True,2000,988,541,447,54.8,2.19,34889.31,7,1786639171345,1788345225192,19.7,4838.24,0.139,489244.222642,2,574629.46,117.5,False,False,False
0x1e1feb0f648f5de8a76796f6796e0ff9f1feeb32,True,2000,584,279,305,47.8,0.45,-1447.14,7,1775113753107,1775139637896,0.3,-85.34,0.059,0.0,0,0.0,,False,True,False
0x1e364b7ca000f5437446517a0b25f2282b3eeab2,True,2000,1327,1112,215,83.8,5.32,63396.25,10,1787576433550,1788780187269,13.9,2563.06,0.04,25173.015732,7,8058.98,32.0,False,True,False
0x1e595df577f1042be7eec67e1e0c3fbecf902a39,True,1446,614,275,339,44.8,0.85,-5443.54,15,1775838767652,1787153211100,131.0,5601.03,1.029,0.0,0,0.0,,False,True,False
0x1e6da01cf34373cf673434e51dc3124b70ba4663,True,2000,1031,549,482,53.2,1.34,14239.01,31,1753046806520,1773509155648,236.8,-4144.69,0.291,0.0,0,0.0,,False,True,False
0x1e79f6714c7dfbb6504357786a2aabb2304de2dd,True,2000,1080,317,763,29.4,0.22,-8327.12,9,1787706131950,1788779852576,12.4,-178.81,0.021,3218.374416,8,-1520.61,-47.2,True,False,False
0x1e8dd8a4aa4097ef41c03032fc9cf2580bbd5d77,True,332,196,44,152,22.4,0.32,-330.46,5,1773276868938,1774132929794,9.9,-53.31,0.161,0.0,0,0.0,,False,False,False
0x1e9b7ed825c0acb6bcf0e2ab53c99dc32b48bd29,True,1061,552,213,339,38.6,1.03,312.32,30,1735730645529,1788208321776,607.4,654.89,2.097,2402.433518,1,1175.03,48.9,False,True,True
0x1eb39d46c9814c8f16ea657d9dc1029575f4d651,True,2000,975,753,222,77.2,2.38,24042.38,24,1777035210530,1779325836269,26.5,-4603.67,0.191,0.0,0,0.0,,False,True,False
0x1ec28137d0ed25040a7e33e185402a54a848b383,True,572,298,169,129,56.7,2.72,17036.66,2,1781210247404,1787154273650,68.8,3608.22,0.212,19107.369727,1,-21429.4,-112.2,True,False,False
0x1ed5098ef4bc6c7fa921b1a5ac68e556ad6c5dbd,True,1002,351,99,252,28.2,0.33,-18744.31,1,1788202228063,1788271777071,0.8,-4811.13,0.257,0.0,0,0.0,,False,False,False
0x1ee79d31937b5b0956e4b58f82d42cf287a8d7be,True,769,447,170,277,38.0,0.46,-4524.25,12,1782407388175,1788307359633,68.3,-747.52,0.165,0.0,0,0.0,,False,False,False
0x1efb4291d7f6e5f2cf08e00418b4dd2b5856e391,True,2000,782,764,18,97.7,92.11,3435.25,5,1775890444596,1785382959976,109.9,186.57,0.054,1e-06,0,0.0,0.0,False,False,False
0x1f0e84369416fee4cf620992020ab41a00b9c98f,True,2000,993,452,541,45.5,1.08,3084.29,8,1781221421941,1785984274600,55.1,3274.25,1.062,0.0,0,0.0,,False,False,False
0x1f1e7611539a1adc81560a4b4bdaa54dec344cf7,True,2000,977,506,471,51.8,0.37,-53905.08,17,1748718566014,1788478111702,460.2,-16307.53,0.303,5016.956612,4,1016.6,20.3,False,True,False
0x1f34577d720490f6567028e61718341a582c15c4,True,2000,1194,569,625,47.7,1.39,12778.22,53,1775681266121,1788272276545,145.7,3772.32,0.295,0.0,0,0.0,,False,True,True
0x1f4749f9ab49c51e6dee95ae831bf1a463373bfe,True,2000,858,55,803,6.4,0.02,-339305.93,9,1759515689091,1785965364824,306.1,-42050.62,0.124,0.0,0,0.0,,False,True,False
0x1f573f0d8e4f63c46abf74bc6f7e59273109fe33,True,1131,474,111,363,23.4,1.15,10743.13,10,1763570728275,1787255708118,274.1,11796.88,1.098,0.0,0,0.0,,False,True,True
0x1f6543904e12a26c817a8e3d2324ba6940cb3d07,True,2000,797,526,271,66.0,3.63,5286.2,67,1760877367015,1788693581503,321.9,-798.26,0.151,532.597916,1,1517.61,284.9,False,True,False
0x1f71c1cc6e170ad162530297511f9309ed60f359,True,1054,397,245,152,61.7,0.43,-7212.76,10,1772280492807,1774378759685,24.3,-1290.67,0.179,0.0,0,0.0,,False,True,False
0x1f887fd93c17a970819895978da55628d7658609,True,657,299,254,45,84.9,5.04,136209.2,11,1752374424716,1788580471621,419.1,-13037.0,0.096,45812.803996,1,-8434.97,-18.4,True,True,True
0x1fa58ff2faa3ef73e1fea65186de7e47d82e5fa1,True,559,257,118,139,45.9,1.51,1179.5,5,1776864811510,1782588631425,66.2,390.01,0.331,0.0,0,0.0,,False,False,False
0x1fc1bd4a9854d5baae2c02e0f92124b27c7771a9,True,2000,975,354,621,36.3,0.0,-3521.51,2,1786501752029,1787854115133,15.7,-10.51,0.003,8399.328431,1,-29149.73,-347.0,True,False,False
0x1fd720c53c49ac6c51636625de2e5725510a9bd0,True,2000,907,373,534,41.1,0.25,-21210.23,4,1784360768691,1784505600034,1.7,-4561.95,0.215,0.0,0,0.0,,False,True,False
0x1fe3116f5ecbb3ec59c539e08563e366edbfa043,True,408,164,130,34,79.3,2.54,30907.95,11,1733957463141,1788669731948,633.2,8634.45,0.279,14765.344675,3,-3380.08,-22.9,True,True,False
0x1ffbc579c03bc9def9406d1c8397080b81014c34,True,1864,873,321,552,36.8,0.89,-3240.79,14,1771774752337,1781705586260,114.9,1993.02,0.615,0.0,0,0.0,,False,True,False
0x200cf6cae79ad11fc1bb74c608421b8f6b90cfd2,True,1396,426,204,222,47.9,3.07,87516.22,3,1780411849284,1783112405542,31.3,35652.93,0.407,0.0,0,0.0,,False,True,False
0x201b96073f539234033e26cbd8f1b995050d1eb0,True,904,469,339,130,72.3,0.23,-51371.56,12,1774551398298,1784468392823,114.8,-14970.49,0.291,19540.763438,6,4410.08,22.6,False,True,False
0x202ead80255ea60012ecae2e95cbbba48978cc32,True,821,369,103,266,27.9,0.38,-24794.92,12,1749935402985,1787300674002,432.5,-4494.5,0.181,2391.002617,1,4941.05,206.7,False,True,False
0x204eefd79059f07ca00b735457383455607a22e3,True,763,374,240,134,64.2,1.07,1213.99,14,1770822830625,1776246778548,62.8,-9908.23,8.162,0.009915,0,0.0,0.0,False,True,False
0x205fc99ffb640b99b28ad34771602d2c98173f77,True,755,302,168,134,55.6,1.63,13948.93,10,1771838494721,1785468730097,157.8,15387.77,1.103,0.0,0,0.0,,False,True,False
0x20798fd64a342d1ee640348e42c14181fdc842d8,True,885,409,165,244,40.3,3.48,52931.43,26,1731408453502,1788037134474,655.4,7876.8,0.149,0.0,0,0.0,,False,False,False
0x20917d4382487cf342be2d843d30d51c4342644a,True,1689,739,362,377,49.0,0.91,-2143.81,8,1787587938133,1787799626729,2.5,3841.83,1.792,0.0,0,0.0,,False,False,False
0x20ac829d276a895a4b13e11a5653d3495977e8da,True,2000,861,318,543,36.9,0.89,-1935.54,33,1782059870402,1786232831941,48.3,1624.4,0.839,0.0,0,0.0,,False,True,False
0x20c12bfdc6e07f8ab70d44708c75f369a42cc3c6,True,1767,804,643,161,80.0,0.92,-1039.69,17,1774522991333,1787936608693,155.3,-4898.01,4.711,21.815245,1,-0.23,-1.0,False,True,False
0x20e4438b762e9a39b7fef96847017188547eb987,True,2000,915,393,522,43.0,2.1,32746.38,11,1784068736288,1788766811413,54.4,6781.1,0.207,18185.826092,2,466.3,2.6,False,False,False
0x2108f1666eef660d91e626c7905d29f3c077dd27,True,1514,684,200,484,29.2,0.5,-18700.25,7,1772742224885,1773931468436,13.8,-2881.37,0.154,0.0,0,0.0,,False,False,False
0x2124121881299f60d6893066bc7d824e7cc1431f,True,2000,880,463,417,52.6,0.46,-80901.13,16,1784078765570,1788674642501,53.2,-16579.13,0.205,28967.083621,2,2378.77,8.2,False,True,False
0x21348bd5a775f851a9303f10ddb1c8173276233e,True,727,285,56,229,19.6,2.54,11384.1,10,1763496847946,1788766449952,292.5,2747.75,0.241,19770.416845,5,14127.24,71.5,False,False,False
0x214d879175b3f121534ab206418924414231f6d4,True,2000,992,849,143,85.6,0.69,-4709.47,51,1780061786828,1788747174976,100.5,-5063.44,1.075,21102.937008,11,259.5,1.2,False,True,False
0x216bc59ba62098da4edae8c63a09b600b3d1c47f,True,2000,1154,493,661,42.7,0.99,-73.49,23,1761935641764,1786107297249,279.8,-726.45,9.884,0.0,0,0.0,,False,True,True
0x217d452b93dd9d369d4242c744da5484e59db312,True,2000,1116,465,651,41.7,1.2,1618.3,25,1783886498371,1788747178049,56.3,2913.7,1.8,13628.432846,2,66.07,0.5,False,True,False
0x219c9100ed6808f566a99f7460d76960f94eca0c,True,2000,703,94,609,13.4,0.12,-1679.0,4,1778825036241,1785196800026,73.7,-167.68,0.1,0.0,0,0.0,,False,False,False
0x21b57c25fcadd8470c1f3016978d75a968a5b6a5,True,1444,635,405,230,63.8,1.37,13210.95,41,1706816826875,1788584867556,946.4,-5943.85,0.45,462.71265,1,-0.09,-0.0,False,True,False
0x21dea6174dc9a78cc16329f07a14724a37922361,True,942,409,283,126,69.2,0.95,-2042.81,17,1732908611998,1788771357296,646.6,-9084.05,4.447,28801.300793,2,-930.37,-3.2,False,True,False
0x21fc3eb9aaa3891d73dd81ecf41ac9d5ede0f8c5,True,2000,1021,354,667,34.7,1.1,3562.35,6,1777269799264,1785154825469,91.3,-3529.27,0.991,0.0,0,0.0,,False,False,False
0x222a227a5dc77c643e836556e573cb266998a870,True,2000,868,473,395,54.5,0.5,-9452.4,25,1787148492694,1788765501975,18.7,-935.45,0.099,4777.559147,4,-23.36,-0.5,False,True,False
0x22402c8c5057925420c607d650d151bf722b56bc,True,1773,921,289,632,31.4,1.44,39693.06,22,1734378894012,1783531675947,568.9,-10162.12,0.256,0.0,0,0.0,,False,True,False
0x225ac54f94c534ec15017b4b5c3132cc6344265a,True,2000,1060,385,675,36.3,0.17,-37127.54,35,1762738120364,1786382487285,273.7,-11569.81,0.312,2.764608,0,0.0,0.0,False,False,False
0x227b4434ce08133bcc383ab79d9af483c4103642,True,1041,441,356,85,80.7,1.3,4846.4,21,1774299865872,1788778741579,167.6,6631.65,1.368,11054.147358,3,62.04,0.6,False,False,False
0x229bc918d0676abc7df598982ab0572a47c5d928,True,2000,1036,332,704,32.0,0.76,-6457.05,22,1782149785228,1784532611658,27.6,-1768.13,0.274,0.0,0,0.0,,False,False,False
0x22b6df9a67cffda687d556a1f36954741b5a9370,True,2000,763,459,304,60.2,0.37,-44597.75,18,1775855226982,1788762066653,149.4,-18117.31,0.406,0.0,0,0.0,,False,True,False
0x22d18e5e04dcb4a94424ea2aa31546d2e0390af3,True,637,298,173,125,58.1,1.05,713.65,8,1779466362411,1788525849410,104.9,-4741.68,6.644,0.0,0,0.0,,False,False,False
0x22f6edb55790b0fe841c5ba9aa30792ebcb55863,True,972,512,326,186,63.7,2.99,17784.48,25,1769688268344,1788703665956,220.1,1954.94,0.11,695.980308,1,-126.51,-18.2,True,False,False
0x2306ce07ddca3829cdb1a2a14653dbefc211a9f1,True,2000,1053,363,690,34.5,0.31,-69691.67,19,1782823978931,1788781210587,68.9,-15492.58,0.222,5002.444752,1,291.65,5.8,False,True,False
0x23101557bcfad601087937192a86089d081e57f2,True,2000,1241,882,359,71.1,5.09,2747.56,44,1757370732606,1785384451107,324.2,202.37,0.074,0.0,0,0.0,,False,True,False
0x2322f8e13d25e1c997b060bc5cebc9634f8a895a,True,2000,613,310,303,50.6,1.78,17861.63,16,1786122281702,1788644568475,29.2,-1507.54,0.084,64036.289392,4,60463.69,94.4,False,False,False
0x2348718f3a78ffb97bdd0f5212ca4f6bed945c9a,True,957,548,388,160,70.8,1.56,5918.95,19,1734526142570,1788525489527,625.0,2174.58,0.367,0.0,0,0.0,,False,True,False
0x237ad1ea88c56195ec8f9973dd31d82c0a002844,True,385,213,165,48,77.5,0.83,-1556.82,4,1780720416398,1782702335009,22.9,-1984.58,1.275,0.0,0,0.0,,False,True,False
0x238a47bad16d3afb6821fd6cdd609cc084eba106,True,775,392,200,192,51.0,2.79,6592.71,14,1786027561247,1788721863496,31.2,2242.46,0.34,0.0,0,0.0,,False,True,False
0x23a49a9930f5b562c6b1096c3e6b5bec133e8b2e,True,388,137,88,49,64.2,3.48,6020.46,3,1771954479177,1774429983148,28.7,1372.55,0.228,0.0,0,0.0,,False,False,False
0x23cbfd5639c7d9a8e9ebbcbe2a846e6e6f0b0768,True,2000,952,262,690,27.5,1.41,2341.35,9,1784199021418,1788766395357,52.9,1106.4,0.473,1503.434834,2,137.0,9.1,False,False,False
0x23e8849da4eea6e9fcf28d1120e7ca94231a35b4,True,2000,1009,458,551,45.4,0.4,-111813.17,2,1772165158344,1772358723373,2.2,-9135.0,0.082,0.0,0,0.0,,False,True,False
0x23f2c6a6f8a9dc0b081d602c4dacd85b56b5ccf0,True,1199,581,313,268,53.9,0.35,-38076.94,19,1781098755037,1788386575994,84.3,-9081.6,0.239,0.0,0,0.0,,False,True,False
0x240789e7b1b49cf6e77cbcb78c65f6ee6b1876e9,True,2000,744,599,145,80.5,0.83,-1152.56,32,1781018949706,1788451955404,86.0,772.31,0.67,6280.951805,5,-1024.19,-16.3,True,True,False
0x2416fd69a102591e89d9964c02dd66004a55562b,True,920,408,177,231,43.4,2.19,9620.91,24,1758723593512,1787394876061,331.8,1254.77,0.13,0.0,0,0.0,,False,False,False
0x24262192bfacce058ee3d388140ad09b644ea5a7,True,1121,570,368,202,64.6,0.46,-2448.4,4,1786066347933,1786163107913,1.1,-867.05,0.354,0.0,0,0.0,,False,True,False
0x24414ef9c8f27aa9f5807198154ad086a91b99df,True,2000,1007,365,642,36.2,1.02,27.89,52,1784882543981,1788775432793,45.1,77.98,2.796,16038.389727,50,1218.39,7.6,False,False,False
0x245369f7d5e0bc81a490a4b666a4315c894a8631,True,2000,683,356,327,52.1,0.83,-1916.8,7,1776118859110,1781286796668,59.8,-2225.92,1.161,0.0,0,0.0,,False,True,False
0x2473dcc07fc8855925b26cc9533c6f7bbcf29c7a,True,2000,987,515,472,52.2,0.64,-14064.82,26,1769792822617,1788766242662,219.6,-2189.18,0.156,0.0,0,0.0,,False,True,False
0x247f0bb5990f011560c8814b6ae436f8b3e96d5d,True,238,105,70,35,66.7,1.27,394.87,5,1785845100207,1787302700295,16.9,-427.16,1.082,0.0,0,0.0,,False,True,False
0x24900cfcc9fffccd23a672b701d1b53ff0d0e628,True,2000,1172,403,769,34.4,0.07,-49433.43,14,1786111991719,1787178548968,12.3,-1512.83,0.031,0.0,0,0.0,,False,False,False
0x24a30823bd87e785b0c4b3803a2bffd91eb6876f,True,2000,977,421,556,43.1,1.1,3429.34,30,1764750377816,1788295175008,272.5,6073.65,1.771,0.0,0,0.0,,False,False,False
0x24b97315275bcabd28407648ab01dab75b2a66a5,True,963,420,226,194,53.8,1.02,43.3,8,1770522762660,1788525273063,208.4,-275.02,6.352,0.0,0,0.0,,False,False,False
0x24c9b1c1de939ec2117e3eaace80284219ce7967,True,2000,1005,596,409,59.3,1.37,32178.93,34,1743765122227,1788119973840,513.4,-17803.66,0.553,144512.971332,3,62957.14,43.6,False,True,False
0x24e414606a7bec29a56c3cbd3eae5665dd0477a7,True,980,485,327,158,67.4,4.47,55186.31,4,1787387699895,1788294645163,10.5,-7975.78,0.145,0.0,0,0.0,,False,False,False
0x2504407012559909eb9ea18273d2617d0c658243,True,2000,918,530,388,57.7,0.5,-9684.72,37,1753807693104,1784917071261,360.1,-2369.12,0.245,0.0,0,0.0,,False,True,False
0x251b2b7efc087a033e2252ac3f618a39babc0585,True,2000,689,138,551,20.0,0.25,-31222.88,1,1787153979863,1788766781895,18.7,2084.58,0.067,1194.364074,1,93.0,7.8,False,True,False
0x252b50830d7c6ba7c3a284d45d06cc18b688c763,True,1211,536,220,316,41.0,1.4,712.91,7,1772325452190,1788142752004,183.1,233.28,0.327,0.0,0,0.0,,False,True,False
0x25440753c3392e93d7b0a35e09e4009decf31e92,True,186,65,23,42,35.4,0.04,-1829.96,15,1781792821197,1785808896847,46.5,-459.42,0.251,0.0,0,0.0,,False,True,False
0x255eb25dfba648b6885ce48b3b068fb95df5b6d4,True,2000,1486,594,892,40.0,0.27,-4766.08,4,1773320185939,1773346320642,0.3,773.78,0.162,0.0,0,0.0,,False,False,False
0x25701670eaec9d7c1e4303c41a6dad9e0b44db4c,True,308,109,97,12,89.0,4.49,3929.47,3,1770993885064,1774632714272,42.1,670.32,0.171,0.0,0,0.0,,False,True,False
0x2582613a3e3fdaaa006d767743502cefe2bf264b,True,1458,943,810,133,85.9,2.0,39677.12,11,1732863749309,1788480000030,643.7,5242.06,0.132,4005.396738,1,-524.22,-13.1,True,False,False
0x259919172619700c50f3e6868d01aad459df3342,True,472,259,110,149,42.5,0.72,-1188.25,5,1776441233144,1776671106377,2.7,762.15,0.641,0.0,0,0.0,,False,False,False
0x25aeb4617dbb704468f038322a40484715a61e3e,True,2000,970,453,517,46.7,1.01,55.48,44,1783437626975,1788770195599,61.7,699.35,12.606,767.925915,1,47.05,6.1,False,True,False
0x25c15aa63832bf86542647511347a9753f852722,True,2000,1076,589,487,54.7,3.2,77381.27,11,1786987618962,1787721170597,8.5,8084.28,0.104,0.0,0,0.0,,False,True,False
0x25ccfe4c1af7d8191ae3ff17b872a86d25e57053,True,1100,483,399,84,82.6,1.33,1305.15,6,1773209090926,1774957898565,20.2,-1168.59,0.895,0.001098,0,0.0,0.0,False,True,False
0x25dacd8a27eac9ad6eba5eb88e3b68f707eb1397,True,2000,539,478,61,88.7,54.33,49101.64,2,1778666002821,1780676328530,23.3,837.63,0.017,100051.665753,1,-105638.73,-105.6,True,False,False
0x25f5e584c098b8e0dec42b8f8bece66279774db6,True,2000,1037,516,521,49.8,0.78,-6792.11,21,1780114149220,1781119666672,11.6,-1121.07,0.165,0.0,0,0.0,,False,True,False
0x2608e483c9b3b18f858c5f8469d6cdc403f0d5f5,True,1576,770,154,616,20.0,2.35,17428.9,4,1759760646882,1788766400951,335.7,2881.26,0.165,429.224455,0,0.0,0.0,False,True,True
0x26287ce16c3e3a2f099c24212e8fc8c118d4abeb,True,893,437,289,148,66.1,1.22,1200.53,4,1769695204461,1788714695737,220.1,95.03,0.079,10382.24785,1,38.65,0.4,False,False,False
0x2646c5daab52909a530bc1c9871f1ea541fcf4bb,True,800,373,164,209,44.0,0.8,-6898.13,5,1778424978759,1787759817098,108.0,4527.2,0.656,0.0,0,0.0,,False,False,False
0x26563eedb269448352ba0663f2ee554fbd389296,True,2000,687,113,574,16.4,0.13,-41606.64,4,1785157343478,1788629129610,40.2,4522.05,0.109,5040.527844,1,2193.39,43.5,False,True,False
0x2669f508f456efae73c86d99d373f885c7b32b39,True,2000,917,206,711,22.5,5.15,156569.97,12,1780675745026,1788637161784,92.1,25183.73,0.161,36456.55638,1,1204.49,3.3,False,True,False
0x267b408d84ff9546bc92e25d53e0137c7e952566,True,2000,873,553,320,63.3,1.2,2873.78,24,1782087853178,1783972406965,21.8,1306.69,0.455,0.0,0,0.0,,False,False,False
0x268f52086f04685965e55a09458e51006c7b024e,True,2000,1007,588,419,58.4,1.41,14281.8,28,1781695174766,1788781099176,82.0,2789.79,0.195,21480.943278,7,4146.01,19.3,False,False,False
0x26a44dee265fb52fb2235f395535f111d3d3fb4e,True,995,517,158,359,30.6,0.75,-1263.46,31,1781713946287,1783700623833,23.0,432.07,0.342,0.0,0,0.0,,False,False,False
0x26c373a3186c8b0e6cc3816ac1ac0c424294d085,True,420,174,125,49,71.8,8.21,9285.3,5,1752332170108,1781790333285,341.0,1560.26,0.168,0.0,0,0.0,,False,True,False
0x26e4a17b31138ff533d7f86053a103e79cbd2ab7,True,2000,838,328,510,39.1,0.47,-14418.31,15,1780316291090,1787702400048,85.5,-6032.5,0.418,0.0,0,0.0,,False,True,False
0x270cfbb89d4b8cc0fadd1de743f063ae4751c24e,True,2000,1379,1290,89,93.5,3.48,53516.89,3,1776961386102,1785530216667,99.2,3277.83,0.061,0.0,0,0.0,,False,True,False
0x271ce82149c67fae0d2a39571707f382fe425014,True,2000,1072,563,509,52.5,0.86,-48837.59,16,1776720251859,1785567802825,102.4,-20052.79,0.411,0.0,0,0.0,,False,True,False
0x27306a984829900e86103ce24965bbc85f906426,True,2000,932,570,362,61.2,0.53,-4558.82,56,1775514234296,1788720724268,152.9,-2715.22,0.596,371.126856,1,-40.41,-10.9,True,True,False
0x275065b9ed93a5836dc771b25f4fd85b634fc1fb,True,2000,862,299,563,34.7,1.21,940.53,34,1783006555691,1788369681445,62.1,303.65,0.323,716.522288,0,0.0,0.0,False,True,False
0x276d4f7bc4da05f5472e92d400923523eb716352,True,1929,1218,355,863,29.1,0.47,-275946.37,15,1781556863990,1787619172127,70.2,32184.72,0.117,0.0,0,0.0,,False,False,False
0x27861eb858c700a883e1d57916163137316fd516,True,2000,1108,822,286,74.2,1.23,108.52,35,1786456024957,1788781932196,26.9,-32.14,0.296,0.0,0,0.0,,False,False,False
0x2799ed2d37ba10efdff139df0cb314251a657ce0,True,2000,576,575,1,99.8,334.56,33546.7,5,1788207081361,1788782826729,6.7,7284.91,0.217,21116.015238,3,801.36,3.8,False,False,False
0x27a62db8bb85074f9ffb39b95acc7db8ba7a9848,True,561,225,186,39,82.7,1.03,139.04,11,1752234027947,1780189098967,323.6,-1529.5,11.001,6311.31204,1,-2591.47,-41.1,True,True,False
0x27b86efb052de86684754349e451f8f56e89aec0,True,480,241,72,169,29.9,0.81,-513.25,17,1785250117856,1787787722614,29.4,343.8,0.67,0.0,0,0.0,,False,True,False
0x27ce87b944e744eb415168d4da672a2135c4b06e,True,1997,935,714,221,76.4,5.15,90780.27,4,1750916118909,1779327164070,328.8,4312.1,0.048,0.0,0,0.0,,False,False,False
0x27da75821e01dfba4cfe7f650716e5c9acaee327,True,2000,1045,881,164,84.3,1.44,9818.57,3,1787216900123,1788697362238,17.1,-3874.65,0.395,16751.567117,1,-11849.39,-70.7,True,True,False
0x27ec4efa8b040d58e0394d76b03fe81865325421,True,2000,1040,293,747,28.2,0.88,-1453.03,31,1769884174999,1783143983792,153.5,2146.48,1.477,0.0,0,0.0,,False,False,False
0x27f6ff3f37fb76dcb19a9aa463f04238b44c11cf,True,2000,1082,384,698,35.5,0.86,-2624.12,4,1782946847602,1783110032703,1.9,-3312.64,1.262,1e-06,0,0.0,0.0,False,False,False
0x280526dd675b21f054dc4e59eab0c735c62720f5,True,1057,424,189,235,44.6,0.16,-20559.75,9,1776316055262,1787255021052,126.6,-2247.82,0.109,22.423915,1,15.86,70.7,False,True,False
0x28233e5edddfc9f71f0cecf58ca98f6a2ca11f43,True,2000,1720,294,1426,17.1,0.06,-164697.62,12,1787326705461,1788781871284,16.8,-1876.31,0.011,280136.112886,10,-407813.98,-145.6,True,True,False
0x2839d93fd841b34899343df82e6141281f413ce0,True,1153,485,230,255,47.4,1.51,30059.52,4,1776941129597,1781538179088,53.2,-10344.97,0.344,0.0,0,0.0,,False,True,False
0x284949a31d61883b0079f0e661184944d68e6ec9,True,329,175,101,74,57.7,1.44,483.56,10,1757954825534,1780060894246,255.9,304.5,0.63,0.0,0,0.0,,False,True,False
0x285c97d3004dd01367d4851b0e2bca073b335bff,True,2000,1010,461,549,45.6,0.78,-219.29,11,1780697146653,1788546731118,90.9,-115.53,0.527,45.800222,1,19.0,41.5,False,False,False
0x287f35d536c6ad612bebfd757315885ca9479120,True,853,376,167,209,44.4,3.96,10133.23,23,1769593649732,1786320000029,193.6,3017.37,0.298,0.0,0,0.0,,False,False,False
0x2891e7f2c2ff8e2afb8c8f3c54d3744cdaeb1a2a,True,949,396,171,225,43.2,0.83,-2690.15,11,1768872439021,1783267631705,166.6,3619.09,1.345,0.0,0,0.0,,False,True,False
0x28a7339581f3e169bdfc9a2dec2f6d80c10719e4,True,1174,575,551,24,95.8,9.57,1880.92,1,1764149725234,1788513915871,282.0,199.98,0.106,3623.444691,1,-4.83,-0.1,False,True,False
0x28c14b65a624474e2e2c6ea1fbacc2d47763ae90,True,2000,982,390,592,39.7,1.1,216.26,52,1785401206758,1788775569555,39.1,94.88,0.439,23485.959821,50,1798.97,7.7,False,False,False
0x28d7100e24926786cf39038687b2f0d6ccb8dd93,True,2000,970,307,663,31.6,1.49,3603.37,23,1763235668098,1779321600086,186.2,1192.18,0.331,0.0,0,0.0,,False,False,False
0x28ed18bd77a061e0a886a2a8ffb91da95ff03e56,True,1225,592,235,357,39.7,0.79,-3934.9,11,1785195664124,1788725612966,40.9,1497.98,0.381,712.027261,1,-310.54,-43.6,True,True,False
0x28ff3eef6cb98eee9f865db8e00e10f424ba2d6d,True,930,521,404,117,77.5,5.02,57967.18,12,1783107239619,1788684238016,64.5,7702.96,0.133,0.0,0,0.0,,False,True,False
0x291cff31d38eb739d21cd826402fc2b1c17bba56,True,2000,853,342,511,40.1,1.46,20449.62,9,1787218833909,1788767804430,17.9,3650.8,0.179,88555.248652,1,-700.58,-0.8,False,False,False
0x292a5d6927f5dbcd65eb42599315688f4597069a,True,1734,678,524,154,77.3,5.28,43020.02,2,1782102495975,1788132807678,69.8,2419.92,0.056,0.0,0,0.0,,False,True,False
0x293e345003d26a1e856edbdca5b292e1520bd73c,True,691,343,177,166,51.6,0.58,-4033.95,6,1773703302281,1787276851374,157.1,-1892.42,0.469,0.0,0,0.0,,False,True,False
0x295bdafd8d7b7c3289f13c3f98dee7b569b7980f,True,966,482,216,266,44.8,0.7,-837.86,19,1748351969082,1786912743922,446.3,380.25,0.454,0.0,0,0.0,,False,True,False
0x296e27d522a2c44e5a47d6b324135873b9380a04,True,2000,1119,297,822,26.5,0.23,-580053.48,7,1773127413803,1778260670874,59.4,40156.8,0.069,0.0,0,0.0,,False,True,False
0x2981666f51a1f99ff3b396737626f1930c5470bc,True,307,125,83,42,66.4,0.48,-1278.71,2,1787226053005,1787673506318,5.2,-230.81,0.18,0.0,0,0.0,,False,True,False
0x299188475f29ef2984e020cba55ec02c522a9087,True,2000,716,386,330,53.9,0.94,-2258.16,3,1781800594623,1788517040716,77.7,5316.08,2.354,107.443594,1,27.27,25.4,False,True,False
0x29ac98f5b4115dd7dd94abf8c46d6b3c1c519061,True,203,93,50,43,53.8,0.05,-37541.44,5,1756661086400,1781278397119,284.9,-19694.95,0.525,0.0,0,0.0,,False,True,False
0x29bf0e22b93f81c6961d69e714e4982534859c72,True,357,189,113,76,59.8,0.86,-1691.18,16,1737302886675,1787944248855,586.1,-2239.97,1.324,7120.922357,3,-1502.2,-21.1,True,False,False
0x29d5b46bd0147ca466885a0ed994e1ff71926a2e,True,2000,938,718,220,76.5,5.57,19165.6,1,1788242459508,1788783081193,6.3,1292.66,0.067,143578.933278,1,3709.42,2.6,False,False,False
0x29feaa65869e737ad53bfc2325bd8ffed8d27a07,True,2000,965,700,265,72.5,2.19,52897.02,9,1783440949590,1787531528980,47.3,-5359.47,0.101,0.0,0,0.0,,False,False,False
0x2a11b1721fd2071d114732b510525c84ab429bce,True,2000,856,378,478,44.2,0.66,-6367.54,31,1774360828223,1788195330116,160.1,-2590.84,0.407,0.0,0,0.0,,False,True,False
0x2a1d177709a017e469b3fef6cb08a7b7e7024052,True,2000,912,357,555,39.1,0.73,-16614.1,14,1783001893964,1788526891188,63.9,-5684.18,0.342,0.0,0,0.0,,False,True,False
0x2a2ef820378be34ace2448e01a4435a22d191716,True,2000,891,264,627,29.6,0.37,-34685.69,17,1758148692034,1788700767383,353.6,5251.97,0.151,0.0,0,0.0,,False,True,False
0x2a4446dea22165a222902a0a4cfc5723514a48f8,True,646,320,156,164,48.8,2.38,29940.39,9,1779141153954,1788514554370,108.5,4985.7,0.167,12510.040341,1,8570.02,68.5,False,True,False
0x2a5a009ba15756d0e93ddc74d2bea4feed136f86,True,1890,939,372,567,39.6,0.85,-5511.76,20,1774869894862,1788525934494,158.1,-3312.05,0.601,0.0,0,0.0,,False,True,False
0x2a72b57dea119cc0bac14df798f9e9b8b148267c,True,2000,1050,178,872,17.0,0.02,-8173.62,26,1788781683055,1788783682845,0.0,-530.1,0.065,1189602.685034,35,-42039.96,-3.5,False,True,False
0x2a934d40944e2b686ee9cdce74a3f67d32cd0347,True,783,204,143,61,70.1,14.0,601187.34,3,1751391149298,1788376522653,428.1,201457.4,0.335,110527.966521,1,-32077.47,-29.0,True,True,True
0x2aa8b108b12aeb3ddf2d5f782ac0b686d24f593c,True,1584,719,246,473,34.2,0.74,-4573.66,5,1753672548455,1785944725491,373.5,1149.55,0.251,0.0,0,0.0,,False,False,False
0x2abdef4788a3f941181e1c5e8e26a7f04727de04,True,2000,1029,536,493,52.1,0.45,-10947.08,22,1769598726262,1781512125315,137.9,-2382.78,0.218,0.007227,0,0.0,0.0,False,True,False
0x2ac8c331893528e7c420100b0af4e9968e6a7dfd,True,2000,720,420,300,58.3,0.65,-4980.04,136,1747444444862,1788479003778,474.9,-989.31,0.199,2256.165964,2,185.49,8.2,False,True,False
0x2adb215a6e6a081593a84ff07b88275b1a318be7,True,2000,1034,545,489,52.7,0.88,-7388.85,22,1775657930497,1787302224034,134.8,-9220.81,1.248,0.0,0,0.0,,False,True,False
0x2afec79d520b5ee96b5493e96bd95f53e5d76492,True,868,426,158,268,37.1,1.35,1378.89,61,1702162121280,1787168206299,983.9,446.19,0.324,0.0,0,0.0,,False,True,False
0x2b1e1bcb4c457548978cefae4eff9ebc403be653,True,1998,1017,649,368,63.8,1.05,6627.2,38,1737739428364,1787581282813,576.9,-34152.1,5.153,3787.476427,0,0.0,0.0,False,True,False
0x2b3182da8b7a1a8e5f728450b85eb063d0609c44,True,2000,1135,358,777,31.5,1.27,3353.48,11,1788461095806,1788752255069,3.4,2667.16,0.795,14450.639167,2,-1014.57,-7.0,True,False,False
0x2b538e17628e68703b9527d4a3951f093a11cc76,True,244,93,39,54,41.9,0.35,-6106.03,10,1750700259498,1783562546113,380.4,-1639.31,0.268,0.0,0,0.0,,False,True,False
0x2b667b8abc61d8bf25c3770861ff0971779f1b06,True,2000,865,111,754,12.8,0.04,-113856.24,11,1775772875802,1779321600086,41.1,-6074.48,0.053,0.0,0,0.0,,False,True,False
0x2b7b64b593a40a210bc0568522e7d7991ee8c7c0,True,2000,812,259,553,31.9,0.63,-34275.75,6,1782440715107,1788687066793,72.3,7355.16,0.215,0.0,0,0.0,,False,False,False
0x2b8d5c129197f5c8ed482360aac55fa17bf21af0,True,1747,1004,400,604,39.8,0.68,-47749.88,15,1752209098363,1787755508165,411.4,-16026.06,0.336,0.0,0,0.0,,False,False,False
0x2ba95164b5c111cf99a559eebbfbfc936e5ff823,True,393,145,91,54,62.8,2.6,5964.02,19,1745067292672,1788458295658,502.2,-1321.28,0.222,0.0,0,0.0,,False,False,False
0x2bce667ad63d6a0a2527ac5626be3b346c906afd,True,2000,649,411,238,63.3,1.23,2606.65,30,1780395618451,1788775515055,97.0,-2365.31,0.907,1580.535778,1,159.87,10.1,False,True,False
0x2be14931c121a28e093fdbcc544c8cb20970561f,True,1047,409,91,318,22.2,0.95,-400.22,14,1760603281833,1786110156765,295.2,2495.63,6.236,0.0,0,0.0,,False,True,False
0x2bf2a87b5949b691f199cd393278b225b04a67ff,True,971,339,97,242,28.6,0.35,-10347.66,7,1787596989874,1788472378867,10.1,-1242.44,0.12,9800.657282,1,-4867.52,-49.7,True,False,False
0x2c0757702f4897001f16c8cf881a3ddddf9c7494,True,2000,842,258,584,30.6,0.77,-17492.3,5,1772557304195,1775741721135,36.9,-5097.86,0.291,0.006613,0,0.0,0.0,False,True,False
0x2c39986db74c1e57ab6317a37420b1a602597d26,True,2000,743,331,412,44.5,1.86,4953.58,30,1781866093790,1788741719004,79.6,940.61,0.19,12799.611662,4,51.5,0.4,False,True,False
0x2c5cd5d51c0a4a1f8db103e8987da585c4056444,True,2000,868,171,697,19.7,1.01,50.35,6,1784089097381,1787166698946,35.6,1751.92,34.793,0.0,0,0.0,,False,False,False
0x2c763f89da23c4068c7bdc20adcc9783cff30888,True,1164,553,377,176,68.2,4.21,17906.91,10,1766958415732,1784050558010,197.8,5701.2,0.318,15225.651778,0,0.0,0.0,False,True,False
0x2c8bf439ad6e0c8d0df714e74e06c42e11e75907,True,170,95,76,19,80.0,500.43,7279.58,4,1776026811903,1778040855466,23.3,2598.56,0.357,0.0,0,0.0,,False,False,False
0x2ca1782ff2aac91bba15d2041ad0da8de6272560,True,2000,993,471,522,47.4,1.21,7411.0,8,1770005329221,1788450486496,213.5,-4988.86,0.673,0.0,0,0.0,,False,True,False
0x2cb21297c5d5c75a005ea48430e6392b9d253f19,True,2000,1141,811,330,71.1,3.43,3738.78,1,1784049141897,1784136780436,1.0,236.37,0.063,0.0,0,0.0,,False,False,False
0x2cbf3569ff56c8eea821b1e88e711ae157896953,True,640,289,227,62,78.5,0.09,-11450.73,2,1785947440444,1787107348183,13.4,-2335.0,0.204,131814.361735,1,130453.99,99.0,False,False,False
0x2cde6e2eb2b3ef373a36ac5072d918f9af393e3b,True,1719,734,477,257,65.0,2.38,21151.29,48,1733398171383,1779354641347,531.9,2655.88,0.126,0.0,0,0.0,,False,True,False
0x2cec61aa3a730cc7bb78ef5b891f585cb7685943,True,2000,953,685,268,71.9,10.91,76115.73,17,1783961451863,1788759196728,55.5,8131.61,0.107,74167.432843,3,-14864.2,-20.0,True,True,False
0x2cfe501f49df9f5131ae649a59c897f027ea60ac,True,2000,1202,800,402,66.6,2.31,16581.04,13,1767077619798,1776548297013,109.6,-1267.03,0.076,61019.123743,0,0.0,0.0,False,True,False
0x2d18baa2de4699486ed3542cd80ea6383ecacddb,True,2000,1066,574,492,53.8,0.6,-11503.99,7,1770401139612,1788440779844,208.8,-4200.95,0.365,7719.75176,0,0.0,0.0,False,True,False
0x2d23559bab0bbcb483056e77c9b2837438215cc2,True,2000,971,826,145,85.1,8.21,110085.3,12,1787157041205,1788726874004,18.2,3914.87,0.036,76955.997647,6,16887.03,21.9,False,True,False
0x2d44ddccb949fa6f1be0f310519f75668ad8667b,True,1043,453,313,140,69.1,1.49,3265.77,25,1760173384078,1773413292066,153.2,1454.91,0.446,0.0,0,0.0,,False,False,False
0x2d5599aa3c776cbec34f74f31ff8b8c366c07d1a,True,1096,541,374,167,69.1,0.56,-46815.86,10,1779701178529,1782990895478,38.1,15789.06,0.337,0.002011,0,0.0,0.0,False,True,False
0x2d695d02eadb90581ead0d0f8b7ce39652341020,True,2000,961,704,257,73.3,1.33,10012.64,16,1779598677115,1785279200573,65.7,-4456.29,0.445,0.0,0,0.0,,False,False,False
0x2d7b5fd3cad5646c92b962542f92e68647721736,True,2000,1016,364,652,35.8,0.71,-773.61,9,1788260662217,1788773244654,5.9,-109.46,0.141,0.0,0,0.0,,False,False,False
0x2d99fe0f36c1aebd28a1a2c0e82e8ca13c2ea351,True,2000,712,707,5,99.3,962.88,175379.65,4,1781278968115,1788534929505,84.0,4814.73,0.027,5068391.831137,3,-1072247.47,-21.2,True,True,False
0x2db008943305518ccc8d53606ad0deacf4ce7e01,True,1015,585,256,329,43.8,2.72,3791.77,6,1779605421100,1781475923469,21.6,759.46,0.2,0.0,0,0.0,,False,False,False
0x2dd68c656525116d1c3c2abce6e391bf68d17333,True,1108,482,208,274,43.2,0.78,-783.31,41,1755144630295,1774799120915,227.5,483.28,0.617,0.0,0,0.0,,False,True,False
0x2ded914aa5fadadd7d32d678924188586d7c656b,True,2000,958,533,425,55.6,0.7,-1484.43,29,1788139861199,1788783504752,7.4,-219.79,0.148,188767.822262,71,-90821.01,-48.1,True,False,False
0x2dff6f43bf9456899f0035714cbe25d5e9895f49,True,2000,1004,531,473,52.9,0.87,-192.16,71,1786088284447,1788336305102,26.0,340.14,1.77,0.0,0,0.0,,False,False,False
0x2e20df63f5ffb0578cf4ccc223cb3003a50200b1,True,2000,1078,602,476,55.8,1.16,11463.27,30,1760569287216,1787509447012,311.8,-33769.06,2.946,0.0,0,0.0,,False,True,False
0x2e35b67e8e4f88ac569b2d0a3aa536f3ede3a2e4,True,258,137,33,104,24.1,1.36,1009.99,5,1777757834861,1778275970470,6.0,687.83,0.681,0.0,0,0.0,,False,True,False
0x2e45b77ce383e0160dcfb8b53446c775a4e70092,True,2000,1099,504,595,45.9,0.88,-3271.67,9,1782366555695,1787220909594,56.2,-3710.88,1.134,0.0,0,0.0,,False,True,False
0x2e56f9fead5fdf3171341b5fa861077704856b41,True,777,381,210,171,55.1,0.47,-160503.59,9,1763721310296,1787529951651,275.6,-51860.83,0.323,0.0,0,0.0,,False,True,False
0x2e7df133b1f9dc52e5caae86f6bf457232a5347f,True,2000,1080,484,596,44.8,0.12,-78524.48,4,1783891866498,1787216096698,38.5,-7254.02,0.092,0.0,0,0.0,,False,True,False
0x2e9121cde80ca1ab73faca7847e7c87e24d4fa03,True,567,264,116,148,43.9,0.44,-4443.73,6,1781492171639,1781795701249,3.5,-793.54,0.179,0.0,0,0.0,,False,True,False
0x2ea94ba36036e89d852ced642a70263b12469c0f,True,2000,1370,607,763,44.3,1.41,18584.94,11,1774305158580,1775712104840,16.3,-2933.35,0.158,0.0,0,0.0,,False,False,False
0x2eb3b88a5fa4a8928c4c9ba1916a84ddc230d79f,True,2000,1203,634,569,52.7,0.92,-1989.52,13,1782390723001,1788773243639,73.9,1053.38,0.529,0.0,0,0.0,,False,False,False
0x2ec97e86e72acb09832b33a752e271e2d8c66869,True,2000,931,373,558,40.1,0.91,-3603.43,15,1780458619363,1788653807190,94.9,2305.51,0.64,0.0,0,0.0,,False,True,False
0x2eddf3aa5c4df34f9263a98b564bec3b4ec78179,True,2000,1511,636,875,42.1,0.25,-38961.85,61,1788754758063,1788783994010,0.3,-1708.05,0.044,6147814.853069,95,-1454925.77,-23.7,True,True,False
0x2ef7b06eab37bc5adda1569e0b484792f364d06b,True,960,325,127,198,39.1,0.14,-30671.54,1,1784524849656,1784940618848,4.8,-2695.55,0.088,0.0,0,0.0,,False,True,False
0x2f0d360d090e6cbdb0116b26a492399c226741cd,True,2000,956,498,458,52.1,1.18,6188.5,41,1784293496750,1788567497517,49.5,3413.22,0.552,18883.542329,3,8460.38,44.8,False,True,False
0x2f218807a8628d550ea9b89de4af234e17bcc179,True,707,325,160,165,49.2,1.16,1157.92,5,1763183769166,1787791661412,284.8,1422.18,1.228,0.0,0,0.0,,False,True,False
0x2f402fb0d75d2d9e4de7c4859d37d2632eab6f2d,True,128,29,17,12,58.6,0.07,-11796.1,2,1776188095245,1788339147677,140.6,-2605.14,0.221,0.0,0,0.0,,False,False,False
0x2f5b3a3c16b1f3aca83dd0e5b7c52363f04363dc,True,2000,1027,669,358,65.1,1.51,340.49,6,1788647523990,1788783622934,1.6,-36.04,0.106,12866.192608,5,-60.66,-0.5,False,True,False
0x2f730920f265ff855e604303b7da713d50943da9,True,2000,923,436,487,47.2,1.88,34252.64,4,1785354547278,1788223186600,33.2,7163.54,0.209,0.0,0,0.0,,False,True,False
0x2f9103afa0c54442ca0fb4a0aa7566e2598f1647,True,2000,689,47,642,6.8,0.01,-10724.32,7,1783908318265,1783981476570,0.8,-433.87,0.04,0.0,0,0.0,,False,False,False
0x2f9e023fff83d2e349df53448d2e191ad1a4a2ee,True,2000,1007,509,498,50.5,1.3,107.15,1,1785311804146,1785379835050,0.8,4.14,0.039,0.009992,0,0.0,0.0,False,False,False
0x2faf25b6effb08dbe728f05edcb6cd37aff5eded,True,2000,501,208,293,41.5,1.93,1982.83,12,1768093938147,1788766877779,239.3,307.89,0.155,2513.639714,2,235.54,9.4,False,True,False
0x2fc04c52bf0ae8e9f9db78bf8cfad50bc7e80e59,True,1031,418,118,300,28.2,0.83,-3560.51,5,1761824967174,1776958405252,175.2,-2808.53,0.789,0.0,0,0.0,,False,True,False
0x2fdf3320cfaf0a425991a16412d01d6f08cbd717,True,2000,1473,463,1010,31.4,0.57,-4339.81,2,1772015168406,1776014768003,46.3,-111.5,0.026,0.0,0,0.0,,False,True,False
0x2ff07c5349f82e3ce68112a0ba355243686c68f0,True,2000,953,382,571,40.1,1.18,3543.74,19,1764112582293,1788048000065,277.0,-1142.3,0.322,0.0,0,0.0,,False,True,False
0x30090a19e6037d9cc839526e17418c551c5a462c,True,2000,958,438,520,45.7,2.0,21140.54,14,1778711167728,1788334672917,111.4,-1635.27,0.077,0.0,0,0.0,,False,False,False
0x301c4dd57afd71d6ad1eb13f743982589c164daf,True,2000,931,556,375,59.7,0.67,-8210.12,1,1764454482172,1788663481794,280.2,-2477.4,0.302,1790.951305,1,12.62,0.7,False,True,False
0x30372cab9f2f7e4a3bfab04f41b6ee2e14e8c9e1,True,2000,802,573,229,71.4,3.6,79274.86,34,1780977498620,1788701647137,89.4,6099.01,0.077,88303.331313,16,-118469.45,-134.2,True,True,False
0x3044d636c3c2366e0695369db21859f903f86030,True,2000,797,173,624,21.7,3.87,63172.49,14,1778774724176,1788525775306,112.9,12353.88,0.196,102672.341847,1,216371.32,210.7,False,False,False
0x3058d14bbd902ef7b1204d0dfa4a79b068f3e87c,True,855,390,258,132,66.2,0.84,-1775.93,27,1733869411866,1787520333424,621.0,-4029.9,2.269,0.0,0,0.0,,False,True,True
0x30729cac1a6075e04a29c18078b486b2b118d04a,True,2000,958,518,440,54.1,0.08,-282411.33,3,1776004801293,1788471268027,144.3,-15289.6,0.054,0.0,0,0.0,,False,True,False
0x3093189bd4d429cb2f47d03c14b9e9200b6b9425,True,2000,907,678,229,74.8,3.92,262266.93,15,1759790257342,1788313211998,330.1,23159.0,0.088,45584.151741,2,64101.0,140.6,False,True,False
0x30a713670bac5966eb6bc368d2269a203006daa3,True,1340,1107,882,225,79.7,6.35,17661.13,7,1787606863332,1788571405931,11.2,1110.92,0.063,0.0,0,0.0,,False,True,False
0x30b4cafb4a0a84f0d53c05e7942c4ae4a5a3961a,True,2000,1001,492,509,49.2,0.08,-58689.05,12,1786775993217,1788521250904,20.2,-4401.9,0.075,274.271738,1,-226.77,-82.7,True,True,False
0x30bcd26adb8dc080065a4ceb8294abf43d086a8e,True,2000,1040,496,544,47.7,0.83,-2701.12,9,1776660634524,1785354010650,100.6,-1842.56,0.682,0.0,0,0.0,,False,True,False
0x30cd438f6beafe89c662ba96b5af1d4c739aa145,True,589,371,190,181,51.2,0.44,-29257.68,6,1769388555086,1775703607236,73.1,-6517.52,0.223,0.0,0,0.0,,False,False,False
0x30d9385d3203a98ab9ed888d3c6fec16d71993e9,True,2000,862,348,514,40.4,0.06,-173733.96,1,1783499638549,1787376337910,44.9,-25934.43,0.149,0.0,0,0.0,,False,True,False
0x30ec17280d8f1a72ddf129e1a92650ccda9ec581,True,2000,998,315,683,31.6,0.33,-9678.85,17,1770329789385,1788542744834,210.8,-842.46,0.087,0.0,0,0.0,,False,False,False
0x3109eb59201623fe283d1b110b054e52222f6183,True,2000,1177,0,1177,0.0,0.0,-731344.75,4,1779918854897,1782924890909,34.8,-45301.83,0.062,0.0,0,0.0,,False,True,False
0x311ddb1e4b2218a12991283650f831034ed1e00f,True,2000,923,657,266,71.2,0.76,-4651.76,31,1759098279776,1788048000065,335.1,-6697.0,1.44,0.0,0,0.0,,False,True,False
0x313a9d38a6234ca79fb9c91ebf590ce47f5025a8,True,604,374,187,187,50.0,0.97,-207.01,23,1764084277993,1787283868434,268.5,-392.98,1.898,0.0,0,0.0,,False,False,False
0x315931c0b18dd74f84bf37e88fe50768ae313e07,True,2000,1046,399,647,38.1,0.68,-13561.0,4,1783014448888,1787102383122,47.3,-2009.47,0.148,1e-06,0,0.0,0.0,False,False,False
0x317e9cb92857c00671fbf3e4383a16efe8cb2142,True,2000,871,449,422,51.5,0.56,-6456.83,8,1778682352978,1787429618561,101.2,-3318.05,0.514,0.0,0,0.0,,False,False,False
0x3198edb222d3e57a6c30e6acb04eefd5b6d9b870,True,180,91,38,53,41.8,1.83,74.07,13,1752612905530,1778706562289,302.0,59.82,0.808,0.0,0,0.0,,False,True,False
0x31bfafeceaab26a6d3b5ed0c0f91663970df97d2,True,2000,967,487,480,50.4,0.1,-836997.63,6,1768659280983,1783565951123,172.5,-75473.15,0.09,0.0,0,0.0,,False,True,False
0x31d7916593d1ed6cdb3b1ff2a1f656a2eb2a2381,True,2000,900,459,441,51.0,0.75,-5714.29,11,1785107486313,1788655911025,41.1,1668.3,0.292,0.0,0,0.0,,False,True,False
0x31e62308b63764d97ae9ab0fe562e2e2492d52d2,True,2000,944,271,673,28.7,0.96,-121.81,17,1780017620141,1786654610379,76.8,274.57,2.254,0.0,0,0.0,,False,False,False
0x31f8c060fa04591e31f5647f92d4f846ebadc3d9,True,661,307,181,126,59.0,0.53,-7617.97,28,1768808763774,1787558546167,217.0,-1457.59,0.191,0.0,0,0.0,,False,True,False
0x32051a0c36af1449e0eee08146a808115ccc40bb,True,2000,646,276,370,42.7,2.32,14715.78,6,1788741850026,1788784202431,0.5,2780.56,0.189,991983.198171,6,-100896.95,-10.2,True,True,False
0x32347b6fb6edc9abe878c9b46d0263d1f00eb4b0,True,2000,909,439,470,48.3,0.45,-34845.44,36,1760584990456,1780494490846,230.4,-4838.66,0.139,0.0,0,0.0,,False,True,False
0x3245938d5c684301d60275426447a860392072ec,True,2000,825,561,264,68.0,0.89,-3302.36,24,1756447871277,1777206973437,240.3,2471.89,0.749,0.0,0,0.0,,False,True,False
0x325edd95bb016c36027ce3b9f7595af7094a9564,True,2000,1668,576,1092,34.5,0.53,-6010.9,6,1788659061719,1788688669449,0.3,-1109.83,0.185,528370.938385,1,-37693.3,-7.1,True,False,False
0x326e3ecd6b69585dbd6bbd834e73b2d13f4433c9,True,2000,921,683,238,74.2,0.93,-2386.74,9,1787639258321,1788730054363,12.6,6002.95,2.515,41220.992064,2,-2970.54,-7.2,True,False,False
0x32802f989b4348a51dd0e61d23b78be1a0543469,True,2000,879,719,160,81.8,12.11,385467.52,11,1777488221870,1788357555582,125.8,20720.43,0.054,0.0,0,0.0,,False,True,False
0x3296b13b1ee66d953d4449bd81581a4612ecc27f,True,2000,855,402,453,47.0,1.18,1974.14,51,1757333373578,1788666678818,362.7,-2102.87,1.065,0.0,0,0.0,,False,True,False
0x32a4ccd054de855113496a41fc56d97cf280756f,True,2000,925,348,577,37.6,1.21,9213.78,15,1764486805984,1782950400074,213.7,-7126.07,0.773,0.0,0,0.0,,False,False,False
0x32b124539fa7a3f92aa3f0d653933c9549866070,True,2000,885,740,145,83.6,10.67,28622.69,47,1786494743987,1788778508311,26.4,893.37,0.031,0.0,0,0.0,,False,True,False
0x32d6306ec178bcefe7b8d7302689376b42b047ee,True,761,375,234,141,62.4,0.24,-52941.82,7,1747387483687,1787657209404,466.1,-22235.91,0.42,0.0,0,0.0,,False,True,False
0x32f9a1e1125e61bd2756528e7316303f532e4d7f,True,1693,796,606,190,76.1,0.61,-17723.32,4,1779447031624,1782423276971,34.4,-13873.09,0.783,0.0,0,0.0,,False,True,False
0x331488ae20a6cdc1f9ac0e4ca0ce08f1365fe91a,True,2000,1250,668,582,53.4,1.0,-1.49,2,1781533518872,1788456321334,80.1,398.85,266.865,0.0,0,0.0,,False,False,False
0x332ae5513748e25dc4b6707e38c07430594b815d,True,474,229,182,47,79.5,2.3,3764.04,9,1757872503617,1780920048268,266.8,1055.85,0.281,0.0,0,0.0,,False,False,False
0x3343f2e0f4ca09d8ac2c9cd77150f1c56fb1f29b,True,2000,804,657,147,81.7,1.47,6667.87,12,1758908923141,1783212444838,281.3,1090.06,0.163,0.000235,0,0.0,0.0,False,False,False
0x3354143a172cbb95241f34d36e3bc53602b86a57,True,2000,947,878,69,92.7,6.09,12725.29,52,1782400935057,1788535632547,71.0,3243.55,0.255,5916.114231,2,-725.46,-12.3,True,True,False
0x337180ad36a15c50a9983055c61e69c95fcd9eb9,True,2000,981,273,708,27.8,1.02,1.74,21,1779398509189,1788760107255,108.4,8.38,4.807,0.0,0,0.0,,False,False,False
0x337c8f57be536a4848a8b69d3d66199a404b9b4e,True,2000,951,738,213,77.6,1.23,4756.94,11,1787375443633,1788754748494,16.0,-4258.5,0.895,2445.90425,1,-525.75,-21.5,True,True,False
0x3395f82a309d6ef6fc6e75a9773159c1d6dcbd02,True,2000,809,432,377,53.4,0.88,-13980.0,9,1756226802959,1788454985342,373.0,-10769.4,0.77,0.0,0,0.0,,False,False,False
0x33a58b7a1f46aa945993302f0a7a812888c35dd4,True,2000,892,153,739,17.2,0.63,-17457.74,3,1787630400028,1788705138366,12.4,-1747.47,0.1,0.0,0,0.0,,False,False,False
0x33b540570639c5952529b7e886df222e136f26fb,True,1729,1151,700,451,60.8,5.6,11606.21,19,1739873999604,1787678655719,553.3,886.05,0.076,0.0,0,0.0,,False,False,False
0x33d3c029fd119ebb90df20c3427a97074637bf7c,True,2000,863,626,237,72.5,2.91,93233.07,21,1769797111843,1788776489501,219.7,-8381.14,0.09,1955.137821,1,-303.2,-15.5,True,True,False
0x33ed9bbfb2d2f033d250b4acb8edeb25dc108e2f,True,2000,1043,232,811,22.2,0.24,-233231.65,5,1780140916603,1780767618301,7.3,-12759.61,0.055,0.0,0,0.0,,False,True,False
0x3404c97371fe461d3d5a14a26501e5e2be5d02ae,True,2000,925,697,228,75.4,0.91,-372.33,3,1781790125882,1785427923246,42.1,-682.23,1.832,0.0,0,0.0,,False,False,False
0x34246e62e88dec68f57bf21ca16d8c773d26c507,True,2000,806,442,364,54.8,2.16,17663.01,17,1788134880529,1788779828046,7.5,1202.44,0.068,10651.609892,5,3158.56,29.7,False,False,False
0x343ff91b7c11846ddbbec72a64d078c5e21c34dc,True,2000,926,757,169,81.7,1.18,17600.44,8,1761989064249,1773551427090,133.8,-12702.77,0.722,0.0,0,0.0,,False,True,False
0x3454c7aa653c908850021eff43c0a141cd138c9e,True,2000,1015,885,130,87.2,2.11,13746.98,23,1775907613869,1788768170638,148.8,-2011.37,0.146,13390.416209,1,-4015.74,-30.0,True,True,False
0x347649b8c96e189ac8aed6796c70a77337c67772,True,2000,987,931,56,94.3,15.94,4767.74,97,1756172046305,1784125246296,323.5,142.35,0.03,0.0,0,0.0,,False,True,False
0x34849b7cf9bf6df09e2031744091182101180be6,True,2000,938,542,396,57.8,0.59,-18009.95,9,1773889751380,1788534497343,169.5,-9368.0,0.52,0.0,0,0.0,,False,True,False
0x348e5365acfa48a26ada7da840ca611e29c950ef,True,2000,1014,627,387,61.8,2.14,11759.24,2,1780410453658,1782492737583,24.1,-1767.2,0.15,0.0,0,0.0,,False,False,False
0x34a348d5b5d1ff3a78b009a0a10e140e39e711c7,True,2000,814,476,338,58.5,1.84,12431.61,16,1787826454134,1788772202026,10.9,-2956.81,0.238,76483.419451,2,832.87,1.1,False,True,False
0x34c6d41c5f78f7ccdf1b05ef7cb7c868ac5a6b0c,True,2000,1160,894,266,77.1,3.64,246928.65,19,1764182227320,1788734674628,284.2,-33848.57,0.137,175764.828219,1,6854.92,3.9,False,True,False
0x34d3a17095ef7def39a489d63c7c916e673c9ca2,True,2000,1100,1006,94,91.5,0.66,-25375.62,4,1782571459856,1788404432918,67.5,-8165.3,0.322,0.0,0,0.0,,False,False,False
0x34f10e1397b67cc9dd5b0bbf60b022259e4d90aa,True,2000,1284,633,651,49.3,0.24,-115332.05,15,1760109229175,1788657751501,330.4,-9449.37,0.082,0.0,0,0.0,,False,True,False
0x350e33a777d510616fbdb483d1de3b50d1edfcfb,True,2000,1066,1020,46,95.7,79.72,411136.69,4,1788661921198,1788736099265,0.9,4548.49,0.011,4536723.841067,7,1286651.75,28.4,False,False,False
0x35253444b02b147e258ffc8ce81e2b4df3336f34,True,2000,808,353,455,43.7,0.3,-108687.23,9,1787158708738,1788729967944,18.2,-8902.84,0.082,137402.153131,7,26396.93,19.2,False,True,False
0x3540690b1d60e3e78eb01d51a4ceea482bd4e4eb,True,2000,1567,709,858,45.2,0.07,-88412.06,13,1747374136898,1778037251107,354.9,-6637.12,0.075,0.0,0,0.0,,False,False,False
0x3550dd33e3e6af5cd76822526af8cac37ba1d865,True,2000,1012,504,508,49.8,0.6,-866.64,70,1781298964194,1787270400024,69.1,302.01,0.348,0.0,0,0.0,,False,False,False
0x35613128e6f3471cd26289dcff357f47f1b9797d,True,798,322,166,156,51.6,0.9,-1380.74,12,1779544611290,1781522644701,22.9,2835.3,2.053,0.0,0,0.0,,False,False,False
0x35817a9b3bd164f846359fdf543a3578770a7e15,True,2000,1610,1576,34,97.9,0.86,-586.67,9,1786793634856,1788757108980,22.7,-610.08,1.04,0.0,0,0.0,,False,True,False
0x3595098878d3960158b77765f3b595228385d69a,True,2000,852,397,455,46.6,1.04,7372.05,18,1775025405374,1787331956720,142.4,-71715.78,9.728,4.068544,2,-7.55,-185.7,True,True,False
0x35a1a7740653b9c99b9b70c37c1c97192585b6bb,True,2000,930,475,455,51.1,1.79,1953.52,7,1783135555992,1785461774841,26.9,-211.2,0.108,0.0,0,0.0,,False,False,False
0x35b115b395378d775e167f8a9a43898aa54a0ffb,True,260,95,35,60,36.8,1.16,278.85,19,1736360369057,1783216937718,542.3,1026.64,3.682,0.0,0,0.0,,False,False,False
0x35ca45912d30c7f1689cb19e04f92bf03f9e071c,True,430,236,92,144,39.0,0.85,-888.75,1,1782332697900,1782986033511,7.6,-1097.78,1.235,0.0,0,0.0,,False,True,False
0x35dff255f9a586c6d8e14fbf5c56f28ad747a04b,True,2000,954,691,263,72.4,1.5,12468.88,19,1777275977223,1788782036854,133.2,-2736.3,0.219,9484.493905,1,143.58,1.5,False,True,False
0x35f3df9e4897176cc97244ee5da0fbeab907aa26,True,694,306,57,249,18.6,0.24,-14516.78,16,1758834473125,1775957804387,198.2,-1672.1,0.115,0.0,0,0.0,,False,False,False
0x361038befa6c7ad6fad0460e3d0d30f95bbbee0e,True,2000,900,386,514,42.9,0.7,-5161.04,3,1771329517217,1788614493053,200.1,722.37,0.14,0.0,0,0.0,,False,True,False
0x362ad6209a5e904a5569f69884375809c5781d9f,True,2000,1576,56,1520,3.6,0.0,-611670.39,5,1788447609081,1788678768080,2.7,-8255.58,0.013,3010381.387353,1,-5169486.8,-171.7,True,False,False
0x3637a2281143df6d0ad8cf2bbcfd6a48a0bdf497,True,2000,1444,1306,138,90.4,5.9,18886.12,13,1784812121617,1788647526900,44.4,1743.45,0.092,319560.189962,8,38132.8,11.9,False,False,False
0x365ce0f306ef489b3a86b9688c4a536966dbd974,True,1483,732,428,304,58.5,1.37,16004.85,20,1737545415780,1786120675604,562.2,-10058.56,0.628,0.0,0,0.0,,False,True,False
0x366affd102271205bb0c095396ef48ec00dd8edf,True,1802,787,504,283,64.0,1.57,8870.79,5,1782409011599,1788595178672,71.6,-486.7,0.055,5229.746074,1,-5791.42,-110.7,True,True,False
0x368d1da10b91f44e72f55875f323fe1ac9f586a5,True,373,142,42,100,29.6,0.81,-537.2,1,1783629788819,1784578502189,11.0,-304.11,0.566,0.0,0,0.0,,False,False,False
0x36a62698295c4b33abe8c59b0ae3f8afcbee8ea3,True,609,349,243,106,69.6,1.32,10778.36,8,1756645235384,1780675932831,278.1,-6910.28,0.641,0.0,0,0.0,,False,True,False
0x36c6459bf9612634755f16923721d8f39cb596be,True,2000,775,487,288,62.8,5.62,71012.97,61,1710181776212,1788091549217,901.7,67698.25,0.953,0.0,0,0.0,,False,True,False
0x36e6dab460411e402aed071915a21f5c2ff9f223,True,2000,758,527,231,69.5,0.63,-58849.25,9,1783714926994,1788744386304,58.2,-33129.95,0.563,3183.489696,1,-9954.0,-312.7,True,True,False
0x36f1591ff481d2f19c1a2bb4d7c1b1a37a9cfc71,True,2000,883,469,414,53.1,0.85,-4852.58,34,1762186115901,1788469350239,304.2,3461.28,0.713,1052.026992,1,-476.11,-45.3,True,True,False
0x36fc06d91d1c9a1a687e0285bb459f3f2e933a27,True,491,213,175,38,82.2,0.98,-76.31,18,1783415848117,1785767294129,27.2,-1185.14,15.531,0.009032,0,0.0,0.0,False,True,False
0x3708d783aba6852dc3e843142577c1bc6dccfd27,True,2000,947,312,635,32.9,0.97,-633.28,49,1782146096750,1788784046898,76.8,-766.41,1.21,4706.138774,6,1891.49,40.2,False,True,False
0x37331441dd5aba9f15110d764218d4d4dc0c649a,True,2000,812,528,284,65.0,10.16,109221.96,17,1780120146577,1788463364796,96.6,7802.97,0.071,0.0,0,0.0,,False,False,False
0x37417e3966fbc1f78d992509bb9a323666d1a6c9,True,1549,649,358,291,55.2,1.16,7213.16,13,1764911205031,1788702616552,275.4,-3878.82,0.538,0.0,0,0.0,,False,False,False
0x376822f421f0b8664244f6845d2c7a0f1b3ebe59,True,311,157,103,54,65.6,5.82,1723.28,1,1777202704232,1782887741814,65.8,286.12,0.166,0.5,0,0.0,0.0,False,False,False
0x378074a3c75562c89d423bf25b812597b4e68242,True,2000,882,321,561,36.4,0.67,-8411.96,17,1732944275490,1788632159248,644.5,-5005.99,0.595,12342.923595,1,1646.13,13.3,False,True,False
0x379674cc80b3109456f5852aa0cd2ec3b97c8d4b,True,2000,1039,455,584,43.8,1.88,5696.28,43,1783427146968,1783659507626,2.7,358.84,0.063,0.0,0,0.0,,False,False,False
0x37b9efbb4c16e2b1cd03fc03e65e2e45f722b61d,True,2000,961,307,654,31.9,1.0,-24.77,8,1784168033222,1788497964148,50.1,1467.82,59.268,0.0,0,0.0,,False,False,False
0x37cdea0c9af695a5629a75e28a20724a98147918,True,2000,330,17,313,5.2,5.8,972.24,9,1785942544278,1787985248673,23.6,1166.0,1.199,167.301139,1,50.71,30.3,False,False,False
0x37e82000220ff5bd2292dc08b7505f2c24a2c66a,True,902,426,142,284,33.3,0.24,-7727.44,20,1762276335068,1787356800028,290.3,-1646.6,0.213,0.006234,0,0.0,0.0,False,True,False
0x38042d713af713f0275b00640a83654db91ea543,True,2000,792,551,241,69.6,8.97,167523.85,7,1783929285755,1787325170863,39.3,68423.03,0.408,83797.68,0,0.0,0.0,False,False,False
0x38220b4d6a183fe055c82a90acacedbcc96263e4,True,2000,1008,379,629,37.6,1.05,192.02,51,1786091753699,1788775257081,31.1,218.85,1.14,8920.831683,50,6212.31,69.6,False,False,False
0x3837dcc83fdfb8ecee7f019b7be3b0a9c3fad4ab,True,2000,1115,337,778,30.2,0.97,-339.8,17,1773710932390,1775926107119,25.6,-891.38,2.623,0.0,0,0.0,,False,True,False
0x384cea9f60e286ee2b674606c53ef64e5713fb15,True,2000,870,650,220,74.7,0.83,-5993.39,18,1772075285936,1788593203636,191.2,-6011.05,1.003,162.698958,1,13.27,8.2,False,False,False
0x3862e797ca5d0c8eafe519a2e8c0f5776f47c23b,True,2000,881,543,338,61.6,1.6,1746.6,74,1770300276912,1773912887477,41.8,-216.22,0.124,0.0,0,0.0,,False,True,False
0x388bc9e998140ec9a07d8d8911d53e57eecb2617,True,885,402,263,139,65.4,19.4,42504.01,5,1783930576412,1784008382436,0.9,18329.25,0.431,0.0,0,0.0,,False,False,False
0x38a443d641e288c8562ffaeca7fc058ebcbabcd4,True,867,441,254,187,57.6,0.57,-2455.53,5,1780500790230,1780668040946,1.9,-478.27,0.195,0.0,0,0.0,,False,False,False
0x38c2e64cf14281f5120de238c12082d425dc07c4,True,2000,947,373,574,39.4,0.23,-149615.99,11,1739311630399,1784226760867,519.9,-11187.96,0.075,0.0,0,0.0,,False,True,False
0x38dda52e257fa556b6e23ec88708c101a4307d1b,True,1028,477,273,204,57.2,1.15,4161.92,18,1762620465210,1780444586612,206.3,-6635.52,1.594,0.0,0,0.0,,False,False,False
0x38efbe0c9b2d4635a14d83f4259d7dce861422ec,True,955,334,189,145,56.6,0.82,-2433.36,5,1718036483662,1776363471612,675.1,-3401.26,1.398,0.02993,0,0.0,0.0,False,True,False
0x38fa2d5f76be65ed530b5246c12e7022a580b3e7,True,316,172,126,46,73.3,21.8,33921.23,8,1776353342772,1787618727023,130.4,5069.69,0.149,60285.493691,1,-22670.85,-37.6,True,True,False
0x39076b6d85ce5de530a76fc0f10958cda7440a63,True,2000,890,478,412,53.7,1.41,14477.0,8,1773166606091,1783459233048,119.1,2287.43,0.158,0.0,0,0.0,,False,False,False
0x3915ccce7aa84d3cac9d57b672b9479c38a7058f,True,1665,691,678,13,98.1,4503.51,315822.63,5,1763989364018,1788526539111,284.0,46482.25,0.147,0.0,0,0.0,,False,False,False
0x39286f16944d7e1376a9c2dba2f9be7003349766,True,2000,710,398,312,56.1,0.17,-68330.92,16,1764759036062,1788670460473,276.8,-8783.51,0.129,0.0,0,0.0,,False,False,False
0x393878cb53ac85a72a6a9b4147397aa91a458841,True,2000,638,421,217,66.0,0.1,-62202.1,2,1776621764705,1777212033181,6.8,-10739.36,0.173,0.0,0,0.0,,False,False,False
0x39526dee330258a8d4df05724cc25422aedf7f48,True,2000,1101,650,451,59.0,0.95,-3467.23,7,1776619785186,1788719750528,140.0,-17003.42,4.904,0.0,0,0.0,,False,False,False
0x3979bdf742ce46c9dcd570c70d2d6e88b87df0e9,True,2000,1091,302,789,27.7,0.89,-1012.66,14,1778821116557,1782755932747,45.5,854.05,0.843,0.0,0,0.0,,False,False,False
0x398ae849039250711f27fab48a3cf7c7816368aa,True,624,237,119,118,50.2,5.42,70879.32,14,1748454310595,1788719363346,466.0,14336.09,0.202,26941.961283,5,15299.33,56.8,False,True,False
0x39a04e90140793ec048323284425cd2ff53480d6,True,2000,705,574,131,81.4,1.7,12818.6,12,1788332145719,1788758782373,4.9,3467.98,0.271,566937.61778,5,-73381.61,-12.9,True,True,False
0x39a8e0562af3fcf8f47783be252ac62877f9e96f,True,2000,958,316,642,33.0,0.47,-3292.84,4,1785073541775,1785112083117,0.4,-401.82,0.122,0.0,0,0.0,,False,False,False
0x39bfa13b121e254640e36f08947cd2986e4a8927,True,2000,915,426,489,46.6,3.06,3822.8,61,1767950552080,1788779365163,241.1,384.92,0.101,22745.907282,50,1638.6,7.2,False,False,False
0x39d7c3ed259e4f5a22f3caf005291021ea7a243c,True,1107,507,171,336,33.7,0.5,-4435.95,17,1784993536492,1787961482869,34.4,-504.86,0.114,0.0,0,0.0,,False,False,False
0x39eeb9f03078f5af3484820ea45a61c9374f7f57,True,1097,576,327,249,56.8,1.17,5132.31,13,1733007954397,1786225877074,615.9,-4571.36,0.891,0.0,0,0.0,,False,True,False
0x39feaf05ad04f56c9fa8363ce709260448dfd2d9,True,93,32,22,10,68.8,0.8,-142.97,8,1757053647441,1787577946895,353.3,-428.14,2.995,0.0,0,0.0,,False,False,False
0x3a0b8fa1cdcbb02ddf17574db2b66d741110fc60,True,2000,968,294,674,30.4,0.86,-6713.6,10,1784208709943,1788724687948,52.3,3582.0,0.534,0.0,0,0.0,,False,True,False
0x3a17cb59d1d99438ca41fc5299d91a47b5caf4b9,True,937,403,267,136,66.3,2.59,38185.05,38,1756732168876,1785743393764,335.8,-8284.85,0.217,0.0,0,0.0,,False,True,True
0x3a315c8683d7a60e60dd51143d62eeeeedd2a700,True,2000,1073,559,514,52.1,0.28,-65798.24,6,1788285180312,1788668447102,4.4,-8132.93,0.124,0.0,0,0.0,,False,False,False
0x3a442068be56549bf69e37902b827cbf28f8b2b2,True,93,75,20,55,26.7,1.36,160.63,12,1787805612426,1788162959461,4.1,-150.79,0.939,0.0,0,0.0,,False,False,False
0x3a516707c6a34a44a02c608a11f73351269dc6c4,True,2000,1206,633,573,52.5,0.08,-3757.76,10,1782451326431,1787961600069,63.8,-1429.3,0.38,0.0,0,0.0,,False,True,False
0x3a6df3e9e02d5f3727c655cc93e86c01fc0250a2,True,1390,449,313,136,69.7,1.3,1053.83,28,1744373880755,1778514634921,395.1,-396.54,0.376,0.0,0,0.0,,False,True,False
0x3a84248be8ed75244ce9e0084eb26279fa54b179,True,2000,1090,0,1090,0.0,0.0,-116786.91,2,1780114143355,1780285768233,2.0,-2653.65,0.023,0.0,0,0.0,,False,False,False
0x3a97622a3e125e2854a6fe7d70334be4aacd19bc,True,1242,525,353,172,67.2,0.53,-60495.57,4,1776783600290,1779529105525,31.8,-12830.95,0.212,0.0,0,0.0,,False,True,False
0x3aad14207210ba0a70345f035ffb7b66f13ef74d,True,1197,491,230,261,46.8,0.89,-9169.22,6,1762192078153,1781542093009,224.0,13695.36,1.494,0.0,0,0.0,,False,True,False
0x3ac9b030594c1ef23a3e8fed9f62356b7bf98bf6,True,2000,1032,548,484,53.1,1.4,1252.0,1,1787925916227,1788210822094,3.3,-50.31,0.04,4498.604114,1,-0.71,-0.0,False,True,False
0x3ae1fddd77fe86289b1f962cbe64582399eb7df6,True,2000,658,264,394,40.1,8.66,28221.13,7,1775312023244,1779358512981,46.8,3335.21,0.118,0.0,0,0.0,,False,True,False
0x3afa700856d84133e4ac65f38930392dc45d0521,True,378,162,138,24,85.2,65.07,29226.88,6,1778925254233,1784580701257,65.5,9989.96,0.342,0.0,0,0.0,,False,False,False
0x3b0884185452d1e190f078dd2f91cb89cdb6458d,True,2000,1087,347,740,31.9,0.88,-4324.92,2,1786745946250,1788774436879,23.5,1738.5,0.402,2119.099618,1,159.44,7.5,False,True,False
0x3b18223e0dbec73b43651d5705c0fcfcfc59fb3f,True,1342,595,256,339,43.0,0.74,-1479.33,17,1783983728690,1788728767996,54.9,-1362.81,0.921,9111.901942,2,4535.65,49.8,False,True,False
0x3b3334ab809445774707020513f97d98e4596f9e,True,349,156,37,119,23.7,1.01,30.03,1,1768098151358,1776150591927,93.2,1765.67,58.79,0.0,0,0.0,,False,False,False
0x3b45894fe9e4aea76672ccebfa4c5398411bf467,True,1686,882,187,695,21.2,0.13,-191281.8,7,1770112666284,1778198450437,93.6,-17277.84,0.09,0.0,0,0.0,,False,True,False
0x3b565abd0122a5669cd3a419544e8bb8b133e956,True,2000,1204,746,458,62.0,3.35,29058.35,12,1786653523906,1788760382309,24.4,1968.4,0.068,12582.703846,1,-5358.0,-42.6,True,True,False
0x3b69e89d9568191a83aa251d9b813ba0826f9481,True,2000,837,778,59,93.0,0.63,-15572.73,11,1779950147260,1780477188532,6.1,-20320.82,1.305,0.0,0,0.0,,False,True,False
0x3b81044ed9b9253d449c86fe826f46ad25f4447d,True,2000,1443,903,540,62.6,1.63,28358.77,41,1749998787369,1788784451897,448.9,-4425.84,0.156,16663.775227,3,609.19,3.7,False,True,False
0x3b99109963d6429c81285e168be0d858e17d72d0,True,1691,886,400,486,45.1,0.64,-16703.88,29,1721779200121,1787282132495,758.1,-4689.83,0.281,14499.966266,1,-35458.45,-244.5,True,True,False
0x3bb53d5fca7900c97f81987e3d12d72fe8f55f02,True,439,157,107,50,68.2,2.25,4261.62,12,1783020800996,1788341521164,61.6,-890.66,0.209,0.0,0,0.0,,False,False,False
0x3bd6460a3782a80fa9331e65e4c2952795a86228,True,2000,1317,408,909,31.0,2.46,37952.42,2,1773690072858,1774120410541,5.0,6938.77,0.183,600.436008,0,0.0,0.0,False,False,False
0x3bf053ca188be60e801fd9912118fa99979e7304,True,2000,816,460,356,56.4,1.19,1061.69,8,1778416284045,1788766334257,119.8,-851.89,0.802,0.0,0,0.0,,False,False,False
0x3c165893deaaf04ac79f4f959594747b6ef77e92,True,2000,371,166,205,44.7,2.7,2248.25,19,1788572497837,1788782967011,2.4,214.58,0.095,172512.502138,21,-26126.35,-15.1,True,False,False
0x3c363e96d22c056d748f199fb728fc80d70e461a,True,2000,1016,1015,1,99.9,12.03,37655.51,8,1787339440115,1788766872157,16.5,4585.46,0.122,212189.821017,1,7764.79,3.7,False,False,False
0x3c491cc95bb68ce1f9c7cd274c89bc9b43ac6295,True,2000,952,311,641,32.7,1.15,3226.38,12,1781254385974,1788016885774,78.3,2870.09,0.89,0.0,0,0.0,,False,False,False
0x3c63a0eb2546ef562e75b8a26d7465e035b3ff4f,True,2000,1011,383,628,37.9,0.66,-3260.58,4,1783522073960,1786633698360,36.0,-967.6,0.297,0.0,0,0.0,,False,True,False
0x3c7e43bc494001ae46b37e9b872641d062e9ab3b,True,987,483,287,196,59.4,0.8,-5956.16,8,1775075897046,1779725216412,53.8,-3983.09,0.669,0.198589,0,0.0,0.0,False,False,False
0x3ca146d2692f61746a28fa926dc9d18086ce37c6,True,2000,1136,580,556,51.1,0.77,-14290.33,55,1787726333827,1788785165734,12.3,-2466.34,0.173,240092.534505,61,-90911.68,-37.9,True,True,False
0x3cb96d6601635037071ab1e909bb6949470f1b70,True,2000,1310,1306,4,99.7,71.74,16279.81,5,1788376624665,1788766878993,4.5,1870.42,0.115,44216.716791,1,-319.56,-0.7,False,True,False
0x3ccee13ac78b2bbb32bb2b409c0ab8de69616553,True,401,193,63,130,32.6,2.0,2729.09,5,1772767563697,1776004244585,37.5,1631.84,0.598,0.0,0,0.0,,False,True,False
0x3ce3794d9137f2e5e36253f0a24d9c9937c0ac5b,True,2000,844,766,78,90.8,0.27,-25602.32,10,1760132047339,1779299893287,221.9,-7501.46,0.293,0.0,0,0.0,,False,True,False
0x3d022000dea8d86c8c8fb6ab1c83c91369e2676f,True,2000,1037,364,673,35.1,0.33,-19722.75,6,1779791300520,1788133555524,96.6,-3949.23,0.2,0.0,0,0.0,,False,False,False
0x3d270416b029514094e46fda524ed049ed823b71,True,2000,916,232,684,25.3,1.35,2875.39,13,1775936144590,1780088903965,48.1,1056.83,0.368,0.0,0,0.0,,False,False,False
0x3d35324a56bb42c7ca707649c3a47dd29d12ed04,True,2000,1050,383,667,36.5,1.29,32715.57,1,1781719566071,1786473654377,55.0,35365.61,1.081,0.0,0,0.0,,False,True,False
0x3d4909d802706b7ca69dfb52157144f1ebe1617f,True,2000,1062,762,300,71.8,0.77,-5439.73,3,1778146721033,1788776431056,123.0,-3848.67,0.708,0.0,0,0.0,,False,True,False
0x3d5e4012ba73cec370c14ca2137236fe1b194664,True,251,88,88,0,100.0,inf,4783.02,1,1774551859435,1775141134467,6.8,380.94,0.08,0.0,0,0.0,,False,False,False
0x3d72db6ed228231571e99ef71cd30554eba9eb57,True,62,31,28,3,90.3,6.55,4019.44,7,1733778392370,1772438962957,447.5,524.1,0.13,0.0,0,0.0,,False,False,False
0x3d89bcea338f35edfaeb313b1c713978c6dceb14,True,2000,892,216,676,24.2,0.78,-3569.71,14,1788741007819,1788784715289,0.5,3214.96,0.901,738535.323033,20,-200284.7,-27.1,True,False,False
0x3d9a917aa40d083c60d8e422aa452c1b3ba395d6,True,2000,1029,474,555,46.1,0.67,-534.85,35,1779241014997,1784360732074,59.3,-70.15,0.131,0.0,0,0.0,,False,False,False
0x3db5a674b22cf6479367ae31be33204ae8701f33,True,2000,920,351,569,38.2,0.84,-11259.15,13,1781606626794,1788702580922,82.1,-2963.59,0.263,30850.236268,2,1136.35,3.7,False,True,False
0x3dc947fbb23986f3beb427e44b9f14bb956c9954,True,644,275,218,57,79.3,11.0,11547.43,4,1782901956443,1787493300666,53.1,777.92,0.067,0.0,0,0.0,,False,True,False
0x3dd9ca3f66773e8749bf319ddda62da4055a1ef3,True,1245,466,102,364,21.9,0.64,-2964.6,2,1777662960912,1788466245884,125.0,-1084.05,0.366,3772.840579,1,133.18,3.5,False,True,False
0x3dfbd4050ffeb94836d2ec50ef7426766a467db8,True,2000,972,452,520,46.5,1.8,12166.63,50,1773921690845,1788307200047,166.5,3169.37,0.26,0.0,0,0.0,,False,True,False
0x3e1422e0cf8493b48a10a8e55c26fd2968ab75b3,True,2000,1014,516,498,50.9,0.77,-7655.12,25,1782082243451,1786804512515,54.7,-2141.48,0.28,0.0,0,0.0,,False,True,False
0x3e2b11f641f74883b03e1468fd70a3fed760e70f,True,1187,470,318,152,67.7,5.15,47062.2,9,1761803887326,1782390564113,238.3,9337.46,0.198,0.0,0,0.0,,False,True,False
0x3e402695f4c4ed8c65e2c29e42820da299bd6183,True,2000,1513,402,1111,26.6,1.18,10584.02,24,1786046605220,1788758155502,31.4,19274.06,1.821,44064.74785,2,9059.23,20.6,False,True,False
0x3e4e71d7a08d585e1b5bf885ddbecd8ff6ea15e0,True,2000,1046,266,780,25.4,1.07,2991.25,9,1788390433771,1788717182214,3.8,5278.75,1.765,43649.240174,0,0.0,0.0,False,False,False
0x3e5dacb70247b57aca1d62b927c398ff05b7e570,True,2000,1076,331,745,30.8,0.27,-214256.74,3,1775592178920,1776733589338,13.2,34057.18,0.159,0.0,0,0.0,,False,True,False
0x3e6e18961b02aa538b885708665ecda7bdb725be,True,2000,953,360,593,37.8,0.83,-8268.58,21,1778302603904,1782331621299,46.6,-2521.12,0.305,0.0,0,0.0,,False,False,False
0x3e781befd071c59d820725f70ce109298f750706,True,2000,1035,648,387,62.6,2.07,126.78,17,1788740903992,1788785248502,0.5,36.48,0.288,65018.450142,7,-4206.6,-6.5,True,True,False
0x3e8ad2710f8e424dbae5d5f8efcf872abdc88d9b,True,687,307,201,106,65.5,10.46,9342.43,35,1737083253139,1788771179014,598.2,2153.97,0.231,10266.457489,2,-7866.88,-76.6,True,True,True
0x3e98a1de9e2114433c812fed852e2ce8a9620407,True,2000,1050,255,795,24.3,0.4,-41290.04,11,1785351122897,1788732470569,39.1,-10378.48,0.251,4313.350692,1,674.87,15.6,False,True,False
0x3eb3f68861526647366ba9ba9ecd964c104382dd,True,476,247,19,228,7.7,0.0,-21156.16,8,1764116769360,1784354833958,234.2,-526.4,0.025,0.0,0,0.0,,False,False,False
0x3ed46593ed1fd21f1ca11dd45541d51076957039,True,1157,332,282,50,84.9,4.61,35274.77,10,1779312011013,1787802261786,98.3,8177.81,0.232,0.0,0,0.0,,False,True,False
0x3ee92c6af8ddca55104be62e54f5867b3ce38d65,True,573,247,222,25,89.9,2.12,6541.35,3,1779135768173,1784074175046,57.2,1484.48,0.227,0.0,0,0.0,,False,False,False
0x3ef7d5bd4ea5b06b715f3dbd5105b0a406ffdca0,True,1926,996,219,777,22.0,0.41,-56329.89,2,1781530547990,1781890834816,4.2,4768.36,0.085,0.0,0,0.0,,False,False,False
0x3f05f8d1cd42448825c7adda97ecf3e1c284ad60,True,1013,429,244,185,56.9,0.56,-8831.79,33,1736569025041,1774264033099,436.3,-2133.93,0.242,0.0,0,0.0,,False,True,False
0x3f1750a2c381db778bb244aed0ed74a3d5442d98,True,2000,983,483,500,49.1,0.67,-4706.75,21,1775070243932,1788720067955,158.0,-850.08,0.181,590.172681,1,161.0,27.3,False,True,False
0x3f2971e7bd67698c846f7d13c171bcb228735daa,True,2000,997,628,369,63.0,0.8,-2286.75,64,1765967177708,1788734947786,263.5,-559.28,0.245,2799.124072,9,284.47,10.2,False,True,False
0x3f332b38f1e6b41ad560ff53c30533c5999398e7,True,2000,604,381,223,63.1,0.6,-9910.92,2,1781862834538,1787302636516,63.0,-2358.83,0.238,0.0,0,0.0,,False,True,False
0x3f5154827a4758a37b47a1d1c84c10ed1d8ce9d0,True,2000,853,462,391,54.2,1.23,6469.78,25,1771754239127,1788739523770,196.6,-2352.6,0.364,21889.875,1,431.81,2.0,False,True,False
0x3f695138b6599e2dfa030c2a9c1bf324db0a1880,True,2000,984,288,696,29.3,0.3,-23618.66,11,1760555428344,1788773135750,326.6,-2737.98,0.116,12449.385317,1,-218.61,-1.8,False,True,False
0x3f828f671d2f92e5b59a1013c9e8860a98150351,True,1634,802,301,501,37.5,0.56,-12708.76,7,1774977683431,1786120220074,129.0,-3739.0,0.294,0.0,0,0.0,,False,True,False
0x3f8f352217687d755c6d7b879eaed1e9141eb66a,True,2000,895,770,125,86.0,1.52,8961.93,54,1780504701455,1788748367797,95.4,4622.37,0.516,4230.792,1,-3721.29,-88.0,True,True,False
0x3fa1394f3c481b664ef5142c2556c21a73685522,True,2000,968,573,395,59.2,0.84,-12021.98,83,1733157129706,1784674481192,596.3,3433.07,0.286,0.0,0,0.0,,False,True,False
0x3fb5da839710949169d716d95800ff6316b3286f,True,2000,952,595,357,62.5,1.24,7297.71,5,1779528774435,1787717897098,94.8,-1893.68,0.259,1588.728298,1,-1165.3,-73.3,True,False,False
0x3fcaf2aeab98e4b72729e0a4a06006b2fe403512,True,1441,783,129,654,16.5,0.11,-70131.89,14,1759134844142,1787637979020,329.9,-5600.08,0.08,0.0,0,0.0,,False,False,False
0x3fe1303b746bb9c88b30f364a6394261b4692943,True,2000,1202,825,377,68.6,3.65,89760.2,17,1786984585021,1788525108164,17.8,10377.43,0.116,260789.731818,7,70059.89,26.9,False,True,False
0x3ff6174b8d2cbc380ff6a7dbdd2378923e708538,True,2000,1060,815,245,76.9,1.86,36235.21,8,1785505624500,1788779519304,37.9,-15231.36,0.42,0.0,0,0.0,,False,False,False
0x4011f2b4f77599761afa9ec0d2d96c14dcb05815,True,1080,530,294,236,55.5,1.35,551.49,20,1785341730276,1788782817721,39.8,-300.2,0.544,318.019386,2,-157.27,-49.5,True,True,False
0x4027f75bbbc08beaab04b2972e24655a78a0fb2f,True,2000,733,590,143,80.5,1.05,1245.38,5,1781195837142,1788530071885,84.9,-2808.07,2.255,0.0,0,0.0,,False,True,False
0x4032e420dbb9d5e2eda1bb853d08b4cff9ecea5e,True,2000,898,818,80,91.1,0.58,-5392.73,18,1779676441304,1787607435786,91.8,-2751.1,0.51,0.0,0,0.0,,False,True,False
0x4044570e13b5184f7eb2709de25a4eb766a4794c,True,2000,1290,1286,4,99.7,1750.53,282040.78,6,1788445343988,1788780035187,3.9,4976.23,0.018,1430450.182748,4,199213.0,13.9,False,True,False
0x4058ba50102458407ed1021cf5b5580d272399d0,True,2000,983,294,689,29.9,0.66,-2546.94,12,1779084067331,1781473235284,27.7,367.52,0.144,0.0,0,0.0,,False,True,False
0x40661b9b58f7e2f883d472f9e62a551bf4ebde9d,True,2000,960,514,446,53.5,0.53,-7359.83,15,1773005544449,1776174510273,36.7,-3175.94,0.432,0.0,0,0.0,,False,False,False
0x407d1c8623fe04582532e7c7761ef9ebe82624bc,True,286,119,0,119,0.0,0.0,-25371.09,1,1776059096502,1776060288255,0.0,-5045.35,0.199,0.0,0,0.0,,False,False,False
0x4094ec1d7352b451e9b3d07ce4ed836331103960,True,2000,1045,1002,43,95.9,104.87,168036.28,1,1764087022785,1780036255257,184.6,432.21,0.003,0.0,0,0.0,,False,False,False
0x40ba8c738819054d5d44e7fa139344d721e54e40,True,1271,596,259,337,43.5,1.09,450.15,24,1760578619076,1788529503762,323.5,-352.08,0.782,157.664476,1,18.5,11.7,False,True,False
0x40cba62b1683f2fe54ab7d7cc1da1c205d305069,True,578,279,106,173,38.0,0.35,-3361.16,19,1748022138872,1788167318776,464.6,-585.58,0.174,0.0,0,0.0,,False,True,False
0x40e7f70d8c5dbf7b27dab33ed826484b3c657e56,True,2000,1061,193,868,18.2,0.06,-1648.39,1,1777462857427,1779199395320,20.1,-20.21,0.012,0.0,0,0.0,,False,False,False
0x40f7741ffbe7fd21c7092e6970fea3c79e7b347e,True,1558,733,203,530,27.7,0.86,-5110.98,17,1769488465706,1788400149837,218.9,4857.71,0.95,0.0,0,0.0,,False,False,False
0x4112bc45e9778ff56009326e7602274b7a56f3a6,True,2000,938,374,564,39.9,3.32,61830.57,10,1785783077080,1788157885837,27.5,-9526.46,0.154,44019.293574,4,42820.62,97.3,False,True,False
0x41277eec5e1a90d4881ffab40abc528222199fa0,True,2000,1042,972,70,93.3,1.32,3359.09,2,1777638653947,1778983883493,15.6,-1699.26,0.506,0.0,0,0.0,,False,True,False
0x413b074b73255114c43e6c08508292f5d66ea874,True,613,300,138,162,46.0,0.56,-4876.93,4,1784278189209,1788752962520,51.8,-1274.13,0.261,80.543394,1,0.64,0.8,False,True,False
0x4157c2c78e5ea60fbd1cb4886a87376b74533364,True,635,328,125,203,38.1,15.15,118006.24,6,1765295384796,1775823932207,121.9,7909.74,0.067,0.0,0,0.0,,False,False,False
0x4166bea47af7cfd1da6257925f71539cdaa0a226,True,2000,1005,597,408,59.4,1.01,507.85,1,1772117265313,1779668707194,87.4,-3691.73,7.269,0.0,0,0.0,,False,True,False
0x4180847debea25583c4dc0b925c6b1c750d34bf7,True,2000,745,246,499,33.0,0.14,-70896.94,10,1784411000570,1788785480027,50.6,-20635.39,0.291,250852.9368,2,-51009.03,-20.3,True,True,False
0x41906213f958d46354e53c5cd20f841754d415f6,True,2000,425,296,129,69.6,2.31,889.87,6,1787084474762,1788313914406,14.2,557.0,0.626,0.0,0,0.0,,False,False,False
0x41a6ba2e1aaed52ac1e12df2e23dcafd30b5c779,True,1311,438,372,66,84.9,6.01,49963.18,9,1740494951239,1786362526190,530.9,-4433.24,0.089,0.0,0,0.0,,False,True,False
0x41c684cbde3e449cc67c70aacb6132e3eb25b06d,True,2000,1230,1149,81,93.4,3.49,61378.54,8,1788355673339,1788755671792,4.6,-5475.92,0.089,123271.592532,1,1760.95,1.4,False,True,False
0x41df0cb607a0f9b074e8ff79ebaaed1f5d4f5e10,True,557,191,79,112,41.4,1.19,4450.01,24,1733537934427,1788698166899,638.4,3075.19,0.691,0.0,0,0.0,,False,True,False
0x41f61fdb5788d5f179d416c7365e956b2c0fda06,True,2000,947,422,525,44.6,0.88,-11.27,1,1771869840243,1788752248711,195.4,2.98,0.264,251.074728,0,0.0,0.0,False,False,False
0x420de41f8a87e791c50aebdfeee66ecbb614bf4d,True,2000,809,245,564,30.3,0.28,-9999.4,17,1785460543422,1788482401520,35.0,-422.68,0.042,19.908367,1,9.32,46.8,False,True,False
0x4213810e0bed63d5b369d2c5c3f5f806a3dbacbd,True,568,331,121,210,36.6,0.79,-1043.81,6,1787314980990,1788285085036,11.2,580.88,0.557,0.0,0,0.0,,False,False,False
0x422c3cf3457a85e9f369242340c023a72a4d6374,True,2000,961,389,572,40.5,1.06,2285.99,7,1782044700639,1788735806372,77.4,-922.14,0.403,1979.289451,1,-165.09,-8.3,True,True,False
0x4231caaa49a567fc68030a73b9b50dd93c400d4f,True,1277,674,410,264,60.8,0.49,-16896.39,10,1777109097761,1778976000019,21.6,-5175.43,0.306,0.0,0,0.0,,False,False,False
0x424b0eead456dbc3ab5783a4947a895decb364c6,True,2000,1141,525,616,46.0,0.68,-10011.08,45,1782801185249,1788780530009,69.2,-5181.32,0.518,6242.469842,4,1728.05,27.7,False,True,False
0x425c1be946e9213351a62656fd0379b7821fe5b9,True,1761,880,273,607,31.0,1.3,2193.64,42,1779624960733,1788766569201,105.8,638.75,0.291,3586.509849,5,1151.73,32.1,False,True,False
0x4276dcb71aa01041cecdac9eca20d621825927f1,True,2000,1048,595,453,56.8,1.88,2605.87,34,1782728134279,1788739949401,69.6,-746.45,0.286,0.0,0,0.0,,False,True,False
0x4293b19a1208ce6a280da71624d0fe34371d42c7,True,2000,1022,359,663,35.1,0.42,-5187.7,24,1787534267516,1788722335622,13.8,-1187.3,0.229,1304.188334,1,-38.71,-3.0,False,True,False
0x42a7a9b3a870c2a2bd054e3b9bf16c00200ca9c5,True,300,129,34,95,26.4,0.36,-4316.2,12,1711110379399,1782223295040,823.1,-2110.36,0.489,0.0,0,0.0,,False,True,False
0x42b93b8d07eee075b851f5b488ef6b7db148f470,True,2000,1047,394,653,37.6,0.66,-5450.31,9,1783315701455,1788765651897,63.1,2879.98,0.528,15910.878113,1,13099.88,82.3,False,False,False
0x42dcfb2ecb94e9f83a8849ec68257cb594f2420d,True,406,163,107,56,65.6,2.47,4484.7,1,1780242256043,1781139313144,10.4,-1446.68,0.323,0.0,0,0.0,,False,True,False
0x42ee950d9cd5451292e68f4e17936d34b13ec270,True,1076,481,376,105,78.2,6.04,16416.73,20,1734179767582,1788101613917,624.1,2080.82,0.127,0.0,0,0.0,,False,True,False
0x43049918c55a95620364554534e4c2fcb7f3c7e1,True,1363,773,522,251,67.5,2.44,48796.25,34,1722826377714,1784533891137,714.2,8060.89,0.165,1828.53,1,-2603.0,-142.4,True,True,False
0x431f1cbb550be14da5cb3da1157010d1e83a6cee,True,2000,1760,0,1760,0.0,0.0,-1965545.87,2,1786985668523,1788512883138,17.7,-225340.48,0.115,0.0,0,0.0,,False,True,False
0x433691f5a8e99922b41f3ed885f394dddeb20f6c,True,152,81,33,48,40.7,2.8,7325.74,1,1763735023916,1787303244317,272.8,3456.69,0.472,0.0,0,0.0,,False,True,False
0x4342cdd78ae85820e861f03bed87c7d24d1aa31d,True,2000,1323,823,500,62.2,0.52,-6543.04,10,1785930859182,1788749867914,32.6,-605.5,0.093,18069.258273,0,0.0,0.0,False,True,False
0x435ac8a7611538bbaae08eb105aab4978517f8b4,True,2000,1296,613,683,47.3,1.45,3920.04,20,1774961001655,1787780888214,148.4,2709.94,0.691,0.0,0,0.0,,False,False,False
0x43753b1ae949c13ecc02529adee1c2658ab6f43c,True,1211,506,506,0,100.0,inf,215101.53,3,1775122421202,1788732092431,157.5,13673.61,0.064,213581.183049,1,53038.49,24.8,False,True,False
0x43940be3cfeca0b3bc678b0f429110ea524fae91,True,1882,868,531,337,61.2,1.28,3562.8,39,1777977161633,1784541467560,76.0,2631.8,0.739,0.0,0,0.0,,False,True,False
0x43ac6e04191d9a2c80a80b8ec0cb4cca7ec286a1,True,2000,500,241,259,48.2,0.54,-11220.68,29,1778696689301,1788771263076,116.6,-6652.62,0.593,0.0,0,0.0,,False,True,True
0x43c18eadf0ad69d3fc9cd5507a18fd35919c15b0,True,2000,937,229,708,24.4,0.63,-21491.62,9,1764402035044,1788373703028,277.4,17575.92,0.818,0.0,0,0.0,,False,True,False
0x43e426ec7d3e109e7c67adb26332902d7c87cf60,True,2000,1047,180,867,17.2,0.89,-1046.25,10,1778105159630,1779883707964,20.6,-1031.92,0.986,0.0,0,0.0,,False,False,False
0x4402978002171e485333cbf30b68b5e68dc0507e,True,2000,964,413,551,42.8,1.08,2803.27,22,1780559606331,1788746675085,94.8,-2456.1,0.876,33799.774218,3,982.96,2.9,False,True,False
0x4413fc7bd0fb59f0ad74e25e88e0fa4d41501af1,True,1758,848,606,242,71.5,0.64,-7874.95,5,1759342181215,1788621425369,338.9,-3714.5,0.472,11031.19991,1,768.3,7.0,False,False,False
0x44320723630df6cd9697014556178de490cbf6e8,True,1070,631,502,129,79.6,1.06,14073.57,24,1741874438829,1788480000030,539.4,-66241.79,4.707,0.0,0,0.0,,False,True,False
0x444bea06b3914886968a53747e41b4baf7148ae0,True,1823,842,474,368,56.3,0.85,-1434.83,5,1773146233116,1782680206231,110.3,-1468.21,1.023,0.0,0,0.0,,False,True,False
0x44586902834b4e6a8709f0c1697fa4a6c2f26c83,True,2000,689,498,191,72.3,0.85,-571.0,13,1787235206399,1787326374802,1.1,-660.07,1.156,0.0,0,0.0,,False,True,False
0x447115d82d518cdc423cf4739f9f1d234dcbcd80,True,2000,762,669,93,87.8,3.14,20723.95,31,1782129029653,1783969936065,21.3,-1243.02,0.06,0.0,0,0.0,,False,True,False
0x448d0edbfd04f9ec86f4f08797ef3c0e36c39883,True,1615,629,326,303,51.8,0.96,-688.29,28,1773994406470,1787934312683,161.3,2738.41,3.979,0.0,0,0.0,,False,True,False
0x449dc3375d680c04db1bb4804d23f20517af8dba,True,213,105,52,53,49.5,0.8,-517.66,2,1773065862039,1775606106905,29.4,-631.88,1.221,262.008362,0,0.0,0.0,False,False,False
0x44ab4b96b1d85da40f70c116695b14f91d3bcb1f,True,2000,971,707,264,72.8,6.15,1454.16,11,1770728773763,1787922644992,199.0,-209.07,0.144,0.0,0,0.0,,False,True,False
0x44bcef1f54c35cabb4af63bb98fb1a7a1451e0b7,True,2000,887,322,565,36.3,0.65,-7447.42,13,1785175667107,1787823644515,30.6,3104.09,0.417,0.090725,1,-0.02,-19.6,True,False,False
0x44cea07ff231a66cf3689cf4e4e1cf9f831e3988,True,2000,1138,50,1088,4.4,0.0,-116459.93,3,1779247683769,1779544230916,3.4,-3867.8,0.033,0.0,0,0.0,,False,False,False
0x44e186dc95d7e79ce89b866dd81c0c129862ccd0,True,2000,1785,1164,621,65.2,0.71,-438.39,6,1779146965789,1780594522433,16.8,-697.52,1.591,0.0,0,0.0,,False,True,False
0x44f2e5112a8a624e75ddc5d690d5136d87a3526b,True,2000,137,69,68,50.4,0.27,-3719.54,41,1773248126076,1780864721260,88.2,-3675.0,0.988,0.0,0,0.0,,False,False,False
0x44fd3b616785f94b5e6b54f78fd151873fcabf5c,True,2000,1061,366,695,34.5,0.3,-51577.98,3,1781624577753,1782743307556,12.9,-1777.75,0.034,0.0,0,0.0,,False,True,False
0x4510474c8825cc217afea980345efc9b41825ca4,True,2000,1029,554,475,53.8,0.93,-2642.69,43,1746715630278,1788722374505,486.2,-2997.26,1.134,1893.43732,1,144.45,7.6,False,True,True
0x452004cfcceeda831109d5f4565be134d01a5d8e,True,432,205,153,52,74.6,0.76,-1076.43,28,1758461598974,1779321600086,241.4,-1612.75,1.498,0.0,0,0.0,,False,True,False
0x4531fd8503c489b3e0dbfeef13894de977afefae,True,1796,816,312,504,38.2,0.86,-7926.5,2,1740729527652,1782588302894,484.5,3751.95,0.473,0.0,0,0.0,,False,False,False
0x453c0f96329819895174a0c76a296908013845fe,True,2000,978,444,534,45.4,0.54,-62782.45,15,1761085588989,1781945531515,241.4,-9145.73,0.146,0.0,0,0.0,,False,False,False
0x45580131e1db0042f556be1bbc3f18ab93b490b6,True,2000,945,624,321,66.0,0.37,-38178.8,26,1780006038210,1784498584378,52.0,-5384.28,0.141,0.0,0,0.0,,False,True,False
0x456f1049c0f2ec990091bbd3f30af62aca3fcdf1,True,2000,791,791,0,100.0,inf,487167.35,2,1788538101471,1788782249959,2.8,14337.04,0.029,553988.852526,1,206963.63,37.4,False,False,False
0x4588595ee0047982cd5ca4a82ab69c3174fbc832,True,2000,1154,677,477,58.7,2.09,1312.07,1,1788528606205,1788739454199,2.4,166.31,0.127,30558.292868,0,0.0,0.0,False,False,False
0x45974824c1c4e4d797aa8d057a5499b46cdefe33,True,2000,1031,796,235,77.2,1.3,6535.9,27,1787115627017,1788782186288,19.3,-2784.0,0.426,36081.014828,2,7104.41,19.7,False,True,False
0x45a7dd2a8fefce110b223cf65d34ccec7348b48b,True,1101,478,213,265,44.6,1.82,2830.02,32,1774272435975,1780497068322,72.0,717.82,0.254,0.0,0,0.0,,False,False,False
0x45bb3b1cfbe071ee61b9d2a0fd629890f36c4b56,True,2000,994,592,402,59.6,0.98,-1443.07,11,1774949216178,1780627471314,65.7,-11212.05,7.77,0.0,0,0.0,,False,True,False
0x45dbf87adfc44b409efa6be18266016fe0c67516,True,1639,760,605,155,79.6,0.31,-37252.04,9,1778852961017,1788779591316,114.9,-9983.86,0.268,2268.729142,1,-130.21,-5.7,True,False,False
0x45ed0d8c760a32127d14d06746980dc963a27990,True,2000,862,273,589,31.7,0.44,-27134.4,1,1779569120414,1779610553051,0.5,-4677.23,0.172,0.0,0,0.0,,False,False,False
0x45f77b1b708c34bad0fbc4f9da19e4c28b8128fd,True,1206,647,287,360,44.4,0.53,-4366.31,6,1785432068345,1786990628304,18.0,-932.51,0.214,0.0,0,0.0,,False,False,False
0x460907c7a6db9595fdf7f1440c84cfcec3564f8e,True,2000,882,305,577,34.6,2.07,13721.69,15,1780573431401,1788553524875,92.4,2055.31,0.15,0.0,0,0.0,,False,False,False
0x4625020acfb1bad7df0be4c09ecf2968def5df74,True,2000,1252,956,296,76.4,1.29,14988.44,16,1780554362438,1785219116633,54.0,4583.36,0.306,0.0,0,0.0,,False,False,False
0x463b83f72fb0f6b76faf5b2059f8a21b041a3fce,True,2000,1419,1000,419,70.5,1.63,3004.17,45,1785355900701,1787599980515,26.0,-468.05,0.156,0.0,0,0.0,,False,True,False
0x466669f8f1e45c216517244775c932b70327df9e,True,88,88,0,88,0.0,0.0,-11650.21,1,1788285183943,1788285608959,0.0,-3154.12,0.271,462677.711688,1,518173.26,112.0,False,False,False
0x468fb194f44259ec10c016eb8eeaccef1d35ffbe,True,2000,979,429,550,43.8,0.76,-1975.65,34,1788182860932,1788784087981,7.0,-948.41,0.48,1589.90814,1,369.24,23.2,False,True,False
0x469ff40affaa9663f461b77f88a7597ea38cdb04,True,2000,896,575,321,64.2,0.53,-21951.83,13,1784333169891,1788615354894,49.6,-3616.0,0.165,646.344284,1,-188.41,-29.2,True,True,False
0x46ac42a22117c30dd9a25098cd96c43d69689826,True,353,181,162,19,89.5,62.94,5906.92,5,1773420540052,1780940623894,87.0,477.97,0.081,0.0,0,0.0,,False,False,False
0x46bf821d678ef32f406f0522ebb8f44f678430b5,True,2000,948,539,409,56.9,1.91,62282.99,20,1784011750791,1788776520246,55.1,-7457.13,0.12,62045.71905,0,0.0,0.0,False,True,False
0x46f22cab59e5a54ead34f7f2f2b1b9aa0d90f929,True,2000,766,9,757,1.2,0.0,-117339.19,2,1781483220429,1788603949450,82.4,-5179.22,0.044,0.0,0,0.0,,False,True,False
0x4706fa18d71c09a99a92b912a6cae8ebf8f853ae,True,2000,927,493,434,53.2,0.87,-3462.35,4,1778443296411,1788541955256,116.9,-2740.48,0.792,0.0,0,0.0,,False,False,False
0x4721d4bcf69f585801362feac273e8389d1a45ec,True,2000,882,432,450,49.0,0.07,-356605.08,10,1786389694030,1788782156230,27.7,-57998.61,0.163,30547.319406,2,375.05,1.2,False,True,False
0x473d191eb4f153b5a385de29ae270f7618c58f25,True,1375,618,324,294,52.4,0.8,-1750.14,1,1774980126557,1788034369892,151.1,-1535.19,0.877,0.0,0,0.0,,False,False,False
0x475ee1a14ca46a1711a1c5c8fa4e7f84bed45f74,True,2000,1004,513,491,51.1,0.53,-63970.95,31,1756548936903,1788758009005,372.8,-27050.43,0.423,6129.758172,3,1050.06,17.1,False,True,True
0x4786ea17b1b0eb0068b075351d9d4fff98815619,True,2000,1002,274,728,27.3,0.9,-6593.64,3,1777125716296,1788705684302,134.0,12273.42,1.861,33578.615986,1,2334.27,7.0,False,True,False
0x479b0e651693aed68fe42ae60bd5183da253bcda,True,2000,1062,764,298,71.9,0.64,-5006.39,25,1786974314531,1788785025792,21.0,-1986.31,0.397,4019.351419,1,89.46,2.2,False,True,False
0x47add9a56df66b524d5e2c1993a43cde53b6ed85,True,2000,780,634,146,81.3,4.95,13540.2,27,1782002596813,1788748783598,78.1,2259.09,0.167,24198.817134,5,-4549.56,-18.8,True,True,False
0x47cfef07ee1a6216924b5d2a203b8d64fabafc36,True,2000,1076,876,200,81.4,5.79,85289.46,30,1754024001438,1785841752900,368.3,-3059.1,0.036,11652.320025,0,0.0,0.0,False,True,False
0x47e2e7d8d491032cdb6ef31ac47be7f94cc5db55,True,1277,558,320,238,57.3,0.99,-371.17,6,1772621751616,1788527185070,184.1,9448.5,25.456,0.0,0,0.0,,False,True,True
0x47f3f7dec6d7c3e60a1b3c8466843349043c0c17,True,2000,1842,1546,296,83.9,9.9,22853.14,23,1785272263602,1788686550995,39.5,6696.6,0.293,0.0,0,0.0,,False,True,False
0x480679f6db3cbd5582ebc837c2bc8ae7a54e59a0,True,2000,1000,340,660,34.0,0.73,-4530.39,32,1758835986647,1788463138695,342.9,720.61,0.159,40.029752,1,0.67,1.7,False,True,False
0x4822c2d5cd3a503dc2195e02db33642324c573c1,True,521,358,122,236,34.1,0.51,-4131.7,3,1776802185153,1781297256357,52.0,-1193.99,0.289,0.0,0,0.0,,False,True,False
0x483d040abc8c28d3a0d0c73b1db4f4757a6eae0b,True,2000,1040,419,621,40.3,2.59,126591.81,12,1760560327143,1788615310506,324.7,28977.61,0.229,83492.926321,1,1166.58,1.4,False,True,False
0x485a6d82d10fb89866f815cb37dc6ca3c33b2156,True,2000,1086,417,669,38.4,1.09,143.24,54,1779006547943,1784270839764,60.9,-58.21,0.406,0.0,0,0.0,,False,True,False
0x487c7898c8c8362cf709fd468090a457a5b7b808,True,2000,631,222,409,35.2,2.48,6848.38,52,1788252561595,1788776850029,6.1,1038.25,0.152,346495.059737,50,78813.99,22.7,False,False,False
0x489ab94415e7de08e70f926c2d2ccf66f8185b14,True,1350,640,150,490,23.4,0.82,-2830.18,9,1761621361326,1784622179264,266.2,1992.5,0.704,0.0,0,0.0,,False,True,False
0x48b1a8f92e403bc9dc7500b9cbcc4cadf35c7ac0,True,2000,897,576,321,64.2,0.35,-29035.67,4,1782942918864,1785929011337,34.6,-4169.7,0.144,0.0,0,0.0,,False,False,False
0x48c5bad1f94918b5aaf03ca954d726fe3b63126d,True,47,36,30,6,83.3,11.54,3060.95,1,1783339202940,1788231063632,56.6,820.57,0.268,0.0,0,0.0,,False,False,False
0x48d24b9cc75f762d9282efc5c5ac663ae20ea8b3,True,2000,878,593,285,67.5,1.14,5648.55,18,1778946721777,1788525012168,110.9,-5835.8,1.033,16511.586376,1,-17785.11,-107.7,True,False,False
0x48ec0004494081e8332589faf0747d568da79faf,True,2000,909,476,433,52.4,1.3,7767.04,7,1788476093926,1788786012405,3.6,-3235.7,0.417,73535.318379,3,8388.68,11.4,False,False,False
0x48f8824a053f7f4d4137066a398616dd92066a7e,True,925,411,117,294,28.5,0.69,-10213.45,34,1727087807718,1788119236259,706.4,-5349.84,0.524,0.0,0,0.0,,False,True,False
0x490e2115c2071c9ad708d29f2f45d8b3052abfa1,True,2000,982,422,560,43.0,1.1,420.73,52,1784967526716,1788775235106,44.1,191.02,0.454,43869.672421,50,3641.48,8.3,False,False,False
0x4921060d8e25e8d5a9f0acba60b53aa78a9d07c7,True,2000,761,550,211,72.3,1.01,810.68,15,1767399479524,1788717695432,246.7,-9296.04,11.467,3894.971914,1,-6018.83,-154.5,True,True,False
0x4937c6b353864c7586198eb42b1c91dc917e0bd6,True,2000,1773,515,1258,29.0,0.1,-523909.05,14,1786596455364,1788754622465,25.0,-30137.54,0.058,0.0,0,0.0,,False,False,False
0x494b62d7dc3b0b221fd6149f4b15374736219c05,True,2000,992,406,586,40.9,0.81,-16057.99,6,1769350158792,1781373489894,139.2,4211.75,0.262,185.398672,0,0.0,0.0,False,False,False
0x496b25f270781f9ed1dda95209ea1a5d4e7b20f3,True,2000,1266,142,1124,11.2,0.08,-286638.66,5,1784669642600,1788773887829,47.5,-9356.04,0.033,0.0,0,0.0,,False,True,False
0x49936e3f4c691f9e59fdafa92f905e0e02a59fba,True,2000,1088,502,586,46.1,1.13,6310.55,31,1775635182571,1788307200047,146.7,8158.3,1.293,0.0,0,0.0,,False,False,False
0x49a648936441b22f28f069d3c088928682b277ae,True,2000,937,874,63,93.3,96.23,255478.3,1,1785258180094,1788779691451,40.8,2713.71,0.011,1473787.960459,1,18304.35,1.2,False,False,False
0x49c6cd9f6fc925a6b41f8bd9e237341007aecee9,True,2000,924,293,631,31.7,0.72,-17329.24,28,1776996431581,1785763152315,101.5,-3823.02,0.221,0.0,0,0.0,,False,False,False
0x49daa38e1b09b2e2307f139c8dfccf9cad811b9d,True,1398,624,534,90,85.6,2.94,8790.99,18,1741510205471,1781531254523,463.2,1110.51,0.126,0.0,0,0.0,,False,True,False
0x49ecc65b41bcb4278fe9b9a3a4d265f347988eeb,True,2000,1041,539,502,51.8,1.22,1167.73,47,1755368105870,1774076905375,216.5,-136.21,0.117,0.0,0,0.0,,False,True,False
0x4a0da82eb9ee9f293af3c68a082acf8b78c68e42,True,2000,834,522,312,62.6,2.42,8716.86,9,1783834494554,1788785360589,57.3,2492.64,0.286,4356.794934,2,306.0,7.0,False,True,False
0x4a1bdc2664087ae2660e7e8d57594dd1f7472f7a,True,1960,892,390,502,43.7,0.89,-1406.03,42,1736967165299,1784068788234,545.2,1921.47,1.367,0.0,0,0.0,,False,True,False
0x4a20846b02da5a2f3174441036d8428b44ee95be,True,2000,914,696,218,76.1,2.49,8138.83,51,1775846147601,1788748802770,149.3,-1210.1,0.149,0.0,0,0.0,,False,True,False
0x4a3d40b06fe18d1b3250da010f16f3380da36e6d,True,2000,882,389,493,44.1,0.44,-10399.79,36,1786370738578,1788784471644,27.9,-3709.15,0.357,1108.902307,3,-239.16,-21.6,True,True,False
0x4a4c73996b98a2ab23f0082cdc91b069e0d498ad,True,2000,942,657,285,69.7,0.8,-8335.58,12,1780634989859,1787457858638,79.0,-5856.21,0.703,0.0,0,0.0,,False,True,False
0x4a6d290bbf3164ac40a718d567044e3f5ecee2e1,True,401,172,123,49,71.5,0.59,-1130.94,25,1783577947610,1788631257921,58.5,-426.82,0.377,108.228478,0,0.0,0.0,False,True,False
0x4a7d1ea8fff32366f512e9cfe44baa27e3f480c0,True,2000,980,408,572,41.6,1.21,715.31,51,1785919269175,1788775206207,33.1,176.08,0.246,5643.820582,50,3647.64,64.6,False,False,False
0x4a93640930c854f488a120f0c3b363e4bd51a047,True,357,165,50,115,30.3,1.09,822.88,13,1782436036800,1787877279933,63.0,2949.47,3.584,27157.399873,1,2945.79,10.8,False,False,False
0x4aa111fd5c74656765388dd4fa5affec70867872,True,984,542,225,317,41.5,1.26,3668.26,9,1772790101928,1787621898965,171.7,-1543.2,0.421,0.0,0,0.0,,False,True,False
0x4ab2de34d44b3091ffd65261157fbd63d68bf0af,True,2000,994,422,572,42.5,1.24,253.89,32,1784847571874,1788499778170,42.3,-164.92,0.65,0.0,0,0.0,,False,True,False
0x4acced7d1ed9df8426309dfeaf4759adab770ef9,True,49,12,0,12,0.0,0.0,-6165.39,3,1747424339616,1780358400016,381.2,-4488.47,0.728,0.0,0,0.0,,False,False,False
0x4ae21ba5dd5cdfcdb23d5a565738cf0e30fc99b6,True,2000,977,865,112,88.5,9.95,48689.99,20,1786286748611,1788713158515,28.1,4019.8,0.083,17548.125618,3,1331.22,7.6,False,False,False
0x4b042636ba2f824bb1c157d076dc055322d97934,True,2000,924,568,356,61.5,0.53,-38009.74,5,1782913619456,1788192294058,61.1,-6682.86,0.176,0.004979,0,0.0,0.0,False,True,False
0x4b1e684d5143eb7435e5d78385fa8cbdccd8f7ec,True,2000,1004,507,497,50.5,0.6,-50920.26,3,1770543305221,1788772313747,211.0,-15551.76,0.305,9607.487649,1,-5444.19,-56.7,True,True,False
0x4b44d7fc0da147faf55c4db1448ba2537b5d868c,True,2000,859,437,422,50.9,0.93,-4494.65,10,1765380521171,1785884435659,237.3,-7984.11,1.776,0.0,0,0.0,,False,False,False
0x4b6296b1666c71102bc4bd58f836773233443717,True,463,243,132,111,54.3,1.61,1678.49,1,1783977641896,1785753079054,20.5,-1428.82,0.851,2508.292827,1,-4208.5,-167.8,True,True,False
0x4b801cc0379acae824e9c7baf6873ea906296bdd,True,1338,586,147,439,25.1,0.17,-56489.46,20,1734336114890,1787215243416,612.0,-9180.39,0.163,0.0,0,0.0,,False,True,False
0x4b9c944952c56033ae5c2a57550fe3c8c3287d44,True,2000,912,220,692,24.1,0.37,-22684.89,9,1781538633333,1788782485672,83.8,-3117.3,0.137,393.945571,1,-18.68,-4.7,False,False,False
0x4bb3baa02f9688d6c52e49a6f2487528f8373621,True,2000,1090,637,453,58.4,0.44,-442.88,1,1787371930866,1788626774795,14.5,-34.51,0.078,2334.257475,1,-0.0,-0.0,False,True,False
0x4bc2dafea05b170fc21f1d8aad53312b50283906,True,751,403,153,250,38.0,2.07,3195.46,5,1760649547562,1774020216471,154.8,1622.39,0.508,0.0,0,0.0,,False,True,False
0x4bd5ba4bba45519c0aea053203cf243bd8c8cdfa,True,1581,751,324,427,43.1,1.23,8132.17,9,1766066132937,1788556513801,260.3,9639.77,1.185,0.0,0,0.0,,False,False,False
0x4be69376d831f6a4fe327989864ac2abd26f6268,True,2000,885,479,406,54.1,1.69,31378.32,5,1781638203010,1782132263166,5.7,10470.83,0.334,0.0,0,0.0,,False,True,False
0x4bf6a5ead2dd225ae1191e6c1ce3bba3a3e51af4,True,2000,771,672,99,87.2,0.55,-22224.84,13,1783912350648,1788776645921,56.3,-7348.96,0.331,8605.938276,2,-7114.76,-82.7,True,True,False
0x4c17111a73913e7cb80b9255fadf88f2c72aafbc,True,2000,974,329,645,33.8,0.89,-1799.12,16,1782851186171,1788584807998,66.4,1173.2,0.652,0.0,0,0.0,,False,True,False
0x4c303caf0fb04881ec659280cb9a2589a6283876,True,116,48,25,23,52.1,13.5,1028.62,5,1765174472911,1787270400024,255.7,613.0,0.596,0.0,0,0.0,,False,False,False
0x4c4cf7b97fffbe82471befb3ada974a6b1129949,True,2000,991,553,438,55.8,3.88,31743.66,25,1785442261389,1788768485527,38.5,1828.19,0.058,8009.086811,1,212.26,2.7,False,False,False
0x4c6d679eac539bf7c5a0b7ebd8949ae93b1e5ee9,True,2000,751,75,676,10.0,20.54,234527.63,3,1788378769991,1788748751607,4.3,32333.91,0.138,298411.623098,1,-34734.21,-11.6,True,False,False
0x4c80bd2c6b62be0ba1aed62250855da6b2a60f27,True,2000,928,394,534,42.5,2.12,14333.23,17,1787306336649,1787663788301,4.1,1855.11,0.129,0.0,0,0.0,,False,False,False
0x4c9fc9a19a00a1015301a27a75b36d3d5860ebfc,True,2000,971,289,682,29.8,0.29,-37361.79,5,1776376235843,1781107663169,54.8,-3572.1,0.096,0.0,0,0.0,,False,True,False
0x4cb5ef084e9fe906b412c99ac276ed6c3a18e4e4,True,2000,1070,382,688,35.7,1.97,4065.8,43,1777740744893,1788448084211,123.9,3295.11,0.81,0.0,0,0.0,,False,False,False
0x4ccc45e04a7373b22caef70c5ac78be84b0081a5,True,2000,726,588,138,81.0,3.17,6975.3,40,1752691149541,1788750606133,417.4,362.25,0.052,7114.126702,2,1180.69,16.6,False,True,False
0x4ce8c95eca8b6035fabf42cd5eed46f70c0cac51,True,691,284,104,180,36.6,2.18,17594.32,14,1770372596535,1787724744130,200.8,-2407.3,0.137,15010.50418,0,0.0,0.0,False,False,False
0x4d069cd925fe2174113328b0703409e271f40b5a,True,775,339,339,0,100.0,inf,67634.65,1,1780991747851,1782403800503,16.3,4820.68,0.071,0.0,0,0.0,,False,True,False
0x4d29461ca940f18ff6d97adf0bd0ba58bf506c30,True,2000,858,446,412,52.0,1.24,3729.18,28,1787259200017,1788783261201,17.6,-2550.91,0.684,24000.473502,6,3682.47,15.3,False,True,False
0x4d3f602ee859ff2df699a6123e4c8d9b60e0f785,True,2000,891,532,359,59.7,0.2,-63081.69,1,1782484856833,1783116616011,7.3,-8717.33,0.138,0.0,0,0.0,,False,True,False
0x4d60cd0f643566c1aa7c1616cfb4464c7abde830,True,2000,1004,616,388,61.4,0.87,-1891.92,24,1752730996215,1786999330631,396.6,-2610.26,1.38,0.0,0,0.0,,False,True,False
0x4d73f8b8408511e0adfcc91993379d827c552db6,True,886,501,306,195,61.1,0.66,-1288.69,18,1771718849742,1787841627414,186.6,-1634.25,1.268,0.0,0,0.0,,False,True,False
0x4d88af12ea091e94ef8cc9e18f2dbf40806b06db,True,712,416,214,202,51.4,1.16,232.87,18,1769956496269,1787847730575,207.1,-304.95,1.31,176.150732,0,0.0,0.0,False,True,False
0x4d969e59b312970cc07af266938a4433ccae0b4c,True,2000,1073,640,433,59.6,1.23,12.96,1,1788276819702,1788786013895,5.9,-0.84,0.065,15025.8856,1,0.17,0.0,False,True,False
0x4db4cf0a02b5686e1be006b3baea80805538ce46,True,1024,536,237,299,44.2,1.17,2640.75,29,1757795307512,1777410300586,227.0,1423.77,0.539,0.008217,0,0.0,0.0,False,True,False
0x4dc325608ccc5faff1a9cfc45cf9eeb5ba7d2bf4,True,2000,1999,1490,509,74.5,2.68,4026.81,2,1779549699699,1779580800038,0.4,-398.6,0.099,0.0,0,0.0,,False,False,False
0x4dda13336ed855168a5f2c9749a2a8138199a1c8,True,1120,333,195,138,58.6,0.43,-10818.57,4,1777198167201,1784083776074,79.7,-2820.21,0.261,0.0,0,0.0,,False,True,False
0x4e00afbf7de27fe8868e17c2b1305030264c4510,True,645,266,265,1,99.6,21.45,31682.6,23,1765257350580,1788633424192,270.6,2168.54,0.068,58015.339063,12,35920.1,61.9,False,True,False
0x4e13ca77cf5c86573c1648b78369038d39bed653,True,501,226,106,120,46.9,0.23,-13081.75,8,1783461622243,1787624272248,48.2,-8155.46,0.623,0.0,0,0.0,,False,True,False
0x4e31ecf36d9d57a32010fc9dd80f2ddaf5d78442,True,2000,586,0,586,0.0,0.0,-845881.32,2,1776251018914,1787898964913,134.8,-54880.85,0.065,0.0,0,0.0,,False,False,False
0x4e4b3db640cb9e3b7320d3b26953d9b7272464a3,True,2000,1067,527,540,49.4,0.35,-40388.28,31,1759553280637,1788676773619,337.1,-12663.38,0.314,0.0,0,0.0,,False,True,False
0x4e5a6869d17f301bff82fca3fd5203f046ca9276,True,2000,955,309,646,32.4,0.3,-17151.68,18,1785729776624,1787145733863,16.4,-1228.86,0.072,0.0,0,0.0,,False,True,False
0x4e6973359711f73eb8647dda52a5d03012dd9d68,True,2000,837,501,336,59.9,1.59,11673.5,22,1787231770794,1788766385768,17.8,2175.12,0.186,10014.842371,2,1011.36,10.1,False,False,False
0x4e994d450c7c710ba4baeda5e249acc71f80aa1b,True,2000,1499,931,568,62.1,5.27,23416.13,48,1778001544846,1788722420095,124.1,2084.52,0.089,19996.015047,0,0.0,0.0,False,True,False
0x4ed0b41dff79e0e53a054903873899bc32abc853,True,2000,1091,764,327,70.0,28.12,1110648.71,1,1773741366309,1774214948531,5.5,200361.08,0.18,0.0,0,0.0,,False,True,False
0x4eea4d63de3150fab4a6dff2f361e3e0ef6a9f1e,True,2000,1073,396,677,36.9,0.56,-33452.67,16,1778083303705,1788778156366,123.8,4500.48,0.135,99562.132338,7,36112.58,36.3,False,False,False
0x4ef90e762a556e56c6804fa6a6e03e28fba758dd,True,2000,918,278,640,30.3,0.67,-2753.18,9,1785512187741,1788063712036,29.5,686.51,0.249,0.0,0,0.0,,False,False,False
0x4f0a01badaa24f762cee620883f16c4460c06be0,True,1700,794,431,363,54.3,1.22,6161.76,23,1737472183504,1787943136043,584.2,5413.83,0.879,80189.908157,1,93344.98,116.4,False,True,False
0x4f24303e0af2e4a94abcd516a3c80d38262bde6a,True,2000,921,655,266,71.1,36.38,189923.83,9,1787603542150,1788677461695,12.4,6838.4,0.036,566202.684443,2,446404.5,78.8,False,False,False
0x4f387a9f01c9d03024e787b4ac7534b7b290a95c,True,437,244,144,100,59.0,1.89,12387.23,7,1772377436180,1785409562242,150.8,8351.66,0.674,0.0,0,0.0,,False,False,False
0x4f62efb29bb38a975c1e54cb39ad3aa4e8777cf4,True,2000,979,578,401,59.0,0.92,-1178.26,6,1780799767023,1785449839104,53.8,569.71,0.484,0.007769,0,0.0,0.0,False,True,False
0x4f75922dfaf6c6cc0087d8f0179b5f0b265f5ba6,True,2000,1391,791,600,56.9,1.82,25127.88,16,1787315051390,1788766477550,16.8,4584.86,0.182,0.0,0,0.0,,False,False,False
0x4f8c23b5e787b3bb5d2de212e4f736e753ef3681,True,2000,804,486,318,60.4,0.39,-20080.51,56,1757701590260,1780067267174,258.9,-2084.79,0.104,0.0,0,0.0,,False,True,False
0x4f9c6d4bf6e65ba146886a09380db91e9eb503c6,True,2000,1012,600,412,59.3,1.17,1459.65,19,1771797139899,1781620360046,113.7,-1292.03,0.885,0.0,0,0.0,,False,True,False
0x4fa931c594203579bee714eed85406a1f159e2ce,True,2000,1020,560,460,54.9,2.47,63355.1,3,1785109357516,1788141686449,35.1,23345.06,0.368,20672.740831,1,7338.07,35.5,False,False,False
0x4fbf0b62bbe2b84ab4f25ed7a7b41698cb14fb63,True,2000,832,304,528,36.5,1.2,20918.58,37,1752487778307,1787911472983,410.0,10287.65,0.492,60198.981821,1,11123.11,18.5,False,True,True
0x4fe260d11bf48ba3a94459771259c910a398ac59,True,2000,0,0,0,,,0.0,3,1787505772728,1788656582865,13.3,0.0,,1002067.895532,3,-912039.77,-91.0,True,True,False
0x4fec60b6b62fa9f465d75ea36eff9265933c1230,True,2000,1046,166,880,15.9,0.28,-143310.38,13,1752677923736,1783691818782,359.0,13530.91,0.094,0.0,0,0.0,,False,True,False
0x4ffc5f22770ab6046c8d66dabae3a9cd1e7a03e7,True,2000,1097,962,135,87.7,0.44,-8787.54,36,1786369153672,1788775656467,27.9,-2932.18,0.334,940.34128,11,308.84,32.8,False,True,False
0x500bea59133e20dc63b7e88913b30348494b84ba,True,2000,1593,1592,1,99.9,1999.98,1096.64,1,1786114323269,1786161630305,0.5,5.17,0.005,0.0,0,0.0,,False,False,False
0x501ff931e358aee1ffd5b599d3e1632b25703c02,True,1378,1239,1033,206,83.4,2.1,6551.75,42,1786072643762,1788765814865,31.2,-4088.54,0.624,0.0,0,0.0,,False,True,False
0x5038b86302bc1d7aecbc8441e65cea4fe2e0fe04,True,2000,1006,287,719,28.5,0.55,-6933.75,60,1786263709302,1788775545651,29.1,-797.92,0.115,869.87318,7,224.49,25.8,False,True,False
0x504ec17f392b0aea095a1774146316bbeb464683,True,2000,1052,870,182,82.7,8.24,2522.16,23,1788499601005,1788786447589,3.3,45.47,0.018,14590.18491,21,1162.84,8.0,False,True,False
0x505d981b8d0df243f06f8a8b49d7d514dab98552,True,2000,1236,980,256,79.3,14.72,25172.55,13,1784242322225,1788587863821,50.3,2004.58,0.08,0.0,0,0.0,,False,True,False
0x506dec83f82354cddc63537d545257589a1975bc,True,2000,1059,517,542,48.8,0.74,-1884.82,9,1779739292052,1788781377668,104.7,-662.89,0.352,2956.034125,1,-146.66,-5.0,False,True,False
0x507e0d7cb4cca156d09db13681ed4e5da66b411e,True,2000,1061,664,397,62.6,0.08,-191470.63,25,1786725589750,1788778939847,23.8,-10994.66,0.057,9807.686028,2,-173.4,-1.8,False,True,False
0x508e03d472812016f04da0a001d648af76d98c5b,True,2000,1038,467,571,45.0,2.0,11301.54,16,1769981314259,1788128478702,210.0,1155.63,0.102,5882.001683,1,-1058.26,-18.0,True,True,False
0x50c50e635015258ed2097bef496d5edc2acc7fe9,True,2000,1045,441,604,42.2,0.5,-12153.79,44,1737844061282,1788765925252,589.4,-1132.37,0.093,7425.771374,3,3917.04,52.7,False,True,False
0x50e4a02362373d9dae47f340c82fa146e1d06158,True,2000,1021,522,499,51.1,1.02,598.05,7,1785854420829,1788705141646,33.0,-3219.0,5.382,0.0,0,0.0,,False,False,False
0x50f4d20c9aabb3a24503fbe1581ebd19def38b4d,True,2000,1003,197,806,19.6,0.64,-4224.12,21,1781725675479,1788329971235,76.4,1444.05,0.342,0.0,0,0.0,,False,True,False
0x51104a792b2bb4cd366bf6e38e5119cbd7a5a40b,True,1752,898,733,165,81.6,2.51,51041.9,2,1757657844870,1788776937119,360.2,17997.56,0.353,39586.317762,1,1132.1,2.9,False,True,False
0x5126dba92f424257e7fee79941361d3b38a36893,True,2000,831,370,461,44.5,1.57,11730.23,9,1787986488603,1788760914204,9.0,4358.05,0.372,0.0,0,0.0,,False,False,False
0x513b5a14cbfaafeab40f526ded575b21f82aa6df,True,2000,1135,391,744,34.4,0.22,-70399.3,20,1785117887242,1788652800016,40.9,-40720.66,0.578,0.0,0,0.0,,False,True,False
0x51588c3acf60dffb5a6fe181e485a2946f7b8266,True,739,489,478,11,97.8,602.92,137096.53,11,1770856309136,1788652800016,206.0,5542.2,0.04,11894.906101,1,-2306.09,-19.4,True,False,False
0x516b454cb9a41945fd0ff75ee6dfbc0c9d8e8677,True,2000,559,275,284,49.2,0.16,-302757.52,9,1786000848442,1787375448104,15.9,-131182.14,0.433,0.0,0,0.0,,False,True,False
0x5179ad96173fc9d97f52108bc48c97b45a9fd5ad,True,2000,901,505,396,56.0,1.38,3560.03,20,1774449066248,1781473484499,81.3,585.06,0.164,0.0,0,0.0,,False,True,False
0x5198879e8ebcac28cbe720c4dc690d463d32e9f5,True,2000,1102,502,600,45.6,1.09,8576.77,21,1734116339484,1788618164717,630.8,-7178.25,0.837,0.0,0,0.0,,False,True,False
0x51a418f72115b30d092f2a2fa271b74cf21c528b,True,2000,891,463,428,52.0,0.69,-55068.27,17,1777973118500,1787387563669,109.0,-16374.79,0.297,0.0,0,0.0,,False,True,False
0x51b37e0eb470f50fb8faa41bef86a129f879ca9c,True,2000,844,540,304,64.0,1.29,9824.84,29,1754455287042,1787487468074,382.3,4706.37,0.479,986.481983,1,-718.61,-72.8,True,True,False
0x51c1278b6ff5d50048f1b8c9de64a574a88c05b9,True,209,132,1,131,0.8,0.0,-880.97,1,1787526190176,1788320466285,9.2,-70.52,0.08,0.0,0,0.0,,False,False,False
0x51d16cf2d5a88bea0ffc228073fb70e872793332,True,2000,936,348,588,37.2,0.7,-3759.27,17,1762992969631,1786727586854,274.7,-1093.65,0.291,0.0,0,0.0,,False,True,False
0x51e04101d0e041bfa629d3f470980d401b13d1b3,True,2000,845,562,283,66.5,0.76,-3478.01,16,1751327408584,1775869206493,284.0,-1798.17,0.517,1e-06,0,0.0,0.0,False,True,False
0x51ff9ebbaf4d7aefcce9f6dc8d691aefa8e56815,True,2000,972,484,488,49.8,0.46,-5456.44,22,1787780609254,1788785130313,11.6,-656.14,0.12,527.755437,1,93.29,17.7,False,False,False
0x5224229f0668a10bd470d39b0a4e7fbda3900bd1,True,2000,911,279,632,30.6,1.38,9750.64,19,1772463581047,1788736324778,188.3,4961.39,0.509,13673.920733,2,-1164.57,-8.5,True,False,False
0x523314f8b2db02111e667f9031be18aceae8e1ab,True,2000,1074,1025,49,95.4,0.78,-1379.85,16,1782878831684,1788736096631,67.8,-1109.46,0.804,149.481726,1,-584.66,-391.1,True,True,False
0x523ce755f4d5af24352a047ae71edcc747028cae,True,601,266,188,78,70.7,0.87,-869.12,9,1779742324826,1782391942537,30.7,-4192.0,4.823,0.0,0,0.0,,False,True,False
0x52516d3ee158365393598028055769354d45a3dd,True,2000,995,723,272,72.7,3.24,38033.67,11,1775101573843,1786073494934,127.0,2988.2,0.079,0.0,0,0.0,,False,False,False
0x526ceafcb373ee4bd9d4c32c004857decadf8fd1,True,2000,1018,537,481,52.8,0.48,-30243.72,11,1781841256518,1788294092658,74.7,-5828.11,0.193,0.0,0,0.0,,False,False,False
0x528d48121b6b31b985442bb39804009ae03c8d1e,True,573,311,129,182,41.5,11.75,17994.1,24,1734408761038,1788525143600,626.3,3979.76,0.221,0.0,0,0.0,,False,False,False
0x52a007dd51abb6a1a56751bdda7612aeb908068a,True,731,265,191,74,72.1,3.74,6561.48,12,1783705884547,1785365067801,19.2,568.5,0.087,0.0,0,0.0,,False,True,False
0x52bf75fdc45b3e94081d9c6dc68b7d55707bb527,True,2000,867,461,406,53.2,0.55,-13536.91,31,1777668997566,1787153015039,109.8,-11894.43,0.879,0.0,0,0.0,,False,True,False
0x52d47e4592956e8d068b12852e0e99e4fa1963b1,True,540,280,85,195,30.4,0.44,-20859.3,1,1787346741904,1788533067873,13.7,-16107.43,0.772,0.0,0,0.0,,False,False,False
0x52ec89c04b0709d8a0be9584c5bb63bfe96f83a2,True,2000,749,174,575,23.2,0.33,-32250.89,9,1780956851867,1788766054844,90.4,-3318.75,0.103,17771.962639,1,4946.44,27.8,False,False,False
0x5302d1af33a69b98c72fd1adc156b25d001e58a2,True,2000,980,593,387,60.5,0.73,-5596.91,17,1784943804063,1787153193818,25.6,-1312.65,0.235,0.000166,0,0.0,0.0,False,True,False
0x531e9cd4464fac54f7bae5bb3aca9a040a13ebda,True,2000,996,537,459,53.9,1.39,1950.23,34,1788679177028,1788786976826,1.2,143.91,0.074,35495.049822,37,1494.8,4.2,False,False,False
0x5333c1d733794e02f34d5f0d88c65d03fd2e4db1,True,2000,891,376,515,42.2,0.76,-3105.21,25,1765449286042,1787802090630,258.7,-6358.91,2.048,0.0,0,0.0,,False,True,True
0x535792fee11d00e81cbb0bde4af170bb328a9455,True,2000,939,186,753,19.8,0.38,-11879.75,2,1787295608054,1788495592336,13.9,-1571.6,0.132,0.0,0,0.0,,False,False,False
0x53665b4fc3f7f1390e6b93612a994b6fda3d2b1c,True,2000,1016,403,613,39.7,1.91,9572.41,5,1786189803038,1787074201393,10.2,1284.14,0.134,0.0,0,0.0,,False,False,False
0x5371c4517b448006941ae335e5cafd54af573c11,True,2000,831,413,418,49.7,2.65,230493.67,6,1783327035735,1788739200041,62.6,47791.27,0.207,837365.52032,3,908467.46,108.5,False,True,False
0x538ded4d0d461206ae8e0c021d5179d3a31d2b12,True,901,426,228,198,53.5,3.5,90247.42,27,1707257654888,1788527385197,940.6,10537.04,0.117,81641.097928,1,18625.1,22.8,False,False,False
0x53a5a1b642f93d7674be6e4b9cac0834bfe13e9e,True,2000,1072,618,454,57.6,1.92,10060.51,17,1785870406315,1788633537290,32.0,2143.68,0.213,0.128648,1,0.02,13.3,False,False,False
0x53bee86126ebb4ab210a3e58ad3baebccc88be10,True,2000,965,314,651,32.5,0.99,-81.79,10,1783474105542,1788393600075,56.9,8171.75,99.915,0.0,0,0.0,,False,False,False
0x53d46373a2431cb7d79da4dfa4a2739cc53dd6d8,True,2000,793,346,447,43.6,0.45,-10154.73,3,1788529593371,1788780514394,2.9,-804.6,0.079,66930.745006,1,7460.31,11.1,False,False,False
0x53e2e46a00f695b35b1ab5909b3024fc4e42ff9e,True,2000,775,594,181,76.6,0.45,-264232.52,37,1729470053611,1787610212371,672.9,-35887.09,0.136,0.0,0,0.0,,False,True,False
0x53f8f390fd4f70941c5d160a964f6893c8dbceff,True,656,179,160,19,89.4,361.15,67752.9,5,1782204118860,1788525018747,73.2,8117.5,0.12,4350577.037075,4,241736.97,5.6,False,True,False
0x540878197c890811f3625fbfa29c0fc1d39aed54,True,2000,616,360,256,58.4,2.27,15489.53,24,1768417307267,1788309008540,230.2,-1878.08,0.121,44087.842709,1,-22296.75,-50.6,True,False,False
0x5435dc77015a1a3a35f8a9a694e90d3b8dbbd7bd,True,911,337,115,222,34.1,1.16,1279.66,16,1737322069338,1782390253371,521.6,1243.35,0.972,0.0,0,0.0,,False,False,False
0x5453d5498def68557ffd8af608daacc9a9dbb5fd,True,2000,1007,359,648,35.7,1.54,9202.05,15,1783618775342,1787151259887,40.9,1577.51,0.171,0.0,0,0.0,,False,False,False
0x546ea831212a263fe930bc325773676c851d6655,True,1321,668,600,68,89.8,3.4,7134.86,12,1777373763910,1779979437415,30.2,662.01,0.093,0.0,0,0.0,,False,True,False
0x5483dd0f8b7d2544a6ac14ba8659988178fd9f4a,True,2000,1082,688,394,63.6,2.73,2525.83,1,1788704142030,1788786935501,1.0,46.6,0.018,8256.287706,1,6.57,0.1,False,False,False
0x548aa3af061b5233762a3f262f6531aa8e24ad5d,True,316,141,50,91,35.5,0.05,-18950.19,7,1786817319775,1787375439456,6.5,-6002.04,0.317,0.0,0,0.0,,False,True,False
0x549f7393b1a0940ab51d975c806023dfa5f69bb1,True,2000,944,389,555,41.2,0.73,-3208.72,34,1778138919974,1778777946044,7.4,-803.48,0.25,0.0,0,0.0,,False,True,False
0x54c8aee9f2779d968b6e1e45c63e79119ac8be64,True,2000,970,469,501,48.4,0.44,-16086.4,33,1780028144056,1784836993204,55.7,-1111.37,0.069,0.0,0,0.0,,False,True,False
0x54d53d66c133c3155d47d398db03dfe28585f8c8,True,2000,1087,699,388,64.3,1.05,303.38,2,1781015410656,1787520793718,75.3,-2707.25,8.924,6786.758047,0,0.0,0.0,False,False,False
0x54e0643524d6f8e477cd112df3a2261e778d5e92,True,2000,1128,619,509,54.9,4.52,24248.33,34,1787614647995,1788739086371,13.0,1002.71,0.041,264914.322336,26,20238.67,7.6,False,False,False
0x54f9524155c82f1f3f2c5e086ba513df442a18ef,True,2000,1886,843,1043,44.7,0.17,-34078.14,21,1776877194095,1778624120425,20.2,2773.54,0.081,0.0,0,0.0,,False,False,False
0x55179b64d3da11fa5429838f6b6fabd3384550d0,True,2000,1076,509,567,47.3,1.26,11085.81,37,1757259870523,1785630210777,328.4,3028.42,0.273,0.0,0,0.0,,False,True,True
0x552b6ad871f27a9729162c18d769050363f2d57e,True,2000,1079,734,345,68.0,3.74,33131.96,58,1780450640860,1788746387535,96.0,5418.7,0.164,8458.713896,3,-127.31,-1.5,False,True,False
0x554b1bd47b7d180844175ca4635880da8a3c70b9,True,2000,1089,560,529,51.4,0.38,-55038.96,7,1779380262118,1781278346460,22.0,-20692.48,0.376,0.0,0,0.0,,False,True,False
0x555c6a8cb2be02949e46668d9cde4899e7a54bfa,True,2000,917,448,469,48.9,0.38,-19728.71,10,1785333334101,1787301732950,22.8,-2227.89,0.113,0.0,0,0.0,,False,True,False
0x556c8b1c32744692ae52ab2856fdcd8d54acc6c8,True,2000,1372,376,996,27.4,0.21,-239200.1,7,1772779413101,1779949675555,83.0,-29228.96,0.122,0.0,0,0.0,,False,True,False
0x558072bed86151b5f992144785e4c4f8059f9c55,True,2000,967,264,703,27.3,0.29,-109610.78,30,1765299982978,1787961600069,262.3,-8701.02,0.079,0.0,0,0.0,,False,True,False
0x55999a9124b976d05a7fd98d414e185d95e9e940,True,2000,800,502,298,62.8,2.82,30751.02,13,1784045427416,1788566823322,52.3,6352.28,0.207,4765.183731,1,1935.21,40.6,False,True,False
0x55b47295e507d6ba8602cc06ab1de02ae7c31f23,True,2000,1110,400,710,36.0,0.95,-1589.99,4,1782310833822,1787673777121,62.1,8369.24,5.264,39752.604947,2,18154.96,45.7,False,False,False
0x55d3305ce5f741910f100557ba880ac5ee838bd1,True,165,93,50,43,53.8,4.71,7189.34,15,1749154251569,1788592746214,456.5,1373.62,0.191,0.0,0,0.0,,False,False,False
0x55e9f86072eb26343cb14ae7916f1d1d281cd093,True,2000,1003,313,690,31.2,0.9,-1134.85,37,1775613728575,1788489676173,149.0,727.49,0.641,1900.83735,2,27.78,1.5,False,True,False
0x56059a075df04508506ca968750992f2e037fe0f,True,812,408,262,146,64.2,1.27,7592.78,1,1781373401226,1787226921717,67.7,8206.54,1.081,27467.622262,1,-74781.57,-272.3,True,True,False
0x56211df4951e86c487b58f1599355faa3840a185,True,2000,1981,1040,941,52.5,0.0,-6104.09,2,1787371026018,1788598911942,14.2,-36.64,0.006,21003.635155,1,-72468.07,-345.0,True,False,False
0x564650774671dad0d4a983c7954c53171845a40b,True,2000,1051,567,484,53.9,0.42,-42498.09,4,1782477851883,1787143791237,54.0,-3720.58,0.088,0.0,0,0.0,,False,True,False
0x5661a070eb13c7c55ac3210b2447d4bea426cbf5,True,2000,986,624,362,63.3,3.14,157508.86,1,1775612721513,1788745716324,152.0,14803.06,0.094,722157.081196,1,-290.69,-0.0,False,False,False
0x567c6d855212479853a0dd4ac68816ff7ea73cf4,True,718,336,184,152,54.8,1.19,649.03,27,1760091391476,1788307200047,326.6,794.18,1.224,0.0,0,0.0,,False,False,False
0x5690fd2f011c86c2a6de8fcde2d7d1c5e314abd3,True,2000,1015,572,443,56.4,1.39,33238.49,50,1752556028639,1788661054069,417.9,-11232.0,0.338,10126.846179,9,24394.19,240.9,False,True,True
0x56a6d21e995aa4f1307a092ac6f519cf4e1888aa,True,2000,873,555,318,63.6,0.93,-1747.0,29,1779438574858,1788758782373,107.9,-2562.95,1.467,6897.902324,5,82.58,1.2,False,True,False
0x56cc11fa47427c10431e972ff3fcbc6b8ae98012,True,818,303,211,92,69.6,1.02,133.77,9,1781268114069,1788699450371,86.0,-590.49,4.414,19259.849253,2,23444.02,121.7,False,True,False
0x56e272cccf89be591f63d521200cf6f06fd8bbcf,True,1096,630,243,387,38.6,0.48,-1747.27,30,1763997974823,1788598093577,284.7,-341.36,0.195,0.0,0,0.0,,False,False,False
0x56f6154bf5486dd8ed5c5c1386843aecc423b2d5,True,2000,804,321,483,39.9,1.09,306.66,26,1787394488047,1788699359444,15.1,-263.4,0.859,0.0,0,0.0,,False,False,False
0x57041b3162515c3ef0d7d164d8c606e21f43312f,True,2000,1087,343,744,31.6,1.0,32.27,4,1781676919041,1788775712189,82.2,-302.24,9.365,847.025602,1,88.63,10.5,False,True,False
0x571382caa50c1ac3a850add60bc945b8146a12f3,True,2000,960,420,540,43.8,0.77,-6511.28,15,1752627042890,1788448811591,414.6,3260.66,0.501,0.0,0,0.0,,False,True,False
0x572ab033a7f2e964e8984e278be20a9131fcd475,True,2000,1257,688,569,54.7,2.07,21380.54,7,1787173518017,1788738392711,18.1,4310.6,0.202,60035.097036,2,-218525.79,-364.0,True,True,False
0x5740affc8faf8913f9f2d5fbb9bdc6e8119ea9da,True,2000,509,472,37,92.7,394.97,326314.01,12,1787163757051,1788642921665,17.1,12175.95,0.037,755687.845275,12,643199.87,85.1,False,False,False
0x575c9e495d13a3d3347c617cdf5feca9067d5ee6,True,2000,852,411,441,48.2,0.73,-5210.36,16,1778075283948,1780871734524,32.4,1380.98,0.265,0.0,0,0.0,,False,True,False
0x576c9dda811cf5e053154e7279d53c268cfe6dd2,True,622,301,198,103,65.8,1.38,964.7,9,1775470507122,1784937600066,109.6,529.5,0.549,0.0,0,0.0,,False,False,False
0x577ad1d3512b4def17c686eb2c08281d0e906d33,True,2000,1298,788,510,60.7,1.24,12414.68,42,1770036675619,1784071251400,162.4,60003.19,4.833,0.0,0,0.0,,False,True,False
0x57969366fa066120b4b342f6ac667a541db5ccf4,True,1258,593,227,366,38.3,1.34,3741.21,35,1771948391771,1785165021951,153.0,1028.66,0.275,0.0,0,0.0,,False,True,False
0x57a37ca819e8ba9cf35e9c63adf4308ddd4c4efe,True,2000,1010,351,659,34.8,0.5,-18002.52,19,1777982259196,1787217705398,106.9,-2185.09,0.121,0.0,0,0.0,,False,True,False
0x57b778f2a5663a46b0a92b3b86cbc7d8dde60f25,True,2000,1229,511,718,41.6,0.5,-483.52,54,1774555889732,1779315156196,55.1,-90.85,0.188,0.0,0,0.0,,False,True,False
0x57cd47110aa6b74b5dd256acc2e644b06254eb1c,True,2000,1171,619,552,52.9,0.83,-27368.43,22,1752716815585,1788392250031,412.9,-32642.27,1.193,99445.926732,2,14189.37,14.3,False,True,False
0x57da7729315dc093008f0d844d92545d9a4401b0,True,2000,1126,631,495,56.0,0.65,-2568.46,12,1782990595429,1785760003641,32.1,284.38,0.111,0.0,0,0.0,,False,False,False
0x580e0b94a79e2cadebb30d06adfb710c08194458,True,2000,1096,569,527,51.9,0.21,-45145.42,25,1763412357902,1778824809624,178.4,-4613.88,0.102,0.0,0,0.0,,False,True,False
0x58206237b3fcfcbb4c9b60317cf652a29089f224,True,1380,613,415,198,67.7,1.99,38016.81,53,1751011748904,1788783522797,437.2,-6989.6,0.184,4081.652469,1,688.0,16.9,False,True,True
0x5844076568271512a5cbf2432bec629cf2e07f69,True,874,386,269,117,69.7,1.59,13723.48,5,1748523237143,1787255493975,448.3,12518.05,0.912,0.0,0,0.0,,False,True,False
0x5859f9348de0760d75e7c15cb28a5d9b0e408945,True,984,410,271,139,66.1,0.45,-5307.4,9,1770446718480,1788785662815,212.3,-949.2,0.179,95.210581,1,19.7,20.7,False,False,False
0x586fb335b74bb15dedec522904ad87126c5c1348,True,253,138,2,136,1.4,0.0,-11508.3,9,1785703104007,1787461703756,20.4,-1644.57,0.143,0.0,0,0.0,,False,True,False
0x5882f7d307ad96233c99591c1567a535eb9d8ec3,True,2000,933,442,491,47.4,0.84,-1643.19,10,1779636428413,1788632514567,104.1,-1779.47,1.083,47293.920989,1,553.59,1.2,False,False,False
0x58890021f6e0b50b34d1a27b0541734d66a48185,True,2000,843,185,658,21.9,0.74,-6362.1,27,1780437906063,1788661536954,95.2,-2296.27,0.361,0.0,0,0.0,,False,True,False
0x589f51a10998bb03d4f66622046fe9774e022cb0,True,2000,1073,500,573,46.6,0.83,-2559.72,3,1764877332152,1787257390744,259.0,1119.12,0.437,0.0,0,0.0,,False,True,False
0x58b674c982c59fab14564374068e28cfbc8c10c1,True,636,315,105,210,33.3,0.43,-10034.82,4,1778614554258,1781430799321,32.6,-3169.3,0.316,0.0,0,0.0,,False,True,False
0x58c6d652e07f7ffdd1e834ef16163a8d0c710895,True,2000,890,240,650,27.0,0.39,-51635.95,9,1775676413141,1785780539415,116.9,5269.89,0.102,0.0,0,0.0,,False,False,False
0x58d2f57b70bf39e2f30d3d313e8005eb1b72696d,True,2000,1011,778,233,77.0,1.18,321.31,93,1781973294608,1788785673550,78.8,-637.58,1.984,316.642652,6,118.9,37.6,False,True,False
0x58e7fc48128472498bcbf65278342d49a36f256e,True,2000,992,435,557,43.9,5.25,57194.85,25,1783642915655,1788752564963,59.1,8010.39,0.14,2833.119686,1,435.5,15.4,False,True,False
0x58fab1c31a6178091273c87dd12f3e2dd5bd8c87,True,1167,367,249,118,67.8,1.66,4917.33,22,1772993420744,1782191940590,106.5,2684.48,0.546,0.0,0,0.0,,False,True,False
0x590f7b43c5fa40c6332aa3807356b2896fb70e38,True,605,360,200,160,55.6,1.48,8225.59,3,1758766649013,1788583593770,345.1,12465.54,1.515,2928.593085,0,0.0,0.0,False,True,False
0x59275149ee03ac34f8a94ea9063359bad5527a78,True,2000,1118,57,1061,5.1,0.04,-219542.42,6,1787577754727,1787616000004,0.4,-14245.93,0.065,0.0,0,0.0,,False,False,False
0x594e887a4e2ac13132c68d09a38b1a211b628ace,True,932,474,223,251,47.0,0.32,-37427.19,38,1745000565770,1788519411620,503.7,-9341.81,0.25,0.0,0,0.0,,False,True,False
0x5970ed222b9e3e820fff12aaa41befa5cab97623,True,2000,1219,607,612,49.8,0.16,-195131.63,14,1778849201318,1781830385179,34.5,-42540.7,0.218,0.0,0,0.0,,False,True,False
0x598945346525e8cdcf6a8d441eb2c88bb36199b8,True,2000,979,484,495,49.4,0.99,-836.03,7,1787754676317,1788705569358,11.0,28729.92,34.365,257516.63122,3,190615.72,74.0,False,True,False
0x59ab1bd1531e79c52a5e61b54f30fb1dc7da0af1,True,2000,699,485,214,69.4,2.36,17394.78,53,1778168410236,1788781884264,122.8,-3343.47,0.192,20489.064499,15,2638.07,12.9,False,True,True
0x59ccd188a84302584a0c2346926cb9084ed27413,True,2000,1018,835,183,82.0,0.56,-9040.51,14,1774990882604,1788471265242,156.0,-1535.26,0.17,45.285329,0,0.0,0.0,False,True,False
0x59f210ce842db28b79dcdddce0c512987899ce78,True,462,143,83,60,58.0,1.23,982.86,3,1747261387858,1783919103293,424.3,810.5,0.825,0.0,0,0.0,,False,False,False
0x59fefc65bead5cd05730f094d56cbaed9ff54550,True,2000,1021,169,852,16.6,1.74,11903.38,15,1786997212153,1788266151572,14.7,4105.65,0.345,694.660774,1,365.29,52.6,False,False,False
0x5a17fb43794212f5fac2298747c8757b8dd94a17,True,2000,985,630,355,64.0,0.67,-12763.37,24,1782688892542,1788760209056,70.3,-4023.12,0.315,0.0,0,0.0,,False,True,False
0x5a2ec775d80143d0b9e9475ffd67eff9b0f9cba8,True,17,8,7,1,87.5,7.25,3488.45,2,1760169130315,1781243322960,243.9,1765.52,0.506,0.0,0,0.0,,False,False,False
0x5a40a3963a4cccc1ac30cf5b0ecc1cc8108b4dd0,True,2000,1146,694,452,60.6,1.8,19034.26,17,1775167697937,1776384000030,14.1,-1328.87,0.07,0.0,0,0.0,,False,False,False
0x5a5a338eb7f5baf9b3ff72ce57424deecf23e154,True,2000,1151,654,497,56.8,0.33,-77969.21,29,1748781335194,1785475506204,424.7,-8050.4,0.103,0.0,0,0.0,,False,True,False
0x5a659635fb5b345c9787dcc04042949b20fb1490,True,2000,904,352,552,38.9,0.36,-11810.9,38,1769786588986,1781228643011,132.4,-529.85,0.045,0.0,0,0.0,,False,False,False
0x5a7581618829f377a16be2338eabdd03fece0eaf,True,2000,886,526,360,59.4,1.03,237.91,63,1780333033404,1782545626222,25.6,-623.4,2.62,0.0,0,0.0,,False,False,False
0x5a8cf8e9da768f39fbe545684214ea3cd606c75b,True,2000,1172,610,562,52.0,0.43,-25006.56,21,1769686034538,1779408000060,112.5,4800.36,0.192,0.0,0,0.0,,False,False,False
0x5a9312c32337a4501c0faa982163ff15e177a0ca,True,2000,872,493,379,56.5,0.3,-171114.72,5,1782333072474,1788666399839,73.3,-31033.36,0.181,0.0,0,0.0,,False,False,False
0x5a9e5912d188b94273b9b162e488d905ccd4b4f0,True,2000,980,352,628,35.9,0.68,-10171.52,15,1781590646304,1787771752121,71.5,-3341.56,0.329,0.0,0,0.0,,False,False,False
0x5aaa5f8f88b30b1e15e897a1daf76a65ffc96c64,True,2000,853,659,194,77.3,0.75,-2130.35,8,1776310456024,1781285628663,57.6,-2110.89,0.991,0.0,0,0.0,,False,True,False
0x5ab64fb23fd37b014e6f230d04318d0d5ec84ac3,True,543,207,115,92,55.6,3.91,20089.99,15,1773653936726,1788448964825,171.2,3416.62,0.17,0.0,0,0.0,,False,False,False
0x5ac5b178beb5b4eaeaaa572ab5b5685f491ff9dd,True,2000,723,426,297,58.9,1.31,6509.1,11,1779196434911,1784308690443,59.2,-1381.53,0.212,0.0,0,0.0,,False,True,False
0x5ad79acbe4a9961ca921e5f28687119913e3e9ba,True,2000,1265,1196,69,94.5,35.54,126094.57,5,1788116143843,1788710538494,6.9,3728.32,0.03,66319.424382,3,65471.06,98.7,False,False,False
0x5ae5e5278ce81a34b1fdfb737f7a6adaf8d110c4,True,1166,619,342,277,55.3,0.01,-5020.49,9,1733301265724,1777415895610,510.6,-670.42,0.134,0.0,0,0.0,,False,True,False
0x5af3b585ec8b5757765c1c65836ffa9c8330a8cb,True,821,382,225,157,58.9,1.27,3090.58,10,1785758887909,1788738392523,34.5,-2309.63,0.747,7319.842583,2,-4242.78,-58.0,True,True,False
0x5b134297a8999e4838091aec51dd6729862dec0d,True,2000,1007,517,490,51.3,1.12,3499.45,25,1776520239614,1788712450283,141.1,1788.28,0.511,31008.574802,2,-1118.93,-3.6,False,True,False
0x5b236d19f680ff47e7bf2a9eb88fc5cc03d443a8,True,2000,1020,910,110,89.2,10.12,78776.15,2,1782446418195,1783529353817,12.5,6041.63,0.077,16441.611354,0,0.0,0.0,False,False,False
0x5b42c6d7808d8112787e2ac54a84b4dc07dbad29,True,2000,921,499,422,54.2,0.81,-1274.39,4,1780282197763,1780850836170,6.6,-834.45,0.655,0.0,0,0.0,,False,True,False
0x5b5d51203a0f9079f8aeb098a6523a13f298c060,True,2000,0,0,0,,,0.0,3,1788780725139,1788787762834,0.1,0.0,,112280531.770742,11,-63307277.78,-56.4,True,False,False
0x5b6ef52e25b264993b80ed0b42a7d372a4638669,True,347,116,77,39,66.4,6.15,4946.87,7,1760203879203,1788724297780,330.1,480.82,0.097,3758.887775,1,-897.87,-23.9,True,False,False
0x5b7e9a3f8b0bbc802552da0fb12e9e4a4cbbdd33,True,2000,846,447,399,52.8,3.25,25362.61,17,1760468333984,1782938847918,260.1,3328.84,0.131,0.0,0,0.0,,False,False,False
0x5b8e9f84611e127d25339123669a3d7cc3685004,True,2000,954,682,272,71.5,2.23,15673.7,4,1782839713462,1788345872945,63.7,4510.15,0.288,0.006191,0,0.0,0.0,False,False,False
0x5bacc6d3b4f25efeb63acaef441647425341eb98,True,2000,1146,1141,5,99.6,16532.5,97204.15,3,1769065668006,1772610581369,41.0,1937.89,0.02,0.0,0,0.0,,False,False,False
0x5bbbe102d2ec51403d1c5c1436a88d9dfc616ff3,True,740,375,124,251,33.1,13.25,43774.32,2,1780940353203,1787296292676,73.6,8243.74,0.188,66881.427276,1,26316.68,39.3,False,True,False
0x5bcf044f1e9640c306d0163d162b0cf6e7b76fa9,True,2000,978,469,509,48.0,3.53,29812.38,26,1773751598522,1788750762606,173.6,7701.61,0.258,0.293838,1,-0.02,-6.6,True,True,False
0x5beae772444a36572bc7e26040988edc88e7a02f,True,2000,968,536,432,55.4,1.12,3892.27,1,1782836115418,1788785769233,68.9,4362.42,1.121,10062.265172,1,-332.15,-3.3,False,True,False
0x5c0aed74917667f07786947ed677a7e3c808e006,True,2000,980,610,370,62.2,1.66,9834.93,8,1772179249057,1787289318857,174.9,891.49,0.091,0.0,0,0.0,,False,False,False
0x5c1b526e0d584e2c2beee2c0a890cc691fc99e48,True,367,235,0,235,0.0,0.0,-31950.58,5,1781609271910,1788163902274,75.9,-7179.4,0.225,0.0,0,0.0,,False,False,False
0x5c2ff43337f82d906ee1cbee72f49eea46f44e90,True,229,115,68,47,59.1,2.42,11197.84,5,1770056579936,1787783993291,205.2,4794.41,0.428,9054.187158,1,227.45,2.5,False,False,False
0x5c42b895c1a7f42fe0f72ed2ba1fe442376fb61d,True,2000,1170,822,348,70.3,7.98,147000.96,13,1785972143482,1788463648653,28.8,9031.62,0.061,0.0,0,0.0,,False,False,False
0x5c5901190d1e9e472e8af0745464b9f8d1ac02f0,True,1169,414,340,74,82.1,6.01,10679.96,17,1776633040752,1788447956233,136.7,1649.46,0.154,23626.301808,1,-23100.38,-97.8,True,True,False
0x5c7b4da220821db5bddb439c21a970a78c67d8f9,True,2000,971,744,227,76.6,0.38,-5524.36,11,1770333038679,1788625345469,211.7,-268.56,0.049,0.0,0,0.0,,False,False,False
0x5c90517b85ae5a59a49072b0ce09e7af4b2b44ce,True,2000,1083,945,138,87.3,6.45,66986.05,4,1765829587269,1785938770709,232.7,4098.52,0.061,50585.494668,0,0.0,0.0,False,False,False
0x5ca1146260666eafc75a3ba21d9bc56e5225b4c5,True,275,126,83,43,65.9,0.92,-249.29,8,1757354041210,1779813971274,260.0,674.07,2.704,0.0,0,0.0,,False,True,False
0x5cb4f3467c8a4cd68144773c47e8c229f694d3f4,True,756,352,244,108,69.3,1.34,4773.58,14,1785528480050,1788766873099,37.5,-3887.65,0.814,16725.009177,3,-3169.64,-19.0,True,True,False
0x5cc68dca686990e38659cfdad720278b674ced5f,True,2000,1191,268,923,22.5,0.41,-24735.25,23,1778282459025,1788682080505,120.4,1368.86,0.055,4578.734,0,0.0,0.0,False,True,False
0x5cd4bb2a9f502d68b7ff2d4bd8b963d6b253d35b,True,207,90,55,35,61.1,1.74,13760.4,3,1783323944168,1788287282321,57.4,6579.5,0.478,72122.403191,3,6485.7,9.0,False,True,False
0x5cee202b51518b0e4675bbe129f6c9776f4417df,True,2000,556,337,219,60.6,7.35,4884.67,31,1755190874519,1787060146855,368.9,1165.08,0.239,0.0,0,0.0,,False,False,False
0x5d0c803ce6a5f9444be46e5c0a1b35486eadd3e5,True,479,165,127,38,77.0,2.57,1625.47,19,1773926466138,1788729544789,171.3,488.58,0.301,3937.169377,3,-5.67,-0.1,False,True,False
0x5d220157783517777409775f026f944a904bd6af,True,2000,921,694,227,75.4,1.46,2117.7,3,1781960239339,1788716187952,78.2,-418.1,0.197,0.0,0,0.0,,False,True,False
0x5d47ed519f2d149e1e094c52d2a920002f784cfe,True,244,99,45,54,45.5,1.68,9309.08,11,1761662895745,1782684191739,243.3,5042.15,0.542,0.0,0,0.0,,False,True,False
0x5d6230bb324aad1ae281bc4ef4d376be6126c352,True,2000,878,812,66,92.5,1.48,5788.19,10,1779052313510,1786303126760,83.9,-1743.85,0.301,0.0,0,0.0,,False,False,False
0x5d81d3051ddd4e929c76bc572d4f1586c7b752ad,True,2000,972,340,632,35.0,0.99,-1245.68,9,1780612405301,1786321799730,66.1,10789.91,8.662,0.0,0,0.0,,False,False,False
0x5d9082e49deaf33a5ae042ee439cc8d8401a57c9,True,2000,1011,515,496,50.9,1.5,47251.49,31,1780558967395,1788692664068,94.1,18508.37,0.392,45062.19375,3,10471.22,23.2,False,True,False
0x5d9f0678f785fc66af7bda19d54489cf61e41f75,True,2000,1704,401,1303,23.5,0.97,-16.11,3,1788470833430,1788540417147,0.8,2.54,0.158,0.0,0,0.0,,False,False,False
0x5db2d2a055466e0c5d4cf09869cf2e2cfc47b157,True,2000,872,389,483,44.6,2.66,17532.41,29,1783427809024,1788772144994,61.9,1188.5,0.068,187575.675081,4,9304.96,5.0,False,True,False
0x5dca68cb6acd425549a7eceebb0baf33e7c9a055,True,2000,716,695,21,97.1,6.11,18387.82,1,1770311623876,1786614847517,188.7,1425.13,0.078,0.003843,0,0.0,0.0,False,True,False
0x5debc8ae1e8f7e14d383ec51c251f4c2e6b3a62f,True,524,375,250,125,66.7,0.46,-19307.85,11,1777374823018,1779640667075,26.2,-10300.8,0.534,0.009807,0,0.0,0.0,False,True,False
0x5df852c2102d7ea967c4fa3c65cd5c5d5d887d10,True,530,262,108,154,41.2,1.69,889.36,13,1773215514625,1774545162839,15.4,224.05,0.252,0.0,0,0.0,,False,False,False
0x5e0a12768e3cd0fea52c8dd64736c65ab673c20d,True,2000,1018,336,682,33.0,0.75,-647.91,22,1780409708591,1783344776745,34.0,-328.47,0.507,16.899398,1,6.03,35.7,False,True,False
0x5e1de892c2c6b07d10dfd768f5e5609dc8d88b0c,True,1790,906,372,534,41.1,0.33,-11391.05,13,1781889382084,1783936429499,23.7,-1256.19,0.11,0.0,0,0.0,,False,True,False
0x5e3ebe242a4b49a8e7eeb9a64e967e67b95f97f8,True,2000,811,217,594,26.8,0.13,-111978.27,2,1781972102046,1787692058123,66.2,-8532.82,0.076,0.0,0,0.0,,False,True,False
0x5e54e19114a691754ea760453997ce30812c2bbf,True,2000,976,383,593,39.2,0.26,-312950.5,27,1777314334013,1788455334096,128.9,-69180.58,0.221,0.0,0,0.0,,False,True,False
0x5e6732a1393a74410322f0e388be6ea3623547fc,True,2000,925,381,544,41.2,1.21,5547.25,19,1780931704888,1787961600069,81.4,-2281.79,0.411,0.0,0,0.0,,False,False,False
0x5e7ad42187e083fc7615b689650b7b3b46ce4214,True,2000,1062,170,892,16.0,0.02,-71607.4,5,1788025183199,1788196684565,2.0,-4045.5,0.056,0.0,0,0.0,,False,True,False
0x5e977762d8e6bc74654abba4ed2dbc63fde47e99,True,2000,989,347,642,35.1,1.16,4137.68,10,1778518668560,1785505320275,80.9,2346.73,0.567,0.0,0,0.0,,False,False,False
0x5eaac7c475b1fad85701f02c4e9e796a53f94bd5,True,2000,1123,556,567,49.5,1.13,967.98,1,1788510173191,1788788018139,3.2,837.21,0.865,7206.429233,2,-73.06,-1.0,False,True,False
0x5ebeee34d3309462b8a59e12a4566afc9fc16aae,True,2000,1522,658,864,43.2,0.27,-13159.13,4,1760294303223,1780439069213,233.2,-4127.21,0.314,3448.254754,1,1758.21,51.0,False,False,False
0x5ed172c3b6226111a4a79413f3168f8569f984f4,True,915,440,247,193,56.1,3.38,17523.45,16,1775316464596,1784090706756,101.6,1006.37,0.057,0.0,0,0.0,,False,False,False
0x5ee26623c9ba9551617e4047df2793679ce82093,True,2000,834,358,476,42.9,0.63,-19853.77,42,1751038771510,1788732524613,436.3,2011.0,0.101,2131.843572,1,-644.35,-30.2,True,True,True
0x5ef3d4f41791f0b9f1cee6d739d77748f81fca3a,True,2000,1045,262,783,25.1,0.48,-33531.57,24,1756387788959,1788138545529,367.5,-3411.76,0.102,4703.403635,2,-650.97,-13.8,True,True,False
0x5f0bac5966861ae717ae6dd3072ebf790746f77d,True,69,54,54,0,100.0,inf,1555.62,1,1780592744652,1780598004256,0.1,511.0,0.328,0.0,0,0.0,,False,False,False
0x5f1eaf173d4bbc4d8f2a0bcd492964ce09055231,True,2000,1110,464,646,41.8,0.46,-132866.65,9,1758661141199,1780522887005,253.0,-78274.84,0.589,0.0,0,0.0,,False,True,True
0x5f3a4876d44c78c4acfff2dbee20eb38ef827c62,True,2000,905,581,324,64.2,0.24,-90159.99,26,1778414266479,1788782787523,120.0,-45501.63,0.505,1776.172368,1,-921.33,-51.9,True,True,False
0x5f4c3cc22fa622b8f8594748ddc495d3c8a0e5da,True,2000,896,875,21,97.7,4.97,25720.39,2,1779377573503,1781598823952,25.7,1289.37,0.05,0.0,0,0.0,,False,False,False
0x5f660ad60c5e31f2d22311073af977fd5051b1f7,True,2000,1004,670,334,66.7,1.7,19049.17,41,1760652630186,1788656643003,324.1,-4954.56,0.26,7383.972092,1,690.03,9.3,False,True,False
0x5f7bb97b54247c753560f0e5317fd6944d28de4b,True,496,279,147,132,52.7,0.28,-19747.98,3,1782666088766,1783073221081,4.7,-6590.12,0.334,178538.531931,1,104539.39,58.6,False,False,False
0x5f8e50be79880b16bd75ebdab8638170511a0b5f,True,2000,607,607,0,100.0,inf,53.83,10,1788601161216,1788788097610,2.2,0.26,0.005,4841.689873,9,345.94,7.1,False,False,False
0x5fa2b90b9a2c3f8ba967e11fde5c25e54472c7bc,True,2000,879,381,498,43.3,0.5,-1786.2,29,1767029397150,1786927166270,230.3,-379.09,0.212,0.0,0,0.0,,False,False,False
0x5fb5f41a6b647a82de558ec5653aae8a54da75d8,True,807,375,165,210,44.0,0.99,-117.44,41,1764042582540,1787968104571,276.9,1359.38,11.575,0.0,0,0.0,,False,True,False
0x5fd12312021934ddb6b5e49a3b538fb350e2269e,True,798,381,66,315,17.3,0.83,-200.84,6,1787737375374,1788787821880,12.2,-164.78,0.82,1481.273626,2,-48.39,-3.3,False,True,False
0x5fec65e4820f2eba31c5f70a19e1035be0998585,True,2000,849,432,417,50.9,0.49,-13246.37,14,1784462143120,1788454491086,46.2,-1859.72,0.14,0.0,0,0.0,,False,True,False
0x5ff87b1229cbff25a39230411368dfc619a7b992,True,823,376,106,270,28.2,1.1,667.6,7,1782628679199,1788782146320,71.2,1018.5,1.526,0.0,0,0.0,,False,True,False
0x600330449a73755fb4d7f82250938ab0bd7c5596,True,2000,826,591,235,71.5,0.2,-44038.8,5,1786788783153,1788786629450,23.1,-6421.6,0.146,0.0,0,0.0,,False,True,False
0x602aa01f018cecf4c9975094987dbd6aa0311118,True,2000,1075,532,543,49.5,1.15,11075.56,12,1775958644494,1788704893428,147.5,10761.92,0.972,0.0,0,0.0,,False,True,False
0x6049ddfd35e4d9098a6367e36023f2a36792b642,True,2000,1009,720,289,71.4,0.83,-2613.62,7,1770478369717,1785345080190,172.1,-853.64,0.327,0.0,0,0.0,,False,True,False
0x605fcdd348ccc60bc8ba7b4c51a9fe5146508011,True,2000,887,739,148,83.3,9.01,25365.04,47,1716387465209,1786752000032,814.4,6827.69,0.269,0.0,0,0.0,,False,False,False
0x607c00f6277b992f16d2c38ca4447fdeab2b0cb8,True,1332,492,311,181,63.2,1.73,10950.56,32,1761840455572,1788771272664,311.7,3470.58,0.317,117093.56693,12,30579.02,26.1,False,True,False
0x60931f62c4a80623df942d0e88feb34c67bcff13,True,2000,950,743,207,78.2,2.61,20748.78,43,1738004969232,1788672777018,586.4,2859.97,0.138,20.263867,1,30.55,150.7,False,False,False
0x60ada1b25c46587d1774122ede882be9b9317d72,True,2000,888,807,81,90.9,15.61,40013.14,6,1787368234445,1788505224921,13.2,7739.19,0.193,0.0,0,0.0,,False,True,False
0x60c0478b4e1cf66484ea83f133b94b35c046909b,True,2000,1069,839,230,78.5,0.86,-1681.5,2,1747380676981,1787582209642,465.3,-502.91,0.299,0.0,0,0.0,,False,True,False
0x60ce79cefca96e1dbc88c25e010d0d84f9793e3f,True,2000,1098,660,438,60.1,1.47,16225.99,16,1767287151263,1773958237004,77.2,6821.4,0.42,0.0,0,0.0,,False,True,False
0x60dd844738a91e63b8ad279780ca92e2ee020f3e,True,1687,932,530,402,56.9,0.67,-27023.97,3,1734636375725,1784529007090,577.5,-9109.86,0.337,0.0,0,0.0,,False,True,False
0x60f7afd3ec9827cfe5ed285b57d2dbf9c1163772,True,2000,887,434,453,48.9,1.03,567.62,7,1784126363035,1788788142170,54.0,-4243.99,7.477,3436.150501,2,89.78,2.6,False,False,False
0x610b8dd6b392d010c2b6ad8d121dfc09524cb613,True,2000,181,157,24,86.7,3.26,40864.94,4,1788132572909,1788752316560,7.2,-9419.51,0.231,3597316.409331,3,386985.9,10.8,False,False,False
0x6119fb6fee9a60e4db4f0b3a11d348d484286e89,True,681,241,78,163,32.4,0.68,-1100.38,3,1781715395508,1788632271287,80.1,-636.19,0.578,46.937668,1,10.35,22.0,False,False,False
0x6136a87cbc3a7d843d803c06d1f0307d716c9d17,True,187,104,32,72,30.8,3.5,4025.5,10,1787151045309,1788782324806,18.9,1258.25,0.313,186.687024,1,-18.57,-9.9,True,True,False
0x6146941fb74fd12dbc4af1fed48898081cf3b5f5,True,2000,917,411,506,44.8,1.07,2302.47,13,1760285178134,1785844767917,295.8,7774.48,3.377,0.0,0,0.0,,False,True,True
0x6155676ce4002b70a8f3a258c77213767ab62676,True,2000,1070,370,700,34.6,0.53,-69208.5,12,1752789291177,1787818202524,405.4,-9061.04,0.131,0.0,0,0.0,,False,False,False
0x616f5d5db5cf8d98a8554c84492bce764c7f09b1,True,2000,1134,360,774,31.7,0.56,-15492.24,3,1783086954785,1784078831655,11.5,-2968.53,0.192,0.001308,0,0.0,0.0,False,False,False
0x6187821ed93d0f4ef72aa20a9924a61d726f6833,True,2000,1026,477,549,46.5,1.17,3027.57,8,1787666648256,1788782707083,12.9,2035.48,0.672,31375.24618,4,17338.63,55.3,False,True,False
0x61ab5b84444ab5c2290073a16061450c51279ff9,True,386,123,89,34,72.4,0.67,-14080.34,15,1760363524330,1779305432786,219.2,-30934.39,2.197,0.0,0,0.0,,False,True,False
0x61c4a9107de33e75ed6fe29550ae2cc29ced2264,True,2000,1211,402,809,33.2,0.62,-10862.14,4,1787664353662,1788216049660,6.4,-1258.99,0.116,0.0,0,0.0,,False,False,False
0x61da130c5e2f2eef04820d4b6b6531a09b8828a9,True,381,104,97,7,93.3,22.19,4458.07,20,1763718537423,1787338307316,273.4,739.73,0.166,22728.921195,4,-5396.19,-23.7,True,True,False
0x61f3453789111906cd6b21b94733afb4dd8d60eb,True,201,97,97,0,100.0,inf,1021.23,3,1786111908082,1788031870297,22.2,196.52,0.192,0.000495,0,0.0,0.0,False,False,False
0x620c884071020a75b7e585a94b34da844e761674,True,2000,915,543,372,59.3,0.24,-93335.95,1,1779979590507,1780640513924,7.6,-15428.16,0.165,0.0,0,0.0,,False,True,False
0x622ba9e3eac7ce1bd26e1cb2260aefbc0c3cdbc3,True,2000,929,503,426,54.1,1.04,14.37,40,1788756055130,1788788365453,0.4,-5.9,0.41,16720.556844,51,-277.92,-1.7,False,False,False
0x62410b786ba8349c7760c394bac86490fe2d0a15,True,2000,800,340,460,42.5,1.18,2319.42,30,1757415228378,1783418061097,301.0,1182.86,0.51,0.0,0,0.0,,False,True,False
0x625ceba7f2fa59a6b10cfaed5c54ebf3cd0501f6,True,2000,704,242,462,34.4,1.53,18127.04,12,1766404893796,1788722638203,258.3,11281.99,0.622,87338.853364,1,165273.25,189.2,False,False,False
0x62812c21e8551cb5c2adcb4d11d1bc7d26adb063,True,1424,631,417,214,66.1,1.16,5204.66,17,1756570002488,1788780968442,372.8,-6209.25,1.193,0.0,0,0.0,,False,True,False
0x629775f185e8a88ee5af43c554adb48043b94677,True,2000,903,526,377,58.3,0.67,-5776.91,26,1737196742356,1788457073228,593.3,-1437.03,0.249,966.347705,1,-106.62,-11.0,True,False,False
0x62b4a669c658ab2483cea1c0bab5eed6db75b0bd,True,632,304,114,190,37.5,0.55,-25363.5,2,1773250142849,1788496345627,176.5,-6719.77,0.265,48021.119269,1,1046.61,2.2,False,False,False
0x62d6c2a9c38408af818cef1613e4f75b74b0bab8,True,112,67,10,57,14.9,0.02,-1835.18,7,1756394397938,1781568527786,291.4,-608.68,0.332,0.0,0,0.0,,False,True,False
0x62ec22705e21e7e302908a358d00f2b728fbcda5,True,906,460,347,113,75.4,2.14,1880.43,8,1777479574671,1778626926896,13.3,671.33,0.357,0.0,0,0.0,,False,False,False
0x63088e34cc6440e93c9c2bba1f369ae953941a85,True,765,457,123,334,26.9,1.78,15658.53,2,1777271681621,1788091549217,125.2,-2132.02,0.136,33497.268501,1,-6118.01,-18.3,True,True,False
0x632385ea9c1ee96087b40027610bd9949ce3ba84,True,1646,760,343,417,45.1,0.83,-3563.45,3,1765271949254,1787153260600,253.3,-1778.0,0.499,0.0,0,0.0,,False,True,False
0x63416345f6396413426765c9aad0373e411fe24d,True,1757,939,642,297,68.4,1.08,3467.33,18,1753348913509,1788725197793,409.4,-3669.75,1.058,0.0,0,0.0,,False,True,False
0x63579d0f55c7652799cea30c72c9829bed1945f4,True,407,214,13,201,6.1,0.0,-2085.41,1,1781855039254,1781881643656,0.3,-253.1,0.121,0.0,0,0.0,,False,False,False
0x63689e36527199c851f69b26e3139c4eda47502c,True,2000,1009,467,542,46.3,1.09,1273.3,9,1774273794904,1779321600086,58.4,1382.76,1.086,0.0,0,0.0,,False,False,False
0x6382035ae6901eabc15d41ca70d22df6b47a8087,True,943,470,216,254,46.0,1.33,693.68,13,1770789872791,1780274601317,109.8,-303.45,0.437,0.0,0,0.0,,False,False,False
0x639c8d8744f66b1cf9ff9a5776d92b9e498a9aa9,True,2000,990,727,263,73.4,2.45,13460.92,1,1781765433753,1788782737819,81.2,1631.7,0.121,37243.157933,1,77.57,0.2,False,True,False
0x63adc1f89db7572d7a3e94f67e055490ccd7e81c,True,363,196,143,53,73.0,2.93,5861.59,22,1748623804507,1788566400005,462.3,1279.95,0.218,0.0,0,0.0,,False,False,False
0x63c76d32f486b59722b35214d891068e5a214a7b,True,2000,959,357,602,37.2,1.38,11613.22,9,1780160964418,1786054430900,68.2,2653.5,0.228,0.0,0,0.0,,False,True,False
0x63d54c4f32f74a4a7cf30919753c4468697cd7ac,True,2000,982,368,614,37.5,0.27,-29420.87,6,1779305256396,1779919259921,7.1,-2828.6,0.096,0.0,0,0.0,,False,False,False
0x63ed9fa88d0b3d90985b4218ae386f0c27fe38a5,True,2000,1026,535,491,52.1,1.11,1639.93,6,1782331544763,1782921813985,6.8,-2678.23,1.633,0.0,0,0.0,,False,False,False
0x6405b35656606096e08ddcf9ed5559d7870f0007,True,2000,1064,417,647,39.2,0.53,-16855.8,17,1772263496441,1788658036901,189.8,-3842.01,0.228,24717.58076,4,1564.41,6.3,False,True,False
0x641edd3f198101eb13ce9228a415cbf02b62b6c8,True,2000,2000,2000,0,100.0,inf,7139.36,1,1788768321002,1788771977749,0.0,110.6,0.015,639144.465037,15,-681204.54,-106.6,True,False,False
0x64343e632b679a5caef6bf0fb56c4f665fa8bf33,True,2000,969,327,642,33.7,1.08,1830.02,1,1787319013648,1788534483076,14.1,1029.43,0.563,0.0,0,0.0,,False,False,False
0x644db5aaaf1c7204b15e7afdd04def1e70b88b81,True,1208,571,322,249,56.4,0.74,-2587.18,16,1771628751679,1776805186792,59.9,-1100.55,0.425,0.0,0,0.0,,False,False,False
0x6465599be194371e842d7c35a1d72ea1318e4137,True,2000,957,274,683,28.6,0.61,-28022.44,30,1759843819761,1785181178076,293.3,-5252.63,0.187,0.0,0,0.0,,False,True,False
0x64725e9364c374fbcbcdb2a3e89f2174ceb1860b,True,564,275,100,175,36.4,1.23,902.31,12,1763154408318,1788464499826,292.9,1180.58,1.308,271.214427,1,32.26,11.9,False,True,False
0x6482157aeea4f5da12b44b29478254e7578326c1,True,1835,880,107,773,12.2,0.67,-1898.2,6,1774606958384,1774873142368,3.1,574.7,0.303,0.0,0,0.0,,False,False,False
0x649b2718840b5e43f962691c2a2c070b44c0e65c,True,2000,1146,459,687,40.1,0.51,-5457.17,82,1788669434430,1788788376035,1.4,-337.33,0.062,444885.799701,140,-41522.31,-9.3,True,True,False
0x64ad300b06b2a9916781b22c04aaedb56baa01d3,True,2000,1205,636,569,52.8,1.82,5232.1,9,1783790016813,1788725402577,57.1,-867.08,0.166,0.0,0,0.0,,False,False,False
0x64bf5e5eab30582f611fbc8df3c79b778b7fe538,True,2000,969,309,660,31.9,1.01,48.98,7,1746110802268,1787367903005,477.5,262.58,5.361,0.0,0,0.0,,False,True,False
0x64df7af696e0977771a0e1e1b1a8dd22ded3cf4b,True,2000,988,759,229,76.8,1.72,11399.51,31,1736086267752,1788760698894,609.7,8115.12,0.712,0.0,0,0.0,,False,True,False
0x64ed35b45b107a615c749706a30965aa64b5731b,True,415,260,126,134,48.5,1.19,1589.13,5,1776367647283,1780942844307,53.0,3601.78,2.267,0.0,0,0.0,,False,True,False
0x6518f7f5b3513d9df411ad87369cc7c058957acf,True,453,251,169,82,67.3,4.55,3415.45,4,1787253094030,1787898402068,7.5,545.71,0.16,0.0,0,0.0,,False,False,False
0x652f47a27bc09952251855cbd0fd7a3867536331,True,2000,1019,612,407,60.1,2.05,49673.01,8,1786976814108,1788788402313,21.0,5825.88,0.117,71364.37534,3,-10987.68,-15.4,True,True,False
0x6543abedd1cb080808f6efd08b924fa217d2fdb0,True,868,450,69,381,15.3,0.42,-307.28,2,1779215712507,1788549766309,108.0,-88.9,0.289,0.0,0,0.0,,False,True,False
0x6555e1cc97d3cba6eaddebbcd7ca51d75771e0b8,True,2000,1969,328,1641,16.7,0.0,-3138123.4,4,1763590307085,1782195050004,215.3,-2376667.07,0.757,2797965.12527,5,-5399282.96,-193.0,True,False,False
0x65603c42e1a3a83f6a123671d97653d482003b0a,True,461,199,141,58,70.9,0.68,-1899.76,7,1779376691526,1780516346638,13.2,-1347.53,0.709,0.0,0,0.0,,False,True,False
0x657ac8b4d1573d2b4eb844e99100f380f884d71b,True,2000,940,531,409,56.5,0.89,-1419.67,28,1783621310086,1784140370361,6.0,-1963.28,1.383,0.002461,0,0.0,0.0,False,True,False
0x658d4af927c09d26a064a76fac165b472842c57a,True,1267,628,336,292,53.5,1.31,11429.47,36,1748912814064,1781411853225,376.1,-5946.24,0.52,0.0,0,0.0,,False,True,False
0x65aee08c9235025355ac6c5ad020fb167ecef4fe,True,2000,1463,478,985,32.7,0.27,-26743.28,21,1787612896013,1788766877911,13.4,-470.38,0.018,250549.662856,19,-30173.11,-12.0,True,True,False
0x65c252c410276e7aeb86154acf218b7ea6ca1ecf,True,2000,955,554,401,58.0,4.13,146186.23,26,1770355780701,1787643383603,200.1,16910.33,0.116,0.0,0,0.0,,False,True,False
0x65d634b03ac9d0b2b959e4f9251c48efc9501698,True,1952,868,466,402,53.7,0.23,-15328.2,26,1747883161403,1787442614516,457.9,-3151.87,0.206,0.0,0,0.0,,False,True,False
0x65ec6b1f62cbeb772ceb8cdb178b151f92602411,True,2000,987,660,327,66.9,1.44,20327.03,4,1768821504187,1788533363262,228.1,-6357.01,0.313,0.0,0,0.0,,False,True,False
0x65fb0c90a48c687496f4d12dca09243c3dbb8e8c,True,2000,1000,480,520,48.0,0.96,-1986.44,25,1780237227223,1788480000030,95.4,6560.68,3.303,0.0,0,0.0,,False,False,False
0x661727b1952dfbcddc59767302fe42efe41a4f50,True,739,151,103,48,68.2,0.52,-41147.46,2,1773756840821,1787490170666,159.0,-7861.2,0.191,239873.044065,1,-592377.7,-247.0,True,True,False
0x6628068ebd760aa4cf103329db4d0bddfd6fc117,True,2000,1186,259,927,21.8,0.24,-123135.59,8,1770626685429,1779321600086,100.6,-17451.59,0.142,0.0,0,0.0,,False,False,False
0x66362b929c1a9aaf14c51aab9b455ad7fb8268c4,True,2000,1061,124,937,11.7,0.06,-82544.56,2,1775403976609,1780658885384,60.8,-4219.32,0.051,0.0,0,0.0,,False,True,False
0x66469c8a7d83cf953460c438e483c7ed334b63e2,True,2000,648,175,473,27.0,1.22,2004.72,3,1785876284095,1788743781899,33.2,-1329.73,0.663,0.0,0,0.0,,False,True,False
0x6661454c3e3746ef864f1166bb0836902d80e454,True,2000,992,545,447,54.9,0.64,-9162.61,22,1773136975050,1777791761691,53.9,3070.8,0.335,0.0,0,0.0,,False,True,False
0x66778547fc5b3e2b2e9cecb943f560d49efb171c,True,2000,904,561,343,62.1,0.68,-17235.27,3,1783400779855,1784276592476,10.1,-5969.81,0.346,0.0,0,0.0,,False,False,False
0x668d61c2c57534036676a12df702937da5ceac68,True,2000,1284,444,840,34.6,0.96,-1836.08,3,1772468359201,1788553438670,186.2,3641.25,1.983,43640.02265,1,5929.86,13.6,False,False,False
0x669e70916bb6b692774dc2ff369ae5bbbedd9b6a,True,2000,898,179,719,19.9,0.98,-316.66,15,1772209096408,1788639650293,190.2,2882.44,9.103,0.0,0,0.0,,False,True,False
0x66aec3752ac8c7e817708ea13a40942dd31b0a30,True,2000,1150,584,566,50.8,0.72,-111.88,120,1788786600057,1788788725830,0.0,-20.96,0.187,40870.604397,87,-86.35,-0.2,False,False,False
0x66c1cccec839a094005881d4f6faa4efeba3b2c6,True,2000,1084,696,388,64.2,0.77,-27660.74,5,1773254417026,1787347826308,163.1,-24477.0,0.885,0.0,0,0.0,,False,True,False
0x66d4558facc464930f274df992af771b7b0b3c0a,True,2000,537,382,155,71.1,1.05,2164.6,12,1757351193912,1787363942788,347.4,-17864.7,8.253,0.0,0,0.0,,False,True,False
0x66f53c70727a47b1adccb84fcd653d76461edfe6,True,2000,1951,283,1668,14.5,0.0,-351061.76,2,1787245562999,1788697890989,16.8,-1782.65,0.005,613941.1556,1,-2114597.64,-344.4,True,False,False
0x67071d0e58b30bd3f0927ea6055924c28b7c7860,True,2000,988,324,664,32.8,0.76,-347.91,52,1784622557974,1788775305494,48.1,-60.27,0.173,13227.794294,50,1573.5,11.9,False,False,False
0x672a2a1669080f03d77cd28c514aa06322e9762d,True,1868,1016,234,782,23.0,2.82,55470.15,5,1773325735734,1786832702485,156.3,14425.51,0.26,0.0,0,0.0,,False,False,False
0x6738f79e40930ab7a104d9ddcf77bde3c855f84c,True,2000,859,428,431,49.8,0.83,-1784.22,8,1763410198840,1775024858126,134.4,-865.13,0.485,0.003545,0,0.0,0.0,False,False,False
0x67577b3e7a86ff2f93d14033717c9c4391afd032,True,2000,811,434,377,53.5,1.06,503.23,20,1771588373919,1788788470791,199.1,-667.64,1.327,362.869282,1,-57.55,-15.9,True,True,False
0x676dd981280b3c5071a8da17c8c35b0f42112dbe,True,203,128,90,38,70.3,0.8,-450.1,4,1774575490399,1777766571979,36.9,-1453.33,3.229,0.0,0,0.0,,False,False,False
0x677ed607aa4ac0baac28a59ea0dee04baf6473ed,True,2000,1056,633,423,59.9,1.21,14399.11,25,1755011623905,1788635027502,389.2,-10936.69,0.76,0.0,0,0.0,,False,False,False
0x67a060c35f9902ae6a019645f1ff3f04ac5c0ede,True,2000,926,748,178,80.8,2.96,119926.76,10,1788125612708,1788479460773,4.1,7877.42,0.066,95400.899487,1,-2936.9,-3.1,False,True,False
0x67bc6b311245c131f6abcbb7274f26f838e36b3f,True,494,249,232,17,93.2,20.92,17574.38,5,1765358706958,1782821592386,202.1,1701.15,0.097,0.0,0,0.0,,False,False,False
0x67ce9065db53067d1b290bf472f3b07f781da104,True,2000,835,107,728,12.8,0.36,-50165.01,1,1787847204600,1788658578525,9.4,11902.0,0.237,2061433.706191,1,2520.79,0.1,False,True,False
0x67f2c402b353cdc0fddb48c5600e279eb9644e17,True,2000,924,308,616,33.3,0.75,-3101.99,7,1787388229741,1788553915594,13.5,907.97,0.293,0.0,0,0.0,,False,False,False
0x6802b4267f7f2bf7003dcf993c51542245b38329,True,2000,1222,901,321,73.7,0.9,-12.22,3,1788450676533,1788788682397,3.9,-2.65,0.217,9931.703351,3,4.11,0.0,False,True,False
0x680cc65a1b136f6e595210db6858b2c340d519ee,True,2000,1079,522,557,48.4,1.16,1864.26,4,1780602700210,1788781642282,94.7,2366.98,1.27,3560.256851,2,147.24,4.1,False,False,False
0x68292357e9b0b35e08861ccdb53290bdb92999c5,True,897,413,209,204,50.6,0.35,-13345.91,50,1696741094572,1788337415522,1060.1,-9668.8,0.724,0.0,0,0.0,,False,True,False
0x6845dc0f870c7bb80bf47af4e41dc7efa54aedd5,True,2000,1196,630,566,52.7,0.11,-34859.69,12,1782890561629,1787009248606,47.7,-4498.94,0.129,0.0,0,0.0,,False,True,False
0x6867a0e51e4a9717ea52b95977e8416dbee5fa6c,True,2000,826,419,407,50.7,1.45,7681.41,54,1776307969111,1788740852273,143.9,-3972.82,0.517,2437.958045,2,292.17,12.0,False,True,False
0x687feda45b6847763f5bf5c01a2f6c1a3d727f5c,True,2000,1585,308,1277,19.4,0.33,-142022.53,4,1776622234205,1776639625253,0.2,-9926.26,0.07,0.0,0,0.0,,False,False,False
0x6892825e99c5ae0caed6748c4e9fffa094e795d1,True,2000,708,526,182,74.3,1.12,2193.48,35,1776175103673,1788660063615,144.5,-4496.17,2.05,6861.315201,8,116.39,1.7,False,True,False
0x68a68ea09f8664fac750090e6006de18e282d333,True,2000,1091,310,781,28.4,1.12,1938.9,18,1780114909181,1786662442984,75.8,5084.02,2.622,0.0,0,0.0,,False,False,False
0x68c0ebe0968ebbbc5e3701d98e38a9dea096bea7,True,2000,960,333,627,34.7,0.8,-1906.19,12,1781235139354,1788788877562,87.4,-471.86,0.248,746.567682,1,3.05,0.4,False,True,False
0x68c920adb17b111c53dd5ec42f4538ad16560347,True,734,305,122,183,40.0,0.54,-4482.34,15,1784782887384,1788133565130,38.8,-913.87,0.204,0.0,0,0.0,,False,True,False
0x68e19be16c57b62661f3b0a89ba29ac98cd4950d,True,2000,1067,378,689,35.4,1.01,58.29,10,1777963030805,1785735753508,90.0,401.26,6.884,0.0,0,0.0,,False,True,False
0x68f1c65d362cdec95aaee727eeea2577c6bc3647,True,2000,929,288,641,31.0,0.48,-72623.27,11,1776762511563,1787733228642,127.0,-9927.32,0.137,21761.861197,1,-15970.76,-73.4,True,True,False
0x690560f6767aa9fd8128a5fe044283eaab2e993a,True,2000,866,484,382,55.9,1.79,8501.08,32,1778514613857,1788515510079,115.8,1126.69,0.133,3861.374739,1,68.96,1.8,False,True,False
0x691b8956df03191393f23a752bdec58bb2b535a2,True,389,219,131,88,59.8,1.19,1302.37,3,1769804889105,1782946225922,152.1,-4437.15,3.407,0.0,0,0.0,,False,True,False
0x69443708e5135532d435b7d1a3b7e6bdc481a800,True,2000,1033,646,387,62.5,0.74,-2258.51,22,1787933930671,1788779477789,9.8,542.05,0.24,63478.305325,0,0.0,0.0,False,True,False
0x696adb8693ed15f14f8a80bb4f9fe061f58868db,True,2000,948,294,654,31.0,0.88,-1917.88,41,1781624811210,1783549807000,22.3,3609.69,1.882,0.0,0,0.0,,False,False,False
0x697bc3dd77539fa84156d0e1c95287ea5524fd6b,True,2000,1094,751,343,68.6,0.57,-15449.7,34,1783690636752,1788766859137,58.8,-2538.31,0.164,76322.129502,11,-5903.65,-7.7,True,True,False
0x698ba0d757586aae130833ecf580a5525e0f87b1,True,574,269,77,192,28.6,1.67,20270.78,47,1775998669013,1784061574646,93.3,7972.0,0.393,0.0,0,0.0,,False,False,False
0x699a715a5145128a7f60933045d61b39f2930ab7,True,1122,545,233,312,42.8,0.87,-1622.98,2,1736604215212,1788625875706,602.1,1390.61,0.857,0.0,0,0.0,,False,False,False
0x69bf40762f912405a4f30a625631a93c85166f84,True,2000,884,470,414,53.2,1.47,14265.36,26,1778021582888,1787861481951,113.9,-2621.11,0.184,0.0,0,0.0,,False,True,False
0x69d05f8f264252721f75125051939e0c2bda1e61,True,1592,861,404,457,46.9,0.57,-52215.11,2,1782481360283,1788733023875,72.4,-5145.21,0.099,105449.846047,1,4775.14,4.5,False,False,False
0x69ea456ebcb939602599d756be433508209cac4e,True,769,343,234,109,68.2,0.41,-40777.75,4,1787155797515,1788705262443,17.9,-22750.96,0.558,4166.096383,1,-607.52,-14.6,True,True,False
0x6a013b21c31b06387ea660e863f7cc4315abfbcc,True,1208,481,354,127,73.6,1.59,15018.23,10,1764322549492,1788158364221,275.9,-3363.32,0.224,0.0,0,0.0,,False,False,False
0x6a1b2d53ce2e5907dc4049f66bb2e8fca88493dc,True,1736,1013,636,377,62.8,1.9,4037.83,8,1770642132908,1778077025471,86.1,601.67,0.149,0.0,0,0.0,,False,True,False
0x6a2cec2bda4749f113676bd9a5f3e64277260efd,True,2000,1148,393,755,34.2,0.66,-19524.42,23,1788047394211,1788778973360,8.5,4632.23,0.237,112446.467362,21,-9898.31,-8.8,True,False,False
0x6a4590697be32f65757d1fd480716a73961404fd,True,2000,935,441,494,47.2,1.75,17736.48,37,1783977600819,1788786972718,55.7,1969.47,0.111,7077.536213,5,-1053.5,-14.9,True,False,False
0x6a56d5665bae79056207c8605c7fa5421737711b,True,2000,1232,353,879,28.7,0.68,-2784.8,3,1772550107287,1775157136513,30.2,-468.66,0.168,0.009568,0,0.0,0.0,False,True,False
0x6a68bdf47cf252f1d8feb5b43449154bb424a461,True,484,292,93,199,31.8,0.51,-1716.43,12,1724794464745,1775396184998,585.7,-341.59,0.199,0.0,0,0.0,,False,True,False
0x6a7a60efb69bed3bf05ab29921cb579481f4244f,True,2000,953,241,712,25.3,1.83,14365.42,5,1774004063122,1775661272742,19.2,3537.97,0.246,0.0,0,0.0,,False,True,False
0x6aa3b1a5563a7011cf5e08e17e0dcfa901baa7c6,True,594,313,185,128,59.1,0.45,-26730.34,24,1734111194569,1788702744161,631.8,-15248.76,0.57,6664.870537,1,1723.43,25.9,False,True,False
0x6ab2c3c63f9162a8da2b99117efad9f417c2a312,True,2000,824,583,241,70.8,1.92,87344.05,5,1776038065311,1788660593580,146.1,-11936.7,0.137,59433.987369,5,22569.68,38.0,False,False,False
0x6ac2932fc273326f368e1608abcf7d4078d5c86a,True,454,250,197,53,78.8,0.72,-30840.31,1,1763731089164,1788628811917,288.2,-10941.06,0.355,100717.676115,1,-113542.92,-112.7,True,False,False
0x6adc6084b9765e0130a3cbff02af6f11edb0072d,True,2000,786,752,34,95.7,33.59,30179.11,7,1785855787639,1788732465111,33.3,1831.38,0.061,34533.005675,1,-9779.59,-28.3,True,False,False
0x6af6660ed5ecbfa39db3d6bf23e17bd426a183ce,True,2000,1155,154,1001,13.3,0.09,-220409.31,18,1765459751139,1774208631301,101.3,-8418.31,0.038,0.0,0,0.0,,False,False,False
0x6b06da993b1f12d82463fec75006913f98499b7c,True,2000,1108,1108,0,100.0,inf,31130.97,15,1787884485308,1788788210685,10.5,1034.63,0.033,369032.438275,4,-82985.27,-22.5,True,True,False
0x6b25245f600e2e9ef91d4aaf851f4f6677721b2d,True,2000,1004,722,282,71.9,0.9,-2275.24,30,1788132573471,1788779180942,7.5,-1386.86,0.61,25890.479042,6,-5023.08,-19.4,True,True,False
0x6b3c60d53250019d13927694e50c6483a7f8a413,True,927,307,154,153,50.2,0.94,-1085.72,31,1737203333662,1788685116656,595.9,2127.65,1.96,6146.526163,3,-2041.59,-33.2,True,True,True
0x6b5d94030facc62668a841e5ec8fb5535f554e08,True,2000,1107,468,639,42.3,0.39,-76137.15,15,1749854951783,1788471407697,446.9,-8806.65,0.116,3737.107482,1,705.53,18.9,False,True,False
0x6b80d099e7f78c9eb981691974c5326110975a95,True,1672,808,383,425,47.4,1.06,1093.98,16,1750339945675,1779577633170,338.4,2517.63,2.301,0.0,0,0.0,,False,False,False
0x6b99cce3c492f0e5d0d089a3364145afa673adfb,True,2000,912,479,433,52.5,1.08,7979.23,17,1776507194235,1788285969525,136.3,-6181.02,0.775,0.0,0,0.0,,False,False,False
0x6ba2ad09aa6629a423b59b71f3564d84ce66c001,True,2000,868,238,630,27.4,0.17,-294.94,33,1788768026005,1788789121720,0.2,-3.53,0.012,0.002048,0,0.0,0.0,False,False,False
0x6bb4a1472227bc9e85fa9b405ff824d1d5aff974,True,2000,1014,494,520,48.7,1.04,319.53,6,1773978736232,1788738167107,170.8,-282.79,0.885,465.738169,1,140.78,30.2,False,True,False
0x6bc443fafe325f3b9d1cb10f7b07f2705067e759,True,2000,1089,1008,81,92.6,8.91,205836.6,10,1781119330057,1787592730967,74.9,25501.66,0.124,3905.771299,7,2525.47,64.7,False,False,False
0x6bd64fceacc328b623f1ba3974fcc06cf046db6e,True,2000,969,549,420,56.7,0.53,-2755.74,46,1768601446776,1777486611286,102.8,-326.76,0.119,0.0,0,0.0,,False,True,False
0x6beae82897c5591cbea03aefcee21d643c3ee709,True,2000,954,750,204,78.6,1.42,18444.75,5,1780427937800,1782433585229,23.2,2494.71,0.135,0.0,0,0.0,,False,False,False
0x6bfad7cc29b2854df51dbaed638435c95a257f60,True,2000,1047,201,846,19.2,0.42,-17891.41,7,1785354461580,1788525102409,36.7,-1558.36,0.087,0.0,0,0.0,,False,True,False
0x6c0f1f1e73a98435494ddd5ff1e62f2dfbd03a62,True,2000,1233,492,741,39.9,0.15,-168463.33,1,1771177523914,1774620452269,39.8,-31907.21,0.189,0.0,0,0.0,,False,True,False
0x6c270f8f546a063495eba664b7668efdcb65b2d9,True,2000,1070,400,670,37.4,1.08,387.84,24,1773115145420,1788423506289,177.2,592.79,1.528,0.0,0,0.0,,False,False,False
0x6c51d544c1ac203148484b35e8d0e741cfb67dce,True,953,496,351,145,70.8,0.63,-7503.54,20,1735744039485,1782308607317,538.9,-5345.16,0.712,0.0,0,0.0,,False,True,False
0x6c7828e531ad3e17f68d422a26ee50e705498051,True,1151,509,197,312,38.7,1.0,0.9,8,1738702927157,1775850099605,429.9,-488.79,544.113,0.0,0,0.0,,False,False,False
0x6c903e6446be0535f2c21ef29d3ea27133efcb22,True,2000,798,294,504,36.8,1.24,2676.56,25,1787718027074,1788742504490,11.9,-1226.6,0.458,0.0,0,0.0,,False,False,False
0x6cb458bbd02036df39c79112460c7761bab66c33,True,124,49,31,18,63.3,0.05,-5385.42,4,1768348899987,1787063226313,216.6,-5523.08,1.026,0.0,0,0.0,,False,False,False
0x6cc3a15e11f7c3af621b1af89c39a9608b5a5065,True,2000,1058,447,611,42.2,2.17,101654.82,13,1737809593350,1783532008623,529.2,12292.86,0.121,0.0,0,0.0,,False,True,False
0x6cd520c1a07c9b53b33d62d04d3c2a3175161968,True,2000,1448,506,942,34.9,1.36,7808.5,13,1788210105680,1788361259601,1.7,2012.82,0.258,0.0,0,0.0,,False,False,False
0x6cf0ee6373f13066608857301442c549ef6c59a2,True,2000,1155,617,538,53.4,1.32,8724.74,12,1779119739475,1783613200277,52.0,4361.22,0.5,0.0,0,0.0,,False,True,False
0x6d08b444b5e6f4f5772d897aec4669d6c7822e2c,True,2000,917,382,535,41.7,0.33,-12403.48,21,1787105912316,1788789247984,19.5,-3846.57,0.31,9171.592795,3,-197.2,-2.2,False,True,False
0x6d15b96f2e0355f4f636635b29b169625964d374,True,1518,751,531,220,70.7,6.8,96224.59,9,1752857420801,1782311936234,340.9,6968.34,0.072,0.0,0,0.0,,False,False,False
0x6d33000abb9a1610afdea6707bc84dac7a479a96,True,2000,964,489,475,50.7,1.52,3261.3,4,1788165064437,1788672987847,5.9,950.31,0.291,0.0,0,0.0,,False,False,False
0x6d4dd308b4439d2a3f7ee4fa52ad60ad8d26288c,True,987,481,373,108,77.5,0.8,-778.8,48,1785185394125,1788784574776,41.7,-1828.94,2.348,1293.309596,6,-0.74,-0.1,False,True,False
0x6d628f15aff947f42a0d2d0fdfb63085379f7e64,True,2000,950,313,637,32.9,0.13,-46675.74,18,1780172636412,1787420586081,83.9,-2272.7,0.049,17691.541819,1,-22357.45,-126.4,True,True,False
0x6d787e40fba15bfd429d7fdd29ded9000b5b91b6,True,1372,645,213,432,33.0,0.6,-5318.95,19,1745288968360,1780500644036,407.5,-1669.14,0.314,0.0,0,0.0,,False,True,False
0x6d8599711c27456713828e5c7eb4e66846fdce11,True,2000,937,316,621,33.7,0.49,-6890.92,9,1771565526726,1776628242305,58.6,-916.14,0.133,0.0,0,0.0,,False,False,False
0x6d9cf9d397a4c6f0e40932d44ebf1e041ba4d470,True,2000,1008,541,467,53.7,1.31,21093.26,34,1756409585331,1788679796050,373.5,22305.93,1.057,24644.676022,4,3248.24,13.2,False,True,False
0x6db7204f8783dfddf80b957ba5e40e24251e304d,True,2000,697,438,259,62.8,1.32,890.85,11,1788703877480,1788783374718,0.9,-560.37,0.629,0.0,0,0.0,,False,False,False
0x6dc2edf158a12adee717682878cb9c381e463145,True,2000,813,599,214,73.7,4.52,17718.46,5,1779304323402,1779376643997,0.8,1174.67,0.066,0.0,0,0.0,,False,False,False
0x6dec3748f5d2d538836bedbb8d63191255cd37f6,True,1988,885,212,673,24.0,0.11,-106546.62,4,1769876272658,1788403519421,214.4,-7780.0,0.073,271704.89941,2,396862.22,146.1,False,True,False
0x6e067354fe0608388700b7be9b633470705ead3e,True,1200,1188,870,318,73.2,4.7,7906.44,8,1788253638525,1788753666281,5.8,2969.33,0.376,0.0,0,0.0,,False,False,False
0x6e20ba7f1990e1ddf136060ed098e16e8d96105c,True,2000,1008,504,504,50.0,0.9,-1332.44,16,1772554540105,1781016390091,97.9,-1004.79,0.754,0.0,0,0.0,,False,True,False
0x6e4a5c2171c86b88780d591c5c8b4a5d96ea9a82,True,2000,997,301,696,30.2,0.58,-2336.02,12,1782583806359,1788702905732,70.8,-274.6,0.118,0.0,0,0.0,,False,True,False
0x6e650e49ee773056346aee85cca9d3a7ce351af8,True,2000,853,679,174,79.6,0.38,-17550.72,11,1782233709928,1788758105733,75.5,-3954.27,0.225,0.0,0,0.0,,False,False,False
0x6e747b2510d77120633237d4ca4c773705f5281e,True,355,209,101,108,48.3,0.38,-64330.83,2,1777952349199,1788276506121,119.5,-10344.37,0.161,0.0,0,0.0,,False,True,False
0x6e88dc3708afc2b0032eeff625df78dcde1e741a,True,2000,1044,781,263,74.8,4.86,235600.72,18,1776120016840,1788705971162,145.7,48741.5,0.207,52178.596288,2,-3232.69,-6.2,True,True,False
0x6ea486a3426563e23023125f18867117878f0ea7,True,2000,1034,688,346,66.5,2.47,1594265.4,1,1769879336943,1788473726212,215.2,-246061.0,0.154,728290.71043,1,-37971.15,-5.2,True,True,False
0x6ee516b5d2ebc0dc3faf6e60b93e608a19649142,True,534,297,141,156,47.5,1.13,3527.65,4,1750541511309,1773841055685,269.7,5043.86,1.43,511.664681,0,0.0,0.0,False,True,False
0x6f01a1ed32dec4180e569bf13f979ebe38ac83c4,True,2000,993,548,445,55.2,1.22,7860.02,4,1785507017321,1788541156366,35.1,2592.8,0.33,3685.002284,1,524.55,14.2,False,True,False
0x6f17c7d3a721ef7e2b7c3fce783682e21862097f,True,1680,762,557,205,73.1,1.07,1171.18,12,1761372210013,1773215266356,137.1,-1907.6,1.629,0.0,0,0.0,,False,False,False
0x6f27db1e51fabf2908ebba245efee269c8407f3a,True,1286,689,391,298,56.7,0.75,-7751.18,17,1748088527318,1788358330466,466.1,-9099.67,1.174,0.0,0,0.0,,False,True,False
0x6f5140c4726fd01ffad3a8ed475d6b4d621ac84f,True,2000,826,443,383,53.6,0.87,-7691.86,10,1722950835024,1788386886717,757.4,7951.8,1.034,0.0,0,0.0,,False,True,False
0x6f708f7e2c1c24a1bcc56bc0b8c5be77bf732313,True,2000,897,236,661,26.3,0.65,-1943.57,5,1788538200492,1788715175101,2.0,-299.73,0.154,64200.841232,3,20717.47,32.3,False,False,False
0x6f7aa825d69692aa57f65b60a596f077f2a8b561,True,2000,936,289,647,30.9,0.27,-33913.83,15,1787835566112,1788768146395,10.8,-3667.88,0.108,43493.075238,13,-1366.17,-3.1,False,False,False
0x6f85c5da7fe4ae2420f39595bcc7d28259316561,True,140,21,19,2,90.5,210812.29,28518.76,3,1773632023501,1780520108295,79.7,18527.84,0.65,0.00778,0,0.0,0.0,False,True,False
0x6f9d33c906a93ab7595417646d502a12aa50a03b,True,1752,605,480,125,79.3,22.87,80610.6,13,1780668061779,1788477821597,90.4,4506.17,0.056,388187.68395,4,138091.02,35.6,False,True,False
0x6fb9bd5b761f935bf8a9dea1e7e5634136c93c82,True,2000,898,368,530,41.0,0.58,-12176.55,10,1781013847727,1783852372793,32.9,-1883.38,0.155,0.0,0,0.0,,False,False,False
0x6fc072c0dcc630f23b29f7c42a5c7c739584ebf5,True,2000,1460,136,1324,9.3,0.03,-39559.95,3,1788201758822,1788768246898,6.6,-981.12,0.025,260842.976363,1,9678.96,3.7,False,False,False
0x6fd96f1a38989407577e2eb2633af6d2e64d72ca,True,2000,940,348,592,37.0,0.49,-47742.92,23,1783805251094,1788764731879,57.4,-3948.45,0.083,60171.56555,4,-44711.0,-74.3,True,True,False
0x6ff9aa3574b961e60e131702625094b60cc74fc8,True,767,292,186,106,63.7,2.09,2155.54,13,1780581478667,1788785872919,95.0,600.95,0.279,0.0,0,0.0,,False,False,False
0x700ff434ee5d8b4bc7878f4da4c45e6923bb6448,True,2000,269,29,240,10.8,0.68,-3669.58,14,1766544522741,1783343394840,194.4,2446.02,0.667,0.0,0,0.0,,False,True,False
0x70290d38e2fea7ec1a212b7c31c7c9e53397b798,True,327,217,114,103,52.5,0.94,-117.44,4,1781600247339,1783109953392,17.5,332.98,2.835,0.0,0,0.0,,False,True,False
0x703f7add6b79451e10f442b910eb4310219c8966,True,2000,932,622,310,66.7,2.11,22342.72,3,1772145498717,1772942570513,9.2,2638.62,0.118,0.0,0,0.0,,False,False,False
0x705c04e3ec540247257048d3a06a90f7e55f7e06,True,2000,983,778,205,79.1,0.46,-35385.35,35,1752218386801,1787356800028,406.7,-16750.53,0.473,0.0,0,0.0,,False,True,False
0x706952ee953b72c0067a479c555772212beb5935,True,1605,701,298,403,42.5,0.54,-34211.41,11,1767640090987,1787961600069,235.2,-8088.06,0.236,0.0,0,0.0,,False,False,False
0x707b0fa9a6a51d7c47340c6ab7b3d0700a60cf01,True,2000,1087,569,518,52.3,1.31,4632.55,2,1781669762316,1788788039593,82.4,-1476.93,0.319,116908.809198,0,0.0,0.0,False,False,False
0x7083b7d9e5a373b5a8dfc341c6480bee21f61180,True,2000,937,427,510,45.6,0.52,-11544.76,30,1765732421285,1777791767070,139.6,-4164.0,0.361,0.0,0,0.0,,False,True,False
0x709f769ec5aa95d5b9f0f3d5f52953cd7cdb46a3,True,2000,1204,153,1051,12.7,0.21,-25994.98,8,1783207275771,1788746743808,64.1,779.37,0.03,0.0,0,0.0,,False,False,False
0x70b7a8c061f6f4db899126fc6b024c914b2d2393,True,2000,1146,660,486,57.6,0.31,-11644.26,8,1784995670145,1788691590120,42.8,-1083.29,0.093,0.0,0,0.0,,False,False,False
0x70d08405e24f97e537fe9c4a1df8f7fc7f2973a6,True,2000,925,483,442,52.2,0.46,-9450.14,50,1707242289709,1788630759625,942.0,-6569.93,0.695,219.899464,1,13.32,6.1,False,True,False
0x70eba5d2d53c387e0d7d99b56ebc08f4d396b01b,True,2000,506,412,94,81.4,1.61,40.85,4,1774411561921,1774439407906,0.3,15.02,0.368,0.0,0,0.0,,False,False,False
0x710564cbc1b2ed50f33a55e37e8e9b79e15d079e,True,686,319,94,225,29.5,1.19,966.98,9,1773480516904,1775651661410,25.1,1785.45,1.846,0.0,0,0.0,,False,True,False
0x7116470134e289f7fefb0922902e28200e471447,True,1982,494,245,249,49.6,3.05,34182.11,77,1765108576257,1787757406116,262.1,5714.39,0.167,90248.689306,36,85265.0,94.5,False,True,False
0x712a13a421f777f3d13ce1a51cb8304c47323397,True,2000,929,670,259,72.1,17.48,178099.45,7,1770301345909,1786458374267,187.0,2159.62,0.012,0.0,0,0.0,,False,True,False
0x713b55f561aa1f8a2be269dc84de54ac49f5dc9f,True,700,284,152,132,53.5,0.54,-13307.24,8,1769580741001,1784120526880,168.3,-4977.33,0.374,0.0,0,0.0,,False,True,False
0x71565a55237a3f069801b414ae825e33090576c3,True,117,72,37,35,51.4,4.37,3052.41,1,1788029339329,1788789292855,8.8,1623.12,0.532,0.0,0,0.0,,False,True,False
0x717485ac6199c626bf22d65527e7b24f3a276749,True,2000,901,331,570,36.7,0.61,-22138.35,9,1780595564413,1784072731689,40.2,-3519.21,0.159,0.0,0,0.0,,False,True,False
0x717973d6c0b49ddbfe97d3a12fec4b65fe97e532,True,2000,1019,305,714,29.9,0.5,-16338.89,13,1783344566771,1788715151186,62.2,2421.0,0.148,0.0,0,0.0,,False,True,False
0x71973424e800242eecb2dc6909e14d80be7796ec,True,153,66,55,11,83.3,4.54,6403.68,3,1778916822037,1787153265158,95.3,1364.93,0.213,0.0,0,0.0,,False,False,False
0x71aa6c4e87225fcae2df49f977c7fc0d1e8d2112,True,2000,927,586,341,63.2,1.0,-32.61,41,1748658073393,1786948847865,443.2,-350.85,10.759,1480.101672,0,0.0,0.0,False,True,False
0x71b4e74e625c231f8578e9d860075c7c7c044c3e,True,2000,875,798,77,91.2,0.67,-14375.49,17,1768037708402,1786630384291,215.2,-6546.51,0.455,0.0,0,0.0,,False,True,False
0x71db4acb731236ba67482bee3268a80b9cff2943,True,537,260,195,65,75.0,2.24,826.05,32,1720604766590,1786041033752,757.4,-373.54,0.452,0.0,0,0.0,,False,True,False
0x71f060a388589f2917df5e6b79a1e43baad1b611,True,2000,1343,465,878,34.6,1.99,88469.8,12,1767979510465,1779485926398,133.2,18816.07,0.213,0.0,0,0.0,,False,True,False
0x720c933b5eb30fc37461789ef3264e51f2a7f4af,True,2000,1611,1315,296,81.6,29.78,18328.27,23,1781625374030,1783016902044,16.1,709.0,0.039,0.0,0,0.0,,False,True,False
0x7225a33aff56591393b77d411bce2b4664d4c723,True,2000,899,793,106,88.2,14.92,7378.23,3,1788721422045,1788789613085,0.8,34.94,0.005,117999.98504,2,859.63,0.7,False,True,False
0x723fe6e68bced0a7029d336ba84d5e08080fd5d9,True,2000,1324,927,397,70.0,1.56,4500.6,19,1787592785075,1788745109165,13.3,-960.51,0.213,166205.825461,0,0.0,0.0,False,True,False
0x7255e02daf5481a6ac9dc541dc3c4b0be8171c7d,True,2000,600,589,11,98.2,1172.54,11397.66,1,1786877708527,1788772916384,21.9,276.08,0.024,34935.906257,1,-16008.88,-45.8,True,False,False
0x72655b3926db3afbe914a53b0604905af7ce11a5,True,2000,2000,1966,34,98.3,288.45,37494.64,1,1788474790499,1788504876383,0.3,261.87,0.007,0.0,0,0.0,,False,False,False
0x7278a0d4f726efb6d34aa0432e0a3d6ef8df6455,True,2000,264,154,110,58.3,3.29,20597.57,38,1762568409221,1779321600086,193.9,4799.71,0.233,0.0,0,0.0,,False,True,False
0x728aad5445e7a1727b67b5b30aa153f5851ae274,True,2000,792,227,565,28.7,0.67,-4519.7,16,1788169538546,1788787557191,7.2,-385.68,0.085,0.0,0,0.0,,False,False,False
0x72a383e8d379c9b29594ec3cb237d8b7114d996e,True,1699,853,363,490,42.6,0.81,-3860.67,6,1775711251749,1782195648120,75.1,-1656.51,0.429,0.0,0,0.0,,False,True,False
0x72ad1d847b2dc12aa0c31eab847f5060568ba28a,True,1694,751,525,226,69.9,0.57,-24681.61,15,1751736397157,1788788182434,428.8,-8403.32,0.34,7516.477504,3,-1503.62,-20.0,True,True,True
0x72c6fc0dead840518d49b634cb1bc02c4d6288ef,True,2000,514,181,333,35.2,0.71,-3929.67,17,1779365306187,1788778552491,108.9,1418.83,0.361,0.0,0,0.0,,False,True,False
0x72d989203ec157ed3e4f3139d8bdc32168fa2116,True,996,521,238,283,45.7,2.03,1622.67,33,1709669828893,1788684301675,914.5,342.86,0.211,0.0,0,0.0,,False,True,False
0x72f85fc0bdd246e15ae61631851d5f86e8656b13,True,2000,1001,375,626,37.5,0.88,-215.99,52,1784622312076,1788776201714,48.1,-86.13,0.399,22897.882492,50,2230.06,9.7,False,False,False
0x73103884015218f9b7f199b948bf2576b9e7ef77,True,2000,956,654,302,68.4,0.51,-16015.76,36,1756855613425,1788762629453,369.3,3460.1,0.216,115.047214,2,5.54,4.8,False,True,True
0x732efe7cefcfec988f109e8163c21828daf8bfac,True,555,243,174,69,71.6,1.74,3145.69,9,1763944742793,1782202956005,211.3,1345.87,0.428,0.0,0,0.0,,False,True,False
0x73377515d8b6460b91bffe6022c96a2c0897e875,True,2000,1161,398,763,34.3,0.4,-18577.52,26,1756170449055,1780512516485,281.7,-3034.09,0.163,0.0,0,0.0,,False,True,False
0x7347e25e568e8ef41e1fb417c8638eb7f13d7d33,True,821,345,169,176,49.0,0.89,-2526.5,5,1776823392202,1788593676181,136.2,-3674.27,1.454,0.006917,0,0.0,0.0,False,True,False
0x73588c0a7079c4243810c44dc4eac8ea118f5516,True,2000,977,900,77,92.1,0.65,-230.06,11,1788704487249,1788787867775,1.0,-86.94,0.378,0.0,0,0.0,,False,True,False
0x736850ee773ac6170fcaeda596514269b863ee56,True,2000,496,496,0,100.0,inf,171672.99,7,1787126831716,1788584889508,16.9,6796.08,0.04,154086.467933,1,34808.53,22.6,False,True,False
0x737db2a9e79ff2d6380b4e45c7b2a3af9312ea0a,True,2000,680,259,421,38.1,1.34,13373.83,20,1779717771484,1788679939647,103.7,4842.77,0.362,86843.645988,10,49817.4,57.4,False,True,False
0x739d859d0df3445685e1f73e0cfe58f960a0cdd7,True,2000,1336,849,487,63.5,3.92,55482.6,36,1778821658752,1781526189769,31.3,7798.14,0.141,0.0,0,0.0,,False,False,False
0x73bc09290023e58e20c4492e8a249748a0efff46,True,2000,1114,411,703,36.9,0.39,-51226.34,6,1773084202889,1779586494633,75.3,-6754.88,0.132,0.0,0,0.0,,False,True,False
0x73cbf914e15e597f8c41e1195a5e0d2d3d2773e4,True,835,484,384,100,79.3,10.81,65523.4,26,1734195262013,1788767665673,631.6,8254.2,0.126,4035.094479,1,-3912.85,-97.0,True,True,False
0x73de0fc34dd7143c3d2e5079ec280ef87e548d5f,True,150,64,64,0,100.0,inf,3632.8,1,1779987105066,1779992357007,0.1,471.3,0.13,0.0,0,0.0,,False,False,False
0x73fd94f6eb476cbbc451b7a461f78436f938fef0,True,963,552,453,99,82.1,1.05,1054.42,6,1779281712196,1788712616460,109.2,-5603.09,5.314,0.000158,0,0.0,0.0,False,True,False
0x742be8faf56c9bd0b4e9736d907c5adba14d7dcb,True,2000,885,501,384,56.6,2.45,70232.28,47,1714031335402,1788529760292,862.3,-3829.5,0.055,12879.891444,2,179.57,1.4,False,True,False
0x744a26a3e5a56efb7d95119752a63183c236bbd0,True,1610,831,830,1,99.9,1695359.81,457470.54,7,1774171755929,1787469873017,153.9,88492.3,0.193,237106.39381,1,467662.68,197.2,False,True,False
0x74577c58fab25e4016047ef956e5e311a209be77,True,2000,1015,576,439,56.7,0.38,-97396.83,19,1757676454107,1788752447676,359.7,-6179.6,0.063,9375.790806,4,-14222.0,-151.7,True,True,False
0x7469cbaedb847ddac296b6f7c857e3127f239be8,True,2000,853,375,478,44.0,1.11,72.6,3,1788144440166,1788788083051,7.4,45.82,0.631,49597.550132,2,16.51,0.0,False,False,False
0x7484849d9b924673bc81da52752bf4e1f62e8673,True,373,185,160,25,86.5,154.97,183747.59,4,1772647979169,1781333229652,100.5,33702.54,0.183,0.0,0,0.0,,False,True,False
0x749af60aeddb86cd0aa41e50f546097528ec9cd9,True,2000,1239,997,242,80.5,1.58,6648.06,4,1785514262043,1787427305118,22.1,2153.87,0.324,0.0,0,0.0,,False,False,False
0x74b3bb13ee674428795877742148c97124ee7358,True,2000,898,529,369,58.9,1.7,27144.96,39,1749804124425,1784498822821,401.6,-12118.82,0.446,46500.094752,3,18424.5,39.6,False,True,False
0x74c345805a1713d1e7ab83bcba73b0b21b97e540,True,2000,1175,642,533,54.6,1.13,2814.88,21,1743429646796,1787443200018,509.4,1473.12,0.523,0.0,0,0.0,,False,True,False
0x74d2a7ba7ec712a1e5e4f24a92351ea0e1cafca9,True,445,202,87,115,43.1,22.39,47860.01,5,1769879940562,1788612417699,216.8,6259.74,0.131,22700.753533,1,3333.49,14.7,False,True,False
0x74e30f0d01eb5ea7499bf8b9ff27f95e63d8defd,True,1325,543,399,144,73.5,0.63,-5912.82,28,1783317926696,1788788024769,63.3,-6174.98,1.044,1749.214214,0,0.0,0.0,False,True,False
0x750eefbeeb28636d3e78786f2a17e7e3b6616a51,True,303,92,92,0,100.0,inf,4716.72,3,1773892865744,1778284800000,50.8,881.03,0.187,0.0,0,0.0,,False,False,False
0x752bbebf40256dcdc3c9563ecfa8a2770fe93dd6,True,2000,963,363,600,37.7,0.99,-305.76,31,1758463646803,1787160082449,332.1,963.6,3.151,0.0,0,0.0,,False,True,False
0x753b8c3f79f644dbfd0a9d727d9c75a951ec35f3,True,2000,900,455,445,50.6,0.51,-14751.99,40,1764548032880,1788572915945,278.1,-3927.76,0.266,6859.725874,1,7795.0,113.6,False,True,False
0x755201613337b94d17beca8f15629d6e57898fb7,True,2000,928,432,496,46.6,1.15,9231.35,3,1784267169095,1788424810131,48.1,-4548.76,0.493,0.0,0,0.0,,False,True,False
0x756b1e23f0279dfcab7cd2485f889d84306bb671,True,2000,1073,667,406,62.2,1.8,1125.45,14,1788530599003,1788784551264,2.9,103.75,0.092,2624.387558,0,0.0,0.0,False,True,False
0x7583b5364597736a6a72c4ba61ede0a4a37ef4de,True,2000,1170,975,195,83.3,85.26,422316.46,2,1765431445904,1788474809738,266.7,8670.4,0.021,0.0,0,0.0,,False,False,False
0x759daf06ddab2f2f3651f3b216e5853b7a073bf2,True,2000,1001,501,500,50.0,1.59,3633.04,21,1774093937578,1782613432972,98.6,340.3,0.094,0.0,0,0.0,,False,False,False
0x75b90dffbd7c75c42d1ef9513ff9be66806fe232,True,1172,579,312,267,53.9,2.58,3161.85,67,1716369408824,1788756176912,837.8,532.19,0.168,8.973935,1,-0.68,-7.6,True,True,False
0x75cf77ceb7c6521d6815fe574dc1afe34f871e80,True,2000,984,984,0,100.0,inf,62200.64,13,1780945286579,1787775703058,79.1,4725.43,0.076,0.0,0,0.0,,False,True,False
0x75ea3e31eec1ad0a48c3781d65349330311ac364,True,1031,493,301,192,61.1,1.01,99.84,5,1779749955460,1781708925318,22.7,-2682.25,26.866,0.0,0,0.0,,False,True,False
0x75f3665323cce024368870bfd89db0c21e1ce76b,True,2000,1135,587,548,51.7,0.31,-12944.31,79,1788660701765,1788789935130,1.5,-731.52,0.057,484182.437211,136,-37702.19,-7.8,True,True,False
0x761f2ff9db26e005fc2ea7de1c24b47c78b01b68,True,2000,1750,1439,311,82.2,3.84,45377.27,3,1787348870123,1787702400048,4.1,1455.78,0.032,0.0,0,0.0,,False,False,False
0x762dfd1892b87625929b130ebd7c1c67596b85f8,True,2000,1085,422,663,38.9,1.3,1174.89,2,1773671811983,1784118916234,120.9,1548.97,1.318,0.0,0,0.0,,False,True,False
0x7647fc553bc8a03df9affbdc656ae159d894a40c,True,2000,1460,957,503,65.5,30.15,410563.73,8,1752557145560,1787968094598,409.8,59482.17,0.145,0.0,0,0.0,,False,True,False
0x7662e82bb158257cbda708b5e46a78642d21bb75,True,2000,935,274,661,29.3,0.54,-23989.07,10,1762183996186,1788705453029,307.0,1334.93,0.056,853.001726,1,-116.85,-13.7,True,True,False
0x7671e6071a0c1bb0d743a6e2a6c1e05485e0fb38,True,241,91,74,17,81.3,4.5,12483.66,5,1758473394743,1788656583330,349.3,-3375.58,0.27,0.0,0,0.0,,False,True,False
0x767da4e1d6cd7e3826b9a56f0af03ec6e7d432ca,True,2000,1150,516,634,44.9,0.36,-20782.08,10,1760692514197,1782479934152,252.2,-1753.43,0.084,0.0,0,0.0,,False,True,False
0x7697ffcb42e82f9980cec5b15664c992c6b8c021,True,2000,667,389,278,58.3,1.76,19159.6,35,1777768458354,1788479740698,124.0,3780.7,0.197,0.0,0,0.0,,False,True,False
0x76bf72092bbfe1c935b6d834f70dd9e75b057fd6,True,2000,1165,313,852,26.9,0.29,-129754.32,4,1787843577188,1788786631063,10.9,-5244.8,0.04,599157.298633,2,-1593.0,-0.3,False,True,False
0x76cea8b217da421b4dcdd97fca384c0f3363236c,True,2000,1002,736,266,73.5,1.33,4521.05,15,1785362469182,1788780197011,39.6,-1541.86,0.341,9095.347778,2,-806.86,-8.9,True,True,False
0x76dd7c2087928a0e35ee3dd4d6f1a0e7c144bbb1,True,2000,503,373,130,74.2,0.88,-735.91,5,1769703197295,1788111138392,213.1,-1450.02,1.97,0.0,0,0.0,,False,False,False
0x76f9a79cabaa3181324a3bb1f76b41f15ff3fa61,True,2000,492,477,15,97.0,70.21,7224.07,24,1782460816312,1788726355463,72.5,176.75,0.024,6505.986534,4,-2194.39,-33.7,True,False,False
0x771533227021496e4c122a91d426a4e0b11fc172,True,2000,983,435,548,44.3,1.59,8025.0,19,1780428043686,1788266235702,90.7,1599.99,0.199,0.0,0,0.0,,False,True,False
0x7731afffa008a8c6fe8b5219e229a9a389a5799e,True,2000,339,249,90,73.5,10.29,111572.77,7,1787454663000,1788788830401,15.4,29463.02,0.264,114881.348424,2,36901.4,32.1,False,False,False
0x77435010f5e34e2fa04f5ce7d49e57a8bd8de4fe,True,2000,898,745,153,83.0,1.49,3123.27,1,1787824073276,1788767444018,10.9,-745.84,0.239,571511.282829,1,-62466.67,-10.9,True,False,False
0x775f9effddc7a5cd57fabad9a020e8f6846ed2ad,True,2000,1228,635,593,51.7,0.34,-65670.17,8,1784987262185,1788769238287,43.8,-21566.93,0.328,0.0,0,0.0,,False,True,False
0x777168b5622b22c9a1f3ac620f29d0f140e6ff39,True,120,67,30,37,44.8,0.68,-392.37,3,1787343994522,1788013419414,7.7,184.91,0.471,0.0,0,0.0,,False,False,False
0x7788556f0abee10be8d1094f93f418921ac53813,True,925,388,204,184,52.6,1.61,3933.12,10,1754656520867,1787589385705,381.2,1773.56,0.451,757.54278,1,45.54,6.0,False,True,False
0x779e5e469d5de3a13e563f736ffcf47ebe5584c5,True,2000,1492,651,841,43.6,1.04,491.45,2,1788558713007,1788751769716,2.2,73.81,0.15,0.0,0,0.0,,False,False,False
0x77bb9e09e50daf301737103f01eeb18e791a5691,True,385,182,17,165,9.3,0.04,-4059.15,9,1787246674434,1788525132200,14.8,-621.37,0.153,0.0,0,0.0,,False,True,False
0x77deda2c72492b5a63c0a3944075e2e7f337e5bc,True,2000,882,454,428,51.5,0.66,-6689.15,41,1765393266416,1780617600043,176.2,-1662.26,0.249,0.0,0,0.0,,False,True,False
0x77efae63eecbe0a32524b4f1c7eab7ec5a82b97d,True,2000,1007,340,667,33.8,0.18,-35886.0,5,1783385949771,1785377645784,23.1,-5376.7,0.15,0.0,0,0.0,,False,False,False
0x7806eeb0cdfb52dbe14ed12359526eea55612cf3,True,2000,1146,619,527,54.0,1.49,7942.82,9,1787726278090,1788449628499,8.4,-1767.32,0.223,0.0,0,0.0,,False,True,False
0x78167a1f0cc35e9a7eeffda5751c4e6f3616c499,True,2000,1142,879,263,77.0,0.95,-2917.08,3,1782676039706,1783383700963,8.2,-11316.17,3.879,0.0,0,0.0,,False,True,False
0x78207c87bbd95c0f3ec2506d04f04c911f53fc85,True,2000,972,353,619,36.3,1.05,200.84,26,1788335805376,1788776769423,5.1,620.48,3.09,1755.282894,1,86.76,4.9,False,True,False
0x782c577e363ca3b6e2d58601ddaedf27c660bc5a,True,2000,433,357,76,82.4,17.79,33864.0,51,1756522534369,1788525105489,370.4,2935.56,0.087,77546.672481,11,-188204.86,-242.7,True,True,False
0x783778778625051a3d6cf0bc59e7e1de16114077,True,2000,634,319,315,50.3,0.3,-17319.45,45,1769704372885,1779091268764,108.6,-2582.16,0.149,0.0,0,0.0,,False,True,False
0x784add9aee24efd09f0c71f624b9d553abbde8b0,True,787,348,223,125,64.1,3.85,4156.66,29,1739924517238,1788455673367,561.7,770.62,0.185,2939.555803,1,-79.2,-2.7,False,True,True
0x785dfdd35794693b7f9059bf4d4bc845bceaa461,True,1825,823,424,399,51.5,0.73,-23193.57,6,1769698948208,1787624994802,207.5,-5839.77,0.252,0.0,0,0.0,,False,False,False
0x7880597a5aa5d162c4d31b29349054df2914b80b,True,2000,954,798,156,83.6,4.83,100798.99,14,1787200450179,1788778033387,18.3,3913.11,0.039,66092.77406,4,-2093.46,-3.2,False,False,False
0x788fe3d9394aca3eb83e8903b383123ccd9970c1,True,2000,967,966,1,99.9,9955.4,56836.66,11,1780103214838,1782777600028,31.0,2815.72,0.05,0.0,0,0.0,,False,True,False
0x78ac2b892d0954dde0878fe0514b6b4ee4004dff,True,216,111,49,62,44.1,0.8,-906.99,3,1769630790371,1787391829998,205.6,-982.85,1.084,3231.930064,1,-1010.05,-31.3,True,True,False
0x78d3241a18f62c97e06656bca9002d5d480fd3bd,True,963,417,89,328,21.3,0.18,-5886.13,4,1781956540755,1782090838046,1.6,-1005.07,0.171,0.0,0,0.0,,False,True,False
0x78e497a06b12d767371389ebd04baf7c8225a98b,True,2000,970,441,529,45.5,0.55,-28444.4,1,1784584821005,1787624278828,35.2,-10684.4,0.376,0.0,0,0.0,,False,True,False
0x790a8c8a288db0526759d369de09a777e018795f,True,1219,527,332,195,63.0,1.59,11233.74,24,1767608430752,1788782416669,245.1,2413.03,0.215,35395.37899,3,4517.41,12.8,False,False,False
0x791e663ae10984f16b9d1a390fc3167f8fae9d81,True,1561,586,249,337,42.5,0.36,-282973.85,5,1759250161137,1779593464021,235.5,-90031.86,0.318,0.0,0,0.0,,False,True,False
0x79399dac99daa4a77d2bcd8ef6f5abf5966468e7,True,2000,860,345,515,40.1,2.49,188784.82,5,1787104004602,1788610851252,17.4,127892.48,0.677,265472.824928,1,308304.64,116.1,False,True,False
0x7958bdc25ba35b002f1b16a1cc7ddd99ef0b41d4,True,2000,868,374,494,43.1,0.52,-999.98,123,1770829475739,1784559719094,158.9,-116.12,0.116,0.0,0,0.0,,False,True,False
0x796fdf46c38d87de2d91b7d76f6a980cee33ccd0,True,527,229,159,70,69.4,1.83,531.19,8,1760263844408,1784884020818,285.0,-210.29,0.396,0.0,0,0.0,,False,True,False
0x797c9b0fce4489bed65b550457b58ea2eac6fa4f,True,2000,1086,360,726,33.1,1.31,5725.29,4,1781421486428,1787037536976,65.0,-2707.23,0.473,0.0,0,0.0,,False,False,False
0x799c08ab5cbe8cd3ae72a78969045c6a93aebc28,True,2000,1009,543,466,53.8,0.47,-51033.27,11,1783650464561,1785193215722,17.9,-9863.85,0.193,0.0,0,0.0,,False,False,False
0x79b547a19cd8dc091447da3ce9951b03e11f730c,True,1683,789,416,373,52.7,0.93,-777.64,15,1769439510160,1788766812327,223.7,-1957.65,2.517,6591.148636,3,189.54,2.9,False,True,False
0x79cc76364b5fb263a25bd52930e3d9788fcfeea8,True,2000,860,198,662,23.0,0.08,-53671.18,6,1787926396218,1788718475464,9.2,-2436.27,0.045,92956.883944,2,104735.08,112.7,False,False,False
0x79dd4ca2e65774230c8f2ef888e7ec5d9c314997,True,2000,951,438,513,46.1,0.96,-2223.71,18,1782764210321,1788712634038,68.8,-3031.74,1.363,0.0,0,0.0,,False,True,False
0x79f5b1a6b820acda8ebdd21012e0587772db2761,True,2000,1145,566,579,49.4,0.45,-16584.7,38,1781664188449,1788700343614,81.4,1489.19,0.09,0.0,0,0.0,,False,False,False
0x7a1b7f694772672ba4154e9d05e39e489de48344,True,2000,981,541,440,55.1,0.88,-7146.31,9,1744169618747,1779483912782,408.7,-6547.1,0.916,0.0,0,0.0,,False,False,False
0x7a2e080ec5f005425114b788145bb3f6e512bdc7,True,1185,600,340,260,56.7,1.48,5995.85,16,1768367198608,1787880799500,225.9,-847.44,0.141,0.0,0,0.0,,False,True,False
0x7a3df509d9450647540792c8fdf8e11d6dd7df4f,True,2000,1028,316,712,30.7,0.49,-29328.08,8,1778852652149,1787660513393,101.9,-2561.71,0.087,3991.664285,0,0.0,0.0,False,True,False
0x7a5d8b628dc844f78bd86854309ed4cba89cca86,True,420,195,57,138,29.2,0.3,-7864.76,30,1736497733244,1788566400005,602.6,-726.25,0.092,0.0,0,0.0,,False,True,False
0x7a70eca937f10234c42b4daed0970fae6f88df15,True,2000,987,365,622,37.0,0.74,-14798.59,26,1757859733993,1788734175010,357.3,-6870.12,0.464,12634.43584,2,4877.18,38.6,False,True,False
0x7a86ae43ade49cae6e2037b5679b3ecd03623849,True,910,400,181,219,45.2,0.79,-2812.35,25,1770828334717,1773684579319,33.1,-1758.5,0.625,0.0,0,0.0,,False,True,False
0x7a957fe1a5a2983a82fef5e37cf0e9d23da7cbab,True,2000,1083,79,1004,7.3,0.05,-43078.39,3,1773860250401,1773993508785,1.5,-4863.56,0.113,0.0,0,0.0,,False,False,False
0x7aa335dd4b35a47e4ac23e6b9201893665c3c12d,True,2000,921,821,100,89.1,2.4,6900.58,37,1785414137719,1788762899223,38.8,863.04,0.125,0.0,0,0.0,,False,True,False
0x7ab700a3b5e1c3ef823c82c7ec8b19d01723fc19,True,2000,563,320,243,56.8,1.0,-54.75,30,1778072075143,1783515868994,63.0,-2410.99,44.034,0.0,0,0.0,,False,True,False
0x7ace0b7a0cfb2980aa25310af5c2602144d58db2,True,2000,916,449,467,49.0,0.79,-2078.71,12,1788455251752,1788789299268,3.9,-533.35,0.257,1813.400711,1,-112.57,-6.2,True,False,False
0x7aea4799452f25d50386e81029794e0ebbb6ec06,True,2000,1245,983,262,79.0,3.31,111523.01,15,1786715436172,1788738229288,23.4,2041.93,0.018,207358.078436,14,-336693.23,-162.4,True,True,False
0x7b10a79ca8e28ac412617c5a382fecd37a9c7684,True,2000,1138,828,310,72.8,0.59,-40867.53,18,1787319573108,1788716041108,16.2,-8504.01,0.208,0.0,0,0.0,,False,True,False
0x7b3bbe4385310c7a1d71fac81cb02aea98da6fc9,True,763,292,84,208,28.8,1.01,145.8,65,1704954732637,1779943066777,867.9,2844.31,19.508,0.0,0,0.0,,False,True,False
0x7b4da0eb8dcca7a9125780620172f60cc40fb4e1,True,2000,935,404,531,43.2,1.28,3243.52,55,1766297615914,1788789382859,260.3,1880.84,0.58,7364.375424,7,-21.08,-0.3,False,True,False
0x7b60931a1ecf79acefbaab955cabae537ad27b87,True,541,518,508,10,98.1,115.73,4736.73,18,1780925654780,1784649454888,43.1,432.72,0.091,0.0,0,0.0,,False,True,False
0x7b73dfae34492a35715ca037b19e006befdbe4cc,True,2000,317,253,64,79.8,1.93,6315.32,19,1772129539569,1788454884315,189.0,-2696.12,0.427,8157.180272,1,2092.84,25.7,False,True,False
0x7b9662f9293360b54448050f3af564575b218c33,True,2000,924,220,704,23.8,0.19,-21761.3,5,1769014863162,1788698298057,227.8,2476.06,0.114,79189.456883,4,-64119.98,-81.0,True,False,False
0x7bb95479a07a2254ca4d6588ea314e08039080c2,True,1057,514,230,284,44.7,1.42,2281.95,17,1765191021726,1788785101001,273.1,452.83,0.198,0.0,0,0.0,,False,True,False
0x7bd8db0519b14239896fdc9571a07758c7b846a8,True,2000,461,384,77,83.3,11.94,10330.42,69,1784702764540,1788788742371,47.3,1266.32,0.123,13300.154835,15,-3998.83,-30.1,True,True,False
0x7bf204b8c648d83c93bb0906b528170d78d7d91e,True,2000,973,192,781,19.7,0.52,-8311.65,6,1779025043462,1783687212636,54.0,-1865.5,0.224,0.0,0,0.0,,False,True,False
0x7c0a4bd8751b70f40fabbf384e2cd79281511503,True,2000,1449,1250,199,86.3,10.82,3553.6,21,1788766759711,1788790458975,0.3,157.96,0.044,163989.292383,1,-0.27,-0.0,False,True,False
0x7c26dd0072273c7a1e0e3ce234eb47d33f71d4a6,True,840,330,330,0,100.0,inf,87126.18,5,1780660448974,1788526380053,91.0,7996.87,0.092,15424.595082,1,-401.0,-2.6,False,False,False
0x7c45b26c41c29330d042003cb312e73a3912024f,True,2000,1086,480,606,44.2,6.22,193311.98,10,1760163145558,1780489501544,235.3,18552.46,0.096,137791.872747,3,193343.55,140.3,False,False,False
0x7c5d6df0646ad1dc77ffb52e2430be779729ed69,True,2000,1071,277,794,25.9,0.32,-34221.8,9,1770743965533,1787220467190,190.7,-7991.88,0.234,0.0,0,0.0,,False,True,False
0x7c66c48744c45dc34feec11be75634f39ee8d923,True,2000,613,276,337,45.0,1.34,5576.38,9,1787879419632,1788462300966,6.7,16749.71,3.004,0.0,0,0.0,,False,True,False
0x7c7160a23b32402ad24ed5a617b8a83f434642d4,True,2000,1005,469,536,46.7,0.87,-1249.03,60,1788221786875,1788787704086,6.5,426.58,0.342,18099.599442,23,3119.01,17.2,False,True,False
0x7c906dd9fbf91116c859c363c64a85547fd6865f,True,606,232,26,206,11.2,0.04,-16338.46,5,1771010625472,1786135371490,175.1,-16277.41,0.996,0.0,0,0.0,,False,False,False
0x7cad8aa2a9af4ddf85bf54ebf5d2555644fd7e8e,True,2000,933,541,392,58.0,0.55,-12526.75,5,1779880230837,1785504881662,65.1,-1004.89,0.08,0.0,0,0.0,,False,True,False
0x7cc47c8c70c3ed6b93f6f784c3f84ec7a578678e,True,2000,1055,242,813,22.9,0.76,-11349.78,13,1772745426723,1787462927946,170.3,9621.5,0.848,0.0,0,0.0,,False,False,False
0x7cd7ea8a61e48fc48f5a18502c0622e53d159347,True,2000,1133,76,1057,6.7,0.29,-7259.67,13,1762287319294,1780870477534,215.1,575.64,0.079,65370.839709,2,1822.92,2.8,False,True,False
0x7d0d0021473cd85871b5460c317f01577f385762,True,1193,480,278,202,57.9,0.29,-9652.93,56,1773723764100,1788770409221,174.2,-3508.87,0.364,1621.754497,2,-331.2,-20.4,True,True,True
0x7d1ff1dd2ce22baef5b4d5d78df8ec39d6ae35e0,True,2000,819,297,522,36.3,0.7,-8028.84,11,1752722322028,1788280652058,411.6,2087.95,0.26,0.0,0,0.0,,False,False,False
0x7d460769ef5c17431ba27b02d71be4e7eeef2489,True,1666,728,377,351,51.8,0.71,-859.25,62,1766868092936,1780523564411,158.0,-292.23,0.34,0.0,0,0.0,,False,True,False
0x7d5c17cddaabc227c7d1a34ac7f6cdfda6985d48,True,2000,1159,208,951,17.9,0.22,-51577.5,11,1787798552083,1788736510620,10.9,-6664.29,0.129,27124.733842,2,950.87,3.5,False,False,False
0x7d76e689e66e2d574bb2bfc1c6761d7ad7518f64,True,325,162,90,72,55.6,0.92,-121.56,16,1748834382547,1784724920475,415.4,-761.98,6.268,0.0,0,0.0,,False,False,False
0x7d97f7cb48ecc966d75a746b811ca93f1fd6e7ef,True,2000,817,701,116,85.8,0.66,-40404.08,15,1780439226583,1787420890229,80.8,-45851.9,1.135,139435.547228,2,-159513.47,-114.4,True,True,False
0x7daf36b02586e7a30118e1648b36346194490b64,True,2000,952,483,469,50.7,0.87,-14254.68,14,1756268077890,1785848451153,342.4,-9922.68,0.696,2640.809283,0,0.0,0.0,False,True,False
0x7dc46ea6646e401591e16c12ada84dbcdd370989,True,188,92,70,22,76.1,9.98,13530.17,1,1782885034680,1783515523315,7.3,2710.84,0.2,0.0,0,0.0,,False,False,False
0x7dde006939c3b872c5cb1f6c4c482520f33e45de,True,2000,760,334,426,43.9,1.01,136.81,20,1780410761220,1783451719806,35.2,-614.07,4.488,0.0,0,0.0,,False,False,False
0x7df034b39420cb594128b3428c501dae8176ceb3,True,2000,1224,216,1008,17.6,0.14,-202269.6,11,1787262136738,1788450019770,13.7,-7752.78,0.038,414675.935324,1,-3745.02,-0.9,False,True,False
0x7e09dfbba23d078e16f038b1ed4c558185c4be1e,True,2000,1225,804,421,65.6,4.3,51409.85,3,1769792738101,1788513628502,216.7,931.34,0.018,38112.110736,1,-345.85,-0.9,False,True,False
0x7e1ee0ddd54840d83cb34678b5226ca1a4b078f0,True,2000,829,287,542,34.6,0.34,-15697.07,25,1763862798887,1788464301754,284.7,-5424.14,0.346,1058.507176,2,-0.56,-0.1,False,True,False
0x7e3699bbff223c926fbdb9cbae0af0991c420cec,True,2000,987,463,524,46.9,1.88,24433.71,26,1764558982916,1788625596230,278.5,5348.29,0.219,0.0,0,0.0,,False,False,False
0x7e5198aecb7285e6c4419620685c3950816e780f,True,2000,1110,755,355,68.0,2.26,73367.02,53,1773248441347,1788754750176,179.5,11779.15,0.161,22803.039582,7,16889.42,74.1,False,True,False
0x7e6cd877e9670126d15923be4b13e2228b18ca85,True,2000,795,490,305,61.6,2.65,46855.38,20,1781474623545,1788779479350,84.5,22620.21,0.483,22621.407279,2,799.73,3.5,False,True,True
0x7e9247a051f49ee2d814299c57550f3d988cdd8a,True,412,132,36,96,27.3,0.42,-6365.2,9,1757073850911,1781657052305,284.5,966.21,0.152,0.0,0,0.0,,False,True,False
0x7ea45b1f7880692614c41282ef9cee5f21987ea5,True,2000,938,470,468,50.1,0.23,-115579.47,7,1767670113614,1774218679653,75.8,-15788.41,0.137,0.007655,0,0.0,0.0,False,True,False
0x7eb5b48c17daeea73a3050844436d73dbc2dbb0b,True,1519,775,332,443,42.8,0.47,-45535.17,9,1747123033086,1787819405768,471.0,-13913.11,0.306,0.0,0,0.0,,False,True,False
0x7ecf4324a10e7386f7585146ba8356eba206f450,True,2000,941,816,125,86.7,1.79,11216.75,16,1781148654392,1788729639597,87.7,-1545.75,0.138,16457.496264,5,-1447.92,-8.8,True,True,False
0x7ee9808efaac101bf1af55228d9f388a573a12b1,True,2000,1042,1042,0,100.0,inf,67581.54,7,1787650705423,1788518774362,10.0,5973.19,0.088,1708457.936153,1,491340.48,28.8,False,True,False
0x7ef93cbd689fa25a8fcd086f6051111bd1d1f108,True,2000,1029,509,520,49.5,1.2,440.24,3,1772558523971,1774530644743,22.8,348.16,0.791,0.0,0,0.0,,False,True,False
0x7f11beb8887f76d2493d6c18498c27379473c85b,True,2000,806,276,530,34.2,1.04,94.01,32,1782742422338,1788696619130,68.9,205.83,2.189,1063.780655,10,209.66,19.7,False,True,False
0x7f1a12fcd00c00221a212847307f54c1d397689d,True,2000,791,279,512,35.3,1.06,2056.83,13,1777300979965,1784570725336,84.1,4118.6,2.002,0.0,0,0.0,,False,False,False
0x7f24852fb705c6e8f9f6fd2d23acf7e423a10343,True,2000,990,411,579,41.5,0.7,-15411.94,4,1767366084316,1788786076329,247.9,-8724.94,0.566,9914.538662,1,-307.72,-3.1,False,True,False
0x7f3d68b213b57c0ece919d61398ed16a30922714,True,1272,652,457,195,70.1,1.1,2264.07,8,1734417698707,1787538066801,614.8,3798.43,1.678,0.0,0,0.0,,False,True,False
0x7f55a0b28ba031dc08c1fdf7336a74e399b840d1,True,2000,729,459,270,63.0,1.55,20522.12,6,1776211407284,1788724855214,144.8,-3279.04,0.16,5038.469174,1,422.16,8.4,False,True,False
0x7f62a7e331d83ead1b21f9ec4cdda089485ab77f,True,1432,648,200,448,30.9,2.72,23356.24,4,1786046238095,1788112695611,23.9,5532.37,0.237,0.0,0,0.0,,False,True,False
0x7f7a803f0b592f3506f0d82bfefc7e649941dcd6,True,1931,1052,241,811,22.9,0.52,-22728.88,5,1780312676379,1788381222851,93.4,-4789.97,0.211,12757.839468,1,1325.28,10.4,False,True,False
0x7f94ec8b159d9786876157797214ace741588c7b,True,2000,1075,578,497,53.8,2.54,26244.08,36,1761304520306,1788781893064,318.0,4097.32,0.156,1470.883971,1,831.2,56.5,False,True,False
0x7faa63fc8671674ac7d4d78d3a564324b61841ea,True,2000,944,298,646,31.6,1.61,1893.67,5,1787686034404,1788790067162,12.8,392.39,0.207,1772.840867,0,0.0,0.0,False,False,False
0x7fba7e745bd97f828c824589680749b55a8c04ab,True,2000,2000,2000,0,100.0,inf,1959429.35,1,1786093690943,1786094183383,0.0,650715.95,0.332,0.0,0,0.0,,False,False,False
0x7fdaf10d4246519e686b77a04b0bbaed0b3cbd4f,True,2000,956,431,525,45.1,0.25,-75937.51,6,1783387743848,1785162327271,20.5,-6575.19,0.087,0.0,0,0.0,,False,False,False
0x7fe8ca7397d3c199da824fb446c01cec3bf6f4af,True,375,166,26,140,15.7,0.69,-1735.63,9,1771496949703,1787174512418,181.5,-834.92,0.481,61778.485766,7,6678.44,10.8,False,False,False
0x80087696255f547cba5eed4288c087f1f5bf85f5,True,85,32,32,0,100.0,inf,434.36,3,1776053897009,1776656701019,7.0,97.29,0.224,0.0,0,0.0,,False,False,False
0x801cbfc19704c4fa52e6b5e62213748677dcf3a0,True,2000,1005,273,732,27.2,0.61,-20813.58,8,1785632147971,1788772365571,36.3,-1734.78,0.083,3141.244201,2,1227.04,39.1,False,True,False
0x803b643789bc897aeb44260f25127c9d0bf1a628,True,2000,919,835,84,90.9,14.22,18511.79,38,1780421114025,1788727894951,96.1,1046.7,0.057,4729.719097,18,-496.92,-10.5,True,True,False
0x80474420d1d4d42e7bc25cfe0918eff0ddcc8852,True,2000,1029,591,438,57.4,0.4,-15962.03,2,1787819278837,1788758499014,10.9,-2254.3,0.141,12123.62624,1,57.14,0.5,False,False,False
0x806008e7a97526265d7a495d0c60c4f672a94dfd,True,1190,673,486,187,72.2,1.19,999.82,8,1772452449308,1774549241400,24.3,-1727.72,1.728,0.007347,0,0.0,0.0,False,True,False
0x807ddb66768050ee457165ad6d21cc1275a896ac,True,2000,1199,606,593,50.5,18.79,622705.12,21,1761848482495,1787368801382,295.4,83315.25,0.134,25358.159087,2,-30923.85,-121.9,True,True,True
0x80941743d3844aaee37d555fd357fcf6c5583794,True,2000,968,462,506,47.7,1.46,11799.96,29,1738439715125,1788454453962,578.9,3826.96,0.324,0.0,0,0.0,,False,True,False
0x80ad218ca74c75211de979dc237115fc0fe16e2a,True,2000,796,745,51,93.6,16.29,34049.78,33,1755710549848,1787367814162,366.4,640.01,0.019,42977.827106,21,-135044.53,-314.2,True,True,False
0x80c66181042a238eb15ab4173dba6bb3b457aae6,True,2000,1001,555,446,55.4,0.32,-26262.6,4,1784205882030,1788776198700,52.9,-2002.93,0.076,19451.03,1,-2649.57,-13.6,True,False,False
0x80e49b2bef8940055c5302e03bbc34b90c5f6d91,True,2000,965,251,714,26.0,0.42,-26416.36,8,1775136677623,1780658304012,63.9,-2438.96,0.092,0.0,0,0.0,,False,True,False
0x80f47d26b7d47ada7346de9b3563e994a67c6bdf,True,2000,1024,276,748,27.0,0.57,-24425.82,12,1782139478985,1788204788185,70.2,-1687.1,0.069,0.0,0,0.0,,False,False,False
0x810b41bd2294ea9b87efd8fd03040ff74a1e5130,True,2000,720,668,52,92.8,159.19,59885.24,5,1787926569517,1788784859663,9.9,6979.15,0.117,357553.43102,3,-17943.87,-5.0,True,False,False
0x811c414ecf0b9f9f38756b227f1a38f661d17b80,True,1381,720,275,445,38.2,0.61,-38251.37,3,1780701049200,1783723590836,35.0,13908.85,0.364,191376.766116,1,105053.19,54.9,False,False,False
0x812b447ab833cded4659cf2432786206288b7b4d,True,2000,1212,808,404,66.7,0.58,-36728.99,10,1755878785497,1788748885644,380.4,-4432.98,0.121,789.257116,1,71.53,9.1,False,True,False
0x8146e16c915f6f620e31d9d2ae10a2bb3736d9d3,True,2000,1007,317,690,31.5,0.29,-11943.88,11,1780707693253,1784610171411,45.2,-1035.49,0.087,0.0,0,0.0,,False,True,False
0x8158a1e68704938d0f524d25116a512bc0861f57,True,8,5,4,1,80.0,70.25,59.75,4,1751511897025,1778803200071,315.9,47.68,0.798,0.0,0,0.0,,False,False,False
0x8170715b3b381dffb7062c0298972d4727a0a63b,True,2000,1299,904,395,69.6,1.59,32871.71,14,1745425974976,1787233283900,483.9,-10373.46,0.316,0.0,0,0.0,,False,True,False
0x8184e8a5cfac0a0783e389b550f84a0a8bd1b567,True,2000,1023,331,692,32.4,1.31,35257.46,10,1778982505421,1784058019549,58.7,25821.08,0.732,0.0,0,0.0,,False,True,False
0x819c3e3d90056b208bfaaf9dc0089804b301f7d1,True,1278,656,325,331,49.5,1.03,1440.7,25,1732922824117,1788755993096,646.2,5931.63,4.117,0.0,0,0.0,,False,True,False
0x81b0cbbbc1a69bd7ceca46a61684103bd9a6fb21,True,2000,1024,552,472,53.9,13.4,44440.02,17,1781320735100,1787962331570,76.9,2845.31,0.064,0.0,0,0.0,,False,False,False
0x81bf0c20415fa4cde4a7057771341e1ca4e7ee69,True,904,428,113,315,26.4,0.82,-2128.11,17,1763194308275,1777135996418,161.4,2494.7,1.172,0.000903,0,0.0,0.0,False,False,False
0x81d4163289cf61a0eaaac4862cb88ef0f4215c29,True,1456,817,453,364,55.4,1.03,6579.79,17,1779831129374,1787762263405,91.8,-8193.9,1.245,82472.430615,1,30121.57,36.5,False,False,False
0x81f043813eb3362cde347e7c6e022a5f743bc9d3,True,2000,840,304,536,36.2,4.57,89305.36,12,1772522214729,1787644279665,175.0,26302.5,0.295,0.0,0,0.0,,False,True,False
0x8202da8f54b49e217fe0d663da57c6ddd473cca0,True,1145,711,395,316,55.6,0.25,-82098.99,2,1781605695944,1784011198498,27.8,-15739.56,0.192,0.0,0,0.0,,False,False,False
0x8219b3c284802b63170b00899873d538c28292db,True,1318,623,333,290,53.5,1.36,1242.7,30,1759664468456,1779711460923,232.0,861.12,0.693,0.0,0,0.0,,False,False,False
0x82310162fc11aa9e41e38ce41b31843474d8fb2b,True,1183,589,294,295,49.9,1.13,666.02,14,1778870745737,1781055672956,25.3,670.29,1.006,0.0,0,0.0,,False,False,False
0x8250a7f9fca9c33e68eead8c05c1d58c8fd70d13,True,2000,432,239,193,55.3,1.15,29937.36,34,1741538007087,1786421154988,519.5,36539.24,1.221,0.0,0,0.0,,False,True,True
0x826a42f974fbf690dcd493b29f3fcdd5648ac0f4,True,2000,978,409,569,41.8,1.15,3315.46,6,1784296759183,1788161121650,44.7,-1953.78,0.589,0.0,0,0.0,,False,False,False
0x8284ab22ddab4fbfbb249b82de28c8efe0996c99,True,1247,501,182,319,36.3,0.54,-16655.15,10,1788448043048,1788790809265,4.0,-3386.27,0.203,28135.432115,2,814.96,2.9,False,True,False
0x829af892eae4b2be26acc8e4c2ec19fab5f175d9,True,2000,1179,1051,128,89.1,0.36,-11726.42,13,1787412356814,1788716059956,15.1,-4014.78,0.342,6251.982851,2,-2731.97,-43.7,True,True,False
0x82bef40b2f6ec44c6f5e8967d43f46f73edf86a9,True,2000,995,438,557,44.0,1.47,5248.15,43,1756282108964,1788356577270,371.2,936.28,0.178,0.0,0,0.0,,False,False,False
0x82cc7e18259ba371b3f6222db518c9322df94c9e,True,2000,963,577,386,59.9,1.53,10832.97,77,1709050113067,1785767006636,887.9,-7533.48,0.695,0.0,0,0.0,,False,True,False
0x82df23192b25ce2e2e44bd0266915d05a03ebc2c,True,2000,779,338,441,43.4,0.31,-13531.08,10,1786337050810,1788773634513,28.2,-3695.09,0.273,15161.557484,1,329.49,2.2,False,True,False
0x82f67771e6043f8e70bbc124098a906b5c3a0021,True,2000,822,417,405,50.7,1.15,4042.13,8,1787898616485,1788415828665,6.0,-4261.95,1.054,0.0,0,0.0,,False,False,False
0x83016fe081f31a03be2bcb398c2b995d445ab6b1,True,2000,943,527,416,55.9,1.83,36694.95,18,1775821086972,1788728136388,149.4,-7777.0,0.212,5402.544191,2,-824.15,-15.3,True,True,False
0x8318a9aa3993365cd200f17eab2e71e56250e5be,True,2000,626,626,0,100.0,inf,986.66,1,1773850258812,1788732596573,172.2,27.89,0.028,1041.031655,1,-3.42,-0.3,False,True,False
0x83301a3866194a045c921ca3ca0f64e3a760f906,True,2000,880,710,170,80.7,1.73,4944.66,13,1773750086498,1788788110026,174.1,249.46,0.05,23015.143107,1,-2.19,-0.0,False,False,False
0x83448a9cdcb456bb58577c141cd77e311244a156,True,538,311,154,157,49.5,0.69,-672.15,27,1707958785951,1781740800025,854.0,173.76,0.259,0.0,0,0.0,,False,True,True
0x8359f5e4a3d004010b76604f982530b22d0f7d7d,True,2000,1119,453,666,40.5,0.88,-12416.52,30,1738326463707,1788624068965,582.1,17799.25,1.434,0.0,0,0.0,,False,True,False
0x8372aa26b7130d1b8a4ad205c1f2ec9a97ab2477,True,2000,855,338,517,39.5,0.24,-4534.34,1,1783345078305,1788790140422,63.0,-65.61,0.014,25626.052983,1,-2.07,-0.0,False,True,False
0x83850c149c6938aba0fd38b2dda408929f0cacbd,True,2000,943,320,623,33.9,0.99,-291.42,5,1777301153042,1785725718570,97.5,4147.36,14.232,0.0,0,0.0,,False,False,False
0x83a9fc8a2f84cb83441a1827fbbb23703ea37a03,True,513,404,103,301,25.5,0.3,-4332.74,5,1779454025752,1783934103128,51.9,-2832.46,0.654,0.0,0,0.0,,False,False,False
0x83ba35cc91bde853db997e5d24256e72ad642a7b,True,2000,1204,550,654,45.7,0.45,-9183.77,14,1747613927414,1788652857178,475.0,-2069.37,0.225,0.0,0,0.0,,False,False,False
0x83d038f06f65a2011e31434d15c656dace128153,True,2000,690,204,486,29.6,1.55,39010.07,7,1785664797266,1788456056021,32.3,8732.51,0.224,0.0,0,0.0,,False,False,False
0x83e3014cee702155026c3338ff6f98bd95df3cc8,True,2000,881,709,172,80.5,0.75,-2360.88,16,1781538476834,1787902689306,73.7,-2762.85,1.17,0.0,0,0.0,,False,True,False
0x83fe9748fac353106c5c988b93ce229f895e0b02,True,1249,527,192,335,36.4,0.75,-2486.63,21,1752661474030,1781654400032,335.6,3925.73,1.579,0.0,0,0.0,,False,True,False
0x840b4f16f4d61c903006966cf3f40885e7b1bb21,True,462,255,98,157,38.4,0.73,-697.96,5,1779888976089,1780022081597,1.5,-291.4,0.418,0.0,0,0.0,,False,False,False
0x841a418c85fe75a73f70c1737f865af823f9b6c3,True,1480,713,445,268,62.4,0.82,-9709.07,10,1782196601749,1788726925525,75.6,-12133.59,1.25,43419.451156,1,854.85,2.0,False,False,False
0x843239f9df423c212e400e3a3fe2b1eb24655f83,True,70,28,5,23,17.9,1.03,74.41,4,1777967126637,1783110336380,59.5,2187.81,29.4,3321.318058,2,-8190.32,-246.6,True,True,False
0x8444c8e6f4e97a8b6bbeb71a90adaff9c5bb9950,True,2000,808,664,144,82.2,1.43,2030.55,12,1773385346058,1788777727144,178.2,-3218.15,1.585,9978.881173,3,-1821.64,-18.3,True,True,False
0x8460c4b782acc844da07e169e06e9a4fb19da0f5,True,2000,933,493,440,52.8,0.37,-22508.46,31,1770073425491,1788764335856,216.3,-9478.19,0.421,573.772594,2,-34.04,-5.9,True,True,False
0x847ae9472a5a66b671627c9be059bb7c78017c72,True,2000,761,648,113,85.2,2.32,4957.93,21,1774137696286,1788781709546,169.5,-670.69,0.135,5611.500537,1,-85.08,-1.5,False,True,False
0x848573c82fef851c8226670d9e43a12655299563,True,2000,908,461,447,50.8,0.34,-66052.18,12,1776617264811,1788530765210,137.9,-6788.34,0.103,0.0,0,0.0,,False,True,False
0x8493c609166a175e6cc813368e4c7f681a15b48b,True,2000,912,561,351,61.5,0.95,-2104.22,35,1758136227424,1788268779464,348.8,-3878.26,1.843,318.244091,1,50.66,15.9,False,True,True
0x84a73d875b79332b278f1785628d1a2381580be4,True,1158,612,434,178,70.9,14.92,88195.05,25,1713583150642,1788739200041,869.9,9961.38,0.113,63802.77,2,18522.61,29.0,False,False,False
0x84b592cea945610881b54e7ff6ee436c7a6f3397,True,253,108,83,25,76.9,2.01,1671.55,6,1774372150546,1788693056615,165.8,636.57,0.381,0.0,0,0.0,,False,False,False
0x84c71cd674d7b865760e49e7e93e0d96dd864a19,True,2000,913,549,364,60.1,0.53,-10566.02,18,1755033728785,1778407349692,270.5,-3200.09,0.303,4588.258761,6,591.38,12.9,False,True,False
0x84daa128766fb8ac062893b65af6030b213b132a,True,2000,840,452,388,53.8,2.55,31026.32,45,1779962280488,1788492638821,98.7,-2895.83,0.093,0.0,0,0.0,,False,True,False
0x84e8e9f6e6d0ae954bd93702dd749a66e8f256f8,True,2000,778,298,480,38.3,0.86,-1068.75,3,1786205975772,1786531703283,3.8,601.94,0.563,0.0,0,0.0,,False,True,False
0x850e83b9e33ea3bc268302ea8f5cd08f04d427cb,True,981,353,249,104,70.5,2.06,53261.22,13,1776707948075,1788769812852,139.6,29717.66,0.558,0.0,0,0.0,,False,True,False
0x851e2d7330cc8ba3fa8b46ef8936d1823895b624,True,789,293,241,52,82.3,1.26,2924.66,1,1787370073070,1788772218428,16.2,-2697.68,0.922,0.0,0,0.0,,False,True,False
0x853f2eec30752fe699def26cabd4b905bacf61fc,True,2000,761,134,627,17.6,0.89,-469.09,8,1776345850552,1780068679619,43.1,149.9,0.32,1933.096627,0,0.0,0.0,False,False,False
0x854f8541f5b91696ca0312f4da9a064620e46466,True,1212,691,431,260,62.4,0.73,-2094.25,6,1780474208102,1788446944944,92.3,-756.28,0.361,0.0,0,0.0,,False,True,False
0x856f7cb643fca326f475039702b10a9cbc2bd31a,True,2000,981,562,419,57.3,0.84,-5041.65,40,1733784195170,1787810072348,625.3,-3793.33,0.752,0.0,0,0.0,,False,True,False
0x8584903246e93f7054baa07f15d4146bea6cdaee,True,2000,997,636,361,63.8,1.18,2683.64,25,1777789313506,1788381087052,122.6,910.26,0.339,0.0,0,0.0,,False,True,False
0x85a0480eb0798e1a47cac33e1cc017cd605b2826,True,2000,982,744,238,75.8,1.21,3593.12,28,1763577359423,1787300085154,274.6,2251.96,0.627,0.0,0,0.0,,False,True,False
0x85bcfb7ee9522fa5fbfa69594dbacc888e8fb71f,True,412,162,108,54,66.7,5.59,163.98,13,1767627856749,1788790954624,244.9,58.63,0.358,171.202667,2,-91.69,-53.6,True,False,False
0x85dad19900267008bef897cc8044293ce7dcbcd2,True,2000,1118,893,225,79.9,2.77,665478.0,2,1770336352156,1774649990909,49.9,-61253.46,0.092,0.007032,0,0.0,0.0,False,True,False
0x85e14c3f5f5151f7d8acac2d001ef050fab63de4,True,2000,1467,750,717,51.1,0.37,-149964.5,2,1788128889848,1788369620162,2.8,-93359.29,0.623,0.0,0,0.0,,False,False,False
0x85ed40dbca94b5bc73c6c7ec7f4ecaad04a03a22,True,1215,599,221,378,36.9,1.26,819.58,28,1749150950850,1788346178909,453.6,517.65,0.632,0.0,0,0.0,,False,True,False
0x860839c3a543c492ba866fc1dafe90845d3c13d6,True,265,99,74,25,74.7,1.53,2661.88,1,1776877982333,1787373726955,121.5,-1099.55,0.413,0.0,0,0.0,,False,True,False
0x8628cc26699ca662a01f4e2f77b6e6dff4936048,True,759,359,231,128,64.3,2.15,6435.78,68,1699042564432,1787318850188,1021.7,1383.26,0.215,0.0,0,0.0,,False,True,False
0x86428a9f4f8830014b2deb7d3c2bbe14620d4b6c,True,261,167,32,135,19.2,1.18,375.33,2,1774325326046,1775078676124,8.7,-805.22,2.145,0.0,0,0.0,,False,False,False
0x8657aefd1b739b7e902b1ed81a4c9eca509aeda2,True,399,196,139,57,70.9,0.33,-23600.93,8,1767646052725,1787574663219,230.7,5809.28,0.246,0.0,0,0.0,,False,False,False
0x86693863721258d26e55fa9aee8b03ae288e17bc,True,280,87,48,39,55.2,0.27,-16179.94,11,1767575762112,1788256297043,239.4,-5270.05,0.326,70964.065681,2,14786.56,20.8,False,True,False
0x867f220789c25e23f2f5fb01ba75891a01c19a9c,True,486,184,127,57,69.0,1.21,1164.02,3,1787381734306,1787792311084,4.8,-1259.61,1.082,0.0,0,0.0,,False,False,False
0x86a38222db92ae50413f37db8dca7d2a14b412ee,True,2000,1040,998,42,96.0,1.46,4380.1,2,1776844436189,1777917625455,12.4,-623.8,0.142,0.0,0,0.0,,False,True,False
0x86d069b5f3ebf13bbb62e895aae29e1ffaf97861,True,2000,870,676,194,77.7,0.52,-40965.01,9,1758462877850,1788715934371,350.2,-51072.35,1.247,0.0,0,0.0,,False,True,False
0x86e3efab43cffa624124c5271bb5462e6b3225d3,True,2000,1119,556,563,49.7,0.72,-10255.48,11,1787688125494,1788381139590,8.0,-1502.31,0.146,0.0,0,0.0,,False,True,False
0x86f181c6056c25b2ba45d9bbd5f111736c337648,True,2000,841,719,122,85.5,0.13,-8574.89,2,1785941430227,1786378788495,5.1,-1362.52,0.159,0.0,0,0.0,,False,True,False
0x870e06945a0a374acf3da645cdec29bbffa75a6e,True,2000,1055,171,884,16.2,0.01,-63185.82,9,1788000014173,1788525012433,6.1,-10040.71,0.159,0.0,0,0.0,,False,False,False
0x87245ba683435df5dbed67d8fc2fc4147c65f62e,True,912,536,384,152,71.6,1.52,4777.74,5,1772869255694,1778245548654,62.2,-2686.98,0.562,0.0,0,0.0,,False,True,False
0x87328eaa080dfa2fb18159c97ef47f75a47c245c,True,1973,797,366,431,45.9,3.82,25059.68,11,1781276927449,1787879185083,76.4,2189.71,0.087,0.0,0,0.0,,False,False,False
0x874226b22939904f436ff0434e1fd0ab257c8427,True,2000,315,204,111,64.8,1.9,3343.1,4,1787766395810,1788742265507,11.3,720.84,0.216,370975.805639,2,19808.4,5.3,False,False,False
0x87598a46bb677c6573e680c7a230ff28ca53cd54,True,95,40,24,16,60.0,0.43,-4599.65,8,1770212617228,1787932501663,205.1,-1713.72,0.373,0.0,0,0.0,,False,False,False
0x877129026b8cb3ff1ed6c44c4a968bb92d67a302,True,2000,883,589,294,66.7,23.07,98318.57,7,1788041976679,1788768444645,8.4,8775.85,0.089,0.0,0,0.0,,False,True,False
0x8793fd326c5860ccff809af4c1b6552dcb710cd9,True,2000,885,560,325,63.3,2.11,58230.91,28,1783606988940,1788784064201,59.9,19417.79,0.333,0.0,0,0.0,,False,True,False
0x87a71c51075a4ffe2f7cb63059528cc78139069f,True,937,263,140,123,53.2,1.43,6358.61,1,1783401178539,1785506496685,24.4,3168.76,0.498,0.0,0,0.0,,False,True,False
0x87bb2336b833eaf049a7c8af78e58a2830c8b299,True,2000,809,424,385,52.4,0.7,-9509.39,1,1782406893058,1782467298503,0.7,-1821.95,0.192,0.0,0,0.0,,False,False,False
0x87d8043004b95753bd2a73e446ba8f2d8b0c77e1,True,2000,1011,372,639,36.8,0.92,-940.28,26,1733714687546,1775887593701,488.1,-847.75,0.902,0.0,0,0.0,,False,True,False
0x87e8b39e166388f9fe6e57c291afc441c9e3a515,True,2000,852,317,535,37.2,1.11,975.06,9,1785373945052,1787741391818,27.4,1203.06,1.234,9206.446458,1,42155.22,457.9,False,False,False
0x88008a1f688745e7741b966c5d86e58c1f45e3c9,True,1273,610,575,35,94.3,2.7,2501.93,7,1745147868054,1777917236015,379.3,-466.73,0.187,0.0,0,0.0,,False,True,False
0x880dcf78edcaa1d3b9965595850a8810a6c8ee09,True,2000,825,752,73,91.2,0.25,-63136.77,4,1757537134208,1788764653896,361.4,-32036.88,0.507,540.504272,1,-80.26,-14.8,True,True,False
0x881cd92459f09622680e711458b22c5335fba65b,True,2000,1095,659,436,60.2,4.16,18963.13,3,1787673643722,1788791479995,12.9,897.1,0.047,115712.932477,3,-4739.43,-4.1,False,True,False
0x882de142969b3e7f29a11f81ae10a3d0451402c4,True,2000,1007,335,672,33.3,0.9,-718.86,33,1777282139636,1787296630442,115.9,295.22,0.411,0.0,0,0.0,,False,True,False
0x88399c5f68ababe23483f36e5b3bd4f01dccfcf3,True,2000,694,493,201,71.0,5.03,51011.45,17,1778108441810,1788560798004,121.0,21644.29,0.424,6169.433042,1,1787.03,29.0,False,True,False
0x884e394b8f0224d5081722449495dfad7b441553,True,2000,770,601,169,78.1,0.52,-39296.8,14,1769766302593,1784242108783,167.5,-15861.69,0.404,0.0,0,0.0,,False,True,False
0x8861153d95c73afa5d6d0a67d8515008d289a49f,True,2000,1306,902,404,69.1,1.42,15976.94,26,1744624558838,1788685887445,510.0,3264.45,0.204,13558.198493,1,-10173.56,-75.0,True,True,False
0x8877ad0e9e276a5aceb8c3a2bdaf097fcdf3e8d1,True,2000,807,412,395,51.1,1.23,4665.06,3,1788078549560,1788641495825,6.5,-1307.97,0.28,381785.650196,1,-16186.19,-4.2,False,False,False
0x888e000c78b8f1aada5b3c99f880794907b76d77,True,2000,788,478,310,60.7,1.69,40457.41,19,1787751627011,1788556818683,9.3,20374.07,0.504,626739.749159,45,293758.0,46.9,False,True,False
0x88aa87a2a237612cdd6d250fa12bf36309339b4f,True,2000,1025,505,520,49.3,1.17,3924.54,15,1762184543590,1788654648378,306.4,1825.82,0.465,5338.538787,1,300.88,5.6,False,False,False
0x88bf5a2e82510847e5dcbf33f44a9f611f1c1df5,True,2000,968,512,456,52.9,2.53,72959.52,14,1753902244781,1788583797769,401.4,8084.25,0.111,0.0,0,0.0,,False,False,False
0x88e46f14c1eb489cff197897f66f78e5cd4826a8,True,2000,1123,887,236,79.0,3.39,41424.74,15,1770931389691,1786489385817,180.1,2260.76,0.055,0.0,0,0.0,,False,True,False
0x890154e4179452858eea60ed81b8e366010d0b8e,True,2000,978,618,360,63.2,0.33,-78333.62,14,1756071292010,1788720585085,377.9,-39935.63,0.51,33744.673133,2,19805.94,58.7,False,True,False
0x891a46617b6997f1d809147bb0c9d62e4af2271a,True,2000,1234,670,564,54.3,0.38,-107591.87,42,1773543828932,1788652800016,174.9,-20170.88,0.187,0.0,0,0.0,,False,True,False
0x892eaeecbdaadc89b0834385bea2031ed0a19194,True,2000,348,286,62,82.2,3.1,118891.92,3,1784727351910,1785861820414,13.1,37073.71,0.312,0.0,0,0.0,,False,True,False
0x8949d1512beab815c7e6546f0746036d677ba24d,True,1434,732,341,391,46.6,0.41,-17070.49,7,1774523160032,1780383517233,67.8,-6465.92,0.379,1e-06,0,0.0,0.0,False,False,False
0x895daff2fbe528aa544b66e23c7af9a99af586ad,True,2000,618,365,253,59.1,0.11,-47350.06,15,1787363944683,1788714231002,15.6,-8958.76,0.189,0.0,0,0.0,,False,True,False
0x896e80ff10d7fb973467e1d2591a73961d3df882,True,2000,448,255,193,56.9,19.56,42188.59,18,1770301516198,1787587424330,200.1,8730.29,0.207,0.0,0,0.0,,False,False,False
0x897edf74f7ccc4a1b84154ea63a777ca5e53de99,True,2000,735,459,276,62.4,0.35,-133765.58,9,1777789255735,1787146995578,108.3,-31849.04,0.238,0.0,0,0.0,,False,True,False
0x89954b3a665716e6f7034a3f15fba1a95d0ad6a1,True,1776,840,449,391,53.5,1.22,5138.97,12,1778128367006,1782983811024,56.2,-3108.44,0.605,0.005044,0,0.0,0.0,False,True,False
0x89a3eedd7d92dbe48946f0eb6dce759a64840471,True,2000,969,567,402,58.5,1.41,7768.3,12,1787522499706,1788732613160,14.0,2049.18,0.264,34252.031129,4,-11005.59,-32.1,True,False,False
0x89ad489b12e8112e7cefc58b03c689976ad43e60,True,2000,924,729,195,78.9,0.55,-5174.86,28,1773326205161,1787370371974,162.5,-1964.0,0.38,0.0,0,0.0,,False,True,False
0x89c1b4ac0850aef084e1571a31b1cb11f187c4c4,True,1653,927,544,383,58.7,1.17,6378.31,23,1714706663331,1785369600016,817.9,3753.71,0.589,0.0,0,0.0,,False,True,False
0x89da5405f1fdb0644c0e7813cf5414311187a5bd,True,2000,885,535,350,60.5,0.83,-5561.19,23,1774284023290,1788780065880,167.8,-5035.15,0.905,38241.765397,5,12399.21,32.4,False,True,False
0x89ee59cec3a09baa4a46fbd9d435b80883fbab70,True,1100,484,214,270,44.2,2.11,6908.81,17,1741854821879,1784290577151,491.2,2257.36,0.327,0.0,0,0.0,,False,False,False
0x8a0b767ae0c123114cfa257280c066def504d8f3,True,2000,1065,447,618,42.0,2.68,22073.07,6,1786305858204,1788525730048,25.7,1301.56,0.059,4615.030127,2,4921.23,106.6,False,False,False
0x8a23c0cc334bafebd9279a0c1f2fdaaabf7ad4b2,True,2000,829,134,695,16.2,0.45,-10417.44,10,1780699156375,1788784692858,93.6,-1286.05,0.123,46794.386995,1,-58.17,-0.1,False,False,False
0x8a44b47cc5a84e0082a7d578db02958837c9f4e1,True,2000,758,307,451,40.5,0.62,-4796.62,1,1780449932047,1788790222110,96.5,1466.58,0.306,15.93181,0,0.0,0.0,False,True,False
0x8a561555bebe4bfe57b598773304ce935f9eb80c,True,2000,893,292,601,32.7,0.58,-3363.92,24,1781233193709,1782659826697,16.5,-357.26,0.106,0.0,0,0.0,,False,False,False
0x8a768e4ddf9873aff21f134f2c9fddee47a5c3a4,True,2000,892,286,606,32.1,1.0,-14.69,11,1780070253985,1788790931455,100.9,689.33,46.919,1150.456513,1,162.65,14.1,False,False,False
0x8a94c69e0801c800420f427b9015f6e8664c47d8,True,2000,1028,509,519,49.5,2.38,8434.44,51,1787303012719,1788776562084,17.1,878.34,0.104,191011.643131,50,14721.09,7.7,False,False,False
0x8aa2c52132a225025050f704dd2fda40236900a7,True,1696,884,440,444,49.8,1.29,2496.83,7,1782287817805,1784295410484,23.2,-630.98,0.253,0.0,0,0.0,,False,True,False
0x8ab117ae3af056395dc23cd79ba07bda3a95d9f3,True,2000,1539,1287,252,83.6,2.65,194737.84,10,1766106613641,1788704399032,261.5,-7540.9,0.039,24525.77556,1,-15867.0,-64.7,True,True,False
0x8ac1dc892d6f9a19477bfac835edf1d42fb10de2,True,2000,976,527,449,54.0,0.72,-43608.05,13,1775589679078,1782395644888,78.8,-22553.83,0.517,64661.396345,0,0.0,0.0,False,True,False
0x8ae19b53d63b78cc6a78fad0cc8d3bebdf537c87,True,2000,1035,594,441,57.4,1.0,-9.31,16,1782917379042,1788766872157,67.7,-720.83,77.427,2226.572882,6,-34.83,-1.6,False,True,False
0x8aed325c5a04079de4db75453e5aa23d0d06de8e,True,1791,745,486,259,65.2,0.89,-8079.47,6,1770947177725,1775391673688,51.4,-13657.82,1.69,0.0,0,0.0,,False,True,False
0x8b04e30e67f32bcc73f7480308fa1d4d36b985a3,True,2000,1530,1280,250,83.7,3.89,6707.3,31,1776535294328,1782372203374,67.6,1244.1,0.185,0.0,0,0.0,,False,True,False
0x8b129ff044208391685fe5d0fb7ab7af69cef405,True,808,411,158,253,38.4,0.47,-3562.09,6,1780472900876,1780749334569,3.2,-694.88,0.195,0.0,0,0.0,,False,True,False
0x8b29b1ce21026177030bc75f00f9477790512942,True,2000,904,472,432,52.2,2.23,9962.35,2,1785892944869,1787542133447,19.1,1831.21,0.184,0.0,0,0.0,,False,False,False
0x8b3bdc6032e1c6c3964ad7a063beb7bdce4953a6,True,2000,1118,337,781,30.1,0.48,-5069.07,10,1782664646414,1786556031540,45.0,746.08,0.147,0.0,0,0.0,,False,False,False
0x8b63648a6d9d9a09a736132ee1e958fbf931b37d,True,2000,857,416,441,48.5,1.1,6514.16,8,1781598182264,1787630627786,69.8,6320.29,0.97,0.0,0,0.0,,False,False,False
0x8b6cae259a98506962168924bda47954c6626da5,True,2000,1031,653,378,63.3,1.54,30722.96,9,1780305234579,1788564738905,95.6,7571.58,0.246,44778.297321,3,12155.81,27.1,False,False,False
0x8b81e2609a284e83f7a1b8ce384664c79a944eb4,True,1201,577,433,144,75.0,0.78,-6393.84,25,1735543862482,1788663879107,614.8,-5881.71,0.92,1598.027057,1,22.09,1.4,False,True,False
0x8b91cec98fa4097e224fa08e9225e8720fa27e21,True,2000,598,385,213,64.4,0.24,-2544.77,46,1788725970860,1788791673570,0.8,-240.67,0.095,200673.835497,44,-44966.39,-22.4,True,False,False
0x8ba511b2f28e76327a859b4b1ab07df392db94c6,True,1557,731,488,243,66.8,0.86,-1813.32,27,1782279154639,1788743974683,74.8,1129.07,0.623,0.0,0,0.0,,False,True,False
0x8bc494b9d6773357aa6d828a7a0b0bb120f64ab3,True,2000,989,418,571,42.3,1.19,486.31,51,1785831342000,1788775657762,34.1,145.26,0.299,31614.294208,50,2439.49,7.7,False,False,False
0x8bd30fc805e672e1d978138ecbedcb48479ce275,True,2000,1653,1293,360,78.2,44.87,94747.02,3,1788690927601,1788790172806,1.1,107.67,0.001,0.0,0,0.0,,False,False,False
0x8be60bbb99e58a249e3508c1f233ec5c52a2ec64,True,2000,1025,420,605,41.0,1.13,246.29,52,1785228981016,1788775900366,41.1,98.5,0.4,26915.058679,50,1676.95,6.2,False,False,False
0x8bffefd54ab61dbb8de6efe7b708375cfda361b6,True,340,149,121,28,81.2,2.44,23164.75,15,1734297721370,1787702400048,618.1,6217.32,0.268,0.0,0,0.0,,False,True,False
0x8c1144518360000d4c6075666e567e0f06f01684,True,2000,321,281,40,87.5,14.01,74604.75,21,1738326229714,1787702400048,571.5,10838.03,0.145,30917.612809,3,-9013.06,-29.2,True,True,False
0x8c24b8c652400dd8376d254d96e62c39b8e85ac3,True,675,223,0,223,0.0,0.0,-3507.54,2,1786063782503,1786092604069,0.3,-720.32,0.205,0.0,0,0.0,,False,False,False
0x8c39de79509631f3007145ce2d2ad3f9f0db0f29,True,2000,885,165,720,18.6,0.33,-16036.49,7,1781545486466,1787922401204,73.8,-1913.07,0.119,0.0,0,0.0,,False,False,False
0x8c5c59efb10721d10e85a21b9383c776691400e0,True,2000,946,412,534,43.6,2.11,10891.65,16,1780879573555,1788667745509,90.1,1145.0,0.105,0.0,0,0.0,,False,False,False
0x8c80b412e0b86eb4b6e32a80930015565d6aa5f6,True,2000,971,328,643,33.8,0.52,-11701.43,25,1764432559520,1781781302094,200.8,2579.9,0.22,0.0,0,0.0,,False,True,False
0x8c94949ef16f7e5711cb1dd1eec44f69bba173b0,True,2000,963,0,963,0.0,0.0,-104637.48,2,1788094812927,1788279700259,2.1,-7539.75,0.072,0.0,0,0.0,,False,False,False
0x8cb7566b1c467b864923ac589566a8d24bfca7b7,True,2000,992,320,672,32.3,0.42,-4961.9,17,1774267889376,1775603452105,15.5,-568.01,0.114,0.0,0,0.0,,False,True,False
0x8cbfdbe1601544b40d8f31d6d3d2988002bf1aad,True,285,179,113,66,63.1,3.69,195.14,2,1774046764016,1774567766288,6.0,16.41,0.084,0.0,0,0.0,,False,False,False
0x8ccb43dfd5ba4ee9331b9cf4740d8be1eb8394e7,True,2000,1123,505,618,45.0,0.59,-53119.98,6,1777850406142,1788695186775,125.5,13540.24,0.255,32821.756829,1,7381.31,22.5,False,True,False
0x8ce67546db30a50b5ae6cb66afbec978f86e55fc,True,748,452,150,302,33.2,2.27,9199.44,6,1776346124815,1776833476948,5.6,1649.67,0.179,0.0,0,0.0,,False,False,False
0x8cfd96755d68d43811a83b325e35384a8f137148,True,2000,775,351,424,45.3,0.91,-1414.35,14,1781009837305,1787487909324,75.0,794.19,0.562,0.0,0,0.0,,False,True,False
0x8d0e342e0524392d035fb37461c6f5813ff59244,True,2000,1007,541,466,53.7,0.07,-142687.27,5,1782043463010,1782604800067,6.5,-8618.51,0.06,0.0,0,0.0,,False,False,False
0x8d419cf4f76764e11216f3dbfb562c6d1be790ff,True,2000,998,494,504,49.5,1.22,30424.34,25,1736434147801,1788231328344,599.5,-15673.88,0.515,0.0,0,0.0,,False,True,False
0x8d5426de4b42335865700f5f4cc4be52669bfcd0,True,684,310,100,210,32.3,0.31,-12736.09,18,1774619217597,1782391796678,90.0,-3855.46,0.303,0.0,0,0.0,,False,True,False
0x8d69b5ad434b360f03dda174c42cc07d4434edd3,True,2000,1292,146,1146,11.3,0.05,-246271.44,3,1773718461940,1773845433575,1.5,-13465.7,0.055,0.0,0,0.0,,False,True,False
0x8d7f2aa70751da5a08005a31c7fc876e9b380c2c,True,2000,994,307,687,30.9,0.58,-6621.02,30,1776157910501,1778489022652,27.0,-2099.55,0.317,0.0,0,0.0,,False,True,False
0x8d8ee16d1850c0cff9888d0e611ff6e77323258f,True,165,62,43,19,69.4,0.97,-7.89,1,1787160875255,1787354918810,2.2,-51.8,6.564,0.0,0,0.0,,False,False,False
0x8da852b36c05d7f0ad9b7b00614d53e213e2c1e2,True,2000,882,290,592,32.9,1.2,2033.5,3,1780760578129,1788488689974,89.4,1167.67,0.574,0.0,0,0.0,,False,False,False
0x8db8f39a58fd93a1c0acbff72c2577d169eafca0,True,1558,778,461,317,59.3,2.42,11264.12,11,1776748469048,1784818102034,93.4,1706.28,0.151,0.0,0,0.0,,False,True,False
0x8dd9a23d28c7997f3b44c51f14d32891e8677aac,True,2000,571,337,234,59.0,0.12,-89114.51,20,1786954390481,1788791838574,21.3,-22571.97,0.253,178238.787185,1,-1037.03,-0.6,False,True,False
0x8def9f50456c6c4e37fa5d3d57f108ed23992dae,True,2000,2000,841,1159,42.0,0.08,-162780.5,2,1788676040974,1788742746560,0.8,-457.57,0.003,13748799.008432,1,-14749454.66,-107.3,True,False,False
0x8e07948decfaa33041d3148567e418769734c7fa,True,1957,918,651,267,70.9,1.96,37515.9,5,1787598552353,1788768521232,13.5,-4864.0,0.13,26808.117425,2,-2687.5,-10.0,True,False,False
0x8e19ea70013d2cbfb857c9e320910f69c99c06d8,True,2000,842,308,534,36.6,0.96,-547.83,33,1787324732451,1787635705891,3.6,1748.18,3.191,0.000704,0,0.0,0.0,False,True,False
0x8e2d149643f6543d55115d74268b5ff5cc963e14,True,2000,1121,445,676,39.7,0.23,-71852.49,8,1785795890121,1786045141340,2.9,-2738.19,0.038,0.0,0,0.0,,False,True,False
0x8e436e9cbbcbaeebeb56dcf73e1ce9006274a6c2,True,2000,969,322,647,33.2,2.55,10515.1,48,1750528449748,1781521652304,358.7,1788.89,0.17,0.0,0,0.0,,False,True,False
0x8e5f1390b79cd90d447f92b612b74c7a6756e104,True,2000,854,277,577,32.4,0.65,-16886.44,11,1781604196810,1782742385634,13.2,3438.4,0.204,0.0,0,0.0,,False,True,False
0x8e6f0cd563201cae5095795d691cda21d1fbed09,True,822,341,251,90,73.6,6.2,25573.77,17,1757383189697,1782784882824,294.0,3520.68,0.138,0.0,0,0.0,,False,False,False
0x8e80c4b533dd977cf716b5c24fd9223129272804,True,2000,1342,627,715,46.7,1.0,2.16,1,1788571191924,1788791954142,2.6,-20.17,9.343,5955.899889,1,-31.69,-0.5,False,True,False
0x8e9c5b74a5c0eda6942a632cc7ba93fcaa66a0c0,True,2000,981,981,0,100.0,inf,540193.78,3,1781677635085,1788737108029,81.7,12676.62,0.023,0.0,0,0.0,,False,True,False
0x8eb5d539c301665189f8743696b60ec97639020d,True,2000,987,713,274,72.2,1.63,278.06,6,1778772196303,1780655914400,21.8,-24.74,0.089,0.0,0,0.0,,False,False,False
0x8ecec0c9367490d2044aaff4030ad0becc33218b,True,2000,839,813,26,96.9,92.5,232723.26,8,1787785957136,1788703483069,10.6,30705.5,0.132,393116.450003,7,213685.66,54.4,False,False,False
0x8eedc3a70b78fa18fcae858aac983ce4c8a82e5e,True,2000,927,259,668,27.9,0.66,-9521.7,81,1780340896626,1788787680287,97.8,-1544.15,0.162,9404.076374,9,-293.09,-3.1,False,True,False
0x8f06a1288ce2c7ad8d98e55c1c426346591bc4fa,True,977,435,118,317,27.1,0.09,-7887.59,6,1781523678953,1782172800019,7.5,-424.55,0.054,0.0,0,0.0,,False,False,False
0x8f21994745d88e11045c26d3d4bd519b5fed925d,True,1494,672,445,227,66.2,5.95,30945.76,10,1752318933358,1777519200637,291.7,1416.44,0.046,0.0,0,0.0,,False,False,False
0x8f30e3c6f7ab753153b80399bb45f5f680810da1,True,671,259,84,175,32.4,0.37,-9857.43,8,1734114652296,1776722512948,493.1,-1450.29,0.147,0.0,0,0.0,,False,True,False
0x8f4e2300349aafe38f81be31b29433859e75f2db,True,2000,695,374,321,53.8,0.12,-53600.96,10,1783622932942,1788518378643,56.7,-8332.04,0.155,11456.667321,1,-19162.76,-167.3,True,True,False
0x8f63b52142f44e5c4be705fe4c1ad6eb0bc47e29,True,2000,1231,515,716,41.8,0.65,-16966.99,5,1780259797960,1787611815017,85.1,-2361.5,0.139,0.0,0,0.0,,False,False,False
0x8f77c9e21f6ca4cc14c78969aefb2b51a2b09a49,True,1433,757,428,329,56.5,1.23,5376.63,8,1776027856666,1780445030529,51.1,-7832.33,1.457,0.0,0,0.0,,False,False,False
0x8f8d2d2565bfb10608a7ce64b48e2aea7875a344,True,2000,981,662,319,67.5,3.44,66728.35,5,1784310991258,1788743426018,51.3,5172.62,0.078,79027.81625,1,-8203.75,-10.4,True,True,False
0x8fa189588d20c67a0cc66cb07ed1e73a05f84bf3,True,442,249,86,163,34.5,1.27,201.18,5,1774182398777,1776811874142,30.4,393.01,1.954,0.0,0,0.0,,False,True,False
0x8fb20c72139b2a971ab814503d61111349f8cc78,True,1692,818,496,322,60.6,0.78,-8285.96,72,1706000423223,1788754095927,957.8,-6506.56,0.785,6518.494476,1,-257.76,-4.0,False,True,True
0x8fd22b0c744a2fea4e4bc5c23710771654727ddb,True,1141,606,348,258,57.4,0.81,-10401.89,11,1769052225254,1781246660176,141.1,-9235.11,0.888,0.0,0,0.0,,False,True,False
0x8fe20edfbfeb7fd1f66cba1d702ece07674ac7d3,True,1454,288,263,25,91.3,33.22,7372.84,3,1787154423042,1787690671093,6.2,1471.75,0.2,48457.660808,1,17273.94,35.6,False,False,False
0x8ff1d5d5e2df31a4139662f4beae247ad8ccab24,True,2000,1089,982,107,90.2,8.67,147549.45,5,1767119346856,1777792944793,123.5,3849.38,0.026,0.0,0,0.0,,False,True,False
0x9011196ab9fdc60db56e8b92ec2680de6d49407a,True,1454,871,581,290,66.7,2.53,50410.26,10,1773258289071,1787482343393,164.6,-9593.48,0.19,0.0,0,0.0,,False,False,False
0x901ce902ba8e970972131b0bfe24641ceb1baeab,True,2000,894,534,360,59.7,2.15,9552.3,50,1760208776795,1788740147435,330.2,-747.52,0.078,2671.410472,0,0.0,0.0,False,True,False
0x9031a11765816d5f57fdfd7f0ce4b8f375a0bacc,True,2000,1138,805,333,70.7,2.31,34631.95,4,1788526553745,1788739592990,2.5,633.39,0.018,783583.117539,3,-29866.76,-3.8,False,True,False
0x903fc3805b29ca6e9c967cdc451a119a0069f508,True,561,247,179,68,72.5,22.32,36747.29,9,1770391440088,1787136840103,193.8,3432.37,0.093,44503.645992,1,-86224.87,-193.7,True,True,False
0x905f996c9e2452b42e93a877c53fa650940f8b1e,True,2000,1258,484,774,38.5,0.13,-224097.96,6,1771593759321,1772825930803,14.3,-6880.5,0.031,1e-06,0,0.0,0.0,False,False,False
0x90712fd8328e605e846537dee8601b86f3c831cd,True,1013,370,188,182,50.8,0.76,-3852.42,7,1777902002869,1778675465207,9.0,1946.51,0.505,0.0,0,0.0,,False,False,False
0x9080c43650ebd4ee6e4d894bacf3b731a4942307,True,1812,1068,416,652,39.0,0.53,-36554.54,8,1780847665935,1788337160150,86.7,-7503.86,0.205,0.0,0,0.0,,False,True,False
0x90abcf1598ed3077861bcfb3b11efcd1d7277223,True,2000,1062,432,630,40.7,0.87,-16171.0,13,1776903397147,1788659097115,136.1,-9301.6,0.575,29308.751957,2,37536.78,128.1,False,True,False
0x90c639a9bbcc9c65a6264dadeda052f9728064cd,True,1338,692,0,692,0.0,0.0,-50573.83,2,1787481755278,1787646036646,1.9,-5452.56,0.108,0.0,0,0.0,,False,False,False
0x90d9a0dd139569e581c9dee41c7020c024259673,True,2000,934,326,608,34.9,0.5,-42105.78,6,1782915471365,1783638271035,8.4,5382.18,0.128,0.0,0,0.0,,False,True,False
0x90fbf3a194dab1db8a4ff06d8ced09273b0b55b3,True,2000,976,509,467,52.2,0.79,-2522.76,5,1778403541164,1788732940298,119.6,-885.8,0.351,623.237411,1,-75.89,-12.2,True,True,False
0x911b34dcbb82c769657dc18f7d549df4fdb078b2,True,2000,998,529,469,53.0,1.66,14043.93,13,1770361312617,1774086903689,43.1,2832.39,0.202,0.0,0,0.0,,False,True,False
0x913651604210961e1e737a5e91549abc67b88f9c,True,729,405,242,163,59.8,0.73,-1873.35,2,1785408761559,1788627301787,37.3,-1184.23,0.632,3139.077659,1,-473.51,-15.1,True,True,False
0x91487668dc7f16e26b8ce5feb39cef66163f1b74,True,2000,849,482,367,56.8,0.2,-17703.0,15,1786970511675,1788788368486,21.0,-3610.28,0.204,52.119419,1,-5.88,-11.3,True,True,False
0x915af9496dcd4a635526056d4ac9d2fd14083003,True,2000,983,458,525,46.6,0.54,-14820.83,27,1760159519607,1784790128570,285.1,-1498.74,0.101,0.0,0,0.0,,False,True,False
0x91703ae18fb32d3d61e80f4ec641805106b984d2,True,2000,1066,329,737,30.9,0.49,-45088.48,3,1749524089462,1788448960284,450.5,5542.0,0.123,1945.656418,1,773.02,39.7,False,True,False
0x918b3db1d54768b227c1a37908e1b507d612f2fe,True,2000,938,747,191,79.6,1.09,285.61,101,1786145736865,1788790462614,30.6,-453.74,1.589,910.659508,9,-6.96,-0.8,False,True,False
0x9196fddbea0d73e682d0fa09fad7846a159e4c8f,True,2000,926,494,432,53.3,0.92,-2973.2,24,1763715534420,1788438733241,286.1,-7091.92,2.385,0.0,0,0.0,,False,True,False
0x91a7678ced1003ba8bedae302b43dab83f16d681,True,1899,856,622,234,72.7,1.75,22577.38,23,1773114777881,1788096830746,173.4,-4341.28,0.192,0.0,0,0.0,,False,True,False
0x91b7f94560bab8381b3b225f775b32e84ac45a77,True,2000,898,305,593,34.0,1.06,460.34,1,1772623504759,1788772440938,186.9,1789.17,3.887,314.342212,1,-34.76,-11.1,True,True,False
0x91cb098c203aa4f083c232e902f31f3e4b04782f,True,2000,915,439,476,48.0,1.49,17618.18,34,1775046482780,1788071695203,150.8,2822.07,0.16,0.0,0,0.0,,False,True,False
0x91f564e80ed5e98eb22fde0857e1a87047f2df13,True,2000,1024,658,366,64.3,1.71,59315.38,8,1781887590787,1788480000030,76.3,6868.15,0.116,0.0,0,0.0,,False,True,False
0x91ff7d0e533f3abdb28b1a43cab11f3911582616,True,932,629,326,303,51.8,1.06,2190.22,23,1741742587174,1779379730645,435.6,8677.91,3.962,0.0,0,0.0,,False,True,False
0x9219e5840b07351a6525fe958603bd0986cb24b8,True,2000,1511,746,765,49.4,0.13,-1588090.68,5,1755564834978,1785193233767,342.9,-211432.42,0.133,176020.788633,1,68403.09,38.9,False,True,False
0x922c8fa6bafbc4251f9ea8ced4ae342326d57fad,True,2000,1008,510,498,50.6,1.4,7255.52,19,1772066388530,1782691200001,123.0,1465.1,0.202,0.0,0,0.0,,False,False,False
0x923d94cf7faab38f55babd9461b0d7870bc80de4,True,2000,1006,390,616,38.8,0.94,-212.4,51,1785746702880,1788779365163,35.1,158.95,0.748,32229.96099,50,4916.12,15.3,False,False,False
0x9266865bb6afb4c4f618544dd3b8c970f17aa664,True,2000,1003,455,548,45.4,0.91,-190.23,41,1788786907182,1788792388035,0.1,-68.96,0.362,206135.377463,32,-14099.53,-6.8,True,False,False
0x9282317af4632cd493618c7c05935eb021551c93,True,2000,491,391,100,79.6,4.05,18432.95,53,1782190021385,1788674410158,75.1,3447.23,0.187,4172.008987,1,-4395.57,-105.4,True,True,False
0x9298260dd7abbc0b23ccce66f822dedfaac499ba,True,678,305,140,165,45.9,2.05,5233.72,7,1771867063966,1787176053221,177.2,4906.42,0.937,0.0,0,0.0,,False,False,False
0x92ae4209e3a5760903aff0c423312392eb3f86a8,True,2000,1346,513,833,38.1,1.5,23787.65,27,1785977946622,1788641655419,30.8,3566.9,0.15,67253.216769,4,48552.91,72.2,False,False,False
0x92c7d53dc3bac14722b281e74a3feba8f7ba040e,True,2000,1243,620,623,49.9,1.84,70.33,1,1783929272046,1784032843814,1.2,15.71,0.223,0.846796,0,0.0,0.0,False,True,False
0x92d8c46701a992e007849ab09d5cc578d5330cdf,True,2000,901,844,57,93.7,3.85,26470.84,3,1779282226077,1788715400255,109.2,-4199.45,0.159,27342.682115,2,-29217.15,-106.9,True,True,False
0x92ef4f6ca72fb1621742881984c804fac56e3276,True,2000,1010,526,484,52.1,1.24,5593.99,18,1782814654382,1788770212535,68.9,2729.31,0.488,19.422481,1,-2.23,-11.5,True,True,False
0x9313de3a080ddece88778e2341067d90fc68b6ed,True,2000,703,362,341,51.5,0.36,-17403.34,28,1788287827474,1788750509764,5.4,-2608.08,0.15,46932.513636,11,8938.43,19.0,False,True,False
0x932f494c21e85a5f0e099d39dd0fd6a85dc7b104,True,1694,845,513,332,60.7,1.26,6919.16,33,1761629175885,1788753945320,313.9,2965.26,0.429,34446.581513,9,32927.47,95.6,False,True,False
0x9348699173963e7cd882e776ab44a835985df0a2,True,2000,976,272,704,27.9,0.68,-28832.48,37,1734706539213,1788732601831,625.3,12407.54,0.43,0.0,0,0.0,,False,True,False
0x93632628516a47cbf059db47426ff83e0969ec74,True,2000,1024,335,689,32.7,0.16,-29304.23,45,1755151312802,1788377932697,384.6,-4193.78,0.143,0.0,0,0.0,,False,True,False
0x9378fa8c6f9eb4032884720d296469a9a4786db3,True,160,97,59,38,60.8,0.69,-1385.51,5,1774626009082,1788656927806,162.4,1685.99,1.217,38445.186728,1,4671.7,12.2,False,False,False
0x938bc7ec8a30aed3cad4af5955b45f1b323e495c,True,2000,983,611,372,62.2,1.0,41.17,3,1772224843442,1773912869989,19.5,-499.77,12.138,0.0,0,0.0,,False,True,False
0x93a02dd567c71f4a4e8cd3ce5784856c1fd286d4,True,2000,1058,493,565,46.6,0.73,-936.33,9,1779254146338,1781364839062,24.4,-162.14,0.173,0.0,0,0.0,,False,False,False
0x93cbc2d8436269a9393e3e1abad8e66920fcce64,True,1142,400,78,322,19.5,0.42,-12058.31,9,1758340947566,1788190423772,345.5,1512.41,0.125,8744.973682,1,-1486.22,-17.0,True,True,False
0x93dee4fa69b3474588763ad5a65e582dad8ef9eb,True,2000,1031,320,711,31.0,0.15,-67669.2,7,1778850437821,1779360813079,5.9,-4795.87,0.071,0.0,0,0.0,,False,False,False
0x94000e336c458cefdbf6207091198156b4bedc70,True,2000,1022,262,760,25.6,0.12,-44753.55,8,1778865976622,1778949963169,1.0,-5322.85,0.119,0.0,0,0.0,,False,True,False
0x9419a81222ebb2106f47c1441fef88019776f099,True,1465,690,340,350,49.3,1.28,23974.86,20,1734224131674,1788381508899,626.8,10892.86,0.454,0.0,0,0.0,,False,True,False
0x94268549632dd67121e1bbe5acc3e6d375c62a91,True,2000,767,384,383,50.1,2.3,1402.33,28,1788242785468,1788791461868,6.4,120.31,0.086,7236.28626,14,45.01,0.6,False,False,False
0x94465a1ea992a4e1a37fbce8fc2f687156b8b79f,True,2000,703,599,104,85.2,0.29,-89997.78,5,1759789426078,1788413944258,331.3,-77240.19,0.858,28014.241167,1,-29900.44,-106.7,True,True,False
0x9466140c8781e253fe426c87ac17ccba500140ff,True,2000,904,798,106,88.3,7.09,46421.46,12,1777902065665,1788352764081,121.0,8292.99,0.179,194971.225323,2,291630.77,149.6,False,False,False
0x94807f7942ebb6e381c8ffae0b0d4e6d773d8527,True,2000,1059,481,578,45.4,0.59,-4532.02,15,1785774327838,1787300003154,17.7,-1567.35,0.346,0.0,0,0.0,,False,True,False
0x9495c18e1b7e0b026f8eef3d087d9822c2b70da0,True,496,311,104,207,33.4,1.73,12776.87,16,1732513776604,1788747345106,650.9,-7582.82,0.593,9882.405796,3,-1581.87,-16.0,True,True,False
0x94bd6820cc6d9f8e59d53183cf93454e295e66a9,True,2000,953,471,482,49.4,3.32,54018.58,9,1787338413005,1788681082293,15.5,9898.7,0.183,0.0,0,0.0,,False,False,False
0x94d82270183f9549a1f01afe80f7a6d5f12cd3c0,True,2000,1113,513,600,46.1,0.58,-3642.73,5,1748550356388,1782494249834,392.9,-397.32,0.109,0.0,0,0.0,,False,True,False
0x94f60f4b9f1f177b4ed30ca7c79fec4741b23491,True,2000,1038,575,463,55.4,1.4,21858.13,17,1773632311241,1779475483174,67.6,-5677.28,0.26,0.0,0,0.0,,False,True,False
0x950793403dfaa533c7ef84e81272bf94f5b46466,True,2000,905,651,254,71.9,0.5,-77290.43,4,1779933432106,1780788964192,9.9,-8921.27,0.115,0.0,0,0.0,,False,False,False
0x951ecd3d7c0da1ebcf4d82a6f6229bed5b5de22f,True,2000,1262,499,763,39.5,0.55,-15255.77,9,1777692340374,1787356800028,111.9,-3273.39,0.215,0.0,0,0.0,,False,True,False
0x953590a196984764b5757f74bcecb2be1ed4b956,True,2000,838,456,382,54.4,0.52,-2137.21,28,1770535858718,1788400186994,206.8,-377.05,0.176,0.0,0,0.0,,False,True,False
0x9546b9d4103be41ce13483a8f299d0df0eeb181c,True,2000,608,261,347,42.9,3.35,27425.24,1,1788627027930,1788681435295,0.6,5362.57,0.196,3078542.637419,11,1932546.18,62.8,False,False,False
0x955302f48a919ea0b84000e2316c3ed1afe396a8,True,2000,1607,703,904,43.7,0.12,-167712.35,1,1761782732135,1774643344858,148.8,-16213.48,0.097,0.0,0,0.0,,False,False,False
0x9568ef803d55005ad31ff6cd14924b5e0172dd9f,True,661,260,113,147,43.5,0.61,-3809.32,12,1758954130847,1783860659042,288.3,-2214.88,0.581,0.0,0,0.0,,False,True,False
0x95820d150c474e739035eca96e85e2b6096ea97a,True,2000,1320,1026,294,77.7,0.45,-28934.98,16,1773761617971,1788791822573,174.0,-4636.92,0.16,4035.534571,5,1732.75,42.9,False,False,False
0x95995f302ad58138d791ce49f9f3b1274e80c60a,True,2000,1124,641,483,57.0,0.42,-1432220.35,3,1786695869107,1788792206753,24.3,-95238.64,0.066,2867088.005587,3,2423.37,0.1,False,True,False
0x95ba7989fba6e9942cff20cd1fafa9f7f0bfbc18,True,2000,698,399,299,57.2,1.98,8417.39,20,1782983091150,1788764643176,66.9,746.64,0.089,2626.617394,2,-107.79,-4.1,False,False,False
0x95ccaf0846757c74b33b146db85e757249b99c8a,True,2000,1417,446,971,31.5,0.11,-33345.03,10,1788643330969,1788746847137,1.2,-3697.52,0.111,213210.326364,4,94200.36,44.2,False,False,False
0x95db3fd96bdef0c40ba08887d5b9a72ca7df30b9,True,2000,932,502,430,53.9,1.47,1667.78,20,1776350831986,1788766719806,143.7,-345.12,0.207,0.0,0,0.0,,False,True,False
0x95f4a85cebf6c6f076b1c2fc1b0ccf7b02216200,True,2000,1017,427,590,42.0,1.18,484.94,52,1785660204044,1788775953644,36.1,141.52,0.292,31327.556981,50,2448.03,7.8,False,False,False
0x9606ec11006c2aa036212cf3c817891ed54c056b,True,2000,1400,792,608,56.6,1.03,2.44,8,1784480326635,1784750827105,3.1,-4.75,1.943,17.589139,2,-99.95,-568.3,True,True,False
0x9616d5c71583b7f4f5af526d272080e84c56eb83,True,915,312,242,70,77.6,1.95,2373.69,12,1747638811108,1780185600055,376.7,-1192.39,0.502,0.0,0,0.0,,False,True,False
0x9634a102b1be758b216e75b1879a81625f6402d7,True,305,168,118,50,70.2,0.46,-7332.45,3,1760900927456,1779367111750,213.7,-4159.89,0.567,0.009022,0,0.0,0.0,False,True,False
0x965608f48a7831a002a47f6a026b11ab01106f23,True,2000,1031,718,313,69.6,2.96,31823.25,1,1787300984255,1788792498984,17.3,646.64,0.02,43603.048885,1,-1231.68,-2.8,False,True,False
0x966567f33b3f1f99121ebbad85a87dccc2a530f4,True,2000,1091,366,725,33.5,1.36,22771.58,22,1768260238749,1788766270398,237.3,4621.69,0.203,18761.088338,4,2272.73,12.1,False,True,False
0x96861099243642b6425ddaebace5c1c47c4d40ab,True,25,19,13,6,68.4,0.74,-383.88,1,1765203808709,1776837356468,134.6,-827.25,2.155,93704.818908,0,0.0,0.0,False,True,False
0x96a929cb753017dd448672a645fb0a2cce6410ae,True,1600,894,599,295,67.0,0.47,-55649.45,20,1745490413969,1788366015580,496.2,-31442.23,0.565,9878.318741,1,-2918.53,-29.5,True,True,False
0x96bb30b12d5e5017b38f00799c869564077601a5,True,2000,750,713,37,95.1,1.6,6242.81,22,1783187552090,1788788886663,64.8,-4815.39,0.771,178.028882,2,8.79,4.9,False,True,False
0x96cbb5e3c769a6e23b06d01ba89d394e9ae5cb03,True,2000,1052,369,683,35.1,1.0,176.93,33,1762892764087,1781797650992,218.8,7505.11,42.419,0.0,0,0.0,,False,True,False
0x96d91a789218cca326d5bf9ecfedc44a20d73a8a,True,2000,1341,1282,59,95.6,15.1,272235.93,5,1787633250605,1788487497226,9.9,25908.67,0.095,91154.301102,1,-60677.36,-66.6,True,True,False
0x970181c8e347f026da8932b7a9352fafc5bc2a31,True,649,455,221,234,48.6,0.36,-15125.1,5,1779867532046,1785628800059,66.7,-3512.55,0.232,0.0,0,0.0,,False,False,False
0x971e0df0471d0dfeadd98faecbeb3486b22f88a7,True,51,33,29,4,87.9,7.29,10707.9,2,1749052411223,1787636281124,446.6,4394.65,0.41,0.0,0,0.0,,False,False,False
0x9730299b10a30bdbaf81815c99b4657c685314ab,True,2000,819,565,254,69.0,0.72,-892.68,129,1781998359276,1786968145561,57.5,-309.13,0.346,0.0,0,0.0,,False,True,False
0x974a543278197586c3f11ffd477968e17acd1ac6,True,1357,666,477,189,71.6,0.57,-6095.16,36,1712618327173,1788752315611,881.2,-8281.7,1.359,1745.286205,4,-431.1,-24.7,True,True,False
0x9774e28baaa1e722673e45ad8fdc7666b3aa252e,True,2000,1006,646,360,64.2,0.68,-106393.73,5,1763142488769,1780335813141,199.0,-27266.98,0.256,0.0,0,0.0,,False,True,False
0x9798fd492c9cfebb02e1d337c09896731c6f4680,True,177,61,42,19,68.9,2.82,21658.98,5,1755189077039,1779461179176,280.9,11188.0,0.517,0.0,0,0.0,,False,False,False
0x97b1419998d4c804336c6c22519d28277bacebd7,True,2000,933,366,567,39.2,0.07,-88701.4,12,1785591192826,1788536179769,34.1,-18627.7,0.21,0.0,0,0.0,,False,True,False
0x97bff6e46d556ad271f2b1d048c9129cdcf03e2f,True,2000,892,350,542,39.2,0.92,-2785.81,25,1784904588848,1787941316959,35.1,-18873.38,6.775,0.0,0,0.0,,False,True,False
0x97d9bb97f706b2c8b8cad7dec27561baa5c70960,True,2000,907,842,65,92.8,1.49,77832.99,13,1753516811531,1785456000072,369.7,-20514.72,0.264,0.0,0,0.0,,False,True,False
0x97ef8a49d8a95c926d8e6c3b17135e722b46d68c,True,1460,698,347,351,49.7,1.13,2043.9,2,1782751387683,1788625911335,68.0,1638.73,0.802,0.0,0,0.0,,False,True,False
0x97fec1cdc7537d89bb4bcd882adad7dbab2f6b53,True,2000,1034,292,742,28.2,26.85,30788.76,3,1786920639721,1787154216672,2.7,541.33,0.018,0.0,0,0.0,,False,False,False
0x980f6896bfa53b2c23384818cf1cbd18a58bd74d,True,502,222,86,136,38.7,1.23,1246.71,1,1787426998706,1788318290760,10.3,-1181.81,0.948,0.0,0,0.0,,False,False,False
0x9823344cf1797a6f85d9b6a3433c2b63c3d30c71,True,2000,1167,100,1067,8.6,0.16,-3648.71,3,1774142933739,1774196129896,0.6,125.66,0.034,0.0,0,0.0,,False,False,False
0x98399de6ca852dd8b7dd21225a32c28c95574b25,True,2000,861,512,349,59.5,3.63,115849.83,8,1782139608535,1788496389379,73.6,17506.82,0.151,0.0,0,0.0,,False,True,False
0x984ab9407abf0a07d56adcfd5b1369426a13c671,True,606,290,213,77,73.4,175.98,8553.6,4,1760140954205,1780444800019,235.0,1377.12,0.161,0.0,0,0.0,,False,False,False
0x985f02b19dbc062e565c981aac5614baf2cf501f,True,2000,1347,170,1177,12.6,0.03,-19979.09,7,1788691809794,1788792050524,1.2,-81.43,0.004,594507.962323,12,-50532.36,-8.5,True,False,False
0x986f7cd8debe091d50523447b978673f3935bc6b,True,2000,1269,1043,226,82.2,13.79,216855.23,8,1787786840374,1788566400005,9.0,11667.3,0.054,0.0,0,0.0,,False,True,True
0x988caf2d1aa1ffc52c666f67d9a3e13a72ba6e04,True,2000,1170,949,221,81.1,5.3,130357.73,12,1787845259923,1788708567989,10.0,10368.34,0.08,100821.893271,4,-10768.31,-10.7,True,False,False
0x98acf3222b1bad86509dbdd6de66de36b882517a,True,404,189,109,80,57.7,0.99,-4.6,19,1753350146446,1776966903393,273.3,38.65,8.411,0.0,0,0.0,,False,True,False
0x98c7a0c5ec68939d43f30488e673f59b668967ea,True,2000,987,665,322,67.4,4.41,7324.83,32,1768101258073,1788785806441,239.4,1098.63,0.15,4201.201803,0,0.0,0.0,False,True,False
0x98dddea998ddd2ce1380aaf5075feab045d47360,True,992,521,371,150,71.2,0.84,-3094.52,7,1784207849658,1788455052908,49.2,2562.21,0.828,0.0,0,0.0,,False,True,False
0x98eddd2adb9f5a2e2ffa78d27a4dc987f166a6d7,True,1535,804,470,334,58.5,2.4,31256.01,6,1766571859075,1787305444829,240.0,1956.85,0.063,11645.291704,1,1628.85,14.0,False,False,False
0x9908255f7f2dffccaa14448a2356e5a8fd8e8bc1,True,2000,498,362,136,72.7,5.07,12811.9,11,1774077165952,1788474313728,166.6,-1335.2,0.104,0.0,0,0.0,,False,False,False
0x9916d5157077c72c386aa4741cc5fce11e596f80,True,699,308,256,52,83.1,0.36,-29681.25,38,1780468864982,1788690234423,95.2,-20804.21,0.701,33972.834952,17,-31784.37,-93.6,True,True,False
0x9934f284cd60343ae875d75632ea14d2016d6100,True,1133,824,449,375,54.5,8.46,91771.54,7,1723586639407,1779216606946,643.9,60050.1,0.654,0.0,0,0.0,,False,False,False
0x994ca87d1da1824a2d2f1a8e4b6ddb70ae48e7f5,True,2000,1837,1335,502,72.7,2.08,2748.5,41,1788433476394,1788792510073,4.2,-441.92,0.161,48252.635766,0,0.0,0.0,False,True,False
0x9967d330b2455a916074474626de7008e68f87b7,True,439,201,86,115,42.8,0.65,-863.91,3,1779742815946,1783539039570,43.9,157.95,0.183,0.0,0,0.0,,False,False,False
0x997ec678fb354904f57a8240866ad72b2988374c,True,2000,912,286,626,31.4,0.12,-137540.56,5,1783185989923,1784097034181,10.5,-14689.77,0.107,0.0,0,0.0,,False,True,False
0x9989f20d5d9f0b494f0b96e62bcb2bbabdf851be,True,2000,873,536,337,61.4,0.79,-5197.52,10,1773480114092,1778630400016,59.6,-2502.45,0.481,0.0,0,0.0,,False,True,False
0x999c417974180868800d68deb6cf0b5891e24c14,True,1836,986,318,668,32.3,1.36,1044.74,29,1768398248213,1781528752910,152.0,381.35,0.365,0.0,0,0.0,,False,False,False
0x99aa80507ba9eb4a0844ae5ed389bfa0595b4f31,True,2000,710,214,496,30.1,0.3,-17991.41,18,1773685142056,1778047205103,50.5,-2086.96,0.116,0.0,0,0.0,,False,True,False
0x99bdb315fdf0c85c594770da6674e4810f33eee7,True,2000,1035,585,450,56.5,1.82,3835.58,1,1788488338274,1788792880881,3.5,76.65,0.02,63777.743672,1,-698.92,-1.1,False,True,False
0x99cf9e45b01c66a629eff72e20555b896179c125,True,2000,931,522,409,56.1,0.43,-3226.47,113,1765714449733,1787547133834,252.7,-790.86,0.245,0.0,0,0.0,,False,False,False
0x99dac29d7722ee18742901c4b36efffec8866266,True,2000,1154,779,375,67.5,3.22,13639.74,16,1787838744362,1788790082929,11.0,1807.52,0.133,412.525841,2,22.28,5.4,False,False,False
0x99f59f8c797b02e136199feed5f63e4da5f835e2,True,2000,948,315,633,33.2,0.71,-7730.96,32,1769826218579,1788792188877,219.5,-4383.08,0.567,0.0,0,0.0,,False,True,False
0x9a0ffdc0c43039e40f5b40c3fdbf95cb4396e146,True,2000,1021,615,406,60.2,0.36,-50331.41,6,1784677070128,1788471686965,43.9,-8059.05,0.16,0.0,0,0.0,,False,False,False
0x9a28b01435ca5c4b39a79ae2c27fce01292a7f39,True,2000,878,711,167,81.0,2.79,3809.06,6,1780842435978,1787420497557,76.1,263.13,0.069,1.9e-05,0,0.0,0.0,False,True,False
0x9a377ec81c1bd51d31170bf8d7a7b6c5fbaded9b,True,2000,1077,377,700,35.0,6.07,62617.33,12,1780494569490,1786776557925,72.7,14273.67,0.228,0.0,0,0.0,,False,True,False
0x9a44f75de2059f6b617e5fd96e3b93c2eca24249,True,2000,945,484,461,51.2,1.03,570.27,6,1781286257246,1785176721651,45.0,-1056.26,1.852,0.0,0,0.0,,False,True,False
0x9a60f98f1dcef7c6a52302e50f95c3195424b27a,True,565,239,191,48,79.9,0.98,-285.53,3,1771925543532,1781034284931,105.4,-2346.27,8.217,0.0,0,0.0,,False,False,False
0x9a710b740db0faff830de1580ba5539e1afb1690,True,195,77,29,48,37.7,0.58,-634.64,4,1776669806172,1781717619620,58.4,-305.52,0.481,0.0,0,0.0,,False,True,False
0x9a892211c5370bd84cebca70e5ecbf42cd4881eb,True,2000,977,732,245,74.9,16.59,106836.81,7,1748790556433,1781114564160,374.1,1510.59,0.014,0.0,0,0.0,,False,False,False
0x9a9a7568d058c3e154c6ae29df2a55dff183e390,True,2000,818,359,459,43.9,0.24,-888.86,5,1774003722074,1774339743491,3.9,-190.8,0.215,0.009307,0,0.0,0.0,False,True,False
0x9ab73dcfcc4705bcecb4d6afac1048eef1471d30,True,2000,1203,200,1003,16.6,0.18,-112102.28,5,1780907204059,1787356800028,74.6,-7604.12,0.068,0.0,0,0.0,,False,False,False
0x9ae2247dfb0cba7f2f1b56007688b9f710311e5c,True,1551,734,143,591,19.5,0.58,-7764.13,29,1761606290267,1788198775931,307.8,940.3,0.121,0.0,0,0.0,,False,True,False
0x9b0b3578d9be2947fe37edcc9b7aaa5d9977ba74,True,2000,917,579,338,63.1,3.85,11226.97,13,1778182873679,1787207953595,104.5,486.28,0.043,0.0,0,0.0,,False,True,False
0x9b1a283ef7937e5fa793ca3bc45e2c10b5a1e152,True,2000,994,342,652,34.4,2.39,12635.89,13,1783606157681,1788765034997,59.7,5329.33,0.422,5465.172202,2,1700.9,31.1,False,False,False
0x9b3ae65fbae75b144883149815ae8373cb7741ec,True,2000,1256,742,514,59.1,5.54,13307.95,5,1788279734034,1788766631882,5.6,1040.16,0.078,1402.752524,1,364.57,26.0,False,True,False
0x9b464840dcc7b995b11a49d6a5ecf98d660fae9c,True,2000,891,522,369,58.6,0.56,-22573.62,7,1780432249313,1781469722489,12.0,-4416.78,0.196,0.005648,0,0.0,0.0,False,True,False
0x9b55c4948146a002410d8944f7be7a5b0360d040,True,2000,1003,311,692,31.0,0.65,-5011.51,18,1775416790365,1787300771547,137.5,1099.06,0.219,0.0,0,0.0,,False,True,False
0x9b6c59a22738b9ca8ac1c5582ef322e8ada72923,True,794,429,374,55,87.2,7.04,6013.85,2,1777903360342,1785885080640,92.4,1188.22,0.198,0.0,0,0.0,,False,False,False
0x9b89b84179fb680d97c7b2ea80ad2e88e0811869,True,2000,1147,621,526,54.1,1.28,1716.64,46,1787651443453,1787825446724,2.0,636.76,0.371,0.003436,0,0.0,0.0,False,True,False
0x9bab0e72fc111ea23101632cc2dcd457c98c2d14,True,2000,1010,432,578,42.8,0.9,-2972.13,9,1771942256948,1774847766639,33.6,-2797.99,0.941,0.0,0,0.0,,False,True,False
0x9bc77a37637799474d04ab7373aeceb518387c03,True,82,56,20,36,35.7,0.65,-352.95,2,1771526604326,1772307593428,9.0,-361.4,1.024,0.0,0,0.0,,False,False,False
0x9bde22c4e81c603d8bffdd5bf660795174156f69,True,2000,1072,603,469,56.2,1.75,19059.22,33,1780780417816,1788163168917,85.4,3171.58,0.166,0.0,0,0.0,,False,False,False
0x9c00d5e11cb1f2e4fcc94a204d50797072291256,True,2000,1101,715,386,64.9,2.39,55575.27,11,1787574926056,1788768986461,13.8,3342.81,0.06,59145.466166,3,-10877.21,-18.4,True,False,False
0x9c19f987f08327e6515bceb51bf8ceb1f8f826b5,True,2000,939,438,501,46.6,1.31,129.75,19,1772142745980,1779358382063,83.5,84.57,0.652,4768.733507,1,189.65,4.0,False,False,False
0x9c26fdbbb48a640c6d6d012916d2a879c3e02c13,True,2000,907,626,281,69.0,1.27,4073.24,11,1779178606722,1781441120274,26.2,-1893.27,0.465,0.0,0,0.0,,False,False,False
0x9c400447b4de23280b2efa617017e53e50e381d9,True,1998,906,355,551,39.2,0.94,-1576.65,27,1774312844383,1788445150175,163.6,-3574.39,2.267,0.0,0,0.0,,False,True,False
0x9c522fc227dec7e3715d3dc4b7c7f93d4ef8ebdc,True,1519,715,243,472,34.0,1.23,4420.73,5,1780252535902,1780606497651,4.1,2777.83,0.628,0.0,0,0.0,,False,True,False
0x9c5f7ad0e573e0d679a57bae2bb3ddb0d346d88b,True,2000,945,212,733,22.4,0.3,-43811.0,4,1772926461894,1788285275000,177.8,-6452.26,0.147,0.0,0,0.0,,False,True,False
0x9c6d50a8b8b5e7ad864b38148e05ed2a807deeab,True,2000,983,360,623,36.6,1.51,11755.39,17,1755208489274,1788466952349,384.9,5808.47,0.494,0.0,0,0.0,,False,False,False
0x9c850f2038cf948d6d626fc1bdea6ae988f44271,True,2000,868,117,751,13.5,0.8,-3180.11,10,1785529025547,1788748018613,37.3,1886.68,0.593,23457.772926,1,-503.4,-2.1,False,False,False
0x9c968355f2da59c95af028c2e059919e374ebdb7,True,2000,1004,642,362,63.9,0.73,-19700.02,22,1769110580599,1788546684010,225.0,-4732.68,0.24,2300.108096,2,-1521.76,-66.2,True,True,False
0x9cb215da4a085fba05baca686f4d132806a0f82b,True,2000,1019,797,222,78.2,1.5,13512.41,4,1770658599286,1788412868777,205.5,-2616.42,0.194,0.0,0,0.0,,False,True,False
0x9cc30a6b421c4e6be8547b8d694a46adf45e8f87,True,2000,881,609,272,69.1,1.09,6296.69,87,1713783662966,1783319002611,804.8,27656.51,4.392,0.0,0,0.0,,False,True,True
0x9cd67e6a87d69f9ded8249ca5298b2544e55fe41,True,883,364,310,54,85.2,0.97,-283.67,24,1781811600530,1788475069241,77.1,-5263.75,18.556,2491.55875,1,-2444.5,-98.1,True,True,False
0x9cf89787ada782a3106fa1dccc534cb0cf7fe0ce,True,2000,1004,776,228,77.3,0.24,-9037.04,6,1779225077405,1784120785328,56.7,-1378.32,0.153,0.0,0,0.0,,False,True,False
0x9d02bd58ee0a041a914274fa9261a09df8c5c7d0,True,1433,772,149,623,19.3,1.13,763.56,6,1780134653903,1788525009394,97.1,1210.46,1.585,0.0,0,0.0,,False,False,False
0x9d0ac2fa4413356539131a355cb9e71c2f552e5a,True,1821,826,697,129,84.4,8.82,5602.13,20,1766937060964,1780269062879,154.3,127.8,0.023,0.0,0,0.0,,False,True,False
0x9d1fbf38d58c2d50fd538b2d5c7df565ebd5ea42,True,2000,1102,567,535,51.5,0.93,-9388.25,7,1753310628466,1788583895687,408.3,7953.72,0.847,21068.162405,2,-17937.34,-85.1,True,True,True
0x9d3e04c8c172aaa3d1a5c27df42755c8b74f9ea6,True,941,454,209,245,46.0,1.49,5859.93,4,1784207978474,1787906956751,42.8,2752.59,0.47,0.0,0,0.0,,False,True,False
0x9d6043b6621da3650d0178c2c48cbc8a2ef0d133,True,2000,1092,335,757,30.7,0.43,-49344.53,22,1776527453720,1782728601103,71.8,-2413.55,0.049,19714.462411,5,752.61,3.8,False,False,False
0x9d6f305070e011b377b0fca73c6f9dcad6fa0dc0,True,266,150,101,49,67.3,0.04,-3461.53,3,1749818746508,1786949147757,429.8,-318.93,0.092,0.0,0,0.0,,False,False,False
0x9d8cad2c91b3bfda773ee7bf6ddb47a8984d51ef,True,2000,995,519,476,52.2,1.24,3469.68,20,1787380878530,1788793091395,16.3,1703.8,0.491,10649.540448,5,-109.79,-1.0,False,True,False
0x9d9ce79e6f13f4deb989a022cab17de05e37b3cf,True,2000,1157,436,721,37.7,0.47,-28359.91,16,1776587061051,1788766675937,141.0,-6410.9,0.226,0.0,0,0.0,,False,True,False
0x9db82c502472d76742fdd69609dfcc6e01327401,True,2000,1330,830,500,62.4,5.5,21706.84,34,1787146769993,1788789337889,19.0,520.0,0.024,36004.159592,21,3900.77,10.8,False,True,False
0x9dce65ce0553f2a636a52149aa445f296a843079,True,2000,941,359,582,38.2,1.22,24039.37,7,1750109064884,1781134018215,359.1,14724.19,0.613,0.0,0,0.0,,False,False,False
0x9deb25f15f177cbe00f8467e7f67d3e36129f54f,True,2000,656,523,133,79.7,1.74,1649.72,10,1785588580613,1788791543321,37.1,-453.87,0.275,792.736271,1,-0.98,-0.1,False,True,False
0x9df6bda43fd897bf1be8b87841f6e6f89c9f5490,True,2000,1006,814,192,80.9,3.71,528703.27,2,1779525749517,1788764624088,106.9,105674.28,0.2,0.0,0,0.0,,False,True,False
0x9e101e0e18ec8d45d8bfc3e8bd7e319a49b2b142,True,2000,849,400,449,47.1,1.18,2151.52,7,1783060334976,1786337347342,37.9,971.4,0.451,0.0,0,0.0,,False,True,False
0x9e21ef588a535dcb53c02945401697fa76bb3a76,True,2000,839,812,27,96.8,1.66,13250.27,1,1774398767037,1788732596573,165.9,-3882.4,0.293,41259.166029,1,-54.68,-0.1,False,True,False
0x9e3d762aea407706b8b262bf5889e69775dc6f9e,True,2000,140,28,112,20.0,0.36,-8766.97,19,1780088544685,1788697674884,99.6,-3523.39,0.402,28196.865148,6,30562.19,108.4,False,False,False
0x9e5bb5fcbbb88cdf81b19e55e7e07d716945743e,True,2000,1214,913,301,75.2,1.77,275471.98,6,1759432048684,1780690263753,246.0,68114.66,0.247,0.0,0,0.0,,False,True,False
0x9e6e7041dec601914c49ac9f41d04002670126a1,True,2000,944,350,594,37.1,1.78,6523.61,4,1748315868206,1785512482061,430.5,1584.28,0.243,0.0,0,0.0,,False,True,False
0x9e7c76c94eb64683377381a88c597421ff324edf,True,2000,692,450,242,65.0,0.32,-71777.02,6,1781523257269,1783766242675,26.0,-9605.45,0.134,0.0,0,0.0,,False,False,False
0x9e8d3a20b2351502efada3ed4e8d75318b9193ca,True,325,184,99,85,53.8,0.53,-4422.48,4,1773571816407,1780406024386,79.1,-4765.0,1.077,0.0,0,0.0,,False,True,False
0x9ea28d9778a29d63c28e037fc9d3773958251918,True,2000,1050,595,455,56.7,1.35,7243.66,33,1783593006666,1788793291766,60.2,-2381.97,0.329,0.0,0,0.0,,False,False,False
0x9eb3c3ce8b1957e025988b210aed56d745f4f053,True,2000,965,557,408,57.7,0.8,-3148.68,36,1767527333448,1778924203814,131.9,-1057.19,0.336,0.0,0,0.0,,False,False,False
0x9ecb718e5661365fc1bbc53a2d8176f181e04e95,True,2000,891,431,460,48.4,0.73,-2212.03,11,1772798213269,1782301652634,110.0,638.18,0.289,0.006587,0,0.0,0.0,False,True,False
0x9ee60d80fb3ecd23c183f0de9f204ccfb8db57d8,True,1809,593,486,107,82.0,4.41,9399.29,36,1770472442968,1778446184368,92.3,836.62,0.089,0.0,0,0.0,,False,True,False
0x9ef808ee81ee20a4168eaa9304ccb33c69309ec7,True,2000,916,431,485,47.1,1.8,3028.55,12,1788132573117,1788793120649,7.6,938.88,0.31,37926.898444,4,-4750.09,-12.5,True,True,False
0x9f0e5b0bf179bbf79c14c990330c010b93077dd5,True,2000,871,512,359,58.8,0.68,-764.42,22,1779840609927,1788793040181,103.6,-284.05,0.372,440.269612,1,0.65,0.1,False,False,False
0x9f3781a54303ce694e47f7b6b694c87b87983216,True,2000,1079,248,831,23.0,0.01,-4453.14,25,1788766566988,1788793465459,0.3,-314.99,0.071,118161.771625,41,-30216.51,-25.6,True,True,False
0x9f4609b8c7da49d2bc9103692bcd0e45027586dd,True,2000,1038,529,509,51.0,1.33,8021.45,21,1784622816203,1788784133759,48.2,-1928.96,0.24,7357.651753,1,-3493.94,-47.5,True,False,False
0x9f5a406c61c45336dc6ca953fb7c863a074ab709,True,2000,909,447,462,49.2,0.74,-2792.64,51,1771260154787,1786469056675,176.0,-2865.0,1.026,0.0,0,0.0,,False,True,False
0x9f83e1ca9bf3b552fd9457f266189d0cdd66eceb,True,2000,1078,862,216,80.0,0.49,-18569.12,10,1785752467787,1788275119991,29.2,-3117.12,0.168,0.0,0,0.0,,False,False,False
0x9fa3364d300271a8b9209c3425dd98bea4e26a8e,True,2000,1062,523,539,49.2,0.84,-3183.01,25,1776184808757,1784237324784,93.2,-2405.74,0.756,1.635577,1,-4.23,-258.7,True,False,False
0x9fb7719cb28b714f9f47f3c3b20a747636d53b9a,True,2000,923,511,412,55.4,0.68,-50075.72,33,1750665847035,1787553410111,426.9,-14849.06,0.297,20279.632877,12,5467.76,27.0,False,True,False
0x9fcfac86601863609c07a753917618459a8c9dbf,True,2000,981,371,610,37.8,0.36,-15005.31,49,1782242867269,1788441408329,71.7,-2569.89,0.171,0.0,0,0.0,,False,True,False
0x9fec59e8a88a19297f068dc18d169fe4cebbce8c,True,303,182,42,140,23.1,0.14,-918.63,4,1755107256607,1780198248117,290.4,-101.27,0.11,0.0,0,0.0,,False,False,False
0x9ffa8f5735731ffd51b8d0e68f9f204ab878207c,True,225,92,10,82,10.9,0.01,-118638.89,3,1762202711199,1788492576303,304.3,-26212.7,0.221,9208.519507,1,1484.15,16.1,False,False,False
0xa01000381d5798c38b4977d57294ae047fb9cf60,True,2000,994,539,455,54.2,0.5,-56211.3,9,1773741948088,1787275288779,156.6,-20199.64,0.359,0.0,0,0.0,,False,False,False
0xa030779804c096635c17126b7676a4b5fffbfb65,True,401,190,83,107,43.7,1.01,175.86,7,1779235907988,1788489197377,107.1,-7665.65,43.59,37078.2599,0,0.0,0.0,False,False,False
0xa0486eca4f156a5222cbab832af9cbacb2de2ffe,True,2000,1192,947,245,79.4,4.64,6186.55,35,1787352109702,1788764901605,16.4,832.55,0.135,6110.422667,9,1326.37,21.7,False,True,False
0xa057445e630f460894e57ee9d6aabadadceec96c,True,1261,633,137,496,21.6,0.3,-39675.06,27,1779510206848,1788287821404,101.6,-7227.52,0.182,0.0,0,0.0,,False,True,False
0xa0643168db9a89c8db1b4343a12d4dca295cdef6,True,2000,1038,412,626,39.7,0.38,-522.22,1,1781189492849,1781259087910,0.8,-47.91,0.092,0.009054,0,0.0,0.0,False,True,False
0xa075e8ff4980f9e5caf123573ef4df9adb5b1dc0,True,449,206,87,119,42.2,0.58,-5004.24,21,1763140979526,1788449023190,292.9,-2187.65,0.437,0.0,0,0.0,,False,True,False
0xa08840532ba8c981972d31e5ef8781c723453ebc,True,2000,933,447,486,47.9,1.14,1893.63,22,1775429676879,1781133279344,66.0,-1338.72,0.707,0.0,0,0.0,,False,True,False
0xa0ae2b19d22d4d4394b3449a6c23fb9996034f94,True,2000,1130,510,620,45.1,1.76,64059.43,28,1731629101635,1778517473164,542.7,6886.78,0.108,4962.307439,0,0.0,0.0,False,True,False
0xa0b7020185b97f496f523c3f769eebcffcc56165,True,2000,1020,970,50,95.1,16.78,817907.98,2,1783830141486,1788543365882,54.6,23806.44,0.029,4933721.27204,1,-791255.56,-16.0,True,True,False
0xa0d024842a0364a1b1ca0cd09b2f1235acf87879,True,2000,937,281,656,30.0,1.12,3613.07,35,1751477892059,1788198488874,425.0,-6820.43,1.888,3980.732033,1,576.37,14.5,False,True,False
0xa0d95f4d1df078c257039d3fca9bf6fd5d971fc6,True,2000,967,826,141,85.4,11.26,11012.95,6,1786805110771,1788781076650,22.9,1426.83,0.13,58341.004175,2,314.37,0.5,False,False,False
0xa0f2e2f7b3ab58e3e52b74f08d94ae52778d46df,True,1461,495,61,434,12.3,0.2,-173155.25,15,1707746117574,1782475110132,864.9,16812.61,0.097,652296.474264,1,-406013.44,-62.2,True,True,False
0xa10442c142ba4cbea7d0bf51a1eeb6eada758bfc,True,2000,581,375,206,64.5,1.12,2840.68,15,1774221024018,1775005134895,9.1,-4140.41,1.458,0.0,0,0.0,,False,False,False
0xa123bea71a560511287c2233ed8c70986d3dcc29,True,188,103,74,29,71.8,5.93,5602.07,4,1772847540489,1774596317173,20.2,1646.52,0.294,0.001329,0,0.0,0.0,False,False,False
0xa15870407a860c8f822e0312422c262f872c3d0a,True,2000,985,301,684,30.6,0.16,-20702.46,10,1783872971977,1786933309138,35.4,-883.18,0.043,0.0,0,0.0,,False,True,False
0xa178a9ebc949245b2f453d87966c1653115b999b,True,2000,660,266,394,40.3,7.02,43831.23,10,1788397289648,1788766867341,4.3,4419.13,0.101,106558.816984,4,67945.3,63.8,False,False,False
0xa183a9fdae89949393995f6d773311054a9cb684,True,2000,1055,409,646,38.8,0.57,-12942.11,34,1787852288133,1788771832061,10.6,-2786.4,0.215,102229.782297,20,15981.68,15.6,False,False,False
0xa19ed0ae46e89461e56063f1ed268a0dc225745f,True,2000,669,528,141,78.9,18.41,92136.68,12,1784800786518,1788540337200,43.3,10946.6,0.119,79589.100507,2,16808.6,21.1,False,True,False
0xa1bee787616cba2c7000a221570a5239f3c4ba6a,True,2000,1014,566,448,55.8,2.56,10463.43,51,1787819881541,1788775742828,11.1,729.79,0.07,322909.469947,50,24486.61,7.6,False,False,False
0xa1cb16d2b17202c336138f765559dfc73830b1fb,True,2000,1206,831,375,68.9,1.67,2200.11,6,1788526094306,1788791998706,3.1,72.44,0.033,89359.690327,5,-45856.98,-51.3,True,False,False
0xa1d7effa77dada876495d444645d4e02ab3635ce,True,2000,1042,371,671,35.6,0.53,-18349.89,15,1784554757842,1788525013905,46.0,-3490.68,0.19,0.0,0,0.0,,False,True,False
0xa1faf95adda03b806dea7f0e8d68240786a8c00c,True,2000,1135,608,527,53.6,0.37,-17839.05,25,1788073184556,1788792614168,8.3,-941.8,0.053,26918.12653,3,-49418.89,-183.6,True,True,False
0xa20fb0c9e04063eec5be286e9269028d966646fa,True,2000,572,277,295,48.4,0.76,-45802.69,44,1787423065778,1788788061135,15.8,-64423.25,1.407,1635918.749302,52,-384398.77,-23.5,True,True,False
0xa2256ed5ac350de1a1ef6100b160122fa091b915,True,1198,500,143,357,28.6,0.61,-3244.06,23,1776967330916,1788763530526,136.5,-1046.08,0.322,5563.629138,4,643.8,11.6,False,True,False
0xa23dd5b874b8814e95d5fbb285cea68081e53488,True,2000,940,335,605,35.6,1.0,20.92,51,1786097067950,1788782318931,31.1,223.04,10.66,36117.076486,50,6949.92,19.2,False,True,False
0xa24ec459a0e95c08a2f9b4d8380fdfee6a885792,True,2000,765,325,440,42.5,0.56,-12246.27,6,1779432721930,1785314153843,68.1,1596.17,0.13,0.0,0,0.0,,False,False,False
0xa25fb7118f32e9dca8dfa41720aa99b529d50260,True,1680,905,294,611,32.5,0.61,-5726.8,3,1781147976774,1788287373616,82.6,1364.67,0.238,0.0,0,0.0,,False,False,False
0xa2710511e1dac83973de2b394f669183a175a3f7,True,2000,636,132,504,20.8,0.04,-97328.39,1,1784141949967,1786734071827,30.0,-35278.55,0.362,967239.637709,1,878664.62,90.8,False,True,False
0xa28f6419fce750016a424a89ad6c8d5883012a13,True,2000,1021,538,483,52.7,0.83,-3463.51,30,1776432464237,1788791145257,143.0,-3780.76,1.092,1419.889768,2,-86.43,-6.1,True,True,False
0xa2a4909dbe127e476dca03dc96e1d06b290e60f1,True,588,256,145,111,56.6,0.72,-5705.12,9,1756259649775,1773636635488,201.1,-2658.95,0.466,0.0,0,0.0,,False,True,False
0xa2b02eb1b6a026e53835715242dc4ac0a66e9d33,True,2000,1143,341,802,29.8,0.51,-6800.14,2,1783422138251,1783564362835,1.6,-1523.4,0.224,0.0,0,0.0,,False,False,False
0xa2d01fb901ff7d1ac3fe14e2e6af93c31aa45044,True,2000,1278,300,978,23.5,0.59,-17072.43,24,1745431135622,1783999815506,446.4,-4246.27,0.249,18615.713592,1,-39314.72,-211.2,True,True,False
0xa2f40decfa831381d62681655771fc7b9a21a8b6,True,595,297,155,142,52.2,1.92,13362.74,31,1754504802287,1788346045153,391.7,2430.77,0.182,0.0,0,0.0,,False,True,False
0xa30b4afcb6bfaa306a1e1a23f3f8f635a84f354f,True,2000,970,630,340,64.9,1.34,3946.07,28,1782397067462,1788760450532,73.7,839.14,0.213,2336.404332,1,182.25,7.8,False,True,False
0xa31489f5bcba00d33621fed897721566ff07d8f9,True,2000,1999,673,1326,33.7,0.09,-14198.82,2,1788449425871,1788450070134,0.0,-555.15,0.039,0.0,0,0.0,,False,False,False
0xa31c8c9af718d35cac18bd2164efc7460e31a8de,True,2000,5,5,0,100.0,inf,1481.58,2,1788598647292,1788771455106,2.0,1357.72,0.916,0.0,0,0.0,,False,False,False
0xa33202e558c0a3b637b9f50bad621bf5097a61fa,True,2000,995,472,523,47.4,0.48,-34396.79,2,1764350468293,1787431738334,267.1,-5490.4,0.16,2603.969372,1,2507.09,96.3,False,True,False
0xa33ab3765a47d9b605276af8b49a3a607aaf2d69,True,2000,1048,323,725,30.8,1.23,1165.55,8,1788625514454,1788793311918,1.9,928.13,0.796,14063.351997,3,1748.07,12.4,False,False,False
0xa354846d1e65549aa58292e57e431ace54bc3683,True,761,655,209,446,31.9,1.13,7268.29,28,1775531988592,1782442938821,80.0,8012.71,1.102,0.0,0,0.0,,False,True,False
0xa3669c22432b8291d89acc4577a079730125624a,True,2000,1044,430,614,41.2,0.92,-611.32,41,1776510967118,1788765761342,141.8,145.83,0.239,0.0,0,0.0,,False,True,False
0xa37ab42ae008d03a33649893bd8da847e7d3358f,True,2000,1010,348,662,34.5,1.01,104.84,7,1773651346627,1787491093146,160.2,-1843.1,17.581,0.0,0,0.0,,False,True,False
0xa38b0eb2f350aef9471549c985f12eb17bfe81e9,True,2000,1081,358,723,33.1,1.06,2425.96,24,1775690601419,1788275287520,145.7,4209.9,1.735,14496.457034,13,5315.05,36.7,False,True,False
0xa399f378380dddb1fbb72e935b0111d7a4d16a52,True,2000,967,483,484,49.9,0.44,-46979.41,15,1788128942055,1788742530962,7.1,-6280.13,0.134,75174.59898,12,11168.51,14.9,False,True,False
0xa3b5671871105a2aa47be6a5a76c68de70ed0600,True,2000,745,652,93,87.5,6.97,4334.21,10,1788442078063,1788793883917,4.1,51.72,0.012,505.869312,0,0.0,0.0,False,True,False
0xa3cffe49e5ac85085057e9a85fde342d3d698f85,True,2000,1129,682,447,60.4,1.09,523.46,27,1753599910334,1788759149477,406.9,-262.49,0.501,0.0,0,0.0,,False,True,False
0xa3eac0016f6581ac34768c0d4b99ddcd88071c3c,True,2000,1015,68,947,6.7,0.21,-64637.89,2,1780440971806,1780535774593,1.1,-8099.19,0.125,0.0,0,0.0,,False,False,False
0xa405ec7a9755af523cdaf6ca43a7a71aa611f9d8,True,166,82,76,6,92.7,414.03,11783.66,5,1786950844928,1787582080787,7.3,2736.96,0.232,6674.264535,4,-683.9,-10.2,True,False,False
0xa41bbc2063daeaa250d5cd624ccdc4d5904f46b4,True,2000,274,90,184,32.8,0.06,-7541.78,16,1784144592645,1788793772961,53.8,-3720.59,0.493,7420.35649,3,-127.74,-1.7,False,True,False
0xa432ca1edabf81a8373fe2d655a2811ed2634e45,True,2000,1038,9,1029,0.9,0.02,-44350.09,2,1787191863080,1788764987136,18.2,-2254.11,0.051,0.0,0,0.0,,False,False,False
0xa43c42955147cfc7578ee63efaa4c0d4c92d4f59,True,789,299,93,206,31.1,0.91,-518.06,11,1781279736688,1783455283416,25.2,972.46,1.877,0.0,0,0.0,,False,False,False
0xa44ba2af3d472c5b2c04f68a6fa217ef2cf950a7,True,2000,922,362,560,39.3,0.76,-12035.37,7,1788633784077,1788791692644,1.8,5925.66,0.492,53125.0,1,-23584.98,-44.4,True,False,False
0xa45d580f3d1d37ad3328b0aa58851ff4fce925a9,True,830,425,198,227,46.6,1.39,5287.14,9,1781104611927,1788536040813,86.0,5590.6,1.057,0.0,0,0.0,,False,False,False
0xa46aba5584adb38d458710902f7fc6677f7ab914,True,2000,805,381,424,47.3,1.18,7603.69,11,1783936698076,1788752752822,55.7,14878.95,1.957,0.0,0,0.0,,False,True,False
0xa47f374e73018d825ddaadb8513e774858826f8a,True,1617,868,625,243,72.0,2.51,3965.76,28,1773738067453,1788643083219,172.5,824.88,0.208,0.0,0,0.0,,False,True,False
0xa499e8fa586b0ae5d35c8f1a5d55330e1de7a3e4,True,2000,889,548,341,61.6,0.13,-333215.66,3,1776253659731,1784640143343,97.1,-63555.24,0.191,0.0,0,0.0,,False,False,False
0xa4b3ab06be63778370ce2f801da01e3a2d5b65fb,True,2000,995,683,312,68.6,0.45,-55463.79,27,1741403658653,1782953244120,480.9,-7724.1,0.139,0.0,0,0.0,,False,True,False
0xa4c6a15f01fbe7931140ef13e0055ed7677e698d,True,2000,565,349,216,61.8,0.09,-6103.17,5,1774275468389,1779325836269,58.5,-4647.03,0.761,0.0,0,0.0,,False,True,False
0xa4eaef153eebbdb316ed47f8dc98b49681137d3a,True,2000,936,425,511,45.4,0.12,-93449.6,8,1757860758131,1780647570192,263.7,-7835.8,0.084,0.0,0,0.0,,False,True,False
0xa5004ffba3dd93ccec98f4d31a312e0b7f8b20bf,True,1728,657,354,303,53.9,0.38,-71245.48,3,1776074529345,1780272000050,48.6,-20739.88,0.291,0.0,0,0.0,,False,False,False
0xa516541e599129095d14f7faf8b11ae670c837b0,True,2000,897,85,812,9.5,0.08,-358622.18,4,1787593455372,1788348223203,8.7,-21358.62,0.06,394505.184318,2,2540054.41,643.9,False,False,False
0xa52ac093d552f673e41a73e4b87256dec9e407ea,True,2000,1063,670,393,63.0,1.37,3330.95,3,1788450108619,1788790547229,3.9,375.08,0.113,0.0,0,0.0,,False,False,False
0xa556f623c5009158c6d96c64729c52a24702c8d9,True,80,50,27,23,54.0,0.0,-7426.0,4,1772914100042,1773792000028,10.2,-2259.72,0.304,0.0,0,0.0,,False,True,False
0xa56b038e765056e30d26d738497ba78fdf8df4e8,True,2000,827,316,511,38.2,0.61,-17948.32,13,1776285090355,1787266748032,127.1,-4920.68,0.274,25.509128,2,20.65,81.0,False,True,False
0xa580d19c21b3db7c8e816755939d968146c95bdc,True,2000,1029,394,635,38.3,1.01,12.59,52,1784190550653,1788775682945,53.1,51.35,4.08,12074.674346,50,832.69,6.9,False,False,False
0xa59d2c778fb5fd192cb0f5afda3d9f5cea945ffe,True,511,254,125,129,49.2,0.66,-6531.37,3,1763675136097,1779049238050,177.9,-4220.6,0.646,0.0,0,0.0,,False,False,False
0xa5bf1a3ab11a9c18f8a7424e5beed5696c7fd3d0,True,2000,553,226,327,40.9,0.32,-6879.86,25,1788309581392,1788793935246,5.6,-801.61,0.117,10770.103454,5,286.32,2.7,False,False,False
0xa5daf90c49063eec493b0e289b6e0618f706e06d,True,2000,1119,701,418,62.6,12.74,91665.8,6,1784833407923,1788741185569,45.2,22560.46,0.246,36680.366527,1,-9534.45,-26.0,True,True,False
0xa5fefa06e3213483b1046863f519105580b19ee7,True,1198,568,169,399,29.8,1.54,5340.35,11,1779910075008,1788317707707,97.3,2529.59,0.474,0.0,0,0.0,,False,True,False
0xa612142550541a34c34b84645278d7241ba620fe,True,2000,782,512,270,65.5,0.88,-3174.71,3,1775602795369,1780265968457,54.0,-2993.04,0.943,0.0,0,0.0,,False,True,False
0xa622d3a078541595a4dfbfddd4be93412a64735d,True,2000,795,467,328,58.7,0.87,-1776.05,4,1787315964725,1788792497571,17.1,-1512.4,0.852,3368.707346,2,-375.3,-11.1,True,False,False
0xa63f3bde1987a7d7cedb167cb75fb82f726b80de,True,2000,1001,404,597,40.4,1.13,358.94,52,1785660079619,1788775832173,36.1,144.27,0.402,3820.741699,50,2340.75,61.3,False,False,False
0xa650cbd841d3930df5adc53b9a35422fc558083b,True,2000,1302,100,1202,7.7,0.67,-19656.41,5,1788466954266,1788779575959,3.6,10727.31,0.546,67785.709945,1,-4478.7,-6.6,True,False,False
0xa6672e789b5b36c93c2e9a779b8564cac99bbe12,True,2000,865,582,283,67.3,0.82,-16442.77,9,1786925685898,1788757709860,21.2,-7300.82,0.444,73215.464288,5,-9429.73,-12.9,True,True,False
0xa67b7eb1c336804b48317287ada7adb112fc9a76,True,493,259,65,194,25.1,4.09,22031.95,6,1773284575270,1788516240350,176.3,6392.37,0.29,9612.713333,1,-2245.5,-23.4,True,True,False
0xa697a5b929cca9b3f8a78c4e4af1848506c06022,True,1454,696,542,154,77.9,1.75,22341.99,5,1778454685810,1788540827320,116.7,-3771.45,0.169,2969.402048,1,816.0,27.5,False,False,False
0xa6aa2fbd0c59a2d859962aea4368a55c7c454003,True,670,277,119,158,43.0,1.03,137.63,12,1773014622971,1788408992799,178.2,906.22,6.585,0.0,0,0.0,,False,True,False
0xa6c204bbc0e8b2d30e60512b0094a5f3d8307769,True,2000,1080,462,618,42.8,0.54,-1460.14,7,1788383121778,1788792689579,4.7,-112.57,0.077,0.004699,0,0.0,0.0,False,True,False
0xa6cd08ed92b406946aad68d9556e00521cb52079,True,2000,704,469,235,66.6,0.61,-4755.99,8,1780168854259,1788713734349,98.9,-5656.01,1.189,1038.129357,1,-765.61,-73.7,True,True,False
0xa6ee1ed1ae80b8352603654b39f5e7b9bedd5078,True,2000,1587,785,802,49.5,0.55,-101482.48,2,1785526775653,1788195065024,30.9,-46423.1,0.457,0.0,0,0.0,,False,True,False
0xa700b25805380f8e624b306eb1d6a1239de4b854,True,2000,1199,924,275,77.1,1.62,49781.14,13,1785257482949,1788749455983,40.4,-11474.78,0.231,20784.567297,1,-3264.95,-15.7,True,True,False
0xa719caaed80b957667546cfa2fda087b101d962b,True,2000,1027,443,584,43.1,0.08,-1499261.42,23,1750095915415,1784819406501,401.9,-260894.71,0.174,35593.077899,1,17309.78,48.6,False,True,False
0xa7330c7bed6022aa93dca04eb0d7081f5f237ab0,True,384,191,91,100,47.6,0.8,-1196.57,1,1781876580541,1787618743219,66.5,-1807.9,1.511,1073.243574,1,-281.77,-26.3,True,True,False
0xa74dc150b70853304b4db6e67917ea9a966a8829,True,2000,1081,815,266,75.4,3.67,154502.38,5,1772462108287,1777457723083,57.8,6556.48,0.042,1e-06,0,0.0,0.0,False,False,False
0xa76e0fdc290a2df9ac750ff1e7315a20628b529c,True,2000,602,129,473,21.4,0.12,-12777.39,7,1780645283909,1788250687030,88.0,-1698.89,0.133,0.0,0,0.0,,False,True,False
0xa77f95fa07849b96c181cfdd7d1113f266738f57,True,2000,769,232,537,30.2,1.59,14673.25,29,1766771286751,1787494513968,239.9,2816.3,0.192,6852.703442,1,-203.47,-3.0,False,True,False
0xa7a4f49d96ce3a344d6276a5aa33fd7ca8c55a4a,True,2000,922,727,195,78.9,1.22,998.93,30,1767591582437,1788496105622,242.0,-699.38,0.7,91.601757,1,-71.61,-78.2,True,True,False
0xa7c90a057351fcfb4ea52c504c778ff69a4bac75,True,2000,823,500,323,60.8,1.57,8325.93,2,1769983894818,1788792641564,217.7,-2247.73,0.27,9275.300531,1,-206.6,-2.2,False,False,False
0xa7e2c87224d3c8ab663c775e77385c7b08e88ef2,True,316,171,78,93,45.6,0.21,-11819.55,5,1775122726124,1775498862753,4.4,-2504.74,0.212,0.0,0,0.0,,False,False,False
0xa7f12ab6632eb4328c2359cca9b206ab28c2a9a3,True,2000,910,472,438,51.9,0.61,-8857.13,11,1785967233856,1788791340246,32.7,-2398.08,0.271,0.0,0,0.0,,False,False,False
0xa805d293b23894d6b6c178e8a44b6d28990aee57,True,912,463,177,286,38.2,0.79,-435.16,21,1745266670104,1778062445951,379.6,-180.82,0.416,0.0,0,0.0,,False,True,False
0xa81895acf76616ef971fbcd74dbbcb6b6cf46ad0,True,1058,299,272,27,91.0,380.39,84164.45,8,1787679408522,1788793568951,12.9,10594.5,0.126,427395.711066,2,-9951.55,-2.3,False,True,False
0xa83dee7f0ae967459550d068142d11d2958f4091,True,2000,917,373,544,40.7,0.26,-72374.98,6,1784808573361,1785314946331,5.9,-3049.57,0.042,0.0,0,0.0,,False,True,False
0xa84c6fd42d4e5c2e9ffbdf452041a3485b170885,True,2000,937,394,543,42.0,1.27,426.5,7,1788588487054,1788758585101,2.0,92.21,0.216,0.0,0,0.0,,False,False,False
0xa8616487ec2605c79c3ad3a3e6bcbe9d059bc774,True,1241,593,315,278,53.1,1.18,45465.23,5,1764754253446,1788476049997,274.6,-21583.29,0.475,163903.042048,1,12011.71,7.3,False,True,False
0xa870c44f7e6e2e15d104185d3bbe5a54f9e2b52d,True,2000,825,358,467,43.4,0.36,-69020.53,2,1784572966003,1784828575326,3.0,-11032.97,0.16,0.0,0,0.0,,False,True,False
0xa87f54a586fc46809211bfba087843e67edaa2f6,True,2000,936,583,353,62.3,1.62,28978.51,3,1745848642091,1774277867899,329.0,-22228.7,0.767,0.009156,0,0.0,0.0,False,True,False
0xa88e234fff4c5e10df86cb71d573c41013e26770,True,2000,970,766,204,79.0,1.85,18362.22,49,1779189855451,1787167965945,92.3,-3030.44,0.165,8697.9561,1,3676.05,42.3,False,False,False
0xa8a05f0c347eeece9b2581f33aa849ec8569a0ac,True,2000,1114,555,559,49.8,0.52,-42769.63,9,1772323247061,1788451209635,186.7,-3539.29,0.083,19500.716942,0,0.0,0.0,False,True,False
0xa8b5d8d924f6b464adb648d69aac2b179225caa5,True,2000,995,523,472,52.6,0.69,-21312.97,4,1787237487496,1788144713260,10.5,3447.7,0.162,0.0,0,0.0,,False,True,False
0xa8c92637ca3ae7fd877c786095bd766df3f6fba9,True,349,141,75,66,53.2,0.93,-422.02,9,1769591661096,1788453476391,218.3,-963.43,2.283,0.0,0,0.0,,False,False,False
0xa8e3028fdafe4eace545c9bb5d451d9c171aee1b,True,2000,827,663,164,80.2,5.53,21818.76,46,1749503520704,1788141754195,447.2,3489.82,0.16,20982.039077,6,-12532.26,-59.7,True,True,False
0xa9062f5ba14189e0740eae6724357f5800cefc67,True,2000,964,558,406,57.9,1.0,251.57,14,1781530919086,1788525255527,81.0,-12645.82,50.268,59284.01307,1,-3613.91,-6.1,True,False,False
0xa9184bb57fd75c7c63e4c074d6319eceac6be53b,True,2000,0,0,0,,,0.0,1,1787666676858,1787752519013,1.0,0.0,,8048.973987,1,-3838.71,-47.7,True,False,False
0xa924fb1d89a44d08b6a17bf59ef892cab446f07a,True,2000,1032,199,833,19.3,0.2,-10196.17,8,1783930385870,1788350190520,51.2,-785.34,0.077,0.0,0,0.0,,False,False,False
0xa95730f1661726bf0228931c7ec031838cd07ba5,True,2000,763,218,545,28.6,0.06,-144854.54,5,1781699036115,1788716780989,81.2,-21803.89,0.151,7998.845211,0,0.0,0.0,False,True,False
0xa96bb03241b4359aab743020a6a254210decb4bc,True,2000,1032,691,341,67.0,2.65,19851.94,39,1776462326840,1785416515064,103.6,-2121.01,0.107,0.0,0,0.0,,False,True,False
0xa98391a65a1c1edfe0ca4dc01ac91dfe67aaf744,True,2000,1072,773,299,72.1,6.51,684867.06,34,1710810145959,1788525031754,899.5,50092.26,0.073,31316.45718,1,7056.46,22.5,False,True,True
0xa99767ff6874018935af8924eeb3de3c7b578edc,True,2000,1960,1553,407,79.2,0.81,-73279.54,9,1775603419497,1787356800028,136.0,-74267.24,1.013,0.0,0,0.0,,False,False,False
0xa9a6860217673439a8bc4f4d94300b9fdcce9981,True,848,352,167,185,47.4,3.65,18780.89,22,1744578181836,1788471061521,508.0,3246.3,0.173,126339.343907,1,100533.36,79.6,False,False,False
0xa9c58e5476f320b52cae843aa5e76df6d0a45772,True,2000,1061,678,383,63.9,0.78,-806.03,5,1778381456770,1785340511133,80.5,-1247.85,1.548,0.00295,0,0.0,0.0,False,True,False
0xa9d7045c13ec29ce7d84124da39f2e633309a164,True,2000,924,681,243,73.7,0.59,-18209.49,50,1773400671738,1788697936407,177.1,-5648.49,0.31,42034.940834,1,-27116.3,-64.5,True,True,False
0xaa08c044246ad15104757cb4e17299cb59834d7f,True,2000,896,538,358,60.0,1.16,29060.24,12,1756402133297,1788725447487,374.1,-94907.0,3.266,85333.407929,1,23040.8,27.0,False,True,False
0xaa20d7d4f70999b855a233481b6ea886a461f4a0,True,2000,939,350,589,37.3,1.57,2045.17,14,1788393712268,1788791508060,4.6,308.89,0.151,2776.272677,2,-52.67,-1.9,False,False,False
0xaa3f51a8095d030e38317e917839c87315300bee,True,601,242,122,120,50.4,5.98,626723.99,4,1753898723790,1777313081466,271.0,145382.54,0.232,0.0,0,0.0,,False,False,False
0xaa4b8ff2eaeb7df7944790d64fa301f7c7014126,True,1982,1044,391,653,37.5,0.49,-9747.44,11,1764700449365,1786561007751,253.0,1197.95,0.123,0.0,0,0.0,,False,False,False
0xaa5b8f2b7adc78bdb3c691522214a5f749b44ee0,True,944,440,194,246,44.1,0.71,-4233.03,21,1776100492245,1788528728149,143.8,-2748.16,0.649,0.0,0,0.0,,False,True,False
0xaa71480283eff46100ed1fe30c20a14e14a205c1,True,2000,980,388,592,39.6,1.11,8431.77,1,1787927982729,1788132743760,2.4,9525.42,1.13,0.0,0,0.0,,False,False,False
0xaa8829e251c5a30387e2d9b5da08d247e91e578e,True,418,325,257,68,79.1,3.99,10553.8,6,1758463166228,1778204462574,228.5,2197.36,0.208,0.0,0,0.0,,False,False,False
0xaa962a4796766d0f68846641565272b63cef0f0e,True,204,82,19,63,23.2,0.43,-8488.04,4,1778926790509,1786216347916,84.4,-5192.37,0.612,0.0,0,0.0,,False,True,False
0xaaa29522404136ab05dce07a95974c9e053c1479,True,2000,1053,554,499,52.6,0.76,-129.92,10,1787624690103,1788794421788,13.5,-22.51,0.173,45236.367761,3,0.05,0.0,False,False,False
0xaab8973d3871a4af0f7ea9d7dd71dfb5b3f5b8de,True,2000,979,731,248,74.7,0.55,-21443.83,7,1785761715774,1787374859787,18.7,-2050.26,0.096,0.0,0,0.0,,False,False,False
0xaad74b1d9bd1fa20f239a7a19217d538628780c5,True,959,553,208,345,37.6,1.14,5017.81,2,1768334433592,1787575900392,222.7,-7290.57,1.453,0.0,0,0.0,,False,True,False
0xaafde1b626f481274853f106734617ad7c678cff,True,815,485,195,290,40.2,0.26,-15236.95,3,1787352278679,1788684281034,15.4,1623.01,0.107,6913.247553,1,-1168.72,-16.9,True,False,False
0xab0889f20884f9f7d728f45eceec888d4db1a718,True,1474,636,495,141,77.8,0.48,-10060.18,42,1734285641375,1787586682117,616.9,-4188.32,0.416,10722.634662,6,-7204.7,-67.2,True,True,False
0xab189c83cc400c1aed094c5d54070f32a276e498,True,843,398,208,190,52.3,0.57,-53929.51,10,1770810790993,1788464869502,204.3,-16211.9,0.301,6469.408439,1,-1885.58,-29.1,True,True,False
0xab3c46811e2fa0add20f63c4ca85f35aff33d96a,True,2000,898,649,249,72.3,1.16,2735.61,3,1758889324700,1787153242486,327.1,-2336.92,0.854,0.0,0,0.0,,False,True,False
0xab558c9b88d1e99a66963817a2b78fdb33473dbc,True,2000,458,374,84,81.7,2.81,5755.07,16,1787612685752,1788794305320,13.7,-658.62,0.114,686.827704,1,6.03,0.9,False,True,False
0xab6521fb5dd9961da780d1f82e656771d1032231,True,2000,897,628,269,70.0,1.81,3029.93,16,1784122510635,1788743832373,53.5,595.0,0.196,9039.080302,12,3405.26,37.7,False,True,False
0xab76baf96f3f2ab7bb455e53a032347936619416,True,404,188,164,24,87.2,1.68,4265.98,5,1784899586559,1788705117754,44.0,-2888.47,0.677,2971.198886,1,-3.18,-0.1,False,True,False
0xab961d7c42bbcd454a54b342bd191a8f090219e6,True,2000,1015,0,1015,0.0,0.0,-626541.11,1,1787276227585,1787324989617,0.6,-41958.43,0.067,0.0,0,0.0,,False,False,False
0xabcbaec351cfc9524fa9f28ee8a5670dee7d5d8f,True,972,351,217,134,61.8,1.7,5029.64,9,1787229649049,1788752181079,17.6,-1590.67,0.316,0.0,0,0.0,,False,True,False
0xabecaf1e97a9295d098c57c31d803ebc01a8b97f,True,2000,1027,259,768,25.2,1.14,1062.96,18,1769973069418,1788450297267,213.9,1547.6,1.456,0.0,0,0.0,,False,True,False
0xabfae5ef417fec83a63dcdbff5a13f71d09045c5,True,2000,1016,531,485,52.3,1.04,96.19,1,1788534203380,1788794409933,3.0,-94.21,0.979,28345.683954,1,11.61,0.0,False,True,False
0xac142fee46f8dacbfef23e1e41d79f1f7233487e,True,2000,1240,1029,211,83.0,58.82,43698.03,17,1787473727046,1788764849172,14.9,1937.28,0.044,314795.804969,2,-942.35,-0.3,False,True,False
0xac23a1432c7d87a4e34f58ee8c1ab592e08d4a0c,True,278,114,74,40,64.9,1.1,2731.67,2,1779061644685,1788753511275,112.2,-24336.49,8.909,30855.558269,0,0.0,0.0,False,False,False
0xac36a50ac5b02dbee857ad12f2d3a747a1187cea,True,2000,909,909,0,100.0,inf,17920.15,20,1787564507941,1788703867020,13.2,811.55,0.045,22739.484431,4,-13914.01,-61.2,True,True,False
0xac586208ec94993823b5ed0b804e7927938aa069,True,1512,783,436,347,55.7,9.08,26890.71,16,1693149054967,1788480000030,1103.4,6770.08,0.252,0.0,0,0.0,,False,False,False
0xac6c58f184d157fe7cdfad72c6f613004fae3e0a,True,2000,820,475,345,57.9,0.83,-3328.97,12,1777119481581,1788776531029,134.9,2245.55,0.675,380.704371,1,-33.75,-8.9,True,False,False
0xac7d2f330f6f220a2411227b1edd89423d983ece,True,2000,891,371,520,41.6,0.64,-2704.88,14,1784319928342,1787529600082,37.1,458.93,0.17,0.0,0,0.0,,False,False,False
0xac8b2ad6b74ad49638fc46c5a0f4941620e9e19b,True,2000,1107,635,472,57.4,0.43,-40192.43,6,1783857007282,1787153278913,38.2,-12874.0,0.32,0.0,0,0.0,,False,False,False
0xaca2dda8eb0469f16b9624d65e5ddabd58989177,True,2000,1162,842,320,72.5,6.76,22347.22,4,1788676323001,1788794376380,1.4,491.11,0.022,398104.96472,4,-13923.44,-3.5,False,True,False
0xacb4ea1a712cdf0313d0fa91fe97639af332fa4f,True,2000,874,512,362,58.6,0.55,-16689.6,9,1781460184731,1788706610613,83.9,-2103.52,0.126,0.0,0,0.0,,False,True,False
0xacc78b5562c23e2a51408094fe331de724bf2b57,True,2000,1006,481,525,47.8,1.06,1847.68,11,1742903320631,1788474824734,527.4,2119.13,1.147,0.0,0,0.0,,False,True,True
0xacee3f5bfdf6bfc8ac03f534059252b14204b330,True,2000,1341,728,613,54.3,2.93,22452.8,5,1788145788897,1788551098616,4.7,1469.74,0.065,161070.343094,4,30462.46,18.9,False,False,False
0xacfea1baad9afda051929ccd585d27cc8b82680c,True,522,222,137,85,61.7,1.37,4386.61,2,1777775402932,1783527422060,66.6,-1975.14,0.45,0.0,0,0.0,,False,True,False
0xad0f9137071efc750e7c0c4386eab362be9ea4c5,True,439,216,89,127,41.2,0.96,-885.03,12,1751839353231,1774218979081,259.0,-7897.94,8.924,0.0,0,0.0,,False,False,False
0xad21a26e4f3af1cfc6a006121abddf3e7fa2fb6a,True,2000,969,895,74,92.4,15.08,22238.55,11,1787487204389,1788748682616,14.6,2547.28,0.115,15427.344934,3,-6449.41,-41.8,True,False,False
0xad3d2359a27d124f822acb376159d008756d49e7,True,2000,1009,723,286,71.7,0.72,-2573.07,41,1787291820376,1788786225055,17.3,537.78,0.209,1700.374667,2,-160.54,-9.4,True,True,False
0xad551ace690b8522150a30014d622ba9d259d23f,True,2000,1141,782,359,68.5,3.02,5299.32,22,1770259692728,1780016429499,112.9,412.42,0.078,0.0,0,0.0,,False,True,False
0xad61f2e6fd857b543c30b85fb9da550a11ff1c74,True,1711,748,453,295,60.6,0.89,-1918.44,5,1780835067262,1781045799605,2.4,4191.88,2.185,0.0,0,0.0,,False,True,False
0xad73fa90a71c2bf84ee626d9f53869d0bb6a9454,True,170,60,40,20,66.7,2.21,4554.27,6,1763720057813,1787900276282,279.9,2723.72,0.598,17553.138359,2,1726.3,9.8,False,False,False
0xad8e74fa529e7930db2aa2a3f73635bb095bca4f,True,2000,1079,485,594,44.9,4.23,87515.04,4,1780790728350,1781722714298,10.8,7451.63,0.085,0.0,0,0.0,,False,False,False
0xadabc828201be912b3ef3bde83f1e19703349fdb,True,361,131,65,66,49.6,3.73,90459.63,4,1773391281493,1785696359581,142.4,26985.12,0.298,0.0,0,0.0,,False,True,False
0xadc7dc719729a36fd4a78b86c17228b631dae28a,True,646,288,129,159,44.8,1.77,42580.5,3,1770050059706,1780320976825,118.9,17213.54,0.404,0.0,0,0.0,,False,False,False
0xadd9a131608bbb32941047d6d78881e2b4d2c720,True,2000,1068,703,365,65.8,1.77,11512.97,9,1787876781639,1788722201331,9.8,1362.94,0.118,0.0,0,0.0,,False,True,False
0xaded86bf6e6fd72f78dca132af112fa36230809e,True,2000,1162,344,818,29.6,0.27,-225699.12,4,1770559460464,1772468648072,22.1,-11377.2,0.05,0.0,0,0.0,,False,False,False
0xadfc0bb2b0509ada5a7c0d31cc38103635901bf3,True,2000,900,663,237,73.7,0.22,-106640.62,11,1781355806619,1787326207601,69.1,-50499.69,0.474,0.0,0,0.0,,False,True,False
0xae0d4dc84c2732fb8caece859ccabcfabf32e68f,True,2000,993,764,229,76.9,2.31,46558.61,23,1768014533213,1788454592308,236.6,3493.59,0.075,16589.846107,1,-1392.85,-8.4,True,False,False
0xae21e4644c217d3338704f8cd3a401eb34fc2120,True,1304,585,143,442,24.4,1.8,3717.43,10,1782329618071,1783364993005,12.0,1490.92,0.401,0.0,0,0.0,,False,True,False
0xae30db70d09fd773ba1c8423300f4599f007bb3b,True,2000,1075,296,779,27.5,0.75,-1713.79,13,1782384551163,1788787345619,74.1,-1150.32,0.671,0.0,0,0.0,,False,True,False
0xae551d73161bac3315c5ade0e2d499a44ebe2236,True,2000,1391,1383,8,99.4,6081.22,438067.47,13,1768949761785,1787580458888,215.6,16327.58,0.037,223715.470298,2,-687480.67,-307.3,True,True,False
0xae6cb400313a439f1a81106970378557ed766e63,True,2000,989,445,544,45.0,2.31,3657.66,100,1787644146815,1788793780018,13.3,367.9,0.101,5772.885295,21,-218.91,-3.8,False,False,False
0xae802b9360fb59b2d6cb15c5e329714c1f1f117b,True,2000,541,344,197,63.6,0.29,-80333.75,12,1736278385522,1779817206935,503.9,-20529.45,0.256,51128.138343,2,16932.69,33.1,False,True,False
0xae974f24020c2e9162034dddc4f2f5e75366f0d8,True,1971,1013,439,574,43.3,1.46,8227.74,22,1785863088028,1788640877097,32.2,1513.87,0.184,0.0,0,0.0,,False,True,False
0xaea80c447cdcb93639ad18cef0fbe574c6fb971b,True,2000,941,924,17,98.2,0.29,-76279.89,20,1733488083544,1788787297295,640.0,-61609.81,0.808,74583.327208,4,-13036.53,-17.5,True,True,False
0xaebe63e86e65326ab4f625ed4131f1ee42630473,True,1331,622,361,261,58.0,0.99,-41.72,14,1773278040616,1781099601900,90.5,-1545.53,37.044,0.0,0,0.0,,False,True,False
0xaecac9f39c5808f6a9f0938e644dcbb4db8c6580,True,2000,822,518,304,63.0,4.81,75768.39,21,1737391032153,1784936697161,550.3,24274.29,0.32,0.0,0,0.0,,False,True,True
0xaeddf1a6b4faf8367d015d3fa3ddda2790c9a970,True,1334,678,437,241,64.5,0.85,-1181.01,55,1783008055510,1788783547254,66.8,-1487.33,1.259,93.400316,0,0.0,0.0,False,True,False
0xaefbbf78efec1620afb3bd52433bddd4c2fb0114,True,2000,433,289,144,66.7,2.71,4630.64,16,1787328586735,1788745522784,16.4,1331.49,0.288,0.0,0,0.0,,False,False,False
0xaf11b310b7c49b842589dfdf3d2dcbd3f78072f9,True,2000,911,580,331,63.7,1.12,19159.71,5,1771635807891,1785149129535,156.4,25785.94,1.346,0.0,0,0.0,,False,True,False
0xaf2c1206b22629915ff7a0fc98d171a1ef398a3f,True,2000,814,692,122,85.0,0.28,-30866.84,1,1785150513078,1788297431375,36.4,-7227.15,0.234,0.0,0,0.0,,False,False,False
0xaf39df0a30d4b103bd489ed535f236556ab970b3,True,2000,801,544,257,67.9,1.52,5373.27,28,1787244606842,1788794305502,17.9,793.76,0.148,10182.227515,4,-386.45,-3.8,False,False,False
0xaf4bf4b1558bf441e731cc6f1bfd0f77274a90fa,True,1254,646,389,257,60.2,2.22,3732.84,18,1784289456201,1788787728783,52.1,526.68,0.141,3626.917646,4,-103.08,-2.8,False,False,False
0xaf5c5ead12ecf614a17259fd144f8e0a71cfd4fa,True,1936,833,594,239,71.3,2.38,55797.01,3,1765746226029,1788463394455,262.9,-5261.99,0.094,0.0,0,0.0,,False,True,False
0xaf728473d7d9a120e35c76400e77cacea151146e,True,657,235,68,167,28.9,0.49,-19233.4,13,1713520064102,1788710048414,870.3,-18464.0,0.96,2082.866705,1,82.05,3.9,False,True,False
0xaf8c133eab62af773ca995dd7b6bf603994d9e3e,True,2000,994,419,575,42.2,1.23,731.63,51,1786093297453,1788775329320,31.0,194.89,0.266,41840.880175,50,3112.03,7.4,False,False,False
0xaf9eb4f8f69c41cc260dcaec145be88fb6b05c49,True,2000,795,540,255,67.9,4.16,42109.33,16,1782494079532,1788791126494,72.9,5863.48,0.139,11305.723399,5,-1836.83,-16.2,True,False,False
0xafac18938b4cfc6712d71120d189508e46d22af1,True,1595,662,160,502,24.2,1.91,3335.55,2,1778574398739,1779443414899,10.1,1161.3,0.348,0.0,0,0.0,,False,False,False
0xafc71995daae895651491b3625b96fde8720cef0,True,926,525,248,277,47.2,0.32,-9370.91,11,1749142856115,1781032161500,369.1,-3743.5,0.399,0.0,0,0.0,,False,False,False
0xafda75c6e4db5b2bc05f6d29441719f559de816a,True,924,444,210,234,47.3,1.4,2661.66,36,1755975578428,1788274892076,373.8,-1301.8,0.489,0.0,0,0.0,,False,True,False
0xaff7a6bf3205a031daeb9dd5b0c7f8f1f6dfbcd1,True,1888,971,932,39,96.0,26.62,13689.48,32,1758370273350,1788787594769,352.1,1670.99,0.122,11872.998554,6,-3519.83,-29.6,True,True,False
0xb00b18b3bf6ecc43e6235ee69424d4a220437a4d,True,2000,1102,784,318,71.1,1.33,23900.54,24,1779346239414,1788738022111,108.7,15320.38,0.641,49138.609093,8,-33490.92,-68.2,True,True,True
0xb0337ad3871e8b3018f94fb10b202f48c90ced83,True,2000,1239,854,385,68.9,0.58,-63493.72,30,1753006220072,1788455299212,410.3,-8765.74,0.138,0.0,0,0.0,,False,True,False
0xb04554688766ee869cb1fbce8d98a4e8969aaf7d,True,2000,673,238,435,35.4,1.07,481.34,58,1773857740202,1788779768068,172.7,449.12,0.933,4636.900586,2,-407.02,-8.8,True,True,False
0xb060f3c091ab16e26fdb8bfb61fc8c9e1fc8d2c9,True,2000,1148,885,263,77.1,0.79,-6738.83,19,1763467195320,1788715282399,292.2,-5230.25,0.776,9335.68385,1,-96.61,-1.0,False,True,False
0xb070f6bc50cdbebf11b0e6c8cd82c2d097295b54,True,2000,1059,747,312,70.5,0.72,-15703.44,12,1757460490038,1780365597964,265.1,-11235.17,0.715,0.0,0,0.0,,False,True,False
0xb085ec6b9a07bcc766653725eea5d3ea6dea6fa7,True,908,489,193,296,39.5,1.09,357.97,2,1780443133643,1781025261613,6.7,460.03,1.285,0.0,0,0.0,,False,True,False
0xb09e9c3c069976e145b1ca756e0f30eb5eb418e7,True,2000,940,328,612,34.9,1.0,-1.02,30,1782670528846,1785969192848,38.2,142.47,140.02,0.0,0,0.0,,False,True,False
0xb0b112c365922322a00811feb4b65ddcdb442c87,True,956,488,278,210,57.0,0.76,-3250.7,5,1777889732953,1783181107629,61.2,-5959.86,1.833,0.0,0,0.0,,False,True,False
0xb0c66e86ee3136279998501239d64d00567599ac,True,2000,1083,520,563,48.0,1.48,5908.71,22,1780870498321,1788618231847,89.7,-705.66,0.119,10.453124,1,0.94,9.0,False,True,False
0xb0e5453ed14b2e17e41d35e114f5c530bd604361,True,689,207,159,48,76.8,2.16,25398.24,66,1740160079626,1788637609912,561.1,13643.08,0.537,10968.526934,9,1470.56,13.4,False,True,False
0xb1002e7f8ca58de99c44cfa0ddb4c78de9d1205c,True,2000,1072,477,595,44.5,1.15,1164.08,21,1787380345589,1788712643957,15.4,1494.19,1.284,0.0,0,0.0,,False,True,False
0xb1169a740086e1a4c56b1d5970e1c3343c134a59,True,414,211,101,110,47.9,0.28,-2106.51,5,1778405330583,1783921388870,63.8,-660.15,0.313,0.0,0,0.0,,False,False,False
0xb123cd952875d8014efc7a9160a7531a5fe8f5ca,True,2000,916,685,231,74.8,1.51,22495.91,13,1746296098012,1783961197740,435.9,12673.92,0.563,22487.89887,1,5360.49,23.8,False,True,False
0xb143a07fcfffb46db4113dc7c78748353e67421f,True,785,359,238,121,66.3,0.28,-9700.24,14,1754958290540,1784713986078,344.4,-6980.92,0.72,0.0,0,0.0,,False,True,False
0xb15a8eea2662eab3ddcf179b531fa8e63eaac72e,True,2000,960,627,333,65.3,0.72,-13927.83,19,1774029058534,1788486018142,167.3,-3077.49,0.221,0.0,0,0.0,,False,False,False
0xb177d1710a110b520a73c6dc1a0557fed7bec490,True,2000,968,316,652,32.6,0.65,-5937.49,14,1772567659554,1776519368015,45.7,-783.95,0.132,0.0,0,0.0,,False,False,False
0xb18fc90f2422e68865b0c1ae01c4b05ec0d08510,True,2000,214,135,79,63.1,4.85,59093.47,1,1788359303676,1788792292052,5.0,20433.4,0.346,89257.815564,1,-10189.07,-11.4,True,False,False
0xb1aa1697b85aa02d04e323414b56eef6039f39a8,True,2000,897,257,640,28.7,0.36,-84990.9,1,1785466398400,1788132569307,30.9,-2600.92,0.031,0.0,0,0.0,,False,False,False
0xb1c4a17f0f39c2b04333831104a82e94ab808510,True,2000,1067,777,290,72.8,0.29,-6254.0,6,1774532358805,1788739200041,164.4,-2004.06,0.32,0.0,0,0.0,,False,True,False
0xb1e079854268985431935ce53aa54c8e1722fa0d,True,1701,830,381,449,45.9,0.77,-4304.78,44,1710503589648,1774263951440,738.0,-924.18,0.215,25.666744,1,-10.18,-39.7,True,True,False
0xb1edfeccf03f35d2268f5dc4013508a6eb52c702,True,2000,1248,817,431,65.5,1.67,1650.5,3,1788652967048,1788794931156,1.6,344.17,0.209,77716.654594,2,-463.48,-0.6,False,False,False
0xb1ff7a32a317abaef6b5a505eec22e3cb93688b6,True,158,91,50,41,54.9,0.37,-8972.86,2,1777848422562,1778439600310,6.8,-3822.66,0.426,0.0,0,0.0,,False,False,False
0xb226f97bc5b01978848dc440b40c70faea7c006e,True,2000,898,632,266,70.4,0.77,-5990.73,13,1782166250877,1788629938620,74.8,-5655.44,0.944,0.0,0,0.0,,False,True,False
0xb235a62ca0cfe78141033de9401c04853e4272f1,True,1047,574,288,286,50.2,0.93,-29.82,1,1766999917006,1776761325067,113.0,-22.44,0.753,0.0,0,0.0,,False,True,False
0xb24728f6e8ac7f75dccbac6d0fd3da01d60f56da,True,2000,955,184,771,19.3,0.61,-4873.05,12,1767811469863,1778686257774,125.9,1849.36,0.38,0.0,0,0.0,,False,False,False
0xb2543c119bf70633afe4b69ba967e6c7a9d7bebf,True,2000,1050,357,693,34.0,0.6,-3315.51,56,1775069717170,1778583075899,40.7,-191.41,0.058,0.0,0,0.0,,False,True,False
0xb262d5a5d064a4354990a66c286ec1800c216b11,True,2000,1154,489,665,42.4,0.05,-606691.54,1,1785983405017,1787419301940,16.6,-86367.77,0.142,0.0,0,0.0,,False,True,False
0xb277557f3f7e174e90b13efd00cd236c1b6e7f9b,True,2000,793,415,378,52.3,0.93,-1782.66,18,1787211146232,1788790020112,18.3,-6851.42,3.843,0.0,0,0.0,,False,False,False
0xb282f8129895eabb03891d430e2ad6167b281dac,True,2000,876,578,298,66.0,0.13,-924248.1,40,1760088610981,1788740939583,331.6,-350387.68,0.379,36916.673244,7,-45116.4,-122.2,True,True,False
0xb29b7426fda6ad859328cb6c3d887277d8d5f60b,True,730,394,161,233,40.9,1.57,4524.7,9,1773023627011,1778549864623,64.0,1063.56,0.235,0.0,0,0.0,,False,False,False
0xb2af4e8e98a5e5c73ed374e0672e70aa1e94706d,True,190,72,54,18,75.0,0.62,-1330.37,3,1787200865451,1787279614188,0.9,-1023.05,0.769,0.0,0,0.0,,False,True,False
0xb2c70fd7401f4fc54debf38e9046fc7f8c788851,True,273,146,68,78,46.6,0.22,-2755.8,3,1781938079854,1787475720304,64.1,-887.51,0.322,0.0,0,0.0,,False,False,False
0xb2d88bb44f90cc408f23a002bedf5643ee24fe73,True,800,393,174,219,44.3,0.96,-1114.18,13,1753924878360,1787862662115,392.8,3120.05,2.8,0.0,0,0.0,,False,False,False
0xb2f7374b222a930d20e8d556f33228211d1baf9f,True,2000,1311,0,1311,0.0,0.0,-388164.61,3,1788715628532,1788788877094,0.8,-3720.13,0.01,7080223.23523,8,-9282870.68,-131.1,True,False,False
0xb30cd23e5cda09122a74c65810e656a7cd119a60,True,337,165,50,115,30.3,0.97,-29.14,3,1787940238561,1788481343582,6.3,171.76,5.895,1606.809806,1,843.77,52.5,False,False,False
0xb322c1b811eaf8b3840133a2fc936f4c7185d51f,True,2000,1047,783,264,74.8,0.85,-6684.75,2,1788274095660,1788788151299,5.9,4076.21,0.61,87889.526974,1,-12125.0,-13.8,True,True,False
0xb346af29887acc41dda11caf946fb790789ad103,True,2000,1648,563,1085,34.2,0.14,-162322.99,1,1781715292388,1781796349009,0.9,-12593.0,0.078,0.0,0,0.0,,False,False,False
0xb362c372e0c58bccc5fb47d8f59a1cc00895e63d,True,2000,934,703,231,75.3,7.76,95235.16,5,1784555714873,1788730322671,48.3,7280.18,0.076,0.0,0,0.0,,False,True,False
0xb377d55090a007cc96a5906dcbf39b9370a1305a,True,1448,616,360,256,58.4,0.73,-7602.53,34,1732863940218,1782319881551,572.4,-1816.97,0.239,2052.564059,2,666.03,32.4,False,True,True
0xb38a8227df6dd21223919dd94da17923809ea1a3,True,2000,1386,1242,144,89.6,1.22,4092.28,4,1739589395173,1787209688217,551.2,-6839.24,1.671,0.0,0,0.0,,False,True,False
0xb3a38662575bdf1541013ce987934dba919851ea,True,2000,1318,493,825,37.4,0.39,-3284.67,1,1781642150080,1781802546140,1.9,-49.06,0.015,0.0,0,0.0,,False,True,False
0xb3c51f05eb1e2f03867a858f33c38dc2183b6b26,True,2000,952,693,259,72.8,2.25,24362.69,16,1787270390061,1788720998692,16.8,-2071.31,0.085,4843.532702,2,-2780.84,-57.4,True,True,False
0xb3ebdb1df3a9a421d6a2ca5c460304520c553811,True,80,42,33,9,78.6,0.13,-4546.42,1,1766771495433,1787151239247,235.9,-4357.24,0.958,6853.036306,1,-3182.8,-46.4,True,False,False
0xb4076cd1617ad9e0b7c198c5e58e2210c5b19681,True,2000,1174,486,688,41.4,0.85,-5169.64,6,1781034302204,1786120128960,58.9,-3153.03,0.61,163037.197514,1,125082.69,76.7,False,False,False
0xb413a73246320ea64aa81778c732e67c71e5e285,True,2000,1007,418,589,41.5,2.31,12729.39,62,1767094616804,1788795171557,251.2,4008.76,0.315,8808.838311,1,-330.55,-3.8,False,True,False
0xb42fce99b99768267f24f0e8a4aeec14ba87dc10,True,549,296,99,197,33.4,0.57,-806.09,11,1783135915187,1788134400007,57.9,-279.39,0.347,0.0,0,0.0,,False,True,False
0xb454c927cbd69ae3229f911129c496db7e2696e8,True,2000,877,604,273,68.9,0.98,-148.13,28,1750532201246,1788751454916,442.4,-694.78,4.69,3738.15976,4,-4164.68,-111.4,True,True,False
0xb47314dcfd246a196e6ae1ab5a764d5e454795bc,True,167,109,43,66,39.4,0.04,-27474.41,2,1783885478522,1784413018277,6.1,-10734.65,0.391,0.0,0,0.0,,False,True,False
0xb48e45c76e7442d9944790085399e26b7d89b1ed,True,2000,693,148,545,21.4,1.64,25555.18,7,1788659421358,1788778518499,1.4,8229.46,0.322,258014.639523,5,139492.57,54.1,False,False,False
0xb4a726f320b429730b2f1d2165c2ce06b9328085,True,2000,786,618,168,78.6,2.16,19921.92,32,1765783609282,1779321600086,156.7,-4470.0,0.224,0.0,0,0.0,,False,False,False
0xb4c0a19d0a75ffd4c0f111a3d3785eb9a6c1e203,True,563,437,173,264,39.6,0.71,-9910.84,6,1775632996656,1781480848481,67.7,4310.57,0.435,0.0,0,0.0,,False,True,False
0xb4daad808516667d25a68643976fbf8b084e3fdb,True,2000,894,660,234,73.8,2.01,37487.38,4,1787720822809,1788464159749,8.6,6310.8,0.168,0.0,0,0.0,,False,True,False
0xb4f1d3e5153599cd9f59c686dbee4262ac87d75c,True,2000,1079,628,451,58.2,14.93,8113.0,80,1788537665276,1788793438683,3.0,902.86,0.111,101.590089,1,59.13,58.2,False,True,False
0xb507a0d679f9927545bcd875656d401aa09aacd2,True,407,167,69,98,41.3,0.2,-29550.22,3,1780414569859,1787624275715,83.4,-17195.6,0.582,0.0,0,0.0,,False,True,False
0xb51897536160a289b2f07ca6eac9b0da30259f0a,True,607,301,81,220,26.9,0.66,-1985.28,13,1787060830928,1788793860009,20.1,-457.3,0.23,0.0,0,0.0,,False,False,False
0xb5362a2ee1df3585ddffa39dde0a42b728ae0368,True,2000,924,680,244,73.6,0.99,-325.78,6,1777555672956,1787582000277,116.0,-3006.97,9.23,0.0,0,0.0,,False,True,False
0xb54dd58b758febaadaddf924b3e1ab9a64b615da,True,2000,1062,939,123,88.4,40.83,2274.19,1,1788377863271,1788795205357,4.8,8.1,0.004,8729.816984,1,-379.17,-4.3,False,True,False
0xb56a8e43ac07b1b84d14657e0135e4fb196858a6,True,2000,1570,956,614,60.9,8.11,59236.7,18,1779536902568,1786649097328,82.3,714.87,0.012,0.0,0,0.0,,False,False,False
0xb585a63a2bfe2dde6ebe1eaafb0768551e37ebb5,True,2000,1276,725,551,56.8,1.05,408.7,6,1780404022777,1786959088923,75.9,-813.83,1.991,0.0,0,0.0,,False,True,False
0xb5a58a629206f2e950adad80b8d4210d7661bfed,True,2000,891,508,383,57.0,0.95,-12589.36,33,1748467597579,1788534396881,463.7,-51823.65,4.116,15358.052168,1,-308.0,-2.0,False,True,False
0xb5ba02a27245ed610ff540b3686a6fdaa08216b2,True,226,121,46,75,38.0,0.16,-5317.0,2,1778655179165,1787271929949,99.7,-1883.44,0.354,0.0,0,0.0,,False,False,False
0xb5c6af26e46fafc5cb4ba7edf7f2eafc425752cb,True,2000,1076,496,580,46.1,1.24,8629.68,8,1777121995827,1787584058896,121.1,-5225.79,0.606,17829.697646,1,-212.21,-1.2,False,False,False
0xb5e7dee094dae809f2775caf07c4d4fde863eff1,True,2000,900,683,217,75.9,13.75,188044.77,4,1787252970463,1788793692837,17.8,3422.48,0.018,103060.191145,2,-167429.95,-162.5,True,True,False
0xb604a7e8a816c0cafa0f96a3011c3e0a78d2144f,True,2000,936,712,224,76.1,1.63,26892.84,25,1764771331968,1788473170123,274.3,8672.45,0.322,0.0,0,0.0,,False,True,False
0xb6239708f8c3447656bd09c5146121e8b5bbc01e,True,185,65,21,44,32.3,0.43,-1433.2,8,1769884863901,1779333387288,109.4,-586.73,0.409,0.0,0,0.0,,False,True,False
0xb639fb47502db19f997db8f2c88160672f181b8a,True,2000,917,387,530,42.2,0.89,-6961.39,25,1736627976513,1787818793594,592.5,-8870.8,1.274,65418.466778,1,17920.17,27.4,False,False,False
0xb64d690e67ab7715ddb57c7882d62ba9d82f6ee2,True,941,422,183,239,43.4,1.48,25156.31,4,1731935769702,1787302999417,640.8,-23271.6,0.925,27782.316164,1,-38024.5,-136.9,True,True,False
0xb6628324bf5f998eefe8f5e66d0dfcbfd25e9951,True,482,239,86,153,36.0,0.6,-13883.69,7,1757600181928,1785939368414,328.0,-9466.42,0.682,0.35669,1,0.31,86.2,False,True,False
0xb66c61bffaf769148af70d6e9b03b12f987ba5f5,True,742,290,108,182,37.2,0.81,-5888.64,6,1760028374084,1774921437489,172.4,7808.96,1.326,0.0,0,0.0,,False,True,True
0xb688e71b937655674c37d03227d84f7b070ad76e,True,929,405,220,185,54.3,1.67,16461.96,18,1739181103070,1787561569957,560.0,-3331.79,0.202,1464.07629,3,-978.79,-66.9,True,False,False
0xb69928c8891fda94f534f79b8acfe3b83773392e,True,2000,1250,756,494,60.5,0.82,-108639.59,4,1785001319647,1788491772645,40.4,-68581.64,0.631,0.0,0,0.0,,False,False,False
0xb6b109f83ebf8fa1d156fd11d1bc11b6ced5ae3b,True,2000,1042,521,521,50.0,1.31,2597.34,51,1786874833970,1788775563596,22.0,442.18,0.17,121760.915576,50,8560.95,7.0,False,True,False
0xb6c46a3d492b508df26ab481604ceeb32d152faa,True,2000,976,420,556,43.0,0.98,-1819.29,4,1777353818675,1787303004120,115.2,24726.54,13.591,0.0,0,0.0,,False,True,False
0xb6e8f26448f9a4639e703c624c28aa849a582dcc,True,2000,1001,594,407,59.3,0.6,-10802.41,7,1778437390936,1784804737552,73.7,-3364.16,0.311,0.0,0,0.0,,False,True,False
0xb6fd4d73e8641efa499ef02f7568bbf1372f3a57,True,274,110,15,95,13.6,0.29,-4288.8,8,1786907019783,1787396276865,5.7,1213.04,0.283,0.0,0,0.0,,False,False,False
0xb71a48216020fbc3eedbd3da6c9979ec24a1c4a8,True,817,389,218,171,56.0,0.85,-243.84,2,1782718480708,1785975646121,37.7,-108.69,0.446,0.0,0,0.0,,False,False,False
0xb730e6f15b5d89254db2e84cf0a7fc3bcc2129cc,True,2000,1122,689,433,61.4,1.19,24.97,9,1788206217771,1788794524140,6.8,4.74,0.19,0.0,0,0.0,,False,True,False
0xb74f6af9e973315fec288154e88dc82c8599e577,True,2000,1135,692,443,61.0,1.56,8001.32,23,1750440958911,1788184318339,436.8,2382.33,0.298,0.0,0,0.0,,False,True,False
0xb75a08e82a1bf0fcceb89bbdaf9aae00be8ca29a,True,517,245,245,0,100.0,inf,103478.87,4,1779991021709,1788795247057,101.9,4226.55,0.041,561281.048172,2,96229.43,17.1,False,False,False
0xb76ddb35660c0ea99d81a64754fe3f1ebff54160,True,2000,895,544,351,60.8,2.24,52388.77,3,1760454685819,1787571635200,313.9,6311.5,0.12,0.0,0,0.0,,False,True,False
0xb78c6965136535b3c23aa01e9ad3cadf60773761,True,2000,918,778,140,84.7,0.76,-63534.79,32,1749496884468,1788630973518,452.9,-18491.16,0.291,56037.353364,9,-8235.66,-14.7,True,True,True
0xb7a13f2ec17f7bfef25a912090a44448a364e57b,True,2000,916,656,260,71.6,0.86,-4257.04,8,1762865312901,1782198007648,223.8,-2611.22,0.613,0.0,0,0.0,,False,True,False
0xb7c61c4d2808b0e346aa8a26b912bc7eef5820b6,True,2000,986,884,102,89.7,0.37,-23125.2,19,1782346287555,1788763519547,74.3,-4526.4,0.196,0.0,0,0.0,,False,True,False
0xb7d948774b6b1858881b974c3bb8f95084249835,True,2000,1212,922,290,76.1,2.51,5255.99,11,1786879623947,1788753676475,21.7,183.22,0.035,0.0,0,0.0,,False,False,False
0xb7e557e94fa6a8f19b7596da8d0d7be363131243,True,2000,1160,578,582,49.8,0.13,-72156.67,1,1787294577619,1788748751383,16.8,-3838.89,0.053,32151.32507,0,0.0,0.0,False,False,False
0xb7fb873d7dbb84059493cba4433d2f55e691ea45,True,2000,1109,505,604,45.5,0.75,-10289.84,50,1751427744708,1788744457782,431.9,-5189.67,0.504,7375.92541,0,0.0,0.0,False,True,True
0xb81686a74f4bdaa2096fee9629353b7ca29fafe7,True,538,225,97,128,43.1,0.56,-7564.43,5,1764831524004,1788533327498,274.3,-3363.65,0.445,0.0,0,0.0,,False,True,False
0xb82cb76979449f0ecec7b4bde83682a0e7195d32,True,2000,714,454,260,63.6,1.31,8690.56,23,1785279698927,1788525290146,37.6,-7480.37,0.861,45090.398306,3,-4530.36,-10.0,True,True,False
0xb8507fac2adf3439c8a3e2b77430171ccc15b868,True,116,56,16,40,28.6,2.04,1222.25,8,1776979084066,1781021045461,46.8,778.75,0.637,0.0,0,0.0,,False,True,False
0xb85ee6b918933921568688a9481468eccb219088,True,2000,1038,566,472,54.5,1.14,11629.11,7,1787852482911,1788795223952,10.9,10417.87,0.896,52162.942025,3,-62478.14,-119.8,True,True,False
0xb86cd572ac02dbaf977231184179c288a97eb876,True,2000,1097,395,702,36.0,6.55,16068.69,30,1741308147508,1788794861479,549.6,5239.46,0.326,0.0,0,0.0,,False,True,False
0xb87f31ec28ff4b1d95748b575ff1a402ea189729,True,1081,624,330,294,52.9,0.46,-7777.76,26,1763923791298,1788134400007,280.2,-3400.43,0.437,0.0,0,0.0,,False,True,False
0xb88fa3c8f58423ab67f1160347aa7eb8d964c335,True,2000,1055,792,263,75.1,1.0,12.16,4,1777861535978,1787063087094,106.5,-1429.5,117.556,0.0,0,0.0,,False,False,False
0xb8ad84416f70adb2ecc82bf2a60fb37c9a514790,True,583,303,160,143,52.8,0.24,-3204.73,1,1777276493748,1782642317509,62.1,-756.91,0.236,0.0,0,0.0,,False,False,False
0xb8dac1a9296c6073b5642d3764b659232cfb5271,True,2000,953,327,626,34.3,0.82,-6535.9,3,1775916123172,1787880017925,138.5,-1033.85,0.158,0.0,0,0.0,,False,False,False
0xb8ee2e1d4575fff113aafb8e799844dcbbb161c9,True,2000,874,375,499,42.9,0.68,-10808.68,13,1786548203969,1788767385712,25.7,1567.76,0.145,29656.472025,0,0.0,0.0,False,False,False
0xb905abfe95cfaac346b3ae9a7d272fdf174893db,True,2000,1186,390,796,32.9,0.39,-32264.13,9,1784946675457,1788762872204,44.2,-2757.34,0.085,0.0,0,0.0,,False,True,False
0xb92d5945ce781e441c276b17464a6dffa6f196db,True,2000,1109,590,519,53.2,0.26,-11895.88,9,1773618141705,1785229771240,134.4,-624.51,0.052,0.0,0,0.0,,False,False,False
0xb940649cad6dae48062bc61cfff1c42524a634f6,True,2000,958,359,599,37.5,0.46,-39556.25,10,1784269527076,1787753817244,40.3,-4409.37,0.111,3893.990244,1,7327.5,188.2,False,True,False
0xb94fe35be16e03520b759ab9aedbf13c5a33b8f2,True,2000,732,261,471,35.7,0.43,-9114.72,4,1773504306944,1774451266736,11.0,-1009.65,0.111,0.007826,0,0.0,0.0,False,True,False
0xb966968d6c58a04cae205cdd18c3800c46caa87a,True,2000,952,388,564,40.8,0.91,-471.38,55,1778567533113,1788766733711,118.0,331.74,0.704,1195.11699,0,0.0,0.0,False,True,False
0xb98e447c813b8cd505ee887c08a7e5c961c01cfe,True,2000,976,366,610,37.5,0.55,-10841.38,20,1776390462511,1779392075972,34.7,-1186.4,0.109,0.0,0,0.0,,False,False,False
0xb9991b5dc46fb1fc5bda76cccf52ed4a38384538,True,2000,983,632,351,64.3,0.78,-5652.0,3,1783794093228,1788688800587,56.7,-1159.67,0.205,194.430011,1,-5.21,-2.7,False,False,False
0xb9a39ef60ae824a21eed481f0bfac1feb2b82063,True,2000,533,278,255,52.2,0.58,-33948.01,3,1772613121070,1773161923590,6.4,17486.01,0.515,0.0,0,0.0,,False,False,False
0xb9b8afd82bb0e4c2159af8bea12ce6bffecfb93f,True,2000,1017,298,719,29.3,0.95,-356.78,30,1787173874562,1788779026029,18.6,420.31,1.178,0.0,0,0.0,,False,False,False
0xb9d1a4528ece05d7451a1e8f42f60c93a390e350,True,2000,1170,497,673,42.5,0.37,-53968.51,5,1780869328025,1788503990317,88.4,-3594.14,0.067,0.0,0,0.0,,False,False,False
0xb9ef3e56c954adf33401ace859d06645b9f2ada7,True,2000,990,418,572,42.2,0.61,-8318.22,19,1776778814858,1788794308383,139.1,-977.69,0.118,18.47882,1,-4.36,-23.6,True,True,False
0xba075183d70b25fb23289b0ec80f6ba480cad763,True,82,22,22,0,100.0,inf,5572.43,2,1780603141592,1780615577201,0.1,1317.41,0.236,0.0,0,0.0,,False,False,False
0xba22c240ccdd9d859574f3086cb9507631bd6b1c,True,2000,1120,770,350,68.8,0.43,-111321.88,9,1785487064043,1787336848160,21.4,-62301.63,0.56,0.0,0,0.0,,False,True,False
0xba2d66c7778f8d2d03347d9a3a45da7ec855b818,True,2000,626,278,348,44.4,1.22,3182.99,37,1760130973155,1779629667992,225.7,1009.39,0.317,3315.7795,0,0.0,0.0,False,True,False
0xba389d8ae412d5122cbb30d56b05011b37dc6ed3,True,157,118,28,90,23.7,0.23,-119087.52,9,1734188285671,1780627350859,537.5,-46354.19,0.389,0.0,0,0.0,,False,True,False
0xba46f50e7574c10e1383c5f0f9b6bda184ed4196,True,2000,924,413,511,44.7,0.56,-8578.43,24,1778685286801,1781040248771,27.3,-1344.53,0.157,0.0,0,0.0,,False,True,False
0xba5882657e940798e4766fc8461a19b83029fe94,True,2000,1082,547,535,50.6,0.76,-6381.99,8,1782113193026,1788468540998,73.6,-1511.99,0.237,0.0,0,0.0,,False,True,False
0xba727469b2e1a44f201a90564551e4b943fa81cc,True,1028,547,308,239,56.3,0.67,-3383.22,7,1778834174975,1787021748165,94.8,-1399.23,0.414,0.0,0,0.0,,False,True,False
0xba91c2dfa26d9b02cb2bdd709ecc45f5b33b0231,True,1838,826,326,500,39.5,1.16,7139.77,3,1738292464092,1787340481326,567.7,4151.17,0.581,0.0,0,0.0,,False,True,False
0xbaa18c2073816e6ad58457c6efa53b57ca9aa7ce,True,2000,1014,1008,6,99.4,4783.43,290608.79,4,1779167909463,1779505192016,3.9,45359.97,0.156,0.0,0,0.0,,False,True,False
0xbaae95587f0f2b9d1d37c077262a76af3cc4ec72,True,2000,885,609,276,68.8,0.24,-32264.73,5,1787710688028,1788795696736,12.6,-37365.15,1.158,2179.2,1,-1.04,-0.0,False,False,False
0xbac28d44249a01489d16c78b43f156a700d92839,True,2000,1865,1556,309,83.4,0.17,-3557.9,1,1780036032682,1780673978925,7.4,-3852.14,1.083,0.002151,0,0.0,0.0,False,True,False
0xbadd8d71317df6e06dd0c0c2eb7dc702a38fce3d,True,2000,852,286,566,33.6,0.02,-407611.01,3,1781591083439,1787375501339,66.9,-125268.21,0.307,0.0,0,0.0,,False,True,False
0xbaf51d2f720e7bb159f97cd3a756f82f1c6cdccd,True,2000,1044,819,225,78.4,3.51,9924.42,27,1786026294896,1788795517497,32.1,-546.01,0.055,3315.2475,3,-330.13,-10.0,True,True,False
0xbb07ff95593e6fa550cd669a44938fc1a5704dfb,True,2000,475,256,219,53.9,2.08,958.8,28,1784253140841,1785418814084,13.5,126.93,0.132,0.0,0,0.0,,False,True,False
0xbb1a5ddd6de7fdc7b0b71b26ed229dd1640efaaf,True,2000,774,414,360,53.5,3.71,24002.43,28,1782416909545,1788794731593,73.8,3463.26,0.144,23144.672538,4,-1963.02,-8.5,True,True,False
0xbb2fe35588dc48cf9b3fc04ed513de6eb6f63adc,True,2000,1134,732,402,64.6,0.97,-229.36,9,1777451057702,1778419880652,11.2,-1289.26,5.621,0.002999,0,0.0,0.0,False,True,False
0xbb47d887ba88631821a1708b35659ee9e4acf02e,True,2000,864,487,377,56.4,0.78,-6028.52,73,1781199352788,1788291970691,82.1,-3191.56,0.529,444.345938,2,251.99,56.7,False,True,False
0xbb5be259c4f223ae5834143f9fceedbee6bcdc91,True,1658,1072,390,682,36.4,0.46,-18085.07,4,1779633027465,1788464429030,102.2,-5099.37,0.282,11130.695113,1,2807.19,25.2,False,True,False
0xbb723d915ed0cae7dd04437ee96da0bbcf0d87d7,True,1445,713,283,430,39.7,0.52,-6188.55,10,1776223691971,1777381813494,13.4,1214.67,0.196,0.0,0,0.0,,False,True,False
0xbb8f60d899d78e25a63ef38291198a665f7f92e1,True,2000,1009,426,583,42.2,1.8,8425.67,12,1777866810145,1780224668387,27.3,1679.41,0.199,0.0,0,0.0,,False,False,False
0xbbab95e403cbfa8cc09256f7e438867d34b1f277,True,564,228,110,118,48.2,0.94,-312.43,32,1745081025131,1787507636677,491.0,-1032.03,3.303,0.0,0,0.0,,False,True,False
0xbbc3fbcfb1abf893acabc5f46f9d63c69c457c94,True,2000,846,359,487,42.4,0.61,-7173.11,8,1780366866832,1788463317497,93.7,-1647.98,0.23,0.0,0,0.0,,False,True,False
0xbbdbd3053f9e47314b71844064e7ef66b1bd70a7,True,2000,1175,576,599,49.0,0.89,-18912.84,30,1775687825380,1788795212197,151.7,22748.16,1.203,53548.946283,15,-8274.38,-15.5,True,True,False
0xbbf4ff25db4f54a4207f61f7194525727dc7794a,True,725,307,178,129,58.0,1.76,6767.16,44,1752328677192,1788477289098,418.4,1362.99,0.201,0.0,0,0.0,,False,True,False
0xbc09cac87e3ecb879b0355c87ea7d8f822b2599d,True,2000,800,283,517,35.4,0.37,-118474.62,3,1771270034135,1788635363760,201.0,-17790.14,0.15,0.0,0,0.0,,False,False,False
0xbc1fabd25b566143a2641b27944869b11d2b3728,True,1267,915,667,248,72.9,4.38,19411.55,26,1734419218841,1788166539896,622.1,1057.07,0.054,234597.600518,0,0.0,0.0,False,True,False
0xbc2c77d7d4742a7209503e0820de27117b843b1f,True,2000,829,213,616,25.7,1.35,5311.64,24,1785588307838,1788607580165,34.9,7206.81,1.357,0.0,0,0.0,,False,False,False
0xbc40c91a6049651948a811cf2453c9ed3945e16d,True,2000,946,478,468,50.5,2.07,22146.19,19,1776351853078,1788642123135,142.2,2445.38,0.11,58530.963581,1,24494.14,41.8,False,True,False
0xbc5bf88fd012612ba92c5bd96e183955801b7fdc,True,2000,1014,418,596,41.2,0.91,-6726.03,7,1776670268528,1787970427500,130.8,3455.62,0.514,831024.536207,2,160136.85,19.3,False,True,False
0xbc82a96210555a04bdadb29cd442f18687f1fb9a,True,2000,1287,813,474,63.2,1.0,-104.5,31,1777907310927,1788743812889,125.4,-3255.11,31.149,16242.498914,2,-305.55,-1.9,False,True,False
0xbc927e87d072dfac3693846a83fa6922cc6c5f2a,True,2000,990,85,905,8.6,0.23,-5128.98,8,1787380404812,1788741184829,15.7,-329.33,0.064,24635.092879,2,-1272.74,-5.2,True,False,False
0xbcad73ae8000120c5b7860c18ba806fd50afb4f7,True,1195,603,238,365,39.5,0.94,-693.32,30,1771194547209,1779931081813,101.1,1405.62,2.027,0.0,0,0.0,,False,True,False
0xbcc7a5ca2bfdbcf802da6dcc95515c528c810ba9,True,2000,1207,822,385,68.1,0.38,-29699.93,58,1760163859599,1788792411278,331.3,-13383.36,0.451,554.031603,6,-122.76,-22.2,True,True,False
0xbcd420d13362532756c968f663f96ba95e240dd2,True,2000,85,34,51,40.0,0.67,-72.68,6,1788773862808,1788785107020,0.1,-34.6,0.476,5669523.80791,18,457692.49,8.1,False,False,False
0xbce8a491d01f620e5bfc3f4c74d1a4c239a246d9,True,2000,1203,372,831,30.9,0.99,-374.28,7,1756933678888,1781284220692,281.8,4041.95,10.799,0.0,0,0.0,,False,True,False
0xbcfbbf38789d63721e800f1f8595af816e52c417,True,2000,604,550,54,91.1,6.89,278642.02,5,1774900168927,1788791208482,160.8,35645.44,0.128,753515.357152,1,1269456.53,168.5,False,True,False
0xbd163a8befc0a6d92d2e4983d7e178ed8907144a,True,2000,1638,1302,336,79.5,0.4,-19209.6,9,1787355042231,1787570582405,2.5,-2060.35,0.107,0.0,0,0.0,,False,False,False
0xbd25e53168a99ef64a44528cbbd362729adf34e3,True,862,267,167,100,62.5,1.01,72.49,72,1768644472704,1788784220689,233.1,-1028.98,14.194,0.0,0,0.0,,False,True,False
0xbd3ea4bae06bfbdc1c678c13d565fa15acb49964,True,2000,881,780,101,88.5,18.71,48180.39,14,1779254074776,1788709676996,109.4,6205.11,0.129,0.0,0,0.0,,False,True,False
0xbd5d58e89cc1ed0e5fcf00588ac1b4b708d0ea22,True,2000,1069,487,582,45.6,0.7,-3951.87,20,1780500589020,1784736141671,49.0,-1073.66,0.272,0.0,0,0.0,,False,True,False
0xbd7154695c5e15f7ceb039699fa801f8f6d644c0,True,2000,1025,426,599,41.6,0.66,-39946.09,47,1756151570524,1787788800012,366.2,6782.89,0.17,64751.129914,1,26920.37,41.6,False,True,False
0xbd87493be5c2629f0acea9c914a98cb85d978121,True,1183,567,337,230,59.4,0.46,-5013.09,6,1775140763246,1776411583615,14.7,-1220.41,0.243,0.0,0,0.0,,False,False,False
0xbda18caa9d9145d45fe02baa441bcf73ceb40f1f,True,1834,911,479,432,52.6,1.86,28712.2,7,1734284347630,1782202655332,554.6,5512.3,0.192,0.0,0,0.0,,False,False,False
0xbdb0f45d9da67eab151508b15abc988f07ba5065,True,2000,1027,33,994,3.2,0.0,-6304.85,3,1787617970035,1788795259234,13.6,-183.61,0.029,7332.70332,3,-4687.73,-63.9,True,False,False
0xbdd373d289944ec48fb413d11b9c5bc71544e0ee,True,986,462,259,203,56.1,0.32,-19939.15,24,1752320050956,1780932150001,331.2,-7176.68,0.36,0.0,0,0.0,,False,True,False
0xbdf1df422955592a0b905927d10feddc58ae82b2,True,2000,1262,630,632,49.9,1.03,758.28,52,1786406528564,1788739347380,27.0,1016.66,1.341,222919.14516,50,8760.75,3.9,False,False,False
0xbe10fd36393c8b677281d0bc2cf1bb8c98ad4b34,True,2000,593,507,86,85.5,97.06,303976.27,9,1787243691033,1788779199742,17.8,10030.18,0.033,723351.120959,3,242198.7,33.5,False,True,False
0xbe1beb7e73799e5e8ca51a8a14f7d52eddd2fc55,True,80,43,29,14,67.4,1.83,843.42,1,1787519822609,1788473521774,11.0,352.9,0.418,7029.264059,1,1142.65,16.3,False,False,False
0xbe2d1b3bae1c5d58180fd0c687a0cce29c9a7ea3,True,2000,838,264,574,31.5,0.38,-27163.9,8,1787758397094,1788792177131,12.0,-4458.33,0.164,23769.387866,2,-4482.77,-18.9,True,False,False
0xbe4992d31817e71740f5406bd72c120c98b607ce,True,507,368,84,284,22.8,0.44,-1032.78,9,1760651203309,1786462584420,298.7,-227.3,0.22,0.0,0,0.0,,False,True,False
0xbe62e2c84b15a5c393fc3ebc7c52db5a313ac971,True,2000,1008,512,496,50.8,3.22,45565.19,45,1736451801606,1787245150672,587.9,3772.12,0.083,0.0,0,0.0,,False,True,False
0xbe700d9d1e189aa7048a9cc69673a264747c8276,True,2000,899,561,338,62.4,0.52,-29455.66,5,1777757833687,1788448759928,123.7,-8542.18,0.29,19059.670721,2,1813.63,9.5,False,True,False
0xbe8460205682f1d3969b6cfc38b856e340725fd9,True,1551,736,468,268,63.6,0.98,-489.49,10,1781705571480,1787023982924,61.6,-4056.0,8.286,0.0,0,0.0,,False,True,False
0xbe9cc34c9109ea7f6850bc5b62c14cee16ad19dd,True,2000,974,536,438,55.0,1.31,76103.59,4,1760607327958,1787211116658,307.9,21063.5,0.277,0.0,0,0.0,,False,False,False
0xbeaa060536415658652bb08de8caa2c31f8b45c7,True,2000,774,314,460,40.6,1.15,13099.29,14,1769416328411,1788438733241,220.2,-16534.24,1.262,0.0,0,0.0,,False,True,True
0xbeadf095900480c9d68ab796d5b75920a0d95d84,True,2000,1357,1251,106,92.2,5.47,2430.56,10,1787814118598,1788795741277,11.4,125.57,0.052,15754.920458,2,-5625.17,-35.7,True,True,False
0xbed672966f600f4b09ed341d042891be865cb623,True,1064,5,0,5,0.0,0.0,-38.78,5,1776907884436,1782319751623,62.6,-36.03,0.929,557070.897589,1,390677.0,70.1,False,False,False
0xbeeceb916fa749883de0c81a8362a16ff284ef8f,True,2000,737,331,406,44.9,0.96,-674.07,47,1786568037752,1788795030565,25.8,1869.21,2.773,483.104614,1,-78.87,-16.3,True,True,False
0xbf1e78fcd3b89a8a3375e68a11a2e7412f24f2af,True,2000,920,354,566,38.5,0.78,-4641.57,4,1786373690650,1788783845584,27.9,-1763.33,0.38,0.0,0,0.0,,False,False,False
0xbf3a14855e69ba7494e7db6ca0355786233ee7ff,True,816,427,298,129,69.8,3.97,6690.7,21,1740435028578,1786389626269,531.9,639.52,0.096,0.0,0,0.0,,False,True,False
0xbf57d398b7a166e255c0bf83f6e9c322d12fb00a,True,2000,801,474,327,59.2,0.64,-8121.91,29,1780870230783,1787841493409,80.7,-3165.66,0.39,0.0,0,0.0,,False,True,False
0xbf732ea04197942783e34730ed6e0f6099575d58,True,2000,609,598,11,98.2,0.32,-69056.17,4,1788360280625,1788790245413,5.0,-43001.75,0.623,2121120.0,2,3625364.96,170.9,False,False,False
0xbf98e6bd9abfb6a2be5d1997a837dfe5dbe9e66b,True,833,443,216,227,48.8,0.38,-23357.37,3,1787846734408,1788766400951,10.6,-5291.58,0.227,0.0,0,0.0,,False,True,False
0xbfb849931dc8cfa08a690c435fb4e4f47906ec8d,True,2000,818,715,103,87.4,3.62,7125.41,61,1775713028680,1788667376816,149.9,-526.95,0.074,4230.138647,8,4869.95,115.1,False,True,False
0xbfd2604fd4093afc1183b3f2b16eba590e5f531e,True,1994,590,438,152,74.2,1.24,1534.83,5,1783181482149,1784688176480,17.4,-842.47,0.549,0.0,0,0.0,,False,True,False
0xbffe2b5ba52516effa2f15ee674d1215bfc8ab04,True,2000,1129,196,933,17.4,0.12,-7316.09,38,1775100674378,1775573442270,5.5,-98.31,0.013,209166.558101,13,1.09,0.0,False,False,False
0xc023356d987a8005582705d27d4c024a9654d0eb,True,664,468,188,280,40.2,0.13,-94651.64,4,1763976093188,1788195880120,280.3,-13718.06,0.145,18722.269607,1,165.53,0.9,False,True,False
0xc040e9b1697d8ac46cc53d3df74c6c91093b92e1,True,2000,960,513,447,53.4,0.63,-16668.91,24,1762313343113,1788704285171,305.5,7507.52,0.45,514.128295,1,316.16,61.5,False,True,False
0xc05b532d9b4eff8c140ad5477dc87d5803b98951,True,2000,1098,818,280,74.5,5.39,305603.58,2,1786022701150,1788795683896,32.1,36862.29,0.121,134077.022228,1,11157.42,8.3,False,True,False
0xc071b6dd76046dfe6227637526bffe78b70bb595,True,2000,814,302,512,37.1,1.12,7950.11,7,1779986346209,1788794308383,101.9,9450.69,1.189,0.0,0,0.0,,False,True,False
0xc08790f5fc95f45a7a2865d6f2e550baee3b22ca,True,738,453,157,296,34.7,0.66,-2461.75,18,1760664174651,1788525099582,322.5,-937.48,0.381,59.52611,1,-30.77,-51.7,True,True,False
0xc09a0f6749c2ff3aa092b79634a674dae188397e,True,2000,994,316,678,31.8,0.87,-1620.43,15,1775794013039,1783961437511,94.5,1019.03,0.629,0.0,0,0.0,,False,True,False
0xc0b08ae6a7dc044d15b9c4573298309bcea39d13,True,2000,1009,271,738,26.9,3.28,33132.69,30,1780449294033,1788019968384,87.6,1863.58,0.056,0.0,0,0.0,,False,True,False
0xc0b9ce18b7244a3150de213f3be6fafc523cd7ba,True,2000,937,554,383,59.1,1.13,968.22,75,1761691790914,1788781328673,313.5,874.81,0.904,92.748932,2,21.61,23.3,False,True,False
0xc0d3ad15640572e82ba0242b79e590e6ba62b3da,True,2000,1169,649,520,55.5,1.27,1668.15,26,1774174144729,1788617909217,167.2,-648.9,0.389,6423.682362,1,44.46,0.7,False,True,True
0xc0f06a313e20b7ad93a65dcdf0f208998d1a4596,True,2000,1228,520,708,42.3,0.81,-1444.11,6,1788505938227,1788791222196,3.3,-427.4,0.296,1664.63166,2,580.56,34.9,False,False,False
0xc108f4fce4c4d26159ad5d393bb8718e16374df3,True,2000,1061,277,784,26.1,0.61,-1828.98,5,1777484962832,1777691285253,2.4,336.83,0.184,0.0,0,0.0,,False,False,False
0xc12489ebe264a32f9b22ebdb4812bcd2b8477b44,True,2000,964,259,705,26.9,0.31,-99871.99,5,1787337899367,1788117628115,9.0,-6068.67,0.061,0.0,0,0.0,,False,True,False
0xc12f97d725dca6b73c4c16564b75052e30c04bf7,True,504,209,152,57,72.7,2.65,9726.63,5,1775581977429,1788525096648,149.8,2200.23,0.226,0.0,0,0.0,,False,True,False
0xc1507d280c42fc5d0fb31ac448786675806d3499,True,2000,1163,824,339,70.9,5.71,16129.86,24,1787195374487,1788391753513,13.8,942.12,0.058,2707.239906,1,725.81,26.8,False,True,False
0xc1718e9739d83f764cdc27e2b4cdd4b21e9aaedf,True,1661,890,499,391,56.1,0.89,-2976.06,3,1774370627917,1788792931928,166.9,-1823.47,0.613,15862.345617,1,303.82,1.9,False,False,False
0xc17c35c4ded6c31ed1cbca5df606709a09e36a5a,True,2000,1147,258,889,22.5,0.04,-56245.68,3,1772294165623,1772986134556,8.0,-6075.25,0.108,0.0,0,0.0,,False,False,False
0xc18f928274a5dc09048720fd7626fabae03515e9,True,2000,894,416,478,46.5,0.42,-24337.13,19,1760141154527,1773198556013,151.1,-1042.17,0.043,0.0,0,0.0,,False,False,False
0xc1adbfe7396d381a90c0dfd7c088e4f6dd02d9da,True,2000,542,282,260,52.0,0.77,-3013.23,8,1787316002128,1788795718524,17.1,1603.4,0.532,2928.645694,1,310.58,10.6,False,True,False
0xc1e475c360f9cf655b066171f70e72ea494e6b22,True,2000,798,436,362,54.6,0.72,-16063.1,50,1733671269631,1788119015932,630.2,-6741.56,0.42,3045.636986,2,-1287.42,-42.3,True,True,False
0xc208b9cac695e958a68aec3ec49c77fbe94916bb,True,1866,960,399,561,41.6,1.11,3830.43,1,1776742396184,1778848218748,24.4,1442.56,0.377,0.0,0,0.0,,False,False,False
0xc2351b9632d97987fb956c96ca6682c942c61e99,True,2000,907,667,240,73.5,4.35,18887.84,50,1754772362327,1788443038568,389.7,2005.36,0.106,0.0,0,0.0,,False,True,False
0xc23f2e15eb2dabeacc74cfb92b7a77ee21e36684,True,1535,813,354,459,43.5,1.23,11774.37,88,1707957809481,1788739200041,935.0,6066.38,0.515,110.585984,1,-35.01,-31.7,True,True,False
0xc267c7e6dff5f97ab92074a1cba79a2355b21cb8,True,503,306,101,205,33.0,0.34,-9664.26,4,1778067265723,1778334576788,3.1,-2542.58,0.263,0.0,0,0.0,,False,False,False
0xc2853ae8ba3d92c12335f1c7ddc33739c30a6683,True,2000,936,359,577,38.4,0.56,-9017.12,43,1779062510115,1788633125998,110.8,-1691.47,0.188,0.0,0,0.0,,False,True,False
0xc295c21a3919269a2cf9877024c1eb708606eeff,True,2000,837,401,436,47.9,1.32,5851.08,19,1752032045381,1782448658875,352.0,1871.48,0.32,0.0,0,0.0,,False,False,False
0xc2b21f2db514c35b4a572c692fd945338d846f8e,True,2000,1031,458,573,44.4,1.25,10128.82,29,1779425186897,1788480000030,104.8,3271.65,0.323,0.0,0,0.0,,False,False,False
0xc2c4e2c600a5145fdbbce035fd38756c24c68808,True,2000,1009,521,488,51.6,0.84,-1086.59,1,1772167118647,1780455647066,95.9,-636.56,0.586,0.0,0,0.0,,False,False,False
0xc2df56d7b58b444ec9030e6fcb6a325bfb9a497a,True,1150,574,348,226,60.6,1.27,13106.63,4,1778829783559,1787233906093,97.3,-22185.63,1.693,0.0,0,0.0,,False,False,False
0xc2f4d2e7af5407144492c49c65d628b1721c8f89,True,1011,580,258,322,44.5,0.8,-11079.59,13,1770627089381,1780414262768,113.3,5920.2,0.534,0.0,0,0.0,,False,True,False
0xc30129797dcca1c84f84752a012b5c19c3997270,True,350,275,223,52,81.1,4.0,12847.36,2,1741025413282,1777795168019,425.6,-296.83,0.023,0.0,0,0.0,,False,False,False
0xc30ee653e460bb24a031736811de2172c5f5888a,True,2000,1045,385,660,36.8,1.47,10722.96,5,1780302017293,1788627861245,96.4,5272.59,0.492,0.0,0,0.0,,False,False,False
0xc3265cfd0c46e4179fd10a1aa1226a501164f105,True,1398,723,248,475,34.3,1.39,4531.84,10,1749568938416,1787282550057,436.5,1959.94,0.432,6899.848325,1,-2692.31,-39.0,True,True,False
0xc3484d57002733e574985f07cfd1abe4e0ef034a,True,2000,847,652,195,77.0,0.81,-4967.16,22,1778770188172,1788755816772,115.6,-6277.96,1.264,1.52311,1,-0.2,-13.0,True,True,False
0xc35d7fe4c7cdb86905dbacffab2f5bad6deda5c2,True,2000,1044,282,762,27.0,1.36,2891.61,40,1763476193246,1788763357695,292.7,541.96,0.187,0.0,0,0.0,,False,True,False
0xc37f3ae7e7b7df0e661e6a240dc858c76efee903,True,2000,1047,595,452,56.8,0.39,-11395.24,2,1781622830823,1781721415009,1.1,-887.97,0.078,0.0,0,0.0,,False,False,False
0xc393d444d2507105e0e44ef22fccb1dff3b7ae15,True,509,237,217,20,91.6,1.4,14444.7,3,1736392253586,1787844335113,595.5,-27074.24,1.874,0.0,0,0.0,,False,False,False
0xc3ad78caa7984ecabb06c6bd4934c3d8e9efd593,True,2000,990,452,538,45.7,0.48,-15370.96,37,1767551910075,1779561394379,139.0,-2565.41,0.167,0.0,0,0.0,,False,True,False
0xc3be0a633194b23d5ab64186400033b2e6806f6e,True,2000,1096,867,229,79.1,9.87,12733.03,6,1788627231234,1788796516512,2.0,328.53,0.026,5095.705671,1,36.98,0.7,False,True,False
0xc3e4e81d859b580dd751329867403e6796eac6c7,True,2000,1049,397,652,37.8,0.43,-3934.78,13,1787065172539,1787115479849,0.6,182.84,0.046,0.0,0,0.0,,False,False,False
0xc3fb23b2a11dc9244b2bf4aa9c6d87d615828dda,True,2000,1303,998,305,76.6,3.46,75305.47,7,1782822368629,1788332395590,63.8,8822.64,0.117,0.0,0,0.0,,False,False,False
0xc411efa861b2cf55cd7a2e3d4d50f4a2331b53c6,True,2000,1348,101,1247,7.5,0.05,-3297.98,6,1768184383370,1777575579826,108.7,-66.69,0.02,0.0,0,0.0,,False,False,False
0xc435a61aed241439f85fde4ddf98e16c2e142a08,True,804,387,230,157,59.4,4.57,28320.8,31,1739998810779,1788794297901,564.8,8032.06,0.284,944.14589,2,-55.4,-5.9,True,False,False
0xc450ac38becd7a0023b4e1ddb26524ca35789a13,True,2000,759,287,472,37.8,0.29,-8182.8,7,1778466733674,1781487795213,35.0,-1376.26,0.168,0.0,0,0.0,,False,True,False
0xc46ab9b1644b5ac97c0266bfdf49949f579a3109,True,2000,778,466,312,59.9,2.07,114103.84,9,1777941661229,1788770082121,125.3,-12906.65,0.113,72227.376524,3,-4905.94,-6.8,True,True,False
0xc47e9144d65d8ba4f3bcc9ce012bd8e28f74c520,True,1272,645,394,251,61.1,0.56,-11991.6,6,1759304351568,1780517579697,245.5,1794.74,0.15,0.001147,0,0.0,0.0,False,True,False
0xc499449554a2e0bf01d6ef63cf76de556d564044,True,2000,983,430,553,43.7,1.26,4452.02,18,1772478766023,1788584643846,186.4,-932.49,0.209,3867.162532,1,325.18,8.4,False,False,False
0xc4adc4ab67c6356ef3c3167ea9f38302aadd444a,True,2000,1379,967,412,70.1,0.46,-77319.84,22,1756042519083,1788531772425,376.0,-11618.19,0.15,0.0,0,0.0,,False,True,False
0xc4c3a6dce3de0053ebdb3c9de3fcd495e815f8cd,True,2000,1026,476,550,46.4,1.34,732.22,53,1780733820940,1788776046394,93.1,-118.61,0.162,18151.47017,50,1120.83,6.2,False,False,False
0xc4f0e590f62cba5e11d0d8a3a98a95d3486baa2e,True,1190,330,194,136,58.8,1.92,9255.57,7,1772613682749,1780411429587,90.3,-1661.6,0.18,0.0,0,0.0,,False,True,False
0xc50c92aa65b835c738d1edde49d4ee861527e35e,True,2000,1198,1054,144,88.0,0.78,-2537.7,6,1776862661018,1779114293075,26.1,-1621.9,0.639,0.0,0,0.0,,False,True,False
0xc516589ba315e3673f4aca744d1e6a7d187d2276,True,65,35,14,21,40.0,0.3,-307.94,1,1787576940054,1787877394984,3.5,-87.3,0.283,0.0,0,0.0,,False,False,False
0xc53234e3065ee3752d216c8ef19b90814fe9a2a4,True,2000,873,268,605,30.7,0.79,-2073.66,19,1785162162419,1788794906204,42.0,1349.81,0.651,0.0,0,0.0,,False,False,False
0xc54d61563ab63e7af28ed30c5cdfdc4e9906f0f7,True,2000,1070,465,605,43.5,0.38,-10975.98,1,1776880426854,1788034303983,129.1,1421.29,0.129,0.0,0,0.0,,False,False,False
0xc55b974bce4e4b2296cc80fc186a088de704529a,True,1439,608,306,302,50.3,1.26,12879.79,8,1778916160822,1787342428058,97.5,9937.48,0.772,0.0,0,0.0,,False,False,False
0xc568587857cc2895a3d83d00a05365ea92c62def,True,2000,1051,462,589,44.0,3.32,34919.28,8,1788577492374,1788768916670,2.2,1643.42,0.047,51021.697378,2,-2801.8,-5.5,True,False,False
0xc57397ef9b276ce379a4c2639cb163d2097ed7ea,True,1337,710,421,289,59.3,1.0,105.75,19,1747450921502,1787848159557,467.6,-4437.91,41.966,0.0,0,0.0,,False,True,False
0xc57c395e36d14ae6012e027b297407f7ab1167c7,True,2000,1068,424,644,39.7,0.38,-2999.07,9,1780274932275,1787361280813,82.0,-4138.32,1.38,0.008762,0,0.0,0.0,False,True,False
0xc58f1623166c662af9d14740913a4a7228ab5a57,True,2000,937,349,588,37.2,0.13,-39626.66,11,1787987469652,1788773575904,9.1,-4467.54,0.113,283399.933562,2,-18123.91,-6.4,True,False,False
0xc5a710b84f096d0567813580c25d0d95953781ff,True,1409,664,402,262,60.5,0.35,-25557.62,27,1749570269903,1781609139662,370.8,-5960.31,0.233,0.0,0,0.0,,False,True,False
0xc5bed8ac33733811692c84034722242445b54ed8,True,84,33,33,0,100.0,inf,518.91,1,1780244634261,1780247049250,0.0,114.41,0.22,0.0,0,0.0,,False,False,False
0xc5d8d0cf8ecb6b923f4d11f5d0f6f79e5c384131,True,2000,747,664,83,88.9,19.99,40539.48,33,1756409663575,1787320122474,357.8,1140.81,0.028,43767.044291,27,-235958.58,-539.1,True,True,False
0xc5e8251b20cc10009047cf5111e49f15417a3998,True,2000,1106,418,688,37.8,0.77,-1899.25,7,1782046983399,1784355340066,26.7,-569.0,0.3,0.0,0,0.0,,False,True,False
0xc6032e56d02ced85fd246ec0cd653ce2af00e329,True,1926,878,459,419,52.3,0.99,-384.72,13,1765299361930,1788511796276,268.7,-3638.88,9.458,1778.659882,1,949.26,53.4,False,True,False
0xc619b01f1a4f894c5e83338c42f98dcb82b710f5,True,2000,806,674,132,83.6,8.56,616868.79,4,1787731620287,1788688074527,11.1,81189.0,0.132,1571200.717797,4,890160.12,56.7,False,False,False
0xc62df97dcf96324adf4edd30a4a7bffd5402f4da,True,2000,569,273,296,48.0,0.34,-18602.18,5,1777795277694,1781514466653,43.0,-3232.64,0.174,0.0,0,0.0,,False,True,False
0xc64844d9b3db280a6e46c1431e2229cd62dd2d69,True,2000,589,486,103,82.5,0.24,-28046.84,23,1734647002357,1788199356425,619.8,-13136.73,0.468,0.0,0,0.0,,False,True,False
0xc6618a48b5f2dcfd4b0c8cbd4a6b6c2d60a7a8b1,True,2000,833,331,502,39.7,0.59,-14623.06,27,1758946586346,1783876176909,288.5,2550.14,0.174,0.0,0,0.0,,False,True,False
0xc672604d798d8cbd0cf2cc654099f82bd02647ab,True,2000,727,0,727,0.0,0.0,-188849.71,10,1784168615224,1787827897656,42.4,-9197.73,0.049,0.0,0,0.0,,False,False,False
0xc685bd7055171cbace880e3ec24c092919ed3355,True,2000,1433,288,1145,20.1,0.17,-105210.36,22,1778683870502,1788476558936,113.3,-2567.35,0.024,15633.86007,12,1161.04,7.4,False,False,False
0xc6a18cab1645ac1d0ef6f6e16c1c10371efc8e42,True,304,134,83,51,61.9,1.35,1521.61,3,1778781565575,1787477106321,100.6,-1487.38,0.978,0.0,0,0.0,,False,True,False
0xc6b53b573746bb0fe175aef889988a87765fa1a7,True,108,49,25,24,51.0,0.34,-2028.21,5,1781643588002,1787308529599,65.6,-1015.27,0.501,21559.597942,2,-1308.39,-6.1,True,False,False
0xc6d2ba87589a7430e14dd84b8d660f4aa7732d1a,True,2000,1073,867,206,80.8,1.05,1272.48,6,1750231055489,1788794305108,446.3,-5626.9,4.422,5904.867356,2,-447.98,-7.6,True,False,False
0xc6e8e3a8fa46c7426ad32a66936693b262261277,True,1951,899,579,320,64.4,0.25,-41223.91,6,1769199076299,1782150780175,149.9,-3391.59,0.082,0.0,0,0.0,,False,True,False
0xc7022ce42f16918b22b69d1b1876fd7c4258acc1,True,1678,1015,294,721,29.0,0.69,-2132.83,7,1773398491141,1786313666337,149.5,-486.68,0.228,0.0,0,0.0,,False,False,False
0xc70dfc0b2f94003ea67cb9d2b55252e3a37d0861,True,2000,1038,174,864,16.8,1.01,244.24,21,1775514042997,1788794880212,153.7,6669.07,27.305,3873.451114,1,-194.59,-5.0,True,True,False
0xc71e3bf8bc6fdb78ef1e41a96ecd697ae0d20a9e,True,2000,766,513,253,67.0,1.49,1103.22,13,1786263426926,1788688670424,28.1,312.63,0.283,402.309413,2,-147.79,-36.7,True,False,False
0xc7354e0ea8268bbc2c59805092847abf01d72ecc,True,2000,770,446,324,57.9,1.28,729.38,23,1776800175737,1778444598797,19.0,251.02,0.344,0.0,0,0.0,,False,False,False
0xc74f0178bd736a319c9ac884d3d72c7b66ea018f,True,1935,871,461,410,52.9,0.74,-8336.37,17,1769588368466,1776427753889,79.2,-2197.55,0.264,0.0,0,0.0,,False,True,False
0xc76962d8561059e32d26552c6da46dab68f6f65a,True,2000,946,488,458,51.6,0.84,-2918.61,4,1787837883608,1788795767308,11.1,-1615.17,0.553,4700.205739,2,-83.72,-1.8,False,False,False
0xc77f18112f01c8885d095258fd0ea8e8018bb270,True,2000,1023,444,579,43.4,0.72,-2367.88,39,1773492763289,1788248483839,170.8,469.94,0.198,0.0,0,0.0,,False,False,False
0xc78e07bd00723efc7246814249e37fddb631ce5e,True,2000,846,433,413,51.2,0.75,-8582.43,10,1779356037106,1788739200041,108.6,-5075.75,0.591,0.0,0,0.0,,False,False,False
0xc7aa2552d98ed2507093d1f57b502937ed79931a,True,1371,925,803,122,86.8,3.77,14788.19,26,1735892542828,1779681331340,506.8,1437.72,0.097,0.0,0,0.0,,False,False,False
0xc7b68723d7dedc6e633762d763826ed1d787c3e4,True,2000,927,393,534,42.4,1.03,864.28,8,1778434801638,1781304938935,33.2,-2153.16,2.491,0.001214,0,0.0,0.0,False,True,False
0xc7cbc56828686b5509a337a7281d8b6e55622803,True,510,262,170,92,64.9,2.15,6488.97,20,1739817633724,1788472721254,563.1,-2750.09,0.424,4525.098905,1,-2475.47,-54.7,True,True,False
0xc7e0ff92d2eb1c9ddccf72a5154b4c29f55497c5,True,1385,573,215,358,37.5,0.85,-1685.63,6,1781039692049,1782135257428,12.7,-655.12,0.389,1.347122,0,0.0,0.0,False,True,False
0xc7f16d35100932ebe26beef8273f12f6a352e042,True,128,52,30,22,57.7,0.63,-2689.25,1,1752460063755,1773470433534,243.2,-1243.61,0.462,21979.805381,0,0.0,0.0,False,False,False
0xc7faae11326c971e90a1df454bf3a74df3907084,True,2000,964,585,379,60.7,0.52,-32069.43,3,1782691906781,1787842953218,59.6,-4256.12,0.133,0.0,0,0.0,,False,True,False
0xc80c31c5db420ea94e59adc8491dcad96bad776b,True,2000,908,508,400,55.9,0.68,-3150.84,1,1776267701956,1778012355507,20.2,-730.35,0.232,0.0,0,0.0,,False,True,False
0xc821d3d24c27c713a9e2758086bd29b23f7381e2,True,2000,704,482,222,68.5,4.23,109083.04,5,1783617249932,1783987200011,4.3,25010.47,0.229,0.0,0,0.0,,False,False,False
0xc8378d5bd334b984b5ada4e8ee09a49fe4d8d97d,True,2000,888,295,593,33.2,0.17,-60694.57,6,1788155614726,1788766666164,7.1,-10288.98,0.17,3079.368332,1,507.04,16.5,False,False,False
0xc8474ac8eeda07c724ee04b2458e8efccf47086a,True,2000,794,476,318,59.9,9.16,45901.34,13,1778275541073,1778851870381,6.7,7966.92,0.174,72355.140037,1,-13881.62,-19.2,True,False,False
0xc85f61b1b3b9ef7cad62c04b26e0442de2bd0208,True,2000,933,294,639,31.5,0.62,-4888.68,15,1786633276145,1787619558535,11.4,-1587.87,0.325,0.0,0,0.0,,False,True,False
0xc87221ffb663d709d59aeb13839e04c99104f376,True,2000,1000,656,344,65.6,0.57,-12038.88,15,1780586031049,1788648318515,93.3,-2552.61,0.212,0.0,0,0.0,,False,True,False
0xc88bc999a4437cf62758aa601b421a0ea2ec85ed,True,351,160,70,90,43.8,1.38,2635.63,17,1735584973715,1788730522579,615.1,-1974.95,0.749,3771.61683,1,-181.49,-4.8,False,False,False
0xc89f966c263c5b40a648d48c8c910ac9ad7245f4,True,2000,908,135,773,14.9,0.15,-11469.85,3,1788636799736,1788747166220,1.3,-1071.82,0.093,0.0,0,0.0,,False,False,False
0xc8b608b75b7c941f2d25ec4021c5313c75be6b7f,True,2000,975,599,376,61.4,1.19,6022.5,7,1768577606637,1788445490646,230.0,2320.49,0.385,0.0,0,0.0,,False,True,False
0xc8ca2c90bcb6c088d5e03535a5c9e17897eb53b6,True,2000,959,576,383,60.1,0.9,-476.68,26,1788591895647,1788795201615,2.4,317.99,0.667,37790.944005,6,-2551.54,-6.8,True,False,False
0xc8e2998731007d83f470dead8ba5464052e2fa19,True,1063,526,321,205,61.0,0.43,-15672.75,8,1778779608833,1785303222528,75.5,1286.93,0.082,0.0,0,0.0,,False,True,False
0xc8ff8211fe0d3559cd45d47eca7b8c5710c43604,True,2000,1038,365,673,35.2,0.47,-105802.0,28,1752462767916,1787761938298,408.6,22282.2,0.211,1404.162897,1,-1227.21,-87.4,True,True,False
0xc91b41cabfeca199c6e2b84a9da08d24f3853397,True,2000,1121,685,436,61.1,2.9,139708.09,42,1731320973405,1788765819110,664.9,-43630.26,0.312,0.0,0,0.0,,False,True,False
0xc932e364a2c57ffe87153113bc4c53fa8338b1ba,True,901,363,187,176,51.5,8.19,364307.65,4,1774574227324,1786503157694,138.1,32353.02,0.089,0.0,0,0.0,,False,False,False
0xc956186458d758f384d8088f8232f7cd63553de9,True,673,311,157,154,50.5,0.88,-1610.91,11,1752885810615,1788496496279,412.2,-1293.07,0.803,0.0,0,0.0,,False,True,False
0xc96b0d4871cf4a10c1c523d0201fb917c41818d4,True,1338,542,300,242,55.4,1.3,7122.69,28,1752654493850,1785095157700,375.5,5476.06,0.769,0.0,0,0.0,,False,True,False
0xc984e1f0c91bf40ce023c385a823d7fbd6a043ff,True,2000,564,277,287,49.1,1.87,39353.53,24,1737288255913,1788493560573,592.7,5671.56,0.144,52765.737952,8,-48886.87,-92.6,True,True,False
0xc99ae27e363da5c1f2e75495aa6dc1c37383106f,True,127,57,27,30,47.4,0.06,-8149.46,3,1776990241106,1779320617427,27.0,-2834.57,0.348,0.0,0,0.0,,False,False,False
0xc9ac7d67d204257cb1063c710630c676e05fb378,True,2000,889,394,495,44.3,2.38,27063.13,38,1773236181530,1788783507504,179.9,2939.0,0.109,4725.685462,1,315.5,6.7,False,True,False
0xc9c78160120cd6ecf3dea892e9ae5af4115bf5f8,True,2000,1000,393,607,39.3,0.12,-68824.59,63,1786811107514,1788795885434,23.0,-5640.55,0.082,2781.818356,8,-990.7,-35.6,True,True,False
0xc9e61573ea0eac6965ca5ca438bf672179242ba1,True,2000,1107,216,891,19.5,0.43,-14589.69,18,1779815912188,1782196208630,27.5,1795.05,0.123,0.0,0,0.0,,False,True,False
0xc9facd2c95eefe7da407494d94c38dfcfb40d4a8,True,2000,1002,539,463,53.8,0.26,-398214.78,9,1772338593646,1784072731689,135.8,-33606.89,0.084,0.0,0,0.0,,False,True,False
0xca1d1650d13b8fa936dca4efdf1f487766f2abd1,True,2000,1080,542,538,50.2,0.98,-55.17,16,1785644566360,1785748227279,1.2,201.67,3.656,0.008436,0,0.0,0.0,False,True,False
0xca2d3fca8e2b9ddb5119ebd769454000ddc6f8ae,True,1183,337,121,216,35.9,0.49,-6678.64,8,1777997165614,1778505813718,5.9,-857.96,0.128,0.0,0,0.0,,False,False,False
0xca43539a69e9819524a34100631ade16a9852099,True,860,422,377,45,89.3,0.43,-4935.25,3,1785596954036,1787274791474,19.4,-4998.02,1.013,0.0,0,0.0,,False,True,False
0xca66ecda8ccaa5cedd2862d60ecc36b39fff4f21,True,1499,903,627,276,69.4,1.84,17643.8,8,1774266225158,1781413309946,82.7,-2160.69,0.122,0.0,0,0.0,,False,True,False
0xca89389dd10f573ae43581b8832bb336636e59dd,True,2000,547,464,83,84.8,7.23,1190.12,5,1788547261484,1788797051674,2.9,-14.37,0.012,8757.905217,1,1662.17,19.0,False,False,False
0xcaa8bd171d4323295ca5c7a148a37be462adfd5b,True,755,404,140,264,34.7,0.37,-17191.71,21,1704041745590,1788733440511,980.2,-3226.45,0.188,334.644795,1,-203.65,-60.9,True,True,False
0xcab4fe50ac2455fe9e6495539f403cef68d77896,True,2000,1316,611,705,46.4,4.25,25653.01,15,1770822865589,1776679899121,67.8,876.7,0.034,0.0,0,0.0,,False,False,False
0xcac1f1c3e4599e044dc2a9d38a9b6ef1af1bdae8,True,2000,905,432,473,47.7,0.87,-28502.14,7,1781619521499,1788615022396,81.0,8360.13,0.293,378402.76,3,-423429.79,-111.9,True,False,False
0xcad308928ea8111d0871889257b336ae116ad0c5,True,2000,929,550,379,59.2,1.66,10152.76,16,1787282295942,1788452236755,13.5,-2935.58,0.289,0.0,0,0.0,,False,False,False
0xcaeb9993020f513615c28eb3145458352012d221,True,2000,884,426,458,48.2,0.6,-35762.31,11,1763207094883,1788716229971,295.2,-8012.68,0.224,0.0,0,0.0,,False,True,False
0xcb01dca1f82b8e98f8700db8ad8b13673c14b1fd,True,2000,564,519,45,92.0,33.82,14696.5,8,1788458172712,1788796863153,3.9,1324.31,0.09,9138.188367,4,-209.57,-2.3,False,True,False
0xcb12d55e56886a94ddbfba32ca9bfe185ad0f97d,True,449,226,89,137,39.4,0.3,-6521.23,8,1782332055136,1787926936958,64.8,-2334.95,0.358,0.0,0,0.0,,False,False,False
0xcb256b086af18fd4b2a83ff8770c5737fc2d3769,True,2000,1096,873,223,79.7,0.98,-4902.09,7,1737393709446,1787166920061,576.1,-48984.09,9.992,0.0,0,0.0,,False,True,False
0xcb2d8ce8187c297f3861a6e9076bc9cf79be4a7c,True,1481,656,307,349,46.8,1.09,3154.79,10,1780848611127,1788555916398,89.2,-5057.78,1.603,0.0,0,0.0,,False,True,False
0xcb44a705a86ce19ea5e0b0c67f1a9df24436d1f6,True,2000,1291,533,758,41.3,0.58,-33825.52,42,1780458417857,1788791335663,96.4,692.38,0.02,34184.123663,34,14626.54,42.8,False,True,False
0xcb58b8f5ec6d47985f0728465c25a08ef9ad2c7b,True,2000,1372,537,835,39.1,0.17,-88295.48,8,1787685194317,1787780564428,1.1,-14822.44,0.168,171263.207538,1,104776.42,61.2,False,False,False
0xcb71e31d4b3538483fc0a07de20b8eb8f66c7853,True,2000,1454,16,1438,1.1,0.0,-351722.8,6,1783657588774,1785455039652,20.8,-28439.83,0.081,0.0,0,0.0,,False,False,False
0xcb87a53ec36806d07917c95f50d3147d07857b64,True,240,85,80,5,94.1,2.01,829.1,4,1780743840947,1781685080491,10.9,-781.35,0.942,0.0,0,0.0,,False,True,False
0xcb9155fa4cc330d78a8df2fc9cfb75ec36169af2,True,2000,849,292,557,34.4,0.47,-3992.25,34,1770856836216,1783195136132,142.8,-1494.76,0.374,0.0,0,0.0,,False,True,False
0xcbac27b62151a65c142a22a429875a4ddc896c58,True,2000,993,438,555,44.1,0.8,-4998.77,12,1774221377226,1788445525597,164.6,-2883.88,0.577,0.0,0,0.0,,False,False,False
0xcbbc60df1f1b062e5ce90715e1400a4acfe3985f,True,1874,690,355,335,51.4,2.77,85347.28,10,1786063018719,1788380005829,26.8,10252.5,0.12,395909.042553,7,204908.37,51.8,False,True,False
0xcbd909bc348c1fa36f0220b7f9ca187c057d7e19,True,2000,865,562,303,65.0,0.53,-5918.37,6,1786136752382,1788528166956,27.7,-826.04,0.14,0.0,0,0.0,,False,True,False
0xcbe95ee8af3e209bc1199bbfe38f6147cf6b56f7,True,260,132,36,96,27.3,0.78,-7749.76,1,1773096524931,1774095541531,11.6,-8603.5,1.11,0.0,0,0.0,,False,True,False
0xcbf97f26f4a1801f0c2f468a74a0781b4c806cb8,True,1626,592,284,308,48.0,2.26,37542.77,8,1763587224638,1776997627821,155.2,7435.83,0.198,0.0,0,0.0,,False,True,False
0xcc15957a5e012f2cc9daf9b02e2c88c40ecd6565,True,2000,1686,45,1641,2.7,0.01,-449593.74,5,1778047313232,1787322028537,107.3,-21004.2,0.047,0.0,0,0.0,,False,False,False
0xcc23ee28f05c89665f0b42dc611f2caf6b71a042,True,787,339,187,152,55.2,1.81,21167.76,22,1757690331960,1788602780195,357.8,6333.68,0.299,47601.273491,3,5306.93,11.1,False,True,False
0xcc3938d6cf2d1dd16249686220278713973ab25b,True,2000,908,543,365,59.8,0.84,-1754.94,24,1784780549396,1788795023125,46.5,-4389.26,2.501,561.949809,1,19.35,3.4,False,True,False
0xcc5f700cb5a8f93dfbe42b1f96205820a8547fcd,True,2000,1085,309,776,28.5,0.92,-789.95,7,1778808966397,1779671889924,10.0,412.88,0.523,0.0,0,0.0,,False,False,False
0xcc7b0969e8f622d8435b4ba34a47d70788e87a92,True,556,284,119,165,41.9,0.59,-5301.09,19,1779064530844,1788721278119,111.8,-1255.95,0.237,4202.814696,1,-726.11,-17.3,True,True,False
0xcc944bfa22ff162ef856d65edee393da86616359,True,2000,1005,782,223,77.8,0.52,-14653.94,13,1741842795104,1788520100631,540.2,-4340.93,0.296,11.97457,1,6.3,52.6,False,True,False
0xccab7682d132a633bbbb1798d015b1c5e5220da1,True,737,402,276,126,68.7,1.21,3698.75,13,1784659372256,1788793563023,47.8,-8408.23,2.273,0.0,0,0.0,,False,True,False
0xcccfebefe0a69c89dda13736b11e318fb7fe4727,True,2000,905,541,364,59.8,0.41,-17759.97,27,1780302242153,1788236410489,91.8,-4336.79,0.244,0.0,0,0.0,,False,True,False
0xccf3fff396a14d55d93366f870c007425e9f2a75,True,2000,1256,134,1122,10.7,0.04,-131185.18,1,1788553143343,1788790424820,2.7,-9800.0,0.075,1424267.611478,1,61595.61,4.3,False,False,False
0xcd0673721a489b1cea0e2580fa304bcb6cca3186,True,2000,1850,210,1640,11.4,0.02,-42215.83,8,1788430620678,1788797070104,4.2,-94.54,0.002,138831.060708,3,-93634.53,-67.4,True,False,False
0xcd2123d3f00325fa83b2743ed85844f8d4bb9826,True,2000,616,330,286,53.6,0.63,-53377.5,15,1784171571765,1788777130835,53.3,-14516.36,0.272,582242.136492,5,-599073.26,-102.9,True,True,False
0xcd351615783e5c4b8fa02f301b3c7ad34d1bf49e,True,954,330,310,20,93.9,4.88,12032.66,5,1756084034109,1773414909226,200.6,-1049.1,0.087,0.0,0,0.0,,False,True,False
0xcd419290de7881eb8df551ab6611a67b7efe7f69,True,254,139,76,63,54.7,0.83,-183.42,2,1774717977552,1774801181138,1.0,-417.36,2.275,0.0,0,0.0,,False,False,False
0xcd532243888d26791881064e24d4a25fd0041d98,True,2000,1025,487,538,47.5,1.71,33564.03,30,1783036623437,1788795290913,66.7,-4789.51,0.143,21404.119216,0,0.0,0.0,False,True,False
0xcd6cd380329759474d36c2fbc7b9a13177f38bd9,True,2000,1090,634,456,58.2,2.0,20355.26,50,1778412343033,1783591363789,59.9,4905.19,0.241,0.0,0,0.0,,False,False,False
0xcd871b01d7ea06c05e0960ce27512743980357a8,True,2000,1051,788,263,75.0,0.93,-1425.69,8,1779479265169,1788135445884,100.2,-6068.17,4.256,0.0,0,0.0,,False,True,False
0xcd91c733cd79485908eeec782ba9d62a01f827d4,True,1239,676,180,496,26.6,1.54,5224.24,15,1753130123532,1788653471059,411.1,895.1,0.171,8369.29632,0,0.0,0.0,False,False,False
0xcd99f935b8a2032f21ebbef3c53bed1099f2c475,True,2000,1036,484,552,46.7,0.61,-18137.55,16,1782461096246,1788477378853,69.6,-1839.84,0.101,0.0,0,0.0,,False,True,False
0xcdaafe6824ad3527192f29690f21c641ac310309,True,2000,826,534,292,64.6,4.49,72967.29,27,1777216555774,1788748366843,133.5,4165.99,0.057,18358.126079,1,492.87,2.7,False,False,False
0xcdbd3552b1c6883259c8cd34bd4bc6ae8ba0440f,True,771,506,338,168,66.8,1.53,1278.15,29,1769944171924,1785628800059,181.5,277.75,0.217,0.0,0,0.0,,False,True,False
0xcddda86f3c898c025bc32f52bab9a54f70064fb8,True,1356,753,550,203,73.0,0.79,-4404.15,15,1762260145945,1777889668249,180.9,-2041.61,0.464,0.001043,0,0.0,0.0,False,False,False
0xcdf77f1c94c9ec848513a87764bb413a3cb5419f,True,1888,834,499,335,59.8,1.22,4279.29,23,1734208066027,1788661853744,630.3,5728.11,1.339,0.0,0,0.0,,False,True,False
0xce15bb3758550e2feee57eb99a241d3762d9a34c,True,2000,979,410,569,41.9,0.37,-23678.21,46,1737498998986,1788781728672,593.6,-6790.75,0.287,12709.516075,2,4057.69,31.9,False,True,False
0xce3797d6331a181659cb01f656aae6bba0e27a96,True,2000,930,260,670,28.0,0.79,-6352.59,21,1787557626646,1788794305758,14.3,3716.4,0.585,23433.040503,13,-13224.43,-56.4,True,False,False
0xce5667f7194c4d9320acd28f1ee8b3d2adbdb27e,True,2000,567,424,143,74.8,12.28,87209.29,18,1786726930788,1788792487513,23.9,-1895.23,0.022,66954.163821,4,-7329.97,-10.9,True,True,False
0xce7164b7ba9bc64b5a8624c90def60accfdfb1b6,True,2000,1099,590,509,53.7,0.68,-1006.19,1,1788525093285,1788792242767,3.1,70.99,0.071,15833.045909,0,0.0,0.0,False,True,False
0xce8310846b0ceb9a0d1b4f5f8875a3b3c986cf8d,True,463,246,140,106,56.9,0.53,-3931.82,2,1772981133596,1788489226261,179.5,-1188.93,0.302,0.0,0,0.0,,False,False,False
0xce994085187c074360127c7c434748243e890512,True,1326,529,268,261,50.7,0.74,-5201.15,18,1769797257735,1779571932349,113.1,-3037.94,0.584,0.0,0,0.0,,False,True,False
0xcecd71b1d1e9ba1001c71fe95fdee7b2d0553242,True,626,285,163,122,57.2,0.79,-6928.35,5,1773704490678,1787375492580,158.2,-4689.67,0.677,0.0,0,0.0,,False,False,False
0xcef0f167f51c1b3252bdcb9c9c74aa8582b54db7,True,93,75,3,72,4.0,0.31,-2916.86,6,1775659647191,1785192044046,110.3,1249.36,0.428,0.0,0,0.0,,False,False,False
0xcf0a36dec06e90263288100c11cf69828338e826,True,2000,1088,227,861,20.9,0.42,-10643.58,27,1772564589650,1781178065996,99.7,-4628.06,0.435,0.0,0,0.0,,False,False,False
0xcf218b31732a91c751fe484bc303525783a88a36,True,2000,1186,350,836,29.5,0.12,-43298.19,14,1783920161586,1788206552001,49.6,-2177.33,0.05,258880.537949,2,302381.43,116.8,False,False,False
0xcf35d9436c775c6411c120c3fa4f00c284c566cd,True,2000,1193,402,791,33.7,1.13,1527.42,9,1787877065518,1788789864780,10.6,2853.11,1.868,12487.806405,18,-2059.75,-16.5,True,False,False
0xcf4dc36686520c23f60c022fd0fb92101c49fa59,True,46,33,21,12,63.6,51.91,9829.09,1,1763729173907,1773839539612,117.0,1864.52,0.19,0.0,0,0.0,,False,False,False
0xcf75d37154240a64efd59849e1d5e9b29743de71,True,2000,1003,891,112,88.8,9.26,5032.53,16,1788291256563,1788797420729,5.9,99.58,0.02,788138.86691,19,-5467.17,-0.7,False,False,False
0xcf8b283140415274eb35a0ddd38495e20b84fbbf,True,2000,835,488,347,58.4,2.45,40123.64,42,1761035402881,1788782767069,321.2,18825.52,0.469,0.0,0,0.0,,False,False,False
0xcfa206c5420d85e9145fd703406d1404c8001237,True,2000,1005,556,449,55.3,0.49,-17377.43,15,1780614450344,1788793769857,94.7,-2710.21,0.156,3360.888441,2,-188.29,-5.6,True,True,False
0xcfbb55fcb05534e21f3a87a095c2dbd3df6bfcd7,True,2000,955,689,266,72.1,0.84,-3298.9,29,1783624368269,1788118215406,52.0,-2047.63,0.621,0.0,0,0.0,,False,True,False
0xcfcf7db9024bbb45eba63eb145a2c779e8e8a29d,True,2000,816,541,275,66.3,2.8,4690.34,1,1787256822114,1788795503139,17.8,342.33,0.073,88040.016304,1,194.12,0.2,False,False,False
0xcfea17596c15e0f4fe3ba9cab1fcbe804bbbdbbf,True,2000,1094,464,630,42.4,0.76,-4018.06,60,1788708661990,1788797440889,1.0,-435.95,0.108,658473.123037,113,-24716.17,-3.8,False,True,False
0xd00b847831d886330f8cdaaa7c2ab70329c0c262,True,2000,988,521,467,52.7,2.64,11816.44,51,1787992898497,1788775362519,9.1,854.03,0.072,384155.320141,50,26676.06,6.9,False,False,False
0xd01d3969acd4307e63837d0153fea0213a0322a7,True,307,126,66,60,52.4,7.03,28804.66,6,1768786075081,1780695438508,137.8,4688.03,0.163,0.0,0,0.0,,False,False,False
0xd028e3b3a404f4260da17b5d64ba2af45a6d1670,True,1019,532,351,181,66.0,1.82,19151.55,56,1726740299949,1787349132400,701.5,3572.33,0.187,0.0,0,0.0,,False,True,False
0xd053201c362f5da8ab549fd3328d990ad7ad727b,True,2000,1086,518,568,47.7,0.94,-632.4,47,1787530989378,1788742077499,14.0,-342.91,0.542,121953.658423,39,348.52,0.3,False,True,False
0xd05fcf6b7481e6d6e803859000d9252ae5766039,True,1656,829,788,41,95.1,1118.19,21975.64,3,1778942388030,1780522169282,18.3,719.8,0.033,0.0,0,0.0,,False,True,False
0xd0825d659cda15e9cf00b66d2bb16b4e70173425,True,905,291,79,212,27.1,1.56,33563.25,10,1752330761986,1786013228318,389.8,56289.77,1.677,0.0,0,0.0,,False,False,False
0xd090bee53f18f6297621bcda6f849d5a3a649664,True,2000,895,457,438,51.1,2.08,21979.17,40,1752127867033,1786651325225,399.6,2295.88,0.104,0.0,0,0.0,,False,True,False
0xd0a606f8ac772c60be0ab9fe9445d1c6bf58a590,True,2000,969,961,8,99.2,10.15,32184.42,4,1780682153104,1786295435635,65.0,1946.7,0.06,0.0,0,0.0,,False,False,False
0xd0b1f8a12348e673c4f71447670100b1be91ed46,True,2000,949,713,236,75.1,0.77,-2122.79,17,1767961485798,1782192130819,164.7,-966.38,0.455,0.0,0,0.0,,False,True,False
0xd0c8b6025789aa6ab05d171ab0a6776feaa6d1fc,True,2000,789,635,154,80.5,8.32,7281.32,20,1780915554904,1783301033399,27.6,252.97,0.035,0.0,0,0.0,,False,True,False
0xd0e31ee4faebb864d3383a457091d2d130a0d336,True,2000,1038,566,472,54.5,1.02,1797.61,24,1761151292931,1788528088376,316.9,8802.27,4.897,0.0,0,0.0,,False,True,False
0xd0fa2255bbf8b09f7e8f957fa0a2deeb70ad5c09,True,2000,1068,644,424,60.3,0.41,-31068.07,4,1776789755536,1787465495493,123.6,-2372.49,0.076,0.0,0,0.0,,False,False,False
0xd10e2b1b66001bd4086d61e43e836ab9c168fd9a,True,2000,905,365,540,40.3,0.28,-28512.52,13,1787402207684,1788797003918,16.1,-4534.91,0.159,196118.938416,3,55646.82,28.4,False,False,False
0xd116ec51ced0a7a49bea6555f90872752448d8bc,True,2000,854,627,227,73.4,0.45,-169541.78,14,1753875913263,1788790132739,404.1,-76190.32,0.449,0.0,0,0.0,,False,True,False
0xd129d392e5db2bb3bd6db5c2580c9634ac570aa6,True,2000,536,0,536,0.0,0.0,-56199.56,1,1788785261418,1788795168011,0.1,-1140.45,0.02,188475.802251,1,-12207.97,-6.5,True,False,False
0xd142479997958a4fefd1f8d5373b31ce36987d73,True,2000,1243,1158,85,93.2,0.47,-57012.73,9,1787757825478,1788667223438,10.5,-6055.66,0.106,1547359.652587,5,284135.97,18.4,False,False,False
0xd15ab3d60912260758fd05b9a346c46300541eec,True,575,219,132,87,60.3,0.73,-4716.0,29,1749658102939,1788475593502,449.3,-1856.82,0.394,0.0,0,0.0,,False,True,False
0xd16cf6cc98e62786fb5a72b96d41fd1798241772,True,2000,931,336,595,36.1,0.33,-33945.55,16,1782615350106,1784245560961,18.9,-2834.32,0.083,0.0,0,0.0,,False,True,False
0xd1a428cd82c488a80337fd3415e08aa3986d6465,True,2000,1440,504,936,35.0,0.36,-276.89,79,1782597041327,1782995289482,4.6,-23.59,0.085,0.0,0,0.0,,False,False,False
0xd1c0634f447948d13e37da179464722319d99a25,True,673,330,114,216,34.5,0.67,-572.62,3,1785810588525,1788372119739,29.6,-372.95,0.651,0.0,0,0.0,,False,False,False
0xd1db106c95ebaff9ae45be2eb09128f47d85f217,True,1785,1040,528,512,50.8,1.12,5468.6,33,1773326509638,1788536731824,176.0,6471.18,1.183,50496.46738,0,0.0,0.0,False,True,False
0xd1f73853fc7fb3bdfadb9382a695c2ab15f8d62d,True,2000,872,115,757,13.2,0.3,-25415.23,8,1787941630116,1788721387654,9.0,-1503.91,0.059,0.0,0,0.0,,False,False,False
0xd207e0e9f4f11994e6042da8801e08ead33c8321,True,2000,760,207,553,27.2,0.58,-7566.9,5,1787670539354,1788710609242,12.0,1720.54,0.227,2153.605334,1,-1877.42,-87.2,True,True,False
0xd2147a366e335b89b68ace628923962393b56813,True,2000,1060,664,396,62.6,2.56,283081.87,7,1762962800141,1788793532545,299.0,18370.51,0.065,102464.070803,1,-1896.27,-1.9,False,True,False
0xd2289c33caae77a138ccfdeb1a1bcbd867d2f0d8,True,2000,781,688,93,88.1,93.19,124612.36,4,1782489088608,1788795094590,73.0,6843.75,0.055,185102.143971,2,-49678.9,-26.8,True,False,False
0xd23936fc17b4566e07e56787d0bfe17081769bf4,True,2000,956,721,235,75.4,0.63,-4830.24,18,1774528946142,1788429713846,160.9,-2774.23,0.574,0.0,0,0.0,,False,True,False
0xd2515029850d4e2c878a95239ac2c6f8dbf06569,True,985,528,307,221,58.1,1.72,9137.63,11,1780473451981,1788743315590,95.7,4436.38,0.486,651.294586,0,0.0,0.0,False,True,False
0xd266390cce06ef5d3e1dca95e16d677b474672db,True,845,471,372,99,79.0,1.32,13968.44,9,1772456120973,1782308057971,114.0,-10952.25,0.784,0.0,0,0.0,,False,False,False
0xd27c58389e30f666074160058aeccaa066f28b9f,True,2000,1419,1045,374,73.6,3.05,39448.65,25,1783639326531,1788657991414,58.1,6805.4,0.173,32233.75797,1,-3203.76,-9.9,True,True,False
0xd2944617c67d7fe84b623c72341187ac89d79bd3,True,2000,789,604,185,76.6,3.7,53308.88,50,1773055855004,1788792470849,182.1,6577.48,0.123,119000.402921,6,45121.36,37.9,False,True,False
0xd2b7ccb191b1fdcd1aa582af2c09c1d26fdb070e,True,380,172,89,83,51.7,1.23,1213.19,5,1773645922252,1780807829534,82.9,767.5,0.633,0.0,0,0.0,,False,True,False
0xd2cd7204f4bd213dac745b2ac50c376dde2c5391,True,1463,616,570,46,92.5,6.87,13813.79,46,1755540810047,1788696009263,383.7,4011.68,0.29,2675.254599,3,-68.32,-2.6,False,True,False
0xd2e1acc0839231a039fb35e646870f276131a46b,True,2000,853,447,406,52.4,1.78,5897.47,27,1761148436884,1787422156114,304.1,1888.27,0.32,0.0,0,0.0,,False,True,False
0xd2fcdce7300664100cf9a821daa45736d23dd6bd,True,2000,889,553,336,62.2,4.21,39386.82,9,1784606313670,1788485803767,44.9,4453.96,0.113,0.0,0,0.0,,False,True,False
0xd319650dd3fe9bfac7f7f2d54aa6ecbb84edb86a,True,1047,421,346,75,82.2,10.43,8259.62,27,1699163824475,1787529600082,1022.8,1837.48,0.222,0.0,0,0.0,,False,True,False
0xd32a233600e236a2130f9a08ceb0d4f6b11f6e33,True,805,414,166,248,40.1,1.89,8790.91,7,1784656016028,1788637762116,46.1,3707.56,0.422,11991.913244,2,-253.27,-2.1,False,False,False
0xd33c704c68518e527bdcb36f7966c80edcffbdf2,True,2000,876,427,449,48.7,1.84,50537.3,53,1788577031802,1788796820441,2.5,13204.61,0.261,546201.134477,32,-42203.34,-7.7,True,True,False
0xd35c9a3f1d204c2c595409e94f19f5bad5175dce,True,2000,1101,430,671,39.1,0.55,-5559.67,34,1787460365817,1788797402764,15.5,-1233.22,0.222,3401.534076,7,213.18,6.3,False,True,False
0xd3727652093147d1ef6f87de4aefbb566240e53e,True,737,400,306,94,76.5,3.3,27489.64,18,1768800698837,1783720414897,172.7,6416.62,0.233,0.0,0,0.0,,False,False,False
0xd3875850375d50189d1217a9cb99788b6a15983f,True,977,576,202,374,35.1,1.61,1974.15,5,1776398207942,1776995398040,6.9,714.03,0.362,0.0,0,0.0,,False,False,False
0xd396461f6a521ec1f86bdaf6ec48c0c32e1e8377,True,381,245,205,40,83.7,5.03,72555.35,6,1771036648466,1776895849857,67.8,6745.26,0.093,0.0,0,0.0,,False,False,False
0xd3ac49f89a1f2767c448ab2b90726c8479dedf5d,True,2000,1329,284,1045,21.4,0.12,-1219697.98,24,1757465534489,1781928850195,283.1,-710453.0,0.582,0.0,0,0.0,,False,True,False
0xd3c9c54ff2a2b7780e02cbcb8ca310d7f2c24eb9,True,180,83,39,44,47.0,1.03,28.34,8,1770081056020,1775742280463,65.5,-355.49,12.543,0.0,0,0.0,,False,False,False
0xd3e625d2867d9986b8ec85018b1ac6a02650b736,True,2000,1114,669,445,60.1,1.73,2590.45,108,1782396783037,1788785685760,73.9,-718.13,0.277,6949.968661,7,-4761.06,-68.5,True,True,False
0xd3fea6e73096569262949e4ce52c257c731ef6bc,True,477,230,79,151,34.3,0.3,-2904.57,3,1788161805202,1788439411446,3.2,-1675.66,0.577,0.0,0,0.0,,False,True,False
0xd4181fb25e7747bced15f2c383a13b8614ddd5cf,True,281,62,62,0,100.0,inf,1000.0,2,1780308881344,1780315405481,0.1,176.42,0.176,0.0,0,0.0,,False,False,False
0xd42aa370fcd06c683b7154ffa799a8e00ac0121e,True,2000,834,533,301,63.9,3.04,45148.58,14,1769017118566,1780538465133,133.3,-6522.7,0.144,0.0,0,0.0,,False,True,False
0xd43ca8b51ea1c41b470f2d99b4fa2050c56515fa,True,2000,960,459,501,47.8,0.56,-9374.06,47,1776175020110,1787443200018,130.4,2013.97,0.215,0.0,0,0.0,,False,True,False
0xd455cc51ce2d2c2ba3237fe0d4c7a20f05b531bc,True,2000,937,360,577,38.4,0.32,-98839.25,8,1775243647040,1781639327377,74.0,-8122.74,0.082,0.0,0,0.0,,False,False,False
0xd46979f07f5d1e86ae2dcc5e6e0f3af5fe270471,True,2000,896,543,353,60.6,1.61,19527.06,12,1785831679380,1788754321695,33.8,10402.42,0.533,27543.260905,2,-2747.95,-10.0,True,False,False
0xd46ee4619bad797c572647408406eaf896110003,True,2000,993,561,432,56.5,0.91,-32.17,5,1788786545842,1788797831988,0.1,-24.65,0.766,0.0,0,0.0,,False,False,False
0xd47c1e51b759cb3754bb045ae57bc05aadcf58c2,True,2000,936,472,464,50.4,1.35,2192.1,1,1788279768270,1788796564398,6.0,-262.9,0.12,9061.046335,1,-9.97,-0.1,False,True,False
0xd490fb07e3502a2284afb996f944e71e5b7b244e,True,996,489,260,229,53.2,2.37,77328.96,30,1734028089167,1788579851913,631.4,18438.05,0.238,1878.507605,1,162.78,8.7,False,True,False
0xd4b0554776c461ef9fede5011cb591bf409d07ad,True,2000,1212,893,319,73.7,0.36,-105529.1,5,1787591503272,1788516312223,10.7,-8265.85,0.078,0.0,0,0.0,,False,True,False
0xd4d93d6b6053025359bdca03271b5932ed92b912,True,2000,1124,580,544,51.6,0.59,-2855.03,18,1775996361269,1785918338138,114.8,-2983.57,1.045,0.0,0,0.0,,False,True,False
0xd4ea8235fd0b25df72001474d7b8120d4b9998f9,True,2000,1020,643,377,63.0,1.36,12304.51,14,1780410588428,1788525941555,93.9,-3459.63,0.281,1567.762386,1,768.17,49.0,False,True,False
0xd4ff0d385029110bdec77fc7d55d673a72acf91e,True,2000,919,581,338,63.2,2.45,13233.19,13,1782091949751,1786111594914,46.5,2459.0,0.186,0.0,0,0.0,,False,True,False
0xd5267ce9cf08e8b16e693352d9f91e5822618560,True,2000,1047,312,735,29.8,0.82,-606.22,21,1784518300620,1788053517587,40.9,150.36,0.248,0.0,0,0.0,,False,True,False
0xd546fca46b5219d8f7b6c2fa9ca722944deb30bd,True,2000,894,223,671,24.9,0.46,-6203.07,34,1776033258606,1783417814203,85.5,-1522.37,0.245,0.0,0,0.0,,False,True,False
0xd55c64116bd7ca822ced2f95ec20768574ef54e4,True,2000,896,731,165,81.6,0.59,-24265.41,25,1737396425217,1788795716621,594.9,-23398.34,0.964,16517.197943,3,103.85,0.6,False,True,False
0xd57390b9405f314959b6342da37c0be672dcab5e,True,2000,888,109,779,12.3,0.05,-35933.34,12,1788129238564,1788528776621,4.6,-4597.82,0.128,0.0,0,0.0,,False,True,False
0xd580b86a5db87c623763b058f3a12853bf30acb8,True,2000,896,206,690,23.0,0.31,-72263.17,15,1769870740720,1788786369960,218.9,-7099.69,0.098,174325.182412,6,116073.75,66.6,False,True,False
0xd598a3ad5637687537d2eb2d69dba4c65a6d9646,True,2000,2000,2000,0,100.0,inf,262349.4,1,1779889558936,1780212768243,3.7,363.18,0.001,0.0,0,0.0,,False,False,False
0xd5b4fa5395ae1e29e1cc2772d36459fb71b58b05,True,2000,991,304,687,30.7,0.91,-1177.68,10,1787244410173,1787655660969,4.8,3688.07,3.132,0.0,0,0.0,,False,False,False
0xd5cde0d96abd4795baf287342b2a3168c70ff6ae,True,2000,1033,660,373,63.9,2.86,4395.53,1,1788346058717,1788794186669,5.2,207.88,0.047,0.0,0,0.0,,False,False,False
0xd5e17c7015e3dbd4dd2eed3a462df6679a757b3a,True,2000,817,682,135,83.5,15.73,14326.45,24,1787681902756,1788796576098,12.9,563.05,0.039,24653.842711,10,136.57,0.6,False,False,False
0xd601c3c28b172bdc78e6d35c6c49168ea5e9fdc7,True,732,331,175,156,52.9,0.7,-2362.92,26,1778139373123,1788709332191,122.3,-3670.64,1.553,5765.454376,1,-79.81,-1.4,False,True,False
0xd6167f592d0e70c35163c46e0a3e59e096998d31,True,764,457,35,422,7.7,0.5,-5633.29,3,1776712549206,1776988800064,3.2,1193.35,0.212,0.0,0,0.0,,False,False,False
0xd62ebff5d00b319369f85030fa48bf6f47444bcb,True,2000,824,392,432,47.6,0.48,-23259.8,3,1779114002522,1788766815150,111.7,-3332.04,0.143,3778.896859,1,1377.48,36.5,False,False,False
0xd64b6850077b85dfe28ad07567eb600172c7d460,True,2000,979,356,623,36.4,0.56,-34860.19,5,1780148116646,1781750736282,18.5,7658.8,0.22,0.0,0,0.0,,False,True,False
0xd6608f4027ee90db6dc45d0b4b8e2fb0a49c1f61,True,2000,1130,613,517,54.2,0.71,-495.29,2,1788701365988,1788797912473,1.1,-59.42,0.12,974521.042385,2,-0.08,-0.0,False,True,False
0xd675567b06efac162904d67da87696f397981573,True,2000,1073,324,749,30.2,0.64,-495.93,56,1776587722317,1788776351347,141.1,-133.14,0.268,408.612622,49,264.01,64.6,False,True,False
0xd6a38ef84fb34e340e57108f284da3c5e5a9c4a4,True,695,319,226,93,70.8,1.93,8852.47,4,1773616714598,1788794304859,175.7,-6527.06,0.737,0.0,0,0.0,,False,True,False
0xd6ad52a0e7f34d801c9ac35db134d92e9d656b7e,True,1291,619,307,312,49.6,1.68,53549.68,10,1767535305279,1787754911480,234.0,-5682.36,0.106,27017.427167,2,-44287.2,-163.9,True,True,False
0xd6c8fda0f8dcc929f7a41a451dbc16c1714a27db,True,2000,931,454,477,48.8,0.55,-56583.81,25,1759718986868,1788516095782,333.3,-25016.53,0.442,0.0,0,0.0,,False,True,False
0xd6e40d5a756fdac7220ceff0a355cb11b0ddd0f3,True,937,446,307,139,68.8,3.58,18844.44,38,1732875674598,1788791662831,647.2,1603.63,0.085,0.0,0,0.0,,False,False,False
0xd6f1b0f7e82c0df338822d71a86f6e8961ae59b5,True,2000,928,408,520,44.0,0.91,-842.97,43,1779219473138,1788723259633,110.0,-618.27,0.733,0.0,0,0.0,,False,True,False
0xd70832ce681c2dabaf7ba90357229a27ac3b206a,True,1110,570,344,226,60.4,18.31,150815.96,3,1760525526277,1787390699768,310.9,12599.92,0.084,0.0,0,0.0,,False,False,False
0xd714dcdd7b2b2337e01acf5f5400a6ccbc3276bf,True,2000,879,416,463,47.3,1.02,437.42,2,1782899927009,1783916663499,11.8,-1535.49,3.51,0.0,0,0.0,,False,False,False
0xd72cc7b4adf912af13d1fdacaea762af9c09fc5d,True,759,330,121,209,36.7,0.46,-2956.33,11,1772734097334,1775240273902,29.0,574.14,0.194,0.0,0,0.0,,False,False,False
0xd743c50ba8b38eb2137552c70d233f589455f26e,True,383,218,141,77,64.7,4.25,6622.23,8,1770336611468,1778039843703,89.2,940.23,0.142,0.0,0,0.0,,False,False,False
0xd7583e3cf08bbcab66f1242195227bbf9f865fda,True,1609,1263,1246,17,98.7,657.7,161268.61,7,1740616412884,1785826379232,523.3,47106.4,0.292,43272.516577,1,15586.91,36.0,False,False,False
0xd77c6bb30cee69c435948709838eb99d60b33bf2,True,1292,633,378,255,59.7,0.45,-10441.8,44,1704171704538,1776546329352,837.7,-3691.35,0.354,0.0,0,0.0,,False,True,False
0xd78f060205d00de8259adde4e74c59f31eeb8960,True,641,439,403,36,91.8,0.21,-14970.23,23,1761781456656,1788685888197,311.4,-11242.5,0.751,1686.656779,5,586.37,34.8,False,True,False
0xd7969f3fc7aea4a461f48de369ef61af48719e78,True,2000,7,5,2,71.4,3.43,8.93,22,1787787142617,1788776422083,11.4,-3.53,0.395,68873.888539,31,3063.15,4.4,False,False,False
0xd7b44eea76a18accae0bb5d6cd419c8e092d3a55,True,1875,1265,851,414,67.3,1.43,15355.21,1,1775773044815,1787167117240,131.9,-8703.97,0.567,0.001523,0,0.0,0.0,False,True,False
0xd7cf293a89139c6ba0dc42438dc98b26f4b4a0f4,True,2000,1044,767,277,73.5,1.42,30254.54,4,1782892741661,1788422723723,64.0,48036.11,1.588,0.0,0,0.0,,False,True,False
0xd7de266e4cfef24ccff95609dcaa023ce465b71e,True,2000,944,642,302,68.0,1.87,13572.9,40,1756332844159,1784695831859,328.3,3738.12,0.275,0.0,0,0.0,,False,True,True
0xd7f6b9f3af132dfceb4914f62b62b16083f19b3b,True,1730,718,247,471,34.4,0.92,-2975.89,13,1734224223587,1788387327351,626.9,8068.5,2.711,14195.046621,1,4969.63,35.0,False,True,False
0xd80b7310a696fd4d26a3876e2a6284dce169bb05,True,2000,956,547,409,57.2,2.07,20377.1,14,1751827018146,1774256529004,259.6,4240.99,0.208,0.0,0,0.0,,False,False,False
0xd81a8461c468b17697b0c37d7548a83c5167654d,True,2000,956,400,556,41.8,0.55,-7968.0,33,1758232566666,1788716355368,352.8,-943.84,0.118,0.0,0,0.0,,False,False,False
0xd831409a48d8b21d59245c12b1540a0820446203,True,1224,478,322,156,67.4,2.43,597078.18,3,1731364065880,1787177550347,646.0,67883.36,0.114,53447.167524,1,-116930.85,-218.8,True,True,False
0xd8446a01216d87d811701ef4e3c360b1a99d06bf,True,2000,1022,239,783,23.4,0.81,-2808.59,46,1773866603667,1779321600086,63.1,-1839.51,0.655,0.0,0,0.0,,False,True,False
0xd8592afc09c864df215d8012122aed08e4ae453f,True,2000,1075,557,518,51.8,0.34,-5038.43,15,1785647268665,1785779221956,1.5,-1056.77,0.21,0.0,0,0.0,,False,False,False
0xd866a2d14a6dc92bdb1fdeac32c0f8ec322b3605,True,2000,1113,470,643,42.2,0.58,-18231.99,18,1787592650032,1788277064463,7.9,-5400.63,0.296,0.0,0,0.0,,False,False,False
0xd87617659957f4d9cea85e9db85b2f1de677646a,True,2000,1799,1384,415,76.9,1.28,22723.7,15,1778594210515,1787375477310,101.6,-2682.37,0.118,6638.762823,1,-11593.86,-174.6,True,True,False
0xd88bd96815c23ae5e956e2d63e85278792e690bf,True,2000,908,740,168,81.5,0.94,-1318.99,8,1744904223791,1788450152899,504.0,-5915.35,4.485,70.625905,1,-7.42,-10.5,True,True,False
0xd8a161c65bd7b0a054920f300815bbcc55342df5,True,2000,925,236,689,25.5,0.27,-29981.59,7,1762486214376,1781788445543,223.4,-1689.8,0.056,0.0,0,0.0,,False,True,False
0xd8bd8ae7103f3a962777e9d849069ded0d756799,True,491,251,142,109,56.6,0.28,-898.73,24,1776456860198,1784878839002,97.5,-554.36,0.617,0.0,0,0.0,,False,True,False
0xd8d3e3cb0e26b0ff4e1f1bd67d22e7aad20ead74,True,2000,939,499,440,53.1,0.87,-3026.91,38,1773742424057,1785128421840,131.8,6075.89,2.007,0.0,0,0.0,,False,True,False
0xd8fa7f9ef693ede67dd519752f32b48ef8958fe2,True,1252,561,282,279,50.3,0.93,-1476.86,25,1779130227467,1788279469758,105.9,3655.62,2.475,0.0,0,0.0,,False,True,False
0xd908ba17f4b51f89af9421dc3e9e135bdf58d6b5,True,1548,738,510,228,69.1,1.83,9724.31,6,1776694893258,1788162168183,132.7,-2754.9,0.283,5584.497904,1,-3349.22,-60.0,True,True,False
0xd9263471ccf8527e5cec4f6b91408b55dafdfa3d,True,2000,714,313,401,43.8,1.2,2556.86,13,1778271051053,1782487120581,48.8,1372.9,0.537,0.0,0,0.0,,False,True,False
0xd93cadd90f09c45873a367b6458a8a75f4374c14,True,271,142,92,50,64.8,0.98,-88.52,3,1778399269837,1787477395604,105.1,-1817.03,20.527,0.0,0,0.0,,False,True,False
0xd954bada8cd7fb2d88b7e937957e7efd9bb83209,True,2000,1001,169,832,16.9,1.02,335.81,25,1773938194933,1776341600666,27.8,3393.81,10.106,0.0,0,0.0,,False,False,False
0xd969d20cf32988b08965801e041015a6169fc3eb,True,612,283,179,104,63.3,4.66,6476.29,3,1775912987233,1777248000023,15.5,314.36,0.049,0.0,0,0.0,,False,False,False
0xd985bd504d737c6533335dfa4ad74e571bb3bd88,True,2000,806,256,550,31.8,0.06,-263151.0,2,1780629524504,1780673876982,0.5,-13116.79,0.05,200.0,0,0.0,0.0,False,True,False
0xd9affb417d4885898266bc5044cb6d45046a012a,True,223,85,40,45,47.1,8.88,10038.2,11,1754604680611,1780674876258,301.7,2358.94,0.235,0.0,0,0.0,,False,True,False
0xd9cf8ad3fc50118ba66f6dbecd95e4b44b6583db,True,2000,968,418,550,43.2,1.12,921.4,20,1787636312206,1788238037222,7.0,-551.14,0.598,0.0,0,0.0,,False,False,False
0xd9e7a16e6061106a892489db9e24e09d8ba35469,True,2000,837,241,596,28.8,0.29,-10571.59,6,1781024706919,1784078158965,35.3,745.89,0.071,0.0,0,0.0,,False,False,False
0xd9fdbd4a3471103f2da94aa10da1178dec22e6d2,True,2000,1035,514,521,49.7,0.89,-1339.52,22,1786982470327,1787752658568,8.9,-735.5,0.549,0.0,0,0.0,,False,False,False
0xda183a6d3ccb5d9e76b1b9067dce81940f22021c,True,2000,1093,237,856,21.7,0.11,-81177.95,17,1763854789284,1787753921184,276.6,-11406.75,0.141,142971.866966,1,93900.79,65.7,False,False,False
0xda2e28fdbb03592455575aa9ef65ad868bb68924,True,2000,937,285,652,30.4,0.48,-16225.67,4,1788434783766,1788796211236,4.2,-4652.5,0.287,4128.329658,1,-4948.09,-119.9,True,True,False
0xda3cf9e341a4c7ecf41070b074eabdc5d433f159,True,2000,931,251,680,27.0,0.44,-5828.99,7,1787425227789,1788706177919,14.8,-326.34,0.056,0.0,0,0.0,,False,True,False
0xda4fc3d7f9d78d27240e1637dbe5abbefa9323c5,True,2000,790,302,488,38.2,3.03,18229.29,44,1762445813607,1773185612106,124.3,3553.7,0.195,0.0,0,0.0,,False,True,False
0xda5e73087c0047ed5b398acb19a92054fa6c6483,True,531,166,108,58,65.1,1.31,2079.55,7,1765521408579,1785208738923,227.9,3212.76,1.545,0.0,0,0.0,,False,True,False
0xda7e723d7c6c08056b0c23d440f5b8da67aac0a5,True,711,337,72,265,21.4,0.61,-1835.23,5,1787659743577,1788446124187,9.1,-554.31,0.302,0.0,0,0.0,,False,False,False
0xda9a118647337efa39905e1c42e1567aa749b3f1,True,103,40,16,24,40.0,0.12,-1793.83,1,1782190863479,1783187339043,11.5,-1876.54,1.046,0.0,0,0.0,,False,True,False
0xdaac895dc3486683e8b59a521cc63bbfa0a1ff15,True,773,277,211,66,76.2,0.58,-10811.27,5,1766550901467,1787373520220,241.0,-3061.27,0.283,0.0,0,0.0,,False,True,False
0xdab7cd98d03d240ff3ea0425cf1a56cd808fc59e,True,1183,547,284,263,51.9,1.51,5359.61,39,1756169549287,1788794275093,377.6,2307.86,0.431,3712.324839,1,-1827.31,-49.2,True,True,True
0xdad185b163ff902eab4aeabef5026212b78c1bc2,True,2000,1099,673,426,61.2,2.27,23575.28,3,1787782643565,1788704233083,10.7,-3157.0,0.134,0.0,0,0.0,,False,False,False
0xdaf869f574754bd7ec91d728fb972cbf7aacd383,True,1580,714,499,215,69.9,3.22,8241.81,59,1703245593694,1788795600880,990.2,561.14,0.068,491.390873,1,-1.52,-0.3,False,False,False
0xdb058a9d78fcc6c6dba4b114fabf1e51d302fae9,True,392,159,69,90,43.4,0.13,-77101.27,12,1769663835376,1788152865181,214.0,-20174.74,0.262,0.0,0,0.0,,False,True,False
0xdb1e6085f0acc3ac9613f577d806f271007f1784,True,1796,892,863,29,96.7,4.09,31420.34,4,1734988238798,1788702379471,621.7,-3163.08,0.101,0.0,0,0.0,,False,True,False
0xdb32e78a28c49a106311401d38b47d6324f55762,True,2000,999,436,563,43.6,1.18,717.55,51,1785919309541,1788775740829,33.1,207.93,0.29,47854.353002,50,3365.75,7.0,False,False,False
0xdb48dc36380841d38e021ef1c070d3c7aa66a1ac,True,2000,449,335,114,74.6,0.76,-536.51,29,1780384809704,1788750206918,96.8,-634.42,1.183,0.0,0,0.0,,False,True,False
0xdb5c8b2ea50d9c49b84a58e5abe523109d4d167f,True,2000,929,213,716,22.9,0.41,-25240.63,20,1783868873377,1788682037934,55.7,-2471.53,0.098,0.0,0,0.0,,False,True,False
0xdb799415fd528a297949be13775e424b3122a5b0,True,2000,1031,372,659,36.1,0.57,-62306.32,4,1780266959088,1788478430056,95.0,-7193.0,0.115,79054.536411,1,-19571.84,-24.8,True,False,False
0xdb8d9a4fc8368dba0a527cf7c7c6d795c3e40971,True,2000,976,422,554,43.2,0.75,-4200.14,5,1763941685703,1788224277295,281.0,-4142.68,0.986,0.0,0,0.0,,False,False,False
0xdb9ade3fe6d72399e3f500ffdfee5c29ebb50512,True,680,327,199,128,60.9,0.28,-5669.18,21,1780777358324,1788435124483,88.6,-3832.68,0.676,0.0,0,0.0,,False,True,False
0xdbbdee771e62ab57894e8b8bdefbe094d3135ddd,True,2000,961,680,281,70.8,1.62,25533.41,14,1787732261719,1788766686924,12.0,13929.04,0.546,90658.300188,3,13644.02,15.0,False,True,False
0xdbd1bac81ad581c7198c9d155ca468f32a0c29dd,True,2000,336,298,38,88.7,29.39,739395.15,14,1780642719840,1788548683533,91.5,91879.87,0.124,406270.712842,5,207753.02,51.1,False,True,False
0xdbe47983dfec67a48f9b1757b89e519178826369,True,556,231,155,76,67.1,1.07,2507.63,3,1777796958784,1787625204609,113.8,-10059.44,4.012,0.0,0,0.0,,False,False,False
0xdc0191264687637c47f79d1f1cae3c6fedbd607b,True,1224,510,332,178,65.1,1.79,17470.7,21,1756390418697,1788521769621,371.9,-4067.92,0.233,0.0,0,0.0,,False,True,False
0xdc2210520040b920df3cb13ed3317e4b4c67ab3c,True,1230,591,288,303,48.7,0.55,-20149.25,7,1740798246558,1788590514708,553.2,-17925.3,0.89,0.0,0,0.0,,False,True,False
0xdc364967bc6c2c6a2e77910d1c7b71fee8a79d7a,True,2000,808,582,226,72.0,2.81,37849.85,14,1752333246971,1778922929887,307.8,2814.82,0.074,0.0,0,0.0,,False,True,False
0xdc46e545910a8906285caf2d8659df87b09c7c97,True,1144,693,220,473,31.7,0.71,-33371.46,14,1772395683338,1786416043351,162.3,-2927.33,0.088,0.0,0,0.0,,False,True,False
0xdc5289909be4f3ce2604806bdd1448fd307f19f5,True,2000,750,683,67,91.1,4.18,27002.59,13,1788041620726,1788778446493,8.5,-4608.13,0.171,31126.314697,1,3687.42,11.8,False,False,False
0xdc6448f803903f3178a604decb388f7959913553,True,2000,1079,236,843,21.9,1.26,8038.36,7,1788525421254,1788796011509,3.1,3913.49,0.487,703408.132833,1,-8391.55,-1.2,False,False,False
0xdc8047a4afdc2725efdd1cca2144330b13a3d8bf,True,2000,1255,562,693,44.8,5.98,18543.88,4,1788475942582,1788797687797,3.7,2397.01,0.129,876.80087,3,126.25,14.4,False,False,False
0xdc931389c5ba42f4ef6202a2b678564e1d3c1350,True,1359,584,298,286,51.0,0.53,-259329.79,5,1777982131887,1787702400048,112.5,-85003.98,0.328,31227.239025,1,-7430.32,-23.8,True,True,False
0xdca17ba9c04e1eae0356824acd6ecfd053cde028,True,2000,991,580,411,58.5,2.29,8249.41,22,1781708865687,1788794370166,82.0,683.8,0.083,1786.668944,6,123.72,6.9,False,True,False
0xdcbb29f5fb21db4fa618e6a698b217056ac64ed7,True,2000,1039,519,520,50.0,0.98,-285.43,6,1783302266446,1785224879917,22.3,-864.89,3.03,0.0,0,0.0,,False,False,False
0xdcd49713b5aa0752b603086df1ad27bc9da5f8d9,True,2000,931,306,625,32.9,0.57,-9744.81,4,1780086247501,1781725136996,19.0,1122.94,0.115,0.0,0,0.0,,False,True,False
0xdcf23cbeb9d23c487b2c862415444c46c9a4bf11,True,2000,1018,510,508,50.1,1.03,283.51,2,1785330281227,1788790790836,40.1,-344.76,1.216,0.0,0,0.0,,False,False,False
0xdcfed89b8322524505ce51e60c23604fa6ae81f1,True,2000,1120,334,786,29.8,1.18,3638.39,6,1782089811823,1788320363059,72.1,4555.97,1.252,0.0,0,0.0,,False,False,False
0xdd0c5de50d72e5eaa96816e920e41ce89c4b8888,True,2000,992,221,771,22.3,0.22,-9834.06,8,1788531988429,1788794793733,3.0,-5341.85,0.543,240354.603937,1,-17631.33,-7.3,True,True,False
0xdd1f8fee40461d816643934daf72067efde60ce7,True,2000,974,202,772,20.7,0.39,-6167.71,10,1787643446468,1788797251795,13.4,849.24,0.138,17890.41484,3,3733.92,20.9,False,False,False
0xdd45236f43353cab68f316ff2a6c193d508a449f,True,447,149,112,37,75.2,4.87,32125.52,17,1744241222355,1784178817287,462.2,-3256.26,0.101,16625.456515,0,0.0,0.0,False,True,True
0xdd539d21ad8dca18566086d6b265dc86a82e0caa,True,527,217,176,41,81.1,8.54,150180.06,5,1776801525596,1781210396732,51.0,18482.77,0.123,0.0,0,0.0,,False,False,False
0xdd5cd906db39545d5c11c3c1a3e087dd031deb7b,True,2000,1126,643,483,57.1,4.61,27485.65,15,1787746051419,1788788600462,12.1,1231.4,0.045,23472.242244,2,-2506.38,-10.7,True,True,False
0xdd6f6f6f2c25078312f5066dc8a42336856e76f7,True,2000,1012,282,730,27.9,1.34,4852.46,7,1788102666482,1788786402384,7.9,4547.76,0.937,3713.127322,1,-3439.31,-92.6,True,False,False
0xdd7ac275f3cbd710f112db75d91003bd3b1dc2e7,True,666,364,304,60,83.5,0.54,-4229.64,27,1756205625544,1787488280253,362.1,-3792.47,0.897,212.803859,5,-0.8,-0.4,False,False,False
0xdd977b8069a0e0123358fa2b8aa8cabbe63abcb4,True,2000,1031,299,732,29.0,0.7,-4800.61,17,1780246066952,1788105618953,91.0,1125.42,0.234,0.0,0,0.0,,False,True,False
0xddb120d096f6cbd6d59b7da5b5d59429e6edfda3,True,394,168,84,84,50.0,1.47,829.37,7,1734935118849,1787195936098,604.9,536.2,0.647,0.0,0,0.0,,False,True,False
0xddc431af4da6c95fe32e89d218c3a28d4dee15ec,True,970,522,311,211,59.6,0.3,-51932.57,7,1760920198619,1783912210995,266.1,-14416.02,0.278,0.0,0,0.0,,False,False,False
0xddd075599a85c22fce0a8a7af192da6ce8cc25ed,True,1014,534,261,273,48.9,0.89,-3257.37,12,1769232171142,1788705138924,225.4,-2930.53,0.9,2608.08393,1,362.5,13.9,False,True,False
0xdde328804e858d368617d9f4af5c936820ddda51,True,1821,910,383,527,42.1,0.89,-6034.21,2,1774942418963,1788766815150,160.0,-3325.5,0.551,12639.256762,1,-754.79,-6.0,True,False,False
0xddfda165fc5227089c7bdbcd1ff38fec0b84da01,True,2000,914,613,301,67.1,2.45,34914.41,71,1709298323550,1788795710557,920.1,2961.9,0.085,6166.101776,1,5657.74,91.8,False,True,False
0xde1318bb927614ab83dff4faf6c7412610c30652,True,405,211,114,97,54.0,2.32,7406.27,6,1763147541412,1777921013480,171.0,1677.31,0.226,524.950162,0,0.0,0.0,False,False,False
0xde29121a6858d90ae486855b127f9d5ee4035232,True,2000,870,853,17,98.0,120.27,7535.42,5,1781914049299,1788788265573,79.6,640.62,0.085,402.193306,1,-74.38,-18.5,True,False,False
0xde3f87e7ae3a9d375ab61bbbe8507106996847e5,True,80,50,50,0,100.0,inf,63355.83,2,1752171127992,1773650385699,248.6,5466.41,0.086,0.0,0,0.0,,False,True,False
0xde5b8c8e713f7c29ec72c22a326d61e5ac76e402,True,2000,1073,248,825,23.1,4.63,607454.26,8,1760961900014,1788530561459,319.1,73324.23,0.121,158898.447214,2,-317519.11,-199.8,True,True,True
0xde6b2a06407575b98724818445178c1f5fd53361,True,2000,814,524,290,64.4,0.08,-595945.63,3,1780675747292,1787469203006,78.6,-56160.0,0.094,1326780.241877,1,387010.09,29.2,False,True,False
0xde835c9b0cd0cf147609cbde6fe91f815255071f,True,349,182,61,121,33.5,0.71,-561.96,4,1779809001540,1784837805714,58.2,522.43,0.93,0.0,0,0.0,,False,True,False
0xde95b007e425cacd9c1aeddb8415f936b4d84c74,True,2000,974,440,534,45.2,3.35,28313.48,60,1780642367632,1788525016378,91.2,5768.73,0.204,11424.802785,6,-5044.83,-44.2,True,True,False
0xdeadeac399078b8e81ce6885f385aa92be5026e3,True,2000,955,826,129,86.5,8.44,42314.07,31,1787167432419,1788788359022,18.8,4298.34,0.102,24327.253104,4,-5235.13,-21.5,True,True,False
0xdec90b7f55d4418e49bb8ff197c9e1b60dafd50b,True,2000,969,627,342,64.7,0.86,-307.46,93,1782495277215,1788796764116,72.9,-129.69,0.422,134.061115,4,-4.84,-3.6,False,True,False
0xdede1b7ebed740e760f759aaa4f0ffe1df15ba8e,True,2000,661,302,359,45.7,0.94,-489.36,7,1774948140331,1788721957306,159.4,591.17,1.208,1809.507866,1,-57.6,-3.2,False,False,False
0xdeefaebe889a21f4a22552a23a1c57b2b70d2d1a,True,2000,821,218,603,26.6,0.15,-14830.85,5,1782624348306,1787970294124,61.9,-1052.99,0.071,0.0,0,0.0,,False,False,False
0xdefa2e9a66721e855571f4c7082832186405632f,True,614,381,183,198,48.0,6.35,6093.11,27,1704769207696,1788669994783,971.1,3000.0,0.492,2657.052322,1,86.6,3.3,False,True,False
0xdf113d75acced8c3f8707bc1919dbb074ae9c6f8,True,565,206,157,49,76.2,0.44,-23919.26,11,1769716309235,1787296597732,203.5,-20519.78,0.858,0.0,0,0.0,,False,True,False
0xdf1accf4a7cf4c23f9f3fc064ec5618488c28c7b,True,1193,526,238,288,45.2,1.13,3251.26,20,1751553139730,1787886500121,420.5,-2785.69,0.857,0.0,0,0.0,,False,False,False
0xdf356a2d2af9425f5f02789947cde1018c3fef35,True,1330,678,341,337,50.3,0.78,-2222.89,19,1748478866179,1788220800019,460.0,-1452.66,0.654,0.0,0,0.0,,False,True,False
0xdf479ce133d5f53df9129c4bc8eae1beb25c7747,True,1626,872,512,360,58.7,0.48,-8808.55,34,1763040463681,1787647818974,284.8,-1094.91,0.124,0.0,0,0.0,,False,True,False
0xdf549e474fe3cc96d6a197e09d3e403b18f0cbdc,True,2000,1051,443,608,42.2,0.54,-2246.32,15,1782189047334,1788786710203,76.4,-1996.82,0.889,0.0,0,0.0,,False,True,False
0xdf6ab7d06ab8bb9a8069b9622ef9e21262ff1163,True,2000,1020,312,708,30.6,0.75,-19346.31,3,1785193293685,1785340554903,1.7,-5872.4,0.304,0.0,0,0.0,,False,True,False
0xdf81987465681d0515058fe0a47a3bd174012730,True,614,70,70,0,100.0,inf,9881.14,2,1770298202969,1778070936263,90.0,1485.83,0.15,405526.73127,1,204383.68,50.4,False,False,False
0xdf90eb5df06bb099ac336eab73d2aa92d944bb3b,True,2000,1033,164,869,15.9,0.06,-111347.92,4,1782915162856,1784560523712,19.0,-8465.47,0.076,0.0,0,0.0,,False,True,False
0xdf9893323795083fa621555e74f02510b89c71ae,True,701,280,228,52,81.4,0.26,-14681.22,6,1776434654909,1788610491907,140.9,-10271.58,0.7,0.0,0,0.0,,False,True,False
0xdfb627bd21dac1c2659aaf8d09649f150f6d0bf1,True,504,200,16,184,8.0,0.0,-75805.07,3,1783003543909,1783217358833,2.5,-7329.87,0.097,0.0,0,0.0,,False,True,False
0xdfd3fe33dcc41f49a8e480d229a34c8308ac0de4,True,2000,1132,378,754,33.4,0.7,-7042.9,2,1783722794550,1786025498339,26.7,1272.13,0.181,0.0,0,0.0,,False,False,False
0xdfe9841768b5af19141f94718259c683268aaa97,True,2000,1022,166,856,16.2,0.62,-1516.37,40,1751907683172,1774686869836,263.6,300.8,0.198,0.0,0,0.0,,False,False,False
0xdffcf7745fdc58e4a56cdf76e9db92b028860b20,True,2000,1143,698,445,61.1,0.61,-11442.96,16,1734698170138,1788134245863,618.5,-2907.15,0.254,0.0,0,0.0,,False,True,False
0xe00fc3461f04e2c4612d19a9a3650b784ff832a5,True,142,91,33,58,36.3,3.51,1360.71,10,1777952190239,1779943701418,23.0,723.92,0.532,0.0,0,0.0,,False,False,False
0xe02288f779c18baebdcb1a11764dc106e916411b,True,2000,1012,334,678,33.0,0.76,-1792.44,36,1786279608631,1788794257864,29.1,498.03,0.278,374.406664,1,-30.27,-8.1,True,False,False
0xe03a97e261ca9892ce50cc610d2dc6787f845010,True,528,284,121,163,42.6,0.87,-9935.95,20,1706244716523,1779327331664,845.9,-10166.55,1.023,0.0,0,0.0,,False,True,False
0xe0579c72e1f514bd33c8108420ae437f0b8508fb,True,1240,580,259,321,44.7,0.88,-5302.98,19,1758805611934,1786584266225,321.5,-7433.36,1.402,0.0,0,0.0,,False,True,False
0xe067a2561c2aa3cf72faa979d18311fc29a27e33,True,2000,1027,687,340,66.9,0.87,-2243.94,20,1787500993891,1788792865117,15.0,-2945.14,1.312,6368.612476,2,-3004.9,-47.2,True,True,False
0xe084ba16cbd3ec5b0a2639d6634d084a92eb0f84,True,1596,677,244,433,36.0,0.68,-29239.49,37,1757713627304,1788723212346,358.9,12098.46,0.414,51117.558655,7,70028.4,137.0,False,True,False
0xe0a2e8aba28cb1a1d827aa59a9c23fc8a8f34c82,True,2000,980,331,649,33.8,0.68,-39734.75,7,1786983967161,1788702039407,19.9,8403.22,0.211,21466.75,1,120.0,0.6,False,True,False
0xe0c2ca250a8573a56e28874378ef4609db4c887a,True,849,412,264,148,64.1,2.21,18595.49,13,1750716326717,1776418097729,297.5,7303.3,0.393,0.0,0,0.0,,False,True,False
0xe0d91a3e9266a25fafa978d29fdf692d5aa79bae,True,2000,905,722,183,79.8,0.81,-7308.66,44,1747011973368,1788740219904,483.0,-4079.74,0.558,12881.145643,7,-23551.65,-182.8,True,True,True
0xe0eb9aae5a67d2452a98bcdad31d9c5c8189c926,True,2000,884,763,121,86.3,0.78,-5131.23,10,1775743647378,1787484264554,135.9,-9574.99,1.866,0.0,0,0.0,,False,True,False
0xe0fccb6835a8a88569cabadf9a735e839ba24cf2,True,2000,909,288,621,31.7,0.54,-22114.51,13,1782085955775,1782361693993,3.2,-3106.11,0.14,0.0,0,0.0,,False,False,False
0xe113311f35a53b196c0ab3ed31ad0bf937cc5c07,True,2000,1098,906,192,82.5,10.1,5782.01,5,1788251340945,1788779091010,6.1,409.11,0.071,59055.352652,4,33729.29,57.1,False,True,False
0xe12711949a5b50cc24173f1c8174dd47164a8f50,True,416,131,120,11,91.6,3.34,18001.31,34,1705318132182,1788447680968,962.1,-4181.06,0.232,4548.333,0,0.0,0.0,False,True,False
0xe133391b255ff6f439bbade2231264e5006cf35c,True,2000,1875,1774,101,94.6,171.36,119470.42,18,1787374631521,1787539285401,1.9,1062.58,0.009,0.0,0,0.0,,False,False,False
0xe1518a5ae4c762a0dd7773b987f6bd8bd7ca155c,True,1598,790,464,326,58.7,1.66,28615.48,17,1713761130178,1788722653086,867.6,-8263.08,0.289,39832.678318,3,-10602.8,-26.6,True,True,False
0xe17062bfb97b44d9357dd4131729bd821d62e636,True,2000,1184,491,693,41.5,0.58,-9903.16,52,1768782780773,1788766400951,231.3,-1968.73,0.199,1246.6927,2,-55.53,-4.5,False,True,False
0xe1943255ad0843515b2847dc386be0bdc0c0922c,True,2000,431,199,232,46.2,1.52,3528.81,26,1713018401958,1788273004232,871.0,5117.83,1.45,0.0,0,0.0,,False,True,False
0xe1a5da8e15900b2f5ca507ff0fbfd12a4ea438c8,True,654,244,162,82,66.4,0.37,-22392.67,16,1755419929162,1776733955502,246.7,-5057.96,0.226,0.0,0,0.0,,False,True,False
0xe1b7b1ed02ee1d42fe07ea854b7cca6f485a9a83,True,2000,1012,389,623,38.4,1.24,3175.39,13,1774584088821,1788615220329,162.4,1666.16,0.525,18756.839424,2,2939.46,15.7,False,True,False
0xe1c9776c7ea8395c0026a03e114b61a7fc6efed3,True,2000,795,690,105,86.8,0.61,-8464.4,23,1776022498322,1787080425496,128.0,-6779.33,0.801,0.0,0,0.0,,False,True,False
0xe1f19a263f9916202b54fb39a04d9efea6b0bd39,True,1307,673,422,251,62.7,3.32,6574.96,15,1778608124274,1783276440425,54.0,1101.18,0.167,0.002661,0,0.0,0.0,False,True,False
0xe208838d61c647b7d73d54d3bce28aafcb746701,True,2000,1010,482,528,47.7,0.6,-2434.71,204,1782899591849,1788310486853,62.6,981.97,0.403,0.0,0,0.0,,False,True,False
0xe2177c0a52309e7b2653acabc8fdec2537464711,True,2000,1074,513,561,47.8,1.33,1947.7,51,1786701874205,1788775486100,24.0,405.54,0.208,86273.201847,50,6196.91,7.2,False,False,False
0xe234ec4c27121c54a9e643f0e002f5a1241b3a27,True,168,92,79,13,85.9,14.21,7504.79,6,1761094965998,1787113147655,301.1,1438.04,0.192,0.0,0,0.0,,False,True,False
0xe24da1c8f33e1dd8b7993b8b028c7109698ddaa5,True,2000,1254,529,725,42.2,0.46,-29064.75,44,1774004882911,1788330486119,165.8,-2946.34,0.101,0.0,0,0.0,,False,True,False
0xe25e3b841e7f7b69877ea509378781189b50dd21,True,1069,471,272,199,57.7,1.48,8988.67,19,1770912000621,1788450801056,203.0,2628.59,0.292,0.0,0,0.0,,False,True,False
0xe28239371b3b39a557a36ee16a67066ca3d6385d,True,2000,1022,310,712,30.3,0.12,-89472.04,20,1778674970846,1787434753195,101.4,-4826.08,0.054,0.0,0,0.0,,False,False,False
0xe291c422870cec3c00ea34136a1b05d9fc7f8164,True,789,325,252,73,77.5,1.85,4093.55,10,1786537232573,1788763052596,25.8,-1487.5,0.363,8340.094058,1,-1624.08,-19.5,True,True,False
0xe29f8e98b38bda9a8916847a797b3d2432dd1d42,True,2000,1110,512,598,46.1,0.95,-378.84,88,1772484954659,1773046520354,6.5,224.0,0.591,0.0,0,0.0,,False,True,False
0xe2b6b83c55716ec7bce8a64e91546f4a53d6179d,True,2000,777,415,362,53.4,0.51,-4933.91,8,1778686459335,1782007936344,38.4,-812.55,0.165,0.0,0,0.0,,False,True,False
0xe2d52f8584b2d4a3c43653e76440222aceff55de,True,818,380,209,171,55.0,0.92,-751.35,1,1780821153099,1782672321274,21.4,-3395.04,4.519,0.0,0,0.0,,False,True,False
0xe2edcccfa8bc476d06be323d9ef87a636de9ba64,True,2000,1039,359,680,34.6,4.88,36541.39,23,1712266956576,1779637813506,779.8,-2303.35,0.063,0.0,0,0.0,,False,True,False
0xe30b828db91a23022da6425732b9584643da47b3,True,1473,746,397,349,53.2,0.97,-267.53,7,1713281420669,1788733936641,873.3,-1287.66,4.813,2763.36,0,0.0,0.0,False,True,False
0xe315e0737444aac52c6174f618386dbc4f50728d,True,2000,889,345,544,38.8,0.33,-94469.64,14,1771740593189,1788701067474,196.3,-10816.7,0.114,0.0,0,0.0,,False,True,False
0xe32aa33ae6f68cacc9710957671df4100564a70b,True,2000,847,414,433,48.9,2.71,9957.54,14,1788400143581,1788797354990,4.6,2955.12,0.297,165530.825,10,161815.84,97.8,False,True,False
0xe330ac756dabf22466317a01f5d1e9baa00e77a1,True,2000,1071,1069,2,99.8,25092.49,339647.49,7,1788308403434,1788792785742,5.6,117145.75,0.345,2340138.950957,4,173519.59,7.4,False,False,False
0xe34b76999c268467262d4e43758559be33542aab,True,2000,788,326,462,41.4,0.21,-13158.67,23,1782151106214,1787933384783,66.9,-3407.32,0.259,0.0,0,0.0,,False,True,False
0xe377e2f11c745c294ad65686635217ec765059f2,True,2000,1007,690,317,68.5,1.03,535.83,9,1788207310928,1788798926104,6.8,1405.64,2.623,218034.231314,9,-673.66,-0.3,False,True,False
0xe397ba68483fb1a90da07998d215c3a720bc9117,True,1871,921,417,504,45.3,0.97,-5140.72,15,1706586231092,1775260800063,794.8,-4428.36,0.861,0.0,0,0.0,,False,True,False
0xe3af998ba2c3825c8d03cf564baf349494d8088b,True,2000,739,542,197,73.3,1.67,6645.17,14,1773442702606,1787465642184,162.3,1739.89,0.262,0.0,0,0.0,,False,True,False
0xe3c7b7b2eb32c47c59f3599417d731fa166c79b8,True,2000,1072,205,867,19.1,2.33,7969.34,21,1778743169701,1787150163620,97.3,2300.54,0.289,0.0,0,0.0,,False,False,False
0xe3d523ac0d2bef7d3ea488de9409dec8b1c490f1,True,2000,995,507,488,51.0,2.61,24711.1,16,1787679706590,1788794865212,12.9,2776.5,0.112,0.0,0,0.0,,False,True,False
0xe3e5c5e3dce459f80abafbfdcb3d0788ad5b767c,True,1104,526,312,214,59.3,3.45,48207.07,37,1700985618002,1788732147323,1015.6,8550.7,0.177,14052.866135,1,57.14,0.4,False,True,False
0xe40fa0228f96f108a73e6cf4bc672bcade635a41,True,625,285,144,141,50.5,0.85,-9052.95,16,1731371460790,1775698362322,513.0,-8439.55,0.932,0.0,0,0.0,,False,False,False
0xe41bb59762116b76d78541e1295c04f6758b5891,True,802,312,195,117,62.5,0.56,-2784.55,12,1773815012064,1785401948133,134.1,-1679.77,0.603,0.000358,0,0.0,0.0,False,False,False
0xe431b000e617d3a29c7f601ec4d972fee234bcf9,True,2000,983,225,758,22.9,0.97,-373.2,3,1779799723273,1788528768965,101.0,1932.9,5.179,0.0,0,0.0,,False,True,False
0xe46eafafb60af2eea3a59768106a9342aec59ec3,True,2000,955,701,254,73.4,2.36,36061.31,30,1766501623862,1788693828167,256.9,-5808.8,0.161,65583.857966,2,-802.16,-1.2,False,True,False
0xe48288237b6f413e177c0a0451ca3b0cdb4d6def,True,605,326,228,98,69.9,0.79,-849.92,6,1774872684486,1775569483042,8.1,-642.64,0.756,0.004671,0,0.0,0.0,False,True,False
0xe49fc06b245a22b0ed11264b203c6fb1dff4317c,True,762,346,217,129,62.7,0.29,-3955.24,12,1762013066179,1780689721667,216.2,-1048.5,0.265,0.0,0,0.0,,False,True,False
0xe4bf4497ffefe67e7415ef6cab1a689f570b2d10,True,2000,909,591,318,65.0,3.44,35556.5,22,1783485292301,1788773949640,61.2,3125.25,0.088,9900.102735,1,659.51,6.7,False,True,False
0xe4ca7002864d5f3e14768a34b73efb798e3d990e,True,2000,940,473,467,50.3,1.28,3573.3,24,1787055696091,1788797364311,20.2,1896.75,0.531,11607.615765,2,8557.98,73.7,False,True,False
0xe4e0172559f44a5a30e547ba14d9fcb9482184da,True,2000,820,269,551,32.8,1.6,1480.49,53,1782069238271,1788794253717,77.8,266.61,0.18,303.004814,2,40.5,13.4,False,True,False
0xe4e997c1d02516a9a8f854d93ca6c9c95e4b78e9,True,2000,1111,359,752,32.3,2.46,13998.04,6,1785759499802,1788653987224,33.5,1357.88,0.097,0.0,0,0.0,,False,False,False
0xe4f50a994a31565a77013a8fc88421aab2eda0c4,True,2000,801,801,0,100.0,inf,26982.42,2,1788659014517,1788797686317,1.6,476.87,0.018,18448.615201,0,0.0,0.0,False,False,False
0xe5118c447eec1f61feb0afa43a24a48f976d4cb6,True,1833,914,506,408,55.4,0.94,-1855.01,9,1787279215860,1788783551419,17.4,-2382.0,1.284,3565.128749,1,-717.85,-20.1,True,True,False
0xe528531fc82ab104397fe06c550f0bb00720e0ab,True,2000,836,364,472,43.5,0.61,-10665.01,3,1772434325726,1774600178168,25.1,-2699.25,0.253,5e-06,0,0.0,0.0,False,True,False
0xe5430fc70b79ca6aa8b41ae8d8b89ea0984e7185,True,862,337,185,152,54.9,1.61,4039.08,32,1742214528923,1788768435244,538.8,1752.4,0.434,0.0,0,0.0,,False,True,False
0xe56734cb363ff79c07f9691f7f361c67d6440016,True,907,529,368,161,69.6,4.03,8686.53,12,1763172494813,1778242349151,174.4,378.25,0.044,0.0,0,0.0,,False,False,False
0xe57ed94d5f3c3e07ec8e221adaa37620b9faedc0,True,2000,815,431,384,52.9,0.76,-271.15,2,1788766815150,1788799071327,0.4,-49.72,0.183,219090.465355,1,297.34,0.1,False,True,False
0xe592d370bbd88ae747233471614d60136ad41202,True,71,36,24,12,66.7,1.42,1200.37,6,1766937257261,1786522701700,226.7,1304.97,1.087,0.0,0,0.0,,False,False,False
0xe5aa47dbdab2973f539a29cbc89289e65d6a9b2a,True,2000,1298,1018,280,78.4,0.82,-4056.98,83,1780479211281,1788689152243,95.0,-2639.34,0.651,712.90988,7,-718.73,-100.8,True,True,False
0xe5b75eb29a2b1caf443104d3badbdacdc1f542c8,True,109,83,65,18,78.3,1.61,2255.91,6,1775648064074,1788525129691,149.0,-1531.02,0.679,3976.680677,1,471.16,11.8,False,True,False
0xe5cfdd7f61ff99ab0a699dfef520da6e03a048d8,True,2000,1099,1043,56,94.9,3.2,4116.82,1,1788226236820,1788796888969,6.6,-208.39,0.051,61638.53049,1,-3585.26,-5.8,True,True,False
0xe5e6ee25986549a41a61ae31080719d6db316580,True,2000,869,627,242,72.2,1.18,2599.26,29,1780508083799,1788797223710,95.9,-1719.33,0.661,4412.795726,1,-19.28,-0.4,False,True,False
0xe608ff64205962788e979fdc935f099122d59bbc,True,2000,707,581,126,82.2,0.54,-4556.73,46,1772921712912,1788522108821,180.6,-4274.69,0.938,757.778764,2,569.74,75.2,False,True,False
0xe6115b8a4a83fcb98b46e3457c31ad83d5a9be58,True,1477,563,210,353,37.3,1.1,3369.83,1,1778397909101,1788725346917,119.5,-2578.82,0.765,3675.240354,1,977.28,26.6,False,True,False
0xe621eca666a4af38272b0d1c7886d902ffe6b70d,True,2000,1031,368,663,35.7,0.86,-1887.58,11,1780986195669,1788796250781,90.4,516.57,0.274,182.626836,1,40.15,22.0,False,True,False
0xe638560a11a71c16341b37cb4b52874e0f7afe1b,True,2000,1282,142,1140,11.1,0.37,-13776.96,9,1749854942722,1787529911103,436.1,-2695.26,0.196,0.0,0,0.0,,False,False,False
0xe65a5fa4d6ed3a47ccf315916521c28ad0f65123,True,2000,929,102,827,11.0,0.01,-23559.15,8,1781244342466,1788740006661,86.8,-7453.79,0.316,6937.754134,1,1816.35,26.2,False,False,False
0xe66fc7a89888cc34e70d30a79c557f61d9fecd12,True,431,237,68,169,28.7,0.38,-2608.9,7,1770241708226,1775330129228,58.9,-427.38,0.164,0.0,0,0.0,,False,True,False
0xe67e5bf7eff9fdfbfc88500458c2e4af02086776,True,590,207,103,104,49.8,0.6,-1276.61,7,1757483545642,1776867488869,224.4,-682.43,0.535,0.0,0,0.0,,False,True,False
0xe68b6bcaf5320ff893dde99d766ecf924553f312,True,2000,864,431,433,49.9,0.5,-6515.6,23,1749956795884,1785669496113,413.3,-778.31,0.119,0.0,0,0.0,,False,True,False
0xe69a487b1b9b74122dc8e6afc5fc046aca799125,True,723,316,290,26,91.8,4.33,14311.78,6,1749963149599,1788658490504,447.9,2147.54,0.15,36618.463628,1,-6266.08,-17.1,True,False,False
0xe6a4833c6bb24ac2c8df504240697491417a4aa0,True,418,213,80,133,37.6,0.65,-2576.89,11,1766836312393,1788442603601,250.1,-1726.82,0.67,8434.9977,1,834.7,9.9,False,True,False
0xe6b55cbf7f53dc7767b6a824e093625f6850064f,True,752,351,178,173,50.7,0.57,-3325.05,4,1780582297255,1788685237967,93.8,-2838.59,0.854,39.605407,1,6.52,16.5,False,True,False
0xe6ccc91418221ea04c4dac609b0eaee7f34ef79d,True,2000,930,397,533,42.7,0.61,-29543.07,24,1779217873395,1788785423497,110.7,-11949.34,0.404,3861.506079,9,-2796.12,-72.4,True,True,False
0xe6e3355646051ff76174dd36f6e0fbe2b2cb67f7,True,2000,1300,186,1114,14.3,0.66,-97442.03,4,1783305612828,1787530176070,48.9,-40155.21,0.412,0.0,0,0.0,,False,True,False
0xe6fe2362f915d627ecbf401b0ceef3dd2b2b79bd,True,2000,1690,1482,208,87.7,4.14,12444.08,44,1786638792016,1788792935931,24.9,-1224.66,0.098,19082.853842,0,0.0,0.0,False,True,False
0xe71540efe8ada263a137285e3117b5999ed5872a,True,2000,762,466,296,61.2,0.46,-40605.55,33,1758860388500,1788571069574,343.9,-12706.64,0.313,0.0,0,0.0,,False,True,False
0xe727dc09b1a59f332273edc85ac73a3a2cea182c,True,2000,869,303,566,34.9,1.75,2733.55,42,1758278693674,1777420800003,221.6,551.46,0.202,0.0,0,0.0,,False,True,False
0xe746435d136c4714383a64ee28e35c8bdb8d5cb1,True,2000,1562,1131,431,72.4,3.19,51511.78,8,1783460230314,1788791836644,61.7,9615.15,0.187,52918.523454,2,-2320.96,-4.4,False,False,False
0xe76474c748948d663b3e7c75500d415cb49f7af6,True,2000,669,474,195,70.9,0.32,-28184.8,23,1780097033100,1787275095881,83.1,-7758.63,0.275,0.0,0,0.0,,False,True,False
0xe7795fce474d1eafd645a29e799a64f85dc26ba7,True,2000,950,510,440,53.7,2.04,12538.61,6,1788526015454,1788762585330,2.7,7466.62,0.595,91231.083012,2,66806.95,73.2,False,False,False
0xe789f3e17679ebf54d591eaab3aba1362aa4057d,True,2000,829,434,395,52.4,0.58,-31411.0,12,1783903989050,1788713452332,55.7,-15152.16,0.482,445.576145,1,-160.86,-36.1,True,True,False
0xe7b34f28c54f85533896f8827edc92edac28b17f,True,2000,1424,392,1032,27.5,0.39,-177910.31,11,1782734835732,1788537399030,67.2,-11194.56,0.063,363315.213081,24,-457505.4,-125.9,True,True,False
0xe7cc6a6b9b14bdec17a0d421bb03481602129a8b,True,2000,307,290,17,94.5,69.49,13711.05,6,1774029365079,1787148332577,151.8,3607.97,0.263,0.0,0,0.0,,False,True,False
0xe7e3ac059843b9e08ddef461355d46ec60e4b14e,True,2000,896,457,439,51.0,0.34,-14216.32,10,1781840063070,1788763918783,80.1,-5790.86,0.407,690.047246,1,-66.75,-9.7,True,True,False
0xe7ef13fddfdbb299d2f1caac9d7234877a74a432,True,2000,963,291,672,30.2,0.8,-2505.66,22,1763613329265,1787529600082,276.8,627.14,0.25,0.0,0,0.0,,False,False,False
0xe80b9965195e05a6571895703d948a60a98bfdfb,True,1645,771,311,460,40.3,0.83,-4303.45,7,1773385336614,1779685906617,72.9,-2629.2,0.611,0.0,0,0.0,,False,False,False
0xe819a4251b477f20156893c3a77dd8681a0c1f83,True,2000,758,428,330,56.5,0.54,-25551.47,50,1745669132168,1787208378131,480.8,-3344.4,0.131,0.0,0,0.0,,False,True,False
0xe839b2e436782ec0f52724e72b68d1c70cbc8f35,True,2000,997,584,413,58.6,1.1,632.55,21,1774429790014,1787591510192,152.3,-729.32,1.153,0.0,0,0.0,,False,True,False
0xe85e7a7724482cb62d01234dc242e4b0f93f5bc4,True,2000,1332,546,786,41.0,0.54,-9418.17,9,1780392634923,1788797090430,97.3,-1221.38,0.13,2106.972321,1,10.58,0.5,False,True,False
0xe86fbeff6ac721b171d8a6b92d97123767ce1112,True,2000,830,813,17,98.0,50.14,118319.16,4,1787838735130,1788763009851,10.7,3886.0,0.033,0.0,0,0.0,,False,True,False
0xe88a203d722e506648a7e9482de68ec9c58249e0,True,2000,1080,883,197,81.8,5.57,69005.69,44,1773505120128,1788697582043,175.8,2951.52,0.043,0.0,0,0.0,,False,False,False
0xe8a19478f6a97fbc38a53d71fce231c462444a48,True,2000,1092,769,323,70.4,0.71,-9168.72,33,1759854134429,1788794197796,335.0,-2666.94,0.291,19556.626309,4,2887.84,14.8,False,True,False
0xe8aa410a2ab99830a70ce3f9017e765a6f077308,True,940,399,264,135,66.2,0.56,-13506.47,11,1755040338605,1787646284220,377.4,-8520.7,0.631,0.0,0,0.0,,False,True,False
0xe8c89df080a5da394f9cbf1ae79034aed51210e0,True,2000,1013,448,565,44.2,1.67,11789.91,9,1774407254816,1788738371186,165.9,7445.61,0.632,5708.925149,1,943.16,16.5,False,True,False
0xe8e588a3c481e815565c150a48eed343fb09c14f,True,965,476,269,207,56.5,0.74,-2029.34,2,1778744065929,1785609910261,79.5,-801.48,0.395,0.0,0,0.0,,False,False,False
0xe8f7f10b9acc59b921abef3bb8dd32dbd794183e,True,2000,1297,1035,262,79.8,8.75,233274.38,3,1781620647685,1787018588345,62.5,8898.95,0.038,0.0,0,0.0,,False,False,False
0xe9048ff25e92edb56676eb17854e7703b5ef9ede,True,812,370,174,196,47.0,0.24,-9229.35,10,1749158035050,1788705138366,457.7,-1210.43,0.131,46384.942761,1,38168.5,82.3,False,False,False
0xe915a1af8dfe208404be3266188090476b83259a,True,1431,784,623,161,79.5,1.59,7420.45,7,1785346104200,1787851287863,29.0,1508.96,0.203,0.0,0,0.0,,False,False,False
0xe925ffb79ea9062742dc3ca40bdd5c1e1d988d24,True,2000,912,207,705,22.7,0.02,-354734.42,3,1782482328767,1785294329953,32.5,-92007.19,0.259,0.0,0,0.0,,False,True,False
0xe930da27ab045783dd0709a5c2aac76d69d7d36e,True,2000,959,496,463,51.7,0.58,-44.14,2,1773142624843,1773282327492,1.6,-25.8,0.585,0.001002,0,0.0,0.0,False,True,False
0xe94a5b3f1c020fa5b6352dd0f8931cc489e3e365,True,2000,978,354,624,36.2,0.37,-55277.38,24,1768795783274,1788790033455,231.4,13020.04,0.236,4301.205877,1,-28.02,-0.7,False,True,False
0xe96796c3906eba56b65d7d4e3ec30ca9deb482aa,True,2000,925,314,611,33.9,0.34,-15489.5,19,1784524750471,1788792668705,49.4,-2998.13,0.194,6746.641823,1,8.78,0.1,False,True,False
0xe978967c6ffaee22e08bd5773e521a6373155b7e,True,2000,975,541,434,55.5,1.26,11569.01,14,1780325498398,1788797004254,98.0,4929.97,0.426,2024.957215,1,11.46,0.6,False,True,False
0xe98450910c2601ac6528c16eb4693b72bb3248c9,True,1432,614,348,266,56.7,2.64,32471.21,24,1747705911851,1783007038051,408.6,4145.09,0.128,0.0,0,0.0,,False,True,False
0xe99803cb5b2d50c4451985cd520abb744c3fa43f,True,553,383,15,368,3.9,0.11,-34732.36,5,1765978318056,1775817620613,113.9,-1989.43,0.057,0.0,0,0.0,,False,False,False
0xe9b0f5794b008b927beb62e3ce1679f81aa80477,True,2000,890,511,379,57.4,2.13,20706.49,15,1787997275706,1788798971986,9.3,2336.77,0.113,0.0,0,0.0,,False,False,False
0xe9cff540eddab454427a7f34b1d0f6ee684f6fb7,True,2000,1030,443,587,43.0,0.37,-31112.11,92,1781490712222,1788784781709,84.4,-4978.49,0.16,19444.59601,2,8186.43,42.1,False,True,False
0xe9e175eb4648052a7051d7b7b1b18a65bfcf26ff,True,774,359,188,171,52.4,0.86,-361.93,11,1779865808216,1780876800034,11.7,511.56,1.413,0.0,0,0.0,,False,False,False
0xea00a104ff3bf07575bc9cbdee015b1240451d0e,True,2000,1046,204,842,19.5,0.55,-5920.77,9,1777574526523,1782825374294,60.8,613.5,0.104,0.0,0,0.0,,False,False,False
0xea16545cf2e4c30b38b156cda0972be63ce71d50,True,2000,1070,421,649,39.3,0.32,-19364.98,40,1769701699558,1784152256447,167.3,-832.1,0.043,0.0,0,0.0,,False,True,False
0xea28c5dc59c5c0234d29d304e8e5a0558fdf5577,True,954,439,360,79,82.0,0.73,-4830.15,4,1781763079016,1788797728788,81.4,-3865.44,0.8,10519.227706,2,-606.2,-5.8,True,True,False
0xea36da2abea3b7b6b03fa391ea3af071a9bf76d2,True,2000,1112,741,371,66.6,1.48,3231.59,20,1787369293940,1788693153735,15.3,-2625.08,0.812,0.0,0,0.0,,False,False,False
0xea6670ebdb4a388a8cfc16f6497bf4f267b061ee,True,2000,1437,1102,335,76.7,2.3,44005.28,9,1788646531509,1788721193796,0.9,-15996.54,0.364,2316849.023466,13,-1007724.84,-43.5,True,False,False
0xea786fea9c79a8a9f8cf66b53222c9cda11aeed4,True,2000,1159,0,1159,0.0,0.0,-206115.66,4,1773755254187,1777573836496,44.2,-21514.06,0.104,0.0,0,0.0,,False,True,False
0xeaa540477af97a0aa28d9a1e33f71bd320217fb7,True,2000,1166,439,727,37.7,0.43,-44342.12,34,1752216471395,1786923816176,401.7,-10947.9,0.247,0.0,0,0.0,,False,True,False
0xeac83f37998a370c36a6eac2a18a040acc4fb600,True,2000,908,580,328,63.9,0.76,-3286.49,3,1788018359607,1788795192605,9.0,-580.24,0.177,0.0,0,0.0,,False,True,False
0xead30b3c7b38b9efd5492f695f537c6b78920958,True,450,143,141,2,98.6,9.86,39473.25,6,1773446400044,1788452202626,173.7,-4361.36,0.11,17327.69182,3,-73736.62,-425.5,True,True,False
0xeadd77df151246ec24e9a01c0136e911fcdef415,True,221,104,69,35,66.3,0.71,-725.88,9,1782336415922,1782879068352,6.3,-661.79,0.912,0.0,0,0.0,,False,True,False
0xeae6f31edc04e009ed47c22196e3c1ec475f3977,True,652,270,112,158,41.5,1.38,3630.63,26,1767639679351,1788756653880,244.4,-1466.41,0.404,6963.854848,5,128.64,1.8,False,True,False
0xeafbe89e3bc638a540c166c45d2b12850fc6c402,True,2000,214,214,0,100.0,inf,135.33,15,1788710086500,1788798121034,1.0,1.81,0.013,66012.474546,34,-22350.62,-33.9,True,False,False
0xeb0832ec6db483ae62974d8ee9014ad5d227fa90,True,2000,1078,378,700,35.1,4.29,38855.53,22,1785877260951,1788796820009,33.8,5968.48,0.154,9679.668825,6,3285.24,33.9,False,True,False
0xeb18b32694e8d6e176c6d2019c4bb3c2705ea166,True,2000,840,413,427,49.2,1.2,24594.75,4,1783535931633,1788502719020,57.5,-33769.57,1.373,0.0,0,0.0,,False,False,False
0xeb3648865b1471996e5f65ae845f9eb9226b9a02,True,2000,1034,520,514,50.3,0.78,-57342.44,8,1773195851091,1788120235928,172.7,-120822.34,2.107,0.0,0,0.0,,False,True,False
0xeb47e64c3d12add1a175517619ede29fbc4a9f1d,True,1001,449,341,108,75.9,3.12,236321.28,14,1709655731272,1787191900000,897.4,-14528.52,0.061,46425.948607,6,-31862.47,-68.6,True,True,False
0xeb6b57cf418343f63245af0c63bf4e9eddec54af,True,68,52,0,52,0.0,0.0,-9070.38,4,1775736239796,1780037121236,49.8,-5309.4,0.585,0.0,0,0.0,,False,True,False
0xeb83e695adcac2e83f290d2d2815fc58e6491d7a,True,2000,1340,601,739,44.9,0.79,-5285.86,10,1787717506367,1788797011494,12.5,2365.68,0.448,69546.25622,4,4857.84,7.0,False,False,False
0xeb9aca0b905e4588ec150ae3d6a79c587e3ba8a7,True,2000,572,440,132,76.9,0.7,-448.81,6,1782640519968,1788793022354,71.2,-289.7,0.645,0.0,0,0.0,,False,True,False
0xebaf39b87580377dc6852bd8c5df1770a1a7a156,True,2000,939,358,581,38.1,0.79,-3816.31,45,1756305182144,1788790813089,376.0,-2091.33,0.548,2104.547809,0,0.0,0.0,False,True,False
0xebc510b00a70130cd705a166a784a04ab39706dd,True,2000,1176,456,720,38.8,0.46,-28114.75,15,1779958063261,1788751578225,101.8,-1957.45,0.07,4236.547227,1,-718.94,-17.0,True,False,False
0xebd03be4405611cca70f0aa307625851a3802bfd,True,2000,979,638,341,65.2,1.57,25383.55,10,1765960301811,1788764350874,263.9,5518.86,0.217,37622.928152,1,-932.91,-2.5,False,True,False
0xebe6cc6820a76705b6654fdd1254256dcd54f1df,True,2000,770,547,223,71.0,4.05,66284.0,62,1763695353453,1788798627823,290.5,4526.47,0.068,121897.570884,2,114262.48,93.7,False,True,False
0xebf873d94862a9c293339b4fcc9afea359d55811,True,259,140,6,134,4.3,0.27,-1212.2,3,1786015898800,1786186930749,2.0,-180.61,0.149,0.0,0,0.0,,False,False,False
0xec0c666acd059e2bbf5dd055f1a282bf0ebf16fc,True,2000,1073,485,588,45.2,3.81,184632.11,99,1717630329522,1783306561678,760.1,56294.84,0.305,38371.301795,0,0.0,0.0,False,True,False
0xec2aa004732b35d4f763e7e73e7918da37274c96,True,2000,711,431,280,60.6,0.65,-81395.02,3,1780844733655,1788513191007,88.8,-16160.89,0.199,15111.912966,1,-3996.97,-26.4,True,True,False
0xec48794d7ad819a633471858f1ceafee1d7d1121,True,2000,1056,630,426,59.7,3.5,310761.0,30,1722729600023,1787437965835,748.9,-48630.47,0.156,33787.97296,3,-121774.06,-360.4,True,True,False
0xec74da014e468d2f60a435ab60797eed208c5cee,True,2000,832,509,323,61.2,3.99,102762.98,89,1730482669426,1783310435775,611.4,7087.69,0.069,0.0,0,0.0,,False,True,False
0xec88ff2186821ff61372e18502e5bc8805144e70,True,2000,1200,8,1192,0.7,0.0,-360352.46,5,1777907197732,1781092959275,36.9,-26272.16,0.073,0.0,0,0.0,,False,False,False
0xeca57b3ab6fe52bf5ac90838e6a50116feac0afd,True,2000,1101,633,468,57.5,7.72,238221.62,4,1777024390343,1777667505774,7.4,16489.59,0.069,0.0,0,0.0,,False,True,False
0xecbb7a1b7733a68f89c02a93157e120597bfa855,True,2000,1980,1785,195,90.2,8.74,13872.56,13,1787422119784,1788238042614,9.4,1021.47,0.074,0.0,0,0.0,,False,False,False
0xece792e16f847add756d2c421801ff82999d2333,True,2000,912,567,345,62.2,0.43,-15761.05,8,1744967897824,1788799189679,507.3,5484.25,0.348,12198.265652,1,-247.17,-2.0,False,True,True
0xecf5530685b563866d8e808de90c685663919142,True,1501,550,381,169,69.3,0.27,-399938.24,12,1737259992610,1782932814980,528.6,-227087.61,0.568,0.0,0,0.0,,False,True,False
0xed039516ae545b374bf354071c00a913b479563c,True,2000,920,266,654,28.9,0.5,-6054.16,7,1774372683058,1783524348841,105.9,-688.69,0.114,0.0,0,0.0,,False,True,False
0xed16e9c8f22a64eb6872ae76882fba081cb51add,True,1822,879,247,632,28.1,0.92,-802.28,24,1776228579577,1788521297482,142.3,668.85,0.834,0.0,0,0.0,,False,True,False
0xed30aff40018f0dd60d4b17f0a529b45f5897abc,True,298,132,66,66,50.0,1.56,1164.74,9,1735291786915,1779408000060,510.6,526.57,0.452,0.0,0,0.0,,False,True,False
0xed41a12ea862f31df054e9bd3af1dd59486c6029,True,2000,1631,997,634,61.1,286.01,2167636.93,7,1766209854318,1777334400035,128.8,59039.95,0.027,0.0,0,0.0,,False,False,False
0xed60878eec769f7a8ac4384d86978891b4836bc1,True,73,33,30,3,90.9,171.37,13576.45,1,1776864249045,1778062701988,13.9,2513.16,0.185,0.0,0,0.0,,False,False,False
0xed7646046603f5f661d789964ea86233dce0e297,True,2000,904,669,235,74.0,18.82,73746.86,82,1749473942751,1788454076696,451.2,4106.06,0.056,32253.064221,1,-41578.91,-128.9,True,True,False
0xed8461195c1ff164097eec00e75362070005150e,True,946,406,241,165,59.4,0.94,-568.62,10,1778777233005,1781755718514,34.5,-1285.86,2.261,14811.2866,1,5960.85,40.2,False,True,False
0xedac62e9887442d1413b045892a684873d09b6d6,True,670,268,220,48,82.1,8.74,45780.71,5,1780167595508,1780620160418,5.2,10089.19,0.22,0.0,0,0.0,,False,False,False
0xedc46f27a1684cef1e96afe9604bc284db856da5,True,780,451,222,229,49.2,1.25,3745.21,15,1734039191789,1788450729998,629.8,-1636.89,0.437,0.0,0,0.0,,False,True,False
0xede4b988147f9ea559faef61e97d87d8d1230bad,True,1216,555,298,257,53.7,0.67,-30495.56,13,1754688283556,1787299215002,377.4,-9652.56,0.317,6778.716,0,0.0,0.0,False,True,False
0xedf581b0549cc2e38dfd7d87a21cc3560c5aff87,True,2000,1060,655,405,61.8,1.27,5080.33,12,1781711469517,1788781158599,81.8,1106.61,0.218,0.0,0,0.0,,False,True,True
0xee16198171b3cf5c96af82e538d489f78935fb67,True,2000,1233,1046,187,84.8,9.14,151674.91,10,1787092739975,1788754746890,19.2,13381.58,0.088,0.0,0,0.0,,False,False,False
0xee28430339766a1fb1d99eca0c7aa4400f27124f,True,2000,889,416,473,46.8,0.93,-2145.59,3,1778682812807,1780523324345,21.3,4703.68,2.192,0.0,0,0.0,,False,True,False
0xee3d1db7c6b22bd0ba44835457d1ff8da2fabdd9,True,2000,1027,431,596,42.0,1.06,512.52,11,1786052591134,1788798810654,31.8,-2067.15,4.033,3423.381965,2,57.71,1.7,False,False,False
0xee57a50f40add28523419037cb4163eb31e30ee0,True,2000,946,204,742,21.6,0.74,-4250.25,10,1787156728008,1788562770664,16.3,-3177.57,0.748,0.0,0,0.0,,False,True,False
0xee71ec6c1501cd2fd2c70f5a5a1e484082c491c7,True,2000,905,489,416,54.0,1.51,4824.31,16,1784970688648,1788750453832,43.7,1208.79,0.251,608.41584,1,182.49,30.0,False,True,False
0xee7cab06bcc6e57367ad5aef51443bc30c73aac7,True,484,112,6,106,5.4,0.01,-30789.77,4,1781448428007,1787672477321,72.0,-7527.07,0.244,0.0,0,0.0,,False,True,False
0xee8a30a9ccc972650bcf49eb430c0934a24fd671,True,352,154,75,79,48.7,0.83,-1059.48,19,1733052922432,1787961600069,635.5,-2341.83,2.21,0.0,0,0.0,,False,True,False
0xeeb4e7601559733d3879f55d58502f8cfb4d116e,True,1819,928,462,466,49.8,0.39,-4986.44,3,1756250142849,1786776991117,353.3,-172.24,0.035,0.0,0,0.0,,False,False,False
0xeec5bc1998167969e3062e32eb7479c89d7b801d,True,1848,674,420,254,62.3,1.65,21961.02,36,1758089980318,1788487971898,351.8,15464.11,0.704,0.0,0,0.0,,False,True,True
0xeedc89816517e9b38e6cc4e4981eb4c6860f3420,True,2000,940,507,433,53.9,0.84,-2860.87,48,1764710265709,1788468955735,275.0,-1298.5,0.454,0.0,0,0.0,,False,True,False
0xef14f238ace1b60a45d0b852e662eb0a630139f0,True,589,298,120,178,40.3,0.51,-6867.12,19,1759400558700,1780301475945,241.9,-2369.03,0.345,0.0,0,0.0,,False,False,False
0xef2ac5c3952a6917396e3a63eac93f4e2c692b42,True,2000,1328,966,362,72.7,1.24,3503.54,12,1785930370641,1788701996852,32.1,-2348.67,0.67,9688.421367,1,-10225.8,-105.5,True,False,False
0xef43956cb6841c470b86e121e3afe191f1f7d796,True,2000,900,466,434,51.8,0.99,-22.45,63,1787692141894,1788789981382,12.7,196.57,8.754,1681.09966,8,118.33,7.0,False,True,False
0xef5a648b2f2d53486120ffee4e01519ee5153691,True,2000,1101,548,553,49.8,2.47,249.5,14,1785111704827,1788231686475,36.1,14.32,0.057,0.0,0,0.0,,False,True,False
0xef6c9d0fe0e578e772cbcdf6e09d6e8a3016c6a1,True,1714,902,887,15,98.3,1857.51,20960.23,9,1780645127038,1785362318136,54.6,1850.34,0.088,0.0,0,0.0,,False,True,False
0xef7c8e95a0d8830802033ab8147499a4ea47abde,True,229,131,38,93,29.0,0.9,-222.82,8,1778792404246,1779738169167,10.9,-410.39,1.842,0.000875,0,0.0,0.0,False,False,False
0xef94158e66f7be6dbb547025028c284724be9d80,True,2000,865,623,242,72.0,1.3,5885.0,2,1772621261804,1787827063307,176.0,1609.64,0.274,0.0,0,0.0,,False,False,False
0xefa566b6d1d6dff00c4362c06ec6e57c2de8e4d7,True,2000,979,468,511,47.8,2.38,1858.09,54,1767341546258,1774321915790,80.8,75.95,0.041,0.0,0,0.0,,False,False,False
0xefbc83ac5abc720aca40a9f5d541fb1659a2d4ea,True,2000,925,144,781,15.6,0.36,-26902.51,8,1784532379906,1788800864524,49.4,-2907.77,0.108,209.137578,1,1.94,0.9,False,False,False
0xefde0fe1011a3f8ec965e7af30d4124fc5d77d39,True,357,205,168,37,82.0,10.58,27788.13,20,1757172094813,1788439949364,361.9,6292.59,0.226,4253.810128,1,-391.0,-9.2,True,True,True
0xeff7fe671d9a7acf86f48994bc5d5161042415b6,True,2000,762,476,286,62.5,0.19,-115684.81,2,1785768040641,1788795636174,35.0,-33306.41,0.288,39612.479976,1,-356.0,-0.9,False,False,False
0xf00a378766202c6762ca1d9f8d3bf9d6f77f0af1,True,1606,824,491,333,59.6,1.16,5885.04,3,1768562776649,1788508901208,230.9,4601.57,0.782,0.0,0,0.0,,False,True,False
0xf01e619b41f50e5b7515f6b0c4c939728a212b3e,True,1922,685,246,439,35.9,0.58,-137039.63,9,1770054579220,1773249489813,37.0,-48859.41,0.357,0.0,0,0.0,,False,True,False
0xf0346594f2f4fe1959e32ec7178a156d9f447a8d,True,1116,448,444,4,99.1,11.75,122076.53,15,1735121704049,1785491671489,583.0,9149.16,0.075,58883.0,0,0.0,0.0,False,True,False
0xf042be020a9281f5bce97817c3364f652cea5e4e,True,2000,1087,406,681,37.4,0.82,-2819.16,11,1780391989859,1780963200005,6.6,-739.4,0.262,0.0,0,0.0,,False,False,False
0xf05359fe3426248c3eb48ca9474160dc4510b99d,True,2000,1364,695,669,51.0,1.11,179.6,1,1788401519987,1788529687122,1.5,-117.78,0.656,9090.371713,0,0.0,0.0,False,True,False
0xf06e212f3d021842f1c8c2de4b9dd04945717add,True,2000,1105,358,747,32.4,0.98,-438.85,22,1756448962262,1787556133626,360.0,4053.63,9.237,0.0,0,0.0,,False,False,False
0xf08208e088f89970068dc0b2deaa440f6a7d0250,True,2000,992,484,508,48.8,3.74,250657.84,4,1776029898954,1787933223613,137.8,38333.61,0.153,38263.248629,1,4029.9,10.5,False,True,False
0xf096efd7e3adbb8a155cdbcb76c0f48eea0e7553,True,2000,500,106,394,21.2,0.05,-65670.42,22,1788641771079,1788800973617,1.8,-13220.2,0.201,673680.211483,22,-793989.47,-117.9,True,False,False
0xf0ae4d359f07fb630a5bcb197ac3beaba4cc2f74,True,2000,1642,1187,455,72.3,0.24,-80115.28,6,1788747730001,1788773704865,0.3,-434.49,0.005,900496.435011,8,-463135.17,-51.4,True,False,False
0xf0cc21bfb17457b3a5a4de8e61c19f1f4216e003,True,2000,875,638,237,72.9,0.15,-137562.24,9,1781551215680,1784242703836,31.2,-22257.42,0.162,0.0,0,0.0,,False,True,False
0xf0e2483f64d4347cadc11fdaf2abcafe27e62066,True,2000,1036,615,421,59.4,0.5,-6726.93,49,1757376075072,1788795682157,363.7,-1098.31,0.163,223.016282,2,-36.04,-16.2,True,True,False
0xf104f4af9faaeed15a7cd654dcfa82076044bd68,True,2000,971,545,426,56.1,1.9,17922.79,36,1734011177134,1779321600086,524.4,8524.12,0.476,0.0,0,0.0,,False,True,True
0xf117685385d50db17d5ee036d755b9ec8a136127,True,1761,900,464,436,51.6,0.75,-20064.93,4,1775758404220,1788550050927,148.1,-12275.07,0.612,44735.077565,1,-812.6,-1.8,False,False,False
0xf12b31c648c63066bbbcedd4936f7445515ec709,True,2000,763,231,532,30.3,0.78,-483.31,52,1773530709126,1779840000065,73.0,353.28,0.731,0.0,0,0.0,,False,True,False
0xf1471fe3ea363a17fe815cfd3f1a94b74b0d24ae,True,2000,922,669,253,72.6,0.78,-16708.34,12,1763403651800,1787308905609,276.7,-13896.64,0.832,0.0,0,0.0,,False,True,False
0xf1660d627a917c7d3683ae2b7144b480b0ea5836,True,1685,710,290,420,40.8,0.99,-197.13,22,1767043256914,1788791642055,251.7,5393.81,27.361,1471.754082,0,0.0,0.0,False,True,False
0xf180c77393ce3d7640b986cde97555689abdf7ce,True,724,306,142,164,46.4,0.58,-14311.38,17,1776979253380,1787903527488,126.4,6330.0,0.442,271.39281,1,101.02,37.2,False,True,False
0xf197701e8e952cd2861da4d1d4f4b4beca3e91f0,True,847,406,200,206,49.3,0.82,-5016.68,11,1740961663551,1777598139568,424.0,-10372.84,2.068,0.0,0,0.0,,False,True,False
0xf19f78f8f561aa5791f35f56d7e4ce03a8053fab,True,15,11,0,11,0.0,0.0,-264.55,1,1779983321199,1779983511969,0.0,-127.53,0.482,0.0,0,0.0,,False,False,False
0xf1c6bd6931208257404ac024ca3dfcd4387cb115,True,536,274,128,146,46.7,0.83,-1236.92,8,1787565846061,1787965902992,4.6,-1412.46,1.142,0.0,0,0.0,,False,False,False
0xf1de550e167992e92d8fd1e091de23bc8dc34a23,True,2000,832,308,524,37.0,0.85,-4317.89,1,1774994386544,1788741285301,159.1,3776.87,0.875,0.0,0,0.0,,False,True,False
0xf1e76ce906bf7f81a2db85764749e4d19b4d2054,True,2000,836,402,434,48.1,0.94,-357.85,44,1788295348998,1788364619611,0.8,-137.02,0.383,0.001712,0,0.0,0.0,False,False,False
0xf1fb3c47ff5345c4b75763c22ed537dd62ded57b,True,880,486,290,196,59.7,2.29,10981.95,13,1760397202473,1788525388857,325.6,3890.6,0.354,0.0,0,0.0,,False,True,False
0xf20990487f15da2880e2313a876e3ead38b101b8,True,1621,986,731,255,74.1,0.86,-43427.3,10,1755101785965,1781568000049,306.3,-302944.8,6.976,0.0,0,0.0,,False,True,False
0xf2134e279bb6e8563e263ee3a6d5157eb7849270,True,2000,1085,127,958,11.7,0.23,-9868.99,5,1784607647961,1786028150751,16.4,1847.83,0.187,0.0,0,0.0,,False,False,False
0xf2231ba11731f0825a465a56c1f82385a33f59f5,True,220,191,1,190,0.5,0.0,-31399.35,2,1780433639576,1780465408476,0.4,-3991.9,0.127,0.0,0,0.0,,False,False,False
0xf240c6ba475af4b96960c8374b8ed04579b8aff2,True,2000,1027,311,716,30.3,0.86,-1360.09,23,1766080218968,1781913600067,183.3,888.2,0.653,0.0,0,0.0,,False,True,False
0xf254f6842e46d9adf620a99f1076aa1a824ea0f1,True,2000,551,500,51,90.7,0.27,-19892.02,21,1785500522939,1788672239244,36.7,-2910.93,0.146,0.0,0,0.0,,False,True,False
0xf2704e08a4d989f76171c9389665e77c870345a7,True,2000,920,412,508,44.8,1.17,3676.23,44,1782189937660,1788697795568,75.3,2042.58,0.556,2258.525392,1,435.19,19.3,False,True,False
0xf2821145acf4918672490d543a3f060913ee2457,True,2000,1041,603,438,57.9,1.06,1515.7,38,1775126526459,1788700269917,157.1,2434.88,1.606,0.0,0,0.0,,False,True,False
0xf28bbc3d329a64139b46b82013cbeac1d17ceeaa,True,667,335,167,168,49.9,0.23,-17068.02,4,1776268002010,1777435005443,13.5,-2438.02,0.143,0.0,0,0.0,,False,False,False
0xf29a6dc3c93df91ee567cc5e3c56ed28b0db61f1,True,2000,1131,524,607,46.3,2.48,30704.35,22,1776429729806,1776520695686,1.1,5741.24,0.187,0.0,0,0.0,,False,False,False
0xf2b359f73ab1818d2221b48e4221a05d131d812c,True,2000,668,306,362,45.8,0.5,-4327.93,33,1787583388609,1788785804693,13.9,-491.78,0.114,64093.82239,53,8484.02,13.2,False,False,False
0xf2d96ddecf1bb5639960e407b133705a812ffc34,True,2000,956,308,648,32.2,0.83,-17194.38,10,1785457112242,1788450433794,34.6,14426.59,0.839,0.0,0,0.0,,False,True,False
0xf2fd0d97a85130ecb93f4f14e8769529db2a4d5b,True,334,147,110,37,74.8,11.23,2543.87,6,1779010045408,1782649838332,42.1,262.2,0.103,0.0,0,0.0,,False,True,False
0xf30bcc031848957297966d9cc6a1f8692bfb4fe9,True,2000,937,461,476,49.2,1.16,4639.16,31,1786130381098,1788534552807,27.8,3099.68,0.668,6800.833904,1,-3663.63,-53.9,True,True,False
0xf31fb2e6ef70afdbf94579417a0fe49b2c6f7c11,True,2000,869,328,541,37.7,0.61,-3418.7,15,1787236970191,1788595434862,15.7,-1106.06,0.324,2096.959131,1,872.05,41.6,False,False,False
0xf33364a83b6002d5070ec5fa31f5d9eb93572732,True,2000,817,575,242,70.4,0.38,-105114.58,19,1752532329059,1788317416359,414.2,-11033.96,0.105,0.0,0,0.0,,False,True,False
0xf34cca451e20d2da5a079b98003b75ab09ac4a28,True,1190,534,463,71,86.7,2.99,19632.74,19,1773618188578,1780505113999,79.7,3409.84,0.174,0.0,0,0.0,,False,False,False
0xf36c562be0598b8ce109998b6aa2d53ffcd8316b,True,2000,1282,713,569,55.6,3.14,3070.6,54,1788789666410,1788801220758,0.1,146.44,0.048,1092296.516535,53,2907.45,0.3,False,True,False
0xf37afb794a06737cbe75a40b88b573d69906b90e,True,472,219,174,45,79.5,7.34,22923.34,6,1758559200409,1777548312038,219.8,9891.96,0.432,0.0,0,0.0,,False,True,True
0xf3922bb23bc4cf744b4888b025fa28bb4c4f037b,True,1143,389,352,37,90.5,2.04,25301.79,13,1747709347585,1780495222643,379.5,-13358.53,0.528,6474.206549,1,-6748.5,-104.2,True,True,False
0xf3a0803a37064a52c7222de63a2d7eede4b17864,True,2000,1129,207,922,18.3,0.99,-192.74,21,1768128339444,1788775592249,239.0,2530.58,13.129,7987.3906,7,9113.44,114.1,False,False,False
0xf3b7bb82dbdb6965bbca353350b6c8ff37621192,True,2000,967,72,895,7.4,0.32,-8430.26,5,1776093341254,1776426211400,3.9,529.5,0.063,0.0,0,0.0,,False,False,False
0xf3cafb1365d85cc9a204dc2ce6a8107ee8b5ff00,True,2000,1076,333,743,30.9,0.4,-38687.46,3,1778483094361,1781527797927,35.2,-3025.0,0.078,0.0,0,0.0,,False,False,False
0xf3dd01d78330fa73825141b1509e1b55de03d332,True,71,37,22,15,59.5,8.88,20005.9,3,1774516595225,1783109952142,99.5,6488.46,0.324,1663.233181,1,-5181.7,-311.5,True,False,False
0xf3eb9dc9626800f5c2157a14adfaba2177e1f7b5,True,2000,1331,329,1002,24.7,0.44,-32813.11,6,1787233274187,1788592659001,15.7,-528.62,0.016,273060.886885,4,-487001.85,-178.3,True,False,False
0xf3fa31640208309b1b90c32b8248f67defcd33ad,True,1694,622,613,9,98.6,18.49,62556.88,18,1763174297947,1788737146248,295.9,6436.23,0.103,91774.045956,6,-5805.42,-6.3,True,False,False
0xf40f793ba6bf4ff3b7a7180e4da9c721bea85c69,True,2000,783,395,388,50.4,0.78,-6235.25,14,1763710458527,1788552277099,287.5,-2500.91,0.401,369.252307,0,0.0,0.0,False,True,False
0xf429570cb006576f045027d4109f4fd29f2d469a,True,2000,748,459,289,61.4,1.54,77626.61,12,1784146707490,1788368415834,48.9,114534.22,1.475,38790.235602,1,7745.11,20.0,False,False,False
0xf459f4c73ce50d03b64aaa7c14de35c71fcd9ac3,True,1700,868,453,415,52.2,0.21,-120827.98,19,1770372861534,1782395696452,139.2,-6470.99,0.054,0.0,0,0.0,,False,True,False
0xf46d26684542e9c87d09ab8f8409ea670462eede,True,2000,893,832,61,93.2,0.19,-46.13,5,1784171696001,1784511808061,3.9,-25.94,0.562,0.0,0,0.0,,False,False,False
0xf48111d547f8de8f37fd68bc8b971a5a57019825,True,2000,481,393,88,81.7,9.19,125947.65,9,1785713040130,1788693435707,34.5,13365.08,0.106,44753.591078,1,12286.19,27.5,False,False,False
0xf496636a1ddbb3ac034a360e7dedcfeae0976bb4,True,2000,1013,503,510,49.7,0.86,-403.29,34,1781256019752,1788801061045,87.3,-622.08,1.543,1301.984284,2,3.47,0.3,False,True,False
0xf4afdb139b101821005a39fe66f6890b03178344,True,175,46,46,0,100.0,inf,6127.55,3,1778022167706,1780692650227,30.9,4505.36,0.735,0.0,0,0.0,,False,False,False
0xf4b8cdaf7e698c96b99da5c286551da8a129f3ee,True,2000,1979,264,1715,13.3,0.15,-57837.54,2,1784632995033,1784638829211,0.1,-4821.43,0.083,0.0,0,0.0,,False,False,False
0xf4d7d0bb18e159dbfb008035ad3832ca291fbf57,True,192,110,90,20,81.8,0.53,-11495.51,1,1772036291135,1787173476230,175.2,-8817.03,0.767,0.0,0,0.0,,False,True,False
0xf4f2c62770c398008171e76a559e1eaebf6151a9,True,2000,935,418,517,44.7,0.64,-7086.78,9,1777415104157,1778113709618,8.1,-1208.16,0.17,0.005475,0,0.0,0.0,False,False,False
0xf50391d0f89cf4982748625d8252831239b83138,True,1236,624,393,231,63.0,2.98,7648.83,39,1753371849313,1773792000028,236.3,966.25,0.126,0.0,0,0.0,,False,False,False
0xf5184a94f66b5e466a2d4e89edd98c48630f8dbd,True,85,38,19,19,50.0,1.24,451.34,4,1780407571012,1782086175553,19.4,554.81,1.229,0.0,0,0.0,,False,True,False
0xf53b0af9507cb15aa5476135c9b2a4cb0757d06c,True,2000,853,406,447,47.6,1.03,834.35,40,1760051268011,1780088503141,231.9,1915.96,2.296,0.0,0,0.0,,False,False,False
0xf55de394f3b83f028614d5b9459765338b6336d0,True,2000,886,527,359,59.5,1.05,3628.61,36,1782667832969,1788427564991,66.7,-7761.06,2.139,20738.173779,8,-745.88,-3.6,False,True,False
0xf582a7c87888714ca875a70b0971f55bde6eb148,True,2000,1369,1186,183,86.6,0.45,-5482.77,13,1787062580822,1787317172399,2.9,-2444.68,0.446,0.0,0,0.0,,False,True,False
0xf58e2fe98ab4aa479beaf4dfe7d231694c89acf4,True,2000,942,341,601,36.2,1.56,17510.74,19,1777493280449,1788498857208,127.4,2143.01,0.122,0.0,0,0.0,,False,False,False
0xf5a523b171032c060d49c39fbf2e9bec473e1286,True,2000,1940,1485,455,76.5,1.1,623.89,3,1788431815250,1788789836010,4.1,-525.02,0.842,3407907.765156,1,-0.0,-0.0,False,True,False
0xf5b5e93b6927b89521f442991b5db937c771890c,True,2000,1037,256,781,24.7,0.08,-173192.93,20,1773718595449,1787778807752,162.7,-8457.97,0.049,0.0,0,0.0,,False,True,False
0xf5ceacf3db30ee2833f0e0c0e89dd03d5465b8ad,True,2000,892,377,515,42.3,1.43,53482.46,9,1784898237303,1788714462398,44.2,8033.31,0.15,4399.984077,1,-791.89,-18.0,True,True,False
0xf5eb419015d0b6f535477d7ee1fe226ea1f9ce33,True,625,243,180,63,74.1,2.83,23410.29,2,1758271564561,1787184000002,334.6,2732.86,0.117,0.0,0,0.0,,False,True,False
0xf60ec680e00edaa9f7283d06dd2d6e58238bdcaa,True,2000,1146,1141,5,99.6,143.68,382983.96,5,1773798029996,1788376262131,168.7,10573.15,0.028,0.0,0,0.0,,False,False,False
0xf620e45dd20d44d5f1d7139121fb092c24a48127,True,2000,1029,513,516,49.9,0.72,-1684.59,19,1778631806242,1788714698977,116.7,-1320.93,0.784,0.0,0,0.0,,False,True,False
0xf63553ee5aa1327a384f37a6bddf2cb2f0bc2561,True,2000,1021,783,238,76.7,15.51,19025.57,17,1778674195845,1788395362921,112.5,2226.46,0.117,0.0,0,0.0,,False,False,False
0xf658f688dbf5ebc3393163b890e815b401f7e8fb,True,2000,1156,505,651,43.7,0.74,-18745.14,22,1760130731112,1787348032768,315.0,-6146.1,0.328,0.0,0,0.0,,False,True,False
0xf67691135f4de8f158ced6e1f87da9466b79f289,True,2000,1033,481,552,46.6,1.22,201.96,5,1786588619742,1788309041947,19.9,-52.8,0.261,0.0,0,0.0,,False,False,False
0xf6911bfd93dff11066362be90d90291983899e56,True,2000,1110,683,427,61.5,1.25,1168.78,5,1785332619669,1787672870104,27.1,518.75,0.444,0.0,0,0.0,,False,False,False
0xf6ac5c81d0d2634b1bc593d582b763bcdf2ec565,True,905,394,214,180,54.3,3.46,16957.27,13,1773041517393,1783102693628,116.4,3662.24,0.216,0.0,0,0.0,,False,False,False
0xf6c17620318a445fa5cd2240babc26198ae0ac1c,True,747,376,250,126,66.5,3.03,13719.62,11,1780419968170,1788724952554,96.1,3113.0,0.227,2693.600623,1,1650.71,61.3,False,True,False
0xf6d9347e460b94b6c6cba23e2892bc58db53b7b8,True,2000,1015,435,580,42.9,1.18,538.14,51,1785745250764,1788795520629,35.3,160.82,0.299,50169.825636,50,2683.85,5.3,False,False,False
0xf6e4e49d2786fb5c284094e39eaac62db263af81,True,2000,833,742,91,89.1,5.69,36685.2,16,1787530081060,1788788357343,14.6,1207.13,0.033,50652.579196,4,-8427.48,-16.6,True,True,False
0xf6fd2a445204393ea0fb7697ff1bf5a378c49378,True,2000,858,563,295,65.6,4.39,28732.69,34,1720691375441,1788199930398,781.3,17927.71,0.624,0.0,0,0.0,,False,True,False
0xf71ba38f0c8829512f1f3018295211e3f498e1d9,True,2000,1078,545,533,50.6,0.75,-17982.06,19,1741999550483,1786239586551,512.0,-17332.5,0.964,0.0,0,0.0,,False,False,False
0xf7323dcbaede64333feb0b5da609e311a8a24e28,True,117,67,64,3,95.5,0.09,-32.07,4,1756664852473,1781470330215,287.1,-16.9,0.527,0.0,0,0.0,,False,False,False
0xf73d457c9c762808d8b000a87f57f40aba5eb9cd,True,707,568,279,289,49.1,0.35,-61476.78,4,1776162888830,1788764721968,145.9,-4866.68,0.079,30500.707253,1,5930.2,19.4,False,True,False
0xf754c0454f48a7f7178dfdffd8c20a5d94808f81,True,1452,758,434,324,57.3,2.22,16611.72,12,1783467323289,1785809545458,27.1,-1192.02,0.072,0.0,0,0.0,,False,False,False
0xf770f371cc66499a89ae56aa84f9506e083f99ea,True,2000,814,439,375,53.9,0.22,-83641.26,9,1788701439115,1788794969975,1.1,-6365.21,0.076,419738.56407,2,-8857.58,-2.1,False,False,False
0xf780adb6ca4a737d2a8def6dd445b0c0276d70e1,True,2000,1487,551,936,37.1,0.38,-50539.6,13,1787031750795,1788745577135,19.8,-1990.9,0.039,593.517916,4,1961.16,330.4,False,False,False
0xf795c3de729dd537f9baf40fe0ffe373c96e6e92,True,2000,950,181,769,19.1,6.25,60945.94,30,1778915583598,1788795528872,114.4,20509.42,0.337,8266.772796,4,16478.91,199.3,False,True,False
0xf7b4fb02ae66143d001c1e4e43cb39f450f0b674,True,2000,882,426,456,48.3,0.98,-466.58,10,1758837456128,1779495017136,239.1,-1285.78,2.756,0.0,0,0.0,,False,True,False
0xf7c8f36f76175b7742da42c8b714a4d8331b7260,True,2000,924,291,633,31.5,0.33,-46051.42,24,1788443006290,1788795880311,4.1,-1706.96,0.037,0.0,0,0.0,,False,False,False
0xf7ed465d39a4557877d6c135ce3e35c833147f1b,True,75,15,15,0,100.0,inf,15304.3,8,1782576691828,1787353266338,55.3,6564.52,0.429,0.0,0,0.0,,False,False,False
0xf80c789f5020a2d682e6c8e9620455d50b272089,True,1466,638,383,255,60.0,2.23,12959.8,9,1776957251568,1785771826499,102.0,-1640.42,0.127,0.0,0,0.0,,False,False,False
0xf822fa0fd364c573fcdb7009fcf47601bc8be01a,True,2000,2000,0,2000,0.0,0.0,-312155.95,1,1788723189582,1788788422379,0.8,-253.1,0.001,5715891.082325,9,-3950890.11,-69.1,True,True,False
0xf831a209f272b32b24db81de45310e683828b466,True,453,201,127,74,63.2,2.55,5635.09,9,1733832251041,1781353607193,550.0,1019.73,0.181,0.0,0,0.0,,False,False,False
0xf83f7fda18ed2100ab5b0e24dd49e81ead4b46a1,True,2000,786,414,372,52.7,0.83,-3646.99,17,1777650906187,1783576742875,68.6,-2054.83,0.563,0.0,0,0.0,,False,True,False
0xf855cc9a821833b493dfaf9212dd949236126a01,True,65,20,12,8,60.0,1.21,42.73,7,1774370311863,1778601946193,49.0,105.95,2.48,843.440281,1,-37.9,-4.5,False,True,False
0xf8683c5a1f0e3483b7a54c9069e27f42a600742d,True,2000,1065,440,625,41.3,0.63,-15797.91,10,1787755568886,1788795529768,12.0,-1659.71,0.105,19794.868349,3,-13298.06,-67.2,True,False,False
0xf88363f5941ca2ac7336752f6d5cb9940719b462,True,2000,1054,408,646,38.7,0.49,-3898.36,28,1781225205254,1782259461416,12.0,483.51,0.124,0.0,0,0.0,,False,False,False
0xf8992a1f4e302460bd49a1646ee315d810235212,True,2000,997,792,205,79.4,1.52,32787.59,14,1784045456586,1788739848737,54.3,-28366.08,0.865,0.0,0,0.0,,False,True,False
0xf8ae5f0d229618b4deead1b3901ed3134207b7d8,True,2000,654,654,0,100.0,inf,79426.24,4,1787659132232,1788743361594,12.5,2558.79,0.032,194847.998732,1,-2652.09,-1.4,False,False,False
0xf8c1adae0863c61b7e86106d9174603d22d0c2a1,True,551,280,84,196,30.0,0.48,-32422.5,12,1758189260974,1785505022644,316.2,9488.77,0.293,0.0,0,0.0,,False,True,False
0xf8d2fded7432cd648200553dfcbca504aa3402d3,True,1806,870,570,300,65.5,1.29,2534.75,10,1770017047570,1788764874751,217.0,1438.03,0.567,0.0,0,0.0,,False,False,False
0xf8ef0874b53bb5e87719eb376a4bd338b6c06bf3,True,1556,598,463,135,77.4,6.26,77315.47,15,1763191220452,1787633975384,282.9,8672.2,0.112,4889.306239,1,-873.14,-17.9,True,True,False
0xf9077a163e94bfd5a7266b6dd3a39c030e0d89f3,True,1155,480,352,128,73.3,7.97,121572.23,2,1760316853290,1788590638565,327.2,8264.21,0.068,240860.680398,2,-2982.48,-1.2,False,True,True
0xf924db1a5f23dadf688dd0af3051a85bf24b915c,True,2000,866,183,683,21.1,0.59,-42621.21,7,1773874110997,1784401079397,121.8,22172.53,0.52,0.0,0,0.0,,False,False,False
0xf92f2274c127e1d088d7e5015b0ec4ce32f1c01e,True,2000,876,587,289,67.0,0.99,-296.84,29,1784553575349,1788706186594,48.1,3346.53,11.274,3845.1609,0,0.0,0.0,False,True,False
0xf940ce19b9cd0b9efd586381b488cefb75eb413f,True,2000,667,369,298,55.3,0.94,-1031.83,31,1779475873054,1788616571838,105.8,878.12,0.851,0.0,0,0.0,,False,True,False
0xf957e361399ca0592d6f550f41449f0005814ef0,True,2000,660,313,347,47.4,1.14,4422.06,107,1784279192897,1788459077967,48.4,-5888.04,1.332,2306.692904,2,962.23,41.7,False,True,False
0xf9705511f4d0ae48aa128f73518c776fbda27ba7,True,2000,1315,1009,306,76.7,2.11,32950.07,11,1787346428370,1787842405285,5.7,-5093.09,0.155,0.0,0,0.0,,False,True,False
0xf986b93d8de6f719e33c6d0fbe84ba2cd45b8e08,True,2000,1051,717,334,68.2,0.92,-3024.9,15,1782753457830,1787819162654,58.6,-4024.63,1.33,0.0,0,0.0,,False,False,False
0xf9a4dc2279622eb2bd6d0155ea15c75b9f2af4c6,True,708,240,104,136,43.3,0.52,-4558.92,15,1762281668606,1782315810274,231.9,-749.67,0.164,0.0,0,0.0,,False,True,False
0xf9b49db65204b93692089a46584ea7999dd1ccd9,True,2000,1071,219,852,20.4,0.16,-129788.73,6,1771116613687,1772303844465,13.7,6517.17,0.05,0.0,0,0.0,,False,False,False
0xf9d4f4892f9c9a4ddf939166c592efb9be365e91,True,2000,1130,348,782,30.8,0.99,-274.45,2,1776818821817,1777549061771,8.5,-1102.22,4.016,0.0,0,0.0,,False,False,False
0xf9f38e182f4f872a44feecc446ad8566803b1332,True,328,219,114,105,52.1,0.17,-15597.19,6,1757502086274,1787691727176,349.4,-5984.8,0.384,0.0,0,0.0,,False,True,False
0xfa0475e2d33993599275ed82d88b327d1a245210,True,418,186,47,139,25.3,0.01,-23611.81,1,1757748992884,1788374586518,354.5,-10801.89,0.457,222.041006,1,45.33,20.4,False,True,False
0xfa1c26ef92ecb44012a7dc67f76652f77b16946d,True,2000,983,485,498,49.3,0.96,-375.05,28,1783022175483,1788447903005,62.8,-338.23,0.902,15.41286,11,7.8,50.6,False,True,False
0xfa5b2cb5f63e7ec510bbf85b9ce4aa67ecfd8b23,True,1455,660,398,262,60.3,1.32,8088.74,14,1780411589584,1786111430235,66.0,2052.0,0.254,0.0,0,0.0,,False,True,False
0xfa767327a7ba89b40ee005c078a5c13b35436bea,True,2000,831,420,411,50.5,0.48,-13624.23,6,1779400999031,1788735821476,108.0,-2062.27,0.151,0.0,0,0.0,,False,True,False
0xfaa1338f4af298e871c9d8ff81ce298b9ffa1a26,True,1724,801,594,207,74.2,2.38,20387.38,7,1785306630504,1788789975715,40.3,-1350.83,0.066,17149.366824,1,6152.69,35.9,False,True,False
0xfaafb7f0003d9cd66484ab199a2b74b922958d87,True,2000,886,493,393,55.6,2.19,6848.16,22,1784479573212,1788756785812,49.5,941.58,0.137,6728.419207,1,-114.03,-1.7,False,True,False
0xfabc8abb71f76a0d8c9abdce39eaea2aa56ad69d,True,2000,810,236,574,29.1,0.09,-18433.05,1,1788750337327,1788801769231,0.6,-5095.71,0.276,0.0,0,0.0,,False,False,False
0xfada94c68b1f715d4d192700913862eee2b9e119,True,2000,978,850,128,86.9,4.17,18093.18,19,1785869569996,1788573753122,31.3,-1343.83,0.074,0.0,0,0.0,,False,False,False
0xfae4f4e22edc73f10bdcce1419a87b9e15aaea11,True,2000,1244,578,666,46.5,2.76,84220.77,5,1780322119416,1787690002020,85.3,4855.23,0.058,0.0,0,0.0,,False,True,False
0xfafc12f08181155383d6c0f2318f99e4a9956c76,True,2000,818,379,439,46.3,1.39,5577.58,11,1787147464587,1788767675566,18.8,1804.75,0.324,763.691568,1,287.46,37.6,False,False,False
0xfb28a9e5cea115a121a61d344c4010255a9106e4,True,1204,496,195,301,39.3,0.89,-8937.86,9,1773594572303,1787896940894,165.5,-19370.91,2.167,227911.396441,2,-2032.32,-0.9,False,True,False
0xfb403a98ab5c1eeab29b030f136d8965d56cb06f,True,2000,576,310,266,53.8,0.13,-146090.35,4,1779613987740,1783521340997,45.2,-15552.79,0.106,0.0,0,0.0,,False,False,False
0xfb67f93213022ebe054c6e34b8d5ca004ca0366a,True,2000,966,323,643,33.4,0.49,-19369.78,27,1782254242592,1788553421505,72.9,-1863.02,0.096,6345.02689,3,11017.17,173.6,False,True,False
0xfb8257207a81abaf4738db26f680545220e35ea6,True,2000,1011,580,431,57.4,1.31,3856.19,39,1773056447191,1788388922484,177.5,-2817.4,0.731,0.0,0,0.0,,False,True,False
0xfb941d2344b72ea9101400392b818173772d0ddf,True,2000,472,28,444,5.9,0.32,-97072.83,7,1787170110838,1787871602912,8.1,-25938.18,0.267,2271688.541509,4,1575994.13,69.4,False,True,False
0xfba649f072afc07fe083f0d1d0bd5c4fcc7e3ebe,True,2000,853,452,401,53.0,1.28,2507.28,11,1786976261082,1787271017459,3.4,886.4,0.354,0.0,0,0.0,,False,False,False
0xfbb7b5eb128f4d023a365cb7658222d30b9ab4e0,True,1576,722,514,208,71.2,0.91,-4075.66,25,1750612414635,1779479683511,334.1,-7676.32,1.883,0.0,0,0.0,,False,True,False
0xfbcbcf44248b01c73172652d545454cdeac03a47,True,2000,932,249,683,26.7,0.22,-24531.07,49,1755446510059,1788787895489,385.9,-1545.21,0.063,2708.463156,12,3110.1,114.8,False,True,False
0xfbe28a0bb38e52338dd5f1188cd22cebcdc3c8ea,True,2000,918,519,399,56.5,0.12,-159500.64,8,1775490494035,1787226680372,135.8,-10549.56,0.066,1093778.275309,7,-2629863.49,-240.4,True,False,False
0xfbeaa12ce05b8baf12189d38974af90a2a82776e,True,2000,1029,306,723,29.7,0.44,-10798.25,14,1783964819421,1786780290139,32.6,975.8,0.09,0.0,0,0.0,,False,False,False
0xfc079a49e371976f559bea0cd1c1f87a5f5b9464,True,2000,1355,1137,218,83.9,2.9,71692.48,18,1788137880883,1788794305108,7.6,4026.74,0.056,813040.284231,12,223639.58,27.5,False,True,False
0xfc245b23ebf63e93d4f2fbf505f103fa68bd7a5a,True,1364,550,404,146,73.5,1.32,1447.46,48,1776179213914,1786390114077,118.2,-1014.65,0.701,0.0,0,0.0,,False,True,False
0xfc3bf72e5353ca8c419dff08db344f92c232d437,True,834,334,154,180,46.1,0.61,-7773.37,17,1767429842525,1787466162368,231.9,-2708.75,0.348,0.0,0,0.0,,False,True,False
0xfc55a72ec00ea3595ba5119882c7e7adb52985ca,True,2000,998,731,267,73.2,2.73,12948.81,29,1784878995550,1788796613005,45.3,2803.19,0.216,27183.439619,4,3508.14,12.9,False,True,False
0xfc69ed1d8473d2c8970417d9849ab42ca9d37994,True,2000,846,587,259,69.4,0.7,-16053.41,11,1775027578543,1776542614713,17.5,8215.21,0.512,0.0,0,0.0,,False,True,False
0xfc788d2b3b52606b3a1e176edd759e26d71fb8b8,True,2000,1008,244,764,24.2,0.01,-1133147.51,3,1780549633488,1787868146852,84.7,-171785.11,0.152,0.0,0,0.0,,False,True,False
0xfc8c156428a8e48cb8d0356db16e59bec4c0ecea,True,2000,1627,1099,528,67.5,0.94,-115.15,30,1785389322130,1788659778013,37.9,-228.93,1.988,39995.586165,0,0.0,0.0,False,True,False
0xfca872b4930c604ec47801a98872e6d7d41cf4da,True,756,335,161,174,48.1,1.3,475.49,2,1770688335357,1787461715786,194.1,219.45,0.462,0.0,0,0.0,,False,True,False
0xfcc1484a45e900e6b0f31e738008903a16ab8dce,True,2000,1042,146,896,14.0,0.07,-2048.36,4,1788382674417,1788797700650,4.8,-93.23,0.046,15578.351552,3,-1273.22,-8.2,True,False,False
0xfce053a5e461683454bf37ad66d20344c0e3f4c0,True,2000,967,402,565,41.6,2.27,565648.4,5,1781200240338,1788761963537,87.5,62198.14,0.11,553994.72326,2,335595.63,60.6,False,False,False
0xfceebda21c8a2a20051e28fc83cfb03d0f3e1769,True,2000,1083,508,575,46.9,0.59,-3365.95,24,1787048484188,1788801129018,20.3,318.93,0.095,0.0,0,0.0,,False,False,False
0xfcfa3389103e766aac000cbbd2ef9de387a42e8d,True,900,444,291,153,65.5,0.41,-42100.4,6,1779140720030,1780638966064,17.3,-15105.16,0.359,0.0,0,0.0,,False,True,False
0xfd1f893d86ee5fbe77961eb80b2cc41a30018d1b,True,2000,760,473,287,62.2,0.73,-32877.92,4,1776061737981,1783302685982,83.8,-15361.3,0.467,0.0,0,0.0,,False,True,False
0xfd32430a9f90f0b24dac172df897c2425d68612c,True,201,101,72,29,71.3,0.52,-938.98,3,1787544401154,1788471046828,10.7,-1044.87,1.113,3024.354467,1,1300.39,43.0,False,False,False
0xfd5fb0e9d1c3716eac6013428e6838efffcde80c,True,2000,681,439,242,64.5,0.25,-10575.13,24,1786678889505,1788800775066,24.6,-5486.7,0.519,1389.869128,6,-186.77,-13.4,True,True,False
0xfd7678b46b704ef38f29d70eb97ebdc163a9984e,True,2000,1105,821,284,74.3,0.61,-14387.08,5,1775489859166,1786630888047,128.9,1534.07,0.107,3471.829061,1,-5643.14,-162.5,True,False,False
0xfd8dddd2e8ba82413d19df98016d1010e8191b3e,True,2000,1018,817,201,80.3,9.93,16061.69,4,1787750851052,1787955123364,2.4,572.99,0.036,0.0,0,0.0,,False,True,False
0xfd9b4be0d98d90494223e51a961c0c2dd1800955,True,771,322,147,175,45.7,0.86,-62.54,54,1778561492088,1788269607464,112.4,-90.09,1.441,40.967045,3,1.66,4.1,False,True,False
0xfda34f10cd456c16fa9820ecc2c8f9fc98a2feb9,True,604,209,166,43,79.4,351.72,73054.56,7,1750757891607,1779321600086,330.6,36064.94,0.494,0.0,0,0.0,,False,True,True
0xfdbaa5eee7cdf45eec3a71a672065a67191fda7a,True,2000,719,108,611,15.0,0.41,-3076.53,6,1788478926887,1788799958915,3.7,91.23,0.03,116975.154936,6,3375.66,2.9,False,False,False
0xfddeeade7880dd65a400579b0c2d7af49214fb23,True,575,228,101,127,44.3,4.2,20556.3,9,1735963029206,1788523469112,608.3,3150.5,0.153,11803.742604,2,11531.63,97.7,False,True,False
0xfded6e86e235d07f59923f5620c4cbbeb471b8a7,True,2000,1013,549,464,54.2,0.43,-2011.7,67,1783140132531,1788722461726,64.6,-925.83,0.46,117.545645,1,-27.3,-23.2,True,True,False
0xfdf985ca5b2ddf8d5eeacaa1f10292c746f64390,True,238,100,16,84,16.0,0.04,-19791.46,11,1759544615149,1788456103190,334.6,-2426.09,0.123,6437.299723,1,211.43,3.3,False,False,False
0xfe12651c124337f7c6edce9e657c38bf95079435,True,495,262,213,49,81.3,4.57,19091.91,5,1782440629013,1783479972933,12.0,1206.51,0.063,0.0,0,0.0,,False,False,False
0xfe236d75376ac971f49c417aadff3d64a2c70544,True,191,111,63,48,56.8,1.56,380.6,5,1777391202776,1778163352705,8.9,369.62,0.971,0.0,0,0.0,,False,False,False
0xfe3961e9b06931abbeff355eb81e396cc024bcd3,True,459,238,233,5,97.9,36.47,6752.31,4,1776087612123,1788735428720,146.4,558.45,0.083,12641.006558,0,0.0,0.0,False,True,False
0xfe4b65f0a83868ac2e67dcad5c162b7a07dd7b94,True,2000,1238,1118,120,90.3,7.83,511.7,25,1788273953008,1788737236883,5.4,33.79,0.066,0.0,0,0.0,,False,True,False
0xfe693d836082b786b27719d12d8d9901689556e3,True,2000,970,471,499,48.6,1.56,4251.72,24,1785197414282,1788526589726,38.5,953.37,0.224,6601.650337,1,4422.69,67.0,False,False,False
0xfe898b0f1aceb317b4c9da5b973097d02209635a,True,2000,1020,524,496,51.4,0.81,-2690.45,76,1766953894527,1788790401394,252.7,-6162.09,2.29,573.733632,1,-90.03,-15.7,True,True,False
0xfe97f3ba5da378cd83f94b02de8358045491d48f,True,2000,954,498,456,52.2,0.88,-6604.77,14,1777430181793,1788789921996,131.5,5395.99,0.817,1423.502466,1,-210.95,-14.8,True,True,False
0xfeaf4d8ba2772bc225e6c940f1d002f8460c51be,True,2000,735,315,420,42.9,0.32,-26148.16,21,1761836929413,1785261068655,271.1,-9073.85,0.347,0.0,0,0.0,,False,True,False
0xfeb674f15e91c20e72d2da18f01d28b35b70cb08,True,2000,943,576,367,61.1,1.35,442.95,3,1788692354146,1788802120386,1.3,-28.07,0.063,93382.329678,2,-1486.87,-1.6,False,True,False
0xfed0d3bece3a2db3bee70ff5d41126d1a36c2e9f,True,2000,856,213,643,24.9,0.51,-4134.15,8,1773433119142,1779321600086,68.2,501.5,0.121,0.0,0,0.0,,False,False,False
0xfee27fca1a25b5ff34b1ab5ba0c446df65a706ff,True,2000,851,643,208,75.6,2.53,39875.54,23,1767571810135,1788752137438,245.1,4669.04,0.117,0.0,0,0.0,,False,True,False
0xfef16ae624eae9c08cab9176806f4fa8d318a418,True,2000,1038,595,443,57.3,1.06,885.12,3,1780556805163,1783500926443,34.1,-1020.21,1.153,0.0,0,0.0,,False,False,False
0xff0eb24a7f8b94201a7c58c5c23e57bde97e899f,True,2000,880,353,527,40.1,0.45,-8086.25,10,1777771635242,1779396983420,18.8,-2130.91,0.264,0.0,0,0.0,,False,True,False
0xff2c7c7e10bbdd5024f924a2278ed6999b53c26e,True,2000,1058,794,264,75.0,1.56,18176.35,61,1782956294576,1788798119590,67.6,-9207.58,0.507,77033.058627,5,-3981.56,-5.2,True,True,False
0xff3f81bf116731567f2d8f7f38c057fc9f4d316d,True,2000,660,208,452,31.5,0.66,-23368.68,1,1774949253999,1783192222739,95.4,-3769.29,0.161,643.686031,1,-1104.23,-171.5,True,True,False
0xff5b4d17f499eb61a44adc41a82c655fb0326925,True,2000,1017,355,662,34.9,1.02,1313.4,6,1776214684441,1781018592703,55.6,-7120.0,5.421,0.0,0,0.0,,False,True,False
0xff76877a31de6ee91583595c358a49241ac7815c,True,2000,1137,700,437,61.6,0.92,-274.45,5,1787809386982,1788750025413,10.9,88.55,0.323,0.0,0,0.0,,False,False,False
0xff9e0a235943f1f345bdbd6c4e2fb4f87ca4fd05,True,2000,989,396,593,40.0,1.0,-2.08,53,1775963316665,1788788182038,148.4,408.79,196.177,0.0,0,0.0,,False,True,False
0xffae19561c038747c5c9f79f7777c29f28c4b4ad,True,1386,839,578,261,68.9,1.14,2278.46,10,1769731524779,1786848275499,198.1,892.05,0.392,0.0,0,0.0,,False,True,False
0xffc03f2cfbc0b2dc47e84003800ad296eb6caf0b,True,2000,1829,1282,547,70.1,2.11,3810.09,14,1788728934501,1788798691959,0.8,193.78,0.051,1876661.971894,0,0.0,0.0,False,True,False
0xffdf40be6a634e40dad482ee70f4f4b0e68b3f36,True,2000,926,603,323,65.1,1.84,93398.3,1,1772717017514,1784439318223,135.7,17150.73,0.184,0.0,0,0.0,,False,False,False
0xfffcea8df04d6b768436683b89f249a5bb7ab628,True,1862,900,483,417,53.7,1.04,4685.64,34,1735519961659,1788754197513,616.1,-11550.8,2.465,671.134616,1,-26.71,-4.0,False,True,False
