address,has_activity,num_fills,num_closing_trades,num_wins,num_losses,win_rate_pct,profit_factor,total_closed_pnl,coins_traded,first_fill_time,last_fill_time,active_days,largest_single_trade_pnl,concentration_ratio,account_equity,num_open_positions,total_unrealized_pnl,unrealized_pct_of_equity,is_bag_holding,ever_liquidated,ever_adl
0x0000000000003e6b8283d286abdbf9a6efa129d0,True,640,311,311,0,100.0,inf,10383.14,1,1779642531858,1780535660567,10.3,710.13,0.068,0.0,0,0.0,,False,False,False
0x0000000afcd4de376f2bf0094cdd01712f125995,True,2000,1053,505,548,48.0,0.48,-30511.85,8,1783193677736,1788670437966,63.4,-4199.0,0.138,19783.400591,1,-14179.36,-71.7,True,False,False
0x0008b776c1481403a8ee9be68c57246f91d81412,True,377,231,126,105,54.5,0.74,-2935.12,4,1782115992877,1788839177318,77.8,-2770.3,0.944,0.0,0,0.0,,False,False,False
0x0016dda43e9a08f027fd6af572e84f55bba67aa1,True,2000,1098,422,676,38.4,0.58,-14859.61,18,1787685914930,1788663666116,11.3,1855.53,0.125,0.0,0,0.0,,False,False,False
0x00242f7db0baf9b5e3c49275def8e7a7948f4ab8,True,729,328,146,182,44.5,1.79,6621.08,11,1747940170708,1787168084461,454.0,-1021.35,0.154,0.0,0,0.0,,False,False,False
0x003492a23cdf0247447b11b4084502fdd4be3b3a,True,2000,865,865,0,100.0,inf,17193.35,22,1779838898447,1788811683451,103.9,1617.61,0.094,9822.384899,2,-5176.18,-52.7,True,False,False
0x004593cdface692ccbc2733b775f624ed0ad703b,True,815,323,105,218,32.5,1.18,46937.84,5,1765305766258,1788476205488,268.2,27405.97,0.584,225381.50228,1,21422.91,9.5,False,True,False
0x00532b2e10626ed952d6664b9c6848646b227b57,True,2000,1083,655,428,60.5,6.22,63445.62,25,1782420626107,1788860445878,74.5,5255.26,0.083,0.0,0,0.0,,False,True,False
0x006b91f422dfe38be3b7697bab72067609480dbb,True,2000,715,346,369,48.4,0.72,-9625.66,7,1780236048580,1784137666675,45.2,-3612.73,0.375,0.0,0,0.0,,False,False,False
0x00813af04bda25b12a569c282b8ea348f82f391a,True,2000,982,390,592,39.7,0.45,-23111.44,10,1760718184001,1779580800038,218.3,-2052.68,0.089,0.0,0,0.0,,False,False,False
0x00876fa2cfb7c4b3be9521fcabda208c46c87444,True,311,147,135,12,91.8,27.14,6123.8,2,1773848830028,1788531670932,169.9,798.8,0.13,0.0,0,0.0,,False,True,False
0x009fdc047e8771b8be1371fc277468a9547220f8,True,2000,782,562,220,71.9,1.72,26154.5,33,1775430904249,1788868441361,155.5,-7889.68,0.302,29513.452209,8,24.04,0.1,False,True,False
0x00b9793732c0d4dff501644fd90c951f19143b42,True,2000,1051,370,681,35.2,0.95,-45.35,52,1783067055648,1788861857672,67.1,33.64,0.742,874.872528,49,510.05,58.3,False,True,False
0x00cb97487391d0ac7819c77098dbfd75b1d76787,True,2000,1066,537,529,50.4,1.61,29397.4,38,1762865489836,1788655352013,298.5,13856.21,0.471,9422.510011,1,1401.01,14.9,False,True,False
0x00e68e5f4a528d3c36ee0275c045897e7dbcfff0,True,2000,906,410,496,45.3,0.67,-18313.92,16,1762240549669,1787311447931,290.2,-3340.15,0.182,17816.597452,2,3954.63,22.2,False,True,False
0x00f731bcd3a8d541a040a7586ff3d03dea48e31f,True,2000,632,403,229,63.8,1.96,29791.77,45,1740552633834,1788697636602,557.2,4026.48,0.135,6118.286036,1,11806.25,193.0,False,True,True
0x01031ea895b673925344535796c928791f461750,True,684,319,185,134,58.0,1.63,2851.01,4,1762262770805,1788477634315,303.4,-886.55,0.311,723.453168,1,10.78,1.5,False,True,False
0x011afae14054ebd22500e977541639cec3c3c387,True,2000,921,590,331,64.1,0.96,-178.8,39,1787641523122,1788868638067,14.2,-461.65,2.582,3438.426244,4,-140.1,-4.1,False,True,False
0x012e43b23d3d6fe811b9265702b3fb55fef7dbfd,True,2000,1178,344,834,29.2,0.5,-22800.88,16,1781290372335,1787139263866,67.7,4882.06,0.214,0.0,0,0.0,,False,False,False
0x013756e6a3e074f1f48628390bc5756662dd2ca9,True,386,151,93,58,61.6,0.69,-2855.02,39,1718805132516,1788690592243,808.9,-6550.46,2.294,0.0,0,0.0,,False,True,False
0x014bd1b946287bfdd8afe1d8833103c3baa36d74,True,2000,932,356,576,38.2,0.81,-18142.83,26,1779724840262,1784851200021,59.3,-12024.49,0.663,0.0,0,0.0,,False,False,False
0x015e8b3f553b666c556a4ac7830615c1ad5e9633,True,2000,711,702,9,98.7,58.33,3606.53,4,1779149010558,1784045501109,56.7,129.69,0.036,0.0,0,0.0,,False,False,False
0x018c97adef663a27a041225e782a16be3cfd81fe,True,2000,1216,192,1024,15.8,1.16,13880.38,31,1729944244156,1787235913545,663.1,27344.97,1.97,0.0,0,0.0,,False,True,False
0x01a66607e2f13f89c1af094e7bac50082f094686,True,2000,962,187,775,19.4,1.25,4360.61,3,1779514791093,1788860547578,108.2,1656.84,0.38,496.413106,1,-127.99,-25.8,True,True,False
0x01c6f3abf9fa9ef044312485f9b79f65141a49e0,True,879,407,239,168,58.7,1.04,1464.44,3,1780487802392,1788437651153,92.0,3136.67,2.142,27913.761954,1,1398.96,5.0,False,True,False
0x01d6934527c32c0f772487d988b790b827b068c2,True,544,213,153,60,71.8,1.27,3008.87,4,1785140185760,1788795682092,42.3,3886.96,1.292,15940.183339,2,3145.39,19.7,False,True,True
0x01e4333071b5d57f1f34d47a2d046b804b793a40,True,801,385,206,179,53.5,1.11,1488.22,32,1749317970684,1778777931799,341.0,2052.38,1.379,0.0,0,0.0,,False,False,False
0x01f1e991bced549ae949a8d9a166f975d0e8d8c9,True,70,38,36,2,94.7,11.25,7949.28,6,1769011099775,1788616862407,226.9,1349.32,0.17,2449.190668,1,-540.37,-22.1,True,True,False
0x02034f590a95f9300c7278f88a2d4498f1c44af2,True,1310,718,245,473,34.1,0.0,-243191.2,3,1784120199667,1787151918470,35.1,-16579.18,0.068,0.0,0,0.0,,False,True,False
0x022757d5f58ce107daf79d233334bf9aa1b708ec,True,2000,911,464,447,50.9,0.56,-152540.78,11,1755129570999,1787932680437,379.7,-27037.32,0.177,16706.515078,1,-2534.55,-15.2,True,True,False
0x02458e17a59386d7a9f71d4135aebc976f81ba3d,True,2000,986,226,760,22.9,1.33,20015.47,10,1782616431939,1788811242039,71.7,-14766.48,0.738,0.0,0,0.0,,False,True,False
0x02650c0e46733dc67b052deae215ef3a1aae6532,True,2000,1115,601,514,53.9,0.64,-17535.51,14,1787375400633,1788661543520,14.9,-7903.13,0.451,50866.393565,0,0.0,0.0,False,True,False
0x02747ec489dae63dbbe9a5b15c317d11be9c940b,True,2000,1086,251,835,23.1,0.68,-24550.05,10,1761744277735,1781763329516,231.7,15284.56,0.623,0.0,0,0.0,,False,True,False
0x0286fa243dd5d44094673187cdf299611d5ed766,True,2000,985,546,439,55.4,1.88,5826.4,9,1788631137121,1788867751907,2.7,1698.9,0.292,11363.408445,2,-3605.24,-31.7,True,False,False
0x02997b4ff6ef45ee137733aa704900c9338e68d2,True,2000,439,142,297,32.3,0.43,-8339.9,9,1785714985926,1787669351100,22.6,-1808.42,0.217,0.0,0,0.0,,False,False,False
0x02a6a59224c8838772931d596a2f74d8edab9112,True,2000,1364,304,1060,22.3,0.5,-52976.5,12,1780388843723,1787355685094,80.6,5555.69,0.105,0.0,0,0.0,,False,True,False
0x02b177e2f922a33241520accdf7deee15d1311da,True,2000,1005,393,612,39.1,1.13,272.69,52,1785228099189,1788862376821,42.1,99.92,0.366,21913.168176,50,1487.83,6.8,False,False,False
0x02cf911889f9d979dde0f27084e25a4ca58efdf1,True,2000,1073,406,667,37.8,0.12,-202223.83,8,1784297428382,1787307584941,34.8,-12798.48,0.063,0.0,0,0.0,,False,True,False
0x02e27b30a7209dbcaf8963845d0ec5cff80330fb,True,2000,249,249,0,100.0,inf,93822.57,9,1774164973658,1779321600086,59.7,2922.64,0.031,0.0,0,0.0,,False,True,False
0x02ee0af54fdf6e471a4d8f532d2531e6f0929348,True,2000,29,12,17,41.4,1.08,0.09,1,1788724420234,1788847722855,1.4,-0.31,3.365,13836.792894,2,896.35,6.5,False,False,False
0x02fd5f5a98cf49e21be73e09237f51d4bbfa9d05,True,2000,783,322,461,41.1,0.48,-8041.1,4,1785346268050,1788446917818,35.9,-1553.31,0.193,0.0,0,0.0,,False,True,False
0x031c0687601770c39a15706e62adcd405b7e1cec,True,1004,0,0,0,,,0.0,1,1784194086098,1784194383013,0.0,0.0,,0.0,0,0.0,,False,False,False
0x0329573edb184749f79189adbea31b584ebc2aa4,True,2000,1196,285,911,23.8,0.12,-269417.62,5,1781484279379,1781722307966,2.8,-16670.12,0.062,0.0,0,0.0,,False,True,False
0x0343409e45ae5ba633b3aff2cf75dd7a61d5646d,True,2000,950,220,730,23.2,0.19,-47190.43,46,1770470079572,1777161600025,77.4,-7856.41,0.166,0.0,0,0.0,,False,False,False
0x035ac045ab35ceb520af9f794077644e041b5cbc,True,409,197,179,18,90.9,34.26,20712.92,8,1748451937291,1788289336398,461.1,3786.34,0.183,5833.648907,3,-9529.33,-163.4,True,False,False
0x037a4d2e21e301d92d62c05bfe9a169d925914e1,True,2000,906,342,564,37.7,2.19,26164.9,16,1773537880607,1788868443587,177.4,4130.23,0.158,32659.301385,9,15982.28,48.9,False,True,False
0x03930881c44ae22e3cbde63a59e9f06f3b34fef1,True,1978,872,575,297,65.9,4.15,61153.67,13,1756247695735,1784073600046,322.1,7596.58,0.124,0.0,0,0.0,,False,True,False
0x03a0bd75674a866da2e5e190c0674b140bbdfd07,True,2000,887,513,374,57.8,1.54,8384.26,13,1782141059701,1782349059464,2.4,1523.11,0.182,0.0,0,0.0,,False,True,False
0x03ba951f72e59899ac8dab30cb5624dbe5d52bb8,True,2000,854,746,108,87.4,4.19,92795.25,2,1787724890833,1788835235553,12.9,-7306.69,0.079,408752.817581,1,380895.28,93.2,False,False,False
0x03d669dab9dbce67ac67324812121990669a51b0,True,2000,1038,130,908,12.5,0.62,-4901.96,13,1776965305963,1788445956534,132.9,2338.51,0.477,0.0,0,0.0,,False,False,False
0x03eabeb54d0958cff6c2c33f83e357d90795e2a4,True,329,158,70,88,44.3,0.72,-1189.2,7,1779083903228,1784114112145,58.2,-1062.53,0.893,0.0,0,0.0,,False,True,False
0x03fb2d4401575453307c53015abafbb69c62e254,True,2000,1175,847,328,72.1,4.48,175886.38,10,1782771989756,1787680082499,56.8,-7622.0,0.043,0.0,0,0.0,,False,False,False
0x0412f21bdea1c80e8cb6a5340d2c91bef129bbb1,True,2000,1001,490,511,49.0,0.82,-2066.66,10,1774517537693,1774742400085,2.6,-1263.2,0.611,0.0,0,0.0,,False,False,False
0x0422597f4241b4406f7a4d9cd0f65626ec0ad6dc,True,2000,1202,957,245,79.6,2.9,97922.47,7,1780214846846,1788869120293,100.2,33000.0,0.337,0.0,0,0.0,,False,False,False
0x042c7da0c7d135a20fb9d0e3f56df970c66c2788,True,2000,899,681,218,75.8,12.87,24216.16,89,1785201153044,1788848533922,42.2,1208.88,0.05,21274.109857,11,-124.09,-0.6,False,True,False
0x044ab66014ae8c747ea89313c9400953bc65464a,True,1828,902,471,431,52.2,0.65,-68500.98,6,1785982079350,1788701312986,31.5,-12269.95,0.179,0.0,0,0.0,,False,False,False
0x047674356e32e757857b99fb635be0ed35e16d50,True,2000,891,524,367,58.8,0.89,-14589.26,16,1768942947031,1788868508535,230.6,9531.3,0.653,2188.011131,2,25.13,1.1,False,True,False
0x048dfc2090fc1d81ced91cb6528d769926f50698,True,693,302,194,108,64.2,0.92,-1643.11,21,1769634949401,1788700180725,220.7,11316.95,6.888,856.297992,1,-127.3,-14.9,True,True,False
0x04a185909841103819e30ae3056634aa4cec102a,True,2000,995,311,684,31.3,0.54,-6460.31,12,1788079537091,1788840527870,8.8,-1480.94,0.229,8141.487745,1,-611.01,-7.5,True,False,False
0x04b98dc3b9fe0c5bb6c47df76a73f7558933e0d8,True,2000,1206,1015,191,84.2,2.34,7849.7,12,1784282995807,1787787725976,40.6,442.72,0.056,0.0,0,0.0,,False,True,False
0x04d4ffc796a9b9244ccd00459fe2785880dcf399,True,2000,816,519,297,63.6,1.44,110.81,73,1776956450533,1788307200047,131.4,258.65,2.334,337.08952,0,0.0,0.0,False,False,False
0x04ee09f6568628fd1413757d0d4196ed58db4f06,True,316,101,87,14,86.1,6.31,46510.49,14,1767569636490,1788274343948,239.6,5958.52,0.128,0.0,0,0.0,,False,False,False
0x050108c4f708193d62994a39a9d6d90112ab4444,True,242,126,41,85,32.5,0.87,-1016.54,8,1770421216952,1785356158417,172.9,1344.63,1.323,0.0,0,0.0,,False,False,False
0x05220a15ce8702197e7f7f79c631194eb63f8872,True,262,106,43,63,40.6,1.18,1020.25,5,1721779200121,1788471262921,771.9,1562.12,1.531,470.121153,1,212.73,45.2,False,True,False
0x053c2371d8fd75bd47412225e669569996211546,True,728,302,241,61,79.8,6.16,31970.66,21,1740477724145,1779187695624,448.0,4750.5,0.149,0.0,0,0.0,,False,True,False
0x05535d4c50d7798b80bc96358fcedde5c5e9c1af,True,2000,943,422,521,44.8,0.52,-1826.43,29,1783075462361,1786098555314,35.0,-353.53,0.194,0.0,0,0.0,,False,True,False
0x056b85982bdec02c2a36f1443850192c67141937,True,2000,858,310,548,36.1,0.69,-4927.68,33,1783718252256,1788543132856,55.8,545.41,0.111,0.0,0,0.0,,False,True,False
0x058039c7d560d2c21fea88ccd3c7cbd6f2500201,True,145,78,47,31,60.3,8.73,1234.42,9,1771230054439,1779526023904,96.0,318.6,0.258,0.0,0,0.0,,False,False,False
0x0594f2742a76784157c387a4c8fd377e150be1db,True,2000,716,410,306,57.3,0.94,-331.7,41,1786940275947,1788860214933,22.2,-501.18,1.511,992.644727,4,-11.53,-1.2,False,True,False
0x05a1e2dfb83ceabb2778fc755df9856ef2a3f40f,True,1556,888,488,400,55.0,2.88,81620.76,12,1749802903326,1779321600086,341.7,-12500.47,0.153,0.0,0,0.0,,False,False,False
0x05b5a0ae689c17cad8155932782a5c29426abe75,True,2000,785,500,285,63.7,1.39,62417.65,7,1777255085926,1788836745298,134.0,41557.99,0.666,72321.764328,3,7393.29,10.2,False,False,False
0x05c2c28765aadc6e9e935bf30299f2de7112f0a6,True,1747,914,529,385,57.9,0.78,-7559.72,24,1756250067087,1787904336598,366.4,-6690.0,0.885,22787.337491,2,1121.28,4.9,False,False,False
0x05ddfee20f6ce13680366085610b50b108a9da66,True,1105,425,355,70,83.5,8.08,50618.79,56,1715770280248,1788739200041,844.5,9398.48,0.186,0.0,0,0.0,,False,True,True
0x05fa6234e1206167dcdc30f9be9f6d873d7c8ace,True,2000,1066,434,632,40.7,0.47,-14295.54,13,1772617454736,1773693529032,12.5,1267.99,0.089,0.0,0,0.0,,False,True,False
0x0606f126f03ee5f51f168fbe9be39ea5370a9bee,True,2000,727,289,438,39.8,1.73,12432.8,119,1754258950557,1788612337004,397.6,4333.24,0.349,0.0,0,0.0,,False,True,True
0x060fac5a580d218c7cf820c4ff5cfb57c51c1dd8,True,2000,804,562,242,69.9,2.49,120137.52,5,1775688938286,1788836794088,152.2,7603.07,0.063,66853.332092,5,13179.46,19.7,False,True,False
0x06251713de43c38c2e14f33a3939f778b3e867e1,True,2000,1087,315,772,29.0,0.21,-48.21,3,1777594178292,1781136000009,41.0,6.7,0.139,0.0,0,0.0,,False,False,False
0x064271ee567925f7fa90188ce1c3040d74eb72c5,True,2000,941,292,649,31.0,1.06,631.85,24,1776226178472,1787277030983,127.9,557.58,0.882,0.0,0,0.0,,False,False,False
0x064e89061ce80cb1b41a2d2963d48d2e8cabde4a,True,2000,765,169,596,22.1,0.42,-76343.67,11,1782276706380,1783413626201,13.2,-6248.71,0.082,0.0,0,0.0,,False,True,False
0x0664787a790fd7ec77bafe8f8c2b3df055aabeb6,True,2000,879,418,461,47.6,1.05,301.2,104,1776998631041,1786375243587,108.5,-323.39,1.074,0.0,0,0.0,,False,False,False
0x0681082f1be1bd39348b23f4d33df70b8cc1c850,True,787,366,248,118,67.8,1.01,155.36,16,1779840846787,1786122310803,72.7,-2651.77,17.069,0.0,0,0.0,,False,True,False
0x0698949b90f5cf1f63c3d509dcbdb32e9fe76368,True,2000,828,380,448,45.9,0.61,-2183.93,28,1783714596625,1788552196720,56.0,-1042.95,0.478,0.0,0,0.0,,False,False,False
0x06b1525af6ade8158f6a0a09564dfc95e193d3c9,True,2000,1040,147,893,14.1,0.63,-5684.19,20,1779603018510,1787818181129,95.1,1058.44,0.186,0.0,0,0.0,,False,True,False
0x06cc63614f3ea566506ed743c3f89a8384a74e23,True,2000,906,550,356,60.7,1.41,13103.07,21,1776452749163,1788292409570,137.0,4697.85,0.359,0.0,0,0.0,,False,True,False
0x06e0602c9158ee8478365c74606346d90d06df67,True,2000,1043,1039,4,99.6,335787.64,24334.44,3,1787788950083,1788836454084,12.1,1757.53,0.072,39088.965631,1,-9691.61,-24.8,True,True,False
0x0700689cc38aa3d6e3a6d6b1fc83430ea32c3162,True,2000,542,472,70,87.1,6.13,85081.9,47,1763727878705,1788835142780,290.6,4769.18,0.056,146199.415645,36,-160215.63,-109.6,True,True,False
0x07295d129f841f2854f9f298f137c2ffc5ccff34,True,2000,1093,510,583,46.7,1.27,13996.82,7,1786446193948,1788856216586,27.9,-2985.5,0.213,0.0,0,0.0,,False,False,False
0x0743f8217b4b913743327497fbb6eecfa074cb25,True,2000,890,496,394,55.7,0.43,-50936.01,2,1788440523913,1788820782725,4.4,-11829.61,0.232,0.0,0,0.0,,False,False,False
0x075c707b6c1b95405cc5f00273ab1a2a946bb384,True,2000,896,856,40,95.5,3.9,17467.59,58,1777072488045,1788684395872,134.4,-1565.36,0.09,24304.493446,9,-47736.13,-196.4,True,True,False
0x0768a980decbcc0eeb916c8452a54c543d5d2a26,True,1533,734,522,212,71.1,1.1,5015.22,2,1768577920920,1779752858689,129.3,-7752.0,1.546,0.0,0,0.0,,False,True,False
0x0785ca5b51858092789e80ef28a940ab8d98d232,True,1203,660,317,343,48.0,1.12,4707.76,15,1752864290240,1788739200041,415.2,5686.2,1.208,0.0,0,0.0,,False,False,False
0x078ed36576a45d45f8fb8889b2ce4024d8904c9c,True,2000,1064,1021,43,96.0,3.49,43243.87,13,1764827591944,1779246755535,166.9,-4758.75,0.11,43037.701744,2,-36492.38,-84.8,True,False,False
0x07a8bb8c2096d077f86dd5535ffad13005e66ecc,True,2000,1042,490,552,47.0,0.36,-41807.32,50,1774387192235,1787268309071,149.1,-7124.27,0.17,0.0,0,0.0,,False,True,False
0x07bb98c1c3dbbddbe0bef1a8043f705ecc3d4273,True,2000,872,546,326,62.6,0.92,-409.65,16,1752506047517,1780270018921,321.3,-849.46,2.074,0.0,0,0.0,,False,True,False
0x07c84e7c2eccbd60ef0a8460557fd52cd5d215b8,True,2000,870,475,395,54.6,1.15,1332.9,17,1787169261566,1788853713148,19.5,-2092.22,1.57,20022.202164,1,-310.8,-1.6,False,False,False
0x07dd9c3342115690f6a3a90a4e0a97036594f00c,True,1166,546,370,176,67.8,1.14,3045.11,6,1772441760590,1788867071242,190.1,-3185.99,1.046,4653.263266,1,-1087.4,-23.4,True,True,False
0x07f17018c6e6b8be01ca5e3946ae6ca012b38de1,True,2000,1006,272,734,27.0,0.59,-9088.27,4,1784141228049,1784681055438,6.2,-3012.82,0.332,0.0,0,0.0,,False,True,False
0x07fe8986162d7f68bcfe15822ec062123dd45f9f,True,2000,1158,597,561,51.6,0.86,-50787.37,6,1787281912286,1788849554396,18.1,-34161.11,0.673,564117.420415,6,-9439.21,-1.7,False,True,False
0x08138243c8b2c5bb825763a7b065280a57af79e5,True,2000,730,522,208,71.5,0.33,-72842.32,13,1788362591135,1788670935953,3.6,-17048.34,0.234,283845.718382,4,53785.71,18.9,False,True,False
0x082277e9e5418de3b4563dc20454483c182cc1d7,True,969,474,264,210,55.7,0.66,-816.14,7,1776498543194,1781359879008,56.3,-199.57,0.245,0.0,0,0.0,,False,False,False
0x083d93758661649edaeaba40d7477a46b1098716,True,2000,331,294,37,88.8,9.82,42227.39,3,1768921933192,1788221557433,223.4,2664.17,0.063,0.0,0,0.0,,False,False,False
0x0866815b097d74831b56b80305efbe1f0e02e3bc,True,170,87,34,53,39.1,0.16,-8996.46,14,1770880710598,1773318755654,28.2,-894.31,0.099,0.0,0,0.0,,False,False,False
0x088323b22bde9892110dd652749d1050d3aba9a7,True,334,137,75,62,54.7,0.79,-1394.31,5,1777846566707,1781303791711,40.0,-1371.62,0.984,0.0,0,0.0,,False,True,False
0x089ac530d67efe22579b0b5389a893208996d75f,True,846,400,135,265,33.8,2.24,49864.9,5,1777493116380,1788806394047,130.9,8269.33,0.166,42771.788353,2,516.76,1.2,False,True,False
0x08acffada9db314bd31f9086d0d2dc08e5abf162,True,1603,832,414,418,49.8,1.24,16351.97,14,1764890094505,1787770456905,264.8,7775.6,0.476,0.0,0,0.0,,False,False,False
0x08bf75d17046412ae08c95b6106993f714487872,True,1728,560,158,402,28.2,0.01,-848736.11,1,1771418859313,1787496886207,186.1,-304667.92,0.359,976705.876507,1,-1972955.18,-202.0,True,True,False
0x08dc574552f990322a54d600cc30a8317a2a109a,True,2000,966,784,182,81.2,0.56,-106841.34,13,1753682297609,1780805643087,313.9,-62334.86,0.583,0.0,0,0.0,,False,True,False
0x08fe216d1ad976285bc5db17580e688091736ba9,True,2000,650,386,264,59.4,1.65,15292.23,4,1772055473847,1781724279212,111.9,12632.41,0.826,0.0,0,0.0,,False,True,False
0x091144e651b334341eabdbbbfed644ad0100023e,True,2000,1998,1276,722,63.9,3.97,213898.96,16,1781748600537,1782172800019,4.9,25376.72,0.119,0.0,0,0.0,,False,False,False
0x0933895f18455259715e26ce0065451df9fd8c6d,True,376,171,72,99,42.1,0.2,-8050.59,18,1736704046353,1787366065858,586.4,-2968.33,0.369,0.0,0,0.0,,False,False,False
0x0954c1dd1d3d19ea69e53163e95749dd350cf532,True,2000,1046,565,481,54.0,0.81,-4243.24,12,1776507683037,1788094798607,134.1,4064.51,0.958,0.0,0,0.0,,False,False,False
0x0966f3209203d9ea3add5cdd6e13c3054f9d6bca,True,2000,1120,349,771,31.2,0.75,-220.87,23,1777192950856,1788297016497,128.5,-57.08,0.258,0.0,0,0.0,,False,False,False
0x0980b34ade9476dba81bcdb0f865a333793ad1c2,True,2000,421,349,72,82.9,29.1,486622.57,29,1759610615882,1788844901612,338.4,138071.31,0.284,144908.376999,13,3849.48,2.7,False,True,True
0x098ce27e311835ec244b89cb409d6f1795cd5a68,True,1315,586,272,314,46.4,0.7,-7208.75,11,1754323284459,1782579900584,327.0,4042.83,0.561,0.0,0,0.0,,False,True,False
0x0997f9fb3c94c250f6f1a5c381c25ec5d951b29b,True,2000,1108,382,726,34.5,3.88,1584.9,63,1764837291612,1782896830850,209.0,97.01,0.061,828.077294,50,-178.16,-21.5,True,True,False
0x09b57c3f9db5e61ced66dca927ec2e2b34f1b6fb,True,2000,1121,494,627,44.1,0.45,-58073.86,27,1784377329648,1788766873099,50.8,-10409.07,0.179,56248.178295,1,3569.38,6.3,False,True,False
0x09d0dbed3ef5cb17eb60097b1baf31d9916a1a52,True,2000,955,104,851,10.9,0.19,-107006.18,7,1778849031429,1788341768743,109.9,-19355.96,0.181,658145.431705,1,373515.37,56.8,False,True,False
0x09e9e0013a0ec0b99894d597e0412299fe789c65,True,2000,957,515,442,53.8,2.38,11826.48,106,1718709265914,1788847224679,811.8,-3968.94,0.336,0.0,0,0.0,,False,True,False
0x09fb2cb4371496c59a43dccae44510a56443d041,True,1002,391,4,387,1.0,0.0,-20653.19,1,1786356380069,1786360473566,0.0,-2745.33,0.133,0.0,0,0.0,,False,False,False
0x0a0ae914771ec0a5851049864ccc27b1baa8cd43,True,2000,924,550,374,59.5,1.91,5276.94,15,1750573153387,1788335192736,437.1,-2567.46,0.487,0.0,0,0.0,,False,False,False
0x0a24d15382ba2c941e41d868595762f8cab3bf53,True,484,246,52,194,21.1,0.22,-15821.34,3,1781107283355,1781712389858,7.0,-2891.78,0.183,0.0,0,0.0,,False,True,False
0x0a4046baa476dadcfd48fa3b3e41bc7c85891db9,True,604,227,101,126,44.5,0.37,-9857.97,11,1773816785919,1788826148682,173.7,-1961.53,0.199,0.0,0,0.0,,False,False,False
0x0a5520a20d1a004b8192fdaf7612d8251e2630ad,True,2000,1048,413,635,39.4,0.95,-3150.42,18,1763313671633,1781501895677,210.5,4437.25,1.408,0.0,0,0.0,,False,True,False
0x0a6b80da9b30809120c947b40d08ae18ca667e3e,True,2000,990,359,631,36.3,6.04,383069.36,3,1787179507557,1788835992786,19.2,23979.39,0.063,128293.403848,1,-35858.96,-28.0,True,False,False
0x0a8522c73b6b7d1a9b74cd34b456b37944952624,True,2000,1211,386,825,31.9,0.52,-1785.78,64,1787236689762,1788867677941,18.9,144.65,0.081,0.0,0,0.0,,False,True,False
0x0a8c591d00b959664384af551f771275eea32fac,True,573,212,124,88,58.5,1.47,30488.14,9,1760361553653,1788350689109,323.9,-9210.15,0.302,4874.211404,2,1831.76,37.6,False,True,False
0x0aa338f7d29b407ffb3645583c9bde0ecf6335fb,True,1123,460,294,166,63.9,0.59,-10051.47,8,1771847885298,1787153856640,177.2,-2895.71,0.288,0.0,0,0.0,,False,False,False
0x0aae0dad48931d729b2f1b384f4c4ca400ac2f2f,True,2000,1174,829,345,70.6,1.81,40055.06,14,1779236356409,1784132082342,56.7,-6165.94,0.154,0.0,0,0.0,,False,True,False
0x0ac5e4f467031a745312f117f7cb4b3b16c28960,True,2000,942,299,643,31.7,1.59,8864.48,10,1782110672882,1788669620370,75.9,1720.98,0.194,0.0,0,0.0,,False,False,False
0x0af2cca56e6234eab2e75936d396fdfb258ca66a,True,2000,1918,1666,252,86.9,26.65,18428.2,52,1778557715626,1784752193654,71.7,983.75,0.053,0.0,0,0.0,,False,True,False
0x0b089549882c1fb975832de85d34376b0ff37773,True,1161,569,165,404,29.0,1.38,3128.11,10,1763721896667,1788716105515,289.3,2684.73,0.858,0.0,0,0.0,,False,False,False
0x0b1ba75e8757c1c4aab8da45ffd0ed8316f998ec,True,2000,1141,267,874,23.4,0.58,-7730.65,16,1772424644668,1779321600086,79.8,-1294.19,0.167,0.0,0,0.0,,False,False,False
0x0b3d1bd08ec28ccc974de1a3ae4c6d05b0005dd0,True,2000,434,249,185,57.4,0.63,-5101.78,5,1779935305327,1788762424548,102.2,-850.0,0.167,0.0,0,0.0,,False,True,False
0x0b56a4e7d569c9c3bb7a74c5f87e752bf22ea6a6,True,266,114,91,23,79.8,3.3,10368.14,6,1780898526166,1785348334516,51.5,3200.55,0.309,0.0,0,0.0,,False,False,False
0x0b67c721d9832122712ec5dc9b1f65656387849c,True,2000,985,333,652,33.8,0.77,-10597.24,17,1759239887720,1788539617324,339.1,-10436.63,0.985,3336.139066,1,-240.48,-7.2,True,True,False
0x0b889ff60143bc81007bc5fc5b58889eefdd440e,True,2000,1030,412,618,40.0,0.22,-77338.89,7,1781947937974,1787961600069,69.6,-5264.28,0.068,0.0,0,0.0,,False,True,False
0x0b9f0bfd8098e2a57b279c8eea02bc0e0a08617c,True,2000,1012,514,498,50.8,0.52,-12670.87,15,1773925475574,1779085946547,59.7,-1710.66,0.135,0.0,0,0.0,,False,False,False
0x0bb49b294215a19f0c93ab8c3c051168fd00276c,True,2000,541,456,85,84.3,0.89,-1203.43,17,1780870514562,1787838907350,80.7,-2610.53,2.169,34947.28078,4,-4792.06,-13.7,True,True,False
0x0bbda924fb2a03a3e838ce3deeb4d0836cf1a28c,True,2000,770,95,675,12.3,0.48,-3937.49,5,1787520257307,1788823097388,15.1,1078.94,0.274,0.0,0,0.0,,False,False,False
0x0be663d178b167624fe8d5f731b57c7caa06df73,True,2000,1038,438,600,42.2,0.4,-2205.6,13,1771495878971,1786439134560,173.0,-330.18,0.15,0.0,0,0.0,,False,False,False
0x0bfd7d7721f4c116e853c18ea7998e1cc2350a7d,True,2000,1248,565,683,45.3,1.04,169.23,8,1788843487436,1788870153842,0.3,181.45,1.072,50000.0,0,0.0,0.0,False,True,False
0x0c06d146810410b5703561ce614e0cc9f6a5e618,True,2000,1127,207,920,18.4,0.64,-3604.02,2,1783950520135,1785273771749,15.3,529.69,0.147,0.0,0,0.0,,False,False,False
0x0c14afe2038a72131102da2390fd896c1f4e99ee,True,2000,883,514,369,58.2,2.58,83568.86,10,1783707618811,1788612273220,56.8,4995.3,0.06,289875.11545,2,8136.6,2.8,False,True,False
0x0c280866e7ddd5bc97374a62a50857386afb6f1a,True,2000,948,515,433,54.3,0.95,-636.42,109,1754241988944,1788845611027,400.5,-1042.51,1.638,4275.599077,8,-205.17,-4.8,False,True,True
0x0c35b71ff90254a3c918e72b2dac129e96daaed3,True,1121,407,206,201,50.6,3.03,55027.75,3,1774740674242,1776199470454,16.9,6906.21,0.126,0.0,0,0.0,,False,True,False
0x0c43d79baeba1acb896b4e35f02615eb25c3e4aa,True,2000,922,414,508,44.9,1.88,23007.55,16,1769089653981,1788740503288,227.4,8287.98,0.36,6551.549274,1,-1633.81,-24.9,True,True,False
0x0c525124ee18db05952592a8cd95b0ce7acf6356,True,2000,914,506,408,55.4,0.79,-22629.09,9,1781479716455,1787378724881,68.3,-6808.32,0.301,0.0,0,0.0,,False,True,False
0x0c6150ccada83c564aca79ead230e3c766525123,True,2000,987,625,362,63.3,1.23,8423.66,6,1785766928308,1788716059608,34.1,5258.84,0.624,0.0,0,0.0,,False,False,False
0x0c7244cbc8507e6f2f8b7a72d22e9c8d35a72e0f,True,1351,680,573,107,84.3,1.39,3867.23,5,1782437442356,1788845172325,74.2,-1145.08,0.296,0.0,0,0.0,,False,True,False
0x0c81c89f14f19e4963a0b468f4f0038a67a01585,True,2000,839,452,387,53.9,1.64,115429.65,11,1758650183498,1788816193887,349.1,32575.56,0.282,102806.793235,2,-103373.87,-100.6,True,True,True
0x0c9235d0d20eb817c29de0f2304b0821be81a803,True,2000,1053,555,498,52.7,1.07,378.94,26,1773418622575,1788716389246,177.1,-239.54,0.632,502.217376,0,0.0,0.0,False,True,False
0x0cb2c3ace421bc75bf4de9afa8f695b677c77f7a,True,260,107,37,70,34.6,0.5,-2338.7,14,1758430102317,1785247476183,310.4,-1879.72,0.804,992.3809,0,0.0,0.0,False,True,True
0x0cc705942b1565e2f76201d934b32472e75b3a76,True,2000,841,424,417,50.4,1.15,24960.38,3,1774375997523,1783669131548,107.6,18961.1,0.76,0.0,0,0.0,,False,True,False
0x0cd5f80b67a2e3a8144f49fd8763facf60957b2a,True,2000,970,464,506,47.8,1.92,1371.84,51,1765816432833,1786571961295,240.2,248.15,0.181,0.0,0,0.0,,False,False,False
0x0cde01c94ed41fa3055d2cef5bcd3c0c005a3673,True,2000,1117,328,789,29.4,0.45,-48438.66,18,1780965970449,1788837074051,91.1,7173.61,0.148,0.0,0,0.0,,False,False,False
0x0cead2a50db1a57ec4565c10967b0067ec3ac711,True,2000,1057,579,478,54.8,0.62,-41377.88,14,1778022736178,1788846990223,125.3,-12096.86,0.292,8239.781476,1,1351.85,16.4,False,True,False
0x0d01176705302365f7702f6a34068432e08205d4,True,2000,1069,494,575,46.2,0.89,-1507.44,15,1782396071264,1788822074462,74.4,-830.18,0.551,985.902634,1,14.63,1.5,False,True,False
0x0d30dfc6efe08ec1844dd59e320ec46eda18d198,True,198,84,73,11,86.9,2.24,1544.5,9,1778219019700,1787210119679,104.1,918.77,0.595,3195.505644,1,-2446.67,-76.6,True,False,False
0x0d55ebb1546a3e73caa361f74c35dd4d896a5eda,True,436,162,85,77,52.5,1.85,842.6,10,1779690208412,1788446063350,101.3,-156.19,0.185,0.0,0,0.0,,False,False,False
0x0d7132a3fc91a537e8c724185100edd2ef242817,True,2000,292,76,216,26.0,0.81,-2726.33,4,1787159812160,1787601092684,5.1,-3164.2,1.161,6.3e-05,0,0.0,0.0,False,True,False
0x0d8925e2e0d333e4306b2c8e0773ddd6d593469e,True,2000,987,764,223,77.4,1.1,1910.03,17,1780903691688,1786374664141,63.3,-2297.51,1.203,0.0,0,0.0,,False,True,False
0x0dab8ddaf5a33072080d8a4702e9dfcd385eddcb,True,2000,708,539,169,76.1,1.28,3434.09,3,1781297834573,1788862520819,87.6,1410.0,0.411,2039.97107,1,205.25,10.1,False,True,False
0x0dc118c53f8669d46f1559c239eb64bcc04a185e,True,1030,453,271,182,59.8,0.93,-2342.11,6,1753958528244,1786695869107,378.9,2982.27,1.273,4757.807676,1,4874.59,102.5,False,False,False
0x0dd63d4af748497a1a93b1e27ce1383100915318,True,67,23,16,7,69.6,0.13,-11377.82,1,1779186850221,1787213273866,92.9,-4768.41,0.419,0.0,0,0.0,,False,False,False
0x0deba253b91ea2c76647eac97a26a23eeae6c04e,True,2000,1009,308,701,30.5,0.73,-3847.68,22,1771442615936,1784904346309,155.8,956.11,0.248,0.0,0,0.0,,False,False,False
0x0e090d194adcb3aca9b0864e99b82c5955bb35d4,True,2000,1100,499,601,45.4,1.11,426.96,8,1787838722986,1788581215288,8.6,217.14,0.509,0.0,0,0.0,,False,False,False
0x0e11ef626b558c01967d395592f35e5d2f899b0d,True,2000,1035,413,622,39.9,1.07,58.54,52,1783591326126,1788859976991,61.0,35.15,0.601,10446.302246,49,514.56,4.9,False,False,False
0x0e33ef74efe470dd173cf02fc59047bf23ccff83,True,1417,696,192,504,27.6,0.61,-7573.99,15,1779817228223,1788868927494,104.8,1520.97,0.201,10234.909297,9,1698.59,16.6,False,False,False
0x0e497430ae4b4b651b15a0a49b2977fe2c902d33,True,46,30,30,0,100.0,inf,4619.88,1,1780190561483,1780567608671,4.4,591.86,0.128,0.0,0,0.0,,False,False,False
0x0e59bfaff8d711d91b53b13b0504b466ec8d915d,True,739,401,304,97,75.8,2.44,6700.72,8,1765806103922,1784646029720,218.1,792.86,0.118,0.0,0,0.0,,False,False,False
0x0e73ca2bed8f84ba0cf139aa96ae3927e77b066e,True,885,271,216,55,79.7,0.77,-3219.6,12,1782806254448,1788797084798,69.3,-4309.92,1.339,0.0,0,0.0,,False,False,False
0x0e8245827225a007407849a29205080e48a68e28,True,2000,985,409,576,41.5,0.84,-11155.59,25,1778543384981,1788798366980,118.7,5733.6,0.514,25005.133417,2,-6585.83,-26.3,True,True,False
0x0ea8eec1d585e92de7167d700362dec7ac6e7234,True,473,284,126,158,44.4,0.38,-8964.44,19,1766998343366,1786718522603,228.2,-2233.01,0.249,21719.530222,3,10734.26,49.4,False,False,False
0x0eb37dad11f8fd2fde2a621c5c801292aeeeae43,True,1154,615,362,253,58.9,2.75,52566.39,27,1707524861356,1788820810503,940.9,9998.87,0.19,0.0,0,0.0,,False,False,False
0x0ec315491f9b05d9b9cdb0b060553671fcdec1f1,True,2000,728,411,317,56.5,3.05,133825.02,23,1782214187513,1787781559794,64.4,7824.22,0.058,0.0,0,0.0,,False,True,False
0x0ede17ab57b38ba96cefd4c24b77bd2284159f77,True,2000,1055,404,651,38.3,0.97,-207.53,19,1787999649715,1788869870183,10.1,-833.45,4.016,0.0,0,0.0,,False,True,False
0x0ef27deef5d84b5e0646b7221916184a87481e75,True,2000,999,463,536,46.3,0.92,-1261.52,25,1771423192653,1779800444048,97.0,2094.71,1.66,0.0,0,0.0,,False,True,False
0x0f129afb3f51f0d549f4c98721e11fe9d9c46ce1,True,1097,503,392,111,77.9,3.92,428465.7,9,1733593011055,1784043942648,583.9,54628.72,0.127,0.0,0,0.0,,False,True,False
0x0f283f661f359fc293ac3066e16c6af797d6e65e,True,319,171,34,137,19.9,2.37,4687.73,1,1784930110052,1785749316599,9.5,2596.06,0.554,0.0,0,0.0,,False,False,False
0x0f38d791bfaa7ffcd94ec549e0b899aa3eb6f6f7,True,2000,847,812,35,95.9,7.77,116442.39,12,1779305510302,1788797780837,109.9,3500.18,0.03,0.0,0,0.0,,False,False,False
0x0f5a9e2ed8a2d256feb25abae7a53de7535119ae,True,2000,895,503,392,56.2,1.45,3682.58,6,1787321845787,1788854497158,17.7,614.66,0.167,0.0,0,0.0,,False,False,False
0x0f78de18af9bb92817f361dae2c484ae3370fca0,True,2000,1027,305,722,29.7,0.54,-44668.46,21,1781616720654,1788452144964,79.1,-15295.2,0.342,0.0,0,0.0,,False,False,False
0x0f853a4e8056d7f6ada0ad026472f71b8408ff6b,True,2000,867,213,654,24.6,0.4,-11418.34,24,1757819786140,1788865875027,359.3,-4701.4,0.412,8787.798621,1,3193.15,36.3,False,True,False
0x0fa81b93c16f9c7736367b475c0f0ecd82b566f1,True,2000,1000,221,779,22.1,0.51,-1178.24,4,1773752449749,1788844745913,174.7,-638.97,0.542,4982.080329,1,5.79,0.1,False,False,False
0x0fb66804703a2ff1f56233ec542f2c849e6fbaae,True,2000,806,777,29,96.4,9.29,33259.49,5,1787392393251,1788765127905,15.9,1602.3,0.048,0.0,0,0.0,,False,False,False
0x0fdd5a8d0a9cd0b360a840c064c13d7d38fcc3f2,True,1196,506,254,252,50.2,1.1,2785.9,20,1756290710540,1788857389415,376.9,-3764.33,1.351,52842.293462,2,-923.94,-1.7,False,True,False
0x0fed16b577051af28b9a679dd522e94cbb635d79,True,1286,634,93,541,14.7,0.09,-788.8,7,1750524061507,1787587633710,429.0,-51.33,0.065,0.0,0,0.0,,False,False,False
0x100000dfeb6b14e6775738f7656cb457d65f28e3,True,2000,997,382,615,38.3,0.75,-11778.01,10,1771190935338,1787166852729,184.9,-4973.37,0.422,40.239758,1,29.28,72.8,False,True,False
0x100b03683f7a62f32fb6ab276eae06529505f506,True,2000,696,414,282,59.5,0.96,-2139.94,50,1785898439509,1788841026340,34.1,-18204.45,8.507,76408.483757,23,-73089.54,-95.7,True,False,False
0x1020e86585c30535aea3cf8b278712575a5b2326,True,2000,1089,432,657,39.7,2.35,30375.35,11,1781538452491,1788850515225,84.6,3868.87,0.127,4514.914599,1,-467.48,-10.4,True,False,False
0x102d1d1a6240581a809bac9b9b4dff2eafe8c058,True,724,301,162,139,53.8,1.06,2488.48,12,1744174265040,1788853333764,517.1,-5004.38,2.011,28398.585425,1,1017.91,3.6,False,True,False
0x103ff34b773e02c12d74e34701028a1b70738f1f,True,2000,908,320,588,35.2,0.27,-27102.27,13,1780751643490,1781885817061,13.1,-2430.94,0.09,0.0,0,0.0,,False,False,False
0x10597984233c57c8516c1b6640e54f148cffa994,True,2000,1061,388,673,36.6,0.39,-56473.07,5,1785168789093,1785503765571,3.9,6358.67,0.113,0.0,0,0.0,,False,True,False
0x10722ef7d9140ad4b47c427fac79932b5a89eb42,True,2000,1473,599,874,40.7,0.03,-25915.37,7,1788134633627,1788861300441,8.4,-2616.35,0.101,0.0,0,0.0,,False,False,False
0x10856915433b02e7d2bbdde9be3b48043d4ba75a,True,2000,1007,475,532,47.2,0.63,-120.18,4,1770217683526,1774881086399,54.0,-31.75,0.264,0.0,0,0.0,,False,False,False
0x10a7ac85ef2d678a4420c4dc59d8cd7dab8767db,True,2000,961,886,75,92.2,0.44,-59692.51,28,1782205764079,1788867978315,77.1,-32955.87,0.552,14665.980094,2,-7427.8,-50.6,True,True,False
0x10c2fbbc820dfa9ea775de769f2d0a86e9d0485d,True,2000,819,543,276,66.3,1.23,3560.83,9,1744220355488,1773773914374,342.1,-4885.07,1.372,0.0,0,0.0,,False,True,False
0x10d0850433f7f91263607cd72fe38a881cfaf09a,True,362,188,107,81,56.9,0.64,-2373.22,1,1784827439638,1786598953814,20.5,-1451.36,0.612,0.0,0,0.0,,False,False,False
0x10da391e349b02b380359cb402dc908dfe660221,True,2000,959,777,182,81.0,1.97,17394.19,38,1778097575792,1788849068510,124.4,1667.55,0.096,11710.892235,6,-2585.39,-22.1,True,True,False
0x10fa553dadf3f6ca2699be35992d881b2a75f056,True,2000,978,386,592,39.5,1.09,2769.01,1,1787585019742,1788853874218,14.7,-4508.13,1.628,0.0,0,0.0,,False,False,False
0x1111111b09c1f4b3f7270ff4519a74d0511e955e,True,665,304,150,154,49.3,0.8,-1243.46,20,1741773924537,1787590938701,530.3,-682.85,0.549,0.0,0,0.0,,False,True,False
0x111d5c4941f71b52e2a2d44fa2424e034da7270e,True,2000,1035,403,632,38.9,0.92,-313.52,75,1784318411434,1785328229838,11.7,-174.19,0.556,0.0,0,0.0,,False,False,False
0x11323ee60bcd574f76b168f58c1425a69b3bfc40,True,2000,1039,647,392,62.3,0.47,-21897.1,8,1773746335544,1774828800038,12.5,-2798.52,0.128,0.0,0,0.0,,False,True,False
0x11500b6ac055e4b17144f826c025abdd0b88157e,True,372,255,224,31,87.8,0.74,-10048.78,9,1734685658135,1787276899296,608.7,-9425.19,0.938,0.0,0,0.0,,False,True,False
0x1162e2c16009153cc44b9353cca481e2ac2aac3a,True,2000,604,601,3,99.5,125.11,181471.04,3,1758798679620,1788471271473,343.4,59879.32,0.33,60623.388267,2,-619749.36,-1022.3,True,True,False
0x117603dba8cada7324093542681efcb2d97b4a34,True,2000,1041,664,377,63.8,2.29,30647.27,4,1788122176285,1788624762121,5.8,2440.73,0.08,0.0,0,0.0,,False,False,False
0x118a87c2f8e06da3025f33a627523596fd4fe8c5,True,2000,842,442,400,52.5,0.64,-36366.43,8,1759006215989,1778853084314,229.7,-6833.92,0.188,3169.821029,0,0.0,0.0,False,True,False
0x11992efdd36087dae6de4413c47dc79a2f8e61af,True,2000,769,211,558,27.4,0.14,-4783.86,6,1787215660258,1788865931916,19.1,-254.83,0.053,7935.848416,2,1049.63,13.2,False,False,False
0x11b6ccc31cb488f491e57d8f2d4e1b549a2442a4,True,2000,1045,788,257,75.4,7.69,26349.33,14,1772270701318,1780059448130,90.1,1080.18,0.041,0.0,0,0.0,,False,False,False
0x11c92456a55acd3d04e4ffa5750cea91d3910140,True,2000,539,270,269,50.1,0.56,-19609.97,3,1783401079575,1788738248861,61.8,3205.65,0.163,2443.884122,2,1283.89,52.5,False,True,False
0x11dcc4d142efd97f4150d29ba65432d532f9524b,True,2000,942,419,523,44.5,0.61,-8148.06,9,1749789477506,1788795126331,451.5,-1489.08,0.183,0.0,0,0.0,,False,True,False
0x11e9bf0a8af0208ccdca4ef74419a7da92e97979,True,2000,1061,574,487,54.1,0.28,-25671.22,25,1742380240675,1773912489685,365.0,-2454.52,0.096,0.0,0,0.0,,False,True,False
0x11fadf829a9d8f67a7159e26866aab0c5b5b9f16,True,2000,1040,654,386,62.9,0.77,-6564.71,15,1785937790956,1788801908152,33.1,-2173.13,0.331,7477.119055,2,2663.32,35.6,False,True,False
0x120d47f23f857cf766d0d48e96d0509e7dce0dba,True,1704,1006,1006,0,100.0,inf,180851.77,6,1783440362904,1788813216405,62.2,13316.54,0.074,342327.364978,4,48466.68,14.2,False,True,False
0x121acb29e168cc9e97dbd7b280ee8baf2cb34c6e,True,2000,1050,727,323,69.2,12.31,272501.76,10,1785383437349,1788851913918,40.1,17629.72,0.065,150990.767343,5,122396.46,81.1,False,True,False
0x1234117071c4d402017640913511d0b346f6cddf,True,246,114,88,26,77.2,13.68,6464.74,30,1760763046376,1786157468507,293.9,869.85,0.135,0.0,0,0.0,,False,False,False
0x1255527962f97b0251930153215d9e8af3503c3e,True,2000,889,811,78,91.2,19.71,10423.97,5,1778312409515,1788870429944,122.2,1910.81,0.183,37967.915733,1,2.1,0.0,False,False,False
0x126176b45e7f472b570bea18ecf893a37e97fc8d,True,2000,945,648,297,68.6,0.48,-22765.89,18,1780530805506,1788381439721,90.9,-8456.77,0.371,0.0,0,0.0,,False,False,False
0x126de89b1cb7751cbd0f2ad9f3cca86e48e70b00,True,132,89,74,15,83.1,746.47,29431.5,7,1754335154853,1785302756623,358.4,2850.91,0.097,0.0,0,0.0,,False,False,False
0x1283a94c464e1c97575f43899da86d963eaa3051,True,2000,568,206,362,36.3,1.21,3269.91,21,1779475454420,1788848794593,108.5,2451.41,0.75,10300.446129,7,9088.09,88.2,False,True,False
0x128b55ff0c075090e1773232cb3fdd8d4e2c45ec,True,2000,739,717,22,97.0,24.69,41947.62,15,1770027706938,1774163224129,47.9,3268.2,0.078,0.0,0,0.0,,False,True,False
0x12950c240b198c2b8a0e02d88ddcac160079ef6a,True,2000,1089,563,526,51.7,0.34,-18403.01,22,1788700243981,1788868355249,1.9,-1113.86,0.061,139589.716635,18,-30566.08,-21.9,True,False,False
0x12a877abd05686bf7a655d6a941176f016a0d2fe,True,2000,1074,1074,0,100.0,inf,403840.93,1,1788450460083,1788789963372,3.9,23885.87,0.059,721099.183375,0,0.0,0.0,False,False,False
0x12c5c684dce69f9cb0dbdb5e0b0e38865e2d655d,True,2000,376,338,38,89.9,6.24,29041.82,30,1780558114563,1788854782108,96.0,4914.77,0.169,7151.661377,4,-209.38,-2.9,False,True,False
0x12e55fc5c56c7c471688e3ad84f9fc6fe2bb156a,True,1541,772,302,470,39.1,0.82,-4642.46,4,1781106205326,1784221559681,36.1,1559.03,0.336,1910.345257,0,0.0,0.0,False,False,False
0x12f346191b97b085fa37fa5d59d5e3d368749329,True,221,96,78,18,81.2,1.16,702.72,1,1777777527608,1787618703675,113.9,2145.23,3.053,0.0,0,0.0,,False,False,False
0x1306ca04fb483e31282c508683295020a9d70d3d,True,2000,779,307,472,39.4,0.41,-95613.68,1,1785413015867,1788705013994,38.1,-10846.89,0.113,230737.933839,1,23064.12,10.0,False,True,False
0x1313d08233619c6ebecf84465a85b595c6b2a5ce,True,863,516,501,15,97.1,14246.07,100423.44,1,1783003325579,1788778967320,66.8,14561.01,0.145,37231.887579,1,-9289.6,-25.0,True,True,False
0x1325b85665da4dc99835bcbbebd78aa0c56caae1,True,2000,996,861,135,86.4,1.2,5582.84,23,1777345710188,1788861435871,133.3,-6385.59,1.144,44581.472432,5,-16656.64,-37.4,True,False,False
0x133ad0d58ccff43cab13ca2cc9c751e815478560,True,2000,833,435,398,52.2,1.85,16764.2,8,1787853925736,1788732339239,10.2,-1970.09,0.118,65849.33992,2,41818.78,63.5,False,False,False
0x1352f69f507d58d8a647dbc3baa6623145eb2231,True,1171,601,273,328,45.4,2.04,11292.01,5,1772875897491,1773710948556,9.7,1913.08,0.169,0.0,0,0.0,,False,True,False
0x1367df28c0681431b8a8f3d887576a1cad85560e,True,2000,2000,671,1329,33.5,1.68,17667.2,17,1788796500222,1788797058885,0.0,2570.94,0.146,0.0,0,0.0,,False,False,False
0x1376e8c58891b565101aa60f613b3d0f1d2f8d6d,True,282,222,222,0,100.0,inf,44242.09,3,1786039559993,1787172084818,13.1,4679.93,0.106,0.0,0,0.0,,False,False,False
0x13920d8901e0250d08dcff6d54f0ca815b4c7e6f,True,2000,840,476,364,56.7,1.69,89012.92,9,1748381803056,1781522762326,383.6,7489.3,0.084,0.0,0,0.0,,False,True,False
0x13a322932669e2cb517da38a4dd343539a75fe2f,True,2000,1068,429,639,40.2,0.38,-20625.69,27,1777001541443,1782537613343,64.1,-2617.19,0.127,0.0,0,0.0,,False,True,False
0x13bbd7a851e239c16f1d540fdf7c6df4692b9b4b,True,353,158,57,101,36.1,0.55,-8083.71,1,1761523209739,1788634779554,313.8,-5043.42,0.624,3328.736744,0,0.0,0.0,False,False,False
0x13ce51b3ec40b157b06288aac4080de633f24ae9,True,2000,853,314,539,36.8,0.8,-1791.51,15,1781037051511,1787339853424,72.9,-553.11,0.309,0.0,0,0.0,,False,False,False
0x13df669e6d3a2848587d3e536a9175585e07f13b,True,1662,1166,118,1048,10.1,0.13,-28993.2,15,1779138918492,1780506438943,15.8,-2308.05,0.08,0.0,0,0.0,,False,True,False
0x13f149fe9d40e3330903deb5f2463dfea6f5c77e,True,387,187,126,61,67.4,0.32,-2702.76,18,1774943158537,1782302837529,85.2,-1716.06,0.635,0.0,0,0.0,,False,True,False
0x140309fe917d264d8da9cbd31917c8ac432724c6,True,2000,267,149,118,55.8,2.69,31796.52,10,1786286717728,1788811801438,29.2,6241.87,0.196,846147.071408,1,-76993.57,-9.1,True,True,False
0x14142a8e6538b9eeaa6687f6f7439180c379b062,True,2000,496,301,195,60.7,0.23,-68132.7,7,1783664747249,1788229724931,52.8,-5803.89,0.085,103917.5,1,-113290.83,-109.0,True,True,False
0x1433c953362f526a07465fcd9ec3d34d9f3d5f53,True,2000,1103,263,840,23.8,0.75,-3738.16,7,1781632847191,1787275095881,65.3,-2260.5,0.605,0.0,0,0.0,,False,True,False
0x1441d3b091e3161c124f2ffd41a6fb5d8fa16ed0,True,2000,829,186,643,22.4,0.28,-6836.16,9,1781976223097,1782319866683,4.0,-387.2,0.057,0.0,0,0.0,,False,False,False
0x1457351df210787857216c7242b9d6c7acc6c201,True,2000,942,427,515,45.3,1.28,3120.82,16,1780593673714,1788198680722,88.0,1887.6,0.605,0.0,0,0.0,,False,True,False
0x146c7c66d5045344e1bf6731849622d2edd450d0,True,2000,805,607,198,75.4,1.03,1615.11,4,1787746572174,1788861088977,12.9,8636.01,5.347,227439.168031,2,88477.8,38.9,False,False,False
0x1499b8c9140b9b92b3a9931a2b1e5cabdbe4e793,True,2000,847,143,704,16.9,0.41,-14889.26,8,1783289803995,1784154910589,10.0,-1331.1,0.089,0.0,0,0.0,,False,True,False
0x14ac420cd96df3721bc916e9e411f967ee8efc71,True,2000,1051,618,433,58.8,2.72,13449.08,1,1787420933855,1788868441421,16.8,183.71,0.014,12026.555025,1,-2090.2,-17.4,True,True,False
0x14c60d23a224533037e8d134a43a46f28a326aea,True,539,257,199,58,77.4,2.14,6152.74,12,1787482907066,1788824402807,15.5,2430.34,0.395,0.0,0,0.0,,False,False,False
0x14e2ad432297508f8ef3b26d7e99e81d64d05b57,True,2000,718,621,97,86.5,29.69,76364.77,41,1785835501019,1788831571126,34.7,5972.19,0.078,54784.453214,3,-16592.13,-30.3,True,True,False
0x14f5dd7ca3e4ef4aba7431ad10d9dacaf14fd103,True,835,377,229,148,60.7,8.72,299217.61,4,1717245878712,1783990225784,772.5,6500.62,0.022,58789.210249,4,-91650.09,-155.9,True,False,False
0x1501943d0223db29690323b99a86a6e3cefa1abc,True,2000,1123,644,479,57.3,0.62,-6606.59,15,1776117594664,1780440343719,50.0,-2005.28,0.304,0.0,0,0.0,,False,False,False
0x1515f1d5627ebd2d0ee424affbd5643e6c2eb866,True,2000,1129,604,525,53.5,0.9,-79.89,11,1784019728072,1788870739397,56.1,69.29,0.867,0.0,0,0.0,,False,False,False
0x15271757b398cd1d3d7cca05c4f7b0c159afa7c2,True,2000,1328,589,739,44.4,0.0,-5355678.7,3,1782193101151,1787214861905,58.1,-364236.64,0.068,0.0,0,0.0,,False,False,False
0x153c8444380512cabdc34f6cea09c322e14e319a,True,2000,2000,1592,408,79.6,2.84,470753.8,13,1785355326429,1787300420015,22.5,77644.83,0.165,2673903.62087,10,941581.65,35.2,False,True,False
0x1549920373edb37ae3a9cffe1be02844df3127d0,True,2000,783,190,593,24.3,1.41,1507.94,29,1788130512194,1788835398289,8.2,395.1,0.262,10162.602203,1,-3583.8,-35.3,True,False,False
0x155a60da6382cbfa27feef8707b2275406f3def8,True,2000,1587,634,953,39.9,1.66,6602.11,50,1784799394122,1788805970347,46.4,956.21,0.145,0.0,0,0.0,,False,True,False
0x158167c270ef86e39bf0442a6fac8b7f37c793f5,True,1430,698,363,335,52.0,1.2,6655.76,23,1735935874824,1788794174218,611.8,7032.85,1.057,6246.555274,1,-254.85,-4.1,False,False,False
0x159424fd94a620292a927b8164e30aaca81eaf85,True,2000,1162,452,710,38.9,1.34,621.09,64,1757926460486,1788286433047,351.4,491.18,0.791,0.0,0,0.0,,False,True,True
0x15b228394a765ff5687c751dadd503a068c2c7b0,True,282,117,99,18,84.6,25.42,2745.26,26,1777728361585,1779505322996,20.6,1095.5,0.399,0.0,0,0.0,,False,False,False
0x15cb87fdc9af6a1fa8a0e631c40064a99c46f045,True,843,461,148,313,32.1,0.84,-410.81,19,1751946528391,1788252615914,420.2,644.65,1.569,0.535316,1,0.34,62.7,False,True,False
0x15e07cb765fcd18e3b16b7ca7f4d798daa8b4e35,True,2000,959,663,296,69.1,0.75,-1550.85,68,1786675289181,1788859406679,25.3,-742.47,0.479,433.976837,6,-4.95,-1.1,False,True,False
0x15e9233b5b42d0b72b1c04a984c1498ee6bbd016,True,2000,1170,446,724,38.1,1.76,18534.02,6,1788134957327,1788529147061,4.6,6819.27,0.368,198595.298085,3,132959.47,66.9,False,True,False
0x15fc806d0011a1bcb3d1e610506544ab7db4198c,True,2000,1132,424,708,37.5,0.93,-15361.69,4,1775667703985,1788720767099,151.1,15230.68,0.991,98145.437419,3,3231.02,3.3,False,False,False
0x161c1a2e2bca8fd39aee26afc0c0ee02a60e1dc9,True,2000,1116,428,688,38.4,0.34,-55417.6,9,1766064618710,1781798183998,182.1,-7809.41,0.141,0.0,0,0.0,,False,True,False
0x162b5fffb4959a9a93ab8ae38ea19a4fb8765e1b,True,1764,908,574,334,63.2,0.91,-2715.65,31,1750675386051,1788449459178,437.2,3164.62,1.165,0.0,0,0.0,,False,True,False
0x163a13a6c64578c401a620f4de3f52cdee460393,True,155,94,53,41,56.4,3.07,708.66,1,1779837230280,1779844264467,0.1,145.96,0.206,0.0,0,0.0,,False,False,False
0x16588c497a83e9dfa298d048553a4ef5fd52f65b,True,2000,776,316,460,40.7,0.09,-96294.32,2,1786938572460,1788868885463,22.3,-12652.68,0.131,2743.13522,1,290.21,10.6,False,True,False
0x166ed9f7a56053c7c4e77cb0c91a9e46bbc5e8b0,True,2000,1356,874,482,64.5,0.8,-6771.71,6,1768489658811,1780569541906,139.8,-214.22,0.032,0.0,0,0.0,,False,True,False
0x168198986b9caff2fa64a25288be2640ae6d5528,True,2000,975,728,247,74.7,65.66,125040.24,5,1786721778355,1788829827732,24.4,4859.41,0.039,50657.692076,2,11568.43,22.8,False,False,False
0x169808b1a452278b05f1dd285e86a6df03c8f931,True,2000,1004,452,552,45.0,1.31,1392.29,51,1786354071928,1788862643238,29.0,276.88,0.199,75104.115552,50,4253.36,5.7,False,False,False
0x16b823e7ba9ffb1b628292346737ddb5ed26035a,True,2000,1019,429,590,42.1,0.72,-2507.15,18,1780616452419,1785156866511,52.6,-522.07,0.208,0.0,0,0.0,,False,True,False
0x16ccb0d80d7de31f878999ea769a6d8e84108920,True,2000,982,462,520,47.0,2.53,7784.36,13,1763997059132,1784209186846,233.9,1531.17,0.197,0.0,0,0.0,,False,True,False
0x16ee01975ae139389b5693b917c0c55d2ff7e20c,True,2000,1051,434,617,41.3,0.43,-603.47,24,1788753678904,1788865840538,1.3,62.29,0.103,2652.615869,24,-727.36,-27.4,True,False,False
0x170dbce27ab17f5dc3f04c773b6686068ad88c9b,True,2000,984,719,265,73.1,5.5,155660.64,20,1737005631071,1787193425869,580.9,11380.64,0.073,0.0,0,0.0,,False,True,False
0x171b7880939d76abbc6b6b2094f54e6636f829a7,True,2000,665,323,342,48.6,6.77,17316.09,57,1774887843897,1787201934498,142.5,7113.39,0.411,0.0,0,0.0,,False,True,False
0x172db4e6a934dd59e9ba7f249c5f5e0821a5e568,True,2000,882,473,409,53.6,0.79,-3378.04,15,1785230511797,1788851262650,41.9,-2795.87,0.828,0.0,0,0.0,,False,True,False
0x1742608731e389539b0d33a986d24b842168b0a9,True,94,61,45,16,73.8,3.17,114.19,2,1763018250935,1788462342862,294.5,17.14,0.15,115.177088,1,-166.49,-144.5,True,False,False
0x1750dd77a381a6a1dc4ce88e26586c856f75f646,True,1006,464,230,234,49.6,6.74,225614.44,12,1763326403392,1781250758284,207.5,113178.1,0.502,0.0,0,0.0,,False,True,False
0x175c59d92ded20ec11efff32291139edb3585475,True,2000,1050,720,330,68.6,5.85,65979.81,7,1772267775019,1788423081556,187.0,9463.33,0.143,0.0,0,0.0,,False,True,False
0x1777cf554ae698be4401e3cfb48073c1be066d75,True,256,129,17,112,13.2,0.0,-2155.59,2,1782257709910,1782345195933,1.0,-364.24,0.169,0.008663,0,0.0,0.0,False,False,False
0x1788da0103fbbdd6c8bf5c32313d76bf05f1362f,True,2000,953,326,627,34.2,1.02,82.12,51,1785833635794,1788865684302,35.1,179.06,2.181,34384.54878,50,4924.01,14.3,False,False,False
0x179341e689fc378f045b6461b381e794f3796e1a,True,2000,873,481,392,55.1,2.91,6279.87,2,1783161241024,1785779397522,30.3,-368.53,0.059,0.0,0,0.0,,False,True,False
0x17c2916939d3f8603d9dbf48e5011fcf150c2637,True,2000,990,358,632,36.2,1.11,732.53,45,1769034643897,1788864254444,229.5,509.75,0.696,952.051809,3,-39.09,-4.1,False,True,False
0x17d746bb34bdbec4f4b0f3883bb4d2bf54048134,True,2000,1038,741,297,71.4,2.13,3224.23,17,1772388201053,1776271411381,44.9,700.99,0.217,0.0,0,0.0,,False,True,False
0x17f1528fa3ea89278dde13601c7247f37192cf76,True,2000,1526,1149,377,75.3,1.74,30925.43,81,1760131258912,1788867626686,332.6,-8264.27,0.267,18605.640867,0,0.0,0.0,False,True,False
0x180ac2ca86f7dfa192819a43844fe1d6ee56e4fc,True,2000,1043,213,830,20.4,0.53,-8676.51,31,1785889404160,1788870132609,34.5,4250.23,0.49,8357.838597,2,-460.64,-5.5,True,False,False
0x1822bc895fd57318188f9c4d4272a0a810c574e9,True,2000,835,585,250,70.1,0.58,-50903.18,5,1763125318971,1788766245685,296.8,-13635.14,0.268,3206.598102,0,0.0,0.0,False,True,False
0x183a48331b4ee0d2253d7d23a4b1cbc10075b5ae,True,491,186,154,32,82.8,1.33,915.15,31,1704040309387,1779321600086,871.3,-716.41,0.783,1777.737607,0,0.0,0.0,False,True,False
0x1847dc422b9dea349e8af7d02cb3a136cd81f441,True,2000,1030,680,350,66.0,3.17,73455.43,13,1786992007974,1788652800016,19.2,-7581.28,0.103,23098.410416,1,14146.03,61.2,False,True,False
0x185aa9d6f3793c8fe7d0143d4fb3eaf823f1378b,True,830,459,351,108,76.5,1.96,11847.83,7,1758114298372,1787924521496,345.0,2979.0,0.251,5110.514441,1,-8777.74,-171.8,True,True,False
0x186a0ede279bb1e46fc383d990635d32dda655f2,True,2000,946,702,244,74.2,4.89,105838.26,37,1723812298704,1787182666801,733.5,10157.92,0.096,0.0,0,0.0,,False,False,False
0x187ce79639fe5f2b2803eb97d5cb8826fe5b5f98,True,1703,823,311,512,37.8,0.77,-6873.79,12,1766447154171,1788113915128,250.8,-1850.51,0.269,12602.344183,1,2540.97,20.2,False,True,False
0x188f2447f7517f46a6c617aecf950b740cd8eb98,True,2000,975,633,342,64.9,2.79,17840.23,11,1787166850854,1788831078644,19.3,951.69,0.053,21238.722363,1,-836.04,-3.9,False,True,False
0x18b459d954cbfe49c7918d7ea705591eb5a25346,True,2000,932,258,674,27.7,1.03,2602.61,10,1781720108922,1785468133441,43.4,10341.48,3.973,0.0,0,0.0,,False,True,False
0x18cde66120c9195fb6e50a4b1e13bce4c85d1300,True,2000,775,422,353,54.5,0.43,-2702.03,56,1788330013556,1788871148740,6.3,1156.17,0.428,14655.301432,59,935.07,6.4,False,False,False
0x18e0c5ae56412f30190746f919b9322b9cb515c5,True,697,360,191,169,53.1,1.54,5021.33,24,1760249620854,1788465633597,326.6,1877.53,0.374,0.0,0,0.0,,False,False,False
0x18f472ce4bbae4d1ae46809ad9fedc7894e19976,True,2000,1019,416,603,40.8,1.1,1371.11,37,1778476237812,1784749496768,72.6,1271.78,0.928,0.0,0,0.0,,False,True,False
0x1910fe77d78bdef4a3671da60c8d7395b47d3ce2,True,82,34,21,13,61.8,0.79,-410.64,8,1761045461608,1779321600086,211.5,-603.5,1.47,0.0,0,0.0,,False,True,False
0x192a09729d522f52dd53a7acc20f7d1a88981f5b,True,587,270,194,76,71.9,6.43,16241.47,4,1784806182721,1788849442534,46.8,2186.72,0.135,0.0,0,0.0,,False,False,False
0x19541333a3cd5cadea5ab371fdce84dc428142a2,True,2000,1012,296,716,29.2,0.8,-2372.52,13,1782613282016,1787122130969,52.2,1282.24,0.54,3931.167376,1,3607.97,91.8,False,False,False
0x197008a1d3e26a97a19f46c121482969cef95b7d,True,2000,955,479,476,50.2,0.62,-6140.45,34,1764291798403,1788748172867,283.1,-3796.27,0.618,0.0,0,0.0,,False,True,False
0x1980316479f2b01203b2cbf7e5eac1adc8f82bbe,True,2000,927,338,589,36.5,0.9,-1268.05,1,1768854238730,1788804410844,230.9,1541.26,1.215,0.0,0,0.0,,False,False,False
0x19a0330a6d0fd716ead4c4c02037abf6459fe29e,True,2000,904,345,559,38.2,1.05,156.53,5,1786208586799,1788220800019,23.3,200.92,1.284,0.0,0,0.0,,False,False,False
0x19b0bbf816ed1cb31afe5bbc06f890447a5b8315,True,2000,992,292,700,29.4,0.58,-14869.33,6,1771083361836,1775495773602,51.1,-1371.33,0.092,0.0,0,0.0,,False,True,False
0x19c124e003f44695668455d3ab602b2decfeed0c,True,1024,462,175,287,37.9,0.06,-23946.25,3,1782413946260,1782777600028,4.2,-2436.06,0.102,0.0,0,0.0,,False,False,False
0x19db27f290d8b52797e603ba91080ac8db90a4fa,True,532,238,90,148,37.8,1.51,1669.74,1,1777644002869,1784948690941,84.5,1685.97,1.01,0.0,0,0.0,,False,False,False
0x19f126c87f36339972e6d9378f102f7edeb6f02d,True,2000,1149,636,513,55.4,3.41,156965.45,8,1734192166869,1788399935175,627.4,57426.85,0.366,0.0,0,0.0,,False,True,False
0x1a0a9db7fe86cb8575fb5f78ba1aa5cf91eb2d0b,True,689,351,104,247,29.6,0.68,-5356.72,1,1782999860426,1787695612259,54.3,-2066.05,0.386,0.0,0,0.0,,False,True,False
0x1a1bbb975952a9d3450055b278ed5526f4ebba4c,True,2000,1140,451,689,39.6,0.74,-90358.97,35,1754452745512,1788655013940,395.9,77936.6,0.863,308293.649829,3,-589310.41,-191.2,True,True,True
0x1a2dd2100b3b33da6cf23947276a028be1bcca6c,True,628,324,151,173,46.6,1.95,3525.64,10,1747679551260,1787665879078,462.8,1348.14,0.382,1468.922113,1,6.69,0.5,False,True,False
0x1a421bd61314ae80e682cdd0196b0b567e1f0b32,True,2000,955,695,260,72.8,5.59,1749.32,15,1786903238364,1788128731060,14.2,-62.41,0.036,0.0,0,0.0,,False,False,False
0x1a563b5f86d3f34f6352831e5860821935ece032,True,2000,937,212,725,22.6,0.79,-429.53,21,1777599784626,1785360232802,89.8,67.92,0.158,0.0,0,0.0,,False,False,False
0x1a6ea3a36087fef4d56ebc9e11bf1b0a3a6a7437,True,311,135,64,71,47.4,1.72,25064.33,7,1734354569729,1787934230061,620.1,9359.57,0.373,45786.654166,1,-7270.58,-15.9,True,False,False
0x1a927c98be03e794b4723c8af9df83cdafc7ba3b,True,2000,918,425,493,46.3,0.19,-165777.38,4,1782711648419,1782928792547,2.5,-10777.75,0.065,0.0,0,0.0,,False,True,False
0x1aa6a90f54dfaa5aa876b4fb34c7207340f9e60b,True,2000,1067,863,204,80.9,0.69,-16322.08,2,1774739700837,1787173570886,143.9,-4178.69,0.256,0.0,0,0.0,,False,True,False
0x1ac2c15664ae6be1816260d82d52eb7bbc7f2e20,True,2000,1001,392,609,39.2,4.83,16026.71,3,1788280367747,1788690229998,4.7,2964.04,0.185,0.0,0,0.0,,False,False,False
0x1ada5468d57c7f7e0472ef1414f9b48003578f2e,True,435,217,191,26,88.0,1.73,30910.82,2,1774792535433,1787529322497,147.4,11293.05,0.365,0.0,0,0.0,,False,False,False
0x1afaecaa69be4b4760d960bbd987c75db395b122,True,2000,1092,409,683,37.5,1.27,6507.79,8,1781535744862,1783431409066,21.9,2160.97,0.332,0.0,0,0.0,,False,False,False
0x1b1692f2be561f4dc6fdc31ce9c67756567dad7a,True,2000,945,221,724,23.4,0.84,-4190.15,5,1775090656278,1779113312386,46.6,5586.5,1.333,0.0,0,0.0,,False,False,False
0x1b252f5aa0b44582fba1d4756cbcd7b39ca661ef,True,178,107,55,52,51.4,3.88,1194.21,7,1753643271612,1777534205571,276.5,267.19,0.224,0.0,0,0.0,,False,False,False
0x1b2f23541d71f2696f6da14a332865688a746596,True,1607,824,302,522,36.7,0.53,-9563.6,15,1765712681662,1788221925751,260.5,-908.76,0.095,0.0,0,0.0,,False,True,False
0x1b478d47cc1bce09b93d783c7d48dbd74078dd2f,True,2000,826,295,531,35.7,0.96,-332.77,12,1760236311777,1783465274646,268.9,853.57,2.565,0.0,0,0.0,,False,True,False
0x1b7165800e6840eee56c8988466b88cd7118c290,True,2000,950,410,540,43.2,1.49,19443.75,27,1776287118632,1788307200047,139.1,2367.87,0.122,0.0,0,0.0,,False,True,False
0x1b885a27cbadd7a49a6a0da78cf5570e26070945,True,2000,978,367,611,37.5,0.34,-11058.53,28,1779849657892,1782123510403,26.3,-1929.86,0.175,0.0,0,0.0,,False,True,False
0x1ba9a273a3da329f9597f9f15bf1c8c07f726363,True,2000,1013,450,563,44.4,1.5,5102.73,20,1778076412010,1788748754276,123.5,-986.87,0.193,0.0,0,0.0,,False,False,False
0x1bc4120a11591d1104fc0cc3cac6c43128df81cd,True,2000,957,294,663,30.7,0.91,-2727.24,22,1763608543499,1788795254777,291.5,4691.1,1.72,5909.743716,1,659.91,11.2,False,True,False
0x1be579b6d352f9630db66c203d9aa1f965409a33,True,549,258,213,45,82.6,0.24,-20877.51,5,1768495339644,1787275089720,217.4,-4423.78,0.212,0.0,0,0.0,,False,True,False
0x1bf3ec5b61e3f8dd6770e0856eb191fa6717773d,True,980,523,266,257,50.9,0.47,-11682.41,6,1776859008922,1780227724114,39.0,-3316.68,0.284,0.0,0,0.0,,False,True,False
0x1c103f02b2a5e7345774b8d4762c97f685c9e618,True,2000,691,397,294,57.5,1.9,4694.3,35,1781059221893,1783296000026,25.9,-441.98,0.094,0.0,0,0.0,,False,False,False
0x1c1c270b573d55b68b3d14722b5d5d401511bed0,True,2000,1111,510,601,45.9,0.43,-184.1,11,1788869314004,1788871549011,0.0,-20.99,0.114,0.006399,0,0.0,0.0,False,False,False
0x1c2e2ba8d67e3a0fefd86e729ad824948e1b4b7b,True,2000,909,646,263,71.1,0.33,-36833.16,10,1780257538295,1782410874517,24.9,-5091.64,0.138,0.0,0,0.0,,False,False,False
0x1c4e4fce5570740188b54f0295ce71904877c8b0,True,2000,934,550,384,58.9,2.42,21672.77,19,1787530942258,1788862725725,15.4,5810.63,0.268,4748.229463,1,-268.89,-5.7,True,False,False
0x1c7073a35de2f58c249b07ffab4d49e6b1bbbe42,True,2000,990,574,416,58.0,0.09,-19651.55,65,1772035048526,1788864994966,194.8,-14024.2,0.714,1687.701413,4,37.93,2.2,False,True,False
0x1c814c8068ddd68bcc79bd9d28a1698ba099072d,True,2000,1007,652,355,64.7,4.34,31058.61,14,1787934529399,1788562095375,7.3,3705.04,0.119,456633.868366,6,222455.57,48.7,False,False,False
0x1c994a948638f83d883f79ca16068c764dfc1d6f,True,1580,462,351,111,76.0,5.72,3191.46,35,1758708603301,1788773659829,348.0,387.02,0.121,594.740794,2,-146.16,-24.6,True,True,False
0x1ca1f89b8e647900dd286a42a37c245fbaa4782d,True,2000,1163,465,698,40.0,1.64,7443.78,28,1773255743140,1788776513990,179.6,3844.99,0.517,15538.852708,4,7828.05,50.4,False,True,False
0x1cb0d0ee9232b47a6127a0157c5e843c6efe0eac,True,2000,416,239,177,57.5,1.34,2205.31,1,1776280037192,1777246769344,11.2,1812.75,0.822,0.0,0,0.0,,False,True,False
0x1ccff27c5feeeaee997f7be502b57dd68b37afaa,True,1032,477,198,279,41.5,0.43,-9670.15,14,1759370642499,1783180934951,275.6,-5518.78,0.571,0.0,0,0.0,,False,True,False
0x1cdcb0883a5ff2012efb48fe9ede19eb6b27bf0b,True,2000,901,430,471,47.7,2.07,10698.78,27,1782734505216,1788720632003,69.3,572.64,0.054,0.0,0,0.0,,False,True,False
0x1cf3299a5b23e2a1f61a333f8563089a6a63f91e,True,2000,960,657,303,68.4,1.81,16495.09,36,1753509044080,1785452784680,369.7,-3450.2,0.209,0.0,0,0.0,,False,True,False
0x1d02bedb2ed9315444a3509af8bb2f8beea8c434,True,2000,905,453,452,50.1,1.2,2700.07,3,1778506983175,1788791224828,119.0,2249.53,0.833,152.551651,2,-35.67,-23.4,True,True,False
0x1d1917ad42bf91bb53eddc9b32d22b36b2c115d2,True,285,127,35,92,27.6,0.98,-148.93,1,1775781815761,1776583170264,9.3,-2110.01,14.168,0.0,0,0.0,,False,False,False
0x1d3174ca664a78042c1e8ebced909f6ffe087018,True,2000,1086,442,644,40.7,1.0,-63.56,20,1784758240321,1788832245892,47.2,-903.06,14.209,108149.052393,0,0.0,0.0,False,True,False
0x1d3d17c65742978338263c06a19ef6c0becd8928,True,2000,373,373,0,100.0,inf,1691.76,1,1788694554855,1788705554301,0.1,12.11,0.007,41581.686191,1,-17165.92,-41.3,True,False,False
0x1d52e7f48d8129254b580bfbda0d6aba12e4676e,True,2000,1037,570,467,55.0,1.14,3249.09,11,1768386235973,1786993435693,215.4,-4844.27,1.491,0.0,0,0.0,,False,False,False
0x1d6a12eafb47291583b9d5f694d53e3698349bd6,True,2000,1032,587,445,56.9,0.92,-246.84,14,1778192118109,1778262757796,0.8,-97.81,0.396,1004.797042,0,0.0,0.0,False,True,False
0x1d888a88fe88491fd653a107198894c8b59249eb,True,2000,1199,668,531,55.7,1.58,6974.11,4,1776204787324,1777399788435,13.8,344.94,0.049,0.0,0,0.0,,False,True,False
0x1d9e324e5fce00e6fa955e453e3d1aa1f43f33e6,True,2000,941,713,228,75.8,0.33,-122656.3,15,1758596596991,1787502797390,334.6,-58509.44,0.477,2929.647736,1,2094.11,71.5,False,True,False
0x1db5548ebd83670eb4f99cea5c62a5897d7389c4,True,2000,934,615,319,65.8,3.39,9474.41,7,1785506825899,1787834152884,26.9,2780.19,0.293,0.0,0,0.0,,False,True,False
0x1dd34726103d08355f71ead0a4e9ab901e82b9db,True,1590,730,169,561,23.2,0.09,-57260.54,8,1783732072063,1787183150801,39.9,-9578.1,0.167,0.0,0,0.0,,False,False,False
0x1dea823516f68a3d897c38eab6ed34f8357236b3,True,439,209,142,67,67.9,3.5,23838.24,1,1787243168649,1788846004172,18.6,5964.03,0.25,42695.315316,1,-4733.97,-11.1,True,False,False
0x1dff8c29ad7f6d8841a25a9dda8956f2e7a3c134,True,2000,1472,1251,221,85.0,3.61,53205.99,11,1758455310520,1784514818007,301.6,5256.97,0.099,5630.655767,1,41950.95,745.0,False,False,False
0x1e17b9ded907b1ad93c595bd8af54289287e3611,True,390,184,122,62,66.3,6.12,4145.26,8,1786164737722,1788798827420,30.5,957.38,0.231,5834.28097,1,46.3,0.8,False,False,False
0x1e2fce2e2a821c254fc4e53b373586af07ed0008,True,2000,756,99,657,13.1,1.41,117.79,10,1788511632707,1788868441421,4.1,206.58,1.754,0.0,0,0.0,,False,False,False
0x1e43c53efc6f54790c3da630d24df51603c0f785,True,781,389,158,231,40.6,0.35,-3829.46,6,1773832235972,1781424237913,87.9,-1700.3,0.444,0.0,0,0.0,,False,False,False
0x1e62ae3c048f873f1ba3d89b48687a65b1e3664c,True,502,295,140,155,47.5,0.47,-9184.47,5,1781118240042,1783713403967,30.0,-4747.5,0.517,0.0,0,0.0,,False,True,False
0x1e771e1b95c86491299d6e2a5c3b3842d03b552e,True,2000,882,644,238,73.0,7.37,344155.78,16,1784067192791,1788811512718,54.9,11632.54,0.034,636982.940878,7,-1947032.13,-305.7,True,True,False
0x1e883e4cbf2ce24435c650e24f0532a35f284aba,True,1234,593,382,211,64.4,0.71,-2184.53,16,1777574670638,1787068871199,109.9,-1150.14,0.526,0.0,0,0.0,,False,True,False
0x1e95d90d35133ef4766ac0d2b754eda2927ad281,True,2000,651,68,583,10.4,0.27,-19087.75,4,1774598571460,1774848686068,2.9,2326.73,0.122,0.0,0,0.0,,False,False,False
0x1ea5ac872b4170cdc1c9819231d1a25b73d971b7,True,1741,755,677,78,89.7,563.62,2131.95,3,1775203814411,1788843631874,157.9,913.74,0.429,10127.906774,1,-0.16,-0.0,False,True,False
0x1ebf9e238e72bad9747488cd94c8af10fa9db900,True,167,81,37,44,45.7,0.37,-3198.63,11,1759499113848,1782918021166,271.1,-1080.97,0.338,0.0,0,0.0,,False,True,False
0x1ecd95bc8561730c7b7d24f82a4963ae69db4212,True,2000,1102,192,910,17.4,0.08,-82422.09,3,1780430313680,1780640857466,2.4,-6937.83,0.084,0.0,0,0.0,,False,False,False
0x1edb2ab45c2326985021b37529c7f8d34989f5d8,True,1346,730,561,169,76.8,1.88,12925.01,35,1765046918093,1788770485998,274.6,-1057.4,0.082,1721.404458,3,-580.33,-33.7,True,True,False
0x1ef18166fc008d3c22d252acaf325e9f9a118c34,True,2000,1138,336,802,29.5,0.33,-49494.84,5,1781510549080,1785289978273,43.7,-3394.0,0.069,0.0,0,0.0,,False,True,False
0x1f05d6879c2ba4abc2f9a3b42f4ac30dd4f49935,True,1963,1080,723,357,66.9,1.1,5138.93,43,1764245265422,1787529600082,269.5,-11481.88,2.234,0.0,0,0.0,,False,True,False
0x1f1690074a8744e8d38cdca1ab2b75fafe5d6d07,True,2000,832,496,336,59.6,5.49,14162.05,9,1788131969579,1788637362378,5.8,4933.93,0.348,843689.296718,7,222319.86,26.4,False,False,False
0x1f312fed63156f96770a1f0741b40ebd52bd26ca,True,629,288,165,123,57.3,0.23,-9212.15,1,1788182072769,1788382753243,2.3,-958.24,0.104,0.0,0,0.0,,False,False,False
0x1f3e97fada893ebf79bc6e1242dd1bbe8a4946d7,True,270,132,59,73,44.7,0.76,-1554.55,7,1724572092514,1786493524757,716.7,1801.97,1.159,0.0,0,0.0,,False,True,False
0x1f5184927901271ab4ae6231f17320ca260257f5,True,2000,1062,525,537,49.4,1.16,2549.05,9,1787357577623,1787970146190,7.1,2288.86,0.898,0.0,0,0.0,,False,False,False
0x1f5aec63b736e1cf5e27fd4fb12f63a2d3207c5f,True,2000,835,411,424,49.2,0.58,-43398.76,27,1778441779865,1787605846246,106.1,-10934.1,0.252,0.0,0,0.0,,False,True,False
0x1f6a7765289433b2082e3a7c4ef436ca29a2bb52,True,2000,834,535,299,64.1,3.22,118020.61,15,1776209724625,1788761346262,145.3,12964.23,0.11,107276.619023,2,38806.77,36.2,False,True,False
0x1f7eb92a2dbf2c1e132449415c86e8810d5e6964,True,2000,860,501,359,58.3,2.41,24768.76,20,1782192575526,1788464824477,72.6,2151.82,0.087,0.0,0,0.0,,False,True,False
0x1f938808970327b006ab6cd513a9a9ea69cd8cf5,True,2000,923,580,343,62.8,1.32,4053.44,7,1787909646243,1788859725224,11.0,1799.24,0.444,0.0,0,0.0,,False,False,False
0x1fbf4789ac39de79936ccc29fa6789db6848a275,True,2000,732,558,174,76.2,8.41,5365.12,27,1785208040215,1788440315441,37.4,222.96,0.042,6.15958,1,-1.64,-26.7,True,True,False
0x1fca7d0461e850a07071872e954dacafbdeccff3,True,2000,929,406,523,43.7,0.72,-4560.38,8,1780926823606,1788288894716,85.2,-2675.38,0.587,0.0,0,0.0,,False,False,False
0x1fddd4dbb9258ea15a458fa31a5e379c6296bcfc,True,1101,509,173,336,34.0,0.63,-876.53,11,1761563098268,1787908256715,304.9,141.81,0.162,0.0,0,0.0,,False,True,False
0x1fee4eed3bdc51db6b46662ea249b9323fab6681,True,475,181,103,78,56.9,0.41,-11023.61,2,1772462552086,1773567092765,12.8,-4592.04,0.417,0.0,0,0.0,,False,False,False
0x2007aa10052fe5c52736a281cb05a61f8999f192,True,639,281,188,93,66.9,1.97,4087.23,2,1787293893329,1788387551708,12.7,1604.9,0.393,0.0,0,0.0,,False,False,False
0x201496a68f06ad7a5e45b4e58269a815813afb47,True,2000,1016,417,599,41.0,0.94,-1335.88,35,1778442394486,1782777600028,50.2,-1682.41,1.259,0.0,0,0.0,,False,False,False
0x20290f69980dab373ace0650775ff446c5e4b04c,True,918,459,175,284,38.1,1.04,87.63,11,1772421021856,1781128553536,100.8,393.54,4.491,0.0,0,0.0,,False,True,False
0x2049717c95c3815b4e810515ee7da2b8a08bdd85,True,2000,1008,369,639,36.6,0.89,-5149.76,13,1783095037285,1786666020987,41.3,5367.55,1.042,0.000712,0,0.0,0.0,False,True,False
0x2057411128b629ad0c781cbeecc25820d2f2d9bc,True,1131,578,191,387,33.0,0.69,-19842.68,13,1773034350730,1783043703120,115.8,4250.48,0.214,0.0,0,0.0,,False,True,False
0x20707bac45d246d282ab17c0baf95807345b7bdf,True,1925,857,238,619,27.8,1.29,5661.42,29,1701163209254,1787821879964,1003.0,2551.8,0.451,0.0,0,0.0,,False,True,False
0x208db9f389989c5c387cc3a2620cc5251eace716,True,2000,1722,1374,348,79.8,35.81,1692193.81,14,1776312187474,1777334400035,11.8,14223.0,0.008,0.0,0,0.0,,False,True,False
0x20a90f6c6a5fa4ab8f221f7ece193d81ec5a44ab,True,999,507,292,215,57.6,0.68,-8337.61,22,1779421020913,1784853220236,62.9,-2863.18,0.343,0.0,0,0.0,,False,True,False
0x20ba162a8bd7f7db3967f142d426565296a1a873,True,104,53,44,9,83.0,197.04,23712.83,4,1767790272526,1779480540024,135.3,4120.82,0.174,0.0,0,0.0,,False,True,False
0x20dc707b38255a6dfc65a77eda796b4084c4cbb3,True,2000,1053,388,665,36.8,0.82,-3677.7,8,1781710760480,1785974400034,49.3,-1904.85,0.518,0.0,0,0.0,,False,True,False
0x20fc2e585707f274da6a48226d7886c433f73624,True,481,92,16,76,17.4,8.08,42423.02,2,1783026543698,1788865483519,67.6,13632.0,0.321,34863.134373,1,-4401.0,-12.6,True,False,False
0x211747bf3a4c2b1cfa9ba49012f0d79b10be893d,True,2000,1124,145,979,12.9,0.01,-847226.55,3,1782915167017,1783297717677,4.4,-57634.55,0.068,0.0,0,0.0,,False,True,False
0x212abcf1a07986aedb244fc4c6f5fe037913a8c6,True,2000,1021,470,551,46.0,0.07,-434228.14,10,1786916436767,1788847584682,22.4,-23006.98,0.053,16750.376684,3,288.35,1.7,False,False,False
0x214096b13bd15cc38baa51c95e05edc7d961e8cb,True,2000,831,457,374,55.0,1.52,14228.33,105,1750054773071,1788868888534,449.2,4466.16,0.314,504.979719,0,0.0,0.0,False,True,False
0x215d41b79d0aa6a8cf5f25377a88b612746af80a,True,2000,587,488,99,83.1,4.41,50407.48,7,1781882124042,1788824915251,80.4,3736.5,0.074,206159.224085,1,6280.2,3.0,False,False,False
0x2177b4ae27af057f41f373a3074ce1d58576c3b1,True,2000,951,546,405,57.4,0.54,-22229.37,1,1774266422607,1774838795421,6.6,-2523.97,0.114,0.0,0,0.0,,False,True,False
0x219236464d107c5167af2e09178d889d5646edd6,True,2000,876,557,319,63.6,0.52,-6901.21,11,1784879031442,1787925880615,35.3,-725.45,0.105,0.0,0,0.0,,False,True,False
0x21aa944d0b029bb5c36547c5d74f8890410b844f,True,374,241,98,143,40.7,1.22,4758.54,7,1754075645594,1784265757605,349.4,-6080.85,1.278,1692.689699,1,1208.85,71.4,False,True,False
0x21d26b51d1de4ca263c912a78e2677947dd09bd1,True,454,171,74,97,43.3,2.43,1181.22,11,1761418121521,1781278303688,229.9,348.67,0.295,0.0,0,0.0,,False,True,False
0x21ee4b39f27afcaa6462d84bd904497f44411c5e,True,2000,794,739,55,93.1,21.92,244853.55,40,1763987483213,1788830566982,287.5,10453.3,0.043,8731.741785,1,-1547.76,-17.7,True,True,True
0x221284041f07f1e9af30beadbd08bb14f5e5838c,True,2000,612,407,205,66.5,9.89,284786.99,11,1787023875051,1788871871656,21.4,16888.83,0.059,541592.511158,2,-5582.74,-1.0,False,True,False
0x22387fdd23eaf4a3efba0bbb62937d7ff6776945,True,754,323,233,90,72.1,2.2,12226.71,5,1776589196459,1787154032023,122.3,2202.13,0.18,0.0,0,0.0,,False,False,False
0x225743040114e0597cb96fe5a361a134c86ea360,True,1111,503,253,250,50.3,3.0,14735.23,15,1786109044073,1788871270879,32.0,2238.14,0.152,11407.960574,1,91.74,0.8,False,True,False
0x226b093e54280a4f296fb0f9801b775d0b29fb20,True,2000,896,364,532,40.6,1.12,946.88,41,1785043902156,1788706097894,42.4,1353.95,1.43,0.0,0,0.0,,False,True,False
0x2292e3d0846e594e70ca7f001f8ff87cab14c7ec,True,2000,950,618,332,65.1,0.74,-3252.53,7,1777486458104,1788619453981,128.9,-642.82,0.198,0.0,0,0.0,,False,True,False
0x22ab945b234ab07784044d291d7faf7a15219db2,True,2000,876,452,424,51.6,3.61,7168.9,49,1778822490926,1788869783380,116.3,-1944.06,0.271,2611.451363,2,1391.26,53.3,False,True,False
0x22bffd7a226950c1a7151dd49b49027db6257d4b,True,1512,771,370,401,48.0,1.14,1132.29,12,1764621651897,1776701108057,139.8,-966.71,0.854,0.0,0,0.0,,False,True,False
0x22f1dc11c84afc6553e44beae0ae9f9252a7f207,True,2000,828,454,374,54.8,0.31,-21182.42,20,1773873271015,1788728949270,171.9,-2951.87,0.139,0.0,0,0.0,,False,True,False
0x2300d7d9a281ede7cc202e4d169438faf20ac700,True,2000,877,293,584,33.4,0.79,-6206.72,34,1782774756276,1788817793078,69.9,11184.0,1.802,50373.614067,7,53622.2,106.4,False,True,False
0x230c68de694109fe1dde1c9d8341b0c1c2e57f86,True,380,151,85,66,56.3,6.23,45761.77,7,1771170872694,1784643289046,155.9,6092.85,0.133,0.0,0,0.0,,False,False,False
0x231e62b03b7c12f14d4584bf5d3a48f5ef0ab457,True,2000,1215,343,872,28.2,0.33,-12701.57,12,1787851919706,1788796629809,10.9,-1240.27,0.098,22082.071592,22,4714.66,21.4,False,False,False
0x2339dd452eac58b076ccf19a1fe502a7d473b122,True,580,266,79,187,29.7,1.9,15264.07,1,1778455413617,1788471277132,115.9,3519.0,0.231,23722.287726,1,15344.0,64.7,False,False,False
0x2373962eec8ed3764ddc1142244ac1e0fa38d0d8,True,2000,1038,14,1024,1.3,0.0,-98209.31,4,1775605377720,1776786396612,13.7,-1411.42,0.014,0.000938,0,0.0,0.0,False,False,False
0x237f75ab8fd79ba9af454570c9eaa5b4b866cc8b,True,2000,880,460,420,52.3,0.42,-30123.86,6,1785254052690,1788529828923,37.9,-3309.13,0.11,0.0,0,0.0,,False,False,False
0x2396bc99feedc162af809314257571bb7ff07a36,True,2000,774,474,300,61.2,2.24,99599.13,19,1779947820707,1788848530562,103.0,15856.78,0.159,14469.585376,1,252.73,1.7,False,True,False
0x23bdd9a9aa85a08f38f52f30c7184a4ebabf48a2,True,1462,719,369,350,51.3,0.35,-5364.01,14,1784254179351,1784496174760,2.8,-782.73,0.146,0.001608,0,0.0,0.0,False,True,False
0x23deb63c5f448cf4e0b1245bb973b06ad2ebb589,True,498,225,201,24,89.3,11.2,15771.92,2,1769168505963,1786973691333,206.1,1187.78,0.075,41856.458716,0,0.0,0.0,False,True,False
0x23eb2bec27be965643d0114a622515c18e1865d0,True,1046,594,345,249,58.1,1.69,1724.89,6,1771513796123,1780320196329,101.9,393.42,0.228,0.0,0,0.0,,False,True,False
0x2400019975136af54c0d51d1f2f2b9b0f60d8aca,True,2000,1200,864,336,72.0,3.94,7020.03,14,1788202301025,1788867866956,7.7,773.77,0.11,0.0,0,0.0,,False,True,False
0x24100bd8dacf707f36580010fb4dc02ce028032c,True,2000,898,544,354,60.6,1.18,2152.89,193,1770569303258,1787522725068,196.2,-538.9,0.25,0.0,0,0.0,,False,True,False
0x24234cc987d079e9cb68736e8c5f00c1d6007fee,True,2000,907,413,494,45.5,0.32,-100894.27,37,1756067715457,1787432533211,363.0,-41194.98,0.408,0.0,0,0.0,,False,True,False
0x2435ed340454ecbbcafdd00985766f8632d3a78a,True,2000,1016,390,626,38.4,0.94,-471.79,68,1755652716596,1788301306494,377.9,-605.95,1.284,0.0,0,0.0,,False,True,False
0x2447bfc88420e43c4ca8e6fd89a54f16d469db96,True,2000,949,534,415,56.3,0.18,-62169.91,4,1775242646764,1784674326583,109.2,-8262.54,0.133,0.0,0,0.0,,False,True,False
0x245f1acbb1545b08df695c1d64da8c75b890404c,True,1514,711,289,422,40.6,0.39,-47163.26,6,1780489081179,1788869983283,97.0,-48145.22,1.021,86120.809298,5,-81283.2,-94.4,True,True,False
0x2478c895d589c86f8a3b4166bf50532250449c47,True,2000,1005,556,449,55.3,0.65,-9565.97,36,1735678453057,1788307200047,609.1,-7788.07,0.814,0.0,0,0.0,,False,True,False
0x248bcc3775512b3f2388c5de667a03ec66ee3c57,True,1879,950,815,135,85.8,2.77,7939.03,14,1713477614591,1779739998647,766.9,-3983.69,0.502,0.0,0,0.0,,False,True,False
0x249a266dc2458d9c174e2ad722d12bde5f1fa972,True,260,102,0,102,0.0,0.0,-3417.54,1,1776133929076,1776140702408,0.1,-308.41,0.09,0.0,0,0.0,,False,False,False
0x24b5f713959170ffc32697abf41901884895172c,True,2000,884,649,235,73.4,1.96,29724.37,12,1785193683343,1788748983088,41.1,-5271.85,0.177,9936.16946,1,-191.71,-1.9,False,True,False
0x24c4d1a1a51674d6b855dfccd7015412c9f3e481,True,651,370,118,252,31.9,0.3,-6107.92,8,1769601388414,1778583159805,104.0,-2153.25,0.353,0.0,0,0.0,,False,True,False
0x24de92bbe963eb6602234d08db39e139bee8a9e1,True,966,454,357,97,78.6,1.4,10854.06,7,1780386873006,1784131807217,43.3,-3480.03,0.321,0.0,0,0.0,,False,True,False
0x24fb6523036ebcb3cc51deff138066dccf6bed0f,True,2000,978,709,269,72.5,4.5,20763.58,7,1788618106107,1788790014922,2.0,2687.24,0.129,0.0,0,0.0,,False,False,False
0x251643e57e0904726974c4b62037a89d8e6e7853,True,2000,917,274,643,29.9,0.81,-2076.15,3,1788635512659,1788844410794,2.4,629.75,0.303,0.0,0,0.0,,False,False,False
0x25278ae10b70e66b4a41fc6c9a09035eda8ba466,True,2000,929,626,303,67.4,5.45,12930.1,28,1766957272476,1781017521007,162.7,2150.74,0.166,0.0,0,0.0,,False,True,False
0x252efe7cdcd64986cd00dbcf0f84d63d82595b78,True,2000,990,452,538,45.7,1.34,2218.39,51,1786609369319,1788862081862,26.1,422.8,0.191,101358.229784,50,6630.35,6.5,False,False,False
0x25530e846761319743738bcbf2c3c79fa2b7b5fa,True,2000,657,238,419,36.2,2.51,36433.08,16,1781606010062,1788697347899,82.1,5214.9,0.143,44113.706187,4,-23107.0,-52.4,True,True,False
0x2567d753e50159effccab3da32c960148c93e1a5,True,1613,883,479,404,54.2,3.02,39510.58,67,1681901039983,1788341509508,1231.9,4996.76,0.126,79.676918,2,9.0,11.3,False,True,False
0x257ed15fd1c8bb6e15f83adba992d7a052215690,True,2000,927,297,630,32.0,0.55,-103308.66,5,1765756223310,1784081987272,212.1,-12552.15,0.122,0.0,0,0.0,,False,True,False
0x2594e08791eb5db6b102cb4a0742cb5c40cef3f4,True,2000,593,277,316,46.7,1.2,1153.27,20,1788443255358,1788869789465,4.9,-797.19,0.691,24306.264444,4,106.54,0.4,False,True,False
0x25a629ecd9211960e121548037064c780416a23d,True,2000,865,483,382,55.8,0.9,-751.16,27,1787385516580,1788872047761,17.2,-550.72,0.733,1402.73,3,-28.9,-2.1,False,True,False
0x25beda673690ecd0a8a64d35ab228fc2e1c0048a,True,2000,1143,489,654,42.8,0.13,-47095.4,5,1780734078369,1788258618627,87.1,-3617.99,0.077,34544.146457,2,25934.89,75.1,False,True,False
0x25c954a40d18d1196c747c3418e84c27fca022ff,True,958,466,116,350,24.9,0.63,-5869.23,4,1782873680171,1785464091889,30.0,-4393.0,0.748,0.0,0,0.0,,False,True,False
0x25d6a12339f0d2366cfbd6281329f29bff677c93,True,1518,848,507,341,59.8,1.13,1418.46,46,1763819203493,1788820784278,289.4,1902.48,1.341,1159.353597,2,837.19,72.2,False,True,False
0x25f1d56bdf398e568e026aa86946662e3be532a3,True,2000,859,380,479,44.2,0.82,-3806.78,12,1781092707085,1787337284398,72.3,1668.69,0.438,0.0,0,0.0,,False,True,False
0x2600592315115ab268910ee0252b4c0c638afdf9,True,413,171,85,86,49.7,0.22,-86059.2,4,1772639617229,1787777521809,175.2,-14760.0,0.172,0.0,0,0.0,,False,False,False
0x2620fae8ba885a38167876e2b865c76da9da46b4,True,2000,1007,465,542,46.2,0.35,-75601.63,12,1768898133622,1788471199081,226.5,-6752.94,0.089,56724.024769,1,-21830.6,-38.5,True,False,False
0x26407a88d2f1d894e05bb7bd3807a48383c0e527,True,2000,1086,866,220,79.7,3.99,8243.83,6,1787320403814,1788870510093,17.9,430.65,0.052,14939.150056,3,-2096.79,-14.0,True,True,False
0x2652b3cb6a4f974a475136b6d6d4e5eb59de51d0,True,2000,915,404,511,44.2,1.16,3638.88,8,1785485387145,1788752607156,37.8,3898.64,1.071,0.0,0,0.0,,False,True,False
0x266863052df2a3225666078de84bc14a3671f6b8,True,173,38,32,6,84.2,61.85,3813.55,1,1777921896683,1778873013253,11.0,440.58,0.116,0.0,0,0.0,,False,False,False
0x266ea3c4fa78476c0b8fcc42fd2f5105d7f845df,True,1119,443,167,276,37.7,0.88,-717.39,7,1762201653016,1777009820014,171.4,-731.11,1.019,0.0,0,0.0,,False,True,False
0x268d241dc14e52b5f91931a58848915d80a917e9,True,314,151,59,92,39.1,1.58,23.67,18,1776695984193,1782802960243,70.7,18.95,0.801,0.0,0,0.0,,False,False,False
0x269f675997385e83d9ef8361793e805758a17ee2,True,2000,769,673,96,87.5,5.89,39917.66,8,1762538239578,1788495494718,300.4,2166.71,0.054,0.0,0,0.0,,False,True,False
0x26ad8234b6f0171c7bddd2df353b71dac73158c2,True,2000,944,446,498,47.2,1.23,2975.23,76,1775934610217,1785401948133,109.6,-1771.61,0.595,0.0,0,0.0,,False,True,False
0x26df87765b38fd98ad8ae9f2907ee0a8fe28acfd,True,2000,1047,305,742,29.1,0.41,-31234.18,41,1769617003912,1788867505200,222.8,-4063.93,0.13,19193.184539,3,-283.21,-1.5,False,True,False
0x26fe122cc2322fbef86a68d19218500fb3e7b7e5,True,796,310,299,11,96.5,21.13,89453.8,13,1772199685607,1788766903066,191.8,5857.81,0.065,68840.22483,4,-66597.22,-96.7,True,True,False
0x2711ab89dc0f4eb2e675b517d295ffcec38c8a5f,True,464,191,143,48,74.9,0.91,-395.64,18,1784624310931,1788867042454,49.1,-958.84,2.424,21.768372,1,0.02,0.1,False,True,False
0x27284b34ffcaea2cdab3bcaa2084fffda6715856,True,747,422,272,150,64.5,1.65,8735.88,18,1684251910028,1787175403761,1191.2,3421.45,0.392,0.0,0,0.0,,False,False,False
0x273f0ca8c845d1b924ce3e00bb8a7d00b2a44a48,True,2000,1092,353,739,32.3,1.27,2953.65,14,1776635992980,1788833622222,141.2,939.99,0.318,0.0,0,0.0,,False,True,False
0x2761842dd2d5984c424d9cc76ff0c9fc960117ae,True,2000,529,388,141,73.3,0.37,-29792.41,2,1767028816816,1779985010942,150.0,-12057.82,0.405,0.0,0,0.0,,False,False,False
0x27806ea2a3e6dd93c21b76a79e9fef28fc129219,True,2000,1084,611,473,56.4,0.56,-17557.7,2,1769712791726,1780710671596,127.3,-2611.94,0.149,0.0,0,0.0,,False,True,False
0x278ec6818ae02fc255b370e85606b01fb0455cf9,True,1504,616,454,162,73.7,7.65,56520.92,25,1768570364000,1772789525180,48.8,48003.63,0.849,0.0,0,0.0,,False,True,False
0x27a12afe8a4e6e8ade8a28980a0e23fd93ff40a6,True,1391,655,182,473,27.8,0.3,-15960.71,5,1787819197660,1788678878996,10.0,-3010.36,0.189,0.0,0,0.0,,False,False,False
0x27aef25d774abc98ed55ec926c3e1461eca4184a,True,2000,652,314,338,48.2,0.08,-775342.3,3,1787276851374,1788751865519,17.1,-62463.0,0.081,22678.489077,1,-845.81,-3.7,False,False,False
0x27c3d759e2c02b6bbd999a387f2eb67a6fbcaeed,True,2000,1004,463,541,46.1,1.77,8185.07,6,1787717235010,1788866361836,13.3,-3187.42,0.389,4978.565872,1,-106.92,-2.1,False,False,False
0x27d9c7da567aff94d3c858916082e3a7e68601cf,True,1539,646,337,309,52.2,0.57,-7762.03,43,1732876972310,1781740800025,565.6,-2366.91,0.305,0.0,0,0.0,,False,True,False
0x27e2f8027645ae1c2568903e4b0c1a0c2a4ebf03,True,2000,987,254,733,25.7,1.3,5909.55,11,1787340807884,1787772470595,5.0,9131.64,1.545,0.0,0,0.0,,False,False,False
0x27f0f640a40fa906bde931d1a5eb298503ab017f,True,496,233,170,63,73.0,1.69,5006.52,15,1779360460854,1788710823813,108.2,-2138.41,0.427,13546.929032,2,8480.21,62.6,False,True,False
0x28011aa95871a3daa16cf8ba440069ab6fd0f6b8,True,2000,1008,704,304,69.8,6.2,2232.43,42,1781370131743,1788837487821,86.4,118.27,0.053,0.0,0,0.0,,False,False,False
0x2813e798d08a31361772a8bcb66db6bd45535d67,True,1077,430,257,173,59.8,1.58,11314.75,40,1721400985602,1788796553384,780.0,3463.15,0.306,22184.397684,4,-265.4,-1.2,False,True,False
0x282cccb848eb11c9a0a66dd33387e49b5fd660ef,True,791,423,145,278,34.3,1.25,1846.32,17,1748949466382,1788865840788,462.0,788.16,0.427,0.0,0,0.0,,False,True,False
0x28452e9f6733e73e2b85cefa936cec15ea700bac,True,2000,1169,1096,73,93.8,219.48,266826.06,3,1779759729695,1780579804514,9.5,76355.13,0.286,0.0,0,0.0,,False,False,False
0x2857a031c7a0932df211eb5154c28010b440b624,True,2000,935,349,586,37.3,0.4,-40215.03,15,1775692905495,1784283371794,99.4,3593.91,0.089,1e-06,0,0.0,0.0,False,True,False
0x2871d5e65fa53a71f8ac5dad1f16a9e039df8248,True,61,8,2,6,25.0,0.06,-9414.0,1,1781037551409,1787303262064,72.5,-6173.58,0.656,0.0,0,0.0,,False,True,False
0x2888be6982957103ea88ac10f4179df0a294e877,True,2000,1058,350,708,33.1,1.28,29529.62,17,1765924551249,1788848430967,265.3,10807.97,0.366,23717.100564,1,181.2,0.8,False,False,False
0x289f2065698d1f155ef22ce3244647671b136c59,True,1098,428,76,352,17.8,0.67,-621.81,12,1774196919961,1782080012654,91.2,-693.15,1.115,0.0,0,0.0,,False,False,False
0x28b78ca5972c48d801f41711df11565edbb4f142,True,263,126,53,73,42.1,0.6,-77.41,24,1782742129961,1787845371701,59.1,-20.81,0.269,6.051884,0,0.0,0.0,False,True,False
0x28cf3c605216a841b1e3b77aad0c82d760ed7a00,True,2000,816,589,227,72.2,2.5,94313.94,47,1727154734112,1788701445167,712.3,19054.6,0.202,4786.959755,6,-3144.64,-65.7,True,True,True
0x28e88afab410b524531f76d07f653491b9309ec5,True,490,220,47,173,21.4,0.18,-26049.86,1,1780314684655,1788513381342,94.9,-11444.27,0.439,0.0,0,0.0,,False,False,False
0x28f5fd5eb3fa4e76b8563a97c26866d4ffe9a638,True,2000,1002,819,183,81.7,4.59,2864.03,42,1785162589959,1788869651649,42.9,77.15,0.027,252126.645991,1,-885.68,-0.4,False,True,False
0x29149b0de01636eca0535cc586095c632f0cb203,True,2000,820,387,433,47.2,0.38,-2201.68,72,1787148330779,1788869929770,19.9,-150.79,0.068,525.05799,12,9.88,1.9,False,False,False
0x29280f3dbe48000ba5888efa7e25a9b0038d3b7e,True,2000,1063,734,329,69.0,1.6,2347.65,4,1785706526441,1788856242247,36.5,-460.28,0.196,0.006066,0,0.0,0.0,False,True,False
0x2938ae3ed764bdad5f4c8975f93da3c1df4ce209,True,1303,639,316,323,49.5,0.43,-14821.66,7,1774522936523,1780383467551,67.8,-9693.88,0.654,0.0,0,0.0,,False,False,False
0x294f4c8db0f15175f5f16faf7859d5c7b26f72aa,True,732,345,198,147,57.4,0.62,-5439.38,23,1750583824472,1780058260193,341.1,-2459.22,0.452,0.0,0,0.0,,False,True,False
0x2968a553f42fd6a9f3d73cff60f2d5784873dfd4,True,2000,827,407,420,49.2,0.94,-126.56,49,1783830095146,1787525860191,42.8,-429.78,3.396,0.0,0,0.0,,False,True,False
0x2976750edc3c086e1dd5011468ec8b6aa37459ff,True,2000,707,581,126,82.2,0.15,-15237.73,31,1769738325803,1772922134376,36.8,-725.18,0.048,2.4e-05,0,0.0,0.0,False,True,False
0x298b8aa81cca2847dcaccdb6fee0a514fbd4208b,True,2000,813,36,777,4.4,0.02,-32410.64,17,1786742620958,1788306376441,18.1,-3979.48,0.123,6343.196779,1,5757.22,90.8,False,True,False
0x29a8fbcebba5a2cbf661d21727bdd9bd4b8d624a,True,2000,1001,226,775,22.6,0.52,-6080.05,8,1785129103010,1785292306303,1.9,-968.81,0.159,0.0,0,0.0,,False,False,False
0x29b98aaf8eeb316385fe2ed1af564bdc4b03ffd6,True,2000,936,332,604,35.5,0.24,-57884.22,24,1778038795422,1782527858617,52.0,-8813.78,0.152,48835.464007,17,-26790.11,-54.9,True,True,False
0x29cf2074d472f019f5e8afdc42b7e05ee26ef963,True,1627,804,373,431,46.4,1.34,4173.03,52,1738716572496,1784038989931,524.6,-973.31,0.233,0.0,0,0.0,,False,True,False
0x29eb62882a8bd104a64400a2971d0d6881777043,True,2000,1454,803,651,55.2,3.68,67137.5,59,1771812296620,1787752465236,184.5,6244.16,0.093,0.0,0,0.0,,False,True,False
0x2a052a10be9b324722e49d72208d720ee57cd437,True,2000,940,270,670,28.7,0.66,-1341.98,23,1759568114186,1772659096335,151.5,-531.26,0.396,0.0,0,0.0,,False,False,False
0x2a16d8cb361daf4794d89c16062356482778d194,True,320,161,85,76,52.8,4.01,13053.48,8,1770080257532,1787356800028,200.0,1823.81,0.14,0.0,0,0.0,,False,True,False
0x2a2949f1da14f6a7d3308f38228ccdee1f22f19e,True,1750,888,425,463,47.9,1.08,1113.02,32,1757074739574,1788838156300,367.6,1354.46,1.217,60.136182,1,3.59,6.0,False,True,False
0x2a3c8fc3e19cae54116e8fccb83b99bc1aa49aca,True,871,341,228,113,66.9,0.9,-324.65,6,1779283444315,1785421596509,71.0,-712.59,2.195,0.0,0,0.0,,False,True,False
0x2a52901e07d8ab31eeca3891ce751ad285b4c6a1,True,2000,988,615,373,62.2,0.31,-76399.07,11,1773093190378,1775433679167,27.1,-12480.53,0.163,0.0,0,0.0,,False,True,False
0x2a6e0b832b08c040ca59625025b6b8aec96a29f6,True,2000,727,573,154,78.8,2.16,66238.42,60,1746288931953,1788715400255,491.0,-8305.65,0.125,36687.043048,16,-22864.24,-62.3,True,True,True
0x2a8f0c365236a6c7141239010b6c30663a13da5b,True,2000,949,555,394,58.5,1.9,13121.05,24,1778853508745,1788868443587,115.9,1989.18,0.152,12197.724554,7,-1004.49,-8.2,True,False,False
0x2a9b6f644b4632f4055129ae062ac6bf4a739795,True,2000,772,437,335,56.6,1.18,1922.94,33,1780461437072,1788815528140,96.7,-1524.79,0.793,4339.09738,1,-399.65,-9.2,True,True,False
0x2ab3da753851e34ad23a4f155d1196ec8d09c9d4,True,2000,1434,689,745,48.0,1.45,26077.84,2,1788740195669,1788852846789,1.3,-4842.37,0.186,0.0,0,0.0,,False,False,False
0x2ac4641985412e7436d57585faad13d04717746e,True,2000,1099,581,518,52.9,1.41,7155.7,14,1788702327606,1788872140553,2.0,1390.62,0.194,354909.015436,15,-9062.98,-2.6,False,True,False
0x2ad39023e96af96c68af8b97c04e081f5a5d8599,True,1646,857,408,449,47.6,1.13,1523.87,1,1781874355401,1785696104123,44.2,-1275.01,0.837,0.0,0,0.0,,False,True,False
0x2af7548f0193faa5ca792089d154db2d18709604,True,2000,1096,884,212,80.7,0.69,-10802.83,2,1786501459660,1788796615298,26.6,-3279.47,0.304,16184.163958,1,-1392.74,-8.6,True,False,False
0x2b0c06be831a935b66c95f3d99e6fdebb2660df3,True,2000,731,332,399,45.4,1.35,1116.54,35,1752543695327,1787368006400,403.1,385.16,0.345,0.0,0,0.0,,False,True,False
0x2b2d4b11bfaaea4d0a8b32bf3aa4539d641e2886,True,2000,963,361,602,37.5,0.59,-13516.87,8,1780569119545,1781194074975,7.2,2653.18,0.196,0.0,0,0.0,,False,False,False
0x2b4aa100064129eb4328cda34e985b93ff2b7045,True,1714,758,240,518,31.7,1.35,9664.55,3,1764064532232,1788870635432,287.1,4532.3,0.469,43809.803439,1,219.68,0.5,False,False,False
0x2b5ebe7f3e5152e3ff67a239d6055030e8160dc5,True,559,282,81,201,28.7,0.59,-4537.52,6,1785706942882,1788766179419,35.4,-1345.45,0.297,2888.109564,1,-1886.34,-65.3,True,False,False
0x2b70bf6217826102288ec5b0a83e56d3f9e5759c,True,2000,767,299,468,39.0,0.6,-11576.12,9,1780467611080,1782395199317,22.3,1675.12,0.145,0.0,0,0.0,,False,True,False
0x2b854e793c91d233cf7ee9c8a86854becb34f71a,True,2000,860,412,448,47.9,0.77,-7254.93,21,1785666823693,1787586979232,22.2,-6042.77,0.833,0.0,0,0.0,,False,True,False
0x2b9d803975c86220f5545f9b39c2dcff5f4aae5c,True,710,404,237,167,58.7,1.01,122.07,6,1777538619586,1786233600006,100.6,2394.88,19.619,0.0,0,0.0,,False,False,False
0x2bb2674e8c41cb3b04e9382b91fa4427391f01b9,True,2000,753,677,76,89.9,1.18,1145.24,17,1781715120415,1784557521152,32.9,-1033.23,0.902,0.0,0,0.0,,False,True,False
0x2bda64d77652123b10625269279ec18adb730ecb,True,2000,949,395,554,41.6,0.77,-3402.86,32,1777461121824,1787610731043,117.5,-465.2,0.137,0.0,0,0.0,,False,False,False
0x2bea7fd588729383f74f5416d35a9674dbbfffb4,True,2000,1028,476,552,46.3,0.47,-19215.17,17,1782115963341,1788102548600,69.3,-1314.53,0.068,0.0,0,0.0,,False,True,False
0x2bfb05f4843c471a2be37924272ed2a5582bda24,True,2000,839,558,281,66.5,2.43,149704.83,12,1775602453068,1788452071450,148.7,-44185.5,0.295,57779.248,1,-6105.98,-10.6,True,True,False
0x2c25ff70b39b7aabab4d7510d8fed0d8d4e05a08,True,2000,1033,443,590,42.9,0.93,-1552.41,20,1785306668121,1788836733358,40.9,1109.5,0.715,0.0,0,0.0,,False,False,False
0x2c4c481654c042cbdacc820fa93b95e9cf252c9c,True,1232,577,175,402,30.3,0.96,-435.3,26,1768484727865,1788844081014,235.6,-570.78,1.311,5808.488083,1,-359.41,-6.2,True,True,False
0x2c6f7831be3fe15cc7025672f27623a921553725,True,2000,395,0,395,0.0,0.0,-55608.32,3,1786092362018,1787347657833,14.5,-1007.19,0.018,1910882.720282,2,2849166.25,149.1,False,True,False
0x2c87fd92da54ab1af3683b5e70e6dc065f5df490,True,2000,1297,701,596,54.0,1.1,6913.85,3,1782926863096,1787618599605,54.3,4107.68,0.594,0.0,0,0.0,,False,True,False
0x2c9e70c10b7eb5c9e288a879cdd8ca6118e620f6,True,1011,516,289,227,56.0,0.91,-1296.18,33,1749673542666,1788804463666,452.9,-1821.43,1.405,3196.040779,3,-39.95,-1.2,False,True,False
0x2cae0ac9a7a7048516868aad672c49ab632b38c8,True,2000,693,534,159,77.1,1.93,29734.25,26,1765827163621,1788688615154,264.6,-10664.08,0.359,0.0,0,0.0,,False,True,False
0x2cbcfa87aa570d72ad7b376e729e167071f1cd33,True,2000,872,810,62,92.9,2.53,7066.47,15,1758666027795,1787469404061,333.4,2170.18,0.307,4998.947599,4,-3169.51,-63.4,True,True,False
0x2cd991f48ba31536a96b772536a1daaaedf150ae,True,2000,2000,1055,945,52.8,3.61,439382.34,32,1786273701457,1786385292713,1.3,38089.45,0.087,0.0,0,0.0,,False,False,False
0x2ce69c519e0b3592f6aa1febe78b4d60817ca0a7,True,2000,942,662,280,70.3,0.75,-28836.59,8,1753193712762,1788526069829,408.9,-18200.91,0.631,7475.369955,1,-430.0,-5.8,True,True,False
0x2cf84928261f655a47d04ec714d3bedf9375de46,True,303,142,28,114,19.7,0.6,-1938.34,5,1749608151804,1785466918684,415.0,-952.95,0.492,0.0,0,0.0,,False,False,False
0x2d0e7bbdbad44a03be91a656cf772e6a33893f57,True,2000,1327,579,748,43.6,1.37,9649.92,39,1778697402782,1788790493790,116.8,-2326.93,0.241,7633.37834,1,34.74,0.5,False,True,False
0x2d20298d1bc0e853912e53b85139e79bc9a9629d,True,2000,1001,381,620,38.1,1.13,229.58,52,1785226978006,1788860068771,42.0,89.69,0.391,18852.675048,50,1340.17,7.1,False,False,False
0x2d3c9deda030c4cca0bd320e23d97e93ee39aaa7,True,2000,1067,632,435,59.2,0.55,-37240.58,2,1782433860119,1783918824726,17.2,-4501.3,0.121,0.0,0,0.0,,False,True,False
0x2d4efbe0a82787669e9284c5f0fe160c4768e573,True,470,181,88,93,48.6,38.88,43470.32,12,1740538772828,1788697502543,557.4,20351.87,0.468,49427.990379,6,12367.16,25.0,False,False,False
0x2d62b7b4ab2aea16f53f78af3544088300040126,True,2000,885,259,626,29.3,1.33,14485.08,29,1776872993997,1788540320211,135.0,13942.48,0.963,0.0,0,0.0,,False,True,False
0x2d760d867ebebd7da5b0be18fed71b4bcc9610eb,True,2000,1172,914,258,78.0,5.7,213203.06,2,1787216923358,1788868801700,19.1,33312.75,0.156,101062.295421,1,-3352.27,-3.3,False,True,False
0x2d90a9f21faa49bd7ea4cac60aee16fb22d44d99,True,2000,823,290,533,35.2,1.24,15340.2,13,1776541393067,1788860588634,142.6,21673.76,1.413,22770.161339,2,-10556.73,-46.4,True,False,False
0x2da96e2ea61957efc5199935c1dc7e41e8bd62df,True,1842,693,482,211,69.6,0.79,-9818.03,141,1705116319474,1788841479888,969.0,6124.38,0.624,5303.632175,5,135.86,2.6,False,True,False
0x2dbd087943c4dfada9c0054169f3decb31dd5537,True,262,140,96,44,68.6,2.01,988.66,1,1763715174072,1787159315280,271.3,215.31,0.218,23690.797868,1,3720.94,15.7,False,False,False
0x2de373887b9742162c9a5885ddb5debea8e4486d,True,2000,939,232,707,24.7,0.16,-205725.63,21,1759582147317,1788798597496,338.2,-38008.17,0.185,0.0,0,0.0,,False,False,False
0x2df8f8d2468f23885609b868d3c6398a1b16f43d,True,2000,878,447,431,50.9,0.85,-1198.18,1,1788444880517,1788872804389,5.0,-226.59,0.189,17031.573395,1,7.9,0.0,False,True,False
0x2e161982d86fffe2f7820c4f421217a82f923347,True,1413,653,185,468,28.3,1.25,3255.87,1,1764584035168,1788868392020,281.1,2873.79,0.883,82819.697463,1,-21.92,-0.0,False,False,False
0x2e30c32738a28833e3d85189c04895c25ee54cb5,True,2000,1073,261,812,24.3,0.02,-257354.93,5,1788632798435,1788872980535,2.8,-10384.87,0.04,647536.12065,5,16014.09,2.5,False,False,False
0x2e416629c9e24ed3245760b3353995b9da611c5b,True,363,164,146,18,89.0,6.91,21219.32,16,1753725845498,1788251156474,399.6,2446.38,0.115,0.0,0,0.0,,False,True,False
0x2e4fded06ecf96651a2d3aed1ec1b36f92f0e803,True,886,437,282,155,64.5,9.33,18375.25,69,1700140006608,1785520527683,988.2,1464.89,0.08,6298.099749,1,-18060.1,-286.8,True,True,False
0x2e7242aa4c8efcd016224902277f82bd05fbe240,True,2000,1180,735,445,62.3,1.37,428.54,2,1788250388223,1788605358735,4.1,-51.34,0.12,0.0,0,0.0,,False,True,False
0x2e8d3856e5a4627e22d2cdaf6c8085ede9037241,True,1206,483,473,10,97.9,15.27,58234.12,18,1769695748937,1787310774545,203.9,-2525.84,0.043,0.0,0,0.0,,False,True,False
0x2e9902880b61aae3fd18c373dc83ac00ab9943d5,True,2000,853,505,348,59.2,0.96,-323.5,13,1780412619216,1782573588593,25.0,-530.73,1.641,0.0,0,0.0,,False,False,False
0x2ead7955a4d8a67c534597db9a02883940882258,True,2000,927,243,684,26.2,0.38,-16765.48,24,1739555443251,1787704152453,557.3,-1888.69,0.113,0.0,0,0.0,,False,False,False
0x2ebf49d24ddba1714c9b980899cfd4980bfb2d18,True,2000,1433,1108,325,77.3,0.66,-27527.21,33,1782138210973,1782200008370,0.7,-8741.76,0.318,0.0,0,0.0,,False,False,False
0x2ed2bdcd9a550564242a8ef31c17a1bff1d5a75d,True,2000,1300,678,622,52.2,2.82,27911.07,13,1788248579412,1788872459899,7.2,624.86,0.022,75506.586666,5,-3529.97,-4.7,False,False,False
0x2ef3546c9c854607968a1cdf16224dfee8a59ac1,True,1319,683,325,358,47.6,1.4,6485.51,20,1745013117806,1788790330592,506.7,5860.06,0.904,4037.843905,2,-517.3,-12.8,True,True,False
0x2f06827362f6bec8e660e858e4e3571f3243638f,True,242,102,47,55,46.1,0.48,-3026.51,4,1748087496658,1778717184026,354.5,-1759.57,0.581,0.0,0,0.0,,False,False,False
0x2f1c580a97b9db7c8b5b981449ff127d76de6907,True,2000,1042,484,558,46.4,0.78,-6684.07,13,1783185725243,1787847026787,54.0,2430.26,0.364,86319.071066,0,0.0,0.0,False,True,False
0x2f33cf0e0a4d65b19c2f97c186832d33c0090824,True,2000,1177,134,1043,11.4,0.7,-8371.63,8,1788540825428,1788833429953,3.4,9145.15,1.092,232648.542245,3,132791.56,57.1,False,False,False
0x2f58adc8b81f51b02acf65eff40d9f5bbb88bc9e,True,2000,1073,844,229,78.7,0.23,-118671.88,14,1788559091354,1788843873793,3.3,-13425.72,0.113,184041.551038,11,-49248.37,-26.8,True,False,False
0x2f65caf25066946436d2b3e7404cdd634bebf988,True,344,169,69,100,40.8,0.53,-2649.8,6,1774771146133,1782195493652,85.9,-836.42,0.316,0.0,0,0.0,,False,True,False
0x2f7eb45927a2076d52e00463d8015a360a495405,True,2000,601,203,398,33.8,2.32,5784.57,8,1787133710189,1788680153195,17.9,5848.43,1.011,11012.159731,5,-4664.06,-42.4,True,False,False
0x2f9beb4d627ec674e76989e672cac0ab06711118,True,2000,1189,349,840,29.4,1.5,6016.37,5,1788535117156,1788844930017,3.6,360.65,0.06,39790.41903,1,3062.3,7.7,False,False,False
0x2fa72cc0e0d9a704007552be681001aa306dc22a,True,2000,916,618,298,67.5,0.89,-4894.41,6,1770316083131,1779732341084,109.0,-5520.36,1.128,0.0,0,0.0,,False,True,False
0x2fb85ce7963b939fc790e468d72d8e8d922dc6a3,True,110,64,41,23,64.1,0.6,-1.68,5,1758271207256,1774089314792,183.1,-1.13,0.671,104.967619,0,0.0,0.0,False,False,False
0x2fd1cbabdd9724e971e80009c8189ca593d9603e,True,2000,1138,135,1003,11.9,0.0,-124747.22,1,1773992655676,1775689236566,19.6,-5027.33,0.04,0.0,0,0.0,,False,False,False
0x2fe617f3620ae9bf2b1012c5a0200abade5c7f45,True,2000,985,179,806,18.2,0.63,-9147.38,26,1759912637392,1777240509252,200.6,2676.17,0.293,0.0,0,0.0,,False,True,False
0x2ff647e0233be3ec4b78342891955465e42fffa3,True,2000,1099,636,463,57.9,1.8,9726.72,5,1784847341752,1788843301731,46.2,1359.2,0.14,8064.708872,1,-861.3,-10.7,True,True,False
0x301a2d87916df338497afbb8023fc3368def1a70,True,855,377,70,307,18.6,0.03,-201903.63,4,1784009554321,1788399690512,50.8,-19058.55,0.094,0.0,0,0.0,,False,True,False
0x30284a028f62f418c261ac31a86656a3d21de2be,True,2000,988,500,488,50.6,0.4,-5738.91,25,1777746475096,1781797888411,46.9,-591.87,0.103,0.0,0,0.0,,False,True,False
0x30428a743e2a2f8d1c3fea017e0d76440435fa8d,True,2000,1020,429,591,42.1,0.36,-33649.03,24,1788592828832,1788867824968,3.2,-13641.25,0.405,319155.313985,23,166443.85,52.2,False,True,False
0x30530d8c6f6aa5416609992bbe08aac518d8525a,True,2000,1132,697,435,61.6,4.58,270451.29,30,1746960099600,1787961688680,474.6,72061.27,0.266,11864.805604,4,-36417.52,-306.9,True,True,True
0x3066d9d60ce11275bd08c2e3e55855339421b0b3,True,2000,885,488,397,55.1,1.21,1219.67,29,1780286063525,1788683403018,97.2,-1142.54,0.937,0.0,0,0.0,,False,True,False
0x308c9d7a676f82aff1f5e40f0f82ca0e336bf674,True,2000,832,662,170,79.6,38.02,22154.35,37,1782315621322,1788739200041,74.3,3587.45,0.162,4267.878052,1,-1699.76,-39.8,True,False,False
0x309ee31b6986b4a04abbfca79a80ada94508e1dd,True,2000,1265,1007,258,79.6,6.33,3575.76,3,1788628018995,1788873092100,2.8,41.26,0.012,191119.571748,3,-3.53,-0.0,False,False,False
0x30afe81dc9021b75da35b51ed3b078bd596c83ac,True,167,76,30,46,39.5,0.77,-783.04,26,1747409112664,1788811643551,479.2,521.7,0.666,1520.117836,2,13.69,0.9,False,True,False
0x30bb03eeca01a4aaf9367f2507e1080f1b1600dc,True,470,222,60,162,27.0,0.47,-10703.15,11,1755632371205,1784584871594,335.1,-7034.47,0.657,0.0,0,0.0,,False,True,False
0x30c817e6a639d4bf5f12ab4be610ae15a5eaa4cf,True,2000,1090,874,216,80.2,1.75,33340.65,9,1762525844471,1788833444511,304.5,-4424.65,0.133,17087.511616,2,-1119.21,-6.5,True,True,False
0x30d5f6c626e8cfb39362823f945178468ee3561b,True,255,114,111,3,97.4,8.02,7406.3,3,1782716634284,1784189677865,17.0,-857.42,0.116,187.677097,0,0.0,0.0,False,True,False
0x30e7bdfd6e157a3a5fa11b343465d3cbad2ecf6a,True,1165,842,769,73,91.3,0.47,-2250.34,19,1764634374980,1779568696081,172.9,-833.29,0.37,0.0,0,0.0,,False,False,False
0x310512917b68b79068acaf7c14c6a847cdbbc2c2,True,2000,913,343,570,37.6,0.33,-70757.08,1,1778941924048,1788820831917,114.3,-5309.86,0.075,12851.545673,1,947.96,7.4,False,False,False
0x31189af20bf3d7070e177b8bc80f2deeaa37d54d,True,1629,820,352,468,42.9,0.66,-4583.88,26,1772727209131,1788739200041,185.3,1608.69,0.351,0.0,0,0.0,,False,True,False
0x31321e88cd4e67d9b92f91deb92cd80103f9f0fb,True,2000,1082,265,817,24.5,0.57,-27609.99,6,1787952790975,1788228953338,3.2,4511.09,0.163,0.0,0,0.0,,False,False,False
0x3150bcf5a83bae6eee685311b84eaf0721c5c75c,True,2000,868,304,564,35.0,0.61,-68614.74,24,1755542242995,1788814474968,385.1,-19482.59,0.284,2559.561029,1,206.16,8.1,False,True,False
0x316c69a1d683b312795c3535d718d2b4b1394593,True,2000,841,322,519,38.3,1.08,566.49,4,1776310129722,1778576479923,26.2,-334.32,0.59,0.0,0,0.0,,False,False,False
0x31952a3680979d713235f5d0f10c1667100be262,True,1500,666,324,342,48.6,1.62,1466.02,59,1743678631787,1788787771219,522.1,-390.28,0.266,0.0,0,0.0,,False,False,False
0x31ba5e1cf7629c01d91e0ac0ee984098a46d653e,True,187,72,7,65,9.7,0.61,-1001.87,1,1761121067537,1775834679082,170.3,608.3,0.607,0.0,0,0.0,,False,False,False
0x31d12cf48254ba9bfb23bca314a12023d91ccf9d,True,2000,871,177,694,20.3,1.09,569.27,4,1774156291762,1775655742538,17.4,-517.87,0.91,0.0,0,0.0,,False,False,False
0x31e10244a1b2d5d62b46ce5cc6e05cb5b5359c8c,True,948,373,140,233,37.5,0.86,-1348.84,16,1787656683447,1788525688763,10.1,893.37,0.662,0.0,0,0.0,,False,False,False
0x31f28ff1130fdd38d6180fa326c146fe63ecc52b,True,2000,852,800,52,93.9,2.48,66367.46,46,1780316945664,1788865539065,98.9,-19957.68,0.301,31706.319595,14,-41848.44,-132.0,True,True,False
0x3201cdb18787d659d618045e4285b694623cfceb,True,615,317,192,125,60.6,2.13,1024.73,3,1785525212515,1786517284107,11.5,-144.26,0.141,0.0,0,0.0,,False,True,False
0x32289746343feec10baf56d5310a2605c65ee1d7,True,2000,957,434,523,45.4,0.63,-10974.58,70,1766413903467,1788807841059,259.2,-974.74,0.089,663.880048,1,-225.03,-33.9,True,True,True
0x32410a5dde53573402e57310e70879a436a1f90d,True,296,104,58,46,55.8,2.18,622.41,6,1787573411384,1787875200079,3.5,-236.0,0.379,0.0,0,0.0,,False,True,False
0x325983140e9ad2cc16c0bdcfa8e2d4e4bf7f6803,True,2000,876,576,300,65.8,0.48,-13672.93,15,1786931144192,1788134400007,13.9,-3018.61,0.221,0.0,0,0.0,,False,True,False
0x326b0731cc914cbd222cd160d5022f0e9bde6e51,True,2000,1018,520,498,51.1,1.43,18588.13,14,1785243941046,1788830975032,41.5,7771.27,0.418,34388.301013,3,135404.96,393.8,False,False,False
0x327d7d4278883f0664f4691d3af43365f8662937,True,2000,1264,859,405,68.0,1.38,1166.46,38,1780554838328,1782481937542,22.3,-898.43,0.77,0.0,0,0.0,,False,True,False
0x32918dbb0dad6c0e92ebc72f024a61fb8507277e,True,925,424,184,240,43.4,0.21,-48190.44,11,1725580800018,1782739826658,661.6,-7986.38,0.166,0.0,0,0.0,,False,True,False
0x329d8a12c704a9e832d9b6ee5506bca8ace1cd81,True,1249,603,270,333,44.8,0.43,-15014.16,15,1740600343553,1782231700029,481.8,-3534.8,0.235,0.00189,0,0.0,0.0,False,True,False
0x32ab98c0982b56dadeddeb1e2ec8185407316b08,True,732,347,244,103,70.3,0.91,-739.45,14,1747350430591,1788635605338,477.8,1097.88,1.485,0.0,0,0.0,,False,True,False
0x32cf8e7884b904e93961e046564bfd90dd7bc7e8,True,2000,986,353,633,35.8,0.56,-11448.89,16,1783325739854,1788110596856,55.4,3849.96,0.336,0.0,0,0.0,,False,False,False
0x32ec8541bb748d7e23d3ec2f24cd06054c13a4ec,True,1140,518,461,57,89.0,14.2,183343.73,4,1774924168490,1787578652090,146.5,26401.24,0.144,0.0,0,0.0,,False,True,False
0x3309e9ce9cd831b7e97d0d1ba055619ef8917dc6,True,2000,705,253,452,35.9,0.35,-14026.86,8,1755956039117,1788873279855,381.0,-5797.44,0.413,5151.545336,2,17.01,0.3,False,True,False
0x3325adbcb00a24b5f7a371a91158499543d5eeb5,True,2000,1081,395,686,36.5,0.61,-33241.95,13,1762736043719,1774363117195,134.6,-5527.69,0.166,0.0,0,0.0,,False,False,False
0x333923e09a9716c1f87bc262a2b37833b5e26425,True,606,240,70,170,29.2,2.12,36953.54,6,1779546034048,1788871892727,107.9,23577.66,0.638,21412.69,2,5333.8,24.9,False,True,False
0x334ebb44fd8fccb9112983247443dfae5e448887,True,2000,690,364,326,52.8,2.68,65323.84,23,1769152599916,1788683646965,226.1,15019.52,0.23,45425.343373,3,-12207.19,-26.9,True,True,False
0x3365ef2ff848cb5b98776e2c809d7a9abd0a84d8,True,1501,659,251,408,38.1,1.26,10329.97,11,1748924669112,1778170028414,338.5,-5827.07,0.564,0.0,0,0.0,,False,False,False
0x337776c63c3a589f73a3cde40d76db2db5aed03a,True,2000,975,486,489,49.8,1.14,3430.63,43,1758091147306,1787697437264,342.7,3388.17,0.988,0.0,0,0.0,,False,True,False
0x338b53a3fbac77f943785a5e73c37ffa3a222795,True,266,70,61,9,87.1,10.34,55878.48,3,1755729303175,1787795791443,371.1,22918.37,0.41,0.0,0,0.0,,False,False,False
0x339d401ca8f714b85506330b41a524362cc3de0c,True,1540,643,309,334,48.1,0.54,-150255.3,26,1758808693538,1788864646024,347.9,-290585.74,1.934,5581.195785,1,5062.55,90.7,False,True,False
0x33ab36ff65dd3bf9cb66822621fbc7dc845adef2,True,630,238,131,107,55.0,1.02,40.87,15,1787074200708,1788378950803,15.1,-363.11,8.884,561.37201,1,-53.28,-9.5,True,True,False
0x33c5a560cb7776cdaafe00c0385e068e1862c926,True,1908,864,585,279,67.7,0.47,-119797.01,3,1761166913260,1785200708633,278.2,-30747.35,0.257,0.0,0,0.0,,False,True,False
0x33e17f809abbe66ff6a8fdaf291dafd9307f1ac3,True,2000,447,255,192,57.0,0.26,-30096.76,9,1784711904143,1788848509415,47.9,-9070.84,0.301,103217.970399,2,6984.53,6.8,False,False,False
0x33fde7b489bdebdb3c38439f73eb9db3da60afe5,True,2000,1004,238,766,23.7,0.52,-5470.83,9,1779755773734,1786526384680,78.4,-792.71,0.145,0.0,0,0.0,,False,True,False
0x3415cc235e3d25045b390cadf10acf5351d656bc,True,2000,864,247,617,28.6,0.31,-10762.04,12,1788650216586,1788820529037,2.0,-4761.49,0.442,17191.745428,1,1248.69,7.3,False,False,False
0x3439e321f0411786aaf5e38981961923f5801143,True,2000,1034,423,611,40.9,0.98,-214.39,34,1788671620633,1788840970041,2.0,1487.06,6.936,0.0,0,0.0,,False,False,False
0x3450381fd5cb73fe1537a1a18a00ee60b012b518,True,2000,1446,684,762,47.3,0.94,-20933.18,1,1775329305726,1775370047122,0.5,5374.84,0.257,0.0,0,0.0,,False,False,False
0x346f2d7a4a17dd7cb9b6dfa6f1b82c61ecaee75e,True,2000,939,451,488,48.0,0.61,-13977.18,14,1779966892753,1788870871487,103.1,-3760.99,0.269,7831.864933,3,-1203.27,-15.4,True,True,False
0x347e5c4fd7030997cdba85558138c780a315a6ec,True,2000,901,814,87,90.3,14.44,9860.75,11,1788472948772,1788871227030,4.6,458.54,0.047,16203.206995,5,-5406.43,-33.4,True,False,False
0x348b18cb04d843446fb89fc5b328b0360ca17095,True,2000,1005,274,731,27.3,0.51,-22064.12,20,1775972434148,1787853200865,137.5,-3777.54,0.171,21069.45555,4,10653.27,50.6,False,True,False
0x349bd094209d50280dfaca12779576c748395c15,True,2000,969,680,289,70.2,9.79,528138.22,33,1753800488455,1788349448275,399.9,71936.02,0.136,123343.798332,9,144287.03,117.0,False,True,True
0x34b4c187ba1fec0bf22f2b88b6de949937cf916c,True,2000,931,373,558,40.1,1.98,33830.02,15,1770134796094,1787884363463,205.4,5828.4,0.172,0.0,0,0.0,,False,True,False
0x34d13c6f795b12e79285cc19406c3d256ae994af,True,2000,803,487,316,60.6,0.59,-26109.43,18,1786361460034,1788160546838,20.8,3706.14,0.142,0.0,0,0.0,,False,False,False
0x34e2cb7513a50b19f450a067ed5230a86c13a2e9,True,790,440,282,158,64.1,1.48,30048.26,16,1707753261145,1782348424615,863.4,-16082.26,0.535,0.0,0,0.0,,False,True,False
0x34f9c0b11e67d72ad65c41ff90a6989846f28c22,True,450,180,147,33,81.7,2.38,5068.38,17,1705112366588,1788463822972,964.7,1882.7,0.371,0.0,0,0.0,,False,True,False
0x3518ea651187b79f9531f879495b10c11dd4744f,True,2000,1120,563,557,50.3,0.35,-2514.03,1,1781598049141,1787173476230,64.5,-1531.77,0.609,0.0,0,0.0,,False,True,False
0x3537de45a5c3b1694b74cbf2e940078bdf4e9a64,True,2000,896,640,256,71.4,13.07,215939.44,8,1775695249691,1788453434876,147.7,34763.56,0.161,0.085013,1,0.09,101.9,False,False,False
0x354aefe45f4596cad77499e45e426a7819f8bd47,True,2000,788,544,244,69.0,1.03,868.73,3,1773068962847,1776825020576,43.5,-6280.52,7.23,0.0,0,0.0,,False,False,False
0x355cf0d910bde4e4a9c4ebdd27ec31f69f94b917,True,2000,901,449,452,49.8,1.04,1283.62,4,1778760351645,1781250636949,28.8,14039.21,10.937,0.0,0,0.0,,False,False,False
0x357ef265a25f2ddc86545c31c42bd0ed96b893b4,True,1307,725,251,474,34.6,1.42,2597.68,3,1774014012962,1776174419307,25.0,771.94,0.297,0.0,0,0.0,,False,True,False
0x358c0c0d7b1f732e4b6a17bba474a815ecb52562,True,478,218,144,74,66.1,0.48,-6499.63,3,1764439975216,1788536982644,278.9,-2336.54,0.359,757.619975,0,0.0,0.0,False,True,False
0x359d626ee1a2c0ea19bb0b1b528639f802e1ec41,True,578,264,160,104,60.6,0.36,-21975.6,4,1758783316031,1787575894119,333.2,-10098.63,0.46,0.0,0,0.0,,False,True,False
0x35ad1c0f2a2c74cfde7cc3816543c4629798c883,True,2000,713,578,135,81.1,0.35,-66375.19,2,1788146699844,1788461979435,3.6,-40203.85,0.606,0.0,0,0.0,,False,True,False
0x35c5c21decc15b99b9af370b3e97fd8e213bd29d,True,2000,912,880,32,96.5,39.39,162382.16,5,1788377189353,1788749993303,4.3,10957.6,0.067,130916.627206,1,-76001.89,-58.1,True,False,False
0x35d42cacaa7f8958ab2427bfbfb29d73cf24dad6,True,2000,956,283,673,29.6,0.09,-128006.25,13,1782592016031,1787375459843,55.4,-8568.18,0.067,0.0,0,0.0,,False,True,False
0x35f058446b6e350522f05c8d54e7dd8ae824f935,True,776,327,268,59,82.0,2.68,37943.72,1,1787343137085,1788809732405,17.0,3801.13,0.1,46392.890084,1,4861.28,10.5,False,False,False
0x360adf1d52900b3d7a221ccd1e3cbec7223746e9,True,2000,943,441,502,46.8,0.32,-20577.43,22,1780857087663,1783306561678,28.4,-3230.96,0.157,0.0,0,0.0,,False,True,False
0x361aba96e0c910ab9d665ff069d64810937a8bdb,True,1512,750,2,748,0.3,0.02,-8447.93,4,1771884272112,1788783594307,195.6,-499.15,0.059,0.0,0,0.0,,False,False,False
0x363114d4511256c4f0c53a2ab5682d3e060dbc10,True,2000,945,405,540,42.9,0.24,-31495.96,9,1783350654800,1783857834769,5.9,-7484.4,0.238,0.0,0,0.0,,False,False,False
0x364a45829e8ce2940d8cff911076d8dec40b2e73,True,2000,1742,618,1124,35.5,127.47,23515.43,8,1788331310044,1788512795014,2.1,3195.2,0.136,1928543.522706,1,428898.35,22.2,False,False,False
0x3662dd1d493d1d3cf6a65cb8e4ce2bfb01f63b3c,True,2000,898,898,0,100.0,inf,375529.49,8,1774264222087,1782345600020,93.5,32761.05,0.087,0.0,0,0.0,,False,True,False
0x368a9c423d0ce3d9887950125b1db4bb306c1b7d,True,2000,1161,678,483,58.4,1.6,26004.7,1,1787747456141,1788870970317,13.0,822.87,0.032,60492.97127,1,-248.63,-0.4,False,True,False
0x36a15d9fcd7db3a7b7e9803fe391d4295b10bcd0,True,2000,1065,414,651,38.9,1.3,547.31,52,1784709644412,1788478874787,43.6,131.98,0.241,0.004429,0,0.0,0.0,False,True,False
0x36c097864a03c7f0215c0d43165a734152a12e0b,True,2000,773,717,56,92.8,8.99,48523.41,19,1787588146800,1788870000177,14.8,6935.74,0.143,101915.537922,5,-11165.08,-11.0,True,True,False
0x36e285138b9b81eb72d2cdd65ca320111fd42da1,True,2000,832,218,614,26.2,0.1,-1048570.83,7,1776669617012,1788407081569,135.9,-13040.64,0.012,141234.743682,1,-107383.51,-76.0,True,False,False
0x36ebd79fd8f5cec6b4914fa0d37e6aa2b2ed4815,True,2000,956,374,582,39.1,1.72,2061.83,64,1758100648378,1788872975044,356.2,299.3,0.145,0.0,0,0.0,,False,False,False
0x36f5e448c9cf0032551e58919cf4eabefcd742c1,True,2000,901,673,228,74.7,0.82,-25963.16,23,1780116303911,1788706399005,99.4,9275.38,0.357,242379.099955,6,-399145.1,-164.7,True,True,False
0x3702fe5248c940c21e62214ceafe74590170522f,True,883,633,348,285,55.0,0.89,-2568.96,12,1777216256889,1788859924203,134.8,-2316.55,0.902,0.0,0,0.0,,False,True,False
0x3720d5a34c5239ae8c27685854c43c37214a96b9,True,2000,840,330,510,39.3,0.77,-3715.94,14,1787378166680,1788847719578,17.0,1160.68,0.312,17007.65,3,-3081.93,-18.1,True,False,False
0x373cf7ac5bb79f7d7cc4cd9814559f4757163f9f,True,415,173,108,65,62.4,1.43,3072.06,6,1752417885772,1788503350204,417.7,-1817.58,0.592,1669.80775,0,0.0,0.0,False,True,False
0x3754513f3ce59408c33f52ce5fd380ad02bd460a,True,381,91,65,26,71.4,0.06,-181848.26,1,1783356501124,1787153267184,43.9,-175054.14,0.963,0.0,0,0.0,,False,True,False
0x376f3cddbf4851d7264d0e510bc7ac0309e0aeb9,True,2000,960,297,663,30.9,0.61,-5553.14,8,1783240740815,1784059325152,9.5,-1345.31,0.242,0.0,0,0.0,,False,False,False
0x379150f92f99c0b7f313ae5b2a8b695b2993eb21,True,2000,872,292,580,33.5,2.89,27205.7,35,1786617403560,1788868634223,26.1,3304.89,0.121,125711.140373,13,52013.64,41.4,False,False,False
0x37b0d88802ba03024ff46f596589da0b9b1dee0f,True,237,139,84,55,60.4,8.95,12692.98,1,1785804349064,1788195439458,27.7,1529.37,0.12,33694.999783,1,2662.22,7.9,False,False,False
0x37c7a6ee4df2b11346c392e93347f96d62771ec4,True,2000,716,619,97,86.5,26.13,18188.61,11,1768038132117,1788851190357,240.9,1312.6,0.072,12215.689595,1,-2957.41,-24.2,True,True,False
0x37e4486061ee79345104250851c3738d4b21af70,True,652,391,94,297,24.0,0.45,-19019.3,15,1760187975507,1787819878433,319.8,-4139.37,0.218,13126.673478,2,2918.14,22.2,False,True,False
0x37f1fb49d88b588eb626c67c67f3db10e3674eb9,True,1835,829,364,465,43.9,1.04,2791.34,5,1769611530098,1787646220712,208.7,-8793.54,3.15,0.0,0,0.0,,False,False,False
0x3819661bfe87018b62c302c128b8fb7cf2958ebc,True,2000,934,477,457,51.1,1.9,11284.25,6,1787444922591,1788860205491,16.4,3275.71,0.29,787.878103,1,43.83,5.6,False,True,False
0x382d140708c6a5b59632a4334ea75225cc3dd315,True,2000,2000,1338,662,66.9,3.02,37196.83,4,1788742084964,1788837184753,1.1,1210.56,0.033,0.0,0,0.0,,False,False,False
0x38405f25bd92411b0e8b23c3da83b83cb165b49d,True,2000,899,729,170,81.1,0.83,-4407.06,3,1788271282264,1788461398382,2.2,-4345.31,0.986,0.0,0,0.0,,False,False,False
0x385cc9694da9c6e341b5471d60f79de4a5c1c8f8,True,2000,852,432,420,50.7,1.03,145.55,19,1788186051884,1788873441205,8.0,-328.29,2.256,633.429178,1,-27.91,-4.4,False,False,False
0x387ef373d3b521e3dd1545efe61e7c5ddb2826d5,True,2000,979,464,515,47.4,1.14,7835.21,26,1741618108764,1787927085186,536.0,-6236.43,0.796,0.0,0,0.0,,False,True,True
0x38968bfadedab38f024751714af9a72ee1218401,True,2000,920,429,491,46.6,1.02,758.42,41,1757786660474,1788471274417,355.1,-2863.16,3.775,10171.822574,2,5041.22,49.6,False,True,False
0x38bdfed8b37b236e8446f9c05b6580439235b9f0,True,2000,1042,522,520,50.1,1.48,10293.42,1,1788462859853,1788868968861,4.7,849.18,0.082,0.0,0,0.0,,False,False,False
0x38d2eca8ee257ff3d137a9c272a2e640d16faabd,True,2000,680,555,125,81.6,0.96,-836.46,13,1786468650348,1788793288243,26.9,4181.84,4.999,14726.395727,4,-3779.21,-25.7,True,True,False
0x38eb8a50c7010d2c33ab24dd613c4e174c8f3b30,True,2000,735,506,229,68.8,0.43,-26892.34,4,1787686397613,1788573960195,10.3,-7992.53,0.297,86736.199783,1,-17474.01,-20.1,True,True,False
0x38f96bba487a628d2a84afc3fe5c7d77eb07cb04,True,2000,863,798,65,92.5,0.91,-1025.26,7,1788848901353,1788873740226,0.3,-1639.51,1.599,1089397.663743,7,16995.46,1.6,False,False,False
0x38fe94c199b732579361274e2163c72585a81952,True,316,140,78,62,55.7,4.26,6460.65,4,1776177861719,1778596765806,28.0,972.88,0.151,0.0,0,0.0,,False,False,False
0x391005a527267f1119e12852a95608bfccb3ed0f,True,2000,950,390,560,41.1,0.89,-702.57,45,1786622623166,1788860448831,25.9,1256.79,1.789,0.0,0,0.0,,False,False,False
0x3926690821d0cff8d1bb489f0039a1b274f4cebf,True,2000,998,273,725,27.4,0.53,-4529.37,7,1788279807807,1788835363702,6.4,819.73,0.181,0.0,0,0.0,,False,False,False
0x3930a28d2f63477f6816265be2eeefa2e231cff8,True,2000,1037,723,314,69.7,0.5,-10179.82,16,1761039565004,1786701414967,297.0,-917.37,0.09,0.0,0,0.0,,False,True,False
0x394845e570718bbe1654e84487b55c99b29adf3b,True,2000,1413,1413,0,100.0,inf,268826.6,2,1777691358514,1777808475828,1.4,12740.0,0.047,0.0,0,0.0,,False,False,False
0x396dc3e4d1051837bb559810d2b1ea7977775899,True,2000,548,548,0,100.0,inf,64583.46,1,1788766396478,1788873389987,1.2,23174.29,0.359,1418732.118065,0,0.0,0.0,False,True,False
0x39858bf4b981c4b0c1e5acc79c00d190b20a4411,True,2000,1038,254,784,24.5,0.78,-836.35,60,1762933998596,1788825529251,299.7,518.68,0.62,1081.662926,1,-1706.21,-157.7,True,False,False
0x399e227e94814c14b1e38bb12915e0441a3a4415,True,643,252,131,121,52.0,0.06,-217526.8,8,1782827681944,1787719544686,56.6,-16551.5,0.076,0.0,0,0.0,,False,True,False
0x39a3fc4cad72c5f6cedfef910cc66380b0d6d94b,True,503,317,71,246,22.4,0.21,-3560.39,3,1779919982441,1786039726809,70.8,-429.4,0.121,0.0,0,0.0,,False,False,False
0x39b882d49b9c04f1fabcfa2e8133794b0605ec85,True,511,242,112,130,46.3,1.01,12.01,5,1780637559391,1783580530075,34.1,199.3,16.59,0.0,0,0.0,,False,False,False
0x39d1ea2d5a5ba6feff8f6ac3cc3f611302530cc3,True,2000,949,307,642,32.3,0.14,-102604.31,15,1757317301692,1782664474996,293.4,-10829.7,0.106,0.0,0,0.0,,False,True,False
0x39e27c5cb0a1243380b18f99c89e72fdc08837b1,True,880,433,200,233,46.2,0.65,-11063.92,30,1734324887866,1787149530860,611.4,3728.95,0.337,3929.681692,1,-7526.33,-191.5,True,False,False
0x39fbe52a8647f0827dc21172422baa24e97d88f4,True,2000,1137,885,252,77.8,2.76,49435.89,15,1764604295376,1779522651613,172.7,5490.17,0.111,0.0,0,0.0,,False,True,False
0x3a0911409054062d15e9691f168e401dc41c0e00,True,1210,609,231,378,37.9,0.7,-3827.15,58,1769912585387,1787720297070,206.1,1483.08,0.388,0.0,0,0.0,,False,False,False
0x3a14fa9068bf457d8f6f82995cd600dcb341c1d3,True,2000,912,472,440,51.8,0.73,-6303.37,14,1780671675897,1787238451098,76.0,-2023.82,0.321,0.006329,0,0.0,0.0,False,True,False
0x3a23b10845e911b6944d9dc2f1f480fca3af35d6,True,2000,1010,887,123,87.8,241.83,167410.54,13,1787529211011,1788830330958,15.1,6816.48,0.041,156436.375301,4,166535.1,106.5,False,False,False
0x3a3fe1cb66728282116802306093e327477cbbf1,True,2000,1049,480,569,45.8,1.07,1563.89,33,1785143817887,1788794856217,42.3,-2994.09,1.915,7888.421993,1,-402.8,-5.1,True,True,False
0x3a4c2816a787061ae080c48824b54316a47702e9,True,145,71,38,33,53.5,0.6,-348.22,13,1755767893458,1774515081977,217.0,-207.59,0.596,0.0,0,0.0,,False,True,False
0x3a68c089d3c215633c15be460d7a69ab28e62f7d,True,2000,956,582,374,60.9,1.03,322.76,11,1781766758172,1783104476683,15.5,-1089.05,3.374,0.0,0,0.0,,False,False,False
0x3a7f29e8d0e3f8131670c3849ae37860512b62df,True,2000,761,435,326,57.2,6.83,77351.85,8,1785454530175,1788850664681,39.3,7678.85,0.099,194922.577947,1,73948.96,37.9,False,True,False
0x3a90705c017255731c3ecac6f5bc3cd9ac3fae8b,True,2000,899,266,633,29.6,0.59,-39750.02,7,1787686572382,1788830924872,13.2,7475.54,0.188,32553.548265,2,-7287.12,-22.4,True,False,False
0x3aa21f7f7d541454624bcea605ff5e704551cd00,True,2000,1052,493,559,46.9,2.0,16556.24,5,1783856143304,1788633455446,55.3,2186.09,0.132,21457.453024,0,0.0,0.0,False,True,False
0x3abbae26f62f8c89fd178cbb59b10547a809ffdb,True,2000,951,380,571,40.0,1.09,6219.36,10,1749512465084,1788853909849,455.3,-11550.0,1.857,0.0,0,0.0,,False,True,False
0x3ad3bc5d50cf9dfca348236348e8361dd645634e,True,2000,815,362,453,44.4,1.16,2224.15,17,1785858294340,1788791894517,34.0,1404.96,0.632,12465.243014,1,15713.46,126.1,False,True,False
0x3af22be0e13429239a2bb6c60f70ecff6ebd5af3,True,2000,865,304,561,35.1,0.61,-8827.93,5,1785446927327,1788551030571,35.9,2906.69,0.329,293046.136822,2,261386.41,89.2,False,False,False
0x3b05be23f2f224f6dc6229bd0aa59e3151c25694,True,2000,1062,656,406,61.8,1.29,10327.53,2,1765336345525,1787484121038,256.3,10088.55,0.977,0.0,0,0.0,,False,False,False
0x3b11267dfc4b9ebe8427e8f557056b4b6ce98112,True,2000,1167,947,220,81.1,8.16,272021.45,3,1784855112933,1788521243878,42.4,22559.82,0.083,0.0,0,0.0,,False,True,False
0x3b231ab66ed3b42562cc9aea3f10edbc0521392c,True,1258,636,265,371,41.7,0.42,-20728.82,12,1764252644307,1783803788761,226.3,-2476.13,0.119,0.0,0,0.0,,False,True,False
0x3b3ff855e4d16e2681eb6b93a5ec9589a5982782,True,2000,945,725,220,76.7,0.81,-11747.73,10,1766078718402,1787171299024,244.1,-14688.45,1.25,0.0,0,0.0,,False,True,False
0x3b4ac69c9233a9ee905d1da5d099582f26ecf7f9,True,2000,1084,934,150,86.2,7.23,7361.54,10,1787060199108,1788447505425,16.1,582.5,0.079,0.0,0,0.0,,False,False,False
0x3b64559911c2736b797b90047aea7ffc2b5e4848,True,798,432,257,175,59.5,1.25,654.87,8,1778826822050,1782674269985,44.5,316.21,0.483,0.0,0,0.0,,False,False,False
0x3b778f5c8c64682f92e1ad6b18a083f165ac7e45,True,750,358,138,220,38.5,1.66,4657.83,21,1760012425548,1785423344932,294.1,3282.62,0.705,0.0,0,0.0,,False,True,True
0x3b925433c23a623425e0497bbad7010b9fe9a1e0,True,1298,566,333,233,58.8,1.84,47493.98,14,1735661660089,1788786629342,614.9,32443.3,0.683,2643.77432,1,-823.39,-31.1,True,True,True
0x3ba40194d93ccaff3278de0ed50989657009a9db,True,2000,931,833,98,89.5,1.03,169.15,6,1774609807929,1784810196665,118.1,-2335.42,13.806,652.370603,0,0.0,0.0,False,True,False
0x3bcae23e8c380dab4732e9a159c0456f12d866f3,True,2000,1362,271,1091,19.9,0.08,-50630.93,6,1788850014572,1788873723758,0.3,-742.44,0.015,1163446.851584,7,-60132.76,-5.2,True,True,False
0x3be8c8213b8423e21c43612d5c93cb78400743ea,True,2000,730,474,256,64.9,0.75,-4776.46,4,1786739584702,1788016020139,14.8,-2376.32,0.498,0.0,0,0.0,,False,False,False
0x3bfbaf197495362c31126ab2bc51a8eb1a7d9f4b,True,2000,1056,606,450,57.4,0.47,-19653.98,12,1776031419533,1786210579108,117.8,-6507.45,0.331,0.0,0,0.0,,False,True,False
0x3c2cb0ead85b425d43af9e0e449de2b3f5c08cf5,True,2000,1139,596,543,52.3,0.53,-16296.26,9,1779781007470,1787150394121,85.3,-2419.49,0.148,0.0,0,0.0,,False,True,False
0x3c4104623a2045abbc304e1f3b213217281e40f1,True,2000,716,366,350,51.1,5.11,36064.38,4,1776009670558,1781981981628,69.1,919.35,0.025,0.0,0,0.0,,False,False,False
0x3c5e25620f1bdc2df398fd4402b5741ffb38b700,True,159,87,45,42,51.7,0.51,-510.96,4,1787818295020,1788873425820,12.2,-228.12,0.446,347.912702,1,4.2,1.2,False,False,False
0x3c7353a24264e55f8e98a20b89c5848755184946,True,108,58,23,35,39.7,3.1,4186.33,3,1782769893087,1787356029311,53.1,1822.02,0.435,0.001563,0,0.0,0.0,False,False,False
0x3c90df320a5011bda7b491db12e8794456d7362c,True,1838,1142,642,500,56.2,0.7,-3147.92,4,1741627579093,1772708928294,359.7,-2000.33,0.635,0.000107,0,0.0,0.0,False,True,False
0x3cb47b2126ab113d38432440f35ecf07bf106f90,True,2000,755,475,280,62.9,0.68,-1944.14,4,1788796212177,1788858057417,0.7,-449.79,0.231,0.0,0,0.0,,False,False,False
0x3cc873523becfbb6d2303233f1096398a1e09b23,True,2000,988,416,572,42.1,1.07,1161.19,6,1788471975328,1788853719891,4.4,-2508.69,2.16,5397.920474,1,-872.58,-16.2,True,True,False
0x3cd8adf0fc791b7becba56f46045499f63bbe191,True,165,72,39,33,54.2,6.73,1740.91,6,1755763764071,1788190518480,375.3,746.6,0.429,0.0,0,0.0,,False,True,False
0x3cf7da5f050843fc868c4850b87b887f00e94ab7,True,2000,1031,164,867,15.9,0.18,-19500.22,31,1762492143223,1783814400016,246.8,-2641.2,0.135,0.0,0,0.0,,False,False,False
0x3d1474c7535f6096b4c1d99ba2b659396705ef83,True,2000,1025,603,422,58.8,2.21,24133.67,18,1781210607904,1788868776619,88.6,6085.66,0.252,3442.485382,2,396.09,11.5,False,True,False
0x3d2d94e2bb070fe45a69b20596e14476c77ce6b4,True,2000,813,175,638,21.5,0.29,-13755.6,13,1784576749914,1787279726050,31.3,1270.6,0.092,0.0,0,0.0,,False,False,False
0x3d3ca41f6d4d98c2eac16702754acab10727129f,True,2000,954,440,514,46.1,1.33,5303.99,13,1757932872956,1788569647129,354.6,2120.98,0.4,0.0,0,0.0,,False,False,False
0x3d579384788a4fa74e9af4dbc4fb89fd49f48fc4,True,2000,1129,924,205,81.8,0.91,-1778.08,32,1779370526225,1788868586761,109.9,-4738.56,2.665,6790.992522,5,-51.21,-0.8,False,False,False
0x3d6a174aa1340c227fac520744a8e1f22639b9ed,True,2000,1021,340,681,33.3,0.56,-14396.27,8,1780560921993,1788819928545,95.6,2382.26,0.165,5576.390721,1,-331.78,-5.9,True,False,False
0x3d7cbf10e1494464c36698e4d66a81f89d598f76,True,2000,928,373,555,40.2,0.62,-7240.89,41,1779106375927,1788852896208,112.8,-3044.02,0.42,0.0,0,0.0,,False,True,False
0x3d963eb22c8fa28db94de4b4383d0adae8a63505,True,2000,967,476,491,49.2,1.09,4.99,9,1786092486301,1786147303285,0.6,22.34,4.48,0.0,0,0.0,,False,False,False
0x3dac271d1b36a434880c527a678b6487ac9c1f8c,True,2000,935,424,511,45.3,5.78,33078.64,9,1788614734885,1788873279459,3.0,2892.25,0.087,14950.0,1,-504.46,-3.4,False,False,False
0x3dc5be1af860fa4e9ce230d2a6883acdf8e802cf,True,1363,630,221,409,35.1,0.69,-8589.81,11,1778830555814,1788801008226,115.4,2413.95,0.281,0.0,0,0.0,,False,False,False
0x3dd462347e7b42b5a3ea15132b677a4978af7a81,True,2000,1129,816,313,72.3,6.47,21682.46,4,1785596173446,1788856035239,37.7,217.57,0.01,18173.436318,2,6889.43,37.9,False,False,False
0x3de9a354243a94e10060a198c7179b8e5393b9a1,True,2000,1010,837,173,82.9,22.17,254498.72,15,1785960115306,1788832639749,33.2,11583.78,0.046,72011.730135,4,3099.51,4.3,False,True,False
0x3e068eaeb971cc6b21b6b21a514c3423b93747d1,True,1012,601,431,170,71.7,0.56,-947.29,3,1767449577233,1776570444827,105.6,-590.51,0.623,0.0,0,0.0,,False,False,False
0x3e21866760236ebb93cdc093d49a7c5f4c7e505c,True,2000,753,379,374,50.3,1.2,348.01,84,1773767900569,1788868937588,174.8,212.93,0.612,4823.520842,10,-221.14,-4.6,False,True,False
0x3e3568cf3cc5b76c080b5baff6313a97924617b7,True,2000,1150,322,828,28.0,0.72,-6076.47,10,1772737359865,1774224940202,17.2,1828.95,0.301,0.0,0,0.0,,False,True,False
0x3e4a20a88b6d67ad0867d6760dff66230342c566,True,2000,1078,566,512,52.5,1.41,11240.43,17,1739863604367,1787042456433,546.1,4445.28,0.395,0.0,0,0.0,,False,True,False
0x3e54b5ebc95c0fcc1b059207576cbaa7b0db1c6c,True,2000,997,437,560,43.8,0.83,-1528.31,29,1771946516677,1788569160339,192.4,-445.85,0.292,0.0,0,0.0,,False,True,False
0x3e6948a807d74e752e9812ebae832e2e42f84771,True,2000,997,611,386,61.3,1.19,2109.52,9,1758295272928,1788791797583,353.0,3830.33,1.816,0.0,0,0.0,,False,False,False
0x3e75497d32942dc8edfceab39dbfbaf2297311c9,True,2000,1047,838,209,80.0,10.97,37454.87,9,1779219432498,1783252105695,46.7,1447.72,0.039,0.0,0,0.0,,False,True,False
0x3e8379fa4e49648d88dc6c885abd776adbdc2132,True,889,388,257,131,66.2,1.97,44277.51,10,1738554756939,1787280249528,564.0,-8470.03,0.191,109373.254727,0,0.0,0.0,False,True,False
0x3e95b3f35fa93bbbbf6360e36e035c056e48d7d7,True,1282,567,214,353,37.7,0.38,-8184.05,26,1766189694639,1780536936745,166.1,-3506.66,0.428,0.0,0,0.0,,False,True,False
0x3eade2fd174e9d5979370cfb9b2c3c259c9421e1,True,2000,960,672,288,70.0,0.67,-61.89,1,1775947051729,1776182908953,2.7,-41.01,0.663,0.009056,0,0.0,0.0,False,True,False
0x3ecae9812156b1b71c2a1b883dc6f91c697108bb,True,2000,1083,393,690,36.3,0.81,-4119.15,4,1782918134321,1785775786229,33.1,-1254.76,0.305,0.0,0,0.0,,False,True,False
0x3ee505ba316879d246a8fd2b3d7ee63b51b44fab,True,2000,860,860,0,100.0,inf,365394.98,3,1787488065098,1788483008788,11.5,4506.8,0.012,1353608.820193,6,2088890.89,154.3,False,True,False
0x3eef75261b5dfc18ad665de2a04cfe3628f62eed,True,2000,986,405,581,41.1,0.46,-30152.02,3,1774287458683,1776346697606,23.8,-5633.86,0.187,0.0,0,0.0,,False,True,False
0x3f00d9e1c0a299c4f9cdb9591bc67be693434d42,True,2000,1371,826,545,60.2,3.62,793.27,34,1787788371341,1787852975898,0.7,55.95,0.071,0.0,0,0.0,,False,False,False
0x3f10a22cc422b64f7ecfe38347e0e277e96ccdb4,True,2000,897,682,215,76.0,5.79,34166.83,9,1787647930724,1788854666921,14.0,4737.04,0.139,0.0,0,0.0,,False,False,False
0x3f21268a700c05a851c266b5b260363eece72fab,True,274,139,118,21,84.9,65.17,120519.73,2,1774607925488,1787788800012,152.6,30287.6,0.251,0.0,0,0.0,,False,False,False
0x3f3140067291c27ccf93b436155b34c5f6d6a224,True,2000,1079,668,411,61.9,0.36,-44248.26,17,1754408612000,1788642379362,396.2,-6382.74,0.144,10025.38382,1,461.19,4.6,False,True,False
0x3f3f7810e1c4d01ddbdcf418b0e2f958757c5ab0,True,2000,1314,878,436,66.8,0.32,-13.24,8,1785479719281,1788330467712,33.0,-6.21,0.469,0.0,0,0.0,,False,True,False
0x3f5fdb2410cba492b7c3828c811c6662b2894d0b,True,2000,921,321,600,34.9,0.29,-58725.51,2,1784307509096,1788873082032,52.8,-2833.78,0.048,26838.090598,1,-3686.17,-13.7,True,False,False
0x3f7b30c6a5d4389c47e1fcdde65a2fd9739768f6,True,114,56,24,32,42.9,0.58,-476.07,12,1771225637073,1775612783324,50.8,-283.15,0.595,0.0,0,0.0,,False,False,False
0x3f8b692acde47c4584df160ab428120ebb3a707b,True,2000,862,515,347,59.7,2.55,10647.1,13,1788766232231,1788871320415,1.2,1098.3,0.103,81351.698214,3,-1089.43,-1.3,False,False,False
0x3f9a76e7c459bb2dcd91e811793fa8bacbc30ad9,True,2000,1055,377,678,35.7,0.54,-2180.25,19,1784009018400,1785526922196,17.6,-196.52,0.09,0.0,0,0.0,,False,False,False
0x3fabb79bfda533ad29c094d982e40b70b166f94d,True,2000,85,77,8,90.6,1.05,1576.13,4,1778820766470,1786492800012,88.8,-12258.87,7.778,0.002188,0,0.0,0.0,False,False,False
0x3fc491acf6ae01c0a5e19a5e2d5b176218655584,True,2000,1137,555,582,48.8,1.39,3503.89,96,1782824487218,1787514703769,54.3,311.51,0.089,0.0,0,0.0,,False,False,False
0x3fd8c53a5dae60e03f8e45c13441ce7efd15bce0,True,595,307,175,132,57.0,0.5,-96193.21,10,1709244075497,1776500181172,778.4,-26000.0,0.27,4641.662988,1,-3175.35,-68.4,True,True,False
0x3ff3c31f9a02476617bcd7b64f3e0b533763ee1a,True,1475,839,376,463,44.8,0.8,-638.53,55,1786455328540,1788798101098,27.1,-84.77,0.133,0.0,0,0.0,,False,False,False
0x400c3fb4305cf00d4dcf6cc5a99184999ce51ece,True,86,42,42,0,100.0,inf,7937.75,2,1763128947348,1787213360024,278.8,1631.0,0.205,32894.614181,1,-14388.78,-43.7,True,True,False
0x4024cf596bba0119b590a739ed3c31fc6ed720d1,True,2000,760,452,308,59.5,0.69,-8875.56,6,1746044948492,1781725328029,413.0,-4574.72,0.515,0.0,0,0.0,,False,True,False
0x402ebea1fb7d28fc3fc1bdfeb1477e2588228b10,True,160,64,21,43,32.8,0.84,-2724.36,6,1763839536891,1786706086843,264.7,3712.71,1.363,31662.949214,2,10828.21,34.2,False,False,False
0x4042e69a64916a7620c89332ab8b295634407e8e,True,2000,898,361,537,40.2,1.27,3532.3,8,1787064835325,1788865886283,20.8,3813.02,1.079,0.0,0,0.0,,False,False,False
0x404ca2035b37bf2e83505134ebcf8d03babb5f03,True,2000,1972,758,1214,38.4,1.38,33481.59,8,1787379571256,1788874259756,17.3,2218.92,0.066,1239788.782806,18,498499.09,40.2,False,False,False
0x4061eada41227256d5c7d501b562824a1b717a36,True,2000,1907,732,1175,38.4,0.35,-93103.69,47,1777919221214,1779321600086,16.2,2150.12,0.023,0.0,0,0.0,,False,True,False
0x407afe1e87bf741293d47e562b107a633e678562,True,2000,1239,1106,133,89.3,40.92,167682.78,6,1770047592187,1779321600086,107.3,4551.13,0.027,0.0,0,0.0,,False,True,False
0x408d807d1dbb778f59a9c088e56d4c27bdd362ac,True,2000,826,108,718,13.1,0.01,-149361.77,1,1786980791501,1787618775465,7.4,-10397.4,0.07,0.0,0,0.0,,False,False,False
0x40a632026febd007b0e4431a29170507f7aa3896,True,2000,497,387,110,77.9,4.86,63845.64,7,1788289516883,1788872694988,6.7,9603.38,0.15,377534.533398,6,-78988.54,-20.9,True,True,False
0x40c7af5b41f0463fd1e0b428331d7713550607dc,True,2000,1078,845,233,78.4,0.95,-3128.41,6,1781523608364,1787957618933,74.5,-15255.55,4.876,52210.97254,1,-2623.41,-5.0,True,True,False
0x40dfa7a47f18f22b42bf4246819cf09b071fccd1,True,2000,741,458,283,61.8,2.7,13402.07,20,1787822998633,1788870515432,12.1,-1650.33,0.123,14207.080298,8,-474.51,-3.3,False,True,False
0x40f20b734d7d25ba0b6219e921382fa992a56a9e,True,2000,0,0,0,,,0.0,2,1788741771695,1788871471225,1.5,0.0,,0.0,0,0.0,,False,False,False
0x41042e300745161097645cbb3134f5a9a74084f1,True,2000,1205,681,524,56.5,0.72,-16194.9,5,1780372781072,1784935123592,52.8,4145.2,0.256,0.0,0,0.0,,False,True,False
0x411fcc31ebd947ca776974acbb665147136a2c9a,True,2000,898,624,274,69.5,3.26,33259.84,26,1777219271348,1781005517704,43.8,3026.77,0.091,0.0,0,0.0,,False,True,False
0x4130d96971a2ccd408f3ff75d5bc9daf147b314c,True,2000,1314,654,660,49.8,1.62,33911.73,7,1777457406619,1787660376461,118.1,513.53,0.015,0.0,0,0.0,,False,False,False
0x414ade317cd254a970f97ec57185080a42f270b2,True,2000,1088,543,545,49.9,0.96,-243.31,47,1788845932045,1788874593187,0.3,-374.76,1.54,494757.685641,43,-1958.72,-0.4,False,True,False
0x41644cec1e30fadf4f1290e7907d11d26b5e1fc7,True,620,247,103,144,41.7,0.63,-11634.65,27,1739625730233,1788862870389,569.9,-4786.41,0.411,177.073701,1,10.78,6.1,False,True,False
0x417c1e38b30e4eea20ddbc64e12f11c581b7ba85,True,2000,1000,392,608,39.2,0.45,-4018.99,20,1785385251990,1787375393235,23.0,-740.78,0.184,0.0,0,0.0,,False,True,False
0x418aa6bf98a2b2bc93779f810330d88cde488888,True,2000,576,278,298,48.3,0.62,-1212.74,3,1788258698162,1788874290141,7.1,-43.34,0.036,1669479.506236,4,17669.63,1.1,False,True,False
0x41a1252367faf7b37ce7cac5018b35ae2037feca,True,829,457,355,102,77.7,9.39,94202.18,3,1748463621729,1788874281757,467.7,10326.08,0.11,33689.623858,1,-3848.02,-11.4,True,False,False
0x41b50c1e97bf65784e98e39124e2667e59387609,True,161,58,56,2,96.6,0.86,-682.19,4,1787153736490,1788874635843,19.9,-2416.0,3.542,0.0,0,0.0,,False,False,False
0x41d17294c75a448f7e977bd31a13021a73783fec,True,805,287,185,102,64.5,0.87,-100.81,8,1769912106163,1785564694048,181.2,-75.84,0.752,0.0,0,0.0,,False,False,False
0x41efd5eb21a4dd5c331f25c4ad6df8fe8ad7f896,True,2000,836,266,570,31.8,0.93,-616.15,23,1758296087371,1788872643705,353.9,-1182.32,1.919,5952.772361,4,-77.48,-1.3,False,True,False
0x42071bd2fddd8688b5e2ca71396d3f199930771c,True,2000,996,361,635,36.2,0.88,-221.85,35,1783238408944,1788165753105,57.0,459.64,2.072,2130.177715,36,-518.15,-24.3,True,False,False
0x421183f04d68d0c2c68e27f07ccf84cd8746b9ef,True,2000,795,229,566,28.8,4.26,39447.22,19,1788357770641,1788859754415,5.8,13413.5,0.34,0.0,0,0.0,,False,False,False
0x4221ae35dd1c468fea6fa034ffcd6360100f0eaa,True,2000,1041,617,424,59.3,5.01,9702.76,3,1782779844236,1787001676358,48.9,876.14,0.09,0.0,0,0.0,,False,False,False
0x422fb54b82052bf1849db1017e906eeb540b0401,True,2000,1018,562,456,55.2,0.53,-26321.67,33,1748900137643,1780640583900,367.4,-4444.77,0.169,0.0,0,0.0,,False,True,False
0x4240552cd4122b1b011552aaeae5c35d12c82509,True,2000,949,428,521,45.1,0.6,-44419.14,9,1770455468066,1788869184763,213.1,-12984.77,0.292,25041.189776,3,-76.48,-0.3,False,True,False
0x4251c340c5021f51c17f6280c2c18ae11bcfb549,True,1130,465,250,215,53.8,1.19,2183.31,7,1771977835709,1784922596802,149.8,1528.38,0.7,0.0,0,0.0,,False,False,False
0x426ffa99039c971b8074bf468142f684d4bef6f6,True,421,182,137,45,75.3,6.29,50176.46,6,1774041945125,1788853936017,171.4,6261.99,0.125,21321.710078,1,-167.12,-0.8,False,True,False
0x428263029399a44b0d5f9dc2e5db1ede97cd7826,True,2000,1220,582,638,47.7,2.54,46979.89,6,1781057531637,1787795304421,78.0,4739.96,0.101,0.0,0,0.0,,False,False,False
0x42a4242b6da287cb20668d38f47d272e88f99ab1,True,1683,869,134,735,15.4,0.17,-16194.84,9,1775040948540,1780672265169,65.2,-2021.51,0.125,0.0,0,0.0,,False,False,False
0x42b6d907f36255d48f70db8b4a2684088a162634,True,2000,2000,2000,0,100.0,inf,471898.59,1,1785110654272,1785115062263,0.1,22156.18,0.047,0.0,0,0.0,,False,False,False
0x42c2fe26fb06d5897b7555cce8fd9c90f4624e16,True,2000,792,388,404,49.0,0.62,-5794.59,25,1732273586050,1775433600029,499.5,-1513.85,0.261,0.0,0,0.0,,False,True,False
0x42ebc46c56103852655138bad8304b6f36aeda36,True,1979,1029,511,518,49.7,1.02,447.02,40,1734275641766,1788798359181,631.0,1266.69,2.834,10025.916204,1,-45.23,-0.5,False,True,False
0x42fd5648cf21c158d15e4f58785760755b3f6623,True,2000,1013,816,197,80.6,12.52,194113.52,8,1788433971886,1788789828629,4.1,9757.17,0.05,102795.829191,2,-13503.89,-13.1,True,False,False
0x4311196566b28005e486fe5b0d43b7641fdced25,True,2000,798,281,517,35.2,1.0,19.49,32,1778432688412,1788855056966,120.6,4999.63,256.516,3114.519991,2,2056.44,66.0,False,True,False
0x4331ca6ff2e4a342244a4b8bec962a43cbeb0b57,True,2000,449,415,34,92.4,0.12,-12951.86,4,1786715080688,1787273623321,6.5,-9570.01,0.739,0.0,0,0.0,,False,True,False
0x433a9f614ca5c9a283ddab88a20d2a1ca844e452,True,2000,693,267,426,38.5,0.06,-500355.12,9,1768729960662,1788463486392,228.4,-57477.66,0.115,352132.588508,1,2787.04,0.8,False,True,False
0x43525443b6019d320a6962cae07fdba3d042de7e,True,2000,1041,343,698,32.9,5.92,7157.38,54,1784883103615,1788613382162,43.2,2043.24,0.285,0.0,0,0.0,,False,False,False
0x4369cbf57ef3bfd3cd7092c461a57290617bc54b,True,2000,862,625,237,72.5,1.69,45090.22,13,1782764761041,1788693688894,68.6,-33269.38,0.738,6290.485266,1,1670.5,26.6,False,True,False
0x438f55caeb246c3b1a18b92c9999a6173c3cefd2,True,2000,494,162,332,32.8,0.43,-12332.08,9,1786921165123,1788649372504,20.0,-3423.11,0.278,0.0,0,0.0,,False,True,False
0x43a5d46352272f67e7b071984f9ff5ab25ba4429,True,2000,984,590,394,60.0,2.63,17511.11,8,1784169517032,1787037393753,33.2,1735.54,0.099,0.0,0,0.0,,False,True,False
0x43be3d7b02bd8eeef9560fea4b9fd14409e8d962,True,342,156,22,134,14.1,2.98,29401.12,3,1777478953165,1777680000010,2.3,14388.88,0.489,0.0,0,0.0,,False,True,False
0x43d669fef45ddc14df6affcfc0271ce16f283844,True,2000,1004,550,454,54.8,1.86,44843.96,38,1734238030661,1788287345106,625.6,-6471.76,0.144,4438.096942,1,498.6,11.2,False,True,False
0x43f812088fabdc051f2493d8599326a5f546eaca,True,2000,916,368,548,40.2,0.19,-23715.62,9,1773157376716,1773731649674,6.6,-816.83,0.034,0.0,0,0.0,,False,True,False
0x440b4a49248f25a9cf514ad8c1557cbf504ed5c4,True,2000,909,574,335,63.1,2.88,55127.96,26,1786572300628,1788862968943,26.5,5528.29,0.1,74497.893505,4,23474.38,31.5,False,True,False
0x44209662afaa054f3afccd1aa9a8e2f91f1b4c4b,True,2000,1102,806,296,73.1,0.84,-59547.26,5,1787336553874,1788874582850,17.8,-45527.51,0.765,572486.717685,5,-18080.14,-3.2,False,True,False
0x4448b8475f432f96dd7807895ec76453d959c409,True,1661,764,373,391,48.8,1.46,13115.11,34,1785924367101,1788820810503,33.5,3324.34,0.253,758.48055,1,-220.9,-29.1,True,True,True
0x4455f84942ad3616832e15a0f91e41e837ece35a,True,459,296,207,89,69.9,1.18,4767.27,1,1780676076009,1788485070122,90.4,-6229.49,1.307,3284.748199,1,-3239.15,-98.6,True,True,False
0x4461ddc43a183926d0e40ccb6a792553c2b5dba9,True,2000,979,408,571,41.7,0.39,-89819.96,15,1758520100366,1787592787056,336.5,-46263.88,0.515,10825.592033,1,10292.25,95.1,False,True,False
0x44871d62caaeb8b91777be8aae0e23ee68b4c92d,True,2000,818,293,525,35.8,0.31,-46923.53,1,1788534236857,1788874884198,3.9,-1340.46,0.029,6855108.873925,1,269098.61,3.9,False,False,False
0x449bbb0f5eef1f7c2ec4a66c8472574d1304f55e,True,1233,566,307,259,54.2,0.8,-1288.99,20,1783903155970,1788716796689,55.7,-492.56,0.382,0.0,0,0.0,,False,False,False
0x44a70b19c0452385247071c848f549d07153c977,True,2000,936,860,76,91.9,2.55,15538.3,2,1779094425614,1780806866504,19.8,-2719.68,0.175,0.0,0,0.0,,False,False,False
0x44b398bf3305ce9faddda0c812e931cf4ad17ec6,True,2000,1174,656,518,55.9,1.32,22923.09,7,1770076279204,1782325044058,141.8,36164.11,1.578,0.0,0,0.0,,False,False,False
0x44c9788cdfabe3cb15a3eeb6e63cd2ec709c8bbe,True,2000,755,495,260,65.6,0.19,-112483.64,8,1784730788405,1788795254777,47.0,-21517.79,0.191,0.0,0,0.0,,False,True,False
0x44dadad03b6b3530253815ecef5c0c741cde48be,True,156,27,12,15,44.4,1.19,1270.6,2,1776709045414,1787275095881,122.3,3087.36,2.43,0.0,0,0.0,,False,True,False
0x44eab003be671878cf8cd553d14d4d305413bd87,True,483,190,114,76,60.0,1.71,9861.13,6,1781198338321,1782097281115,10.4,3098.01,0.314,0.0,0,0.0,,False,False,False
0x44f9fab1f9ad7bdfbed081701913e12448bfb5c8,True,2000,726,319,407,43.9,0.81,-5659.8,5,1776688054530,1788430163867,135.9,-1668.97,0.295,0.0,0,0.0,,False,True,False
0x45089135b2066750d109f2d0ec30bb86f5453661,True,2000,1114,843,271,75.7,2.57,25245.81,31,1771890724900,1788722374505,194.8,2161.5,0.086,1792.14917,1,-1620.81,-90.4,True,True,False
0x451908a0e001869aed91cb3705e9e6e45ea357a9,True,2000,990,444,546,44.8,1.85,5077.58,39,1775067321809,1781019117826,68.9,1133.44,0.223,0.0,0,0.0,,False,True,False
0x452fa60a01893250b30ccda863658e7a93a5ae8a,True,895,454,153,301,33.7,0.98,-197.37,45,1719644227364,1787643741709,787.0,998.92,5.061,0.0,0,0.0,,False,True,False
0x4538bd81849ec71f9b4be1e4b6c2493a08c0d483,True,176,73,62,11,84.9,2.84,2731.69,3,1782747589928,1787854884998,59.1,664.44,0.243,0.002433,0,0.0,0.0,False,True,False
0x45493a565283ce3dab378f4afbc34bcfadae46eb,True,252,103,22,81,21.4,2.76,3719.88,2,1787265369312,1787886041067,7.2,2095.39,0.563,0.0,0,0.0,,False,False,False
0x45650086c2688797bf9470258777396c87033b4a,True,752,385,230,155,59.7,2.96,21096.38,24,1754830725847,1788874639030,394.0,2268.04,0.108,1136.683512,1,526.84,46.3,False,True,False
0x457b13ab4d63390c984a06a913719f53f5ef1edc,True,2000,1196,300,896,25.1,1.13,2550.67,22,1763912695998,1788136138205,280.4,3244.23,1.272,515.775196,1,-58.37,-11.3,True,True,False
0x4594d0b089984277ae64bdea2093c28db66d3e01,True,2000,1018,222,796,21.8,2.57,7601.39,43,1787322199375,1788872881198,17.9,1100.65,0.145,0.0,0,0.0,,False,False,False
0x45a3b27b13c6a4fe90a1a7e8cdcb24d80abc71cd,True,2000,971,402,569,41.4,1.1,2368.67,7,1782881360711,1784764800046,21.8,-1016.57,0.429,0.0,0,0.0,,False,True,False
0x45b440e5992994caf591bd5fa4ff4a471a531b00,True,2000,902,436,466,48.3,0.72,-18956.15,5,1784812327109,1787133663542,26.9,-5657.8,0.298,0.0,0,0.0,,False,False,False
0x45d6a42f302058010446fa9c24f3d0ae19aec826,True,2000,846,445,401,52.6,1.15,4696.25,16,1787156713905,1788874307441,19.9,1915.76,0.408,5785.00358,2,-3377.11,-58.4,True,True,False
0x45e750e74b4f9025d1ea4726390bf3ecb96393c6,True,2000,965,367,598,38.0,0.48,-21578.42,27,1780326192283,1788848528190,98.6,-6917.53,0.321,8698.538305,3,5579.76,64.1,False,True,False
0x45f51f09ec0743f2b3d7c904b9ddc2eed9718691,True,2000,780,686,94,87.9,10.83,38168.36,1,1777024091093,1779124697014,24.3,4076.95,0.107,0.0,0,0.0,,False,False,False
0x4606e2af9299529a568e6f299ad829b16a094899,True,2000,915,541,374,59.1,0.75,-3066.88,12,1781591926165,1788868109812,84.2,-1235.31,0.403,2633.61799,3,-3462.2,-131.5,True,True,False
0x461a8464d68809a379e9384d10f17a5d66b6fe55,True,1291,609,350,259,57.5,1.17,1706.09,18,1777871793401,1788874328861,127.3,403.41,0.236,0.0,0,0.0,,False,True,False
0x4631afc621ff66b35e9301fc1dcbcf7880a60be2,True,1965,694,459,235,66.1,4.14,57913.59,26,1713617434340,1788824479088,870.5,28454.08,0.491,17694.620699,4,-18522.01,-104.7,True,True,True
0x46560b7207bb490a2115c334e36a70d6ad4bdebd,True,2000,897,134,763,14.9,0.12,-152680.7,1,1788525351836,1788875074093,4.0,-9864.61,0.065,0.0,0,0.0,,False,True,False
0x4680ca304e9c67f06f8683b2cc431523c046670e,True,2000,986,492,494,49.9,2.51,29935.98,25,1788308016661,1788827164460,6.0,5443.0,0.182,139494.622729,10,12955.24,9.3,False,False,False
0x469bc5524456efa6932cac83294f31a09b8159b8,True,2000,498,327,171,65.7,5.49,33217.09,7,1788424205144,1788839430824,4.8,3327.29,0.1,76378.885337,5,51142.02,67.0,False,False,False
0x46aa24cd46b88520160c9aa4371b31e77cca8f47,True,548,245,77,168,31.4,0.3,-4278.55,10,1787606593092,1788488562640,10.2,-502.21,0.117,0.0,0,0.0,,False,False,False
0x46ba270d8ce9bbc7916caf2267cc1e5312c9d430,True,1147,573,291,282,50.8,0.6,-5723.08,19,1785769553749,1788862796735,35.8,-2182.9,0.381,0.0,0,0.0,,False,False,False
0x46ef4e0c99af23ae475b9e2da926d4def32d2b18,True,622,335,261,74,77.9,19.04,9435.69,10,1767690832475,1784955971110,199.8,333.54,0.035,0.0,0,0.0,,False,False,False
0x46fd676afa578f756a83be1a1fd04a6bf1ee6b78,True,2000,740,263,477,35.5,0.23,-17141.83,4,1788372860661,1788870109980,5.8,-1288.05,0.075,28318.923073,1,-9724.05,-34.3,True,False,False
0x470e4b5b7220a807393cfc25585dd79bc4bda347,True,1779,908,548,360,60.4,1.65,26454.45,31,1737260753072,1788344605890,591.2,7882.37,0.298,57683.942955,2,19032.89,33.0,False,True,False
0x473717d2be2084d64e888d29056e36577f3d9469,True,2000,650,313,337,48.2,2.36,17701.52,6,1788626617013,1788819456119,2.2,4495.72,0.254,46952.49552,1,-2085.38,-4.4,False,False,False
0x4748a4c83a0065f1edf2b208c3710e0a3714636d,True,1387,627,491,136,78.3,1.43,2094.58,11,1771915610883,1780874327169,103.7,-1918.17,0.916,0.0,0,0.0,,False,True,False
0x4771b350e8b9059db4a72e913623a7cf028ffccc,True,2000,746,167,579,22.4,0.55,-8570.46,9,1769731252311,1788874870227,221.6,-1535.76,0.179,561.082797,1,-205.72,-36.7,True,True,False
0x47930c76790c865217472f2ddb4d14c640ee450a,True,2000,1124,690,434,61.4,1.57,2974.28,13,1784849282750,1788832998421,46.1,254.85,0.086,1960.447412,2,-56.63,-2.9,False,True,False
0x47a3650930cb67f877d8edc483a8adfeb0e82329,True,2000,1039,573,466,55.1,1.25,4611.22,9,1784210816844,1787818193744,41.8,-1292.33,0.28,0.0,0,0.0,,False,False,False
0x47c81f07df3c4d927d2876fc16c0e04fb7521b37,True,1477,670,363,307,54.2,1.24,8815.36,14,1734205356887,1784721034035,584.7,4034.37,0.458,0.0,0,0.0,,False,True,False
0x47dee11e0d84f05d7726b69666595700f3f0d883,True,1176,451,197,254,43.7,0.6,-6525.71,47,1713260408017,1788816146595,874.5,-1697.88,0.26,1065.86161,2,-337.64,-31.7,True,True,False
0x47ed8ce8cb38d2cd2334e7000c5448b1cdf6d21a,True,983,515,257,258,49.9,2.0,20338.61,15,1738557928372,1780012800066,479.8,-4811.64,0.237,0.0,0,0.0,,False,True,False
0x47fdb2e3a806fd41323a814e28e7b5d6e0a973f0,True,567,275,121,154,44.0,1.0,-3.9,2,1786734491114,1788849653876,24.5,273.39,70.12,9199.986246,1,-646.31,-7.0,True,False,False
0x481b24686744c8bf1fd8c993aad47902075cf951,True,1180,564,433,131,76.8,8.41,192797.61,3,1770412599993,1788626349344,210.8,78285.0,0.406,301211.535396,1,-127481.1,-42.3,True,False,False
0x4831b317fa86342420f8fa8fd27eba87c4a28510,True,1220,535,265,270,49.5,0.62,-8090.83,1,1788253216006,1788382777453,1.5,-1733.77,0.214,0.0,0,0.0,,False,False,False
0x48479f281afe9eaa5d214946d2e31bfa92b74fd9,True,265,125,74,51,59.2,6.09,36246.48,16,1713824439886,1788197450868,860.8,28491.69,0.786,5426.120217,3,-657.87,-12.1,True,True,True
0x487033d8ed8c955098148e87fa66f54b046d5c41,True,2000,95,95,0,100.0,inf,4994.44,31,1788731374002,1788825510922,1.1,117.08,0.023,0.0,0,0.0,,False,False,False
0x488f0ef6985c15d9dcc77424b3fdc67a64ed8350,True,634,340,166,174,48.8,0.48,-7477.8,17,1779457314872,1781481600049,23.4,3501.34,0.468,0.0,0,0.0,,False,False,False
0x48a2a3f613551c7bae6cdfcf6c4fee421275b694,True,2000,1233,560,673,45.4,0.51,-31772.53,18,1759152166609,1788299957388,337.4,-31432.42,0.989,0.0,0,0.0,,False,True,False
0x48bcd49140c94e9cef912c5691f3017789749b65,True,2000,1205,410,795,34.0,1.13,615.97,6,1760371453841,1778153789295,205.8,544.9,0.885,0.0,0,0.0,,False,False,False
0x48cdb09affdff0f135cf656823de66a9211cff9b,True,239,128,63,65,49.2,0.39,-19630.77,1,1776121012712,1778685395892,29.7,-6951.72,0.354,0.0,0,0.0,,False,True,False
0x48d7ba16185d6c0cbdf159db7fc6990878914907,True,2000,760,75,685,9.9,0.21,-165756.5,12,1781282304935,1788658863809,85.4,9494.41,0.057,0.249134,1,-0.21,-85.9,True,True,False
0x48f36e41698f17ba2b727902e7a2ad36a64f320b,True,34,12,12,0,100.0,inf,102.51,6,1774403670183,1776192446428,20.7,65.54,0.639,0.0,0,0.0,,False,False,False
0x4909319e1a5631d0ccb561f36c11bf92bd5f0e94,True,265,145,68,77,46.9,5.21,42058.88,4,1774878760015,1788503735998,157.7,5233.94,0.124,36020.696139,1,-4206.0,-11.7,True,False,False
0x4918f0ff43dc46305e3ef9eec6b3aa4c9980df6b,True,2000,1022,367,655,35.9,0.87,-1218.58,13,1779748511836,1787460537612,89.3,1143.2,0.938,0.0,0,0.0,,False,True,False
0x49316dc0af99739b74cf20652893f13edef68640,True,2000,1047,406,641,38.8,0.67,-2502.02,2,1788188182005,1788816486192,7.3,-1184.46,0.473,388.480917,0,0.0,0.0,False,True,False
0x49454743b0d98010e5fd622dbb6fde4571bd16cb,True,2000,1082,669,413,61.8,2.17,17041.59,29,1782331621367,1788872957744,75.7,2119.28,0.124,40062.264625,7,-2298.29,-5.7,True,True,False
0x49574d30abe0c17c23c5d2af46e768fbfa76a65d,True,2000,1031,484,547,46.9,1.09,123.05,6,1788423471104,1788869014748,5.2,-173.3,1.408,748.09428,1,32.56,4.4,False,False,False
0x498c8f588aef8f190374a5120dbdc791b4bea73d,True,2000,1011,337,674,33.3,1.33,4028.14,4,1760890062468,1787943819014,313.1,4541.15,1.127,0.0,0,0.0,,False,True,False
0x499cdce5c5a2738284c2c638692d0a95a91ead67,True,2000,982,260,722,26.5,0.16,-168244.9,3,1785355461412,1785805269957,5.2,-8108.18,0.048,0.0,0,0.0,,False,False,False
0x49bb6cc7ca918e6e37500444af16520cb33d6f4d,True,2000,1026,384,642,37.4,1.07,119.73,52,1785054823750,1788862308174,44.1,76.53,0.639,20113.908843,50,1065.91,5.3,False,False,False
0x49d2daa9b4180f4d3e65b843fce7af5b155555dd,True,2000,147,81,66,55.1,7.75,2615.17,20,1788121530427,1788868441361,8.6,938.0,0.359,70919.281284,18,-21624.78,-30.5,True,True,False
0x49e7cf16d2cfdf6173be328401cee3db6d08137b,True,2000,1144,574,570,50.2,1.07,694.23,39,1764274060077,1788477593263,280.1,-1118.17,1.611,0.0,0,0.0,,False,True,False
0x4a061a4ae5f579ad84c29a4134eb7d4e178775e8,True,1015,492,232,260,47.2,0.74,-5234.86,5,1758309037591,1781019150041,262.8,-1978.71,0.378,0.0,0,0.0,,False,False,False
0x4a164819e99fe96bdf6f1ea538956219a6fecd02,True,2000,869,745,124,85.7,3.19,6557.77,10,1752855008006,1788847218730,416.6,1266.73,0.193,29772.27929,1,-269.73,-0.9,False,False,False
0x4a1f71d91ee321209939a227337f72761b53f701,True,2000,770,512,258,66.5,5.77,19644.92,2,1788457915652,1788875091988,4.8,262.56,0.013,0.004881,0,0.0,0.0,False,False,False
0x4a31d6d8a917a23b63079efa2c04ff1662c014d9,True,340,173,64,109,37.0,1.08,640.96,18,1734112305130,1779321600086,523.3,-2943.77,4.593,0.0,0,0.0,,False,True,False
0x4a49adcac118e57b253c7405b736724726ea5e14,True,2000,1340,465,875,34.7,0.6,-25084.13,2,1779390746167,1780071306968,7.9,-4153.54,0.166,0.0,0,0.0,,False,False,False
0x4a660dfcc2445764e7b8056ee917259307aaddce,True,2000,1016,76,940,7.5,1.22,2105.13,6,1788530633564,1788875293265,4.0,1321.59,0.628,14237.1,1,-111.07,-0.8,False,False,False
0x4a77ecc2b1e94053d3d6533190e3b10aec75b101,True,2000,1090,549,541,50.4,0.68,-3501.27,43,1770466443316,1788652800016,210.5,-1229.2,0.351,76.976724,1,16.75,21.8,False,False,False
0x4a84f5a6e336b4f90c417c981d88c04fbeefa262,True,1490,546,530,16,97.1,397.54,88247.95,2,1787697005188,1788874855060,13.6,5317.5,0.06,11450.326439,1,-467.47,-4.1,False,True,False
0x4a9cddfb17671241964a9beb94518ef5a73212bf,True,1265,585,408,177,69.7,1.14,11231.89,8,1779216009256,1788835160255,111.3,11505.52,1.024,9167.903416,1,-3893.7,-42.5,True,True,False
0x4aad0afe6dcd9890f8c5105e5281991348127eb4,True,2000,1200,1012,188,84.3,0.42,-43942.64,5,1781801650844,1788445763614,76.9,-17209.95,0.392,15648.685714,1,1512.0,9.7,False,True,False
0x4abffa8caa490070e3d1ecc329a1a13231703335,True,2000,1016,183,833,18.0,0.03,-94956.09,3,1781270354151,1787301403180,69.8,-11462.9,0.121,0.0,0,0.0,,False,True,False
0x4adaccf56fc0ece6893e9b7574e34ed241557caf,True,2000,1168,597,571,51.1,5.71,56969.68,11,1787940230541,1788866928635,10.7,4207.04,0.074,341661.827331,3,155724.88,45.6,False,False,False
0x4af52283ea6de9236c47b28e5dbf156453df8efb,True,2000,1164,252,912,21.6,0.2,-10269.32,105,1788228138416,1788450791611,2.6,870.49,0.085,78699.844452,0,0.0,0.0,False,False,False
0x4b1bce33e6157a60ba445eb27ad802ceab87d111,True,2000,1806,1079,727,59.7,0.53,-796.75,3,1788653807190,1788798862445,1.7,-64.7,0.081,27064.793592,0,0.0,0.0,False,True,False
0x4b3cd947eb86a32dadbde2e9a873524615e66c92,True,2000,1013,678,335,66.9,2.26,65721.8,10,1787689611546,1788856984116,13.5,7312.76,0.111,89702.377141,2,10802.52,12.0,False,False,False
0x4b563051258ade30122940b80f575363baa4445b,True,2000,1375,730,645,53.1,0.76,-5229.54,8,1785861199823,1788338774374,28.7,6959.54,1.331,0.0,0,0.0,,False,False,False
0x4b6bfcef9952c92b0a0cb80223a5a38ff339c077,True,684,286,160,126,55.9,3.53,33644.71,11,1750853989640,1788833251807,439.6,4182.45,0.124,9544.67073,1,-2747.63,-28.8,True,True,False
0x4b987506ed4e258f78319e78205c0f1090127a94,True,2000,741,242,499,32.7,1.33,791.41,11,1788230036810,1788875278479,7.5,300.62,0.38,1019.363767,2,-85.18,-8.4,True,True,False
0x4ba892f2323d2d2feaa42f591be6b90f38b49d95,True,373,167,54,113,32.3,0.33,-4377.37,9,1776774809526,1787304981943,121.9,-1056.94,0.241,0.0,0,0.0,,False,False,False
0x4bbf95c18dca8609fa2bfa01aa1f07b77e334b4b,True,2000,986,580,406,58.8,129.48,167926.25,3,1787316963233,1788356881794,12.0,48777.16,0.29,0.0,0,0.0,,False,False,False
0x4bcc092a156905788bf2a1a59e5968623957210d,True,2000,1029,692,337,67.2,4.2,4190.7,7,1788874080782,1788875505275,0.0,897.52,0.214,0.003515,0,0.0,0.0,False,False,False
0x4bdfd3ce7bfb07b75a2a59a8f723910dd7147b9c,True,2000,983,638,345,64.9,1.32,17106.31,73,1722698556817,1787212237135,746.7,4678.92,0.274,0.0,0,0.0,,False,True,False
0x4bf522ce994bd9a966672b04916e41a3b39c4ac6,True,2000,1353,647,706,47.8,0.51,-37063.89,16,1770960790257,1782458032230,133.1,8129.51,0.219,0.0,0,0.0,,False,False,False
0x4c0f0ea5083bf9ec4ee2128498238ec8dcfb979e,True,2000,949,187,762,19.7,0.47,-34335.88,24,1761755071759,1784250367610,260.4,3528.15,0.103,0.0,0,0.0,,False,True,False
0x4c2b3cd9b6a7b8da31f8a253beb1ec59440b9edb,True,2000,981,482,499,49.1,1.52,3491.65,52,1775579571547,1788795110930,153.0,-616.23,0.176,0.0,0,0.0,,False,False,False
0x4c46f7295a1fe70d2ad04dfd5fa0e8007b17cba5,True,2000,997,257,740,25.8,0.04,-240033.83,1,1785196072172,1787158687968,22.7,-66539.26,0.277,0.0,0,0.0,,False,True,False
0x4c64bf92ce23499d6b2ce270f793695f879ee6df,True,2000,976,486,490,49.8,1.43,3594.34,14,1788137210880,1788875260017,8.5,3495.19,0.972,0.0,0,0.0,,False,False,False
0x4c7b47184839a714d8272f1b2e0719978f82db05,True,2000,963,355,608,36.9,1.03,1003.51,11,1780637144426,1782999294693,27.3,3363.91,3.352,0.0,0,0.0,,False,False,False
0x4c98e2651a855b57fb66761d2897ff603de7c019,True,2000,969,290,679,29.9,0.95,-1284.18,16,1766160440119,1788843634176,262.5,1041.39,0.811,1372.9653,1,403.77,29.4,False,True,False
0x4cb104e79a27275e4a6d1e5d39eecb68bbd78bcd,True,2000,1438,1019,419,70.9,3.57,10511.06,9,1763713059758,1782425047628,216.6,-87.22,0.008,11935.757426,2,50860.91,426.1,False,False,False
0x4cc390eada38741fe9c77036b7c38537fb5f38ea,True,2000,1947,1611,336,82.7,79.58,439283.37,11,1770087816117,1784160000034,162.9,27180.19,0.062,0.0,0,0.0,,False,False,False
0x4cd8702b2e283f941cb25e929361dc6b462786c6,True,2000,965,592,373,61.3,0.65,-4417.82,13,1775913148141,1788678273232,147.7,-2047.83,0.464,0.0,0,0.0,,False,True,False
0x4cf425bb9070b90152215fe042b1719ceea14027,True,990,476,293,183,61.6,1.12,2357.29,4,1760380938529,1788528439238,325.8,-19640.24,8.332,109468.455976,1,-162476.95,-148.4,True,False,False
0x4d2557e225d5bdda2649e4d47020f9db18158cc7,True,2000,765,541,224,70.7,0.67,-38399.22,7,1775668693402,1779475557735,44.1,-25109.64,0.654,0.0,0,0.0,,False,True,False
0x4d36cff935cf04cc7cf1e795bcf69a0f981604a2,True,2000,625,471,154,75.4,15.24,212912.94,6,1779001440951,1782582835897,41.5,28241.5,0.133,0.0,0,0.0,,False,True,False
0x4d5b5f5fdfdd5f9c3c9ab6ae7d6a7a03327606f2,True,184,83,24,59,28.9,0.37,-1674.13,4,1772692881097,1784222062631,133.4,498.78,0.298,0.0,0,0.0,,False,False,False
0x4d69495d16fab95c3c27b76978affa50301079d0,True,2000,1226,331,895,27.0,0.18,-182617.71,7,1763732403000,1788450714611,286.1,-10938.35,0.06,5128.300929,1,865.95,16.9,False,True,True
0x4d7fcd45a6bff53859b6273e4f54ba63c5dbdd40,True,1128,541,150,391,27.7,0.38,-10533.36,4,1780929930248,1782718003787,20.7,-4122.0,0.391,27864.157801,1,22948.07,82.4,False,False,False
0x4d94a034a3d3db45a8b61f35a38e688c2eea6100,True,2000,1041,532,509,51.1,0.91,-991.05,106,1769558604449,1776384345498,79.0,-415.8,0.42,0.0,0,0.0,,False,False,False
0x4da4a2f69cb2f61a49efb7423b1f093b79c6f1f2,True,2000,888,287,601,32.3,0.76,-6362.13,14,1783450849701,1788869878484,62.7,-2222.08,0.349,16456.461873,2,-248.15,-1.5,False,False,False
0x4dc062e9c723c9443483546c1ca0f9f69c3dec21,True,2000,967,621,346,64.2,2.73,18457.33,8,1776238985538,1788693773169,144.2,2691.54,0.146,0.0,0,0.0,,False,False,False
0x4dd4f4536e2ad0aaf44d5eda7c9a4e05dad570b3,True,2000,993,319,674,32.1,1.48,6327.92,21,1782311815319,1788734053581,74.3,1396.69,0.221,4131.574733,1,2747.45,66.5,False,True,False
0x4def2eb46dc36733e3f0ff4571e535baee33e8d9,True,2000,1144,385,759,33.7,0.87,-1033.21,5,1784314289005,1788807059019,52.0,611.25,0.592,1193.901879,1,396.0,33.2,False,True,False
0x4e08f22d7cbf405865cc70a6367d43e1b1bc3d2f,True,973,364,235,129,64.6,3.6,14017.86,9,1780567414053,1788706905692,94.2,1972.88,0.141,0.0,0,0.0,,False,False,False
0x4e24d39d815454ab5e2bf8ee075402a0f4467023,True,2000,938,515,423,54.9,0.66,-14070.48,61,1762186402712,1788220800019,301.3,-7746.23,0.551,0.0,0,0.0,,False,True,False
0x4e3f237cd19e458488089227f98b748f8d02fc16,True,1119,579,334,245,57.7,0.49,-2777.68,1,1775717719636,1778164368361,28.3,1154.08,0.415,0.0,0,0.0,,False,False,False
0x4e55f58ca9ad5d5794e15f4e20c9499c4fa5c127,True,2000,1143,391,752,34.2,1.78,25000.68,25,1788413947691,1788848322255,5.0,4611.96,0.184,27021.181795,2,-3891.59,-14.4,True,True,False
0x4e60e3a4a32d63d245aa4e4ce304b4254b088f95,True,2000,1186,568,618,47.9,0.82,-76.58,188,1788875423701,1788875691735,0.0,32.88,0.429,142990.971875,165,-380.47,-0.3,False,True,False
0x4e8296000f9a2d07d2d8b706397e03e43efb8139,True,2000,1288,395,893,30.7,0.43,-17338.39,2,1778587505490,1779449163642,10.0,-2688.95,0.155,0.0,0,0.0,,False,False,False
0x4ec6d759e62cb0a8e398f357238a27854cf85a00,True,225,109,62,47,56.9,0.37,-1261.37,5,1781588408919,1788875193178,84.3,-568.38,0.451,23.571029,1,-0.12,-0.5,False,True,False
0x4ee15239a08c7a790b591c509e604bff1dd4bd9c,True,2000,746,579,167,77.6,0.6,-31256.88,10,1788208083600,1788874879490,7.7,-13805.33,0.442,89861.032777,4,-40022.98,-44.5,True,True,False
0x4ef1c5ae65ab5b37629b7aa523e7e95e7da528e3,True,2000,1131,658,473,58.2,1.5,212.7,1,1788778553041,1788875747212,1.1,21.38,0.1,38259.815252,1,-23.11,-0.1,False,True,False
0x4f0094945750a65de56418ddf61ffff84f76e668,True,262,127,44,83,34.6,1.69,591.59,5,1748091825697,1788242978021,464.7,330.37,0.558,0.0,0,0.0,,False,False,False
0x4f19154a8cf68292c66e2fb4e3d19f99795aa2cf,True,2000,1385,1385,0,100.0,inf,269019.42,1,1775107104389,1775241196731,1.6,6525.17,0.024,0.0,0,0.0,,False,False,False
0x4f3333389719082eb472e54738a0c43e641e8103,True,2000,1142,487,655,42.6,0.75,-22520.82,6,1781484332973,1785871620195,50.8,3147.95,0.14,0.0,0,0.0,,False,True,False
0x4f569006a2e2064716a67b30ca13dd93730fb7b9,True,790,467,215,252,46.0,0.98,-32.12,10,1776935339894,1788874768345,138.2,-73.09,2.276,0.0,0,0.0,,False,True,False
0x4f6e46f9e48df951cb0aad8bb68a3516840c8c7b,True,2000,1202,234,968,19.5,0.4,-17151.72,7,1764005794897,1774915200016,126.3,-1676.39,0.098,1.3e-05,0,0.0,0.0,False,True,False
0x4f823759646de30a13eb98f21f568b86effc02b4,True,2000,1494,686,808,45.9,0.92,-326.73,34,1782209352574,1785303105615,35.8,251.44,0.77,0.001625,0,0.0,0.0,False,True,True
0x4f93fead39b70a1824f981a54d4e55b278e9f760,True,2000,703,640,63,91.0,3.78,32078.53,1,1765317362474,1788800090377,271.8,-4208.45,0.131,8638.026745,1,-2188.77,-25.3,True,True,False
0x4fa343032358bacba30352f0ef0e54115e019700,True,2000,962,455,507,47.3,0.81,-2442.56,7,1773412945557,1788308226898,172.4,-633.73,0.259,0.0,0,0.0,,False,False,False
0x4fb84e57b7f2e891e32241b6627dea304c1aff92,True,300,156,128,28,82.1,2.92,16100.06,9,1778477599067,1788145210571,111.9,11711.8,0.727,0.0,0,0.0,,False,True,True
0x4fd7291c92033bb9e1a1f3cb8ddae91f207df301,True,565,250,112,138,44.8,2.14,9156.64,1,1777904972336,1786539022411,99.9,15222.32,1.662,0.0,0,0.0,,False,False,False
0x4fe9e1465d589757e0469b33504d00b91f431055,True,2000,1570,920,650,58.6,2.65,105782.36,25,1752804353547,1788190886821,409.6,-7523.83,0.071,13550.146644,0,0.0,0.0,False,True,False
0x4ff76d1426bed18d896f299e2ec0a88d1e86f25f,True,1961,820,417,403,50.9,1.47,10299.11,33,1731398727305,1779382532767,555.4,2214.04,0.215,0.0,0,0.0,,False,True,False
0x5004228fb90001efb2875d8fdbea37c354455b58,True,2000,903,402,501,44.5,0.54,-17662.28,23,1781017117502,1788866168531,90.8,-3347.6,0.19,5049.9192,0,0.0,0.0,False,False,False
0x501a3a3587998984eec7eb7ee2e03cfa2af5e3d4,True,2000,971,936,35,96.4,355.17,36788.67,8,1782825551159,1783419175619,6.9,3723.18,0.101,0.0,0,0.0,,False,True,False
0x502ecc7b5acabd60e6b35cecbbe53b2293a759d9,True,2000,610,261,349,42.8,1.4,7241.75,12,1753012639050,1785549352904,376.6,9087.24,1.255,0.0,0,0.0,,False,True,True
0x50463ed891baed5dcd9f6773f151b82100fd58ac,True,507,243,35,208,14.4,0.36,-9107.5,4,1780617274865,1780768342042,1.7,-555.4,0.061,0.0,0,0.0,,False,False,False
0x5055b9d5cd02b548d446c737ec0cf3c31108e238,True,2000,940,583,357,62.0,0.91,-76.84,70,1783844133503,1788825681004,57.7,68.31,0.889,197.886944,16,25.21,12.7,False,True,False
0x5064c0c187496ba4ea23a93f4107994bf9640691,True,2000,1078,369,709,34.2,0.95,-2733.49,10,1783008254547,1788525102409,63.9,9322.51,3.41,0.0,0,0.0,,False,True,False
0x5073c41546962388830ba2ee640649bf4c7d8321,True,381,133,68,65,51.1,0.97,-521.77,22,1734032887746,1788471263465,630.1,4419.33,8.47,9214.060644,1,242.26,2.6,False,True,False
0x508179c4e075cb614f691e5962184a3bb4749f74,True,2000,1009,86,923,8.5,0.32,-4058.13,8,1767808603230,1776855732233,104.7,454.81,0.112,0.0,0,0.0,,False,False,False
0x50aea3ab18d1698a3f77ca7156c081de49d52d34,True,1680,715,390,325,54.5,0.65,-10049.42,54,1776216672528,1788793515882,145.6,3377.23,0.336,0.0,0,0.0,,False,True,True
0x50e01433711f0cde93d09856405f64a579fa5244,True,2000,993,225,768,22.7,0.05,-53237.29,8,1775636388692,1781537415702,68.3,-1800.62,0.034,0.0,0,0.0,,False,False,False
0x50f33cfc325d4cf0fef7e8e5c2b14fa069b9e39f,True,776,361,216,145,59.8,1.71,2123.37,2,1787245186104,1787362115388,1.4,1191.9,0.561,0.0,0,0.0,,False,True,False
0x5109816e33ddd83322cd41ce16f9e03b9a0f6d13,True,2000,970,422,548,43.5,0.97,-7147.64,4,1779344822764,1788763924897,109.0,6104.94,0.854,81928.347948,1,-94870.63,-115.8,True,True,False
0x511b2c95b2262e42364a64919ab8e584a893b969,True,2000,1108,548,560,49.5,2.64,8531.37,10,1788275761171,1788790587646,6.0,1749.25,0.205,0.0,0,0.0,,False,False,False
0x513a90581941c05d06e09884bc06283df6e65c49,True,2000,962,552,410,57.4,0.36,-24372.78,13,1771813722370,1783461655270,134.8,-4825.85,0.198,0.0,0,0.0,,False,True,False
0x514b3edb08c26fd6a4c7bac867e68c9fa8c97565,True,2000,985,478,507,48.5,0.75,-99.97,188,1788160156264,1788715447891,6.4,74.93,0.75,0.0,0,0.0,,False,True,False
0x51651b81c895e654e5402a3fc371e3b60b0dfb1e,True,2000,1054,464,590,44.0,2.29,33819.61,20,1787629467201,1788868839134,14.3,7750.86,0.229,59967.192966,4,10266.4,17.1,False,True,False
0x5174d4869d7b35a01bd48710b71c45e8bd7cc54f,True,2000,695,344,351,49.5,1.08,130.94,6,1788317122587,1788875145537,6.5,-85.15,0.65,4645.465918,5,-5708.72,-122.9,True,False,False
0x5184f0668cfe58ba3873a39461a7e909508fc662,True,2000,913,651,262,71.3,2.84,16927.94,11,1774541652133,1788717790327,164.1,-1706.95,0.101,0.0,0,0.0,,False,False,False
0x51a04fc0b977d4d453c60f70d43119a3023a3543,True,2000,1198,582,616,48.6,0.19,-38980.23,9,1788449896994,1788875984394,4.9,-510.69,0.013,87520.130704,3,-58241.03,-66.5,True,False,False
0x51a69ee36b63bd1a0f871893bbc04b385fd556fd,True,722,434,66,368,15.2,1.83,8744.29,1,1775029332217,1776329376976,15.0,11972.36,1.369,0.0,0,0.0,,False,False,False
0x51bd08a9416a7f1c5c5872bfd03a4265612f2ad7,True,2000,881,240,641,27.2,2.08,9370.73,15,1788044197237,1788866154122,9.5,1287.65,0.137,0.0,0,0.0,,False,True,False
0x51cc158d2047050ef186ba2fbe6b0f157296410c,True,2000,1527,767,760,50.2,1.05,331.95,3,1780886681047,1781296949612,4.7,-3761.12,11.33,0.0,0,0.0,,False,True,False
0x51d901cc184406305ebf6dc1d23979bf93a16e8b,True,2000,920,386,534,42.0,0.56,-6542.94,26,1773912736129,1782119602589,95.0,609.67,0.093,22331.633413,5,3936.81,17.6,False,True,False
0x51f1d95cc6651537b7c497f4d146e4e9aa92565b,True,2000,712,341,371,47.9,0.69,-3649.8,19,1756064045316,1787348087093,362.1,-783.68,0.215,0.0,0,0.0,,False,True,False
0x520c28dd6ecf786bebeed4cd3e580545815e43a4,True,2000,970,397,573,40.9,0.47,-11735.56,9,1772762508771,1788875915661,186.5,475.49,0.041,5278.102769,2,-121.26,-2.3,False,True,False
0x522e4340d580364dd94426bef00c59a9f7283ea6,True,2000,890,722,168,81.1,4.98,32607.53,35,1783697789609,1788874515400,59.9,4948.92,0.152,1506.748802,1,1536.07,101.9,False,True,False
0x5236df6802994bae798d07bc4c10e9f915b70852,True,2000,1128,461,667,40.9,0.45,-50526.08,17,1777190734666,1787151450126,115.3,-13609.1,0.269,0.0,0,0.0,,False,True,False
0x524ca5d1b5172c0a25244c6bc49c7371d0bb020d,True,2000,942,127,815,13.5,0.02,-71929.0,5,1783706841667,1783983601336,3.2,-14411.94,0.2,0.0,0,0.0,,False,True,False
0x526a45a961bb21ec9c00f45623a6d46ee8eabe5f,True,2000,1101,287,814,26.1,0.58,-1732.78,4,1787588274204,1788875889700,14.9,-188.45,0.109,257.332757,2,1.44,0.6,False,True,False
0x528953e1a118a3a2593971a5f3d8f479796e8365,True,89,89,52,37,58.4,7.62,39515.47,3,1774248236071,1779938158043,65.9,17590.26,0.445,0.0,0,0.0,,False,True,False
0x529e68b3ca732d8a0ef4484eff601d8736094577,True,2000,992,339,653,34.2,0.89,-186.94,52,1784968390654,1788861701905,45.1,72.83,0.39,2699.680911,50,1770.85,65.6,False,False,False
0x52ad60e77d2cab7eddcafc1f169af354f2b1508a,True,2000,970,578,392,59.6,3.04,12663.29,4,1776782290053,1782488578817,66.0,1136.96,0.09,0.0,0,0.0,,False,True,False
0x52ca0a577678d326978ae2ada38a2fe35f739e75,True,96,70,28,42,40.0,1.15,221.11,6,1745398746260,1788452019577,498.3,820.09,3.709,0.0,0,0.0,,False,False,False
0x52e7396d00ca0299d13842d41090b19f9170ea70,True,2000,994,588,406,59.2,1.37,5347.21,17,1777803023488,1788527142345,124.1,2939.57,0.55,0.0,0,0.0,,False,True,False
0x52fdef8f107a75faea1d7815f1f2a3e3636099ba,True,2000,1024,798,226,77.9,12.68,194425.97,9,1783441395715,1788875827814,62.9,4742.19,0.024,0.0,0,0.0,,False,True,False
0x530ec4dfad3b90fa4aff1a4702c23624f22d6f30,True,2000,855,512,343,59.9,2.31,23463.54,39,1768801800636,1788875941050,232.3,-3513.75,0.15,0.0,0,0.0,,False,True,False
0x5327d3e92f15870a3dce91b36356c5ff0e346eae,True,2000,892,410,482,46.0,1.04,749.58,41,1759186850320,1788871394773,343.6,-1048.0,1.398,263.735411,1,13.56,5.1,False,False,False
0x534e39501acc0a993f2cf69c8e19e4f49388272a,True,2000,803,614,189,76.5,0.75,-10797.56,3,1787485004575,1788852267267,15.8,6966.07,0.645,8754.440154,1,-928.5,-10.6,True,True,False
0x53645ddc4e8375462fddd03fa646e510573b9cc5,True,2000,1068,488,580,45.7,0.56,-26435.04,27,1745035255436,1788849554396,507.1,-8984.41,0.34,62261.376059,1,-2817.75,-4.5,False,True,False
0x536d3bbdcf724a8d275331d637ec5fabff20cb01,True,2000,965,334,631,34.6,0.88,-191.93,52,1785055942300,1788859982217,44.0,63.84,0.333,9709.628231,50,1679.0,17.3,False,True,False
0x53845d839c8c92822b784f2748c4932385617049,True,2000,966,134,832,13.9,0.15,-40711.08,6,1788721171573,1788875875013,1.8,-2283.21,0.056,142818.856244,2,-1423.78,-1.0,False,False,False
0x53a1708b4a34e4760b8aae42fa21ae4fd5d33c80,True,2000,980,555,425,56.6,0.61,-12210.79,9,1779660176365,1781008083386,15.6,-2694.85,0.221,0.0,0,0.0,,False,False,False
0x53babe76166eae33c861aeddf9ce89af20311cd0,True,2000,1129,237,892,21.0,0.4,-9833.87,2,1788214861051,1788868917378,7.6,1881.21,0.191,4036.545939,15,-143.59,-3.6,False,False,False
0x53cc2ef0a7c76fd25c4fc5ab6a6d14d1b8fcce16,True,2000,1152,576,576,50.0,0.79,-4467.53,33,1785361283471,1788841186067,40.3,-3469.3,0.777,4134.294181,0,0.0,0.0,False,True,False
0x53deea7a2a426833121a74759591e6996aac44d6,True,2000,587,258,329,44.0,0.42,-44115.99,28,1775570773029,1788841438138,153.6,-8964.83,0.203,10950.366969,4,-5963.6,-54.5,True,True,False
0x53f815b5e2bff40f60c597dbe210d336baf442e7,True,2000,816,404,412,49.5,0.61,-19019.96,2,1777940965785,1788865781206,126.4,-2291.89,0.12,2356.940703,1,-3445.84,-146.2,True,True,False
0x54044220ea06768ea07cae9af62a2d473b2122f5,True,2000,1004,193,811,19.2,0.58,-5419.42,2,1787690375754,1788874606787,13.7,1138.06,0.21,1250.114372,1,93.0,7.4,False,False,False
0x54227c83240b36ddb8ac7a71345c0b746fd10396,True,1260,550,227,323,41.3,0.99,-197.59,25,1734032702337,1788874962947,634.7,-1037.12,5.249,13342.242799,1,213.72,1.6,False,True,False
0x54494827316c7c6627908a9261ab13ac0a5222e3,True,2000,977,371,606,38.0,0.32,-64152.78,23,1748051795709,1783042122380,405.0,-5131.79,0.08,0.0,0,0.0,,False,True,False
0x5461808abcf71724dc1114b9ded5f89d53cc0568,True,2000,1055,699,356,66.3,0.57,-4002.17,12,1782901859320,1788874927216,69.1,-2891.27,0.722,5848.304631,5,650.13,11.1,False,True,True
0x547c8d938b98cd17ab7c653a0d98cca80eabb876,True,2000,1259,1,1258,0.1,0.0,-2030724.4,3,1787239860416,1787349294412,1.3,-75936.23,0.037,0.0,0,0.0,,False,False,False
0x548879e37a16bf14a5ea1e80d0ce108bf5918726,True,847,462,384,78,83.1,0.38,-3726.36,20,1761063563555,1788712939383,320.0,-1409.83,0.378,0.0,0,0.0,,False,True,False
0x549a6b2de60865aead64e7ef63002e30a682a013,True,2000,983,651,332,66.2,15.95,61620.31,2,1783718583551,1783924375885,2.4,704.03,0.011,0.0,0,0.0,,False,False,False
0x54c2aa30c9071c4a1ddf9856679eae022a4b7b2b,True,1360,581,290,291,49.9,0.63,-11468.18,29,1765314096308,1788825600043,272.1,-4012.37,0.35,0.0,0,0.0,,False,True,False
0x54cf4bf645d59785ff46f43d37c05f98c68c6be2,True,2000,974,463,511,47.5,1.08,985.62,65,1778618245027,1788874898945,118.7,-1219.32,1.237,2115.822254,7,79.58,3.8,False,True,False
0x54dbd62595aa8ac47408e9e29dcabfe0320f280b,True,2000,946,550,396,58.1,0.8,-4126.14,21,1764876702300,1786984202707,255.9,-1385.13,0.336,0.0,0,0.0,,False,True,False
0x54e5e90a6679314e8339bb1ed74beab5ca19324a,True,2000,948,283,665,29.9,0.84,-1158.55,44,1788271210003,1788873061820,7.0,516.11,0.445,21400.706975,28,-2765.18,-12.9,True,False,False
0x5506eb67021211c31ac30f804c6ea238f338ee05,True,2000,1199,637,562,53.1,1.0,43.72,25,1774375256383,1788823707335,167.2,1792.32,40.994,5030.658054,1,-30.2,-0.6,False,False,False
0x55256a783e7702c800fb16cba79d0998f6e13a49,True,239,99,47,52,47.5,2.75,8331.64,1,1784562200238,1788631439439,47.1,2078.91,0.25,23325.305054,1,-2641.12,-11.3,True,False,False
0x5535d0f8c7d2eda80dcb32fbf8a007c79d96b16b,True,1900,975,148,827,15.2,0.43,-28524.75,16,1775614933027,1778504681088,33.4,-15457.37,0.542,0.0,0,0.0,,False,True,False
0x55580d0f3b6f3ae1587c5e5cbf83d94f5c6c9e9e,True,2000,985,500,485,50.8,1.55,12795.15,11,1784178763568,1788836251911,53.9,6563.72,0.513,0.0,0,0.0,,False,False,False
0x5567fedc768d4fac55d3941cae0e413da2791251,True,915,440,398,42,90.5,6.36,68515.46,11,1732894737570,1788484573540,643.4,14573.84,0.213,87.852378,1,-28.27,-32.2,True,True,True
0x557b699eaa583df54f8fa7f849e356b8651ebc2f,True,450,221,72,149,32.6,0.56,-19739.09,5,1734307375162,1788447865394,626.6,-7908.42,0.401,0.0,0,0.0,,False,True,False
0x558afca8d68f6a7335837b06ce218a234978225b,True,2000,966,966,0,100.0,inf,206775.79,6,1786973926221,1788778335358,20.9,5202.6,0.025,166324.592704,6,229951.12,138.3,False,True,False
0x55a8bcd82bb4d5a027698a27959d459c6b645bfd,True,2000,779,343,436,44.0,2.34,59943.91,13,1784651595216,1788829594417,48.4,14082.79,0.235,162573.413757,3,-5065.33,-3.1,False,True,False
0x55c827b09b35c7c080d41e7f973ad31e3a38c73c,True,2000,1072,78,994,7.3,0.07,-40081.72,5,1784163008004,1785280101222,12.9,-1414.49,0.035,0.0,0,0.0,,False,False,False
0x55e688d3dcd0c50e245b8e1ff381b29da4eecab7,True,1617,651,311,340,47.8,0.57,-3466.78,6,1782086547933,1784673591307,29.9,-1403.35,0.405,0.0,0,0.0,,False,False,False
0x55f848bc45ea7accde35cddbc691b73018ca6f2b,True,2000,933,298,635,31.9,0.6,-11075.15,16,1783430766629,1788791584167,62.0,1560.87,0.141,0.0,0,0.0,,False,False,False
0x5618563898f5f9581268f461ae37d6658c0ae8e5,True,2000,690,465,225,67.4,2.42,8008.66,24,1779606221022,1788487815060,102.8,2905.96,0.363,0.0,0,0.0,,False,True,False
0x563bf0731cf71ad7cea05b9c48a802d8c53e7dc4,True,2000,1421,637,784,44.8,1.06,4866.09,33,1786362200743,1788847902911,28.8,-9819.48,2.018,97636.216259,10,132541.46,135.8,False,True,False
0x5658100de0b998ec3a10240d32912c37bc814011,True,2000,1058,743,315,70.2,3.36,4302.35,1,1785279123248,1788876133327,41.6,51.59,0.012,42442.58245,1,-2.48,-0.0,False,True,False
0x567549bbdf35850ad58dcdf2d0f97704c76f44f0,True,2000,1133,729,404,64.3,0.66,-11368.05,16,1787582018661,1788792161229,14.0,-2043.46,0.18,198484.304,1,-526745.29,-265.4,True,False,False
0x568d9f311aa888834d13e09e70273be7a89f853d,True,2000,778,516,262,66.3,0.51,-16368.85,12,1781229272712,1788856064028,88.3,-11135.39,0.68,5245.537327,2,532.8,10.2,False,True,False
0x56a284acbd7318380fc8a380cd5695bb14b5a0ce,True,2000,1053,787,266,74.7,0.7,-21178.78,41,1741071080282,1788441788589,548.3,-6179.28,0.292,0.0,0,0.0,,False,True,False
0x56c834ba4761b471d91aea7184f91c72b4cd9533,True,2000,981,788,193,80.3,1.93,19835.99,18,1778811205786,1788540709236,112.6,6423.77,0.324,0.0,0,0.0,,False,False,False
0x56d37a1d699c7cd2f1bf0859fe13580c01e3e66b,True,2000,1075,534,541,49.7,0.12,-97067.77,5,1781814246245,1787578567414,66.7,-6851.09,0.071,0.0,0,0.0,,False,False,False
0x56f2eddb5d87e96ed7d4180c1151ba0ddaf3ef85,True,443,219,80,139,36.5,0.63,-6253.33,5,1770354041177,1786991003477,192.6,-1353.61,0.216,0.0,0,0.0,,False,True,False
0x56ff84836c6c2ae5eee0933f9574db62349fecbf,True,1194,376,261,115,69.4,5.39,22521.21,30,1771217803982,1788875976442,204.4,1474.36,0.065,1909.777519,2,-156.05,-8.2,True,True,False
0x570cb370d69554dbff68f980c8456ad4cf921d60,True,2000,817,322,495,39.4,0.02,-31888.89,6,1771420831899,1785778210720,166.2,-29218.47,0.916,0.0,0,0.0,,False,True,False
0x5725464120fddac988a2dacd8e33f77e1ffdc16b,True,2000,952,468,484,49.2,1.45,8122.3,13,1783881646608,1788063449217,48.4,-2350.56,0.289,0.0,0,0.0,,False,True,False
0x5734a76c886fd4a9240dcea6198fdbea46b4366d,True,2000,950,603,347,63.5,1.1,1592.56,3,1781532884088,1787219836365,65.8,-2055.44,1.291,2e-06,0,0.0,0.0,False,False,False
0x575087ab0899e40cf3a042a2c38a29d4f9643586,True,2000,594,108,486,18.2,0.0,-29126.88,2,1783511383020,1788852531894,61.8,-9120.02,0.313,1760937.46035,1,-3132632.03,-177.9,True,False,False
0x5769605a97649918522c3674e964725db8151c37,True,2000,891,482,409,54.1,5.91,21176.58,6,1782828022576,1785110400074,26.4,3148.58,0.149,0.0,0,0.0,,False,True,False
0x57768da7994d07d56e1f348e48e1bf8fd4b99345,True,1307,649,312,337,48.1,0.33,-17448.43,8,1758284967973,1787313201065,336.0,-6686.13,0.383,0.0,0,0.0,,False,False,False
0x5790e660eda0b286f006716cb412eeb0648ab3e3,True,2000,726,423,303,58.3,0.37,-6891.5,18,1777816987342,1781641459112,44.3,-2732.47,0.396,0.0,0,0.0,,False,False,False
0x579f30fdf3359e339cc5106006c9a80ce1512b64,True,1126,537,276,261,51.4,0.86,-932.82,77,1745498731566,1779321600086,391.5,-320.85,0.344,0.0,0,0.0,,False,True,False
0x57ad602299028536a464d57d1c99fba3a3de6246,True,114,77,1,76,1.3,0.0,-772.89,2,1774020333730,1774273494426,2.9,-197.75,0.256,0.004746,0,0.0,0.0,False,False,False
0x57c6af59050130b85d981174ddf2e05a4f080ddb,True,302,133,0,133,0.0,0.0,-29506.63,1,1774380262876,1775527016382,13.3,-1699.44,0.058,5000.0,0,0.0,0.0,False,False,False
0x57d8d21083d77c645502b770bdf3ecaf278731d6,True,149,48,43,5,89.6,106.69,2765.14,10,1748156555277,1787195223744,451.8,701.78,0.254,0.0,0,0.0,,False,False,False
0x57f2819c959abbcf22623d5ec1d3164b213e9711,True,2000,993,341,652,34.3,0.51,-87370.66,4,1788313249497,1788743992538,5.0,-8533.63,0.098,336477.084687,3,174037.43,51.7,False,False,False
0x5818da5a860abbc71fd0df995d2f8827d4a2f96e,True,2000,936,525,411,56.1,1.22,6108.34,5,1781498257253,1781801180499,3.5,3992.11,0.654,0.0,0,0.0,,False,True,False
0x5838828022a8ba48af32d394ed16a5a103f09ab8,True,2000,1423,528,895,37.1,0.51,-34213.21,131,1758882191688,1788595182311,343.9,4318.91,0.126,132.494245,53,-127.78,-96.4,True,True,False
0x584d09ff32014dcc57416653cdb7d45639fe1ce3,True,1445,401,308,93,76.8,0.86,-1308.31,2,1769430495993,1788874633894,225.0,-5418.11,4.141,576.876514,1,-133.26,-23.1,True,True,False
0x5866558e1ca263251e9f9540891d6f6e8c1b44e7,True,434,378,0,378,0.0,0.0,-42697.3,3,1770331453655,1783382400045,151.1,-1767.44,0.041,0.0,0,0.0,,False,False,False
0x5875d72130981b18692a3d29545e4038f7eb0c38,True,2000,1095,925,170,84.5,241.45,163118.54,5,1788790949756,1788843511536,0.6,2122.25,0.013,430082.70475,2,471543.32,109.6,False,False,False
0x58859ef6937084f88f5d8bb087fdb1cc041ba60a,True,2000,1062,715,347,67.3,2.21,8351.37,29,1761664771529,1788783413217,313.9,776.44,0.093,409.795,1,-251.18,-61.3,True,False,False
0x58964bcc00a1809b81c342176987ab69732a9d5d,True,988,438,278,160,63.5,0.88,-2275.02,5,1773190291457,1788145982901,173.1,-4962.76,2.181,0.0,0,0.0,,False,False,False
0x58a6d81a16809ed5e34e4ea530ee7cfdf96c0734,True,818,250,128,122,51.2,0.98,-151.67,31,1737616275345,1778044345262,467.9,1339.36,8.831,0.0,0,0.0,,False,False,False
0x58bfdd9459a2f07bcd204efcbc4595982ac92bb1,True,2000,305,256,49,83.9,4.88,10978.42,39,1766939013095,1788569869691,250.4,2711.51,0.247,0.0,0,0.0,,False,True,False
0x58d221019fc507bfbfbd15c3a0bf5a3ffbddf34d,True,334,168,72,96,42.9,1.06,2.12,11,1782702126289,1785747723489,35.2,6.78,3.192,81.424416,0,0.0,0.0,False,False,False
0x58e2677db8c34c7f1d1622d1dc17dbba1ef31145,True,2000,1110,490,620,44.1,1.79,12673.47,15,1788478632983,1788874437661,4.6,1289.57,0.102,0.0,0,0.0,,False,True,False
0x58f261df0c84fe98b5115bdffab4bbf3ccf002f7,True,1606,650,482,168,74.2,9.89,27097.03,7,1775627525388,1779533189990,45.2,1386.72,0.051,0.0,0,0.0,,False,True,False
0x590c689f5380d65f02522a6c6e1a798a48859568,True,2000,731,363,368,49.7,0.78,-1327.93,5,1776903440987,1777860371631,11.1,-688.47,0.518,0.0,0,0.0,,False,False,False
0x591b0e054b6a136818519587ad16b464fe7e2483,True,2000,1161,486,675,41.9,1.47,31006.39,23,1780561617038,1788693766210,94.1,-8457.2,0.273,0.0,0,0.0,,False,True,False
0x593fd9a6632283de6980cca65ef89ed085e2a5cc,True,1475,712,409,303,57.4,1.09,1722.48,48,1731293907848,1780350787151,567.8,-1977.16,1.148,0.0,0,0.0,,False,True,False
0x59629e23c52a0d7c092436870ef2db1dc382ddf8,True,2000,1515,851,664,56.2,4.06,149491.37,6,1787770832176,1788794977334,11.9,10929.44,0.073,325008.866411,3,270688.58,83.3,False,False,False
0x598663b0ef23c085ffe26c79bc7e96689c7203ae,True,858,404,178,226,44.1,0.68,-1064.48,22,1778679625963,1787270400024,99.4,-282.32,0.265,0.0,0,0.0,,False,False,False
0x599d1d8654b67968d13b701099b4e3d0c552e098,True,523,294,186,108,63.3,0.8,-2083.05,8,1773485361764,1775596394672,24.4,-1718.86,0.825,0.0,0,0.0,,False,True,False
0x59c5a3dd0ce27a4ba083f5a904e3f83fab5e9550,True,1081,547,206,341,37.7,1.72,8866.18,1,1779448293333,1779927527455,5.5,-1930.7,0.218,0.0,0,0.0,,False,True,False
0x59ec4782912fbd4a1547b6ebe50b922cc408bda1,True,2000,1004,599,405,59.7,0.94,-326.38,31,1746246351911,1781023845287,402.5,-1008.88,3.091,0.0,0,0.0,,False,True,False
0x59fce142cccde80d5bb2c2138b1aa7407bb7ce67,True,600,333,212,121,63.7,0.73,-14962.87,7,1760662424197,1787012925534,305.0,-7636.19,0.51,12311.9,0,0.0,0.0,False,True,False
0x5a12f9ce07fd0c9dbf7ed92f604af8b51cb9e391,True,364,202,199,3,98.5,4.42,13813.84,4,1778679511722,1788774010539,116.8,-2997.71,0.217,5750.125229,1,1978.05,34.4,False,False,False
0x5a29ad4553f8d1a7058ba7d6bd97cda39cfcc492,True,414,120,115,5,95.8,479301.35,136538.77,3,1763908247721,1788194196830,281.1,12916.55,0.095,259784.311673,1,-14362.34,-5.5,True,False,False
0x5a367a7fc76709beae48b18782122705a65a2e56,True,2000,1176,745,431,63.4,0.4,-43818.88,1,1782666430887,1782702332504,0.4,-14300.23,0.326,0.0,0,0.0,,False,False,False
0x5a4af775027a8bdde5d07dc30c22b0b2023f20f2,True,513,193,159,34,82.4,4.39,31082.19,4,1760639162365,1787934310936,315.9,6495.8,0.209,27505.470816,1,-14417.71,-52.4,True,True,False
0x5a633565d1769c81961778fbfe7f716341f7de8a,True,84,58,29,29,50.0,3.04,1166.57,2,1775756303280,1776106826976,4.1,754.9,0.647,0.0,0,0.0,,False,False,False
0x5a733b25a17dc0f26b862ca9e32b439801b1a8c7,True,2000,1145,411,734,35.9,0.55,-76282.01,9,1782837351959,1788491098809,65.4,17846.43,0.234,768679.316169,4,65875.47,8.6,False,False,False
0x5a889a972271631851a9716af8cdf799fb71d997,True,2000,864,509,355,58.9,0.86,-10268.32,10,1783419882117,1788846805797,62.8,8684.06,0.846,9068.371345,1,-5187.55,-57.2,True,True,False
0x5a9071931db3eccade0fdef9e49d230c9872902f,True,2000,996,670,326,67.3,0.3,-9.27,108,1783821757464,1785413560327,18.4,-3.16,0.341,835.214197,0,0.0,0.0,False,False,False
0x5a9a7f300f8c80dfec1d26df558b7e257f38c2b0,True,2000,867,529,338,61.0,0.91,-797.57,30,1782394853473,1785197334329,32.4,844.55,1.059,0.0,0,0.0,,False,True,True
0x5aa3f81907308b1e3a1f1439ea39fe472aa7242d,True,2000,948,653,295,68.9,0.4,-141764.21,13,1780579434813,1788553148444,92.3,-19438.59,0.137,63333.738914,2,-13028.15,-20.6,True,False,False
0x5ab2e9c1706338dfcf5ceb7341d49e0b29f1868f,True,2000,934,393,541,42.1,0.65,-3288.44,28,1776332902803,1788874366270,145.2,-622.4,0.189,0.0,0,0.0,,False,True,False
0x5ac1aedcd31beeebd7e7ae0073d2bfd63b24c6f4,True,2000,1032,390,642,37.8,2.7,21308.62,33,1767341242320,1788735607536,247.6,1533.16,0.072,4090.532819,3,664.34,16.2,False,True,False
0x5acb2f591c93a813096582ddccb503aeaca2832a,True,1485,734,473,261,64.4,3.55,26922.3,12,1785970876522,1788745487850,32.1,2017.01,0.075,7377.332064,2,-4874.93,-66.1,True,True,False
0x5ae0b02b4dfa974e0aabd645497157d04b6fe488,True,2000,954,517,437,54.2,0.2,-88262.01,21,1784383246954,1787610745209,37.4,-17086.9,0.194,6729.139936,1,-1215.0,-18.1,True,True,False
0x5aed8668df653debf2c0969755af2bbda5e27e5f,True,357,198,125,73,63.1,1.61,6181.04,6,1768233382061,1788874809617,238.9,4347.73,0.703,7459.274553,1,-182.96,-2.5,False,True,False
0x5b08f08427c3c99e68f886d704b0cac2f06e6c17,True,2000,465,426,39,91.6,0.67,-2785.23,1,1775604786301,1787153290468,133.7,-5030.23,1.806,0.0,0,0.0,,False,True,False
0x5b1efd32c62000cbeba7cccbc49fabdc57b2eb80,True,2000,789,238,551,30.2,0.49,-164050.2,30,1780389231612,1788471263200,93.5,17630.8,0.107,108436.223512,2,12406.67,11.4,False,True,False
0x5b2d4daddbdf8194881fdf0d5a7f8cc8f4514787,True,1098,478,245,233,51.3,0.74,-193.36,18,1735354305838,1778898739346,504.0,-34.01,0.176,0.0,0,0.0,,False,True,False
0x5b56675e28f501e7971365879005e671f83c6e4b,True,2000,921,242,679,26.3,0.62,-4457.35,10,1774539027442,1786114329874,134.0,-732.45,0.164,0.0,0,0.0,,False,False,False
0x5b676c5b03f38557e6f21257732608d019cec66a,True,2000,617,275,342,44.6,0.82,-8418.16,19,1787839612169,1788797420193,11.1,9564.48,1.136,197247.906126,5,192241.36,97.5,False,False,False
0x5b7a84ac80c85bafc5610dba827a9d95f52419f2,True,2000,859,466,393,54.2,1.25,17280.06,3,1760630753130,1771451681603,125.2,6352.53,0.368,0.0,0,0.0,,False,True,False
0x5b88233dd52ac008d2a8ba0048f58fba36e0c667,True,2000,1089,736,353,67.6,0.44,-25400.77,9,1785313344040,1788381728800,35.5,-8824.78,0.347,8160.107375,1,-510.46,-6.3,True,True,False
0x5ba02d14ee6de0f55ff9825b18c76d739bb56ec8,True,1260,652,325,327,49.8,0.73,-3252.25,3,1787291285785,1787384426316,1.1,1529.68,0.47,0.0,0,0.0,,False,False,False
0x5bb8328d67d70b776e24c02fe23932f9b006f36c,True,2000,910,326,584,35.8,0.44,-28895.2,7,1774381663638,1787356800028,150.2,-5511.17,0.191,0.0,0,0.0,,False,False,False
0x5bc9df525924d39fbe92bf1c52eb5b50dfb4edc3,True,83,24,18,6,75.0,0.49,-4532.18,1,1782184742883,1782398556689,2.5,-3420.8,0.755,0.0,0,0.0,,False,True,False
0x5be0b89fd9087018290033e1bef7d397aa981502,True,2000,1065,565,500,53.1,1.38,452.63,8,1784690597824,1785807029399,12.9,-50.34,0.111,0.0,0,0.0,,False,False,False
0x5c02b83db2fc50d1bb322cb3b2df518798bdbf3f,True,103,68,68,0,100.0,inf,16541.27,2,1765906926223,1788610994945,262.8,3309.47,0.2,19912.405894,1,-48862.95,-245.4,True,True,False
0x5c128691e46516a921106e71bbc2169a5c409bdc,True,2000,878,381,497,43.4,1.53,13680.18,8,1772313433313,1779761891217,86.2,2741.4,0.2,0.0,0,0.0,,False,False,False
0x5c2501c336edbb2205d38b4ef1ae38815a0c997c,True,2000,900,401,499,44.6,0.81,-3238.18,18,1787154001635,1788866559245,19.8,-1153.37,0.356,13208.158301,2,1728.14,13.1,False,True,False
0x5c3fba9aace240d18348a3297655a25a5f7e8a26,True,2000,999,585,414,58.6,1.59,3574.23,16,1786153448793,1788876718558,31.5,903.23,0.253,8198.149872,1,-13.33,-0.2,False,False,False
0x5c5267a02593366f681365ec057e2c5099fa6f88,True,2000,1122,932,190,83.1,4.01,121600.57,21,1756632841083,1780518152792,276.5,-10149.97,0.083,0.676766,5,0.56,83.1,False,True,True
0x5c656df2c0fe7cc7b46c3d58c2d05477043c46db,True,2000,1118,495,623,44.3,0.64,-21459.16,32,1755794390664,1778024966001,257.3,6529.15,0.304,0.0,0,0.0,,False,True,True
0x5c83bab47e195875f99c39730e35d24236dade50,True,2000,887,552,335,62.2,0.31,-72573.13,5,1776357511675,1778630400016,26.3,-15870.54,0.219,0.0,0,0.0,,False,True,False
0x5c9b04828b87a539c57c6a93995f6a5d4eea6e4c,True,1883,732,578,154,79.0,1.05,463.93,38,1761675784589,1788852445237,314.5,-2007.96,4.328,6381.129287,2,-1905.16,-29.9,True,False,False
0x5cacba0ee71de20b08c24e3aca03910dbf131ddb,True,2000,1396,1148,248,82.2,0.81,-3386.06,39,1780333170472,1787592214365,84.0,-2629.09,0.776,0.0,0,0.0,,False,True,False
0x5cc21fc44a69601a64f9c66ef610230a6031dd2d,True,2000,1109,569,540,51.3,0.18,-106113.64,1,1779879663857,1785830806549,68.9,-7546.44,0.071,0.0,0,0.0,,False,True,False
0x5cd1619e346b3fe3b2076c67e9d06a7372ad266b,True,2000,997,462,535,46.3,0.36,-106302.95,12,1754430909844,1788522407886,394.6,-48873.23,0.46,0.0,0,0.0,,False,True,False
0x5ce7865064425293f7529b8b2798242807eeba42,True,2000,1078,629,449,58.3,1.05,1798.19,10,1781184411118,1788874661665,89.0,-2404.62,1.337,0.0,0,0.0,,False,True,False
0x5cfd4e2c982a66b32120e43b016f29c21cbe9b7b,True,2000,991,398,593,40.2,1.61,38039.02,29,1780870813925,1788870445172,92.6,7629.39,0.201,95093.896572,5,48878.97,51.4,False,True,False
0x5d1ce36f501dc4f0e285431ea12b1fbbc7d31795,True,794,390,194,196,49.7,0.57,-1650.01,8,1777381685611,1783353078474,69.1,-400.57,0.243,0.0,0,0.0,,False,True,False
0x5d41931668512ab2c7b21f47a632666f210efdcc,True,383,139,96,43,69.1,30.01,45771.4,56,1757628702622,1784395439495,309.8,22844.62,0.499,0.0,0,0.0,,False,True,False
0x5d56a263ac3d40ba061ec545ae4b25985803f71b,True,2000,1581,391,1190,24.7,3.43,15456.84,14,1770326844739,1777420800003,82.1,1825.32,0.118,0.0,0,0.0,,False,False,False
0x5d72e72e686e7c914f72e6da68c7f0426d12e708,True,2000,1068,494,574,46.3,0.88,-1135.46,12,1787642308133,1788845179527,13.9,-474.07,0.418,0.0,0,0.0,,False,False,False
0x5d8cd0b8668dfde175a1922c43014443a291cc89,True,123,73,19,54,26.0,0.64,-3546.67,3,1770399179138,1782321752864,138.0,1880.16,0.53,0.0,0,0.0,,False,True,False
0x5d984980fe68d8f853f9b705b23e03971e74189d,True,2000,944,484,460,51.3,1.01,434.13,14,1782215221863,1785395090313,36.8,4165.25,9.594,0.0,0,0.0,,False,True,False
0x5da8073b2dd7cb3d3621e5d0e8b016881cecb13c,True,674,358,265,93,74.0,0.6,-9662.74,1,1785283803271,1787195555183,22.1,-3112.2,0.322,0.0,0,0.0,,False,True,False
0x5dc7cb8822d29610f33e19e7f3cda8e97688f7ab,True,1567,787,341,446,43.3,0.83,-9119.0,11,1776180799508,1781620009632,63.0,-4548.56,0.499,0.0,0,0.0,,False,False,False
0x5dda4ebdda7b02eb4c670b14148f07577681da98,True,1434,822,811,11,98.7,348.74,151867.98,2,1759193100576,1788697373664,341.5,42898.6,0.282,0.0,0,0.0,,False,True,False
0x5df2fed8188902f86f2074b70fd36ed3a39a1256,True,2000,939,364,575,38.8,1.96,35199.18,19,1780066402459,1788697678037,99.9,5820.31,0.165,65898.36,1,42001.92,63.7,False,False,False
0x5dffa91fd1d2447233c027f25ea3f3f2896e5c1a,True,2000,820,585,235,71.3,0.25,-68940.97,23,1782076992013,1788535736500,74.8,-9110.0,0.132,0.0,0,0.0,,False,True,False
0x5e1746b3f294edb0f4829c82766b331d01054f56,True,2000,877,644,233,73.4,0.87,-9360.73,7,1784721858908,1788825102801,47.5,-7822.3,0.836,0.0,0,0.0,,False,False,False
0x5e32293f89915e8e27c4e69c11bb0f84703a4cae,True,34,21,1,20,4.8,0.02,-248.25,1,1773921801901,1773922925349,0.0,-115.8,0.466,0.0,0,0.0,,False,False,False
0x5e4eeae2e6be5aee1591d56eb11167865087493f,True,2000,974,483,491,49.6,0.26,-40171.12,26,1785984184607,1788849080235,33.2,-9939.39,0.247,3231.996768,0,0.0,0.0,False,True,False
0x5e5e760c64ccccee4d014b1ab6ab33c79aea4f01,True,284,138,39,99,28.3,0.81,-1014.47,2,1778243527358,1786713071298,98.0,-957.43,0.944,0.0,0,0.0,,False,False,False
0x5e70f9cffcc9a35b1e62d0a369753944ab669d84,True,2000,917,284,633,31.0,1.74,12166.78,13,1782919607451,1788641477789,66.2,2967.64,0.244,24301.172467,1,8872.11,36.5,False,False,False
0x5e90b3fda393d779d394197affdf73411406b391,True,2000,918,539,379,58.7,1.22,1583.71,22,1774235560400,1788478139739,164.8,709.63,0.448,0.0,0,0.0,,False,True,False
0x5e9eadc22514f35af45de3ea4c3c9e56d21435ee,True,570,51,0,51,0.0,0.0,-319545.91,1,1781791978862,1787830056304,69.9,-29126.85,0.091,939386.53411,1,-3008395.89,-320.3,True,False,False
0x5eb55009891c463be1579c9d1eca12a5fd45a0d8,True,2000,852,414,438,48.6,0.43,-9025.07,32,1765813630210,1788525365005,262.9,-874.92,0.097,6143.062927,5,10084.05,164.2,False,True,False
0x5eca487b892a7f9be6612081c235f5ae3a6f55bb,True,2000,822,212,610,25.8,0.32,-4943.2,7,1782010102249,1788731804267,77.8,-1012.19,0.205,11260.967365,1,13841.22,122.9,False,False,False
0x5ed79a503c874e8919aa238ce7cb94756e939fb5,True,645,256,137,119,53.5,0.92,-662.98,19,1772478818546,1785960338065,156.0,721.7,1.089,0.0,0,0.0,,False,True,False
0x5eee22d7c7d8166e6f60edc7d363dff039808634,True,1509,780,269,511,34.5,0.62,-2032.22,60,1781627215126,1788562327164,80.3,682.44,0.336,0.0,0,0.0,,False,True,False
0x5f063c79b351a5ba3e6ef46a1d3be1a0224af1d3,True,2000,1015,529,486,52.1,0.59,-8206.82,14,1787876922728,1788869248129,11.5,1910.12,0.233,198.210228,1,-1.71,-0.9,False,False,False
0x5f154ceea6b78d525e0c0622a56e54c093187073,True,2000,792,677,115,85.5,0.63,-19335.78,7,1773460314055,1781706824519,95.4,-20382.32,1.054,0.0,0,0.0,,False,False,False
0x5f2c263aa195ddad2886fc5a6b7d4f33d1a72983,True,2000,454,174,280,38.3,0.07,-12947.27,30,1787351723026,1788038712166,8.0,-2792.33,0.216,0.0,0,0.0,,False,True,False
0x5f3f530aae8cd83c2893ddf786f188fe6785c42f,True,2000,924,364,560,39.4,1.09,426.68,51,1786351576045,1788860068771,29.0,252.65,0.592,36457.588856,50,7447.74,20.4,False,False,False
0x5f60dfbf12fa7e9db11629e6a0f1c79009476738,True,2000,999,477,522,47.7,0.61,-1588.67,1,1788241170922,1788876960727,7.4,-212.01,0.133,5179.702855,1,13.16,0.3,False,True,False
0x5f77dc3b3641d06f68800e07bd0a65d949918b24,True,2000,1165,733,432,62.9,0.91,-15473.91,8,1774437522555,1782964561547,98.7,-13518.91,0.874,0.072973,0,0.0,0.0,False,True,False
0x5f875116699987a9f6007c2e18c34e26ce5577f6,True,2000,1186,603,583,50.8,4.04,114566.98,3,1787174823481,1788793457528,18.7,8482.98,0.074,0.0,0,0.0,,False,False,False
0x5f9eda0802376f872c88899107d9a1052b409d87,True,1753,712,343,369,48.2,0.5,-10702.56,15,1774417986493,1787993675090,157.1,-1741.55,0.163,0.0,0,0.0,,False,True,False
0x5fade1e92a963c8437067d51ba745af5d819c3db,True,2000,1001,399,602,39.9,0.93,-248.92,3,1787162217589,1788537168164,15.9,-400.64,1.61,0.0,0,0.0,,False,False,False
0x5fc88be803f69a0b75ab7bd14e6b8035777196e6,True,2000,727,373,354,51.3,27.96,34956.16,14,1778643649791,1780879917732,25.9,3134.99,0.09,0.0,0,0.0,,False,False,False
0x5fde8c8c1d543af73d16bab695b70f346b1423d9,True,1570,768,352,416,45.8,1.5,7499.2,32,1771816618342,1784901230150,151.4,1872.8,0.25,0.0,0,0.0,,False,True,False
0x5ff24af4342f8b8f095f74821869688a523953df,True,292,128,115,13,89.8,7.5,12113.94,21,1734224668194,1788444788041,627.5,4424.51,0.365,0.0,0,0.0,,False,True,False
0x6000621ee13a2c31e8545fe10fc3c860dce4ff05,True,1181,566,147,419,26.0,0.67,-14655.74,30,1746674247225,1788158091903,480.1,5258.25,0.359,0.0,0,0.0,,False,True,False
0x6023f9055a67db4c49e46343cd8ddbf68855dfce,True,1714,848,577,271,68.0,1.19,4787.16,8,1759398130350,1780617600043,245.6,-2652.68,0.554,0.0,0,0.0,,False,False,False
0x60419f6e6afee08d9dee937e4100a86b8e920ce9,True,2000,962,621,341,64.6,3.72,64.66,9,1788875365425,1788877184101,0.0,-3.3,0.051,7043.514031,3,36.35,0.5,False,False,False
0x6056fb11327adc046ced4459fb0a4489a5f6b3fd,True,2000,898,355,543,39.5,0.32,-35344.79,13,1769869438599,1785401991050,179.8,-2306.9,0.065,0.0,0,0.0,,False,True,False
0x60711262aabc7ebdd9cea3bdc710ae2a304bccc8,True,2000,1030,314,716,30.5,0.42,-31956.92,21,1775686850008,1787631852745,138.3,2862.09,0.09,0.0,0,0.0,,False,True,False
0x608a6364f7ade82f37cc3d24451bc9262b432ef0,True,2000,1139,738,401,64.8,1.15,6469.96,66,1737477497391,1788737476835,593.3,-12519.45,1.935,804.400254,1,-118.62,-14.7,True,True,False
0x60a2d1282babca1cf6e7b50305b4f415f9870196,True,2000,831,472,359,56.8,0.68,-19759.97,16,1782352065658,1788496989563,71.1,8593.33,0.435,1392.983851,0,0.0,0.0,False,True,False
0x60bc64e5d68a63c94567311f5cbb86febb07abd3,True,1729,858,224,634,26.1,0.66,-21019.34,5,1766166663380,1788000493787,252.7,6480.0,0.308,0.0,0,0.0,,False,True,False
0x60c89ad5fbfdfca6304770ba0c59aea78524a472,True,1495,679,167,512,24.6,0.88,-1620.93,18,1767715341698,1788872040869,244.9,891.15,0.55,0.0,0,0.0,,False,True,False
0x60d45dba90dd7a667bf18f5a5571839abff75169,True,2000,1085,264,821,24.3,0.14,-178127.14,6,1781570513966,1781783291822,2.5,-27741.75,0.156,0.0,0,0.0,,False,True,False
0x60f24f6c405c712390dcb0d9bf64178b51ffc9ee,True,108,29,16,13,55.2,1.01,54.23,5,1783586211304,1784032353494,5.2,-2127.53,39.231,0.0,0,0.0,,False,False,False
0x6102d828ffa8b5201ad57a8c6d237f9cde1d6903,True,1293,526,174,352,33.1,0.52,-4405.4,6,1771573367955,1788530736075,196.3,1050.0,0.238,0.0,0,0.0,,False,True,False
0x6116a2f7328ee4e199ac76aca89cb7f55e9d9a8b,True,2000,807,177,630,21.9,0.8,-5286.39,5,1783580534021,1788876933467,61.3,7657.59,1.449,1630.26952,1,188.62,11.6,False,False,False
0x612e8acc172fecc35d666ac043f66a1ada4e584b,True,2000,937,238,699,25.4,0.65,-10501.23,20,1778076032386,1785333165363,84.0,2936.87,0.28,0.0,0,0.0,,False,True,False
0x6143eacf6db9c121b75f67642fb09a912c8f53a2,True,2000,832,526,306,63.2,3.12,25464.89,36,1786971086353,1788828833722,21.5,2805.53,0.11,24236.77447,10,-187.04,-0.8,False,True,False
0x614ec2cd24cc4926f102cec766bf24c08b67a781,True,2000,800,572,228,71.5,0.61,-14325.19,7,1786471304394,1788463218126,23.1,-8366.84,0.584,0.0,0,0.0,,False,True,False
0x615f9484c8f46ca4fd4d2c0291c42661043a3d87,True,2000,882,555,327,62.9,0.87,-15702.12,11,1788699606338,1788829368908,1.5,-12118.74,0.772,0.0,0,0.0,,False,False,False
0x617a45df803021322996ec79f1cb7b1f3633b40e,True,2000,1213,315,898,26.0,0.3,-17627.2,20,1740084421113,1783209600077,499.1,-6321.35,0.359,0.0,0,0.0,,False,True,False
0x61a00277d6bf23c7908bcf4e9b78577bdc4f18a9,True,2000,1186,505,681,42.6,0.27,-16571.17,9,1784478495590,1788525513684,46.8,-906.07,0.055,0.0,0,0.0,,False,True,False
0x61b6cfd715d70df1b1822763639e75a575a23c12,True,2000,985,633,352,64.3,2.73,23359.45,3,1788631210493,1788820945640,2.2,8689.08,0.372,0.0,0,0.0,,False,False,False
0x61d048fbf94e4132994e27ff63c9ebecb66c3099,True,1079,535,202,333,37.8,0.72,-20833.07,11,1767658560652,1788845032165,245.2,-5827.38,0.28,72410.213581,2,-3426.81,-4.7,False,True,False
0x61e2d3947365bb68c71939c20daf39e82d930805,True,449,222,134,88,60.4,0.57,-1788.06,13,1736912348193,1788685401247,599.2,-341.15,0.191,0.0,0,0.0,,False,False,False
0x62016b340492521827fc3837571553227d54481d,True,2000,899,367,532,40.8,1.24,2476.47,21,1782203692985,1788873047036,77.2,712.63,0.288,1111.857994,1,-12.34,-1.1,False,True,False
0x6218f8278bf2513ec63248fb1d370dac1698fc0e,True,1092,457,312,145,68.3,1.37,16251.76,3,1772466982065,1782442578087,115.5,5544.1,0.341,0.0,0,0.0,,False,True,False
0x623c6637c36768b3f1f8a929ae7a348e7b52f3f1,True,626,344,258,86,75.0,1.05,1250.41,15,1776903190544,1788551714608,134.8,-7242.57,5.792,50278.704932,0,0.0,0.0,False,True,False
0x624e14a4fa20b39e0fe536fa9621c2c466100bcc,True,2000,839,563,276,67.1,0.66,-2798.18,2,1771959718172,1776046339272,47.3,-1685.04,0.602,0.0,0,0.0,,False,True,False
0x627d9bdb336c77a54bc32f7c7c4369169c0ac37f,True,284,135,40,95,29.6,1.17,1348.84,12,1756242232722,1788679686559,375.4,2174.25,1.612,2456.028327,1,539.78,22.0,False,True,False
0x6290496f7efe86cbd613bbdefc3c0c7b4dda210f,True,2000,879,762,117,86.7,2.04,9742.03,19,1779571098921,1784652400819,58.8,701.2,0.072,0.0,0,0.0,,False,True,False
0x62a4cbd196e63af2e882ab46c34efd821e4c85bc,True,2000,1075,314,761,29.2,1.04,453.97,3,1783505316137,1788877155173,62.2,2213.36,4.876,3858.533536,1,141.87,3.7,False,True,False
0x62cd732421df4824f53a59c422b519bb97e8fd51,True,2000,0,0,0,,,0.0,2,1788809206890,1788810993874,0.0,0.0,,116883.272181,4,6811.83,5.8,False,False,False
0x62de4d39e24d99bc3fe33097fac88d6f22968df7,True,2000,860,516,344,60.0,0.63,-14089.29,23,1770609182651,1788825600043,210.8,-14272.11,1.013,2931.972587,1,407.29,13.9,False,False,False
0x630061a9f3f5b6a1b255f566d084fdd83cfb6f3a,True,2000,983,450,533,45.8,0.44,-21812.73,19,1769796782079,1788069814872,211.5,-7025.09,0.322,0.0,0,0.0,,False,True,False
0x631648a072ef63216eda1e23395fd155ec35ed4f,True,2000,1101,757,344,68.8,12.03,58258.41,12,1781096907335,1788821374389,89.4,3689.3,0.063,152693.88776,4,21102.19,13.8,False,False,False
0x63358b02a844b22991f6c2b97ac4f0a1ef61ce90,True,2000,603,181,422,30.0,0.49,-15242.68,24,1768207523675,1788725155207,237.5,-8315.76,0.546,13635.532636,1,-880.79,-6.5,True,True,False
0x634f44fb33d9db38eda61c9ce2b31f181285f02c,True,300,141,59,82,41.8,0.15,-6298.72,24,1764236108547,1787175126992,265.5,-3133.34,0.497,0.0,0,0.0,,False,False,False
0x6361d059ce1d9f49991dc7410972d3ad7b698773,True,1407,674,622,52,92.3,31.03,106969.25,14,1710882981128,1787194046097,883.2,5278.8,0.049,0.0,0,0.0,,False,True,False
0x637e37a514edefacf28a0aaac373b8db43e85078,True,1011,432,223,209,51.6,1.09,599.93,6,1781522904082,1785767482462,49.1,612.61,1.021,0.0,0,0.0,,False,False,False
0x6393f3ccb4a8ea6dc2c80d822e349432f5cd20d6,True,2000,1165,921,244,79.1,0.4,-46372.39,12,1749817968771,1783539300528,390.3,-12566.85,0.271,0.0,0,0.0,,False,True,False
0x63a34df129dce3cba7616140ba1bc15989d77f3d,True,2000,696,150,546,21.6,1.0,-7.15,20,1783812182850,1788628397279,55.7,404.08,56.512,0.0,0,0.0,,False,False,False
0x63bc2ccf0c94ab560132f7e58775d2c77f9b6e56,True,458,233,83,150,35.6,0.87,-657.32,9,1786562584877,1788748952132,25.3,-589.08,0.896,0.0,0,0.0,,False,True,False
0x63d32df8806835d8d4fc9473767dc639786bc924,True,1030,395,231,164,58.5,0.56,-6720.6,9,1774163284991,1786984594356,148.4,910.89,0.136,0.0,0,0.0,,False,False,False
0x63e6307c72a253bacbbc9ac2519638775f071569,True,1616,657,291,366,44.3,0.75,-4874.68,20,1756650152650,1788048000065,363.4,-3625.37,0.744,0.0,0,0.0,,False,False,False
0x640087584ec41a4bfbe73e3730700252e09212e5,True,2000,1006,626,380,62.2,0.33,-41705.44,20,1774614562037,1784079608571,109.5,-6358.5,0.152,0.0,0,0.0,,False,False,False
0x6417da1d2452a4b4a81aa151b7235ffec865082f,True,2000,1444,232,1212,16.1,0.3,-137423.25,9,1780668246807,1783107940883,28.2,-24345.47,0.177,0.0,0,0.0,,False,True,False
0x6428c88008863cf21cf276e1d361e42a02bf07a4,True,2000,946,454,492,48.0,0.82,-1744.0,19,1783663603379,1788743315380,58.8,1516.91,0.87,0.0,0,0.0,,False,True,False
0x644115d230c0598d4b46ceddec3fb0563e1577a2,True,2000,779,353,426,45.3,0.21,-66041.32,17,1752232793243,1787597190931,409.3,-20953.1,0.317,34504.322456,2,7264.61,21.1,False,False,False
0x645b2eeaa0a46df3c4211bebda1b2c7703e287b8,True,2000,1741,1633,108,93.8,33.13,84722.85,21,1788865317769,1788877520057,0.1,1361.47,0.016,21382814.264674,15,-1099865.09,-5.1,True,True,False
0x646c914a0e369a6e1da21f381f8699241948e5e3,True,1255,610,529,81,86.7,3.63,15217.5,2,1765130628238,1785853478427,239.8,927.16,0.061,2523.993923,1,-2075.24,-82.2,True,False,False
0x647c37ac43a4055289103a5ee30304702b31fb54,True,2000,875,463,412,52.9,2.37,4920.25,4,1785348886065,1788275067575,33.9,379.17,0.077,0.0,0,0.0,,False,False,False
0x64954f83cdd59bac72a932d33f2844a27949d4cd,True,1278,677,375,302,55.4,0.95,-1694.5,17,1738402457473,1788387538230,578.5,-4928.65,2.909,15602.148992,3,-11831.35,-75.8,True,True,False
0x64aa4bb7bca951cc0914fc920d3b3dcb81f77eac,True,2000,1072,1072,0,100.0,inf,58515.63,3,1787740454800,1788683463388,10.9,1817.18,0.031,0.0,0,0.0,,False,True,False
0x64b7c8c580e990bd0624989f62ff555b85b2b90b,True,2000,933,334,599,35.8,1.25,1974.26,13,1770221225752,1776967478953,78.1,905.55,0.459,0.0,0,0.0,,False,False,False
0x64dc82955841fd5ef8155d5ce0b12a77deb88879,True,1132,529,471,58,89.0,1.72,4710.73,25,1728037496228,1788446534025,699.2,1220.29,0.259,8844.908614,2,-6661.12,-75.3,True,True,False
0x64e88a658b93330d3a6f85f9a3a0c8981c076bb5,True,2000,1050,120,930,11.4,0.47,-2306.9,21,1777995890082,1785254214022,84.0,-522.91,0.227,0.0,0,0.0,,False,False,False
0x6501ef1d7febeb73d48159cf32f11b01748297f6,True,1244,639,324,315,50.7,1.36,5856.93,1,1775354235476,1777516459864,25.0,2978.53,0.509,0.0,0,0.0,,False,False,False
0x6526ed4f4740b940907eea4e11e423f40eede9a1,True,955,474,306,168,64.6,2.01,8114.99,11,1769563135519,1787691735550,209.8,1678.85,0.207,0.0,0,0.0,,False,False,False
0x6540225b28c7e3812ffdddcb0a4a60ee9dec68bd,True,1707,665,212,453,31.9,0.07,-27061.01,5,1780129174279,1780669353402,6.3,-2959.68,0.109,0.0,0,0.0,,False,False,False
0x654f6243093374826e41644a9351cb9954aecc59,True,389,192,59,133,30.7,0.69,-704.62,8,1783483181968,1785105957187,18.8,-525.01,0.745,0.0,0,0.0,,False,False,False
0x655b7a6cc6a58eb96fc1a67ba3c8d6ba00e1cdb2,True,314,175,11,164,6.3,0.03,-2887.37,4,1760478249406,1776168600700,181.6,-1539.62,0.533,0.0,0,0.0,,False,False,False
0x657387cb421abd6d4306242bd8136bcb25a9ea76,True,551,268,140,128,52.2,1.33,1737.41,11,1765225494004,1778168977028,149.8,805.02,0.463,0.006791,0,0.0,0.0,False,True,False
0x6581bcc4a8bb99efbb1e2b34ad042582cf598484,True,2000,1068,648,420,60.7,1.4,3221.95,39,1777084893771,1788853998771,136.2,957.4,0.297,380.726475,1,-1.25,-0.3,False,False,False
0x65a093e4f2ee1063ea9d97f4bc30453b3dce23af,True,2000,1252,193,1059,15.4,0.07,-147496.15,2,1788514934695,1788828359821,3.6,-11609.68,0.079,4766881.297507,2,536740.98,11.3,False,False,False
0x65ba4f92d7dfa813ddbd849d9faf38a723dd9b12,True,2000,929,376,553,40.5,1.31,18548.83,48,1769896339291,1788843588600,219.3,-9125.27,0.492,15909.748643,4,8465.17,53.2,False,True,False
0x65d0acf2cdc1d89e96db378d2755c9459979650d,True,2000,1064,441,623,41.4,0.75,-4895.64,8,1785410395265,1788525877714,36.1,2617.2,0.535,0.0,0,0.0,,False,True,False
0x65ea08385a1394d6f1a2ce531187a96b96e3b10f,True,2000,986,350,636,35.5,3.98,70906.91,3,1787690443276,1788790710754,12.7,4455.78,0.063,103787.253415,1,15797.14,15.2,False,False,False
0x65f8169ef7cd5f6d0bc90d4478bc234762f9276a,True,584,191,82,109,42.9,2.52,7272.35,10,1784741373357,1788851667591,47.6,4800.44,0.66,0.0,0,0.0,,False,False,False
0x6608673b607c5f648c347014df5ab1a492d7281a,True,928,319,273,46,85.6,1.75,19364.99,9,1777833001643,1788727487420,126.1,-7633.98,0.394,51418.931294,2,-11614.58,-22.6,True,False,False
0x661e26d86c3d5ee10cbba2f44eade4d8827adcf7,True,2000,1108,618,490,55.8,0.87,-13664.6,64,1742092488632,1788783207263,540.4,16710.78,1.223,15446.098102,2,-933.5,-6.0,True,True,True
0x6630d72fdd6239edab73ef9e5b92436793973ef2,True,2000,874,322,552,36.8,0.28,-7553.81,14,1775057930939,1783036800018,92.3,-333.45,0.044,0.0,0,0.0,,False,False,False
0x663f2673c6cef165d4e027585ed300a6b74245da,True,2000,951,265,686,27.9,0.44,-64474.72,18,1782813841842,1788454440138,65.3,11337.6,0.176,20.825991,3,-30.85,-148.1,True,True,False
0x6658611480b4ec5ae48947db6d9e998aca40de9b,True,2000,1075,410,665,38.1,1.78,3532.04,40,1784774350925,1788859988098,47.3,1917.43,0.543,3853.744872,2,-557.48,-14.5,True,True,False
0x666f23fad5fd6362c2ea08a7fdf2c56f90daecc9,True,2000,816,482,334,59.1,0.98,-1578.73,6,1775851661811,1777486131513,18.9,-7110.48,4.504,0.0,0,0.0,,False,True,False
0x6688bf37c797c6176b17a92dd5e5a7e4a5ce09a4,True,2000,972,542,430,55.8,0.82,-4428.21,10,1784306596829,1788847809560,52.6,-1787.96,0.404,0.0,0,0.0,,False,False,False
0x6697d0dba53ddfd550adaa5b3bdff392712eb86a,True,2000,878,420,458,47.8,1.01,39.04,24,1778069923748,1788834218014,124.6,2677.4,68.58,119.566316,0,0.0,0.0,False,True,False
0x66a80cc749aa4776f2891b87a0b906b45987a001,True,2000,891,443,448,49.7,0.28,-7590.36,15,1784629364054,1785165563441,6.2,-574.15,0.076,0.0,0,0.0,,False,False,False
0x66be50cc0e3abb634064521e4fde4637e23789c1,True,2000,929,637,292,68.6,0.45,-24231.68,21,1775572082072,1781601645857,69.8,-3480.06,0.144,0.0,0,0.0,,False,True,False
0x66d1f704749ced8c60df03cd0ccfce05c5d87fae,True,2000,959,584,375,60.9,1.73,41188.17,15,1768346541309,1788797602178,236.7,7900.0,0.192,0.0,0,0.0,,False,True,False
0x66e4eefbd316cd2633c56302356e47f860fd67d0,True,2000,842,499,343,59.3,1.15,2295.46,36,1787182092911,1788863431863,19.5,-3652.55,1.591,22264.878989,9,-7836.49,-35.2,True,True,False
0x6704196c08957cd96ace0a875841d98cfdd412dd,True,2000,907,377,530,41.6,0.19,-24877.1,21,1779658586808,1788829841421,106.1,-5108.64,0.205,0.0,0,0.0,,False,False,False
0x67198c7843f6c77f5d640ad2f0f0e45acf1c83ba,True,1552,722,517,205,71.6,0.45,-36021.86,47,1705320160107,1786974220243,945.1,-17826.52,0.495,0.008276,0,0.0,0.0,False,True,False
0x67331e957b350a4867a4a6c93cc572755be5bbab,True,715,256,137,119,53.5,79.98,18465.85,30,1717570739058,1787879917384,813.8,7212.17,0.391,0.0,0,0.0,,False,False,False
0x674a0c907be48f27f2f54ca2ed89c553a81b2929,True,2000,693,0,693,0.0,0.0,-65736.31,1,1787738097743,1788139959190,4.7,-3169.92,0.048,0.0,0,0.0,,False,True,False
0x6764ee2439cc72b6daa890bcc47ae5b148c54388,True,2000,989,879,110,88.9,0.86,-3338.37,28,1781391532472,1787153279277,66.7,-17773.2,5.324,0.0,0,0.0,,False,True,False
0x677b8d3d49c92168a38c3de90d5956c5a0ad1e02,True,2000,1213,316,897,26.1,1.03,1218.23,58,1781404525675,1788864728357,86.3,9395.19,7.712,0.0,0,0.0,,False,True,False
0x679bc208d4b7fa668f016d64e17e577c8e5f0a69,True,2000,1010,291,719,28.8,1.72,6412.86,12,1788463326704,1788857979740,4.6,1229.76,0.192,0.0,0,0.0,,False,False,False
0x67b3187b9c13c41aad96c97116f6e4d4f478bd2d,True,2000,1063,591,472,55.6,0.94,-1673.81,8,1788020734348,1788877530310,9.9,1578.84,0.943,0.0,0,0.0,,False,True,False
0x67c932d63e70c450d30000ecf12cf59cdee76f7a,True,2000,507,504,3,99.4,105.76,550576.14,4,1765852226062,1775115100022,107.2,79184.53,0.144,0.0,0,0.0,,False,True,False
0x67e255fcbb9f521163efa0ddcbd13dd631f3b6b3,True,2000,1005,662,343,65.9,12.04,9908.17,4,1767670543397,1781200984280,156.6,930.11,0.094,0.0,0,0.0,,False,False,False
0x67fae2cc1903620cd48958aa1cc224ddfae9da34,True,213,120,88,32,73.3,1.33,768.09,1,1778149953169,1778435475236,3.3,-401.1,0.522,0.0,0,0.0,,False,False,False
0x680996eaf5a404557b3a7273e981293f8eabc781,True,470,238,57,181,23.9,0.53,-14270.72,4,1775393555341,1782823638304,86.0,3861.53,0.271,0.0,0,0.0,,False,True,False
0x68191e792269d8d835ed033b55f09bb3762a73ec,True,2000,881,630,251,71.5,0.22,-20160.23,8,1778663172530,1788544273114,114.4,-6105.46,0.303,528.083976,1,-313.23,-59.3,True,True,False
0x6839e62e3cd0d44b06e571019ad9440309ffb851,True,652,193,82,111,42.5,0.69,-3645.94,3,1771053447950,1778479271949,85.9,-3085.5,0.846,0.0,0,0.0,,False,False,False
0x685856363e25dbe2be2115e8a112acb732044994,True,2000,1062,967,95,91.1,123.46,71539.91,19,1775603634209,1788840550129,153.2,8883.83,0.124,41090.063502,5,1409.66,3.4,False,True,False
0x687843224285d4d2eac58202085041647fa3bf8c,True,1179,461,307,154,66.6,2.09,87164.06,9,1720590392451,1788525109937,786.3,18321.11,0.21,49357.074493,1,-70245.5,-142.3,True,True,False
0x688a46b1a19193011f0f5dc4675878073f640c89,True,2000,918,225,693,24.5,0.77,-596.34,43,1766160194841,1786852174913,239.5,317.02,0.532,0.0,0,0.0,,False,True,False
0x68a24ccf099422806f1e73248517f3389c29c104,True,2000,1193,361,832,30.3,0.87,-23763.58,7,1779984471054,1785753624869,66.8,-11039.31,0.465,0.0,0,0.0,,False,True,False
0x68b59133164a33b7fdb4028863ce360005acc0ed,True,519,271,119,152,43.9,2.08,5263.44,4,1780843783774,1788447940518,88.0,1859.2,0.353,0.0,0,0.0,,False,True,False
0x68c707e9fd21644c0d1b19d55b0ae96bd9ef32b3,True,1272,387,288,99,74.4,2.02,20342.12,5,1774535993040,1788501236018,161.6,4984.38,0.245,9620.566409,1,-24864.67,-258.5,True,True,False
0x68d39be8c66851afbb61abb3b2e0a8ef59b58e80,True,2000,949,139,810,14.6,0.09,-57400.42,12,1785507108951,1788271234373,32.0,-7584.18,0.132,0.0,0,0.0,,False,False,False
0x68ef1651c2eff6677960f71f93abadf73b3c9c65,True,2000,1090,327,763,30.0,1.09,1259.12,7,1781245010983,1783541120156,26.6,886.78,0.704,0.0,0,0.0,,False,False,False
0x6901d18437304adf9d33c9f03b929c3c4f73e3be,True,2000,1078,518,560,48.1,2.75,95749.37,22,1752787697063,1777075200024,281.1,20574.91,0.215,0.0,0,0.0,,False,True,False
0x69116a767c4108146e2666bcd0a24cf08d07d490,True,786,305,264,41,86.6,2.61,7266.02,7,1787505351480,1788525993070,11.8,-798.46,0.11,0.0,0,0.0,,False,False,False
0x69420c67545e5ee95d1375f93ec0da06c05c9c1f,True,1327,542,229,313,42.3,0.97,-1391.83,46,1717344437560,1788184270576,819.9,-11117.46,7.988,18462.904289,1,11666.78,63.2,False,True,False
0x6963b08ce3b11547e84947323ad3b5dbb839bade,True,636,361,323,38,89.5,0.67,-1310.28,9,1784267172502,1788525500131,49.3,-3222.26,2.459,393.51014,0,0.0,0.0,False,True,False
0x6978e7917dffd1f1815c858ca1528e51a3af1cb5,True,2000,1012,840,172,83.0,8.48,7325.64,14,1788820769607,1788877895034,0.7,96.37,0.013,132225.148877,15,253.82,0.2,False,True,False
0x6986060e76998e7db6f092f93aa6997ddd9d8227,True,2000,938,533,405,56.8,0.87,-8829.79,23,1754567612915,1779475632943,288.3,5955.1,0.674,0.0,0,0.0,,False,True,False
0x6995fe42f45d6efb6345a36d4e7f5e7bd14835a7,True,361,102,89,13,87.3,3773.25,4850.69,2,1774441567064,1777757836602,38.4,1044.79,0.215,0.0,0,0.0,,False,True,False
0x69b21f2aea77adb9b058c06a5caaf1b344c2c4e4,True,2000,1039,264,775,25.4,0.86,-8580.8,3,1776287005518,1782518400047,72.1,14705.63,1.714,0.0,0,0.0,,False,False,False
0x69c8cde4b8cf8e7738e0ce5881d89555817e3a5e,True,2000,1003,392,611,39.1,0.7,-5787.37,78,1745715121177,1786656614663,473.9,-2708.11,0.468,0.0,0,0.0,,False,True,False
0x69e33abb1d0e5c5a3bcb000bebc962651f27dd97,True,2000,716,454,262,63.4,1.15,1444.91,19,1759293886651,1787978988648,332.0,1098.85,0.76,0.0,0,0.0,,False,False,False
0x69f5339cdf739dd77b571529d7ec188b63740a36,True,2000,990,301,689,30.4,0.76,-8417.91,7,1780742770586,1788847578823,93.8,4539.89,0.539,11047.769039,1,1052.22,9.5,False,True,False
0x6a07af890780d2bf789934565584f78d2e5954a9,True,436,256,170,86,66.4,0.87,-497.44,5,1781817295820,1785644106464,44.3,-609.32,1.225,0.0,0,0.0,,False,True,False
0x6a240e9eba435cf6b9f21ec368353b43bf3a07e2,True,2000,1058,655,403,61.9,0.65,-27107.81,29,1743961353374,1782764677089,449.1,-16883.84,0.623,0.0,0,0.0,,False,True,False
0x6a3ea4ac7626423a70ef602a91aab51f8a38398d,True,2000,775,372,403,48.0,2.04,4734.95,8,1786467476938,1788877719777,27.9,-1388.1,0.293,4816.287689,3,-858.29,-17.8,True,False,False
0x6a50a44d2d650b9931c418eb70ef268c68be5dc5,True,2000,247,136,111,55.1,2.24,3349.06,18,1777515413847,1787750561874,118.5,595.43,0.178,0.0,0,0.0,,False,True,False
0x6a64bbdb8e90ff1c92b17a18075718d7ea568815,True,1627,691,168,523,24.3,0.61,-9241.7,16,1781916446011,1787523090216,64.9,1705.73,0.185,1234.592824,1,66.52,5.4,False,True,False
0x6a756a2cc6c1e8e1e44132800b2033a42ca086ad,True,319,87,45,42,51.7,17.55,118961.08,16,1737606495962,1787380615730,576.1,21044.67,0.177,16935.558855,1,6012.23,35.5,False,True,True
0x6a8b8d85b16ba64b184efddaa0ae2101fdfd5f3d,True,854,442,283,159,64.0,0.71,-2661.79,8,1778561517311,1782395349476,44.4,-1576.21,0.592,0.0,0,0.0,,False,False,False
0x6aacf00eafa230741067b2bb9c97d607a5a32fb8,True,2000,953,109,844,11.4,0.62,-3109.08,12,1788122943565,1788874806746,8.7,1111.69,0.358,0.0,0,0.0,,False,False,False
0x6abc111bd22bb38e649f81be60dfbeb35648aac6,True,2000,1095,894,201,81.6,0.37,-89823.85,69,1784650748111,1788874581507,48.9,-24582.31,0.274,10744.151255,15,462.23,4.3,False,True,False
0x6acf5dc82237396e07d7e802bff984d8662360a1,True,663,328,244,84,74.4,14.84,146817.5,2,1762264787044,1788868472865,307.9,19523.88,0.133,47054.277221,1,-46415.16,-98.6,True,False,False
0x6aeff08cbb7e0ad883259f7ee3f0ec4c08a090d4,True,2000,677,239,438,35.3,0.64,-13.19,8,1786093352843,1786364812771,3.1,-12.35,0.936,0.0,0,0.0,,False,False,False
0x6b00ea6fc7a9b699ce17bd7825bc16d45d2b3455,True,2000,1011,677,334,67.0,4.36,15169.92,28,1788187753729,1788874928566,8.0,855.6,0.056,19007.264912,5,1989.97,10.5,False,True,False
0x6b0cc8b2c9c6ba816b66552eff5fb44137b693a2,True,2000,957,477,480,49.8,0.53,-6201.67,27,1780492663613,1783100437524,30.2,-1019.88,0.164,0.0,0,0.0,,False,False,False
0x6b29eeae2ae727159d4d84b866352e1a09d44210,True,188,114,110,4,96.5,8.83,21970.83,3,1772543820011,1782973889632,120.7,3989.81,0.182,0.0,0,0.0,,False,False,False
0x6b44fb3b080c233c6cb0b2d70f4b5694fd528572,True,2000,902,356,546,39.5,0.32,-83321.09,15,1780514657104,1787739975712,83.6,4891.81,0.059,14664.722268,1,-18675.76,-127.4,True,False,False
0x6b7031ef5b01446a4cd859d51cbf359debde2633,True,2000,1254,1249,5,99.6,84228.62,91590.02,12,1775656998039,1788480000030,148.4,2816.31,0.031,0.0,0,0.0,,False,True,False
0x6b9208ad63b1334d73b17590fbd5f56f140ae9da,True,1774,755,427,328,56.6,0.64,-37139.47,25,1735694253954,1778347542527,493.7,-10599.13,0.285,0.0,0,0.0,,False,True,True
0x6b9ef7a334e61551209ddc3a78e5bb774a09085e,True,2000,1238,769,469,62.1,9.46,46442.99,7,1788539374577,1788874463153,3.9,5986.94,0.129,352438.101761,2,-227356.92,-64.5,True,True,False
0x6baa94235164f4310943c8ebe212ff1f2d217a85,True,2000,1064,488,576,45.9,0.32,-127991.46,22,1770986489712,1787172645562,187.3,9740.15,0.076,0.0,0,0.0,,False,True,False
0x6bbeaa7c0668557ac6c81b63d4451647db962b76,True,2000,787,126,661,16.0,0.32,-36114.79,6,1773447845006,1788696657012,176.5,2703.46,0.075,0.0,0,0.0,,False,True,False
0x6bc9e333e04dce026b8d3328f78dd2ff536baa7a,True,2000,1018,547,471,53.7,0.83,-4831.86,8,1788288780940,1788877085744,6.8,-1931.6,0.4,24589.822858,3,-2565.24,-10.4,True,False,False
0x6be7cd561eb0132746638a81d4f9b0ab937e6e6b,True,2000,1040,578,462,55.6,0.71,-22334.77,2,1787276603433,1788875127019,18.5,-7478.45,0.335,0.0,0,0.0,,False,False,False
0x6bf1ba1e3868f42622cbc44bab47426925545876,True,1236,532,259,273,48.7,2.03,8370.3,65,1736376454154,1788706888013,605.7,1820.94,0.218,1838.174399,0,0.0,0.0,False,True,False
0x6c08f0d278b7b7f5cb13f0c31edfdc344f635a4c,True,223,83,72,11,86.7,10.4,11512.12,1,1772470463851,1780325721040,90.9,2078.19,0.181,0.0,0,0.0,,False,False,False
0x6c207dcd2c7bd0b1f6cc5cb3319d54662a1a62a4,True,2000,995,385,610,38.7,0.31,-16077.76,10,1754071521510,1776260334195,256.8,-1683.45,0.105,0.0,0,0.0,,False,True,False
0x6c44d23450e3b853041b4865f67af2fed3f200d7,True,2000,712,373,339,52.4,0.31,-87778.49,26,1755094243573,1788798518714,390.1,-33653.36,0.383,14105.330595,5,1623.21,11.5,False,True,False
0x6c5ce7496dad0bc2374a3deeb945f92fcb04517a,True,580,345,186,159,53.9,1.72,7385.07,1,1778828446936,1788785222167,115.2,6992.34,0.947,4339.454942,1,294.97,6.8,False,False,False
0x6c8512516ce5669d35113a11ca8b8de322fd84f6,True,2000,2000,2000,0,100.0,inf,7123198.19,1,1787363980842,1787364388997,0.0,106222.12,0.015,0.0,0,0.0,,False,False,False
0x6cac40120df8caa99ae3e1b3fc959e0de31e808c,True,762,281,160,121,56.9,1.61,12326.82,20,1738615348608,1787278762241,563.2,-4860.43,0.394,0.0,0,0.0,,False,False,False
0x6cc044b1f4685a1a518406e1eb2abe1dd058241c,True,2000,1004,539,465,53.7,0.37,-13723.1,31,1781707661052,1784267728772,29.6,-5758.38,0.42,0.0,0,0.0,,False,True,False
0x6cd1b82490eb7aa18bec4305c6c2e691194c6898,True,683,425,123,302,28.9,0.15,-150849.8,5,1750241830108,1775639369196,294.0,-17829.34,0.118,0.0,0,0.0,,False,True,False
0x6ce22b51c9b4d72a12f692a02d9571945eb59114,True,2000,1026,649,377,63.3,1.01,64.68,19,1777263628050,1788756600816,133.0,-868.34,13.424,594.302508,0,0.0,0.0,False,True,False
0x6cff3c52d946df33c0a167e3c051a2e5061a207f,True,2000,1072,725,347,67.6,0.33,-15264.56,66,1786342639654,1788878133601,29.3,-7711.32,0.505,3957.844369,1,-2.3,-0.1,False,True,False
0x6d118b9d969a560f8535a4579f0edc87024a9519,True,1227,871,254,617,29.2,1.01,117.13,6,1766580787125,1788246820261,250.8,835.92,7.137,976.390645,0,0.0,0.0,False,False,False
0x6d1d9f2483e68caafe77b69458363705819e3ac9,True,324,194,63,131,32.5,1.05,112.67,13,1753562251192,1788837709759,408.3,503.66,4.47,194.869251,1,-4.51,-2.3,False,True,False
0x6d4008d98ab9d1b1598452bac66ce0fff94425b5,True,2000,1035,275,760,26.6,0.72,-12346.55,5,1776455110528,1785754217700,107.6,4588.07,0.372,0.0,0,0.0,,False,True,False
0x6d57daeeeb5d80c79eaa38f738e5377dc3a0fa48,True,1739,1082,66,1016,6.1,0.01,-640881.31,3,1733418246997,1788288447245,635.1,-45419.69,0.071,0.0,0,0.0,,False,True,False
0x6d6eafb09e74f1cc92cd036e9531c7e50bda62df,True,354,164,63,101,38.4,3.32,9976.59,9,1778762003067,1788792992177,116.1,1616.53,0.162,29367.140817,4,13778.65,46.9,False,False,False
0x6d7cd915b4da5aedcad6f1177e7b4ccf8353ed6a,True,991,587,237,350,40.4,1.69,35344.5,10,1763415305134,1784246400018,241.1,-8000.0,0.226,0.0,0,0.0,,False,True,False
0x6d919bb607fdda4e98baa5091d1a140f1789740e,True,2000,901,519,382,57.6,1.11,5252.46,10,1756781429850,1780533117127,274.9,-5970.91,1.137,0.0,0,0.0,,False,False,False
0x6daec5ff434924e0839358e710e6ae5f158590de,True,2000,1250,532,718,42.6,0.05,-1480607.25,5,1787243417103,1788866429980,18.8,-53407.75,0.036,22144.158707,1,-1810.95,-8.2,True,True,False
0x6dbe56e426651ab64c1ad5e552484fae54e0f9fe,True,2000,973,729,244,74.9,0.84,-6410.02,6,1784326035014,1788254325223,45.5,-4881.08,0.761,0.0,0,0.0,,False,False,False
0x6de0bd2b02f13245f5b02779b47335adf87bb836,True,2000,963,408,555,42.4,0.34,-52949.37,15,1781221631138,1787882420549,77.1,-8469.14,0.16,5468.512649,1,1323.24,24.2,False,True,False
0x6e03af2ffb3fbb736334dde467b6049fe32528ff,True,1486,706,563,143,79.7,0.68,-7517.48,10,1750625101800,1787408166291,425.7,-5625.88,0.748,0.0,0,0.0,,False,True,False
0x6e0db7a79e436a672ad6ad161de71fdff9cbfccf,True,2000,254,234,20,92.1,1.3,1326.53,6,1777540646040,1779862342621,26.9,-2788.53,2.102,0.0,0,0.0,,False,False,False
0x6e32c51a33d40e22fef61ee33cd4ee1dc3ecfe2e,True,2000,955,504,451,52.8,2.02,36545.01,18,1770136564830,1788720435431,215.1,11642.03,0.319,10698.063247,2,-1940.61,-18.1,True,False,False
0x6e5d09c34b3b45948a284f5255a7c47afadcfbdf,True,897,246,181,65,73.6,2.45,20920.1,21,1778839644988,1788722021413,114.4,-11520.81,0.551,9178.95,1,-4333.63,-47.2,True,False,False
0x6e6e26f4b690d36121743252f6bde91a465a8592,True,591,272,108,164,39.7,0.5,-892.83,21,1783592624179,1788804338701,60.3,-140.01,0.157,488.280296,3,99.11,20.3,False,True,False
0x6e825c9a6152cc13e7136b874aa43bdb63cd9972,True,374,173,77,96,44.5,1.61,1019.11,2,1750098734899,1788116711421,440.0,426.65,0.419,0.0,0,0.0,,False,False,False
0x6e986cd023797a6b0107023e71c64fada0328273,True,945,459,189,270,41.2,4.07,62274.38,46,1713297433191,1788860621238,874.6,-4583.62,0.074,3795.550931,1,815.36,21.5,False,True,False
0x6ed6644cd7ae111d19acd82f9d8d31976c7f20e2,True,508,109,61,48,56.0,2.02,572.46,4,1775786733709,1782488525169,77.6,227.85,0.398,0.0,0,0.0,,False,False,False
0x6ef9feec28bea37878a2624e68e67cbc0b15c440,True,2000,1005,514,491,51.1,0.82,-3149.41,12,1780530545886,1788869862733,96.5,-3119.72,0.991,1493.301055,2,93.14,6.2,False,True,False
0x6f0d30ee2bc8d381eefc23d5149fc9eee268321b,True,667,325,131,194,40.3,0.3,-13121.31,22,1711539272198,1787266348137,876.5,-2994.06,0.228,0.0,0,0.0,,False,True,False
0x6f1ddd44fd6425f8b6befea6e17d32b087edbe05,True,2000,989,617,372,62.4,1.1,6381.72,43,1734390405353,1786046705479,597.9,-8221.91,1.288,21418.54,1,-40377.3,-188.5,True,True,True
0x6f41451f8991aca7ab441fa15e222fdb2c83a3fa,True,37,27,27,0,100.0,inf,664.25,1,1775741587097,1776088197003,4.0,211.7,0.319,0.0,0,0.0,,False,False,False
0x6f6042354566515329e94d82900ab11187aa6c3c,True,2000,939,479,460,51.0,2.42,35239.3,24,1783606333145,1788430520652,55.8,5325.16,0.151,41046.093523,4,44626.23,108.7,False,False,False
0x6f75869687be7376c4fd99077bc7c3c7d73e6a67,True,2000,1005,542,463,53.9,1.37,6647.38,11,1781615642496,1788858949936,83.8,-1789.72,0.269,4004.883683,2,-975.66,-24.4,True,False,False
0x6f836266684e862b2d794bc06b3b852e24626b93,True,2000,1238,972,266,78.5,7.59,3453.65,5,1774640695699,1775953414120,15.2,674.19,0.195,0.0,0,0.0,,False,False,False
0x6f9785c6de18c0c6cd83d481a39907995c36fda6,True,2000,1015,656,359,64.6,1.09,5054.41,30,1762291868772,1773100800042,125.1,4927.0,0.975,0.0,0,0.0,,False,True,False
0x6fb534b7e9820dd90a154dbed2a84f9c95bbe68e,True,2000,970,495,475,51.0,4.11,129603.04,8,1747577732206,1786318209666,448.4,13845.49,0.107,0.0,0,0.0,,False,False,False
0x6fbf6a1a55dd4c3d439c0a209efc639ffb5d346d,True,2000,988,554,434,56.1,2.12,34707.21,10,1787183392668,1788877021860,19.6,7409.94,0.213,0.0,0,0.0,,False,True,False
0x6fcf0206ea7336a0de5a30b8b3a14aeb1714d515,True,2000,999,531,468,53.2,0.69,-23086.63,1,1777563156185,1780438350206,33.3,-5012.8,0.217,0.0,0,0.0,,False,True,False
0x6ff1e4736edaa770114d46fd41b110bc30b18575,True,2000,1107,896,211,80.9,2.62,180391.26,4,1783173140512,1788220800019,58.4,-13469.67,0.075,0.0,0,0.0,,False,True,False
0x7009da6fbb6887738da1bb2ce5d7a16adf4283ae,True,2000,1046,299,747,28.6,0.61,-7031.59,8,1781658495390,1788796858862,82.6,-753.69,0.107,950.278671,1,811.0,85.3,False,True,False
0x7019cb5724a8a02248a189678d0d92b56ed13d30,True,2000,1049,189,860,18.0,0.48,-10005.55,9,1739015460803,1787749936844,564.1,-1264.81,0.126,0.0,0,0.0,,False,True,False
0x7039770dd766cb8f7597ba9f04eae9c976eba069,True,2000,1093,905,188,82.8,1.05,466.43,9,1756690503427,1783265622006,307.6,-1607.7,3.447,0.0,0,0.0,,False,True,False
0x704d1d8d87db67c1fdd0362a747347e60782490f,True,2000,1200,856,344,71.3,2.34,23596.68,10,1780023528634,1788572746053,98.9,3358.38,0.142,10163.802359,1,863.07,8.5,False,True,False
0x7064c7abd02a8481a33620e485e75df41b8a5fa5,True,2000,1018,516,502,50.7,0.84,-716.54,1,1788063710216,1788878444800,9.4,-122.44,0.171,5042.411744,1,-0.06,-0.0,False,True,False
0x7071bded76de4d86a2854f1cb885b2fa7d4b578a,True,2000,952,489,463,51.4,0.75,-6963.84,8,1788291027260,1788874747338,6.8,-2381.33,0.342,26258.957831,2,-5767.51,-22.0,True,True,False
0x70811c24fe0fe1fa9d5a41f70928aa555a1e30b9,True,2000,1019,574,445,56.3,1.0,-83.06,19,1778118167812,1783091283468,57.6,8286.85,99.775,0.0,0,0.0,,False,True,False
0x708f79554cfb75d257763bd780671e51b60f1b12,True,2000,2000,0,2000,0.0,0.0,-207532.51,1,1785768073607,1785768619557,0.0,-5863.48,0.028,0.0,0,0.0,,False,False,False
0x70b1b4016b9f875d798c75f4d2c5e8d30787c187,True,2000,1550,178,1372,11.5,0.38,-60453.88,14,1777866624799,1781694065876,44.3,-4177.25,0.069,0.0,0,0.0,,False,True,False
0x70cb25ef49b98ecb505a9d6a202116a2bff14fcd,True,59,40,0,40,0.0,0.0,-404.52,1,1779911446587,1779912456124,0.0,-119.83,0.296,0.0,0,0.0,,False,False,False
0x70d7dca8fe075c2816aca0c9fc0cdcfd4607ebbb,True,202,101,22,79,21.8,0.3,-6975.99,2,1783525022231,1788528207920,57.9,-2913.62,0.418,1888.977253,1,249.77,13.2,False,True,False
0x7102ee4a64d1909a4ed928d8e252028c33e23c0b,True,518,185,169,16,91.4,0.37,-15073.27,4,1782441145820,1785383605413,34.1,-7163.9,0.475,0.0,0,0.0,,False,False,False
0x71103777e9fc4fa8c7e02e247a30af1b2679f260,True,712,301,191,110,63.5,1.46,1828.71,10,1780688362181,1786552225445,67.9,-618.89,0.338,0.0,0,0.0,,False,True,False
0x7122e6ba738a4666e2dc55656e93473f12992775,True,572,430,366,64,85.1,0.91,-694.51,6,1780938124362,1787611974145,77.2,-1818.5,2.618,0.0,0,0.0,,False,False,False
0x7132b5edc9ee267c58d3562d3e621384b18da7f3,True,1861,743,453,290,61.0,1.37,11820.46,72,1736606786963,1788847148535,604.6,2533.73,0.214,8159.051734,5,-8826.1,-108.2,True,True,True
0x71516f9213a3eae64ea17215f9268d82558e0a2a,True,2000,963,552,411,57.3,2.31,70449.46,2,1770507602181,1775619045365,59.2,6445.06,0.091,0.0,0,0.0,,False,True,False
0x716d7ae407194c19592036097eac71109709a19b,True,2000,1858,880,978,47.4,1.22,572.21,11,1788132573892,1788812186054,7.9,-268.0,0.468,149114.550775,9,16.95,0.0,False,True,False
0x71788ecf35762b719580e57b2efbe81b2ce45770,True,56,52,36,16,69.2,0.6,-213.08,3,1785549038407,1785650110050,1.2,-345.92,1.623,0.0,0,0.0,,False,True,False
0x718a92a0c29a05d9fc6e03a1e7fce00d0c2f43a0,True,1557,708,412,296,58.2,0.97,-1158.7,2,1778685108208,1787879953050,106.4,-3264.9,2.818,0.0,0,0.0,,False,True,False
0x71a464dbe3c000d0eb31a6042f4c1f42ad336477,True,2000,1069,525,544,49.1,0.75,-1634.88,13,1784781107012,1788074586688,38.1,-1309.63,0.801,0.0,0,0.0,,False,True,False
0x71affd3da39f3e2fa09ac0edb4b7850c3d00cdad,True,2000,1200,629,571,52.4,0.6,-19711.02,15,1768315593262,1788480000030,233.4,-1939.81,0.098,0.0,0,0.0,,False,True,False
0x71cfa5e263e866f7961091e01ebc5a2d11616c20,True,2000,1950,1183,767,60.7,2.62,2671.95,6,1788052775069,1788846176417,9.2,380.08,0.142,1831241.816577,0,0.0,0.0,False,True,False
0x71e53cece54659183f9fd22119ad76ff78e2614f,True,2000,908,302,606,33.3,0.15,-56048.26,15,1782471153003,1783460269487,11.4,-3250.95,0.058,0.0,0,0.0,,False,True,False
0x72058b74756968e1e8c4467ecf306b1a27abc983,True,2000,972,562,410,57.8,1.8,2599.99,7,1756493097472,1788034179175,365.1,-506.04,0.195,0.0,0,0.0,,False,True,False
0x721bcc0b3927f21b1b072240bf8031f9cb3c90c5,True,2000,1015,464,551,45.7,1.04,476.06,13,1782969858996,1788874687231,68.3,-1999.21,4.199,4470.411686,2,-122.39,-2.7,False,True,False
0x7235f37fb3191e5425a5f6a7c4f6243d1dba55cb,True,2000,836,394,442,47.1,0.34,-10769.99,6,1784504048725,1785765359501,14.6,-1968.1,0.183,0.0,0,0.0,,False,False,False
0x724b4d225c3df786dff7a4d362dd8710c7cd3a95,True,2000,533,529,4,99.2,85393.97,50832.47,5,1788205431078,1788877494247,7.8,5007.51,0.099,47351.4,1,-2310.0,-4.9,False,True,False
0x725cfcc9f2ccbf912a1898487d06c389919852fd,True,191,98,63,35,64.3,0.7,-1514.33,4,1780640993641,1780685541941,0.5,-956.1,0.631,0.0,0,0.0,,False,True,False
0x72724e620586e440253cb8579a0b28ef9487b039,True,2000,1027,451,576,43.9,0.61,-21147.39,99,1731479748843,1786838400059,640.7,-4567.02,0.216,0.0,0,0.0,,False,True,False
0x7281beaced736a960dc36503645dc3b03a27f756,True,2000,989,453,536,45.8,1.1,327.28,19,1785403069119,1788525155667,36.1,-737.81,2.254,196.213031,1,-0.66,-0.3,False,True,False
0x7298903f2daa0e7db955fcd0106691352ff00b9c,True,637,240,212,28,88.3,0.71,-3024.63,3,1773747564038,1779262366918,63.8,-8208.72,2.714,0.0,0,0.0,,False,True,False
0x72aa58d187662084067cedc12ca221fedbe9293e,True,2000,980,626,354,63.9,3.33,40774.31,1,1783090725769,1787181783189,47.4,4996.98,0.123,124970.755437,1,-18453.85,-14.8,True,False,False
0x72bdbc7916487bda1ed38499b46ea73d1b3aa1cb,True,1245,596,428,168,71.8,3.54,12068.75,26,1751310331873,1788712504031,432.9,1495.26,0.124,25952.878985,2,2822.88,10.9,False,True,False
0x72d73fea74d7ff40c3e5a70e17f5b1aaf47dfc26,True,2000,1022,504,518,49.3,1.01,8.71,1,1788778785265,1788878631079,1.2,-34.44,3.954,19913.708355,1,0.08,0.0,False,True,False
0x72e118ccda781bdf6aca10a098a99bb285a9fe10,True,2000,1041,379,662,36.4,0.73,-4907.89,43,1761852857610,1788638948268,310.0,-953.74,0.194,0.0,0,0.0,,False,True,False
0x7302893fcd6e8a8a051a59a620d600b968966385,True,173,99,61,38,61.6,0.67,-1224.4,1,1779255933260,1784130778143,56.4,-922.64,0.754,0.0,0,0.0,,False,False,False
0x7326357e2b2feb661f9961bb897944045dc63ca6,True,2000,1054,155,899,14.7,0.26,-13353.07,12,1782986613971,1788567040414,64.6,1197.19,0.09,0.0,0,0.0,,False,False,False
0x7334d9a3b0769c494916cdee3de1218b51b34471,True,2000,1366,325,1041,23.8,0.1,-44.45,3,1778600754736,1781049600070,28.3,-0.83,0.019,0.0,0,0.0,,False,False,False
0x73423da170cee74f1bc18c5ac4cf8f58a11fe88c,True,1142,471,441,30,93.6,21.32,56511.46,8,1770613933646,1788727666664,209.6,5129.22,0.091,61866.746086,1,-15063.22,-24.3,True,False,False
0x73531ff0baf770eafdc25003fad6e33f7db682eb,True,1086,531,220,311,41.4,0.73,-1176.96,13,1775939851630,1782944484513,81.1,2528.59,2.148,0.0,0,0.0,,False,True,False
0x7361c2ee6a9c2e89bdd054430043a4f72ed11fbe,True,2000,1007,495,512,49.2,0.84,-3959.72,16,1780611787021,1784131558635,40.7,-8889.07,2.245,0.0,0,0.0,,False,True,False
0x737b1e3d87da4d7fb44709103ccbd019cc4c0db5,True,1315,615,354,261,57.6,9.92,9921.99,21,1768615201506,1788874636035,234.5,869.29,0.088,0.0,0,0.0,,False,False,False
0x739899b4698e931b688b3d3e5017c2f96c7f0104,True,114,47,15,32,31.9,1.19,433.71,12,1750086683133,1788257814536,441.8,1419.95,3.274,31310.802537,1,11.44,0.0,False,False,False
0x73b5f7ba9f9ed10edcc033622814d58a69a11db4,True,1737,778,604,174,77.6,1.48,5384.72,21,1771304239375,1787159088478,183.5,-2848.39,0.529,0.0,0,0.0,,False,True,False
0x73c7efda0418e9cb23b84e3fb63c3f9a3ae9dad3,True,1141,485,191,294,39.4,1.6,3735.95,17,1784135676379,1787744622046,41.8,1771.87,0.474,0.0,0,0.0,,False,False,False
0x73d20d7d9a78f57118d52d262040b58f401c58b2,True,2000,741,422,319,57.0,1.18,1167.54,26,1782100019843,1788874527102,78.4,-1349.2,1.156,1028.600893,1,12.17,1.2,False,True,False
0x73f79ea920e9ec8144428637f9f6a92a9c7f1072,True,2000,1039,467,572,44.9,1.39,1716.93,51,1786611254357,1788862081862,26.1,299.75,0.175,64574.956503,50,5045.43,7.8,False,False,False
0x741a58844ac349d6195d0b8ccf7fa07501eba5c2,True,2000,1868,329,1539,17.6,0.28,-107822.74,22,1780382274063,1788434792893,93.2,-11750.19,0.109,14258.362161,3,-3785.54,-26.5,True,True,False
0x743fa1133ea27f6edb1a5f13f14bef0210c1154a,True,2000,871,128,743,14.7,0.13,-15153.88,27,1781403892954,1788851754176,86.2,-979.24,0.065,70165.302815,8,29684.96,42.3,False,True,False
0x745208f70c7d558764569257d1ed776a307cda9d,True,2000,954,406,548,42.6,0.92,-3489.97,5,1782134764764,1787840977302,66.0,1853.2,0.531,0.0,0,0.0,,False,True,False
0x74666e2e87171274b46ab8c2e321bb237693fc83,True,2000,394,154,240,39.1,0.1,-49812.97,5,1783292862220,1787618792457,50.1,-12791.25,0.257,151816.982855,4,-242325.72,-159.6,True,True,False
0x747b1125d08a5a2cf33550cbb038e406ebf241ad,True,2000,1071,560,511,52.3,1.42,20794.92,7,1787663502313,1788778973474,12.9,-4436.5,0.213,47883.673127,1,-13175.24,-27.5,True,True,False
0x74900cde422586ebcfce794e8b7a3b5ffb96480f,True,2000,1067,160,907,15.0,0.04,-89063.67,12,1773168342239,1777420287759,49.2,-11683.99,0.131,0.0,0,0.0,,False,True,False
0x74ab1103fef32018991cd68779f9fb85df6a281d,True,1763,819,319,500,38.9,1.15,1959.1,29,1784563871827,1788529807586,45.9,1060.27,0.541,0.0,0,0.0,,False,True,False
0x74b8bca2d513bce4f7c5e8b0369a059d7a23f738,True,2000,976,504,472,51.6,0.57,-35773.33,27,1760109049961,1787249442140,314.1,-7553.27,0.211,0.0,0,0.0,,False,True,False
0x74c8c8411592e050b069745507b665de394cce65,True,156,86,61,25,70.9,10.8,6700.02,11,1760323556280,1784192707460,276.3,3275.32,0.489,0.0,0,0.0,,False,False,False
0x74da055d4ccf9dca3f15789c603e1a88a1d2d81f,True,2000,1310,235,1075,17.9,0.0,-1367300.97,2,1774824085803,1775604581636,9.0,-79046.27,0.058,0.0,0,0.0,,False,False,False
0x74fc5ebb789a42662409f3ec728bca883224c939,True,2000,789,270,519,34.2,1.4,97036.83,10,1781797650992,1787063043493,60.9,40761.4,0.42,0.0,0,0.0,,False,True,False
0x751f279bd7eacce3a8b52be755cd5caaa477558b,True,2000,998,401,597,40.2,1.29,25051.54,29,1734125780775,1778599158500,514.7,-22773.88,0.909,0.0,0,0.0,,False,True,False
0x75334e29674b0d76ad748d5eabc0ff2d4010a737,True,2000,990,282,708,28.5,1.61,24867.69,12,1781447947487,1788566400005,82.4,7625.87,0.307,0.0,0,0.0,,False,False,False
0x7544f2ef9a332a5a2514ef25a13843bcaa4ae324,True,2000,926,763,163,82.4,5.68,25603.98,38,1783648190231,1788876949107,60.5,1228.02,0.048,5947.382933,2,3941.46,66.3,False,True,False
0x755b51bd64672a1509ebde6de6840fe5191b9027,True,2000,809,592,217,73.2,1.51,11888.45,10,1777439875777,1787991261599,122.1,-7522.43,0.633,12361.317834,1,3366.09,27.2,False,False,False
0x757badb8a1636eb308c74776dff91c0fc1300a26,True,873,433,246,187,56.8,0.36,-154098.93,16,1738550352177,1787060055900,561.5,-47136.44,0.306,0.0,0,0.0,,False,True,False
0x758e917f9555dfd785166dba2906868946e841a4,True,1119,484,424,60,87.6,2.12,13741.27,20,1733450165450,1788874396551,641.5,3597.92,0.262,19332.299646,2,-1863.13,-9.6,True,True,False
0x75abbabdd837612f71695c30851f30c693090070,True,2000,773,368,405,47.6,2.6,12101.65,11,1775105386327,1788309972755,152.8,3121.51,0.258,149.186643,3,257.13,172.4,False,False,False
0x75c3f4a9f37194d42aa141fe5e7b640c48f9dca3,True,2000,681,320,361,47.0,2.48,2439.43,2,1788732600680,1788878401761,1.7,455.42,0.187,20089.396523,2,91.12,0.5,False,False,False
0x75db91ec2b398e012f95970de20ffd8460c68324,True,2000,903,708,195,78.4,4.49,77901.09,4,1779446601320,1779761698340,3.6,3558.1,0.046,0.0,0,0.0,,False,False,False
0x75f0f24a090ee2923b2662d40ca44d14e33faf5e,True,2000,881,801,80,90.9,3.22,2778.74,2,1778250246298,1788866116293,122.9,468.65,0.169,10500.299413,1,-26.58,-0.3,False,False,False
0x7611353e3160d38abfd1b5b79ab7461c30ac026b,True,2000,686,322,364,46.9,1.25,5496.62,18,1771342359899,1779933878185,99.4,-3159.7,0.575,0.0,0,0.0,,False,True,False
0x762b778f8d78cb0c57557b8269062f29170e80f6,True,2000,778,355,423,45.6,0.32,-19526.37,40,1772307660054,1788719106843,189.9,-4713.3,0.241,332.177599,7,420.85,126.7,False,True,False
0x763dcffcd2cca0f88b049822e031a5275cc54e13,True,198,56,22,34,39.3,2.68,5392.31,1,1783949312156,1784922481422,11.3,2107.98,0.391,0.0,0,0.0,,False,False,False
0x765859aa2d00f05d5754bb279b5e7ec6358a7d7a,True,2000,1045,523,522,50.0,1.32,1833.55,74,1779484277974,1788785538502,107.7,374.06,0.204,0.0,0,0.0,,False,False,False
0x766ac7d3e608c23d88de52ab939f2855c10bad59,True,2000,894,269,625,30.1,1.01,128.15,1,1782301132881,1782580436818,3.2,1206.16,9.412,0.0,0,0.0,,False,False,False
0x767a04cae5ddee7960034595b60cf63810b8eaf4,True,2000,910,524,386,57.6,0.99,-359.44,10,1788015093221,1788645499683,7.3,-3612.55,10.051,0.0,0,0.0,,False,False,False
0x768eb175eb7ebc89077e6f78001798b14d546101,True,2000,827,645,182,78.0,2.05,6380.57,15,1788233223756,1788878983144,7.5,-1279.9,0.201,88.99356,1,-0.73,-0.8,False,False,False
0x76b9b159d11291ae0b9ddfd38cd04e7a82e7e969,True,2000,950,501,449,52.7,1.06,502.18,2,1774553104627,1776452013176,22.0,-398.32,0.793,0.0,0,0.0,,False,False,False
0x76c9074bd127a6213613b9afc12e31c1664fbac5,True,509,235,122,113,51.9,0.95,-756.28,30,1731086408054,1787153267184,648.9,-4158.26,5.498,0.0,0,0.0,,False,True,False
0x76d7ba7798b815a85191de72f93a58d84fc1c727,True,2000,1074,406,668,37.8,1.18,6511.88,5,1779246992752,1779801412836,6.4,2595.73,0.399,0.0,0,0.0,,False,False,False
0x76f09502a0828b72992963eb9c16457d489ad052,True,2000,994,186,808,18.7,0.52,-7210.35,5,1781649210025,1788513703429,79.5,882.85,0.122,659.511494,0,0.0,0.0,False,True,False
0x770ae50b1e41608a5a2c0b5fb4a78b3e23e0b501,True,2000,1001,566,435,56.5,1.86,46526.61,19,1753803265885,1781564470368,321.3,20048.75,0.431,0.0,0,0.0,,False,True,False
0x771be4dc3dee10f6c999ff564c8f565df3b03de7,True,2000,1835,188,1647,10.2,0.01,-32108.16,1,1774688774901,1774750570228,0.7,-1445.33,0.045,0.0,0,0.0,,False,False,False
0x77386a273e64102b8b9dc760fcd8172d09d33c28,True,2000,767,592,175,77.2,0.84,-604.73,14,1784234167428,1787153265158,33.8,-1198.87,1.982,0.0,0,0.0,,False,True,False
0x775a74163592917c12be68749a6906944467fe45,True,925,367,220,147,59.9,0.99,-963.07,6,1734624804681,1787750227282,614.9,-24177.26,25.104,157097.895736,1,26028.96,16.6,False,False,False
0x776d7940fb44e21ebb0425109281ff6a21eea261,True,1410,685,404,281,59.0,1.15,6321.86,18,1779016776545,1788506274276,109.8,10640.7,1.683,7562.03629,1,2335.43,30.9,False,True,False
0x777db6398e7d14c350b16c771a3da67e88cee5d5,True,2000,827,390,437,47.2,1.13,1910.63,2,1785644295265,1787624126411,22.9,4160.32,2.177,0.0,0,0.0,,False,False,False
0x7798ba9512b5a684c12e31518923ea4221a41fb9,True,2000,1090,519,571,47.6,0.09,-118361.69,40,1787153257795,1788827283378,19.4,-8976.58,0.076,165.583606,3,23.2,14.0,False,True,False
0x77b6ab0572b43710ff06cd4d9d18f28eb22a5139,True,733,355,138,217,38.9,0.15,-4796.77,7,1787458218658,1787933183210,5.5,-1061.72,0.221,0.0,0,0.0,,False,False,False
0x77d0dce4286022ad5ebd171f6e3a5d6ac629f1ab,True,2000,2000,2000,0,100.0,inf,547734.04,1,1786390304215,1786689371011,3.5,861.22,0.002,0.0,0,0.0,,False,False,False
0x77ec040154583286586e88bd53de4d466f72514f,True,2000,1054,415,639,39.4,0.75,-56175.5,3,1769282008690,1783451934042,164.0,-43516.67,0.775,0.0,0,0.0,,False,False,False
0x77fee2df7bad4f1db93052fa82bf78eaab771a16,True,2000,1164,199,965,17.1,0.27,-178621.73,8,1783963902926,1788875547604,56.8,15255.12,0.085,158982.520961,6,-86574.3,-54.5,True,True,False
0x7812c1c1803821a418a088bb3a523fdd63e5a512,True,2000,973,746,227,76.7,1.04,231.31,6,1779241747402,1782334238320,35.8,-1020.02,4.41,0.0,0,0.0,,False,True,False
0x781da72af1060132c4bce55ce91b1a8553271b6e,True,2000,1070,685,385,64.0,0.21,-206756.48,6,1782881558280,1787296850738,51.1,-23969.48,0.116,8867.8,0,0.0,0.0,False,True,False
0x782880ed751aec786eb67cabd56e0c6c9a6a88a2,True,1752,579,393,186,67.9,2.32,6684.76,29,1758722376572,1788874869242,349.0,1550.7,0.232,21309.051957,3,181.87,0.9,False,True,False
0x7833f423ccbbfdcb03e871c3db4795bafc8aefb8,True,93,57,46,11,80.7,2.81,966.05,4,1773360756967,1773947432335,6.8,281.95,0.292,0.0,0,0.0,,False,False,False
0x7847531fb47d1c4ee244eea6fbb2ecbda5537647,True,2000,814,432,382,53.1,0.45,-6707.24,4,1786809842725,1788878714757,23.9,-662.62,0.099,4611.275048,1,-453.5,-9.8,True,True,False
0x7856627eb001fc76f35239419919525c79751688,True,993,492,153,339,31.1,0.25,-52827.79,51,1695052072867,1788525109937,1081.9,-10914.86,0.207,0.0,0,0.0,,False,True,False
0x78721f426f66fbe267257603da2194ac244640cd,True,2000,959,57,902,5.9,0.33,-2145.5,21,1757654988981,1788133563371,352.8,-995.69,0.464,0.0,0,0.0,,False,True,False
0x7887322aa2d904ef5c97d1340b17451afd82ec96,True,665,272,207,65,76.1,6.13,14936.82,2,1776042537226,1776129560867,1.0,1086.89,0.073,0.0,0,0.0,,False,False,False
0x78a0d4a3522fc67defef0573ffb6738aaa20add1,True,772,394,260,134,66.0,2.41,51274.11,11,1739097326703,1783924407872,518.8,27794.4,0.542,0.0,0,0.0,,False,True,True
0x78be62211e5bf772397cdf0cf12fcdfa2eb49879,True,2000,948,633,315,66.8,1.31,10909.68,11,1778842815631,1788853835160,115.9,-3226.75,0.296,8776.96,2,1506.37,17.2,False,True,False
0x78dcfb97b85b83b92c1b1a2d91b4e6cd03a4e120,True,2000,856,481,375,56.2,0.48,-52738.55,68,1782935517067,1788697901293,66.7,-4845.03,0.092,14316.065251,17,-3743.75,-26.2,True,True,False
0x78ffa586f90d6bafa7ab7a08a51cbcdeffe74394,True,2000,838,589,249,70.3,1.32,1619.23,24,1781301323845,1782840495516,17.8,-639.64,0.395,0.0,0,0.0,,False,True,False
0x791585775299e84cbe236d2158756c37554c4cc6,True,2000,1358,808,550,59.5,0.49,-8409.64,8,1778300733188,1786643487176,96.6,355.83,0.042,0.0,0,0.0,,False,True,False
0x7933481da364d5cc3151c22154a0295703765ac9,True,2000,965,569,396,59.0,1.96,34882.99,5,1771907517749,1788666004586,194.0,42206.15,1.21,23710.014035,1,1352.64,5.7,False,True,False
0x7946632863fbb0a914b3c0e5f74e1c3c98ca64df,True,2000,770,365,405,47.4,1.45,5076.48,26,1772262353230,1780220003167,92.1,1815.85,0.358,0.0,0,0.0,,False,True,False
0x79603115df2ba00659adc63192325cf104ca529c,True,2000,901,447,454,49.6,0.63,-3456.08,41,1771425336100,1788760815351,200.6,-1036.87,0.3,6733.31044,0,0.0,0.0,False,True,False
0x7974d4c762a377d76e44ebd55f9ab6066ba7ac89,True,2000,1056,307,749,29.1,1.46,23751.59,21,1784325635356,1787926474175,41.7,7226.51,0.304,103879.167652,3,35898.47,34.6,False,False,False
0x798d2b236660d1ed7e3bcb16e6e8521b1bc1cf24,True,1090,456,248,208,54.4,0.83,-1561.1,8,1708013821494,1777242731445,801.3,-520.75,0.334,1e-06,0,0.0,0.0,False,False,False
0x79a2b3debefacc1f4a76249e7b1b54e57392dd3b,True,2000,907,547,360,60.3,0.6,-19415.67,44,1737907311052,1788105523446,581.0,3129.93,0.161,27130.083808,1,-36580.17,-134.8,True,True,True
0x79c26b3468fea1ca206c918758d978ca9079bd39,True,2000,827,405,422,49.0,2.17,15378.51,11,1787805305165,1788828781903,11.8,3585.41,0.233,0.0,0,0.0,,False,False,False
0x79d2707f6307fca7628fc4ef81ccd54a96e29237,True,955,450,275,175,61.1,1.64,29940.56,9,1756062380393,1788846174256,379.4,10795.22,0.361,0.0,0,0.0,,False,True,False
0x79e9df718319d1d3fa94c3d329a7a2632648e26b,True,1470,675,345,330,51.1,0.43,-10772.69,27,1787568278707,1787752274399,2.1,-3156.09,0.293,0.0,0,0.0,,False,True,False
0x7a18164038bac93ecb7e53e6416b01b34aff0595,True,2000,532,371,161,69.7,0.8,-2209.31,1,1782824134762,1787213273866,50.8,-887.06,0.402,0.0,0,0.0,,False,True,False
0x7a26c8c737efabf5b4edbf4938a6fa9224aa3ac8,True,521,257,254,3,98.8,780.83,16183.06,1,1787326736839,1788875332316,17.9,1117.44,0.069,50555.633838,0,0.0,0.0,False,False,False
0x7a38793dd3d879a96ca168414694ffb073ebdd1c,True,2000,919,528,391,57.5,1.8,6417.51,18,1750349194043,1788653023940,443.3,633.79,0.099,27383.718897,0,0.0,0.0,False,False,False
0x7a51ce9751493a2448c3ebc76667c6e7cf27900d,True,2000,1235,759,476,61.5,26.49,273254.71,2,1788268405045,1788555635040,3.3,9768.31,0.036,1669402.569598,0,0.0,0.0,False,False,False
0x7a6d5fc57f6906f337c48fe2763c3a501304f79c,True,2000,912,211,701,23.1,0.06,-36722.29,13,1788710271016,1788877869128,1.9,-2334.66,0.064,1701518.684448,16,-1286075.62,-75.6,True,True,False
0x7a830fcb74d097363133c88c8155de571b3c61ba,True,2000,940,480,460,51.1,0.91,-2217.69,25,1780682584948,1784738637913,46.9,-1935.92,0.873,0.0,0,0.0,,False,True,False
0x7a911612bf603c64a89981fd69941970c187b874,True,2000,363,108,255,29.8,0.93,-568.47,15,1778672656614,1788307200047,111.5,-428.93,0.755,31209.638287,2,28518.34,91.4,False,False,False
0x7a9f3a323dbeefecded2432e00cc2e53bfdf9977,True,2000,1560,0,1560,0.0,0.0,-32409.36,2,1788851388290,1788879008248,0.3,-33.72,0.001,7903.672311,3,-29741.61,-376.3,True,False,False
0x7ab129978091dee65a319c5fc728818d73221999,True,2000,1588,1232,356,77.6,6.05,69309.48,16,1754827357699,1787616000004,379.5,6591.55,0.095,0.0,0,0.0,,False,True,False
0x7ac0db5dfa7d1dc7d1901b9ad50e8bb1813b140e,True,2000,693,456,237,65.8,1.18,31735.15,7,1731198035001,1787860276827,655.8,-35903.78,1.131,26645.917661,1,331923.57,1245.7,False,True,False
0x7ad9ecd7940b6a49119b6ce4b14bec6c4dbd36fd,True,2000,1023,144,879,14.1,1.17,2647.02,51,1751807309479,1787228192598,410.0,5698.8,2.153,367.571603,1,-305.53,-83.1,True,True,True
0x7afb4f0f79c1c4f335f77f8e7898422ecbf6d569,True,464,248,98,150,39.5,0.58,-5625.62,9,1770581727326,1788242192008,204.4,-764.14,0.136,0.0,0,0.0,,False,False,False
0x7b2d311e0f98f0979810d19baeb18a21d7905be2,True,2000,1134,451,683,39.8,0.97,-430.92,15,1782736279068,1787825153481,58.9,-1307.33,3.034,0.0,0,0.0,,False,True,False
0x7b451683339bbe92f5c8fdad22dc6df17c5f80b4,True,218,71,44,27,62.0,0.4,-10001.74,5,1763347587197,1781492387682,210.0,-11899.2,1.19,0.0,0,0.0,,False,True,False
0x7b58abb815267320192e9b243a78e018df66676c,True,2000,1091,1066,25,97.7,45.18,9727.02,7,1788121322256,1788879306773,8.8,-85.66,0.009,0.0,0,0.0,,False,False,False
0x7b72875cd6af0346f637e696fd462c40b6098e2d,True,1391,677,544,133,80.4,4.78,12355.09,4,1776944852784,1788440035542,133.0,1114.9,0.09,14599.179547,1,-953.3,-6.5,True,True,False
0x7b8529dfd37b7483faae2bfd3051a52b32e9a23b,True,2000,954,729,225,76.4,5.36,94395.77,13,1766981035799,1788167263249,245.2,1360.5,0.014,26068.382576,5,-4232.42,-16.2,True,False,False
0x7babd703286d9310efa6cb667c533330df9593fe,True,756,197,71,126,36.0,0.51,-9326.35,12,1733128762252,1788701095295,643.2,-2371.66,0.254,1973.581813,1,-3633.75,-184.1,True,True,False
0x7bc021e6e6d54845fdeb9d0eba5194ad86801217,True,2000,1050,413,637,39.3,0.21,-16353.28,5,1781870362461,1787974765459,70.7,-2026.5,0.124,0.0,0,0.0,,False,True,False
0x7bedd1556856ee82d0c11ea82c4825c7a7b046f3,True,2000,734,300,434,40.9,1.71,39614.74,12,1785228837528,1788876130105,42.2,5176.35,0.131,0.0,0,0.0,,False,False,False
0x7bfee91193d9df2ac0bfe90191d40f23c773c060,True,2000,844,410,434,48.6,1.33,679.11,14,1788840002595,1788879364027,0.5,-205.77,0.303,1289.65746,1,-1118.56,-86.7,True,True,False
0x7c1c55c794503753d5e173a26d4bcbafc95e4b44,True,2000,828,348,480,42.0,0.56,-50800.19,23,1753347729850,1777332760602,277.6,-9694.88,0.191,0.0,0,0.0,,False,True,False
0x7c3a3f6d3c394db11f91304f400330e438b8bc69,True,442,120,47,73,39.2,1.82,429.77,11,1775617519439,1788790485293,152.5,217.72,0.507,715.224423,2,126.89,17.7,False,True,False
0x7c542bc686c47e7f6f77dc807024540085343e21,True,2000,912,595,317,65.2,1.53,8019.75,20,1787364369990,1788822322525,16.9,751.49,0.094,46125.87,6,-15073.06,-32.7,True,False,False
0x7c64e0ce62afcb370dfdd4c3b478a7a00b6cc43e,True,589,314,56,258,17.8,0.52,-8524.35,1,1782805887823,1787369482428,52.8,-6056.31,0.71,0.0,0,0.0,,False,False,False
0x7c6bf9003ae3ba366883f63a28c4f3fd6a5958a0,True,2000,936,681,255,72.8,0.22,-220815.9,6,1780393729650,1780674105747,3.2,-30089.23,0.136,0.0,0,0.0,,False,True,False
0x7c7b412019186684b51bdd98d4cbc33ccf1eee7d,True,2000,1070,390,680,36.4,0.34,-8397.66,8,1787907381313,1788443486111,6.2,578.56,0.069,0.0,0,0.0,,False,True,False
0x7ca165f354e3260e2f8d5a7508cc9dd2fa009235,True,2000,1041,296,745,28.4,1.12,4681.31,2,1788766813813,1788879405042,1.3,2161.83,0.462,3759549.418735,1,-4017.53,-0.1,False,True,False
0x7cb42a9fd91d7f2b506de9205254e41bede28439,True,2000,1438,952,486,66.2,0.84,-2612.0,13,1788600430799,1788855527481,3.0,3124.51,1.196,321484.052014,3,68326.31,21.3,False,True,False
0x7cd5563c4251c87b8c5ab963c823f70a23c22f46,True,2000,952,456,496,47.9,0.15,-305040.48,2,1785851410632,1787301097012,16.8,-28416.86,0.093,0.0,0,0.0,,False,False,False
0x7cf9f8d8015f76b21c0b7be1b7c2293ceeda09bc,True,2000,1118,623,495,55.7,1.37,791.92,36,1786762856326,1788876077567,24.5,312.94,0.395,12816.485372,35,663.72,5.2,False,False,False
0x7d1b83338a5af6f7689bb585d900b6debe071cc5,True,2000,884,390,494,44.1,0.61,-7717.01,9,1787456663731,1788875928146,16.4,-1100.74,0.143,2527.043906,1,161.57,6.4,False,True,False
0x7d2a669340c2a58dc6883f059b6b0240352358c1,True,2000,979,514,465,52.5,0.75,-8299.15,53,1760440651110,1788878715150,329.1,-4248.37,0.512,1793.760839,1,38.33,2.1,False,True,False
0x7d54a6772903c4f45f05c9b4e89f1dd2a0f52794,True,2000,704,245,459,34.8,3.43,411979.87,5,1780862796496,1787322570003,74.8,32028.22,0.078,5161066.675481,1,1794372.05,34.8,False,True,False
0x7d6785068887e9a76fa84a830ca92873fdbbcaa6,True,2000,971,762,209,78.5,1.07,4765.88,5,1783539877204,1785764481959,25.7,-6186.98,1.298,0.0,0,0.0,,False,True,False
0x7d931845273fc84af7d8825f0245560e230660fb,True,2000,1066,484,582,45.4,0.65,-2214.35,20,1777572002488,1778246184484,7.8,-663.27,0.3,0.002034,0,0.0,0.0,False,False,False
0x7da9487bd13ca6422fc4147c1e1c75bbedb2f2e8,True,1021,508,218,290,42.9,1.64,10356.9,12,1763739645626,1788631213136,288.1,3213.0,0.31,5785.5701,2,1997.82,34.5,False,True,False
0x7db7e52c4383bc58f43a0b27757071d09470ae03,True,2000,968,351,617,36.3,0.61,-3581.03,17,1781841623029,1785992640439,48.0,-446.78,0.125,0.0,0,0.0,,False,False,False
0x7dd6af227362f4115e060f39c00791ffcf4230d8,True,2000,869,622,247,71.6,6.07,550680.8,27,1737362416376,1788450627660,591.3,52027.47,0.094,19465.769018,6,94669.44,486.3,False,True,True
0x7de3f057fd9bac14703dc2d651e911dc76259051,True,619,327,113,214,34.6,0.32,-106842.34,14,1732356718116,1780909001960,561.9,-18497.67,0.173,0.0,0,0.0,,False,True,False
0x7e04b6f39d8db63af068ced4afb7ace3b4f354fa,True,2000,989,612,377,61.9,0.32,-173062.05,40,1749676519808,1783382400045,390.1,-17342.61,0.1,0.0,0,0.0,,False,True,False
0x7e19c25679a5f4cc1351e80d428ebe6df929adb1,True,2000,1001,486,515,48.6,1.34,15417.49,14,1785197550728,1788830987674,42.1,7780.74,0.505,45917.269889,4,139842.39,304.6,False,False,False
0x7e284cd07d84874915f412bc8f1c28c4c7ed1bb8,True,594,260,161,99,61.9,2.7,2774.13,21,1769588606009,1788053904559,213.7,995.89,0.359,0.0,0,0.0,,False,False,False
0x7e470559b1383d2c50e61a7c07c09ccc454a55cd,True,1001,445,370,75,83.1,0.73,-3708.23,21,1766480487756,1788857140556,259.0,-3738.82,1.008,1254.855895,3,-257.78,-20.5,True,True,False
0x7e60b2ffabe338e43e915146beab5decc1596ed0,True,2000,993,275,718,27.7,0.15,-44.33,21,1786294603399,1786438138078,1.7,-2.76,0.062,0.0,0,0.0,,False,False,False
0x7e852343bfb6fae0fde911db16c8fcdca3b43bfd,True,1154,631,243,388,38.5,0.41,-12304.9,5,1782753561676,1787321505425,52.9,-1465.66,0.119,0.0,0,0.0,,False,False,False
0x7ea0436e9acfcc86110a637ee30cc3590ed6cb0d,True,2000,1343,595,748,44.3,0.84,-465.23,13,1749873781804,1788563391993,447.8,311.8,0.67,90.992398,1,17.44,19.2,False,False,False
0x7eaf2d4d87452f06bb6af45bf03c1913b415dfd6,True,2000,1211,1084,127,89.5,2.87,23835.98,27,1781730637236,1788525011012,78.6,-5104.56,0.214,7211.588969,4,-24025.11,-333.1,True,True,False
0x7ec49c3eb939964b3b0e19eda175102670624ad9,True,2000,921,579,342,62.9,2.37,25153.28,39,1770248110800,1788712600281,213.7,-2037.47,0.081,757.5,0,0.0,0.0,False,True,False
0x7ee699e0a6990d3362dedc43b78636c9f8b56b51,True,2000,1179,497,682,42.2,0.12,-359902.21,1,1781015032445,1781199162563,2.1,-21861.09,0.061,0.0,0,0.0,,False,False,False
0x7ef2f7af07a2185465875c1fc099f8a8e38a84cd,True,2000,1098,889,209,81.0,1.18,2274.39,10,1783498480013,1788874372545,62.2,-1823.69,0.802,1410.906368,2,627.64,44.5,False,True,False
0x7f0759cb20de8c7a996db6f6c12b33314d0379c3,True,2000,989,613,376,62.0,0.7,-9062.07,28,1761626060382,1787533145785,299.9,-2044.12,0.226,6439.626823,2,8420.01,130.8,False,True,False
0x7f1938ceb2b7ad7e33299171377faf4fce721443,True,1334,615,459,156,74.6,1.6,5745.76,73,1699438742032,1788451969832,1030.2,4999.92,0.87,351.364466,1,-58.96,-16.8,True,True,False
0x7f1e97d8eb3ddb8659cb59d611becc438f89b7a2,True,2000,890,490,400,55.1,4.41,131339.55,29,1778788519037,1788768980925,115.5,11795.24,0.09,30741.105149,4,2577.26,8.4,False,False,False
0x7f326ea697ef0dd2bbd628b62f569017c1d43fcb,True,2000,877,180,697,20.5,0.94,-495.2,6,1775117025007,1782228774124,82.3,712.9,1.44,62.685397,0,0.0,0.0,False,False,False
0x7f4b21ce195f292cc454d168112534f0b22a2be1,True,2000,1136,742,394,65.3,2.96,43302.04,6,1772822236502,1787155393159,165.9,-4088.54,0.094,0.0,0,0.0,,False,False,False
0x7f5f8d98b02f76c65fe91a0c6d6593713e326ebe,True,496,248,209,39,84.3,1.77,6569.95,2,1759884910408,1778024293680,209.9,2634.49,0.401,0.0,0,0.0,,False,True,False
0x7f72d8e4d53a9acc52e40c01d504c9ed7099b512,True,1592,767,279,488,36.4,0.5,-50867.4,19,1735841324687,1788277717396,606.9,-9808.34,0.193,7564.321102,1,-165.0,-2.2,False,False,False
0x7f8685c0b85cd71833f3d363468f3252c69d9ab0,True,386,212,0,212,0.0,0.0,-5067.32,1,1778100649966,1778343416155,2.8,-494.35,0.098,0.0,0,0.0,,False,False,False
0x7fa5a542867a7779abf6224749e7f394e1eb057e,True,658,381,110,271,28.9,0.02,-9879.98,39,1749686778749,1788845132623,453.2,-1341.05,0.136,0.0,0,0.0,,False,True,False
0x7fb2e3ee2cacf71fac2f7aec0037de34fa915b2d,True,2000,974,582,392,59.8,3.08,30829.34,32,1720889528840,1787908190114,775.7,4751.62,0.154,0.0,0,0.0,,False,True,False
0x7fc2c0a6917274fba820f0768133a2d3c8a74651,True,2000,1113,737,376,66.2,1.03,291.49,45,1774175641454,1779051463695,56.4,-1216.92,4.175,0.0,0,0.0,,False,True,False
0x7fe23b29085dbd51aa43b6000a38afb0f10712cb,True,558,379,344,35,90.8,17.03,2640.33,8,1756046692916,1780606486333,284.3,205.19,0.078,0.0,0,0.0,,False,False,False
0x7ff5cdec2765d5c581d820eb371a79d9bc3819a5,True,78,44,44,0,100.0,inf,873.51,1,1780243396850,1780244514828,0.0,95.6,0.109,0.0,0,0.0,,False,False,False
0x80196a7475464e06de641df6c66e6e278cd364d5,True,2000,1191,460,731,38.6,2.21,16191.91,4,1788822275026,1788879690497,0.7,3164.61,0.195,809925.178456,3,-20337.16,-2.5,False,True,False
0x8038f072d9c4df90d7aa6c72a698cdb9046192f4,True,2000,888,326,562,36.7,0.54,-27101.25,8,1780814461264,1787538508740,77.8,3594.95,0.133,0.0,0,0.0,,False,False,False
0x8041f1084c86a1f96b6f98a6219a018139cd68c8,True,2000,805,316,489,39.3,0.59,-3087.27,56,1777813801602,1780380004834,29.7,-1334.69,0.432,0.0,0,0.0,,False,True,False
0x80504bbffcbbbf2df3ceb36b59841057ea2333b0,True,2000,1111,699,412,62.9,0.79,-4646.03,23,1766113669784,1787841564325,251.5,-2358.09,0.508,0.0,0,0.0,,False,True,False
0x807911ee05ff443d84667e83a771a313e8c73951,True,2000,949,348,601,36.7,2.81,24147.06,22,1787742944141,1788875492190,13.1,2385.38,0.099,125356.296552,5,15054.68,12.0,False,True,False
0x8085b7859c8028fd83c955832ae3d36d733d9ba4,True,131,62,48,14,77.4,0.74,-442.83,1,1783517211311,1783715394100,2.3,763.79,1.725,0.0,0,0.0,,False,False,False
0x80a1ea9cc1b862182fda8280296cc6ffe716c8cd,True,2000,818,556,262,68.0,0.45,-38437.28,17,1764689246589,1788292100146,273.2,-21271.54,0.553,0.0,0,0.0,,False,True,False
0x80b6796d8781c49a6f4f27bff79b5388ddfb278b,True,2000,560,375,185,67.0,6.62,133076.18,17,1788106691281,1788879672852,8.9,29840.28,0.224,757176.441424,14,110079.26,14.5,False,False,False
0x80d48372c7802eec1659991537461b1a78aed93c,True,2000,1165,429,736,36.8,0.58,-43164.37,46,1780603664424,1788739756382,94.2,-3835.68,0.089,35991.201943,8,12440.91,34.6,False,True,False
0x80ed32cc82bce919211d2a9a7dd16b16be5d8b86,True,103,52,25,27,48.1,0.78,-944.1,3,1779483269512,1787166920061,88.9,1529.51,1.62,0.0,0,0.0,,False,False,False
0x810a598f085460c77ebf1fe4492707f7c6cdc271,True,1054,610,349,261,57.2,4.04,95940.93,11,1769852006969,1788457664219,215.3,15140.19,0.158,2791.483157,1,7860.7,281.6,False,False,False
0x81170c45d023f094851a539019d0843be708e6d4,True,2000,1142,418,724,36.6,0.79,-9284.66,10,1779477042881,1788796336817,107.9,-6161.63,0.664,0.0,0,0.0,,False,False,False
0x811f59abf9f115f34c34a85a3e894025dc15380b,True,2000,1003,674,329,67.2,1.38,1325.81,12,1786973336245,1788875371497,22.0,-291.3,0.22,1677.16369,5,-1223.41,-72.9,True,True,False
0x8137d2fe186c8eed648739fb48f2dff9857e743f,True,2000,1098,184,914,16.8,0.05,-12809.53,3,1780007541884,1785974101051,69.1,-901.95,0.07,0.0,0,0.0,,False,False,False
0x814f4712868cdaffedfeb0825bafbc11d17c53de,True,245,111,54,57,48.6,2.44,1869.04,7,1780341365995,1781284911141,10.9,1023.56,0.548,0.0,0,0.0,,False,False,False
0x816b8dd5f08543d7486a4ec075979a263d14ec51,True,2000,834,797,37,95.6,7.42,71427.74,2,1780268215690,1788877160364,99.6,10614.76,0.149,12863.874674,1,1038.0,8.1,False,False,False
0x8180902dad7f4c1953770ab40d3b6f03cc56012f,True,2000,1559,1072,487,68.8,1.08,827.79,8,1788754226745,1788879689805,1.5,-589.16,0.712,332.095392,1,36.26,10.9,False,False,False
0x8194b74589b3ed08ce5c3fed0aeb87135a57ee27,True,2000,956,592,364,61.9,0.87,-3999.32,3,1781271839600,1788722354690,86.2,-2845.91,0.712,0.0,0,0.0,,False,True,False
0x81a5675802fd23ca4e39548e9ea3cecdfded827a,True,2000,921,566,355,61.5,1.79,28296.88,5,1765147088092,1788738701062,273.1,-9265.33,0.327,42203.268929,1,-45028.49,-106.7,True,True,False
0x81bb5eabf093627738b04b07579d7271efff73c2,True,2000,1067,269,798,25.2,0.27,-44788.51,14,1767104384479,1783932020265,194.8,-4172.07,0.093,0.0,0,0.0,,False,True,False
0x81c9ac8d5ebf5fd27e6e2611d1204dce585db486,True,2000,1006,773,233,76.8,12.32,120634.14,7,1773833727902,1774534466746,8.1,19390.61,0.161,0.0,0,0.0,,False,False,False
0x81eb636df9972ec0ee7d9b56904a7eb06684ebaf,True,2000,841,397,444,47.2,0.6,-3282.44,1,1787303278237,1788285197758,11.4,-755.99,0.23,0.0,0,0.0,,False,False,False
0x81f6b887657b679d9e23153ffcd703e111010240,True,2000,1198,889,309,74.2,3.31,1993.9,2,1788295760201,1788605340761,3.6,91.87,0.046,0.0,0,0.0,,False,True,False
0x8215c41a5d7cc0552807b37585bf6e91fdc307d8,True,2000,737,332,405,45.0,1.5,9252.04,30,1787300173699,1788879709200,18.3,1577.46,0.17,11915.774513,15,1380.5,11.6,False,True,False
0x822190124d490288eeb527144566834a6019c273,True,2000,849,444,405,52.3,1.06,600.43,7,1783086827465,1788879001150,67.0,-1804.51,3.005,1678.862154,1,278.28,16.6,False,True,False
0x8245979190a2072ba603fb7bafbf38722967fcc3,True,712,270,167,103,61.9,1.63,4479.34,9,1774206707752,1788800921217,168.9,1036.78,0.231,0.0,0,0.0,,False,True,False
0x8259388ebf28bd71d30d0d04cd66287656685a05,True,2000,1051,304,747,28.9,0.77,-8429.65,18,1778284536972,1781126027497,32.9,2491.31,0.296,0.0,0,0.0,,False,True,False
0x8280e1d29b5dfb5202e9e8e49b2269cccf363619,True,686,337,159,178,47.2,0.6,-11811.74,2,1759662409537,1787340158630,320.3,-6265.1,0.53,9090.680433,1,-2407.97,-26.5,True,False,False
0x8297915808564e036e9596e939381fc9c7779fee,True,2000,635,312,323,49.1,0.64,-11576.72,23,1783649256239,1788645258636,57.8,7731.0,0.668,314.849792,1,-699.79,-222.3,True,True,False
0x82b611f90ef96d5fca778b101c530401a77dfd46,True,636,337,139,198,41.2,0.21,-7620.78,8,1738344645657,1784549798020,534.8,-4027.91,0.529,0.0,0,0.0,,False,True,False
0x82c4426b73929c9b2a373b3a902ae7471abf0914,True,2000,1414,423,991,29.9,0.38,-58564.73,14,1787685445917,1788114031714,5.0,-10969.03,0.187,42414.14705,0,0.0,0.0,False,True,False
0x82d88871b5b7e9b1e78fbdea26ec916a384a8384,True,2000,961,332,629,34.5,0.62,-14268.07,23,1764162838674,1788846443222,285.7,-2489.85,0.175,0.0,0,0.0,,False,True,False
0x82e97dc71a9637036d4b59ff87e7c9817fdad5f3,True,2000,929,574,355,61.8,0.91,-1292.16,10,1777014046524,1788675669197,135.0,706.44,0.547,6840.323673,0,0.0,0.0,False,True,False
0x82fa32993fff3bc87777136d28935b9e89a6195d,True,2000,900,517,383,57.4,1.28,1168.5,74,1767399271655,1788436745746,243.5,424.01,0.363,0.0,0,0.0,,False,True,False
0x830c7e4f9ffe63c13e4abcc9c3cf23d3836eef37,True,2000,853,521,332,61.1,1.76,1317.02,4,1787942963808,1788645711911,8.1,222.96,0.169,0.0,0,0.0,,False,False,False
0x8326b0bdd72efed1b036e5feaec931fd3ad63e75,True,1025,598,540,58,90.3,7.5,27399.28,3,1774022681840,1782483306755,97.9,-1742.53,0.064,0.0,0,0.0,,False,False,False
0x833b99b27dac651d02080f5e220e929df891db06,True,2000,742,445,297,60.0,0.75,-3559.82,4,1788552284707,1788879282841,3.8,-2175.2,0.611,602193.02769,3,-74528.32,-12.4,True,False,False
0x8350b406e8af1a4b6f88a410eaaef1fd5e8686f8,True,2000,656,398,258,60.7,0.58,-14189.7,51,1772629775932,1788879913777,188.1,-7149.74,0.504,1666.233122,6,10.8,0.6,False,True,False
0x836d8fdcbffbe0f100bc7f833624aebf2c8d0996,True,719,320,315,5,98.4,26.63,11049.3,6,1772514336795,1781136000009,99.8,758.2,0.069,0.0,0,0.0,,False,True,False
0x837686cfda8a79adfb8465d39240c54166bf9a1e,True,2000,686,343,343,50.0,1.09,122098.35,9,1754715976087,1788293668701,388.6,494054.67,4.046,466116.667613,6,-228923.33,-49.1,True,True,True
0x839613884cca7e239f4d0df3732eb5dc09f7ae04,True,2000,1040,517,523,49.7,0.85,-543.5,85,1785091092445,1788208031186,36.1,-130.64,0.24,0.0,0,0.0,,False,True,False
0x83b1385d8126ecf64bfb3b4254d67eb9db753bcc,True,2000,952,353,599,37.1,1.06,4629.62,17,1780926562429,1787093722496,71.4,-10614.94,2.293,25980.832747,1,12561.33,48.3,False,True,False
0x83c67b00b41cb0ad141b61fa87496e5d62eadb64,True,428,222,222,0,100.0,inf,4090.8,1,1777623026971,1777777039415,1.8,1230.85,0.301,0.0,0,0.0,,False,False,False
0x83dc70d52a74e449318ea5e1773dd7167707b970,True,1686,838,325,513,38.8,0.99,-237.8,17,1774867994323,1787243830885,143.2,-2348.8,9.877,0.0,0,0.0,,False,True,False
0x83f16e8750a76d7c918c7fce91d7e1818619e850,True,216,129,66,63,51.2,0.68,-921.89,2,1787295811123,1788678776608,16.0,400.93,0.435,0.0,0,0.0,,False,False,False
0x8405627e47ca4f4f918c1de7012f4270f8812b8a,True,2000,874,379,495,43.4,0.24,-137828.95,10,1787375262049,1788874259351,17.3,-24232.77,0.176,70491.270059,2,-6845.07,-9.7,True,True,False
0x84142e664328547682f0b0b954138c001844385b,True,2000,884,531,353,60.1,1.48,3345.27,7,1764026218389,1787841533458,275.6,1088.28,0.325,0.0,0,0.0,,False,True,False
0x842909c677de27ee61b5cdada10ac34f5b6b7586,True,2000,987,601,386,60.9,0.65,-10938.65,18,1777718880170,1788732502751,127.5,-6808.8,0.622,1738.839524,1,82.58,4.7,False,True,False
0x843a08409f77cbdf61ae3c8d7100e9ca07467c56,True,2000,1067,626,441,58.7,2.69,5812.74,3,1778600787941,1778690249521,1.0,-192.94,0.033,0.0,0,0.0,,False,False,False
0x844c301bf54bbb248301250627e1c928a627cef9,True,2000,1059,485,574,45.8,1.49,1739.87,53,1779438543342,1782938402029,40.5,-167.91,0.097,0.0,0,0.0,,False,False,False
0x8476f34053c700949f6d152647c405451cc8459b,True,2000,935,290,645,31.0,0.51,-45280.39,11,1779249737969,1786462647922,83.5,-4716.17,0.104,0.0,0,0.0,,False,True,False
0x8482a8a7f81d88fa9e23323809a4c738e7910cc4,True,2000,942,451,491,47.9,4.25,25808.4,8,1787751173966,1788794733290,12.1,4539.17,0.176,95682.40356,2,-42963.26,-44.9,True,False,False
0x848fdf06b842ba4eee8f4c433d0eb78981a455e9,True,2000,823,411,412,49.9,0.75,-5986.23,3,1785252743800,1788870194320,41.9,-973.71,0.163,1529.446679,1,-168.06,-11.0,True,True,False
0x849c3c22a07c3654590183ff4fe2ddec580cc56f,True,2000,956,91,865,9.5,0.07,-395701.75,7,1774897187491,1787295779631,143.5,-17025.8,0.043,0.0,0,0.0,,False,True,False
0x84ae6857722f30a48037031696e4e20b7db62429,True,768,420,264,156,62.9,2.31,7261.13,15,1758522788267,1788660346442,348.8,1048.33,0.144,4774.030899,0,0.0,0.0,False,True,False
0x84bd36b4751df98ba8bec3b5f6c21874a52f10c4,True,136,83,30,53,36.1,1.54,143.01,3,1784583284810,1788738132789,48.1,114.43,0.8,0.0,0,0.0,,False,True,False
0x84d5c9e6a6944356a01ffc9728610227bd1a670e,True,2000,2000,1951,49,97.5,188.86,5577.85,113,1782124507922,1782146832124,0.3,45.87,0.008,0.0,0,0.0,,False,False,False
0x84dfe92ffeafe348f3694d5f3973f937f97f97f6,True,2000,1130,501,629,44.3,1.1,9868.21,22,1757119213171,1786536225297,340.5,19945.89,2.021,0.0,0,0.0,,False,True,False
0x850362c2fcfee55962be453e01a6c4d9b813276f,True,2000,1561,5,1556,0.3,0.0,-48402.26,1,1788774933618,1788880142518,1.2,-432.91,0.009,480101.725369,1,-6038.33,-1.3,False,True,False
0x8519eca5d17f0c92fe064981148e3158d524a857,True,2000,1018,836,182,82.1,1.35,12377.04,3,1788449714454,1788718777940,3.1,-21143.18,1.708,93431.305998,1,-49244.81,-52.7,True,False,False
0x8535de7d9c07feeb8bcbc10f072902cb81787c3b,True,2000,932,504,428,54.1,0.78,-1717.97,34,1762294819146,1788124133672,299.0,-598.0,0.348,393.266456,3,206.45,52.5,False,True,False
0x854b9d63fad3a8bf6dd73debbf2fe193699c775e,True,2000,1176,1056,120,89.8,15.24,31184.77,4,1788687844824,1788877148720,2.2,1353.9,0.043,148524.907387,3,-6170.6,-4.2,False,False,False
0x855b77fc563bb5a2c062b9ad3bdf7984883ee8b8,True,2000,553,62,491,11.2,0.02,-79169.66,4,1788604873891,1788865984198,3.0,-4506.34,0.057,86998.82451,1,32428.13,37.3,False,False,False
0x857a82a72422696936b839eec22b7cc408e585a9,True,1388,773,344,429,44.5,0.91,-580.93,10,1781593766549,1786376997018,55.4,-1121.07,1.93,0.0,0,0.0,,False,True,False
0x859b016021f6974f60a4ae71ab35d9c7d3e68ca2,True,2000,820,410,410,50.0,0.77,-7791.86,24,1770329973445,1788801388302,213.8,3900.66,0.501,20764.03051,2,8303.06,40.0,False,True,False
0x85b3f50e9d3e902123fa6d3469511029be7c51f2,True,2000,655,624,31,95.3,28.74,13600.24,28,1786019312127,1788872465866,33.0,1252.75,0.092,12697.818188,3,-1103.03,-8.7,True,True,False
0x85cc6f80b9c9ef21ac9f124fb5014c20b7f13cc3,True,1076,487,216,271,44.4,0.64,-42993.76,1,1725839874579,1783403793033,666.2,5553.6,0.129,1.989263,0,0.0,0.0,False,False,False
0x85df0debb5758a2f282a1aace604ea0cd6337665,True,2000,1969,1168,801,59.3,1.68,58100.66,25,1784023301603,1788877634178,56.2,8370.11,0.144,41932.5,1,34204.55,81.6,False,True,False
0x85e790c16d74d8bda3fa6af937d78fa32dac5a0a,True,2000,948,419,529,44.2,1.0,-131.22,2,1781535711500,1782953316753,16.4,-2471.96,18.839,0.0,0,0.0,,False,False,False
0x8606327821328039f5012274048fc2739cd1e514,True,563,273,105,168,38.5,2.76,2514.61,4,1766311887372,1788529958571,257.2,2006.25,0.798,0.0,0,0.0,,False,False,False
0x86210bfd1220bcc22a445c9c0261a8541ff6101b,True,742,227,115,112,50.7,0.7,-1442.79,3,1787632695124,1788525489073,10.3,-945.4,0.655,126703.177473,2,-86075.19,-67.9,True,False,False
0x863a8be1515f0e857d3bb96c988485988e79fd6f,True,2000,1217,1074,143,88.2,6.33,90633.38,3,1786688881054,1788874962947,25.3,10809.63,0.119,160199.458347,1,-9185.79,-5.7,True,True,False
0x8652a73c8c5d7b0e2d66bf548aef0b6f11c7c1eb,True,134,77,62,15,80.5,25.27,28004.76,10,1708859812401,1774621694034,761.1,8242.11,0.294,500.980608,1,88.93,17.8,False,True,False
0x865a8149f2f281e82a3282c36b29fd36c7caa357,True,2000,675,87,588,12.9,0.37,-1525.71,7,1780568399927,1786569514076,69.5,-110.88,0.073,0.0,0,0.0,,False,False,False
0x8678992985fb0c70578199565ab6a3025f6349ec,True,2000,997,539,458,54.1,1.44,2263.32,36,1775579566060,1788875080207,153.9,1180.1,0.521,0.0,0,0.0,,False,True,False
0x868ebf140f69c3bd412f39bb19056874eea92718,True,2000,923,354,569,38.4,0.54,-15701.77,16,1759460190411,1788875549276,340.5,-3022.75,0.193,0.0,0,0.0,,False,True,False
0x86b7e77331c235c92abcbd3987a58b9cd2f46f40,True,214,47,27,20,57.4,0.91,-1349.24,11,1752819551775,1786570977999,390.6,9101.61,6.746,1275.254411,1,231.86,18.2,False,False,False
0x86df2d5d5222ba511d9618a37dfdd890609d1462,True,2000,895,699,196,78.1,6.27,4921.82,16,1770311361567,1788877564293,214.9,671.53,0.136,848.510242,2,55.5,6.5,False,True,False
0x86e9dc6e70cc9276d37e9eaaa13b3ba5b4a9a85c,True,2000,1410,937,473,66.5,7.67,20330.68,10,1785505320633,1787546962578,23.6,340.92,0.017,3844.710182,1,-896.25,-23.3,True,False,False
0x8705543f39ae7f8c522fba0d65fb0d02588f38de,True,2000,965,570,395,59.1,1.42,5993.54,20,1780095272301,1788847065361,101.3,1941.6,0.324,4692.856618,2,59.12,1.3,False,True,False
0x871fe6fb3744abbc8911147e70bf41fbb0fa972b,True,2000,1295,518,777,40.0,0.43,-47667.32,6,1788153558953,1788478112941,3.8,-3166.34,0.066,85877.906874,3,-12445.35,-14.5,True,False,False
0x872ebee938a6da791eb0e6675cac6016b04c8155,True,2000,680,393,287,57.8,0.96,-382.12,37,1775203446228,1787390411457,141.1,-964.29,2.524,1321.629328,0,0.0,0.0,False,True,False
0x873e1c729a12658e4e3f39e927687e424967ccbf,True,2000,741,359,382,48.4,1.25,22558.66,3,1781252867096,1782172800019,10.6,-9353.18,0.415,0.0,0,0.0,,False,False,False
0x875430db3c48a60caa2f35a6f5fd904ae8ffec71,True,2000,853,432,421,50.6,2.04,21995.08,8,1779859926713,1788818401517,103.7,2472.52,0.112,0.0,0,0.0,,False,False,False
0x8766d3c675fcf49bfd6b16a1f21186cc7e9fcdb9,True,2000,1063,612,451,57.6,1.46,28012.71,16,1769711604557,1788878904458,221.8,9793.0,0.35,48923.410872,2,-4647.53,-9.5,True,False,False
0x8787f571d34ec76ec3d74604bf5d8ceac60d488d,True,1724,1034,820,214,79.3,3.43,79742.09,13,1776864701422,1788022874231,129.1,4575.51,0.057,0.0,0,0.0,,False,True,False
0x87a0dee820326c2cacbb37f54ff849db5fd3a5f9,True,2000,1156,529,627,45.8,0.87,-2157.24,8,1738336511712,1778231249087,461.7,-1569.84,0.728,0.0,0,0.0,,False,True,False
0x87aca8bdb32cb370bb7698935f0006dfd6898e6a,True,2000,1094,1053,41,96.3,21.28,10471.73,4,1741387112668,1777820659635,421.7,303.9,0.029,0.0,0,0.0,,False,False,False
0x87ceaa5c5a04487f27af003eab9b00eee54c44b6,True,2000,1040,345,695,33.2,0.55,-3328.41,12,1778771056997,1785222153409,74.7,181.12,0.054,0.0,0,0.0,,False,False,False
0x87de85dd01d4b5fed3419ca7e9f1597646148b06,True,1949,1031,982,49,95.2,14.45,39374.47,13,1756258261823,1786711349846,352.5,3750.68,0.095,0.0,0,0.0,,False,True,False
0x87f768a9c8e68b4fc5078ad983c5d524260c809b,True,2000,1033,662,371,64.1,0.58,-6666.55,20,1788501290010,1788871309589,4.3,-657.7,0.099,14665.194497,1,-1994.25,-13.6,True,False,False
0x880ad91eeb8da338c25cccb838a34e8ad050e0f9,True,2000,1070,68,1002,6.4,0.11,-95282.52,11,1782821123298,1788674555131,67.7,-21591.37,0.227,0.0,0,0.0,,False,False,False
0x88162f6fa3b54d74fb2e85e0fa0a994daa077d75,True,859,467,254,213,54.4,1.0,6.05,2,1775877143249,1782264723303,73.9,-1820.89,300.794,0.0,0,0.0,,False,True,False
0x882b51825750a0d5a0b2ce2ca410ad27c6ebd4b5,True,2000,946,329,617,34.8,0.45,-14981.58,19,1787914017176,1788877364745,11.1,3774.84,0.252,467.80518,1,0.99,0.2,False,True,False
0x88356b9c9939f52ff86e4a7e64f1cebcbd77ab56,True,630,266,202,64,75.9,1.54,10226.07,16,1745128311002,1788346279444,500.2,3761.41,0.368,0.0,0,0.0,,False,True,False
0x8841a644d6022f50be94874e87f7e0c932981f6e,True,1502,486,486,0,100.0,inf,47795.76,8,1787521136182,1788876197380,15.7,3740.69,0.078,102881.370552,2,-3220.98,-3.1,False,False,False
0x885989fd94d30c150e6eaf897090509bce4f6aa8,True,2000,1078,1028,50,95.4,33.51,313848.68,5,1781337081531,1787303044399,69.1,27225.83,0.087,0.0,0,0.0,,False,False,False
0x88696c4985f64ea1ebfb9e46c1b47197f7a244ab,True,2000,900,695,205,77.2,4.6,287945.58,2,1776022234489,1784973001762,103.6,22130.0,0.077,26218.963144,1,-21263.06,-81.1,True,False,False
0x888c63a315056ae73e0ad8140c8388dad29d4292,True,2000,931,431,500,46.3,0.84,-14925.36,78,1739145850194,1788786148588,574.5,-16760.94,1.123,0.0,0,0.0,,False,True,False
0x889f25fb79760cb044f02dc9d37a27cfe54a7cd0,True,2000,949,651,298,68.6,0.43,-77252.35,3,1781709969149,1787302663673,64.7,-18734.42,0.243,0.0,0,0.0,,False,True,False
0x88b33395d25960a0ec6db5459554c072f6e0c349,True,2000,942,382,560,40.6,0.88,-1350.5,12,1774042424116,1788067857573,162.3,-535.66,0.397,0.0,0,0.0,,False,True,False
0x88dfe32d47949052e0f01b69a8898ca87f6037eb,True,2000,1315,184,1131,14.0,1.34,2932.23,17,1778779083065,1782942303160,48.2,1469.18,0.501,0.0,0,0.0,,False,False,False
0x88f852c3e14f5684fc4b79e19dc9e3c8e4018d86,True,2000,1052,924,128,87.8,10.39,57017.83,4,1786640881618,1788877709465,25.9,1925.0,0.034,0.0,0,0.0,,False,False,False
0x891140a93bef082312952b48479a853e90952fc2,True,2000,1337,715,622,53.5,1.35,18219.25,22,1788035642038,1788880483192,9.8,-3909.99,0.215,190224.651914,12,-248378.07,-130.6,True,True,False
0x892b3a16548ded65c35859419ee7504528ae7225,True,2000,1184,588,596,49.7,1.1,2796.31,38,1770918093037,1788692025680,205.7,-1752.66,0.627,19090.401002,5,-8923.34,-46.7,True,True,False
0x8945f0a5c5521f68166f178ae34d4c9925cabb2e,True,950,256,102,154,39.8,0.2,-35357.67,20,1724442715375,1787387892461,728.5,-19973.73,0.565,0.0,0,0.0,,False,True,False
0x89544d5fbf3581c7fe66e9527140fab83fe2bffc,True,2000,982,459,523,46.7,0.79,-13000.5,15,1758811657815,1782310537950,272.0,5057.73,0.389,0.0,0,0.0,,False,True,False
0x89636bd66c3082f6e48175d75b9a485df07de77a,True,2000,925,712,213,77.0,4.97,200930.16,23,1760298776128,1788796325770,329.8,-9779.09,0.049,0.0,0,0.0,,False,True,False
0x897aea877e5a17a16269e84530bf2f5513f2dc2a,True,95,51,12,39,23.5,0.05,-1948.38,8,1783020069193,1785855699870,32.8,-509.61,0.262,0.0,0,0.0,,False,False,False
0x898e3690309a185829cc96f5c9bda514b44b15ce,True,350,134,60,74,44.8,4.4,7878.27,3,1776793361186,1780370986403,41.4,2865.9,0.364,0.0,0,0.0,,False,False,False
0x89a18cb34db232c032873b5cdad131ec286eb0bf,True,2000,995,594,401,59.7,2.15,55719.96,41,1782484234299,1788825600043,73.4,6460.73,0.116,0.0,0,0.0,,False,False,False
0x89a9efa0a0cc59b4b9a9d0d8c4b5ca846ce11ae9,True,2000,983,610,373,62.1,0.78,-9639.94,9,1785507606528,1788529807858,35.0,2359.47,0.245,0.0,0,0.0,,False,False,False
0x89ba174019831a386c9b65f8eaa6741f2364bb2a,True,867,471,196,275,41.6,1.72,6350.25,28,1732681577207,1776430144607,506.3,997.76,0.157,0.1,0,0.0,0.0,False,True,False
0x89d1224e88e039dec9c545117b833e0c97c9963e,True,2000,1356,534,822,39.4,1.25,38358.89,4,1775608787714,1778007094209,27.8,20593.21,0.537,0.0,0,0.0,,False,False,False
0x89e2c2bac76c4804c4a57661039fbc35338159c2,True,2000,919,87,832,9.5,0.06,-13408.17,6,1781132448817,1781308800034,2.0,-760.18,0.057,0.0,0,0.0,,False,False,False
0x8a049458bdbe7d3d87b2aab5c9cc21dd2983876b,True,2000,825,230,595,27.9,0.81,-1731.26,2,1773419524084,1773448242626,0.3,-360.99,0.209,0.0,0,0.0,,False,False,False
0x8a1061c7ce71c4b423c67c5d88c9710ff44fcf9e,True,2000,452,105,347,23.2,3.26,4864.26,14,1764353948308,1785433334531,244.0,612.31,0.126,129.653365,1,22.58,17.4,False,True,False
0x8a429b8e8a822915c0977212836b85b70f7d43da,True,668,293,160,133,54.6,0.39,-2340.59,5,1773273549876,1773416714616,1.7,-2207.58,0.943,0.0,0,0.0,,False,True,False
0x8a4c670fc71251d804269b5ea10df81903a84e57,True,2000,885,447,438,50.5,0.36,-14694.77,34,1777880846525,1788879573436,127.3,-1880.34,0.128,3769.672962,2,69.55,1.8,False,True,False
0x8a6e7b595f85b209229da500364f52fcdca54e43,True,1012,658,475,183,72.2,0.75,-1268.71,3,1770177364291,1776353850383,71.5,-715.0,0.564,0.0,0,0.0,,False,True,False
0x8a8d4f4fe2cb36a90b79e08453df8d048fdef4c1,True,2000,1034,418,616,40.4,0.96,-567.98,20,1781156060553,1788876608979,89.4,1129.51,1.989,8532.822422,3,-1031.39,-12.1,True,False,False
0x8a9e280520aca398c34f55666cb029774fa4e2c1,True,2000,1202,881,321,73.3,1.38,49796.68,35,1760147325754,1788874454183,332.5,9534.89,0.191,67127.57344,0,0.0,0.0,False,True,False
0x8aaab8acc1c3e148aee615c55ebc9f2149e96b64,True,2000,867,533,334,61.5,0.5,-8709.03,12,1787334226639,1788874973989,17.8,-3596.45,0.413,0.0,0,0.0,,False,False,False
0x8ab947b3a29ede9e7995b859d217a685fbce43a2,True,2000,731,515,216,70.5,0.41,-30968.06,2,1787864421661,1788697829189,9.6,-6417.05,0.207,377532.701998,1,-830.18,-0.2,False,True,False
0x8ad7b990951e55130968f23d4ab5e219ad10dbcd,True,2000,992,299,693,30.1,0.38,-12334.47,20,1773053682020,1777890140815,56.0,1439.87,0.117,0.0,0,0.0,,False,False,False
0x8ae7a15a1b85fd82e49bb3924a203045fb37a909,True,171,97,65,32,67.0,0.58,-3429.07,2,1761157451671,1787741394799,307.7,-2155.85,0.629,0.0,0,0.0,,False,True,False
0x8aff50f548ef107306192a2abaaa06a9590af04d,True,2000,1636,703,933,43.0,1.2,21938.03,15,1737188131251,1779108483139,485.2,-22115.21,1.008,0.0,0,0.0,,False,True,True
0x8b0e69f0a54d71e7bf33bef64c37e0307c3ac50f,True,2000,1523,1518,5,99.7,1140.1,85723.19,6,1780687467050,1787903616016,83.5,4503.37,0.053,0.0,0,0.0,,False,False,False
0x8b1ca84c014c8483a3a38ff9d696a5a4bf53d964,True,1239,858,457,401,53.3,1.59,114518.3,55,1708548696012,1788263917488,922.6,-11246.74,0.098,98538.551388,2,-226551.93,-229.9,True,True,False
0x8b31ce4542efdbd0de8a39c474788210753d15d5,True,396,203,65,138,32.0,0.95,-136.39,9,1734647532595,1788455305279,622.8,435.54,3.193,0.0,0,0.0,,False,False,False
0x8b483a45f76181dfdfcf58be765d15beeb694a8a,True,2000,1078,516,562,47.9,1.27,19163.36,4,1768179543398,1787233722926,220.5,-7485.32,0.391,0.0,0,0.0,,False,True,False
0x8b6a11bc9bacc4ae87d7b956a4d77478b3c0fe81,True,2000,986,495,491,50.2,0.86,-7032.46,5,1777645305893,1788875237111,130.0,11124.88,1.582,90.012509,1,-67.28,-74.7,True,True,False
0x8b75d2b6b92102a04899a65d1d4cafa4ae0ba85d,True,705,301,65,236,21.6,0.51,-2091.65,9,1786047549502,1788526366108,28.7,236.64,0.113,0.0,0,0.0,,False,True,False
0x8b87caccb7913988f39af5890705ea9f7d079c3b,True,2000,799,799,0,100.0,inf,15257.17,17,1787348016494,1788871669850,17.6,1362.28,0.089,12263.422288,2,-14294.41,-116.6,True,True,False
0x8ba1d0af4e2f0945feb889105196e74622710d21,True,2000,575,512,63,89.0,0.34,-29384.7,15,1780673385870,1782477711054,20.9,-9978.52,0.34,0.0,0,0.0,,False,False,False
0x8bbff584c4ee5e410a955b9ec60eb9b9fc8aac6b,True,1794,612,45,567,7.4,0.02,-50146.38,9,1782927679834,1788842676050,68.5,-2468.82,0.049,0.0,0,0.0,,False,False,False
0x8bd0006869333164f76db0ca23dbe1421dccb60e,True,2000,1162,426,736,36.7,1.12,124.11,55,1776414496023,1788775209756,143.1,62.42,0.503,35.300379,48,37.73,106.9,False,False,False
0x8be0b9c4dbfb90f47fb94e8968dce08d3152326c,True,2000,907,283,624,31.2,0.2,-5990.47,7,1788789606644,1788879244614,1.0,-277.37,0.046,380820.14748,3,63777.63,16.7,False,False,False
0x8bf4366633855a3885a17d45b18e0c6deaeff4e3,True,2000,1079,412,667,38.2,0.09,-332.03,6,1777396177450,1784692711786,84.5,-230.73,0.695,0.0,0,0.0,,False,True,False
0x8c0fc02ee1489d8abcc7cbaacc52d5f5f6486240,True,2000,989,402,587,40.6,1.11,5140.94,8,1780538820282,1788739471744,94.9,10361.0,2.015,20594.591791,1,37413.05,181.7,False,True,False
0x8c1dcfb8139bdb4eeef156d59a1ce3e2be0fb507,True,2000,965,754,211,78.1,0.47,-17848.1,11,1784833416481,1788876850992,46.8,-12925.88,0.724,11790.089246,1,-1235.81,-10.5,True,True,False
0x8c2dfa4fabb8e7b0122e6d26e9a5b9ebb76e3102,True,2000,906,597,309,65.9,0.67,-7476.72,2,1785809280055,1788525042698,31.4,-1397.65,0.187,0.0,0,0.0,,False,True,False
0x8c50d711fcb319747857df7369956a60b4f43318,True,1482,575,565,10,98.3,0.19,-17987.89,2,1775024758593,1787276854107,141.8,-10115.76,0.562,0.0,0,0.0,,False,True,False
0x8c7bd04cf8d00d68ce8bc7d2f3f02f98d16a5ab0,True,2000,878,443,435,50.5,0.18,-142996.57,14,1786554692299,1787680931083,13.0,-20987.8,0.147,42897.452771,0,0.0,0.0,False,False,False
0x8c9036c4a018978227e3a55955f8a5e3ac919e46,True,801,368,202,166,54.9,0.31,-18085.68,7,1760243067983,1774223407217,161.8,-3825.0,0.211,0.0,0,0.0,,False,True,False
0x8caa0545b2859c6ed1ce5fdb5b7ea1d30d943941,True,522,222,159,63,71.6,2.05,28361.01,7,1768979244188,1788627766158,227.4,9451.95,0.333,0.0,0,0.0,,False,False,False
0x8cbe593aa5b6fffb5254429d1812abdbd1f06959,True,2000,845,789,56,93.4,13.49,17090.5,13,1787452213544,1788825756872,15.9,2186.51,0.128,0.0,0,0.0,,False,False,False
0x8cc8b8bae27312ab93030381ac28a8c68b5a15bc,True,885,356,244,112,68.5,1.29,4277.75,6,1765434687217,1772745040133,84.6,3186.92,0.745,0.0,0,0.0,,False,True,False
0x8ce12b7d681d7b3d49086c38e7b852e75a349ec4,True,2000,240,50,190,20.8,0.01,-250034.92,6,1788628505076,1788847961739,2.5,-23373.0,0.093,80006.072858,1,1747.7,2.2,False,False,False
0x8cf268b5e31a52155e7c2b5620321556c404167a,True,504,198,87,111,43.9,0.38,-14922.95,18,1779549550065,1788866982350,107.8,-5912.08,0.396,570.573388,3,29.08,5.1,False,True,False
0x8d0c44cd9493ea7954fafd8b4e7cacf3b91ae17b,True,2000,1113,555,558,49.9,2.19,35821.37,1,1786026356340,1788748044083,31.5,2565.35,0.072,0.0,0,0.0,,False,False,False
0x8d21bb8de44d76bf30c46360dc43a7e6e1fbdb9a,True,2000,941,350,591,37.2,1.09,394.71,17,1787235074989,1788880264283,19.0,-300.31,0.761,354.882026,1,3.87,1.1,False,False,False
0x8d51bfb9bf79b30479aa9ce85088dfad823632c5,True,2000,936,462,474,49.4,1.19,1383.1,31,1774403239533,1783040492516,100.0,714.55,0.517,0.0,0,0.0,,False,True,False
0x8d659132fd19558250121dc86abd3c1b200a3947,True,2000,1101,343,758,31.2,0.62,-6048.49,11,1788531694462,1788848786678,3.7,-3855.44,0.637,89556.928362,2,-16056.95,-17.9,True,False,False
0x8d7d4267dc1798549870ccd2f317254bfc924e86,True,2000,418,392,26,93.8,729.92,2799.38,2,1787648460122,1788823829331,13.6,263.46,0.094,0.0,0,0.0,,False,False,False
0x8d8b1f0a704544f4c8adaf55a1063be1bb656cc9,True,2000,774,586,188,75.7,4.27,25592.21,22,1748267702888,1787419229102,453.1,2748.57,0.107,0.0,0,0.0,,False,True,False
0x8da2d909243590df009b93e14d47783e337e1ebb,True,1381,768,525,243,68.4,2.1,36827.3,1,1778681436817,1788451090624,113.1,-4500.0,0.122,140224.21591,1,-16101.76,-11.5,True,False,False
0x8db1c54e34892bec363a58afaa6f5d082e99cc4e,True,2000,1130,741,389,65.6,1.37,12280.63,35,1758538043360,1780068804952,249.2,-2802.26,0.228,0.0,0,0.0,,False,True,False
0x8dc44ec285114429a7e65eb2e3fdbde945351d5f,True,2000,844,360,484,42.7,2.97,67442.27,15,1776564748262,1788866101207,142.4,4061.76,0.06,30127.513137,5,-10691.02,-35.5,True,False,False
0x8de882354e973b657f9e2b5fb62bbfb4c6b6f173,True,2000,736,303,433,41.2,0.97,-4.81,1,1779817708239,1785837483274,69.7,2.39,0.498,0.0,0,0.0,,False,True,False
0x8df9b31f7d0af10cb1afa8578b731be0c269f305,True,2000,1023,634,389,62.0,0.3,-78214.3,12,1785745732360,1788874486051,36.2,-6093.21,0.078,44736.454131,1,75404.41,168.6,False,False,False
0x8e1564c201d9ea856932af6469aa422b5a59bc0a,True,1181,578,334,244,57.8,1.04,807.23,6,1752654128218,1780533713707,322.7,2660.54,3.296,0.0,0,0.0,,False,True,False
0x8e29d0e2ca8e92a9f27192616e2e9f170fd2a035,True,2000,523,437,86,83.6,23.7,24618.05,14,1785295609237,1788848477060,41.1,3769.71,0.153,4278.379928,1,-2247.74,-52.5,True,False,False
0x8e3af0b8084605889dd89467680e432a0f47a009,True,39,10,10,0,100.0,inf,460.04,1,1779917149393,1779917595275,0.0,193.39,0.42,0.0,0,0.0,,False,False,False
0x8e54d82db81eec8e3ee19d3ed000101ff05d848f,True,1632,783,345,438,44.1,0.3,-21778.45,8,1759873657924,1783530391672,273.8,-3389.41,0.156,0.0,0,0.0,,False,True,False
0x8e68ce7a926869ab673d2a34c641c2d93ff92766,True,2000,1413,883,530,62.5,0.48,-2151.06,8,1786925201069,1787916300218,11.5,-308.52,0.143,0.0,0,0.0,,False,False,False
0x8e7b3ed4060a63f3a11d71ac3f4877974244dba1,True,2000,1026,411,615,40.1,1.21,8558.98,1,1774838852687,1784019734689,106.3,5493.81,0.642,0.001585,0,0.0,0.0,False,True,False
0x8e8ef5064b02d82da4b7fb207a40bff5ad1de912,True,1008,387,328,59,84.8,1.09,2751.56,4,1781106360502,1781710361968,7.0,-7153.95,2.6,0.0,0,0.0,,False,False,False
0x8eb07bd8236bbe48f6c6d9c735b72b4e6aaeea0f,True,2000,709,32,677,4.5,0.37,-41622.76,22,1786064695523,1787375417308,15.2,-8096.05,0.195,0.0,0,0.0,,False,True,False
0x8ec7f8e9672c76c798755b35ee24280f1e7105d0,True,2000,787,274,513,34.8,0.35,-19345.7,5,1788701059898,1788875178851,2.0,-1802.96,0.093,81379.831854,2,12784.9,15.7,False,False,False
0x8edacba05cb3a076931d2f5462bfcf9ca3d0e30e,True,2000,1520,785,735,51.6,1.01,2.52,4,1771239835739,1782728601103,133.0,-17.95,7.129,28.672586,3,-6.19,-21.6,True,False,False
0x8efd528a10142c43ff1c4d1a20767b31783011a3,True,2000,822,625,197,76.0,3.28,30673.31,21,1776346215356,1788865396454,144.9,4152.55,0.135,0.0,0,0.0,,False,True,False
0x8f1a6aa6d5f3c984f46fe8e9ac6e8454ceccc600,True,474,217,89,128,41.0,1.7,11065.6,14,1733441333412,1779590316620,534.1,4274.59,0.386,0.0,0,0.0,,False,True,False
0x8f2df56bcecb03e9118a8c78b454e7ecf1592872,True,157,88,33,55,37.5,0.38,-49.1,7,1750348005350,1785646061199,408.5,-12.64,0.257,0.0,0,0.0,,False,False,False
0x8f40c8e55d88e86553f7868f0f49eca196fb1057,True,2000,990,871,119,88.0,10.72,116385.79,5,1779054136684,1788577401335,110.2,3355.56,0.029,0.0,0,0.0,,False,False,False
0x8f5c45ea5051a67447319da7d51ac35783031865,True,2000,1201,508,693,42.3,3.5,1804.53,61,1770020091964,1788855856737,218.0,59.8,0.033,264.288348,46,31.32,11.9,False,False,False
0x8f71361638a54bbeb9d5a6e62aa14da823fc0094,True,1178,716,476,240,66.5,0.58,-29258.15,18,1759093986081,1780482243699,247.5,-8088.17,0.276,0.0,0,0.0,,False,True,False
0x8f8435c1fb2698d47ad1e1d140a7a1e65f92b177,True,288,86,62,24,72.1,21.61,5923.41,2,1770061468695,1775421736416,62.0,740.96,0.125,0.0,0,0.0,,False,False,False
0x8f9866c097e4deeb175454ef5816f59ea8930192,True,1907,877,467,410,53.2,0.91,-2449.84,32,1750524510743,1788132213445,435.3,-1812.97,0.74,0.0,0,0.0,,False,True,False
0x8faf84cfba2fded55c8c21c149fc33be79e2b7ba,True,2000,1003,616,387,61.4,1.16,1790.36,44,1778505560151,1785955931698,86.2,854.1,0.477,0.0,0,0.0,,False,True,False
0x8fc7c0442e582bca195978c5a4fdec2e7c5bb0f7,True,2000,1527,989,538,64.8,1.43,57516.33,36,1770974768756,1788455995625,202.3,8764.08,0.152,541626.813497,1,-1172.86,-0.2,False,False,False
0x8fdbf21b22fe31c45492bb67c9d27d340d34ffaa,True,163,79,33,46,41.8,1.5,1455.4,4,1773872236986,1777369731448,40.5,1431.99,0.984,0.0,0,0.0,,False,True,False
0x8fec806c9e94ff7ab2af3d7e4875c2381413f98e,True,973,923,533,390,57.7,0.47,-181647.56,21,1741821421262,1788874395948,544.6,-19282.01,0.106,250756.260213,2,11338.37,4.5,False,True,False
0x900b3d773c160c726bc062b78c8718f49cd31181,True,2000,1081,622,459,57.5,1.14,1530.6,10,1781252073882,1788583475847,84.9,-588.57,0.385,0.0,0,0.0,,False,True,False
0x9018269223e9c3547618abebaaef3bcc109ff1be,True,2000,735,460,275,62.6,1.48,12935.52,5,1785550551294,1788873538417,38.5,-7771.74,0.601,58527.892327,1,1007.23,1.7,False,False,False
0x902c93811c7e1be010adc4eaad5d8d4946997a79,True,2000,790,54,736,6.8,0.0,-336589.48,7,1773742989461,1774613109276,10.1,-13905.49,0.041,0.001333,0,0.0,0.0,False,True,False
0x903cbfb2a263a0327621210f1a0f86d3ce09b2c2,True,2000,1048,365,683,34.8,0.82,-1196.17,12,1770007963511,1774240698940,49.0,994.05,0.831,0.0,0,0.0,,False,True,False
0x905393f6c29aa218f52dd8a4ec8933c0bf71b56e,True,2000,732,136,596,18.6,1.78,21629.28,6,1787151153142,1788447546280,15.0,5944.43,0.275,0.0,0,0.0,,False,False,False
0x906d31b2ee92c4bc720232112274a0e1ffb0ad6e,True,1999,1376,829,547,60.2,4.53,2631449.47,4,1763143932078,1780846097543,204.9,410931.9,0.156,0.0,0,0.0,,False,True,False
0x907926f6988856502b1072bde703b0990c202606,True,417,115,29,86,25.2,0.96,-71.06,6,1773450274768,1773878400090,5.0,641.86,9.033,0.0,0,0.0,,False,False,False
0x909eb3d5ff0ac0df12c81f8495860cfccf1e7ea9,True,2000,685,552,133,80.6,8.03,103354.11,13,1779250016474,1788287128246,104.6,7208.28,0.07,90891.400292,3,101554.98,111.7,False,True,False
0x90c18883df094d3f559a00c2651a523a3c28af2b,True,1786,1123,755,368,67.2,1.15,31068.99,15,1769505229169,1787153254538,204.3,16277.04,0.524,0.0,0,0.0,,False,True,True
0x90d5edc1f0a5f38e69f302c9103e5c12c7728e88,True,2000,1063,326,737,30.7,0.65,-15456.63,14,1769562650280,1785276947926,181.9,2749.89,0.178,0.0,0,0.0,,False,True,False
0x90f2798418fc95249b2c6b45808a06a6e5b473cf,True,458,202,42,160,20.8,0.25,-5618.79,15,1788209289218,1788583300799,4.3,-2006.53,0.357,23.708667,2,5.51,23.2,False,False,False
0x9112d700e3dc39371723f998b2eaf52756bd0342,True,1233,631,421,210,66.7,0.25,-15763.77,8,1747806902345,1787594418006,460.5,-1818.52,0.115,0.0,0,0.0,,False,True,False
0x912f6ba145f003477d44922dfd1a0a1bfe015b27,True,2000,820,235,585,28.7,0.11,-18774.57,11,1786382722544,1786404856721,0.3,-9501.0,0.506,0.000258,0,0.0,0.0,False,False,False
0x913b6bfaffcc18db65dc9a6bdde6cd5365e0ef92,True,2000,1063,575,488,54.1,0.08,-85721.4,4,1788014184414,1788875289333,10.0,-15821.62,0.185,0.0,0,0.0,,False,True,False
0x91585e0aa32d7430a3babfd4fe9c00d2b60eaf48,True,2000,930,522,408,56.1,0.32,-101557.67,21,1786632460384,1788754317239,24.6,-11332.85,0.112,57966.689483,6,-19355.87,-33.4,True,True,False
0x91630957c2535d108499e3c8f28e55dbbb3058ed,True,2000,915,538,377,58.8,1.2,2648.34,11,1771377773045,1783109233268,135.8,-1309.73,0.495,0.0,0,0.0,,False,True,False
0x91837f5e4c2a29b101fecb47fee889f9144b09b8,True,2000,960,302,658,31.5,0.72,-3689.86,27,1785348041115,1788865425757,40.7,519.58,0.141,673.241226,1,-197.05,-29.3,True,True,False
0x9190eb8c8c546b7632238dc30576c0af530f5643,True,173,87,51,36,58.6,0.26,-950.18,19,1752507867545,1787942148212,410.1,-480.11,0.505,0.0,0,0.0,,False,True,False
0x91a3c44fdb9e63ccbb5c54b49d0f6dfb5b5483d5,True,2000,1092,686,406,62.8,0.9,-484.1,39,1760541444023,1787466014396,311.6,644.27,1.331,0.0,0,0.0,,False,True,False
0x91adb5142803d6f31b31030b65dfea1ed0049890,True,2000,858,652,206,76.0,2.08,6359.53,7,1788584084085,1788879225477,3.4,-698.92,0.11,61026.292007,3,-6815.28,-11.2,True,False,False
0x91c8ccd94e7ef35b5c3af238224e9e38f3002d03,True,1015,457,298,159,65.2,0.48,-214578.44,5,1756112308386,1787417172743,362.3,92730.0,0.432,0.0,0,0.0,,False,True,True
0x91ecbd8d6dc9c40378df888782767fbbc10e41fa,True,2000,972,920,52,94.7,0.46,-9295.19,6,1784909113960,1787821365331,33.7,-2685.4,0.289,216.566579,1,-27.98,-12.9,True,True,False
0x91fd6db0942ae997db40f0b42049714adb359841,True,2000,1051,825,226,78.5,4.14,4853.25,1,1788541084477,1788880971209,3.9,-365.61,0.075,0.0,0,0.0,,False,False,False
0x920fa68300c8aa95c4563e0daf79a0b0e51f0cfe,True,2000,1062,227,835,21.4,0.19,-12831.82,5,1788753504173,1788878455582,1.4,-1335.45,0.104,450997.729275,2,10473.5,2.3,False,False,False
0x9221a960277fe388b899f58117aa9bd298463002,True,2000,912,660,252,72.4,5.07,172038.63,25,1770355121993,1788527341730,210.3,8783.05,0.051,88674.167777,3,-12555.08,-14.2,True,True,False
0x9237794d8e5c6eb247b20f2e5edd9ad5f530d8ec,True,2000,1303,1089,214,83.6,5.21,191199.03,6,1786210543142,1788273286054,23.9,6151.1,0.032,0.0,0,0.0,,False,True,False
0x925f1b66ffa6246ad02ecaa8fcdea175b37093ba,True,2000,972,651,321,67.0,1.06,522.87,10,1783388484928,1788862207416,63.4,-363.65,0.695,4373.336775,4,252.39,5.8,False,False,False
0x9270356091124d47d592a92e8ce53dd5607e8bce,True,367,159,75,84,47.2,3.14,3289.26,48,1701189425017,1776500316463,871.7,1046.19,0.318,0.0,0,0.0,,False,True,False
0x929051c44b21bece9af6272f2775a297bddd2a03,True,2000,977,387,590,39.6,0.82,-3461.71,8,1781802008646,1788828887674,81.3,1352.65,0.391,2963.695357,1,-27.52,-0.9,False,False,False
0x92a7bc9b107bdd35e3db97dc171d5a8c1ee33fea,True,2000,504,0,504,0.0,0.0,-111334.84,1,1788756632175,1788851060410,1.1,-9609.02,0.086,535852.440572,1,-165253.39,-30.8,True,True,False
0x92bf13bbd454678c85408c8352d9f4686679a11a,True,2000,1300,731,569,56.2,0.44,-108150.27,6,1760105884222,1779927610774,229.4,-48079.1,0.445,0.0,0,0.0,,False,True,False
0x92d3102e1ffaaced6baec91e938f041b3b96925d,True,2000,1016,373,643,36.7,1.07,101.86,52,1784796014797,1788874843298,47.2,66.56,0.653,14212.080329,50,1191.93,8.4,False,False,False
0x92ea19eceb7a8de0f50978a1583a5d8b018050e9,True,2000,2000,960,1040,48.0,0.17,-3409748.91,2,1788791144448,1788867835083,0.9,-182116.41,0.053,12384013.494989,1,-19695058.21,-159.0,True,False,False
0x931153baac031d055389b41d12cd32c9bf0ae7a3,True,2000,795,443,352,55.7,1.05,4474.56,3,1788686739265,1788876803054,2.2,10158.47,2.27,612027.026338,1,95248.01,15.6,False,False,False
0x93273ee6e2c0992ef14813df9c59c190f483a8a0,True,2000,998,675,323,67.6,0.39,-63599.93,5,1783816242116,1788795411678,57.6,-7856.95,0.124,0.000128,0,0.0,0.0,False,True,False
0x933813f4014e9c8993b1da4561074e8e1474c033,True,1216,593,274,319,46.2,0.17,-64857.97,7,1738096584734,1780704000050,493.1,-7702.45,0.119,0.0,0,0.0,,False,False,False
0x935ee08239c0b637c998b1fc600c2ad72660aca7,True,2000,598,598,0,100.0,inf,5531.31,9,1787954231224,1788880547215,10.7,137.22,0.025,31435.761123,8,57970.1,184.4,False,True,False
0x936cf4fb95c30ce83f658b5bbb247e4bb381bb0f,True,2000,331,191,140,57.7,0.68,-971.62,19,1788880530604,1788881385026,0.0,230.58,0.237,13742027.645462,26,-736836.34,-5.4,True,False,False
0x9387f3db7ea81fd43d09d4e98b3dbc1ebb706481,True,1289,456,200,256,43.9,2.4,125066.76,9,1735439364936,1788287281691,611.7,20743.25,0.166,78954.101895,1,2313.0,2.9,False,False,False
0x93944eb02d173ccbb73b333e253974ea2c1c554a,True,2000,980,439,541,44.8,0.32,-63057.81,14,1779560049499,1788860829129,107.6,-4150.07,0.066,4808.217514,2,-397.38,-8.3,True,True,False
0x93c10b5b55aca304086de9d0de20461bce998cbb,True,1776,942,413,529,43.8,0.7,-13146.88,45,1721595619693,1779321600086,668.1,5668.24,0.431,0.0,0,0.0,,False,True,True
0x93db4db3f84e205d586eaa6025977d43c39dd532,True,2000,825,321,504,38.9,7.23,34802.09,7,1788662225755,1788878903990,2.5,5207.67,0.15,87191.090374,3,47221.41,54.2,False,False,False
0x93f3b3c92fe289a19767398f269bedab647a8c9c,True,1640,830,423,407,51.0,0.88,-1503.22,20,1779291388319,1780512952516,14.1,673.66,0.448,0.0,0,0.0,,False,True,False
0x940e3e299854af2066dc29b15cd1991643bb626f,True,2000,1086,522,564,48.1,0.36,-223225.52,5,1770317401893,1776620837565,73.0,-24317.71,0.109,0.0,0,0.0,,False,False,False
0x942400ad22a74d42f823899bb42493c536c3f856,True,2000,876,356,520,40.6,0.83,-2547.72,10,1773768109773,1788805952194,174.0,-1229.52,0.483,5095.827408,4,-1085.74,-21.3,True,True,False
0x943c96e126e06e7c17a5cd28145125b999498dc8,True,2000,1014,433,581,42.7,1.74,18857.39,8,1785307745452,1788862380154,41.1,10494.09,0.556,40670.983578,1,50416.73,124.0,False,False,False
0x9452698e709de91c16ad685ba8299775948632f1,True,2000,1080,254,826,23.5,0.26,-31479.54,17,1756347507119,1774377988959,208.7,-7335.55,0.233,0.0,0,0.0,,False,True,False
0x9471f70f2518846f7a076636d64e5a22787da105,True,2000,791,419,372,53.0,2.22,35967.63,26,1786792291740,1788837793259,23.7,3104.72,0.086,38194.50143,3,30588.72,80.1,False,False,False
0x948eeb38506cfb93ced14bb52b3c3ca696e2f283,True,2000,901,614,287,68.1,0.36,-90019.94,5,1785228398894,1788798043818,41.3,-98390.88,1.093,0.0,0,0.0,,False,True,False
0x94b0fa3360ec8f0eb8172ce51b10f62f44207ec7,True,855,397,267,130,67.3,1.38,3618.38,1,1772452823041,1783108819012,123.3,-1591.21,0.44,0.0,0,0.0,,False,True,False
0x94d36132722d772fe053ea13c57bbdbdf435c085,True,2000,1114,485,629,43.5,0.69,-4110.65,22,1763971050317,1779321600086,177.7,2839.57,0.691,0.0,0,0.0,,False,True,False
0x94e47db4735ebe040d1d551592d1fae064d198fd,True,2000,825,410,415,49.7,1.07,1111.3,30,1778343110163,1788869453752,121.8,1493.94,1.344,11047.920574,4,12775.25,115.6,False,True,False
0x9501123ee48f8eaa09555b54a655ff03d5794562,True,2000,1217,604,613,49.6,0.52,-2178.41,61,1782635442336,1788845168055,71.9,-1024.96,0.471,475.490814,2,177.31,37.3,False,True,False
0x95124246bc36c7bdd91de03cbe9323cedc3d5bb9,True,2000,1097,503,594,45.9,0.18,-159874.91,12,1756735105577,1788866116376,371.9,-10528.96,0.066,0.0,0,0.0,,False,True,False
0x952889fdf78210abdf3f01652d2b239e531d3727,True,2000,897,361,536,40.2,0.15,-35377.55,4,1786261916130,1786775326405,5.9,-5654.4,0.16,0.0,0,0.0,,False,False,False
0x9544990ecf9f912a6151c426b25b3ab4ee879267,True,404,196,155,41,79.1,14.46,23645.08,4,1769776731123,1788875996740,221.1,4875.03,0.206,42113.85867,1,1974.96,4.7,False,False,False
0x954ce12183444d40db40b3188f739080ed436880,True,548,254,225,29,88.6,3.74,22638.2,10,1738577417827,1775870135330,431.6,3280.03,0.145,0.0,0,0.0,,False,True,False
0x955f3d3663a652f331218e70645c9b3496920b81,True,1223,454,390,64,85.9,1.42,18584.15,8,1752327355381,1782158876371,345.3,-12899.28,0.694,0.0,0,0.0,,False,True,False
0x957f28a8afb11dd9dc2263d27204f8719065684a,True,1147,540,228,312,42.2,0.44,-11941.23,6,1773242278518,1788719936475,179.1,-3191.08,0.267,174.760334,1,56.97,32.6,False,True,False
0x95918210f648cfe9e1e0973854b2064c0cd6ae3e,True,1327,720,321,399,44.6,1.6,20150.12,24,1703189916252,1788874639030,991.7,-7972.19,0.396,17674.561539,1,-892.39,-5.0,True,True,False
0x95abcb8bb85cb04fe7cba09e933926db6775bce5,True,2000,1074,545,529,50.7,0.62,-5483.82,48,1772212170521,1788878947643,192.9,-2517.95,0.459,3.894707,1,0.01,0.2,False,True,False
0x95c0feab8cfb4a565d0ce6805a147089cdc136f9,True,1161,501,188,313,37.5,1.22,1600.19,14,1781233912836,1785216614434,46.1,1278.93,0.799,0.0,0,0.0,,False,False,False
0x95d2602d30da1179fd13274839e60345857ca648,True,2000,842,315,527,37.4,1.44,17217.37,66,1768893713376,1788644567061,228.6,6224.18,0.362,20113.901891,12,33976.83,168.9,False,True,True
0x95e2687b07f0dec34462fdab6bbebcc0b3ab49c6,True,2000,755,642,113,85.0,13.56,846981.98,3,1760130142937,1788790021457,331.7,193515.64,0.228,127407.822109,3,-1921.51,-1.5,False,True,True
0x96004fa6294d42da7f9b5c53218a70f6dec1a431,True,275,109,32,77,29.4,0.23,-9071.9,4,1775497537684,1776802345618,15.1,-3699.57,0.408,0.0,0,0.0,,False,False,False
0x960bb18454cd67b5a3edb4fa802b7c0b5b10e2ee,True,2000,1017,0,1017,0.0,0.0,-56482.11,2,1788732682898,1788856825182,1.4,-1231.97,0.022,490540.569277,1,6244.21,1.3,False,False,False
0x962ddd60b789ab3f5ad211b30866d067e0862ebe,True,1098,481,266,215,55.3,1.2,944.76,27,1757433774995,1788878236997,363.9,461.13,0.488,0.0,0,0.0,,False,True,False
0x9640a2e8f7a013d4d18251451b5ab1e13a496109,True,1824,1018,545,473,53.5,0.86,-7571.52,17,1773956087084,1778473871039,52.3,2295.62,0.303,0.0,0,0.0,,False,False,False
0x9660f151ffe595afc65e64d38a55285ed8fd2021,True,2000,821,367,454,44.7,0.78,-3166.4,66,1769870557475,1787875200079,208.4,436.42,0.138,0.0,0,0.0,,False,True,False
0x967e24a5480a464a0d357502aa57ad41fc5a406e,True,606,309,112,197,36.2,0.16,-5761.53,4,1737290452681,1785449811468,557.4,-901.12,0.156,0.0,0,0.0,,False,True,False
0x969b98011362abb4b009b86c2ca71043a6203ce1,True,2000,849,424,425,49.9,0.6,-1066.16,2,1787837576866,1788874752996,12.0,-32.48,0.03,0.0,0,0.0,,False,False,False
0x96b819b90f62a9a09511ff688662d19c5b9d4a70,True,134,56,42,14,75.0,1.79,2943.74,8,1781934868644,1787775689189,67.6,-1741.55,0.592,0.0,0,0.0,,False,True,False
0x96c676ca2c96d0b7a15d396ca86401a7da01abcf,True,1989,807,605,202,75.0,0.75,-5051.74,9,1733065742805,1788844501821,645.6,-2159.07,0.427,0.0,0,0.0,,False,True,False
0x96d12d338e4bc3a21ecc2a04ce6e9516fe71dbe9,True,470,143,101,42,70.6,25.98,30212.37,8,1783935747521,1788495524212,52.8,3420.88,0.113,18796.142351,3,7157.11,38.1,False,False,False
0x96f3c0c915185aa7192cc074407da8c2a7f7c4d4,True,841,437,397,40,90.8,1.05,161.36,5,1735998080716,1777834385053,484.2,-410.5,2.544,0.0,0,0.0,,False,False,False
0x97113f6010503f0f487d8aaccdb323e2ce91fe5f,True,2000,851,190,661,22.3,0.18,-34961.12,11,1779855802946,1781491244588,18.9,-3191.98,0.091,0.0,0,0.0,,False,False,False
0x972b0f9cde1266e860e546ac92e783741769400f,True,2000,901,573,328,63.6,4.95,255958.61,9,1758272901100,1788493082697,349.8,189365.45,0.74,133949.198377,6,-33610.82,-25.1,True,True,True
0x973d298a11b0974dad741cf2b7cd3f2de11e59d9,True,2000,761,235,526,30.9,0.34,-15517.45,6,1779556994323,1780061759481,5.8,-1769.25,0.114,0.0,0,0.0,,False,False,False
0x97580b4ecc2fbddf4d2f2bb855265758fcd1967d,True,2000,970,139,831,14.3,0.07,-20108.94,7,1788479385057,1788652800016,2.0,-3428.75,0.171,0.0,0,0.0,,False,False,False
0x978aa0e4592e47327bace8d157851e4bb0bd3cc5,True,1792,775,515,260,66.5,1.56,23735.25,122,1707355789629,1788836512561,943.1,17447.46,0.735,8121.1,1,-1967.89,-24.2,True,True,False
0x97aa4c1450fd768c269ec55df87e429922625947,True,2000,1020,472,548,46.3,1.38,6662.69,24,1755106241700,1788301664487,384.2,-3322.14,0.499,0.0,0,0.0,,False,True,False
0x97be9c7904f9c772a3efbf9e10286b91ba8a773e,True,2000,875,619,256,70.7,1.95,24063.5,29,1788113829649,1788881565567,8.9,-4792.32,0.199,117062.003576,5,117128.07,100.1,False,True,False
0x97d2767db42135e1e2a5fd7dd3e11646ef4d2b28,True,2000,1704,1134,570,66.5,0.62,-35597.64,14,1771256016619,1787923454923,192.9,-3207.9,0.09,1967.25915,3,-164.72,-8.4,True,True,False
0x97ed318348bfc25ecdff8dd07947087bd192526d,True,2000,476,293,183,61.6,0.43,-10697.18,4,1776188962070,1778642489703,28.4,-4289.68,0.401,0.0,0,0.0,,False,True,False
0x97f5fb465341542cc049121570edb8a8803604c1,True,1230,611,145,466,23.7,0.18,-101833.89,6,1744609705937,1783923218348,455.0,-9130.25,0.09,0.0,0,0.0,,False,True,False
0x980bdda2f971a09fc362630870e9c838873d8673,True,1736,735,219,516,29.8,0.28,-47725.73,6,1771508343353,1788539273218,197.1,-5275.0,0.111,0.0,0,0.0,,False,False,False
0x981c9b73cc8e9817e4768c3a5beb5173991d4477,True,2000,718,440,278,61.3,3.33,18398.71,36,1762037413021,1779576028894,203.0,1378.01,0.075,0.0,0,0.0,,False,False,False
0x9831fa7df4746a03c344be1332c397911258d22e,True,2000,1102,102,1000,9.3,0.09,-40711.98,7,1788643730006,1788878987725,2.7,-4988.15,0.123,109197.654468,5,64124.89,58.7,False,False,False
0x984425ed5af89d93ed2f11b6b86020e3457bae21,True,512,207,83,124,40.1,0.07,-25429.33,3,1780462391981,1787143235568,77.3,-2901.27,0.114,0.0,0,0.0,,False,False,False
0x9855949a45ad3d8ffecaf10099f8b1b85065f54d,True,1962,988,569,419,57.6,0.48,-9747.95,57,1763252553184,1780218896207,196.4,-5424.81,0.557,0.0,0,0.0,,False,True,False
0x986b0d2a068fea9d821cf575f3f24f0724441dc3,True,2000,854,556,298,65.1,6.18,131361.37,14,1787061301943,1788818801057,20.3,20868.55,0.159,187883.407047,5,83506.95,44.4,False,True,False
0x98785f2a43fe32f972476b86ed5a5cfaf5240f00,True,2000,895,185,710,20.7,0.26,-35325.29,6,1788253757319,1788878802656,7.2,-4105.06,0.116,55124.922651,2,474.75,0.9,False,True,False
0x98a6769b451e6625b9d8487f0d2bbe1cf6dbc7b3,True,2000,805,419,386,52.0,0.78,-4367.24,5,1759823215362,1775114884902,177.0,-1910.16,0.437,0.0,0,0.0,,False,False,False
0x98be16eef95d8421e25295854db8ac66d4b941e4,True,298,189,165,24,87.3,6.89,28883.24,3,1772201289706,1788462328781,188.2,15645.16,0.542,22765.124328,1,-20200.4,-88.7,True,True,False
0x98d5c0b380e528ae8f1d5d75d0734622d9a2e930,True,2000,1176,441,735,37.5,0.33,-5374.22,84,1788561898706,1788880935845,3.7,-452.66,0.084,54897.955193,119,-13068.61,-23.8,True,False,False
0x98e8118481aa01872142a7c447dbccd0528df831,True,2000,775,419,356,54.1,0.71,-22438.09,3,1788318710734,1788630960349,3.6,-9848.0,0.439,467148.192775,1,420044.72,89.9,False,True,False
0x98fad9aa02b1587f2d28a5a3c4fc2e1e2888a985,True,2000,1004,563,441,56.1,0.5,-64433.19,14,1767861811592,1774415282633,75.9,-8893.44,0.138,0.0,0,0.0,,False,True,False
0x991068726c19aa2a799ee8636b2b5cf06bdf297d,True,2000,1023,551,472,53.9,0.9,-6132.31,13,1781797748555,1785609390389,44.1,-1824.96,0.298,0.0,0,0.0,,False,True,False
0x992a79a7ce3d1b8e93410cd62eb34d83698e75f3,True,2000,940,610,330,64.9,2.35,24783.43,10,1763082318600,1788459471184,293.7,7527.76,0.304,14093.579367,2,-23834.14,-169.1,True,True,False
0x994893d751ffd534a09c42866f27f8ea88631736,True,2000,1911,1346,565,70.4,3.05,7072.19,36,1779968225830,1784600533833,53.6,1051.51,0.149,0.0,0,0.0,,False,True,False
0x9960e1e896038fc00d71040224758da65948817b,True,2000,1447,1164,283,80.4,2.03,4931.51,62,1787167328513,1788874785736,19.8,570.42,0.116,3862.240139,0,0.0,0.0,False,True,False
0x9970d443386312f7839f3adbe2d607b024ac20c6,True,2000,1984,197,1787,9.9,0.5,-6301.51,110,1783112038171,1783278541783,1.9,-132.24,0.021,0.0,0,0.0,,False,False,False
0x99845f85364255c6d96b17c0142fac64369d73e3,True,2000,620,439,181,70.8,1.82,11831.68,65,1776417408559,1788875592272,144.2,-4100.65,0.347,15171.274495,4,-193.28,-1.3,False,True,False
0x9999918a1f51ca6f13ab5433c6c6af9670b33999,True,2000,1368,459,909,33.6,0.29,-28576.54,14,1759456222544,1787568040132,325.4,-2629.78,0.092,51457.748924,0,0.0,0.0,False,True,False
0x99a37251fc413c4ab98ef1ce1b428066c48fd938,True,2000,1233,951,282,77.1,5.68,106734.61,6,1780516547651,1780617600043,1.2,9145.11,0.086,0.0,0,0.0,,False,False,False
0x99b7fc19f44447d87aaf52bfe3ac566568dd7833,True,2000,721,431,290,59.8,0.51,-25367.48,7,1762171046442,1775174400021,150.5,-20083.71,0.792,0.0,0,0.0,,False,True,False
0x99c44ea6a7f432e4d6847ebadbde1fc22c8e22b3,True,2000,1080,547,533,50.6,2.13,92347.51,20,1769145915736,1788439232866,223.3,-13759.93,0.149,52513.850704,2,-37769.4,-71.9,True,False,False
0x99d70ee2e507df54b941c28f9e21f1a776f67ea4,True,2000,956,555,401,58.1,1.24,3297.13,26,1780550359987,1782869949002,26.8,1605.2,0.487,0.0,0,0.0,,False,True,False
0x99e0e5ce8f12105fcc7686d4536d4d57523e4a3f,True,1924,747,255,492,34.1,0.57,-84480.0,10,1781182675831,1785982077472,55.5,-53240.33,0.63,0.0,0,0.0,,False,True,False
0x9a0a98b336bc7dc521b921fcd3328eb087276365,True,2000,908,736,172,81.1,0.9,-5947.37,18,1783015639980,1788876338859,67.8,-12790.09,2.151,0.0,0,0.0,,False,True,False
0x9a16f746623d75b0c95b749abbc85a36b49447ff,True,2000,1016,497,519,48.9,1.17,1406.43,15,1770138099185,1784125951685,161.9,617.37,0.439,0.0,0,0.0,,False,True,False
0x9a32ca25c2768716ef1fd453b3b751d63859bece,True,457,267,116,151,43.4,1.09,750.85,10,1772991210374,1776135340057,36.4,-2328.41,3.101,0.0,0,0.0,,False,False,False
0x9a3e2b1dff845c0f03af216078be783474231e6e,True,1497,691,550,141,79.6,3.7,24545.79,30,1702196346817,1788881802021,1003.3,-2803.39,0.114,31347.3475,2,-729.73,-2.3,False,True,False
0x9a568bfeb8cb19e4bafcb57ee69498d57d9591ca,True,2000,1281,926,355,72.3,1.39,28992.24,14,1772296472453,1787959056412,181.3,5889.87,0.203,0.0,0,0.0,,False,True,False
0x9a6c5c809ff59be814acbb2fdc73669b2a4cad71,True,166,80,37,43,46.2,3.03,5115.2,15,1769097490257,1788288243646,222.1,2310.19,0.452,0.0,0,0.0,,False,True,False
0x9a806a202e312619bc6054f52627fe561532d960,True,384,155,96,59,61.9,3.78,4867.24,26,1769541781092,1788637923011,221.0,1155.67,0.237,170.991729,1,10.19,6.0,False,True,False
0x9a981e2cc445571aa5891294b1dda93aa1d10a2c,True,2000,845,578,267,68.4,0.91,-1471.19,3,1776011049052,1788847347671,148.6,-935.2,0.636,29.450997,1,2.0,6.8,False,True,False
0x9ab42536a9ec2b342bb4f888a573c0b442f380dc,True,2000,970,359,611,37.0,0.65,-7348.32,18,1774620768597,1786147200060,133.4,2402.37,0.327,0.0,0,0.0,,False,True,False
0x9ac8ba39a882fde100a19fb285e42498f6561e8e,True,101,44,44,0,100.0,inf,10950.29,1,1771733328361,1774458003850,31.5,961.3,0.088,0.0,0,0.0,,False,False,False
0x9aff568f949a9dde91cc651330662fcee5bcce14,True,1371,754,229,525,30.4,0.75,-1989.08,24,1760239005730,1788845409992,331.1,481.93,0.242,1623.876908,1,958.02,59.0,False,True,False
0x9b10029ce3a9748a489d6c4add1d71ca94004bff,True,2000,1008,863,145,85.6,34.36,61417.04,4,1786187477931,1788868885463,31.0,1638.28,0.027,52908.844614,1,-3104.94,-5.9,True,False,False
0x9b3513ac86626bdfbd5a94967194e8063037976c,True,1404,705,332,373,47.1,0.57,-24576.26,10,1779104622510,1787231358883,94.1,-7674.94,0.312,0.0,0,0.0,,False,True,False
0x9b408730057662143dc760b80a2e531d768eb8c3,True,2000,992,492,500,49.6,0.18,-56772.92,16,1780643343312,1783516851662,33.3,-3671.72,0.065,0.0,0,0.0,,False,True,False
0x9b53a182c84fd0015497df784e94115eb8336e61,True,2000,889,520,369,58.5,0.43,-22318.08,95,1734938431543,1787870950034,612.6,-6254.1,0.28,0.0,0,0.0,,False,True,False
0x9b635346faeefcc9b3a3968a257c595f7f77e761,True,82,35,12,23,34.3,0.1,-4184.92,7,1763720744015,1788691273155,289.0,-1433.25,0.342,92.753989,1,6.04,6.5,False,False,False
0x9b7d77b99079574c50eade644c790ff59f039f2d,True,2000,940,514,426,54.7,1.51,24312.68,2,1780085984609,1782146127174,23.8,6980.26,0.287,0.0,0,0.0,,False,True,False
0x9ba902efb5ef7450b0f70992732f0f0c0142bd4e,True,2000,694,232,462,33.4,0.89,-658.61,19,1787371844292,1788874694328,17.4,601.52,0.913,0.0,0,0.0,,False,True,False
0x9bbded406dfdb349cae473fcb1c27f640ba55268,True,2000,1105,460,645,41.6,0.94,-1260.44,17,1774794623189,1782750249618,92.1,2478.5,1.966,0.0,0,0.0,,False,True,False
0x9bd30e1bf7c4fe28180b01f33f07c7b277fb7026,True,2000,679,428,251,63.0,0.16,-16278.57,3,1787689808485,1788882042975,13.8,-1838.78,0.113,0.0,0,0.0,,False,False,False
0x9bf8701d6e25faef82322c40ada04fd162ee2ac9,True,2000,1305,592,713,45.4,2.39,15344.94,6,1760049428967,1774491103995,167.1,11585.75,0.755,0.0,0,0.0,,False,True,True
0x9c1430837c7a3fb9f421a52c93823991ff08bdd0,True,2000,999,275,724,27.5,0.18,-31351.66,10,1780506010390,1780691245457,2.1,-2769.56,0.088,0.0,0,0.0,,False,False,False
0x9c2370683851ccc1ce9512afeb38334b94126620,True,39,14,1,13,7.1,3.17,4840.87,1,1780832714648,1781385225535,6.4,7068.22,1.46,0.0,0,0.0,,False,False,False
0x9c3c0be3f3c5f56458f51fa7fbb4bacf2084e56f,True,2000,1034,651,383,63.0,9.79,102025.22,10,1782351905387,1788517565410,71.4,9348.68,0.092,0.0,0,0.0,,False,False,False
0x9c4aa0f4759f05c9716f864d718f9fb26dc51233,True,511,224,77,147,34.4,0.37,-6706.57,13,1767939469590,1788849926326,242.0,-1247.84,0.186,0.0,0,0.0,,False,False,False
0x9c575a602acb7a04dfa7c37fff770662a9a84341,True,2000,679,386,293,56.8,0.94,-1976.27,8,1788647250934,1788880792603,2.7,-2940.83,1.488,80700.46483,3,2530.01,3.1,False,True,False
0x9c6a5b4662c722d2c47f43d6c9813cb080ffa4ed,True,2000,288,288,0,100.0,inf,65109.0,1,1787144810070,1787154241580,0.1,3511.05,0.054,4894141.426963,1,12589861.01,257.2,False,False,False
0x9c7df1b20d01aee41d22aac090767739640f60f6,True,2000,832,399,433,48.0,1.93,11906.82,17,1778466667218,1788787315194,119.5,-1484.1,0.125,0.0,0,0.0,,False,True,False
0x9c8a3a2ee827f24f2428ff2863599c1d7d410d76,True,2000,883,497,386,56.3,14.84,239699.46,5,1788368674600,1788831892308,5.4,16246.31,0.068,183384.403726,3,61591.59,33.6,False,True,False
0x9c9fe06bcef331296b9e80d8a0f410cd96c0f340,True,490,242,85,157,35.1,1.38,1355.82,8,1787326711330,1787863978262,6.2,1058.41,0.781,0.0,0,0.0,,False,True,False
0x9cbd6572125b6314b429e04916eeed4769d79763,True,2000,974,264,710,27.1,0.31,-61387.39,54,1751099912386,1787226158598,418.1,-20410.79,0.332,7619.516516,1,6313.25,82.9,False,True,False
0x9cca2921be00f6ce8bd015e5eb14d0b0c5d6ea68,True,2000,1036,459,577,44.3,1.11,269.76,55,1780302600847,1788862204718,99.1,78.57,0.291,18367.942576,50,1550.9,8.4,False,False,False
0x9cedb3f23068e53111c1c968c69d7e55e968b911,True,2000,816,362,454,44.4,0.48,-5481.73,18,1780511990548,1786348172391,67.5,-752.68,0.137,0.0,0,0.0,,False,True,False
0x9cfd528704221693ed5783e1c8cb77f05ad68e29,True,1035,567,158,409,27.9,0.72,-7269.58,4,1770425410003,1788561899949,209.9,-3146.54,0.433,26520.74632,1,319.65,1.2,False,False,False
0x9d05ea77099c779d6d068acab8cfa1e67f552055,True,2000,1179,393,786,33.3,0.61,-15744.93,4,1785869391781,1788805319770,34.0,-2934.46,0.186,0.0,0,0.0,,False,False,False
0x9d1792626cc8bfb29acc7e5e7a2f706bb6ada290,True,2000,870,556,314,63.9,1.13,2155.29,51,1785405403776,1788672295723,37.8,-2923.2,1.356,43396.499662,36,4290.89,9.9,False,True,False
0x9d34e5664c40b0191a1262e3fb29ca66bd191897,True,1700,917,576,341,62.8,2.33,21181.2,11,1733046552854,1776556800053,503.6,4270.68,0.202,0.0,0,0.0,,False,False,False
0x9d4fa53cf515b8002b12062341921fb299277255,True,560,279,148,131,53.0,1.27,2139.53,18,1786362158117,1788797002578,28.2,-894.18,0.418,1247.241526,1,404.02,32.4,False,True,False
0x9d68a2a3f33b0403d886b43148fecd2bd00a26bd,True,112,52,35,17,67.3,2.1,1992.43,4,1767607391754,1780061007653,144.1,-1108.13,0.556,0.0,0,0.0,,False,False,False
0x9d8287beb5a9dccd9e2aea4c05cf0e038b6e6320,True,319,191,93,98,48.7,0.64,-1700.31,7,1787477252883,1788835327594,15.7,-576.11,0.339,0.0,0,0.0,,False,False,False
0x9d9585a2be251ad98b4072985796eb7ec5d465db,True,2000,1217,714,503,58.7,3.39,92201.67,7,1778135939581,1788827371070,123.7,13233.57,0.144,0.00052,1,0.0,51.0,False,False,False
0x9da99bb7950b89ebb1d882bbb735f91b62f293f0,True,2000,670,439,231,65.5,2.27,681.94,2,1779563180157,1787162782428,88.0,40.0,0.059,1676.03008,1,-598.82,-35.7,True,True,False
0x9dcb4e22cfffe401891895c45f595ebdcb07469f,True,2000,1135,926,209,81.6,3.68,44222.81,2,1788168886817,1788873088056,8.2,6202.9,0.14,0.0,0,0.0,,False,False,False
0x9de6fa3eaf2e27f7309e04c5437e3eca76551b94,True,2000,794,698,96,87.9,0.64,-4037.9,1,1787522092934,1788190349969,7.7,-3359.23,0.832,0.0,0,0.0,,False,True,False
0x9df0d5af48d565f0e11ea781cad6ed06c5d4ce9f,True,711,316,160,156,50.6,0.66,-14618.71,10,1761064731427,1788795203921,321.0,-15818.44,1.082,0.0,0,0.0,,False,True,False
0x9e0653ff7b7f600dcf2cdcdbad15863fc5c7693b,True,1259,454,280,174,61.7,12.93,52925.9,29,1769694068839,1787349433454,204.3,8394.21,0.159,44253.46157,1,-17941.23,-40.5,True,False,False
0x9e1bdea81888704c1ae586d918942abd30fbed20,True,2000,1167,465,702,39.8,1.22,2328.69,23,1778263158491,1788798301855,121.9,-1206.41,0.518,13832.17815,8,9616.94,69.5,False,True,False
0x9e323d1b353136168b687e6d340e10e582dd9357,True,2000,846,467,379,55.2,0.51,-3190.73,4,1784711850732,1787155036433,28.3,-1409.19,0.442,0.0,0,0.0,,False,True,False
0x9e4aab8a77177cf1d1d65170b601e5673cdc4d84,True,493,272,101,171,37.1,0.61,-31515.99,3,1772360053484,1788559453711,187.5,-18339.34,0.582,194581.379972,1,1671.65,0.9,False,False,False
0x9e61e6353be009104cc8a5905a2b9aacc02f6f45,True,643,301,208,93,69.1,2.08,4818.07,7,1748039217147,1782345600020,397.1,1570.98,0.326,0.0,0,0.0,,False,True,False
0x9e76b92217bd3f88f4d33d8020cd2f3c6f0bd7ca,True,569,336,183,153,54.5,0.64,-4698.98,30,1769380755481,1777998695381,99.7,-1956.0,0.416,0.0,0,0.0,,False,True,False
0x9e897322ae0e75b1eb3d86668d34f2271260b706,True,2000,889,315,574,35.4,0.68,-1772.7,13,1780586026598,1782012433835,16.5,205.37,0.116,0.0,0,0.0,,False,False,False
0x9e9843abb840f28c8185e63f9b4b4bd613d63f1e,True,2000,928,560,368,60.3,1.74,5359.39,33,1736801797493,1788526053548,598.7,1681.6,0.314,0.0,0,0.0,,False,True,False
0x9eadd1782f80a8a33b6974e5b84398d745f7daf8,True,2000,916,261,655,28.5,0.59,-6839.44,26,1742744705016,1788735808626,532.3,1316.81,0.193,2328.073974,1,390.18,16.8,False,True,False
0x9ebb7b7303bf33fbb2e73a678b7e2e2d9a6d585b,True,2000,927,437,490,47.1,0.47,-54379.1,55,1763875459933,1788055636105,279.9,-10907.09,0.201,0.0,0,0.0,,False,True,False
0x9ede5d2ea747ad34e75028d276d9b41edd7e10b9,True,2000,1062,59,1003,5.6,0.06,-28306.54,2,1788726661521,1788878895664,1.8,-1922.04,0.068,0.0,0,0.0,,False,False,False
0x9eeda23e882085c408a049cd608f8afec04cdb73,True,2000,785,760,25,96.8,63.58,5874.02,1,1749777005181,1775652309500,299.5,1092.3,0.186,0.0,0,0.0,,False,False,False
0x9f08dac303c518a4c781bcc0d701b8732dbdb6a7,True,2000,1242,680,562,54.8,0.84,-10405.2,52,1781886680605,1788351097392,74.8,-8065.98,0.775,109752.527356,17,203501.97,185.4,False,True,False
0x9f1c4e9d91de019d1312d34aecee6bc40d692063,True,425,148,95,53,64.2,1.32,3456.1,13,1780055465266,1787966838397,91.6,2113.91,0.612,0.0,0,0.0,,False,False,False
0x9f42ed009685cedea83a3d33713cfffd8051ca76,True,2000,923,472,451,51.1,2.28,28519.28,11,1781627404260,1788670077581,81.5,13292.99,0.466,29289.773837,1,-1688.62,-5.8,True,True,False
0x9f56976c0ba21b50dc3b5588e278668b857eb516,True,2000,1016,401,615,39.5,1.66,45964.27,21,1767796043880,1785218775349,201.7,-12509.9,0.272,0.0,0,0.0,,False,True,False
0x9f70446ed1b0e0d1dea7cb62d3a20244b56544af,True,2000,930,494,436,53.1,1.16,8175.47,29,1785523392391,1788722941379,37.0,2934.42,0.359,0.0,0,0.0,,False,True,False
0x9f9665cd46066310e1a58d20554095689b944a07,True,727,391,134,257,34.3,0.84,-789.85,15,1758532589606,1788849833361,350.9,954.78,1.209,0.0,0,0.0,,False,True,False
0x9fb470376f12af151c9ce88bf7b4acaa13bad02b,True,2000,2,0,2,0.0,0.0,-22.25,5,1788808098206,1788863697606,0.6,-20.95,0.942,69114.4298,1,21536.72,31.2,False,False,False
0x9fc7eeacd27d38a436462bb43ad97e49106820d7,True,2000,479,414,65,86.4,7.65,3726.04,11,1786504029061,1788881803560,27.5,338.2,0.091,1299.080196,0,0.0,0.0,False,True,False
0x9fe546fa346ac092e8069a6d96891509f92f6471,True,2000,878,576,302,65.6,0.64,-32882.33,5,1777035609726,1780986647295,45.7,-19512.69,0.593,0.0,0,0.0,,False,True,False
0x9ff51f28e5c2819c8a48069c467df0e512abb5ca,True,2000,1028,272,756,26.5,1.3,10795.59,25,1780565047794,1788882346296,96.3,5964.63,0.553,18604.759855,5,24841.5,133.5,False,True,True
0xa0036834548290cd1bc289b3accd2e543cca5270,True,245,83,48,35,57.8,0.9,-326.97,2,1772676770446,1773741306369,12.3,1045.26,3.197,0.0,0,0.0,,False,False,False
0xa0206e2ff0f292700f4af68f4f8438911b4e817a,True,2000,981,523,458,53.3,1.85,10173.55,9,1787665533182,1788878518282,14.0,2413.62,0.237,0.0,0,0.0,,False,False,False
0xa038bb7358d30229ae0b6897f521cc3301b85d10,True,1719,687,445,242,64.8,1.71,36673.45,29,1752151257007,1788878628932,425.1,10719.39,0.292,9119.450779,2,4982.27,54.6,False,True,False
0xa0515bcfcfbf9c1a15cd065ec85bb114c27b9508,True,2000,907,307,600,33.8,0.8,-1210.83,9,1777704981835,1787492533751,113.3,511.2,0.422,0.0,0,0.0,,False,False,False
0xa05ff1cfc6286afd9741665adfc91155d849e474,True,2000,1087,496,591,45.6,0.79,-8953.62,12,1769632957023,1779732256341,116.9,-3659.17,0.409,0.0,0,0.0,,False,True,False
0xa07304453bb85df5480e847765e29a8090c6ca3f,True,2000,1032,314,718,30.4,0.67,-2033.98,2,1780728473534,1781027177664,3.5,301.53,0.148,0.0,0,0.0,,False,False,False
0xa0841d1195b533297f692c3d5a7afdfa8872aa43,True,2000,960,443,517,46.1,0.82,-2594.77,5,1777351146042,1788525338691,129.3,-754.0,0.291,0.0,0,0.0,,False,True,False
0xa0a02ee111fac085058e068f184c59c85d45c45f,True,2000,1090,404,686,37.1,1.28,2027.31,24,1778076365585,1788861762145,124.8,1324.23,0.653,2952.427611,1,7.88,0.3,False,False,False
0xa0b514c515006ea21ad88a41a4441b80aafa6524,True,2000,1131,810,321,71.6,1.0,275.55,5,1780249582014,1780460909165,2.4,6158.52,22.35,0.0,0,0.0,,False,False,False
0xa0ca3dcba02de989e35eb3810ad762a222315075,True,2000,1262,1122,140,88.9,5.71,54431.29,4,1782175237133,1787962094547,67.0,2484.38,0.046,0.0,0,0.0,,False,False,False
0xa0d669521cb00bfe43e5fa3bd573dc01dfe6567c,True,2000,1210,450,760,37.2,4.62,189624.81,10,1778644775611,1784436739333,67.0,25634.51,0.135,0.0,0,0.0,,False,False,False
0xa0edd76d84d215092c17c67babe980dc8de20157,True,2000,1088,653,435,60.0,1.13,1101.42,7,1773817333109,1775684845541,21.6,1157.24,1.051,0.0,0,0.0,,False,True,True
0xa0fe03426d916fcd248742fc4152050350af4fe8,True,2000,1046,882,164,84.3,0.13,-412351.88,10,1776440999512,1778378549087,22.4,-79505.8,0.193,0.0,0,0.0,,False,True,False
0xa11a6472522e11287648d5924cb825e6c15c7980,True,2000,916,628,288,68.6,0.86,-2705.22,47,1783384189379,1788754992894,62.2,-5840.38,2.159,0.0,0,0.0,,False,True,False
0xa141c907368bec9bd9ad9ca3bc72decff2927579,True,483,227,77,150,33.9,2.41,44624.0,4,1771068160015,1785283200066,164.5,14590.0,0.327,0.0,0,0.0,,False,True,False
0xa169b50ddb987b06e1c6821403fcba218a4f1e3d,True,1375,458,283,175,61.8,0.99,-1316.38,3,1776418097729,1788842372719,143.8,-7840.43,5.956,17944.961902,1,3612.97,20.1,False,True,False
0xa180f4596b422c62ff61e42211b3cf82fd772e5f,True,564,274,170,104,62.0,0.93,-563.11,2,1779999491818,1781075836173,12.5,-793.59,1.409,0.764695,0,0.0,0.0,False,False,False
0xa1992c3d2a40ce2f6eef416174be7bec91f1068d,True,2000,869,537,332,61.8,1.91,32009.32,6,1780607890237,1788753593729,94.3,13402.45,0.419,0.0,0,0.0,,False,False,False
0xa1b7bbade134db3b14b56056480e81c60ab77377,True,2000,927,275,652,29.7,0.93,-570.75,20,1783355315564,1788835914760,63.4,336.03,0.589,1087.229674,3,258.54,23.8,False,False,False
0xa1c68b685d1c74847c962c2695e972cc464824dd,True,1022,529,428,101,80.9,1.25,1566.62,6,1772740928570,1774652105957,22.1,-4404.0,2.811,0.0,0,0.0,,False,True,False
0xa1d271ce3dc9e6a1a3e4661906ad9d762c4771ab,True,2000,780,430,350,55.1,0.86,-4408.88,4,1770323718654,1788878753226,214.8,-5801.51,1.316,876.940061,1,-37.9,-4.3,False,True,False
0xa1f4c7bf5cfb451911bce8048497b56104550a74,True,2000,1134,372,762,32.8,0.87,-165.73,1,1784772971757,1788875771434,47.5,124.38,0.751,242.364871,0,0.0,0.0,False,False,False
0xa203f0d74d0c46b6171d70846a64e58ce49f9760,True,2000,1051,421,630,40.1,1.69,990.27,53,1784710801404,1788732866460,46.6,145.65,0.147,0.0,0,0.0,,False,False,False
0xa21cbe7ef99295884cb3ad6482841a41768e8ee2,True,2000,864,605,259,70.0,0.5,-14239.32,43,1769830035568,1779321600086,109.9,-10529.42,0.739,0.0,0,0.0,,False,True,False
0xa232d6d4ead231a64c55a0a9f362eeb36b13946c,True,174,113,23,90,20.4,1.7,1843.96,2,1770323776397,1787484920715,198.6,1365.17,0.74,0.0,0,0.0,,False,True,False
0xa24c5ca26c41cc52aeac1d6886d37f6dd5d6949f,True,2000,1203,856,347,71.2,2.64,21546.1,50,1788486047821,1788881495598,4.6,3151.93,0.146,626780.549947,56,-73459.49,-11.7,True,True,False
0xa25a01284ed4bc3e45bc12008d1733eb1002d5a8,True,2000,927,691,236,74.5,4.35,43971.21,34,1750102426574,1788825600043,448.2,3375.89,0.077,0.0,0,0.0,,False,True,False
0xa26cd8f57b8d34c4647cb994f91ca7231cfe5502,True,2000,963,356,607,37.0,1.08,1357.33,12,1777221426500,1788440782279,129.9,985.56,0.726,0.0,0,0.0,,False,False,False
0xa28d0eefe04782b6d8aa989ab4439884e60ac000,True,972,561,426,135,75.9,0.94,-119.77,2,1776437569519,1776607992667,2.0,-173.05,1.445,0.0,0,0.0,,False,False,False
0xa2a19b1f841ffa047ee40fc31a219c27751012e8,True,380,145,74,71,51.0,0.98,-55.62,5,1787146264089,1788792128471,19.0,963.79,17.328,0.0,0,0.0,,False,True,False
0xa2aa667629e1d33e64d18bb996bdd84f0bd51a85,True,2000,1186,848,338,71.5,0.77,-3732.42,3,1743486967786,1778401775231,404.1,-619.8,0.166,0.0,0,0.0,,False,False,False
0xa2c77b17a24a16d63cf32679f6f9d04c7953e4c7,True,2000,965,231,734,23.9,0.76,-1717.97,13,1781782750293,1788826941456,81.5,484.06,0.282,0.0,0,0.0,,False,False,False
0xa2e81e888f4a757bbad012ea9b193e7ab93f1468,True,2000,1393,0,1393,0.0,0.0,-3504050.71,1,1782936932722,1783171260785,2.7,-60700.9,0.017,0.0,0,0.0,,False,False,False
0xa307e1dc91bab89dd316f79ec1870cd4d48800b0,True,956,513,197,316,38.4,1.07,5722.78,2,1755912723483,1783497854358,319.3,10294.95,1.799,9731.775468,0,0.0,0.0,False,True,True
0xa31251c876acb976e54a2993612ea5fa39660cd5,True,2000,949,237,712,25.0,0.59,-1550.71,5,1788305194664,1788837043990,6.2,-161.45,0.104,504.365515,0,0.0,0.0,False,False,False
0xa31a661fa0247e04499291c98c57ca23dc2d26db,True,2000,1029,781,248,75.9,2.33,44174.76,63,1778020849077,1788878070904,125.7,6351.59,0.144,5897.539935,5,-1223.51,-20.7,True,True,False
0xa3271e0ea07475c722474faaa5738a219e3aca96,True,2000,986,557,429,56.5,1.0,-125.39,51,1770985797228,1779408000060,97.5,-1871.46,14.925,0.0,0,0.0,,False,True,False
0xa3371d8b79f0d7e000c79755413ae345990cf4d3,True,2000,835,615,220,73.7,0.49,-29686.2,16,1778448242088,1781740800025,38.1,-4040.2,0.136,0.0,0,0.0,,False,True,False
0xa3448d11301285998db7c6823de68c6053e1c76a,True,2000,1189,310,879,26.1,0.48,-2665.8,10,1787346453177,1788767960922,16.5,-319.26,0.12,0.0,0,0.0,,False,True,False
0xa35e24df0a41ca300d3e6e91f9599b6980df2c67,True,759,363,294,69,81.0,7.16,8094.03,5,1785593875398,1787941084488,27.2,744.65,0.092,0.0,0,0.0,,False,False,False
0xa37265a1d6f09e2077bea4e952a598cd6e937ef0,True,1112,624,518,106,83.0,1.06,4202.77,2,1773011620219,1787172675479,163.9,-44200.0,10.517,0.0,0,0.0,,False,True,False
0xa3841926df41af36b18836839b97a6f13853a374,True,2000,1159,457,702,39.4,0.64,-13276.83,23,1781205337897,1782584655017,16.0,2521.62,0.19,0.0,0,0.0,,False,True,False
0xa3975071a8f6412c8847edb3c5d961d0f9aac591,True,1431,672,255,417,37.9,0.71,-3562.29,16,1768960065586,1779519444448,122.2,626.53,0.176,0.0,0,0.0,,False,False,False
0xa3a7b6a06b128be64a099c7fed49d778008eb48a,True,996,290,195,95,67.2,1.52,2520.42,10,1783518996056,1788876998051,62.0,979.5,0.389,27658.362321,2,-66819.8,-241.6,True,False,False
0xa3be5c26f4365fc4985ed0c82668930e4c75f920,True,2000,973,622,351,63.9,1.57,40069.96,15,1762187105516,1788730382636,307.2,-11594.6,0.289,0.0,0,0.0,,False,True,False
0xa3e23970b685f82164d74f03a6d837f8ffca57b6,True,2000,923,506,417,54.8,0.82,-4149.71,14,1781112974134,1788790821616,88.9,-3086.0,0.744,0.0,0,0.0,,False,False,False
0xa3fc7e0b7571ccf00820307321b044019aeb062a,True,2000,862,442,420,51.3,0.41,-92563.49,13,1780409253468,1788744070477,96.5,-14339.45,0.155,18985.001676,1,37929.67,199.8,False,True,False
0xa412183350a190a370c3104366140d6c4adfefee,True,1416,579,229,350,39.6,1.34,3748.63,5,1780610746328,1787788800012,83.1,-1169.35,0.312,0.0,0,0.0,,False,True,False
0xa42978d2bc8e60c0fe376af977f42ffa06b9cdfa,True,2000,980,852,128,86.9,28.93,6247.32,5,1783562838713,1784709895688,13.3,138.77,0.022,0.0,0,0.0,,False,False,False
0xa437aa303cef291dea44801e80c192d254f559ad,True,2000,981,351,630,35.8,1.18,15298.93,13,1747036649877,1782332177614,408.5,-8838.4,0.578,0.0,0,0.0,,False,False,False
0xa44898949336804325763810e731f7aabf768250,True,2000,1098,439,659,40.0,0.77,-36678.34,17,1771268964461,1783197104528,138.1,6423.6,0.175,0.0,0,0.0,,False,True,False
0xa4561800a4a59093c0f4a4968901788cb9276f37,True,2000,1079,987,92,91.5,4.32,16266.66,19,1780494272038,1786406505080,68.4,890.1,0.055,0.0,0,0.0,,False,True,False
0xa4620fc13546462e817fa49e44f04330872495a7,True,412,232,96,136,41.4,0.96,-217.15,12,1706825874341,1780459752262,852.2,707.57,3.258,0.0,0,0.0,,False,False,False
0xa476ceddcf5f2dab0297b5dcdddf3cba08f4b622,True,215,109,92,17,84.4,1.29,917.91,18,1760792040196,1788765057446,323.8,-2142.52,2.334,6419.771088,3,-742.44,-11.6,True,True,False
0xa49041de8ee64de3897d9c480f143e76129a9f40,True,2000,1008,291,717,28.9,0.49,-2450.54,20,1784295318843,1787666446568,39.0,-308.24,0.126,403.9798,0,0.0,0.0,False,False,False
0xa4ac1d48fe393ac94e7f9480af8abd9360abf48a,True,2000,1407,921,486,65.5,1.44,8864.28,118,1779522391627,1788881068227,108.3,-2424.58,0.274,119180.92736,0,0.0,0.0,False,True,False
0xa4be91acc74feabab71b8878b66b8f5277212520,True,2000,1207,825,382,68.4,13.03,190287.14,3,1774342501478,1783928409564,110.9,5550.44,0.029,0.0,0,0.0,,False,False,False
0xa4e2393a0653980424ceb7b51cedc5c97770bc95,True,2000,806,357,449,44.3,0.41,-13163.05,27,1787392326159,1788750411657,15.7,-1586.74,0.121,518.773282,4,7.22,1.4,False,True,False
0xa4f7d6a008401a608476199a01dcc5487130987a,True,2000,1029,526,503,51.1,0.43,-133181.36,10,1779637547223,1788647795127,104.3,-51944.56,0.39,0.0,0,0.0,,False,True,False
0xa50fb256a57195dc96c3f609f6aa7e1b39d61652,True,2000,1116,518,598,46.4,0.82,-2108.86,62,1727564153565,1781307663958,622.0,-751.25,0.356,0.0,0,0.0,,False,True,False
0xa5262054fe62c1c90cd37a1aba91237bf9f40c47,True,2000,955,512,443,53.6,1.17,1185.07,34,1757337856149,1787554215756,349.7,1232.3,1.04,2116.847361,1,95.38,4.5,False,True,False
0xa545133d9c43ec59ae74d70f37ab9b0b98d08224,True,2000,1098,240,858,21.9,0.25,-44696.3,14,1770256801814,1787702400048,201.9,-14863.71,0.333,0.0,0,0.0,,False,True,False
0xa567027c7a7a5f3b2e2e58de823cef0c3d5e1e1f,True,2000,1066,816,250,76.5,3.15,10766.39,32,1787347933551,1788878694361,17.7,-612.19,0.057,18152.477326,10,-269.7,-1.5,False,True,False
0xa57b0905348cf495b8a61a8bca835f68fcd976d1,True,2000,915,471,444,51.5,0.36,-43111.79,25,1758280637591,1787788800012,341.5,-9158.33,0.212,0.0,0,0.0,,False,True,True
0xa59129c7c1ac3124b6be69ef553bfb934445fc38,True,2000,887,539,348,60.8,0.53,-627.01,1,1779794835516,1781273057969,17.1,-139.91,0.223,0.0,0,0.0,,False,True,False
0xa5b0edf6b55128e0ddae8e51ac538c3188401d41,True,2000,1849,1849,0,100.0,inf,4474711.68,1,1787460771240,1787584946536,1.4,73495.28,0.016,0.0,0,0.0,,False,False,False
0xa5d6a0d96dcc9b88a35056686ce61d5eb05ec966,True,2000,1002,455,547,45.4,1.34,8017.04,9,1787986468340,1788879073692,10.3,3188.1,0.398,14944.683743,1,6.3,0.0,False,False,False
0xa5ebf3d10ff20c64ce89e7bf024249fd7721bc59,True,2000,1062,399,663,37.6,1.11,65.84,53,1782117011965,1788859982217,78.0,22.75,0.346,4466.4614,49,401.64,9.0,False,False,False
0xa6096c169562f1a196d3f344fb5288d38c1cc35b,True,2000,784,143,641,18.2,0.14,-258034.32,21,1764354415293,1782352692060,208.3,-46842.0,0.182,0.0,0,0.0,,False,True,False
0xa61c583d8c2e8173feb19e9f3075c280fa8dae3f,True,2000,1008,811,197,80.5,3.01,7174.5,46,1782237195076,1788842064547,76.4,221.1,0.031,2154.440493,3,169.82,7.9,False,True,False
0xa631f9f949b13a4c8e20a4d6ac419f14b63d601b,True,2000,918,415,503,45.2,0.86,-5322.34,29,1721848192094,1788288102836,769.0,-5649.34,1.061,0.0,0,0.0,,False,True,False
0xa64a287f973700388c631378067ab8f01618514d,True,2000,1485,1378,107,92.8,3.19,7308.63,15,1787366205335,1788365586155,11.6,1115.94,0.153,0.0,0,0.0,,False,True,False
0xa65e8ca77d2ccd61e1a57dddfd2ae2669b30a68c,True,674,237,236,1,99.6,248540.17,214594.43,4,1778486570900,1785493064009,81.1,25776.24,0.12,602.375243,1,-899.07,-149.3,True,True,False
0xa6727cd11f50e42232d147f6eb4122a373975661,True,2000,890,800,90,89.9,19.18,12535.56,5,1788644566997,1788879259584,2.7,696.58,0.056,1342556.663678,1,0.02,0.0,False,True,False
0xa685e0303482ece79b16dc5c1a52bd9dae623dfa,True,2000,962,626,336,65.1,7.96,82448.42,26,1787376690551,1788878948927,17.4,8133.76,0.099,134000.190494,8,79761.51,59.5,False,False,False
0xa6a1140c06c35619038823f58a54f25eb33c29eb,True,2000,951,512,439,53.8,0.7,-2694.21,28,1788805716027,1788882930920,0.9,-289.29,0.107,2599274.97124,36,6782.78,0.3,False,True,False
0xa6bde2bb456610730be4279cb14d75635543f781,True,2000,1015,503,512,49.6,0.63,-37356.44,32,1765745745596,1788529137391,263.7,-7846.66,0.21,2236.954344,2,699.54,31.3,False,True,False
0xa6cb81271418b9f41295fff54be05f6250c7cbf6,True,2000,2000,1820,180,91.0,1.37,4478.37,3,1780085550449,1780166691467,0.9,-90.89,0.02,0.0,0,0.0,,False,False,False
0xa6e8fee68b46f3df678316f02a4cb287a6bd1331,True,2000,864,403,461,46.6,0.64,-16977.02,28,1762529323641,1787841878989,293.0,2968.4,0.175,0.0,0,0.0,,False,True,False
0xa6fab1996dac91ad42c4ad55ec7132f4750a4f8a,True,2000,342,172,170,50.3,1.12,1010.11,4,1788209427246,1788328803396,1.4,431.95,0.428,200000.0,0,0.0,0.0,False,False,False
0xa70e4fa4ebb07466d547f79c8b4f6bee7ffaaf60,True,2000,996,698,298,70.1,4.14,107717.56,11,1760131790052,1787894782119,321.3,15095.75,0.14,31852.842325,2,3050.93,9.6,False,True,False
0xa72dc2d42398e54634fc28e6769f8ce3ae011807,True,2000,914,805,109,88.1,4.65,58763.79,10,1788123002908,1788871219617,8.7,3525.46,0.06,58320.657901,2,-7902.48,-13.6,True,True,False
0xa7405ff2687cb83b8a8a08eeaa4e4bc249344d23,True,2000,947,427,520,45.1,0.31,-8095.6,18,1788107067906,1788879852034,8.9,-1133.75,0.14,4077.80367,1,-682.69,-16.7,True,True,False
0xa7668336c1370434b58a4d67c166eb867d2866c9,True,621,285,4,281,1.4,0.0,-9261.77,4,1779831692632,1779926400013,1.1,-1938.46,0.209,0.0,0,0.0,,False,False,False
0xa774415a657f98b79ae7cf445b36f9ed9ef03168,True,2000,1022,414,608,40.5,1.05,56.12,52,1783990438355,1788862083360,56.4,42.75,0.762,10355.694322,50,826.69,8.0,False,True,False
0xa78ea1cb921870252dc741195584672202379bf1,True,2000,859,438,421,51.0,0.98,-486.18,54,1759291329860,1779850329299,238.0,-3299.04,6.786,0.0,0,0.0,,False,True,False
0xa7aeaf90c1ac62e0f0a46aed7ca6da98fa9d6278,True,2000,925,560,365,60.5,1.15,2580.17,8,1755577370820,1778797362149,268.7,-1762.33,0.683,0.0,0,0.0,,False,True,False
0xa7d3e88c80b5c89860a7291f083ead7cf21f6aac,True,2000,1103,291,812,26.4,5.09,68865.55,1,1785924155846,1788863062119,34.0,10401.58,0.151,148083.397999,1,-1717.96,-1.2,False,False,False
0xa7ede026d1ab268dc7f43955aeb224cc24f99c63,True,2000,958,313,645,32.7,0.64,-32297.73,21,1740119019535,1772557976673,375.5,-9171.87,0.284,0.0,0,0.0,,False,False,False
0xa7fc580773240bcbcc6da98eee28e7989db35ea6,True,2000,984,503,481,51.1,1.5,5949.16,21,1786160182177,1788612803876,28.4,901.3,0.151,8625.993749,1,-1077.51,-12.5,True,True,False
0xa80cc137d1d92a8ea6f67de3d6fc6f59da3cb152,True,2000,1002,643,359,64.2,2.19,84053.34,9,1778211767338,1783909324253,65.9,-9861.62,0.117,0.0,0,0.0,,False,True,False
0xa83b22373f53b777e3755972f72dd7ef0ffcdf16,True,2000,1039,454,585,43.7,1.24,865.28,51,1786179383446,1788861864047,31.0,181.86,0.21,45398.338558,50,3990.97,8.8,False,False,False
0xa844d7ac9fa3424c4fd38a25baa23e460ec3e802,True,2000,764,656,108,85.9,4.41,42781.28,21,1773974573317,1788869899646,172.4,-2568.56,0.06,206282.471662,16,-2605.96,-1.3,False,False,False
0xa85dbdf3b549c10362392aedef9e720acd42d4a0,True,2000,995,438,557,44.0,1.76,64975.58,5,1787611207137,1788746470975,13.1,9275.92,0.143,0.0,0,0.0,,False,False,False
0xa867f01382bddb3bc9525d1151c96c42f4d6d4bc,True,2000,1057,461,596,43.6,2.11,36332.59,15,1763163476564,1788797193774,296.7,6919.79,0.19,0.0,0,0.0,,False,False,False
0xa8760cb7e4bc07af8560a2115f6e1b0874ccd243,True,2000,962,755,207,78.5,11.49,148198.4,8,1781206773616,1788875238930,88.8,5599.02,0.038,108111.426676,1,-21600.83,-20.0,True,False,False
0xa8882a2817179a3ea9f06423852bad557e6c814e,True,2000,834,165,669,19.8,1.03,1177.93,3,1782417642730,1788878449450,74.8,6318.97,5.364,7888.619928,1,-918.0,-11.6,True,True,False
0xa89a1f2432b6f1a5cf2cc894648edd8fbab0a492,True,1873,943,483,460,51.2,0.97,-1230.45,13,1787102498008,1788879031967,20.6,10293.9,8.366,7925.459135,1,-414.73,-5.2,True,True,False
0xa8aaa4d2955666d784a521addababbdd5976e248,True,518,296,275,21,92.9,3.22,2922.8,1,1756039215161,1780185125433,279.5,-860.91,0.295,0.0,0,0.0,,False,True,False
0xa8c1eb4b6818b68396f656fea7016335d77dc3f5,True,1090,550,153,397,27.8,1.27,3339.29,10,1747746361375,1787143388553,456.0,1058.42,0.317,0.0,0,0.0,,False,True,False
0xa8dc22b6cc18fc27dc695bbc6e9a17603b9b095b,True,2000,682,75,607,11.0,0.02,-605628.73,5,1777280837420,1780358400016,35.6,-176672.94,0.292,0.0,0,0.0,,False,False,False
0xa8fc35304cc62e1d07f4ac5d6c52e2bb2903d4d7,True,2000,766,383,383,50.0,0.22,-45746.07,4,1788181281669,1788880235524,8.1,-2416.15,0.053,0.0,0,0.0,,False,False,False
0xa90bef245c7c7199c3b5dc7a7d1c56e432b3c425,True,1639,751,723,28,96.3,79.12,37118.65,5,1781991618111,1788874845652,79.7,4497.3,0.121,3914.31184,1,-72.9,-1.9,False,False,False
0xa91eaecb068242971e637572707c03615c8adf55,True,2000,1012,418,594,41.3,0.46,-14302.97,9,1787324312253,1788866303768,17.8,-2694.32,0.188,13523.894596,0,0.0,0.0,False,True,False
0xa94722f4e1bb3ba112c70943e79082d11838c7cb,True,268,162,152,10,93.8,4.36,17246.36,4,1781752987954,1788443192548,77.4,4716.91,0.274,0.0,0,0.0,,False,False,False
0xa9652690000cd4f9f791429082b653a6036c61cd,True,1266,620,312,308,50.3,0.47,-19457.85,31,1753047469861,1788872733928,414.6,-2283.4,0.117,508.796281,2,-425.34,-83.6,True,True,False
0xa97e87d430599abfd274bd908e2de7bb98eaabbc,True,1394,660,551,109,83.5,3.89,45211.62,8,1770346532332,1776211200015,67.9,3588.75,0.079,0.0,0,0.0,,False,True,False
0xa9907ca411a5a0367bce3dcea76b73f4e20cba04,True,2000,1008,323,685,32.0,0.61,-22849.97,29,1779082076462,1787529600082,97.8,-4960.24,0.217,0.0,0,0.0,,False,True,False
0xa9a0c8295a7d76e6f9cd04927cafd5ef1e6f8b7b,True,2000,971,703,268,72.4,1.97,4314.29,16,1779994620433,1783555200002,41.2,633.0,0.147,0.0,0,0.0,,False,True,False
0xa9bf8879600e2fd49e7cce809c678d37b051c890,True,2000,1309,687,622,52.5,1.04,1157.87,35,1755921067551,1788788731592,380.4,-1550.0,1.339,20582.297047,1,591.46,2.9,False,True,True
0xa9d19fab98003f849094389bc7c4f05c55330e1a,True,2000,727,631,96,86.8,5.17,5170.63,12,1787766534783,1788882193559,12.9,158.0,0.031,8378.83924,3,450.23,5.4,False,True,False
0xa9f077abbebf343b66f967bd55e436d94e6400d8,True,241,74,51,23,68.9,1.91,5166.97,6,1735804145193,1788879249767,614.3,7388.59,1.43,0.0,0,0.0,,False,False,False
0xaa0f6c35dd72d6fb839361134d3a587bc98d3224,True,2000,1114,751,363,67.4,2.58,100977.91,27,1737720897688,1788106105582,583.2,10199.07,0.101,0.0,0,0.0,,False,False,False
0xaa2a72e3384d31da19d3aa41a8ef0355687fe273,True,2000,878,226,652,25.7,0.37,-61982.48,5,1776768590970,1785200870725,97.6,-18147.18,0.293,0.0,0,0.0,,False,True,False
0xaa457326b21f6d12fbed18c0fd50ea65eeeca378,True,2000,782,465,317,59.5,0.84,-351.43,7,1788157167702,1788480000030,3.7,-290.26,0.826,0.0,0,0.0,,False,False,False
0xaa54f6148085eac1969a84bb827bfc6b38fe0970,True,2000,1133,642,491,56.7,1.11,4226.89,12,1769701797296,1774091865003,50.8,-2650.32,0.627,0.0,0,0.0,,False,True,False
0xaa68d344c77d49ea35e88b9d053340f6e5d4e374,True,2000,983,749,234,76.2,0.44,-44109.59,6,1771480162858,1788882140638,201.4,-3736.16,0.085,0.0,0,0.0,,False,True,False
0xaa7c996a8c698579c17b065af01b5aaaaff35aa3,True,2000,1011,386,625,38.2,1.06,130.28,52,1785226316997,1788861966866,42.1,84.8,0.651,22264.761481,50,1984.84,8.9,False,False,False
0xaa8bcd84337b1a5d354f21a0e617fb9f3eb56480,True,2000,991,254,737,25.6,0.84,-7326.46,4,1787951923802,1788877432772,10.7,4337.25,0.592,16294.327401,1,824.0,5.1,False,False,False
0xaa9fc48c6fc41b61fa4ddf1746c4fb13e7d258a5,True,2000,1050,618,432,58.9,0.93,-5693.66,3,1788437871926,1788869693925,5.0,4255.95,0.747,77131.667144,2,8272.29,10.7,False,False,False
0xaab0e94325b4cc716886c9ff6694a76b379b6a2f,True,2000,914,424,490,46.4,1.29,14668.29,27,1764726660792,1788875457180,279.5,-14725.38,1.004,55639.116676,5,25636.16,46.1,False,True,True
0xaad557511c0a41331b4cf9df12a33e15b7edd785,True,2000,796,343,453,43.1,0.29,-33145.67,20,1787146499775,1788822756357,19.4,-8953.01,0.27,300628.904668,5,1028.09,0.3,False,False,False
0xaaef043e06f6771afc65e8363147742d893ad3e7,True,2000,1156,667,489,57.7,0.91,-1311.3,5,1779249391218,1788025926941,101.6,-5042.16,3.845,0.0,0,0.0,,False,False,False
0xab0376df9782b8b3cdcde16d353ce489974b8940,True,2000,988,456,532,46.2,0.73,-15790.38,33,1752753517061,1778905512560,302.7,3187.7,0.202,0.0,0,0.0,,False,True,False
0xab112398e16f586bd2be0bbe490b9c08ca08f86e,True,2000,1239,670,569,54.1,1.0,6.7,1,1788655874116,1788883205563,2.6,-25.46,3.799,7897.922558,1,8.26,0.1,False,True,False
0xab350451b1e2538ccb7b9c6617f44d9ebc5ce3c3,True,1099,472,288,184,61.0,1.09,749.68,15,1775372746701,1780741031109,62.1,-556.5,0.742,0.0,0,0.0,,False,True,False
0xab486f4113795adf61ccbcfa94f39c0d921773a2,True,1624,665,269,396,40.5,2.05,51565.65,84,1705847408308,1788878668489,961.0,27488.58,0.533,0.0,0,0.0,,False,True,False
0xab5e648a28675c9a0dd9c7eb89db1c576e396aab,True,2000,564,446,118,79.1,0.74,-2311.78,13,1781227585182,1788787249747,87.5,-1138.24,0.492,2077.455671,3,-1320.97,-63.6,True,True,False
0xab75bad3cddabc8348cea1be6bdd728b4b2b0393,True,2000,902,295,607,32.7,2.49,25648.31,32,1775801105208,1788843537246,151.0,2232.51,0.087,61136.739098,4,590.67,1.0,False,True,False
0xab865c3fa7f591e0c0594b53b2d3a7426549def0,True,2000,797,414,383,51.9,0.38,-83254.42,7,1772777989561,1787826352312,174.2,-16053.02,0.193,0.0,0,0.0,,False,True,False
0xabbabc05974eb5c37c59f0efb4b66adfc78ad5f7,True,2000,749,571,178,76.2,4.82,53567.74,24,1761953803809,1786057565514,279.0,13185.74,0.246,0.0,0,0.0,,False,True,False
0xabe4741fbaeb732ea8e934b2b258b1dab65186e8,True,492,185,66,119,35.7,0.12,-46075.73,11,1759172877291,1778616592469,225.0,-26133.36,0.567,0.0,0,0.0,,False,True,False
0xabf6f1cb8efae81e2c00c9ac679607651d56ca5a,True,2000,994,347,647,34.9,1.53,14170.15,25,1752235095748,1787750634027,411.1,3493.09,0.247,0.0,0,0.0,,False,False,False
0xac11f0e7b4e21b4871a6d34e0532da67e84a52b7,True,2000,778,546,232,70.2,1.54,19774.46,39,1774602433893,1788526531097,161.2,-11380.99,0.576,0.0,0,0.0,,False,True,False
0xac1cf197766bbf43c6dbe884629b4bc29e245475,True,2000,1019,574,445,56.3,0.76,-9784.93,11,1784340729400,1788843016439,52.1,-6985.7,0.714,0.0,0,0.0,,False,False,False
0xac3195f6f47d99cf2bbbc23ce1e7f7e19d82af2c,True,369,210,130,80,61.9,0.73,-2169.88,6,1772047431600,1778452048416,74.1,-1475.15,0.68,0.0,0,0.0,,False,True,False
0xac4a56c946d72a8f14773571cfa8bd2b5f2f9945,True,2000,594,354,240,59.6,2.43,65067.47,11,1775711101725,1782487998027,78.4,-17177.68,0.264,0.0,0,0.0,,False,False,False
0xac65e5471ad6fa25a6b176397510eccd87af4fcd,True,2000,969,471,498,48.6,1.07,7000.25,47,1763677090195,1787667384996,277.7,6270.81,0.896,14521.479315,4,17195.14,118.4,False,True,False
0xac7708a5c455f2304200e80ddaa95999ae4e1626,True,2000,394,27,367,6.9,0.57,-10190.64,11,1788427753062,1788874962947,5.2,6582.08,0.646,55991.883901,2,13993.09,25.0,False,True,False
0xac853cf81ec1338bf226ad95b959c16337fe6a9d,True,156,50,30,20,60.0,1.22,867.08,1,1783402621589,1784295700148,10.3,-1312.99,1.514,0.003271,0,0.0,0.0,False,False,False
0xac96bc443b14843ceefd00473402b283e74aef30,True,1860,842,245,597,29.1,1.32,861.02,32,1738621164503,1788464445769,576.9,271.32,0.315,286.092309,1,152.43,53.3,False,True,False
0xacad027ec3f4746f052345a5d058591c81fbb925,True,1100,552,382,170,69.2,1.97,13012.87,84,1708006969369,1788747611503,934.5,4824.32,0.371,2939.253217,1,3981.77,135.5,False,True,False
0xacbe5249c6738c8286a693947a3282a879f609f8,True,439,179,128,51,71.5,0.63,-2374.93,9,1761785393277,1788348610450,307.4,-3242.36,1.365,726.766619,1,-100.09,-13.8,True,True,False
0xacd6647a7d20df333164bf82f92210ee5aff4107,True,2000,1651,1475,176,89.3,8.49,12645.17,6,1776948492199,1783511532872,76.0,204.82,0.016,0.181887,0,0.0,0.0,False,False,False
0xacf9b252a644505f0d3071ac01a0f757f49e20c1,True,2000,1015,335,680,33.0,0.84,-1689.57,15,1779238751653,1787185320937,92.0,2082.83,1.233,0.0,0,0.0,,False,True,False
0xad097b9216cf45806e6401d495bfbf74dfbbee94,True,2000,730,195,535,26.7,0.39,-58666.8,1,1783478477592,1787176062670,42.8,5878.95,0.1,0.0,0,0.0,,False,False,False
0xad1aa393d0e263d22dec6f6a7228d540b17d5b39,True,2000,830,455,375,54.8,1.56,10789.15,22,1778874753021,1788022310826,105.9,2176.08,0.202,0.0,0,0.0,,False,True,False
0xad31b438e841f6bb44290502835f8aeb702a31d6,True,2000,609,74,535,12.2,1.08,1800.97,10,1780665513716,1780893888333,2.6,5142.59,2.855,0.0,0,0.0,,False,False,False
0xad4e8891b34781e85f9a53a397d9a1854d4e6853,True,2000,981,326,655,33.2,0.63,-15603.26,7,1763763851537,1787659194756,276.6,-4565.42,0.293,0.0,0,0.0,,False,True,False
0xad59ed47c226987cf458a63428ca10887773ba81,True,2000,1142,1142,0,100.0,inf,116453.45,14,1780644993078,1788848350256,94.9,7385.32,0.063,1764577.76563,9,-7586327.47,-429.9,True,True,False
0xad68fabb1bec8b08c8080ad165ae5bdec64136d6,True,2000,1541,1522,19,98.8,73.18,151113.85,35,1743625956621,1788737917581,522.1,12001.75,0.079,28680.459753,2,-8330.09,-29.0,True,True,False
0xad82e9e0d25be8943bf4483c1d91e4e839d5533d,True,2000,979,283,696,28.9,0.23,-105862.28,16,1759026073166,1788800996858,344.6,-16173.74,0.153,3644.063798,1,1195.06,32.8,False,True,False
0xad99bdf90a9ebfecedbe76b6aaf96ebcc6d7ea8e,True,2000,330,230,100,69.7,0.74,-1392.55,7,1780428807789,1788517864000,93.6,-819.35,0.588,599.829862,0,0.0,0.0,False,False,False
0xadbe6e22ef7fd7a2c6d6bd0dc885799e400cdb54,True,2000,926,261,665,28.2,0.22,-11745.49,11,1784275103899,1787819002352,41.0,-448.79,0.038,111327.390542,1,31991.37,28.7,False,False,False
0xadcd5c5880c030364ba88b31b08af06157ff073f,True,1263,759,533,226,70.2,31.7,169168.26,2,1774627732018,1787896104442,153.6,16516.04,0.098,0.0,0,0.0,,False,True,False
0xade310ee16bf8165fed879d310435349f1fdd171,True,2000,1128,1012,116,89.7,23.56,1045.91,4,1772983037040,1787387084026,166.7,42.58,0.041,0.0,0,0.0,,False,False,False
0xadf8baecb2f26577f679af1255c45424e39473e0,True,2000,911,579,332,63.6,1.02,822.31,29,1788358966646,1788883355020,6.1,-12867.25,15.648,197473.09227,6,5834.26,3.0,False,False,False
0xae01e5e764f5491740ddd0ec029fdd115e6a0f33,True,589,298,79,219,26.5,0.14,-3013.21,4,1788285315384,1788412970348,1.5,-421.54,0.14,0.0,0,0.0,,False,False,False
0xae1bbc96ef0328a2b070c177dcf94a872e018c1d,True,2000,814,323,491,39.7,0.73,-3031.17,33,1787914456125,1788882534861,11.2,811.91,0.268,6289.429244,19,-1150.11,-18.3,True,False,False
0xae2d206ba916eff99af9791e6f3a68abecc96e34,True,2000,1067,173,894,16.2,0.37,-8238.65,16,1787393041001,1788809492293,16.4,734.37,0.089,1029.696437,1,28.76,2.8,False,False,False
0xae40039c2c1b064c039c93458e4a7e1bece3aff3,True,2000,1248,808,440,64.7,0.72,-4051.74,4,1779597688239,1780543804772,11.0,3001.69,0.741,0.0,0,0.0,,False,False,False
0xae60e6a5849f91717aba9d96e098707d7e563421,True,2000,936,540,396,57.7,1.02,325.63,9,1778108600333,1788882385092,124.7,-1196.42,3.674,612.685297,2,-6.7,-1.1,False,True,False
0xae76b825efcce3486df0dc98e22cbc87a6e33564,True,2000,918,627,291,68.3,1.35,8339.11,20,1754174501006,1787935546364,390.8,-2584.18,0.31,1641.920718,1,-1076.7,-65.6,True,True,False
0xae91cb00c413a8d6089ba0bc8bf66fba47a912ea,True,2000,805,310,495,38.5,0.46,-5850.91,65,1782492861969,1785739412954,37.6,-1032.27,0.176,0.0,0,0.0,,False,True,False
0xaea14980ffb4e1642576be82e80a22c0f789af38,True,2000,1016,491,525,48.3,0.48,-1085.83,8,1782386180230,1782404510007,0.2,-130.38,0.12,0.00138,0,0.0,0.0,False,True,False
0xaeb0791ac2f5fa62891babf69d1445ef094fc176,True,2000,640,339,301,53.0,1.15,31345.97,12,1784266689582,1788653501036,50.8,-21677.09,0.692,117465.278612,1,69035.47,58.8,False,True,False
0xaec601c7312d63610c6ce0facfd3b1498fd4fe9f,True,2000,1150,1150,0,100.0,inf,163506.94,1,1781447137461,1782475578788,11.9,4489.96,0.027,0.0,0,0.0,,False,False,False
0xaed022949be3988afef024762f1286f3294348af,True,2000,676,586,90,86.7,3.6,43705.35,1,1782440858296,1783345314831,10.5,-3453.65,0.079,0.0,0,0.0,,False,False,False
0xaef110e674b81435fd753462af5eb56f0e9bb05c,True,2000,871,270,601,31.0,0.43,-45324.64,28,1768273108078,1788879277195,238.5,3662.35,0.081,14832.428548,5,4039.66,27.2,False,True,False
0xaf0c290a190741344e46c0447c451f08782bf5cc,True,2000,943,429,514,45.5,0.73,-3814.75,15,1775633932987,1788669965636,150.9,1197.51,0.314,0.0,0,0.0,,False,True,False
0xaf266b453d153cedc00768bde667eeed537655a0,True,2000,1117,810,307,72.5,0.47,-128069.81,30,1774361856982,1788787041782,167.0,-24303.51,0.19,7872.771695,2,2336.64,29.7,False,True,False
0xaf35f85a2ef1e87814d3b3a01574878a961c166c,True,2000,893,719,174,80.5,0.67,-46975.53,11,1753875557353,1788875164534,405.1,-28238.31,0.601,4635.829195,1,439.96,9.5,False,True,False
0xaf46651b00f1bfc1e25932acbb0a6a52f34ceccc,True,2000,1118,582,536,52.1,1.03,950.19,63,1767516675119,1788880662212,247.3,2165.19,2.279,8853.49328,3,-396.49,-4.5,False,True,False
0xaf5971a903e30b666dc15ded4d6bded78ccc0271,True,2000,934,477,457,51.1,1.47,5600.1,22,1781104784396,1784044816053,34.0,2191.67,0.391,0.0,0,0.0,,False,True,False
0xaf68caebaa151dd592112a07e2344b3950e13561,True,2000,1072,566,506,52.8,1.33,374.42,1,1788536597051,1788881580893,4.0,-44.06,0.118,0.0,0,0.0,,False,False,False
0xaf830694eb0bd1a15b1212af0dc5513140d9bb01,True,2000,812,429,383,52.8,0.89,-4940.96,20,1745242597172,1788877314103,505.0,-3844.62,0.778,156.170586,1,58.85,37.7,False,True,False
0xaf97e83402688954237eef4643671b0dda483f32,True,954,405,157,248,38.8,0.34,-43639.85,5,1780643894998,1785356882854,54.5,-10157.69,0.233,0.0,0,0.0,,False,False,False
0xafa57ac550347f5d99d59a3b2a0015613b6b8ccc,True,1796,897,558,339,62.2,1.43,12267.33,19,1780072714094,1788874800135,101.9,2617.42,0.213,1035.837729,3,-27.31,-2.6,False,False,False
0xafb9813c73513c5dc95dba7b609bf0b7525658e4,True,139,86,29,57,33.7,0.4,-4991.15,3,1787763218530,1787851282974,1.0,-2044.32,0.41,0.0,0,0.0,,False,True,False
0xafd37cebacf159a88e87c4e5ee5473092f27875e,True,2000,848,250,598,29.5,0.44,-17713.6,10,1742144287549,1787484009258,524.8,5127.3,0.289,0.0,0,0.0,,False,True,False
0xafec467cfd93d014484d618d01989f876b0a00a5,True,2000,963,589,374,61.2,0.77,-2622.65,57,1780479397535,1782617159081,24.7,-1576.36,0.601,0.0,0,0.0,,False,False,False
0xb0026ca48937bd18c5941c05decab68b0fcced8a,True,2000,1221,594,627,48.6,0.59,-24248.95,15,1787648899210,1788542144917,10.3,-12433.56,0.513,272139.965521,2,-198981.64,-73.1,True,False,False
0xb01d0612743a3401b16bef157bd69a909e3cd1dd,True,2000,1054,382,672,36.2,0.68,-5248.78,3,1788494800776,1788869788081,4.3,-513.57,0.098,41644.990263,1,-9202.97,-22.1,True,False,False
0xb03fddefa51c6e837e63f2bcdc7fa7c220784889,True,150,77,56,21,72.7,15.09,2349.61,12,1782395644888,1788874386556,75.0,498.18,0.212,2651.188229,0,0.0,0.0,False,True,False
0xb056ee5c6a7c0f8d04fd9afc1bd9ec66f58379a1,True,327,177,67,110,37.9,2.04,3339.06,16,1696779606886,1781547409593,981.1,4190.24,1.255,0.0,0,0.0,,False,False,False
0xb06b2249de7be2f350fa0cac3699b4bce7680e97,True,1118,591,165,426,27.9,1.61,19706.6,13,1776367262008,1781078426460,54.5,10821.88,0.549,0.0,0,0.0,,False,True,False
0xb07b6bf55689840308852c5f9f0ef9ea189b23fe,True,2000,1360,38,1322,2.8,0.02,-40362.76,20,1757975286242,1787308577867,339.5,-9879.94,0.245,837.773778,0,0.0,0.0,False,True,False
0xb0933881e65db74724567d50d6e7b8796b36c01f,True,2000,1017,746,271,73.4,0.92,-5055.27,13,1737295591324,1773144215936,414.9,-7627.35,1.509,0.0,0,0.0,,False,True,False
0xb0a9994b6fc39a6084dc88e56e638fc26cf04376,True,2000,1185,702,483,59.2,1.15,6348.53,31,1768930036836,1788013712631,220.9,7338.79,1.156,0.0,0,0.0,,False,True,False
0xb0bd0d0cedcd00e9b9b04956f6531889575282bd,True,1715,894,367,527,41.1,0.78,-10556.58,31,1753700780907,1788513628301,402.9,-4081.75,0.387,1600.961527,1,-2388.06,-149.2,True,True,False
0xb0dfa4281218929d25e3e41db2566a8e523ec655,True,2000,1075,179,896,16.7,0.09,-108281.54,6,1782390301752,1782504240734,1.3,-13275.19,0.123,0.0,0,0.0,,False,True,False
0xb0fa5e79e5a646ab74d96eaa8aef2467c71e14b4,True,2000,991,440,551,44.4,0.77,-1717.39,52,1783568032198,1788883518669,61.5,468.64,0.273,0.0,0,0.0,,False,False,False
0xb108778052a7dc63dbc6ef6473a69bd3a2da0394,True,2000,842,619,223,73.5,1.02,15.55,11,1775754162580,1786841107332,128.3,-209.07,13.444,0.0,0,0.0,,False,True,False
0xb11d2a552a631b5572ce8d8ba7acf2dac43ee9de,True,2000,1121,740,381,66.0,1.31,4437.34,6,1784936416060,1788874532923,45.6,-923.66,0.208,6808.230833,1,-104.58,-1.5,False,False,False
0xb1356d694f352c5a4e0aacacdcd05ea777c3d09b,True,2000,936,420,516,44.9,1.68,13000.15,18,1787103194283,1788878041599,20.5,7900.39,0.608,17132.43063,1,4133.42,24.1,False,False,False
0xb1505ad1a4c7755e0eb236aa2f4327bfc3474768,True,2000,707,89,618,12.6,0.01,-925232.89,1,1776903992434,1787583126777,123.6,-71520.0,0.077,2182114.842967,1,281678.52,12.9,False,False,False
0xb16edd2d62e8af0affc17a985bb77b306cb2423b,True,2000,949,323,626,34.0,0.14,-44417.75,23,1762168472728,1778781135231,192.3,-3091.24,0.07,0.0,0,0.0,,False,False,False
0xb18515fe0a704251a22c388b14d50c7f01522480,True,2000,773,390,383,50.5,0.81,-13356.19,3,1754096552535,1788536412025,398.6,3746.4,0.28,517.625,0,0.0,0.0,False,True,False
0xb19b6501e697ba1945cf86e3a4b1fe4334c9bf8d,True,1658,899,170,729,18.9,0.11,-286462.63,1,1765852058220,1776859313139,127.4,-32968.52,0.115,0.0,0,0.0,,False,False,False
0xb1c097f1d3b2ad21c3ebae67ba12d10f115b8598,True,2000,881,729,152,82.7,0.74,-7636.0,12,1781893395961,1787860068003,69.1,-5987.99,0.784,0.0,0,0.0,,False,True,False
0xb1ccdb4c28fe323ccf0ac7c801f5add732c0a7f8,True,2000,978,582,396,59.5,0.32,-181851.08,40,1777654936628,1788875636851,129.9,-54555.76,0.3,871.792167,1,-3.0,-0.3,False,True,False
0xb1e8ef9d3732c55790411b341fc2164a87c433fc,True,2000,836,696,140,83.3,2.47,4532.59,3,1787425109962,1788853940376,16.5,405.31,0.089,4101.83706,1,-113.06,-2.8,False,True,False
0xb1fca5ac2255926b02966ed956bdcbaa58729a4a,True,1738,722,132,590,18.3,1.02,649.63,2,1762477969813,1788883218100,305.6,4186.57,6.445,16118.8,1,216.0,1.3,False,True,False
0xb2152c5b6a4667d2e26abd0fc843ef920e758289,True,2000,1967,1966,1,99.9,4255.27,153549.02,4,1772761256129,1780612229983,90.9,10304.37,0.067,60599.0506,0,0.0,0.0,False,False,False
0xb22e88e5c15c0832dc530b1cd6667e53bfc31467,True,637,266,113,153,42.5,0.24,-16971.77,2,1778452431115,1787153257372,100.7,-12379.9,0.729,0.0,0,0.0,,False,True,False
0xb24586e1140172c9d0bfdfc55186203e5f1fec04,True,2000,1192,579,613,48.6,0.61,-16218.89,30,1776267047910,1782851147047,76.2,-1879.44,0.116,0.0,0,0.0,,False,True,False
0xb25092f417f8c56a4de61e26103f9fc53db7bfd6,True,2000,931,556,375,59.7,1.08,18513.59,2,1767364304559,1788843634176,248.6,78493.05,4.24,0.0,0,0.0,,False,True,False
0xb25dc6057b9d0a29fecea75e0f1a2a49692b4c56,True,1285,436,332,104,76.1,0.93,-3689.85,1,1782910085845,1783476839143,6.6,-9607.91,2.604,0.0,0,0.0,,False,True,False
0xb27412dbf8be5f080f693a45508a8dd9882df1c3,True,929,404,264,140,65.3,8.25,5301.93,42,1769803323723,1773242446664,39.8,1270.63,0.24,0.0,0,0.0,,False,True,False
0xb27d15293cfb8268ced50bcc0c8df98ed1f5f6b0,True,2000,972,693,279,71.3,4.5,17593.58,5,1786094711288,1787150400769,12.2,582.01,0.033,0.0,0,0.0,,False,False,False
0xb28bdcb4c7db9370b73f6dbd57671416a0a57dd6,True,2000,509,502,7,98.6,1101.59,31637.43,14,1788585344223,1788825537236,2.8,1398.81,0.044,2.252718,1,-0.22,-9.6,True,True,False
0xb2a968029778e7c68c30a4a16f97f5805dd7d28f,True,2000,1022,659,363,64.5,0.78,-10643.59,27,1710584836033,1783372152834,842.4,-9218.31,0.866,1456.02,0,0.0,0.0,False,True,False
0xb2b96b422eaff4ca3df0e512c2e2991cd568ab7c,True,1156,590,273,317,46.3,1.74,10598.92,8,1780331102388,1788874776667,98.9,2906.18,0.274,0.0,0,0.0,,False,True,False
0xb2d292c645edc15b212f8b23e177c5563ab06023,True,2000,1031,491,540,47.6,0.9,-2470.55,63,1739976482932,1787844366812,554.0,-1493.72,0.605,0.0,0,0.0,,False,True,False
0xb2ef017fa6a71b5f72c856a2901a05fcaee54af7,True,2000,999,588,411,58.9,0.52,-6874.95,10,1785337383985,1788638225682,38.2,-1188.39,0.173,3937.956946,1,2003.05,50.9,False,True,False
0xb30348ac172b8e6cef9ba93a283ea517064a9e4f,True,2000,870,730,140,83.9,0.47,-5238.82,42,1769221317043,1788882949538,227.6,-1850.35,0.353,2481.728514,2,-502.58,-20.3,True,True,False
0xb315067ae6b8ae6dfafd052b630d95b72a91cc25,True,2000,752,453,299,60.2,1.27,7031.69,3,1787884264245,1788584541546,8.1,-1186.42,0.169,133498.432219,2,97956.96,73.4,False,False,False
0xb33b01c9821a99d3d4ec14b1c9a2197524b9af97,True,2000,1097,562,535,51.2,4.75,549420.22,3,1778675548579,1788428496818,112.9,37863.75,0.069,94894.176123,1,-22750.78,-24.0,True,True,False
0xb3585eef110ef84e0c89ceb23e6644615311770c,True,2000,1381,1089,292,78.9,0.48,-44351.46,8,1776700232743,1787844440322,129.0,-5187.75,0.117,44.197896,0,0.0,0.0,False,True,False
0xb36c7e6e58e38ad608748e6a00bda29dbeaec96a,True,2000,1013,543,470,53.6,3.87,105981.9,13,1775957491472,1788854395692,149.3,6900.36,0.065,0.0,0,0.0,,False,True,False
0xb3835ee51e090b259e3e6f1ac0b9ca8b6d96d4c4,True,479,155,11,144,7.1,0.18,-18381.08,14,1733861054783,1778615086539,518.0,2595.09,0.141,0.0,0,0.0,,False,True,False
0xb39bcb3bcafbc8e9085612a832a03daba529626a,True,2000,800,447,353,55.9,1.69,2114.72,39,1784718461227,1788881119571,48.2,709.82,0.336,0.0,0,0.0,,False,False,False
0xb3b6e9fad162a76b1d72b4af2f16ab6a76003e05,True,2000,856,552,304,64.5,0.47,-78688.55,9,1751065277386,1788535543257,433.7,27948.0,0.355,0.0,0,0.0,,False,True,False
0xb3dc6ff7c5bb3f1fe7b79def802048ead10f8690,True,1287,667,453,214,67.9,3.52,6042.43,48,1702297112736,1787903343464,990.8,625.29,0.103,0.0,0,0.0,,False,True,False
0xb3f6e34d2a9cd604aea436796d1d99dbfc9e3162,True,2000,755,378,377,50.1,1.11,2185.74,24,1777045961578,1788849566148,136.6,7518.09,3.44,2979.458847,1,-814.51,-27.3,True,True,False
0xb40da15b8cc492fff87d9b1e06bb45769d7e75d9,True,2000,1087,790,297,72.7,7.19,131942.47,17,1788559254530,1788884047659,3.8,14092.99,0.107,999842.084997,8,31253.68,3.1,False,False,False
0xb41a027fb526bd5f397f9e62b0f71fbe90e10845,True,2000,979,653,326,66.7,0.82,-3587.06,8,1787151276973,1788881931945,20.0,-2292.88,0.639,7223.867956,0,0.0,0.0,False,False,False
0xb4413bdefd1b82a75ed002d378f52b74d3fa908a,True,2000,1167,1091,76,93.5,153.46,84689.21,3,1787154441736,1788743533598,18.4,3114.04,0.037,193775.363403,1,21806.49,11.3,False,False,False
0xb46b26312d298a3673a720766be72cd1203a0741,True,2000,958,517,441,54.0,0.59,-2779.2,19,1776088139566,1781516191779,62.8,-2583.29,0.93,0.0,0,0.0,,False,False,False
0xb48616b68d0a8c86482be79cdfdcddc023d06c3e,True,1928,572,478,94,83.6,17.33,121457.95,12,1767885534032,1788769941436,241.7,6763.49,0.056,14632.041049,1,-51268.95,-350.4,True,False,False
0xb4a1ecdded5ac0b554d1f8788dd307f01e8b8682,True,290,135,33,102,24.4,2.3,6881.86,7,1776033263490,1788452976335,143.7,3156.36,0.459,0.0,0,0.0,,False,True,False
0xb4bb06f432cc5f1d12eeea7fe5d0c52bee7b1cab,True,2000,969,659,310,68.0,0.59,-2422.39,6,1774316818274,1787167346617,148.7,-1806.27,0.746,0.0,0,0.0,,False,True,False
0xb4cf939100e61c56b7673567ed07881debd2f8db,True,2000,879,545,334,62.0,1.89,16645.64,29,1773846929434,1788875154423,173.9,2261.84,0.136,0.0,0,0.0,,False,True,False
0xb4e7a5e17e0c3b3182a4aad7902e9f08060a2427,True,2000,1000,857,143,85.7,2.98,5577.6,14,1787677454630,1788881922935,13.9,-410.34,0.074,582.978946,1,-3.3,-0.6,False,True,False
0xb4f853ce84c05ee1dfe03971a13c45b057db335c,True,2000,851,321,530,37.7,0.33,-3609.27,14,1784661383220,1788782236139,47.7,-930.15,0.258,94.734993,1,-4.94,-5.2,True,False,False
0xb510294b1daaffc95ca3294343328d4aa691a44a,True,460,252,126,126,50.0,0.51,-1188.25,3,1774385262118,1775748900442,15.8,-209.6,0.176,0.0,0,0.0,,False,True,False
0xb528dbc4a5c0ac1bdf2102b42644685793fd87ec,True,2000,854,465,389,54.4,0.76,-18809.25,1,1779498886917,1780322120404,9.5,-16775.08,0.892,0.0,0,0.0,,False,False,False
0xb54628ed104d8507ae7b3c9fb296d9cf9c9a1f78,True,2000,893,695,198,77.8,1.03,2109.07,28,1769796745310,1788647208249,218.2,-13888.97,6.585,20752.66434,9,-2459.91,-11.9,True,True,False
0xb55738fc8581c5f725a0c9fdd06dc834c981a9b7,True,822,378,134,244,35.4,1.37,3839.78,5,1781670391201,1785857305194,48.5,2647.22,0.689,0.0,0,0.0,,False,False,False
0xb5714d5ed496d5a7564c821f7127ce1a77fa75f8,True,2000,957,613,344,64.1,0.3,-3327.37,21,1772040858186,1774425145978,27.6,-1097.98,0.33,100.000004,0,0.0,0.0,False,False,False
0xb5998701b7db5bf4c92f8226dd4921f0755e6f0c,True,2000,1048,173,875,16.5,0.22,-35123.42,3,1783672037583,1783938354577,3.1,-5138.05,0.146,0.0,0,0.0,,False,False,False
0xb5b10ad0f811d0efce0fa8e06e7e0dfa70f32b16,True,2000,1409,259,1150,18.4,0.02,-212636.13,6,1784131054874,1787364564529,37.4,-20824.82,0.098,0.0,0,0.0,,False,False,False
0xb5c38b7387b9a851f25789b20f023caf0ee5c03e,True,971,420,140,280,33.3,0.7,-4812.19,32,1733040885206,1788674115534,643.9,-6540.08,1.359,0.0,0,0.0,,False,False,False
0xb5dd22214615bbf1cee6cebc15e2c9e1af3f5f3a,True,1823,818,328,490,40.1,1.5,5090.55,31,1782379056508,1788879169335,75.2,1215.95,0.239,60.58506,1,14.39,23.7,False,False,False
0xb5f996d158b83f3f3a4a36fbb5be0f4ee8baea40,True,2000,1092,528,564,48.4,1.41,3061.31,4,1781053855246,1782155326961,12.7,880.38,0.288,0.0,0,0.0,,False,True,False
0xb6155dca997dce2e3a45e14c86dd61739cad5e84,True,2000,933,482,451,51.7,0.83,-3184.58,11,1786014980713,1787206797586,13.8,-835.06,0.262,0.0,0,0.0,,False,False,False
0xb63633d726a54a29bfba0b12f57d6f847e306d9d,True,1041,506,219,287,43.3,0.02,-8368.45,32,1762815469912,1777652643561,171.7,-2340.31,0.28,965.403086,0,0.0,0.0,False,False,False
0xb64460b8f4a2f521b815a209f053d35fb1977d51,True,2000,1038,181,857,17.4,0.33,-781222.66,5,1780371780460,1787475196872,82.2,-64648.31,0.083,760329.532124,1,276230.08,36.3,False,True,False
0xb65cd080c03562693a9ad5ee6cda677d52808489,True,1232,769,183,586,23.8,0.42,-299148.04,2,1781521116512,1784943415134,39.6,-37238.64,0.124,0.0,0,0.0,,False,True,False
0xb668858ff53322d5511651a2cd92391eb5d60ee3,True,2000,1158,491,667,42.4,0.7,-168.23,1,1788859238580,1788884305043,0.3,-64.81,0.385,0.0,0,0.0,,False,False,False
0xb67c4c91728e6865b216e11d54b50c75bbd3fd5f,True,2000,1240,952,288,76.8,5.96,4045.82,1,1788863433217,1788884297253,0.2,391.41,0.097,56145.118444,1,47.35,0.1,False,True,False
0xb693650df458c5e93939d8dd3e7b847527b55397,True,2000,1007,409,598,40.6,1.22,539.39,51,1785665531757,1788874843298,37.1,129.54,0.24,28903.851153,50,2443.17,8.5,False,False,False
0xb6a20978de9e1370783308d9f288ac5511242da7,True,2000,1002,224,778,22.4,0.94,-1483.82,20,1779973339784,1781617519677,19.0,-2344.61,1.58,0.0,0,0.0,,False,False,False
0xb6c049f4e85e64f5e25fc6436fa089613c6d2a18,True,2000,868,642,226,74.0,4.47,76807.84,39,1772335407584,1787534530992,175.9,18817.49,0.245,0.0,0,0.0,,False,False,False
0xb6d270e5e591eefa94afc33efda9b37aba507f94,True,722,369,20,349,5.4,0.23,-4322.6,1,1783463833785,1784447931383,11.4,457.35,0.106,0.0,0,0.0,,False,False,False
0xb6f62cfe7b32342b4e017cb0879dadc8ab068505,True,2000,1524,276,1248,18.1,0.51,-16181.39,12,1780559163710,1786284856608,66.3,-2018.47,0.125,54.129781,1,47.95,88.6,False,True,False
0xb70c32dc4a02dd77086248e5b3e6c47f764cac90,True,2000,1275,1087,188,85.3,15.71,129143.39,6,1787934173010,1788861454968,10.7,2497.49,0.019,0.0,0,0.0,,False,True,False
0xb727cdaf7c727be131834c6a3c41587efffe25c3,True,818,480,319,161,66.5,2.92,30513.69,23,1700984882753,1788730057258,1015.6,-6343.77,0.208,14973.071773,1,-408.55,-2.7,False,False,False
0xb747bc6913eaca8f6d57831b9ca0c03fa3c83967,True,2000,980,340,640,34.7,0.52,-3183.42,5,1775741579028,1780544665149,55.6,-571.65,0.18,0.0,0,0.0,,False,True,False
0xb7579932eb4d57d92b7f8f65e95c3a918964310d,True,314,173,83,90,48.0,0.26,-907.13,2,1777194049170,1782873779823,65.7,-354.66,0.391,0.5,0,0.0,0.0,False,True,False
0xb7658d7c63b6c1fc7254fe9402a95d044db70dbc,True,1676,975,824,151,84.5,26.56,422190.31,6,1783850682036,1788857232929,57.9,19974.73,0.047,83071.321975,1,26420.91,31.8,False,False,False
0xb7863a303db6057743747e8a12b7fc5d53389406,True,2000,529,311,218,58.8,2.96,14246.3,29,1785281155583,1788877478147,41.6,1012.03,0.071,2335.065108,5,1199.99,51.4,False,True,False
0xb798aef79972ce8f73d47b9ebbcda6bbb7ec4fbf,True,2000,1521,1214,307,79.8,65.61,1293306.77,4,1782107006359,1784906694608,32.4,209564.71,0.162,0.0,0,0.0,,False,True,False
0xb7bf2a0d05433b66a1f186f65adcb8c928b52ad5,True,2000,1177,896,281,76.1,2.48,7420.67,36,1776085210024,1788789903363,147.0,-356.1,0.048,1017.894594,3,-1305.29,-128.2,True,True,False
0xb7ccdb75f39d2b74b0c3588c43d909e136512da6,True,2000,1731,136,1595,7.9,0.03,-316642.73,22,1766753714386,1787281355761,237.6,-11990.15,0.038,4.498419,1,3.92,87.2,False,True,False
0xb7e0b9fbc9479330d70bcc82a7d4325a20e8d1aa,True,2000,2000,2000,0,100.0,inf,255098.23,2,1788697875028,1788852894047,1.8,1473.91,0.006,1144537.385017,1,-329768.23,-28.8,True,False,False
0xb7ee85ee5d75ac4a3f088754749f5b4d2759a04c,True,251,88,88,0,100.0,inf,10649.01,7,1767072455739,1783132602492,185.9,765.6,0.072,0.0,0,0.0,,False,False,False
0xb80af21d4846dc636d191fe501f50a707c4b3586,True,2000,1440,376,1064,26.1,1.14,5595.88,9,1782133781053,1788525983416,74.0,5760.04,1.029,0.0,0,0.0,,False,False,False
0xb8243756956e722bff5c763971b562ac551bfbd2,True,2000,896,60,836,6.7,0.0,-133956.28,1,1787240194876,1787624278828,4.4,-10386.82,0.078,0.0,0,0.0,,False,True,False
0xb8421159252ecf26b066127b4f86896ae8de78ea,True,2000,979,525,454,53.6,0.91,-2043.89,38,1745197660411,1781522315821,420.4,3816.49,1.867,0.0,0,0.0,,False,True,False
0xb85bf31a9540e631461f295fbe1a3c3d9b8800fd,True,2000,914,452,462,49.5,0.08,-143395.72,5,1788618500765,1788882163102,3.1,-3751.14,0.026,103754.7,2,-11746.55,-11.3,True,False,False
0xb86941f1359b08477613d28822d7babe1f525132,True,2000,832,522,310,62.7,0.79,-7093.08,9,1781229452432,1788755675653,87.1,-10757.3,1.517,0.002458,2,-0.0,-41.0,True,False,False
0xb874e08dc857c4a53565cf4c79e42b8ffb716ea2,True,903,424,301,123,71.0,3.75,16519.91,16,1783337298053,1788733657401,62.5,1398.4,0.085,0.0,0,0.0,,False,True,False
0xb88995eae7b23ccd26c1f92308e6587bcd3e1c1a,True,2000,952,466,486,48.9,0.91,-2785.78,21,1781897504651,1788874846061,80.8,1883.28,0.676,0.0,0,0.0,,False,False,False
0xb89c67bd76ed7507dd776ba9268926da3b053d5c,True,855,435,134,301,30.8,0.47,-9145.57,5,1775457391377,1788346230991,149.2,-1389.99,0.152,0.0,0,0.0,,False,True,False
0xb8c911b78fe735fab60898129e1607d6c2d83418,True,382,158,97,61,61.4,0.99,-114.39,1,1786124255584,1788531595971,27.9,-2296.36,20.076,0.0,0,0.0,,False,True,False
0xb8e7498c22a3dc8738a8484f0ae61ac103984161,True,203,50,28,22,56.0,1.19,835.4,3,1780542449897,1782202821681,19.2,-1636.28,1.959,0.0,0,0.0,,False,False,False
0xb8fc9614028221a4bcabaca9f017d3a0d4f68ee5,True,1845,1195,190,1005,15.9,1.35,5921.74,7,1767193916772,1788131077870,242.3,6080.69,1.027,16996.99088,0,0.0,0.0,False,True,False
0xb91b9e4a07063a38981c39ea47bc8829a51a29fe,True,1880,806,290,516,36.0,0.24,-20878.05,14,1779542135652,1788847306066,107.7,-2469.36,0.118,0.0,0,0.0,,False,False,False
0xb93c4b606448e06de0f86d24b712aa7672ee43f9,True,2000,1022,375,647,36.7,1.01,6.81,52,1784709427873,1788858948594,48.0,54.63,8.021,11388.631782,50,967.61,8.5,False,False,False
0xb946e944271ba2c135f5fb9b7d60f9648ce5ef0f,True,2000,979,307,672,31.4,0.74,-4588.66,48,1781199235636,1788874749562,88.8,1279.19,0.279,2894.643943,5,1081.99,37.4,False,True,False
0xb95fbd2d2d1c72451200fa4819c3b2e53de112bf,True,2000,855,111,744,13.0,0.28,-24387.44,4,1776357206085,1777469980620,12.9,1601.42,0.066,0.000489,0,0.0,0.0,False,False,False
0xb981a0c739dddb86a40c576aa1fd75f491184e0e,True,2000,936,635,301,67.8,1.26,32234.9,4,1785452967661,1788721587516,37.8,30443.41,0.944,46791.176967,1,21974.39,47.0,False,True,False
0xb992f93df855a64403876bb86e14742b95bcad94,True,563,244,244,0,100.0,inf,47743.34,5,1778100561206,1787702400048,111.1,8307.51,0.174,0.0,0,0.0,,False,True,False
0xb99e1acc3c49904fab9e4bb1c2ccf83d9a72fbcd,True,2000,858,563,295,65.6,1.14,4125.26,10,1780645685489,1788801749709,94.4,2288.26,0.555,11957.094054,3,14652.49,122.5,False,False,False
0xb9af476ef1dfa2c835f31fe1160c0c2f75c98da0,True,1489,703,357,346,50.8,1.09,989.5,15,1780245234505,1784224426132,46.1,-1265.47,1.279,0.0,0,0.0,,False,True,False
0xb9c43c905ef54149c9185b38d99c5541aa251bde,True,1737,606,143,463,23.6,0.54,-11015.24,6,1774864792772,1776872512629,23.2,-3133.57,0.284,0.0,0,0.0,,False,False,False
0xb9ea795fb8f8c750ee0cbcf17bfe2de210cfe41d,True,2000,1039,744,295,71.6,1.11,3502.78,4,1781619475186,1788529677376,80.0,-14821.26,4.231,0.0,0,0.0,,False,False,False
0xb9fee87ada5100e29afaad51a2c60096010154c2,True,2000,1076,651,425,60.5,0.8,-21863.25,35,1751229054593,1788880923508,435.8,-28566.04,1.307,4743.758878,1,3600.51,75.9,False,True,True
0xba119c5f1ad73e2b9d263a17b3909d4ba0026597,True,2000,1182,547,635,46.3,1.06,393.61,14,1788335061027,1788596775437,3.0,1592.73,4.046,0.0,0,0.0,,False,False,False
0xba29a7fffc47a42fd1263620b6b714924beb4228,True,292,144,143,1,99.3,1217.16,78451.13,5,1773493072823,1787851083410,166.2,4813.38,0.061,0.0,0,0.0,,False,False,False
0xba330015823fbaaba330b89198611a1fae2973d0,True,284,153,112,41,73.2,0.38,-11667.94,5,1779704865171,1786867152303,82.9,-5717.49,0.49,0.0,0,0.0,,False,True,False
0xba4387ac1a36f648d1044b2f79023d1f42aa8ee3,True,2000,1057,711,346,67.3,1.47,43243.68,28,1780280498086,1784232020427,45.7,8211.43,0.19,0.0,0,0.0,,False,True,False
0xba5208ba9c854c84405556824d41431812239d57,True,2000,1039,368,671,35.4,0.83,-4747.78,33,1741959176198,1782312520478,467.1,3420.45,0.72,0.0,0,0.0,,False,False,False
0xba64397dcf6f2d89c3df6f5709169f2ebed6c6a7,True,610,284,175,109,61.6,1.69,5312.5,11,1771869023701,1781034880675,106.1,2336.85,0.44,0.0,0,0.0,,False,False,False
0xba7ed9d449227d260a573c549960e968322797a7,True,2000,1096,453,643,41.3,0.94,-5593.64,27,1770331926243,1779817130572,109.8,5647.98,1.01,0.0,0,0.0,,False,True,False
0xba9af5d84004b3c2fe143595e06a548b205e7639,True,1481,744,238,506,32.0,1.01,94.64,19,1732865939800,1784281357933,595.1,-1022.65,10.806,13760.14,0,0.0,0.0,False,True,False
0xbaaaf6571ab7d571043ff1e313a9609a10637864,True,2000,1051,1023,28,97.3,5451.27,117670.98,3,1779397837278,1788194593802,101.8,9079.17,0.077,0.0,0,0.0,,False,True,False
0xbabe4a0dc9412f73aa0e4bc4a076428dfc27e69b,True,2000,901,432,469,47.9,1.58,70662.88,9,1737250819676,1785874856787,562.8,17678.26,0.25,22444.976391,1,-36619.48,-163.2,True,True,False
0xbad27601efdf6e5e0d025c72f7e9ce98fc2a7968,True,2000,672,608,64,90.5,1.73,19627.37,18,1787716332550,1788884293176,13.5,8882.91,0.453,93445.096528,6,-25349.71,-27.1,True,True,False
0xbaec4142f328ec41e9003ba07fa71fa880f2d42d,True,2000,849,771,78,90.8,1.37,20721.41,4,1764890449045,1788455793423,272.7,-7142.52,0.345,131906.820297,1,-239820.0,-181.8,True,True,False
0xbb001ec2d6e4fd80ee0384cad8d4392938e844dc,True,1861,748,555,193,74.2,8.13,42591.15,24,1735812211815,1788791245664,613.2,11260.49,0.264,16245.646595,1,1850.51,11.4,False,True,True
0xbb12eb163fef4fad51ab6e4d82d29745680e92f6,True,13,13,0,13,0.0,0.0,-7406.45,1,1780701860443,1780702610877,0.0,-4030.03,0.544,0.0,0,0.0,,False,False,False
0xbb2a3c1f71a033c6c9badb8ad4df02fc2b61dddb,True,2000,1212,541,671,44.6,3.06,33781.53,17,1787284434391,1788605911423,15.3,2020.33,0.06,0.0,0,0.0,,False,False,False
0xbb403d793dda52f8512950953771b7c341086120,True,2000,652,327,325,50.2,0.34,-22836.52,73,1741267259953,1788874863136,551.0,-4384.88,0.192,9917.66587,6,5227.44,52.7,False,True,False
0xbb50dc9a02b307bbfabf50159a0ef63ec9df45b6,True,2000,906,474,432,52.3,5.18,47589.13,23,1764384708519,1788880867222,283.5,1779.83,0.037,44372.627976,2,-13430.3,-30.3,True,False,False
0xbb66f72a509607052a9d0b2cebcd84295c73c25e,True,2000,988,551,437,55.8,0.72,-6069.38,27,1754919508416,1778808466510,276.5,-5569.44,0.918,0.0,0,0.0,,False,True,False
0xbb828515677729c4db2f790a52cf14b1c659e19f,True,2000,1367,890,477,65.1,1.29,2661.43,40,1788880999098,1788884745458,0.0,1289.48,0.485,264727.024052,41,3123.48,1.2,False,True,False
0xbba0681681815bd70f9075e0235e7997b7b519d9,True,2000,774,87,687,11.2,0.03,-49516.94,6,1788602534512,1788880908980,3.2,-3006.45,0.061,102056.610766,2,23199.24,22.7,False,False,False
0xbbbf98bee745bb4c9c11a09c37c9c15635efd59e,True,2000,1070,449,621,42.0,1.33,2255.33,14,1770819330868,1782487575228,135.0,417.56,0.185,0.0,0,0.0,,False,True,False
0xbbccd85a830845225a00da331ec23b9e3825fd85,True,2000,905,467,438,51.6,1.12,3610.5,26,1782403800503,1788878903055,74.9,3897.08,1.079,0.0,0,0.0,,False,True,False
0xbbeccd5312e421d5e94244e4c31cb3d08fba2639,True,2000,1193,663,530,55.6,3.1,13694.08,54,1778872144997,1780481861358,18.6,707.48,0.052,0.0,0,0.0,,False,True,False
0xbbfd8f29f9c7f7119858d9ec7f4bb896182b7d69,True,2000,1299,27,1272,2.1,0.0,-33965.5,8,1788706157253,1788876957209,2.0,-685.98,0.02,46813.020207,2,2407.0,5.1,False,False,False
0xbc149b172da4c5da0bfc3a24a876f754e501b782,True,2000,974,418,556,42.9,0.78,-4196.91,21,1787620109103,1788859091023,14.3,3649.64,0.87,10441.03733,1,378.98,3.6,False,True,False
0xbc261e8ba345dfff4d5bbc3276e3428708a21416,True,1440,688,296,392,43.0,0.22,-18157.31,16,1757753010876,1788707857367,358.3,-1920.97,0.106,3116.65149,2,254.64,8.2,False,False,False
0xbc3bc1263ebb93a76d83e7af99192dee7f46f59d,True,2000,970,428,542,44.1,1.24,999.47,51,1786177667146,1788861884501,31.1,243.71,0.244,7243.102352,50,4480.73,61.9,False,False,False
0xbc4c0177c6b5b1d17d46162dea0714fa4f0369f5,True,2000,1174,123,1051,10.5,0.02,-195349.31,5,1781025792836,1788849983675,90.6,-11553.05,0.059,163397.353964,0,0.0,0.0,False,True,False
0xbc703fbf7ec575c7d582c2346ec3d286bcff3044,True,2000,237,157,80,66.2,0.31,-59319.69,2,1771494720571,1787152008869,181.2,-52212.43,0.88,0.0,0,0.0,,False,True,False
0xbc8c4c726ab237ff6ac78712c7684f9e7e392a3c,True,1903,838,404,434,48.2,0.62,-11039.42,16,1785949902147,1788878967568,33.9,-2396.63,0.217,0.0,0,0.0,,False,False,False
0xbca6df6c4a7262f8dd4eef258f45e2f7db3b9e29,True,688,341,153,188,44.9,1.34,2012.13,5,1764442090143,1783056778430,215.4,1268.88,0.631,0.001261,0,0.0,0.0,False,False,False
0xbcb9778f69db37163306883de7a454a386b33008,True,655,298,77,221,25.8,1.83,10327.15,15,1778035883919,1782926633748,56.6,2897.46,0.281,0.0,0,0.0,,False,True,False
0xbcd2d916a031b6465c3c85fa41d8934d56815b2c,True,2000,948,317,631,33.4,1.04,533.08,18,1770621180948,1781779259287,129.1,2690.79,5.048,0.0,0,0.0,,False,True,False
0xbce3d34f25f1848fe439717d4b428eff0d0753e6,True,2000,1101,80,1021,7.3,0.22,-212901.94,51,1723420800022,1788545701736,753.8,-22253.07,0.105,0.0,0,0.0,,False,True,False
0xbceffb3dd59e28e34a28ff7f317a8dd99889fbfc,True,2000,889,401,488,45.1,0.74,-3276.66,56,1778310661242,1788845900545,121.9,1601.72,0.489,628.550401,0,0.0,0.0,False,False,False
0xbd098eacbd834011d4a3303e299331baa7aba6b7,True,832,290,154,136,53.1,0.67,-2346.08,35,1734800335025,1784937600066,580.3,941.15,0.401,0.0,0,0.0,,False,True,False
0xbd1be550c879f58bbdd7563765b67a16ddf73edf,True,1581,649,284,365,43.8,0.68,-2621.31,4,1770392525354,1779617689811,106.8,-484.6,0.185,0.0,0,0.0,,False,False,False
0xbd34523189edc7a9e9c202a15e00afe18ba4bc7f,True,1787,516,142,374,27.5,4.23,52281.36,6,1769905870981,1787779979239,206.9,3965.91,0.076,464979.914939,1,44062.11,9.5,False,False,False
0xbd4a5c7d1bc09b4dc896f269795c7a1e118cacd0,True,2000,830,409,421,49.3,2.94,36813.56,31,1776094341019,1788874932571,147.9,2144.22,0.058,10962.496238,2,-831.62,-7.6,True,True,False
0xbd6b53ebcbe2998556d652471cc2bb607f90046f,True,2000,996,996,0,100.0,inf,1145367.05,3,1788561925964,1788739200041,2.1,27278.69,0.024,0.0,0,0.0,,False,False,False
0xbd7c4053628fc8b202379602bb8adacf2cb5abc7,True,2000,1060,263,797,24.8,3.03,30185.94,13,1787223204106,1788883101496,19.2,2190.33,0.073,59181.304726,1,-633.35,-1.1,False,False,False
0xbd9c944dcfb31cd24c81ebf1c974d950f44e42b8,True,2000,1354,589,765,43.5,0.59,-22839.89,16,1787693741380,1788524006207,9.6,-4642.37,0.203,0.0,0,0.0,,False,False,False
0xbda9009d92d3cd2fd16e7a65331225ca77dd2d77,True,2000,858,259,599,30.2,1.07,1769.4,6,1782263802648,1787521478873,60.9,2001.84,1.131,0.0,0,0.0,,False,False,False
0xbdc3ea30439342be79171a483d8dceaec8177dc8,True,1665,598,259,339,43.3,1.23,3463.15,7,1770451669257,1787647029356,199.0,3193.1,0.922,0.0,0,0.0,,False,False,False
0xbde047d965a1b13fe37d11e5df31ed110ffbb92b,True,2000,901,745,156,82.7,4.46,68823.31,4,1781354471217,1788526147083,83.0,-5756.65,0.084,0.0,0,0.0,,False,False,False
0xbe0aaab8ee5b59d6003259be6891fe07dd6b391f,True,2000,967,417,550,43.1,0.62,-366.91,3,1779001263251,1779321600086,3.7,-511.15,1.393,4215.085002,0,0.0,0.0,False,True,False
0xbe16e65257b3ecad42b8c564fa24c73bee703ca4,True,2000,1172,114,1058,9.7,0.25,-3043.82,3,1758703179667,1787835721715,337.2,812.07,0.267,6.517474,1,17.54,269.2,False,True,False
0xbe2bfb443511e36cb86feccf47fa1acf3f371f43,True,2000,859,491,368,57.2,1.6,4820.1,19,1763728234393,1785254423557,249.1,-1093.0,0.227,504.979093,0,0.0,0.0,False,True,False
0xbe3f79ae0ab3294aaa3230c1155e912c05b6a55b,True,2000,1859,1435,424,77.2,3.69,86477.36,14,1784849271161,1788704788248,44.6,2651.07,0.031,125821.304742,0,0.0,0.0,False,True,False
0xbe601566ee47af5a891ad15ea72f2fa6ec608f15,True,2000,851,260,591,30.6,0.72,-8101.09,5,1784565618136,1785405372670,9.7,2918.01,0.36,0.0,0,0.0,,False,False,False
0xbe6b18610e909da0df0a35e48375ed93c269db30,True,2000,1034,670,364,64.8,0.89,-5488.32,8,1770655000542,1787144327086,190.8,-4492.13,0.818,0.0,0,0.0,,False,False,False
0xbe7ad142aac208a92545b3e7accc51086210ef9e,True,2000,1098,281,817,25.6,0.87,-4019.59,22,1758483681215,1788569136804,348.2,2032.14,0.506,0.0,0,0.0,,False,True,False
0xbe96ede614ea3765e542c592a05f7ce3c46342cd,True,1601,761,437,324,57.4,0.81,-3679.9,13,1768207873607,1787581006838,224.2,-1741.15,0.473,0.0,0,0.0,,False,True,False
0xbea1771efed9d4a80d6ce19aedb70e56dd739b49,True,2000,939,320,619,34.1,0.21,-169850.27,33,1779239965030,1782195672534,34.2,-14493.3,0.085,0.0,0,0.0,,False,True,False
0xbeab9bcb7e62e083337d2c5a1807e15ab851c69c,True,2000,925,589,336,63.7,6.64,5564.87,15,1743959197947,1788779955552,518.8,391.89,0.07,0.0,0,0.0,,False,True,False
0xbeccae9ffcb69e9d42a1d4e744abf8056149562d,True,2000,1252,825,427,65.9,1.98,9306.44,61,1788877665931,1788885019738,0.1,843.35,0.091,627564.885132,44,509.73,0.1,False,True,False
0xbee84f20844b3410864e6b22ffdc1bef06cb9284,True,2000,1002,459,543,45.8,1.06,1044.02,1,1780352221054,1788856436337,98.4,-881.09,0.844,1378.234289,1,206.13,15.0,False,True,False
0xbf0891e5bea08df86257ce1137cb8d2d1487d7c1,True,2000,87,87,0,100.0,inf,382.19,1,1775872469491,1788660852010,148.0,49.17,0.129,786.93113,1,-71.11,-9.0,True,False,False
0xbf2a12006918a9118368910b047291e440c2d457,True,2000,1208,462,746,38.2,0.78,-1938.13,15,1788812296159,1788884914933,0.8,417.7,0.216,27673.168039,4,5658.35,20.4,False,True,False
0xbf49efa48d1ac67fe7fb1caf91f634e4768bed47,True,2000,1133,731,402,64.5,1.28,14725.59,3,1779838217937,1788713973677,102.7,-13149.74,0.893,0.0,0,0.0,,False,True,False
0xbf6ab7cfb70f6c63b6e006bc805798d47631ea71,True,843,401,233,168,58.1,1.6,5755.13,44,1712768360025,1788592100364,877.6,1624.68,0.282,0.0,0,0.0,,False,True,True
0xbf86ea3d7cad00dd19af7a7196cc1451372f5592,True,2000,833,738,95,88.6,8.06,32273.49,14,1779665145000,1781029026284,15.8,743.83,0.023,0.0,0,0.0,,False,True,False
0xbface9fc4cc78c96f88f1e29957cf21328c4c86b,True,260,136,130,6,95.6,1.66,3433.85,3,1755011506721,1778260454474,269.1,2866.12,0.835,34242.51556,0,0.0,0.0,False,False,False
0xbfc80468df050d2a73fe455d6b3e484caf00e12f,True,2000,926,682,244,73.7,0.98,-194.04,23,1765301971598,1788618064953,269.9,-2082.39,10.732,4776.505422,1,-5728.98,-119.9,True,True,False
0xbff48e416d096d4eecf22df1619fa57dbb584c17,True,349,159,149,10,93.7,6.45,7087.09,1,1779965783366,1780270084712,3.5,890.03,0.126,0.0,0,0.0,,False,True,False
0xc013a304cd46b2631eca048f7f11598657bc136e,True,2000,1017,483,534,47.5,0.91,-1769.83,11,1767371908604,1785808336277,213.4,1229.32,0.695,0.0,0,0.0,,False,False,False
0xc03c0a3b0af2fcb44adc2a5b6e492f9b27fcece9,True,2000,972,366,606,37.7,0.64,-2212.36,18,1770793845234,1784514001838,158.8,396.33,0.179,0.0,0,0.0,,False,True,False
0xc04f39444b44716fd98f3782efad400fe2711b3d,True,2000,971,475,496,48.9,2.22,10927.99,24,1787569361504,1788884821330,15.2,3193.91,0.292,24948.282013,3,3149.66,12.6,False,True,False
0xc06a58e3b302041cffbe21f8f01069fc9a53f69f,True,2000,817,517,300,63.3,3.13,170077.73,9,1762044235037,1776902400028,172.0,16997.77,0.1,0.034345,0,0.0,0.0,False,True,False
0xc07d6944de4110fa812a55612eba2abe0564471d,True,2000,977,340,637,34.8,0.97,-311.39,22,1757605611409,1783851749497,303.8,1795.51,5.766,0.0,0,0.0,,False,False,False
0xc0938b9d8cded2a4376d6f506f74673f422772e0,True,128,87,54,33,62.1,1.33,600.87,1,1782139672215,1782333191672,2.2,730.87,1.216,0.0,0,0.0,,False,False,False
0xc0a936c2a5d6c7f7aa5e3163fc0c3d9d9796a2b5,True,305,226,190,36,84.1,155.79,9143.7,8,1763995662733,1779353266694,177.8,819.18,0.09,0.0,0,0.0,,False,False,False
0xc0b75a3c929d17fccd6e480f07f14a3d20580c96,True,2000,933,453,480,48.6,2.19,19817.94,9,1778931575111,1783786317288,56.2,5821.28,0.294,0.0,0,0.0,,False,True,False
0xc0cbb7fa2120870a9045b8c33bf151fc6dee31f8,True,113,54,53,1,98.1,792.97,3760.91,2,1776392359210,1788628063748,141.6,948.03,0.252,0.0,0,0.0,,False,True,False
0xc0ed0e7454be8734db1e6e44a0cd9e7f9aa8a7e4,True,88,34,34,0,100.0,inf,767.63,2,1780362576545,1785768082572,62.6,167.47,0.218,0.0,0,0.0,,False,False,False
0xc0ffee277c272296451ace591945450926e8e292,True,1943,799,452,347,56.6,0.63,-19972.22,14,1760546061794,1779924805037,224.3,-3813.8,0.191,0.0,0,0.0,,False,True,False
0xc1156fd404373d6faba28d19db656ee33fdca069,True,1998,963,491,472,51.0,0.79,-16990.16,43,1723046450923,1788267696585,754.9,-3709.25,0.218,0.0,0,0.0,,False,True,False
0xc12d7bdbdabd98d369d4163720d032c1e8c7174c,True,2000,950,387,563,40.7,0.75,-4778.82,7,1775095020371,1787932684372,148.6,-988.16,0.207,0.0,0,0.0,,False,True,False
0xc1438682f0974da5baf5bdd654397507df81b508,True,2000,1262,564,698,44.7,0.72,-21620.06,5,1775595643072,1788258404688,146.6,-5104.08,0.236,0.0,0,0.0,,False,True,False
0xc162762278a1d8fa55ee59a07a711f94a9949148,True,1718,745,479,266,64.3,4.43,150692.19,6,1755948783139,1781382754285,294.4,11959.14,0.079,0.0,0,0.0,,False,True,False
0xc1780e3b0761d392f3cf5977ce50f6166f29d5b7,True,1729,767,152,615,19.8,0.01,-247782.61,2,1781116569456,1781725845094,7.1,-14954.33,0.06,0.0,0,0.0,,False,False,False
0xc18b9c011e2ba61a3120cdab3c0ccfc76b5148d8,True,2000,707,275,432,38.9,0.68,-15502.58,5,1788420115647,1788874416153,5.3,10433.21,0.673,24107.149349,1,-4737.93,-19.7,True,False,False
0xc19752bacc74d569629ccc095ed17744a2ae3371,True,2000,1122,928,194,82.7,0.97,-470.64,4,1774793526220,1778078049404,38.0,-4367.68,9.28,0.0,0,0.0,,False,True,False
0xc1d0bd227b19816b16e4956d42daec338e851834,True,2000,976,337,639,34.5,1.35,13183.43,13,1779357359919,1788687238219,108.0,-3486.85,0.264,1854.59977,1,70.6,3.8,False,True,False
0xc1ffdcc52d3f81877eb6da49a6877c932e8a5874,True,2000,1331,984,347,73.9,9.06,373705.62,16,1767818322289,1788452816530,238.8,34937.94,0.093,0.265165,2,0.08,30.5,False,False,False
0xc21ae2ad096a747b7ba9a60f02aab00fa60234ba,True,2000,1014,321,693,31.7,0.4,-14235.84,14,1760302878391,1788845132890,330.4,2041.34,0.143,0.0,0,0.0,,False,True,False
0xc23d5f51d5ae65195de23fcb4d471021bfb99b51,True,1128,605,567,38,93.7,274.95,50033.69,3,1766420460246,1780238076018,159.9,3676.11,0.073,0.0,0,0.0,,False,False,False
0xc25e63db0bd4017afac105c1cd9da47495b50c56,True,2000,844,356,488,42.2,0.31,-31674.68,14,1785462431055,1787041759641,18.3,-3425.93,0.108,0.0,0,0.0,,False,True,False
0xc278a18a8906ad30c964980c5a59aea912b6341c,True,614,273,199,74,72.9,4.81,32246.03,13,1780436242713,1788474618192,93.0,5184.73,0.161,0.0,0,0.0,,False,True,False
0xc29240c96f096c4d4c5ddd11533dfde66338f0d7,True,2000,760,396,364,52.1,0.96,-2963.04,60,1735374808409,1787452743580,602.8,-14445.67,4.875,0.0,0,0.0,,False,True,False
0xc2a16d062a60373bd45e49a677891df17159a283,True,1826,852,329,523,38.6,0.76,-6655.86,13,1753679576026,1785456194630,367.8,1639.04,0.246,0.0,0,0.0,,False,True,False
0xc2c060e3309461ec7c4291b1aac6c89aa228727e,True,2000,958,406,552,42.4,1.92,13063.84,29,1774671912030,1788871411379,164.3,6370.72,0.488,0.0,0,0.0,,False,False,False
0xc2d3b53c345143d4bce3d90a1af6aa56294b9e8d,True,2000,1011,381,630,37.7,1.07,122.0,52,1784974481645,1788862753510,45.0,82.25,0.674,17712.932506,50,1491.41,8.4,False,False,False
0xc2e926417df0866877cc67da49f728f4928c2c65,True,855,384,143,241,37.2,1.63,10273.57,40,1712069370541,1781497470992,803.6,-5973.67,0.581,0.0,0,0.0,,False,True,False
0xc2fc412fbba42ec5cf7ae010012b4bab7e0982eb,True,2000,970,425,545,43.8,0.05,-92024.79,82,1760110702968,1780600608723,237.2,-25045.78,0.272,0.0,0,0.0,,False,True,False
0xc30a182aa60abea8df7030a68db21ad9698de19d,True,2000,934,397,537,42.5,0.12,-225698.18,27,1757708731536,1779290558584,249.8,-51540.42,0.228,0.0,0,0.0,,False,True,False
0xc322736d81a6977f71c77a0a0761195649e6f7ad,True,2000,1125,1086,39,96.5,0.58,-657.92,6,1783424957607,1783504211326,0.9,-346.86,0.527,0.003848,0,0.0,0.0,False,True,False
0xc34260e90c4664928bf1570b7b890b4ce5aefc28,True,2000,1082,409,673,37.8,0.9,-2304.12,7,1770966697802,1788864317799,207.1,-2024.18,0.879,0.011754,1,0.0,33.2,False,True,False
0xc35b6552bcab5fa9a19613912fd7029fca2c7f94,True,842,472,157,315,33.3,1.27,2646.39,1,1785155820784,1787762902053,30.2,1406.13,0.531,0.0,0,0.0,,False,False,False
0xc36f2fe0f39a46a45c89bbf92d2531f7d1389062,True,2000,923,412,511,44.6,0.95,-523.26,37,1787150641268,1788882975544,20.1,-969.25,1.852,0.0,0,0.0,,False,True,False
0xc38a25f2bcccb803b96ef9102bd94f6dc74725bc,True,2000,1085,625,460,57.6,0.82,-11250.92,11,1782703511041,1788410740007,66.1,-3527.27,0.314,0.0,0,0.0,,False,True,False
0xc3a00008bd20e42eacf2d835741745c0e1944bf9,True,2000,967,559,408,57.8,1.31,12856.99,36,1775777421373,1787348019594,133.9,4291.88,0.334,17287.329217,2,-44204.46,-255.7,True,True,False
0xc3b52c8beceae1552e50fa407bdcfcc5d6c1382a,True,2000,978,547,431,55.9,1.16,1761.3,11,1788160732238,1788885299019,8.4,-1865.81,1.059,4029.974,4,-1810.78,-44.9,True,True,False
0xc3d57402e590fa4f83009c450a3078bb7fcdb9b2,True,2000,713,468,245,65.6,2.47,7066.6,39,1787664856210,1788876561343,14.0,-741.62,0.105,5230.391973,2,1571.04,30.0,False,True,False
0xc3ed9cba21f66ff7e65dd1972c55e28b227ed8ba,True,2000,958,272,686,28.4,0.87,-3412.56,29,1780299425446,1788775559534,98.1,1604.73,0.47,7419.170117,4,4936.94,66.5,False,True,False
0xc407d6832ad2fd171c39be2694904b447164bbec,True,149,98,40,58,40.8,1.65,1965.71,6,1779543006392,1782919389097,39.1,-724.93,0.369,0.0,0,0.0,,False,True,False
0xc42cebb3f484048795b573aa7c12c3017c0125ff,True,2000,853,387,466,45.4,0.51,-36905.87,10,1786633766695,1788767635235,24.7,3700.89,0.1,26422.575753,0,0.0,0.0,False,True,False
0xc448740aa56f671188f9f4de528e03d7e89c4679,True,980,469,193,276,41.2,0.36,-10367.99,5,1782865847623,1787624288577,55.1,-3711.67,0.358,0.0,0,0.0,,False,True,False
0xc4662baac6890af358655ae2573e0e165eb1f087,True,2000,965,218,747,22.6,0.35,-21676.02,10,1755193141884,1775604260431,236.2,-2063.59,0.095,0.0,0,0.0,,False,True,False
0xc476a22200e67f6208a24b5e4ba75d1a279519b0,True,715,347,166,181,47.8,1.84,7867.01,15,1740829193612,1788798552659,555.2,2925.0,0.372,0.0,0,0.0,,False,True,False
0xc48dab308ebb7429b2ce171bc6ce17ef35831f0c,True,1705,963,280,683,29.1,0.84,-1676.03,7,1779065132809,1787203530907,94.2,571.94,0.341,0.0,0,0.0,,False,True,False
0xc4a6312a5d5af3c03d546fa287fa1f883b3db749,True,2000,1202,892,310,74.2,0.63,-41110.7,8,1779048020586,1788746563577,112.3,-8004.34,0.195,0.0,0,0.0,,False,True,False
0xc4b669f50272406e2abf8ec8f06e82761a70299b,True,2000,785,425,360,54.1,2.07,27160.71,5,1788536396133,1788877835740,4.0,7272.85,0.268,250594.561821,3,27863.27,11.1,False,True,False
0xc4ea203e2eb096c4d949b9a64a5d49c0a8a1d8b3,True,2000,1083,736,347,68.0,1.76,11440.14,34,1762286480022,1788579996161,304.3,-2413.69,0.211,0.0,0,0.0,,False,False,False
0xc4fc92b0cf993b4fe0895aaabf4ba02ecbf45b50,True,2000,797,206,591,25.8,0.98,-512.68,7,1779334348057,1787692053358,96.7,1583.37,3.088,0.0,0,0.0,,False,True,False
0xc5140a7ede8fa0cc432d5a852587e6d115ea0c60,True,2000,875,401,474,45.8,0.66,-3345.64,9,1785866131591,1788879479566,34.9,-717.77,0.215,74.829025,1,1.92,2.6,False,True,False
0xc52d2d6b04bd36ab2ae887eff667ff2733ee8873,True,2000,889,460,429,51.7,2.11,7555.98,46,1770294049170,1786440317516,186.9,906.85,0.12,0.0,0,0.0,,False,True,False
0xc547adc8c79381d3c7c4970baba01fae5144ea91,True,2000,1272,725,547,57.0,4.6,42536.06,37,1785008044658,1788774161506,43.6,4525.14,0.106,0.0,0,0.0,,False,True,False
0xc5570a2bb7951a98dd7795b0a50139e556daa11e,True,645,350,131,219,37.4,0.76,-3832.54,18,1739863103650,1788536633794,563.4,1808.45,0.472,2414.227313,1,-89.44,-3.7,False,True,False
0xc563565c65c8f0f19891ef7d22637ade9e9db9cd,True,174,107,43,64,40.2,0.18,-80031.7,1,1771504558924,1785864952485,166.2,-10037.44,0.125,0.0,0,0.0,,False,False,False
0xc570c3a322fdf519694f66ae2afc68d6ef30ee0a,True,1108,619,243,376,39.3,0.3,-290947.03,9,1767193680017,1777342283604,117.5,-16633.55,0.057,0.0,0,0.0,,False,False,False
0xc5795baadc03d1e65312ad0e4fda0986372f1bdd,True,2000,934,417,517,44.6,1.22,1662.3,5,1786983623610,1788881327693,22.0,784.96,0.472,0.0,0,0.0,,False,True,False
0xc5863f4dc8704c5167655023eea0de860d00ef15,True,2000,817,660,157,80.8,0.71,-5121.91,12,1773593503849,1788875066269,176.9,-2384.49,0.466,0.0,0,0.0,,False,True,False
0xc59b45c46667b74ae91f7c31c4c6cf6af392603a,True,2000,1091,391,700,35.8,0.45,-5391.03,10,1785357708726,1788884187434,40.8,-1424.65,0.264,0.0,0,0.0,,False,False,False
0xc5b8225b939a5ad72640ccaecb11ca68b7c76b16,True,317,167,91,76,54.5,0.71,-406.97,29,1705619771998,1784244450505,910.0,362.12,0.89,0.0,0,0.0,,False,True,False
0xc5d07838525e4537428ccd29e548499756df0c99,True,2000,1218,780,438,64.0,2.05,46253.12,5,1782711290567,1788874936277,71.3,2610.55,0.056,36012.693605,1,-3121.74,-8.7,True,True,False
0xc5def69312c562517465c81e3da69882e010b696,True,1295,625,230,395,36.8,0.26,-18186.31,4,1780872461395,1788543949116,88.8,-2796.8,0.154,0.0,0,0.0,,False,False,False
0xc5f4dcb9fad08f391899714a603d48160a1ddff0,True,1355,632,472,160,74.7,1.12,2340.43,11,1760548996993,1788527924802,323.8,-1080.41,0.462,23804.729991,3,-10853.89,-45.6,True,True,False
0xc60d7112618227253702ecab9eff4a8ce56ab02a,True,1059,509,270,239,53.0,0.82,-5422.83,18,1721779200121,1788799601981,775.7,-7641.59,1.409,3762.000866,0,0.0,0.0,False,True,False
0xc626af4e2a03a8e63a8ba2cd8edf582900714bf7,True,388,193,156,37,80.8,6.79,2236.57,21,1767861660022,1788803414905,242.4,393.2,0.176,0.0,0,0.0,,False,True,False
0xc64211d5956e3d5598a3890d38ae3ea2d6886187,True,2000,1068,481,587,45.0,0.17,-16495.64,2,1788220521986,1788723423158,5.8,-3451.32,0.209,0.0,0,0.0,,False,False,False
0xc65afe201ab9f7d6e672ae7b1ec423a343c11640,True,2000,993,879,114,88.5,6.7,47511.69,5,1780025753184,1788868443587,102.3,4839.91,0.102,0.0,0,0.0,,False,True,False
0xc66f630bcb9cad7c3befa5282899a6090710fceb,True,1724,822,292,530,35.5,1.34,3008.42,16,1771435501450,1788793247807,200.9,898.27,0.299,0.0,0,0.0,,False,True,False
0xc67d2ca8231fc157be47c7a10084c775b436ce9e,True,457,223,129,94,57.8,0.57,-3053.51,2,1784563509475,1787155532223,30.0,-1292.31,0.423,0.0,0,0.0,,False,True,False
0xc69d5c80c67422facb60826de118ee7c816239d5,True,2000,1028,495,533,48.2,0.5,-1271.42,19,1768407629420,1776175451479,89.9,250.39,0.197,0.0,0,0.0,,False,False,False
0xc6af68fbfd5d8538f4092e850aad49afa73c7447,True,2000,989,654,335,66.1,0.63,-2939.39,1,1784539009402,1786564539148,23.4,-682.22,0.232,0.0,0,0.0,,False,False,False
0xc6cd4f327ebda9a78cc52414aa5101c211b5e4d9,True,2000,999,343,656,34.3,0.16,-1191.48,2,1788764552087,1788885640032,1.4,-13.01,0.011,0.0,0,0.0,,False,True,False
0xc6e456f94f187849e205e909d48815a552f7a1ce,True,1035,508,355,153,69.9,1.12,1943.12,10,1757666597145,1788847596118,360.9,-4501.96,2.317,590.406662,1,44.88,7.6,False,True,False
0xc6f939b1d85689225a05129a310786ddb430ab88,True,1629,716,649,67,90.6,2.12,21895.01,9,1782331838888,1788804746273,74.9,-3010.72,0.138,17157.852396,5,1869.62,10.9,False,True,False
0xc706aafe5a8ac1b3199f6c704cfa15922dcd0660,True,2000,776,358,418,46.1,0.83,-628.68,25,1779965393637,1782330661085,27.4,396.43,0.631,0.0,0,0.0,,False,False,False
0xc7179c792ae3b38136fe72877b90daf4e60ce638,True,829,412,179,233,43.4,0.62,-2358.29,7,1780146978495,1782028597439,21.8,908.44,0.385,0.0,0,0.0,,False,False,False
0xc72a46181d93b4e89a90fb0b00ab0a39e9a8444c,True,2000,762,505,257,66.3,1.94,11438.28,1,1775950391891,1787934305814,138.7,-4119.95,0.36,148702.570254,1,9054.67,6.1,False,True,False
0xc7472d766527e62bd3f614ead7bfa00c0f3cfea8,True,439,127,59,68,46.5,0.85,-927.88,13,1772516875873,1788748715141,187.9,-1299.71,1.401,2964.8752,0,0.0,0.0,False,True,False
0xc76409365ae97e909391e2dd459faa6801c71d47,True,2000,1110,526,584,47.4,1.88,2425.16,37,1782986276906,1788829884435,67.6,295.12,0.122,1453.800501,31,1332.73,91.7,False,True,False
0xc77c6375e9fd581701425a6fb70bf371fb1cba28,True,974,503,96,407,19.1,0.06,-905748.26,5,1744295106206,1773377943514,336.6,-119786.87,0.132,0.006321,0,0.0,0.0,False,True,False
0xc784fc6f9e0b668b3c583be9b8672ab9b4895dbb,True,2000,956,191,765,20.0,0.38,-108304.21,13,1770163353490,1781278551041,128.6,-14367.12,0.133,0.0,0,0.0,,False,True,False
0xc79f65905cdb4f8ab80f642c73820365c4506f45,True,2000,990,466,524,47.1,0.78,-2771.32,14,1769415886019,1777897782036,98.2,-2207.04,0.796,0.0,0,0.0,,False,True,False
0xc7ad761dc5419135334d1033110000a62baa8d24,True,2000,957,522,435,54.5,0.97,-336.77,40,1772279526899,1788878831136,192.1,-811.04,2.408,2814.594044,2,333.38,11.8,False,True,False
0xc7c4ec76cce1ac457766d008ee0b17712b12591c,True,2000,1230,596,634,48.5,0.78,-12456.76,21,1779987314605,1788491630526,98.4,12851.5,1.032,204.289426,2,570.53,279.3,False,True,False
0xc7d45f43ba6ecb992d0c217e82a6550a5cef6f75,True,768,364,128,236,35.2,0.59,-19438.0,8,1769956831118,1788189745693,211.0,6454.58,0.332,0.0,0,0.0,,False,False,False
0xc7ead79bb7d50cab769854d4309d273766127b20,True,1530,701,437,264,62.3,0.4,-33264.9,22,1779711791448,1787586576315,91.1,-16771.19,0.504,0.0,0,0.0,,False,True,False
0xc7f94fb3b3ba614b9b2bf80697ab5a31917005a2,True,2000,1417,302,1115,21.3,0.1,-483689.0,11,1781013180046,1788531142139,87.0,-42289.54,0.087,524151.148857,6,-275360.54,-52.5,True,True,False
0xc8093c82aa7d7029cbd7f9c321870f09393ac165,True,2000,924,361,563,39.1,0.92,-1044.13,9,1760103503791,1782411209322,258.2,2020.5,1.935,0.0,0,0.0,,False,True,True
0xc81dd6c8424a398f48883ab798f4af06f1fefaec,True,2000,637,472,165,74.1,10.48,5732.81,24,1763873143441,1787681821791,275.6,1136.12,0.198,3452.048596,1,-6305.28,-182.7,True,True,False
0xc832012b95c345fc411ec10052b44851d1320a21,True,2000,907,542,365,59.8,1.52,6720.06,21,1781529884567,1788270225313,78.0,-1529.16,0.228,0.0,0,0.0,,False,True,False
0xc846dd1d86ed78479e55eaf11841c8a9907ded29,True,2000,972,581,391,59.8,0.76,-11753.75,32,1757258975279,1775237782356,208.1,-2743.2,0.233,0.0,0,0.0,,False,True,True
0xc853410e1ea0538738fa2451d63aa493df9784df,True,2000,924,573,351,62.0,1.8,3650.62,76,1787620593497,1788792450410,13.6,157.26,0.043,0.0,0,0.0,,False,False,False
0xc86dde53ffa0ccbff8adb0529e0304b0de1b0e8f,True,2000,1166,458,708,39.3,0.63,-33800.8,11,1764604662769,1788286000463,274.1,-5439.74,0.161,1784.384436,1,-8.21,-0.5,False,True,False
0xc882b0d60ba5cfdd9bd2e0c47042cb695d7bd1fe,True,2000,980,345,635,35.2,0.92,-139.84,52,1785143178775,1788862380019,43.0,72.7,0.52,20575.274018,50,2560.84,12.4,False,False,False
0xc896e7c0ad9a8f9c787b5bbedceeba259c912d72,True,1235,596,300,296,50.3,1.13,2924.12,30,1718806271887,1782315917734,735.1,-5046.79,1.726,0.0,0,0.0,,False,True,True
0xc8aa3e53f249427fd23cc737a0dab4069c89f6e3,True,74,39,31,8,79.5,7.7,2102.28,14,1705928519718,1779321600086,849.5,785.14,0.373,0.001921,0,0.0,0.0,False,True,False
0xc8c49a444442eabcc8391ae908b1a8bfc991a0ff,True,2000,713,381,332,53.4,0.54,-66701.11,12,1768831760499,1787929496426,221.0,-46457.21,0.696,0.0,0,0.0,,False,True,False
0xc8d8c325a22dfce65205be30e6eefd22f410a24a,True,493,226,163,63,72.1,1.65,374.66,23,1771350805717,1772198800849,9.8,-287.9,0.768,0.0,0,0.0,,False,True,False
0xc8f741d7237189d8bd01c3f3e78a04206a2ca20a,True,672,292,167,125,57.2,1.38,6812.08,7,1775738845707,1783364270801,88.3,-3403.6,0.5,0.0,0,0.0,,False,False,False
0xc916baeea46bbbb8f65ef07a7ebc46420e141954,True,2000,1465,1308,157,89.3,16.53,272175.97,6,1778270480889,1787843078623,110.8,13088.27,0.048,0.0,0,0.0,,False,False,False
0xc92f1da3181b999feceb179dccbfe4d0bf5291e1,True,2000,571,467,104,81.8,2.36,48718.44,13,1772218748458,1788378771334,187.0,-10131.02,0.208,0.0,0,0.0,,False,True,False
0xc9450ce362e78ade76a0ca88be50ced2c6435799,True,1235,517,342,175,66.2,8.02,127916.21,6,1780080917015,1788524076263,97.7,63889.57,0.499,0.0,0,0.0,,False,False,False
0xc966a8bd36494f25642b27822c7e0b2cd961f6b6,True,2000,1151,408,743,35.4,0.05,-34663.46,2,1788730293619,1788883751591,1.8,-1661.67,0.048,0.0,0,0.0,,False,False,False
0xc977566f8ef21a8fc2438e458d51626067b6515c,True,2000,786,521,265,66.3,0.29,-53296.86,7,1781538473289,1788289053781,78.1,-14364.82,0.27,0.0,0,0.0,,False,False,False
0xc9942a23cad90937dae01899b7119bc260ae781e,True,2000,905,314,591,34.7,0.9,-2720.32,23,1780138969467,1782641313396,29.0,3839.9,1.412,0.0,0,0.0,,False,True,False
0xc9a7c0030134094d7d386c9943c0a9cb8f0e9e1f,True,990,407,324,83,79.6,2.96,14046.21,4,1780654291327,1788856634570,94.9,1088.77,0.078,6732.39585,1,-98.99,-1.5,False,True,False
0xc9b58e9aa50ef39a0b9f812fdc1cc4caa5970475,True,555,263,120,143,45.6,0.33,-29379.42,2,1780626971770,1781239299472,7.1,-28418.74,0.967,0.0,0,0.0,,False,False,False
0xc9dfcc358c8b54d68d8314f558db3ac402aa1a89,True,2000,1114,764,350,68.6,0.63,-1248.88,7,1772835056557,1774268740645,16.6,-1028.82,0.824,0.0,0,0.0,,False,True,False
0xc9ec8c1f3b17f046295a4697adcb11a5508d82e0,True,306,150,148,2,98.7,0.94,-86.48,3,1766004828908,1780704000050,170.1,-767.88,8.88,0.0,0,0.0,,False,False,False
0xca15b61edb8989ac5df9534de119c8b0e13770bd,True,25,12,12,0,100.0,inf,454.37,1,1780244886223,1780247052757,0.0,149.39,0.329,0.0,0,0.0,,False,False,False
0xca230e816bdb34a46960c2f978a30a563d1ae9e0,True,2000,868,447,421,51.5,3.93,10932.13,2,1788788292470,1788885748401,1.1,-957.62,0.088,1806815.881167,1,5585.49,0.3,False,True,False
0xca374e0b7dec0309f3f40b1b380769da5a0c94d4,True,1020,608,407,201,66.9,0.77,-1375.29,2,1778066249371,1788862805359,125.0,-645.46,0.469,0.0,0,0.0,,False,False,False
0xca5119e6aee0b71c7351701ac67e66032e3279c5,True,615,324,249,75,76.9,2.8,6782.4,6,1782331722278,1788800938109,74.9,969.32,0.143,24513.980402,1,2095.01,8.5,False,False,False
0xca7e077ab56ba580f7dbe6e50cb2468827bcc40e,True,1156,537,293,244,54.6,1.94,14156.99,26,1737184828637,1788427983719,593.1,4404.31,0.311,0.0,0,0.0,,False,True,False
0xca9ae7de98e79950982b3c750392f688ac65021c,True,2000,1183,581,602,49.1,0.72,-17031.93,19,1769732702850,1788621111984,218.6,-2415.1,0.142,0.0,0,0.0,,False,True,False
0xcab17f9bbae2101c04c59ae4f9bcb0b3a2bd796d,True,2000,1061,378,683,35.6,0.45,-19604.52,3,1767724662949,1787521353911,229.1,-1971.12,0.101,0.0,0,0.0,,False,True,False
0xcab96572d0607af6662e2864855ca624f6994390,True,444,269,210,59,78.1,1.36,438.72,2,1773017134898,1776109117532,35.8,-351.01,0.8,0.0,0,0.0,,False,False,False
0xcacb2a23ebfa18bb30643b1464cbc63697738142,True,2000,966,317,649,32.8,0.51,-5720.83,8,1788219258092,1788876137469,7.6,1303.11,0.228,0.0,0,0.0,,False,False,False
0xcae214dcc97572152a667d7c9c06b39d7790efea,True,2000,481,0,481,0.0,0.0,-3598.96,2,1788316299905,1788755279831,5.1,-14.4,0.004,48349.50671,3,-28283.85,-58.5,True,False,False
0xcafd0ae130292dcf7d7f5b4aa8a5c6670ff70383,True,2000,1026,235,791,22.9,0.13,-60210.78,17,1779104717977,1787147507175,93.1,-13051.07,0.217,0.0,0,0.0,,False,True,False
0xcb07091c0870c0fa2c9918de56d5b30e9d1f12ee,True,2000,917,593,324,64.7,1.43,49386.53,9,1766808825292,1781004444287,164.3,-14113.13,0.286,0.0,0,0.0,,False,True,False
0xcb233180931052383ca0d8c4b8f6c3f4290b29ae,True,411,217,55,162,25.3,2.52,21506.33,13,1774503966627,1780718842771,71.9,16290.8,0.757,0.0,0,0.0,,False,False,False
0xcb291fac2108e4ab09752359ac51bef13b8a5948,True,371,193,91,102,47.2,0.19,-18978.94,6,1768342744511,1779382069966,127.8,-5908.89,0.311,0.0,0,0.0,,False,True,False
0xcb3b1b5645d7132b88b9f4f231be0563d9244e47,True,2000,766,690,76,90.1,40.34,174139.4,3,1787720739439,1788606025771,10.2,12716.57,0.073,374141.254048,3,23973.51,6.4,False,True,False
0xcb57377435ae16e2902ba96905d750c648acd466,True,2000,790,641,149,81.1,0.46,-68130.51,10,1768793667618,1788870626971,232.4,-39126.82,0.574,12698.586395,1,-2529.07,-19.9,True,True,False
0xcb63693e3ea762d447bf482d65fe440d391fea93,True,903,319,213,106,66.8,1.75,2289.71,8,1768984935681,1778770819967,113.3,403.12,0.176,0.0,0,0.0,,False,True,False
0xcb7afa7325fb4faf736420e517b80d1666651e8b,True,101,62,46,16,74.2,1.2,568.09,2,1785867326906,1787626457723,20.4,1519.6,2.675,0.0,0,0.0,,False,True,False
0xcb8ef302efd16eb47127d39294c201728f3db5e5,True,762,376,130,246,34.6,0.87,-1420.48,8,1781275232858,1787826893037,75.8,1736.53,1.222,0.0,0,0.0,,False,False,False
0xcba2680d2fc87cd6ee404fafbd7a5efbd26b099c,True,2000,1177,855,322,72.6,6.87,610362.42,5,1735333206072,1786060800071,587.1,-16783.58,0.027,0.0,0,0.0,,False,False,False
0xcbb692030f9e7dd77f794ba8fbe502d4bdd07c96,True,67,48,4,44,8.3,2.3,5005.06,1,1783951202077,1788525424683,52.9,5788.73,1.157,19479.094739,0,0.0,0.0,False,False,False
0xcbce14427d95e2327aafbb1cb50915674339e797,True,2000,918,430,488,46.8,0.67,-16274.24,36,1778364652993,1788666255627,119.2,4242.88,0.261,425.853066,2,-272.71,-64.0,True,True,False
0xcbe678356c6a9a4f71ced7a340ab674b332e200b,True,2000,782,320,462,40.9,1.13,2274.1,24,1785282135730,1788882255683,41.7,1452.01,0.638,0.0,0,0.0,,False,True,False
0xcbf08054e37ac49650539ba836bdb68a09f43e1e,True,490,251,149,102,59.4,1.39,1178.29,12,1735590316394,1780684375044,521.9,536.21,0.455,0.0,0,0.0,,False,False,False
0xcc10f97e0302d283e7778a1d6a388941cc6c7a08,True,1869,1130,609,521,53.9,1.41,12514.04,24,1745798400039,1787913983170,487.4,-8598.88,0.687,0.0,0,0.0,,False,True,False
0xcc1f9a0666bc05c6ba6aaa36562e1c4285ca6c30,True,1754,660,269,391,40.8,0.58,-8814.78,20,1767375501421,1787755778436,235.9,-1464.84,0.166,4796.682944,1,-879.25,-18.3,True,False,False
0xcc321a1292c9d70b076115711c3bc6163026664f,True,2000,888,298,590,33.6,0.92,-1129.28,5,1772173567799,1782439929861,118.8,-635.22,0.563,0.0,0,0.0,,False,True,False
0xcc488dd45a674ebfec851fcba73ecce321080125,True,2000,1128,469,659,41.6,0.24,-56385.92,2,1773227246409,1773277717150,0.6,-2434.55,0.043,0.0,0,0.0,,False,False,False
0xcc708a199b8565c09ba2c0bd5fefa53aaf2036dc,True,2000,879,287,592,32.7,1.02,233.97,3,1787424757616,1787599287040,2.0,2489.61,10.641,0.0,0,0.0,,False,False,False
0xcc8996527ffb273b881237d34a38aa13e36ed5cd,True,2000,908,302,606,33.3,0.72,-6649.2,9,1787198986867,1788566400005,15.8,1779.5,0.268,0.0,0,0.0,,False,False,False
0xcc9d90f4cf70e3592172a85a79bcd178d565c72b,True,258,118,93,25,78.8,0.28,-65748.28,1,1783533488411,1787289524657,43.5,-19972.06,0.304,0.0,0,0.0,,False,False,False
0xccbe13c80798d69ebe4c9bc130400b9024cb00fe,True,2000,972,44,928,4.5,0.0,-25026.9,2,1787884666447,1787941239210,0.7,-1579.08,0.063,0.0,0,0.0,,False,False,False
0xccf135ab352d561a15eb7be2a243cc4fcb7f0ab1,True,2000,1736,1068,668,61.5,0.51,-155795.67,6,1786723933514,1788786259879,23.9,-28852.5,0.185,37415.229839,1,-75529.95,-201.9,True,False,False
0xccfdc549484cd724169175a0b6db751139517086,True,360,149,73,76,49.0,2.72,8157.43,8,1774253062382,1787495981131,153.3,4313.1,0.529,0.0,0,0.0,,False,True,False
0xcd1ce6cf183af2ef8bb1a8f46376848deaf54322,True,2000,801,455,346,56.8,3.74,39684.59,20,1755994492258,1788566400005,377.0,10989.08,0.277,2578.165992,1,105.8,4.1,False,True,True
0xcd2d8965a1d3cb529b2e4c3af6c558676e362739,True,2000,154,30,124,19.5,0.79,-502.29,5,1788495225703,1788879479722,4.4,-239.74,0.477,17175.428488,1,1396.3,8.1,False,False,False
0xcd3ccaa39a6492b57586f12df482b8b51c9b53f2,True,2000,969,327,642,33.7,1.42,17817.93,26,1758985338042,1788879909355,346.0,11596.68,0.651,3904.08622,1,297.65,7.6,False,True,False
0xcd4ea8f385d51dee1b7a2a10a3d1e8c25dbf62b7,True,2000,751,384,367,51.1,0.47,-150348.92,5,1755864353699,1786634760257,356.1,-87732.39,0.584,0.0,0,0.0,,False,True,False
0xcd661462bef8856ace9a5ee1015907fcf4a0e047,True,411,213,121,92,56.8,1.16,447.54,8,1782144800022,1788598483875,74.7,-889.07,1.987,0.0,0,0.0,,False,False,False
0xcd8253f8d96ffd90c3c0a8cea2e02e9fbc211c31,True,2000,1087,662,425,60.9,1.14,3034.46,22,1770483602535,1785530494189,174.2,2347.64,0.774,0.0,0,0.0,,False,False,False
0xcd90574bc2ef39bcebbc5561c1c9d8e42110c239,True,2000,991,473,518,47.7,1.43,11828.91,34,1738620948070,1786919498808,559.0,2070.1,0.175,0.0,0,0.0,,False,True,False
0xcd93dc949a1aa0a7887a2acf7f6a127e97783b5f,True,2000,933,432,501,46.3,1.46,70730.98,17,1769878301690,1788807642535,219.1,-12212.6,0.173,5813.066096,1,641.16,11.0,False,True,False
0xcda9a4a2bbba8eb5d8cb6f7d819aafe4cdfd93a5,True,238,93,92,1,98.9,114.43,96986.89,4,1770790050375,1779069385276,95.8,13655.2,0.141,0.0,0,0.0,,False,True,False
0xcdb2691ae8bca8a7a43bc77deea581d4751614e6,True,2000,1070,368,702,34.4,0.79,-2533.2,17,1770668007724,1775330129228,54.0,1755.67,0.693,0.0,0,0.0,,False,False,False
0xcdcd0b8504447d533843a7b4b94d9c6bcf9c4bee,True,2000,791,205,586,25.9,0.33,-65034.43,15,1783485184659,1787021744485,40.9,-6672.47,0.103,0.041863,0,0.0,0.0,False,False,False
0xcdf68bda82c7f75bd7e1bd3991848b65fd2830b9,True,311,105,90,15,85.7,229.98,189446.02,3,1766259009270,1777093236580,125.4,14678.59,0.077,0.0,0,0.0,,False,False,False
0xce0b6e51e0f7757d9e75f4acb74fe2e0408e2b5f,True,2000,991,530,461,53.5,0.68,-452.76,7,1786908656513,1788714112968,20.9,689.92,1.524,1420.824784,1,73.13,5.1,False,False,False
0xce32a70a215b207c8d7a41c217cb100f9a2e77da,True,2000,1013,203,810,20.0,0.32,-11745.5,2,1776092169767,1776886192599,9.2,-943.64,0.08,0.0,0,0.0,,False,False,False
0xce495b9520004f6273eb7bcf673e54a6823aeb90,True,2000,1343,927,416,69.0,0.85,-1399.07,13,1778820035018,1779993332361,13.6,379.74,0.271,0.0,0,0.0,,False,True,False
0xce6407482e553d36a6ef096b7cabbdaa01b564bf,True,2000,962,706,256,73.4,1.62,5663.44,16,1781914214233,1788738032625,79.0,-1165.04,0.206,0.0,0,0.0,,False,True,False
0xce7658a8e2d684b77e861d1ab8f19fb7590d19e2,True,925,387,170,217,43.9,0.63,-4424.41,21,1733571987021,1788607573214,637.0,-1693.38,0.383,0.0,0,0.0,,False,True,False
0xce8d2983e85a0b0435bf3d157f7d3a3888ca7eeb,True,2000,1290,639,651,49.5,0.93,-2064.02,23,1774927231638,1786775328617,137.1,-1695.52,0.821,0.0,0,0.0,,False,True,False
0xcea9c96c506c204695b8f1466f8805f625d2889e,True,2000,864,177,687,20.5,0.91,-1095.78,12,1787932994873,1788885761615,11.0,1334.78,1.218,5803.340096,1,407.11,7.0,False,True,False
0xcede5e99de46b47fcadb2175ff79fe525a3194cf,True,1451,745,493,252,66.2,0.77,-13795.63,8,1741067664086,1788689142961,551.2,-8794.74,0.638,617.521616,1,21.2,3.4,False,True,False
0xcf02ca435adb8800ab8f402575ddb83e27d23c17,True,2000,830,562,268,67.7,0.74,-10894.96,3,1776442948771,1778428006844,23.0,-4288.51,0.394,0.0,0,0.0,,False,False,False
0xcf10b967a9e422753812004cd59990f62e360760,True,2000,821,447,374,54.4,1.68,14764.58,18,1786719878945,1788868348114,24.9,1398.27,0.095,46804.515691,1,-26925.48,-57.5,True,False,False
0xcf31fa5b3e4f617e6fc9a9035bc75be36d5ba1d3,True,2000,970,561,409,57.8,0.1,-263108.71,20,1786538565001,1788879644323,27.1,-21603.99,0.082,10840.574618,2,-5783.18,-53.3,True,True,False
0xcf43ae681d46798862e0ae800278d5ae62fd1b2e,True,163,95,80,15,84.2,0.97,-573.14,10,1748070727252,1782395996426,397.3,-8754.37,15.274,0.0,0,0.0,,False,False,False
0xcf685217df4960e8b1950227ef8b90dea02cf28a,True,2000,828,159,669,19.2,0.41,-36128.76,4,1775011218951,1777486119580,28.6,3045.6,0.084,2009.520382,0,0.0,0.0,False,True,False
0xcf82f2ef96a3aba3efe6b231f4e64700ff458a3e,True,2000,1040,430,610,41.3,0.6,-5938.82,2,1769742725550,1788872844017,221.4,-1698.34,0.286,18.111808,1,2.27,12.5,False,True,False
0xcf9695461c1ed1ee733fe5dcbca6b2a2858dc9e6,True,1012,444,250,194,56.3,0.97,-482.48,7,1753622772395,1783766965515,348.9,-3358.27,6.96,0.0,0,0.0,,False,True,False
0xcfb66ac22cf24666f9d105ae6d3ecaa3ef4de596,True,2000,817,399,418,48.8,0.29,-25275.36,9,1779587848184,1783904464521,50.0,-2859.15,0.113,0.0,0,0.0,,False,False,False
0xcfc266a8c22b2dddb01663c6f8dba34bd56f8eb6,True,2000,918,463,455,50.4,0.84,-4107.91,34,1737421197204,1781617169090,511.5,1989.5,0.484,0.0,0,0.0,,False,True,False
0xcfdd131fd5e35902e315a769e1c9cc5237799310,True,2000,747,345,402,46.2,1.77,20910.34,11,1776084840816,1788885891428,148.2,8658.03,0.414,0.0,0,0.0,,False,True,False
0xcff932c6cceb85c0deaf6ae3266f2ae1181670aa,True,231,99,56,43,56.6,0.83,-383.09,36,1733773261013,1788509190292,633.5,1109.23,2.896,1168.532223,2,-112.77,-9.7,True,False,False
0xd01b4af75f48c0b2900ec14581dfbd846b409723,True,366,166,128,38,77.1,0.66,-972.51,5,1781039825373,1782465951723,16.5,-525.47,0.54,0.0,0,0.0,,False,True,False
0xd0254dd9c10498b256b6ec3bd8de37a9ba4329de,True,2000,2000,1402,598,70.1,1.22,12063.95,97,1775904220957,1776094544335,2.2,-4121.79,0.342,0.003584,0,0.0,0.0,False,False,False
0xd04aeccdf15e49f2654ae4e25db1666d48c85c4e,True,1399,641,517,124,80.7,4.9,33423.44,6,1776191730433,1778198400069,23.2,4184.32,0.125,0.0,0,0.0,,False,True,False
0xd05c53fa4da475a8159c8f3b6a4559547f4f6ced,True,2000,743,326,417,43.9,1.27,91.67,28,1778079782027,1788833064035,124.5,97.15,1.06,18.044538,14,-1.1,-6.1,True,True,False
0xd0737ec92aed6266402656fe197f2e7ce9a9f3f5,True,2000,755,88,667,11.7,0.05,-133105.44,3,1780324097018,1781122574894,9.2,-24478.57,0.184,0.0,0,0.0,,False,False,False
0xd08b294dbd8bc760c57abdec26515da626511b40,True,1079,525,367,158,69.9,1.03,1110.66,22,1751020001275,1780709650546,343.6,-7694.26,6.928,0.0,0,0.0,,False,True,False
0xd09a3c4574d5df8525db8383bbdb48882173c3e3,True,2000,1180,493,687,41.8,0.6,-1129.74,53,1774584233667,1775807203241,14.2,167.83,0.149,0.008034,0,0.0,0.0,False,True,False
0xd0ac50d9f7516be16e2449539394a3967bea03c7,True,1321,661,590,71,89.3,0.78,-2274.12,9,1760454047269,1783003250977,261.0,-7021.8,3.088,0.0,0,0.0,,False,True,False
0xd0c23dd595bf7566b9412860e43fea810c6197e6,True,614,247,140,107,56.7,0.39,-8826.21,3,1787063360279,1788748582288,19.5,-3727.97,0.422,0.0,0,0.0,,False,True,False
0xd0d7e244a65a4f51f346971e7a37d471ea242e40,True,2000,1016,612,404,60.2,1.22,5494.93,34,1781442428121,1788875661536,86.0,-2079.71,0.378,20665.598258,7,-3325.64,-16.1,True,True,False
0xd0f107d125e99f32cb4555c750f198edb138f7cb,True,90,38,6,32,15.8,0.37,-1606.34,9,1759317197795,1774264119977,173.0,-688.67,0.429,0.0,0,0.0,,False,False,False
0xd10aa266b65d966d9c1161cabf1a6ead91e820ee,True,591,261,138,123,52.9,1.28,2750.77,9,1769774456774,1787876079255,209.5,-992.99,0.361,0.0,0,0.0,,False,False,False
0xd114467e6e11a84439ed813eac09365bab75824e,True,698,347,289,58,83.3,0.65,-6139.0,3,1787008138365,1788865809568,21.5,-3623.03,0.59,6029.526826,1,780.0,12.9,False,False,False
0xd124726d0169b5dea98f7473e007016c55406ea1,True,2000,899,750,149,83.4,3.14,18793.97,15,1783703712510,1787168944732,40.1,-1687.91,0.09,0.0,0,0.0,,False,False,False
0xd13552538def5cecc78a20aa2236573f0bee6443,True,2000,1103,766,337,69.4,45.27,291694.85,5,1787168987861,1788712689989,17.9,3583.51,0.012,1677716.066759,1,141343.71,8.4,False,True,False
0xd152f5277c09abf2d9cd7eff2bce419f280fcc66,True,2000,853,465,388,54.5,1.91,10646.48,7,1781844347584,1787624855682,66.9,1635.8,0.154,0.0,0,0.0,,False,False,False
0xd161e9dde275ffe3b46ccc148f6cef941e1b9bef,True,2000,780,168,612,21.5,0.63,-252.25,11,1758074058311,1788666734974,354.1,41.32,0.164,0.0,0,0.0,,False,False,False
0xd18f52ee0045794bbc00d61380e806c9c0873024,True,550,257,248,9,96.5,5.73,29471.28,1,1782231668440,1788787925041,75.9,2192.04,0.074,151934.308947,1,-4797.69,-3.2,False,False,False
0xd1bc056005a987aa54700961e6009a05365e5f16,True,820,377,343,34,91.0,2.37,27818.04,3,1787582568125,1788780713783,13.9,-3703.37,0.133,31936.702297,2,-3757.46,-11.8,True,True,False
0xd1cd3b3b9727df8a260f25362b1136db7a7e1a88,True,2000,914,487,427,53.3,2.33,52906.81,18,1764983034822,1788306345399,269.9,32542.84,0.615,0.0,0,0.0,,False,True,False
0xd1e8d815d2107397a3b81cbb01bc8e01ceac4137,True,662,338,129,209,38.2,0.78,-3967.15,13,1748335008224,1778135685291,344.9,1629.6,0.411,0.0,0,0.0,,False,True,False
0xd20549d2a869b1818790da9dbc5803ce062b6bdd,True,1123,535,190,345,35.5,2.19,16067.99,35,1756942489291,1783382400045,306.0,4322.53,0.269,0.0,0,0.0,,False,True,False
0xd20dcbbfb5c17761abddf36d51bb288ce4e89365,True,2000,1057,596,461,56.4,2.02,17079.18,1,1788288567918,1788886415981,6.9,214.19,0.013,50840.270499,1,-2051.14,-4.0,False,False,False
0xd21ef30a784238abb0e25438b9c8ab2f0a279583,True,2000,1006,561,445,55.8,4.06,120581.87,15,1778848832881,1788525984630,112.0,6816.71,0.057,0.0,0,0.0,,False,True,False
0xd234d55e0da39ced4a9ae7a27af400a2790ecbba,True,330,112,36,76,32.1,0.75,-45.68,10,1784393443358,1788553061827,48.1,75.1,1.644,0.0,0,0.0,,False,False,False
0xd2498b4dc8402789736f7c94caf969ea65badfa2,True,1645,812,261,551,32.1,1.1,7431.97,16,1762222831484,1786133302462,276.7,-4950.7,0.666,0.0,0,0.0,,False,False,False
0xd25a100d719f024d183d8b49d25cabf668ac4a41,True,2000,1657,1100,557,66.4,3.34,463796.21,9,1775597493486,1781614552886,69.6,37013.47,0.08,0.0,0,0.0,,False,False,False
0xd26ca9aeae8bf31937b8cc5d55c592e5a137f915,True,2000,869,592,277,68.1,1.08,4284.76,3,1783603971473,1787837507837,49.0,-18941.68,4.421,6616.646799,1,-661.97,-10.0,True,True,False
0xd28b8c38aecbb8a5565e9cb29236c509b772a999,True,1960,989,506,483,51.2,1.68,5777.7,30,1736204854889,1787623375162,595.1,834.71,0.144,8319.859979,1,-76.86,-0.9,False,True,False
0xd2a30cfc97c0bec221f94e709336f9daaf2457bb,True,926,482,370,112,76.8,1.27,699.83,13,1779233014974,1779977758054,8.6,-369.74,0.528,0.0,0,0.0,,False,True,False
0xd2c6bc654e6f1ade7a547aa4be5585d7df2bec1f,True,2000,1174,571,603,48.6,1.09,3532.96,29,1770322577152,1788825600043,214.2,-2286.58,0.647,0.0,0,0.0,,False,False,False
0xd2d4867b8886c0cfc3de5ccd5203ec66c6183764,True,2000,964,471,493,48.9,0.44,-84056.44,7,1772301498408,1787312344799,173.7,-25586.14,0.304,0.0,0,0.0,,False,True,False
0xd2f1bd876e2f1ea5d213b82ced5c8c307856ea2e,True,2000,1057,468,589,44.3,0.85,-4455.17,22,1732900857935,1783459479144,585.2,-2119.24,0.476,0.0,0,0.0,,False,True,False
0xd307f9b172070c0aa422487cb8dec9d3f8225116,True,2000,1009,669,340,66.3,5.24,77935.65,6,1787629462247,1788874797345,14.4,14188.67,0.182,0.0,0,0.0,,False,False,False
0xd323eddd4327c0a2d81ae4a1bda7bbe90c846460,True,1260,646,181,465,28.0,1.65,6717.01,9,1756153061451,1788881376359,378.8,1904.21,0.283,5324.75517,1,547.12,10.3,False,True,False
0xd333acdb1053266b45df04af645766343b876b5e,True,1092,629,286,343,45.5,0.48,-32505.38,6,1771855392096,1788885346662,197.1,-7486.12,0.23,24527.4,1,424.2,1.7,False,True,False
0xd350958b84c64d25652b3a2a92c9509a6c0125a0,True,2000,837,797,40,95.2,1.75,10564.55,36,1786608304806,1788886344601,26.4,-3633.88,0.344,7063.303392,8,-594.4,-8.4,True,True,False
0xd360ecb91406717ad13c4fae757b69b417e2af6b,True,2000,1074,748,326,69.6,0.47,-77289.82,5,1780248058115,1782220518610,22.8,-24168.34,0.313,0.0,0,0.0,,False,True,False
0xd376f87249f959555efd518129e29d4d792d4847,True,2000,536,526,10,98.1,3.61,173.55,1,1780608495394,1785832140010,60.5,-57.66,0.332,0.0,0,0.0,,False,True,False
0xd3912e87ef59431239aefea7d06c563da3310c57,True,285,115,31,84,27.0,0.9,-861.12,5,1775420216853,1788313929676,149.2,-1868.88,2.17,0.0,0,0.0,,False,True,False
0xd3a4117f4761e7b478644ad94c917f097dbe2c3d,True,620,290,121,169,41.7,0.58,-17354.73,8,1773018058647,1781380665036,96.8,-6454.35,0.372,0.0,0,0.0,,False,False,False
0xd3c1d526e7c6dba22a713f5f7adbcee5670908e5,True,554,231,204,27,88.3,13.84,1559.01,14,1773721718007,1788794735228,174.5,82.3,0.053,0.0,0,0.0,,False,True,False
0xd3e279bafd15910804f16d8daf2bb0d9a79af997,True,944,449,344,105,76.6,0.63,-14849.38,23,1751904321007,1788748482208,426.4,-11675.49,0.786,0.0,0,0.0,,False,True,False
0xd3f7b6c78e87befcd36b7d67bc71202b3d342db7,True,2000,970,453,517,46.7,0.9,-759.64,14,1772202804840,1787656232368,178.9,-1245.78,1.64,0.0,0,0.0,,False,True,False
0xd415d2f890bff9b238aa4fc893f6a254f06cb4d9,True,2000,919,363,556,39.5,1.16,1423.67,13,1788521477262,1788884129399,4.2,-869.05,0.61,20852.3,2,456.45,2.2,False,False,False
0xd4289ac86ea452746a297abf125474f0257c50f5,True,2000,1051,394,657,37.5,0.61,-3081.1,4,1788477901951,1788884149845,4.7,-578.19,0.188,31624.91864,3,2627.21,8.3,False,False,False
0xd439e8698205e27e2e869712ca7b0ca55cdc1fdd,True,2000,1011,1008,3,99.7,117.47,25933.05,4,1785217894357,1787153405880,22.4,713.08,0.027,61739.21226,1,-50556.12,-81.9,True,False,False
0xd44412821a955bc1ef06516a354d4b6d0e8c0b62,True,2000,987,319,668,32.3,0.86,-227.6,52,1784887974089,1788862062509,46.0,66.96,0.294,20502.110284,50,2037.33,9.9,False,False,False
0xd45ddb475b20ec2138ee0b316ef2896851390422,True,2000,910,437,473,48.0,2.33,203314.73,5,1787239941564,1788107502908,10.0,-19351.47,0.095,0.0,0,0.0,,False,True,False
0xd46ea04bdedcf88abed9ccc18d4e64bf67fbdf2a,True,654,285,125,160,43.9,1.66,5111.45,15,1775259209652,1788884408974,157.7,3859.61,0.755,4879.443884,3,577.56,11.8,False,True,False
0xd4762decaa16944b0d1ee56f8967fd5b27dbea63,True,482,237,149,88,62.9,9.85,18462.94,22,1764161043741,1788531203043,282.1,4008.59,0.217,1.004517,1,0.9,90.0,False,True,False
0xd487c4353dbd606a6c58b21d0191e33dccae7ff2,True,1405,512,282,230,55.1,0.91,-3152.39,22,1734100325829,1788307200047,627.4,-7821.17,2.481,0.0,0,0.0,,False,False,False
0xd4a0249636145393dacf15c2394cd00ccdb01095,True,2000,1029,489,540,47.5,0.87,-1927.76,48,1772468819323,1788878960557,189.9,-578.81,0.3,269.951199,1,62.26,23.1,False,True,False
0xd4c1f7e8d876c4749228d515473d36f919583d1d,True,2000,1719,320,1399,18.6,0.44,-2747.06,14,1788880268579,1788886595944,0.1,128.06,0.047,6427795.312755,18,-1075880.47,-16.7,True,False,False
0xd4e16e3b202c8caa6dbc16a1cbf7b4d1c9228cee,True,1242,606,233,373,38.4,0.39,-34583.79,26,1756427053424,1777599536807,245.1,-5723.71,0.166,0.0,0,0.0,,False,True,False
0xd4f7f64457a178846116370b326de24f1365e2e9,True,1965,963,506,457,52.5,0.72,-9959.7,28,1761013621896,1784245676838,268.9,-10631.81,1.067,0.0,0,0.0,,False,True,False
0xd51b48fa7b9c4e408aa42eb7ad0b87ce73110d9e,True,2000,1075,766,309,71.3,0.67,-5561.78,14,1775619454047,1787671750240,139.5,-386.58,0.07,0.0,0,0.0,,False,False,False
0xd53494f7d2d58a24e9a8fa8af94b6e2f3e36fa62,True,2000,928,663,265,71.4,1.01,506.42,28,1777304898823,1788678255193,131.6,3638.55,7.185,25560.93,2,-78251.87,-306.1,True,True,False
0xd558f0ea070714cde4c74bbd1388c8617a21d17a,True,515,59,45,14,76.3,1.79,2846.01,6,1757635208087,1787340584920,343.8,2438.39,0.857,473.496091,1,-36.14,-7.6,True,True,False
0xd56cc099bc642644e0e9e1781629b5629fbb19fc,True,2000,591,361,230,61.1,0.22,-45317.16,5,1767457656114,1779473214642,139.1,501.12,0.011,0.005273,0,0.0,0.0,False,False,False
0xd57bb162ea058c36f30de5c6d2ee3144a2e33d79,True,2000,926,522,404,56.4,1.39,3803.48,63,1758119255870,1782819462463,285.9,-1794.23,0.472,0.0,0,0.0,,False,True,True
0xd58f5434c7317e052b70bb6bcbf50b8f3c2a5efd,True,2000,980,486,494,49.6,1.53,22416.8,13,1778293016675,1788791860361,121.5,8599.16,0.384,0.0,0,0.0,,False,False,False
0xd5ae3da7511b8f1d9d66ce7a796aaeccf7b6ad16,True,123,31,17,14,54.8,0.29,-1864.22,2,1783098238156,1783277972325,2.1,-1502.49,0.806,0.0,0,0.0,,False,False,False
0xd5c93fec10d29306f8aeee8dc2044e032e5c3dd9,True,510,212,112,100,52.8,2.19,2991.91,11,1763125784219,1788697489881,296.0,1856.89,0.621,971.929689,1,-64.78,-6.7,True,False,False
0xd5d96c1521df4c2a8b4cecc7bc1bca2f2cbd575d,True,2000,537,139,398,25.9,0.04,-34338.24,13,1780502506121,1781723478520,14.1,-8726.54,0.254,0.0,0,0.0,,False,True,False
0xd5fd00e3d43e51ea08cf2e2a30a52e4c42ec3ba0,True,490,234,117,117,50.0,0.51,-8336.04,12,1752307801284,1786918527562,400.6,2879.27,0.345,0.0,0,0.0,,False,True,False
0xd6098d5b1381ea2bdff4466a346e73c41046c9f7,True,2000,714,528,186,73.9,2.52,52658.98,4,1777978805967,1788874824566,126.1,6550.95,0.124,37504.774299,2,3646.27,9.7,False,False,False
0xd62186b7e7866708907aeb9ac911abb0bbecaeb7,True,1691,748,503,245,67.2,0.81,-741.77,45,1783036714978,1788847406035,67.3,-1301.16,1.754,510.671754,2,14.44,2.8,False,True,False
0xd63a59f21a5ad8c2b23e64ecafdcaa9178c8f002,True,2000,1342,733,609,54.6,1.2,338.09,21,1782186170263,1782364865067,2.1,179.75,0.532,0.001271,0,0.0,0.0,False,True,False
0xd65a4ca28983246561c759d8323ea7ea16827971,True,2000,937,671,266,71.6,3.26,35918.2,8,1788298673298,1788884761752,6.8,-2317.27,0.065,60687.677005,2,11183.69,18.4,False,False,False
0xd671aa1a3c69ea812261d08441ea674b6ae6f8d2,True,2000,1074,571,503,53.2,1.61,4519.06,35,1784898135148,1788879112930,46.1,-391.68,0.087,636.297913,2,92.71,14.6,False,True,False
0xd680dfa2ca3d7d65ba7479842886bdda5a173b45,True,2000,651,244,407,37.5,0.56,-7939.32,2,1785001301887,1788324889414,38.5,-1402.37,0.177,0.0,0,0.0,,False,True,False
0xd6aac465e6fd0a0c1a8adec1abf4ddeaf51b456b,True,763,361,132,229,36.6,2.66,6920.12,15,1772775389184,1776742005100,45.9,1608.46,0.232,0.0,0,0.0,,False,True,False
0xd6ba8940cdbbd4f18811597ab1372c7eb3054f50,True,2000,977,710,267,72.7,0.87,-2488.66,9,1782460500445,1788878769866,74.3,-2196.6,0.883,0.0,0,0.0,,False,True,False
0xd6d07f3aec80b69065c28eaf9140583842fce547,True,2000,845,454,391,53.7,0.93,-12129.88,17,1744352175568,1787502230809,499.4,9687.89,0.799,447.098148,1,572.88,128.1,False,True,False
0xd6ed4a678c44c7e98a58e522612c8be3ed5f8588,True,2000,800,454,346,56.8,1.04,1424.11,10,1788182841076,1788884400160,8.1,4515.48,3.171,97709.053556,2,323.95,0.3,False,True,False
0xd6fe7dce508e6df418267ab52672fd2f71d65048,True,1958,705,549,156,77.9,7.5,76763.72,7,1786025824013,1787750459059,20.0,3034.06,0.04,0.0,0,0.0,,False,True,False
0xd70d4d38b4f8ebce6dfab6630680b290e1609feb,True,2000,856,591,265,69.0,1.28,3359.42,26,1781048681139,1788549017149,86.8,1417.29,0.422,0.0,0,0.0,,False,True,False
0xd7224f96ac3b6c66ffc7f6bbb40c84de1b965fe1,True,1984,1020,738,282,72.4,1.18,13141.21,37,1710032263490,1788466301569,907.8,-25984.98,1.977,10632.430068,1,655.45,6.2,False,True,False
0xd73bdbf82d08ed0f649a51c59cc9ec0aa98e614c,True,1858,899,696,203,77.4,0.85,-19054.46,32,1756245364230,1788872366893,377.6,-40204.15,2.11,0.0,0,0.0,,False,True,False
0xd74ddfea5421568702ce5cb2f35f8417f22a3408,True,2000,947,249,698,26.3,0.69,-760.62,23,1780495981813,1782666793349,25.1,156.1,0.205,0.0,0,0.0,,False,True,False
0xd76a059dccb63423d17f6161b55e2cfd9f8582a6,True,2000,1246,581,665,46.6,0.84,-7771.78,4,1780414053232,1783728000046,38.4,-4265.19,0.549,0.0,0,0.0,,False,False,False
0xd789e875eab4160c0b283176ac502d98918a13ee,True,1038,468,300,168,64.1,1.18,1856.49,1,1780457547211,1788879880826,97.5,2075.34,1.118,3377.969162,1,232.83,6.9,False,True,False
0xd791482e9cc7710eb3aac780dd0f3c487341e21a,True,2000,1274,601,673,47.2,0.28,-187389.2,6,1775580311079,1783451947566,91.1,-18181.95,0.097,0.0,0,0.0,,False,True,False
0xd7b1215a86b88077abe3da909bc61c73e93b073a,True,2000,1043,423,620,40.6,2.3,14731.45,11,1788184965292,1788884296490,8.1,5110.64,0.347,35544.10057,1,7367.75,20.7,False,True,False
0xd7c82352118a8b68a3043266aebc66e148ed3755,True,325,175,128,47,73.1,0.59,-63485.76,2,1773715841390,1787173476230,155.8,-62786.12,0.989,0.0,0,0.0,,False,True,False
0xd7d9aeac0430d873689b7cd17f7b8f11223a48d7,True,771,283,72,211,25.4,0.33,-17763.22,6,1767014767825,1778775564711,136.1,-3990.54,0.225,22018.675345,0,0.0,0.0,False,False,False
0xd7efae6e8e0556ebb5e77a499a34fce6a4d8c722,True,805,352,194,158,55.1,1.2,3422.09,39,1740106120687,1788696313591,562.4,-3825.92,1.118,0.0,0,0.0,,False,True,False
0xd7ff6bf99d4677f1814fee940f05cc7e81512a7a,True,866,422,162,260,38.4,0.7,-4472.3,20,1755871378849,1788183412286,374.0,-7600.66,1.699,893.673048,0,0.0,0.0,False,True,False
0xd81605eb78166fb7734fe56c8f7ac9e316d9ce91,True,1920,981,458,523,46.7,1.2,1989.86,30,1757395208529,1788884421205,364.5,-602.56,0.303,697.625752,2,8.39,1.2,False,True,False
0xd82cb57a8d039760a2073a96aa1a8d9eded94068,True,2000,986,504,482,51.1,0.64,-4935.24,66,1788587690658,1788886337592,3.5,-290.11,0.059,109958.93794,108,-49115.47,-44.7,True,False,False
0xd83cff88a32ffbf3951f2b13e4a0a37103b3193d,True,2000,1154,408,746,35.4,0.18,-59191.71,2,1788524677713,1788878028388,4.1,-2737.79,0.046,0.0,0,0.0,,False,False,False
0xd85093d1aef498f57098b2e7a594669de794bed7,True,262,139,34,105,24.5,0.15,-61449.47,7,1769632925389,1784463033813,171.6,-13716.09,0.223,0.0,0,0.0,,False,False,False
0xd8616c407dba0c23114102caa86f4deda56f29c5,True,2000,1035,464,571,44.8,1.42,3908.81,11,1780003257015,1786545203009,75.7,653.89,0.167,0.0,0,0.0,,False,True,False
0xd86f01c89390caaaf20f085800640ce807b903cd,True,1919,781,685,96,87.7,1.58,10117.45,17,1776285578004,1788884825187,145.8,3600.1,0.356,0.0,0,0.0,,False,False,False
0xd8882c9e1d8d4aae4b4586636b83ef8d9c782fc3,True,2000,647,230,417,35.5,0.72,-2978.01,58,1765976511427,1779276796953,153.9,1191.09,0.4,0.0,0,0.0,,False,True,False
0xd89ba13a21ecb73c7cb57035d89a6c4b6653d800,True,2000,984,340,644,34.6,0.53,-7932.76,17,1774883901921,1781622821877,78.0,-1883.54,0.237,0.0,0,0.0,,False,True,False
0xd8b07bc1bc3bae553bca5e94e99935dc12df24ff,True,2000,1989,1522,467,76.5,0.49,-114985.08,100,1769601752184,1780413850480,125.1,-11900.92,0.103,0.0,0,0.0,,False,True,False
0xd8d192eef1f14b8ddfe55517410bdc9be2d2c011,True,1406,732,447,285,61.1,0.92,-743.06,32,1764029201304,1788451182917,282.7,910.93,1.226,0.0,0,0.0,,False,True,False
0xd8f49165098943d450a52bd58d1b5de0d60d9ffd,True,2000,657,417,240,63.5,1.37,27738.12,9,1783341645144,1787375501559,46.7,-17814.24,0.642,0.0,0,0.0,,False,True,False
0xd905cc03debd1b23e6662e3f44370f54b364ff3c,True,881,364,275,89,75.5,0.95,-536.2,20,1749562583925,1788785380493,454.0,-2257.78,4.211,7179.905604,1,1319.07,18.4,False,True,False
0xd91f2df982c453b23a37d16a2e5bd8964fda7ad6,True,2000,1042,887,155,85.1,0.43,-40531.13,4,1780364626437,1787175258727,78.8,-9720.85,0.24,0.0,0,0.0,,False,False,False
0xd9345cc452f9e006e21b31f7689476024f51e365,True,2000,1150,753,397,65.5,0.69,-678.47,18,1788134851769,1788887024312,8.7,-180.5,0.266,0.0,0,0.0,,False,False,False
0xd94d0db6c59f7e6fe3d77cec69aa817121b40096,True,2000,767,388,379,50.6,1.08,571.45,11,1787299521820,1788884454481,18.3,549.76,0.962,5215.930167,3,298.43,5.7,False,True,False
0xd96249e01e711b56b59c1a17ae64975f89beb55f,True,28,13,8,5,61.5,5.39,32.71,5,1769188157680,1779060908169,114.3,13.0,0.397,0.0,0,0.0,,False,False,False
0xd974c9d1d47b7dfe49d8c728cd995fe5af0598bb,True,442,207,101,106,48.8,0.67,-12451.2,10,1734893711125,1788523794198,620.7,-10504.39,0.844,43542.500808,3,17560.76,40.3,False,False,False
0xd9a47a477a868b462db6088e1df5fdfcdedf502b,True,1458,441,335,106,76.0,0.45,-8405.76,5,1778066760153,1788707151865,123.2,-5682.9,0.676,0.0,0,0.0,,False,True,False
0xd9c8e0d000e09de2ccb8b4808c699a7f8b51d661,True,2000,812,313,499,38.5,0.35,-37669.64,7,1761763157967,1781012807639,222.8,-4082.86,0.108,0.0,0,0.0,,False,True,False
0xd9dd4399d401a773430604c4e3adc20db816a728,True,85,42,32,10,76.2,4.12,9905.36,5,1723736902678,1782310346464,677.9,3268.9,0.33,23566.151944,3,4810.08,20.4,False,False,False
0xd9f961cd55c75713bb279e7dd4a366315a813f58,True,2000,966,769,197,79.6,3.01,17621.85,3,1778020467374,1778193878202,2.0,572.9,0.033,0.0,0,0.0,,False,False,False
0xda0abea7d9516ebd38a82df246bd812830462b02,True,1112,472,186,286,39.4,0.61,-9021.66,36,1751409474148,1788379424350,427.9,-2735.12,0.303,504.568526,1,61.47,12.2,False,True,False
0xda23ab0b2636c3f9806a868278d73aef2439ab60,True,2000,1006,695,311,69.1,0.91,-14121.06,110,1773692529282,1788852377632,175.5,-18681.27,1.323,0.0,0,0.0,,False,True,False
0xda3a955cc9eb6b975c739f1d5113fa050e6c5327,True,2000,845,578,267,68.4,2.28,29465.41,11,1787584797565,1788880787706,15.0,-5942.81,0.202,22280.737653,1,-3839.97,-17.2,True,True,False
0xda4c9db5345f4a4c451dd9349bfcb81869c2c9cc,True,659,62,47,15,75.8,1.23,840.37,4,1754568709889,1788387862659,391.4,2220.07,2.642,14188.733928,2,6894.47,48.6,False,True,False
0xda571f9f387631e68471b787fb2df207528a5855,True,306,129,43,86,33.3,0.5,-4961.37,8,1761255816061,1788705534878,317.7,-723.66,0.146,0.0,0,0.0,,False,False,False
0xda744273f80b22412417f7cfe0503f3d721f987d,True,2000,1089,999,90,91.7,6779.6,1399678.84,7,1784754640911,1788526072920,43.7,81753.88,0.058,1226936.99798,2,971430.79,79.2,False,True,False
0xda8d3be19a0483379f347021ebf1b4ee3ec639bd,True,1217,561,88,473,15.7,0.19,-43853.85,8,1774205948270,1782235203130,92.9,-3257.79,0.074,0.0,0,0.0,,False,True,False
0xdaa12ca83de2fab833fc28ce1300ba6ddee67204,True,761,172,81,91,47.1,2.96,11806.69,10,1707072574771,1788500866782,942.5,5661.09,0.479,2385.529539,1,-107.68,-4.5,False,False,False
0xdab712ffa58fd12bc044a69f71679162b540bcf3,True,2000,1088,596,492,54.8,2.81,65613.03,11,1780156772262,1783728000046,41.3,-6265.5,0.095,0.0,0,0.0,,False,False,False
0xdabb1b4497f0d951c8b3357b85f0cbcb9ed1aaab,True,2000,969,255,714,26.3,0.55,-3704.57,7,1788409123255,1788879734671,5.4,571.25,0.154,6733.097666,0,0.0,0.0,False,False,False
0xdaf19adbbdeae36fab6807c353595b389038405c,True,506,221,149,72,67.4,1.15,1779.17,3,1780720060015,1787692091909,80.7,2561.74,1.44,0.0,0,0.0,,False,True,False
0xdb01438dfc618d5b1e34efc8231d5d85807a1e2c,True,2000,855,382,473,44.7,0.8,-9041.69,20,1747388775644,1788497335514,475.8,4042.96,0.447,9933.40863,2,281.2,2.8,False,True,False
0xdb11df3c623e5da9377e92801f6207285dfb3edb,True,2000,564,326,238,57.8,1.14,3439.79,21,1780541510937,1788525134723,92.4,-3704.2,1.077,3886.68535,4,3839.16,98.8,False,False,False
0xdb2b9d473014d8c6a5e55da92205199457ba6624,True,710,308,140,168,45.5,0.39,-4021.04,13,1773323239899,1778710692500,62.4,-1061.68,0.264,0.0,0,0.0,,False,False,False
0xdb447156575ff746df339596dcc72347e77e7176,True,2000,1114,238,876,21.4,0.1,-100359.07,20,1780594338774,1787973426875,85.4,-5645.5,0.056,0.0,0,0.0,,False,True,False
0xdb5a7983e756f25d9911e82a62eddb76e92b6c19,True,1407,706,185,521,26.2,0.91,-763.72,27,1781593745429,1788884238384,84.4,1880.12,2.462,0.0,0,0.0,,False,True,False
0xdb6c18087cb71164f9b47981d684e68c697b319e,True,2000,767,515,252,67.1,13.02,29005.71,48,1782143396181,1788826620986,77.4,1439.25,0.05,22260.396793,15,39838.29,179.0,False,True,True
0xdb814705a577bfd6649fd7e37953f43f20c2db81,True,419,200,113,87,56.5,2.48,3176.11,18,1773928583992,1787270400024,154.4,1250.08,0.394,0.0,0,0.0,,False,True,False
0xdb954c5301f45c3c42cdb817fc57f1bc87d8683e,True,925,461,249,212,54.0,0.63,-2240.52,29,1752903741763,1788480000030,411.8,-540.82,0.241,0.0,0,0.0,,False,True,False
0xdbbafb771ab936c832281ed226ffcb11a7181c52,True,152,69,41,28,59.4,4.77,39.32,12,1749801511836,1788173721062,444.1,13.6,0.346,0.0,0,0.0,,False,True,False
0xdbcc96bcada067864902aad14e029fe7c422f147,True,2000,2000,879,1121,44.0,1.07,32144.8,31,1786516334516,1786516606083,0.0,-25387.24,0.79,0.0,0,0.0,,False,False,False
0xdbe10ec526c18ab0e18e56a22524a8c90cc1c2a1,True,2000,1053,519,534,49.3,0.79,-7847.67,10,1769896559144,1788690263300,217.5,-3227.83,0.411,0.005274,0,0.0,0.0,False,False,False
0xdbef8a22934eb7dded230b5cae3083ea09e6742e,True,955,500,349,151,69.8,0.82,-1111.09,9,1774298848495,1786572220324,142.1,-1070.24,0.963,0.0,0,0.0,,False,False,False
0xdc169ce68adc7f63c4e99bb796ba7b23ab6dffd5,True,2000,770,613,157,79.6,0.88,-1680.84,13,1788437747095,1788883635569,5.2,-4124.49,2.454,9127.977898,2,27.36,0.3,False,True,False
0xdc32e17e4115b1ad108fbec2608c4f6e8ddbccd5,True,2000,1013,287,726,28.3,0.53,-8735.2,8,1779532297246,1786163702231,76.8,1188.99,0.136,0.0,0,0.0,,False,True,False
0xdc40fc2915331297b52e47990fd033a1b42f16dc,True,2000,1104,713,391,64.6,0.5,-44199.22,32,1755519610005,1787541826411,370.6,-8336.0,0.189,0.0,0,0.0,,False,True,False
0xdc4e5a26aba2ce7bb2fec2a49ac1483b63b81419,True,483,313,148,165,47.3,1.53,858.41,9,1774384345010,1785779594571,131.9,-225.92,0.263,0.0,0,0.0,,False,True,False
0xdc5d3303be25d8f738f6aa5229ba4c4919e8ac54,True,519,276,109,167,39.5,0.71,-2689.53,5,1780549425033,1782395623922,21.4,-1722.99,0.641,0.0,0,0.0,,False,True,False
0xdc7be236c4b1ee77d16758451a198275ec9839b6,True,2000,970,863,107,89.0,3.48,213182.18,4,1764624760195,1788516289625,276.5,19000.0,0.089,60765.434198,2,-42430.0,-69.8,True,True,False
0xdc8b5b00a8f39d8d3cce122d9f30f50d05e82d5b,True,1944,1002,596,406,59.5,1.1,2186.94,1,1781538819007,1784293096741,31.9,-1251.32,0.572,0.0,0,0.0,,False,True,False
0xdca0b85218a565dcca59a82fedea2eed1124f46c,True,1043,452,337,115,74.6,0.26,-23293.01,9,1740397025220,1782377940317,485.9,-8085.3,0.347,0.0,0,0.0,,False,True,False
0xdcb0b5e41d6ed4dd834316d4177d73452014f983,True,2000,1082,697,385,64.4,5.83,109995.83,21,1754987777523,1786098200120,360.1,5095.05,0.046,0.0,0,0.0,,False,False,False
0xdcd0f3a9e286f15ec534bf85d82fca936265bf1f,True,2000,1027,318,709,31.0,1.18,31063.52,23,1752870666148,1788291127895,410.0,-30414.07,0.979,7519.619817,1,1610.82,21.4,False,True,True
0xdce5c6777770464d95574ad126be49a1d8467c1a,True,769,323,190,133,58.8,2.01,6543.62,2,1782926451111,1783682204002,8.7,1607.33,0.246,0.0,0,0.0,,False,False,False
0xdcfb5671dabcc6b452fd680e3272bfe988611696,True,2000,873,479,394,54.9,1.15,6197.43,9,1782386193459,1782465710216,0.9,-5657.12,0.913,0.0,0,0.0,,False,False,False
0xdd08fb1b04dd705b3f31834734d943c1e2629d03,True,2000,1091,822,269,75.3,0.38,-65859.02,36,1772547692840,1788880138531,189.0,-5640.0,0.086,500.904656,1,20.43,4.1,False,True,False
0xdd18909b43c19ffcf3639fa4cef9ebf530646429,True,2000,1012,501,511,49.5,0.82,-25279.08,18,1768415745934,1788843615042,236.4,11508.94,0.455,4792.775638,1,-55.48,-1.2,False,False,False
0xdd2ea09f63b8cfb951490a252afb8f89ad7b8b81,True,2000,1139,256,883,22.5,0.48,-7056.17,10,1758132621919,1788705821176,353.9,-835.53,0.118,978.915697,2,37.74,3.9,False,True,False
0xdd4f66125defd0265f806a0ccfd0ee63e2bb4f02,True,2000,1237,616,621,49.8,0.53,-1993.21,48,1788878387206,1788887385543,0.1,-135.71,0.068,295756.904988,21,21.95,0.0,False,True,False
0xdd5af39ee347c1e88d18dad44a8d572f35bb2359,True,2000,1078,347,731,32.2,1.05,657.36,22,1766284513090,1788813920650,260.8,1122.82,1.708,154.029904,0,0.0,0.0,False,False,False
0xdd6e1a285790d4088fd020c65c764babf44b31e8,True,2000,1049,547,502,52.1,0.68,-13574.56,8,1781704152542,1788525003266,78.9,-3308.72,0.244,0.0,0,0.0,,False,True,False
0xdd77f667310b8c3ee3527e1b0e2d3ada1a2e077d,True,1645,707,259,448,36.6,0.89,-2956.27,13,1778050930654,1785248213810,83.3,3047.03,1.031,0.0,0,0.0,,False,True,False
0xdd966dff1c320d96b001bc2c0b03cf6145b64421,True,2000,1148,751,397,65.4,2.02,2196.38,11,1788883617761,1788887447579,0.0,131.77,0.06,20000.0,0,0.0,0.0,False,True,False
0xdda4444bed93ab900631d9ed098795d06d4a4c9f,True,2000,964,514,450,53.3,1.7,9815.85,39,1771138076328,1776186621405,58.4,3804.91,0.388,0.0,0,0.0,,False,True,False
0xddbeacc7391342fcd48a1de75808f9ba356bae03,True,2000,934,653,281,69.9,2.67,18549.61,11,1780456573597,1788322624130,91.0,2414.43,0.13,0.0,0,0.0,,False,True,False
0xddca0be50df2846f50e66f70d087bbfbe2689754,True,2000,1024,469,555,45.8,1.0,23.57,9,1782745344608,1788824723631,70.4,-1206.33,51.18,0.0,0,0.0,,False,False,False
0xddde1879a13ff291fd67c5c13764f9d25f96437a,True,2000,1000,441,559,44.1,1.93,4362.1,7,1781714413472,1788826483954,82.3,780.42,0.179,15878.450241,2,1010.68,6.4,False,False,False
0xddf71c10227a9c8bce2f4652047cfd4a51fc3572,True,251,101,56,45,55.4,0.33,-8019.66,21,1749486272008,1783169962241,389.9,-6684.98,0.834,0.0,0,0.0,,False,True,False
0xde038991a78bbc6248ab8499bf3055261f034c68,True,867,303,220,83,72.6,0.99,-3.14,25,1782332284710,1788874768279,75.7,-104.68,33.329,1375.449451,1,-58.75,-4.3,False,True,False
0xde23301fed4034651bcf6612a5f89d9adc5b8a2b,True,571,277,140,137,50.5,0.75,-2950.09,14,1750172255196,1788566400005,444.4,-3028.35,1.027,0.0,0,0.0,,False,True,False
0xde383dc72051b478952a22962f817ce1143c18ef,True,409,209,101,108,48.3,1.65,3184.97,6,1781313548141,1788473377311,82.9,2182.92,0.685,0.0,0,0.0,,False,True,False
0xde53ab89b3a83a16f567dec49fc1d0606456daa9,True,2000,944,499,445,52.9,1.52,22284.45,6,1756703388214,1783823498511,313.9,-5116.74,0.23,0.0,0,0.0,,False,True,False
0xde626f894ff07947a4a73bb34675cc4d9f1b0d4e,True,2000,881,597,284,67.8,0.95,-3191.01,11,1779201288706,1787151281964,92.0,-13512.76,4.235,0.0,0,0.0,,False,True,False
0xde7e577a90bef0a63d16e753470fddffaa2d5bfb,True,1400,727,497,230,68.4,0.79,-5861.73,3,1764354914759,1788363724471,277.9,-6115.75,1.043,0.0,0,0.0,,False,True,False
0xde8d9e530b0528ffa7b1190f862536c055dd9524,True,2000,353,353,0,100.0,inf,864565.62,1,1787153294783,1788020134135,10.0,41060.32,0.047,7039708.699422,1,10891011.99,154.7,False,False,False
0xdea6aedf4914c7795505f97b989e8f87c796aa6d,True,1816,801,370,431,46.2,0.59,-23789.57,19,1731465033724,1774946799473,503.3,-8039.67,0.338,0.0,0,0.0,,False,True,False
0xdeb7582b362a752970fbd2507d0fb5dd27ed379a,True,2000,1041,476,565,45.7,0.47,-34056.27,37,1763067537938,1787996050260,288.5,-11232.78,0.33,0.0,0,0.0,,False,True,False
0xded95ed7c6ac5e911c6c7cd71ef9b78214e82c43,True,898,393,66,327,16.8,0.26,-17535.88,5,1786992383251,1787215723495,2.6,2452.43,0.14,0.0,0,0.0,,False,False,False
0xdee73206daee9b47b08ef323a0f3e444903db7fc,True,2000,919,286,633,31.1,0.95,-761.41,14,1759214337149,1779899770271,239.4,6414.0,8.424,0.0,0,0.0,,False,False,False
0xdef79441493ffcd883da17d19f3d28d9a20ceb29,True,2000,705,409,296,58.0,0.05,-204600.48,7,1782098223622,1783209600077,12.9,-20131.62,0.098,0.0,0,0.0,,False,True,False
0xdf06a761d286c0ae835173236e1f12f1379e4977,True,2000,1039,861,178,82.9,3.11,33599.65,43,1771989390742,1788875273734,195.4,-4961.7,0.148,22664.696666,3,34.23,0.2,False,True,False
0xdf18b66aed0b4b3280996d1bce67a62971566433,True,2000,884,493,391,55.8,0.48,-20927.79,40,1779732628396,1782838317270,35.9,-2662.07,0.127,0.0,0,0.0,,False,True,False
0xdf3381f7470cbdc93c68a17bb73c6fe2d93b70e2,True,2000,702,438,264,62.4,0.37,-9097.35,3,1788795464583,1788859651436,0.7,-3066.83,0.337,63703.943682,2,12904.49,20.3,False,True,False
0xdf3b2c9986cbd027d31e28995a57a5f018fe5ec6,True,1028,532,294,238,55.3,2.04,7571.3,8,1765211647256,1776832817339,134.5,1790.43,0.236,0.0,0,0.0,,False,True,False
0xdf4b3f71b9d05e9812a1853f2361e2deb4fe62de,True,1524,851,93,758,10.9,0.73,-545.43,3,1777537497005,1783661653207,70.9,944.92,1.732,0.0,0,0.0,,False,True,False
0xdf6097a9e585e3d72556d19fa147562ffef5d3c7,True,2000,315,216,99,68.6,27.87,320518.23,7,1788292114385,1788808241582,6.0,12408.38,0.039,1791009.480795,4,564503.09,31.5,False,False,False
0xdf788ea3a13c21f76d6ee4e8177e97650748287a,True,155,55,12,43,21.8,0.5,-656.56,2,1754758999643,1780675894511,300.0,-318.59,0.485,6835.627641,0,0.0,0.0,False,False,False
0xdf8c896dc9ea3732a3230aacb39f6eff849fd1f1,True,639,284,94,190,33.1,0.33,-4939.05,1,1772729601388,1776942072789,48.8,-1594.82,0.323,0.0,0,0.0,,False,True,False
0xdf972b7d09bd890f2dce9303fd0e1a37a527b1b2,True,2000,1237,557,680,45.0,0.67,-11930.56,6,1770534523637,1786295373006,182.4,3472.55,0.291,0.0,0,0.0,,False,False,False
0xdfb27231979a3367579794001c006f6d3875d16f,True,2000,905,418,487,46.2,1.02,376.96,57,1778161808992,1788012825075,114.0,801.35,2.126,0.0,0,0.0,,False,True,False
0xdfcc9a7652254a190636f3ca0d437632729e8833,True,117,63,60,3,95.2,23898.47,90871.58,4,1771427158028,1776208895021,55.3,36965.44,0.407,0.0,0,0.0,,False,False,False
0xdfe28d6f45d9f19b418943cbd0db8d06e5f10d12,True,1447,681,451,230,66.2,1.19,878.63,48,1782243065329,1783205379538,11.1,-565.25,0.643,0.007917,0,0.0,0.0,False,True,False
0xdff435639f3562e6bac0b781ee896997cce3ac45,True,1626,826,364,462,44.1,1.25,5811.27,4,1773676792994,1776165580276,28.8,-1940.83,0.334,0.0,0,0.0,,False,False,False
0xe00902f209ee8ccc06a333a524a973209e605d12,True,2000,1165,687,478,59.0,0.85,-1034.47,4,1767634675451,1777565086750,114.9,-370.21,0.358,0.003837,0,0.0,0.0,False,True,False
0xe01a97fc4607a388a41626d5e039fdecbfc6acd9,True,2000,1030,581,449,56.4,0.35,-63260.64,11,1757870540655,1784752314789,311.1,-14142.42,0.224,0.0,0,0.0,,False,True,False
0xe02e420ec55b4e03924d77c7b342c012541ba2d3,True,2000,1394,717,677,51.4,0.61,-29136.92,12,1788427787718,1788874872575,5.2,-6461.25,0.222,827850.916416,3,-53164.46,-6.4,True,True,False
0xe04a38e7f747acd991d79c93b48c2ee33ac26324,True,1342,492,392,100,79.7,3.27,28527.51,3,1779514767980,1785360272975,67.7,4332.69,0.152,0.0,0,0.0,,False,False,False
0xe063c36903856be3f289bd19b9d7072deeadc3be,True,1443,740,431,309,58.2,1.36,6721.58,42,1733053669194,1787936781971,635.2,1998.08,0.297,0.0,0,0.0,,False,True,False
0xe0746fdeae3d8cca81eca1e320b616cc12f3df7d,True,2000,1039,254,785,24.4,0.17,-56915.89,6,1786227462801,1786483863302,3.0,-2184.51,0.038,0.0,0,0.0,,False,False,False
0xe09726ff25f5001f37b15049f54116cb83d7d0fe,True,2000,942,942,0,100.0,inf,424754.15,7,1788514747832,1788879569623,4.2,41049.08,0.097,2931402.632253,10,446692.29,15.2,False,True,False
0xe0b620baf0cceb4592e7bb069a31f39f3c4e94ee,True,503,260,209,51,80.4,6.98,13700.03,11,1756543125107,1788880714351,374.3,4027.12,0.294,1945.226714,1,112.89,5.8,False,True,False
0xe0cc382881d7097ddb84c23328cc3cbda10d1721,True,628,321,128,193,39.9,0.84,-3401.81,5,1771962009616,1776474670528,52.2,3945.73,1.16,0.0,0,0.0,,False,True,False
0xe0e4adefc6aaa58114982321a5357425c64458ae,True,2000,1014,351,663,34.6,0.52,-18311.06,39,1780560965608,1788766656568,95.0,-1495.14,0.082,0.0,0,0.0,,False,True,False
0xe0f6dacd86734ea6faa476565ed923daac521064,True,2000,1344,1252,92,93.2,510.85,79319.95,4,1782713933221,1788739200041,69.7,4025.75,0.051,277941.22231,1,-283833.0,-102.1,True,False,False
0xe1073ff3f3d800ffbb7a816853e34109255b874f,True,2000,897,398,499,44.4,1.19,8615.4,27,1780618582399,1783381709039,32.0,18750.32,2.176,0.0,0,0.0,,False,True,False
0xe11e4cee1f78938511b9e3af85ecdbd95664612b,True,2000,1008,290,718,28.8,0.74,-21398.9,4,1782383665759,1783300270042,10.6,13472.46,0.63,0.0,0,0.0,,False,True,False
0xe131d3992102344ce4c2409ec8913c6d7430c433,True,2000,961,225,736,23.4,0.28,-22985.22,17,1778487239521,1785355840493,79.5,-2792.33,0.121,0.0,0,0.0,,False,True,False
0xe14c1d23d6a787bb8756e300732df9c3922c552d,True,1967,919,679,240,73.9,8.0,16645.87,103,1701197593615,1788540647256,1010.9,3139.46,0.189,0.0,0,0.0,,False,True,False
0xe1673f2c30b122318c0ec1b5af9c1da6162d043d,True,681,260,35,225,13.5,0.55,-8406.63,1,1788148701992,1788874404365,8.4,-1463.44,0.174,0.0,0,0.0,,False,False,False
0xe185de4edac0202a928cfa724b5ffbba53eb7133,True,2000,923,201,722,21.8,0.37,-3502.38,5,1785484254210,1785528715270,0.5,341.36,0.097,0.0,0,0.0,,False,False,False
0xe19c417b472587339c59522f7fd062f8fa3f8ec5,True,2000,865,555,310,64.2,0.65,-2567.96,13,1766159278951,1788876033482,262.9,-839.24,0.327,745.039433,1,-22.41,-3.0,False,True,False
0xe1b02144c101e4f6c41bc746f854214404efa23d,True,2000,961,352,609,36.6,0.56,-13825.29,1,1786720904468,1788882199244,25.0,1659.95,0.12,3.6068,1,-0.07,-1.9,False,True,False
0xe1c08667421e480e63edda9b37b8405aa51ed19b,True,2000,1166,325,841,27.9,0.71,-1180.88,22,1788198497664,1788771715231,6.6,-242.58,0.205,233339.92265,62,-116413.31,-49.9,True,False,False
0xe1ee9e80e9cf310aef6669e8a200de68fa16258e,True,2000,1004,826,178,82.3,3.56,85755.28,9,1785127639303,1788879046515,43.4,9827.24,0.115,41963.893293,1,376.42,0.9,False,True,False
0xe1fedd243e86627d2810b825548a7b9a3a983bab,True,828,326,109,217,33.4,0.67,-3926.75,10,1736714578147,1788446933655,598.8,-1008.5,0.257,0.0,0,0.0,,False,True,False
0xe214d44dddc32c1a6fe6d930c66498a69d2eee70,True,1351,382,303,79,79.3,0.85,-608.33,99,1746853879811,1788799735320,485.5,-623.29,1.025,6777.226656,16,4860.92,71.7,False,True,False
0xe22e5844ade7b1e89ef4ba044c076ae7885073bc,True,2000,1001,194,807,19.4,1.53,20196.66,12,1762938074690,1780440168054,202.6,11569.03,0.573,0.0,0,0.0,,False,False,False
0xe2482a1cbc74f889e6ae5483e0561a7e8fb36da9,True,262,106,83,23,78.3,32.32,34741.81,1,1787208425068,1788875518753,19.3,1815.23,0.052,0.0,0,0.0,,False,False,False
0xe2597d4cbf8c4686312fd9c7a04fc233cead57c4,True,2000,1092,590,502,54.0,0.56,-14867.86,16,1785290250892,1788886173037,41.6,-4016.2,0.27,0.0,0,0.0,,False,True,False
0xe27e1fd0e3fbb47b8502da284e129e26b9de96c1,True,2000,1201,713,488,59.4,0.32,-37037.76,19,1776826559407,1787587645393,124.5,-4347.47,0.117,0.0,0,0.0,,False,True,False
0xe28f610f9f23aba9cce6711dc060b24909b62a8d,True,2000,808,361,447,44.7,0.71,-7525.72,2,1785793984011,1786320707021,6.1,-2984.84,0.397,0.0,0,0.0,,False,False,False
0xe29d7f6a677f56bf00fe8cfa4f010d68a99897d6,True,855,370,202,168,54.6,0.67,-2436.26,9,1786726272953,1788858072598,24.7,-1175.47,0.482,0.0,0,0.0,,False,True,False
0xe2af8f54b54dd85978147ec505b63a77bdbde205,True,2000,1045,114,931,10.9,0.01,-56297.2,4,1788399262398,1788878878311,5.6,-5231.0,0.093,455237.886716,1,-6272.8,-1.4,False,False,False
0xe2c8daf6aaec19261320b489a1cab4ed644fc1fa,True,2000,1207,1207,0,100.0,inf,17907.81,4,1784264134485,1788393600075,47.8,537.96,0.03,0.0,0,0.0,,False,False,False
0xe2e37ba6e1949639108191ac8624655d444a44e3,True,2000,896,519,377,57.9,0.58,-23942.86,6,1781018544472,1788627020071,88.1,-11125.83,0.465,9794.089964,1,2180.66,22.3,False,True,False
0xe3025b7699c0a17b56155c58fae350322fbac87c,True,2000,905,554,351,61.2,0.78,-6919.98,32,1763107661871,1787301673097,280.0,-4690.87,0.678,0.0,0,0.0,,False,True,False
0xe3142a08b1f55ccb4ac941e78b2a88933b1a30a7,True,1700,793,367,426,46.3,0.66,-9256.8,10,1752283394160,1777774387138,295.0,-2673.13,0.289,1.0,0,0.0,0.0,False,True,False
0xe326375742cf703a3e7037bb7fed1e01e33609e8,True,2000,1056,306,750,29.0,0.21,-10054.03,7,1787454547428,1788760061423,15.1,-1929.73,0.192,101355.40688,0,0.0,0.0,False,False,False
0xe32c59344c3114a69b8096589ed007c37d9c1e76,True,2000,941,686,255,72.9,1.83,38604.86,7,1782872121182,1788846629585,69.1,-9573.77,0.248,0.0,0,0.0,,False,True,False
0xe339f3a21ac5cb468f0949a1da2ceb029eb036cf,True,2000,805,734,71,91.2,2.93,22101.81,8,1759977881591,1787961600069,323.9,1865.54,0.084,0.0,0,0.0,,False,True,False
0xe36f0fe9c5a0e974661880ac0a22b96ab759ff7c,True,2000,1015,457,558,45.0,1.24,673.71,51,1785920068292,1788861776191,34.0,166.88,0.248,35511.473346,50,3046.78,8.6,False,False,False
0xe38ed90a8ba72be4d4abcef499af98fb01ba9192,True,2000,674,296,378,43.9,0.89,-83.68,68,1772960246026,1780998748570,93.0,-58.98,0.705,0.0,0,0.0,,False,True,False
0xe3a2b9671b982be8bd6df8d85a84ef87896f51fc,True,1526,693,339,354,48.9,0.78,-580.15,2,1760429969464,1774506829044,162.9,220.0,0.379,0.0,0,0.0,,False,False,False
0xe3bf2e6320f53215bd10cb3e93068eeabbd47673,True,2000,1116,576,540,51.6,1.23,1755.47,1,1788526527840,1788887189532,4.2,328.7,0.187,31312.151882,1,-166.53,-0.5,False,True,False
0xe3d15a3f0a678ac862ca79e9c3e66de5714846c1,True,2000,1057,708,349,67.0,1.04,218.78,118,1784841594115,1788878325786,46.7,-263.22,1.203,10516.006875,50,-459.56,-4.4,False,True,False
0xe3dff0777ae861aa9c5f9f8ef005df2f2be5223c,True,2000,1404,1168,236,83.2,0.15,-25472.11,6,1782264841794,1788759860561,75.2,-5473.65,0.215,1312.019289,1,-2014.22,-153.5,True,False,False
0xe3f5fc76865155b32188e7b9d9243f27ce815b43,True,2000,1028,549,479,53.4,0.66,-2482.09,4,1774450296822,1785257486278,125.1,-766.84,0.309,0.0,0,0.0,,False,True,False
0xe41690116e0deeb088fc1e70eac83b249bd23635,True,2000,950,831,119,87.5,3.71,5208.33,18,1785876403998,1788886412754,34.8,211.25,0.041,0.0,0,0.0,,False,False,False
0xe42891a7b7c37027033e3376b45f7b11c890a90f,True,232,141,122,19,86.5,691.04,3792.99,6,1785431806521,1786665600060,14.3,665.24,0.175,0.0,0,0.0,,False,False,False
0xe45a8f3ffd7711f34013ad5d8d20c8f45a8d014d,True,2000,1300,661,639,50.8,1.09,187.49,10,1788689884928,1788884239859,2.2,245.49,1.309,0.0,0,0.0,,False,False,False
0xe48064a61e4bf0ea178dd6128aa914443a5f3b9c,True,2000,1080,1008,72,93.3,1.44,10888.49,11,1770460118843,1788440113377,208.1,-3431.08,0.315,0.0,0,0.0,,False,True,False
0xe49a765141e447864cd0f211811b93aac7d94901,True,2000,800,738,62,92.2,27.51,13948.95,43,1780693113894,1788881063946,94.8,514.87,0.037,6590.636628,1,-6846.26,-103.9,True,False,False
0xe4b8693c67f3258f4b600b2166f2a251d2f22cdd,True,1607,735,374,361,50.9,0.78,-4731.37,87,1760555221513,1773652707150,151.6,-1538.65,0.325,1.005028,0,0.0,0.0,False,False,False
0xe4c55fdc2a2739f7237706f7957a9b276fc82b1f,True,2000,934,521,413,55.8,1.44,1519.34,29,1785491025501,1788885532408,39.3,-198.88,0.131,3401.553587,2,766.16,22.5,False,False,False
0xe4d9263e8069f7b0f1f6ef14f0ac2debe318d2b1,True,2000,1930,699,1231,36.2,0.7,-17575.78,35,1780729407672,1785504934852,55.3,-4753.6,0.27,0.0,0,0.0,,False,True,False
0xe4e88d91c287eac621129158367425a9f265c354,True,139,80,41,39,51.2,1.41,495.68,1,1783022047050,1784574909162,18.0,544.77,1.099,0.0,0,0.0,,False,False,False
0xe4eb2de9d1d42b310b114793023f4a655a31368b,True,506,284,75,209,26.4,0.83,-1894.95,1,1782304247121,1782474777608,2.0,1287.91,0.68,0.0,0,0.0,,False,False,False
0xe500d9c76993e4f356b698711e53acd0ab98f905,True,2000,1002,301,701,30.0,0.39,-37310.74,4,1782050605108,1788289004437,72.2,5400.0,0.145,0.0,0,0.0,,False,False,False
0xe5250bf1ee0d01c54866702b3e4a12a57939693d,True,2000,1310,1080,230,82.4,3.68,23685.16,13,1782969603115,1788219728811,60.8,-1358.14,0.057,0.0,0,0.0,,False,True,False
0xe53da8b29971cfdd505e3cd1449907579fbf7619,True,2000,1270,600,670,47.2,0.62,-21666.02,33,1780493739176,1788458195821,92.2,-4650.48,0.215,0.0,0,0.0,,False,True,False
0xe559f28c86650002b7ce5c3baac729ae14165f2d,True,2000,960,359,601,37.4,1.1,3874.82,16,1778524102082,1788623645075,116.9,-2754.44,0.711,34570.846118,1,-1332.81,-3.9,False,False,False
0xe571429d4b434889c4458a2128c29d9b8dcfde2d,True,336,153,140,13,91.5,1.46,5371.79,9,1780315638916,1782415084224,24.3,-7595.39,1.414,0.0,0,0.0,,False,False,False
0xe58752b9f9f39270f9d75dc22fe888f192ccda6e,True,391,149,108,41,72.5,2.14,2371.01,30,1752493650540,1778776819087,304.2,-528.37,0.223,0.0,0,0.0,,False,False,False
0xe5a1d72ecb46aaf48df76ded128b5aebd5b22156,True,2000,1167,1144,23,98.0,528.63,232490.19,4,1762856818042,1781481600049,215.6,10767.73,0.046,0.0,0,0.0,,False,False,False
0xe5afd3efeb21e2f53e2f8a4e6221a1b3dfe3d760,True,397,255,144,111,56.5,0.57,-2642.83,7,1774383453498,1775602303041,14.1,-762.93,0.289,13.141082,0,0.0,0.0,False,True,False
0xe5c5a11d1ad75f8a67ca36f2ec6fc4c4a9a1cdac,True,2000,847,450,397,53.1,1.03,306.06,45,1778432928683,1788779809565,119.8,887.58,2.9,8199.137605,1,4.14,0.1,False,True,False
0xe5ddd6a19a21ea94a64f43d0668e0093ecaf2966,True,2000,753,216,537,28.7,0.69,-5776.49,13,1782307403848,1788753448908,74.6,1140.43,0.197,2944.372275,3,2053.14,69.7,False,True,False
0xe5f5b722870aaea382283082be716e2748e78b44,True,1225,480,327,153,68.1,2.16,47693.67,3,1758807612036,1788875680576,348.0,-15742.37,0.33,10776.528896,1,-552.0,-5.1,True,True,False
0xe60ee26250093b72754f663263f51fc29d53be52,True,385,161,97,64,60.2,1.7,2009.37,17,1737630164011,1788803739416,592.3,1427.58,0.71,89.784169,1,-14.74,-16.4,True,True,False
0xe61ec86a65d042310fed147b9e834bc89c4d32bc,True,2000,1021,575,446,56.3,1.34,9167.07,15,1781122182590,1787293568885,71.4,2183.93,0.238,0.0,0,0.0,,False,False,False
0xe62df1c3ce4f88312dce186986ac35050c707cb9,True,2000,988,411,577,41.6,2.18,5983.95,1,1787694242488,1788692792561,11.6,3021.83,0.505,0.0,0,0.0,,False,False,False
0xe6503009ee1a648c3775b6b8444afdddb786f1a9,True,1946,547,413,134,75.5,3.4,67136.41,26,1773226750683,1788861948427,181.0,-7798.54,0.116,0.0,0,0.0,,False,True,False
0xe666fda8f3267c28fb14a97534718caf641e390d,True,1014,402,186,216,46.3,0.91,-4746.72,16,1769375012207,1787156084917,205.8,-10945.94,2.306,0.0,0,0.0,,False,False,False
0xe677c12ec99bfe17af974174bae6cf454ad70a0e,True,2000,979,481,498,49.1,2.27,22953.4,8,1786297412609,1788801232311,29.0,1905.04,0.083,25216.415978,1,658.56,2.6,False,True,False
0xe68373e2c9445ae24844b1804f248faf2c2ee8eb,True,2000,546,250,296,45.8,0.29,-16666.43,14,1785509555466,1788850078406,38.7,-5003.46,0.3,8094.016259,1,-598.87,-7.4,True,False,False
0xe690ebdb7616526bb5ad2a6544221fb0bb69d0f5,True,561,178,39,139,21.9,0.01,-120005.67,1,1726685809416,1788847408064,719.5,-21949.41,0.183,196488.215597,1,-77842.04,-39.6,True,False,False
0xe6a285c0437f77d827cf4594928d47fe053f69d4,True,2000,942,609,333,64.6,0.6,-5259.17,4,1769113897367,1788443208816,223.7,-1378.43,0.262,0.0,0,0.0,,False,False,False
0xe6b01245b503fd8e3353e1a2996d539b3ae13f30,True,325,175,51,124,29.1,0.58,-536.32,23,1776847722040,1783434211610,76.2,-305.26,0.569,0.0,0,0.0,,False,True,False
0xe6c7b3e0d89dd56a0677bc23a023bd47d39fb921,True,2000,1598,1129,469,70.7,2.17,38606.25,1,1785429893521,1787359884947,22.3,1450.76,0.038,0.0,0,0.0,,False,False,False
0xe6deb8055207cf89fd3111f581708705a1bd0c4f,True,2000,1033,363,670,35.1,1.26,6834.26,26,1776284936570,1788258897272,138.6,1840.42,0.269,0.0,0,0.0,,False,False,False
0xe6f4819ae9e126fa4fcdcd0e1ed9d9c028509c45,True,1592,705,535,170,75.9,0.56,-22671.68,6,1776418172879,1781386936586,57.5,-6784.32,0.299,0.002409,0,0.0,0.0,False,True,False
0xe70786609d684ad71e5156cdc40279e79413ed88,True,2000,1065,78,987,7.3,8.11,70687.8,12,1747661203415,1787270400024,458.4,13681.35,0.194,11378.952649,2,20361.07,178.9,False,True,True
0xe721a0532a7828df67ad519aa25c602da076159a,True,2000,933,681,252,73.0,14.92,11660.55,12,1786455904959,1788888213984,28.2,83.44,0.007,21408.948163,2,5478.44,25.6,False,False,False
0xe73e17e09cf0692fb5074929d1aad5b13e43be69,True,104,57,37,20,64.9,0.02,-43900.31,2,1786320255812,1788790875720,28.6,-34825.51,0.793,3660.245103,1,-422.97,-11.6,True,True,False
0xe7546d118eb5e68dcfff741bc31fa2a855d492e9,True,2000,795,241,554,30.3,2.28,13695.13,9,1776365645008,1781136685567,55.2,2353.99,0.172,0.0,0,0.0,,False,True,False
0xe7744b89fb44878372bc4ad0c652ef4c370fc3fc,True,435,240,104,136,43.3,0.91,-242.05,5,1780445016602,1780481438679,0.4,521.41,2.154,0.0,0,0.0,,False,False,False
0xe78513a6a6df52ba489209f4b326794b2a4e9ba1,True,785,382,203,179,53.1,1.1,13203.68,3,1753443273917,1773780526174,235.4,-49982.56,3.786,0.0,0,0.0,,False,True,False
0xe7aa7c4c4b8ffb0bd32f21d7b193d87653151b74,True,2000,975,512,463,52.5,2.42,24899.18,8,1767469741268,1787229762849,228.7,8668.2,0.348,12716.214362,1,-22886.0,-180.0,True,False,False
0xe7c3fb186ccc1ea9e2b562363cad35af9d8802ea,True,2000,837,512,325,61.2,1.6,8645.83,21,1787164441906,1788881391906,19.9,2256.25,0.261,21477.406302,5,12021.07,56.0,False,False,False
0xe7dab98324db6586278c097411aca300888edb05,True,2000,1005,521,484,51.8,0.47,-14121.81,25,1769378493488,1787945107333,214.9,-7212.59,0.511,4127.214144,4,747.87,18.1,False,True,False
0xe7ec7fbf4f195fc8e57d814e15c3a2857cb632a3,True,2000,2000,1791,209,89.5,3.1,254720.46,4,1785839722530,1787896395288,23.8,17768.98,0.07,0.0,0,0.0,,False,False,False
0xe807e75a42f0cccb2a63ff2c2f2d820a8f031c1f,True,2000,997,289,708,29.0,2.09,13459.11,9,1777605609141,1788341024624,124.3,1935.08,0.144,0.0,0,0.0,,False,True,False
0xe815d08b832314153b9fb86e635dce6d3a1c8fa7,True,2000,901,271,630,30.1,1.05,1343.53,31,1779658294437,1788836644066,106.2,2619.91,1.95,5054.85204,0,0.0,0.0,False,False,False
0xe82bc65677e46b6626a8e779ac263221db039c2d,True,2000,935,692,243,74.0,186.22,1594826.63,15,1758573408298,1788816338549,350.0,246587.31,0.155,0.0,0,0.0,,False,True,True
0xe84e77089ec99d6235d4ee7291989368bcd0291b,True,752,329,166,163,50.5,0.79,-5012.1,14,1778874910254,1780640565391,20.4,-3401.05,0.679,0.0,0,0.0,,False,True,False
0xe86b057f5eb764c9738d6b0d38170befd0723664,True,2000,717,281,436,39.2,0.23,-30991.54,43,1788875009312,1788888331312,0.2,-595.19,0.019,3449933.395903,47,-284690.91,-8.3,True,True,False
0xe87f694e97baacaed2dc77cfb4d3500a94440bb9,True,2000,844,345,499,40.9,1.28,1920.77,7,1787844472680,1788887705966,12.1,-463.28,0.241,1668.0,1,482.61,28.9,False,False,False
0xe899e446f6f5872944b4a6d730ad284f052e8639,True,2000,1016,782,234,77.0,1.59,12560.44,50,1769562255319,1788877074571,223.6,-2114.1,0.168,7472.731513,4,-1757.87,-23.5,True,True,False
0xe8a741b166656bd8d90bddc7ffef92a312be773a,True,2000,919,523,396,56.9,0.94,-1426.34,3,1776868086983,1784628704030,89.8,-2692.58,1.888,0.0,0,0.0,,False,True,False
0xe8bdb9dcd2663166bfca8394eb55bde9ad63fdae,True,2000,1240,1240,0,100.0,inf,347519.52,4,1786117943104,1788792000755,30.9,33652.56,0.097,0.0,0,0.0,,False,False,False
0xe8d89110c52df4ca33e75e060e3c72dcbf6c8dda,True,2000,854,162,692,19.0,0.27,-46558.38,20,1781319145540,1788883640316,87.6,-2825.81,0.061,0.0,0,0.0,,False,True,False
0xe8f226b12ff4d90982343d86f11a53754886977f,True,2000,405,153,252,37.8,0.17,-18858.81,11,1780870591093,1782784134826,22.1,-3599.76,0.191,0.0,0,0.0,,False,True,False
0xe9004478ffe72b931a9dee10cfa179661c08933f,True,2000,1128,545,583,48.3,2.23,61459.98,22,1770378226887,1788349928238,208.0,-11011.17,0.179,0.0,0,0.0,,False,True,False
0xe90cb1a5cfe25192a2d9a6ab2a00363b03e220f0,True,224,141,32,109,22.7,0.33,-1462.72,1,1781633752692,1781686817026,0.6,-330.83,0.226,0.0,0,0.0,,False,False,False
0xe91d07ca99865ee7567cd6e6f901fa93a61527fb,True,216,77,77,0,100.0,inf,1774.73,1,1787873175263,1787881871519,0.1,158.81,0.089,0.0,0,0.0,,False,False,False
0xe92c7b0a3b49e8053f309d4d1575d3b859c8968c,True,2000,985,398,587,40.4,0.79,-5144.92,18,1787372168829,1788885245300,17.5,-1721.58,0.335,20240.04172,4,1143.81,5.7,False,False,False
0xe943ca883ef3294e0fc55a1a14591abead1b5927,True,1579,802,370,432,46.1,0.92,-4578.16,15,1752285473057,1788144936342,415.0,6345.52,1.386,0.0,0,0.0,,False,True,False
0xe960d81650af0f1649749d9c9389953788dd419b,True,250,111,33,78,29.7,0.46,-2236.86,13,1757017179281,1784950322879,323.3,525.16,0.235,0.0,0,0.0,,False,True,False
0xe974afef3b3e49615926e5d14a100e3317906d79,True,2000,1066,566,500,53.1,1.08,973.88,9,1771538626267,1778364973310,79.0,-1092.76,1.122,0.0,0,0.0,,False,True,False
0xe97ef06aea08d984a7a8b2f6391f19889b673e77,True,791,406,307,99,75.6,8.06,27582.73,2,1771811888794,1779605462383,90.2,2428.41,0.088,0.0,0,0.0,,False,True,False
0xe98bac02883b3415196ee41af753c0b28e511f0e,True,1585,639,324,315,50.7,0.29,-126126.78,27,1734197128254,1781919003291,552.3,-47453.23,0.376,26033.007651,2,19222.46,73.8,False,True,False
0xe9a8e824dd6509b238183442c42eaaac3d09aadb,True,2000,976,451,525,46.2,0.48,-15824.86,35,1763577918853,1782118094897,214.6,-987.72,0.062,0.0,0,0.0,,False,True,False
0xe9c2df5b14c7f476e8a5895d5b0c6b015e87bf2e,True,2000,1055,711,344,67.4,1.54,29353.46,15,1770722160751,1788704538087,208.1,5321.49,0.181,0.0,0,0.0,,False,True,False
0xe9dc8b3c128a85730751ab4ad0f6a2fcac3d835c,True,2000,893,598,295,67.0,0.85,-6848.88,20,1785849177166,1788797313928,34.1,-4669.95,0.682,7186.123153,2,378.16,5.3,False,True,False
0xe9f77cb925786f3465562a2491ae51aebb60ee64,True,588,203,78,125,38.4,0.94,-1452.67,6,1763876995152,1788652800016,286.8,-5869.81,4.041,112706.620827,1,71736.43,63.6,False,False,False
0xea101abf2aa87e621caefeb64e6bfe34340b822d,True,2000,1025,244,781,23.8,0.59,-9454.41,71,1765400485847,1788844886482,271.3,-2402.95,0.254,661.320881,1,-85.36,-12.9,True,True,False
0xea23991c20c911221e963bad1d6c10e85d52083e,True,2000,689,566,123,82.1,2.65,15872.75,55,1776119827622,1788716203052,145.8,-4099.91,0.258,24949.906718,6,-24145.04,-96.8,True,True,False
0xea32896a4b2fac2ad2ec850d7e552f0dcded1069,True,612,297,120,177,40.4,1.58,232.17,6,1746009194050,1785357614663,455.4,-187.12,0.806,0.0,0,0.0,,False,False,False
0xea59f954080b32f50d74cb88cc05c1db9a70a6a0,True,644,291,186,105,63.9,1.94,11455.54,9,1776440944507,1787046029545,122.7,3742.62,0.327,0.0,0,0.0,,False,True,False
0xea745265097151523658be7c2c8ea325f1592ac0,True,2000,1127,522,605,46.3,0.59,-31804.12,11,1774966955833,1787334898730,143.1,-2088.68,0.066,44611.96769,1,-82904.0,-185.8,True,False,False
0xea93c16b2ed1cd73e6f9d5b5a92c36e504e8dc72,True,2000,834,419,415,50.2,0.51,-21783.28,26,1780905818668,1788865848703,92.1,-3007.4,0.138,16829.710355,0,0.0,0.0,False,True,False
0xeabfcf486c02330c0fc81d17b5f62207d070956d,True,2000,974,435,539,44.7,0.77,-11996.17,5,1774290215699,1781128853573,79.2,4929.5,0.411,0.0,0,0.0,,False,True,False
0xeacdf0e4e34385a7b2273b333bef7108d5f4cd04,True,2000,910,517,393,56.8,1.0,149.48,15,1752743784474,1784052622909,362.4,-6705.99,44.863,0.0,0,0.0,,False,False,False
0xeadb24e0a7bf1d95a272bbbe42dcba6e5fcaefbe,True,2000,889,792,97,89.1,0.99,-282.29,15,1780818597913,1787582281348,78.3,-3624.64,12.84,28.742049,0,0.0,0.0,False,True,False
0xeae60216bb78c0e1d4c578536c299db1caf58741,True,2000,1209,399,810,33.0,0.38,-7164.64,9,1785942960391,1788858864275,33.7,-179.64,0.025,0.0,0,0.0,,False,False,False
0xeaf7f729ef0237ab39c0316cbe6c44583f2eb064,True,231,99,78,21,78.8,30.32,6754.58,4,1783810162965,1785977062800,25.1,780.04,0.115,0.0,0,0.0,,False,False,False
0xeb01344214bc050a0e9145e2b7a2f3f7d65a7817,True,2000,1218,1137,81,93.3,0.72,-2502.13,4,1776091283352,1781709481130,65.0,-3365.47,1.345,0.0,0,0.0,,False,False,False
0xeb11255b15600390e60a7aa1fbe1c821f6d0fd8a,True,2000,1056,481,575,45.5,0.51,-37270.51,34,1762626888791,1784571240882,254.0,-7145.3,0.192,24.197362,1,-19.47,-80.4,True,True,False
0xeb1f537e079cbbefe83cf08f7ec188c213bad709,True,609,232,83,149,35.8,0.36,-22634.22,3,1771018398112,1775773039058,55.0,-7657.36,0.338,0.0,0,0.0,,False,False,False
0xeb432905497d9ed2f0a8a9aac9053a0108746c1a,True,2000,1134,457,677,40.3,0.44,-31791.69,6,1774041866624,1777405790887,38.9,-1819.71,0.057,0.0,0,0.0,,False,False,False
0xeb5e3015fcdbd7816c15885ffbfe13e6e4892ce7,True,2000,702,447,255,63.7,2.38,1372.63,24,1784756525038,1788887825360,47.8,144.71,0.105,5991.69034,1,30.83,0.5,False,True,False
0xeb7f0a03ac25675c21b419ec91f7aa2e743e40bd,True,2000,1988,197,1791,9.9,0.05,-20571.0,109,1783138668885,1783278358974,1.6,-236.89,0.012,0.0,0,0.0,,False,False,False
0xeb9391195e31aee7bd1d4a33afc36acb67b5b3ec,True,2000,1547,1538,9,99.4,772.38,1858.44,10,1788878331786,1788887978506,0.1,231.44,0.125,44424.30923,4,-37197.48,-83.7,True,True,False
0xeba68b3bebaf8da628b2d3b988c2d8fd70935680,True,442,221,204,17,92.3,276.18,15038.38,10,1782902331831,1787382241179,51.9,1792.88,0.119,0.0,0,0.0,,False,False,False
0xebc48f428603f3da50c010fcec10126a08c2c931,True,924,384,270,114,70.3,6.6,162360.51,15,1734268477698,1788820583340,631.4,8511.56,0.052,21275.769485,1,-501.44,-2.4,False,True,False
0xebcda26432c1e2a46898d9920759438f86c8fcf4,True,2000,1170,740,430,63.2,2.06,141618.57,12,1784838046246,1788833760095,46.2,-20632.33,0.146,236934.75678,3,-205288.71,-86.6,True,True,False
0xebe3c4e12791eeed4afcce9ab45aa4c0457560df,True,2000,1105,352,753,31.9,0.49,-3735.84,6,1788854541573,1788884821620,0.4,313.82,0.084,352.155397,3,-11.03,-3.1,False,False,False
0xebef5313debe47af1d4bef4da2be36d5895ee1f6,True,2000,1030,645,385,62.6,0.78,-8510.63,16,1778379121405,1784595676069,72.0,-3318.68,0.39,0.0,0,0.0,,False,True,False
0xec0a8ed7b35814ca7b9ca1660d2528acfe66682a,True,2000,905,484,421,53.5,1.96,10413.68,26,1765093470842,1788875613889,275.3,1920.74,0.184,6076.524223,4,-372.7,-6.1,True,True,False
0xec201af690631999b7773cdc66655dc0b31a4b15,True,2000,1100,423,677,38.5,1.85,42108.88,24,1764690479674,1787600691401,265.2,15637.08,0.371,0.0,0,0.0,,False,False,False
0xec32cbe6844611631e1c3a7c78312446b2331fcc,True,2000,867,540,327,62.3,1.1,1261.81,27,1785753220899,1788800274511,35.3,-1389.94,1.102,0.0,0,0.0,,False,True,False
0xec63fd694f4a82da7740e652854b4be8fb6d275e,True,1958,1185,628,557,53.0,0.93,-633.7,20,1746711749137,1787302706578,469.8,1055.52,1.666,0.0,0,0.0,,False,False,False
0xec7fa7564f0bd79dbca021b7c04aca0c944d074e,True,1017,484,435,49,89.9,4.71,30421.18,10,1772668432711,1788847868217,187.3,4285.36,0.141,11874.628277,1,520.5,4.4,False,True,False
0xec9ea1a348c65acb50af2077afe74d7d561f8e56,True,2000,975,881,94,90.4,3.46,35551.79,11,1777303355372,1786296347110,104.1,6099.32,0.172,0.0,0,0.0,,False,False,False
0xecb63caa47c7c4e77f60f1ce858cf28dc2b82b00,True,2000,1357,658,699,48.5,0.43,-6676.41,91,1788888063002,1788888708524,0.0,-490.13,0.073,36413034.311538,84,-1089689.09,-3.0,False,False,False
0xecd4abc81640d99f1b3d9fc254554cfbce9ff50d,True,2000,1005,439,566,43.7,0.38,-92669.73,7,1775785086738,1783853375790,93.4,-8058.96,0.087,0.0,0,0.0,,False,True,False
0xecf29c175aa51471f92fc284ac694aae6b56de53,True,2000,1025,384,641,37.5,1.0,3.71,52,1784800774103,1788862086859,47.0,71.49,19.28,15382.122432,50,1282.12,8.3,False,False,False
0xed01a241dcad5217a0be3fcded8f6b22514b82ab,True,2000,982,588,394,59.9,1.19,5588.28,82,1722487616926,1788287952629,761.6,3379.36,0.605,1289.832022,2,-573.07,-44.4,True,True,False
0xed10d4201cf59ac7a1fec0b041e59277661c0fc7,True,1565,775,714,61,92.1,4.12,26047.36,6,1780981898858,1788886512283,91.5,3265.95,0.125,3840.135817,1,-44.26,-1.2,False,False,False
0xed2b2d3d3da163adb6da339feb60fafe16edb92f,True,2000,945,415,530,43.9,0.88,-4912.06,8,1770317355054,1781276466075,126.8,-5198.44,1.058,0.0,0,0.0,,False,True,False
0xed3c40cc7dae63d6251e08092f8e51d667efbd59,True,2000,989,360,629,36.4,0.72,-13385.79,33,1759910350709,1788259391645,328.1,-3313.07,0.248,0.0,0,0.0,,False,True,False
0xed57487a52e6a1d2c05ef0ccc90cb92e112acb91,True,2000,926,721,205,77.9,0.83,-4278.12,2,1773432955393,1778593729029,59.7,-5727.29,1.339,0.0,0,0.0,,False,False,False
0xed6e7115571cd237a0fb85a745b32bcd549d0ae1,True,2000,762,393,369,51.6,1.15,1488.62,43,1752329216250,1786655749700,397.3,-720.69,0.484,0.0,0,0.0,,False,True,False
0xed7ead2764b7cf13c420f5b178f6d450c6a481a6,True,2000,999,592,407,59.3,0.72,-3945.03,19,1784056915403,1785164389120,12.8,-1022.6,0.259,0.0,0,0.0,,False,True,False
0xeda73c9fa6a90cea2bcc5529e9e12c012e13655b,True,2000,1150,619,531,53.8,1.19,9909.87,10,1785480882813,1788716369505,37.4,-2721.29,0.275,0.0,0,0.0,,False,True,False
0xedbeeb29869daa48bcf3ee214a48678bae7ce13a,True,2000,921,524,397,56.9,0.44,-39990.29,3,1779175575832,1785456000072,72.7,-2862.02,0.072,10.717803,0,0.0,0.0,False,True,False
0xeddc4eaa7402ba18330c110ed7ad46e63511dcad,True,725,338,262,76,77.5,1.47,7558.84,18,1758785577940,1787939657028,337.4,-2448.93,0.324,0.0,0,0.0,,False,True,False
0xedf3f7d117f9bb9d7a7129471c50794f3d88cf7f,True,2000,1000,382,618,38.2,0.74,-4880.65,19,1752626370024,1788787287237,418.5,-2294.75,0.47,8954.479144,4,1630.93,18.2,False,True,True
0xee09998251800d3dc82bde652490ddbefaf77bbb,True,710,347,182,165,52.4,0.91,-1340.97,9,1787378090634,1788874959601,17.3,-4344.49,3.24,3413.118898,1,-1748.12,-51.2,True,True,False
0xee23f4bc1671d048a8e592aabd0b2be497bcb5c2,True,2000,1182,589,593,49.8,1.18,1775.47,33,1779301099993,1788690094133,108.7,-814.84,0.459,0.0,0,0.0,,False,False,False
0xee3939cd2ca82cd248919b48eba7f487920d0401,True,2000,944,461,483,48.8,0.27,-15583.95,8,1787307620120,1788744363567,16.6,1167.23,0.075,17134.10269,2,992.4,5.8,False,True,False
0xee4c37db3ff4d72de3b320f620511292301546ae,True,2000,1032,412,620,39.9,1.14,314.66,52,1785313962248,1788862255688,41.1,112.71,0.358,24794.683666,50,2048.0,8.3,False,False,False
0xee62ab64ff531ee0c8669d3d5265c9e6a2386b96,True,1500,711,416,295,58.5,1.13,6787.7,33,1733539601573,1788659355159,638.0,-5659.77,0.834,0.0,0,0.0,,False,False,False
0xee7a1a4c19ee837422357a130648779e598511bd,True,1463,764,431,333,56.4,1.14,1814.86,4,1768838822499,1773907248850,58.7,1481.43,0.816,0.0,0,0.0,,False,True,False
0xee82dd514b5a62b73393d4701863b22064f761aa,True,2000,1061,312,749,29.4,0.78,-1050.08,12,1781206255909,1788877567445,88.8,209.87,0.2,0.0,0,0.0,,False,True,False
0xeea598eee004a30ce8230740be0c963592b8b758,True,923,290,215,75,74.1,3.07,6735.11,15,1785807269793,1788854172836,35.3,715.7,0.106,0.0,0,0.0,,False,True,False
0xeebf6f8dca9af660748e895282fc780954771740,True,1571,618,549,69,88.8,130.19,82879.15,5,1787455133617,1788144107039,8.0,10174.28,0.123,245823.307219,1,-2838.15,-1.2,False,False,False
0xeed381aa615f69035142b209753a02b751d3ef60,True,1266,603,296,307,49.1,1.74,10364.37,21,1751540076429,1788808473693,431.3,7707.51,0.744,8189.717762,1,-901.8,-11.0,True,False,False
0xeeffa2f8476ed9ab79e4d2d461a03c01b4c7939b,True,523,182,107,75,58.8,0.27,-8340.9,3,1756125382069,1782371910598,303.8,-7119.65,0.854,10302.0,0,0.0,0.0,False,False,False
0xef239531aaa29a71404dd3de884d62dc49f1bda6,True,2000,693,561,132,81.0,2.8,7431.19,16,1784121095569,1788864330548,54.9,802.82,0.108,19585.368455,6,221.25,1.1,False,False,False
0xef35af2a34900847cbc99fcedec8c224b85452da,True,2000,975,690,285,70.8,1.62,26164.49,33,1760345198510,1778332008925,208.2,1980.0,0.076,0.0,0,0.0,,False,True,False
0xef4ff39d200f8e840db55d35f13f71b9e5ce171c,True,2000,1091,290,801,26.6,1.21,1542.0,15,1780855959840,1787571315193,77.7,655.02,0.425,0.0,0,0.0,,False,False,False
