address,has_activity,num_fills,num_closing_trades,num_wins,num_losses,win_rate_pct,profit_factor,total_closed_pnl,coins_traded,first_fill_time,last_fill_time,active_days,largest_single_trade_pnl,concentration_ratio,account_equity,num_open_positions,total_unrealized_pnl,unrealized_pct_of_equity,is_bag_holding,ever_liquidated,ever_adl
0x00000000051cbce3fd04148cce2c0adc7c651829,True,2000,827,454,373,54.9,1.59,33934.21,22,1782094467892,1788573688968,75.0,11108.4,0.327,7474.0,0,0.0,0.0,False,True,False
0x000461a73d3985eef4923655782aa5d0de75c111,True,2000,1024,481,543,47.0,1.61,20516.01,4,1780932445555,1787456771372,75.5,4034.24,0.197,0.0,0,0.0,,False,True,False
0x001005306685021a4edaf9de69c9b5b2a34c4caa,True,2000,732,331,401,45.2,0.61,-3435.27,20,1788354617810,1788800580667,5.2,-645.16,0.188,8546.265936,3,140.45,1.6,False,False,False
0x002103fd07ceacec15d9be8f84eba13d2c6bbdfd,True,732,245,106,139,43.3,0.17,-117956.05,9,1753491666879,1787380141089,392.2,-23805.77,0.202,710.606002,2,481.48,67.8,False,True,False
0x00327e875e118eb7f8dc522f8c0ece5bbfa7282c,True,2000,1053,786,267,74.6,6.61,43120.24,31,1782188989427,1784339771780,24.9,2398.91,0.056,0.0,0,0.0,,False,True,False
0x004397a3573c77bdf6c422314e88cc0a805a7e71,True,2000,1986,11,1975,0.6,0.0,-33524.33,5,1767403556449,1776209336486,101.9,-21.79,0.001,0.0,0,0.0,,False,False,False
0x005030cfdf617d12f0c9fb7e1d26a95a83345af9,True,2000,1035,432,603,41.7,0.93,-1096.71,11,1787165011887,1788701202584,17.8,-834.41,0.761,5089.535625,0,0.0,0.0,False,True,False
0x0069df723cac730b058e2edf9bda14b179b15ae5,True,2000,1123,669,454,59.6,1.44,3365.97,9,1783594143817,1788796973962,60.2,-335.13,0.1,1596.077797,3,-32.67,-2.0,False,True,False
0x007abdd190137f614701a6216fd703329afbcdf1,True,2000,67,0,67,0.0,0.0,-6506.78,1,1787684492098,1788211556294,6.1,-680.99,0.105,289043.312015,1,-62340.47,-21.6,True,False,False
0x0087188d27ac73b715ad38dff9b99554861a2b55,True,2000,976,413,563,42.3,0.26,-111966.42,9,1784758829467,1788714387714,45.8,-31185.18,0.279,314414.77441,1,-87128.42,-27.7,True,False,False
0x009c0ae1fcf640382922f486141812778ce12699,True,1478,616,392,224,63.6,0.78,-5504.36,1,1772397599699,1774959679584,29.7,-8985.55,1.632,0.0,0,0.0,,False,False,False
0x00b43bdee2d3fa676ab06739bf1d52f4bad6591e,True,1946,1064,1045,19,98.2,230015.55,922286.43,3,1775592967940,1786951926884,131.5,10688.4,0.012,0.0,0,0.0,,False,False,False
0x00c8bddb4302c54c1d76d4e941ff91b36c4feaeb,True,1531,686,242,444,35.3,0.42,-13036.58,8,1774035422756,1786093595968,139.6,-2584.34,0.198,0.0,0,0.0,,False,False,False
0x00d8e7e5263e830e8da3638cd7f7b1d130753bb8,True,2000,1228,836,392,68.1,1.33,11529.74,13,1782407809501,1788761183804,73.5,-3041.47,0.264,4008.199435,1,-1450.54,-36.2,True,True,False
0x00f6570d8fa6924529555626b831794290d90aec,True,2000,961,180,781,18.7,0.08,-30278.07,4,1788320144946,1788615983805,3.4,-3046.63,0.101,0.0,0,0.0,,False,False,False
0x0101687adc259f624ec0f7144fc017f2f92989e2,True,1189,670,343,327,51.2,0.5,-75211.31,6,1779326608271,1788629492803,107.7,-23088.88,0.307,129748.377089,2,-269764.0,-207.9,True,False,False
0x011820f60d75a2b870ffe64a4764873e14bc8ede,True,2000,1126,555,571,49.3,0.8,-5367.73,21,1784484588057,1788795532726,49.9,-1970.71,0.367,29691.090995,8,-23296.87,-78.5,True,True,False
0x012a30f9828d8532e27f662938f8b82f4af90461,True,2000,1123,299,824,26.6,1.04,189.74,11,1781875488527,1788777736041,79.9,636.36,3.354,0.0,0,0.0,,False,False,False
0x013598ea3fd28608c23ebac199c5b4218e2ade3a,True,2000,785,436,349,55.5,1.2,8057.46,1,1782993095761,1788800837743,67.2,-3173.44,0.394,63487.02018,1,15066.31,23.7,False,False,False
0x0149804a7c4c0d4d08f4c86d37c2fa1d3cadabdb,True,2000,1413,966,447,68.4,3.07,44797.48,26,1788164347320,1788794292723,7.3,7068.78,0.158,7190.428201,4,-2003.13,-27.9,True,True,False
0x0159c7912bcafb0d0f4f9df7694326839b1ccda9,True,402,181,105,76,58.0,1.15,953.1,5,1739258860247,1788754448262,572.9,2806.7,2.945,127.450132,0,0.0,0.0,False,False,False
0x017e887cf1c3227d08eac47a45abc765955ae114,True,2000,1089,592,497,54.4,1.1,1194.9,10,1768587940649,1778868935102,119.0,-2382.79,1.994,0.0,0,0.0,,False,True,False
0x01965883b5f156019392a21049d9136d10f2f4d5,True,212,81,64,17,79.0,0.38,-54988.51,2,1782439030468,1787172639339,54.8,-47933.16,0.872,0.0,0,0.0,,False,True,False
0x01bfbe2acd8d33da08684d44ebbb69bbe36a3e15,True,2000,1086,663,423,61.0,0.86,-3876.6,13,1780490897188,1788393600075,91.5,6054.57,1.562,0.0,0,0.0,,False,True,False
0x01d435bbc2da0d38ba6924c342f527071680e2dc,True,2000,975,616,359,63.2,1.16,10479.49,20,1780439291012,1788796340168,96.7,-4957.15,0.473,8932.990912,1,-16.49,-0.2,False,True,False
0x01e273fc08012db1b75e8ca93f8139bfac2ee977,True,2000,1041,892,149,85.7,231.39,53628.43,4,1778775860136,1779200542132,4.9,975.45,0.018,0.0,0,0.0,,False,False,False
0x01ede9bcd4cdca84cfbd5f349779b56b9070632b,True,282,104,51,53,49.0,1.03,74.77,10,1776927656851,1787876118360,126.7,345.07,4.615,0.0,0,0.0,,False,False,False
0x01ffcc7285866e5cee14c8e807cb2e8d5f61079f,True,2000,936,379,557,40.5,0.35,-19797.33,47,1783043762302,1788795211943,66.6,-2797.71,0.141,10671.45945,6,3771.62,35.3,False,True,False
0x02240f24b649b0d2bfa86425a93961d5c2bdd430,True,2000,1036,595,441,57.4,4.17,8034.64,9,1787375852294,1788509110849,13.1,361.65,0.045,5049.6061,0,0.0,0.0,False,True,False
0x023ab8e20a4682d315daef4c91db96bd77934d66,True,2000,1136,394,742,34.7,0.92,-1063.64,8,1788303504001,1788544166416,2.8,1841.57,1.731,0.0,0,0.0,,False,False,False
0x0262bb423f71a1cd253865b6bac69b88823db287,True,2000,830,488,342,58.8,1.12,7789.92,9,1780408716447,1787299603535,79.8,-12259.61,1.574,0.0,0,0.0,,False,True,False
0x0272f3ebd901f4417c2ae5d0ce52b9ec18e9c6d2,True,2000,864,501,363,58.0,1.7,5096.2,28,1787467172236,1788749295705,14.8,1005.6,0.197,0.0,0,0.0,,False,True,False
0x02864be954583456c866130f845595ed70f955b2,True,2000,974,357,617,36.7,0.97,-533.08,6,1778815444828,1781084069849,26.3,841.86,1.579,0.0,0,0.0,,False,False,False
0x0296c6761c55a3a54815490428e12188f44e8f48,True,2000,1222,921,301,75.4,0.91,-6283.38,19,1784219111712,1788763900774,52.6,-9446.73,1.503,21047.157188,12,87.18,0.4,False,True,False
0x02a43ecb728a85f190a515ef3e1c6abf4a2c8294,True,2000,787,84,703,10.7,0.08,-222.61,1,1788111994343,1788115333537,0.0,-5.51,0.025,0.0,0,0.0,,False,False,False
0x02b04717d66a7740e8a012e952c41bc991caf9a6,True,2000,982,470,512,47.9,0.54,-11084.24,11,1780644822469,1788799505030,94.4,-562.56,0.051,9580.18318,2,-2342.05,-24.4,True,True,False
0x02c792bb17ce731d3a7dd6209db9aedbb78b756c,True,2000,1387,1050,337,75.7,41.28,185504.83,4,1782135988554,1784246400018,24.4,5894.85,0.032,0.0,0,0.0,,False,True,False
0x02e1205e87032f986640226f5388041a59e5f098,True,834,264,173,91,65.5,1.12,3328.38,17,1748868306086,1784299086614,410.1,-7798.37,2.343,32513.049452,2,-88815.13,-273.2,True,True,False
0x02ea27a48110ef7f7709d221a924c83e46e37e10,True,1372,561,203,358,36.2,1.19,6544.7,36,1749692920265,1788782130948,452.4,5725.84,0.875,0.0,0,0.0,,False,True,False
0x02fbbf39d1e3c142994b383af5ac3f2ad744cda9,True,2000,1970,1326,644,67.3,3.17,5014.88,4,1787666557752,1788795941415,13.1,939.35,0.187,643907.149325,0,0.0,0.0,False,False,False
0x0315f272b9f9b14822ce9c4b15a711c0dbb6aec3,True,2000,1380,1196,184,86.7,10.0,77080.99,1,1781678053904,1788796559018,82.4,2861.47,0.037,448.452807,1,-60.72,-13.5,True,False,False
0x03253d6409fb0288323b1daa153dd72e8e7af51d,True,2000,966,320,646,33.1,3.91,63340.77,18,1772464644610,1788551770407,186.2,11702.03,0.185,27378.49197,1,45320.16,165.5,False,False,False
0x033e0a9b175f3f42cbde21c0789590a6ff11b7a1,True,2000,1036,679,357,65.5,0.54,-102671.59,4,1784093033827,1784900360116,9.3,-26157.73,0.255,0.0,0,0.0,,False,False,False
0x0359b52496955b2a214c470cb5c9d4998b4886eb,True,2000,931,450,481,48.3,2.88,17655.59,30,1779065264811,1788800105957,112.7,1437.69,0.081,12254.55,1,-23.5,-0.2,False,False,False
0x03788a10edd03ac0e39570861204e59f00610936,True,1232,767,513,254,66.9,0.69,-4838.85,5,1759662763158,1782166705093,260.5,-6652.94,1.375,8837.5,0,0.0,0.0,False,True,True
0x038b716928a41ea42253ac043af4f8fdcd940098,True,858,456,216,240,47.4,1.38,11106.9,22,1750545242217,1784236928866,390.0,4403.88,0.396,0.0,0,0.0,,False,False,False
0x039cc0690200bfba3bacc6a9bcc5f865ed970ebd,True,2000,1264,751,513,59.4,1.54,10788.78,32,1788558989765,1788800844816,2.8,2334.15,0.216,1606990.552673,26,-1153594.81,-71.8,True,False,False
0x03b8d9bd69c3fdf48d0e6c3d914ff37f15b5add2,True,2000,934,482,452,51.6,0.89,-1782.65,5,1784132826012,1788787418446,53.9,-2413.07,1.354,4066.951384,3,-435.81,-10.7,True,True,False
0x03d161dc865b5740049bdfa7e436e692010c009b,True,2000,1009,438,571,43.4,1.2,695.14,51,1786006789624,1788776213976,32.1,198.57,0.286,53793.024424,50,3224.66,6.0,False,False,False
0x03e8fb0f68d497936231a1de70f84bc33b568529,True,791,362,115,247,31.8,1.03,617.3,9,1770511209424,1780495263015,115.6,5083.94,8.236,0.0,0,0.0,,False,False,False
0x03f873e351c7708f2611479b4bc33818c3a015be,True,2000,980,462,518,47.1,1.33,1905.65,39,1766884202564,1787025966130,233.1,295.42,0.155,0.0,0,0.0,,False,True,False
0x040d046e001b0811725a1baf52af4d6e2ea784ab,True,1699,866,316,550,36.5,1.14,1163.67,4,1778788058785,1782868368403,47.2,-650.29,0.559,0.0,0,0.0,,False,True,False
0x041b64c4b56559710c27a8b407d61d1d60c66226,True,2000,1224,744,480,60.8,0.72,-9437.86,1,1781333049368,1787218676303,68.1,-5620.0,0.595,5782.83512,1,-6449.92,-111.5,True,True,False
0x042ad60f1e4a5c63611cc3a8e1f01f3e13d08b5c,True,1236,595,264,331,44.4,0.92,-4130.84,11,1758275905570,1787901077923,342.9,5918.45,1.433,0.005773,0,0.0,0.0,False,False,False
0x043f9320f5f898e9d5928fda2da313dc48ef3f10,True,858,316,281,35,88.9,13.4,20661.09,3,1763175967701,1788770525895,296.2,2333.3,0.113,7575.26825,1,-353.0,-4.7,False,True,False
0x046a378a1cf4bac8081b12d84a2215b4428f518a,True,2000,1052,365,687,34.7,0.59,-29074.97,10,1785101172299,1788131829846,35.1,-6586.7,0.227,0.0,0,0.0,,False,False,False
0x048d34d5fcfb2589b713348990fa7a0e22805e9b,True,859,364,265,99,72.8,1.21,2250.33,12,1770333204969,1787185733918,195.1,2263.5,1.006,0.0,0,0.0,,False,True,False
0x049e0437cc76ff5d76bd695d8e501ec79f542c97,True,366,145,89,56,61.4,0.7,-7557.29,14,1748368313311,1787599210427,454.1,-4252.3,0.563,1604.544041,2,289.76,18.1,False,True,False
0x04b2572fc5031af5956970d1a3a2705c4aff3ad4,True,2000,882,554,328,62.8,0.34,-153095.01,5,1778273309035,1781797151890,40.8,-18587.47,0.121,0.0,0,0.0,,False,True,False
0x04cd1cc32150a04fd760397c8c254161bd888888,True,1026,565,218,347,38.6,1.51,3501.81,11,1783003428390,1788788087714,67.0,1206.07,0.344,6734.496,1,31.54,0.5,False,False,False
0x04e32c47eefd9f8d291b0f019b0cb5a2015d51f7,True,1506,478,149,329,31.2,0.48,-69641.84,24,1712479920359,1787296539193,865.9,20088.57,0.288,3270.364117,1,-1892.96,-57.9,True,True,False
0x04fd6e2dd31fbdf36d69bcc6dd9f7c3388402fdf,True,2000,848,496,352,58.5,0.48,-55881.99,27,1739331204902,1787289455418,555.1,-12804.97,0.229,0.0,0,0.0,,False,True,False
0x051c387df61966f62cf3c48acdb02f79d6a72e4d,True,1060,532,439,93,82.5,4.73,58621.02,6,1779064662039,1788592765737,110.3,11753.71,0.201,0.0,0,0.0,,False,False,False
0x05302224878c9b960eaf005101cc46fe92c69467,True,2000,539,342,197,63.5,1.35,2352.82,18,1772231693808,1788796533292,191.7,-682.78,0.29,322.312012,1,-14.55,-4.5,False,True,False
0x0550849a458ae01b8c768f6e2ef8392fe49f3fa7,True,2000,945,636,309,67.3,3.45,5798.16,14,1788285015751,1788798855613,5.9,565.55,0.098,0.0,0,0.0,,False,False,False
0x056826667c9164fd5d226056b9b18bcf2fc223cd,True,2000,1105,207,898,18.7,0.36,-300760.39,15,1784744806748,1787619045417,33.3,-23227.67,0.077,0.0,0,0.0,,False,False,False
0x057fce3dd702c311502c50aeb6c2f8b9654ef9eb,True,1478,669,277,392,41.4,0.91,-5332.54,24,1733780481453,1788490691718,633.2,7470.88,1.401,0.0,0,0.0,,False,True,False
0x059228975efad308f5965474135ea80c24d64e54,True,2000,1109,679,430,61.2,2.46,2401.49,64,1778193350864,1788795758364,122.7,103.75,0.043,0.0,0,0.0,,False,False,False
0x05a196a9477e70c184ed212d6cf02073f535c3bb,True,2000,834,0,834,0.0,0.0,-20996.31,5,1783142963257,1783728000046,6.8,-3135.86,0.149,0.0,0,0.0,,False,False,False
0x05b3e941ce96fdc3692308bac695e552961789c9,True,1110,487,206,281,42.3,1.02,333.11,24,1752537846748,1783437018921,357.6,3564.21,10.7,0.0,0,0.0,,False,True,False
0x05c12bc81f4f6c495785642e00e219e70b13b077,True,2000,1115,789,326,70.8,0.82,-16059.76,4,1768342863440,1788262693251,230.6,-15290.61,0.952,0.0,0,0.0,,False,True,False
0x05d425aef6db487a6c8a16f5c8d4a5347c6ba0ed,True,2000,1057,373,684,35.3,0.44,-3597.53,32,1778276417810,1788296042897,116.0,-868.0,0.241,0.0,0,0.0,,False,True,False
0x05ee3f0675211f678531df70de3502469ffb5886,True,1563,560,381,179,68.0,0.52,-72911.48,4,1743020322574,1784242090440,477.1,24323.57,0.334,0.0,0,0.0,,False,True,False
0x06043cf118d434f85f03b21187c722f03962bd21,True,2000,1012,461,551,45.6,0.41,-190589.39,3,1783791067911,1784678400025,10.3,-20679.54,0.109,0.0,0,0.0,,False,True,False
0x060d6d3136d19e69707b71b0cc78540d7c2b81eb,True,2000,1057,520,537,49.2,2.16,1772.71,3,1788457667923,1788801200830,4.0,150.94,0.085,3347.38256,1,3.75,0.1,False,True,False
0x0622a2198712c9527817493553dca548f42e8088,True,2000,1016,677,339,66.6,2.05,45241.17,1,1788689138067,1788801207469,1.3,-5469.74,0.121,10132779.987397,1,14672.57,0.1,False,True,False
0x0630c8e1f98bde2a51e2dac8c5c81b6a941279e8,True,363,185,106,79,57.3,0.88,-1847.97,10,1733390754616,1781106843808,552.3,-3657.03,1.979,0.0,0,0.0,,False,True,False
0x064aeb2e1e9a098439c2c6bc89a6a4004dc1f79d,True,2000,581,329,252,56.6,0.17,-50966.66,6,1775219403709,1781493633337,72.6,-34341.37,0.674,0.0,0,0.0,,False,True,False
0x065b0d9116c73ef520e327842e7796216ef737d6,True,249,111,111,0,100.0,inf,3165.88,1,1777458573050,1777606950515,1.7,506.29,0.16,0.0,0,0.0,,False,False,False
0x0677b670133305dcd554fcd61402d02a2e5868fd,True,2000,731,524,207,71.7,0.24,-36794.69,10,1773286565571,1773614531017,3.8,-6544.74,0.178,0.0,0,0.0,,False,True,False
0x069465d8c8969eff8a1eb8c002d2e1385c84972b,True,2000,922,447,475,48.5,1.17,879.15,12,1786386238043,1788795313655,27.9,-230.02,0.262,632.846402,1,-333.71,-52.7,True,False,False
0x06ac96e557459c98a9279053ae9f7d11b556100c,True,655,316,93,223,29.4,0.22,-9882.51,7,1781741262595,1784052876205,26.8,-921.57,0.093,0.0,0,0.0,,False,True,False
0x06c1da9ef16daf2423f87affc0cd67bc7b4eba58,True,1081,524,244,280,46.6,0.34,-30972.53,17,1752132688891,1785288310745,383.7,-7731.23,0.25,0.0,0,0.0,,False,True,True
0x06ddfe92384d62975c3eff0f86fb481c33f9f58c,True,2000,1543,1236,307,80.1,3.36,3395.8,70,1787420534494,1788798549566,15.9,-163.13,0.048,740.04331,1,0.0,0.0,False,True,False
0x06f1c0e0a550d722e791529f52921471f4ac299a,True,2000,885,454,431,51.3,0.65,-1290.07,37,1781637363658,1788459323116,79.0,-232.12,0.18,4056.839556,5,1953.66,48.2,False,True,False
0x070feecf035d2c37b2b15f267af891d089feddf1,True,1031,531,229,302,43.1,0.58,-3013.81,24,1734235652111,1781727204167,549.7,-596.8,0.198,0.0,0,0.0,,False,True,False
0x07423f74354aedab79af49892ba88c5ec73e57c2,True,2000,768,452,316,58.9,4.78,84968.21,6,1788210729279,1788739200041,6.1,3952.6,0.047,0.0,0,0.0,,False,False,False
0x0752075607ff962ceac6802f11d89334076d9254,True,2000,975,531,444,54.5,2.36,13903.7,15,1762929243097,1787870237455,288.7,-1640.08,0.118,0.0,0,0.0,,False,False,False
0x076517d0d5d0e9c1b8ce75795e7158a9234b2483,True,2000,1000,440,560,44.0,0.28,-41911.21,9,1787054692185,1787692201406,7.4,-4767.9,0.114,0.0,0,0.0,,False,True,False
0x0780d9e361bf4f9c9fb93ca16184eb7f63822731,True,2000,931,626,305,67.2,0.98,-771.23,32,1763411794105,1788209951285,287.0,4129.45,5.354,0.0,0,0.0,,False,True,False
0x078e7b27114e2a2e23c14e8c64fc8222d9dddba0,True,28,17,17,0,100.0,inf,243.47,2,1776437180188,1787717395901,130.6,89.71,0.368,0.0,0,0.0,,False,False,False
0x079a0afe432036058b02e8eab8e4b3a0103746c0,True,2000,1029,514,515,50.0,1.5,17158.79,7,1780430763166,1788264847751,90.7,-14002.08,0.816,0.0,0,0.0,,False,False,False
0x07b66315082c7b4caeb522f3fecd1290f0564e5e,True,402,192,49,143,25.5,0.64,-6050.27,10,1773613461732,1788307200047,170.1,3715.37,0.614,0.0,0,0.0,,False,False,False
0x07c479aeafbcdcfd587a324a0a4ff0a10c9efa3f,True,2000,1076,618,458,57.4,1.28,4433.94,4,1785103237479,1788795507485,42.7,306.5,0.069,12327.787133,2,-1184.94,-9.6,True,True,False
0x07d511c407470829c8bc97204387268313356936,True,2000,1128,507,621,44.9,6.07,57991.59,2,1787376170157,1788736602034,15.7,1697.6,0.029,140553.336867,1,6998.69,5.0,False,False,False
0x07ed00f6d8d74108c38f702a7c825045b3a5d884,True,715,224,172,52,76.8,0.18,-54294.27,3,1779941000404,1782442931782,29.0,-32481.54,0.598,0.0,0,0.0,,False,True,False
0x07fd7e702ba749ffa49c3a6c17fcd9e6c7b7082a,True,2000,1382,636,746,46.0,1.01,630.22,4,1788280862224,1788800852342,6.0,-8754.13,13.891,374578.190144,5,2099.0,0.6,False,True,False
0x08115e3ef07c2e7bac1fcc260c141e67b954cfcf,True,475,252,90,162,35.7,0.46,-3339.61,6,1770926370864,1782769564788,137.1,-941.6,0.282,0.0,0,0.0,,False,False,False
0x08195260a25e5e979d94d152bc212ba837453d97,True,2000,862,84,778,9.7,0.01,-131328.51,4,1774035350570,1774947610904,10.6,-7791.66,0.059,0.0,0,0.0,,False,True,False
0x083919938c653988d963b30f8d9fb3094893187d,True,2000,848,336,512,39.6,0.48,-1075.76,136,1779812102134,1782394895333,29.9,-282.61,0.263,0.0,0,0.0,,False,True,False
0x085db44e424331c3036e3ebaf7c7e8800b2cf1ac,True,2000,2000,2000,0,100.0,inf,56667.76,1,1778335996370,1779840907205,17.4,711.47,0.013,0.0,0,0.0,,False,False,False
0x087c01d466824a47c0077f4bbeca3d4626eb607b,True,2000,1216,843,373,69.3,8.0,39736.18,7,1787788591795,1788483188793,8.0,1063.11,0.027,0.0,0,0.0,,False,False,False
0x0892e4d0f664f3712bcbdc347974cf9a8b08ddd7,True,296,98,43,55,43.9,0.78,-2800.85,2,1774295372781,1787172666402,149.0,-4191.05,1.496,0.0,0,0.0,,False,True,False
0x08aba4a72d866c1fc1dda72508e0cd47388304ac,True,2000,921,508,413,55.2,1.23,53792.3,20,1733593429798,1788307357428,633.3,-17795.76,0.331,0.0,0,0.0,,False,True,False
0x08ba8355e85a0ec385d16d6b6ae93cb6919ab08a,True,442,194,105,89,54.1,1.64,1608.01,20,1730886474205,1778137681255,546.9,611.95,0.381,0.0,0,0.0,,False,True,False
0x08d04ca4a84eab20b43bd74671db8e46b745488b,True,1132,512,193,319,37.7,1.39,7819.84,28,1741234527429,1788768677077,550.2,-3891.58,0.498,11621.19387,5,1327.18,11.4,False,True,False
0x08fa6f13efeb12dcb474fe3eddf089d147f2eba9,True,2000,949,399,550,42.0,0.78,-8200.47,10,1779569441670,1788037684266,98.0,-2265.02,0.276,0.0,0,0.0,,False,True,False
0x090d03661be872fa5dc0efbad1404878aa59edd6,True,2000,953,495,458,51.9,0.88,-4030.53,16,1784438815878,1784956821861,6.0,-3877.05,0.962,0.0,0,0.0,,False,False,False
0x0925c51d8be2b9e3e6614456806ccaf28832b0d2,True,2000,1026,671,355,65.4,0.14,-184909.57,11,1786462627611,1787272771287,9.4,-31340.7,0.169,0.0,0,0.0,,False,False,False
0x094d3bab9fdf9e7fdf1f438945219aa9ee3f63a3,True,2000,1157,509,648,44.0,1.26,8385.42,17,1757311399877,1786695880115,340.1,3974.96,0.474,0.0,0,0.0,,False,True,False
0x095dcba49f4af5231396d6583bd9aed0ef9b71a2,True,190,189,189,0,100.0,inf,71.58,1,1779905818605,1779906967602,0.0,10.27,0.144,0.0,0,0.0,,False,False,False
0x097bf9331ebd626ddecf9337bd84bbe046b0eff8,True,2000,1154,568,586,49.2,0.84,-50.94,3,1776506882351,1776743868686,2.7,-7.03,0.138,0.001652,0,0.0,0.0,False,True,False
0x098c62f2e7527e9a837102052a06b00c21a73892,True,2000,940,449,491,47.8,1.23,5544.84,16,1768027408841,1779771219706,135.9,2403.88,0.434,0.0,0,0.0,,False,False,False
0x09969138013fdfae9438fbd705515f047f8a0ba6,True,2000,810,810,0,100.0,inf,304231.27,1,1784293608153,1787566463154,37.9,14794.99,0.049,878333.413822,1,-411316.7,-46.8,True,True,False
0x09aafe638640e79d095843202d78e994bea829a9,True,2000,1016,633,383,62.3,1.84,316.27,45,1788708131659,1788801471604,1.1,5.15,0.016,2730.527708,36,3.24,0.1,False,False,False
0x09c99869e87a7499231524147bc2ce18a27e5bc7,True,2000,1031,508,523,49.3,0.19,-80779.48,12,1784235596079,1787175068818,34.0,-31230.8,0.387,0.0,0,0.0,,False,True,False
0x09dde4297acd2ef24c63c8fa45f67a682ec02dd5,True,2000,997,468,529,46.9,0.74,-1156.94,2,1788396826174,1788777066209,4.4,-1027.33,0.888,0.0,0,0.0,,False,False,False
0x09f37fc3c3d8b6b789e6840c26faa7dd66baf76d,True,2000,914,582,332,63.7,2.69,26102.79,13,1775659443563,1788783318239,151.9,4667.11,0.179,13875.033898,1,-2415.18,-17.4,True,True,False
0x0a07eb223ff53b8597b18148ab3dd823f9364d6c,True,2000,1446,723,723,50.0,1.19,28663.87,3,1776175216592,1777541474078,15.8,-6246.49,0.218,0.002129,0,0.0,0.0,False,True,False
0x0a20c80871562b054fa5b4a43afd7a454fe3bbcb,True,2000,658,658,0,100.0,inf,31842.4,1,1779638423805,1788745544963,105.4,1640.87,0.052,887.439071,1,-216.36,-24.4,True,False,False
0x0a391e4fbc2098dc4aab762880e510049dd66312,True,2000,767,570,197,74.3,20.89,10718.61,10,1784312064094,1786020719869,19.8,546.45,0.051,0.0,0,0.0,,False,False,False
0x0a504e8c9bf8e91324c2b7f85743b1a449823047,True,2000,1126,745,381,66.2,0.99,-357.26,10,1753754531632,1778823403101,290.1,-6234.06,17.45,0.0,0,0.0,,False,True,False
0x0a68df0f08381fc2b409199192daedec74155ac4,True,2000,1226,20,1206,1.6,0.0,-374199.92,3,1779806479843,1783838595479,46.7,-29335.6,0.078,0.0,0,0.0,,False,False,False
0x0a7e810c20e5d790c1f15e275bc791d2a02a353b,True,2000,720,476,244,66.1,0.51,-37071.35,9,1734456768122,1784158088109,575.2,-20215.45,0.545,0.0,0,0.0,,False,True,False
0x0a8b515288f3367e30f4d7142cd5a9ca1f8d092d,True,2000,851,723,128,85.0,0.88,-570.0,18,1781625263732,1788795786327,83.0,-781.03,1.37,0.0,0,0.0,,False,False,False
0x0aa0904b9670c1d5729d4e949a0514bed198d239,True,2000,904,534,370,59.1,4.93,51218.32,5,1787605334196,1788555194278,11.0,3102.9,0.061,0.0,0,0.0,,False,False,False
0x0aabbc464dfaf104433abdfbfbafc6a603b36d82,True,2000,907,614,293,67.7,1.78,4155.93,9,1778081760545,1780067474848,23.0,546.55,0.132,0.0,0,0.0,,False,True,False
0x0ac359e1285b056d563301ddb9f84d1dd732b1c1,True,1009,653,529,124,81.0,10.72,28220.33,13,1779304875247,1787762528859,97.9,3465.03,0.123,0.0,0,0.0,,False,True,False
0x0ae4d0270e30f133535bd10e26059a1a3b9bbb1b,True,748,368,111,257,30.2,1.5,1068.01,20,1778606035905,1788754866346,117.5,517.53,0.485,940.598934,1,130.76,13.9,False,False,False
0x0afd4de6e0c22dba2b07ad898e2194d4fba62ea8,True,1991,971,720,251,74.2,0.81,-11344.57,2,1770130718029,1781524587105,131.9,-10666.82,0.94,4599.382768,1,3361.67,73.1,False,False,False
0x0b18b2a793d0c57bd37a1f3a040d817716b0a2d9,True,583,376,100,276,26.6,0.6,-10642.7,19,1764361025282,1787787694569,271.1,2048.66,0.192,6500.450151,2,2653.48,40.8,False,True,False
0x0b2798d595a970e84e0760a61c7081aeed4c48b3,True,2000,992,168,824,16.9,0.76,-1036.41,11,1782828156180,1784409242815,18.3,-427.26,0.412,0.0,0,0.0,,False,False,False
0x0b506be94c45382b11685cff769e5e76fcd8bd65,True,2000,948,527,421,55.6,0.4,-42069.48,5,1784930215173,1788632099788,42.8,-12635.86,0.3,0.0,0,0.0,,False,True,False
0x0b6710f8cbd1642c48d4cb358f3353d8618a748d,True,2000,1024,440,584,43.0,0.34,-57589.61,11,1764429428435,1788465331033,278.2,-14796.9,0.257,0.0,0,0.0,,False,False,False
0x0b83821bb8b9d19582af26122556be7408313140,True,2000,993,448,545,45.1,0.67,-384.51,3,1787480923803,1788799929063,15.3,-158.87,0.413,0.0,0,0.0,,False,False,False
0x0b92fcba7fab54f2d448584fcb5a2f841b43cfc7,True,948,392,236,156,60.2,0.17,-71847.12,7,1775798121831,1787875886680,139.8,-11690.97,0.163,0.0,0,0.0,,False,False,False
0x0bb055dfa18ce9abd977cf131ad553a7162b60f4,True,2000,1003,202,801,20.1,0.9,-1488.73,9,1787219454788,1788795798931,18.2,1438.49,0.966,7254.789004,1,341.52,4.7,False,True,False
0x0bb8b5258b17be045a8078b4675d84bdaa366729,True,2000,939,325,614,34.6,0.98,-74.88,24,1781099951902,1787851953354,78.1,339.01,4.527,0.0,0,0.0,,False,False,False
0x0be2995eb2d28207400b0f94a9ff5610688d4d76,True,2000,1625,1625,0,100.0,inf,56004.93,2,1768797474127,1780912889536,140.2,2480.67,0.044,18920.972673,0,0.0,0.0,False,False,False
0x0bf875556ac5f369415c18b22b1ec1e3a35a76ac,True,2000,1123,228,895,20.3,1.21,4860.95,10,1770033910096,1777564287098,87.2,3842.66,0.791,0.0,0,0.0,,False,False,False
0x0c0621ab077daa6ad06014508b544542d7fc5e4f,True,2000,814,437,377,53.7,0.58,-19413.73,20,1753669084075,1788707235018,405.5,-2168.76,0.112,1545.019009,1,-268.7,-17.4,True,True,False
0x0c110bacb4bb972b2efbd557b8d531ca6b5bff4b,True,1012,503,286,217,56.9,1.45,6458.95,26,1752314382722,1788609495611,420.1,-1659.17,0.257,0.0,0,0.0,,False,False,False
0x0c24e8d2e37a2474fcb707b48c0c2259530dad80,True,2000,821,417,404,50.8,0.8,-1641.4,7,1749015447311,1788466190691,456.6,-614.52,0.374,2785.862428,3,75.58,2.7,False,False,False
0x0c33a2fdebca39a7359541a4e36e8f7bea89446b,True,2000,898,473,425,52.7,1.24,3479.18,1,1764033491375,1788786723168,286.5,2143.19,0.616,3038.606878,1,-788.22,-25.9,True,False,False
0x0c3de5d897de35dcf1e758a104f6de6ea7bb13a9,True,2000,957,628,329,65.6,1.7,5689.17,4,1787788601034,1788743230023,11.0,-588.04,0.103,902751.21915,4,601340.3,66.6,False,True,False
0x0c4bd02b686eecf477942a3971074d2bc54f57dd,True,838,428,237,191,55.4,2.68,52018.2,8,1762292969184,1787755929649,294.7,7730.3,0.149,0.0,0,0.0,,False,True,False
0x0c5d5ccc32435737579669a7e5168293608e3c3d,True,2000,1354,362,992,26.7,0.95,-556.56,16,1771584892106,1787270400024,181.5,764.02,1.373,0.0,0,0.0,,False,True,False
0x0c6de718f01489bac7006ae6e1c41a044c7da332,True,812,375,252,123,67.2,1.42,637.04,100,1762679641442,1788673950566,300.9,333.45,0.523,400.373063,4,11.19,2.8,False,True,False
0x0c80ac13dd0b7ce3521636dc7fd1b65e09baa396,True,2000,771,730,41,94.7,0.61,-10172.83,28,1780911713681,1788451451388,87.3,-5209.19,0.512,1130.912577,1,-724.28,-64.0,True,True,False
0x0c91b896e52b5527686765007eafcc6ac1311244,True,2000,1102,726,376,65.9,1.14,529.24,27,1772993210093,1780945705829,92.0,-1838.28,3.473,0.0,0,0.0,,False,False,False
0x0caed50b4fe1f27e8cbbee794b35e5a94a6b8255,True,1247,565,358,207,63.4,1.45,2915.39,12,1774233439924,1784652509032,120.6,1032.1,0.354,0.0,0,0.0,,False,True,False
0x0cc516a674c98b53cba65b83cb5acd4cdbba3d87,True,492,258,79,179,30.6,0.36,-5067.82,10,1769677032278,1787375492580,204.8,-3055.42,0.603,0.0,0,0.0,,False,True,False
0x0cd3c3e5956d98b981a883ec9dc9ad4d94390e40,True,2000,1193,683,510,57.3,0.2,-110436.06,7,1774809064398,1781168022692,73.6,-32783.48,0.297,0.0,0,0.0,,False,True,False
0x0cdb279523599dce40459a190e26e8d0604301e1,True,1648,730,389,341,53.3,0.79,-3433.42,52,1770728679010,1788797948718,209.1,-1890.08,0.55,2899.969316,2,-464.12,-16.0,True,False,False
0x0ce82e2dbcb6218a50804086e569904d0566e365,True,2000,1016,407,609,40.1,1.13,6997.42,19,1764953942023,1788532926578,272.9,-6225.0,0.89,0.0,0,0.0,,False,True,False
0x0cfa03bd8700246e46b22bbd01a97aaf4fc771b0,True,2000,1143,771,372,67.5,0.95,-267.95,5,1785546505669,1787485310557,22.4,-794.9,2.967,0.0,0,0.0,,False,True,False
0x0d1d28c8c38603f4d3cb6a9435e608148c541022,True,182,89,26,63,29.2,0.4,-8480.61,4,1738338915090,1787319636160,566.9,-2585.48,0.305,25044.984752,1,6051.07,24.2,False,False,False
0x0d5135afa07d83cf3a595abb66f6d1a993ab43e1,True,2000,1211,711,500,58.7,2.22,23330.02,7,1775958313144,1776345118612,4.5,2220.3,0.095,0.0,0,0.0,,False,True,False
0x0d6aa5062e8293b95850e804f5643f2e576cd12a,True,2000,898,345,553,38.4,0.91,-1550.32,29,1779157747416,1786198044152,81.5,-1566.34,1.01,0.0,0,0.0,,False,False,False
0x0d8163aee1bec6338b979e34b6cb31013fe82516,True,152,25,25,0,100.0,inf,7864.9,8,1741071416983,1788418856538,548.0,2187.57,0.278,2849.005361,2,20566.7,721.9,False,False,False
0x0daa121202238a2dc5aaafda7d8c23673bcb9b23,True,2000,1378,1137,241,82.5,3.27,15373.19,15,1787660105602,1788794921098,13.1,4644.38,0.302,22748.819669,1,-595.48,-2.6,False,True,False
0x0db1bd3093fdc0a41b1279812db463bfda39a37f,True,2000,864,678,186,78.5,0.77,-2587.59,32,1763662384337,1778820795482,175.4,-1790.39,0.692,0.0,0,0.0,,False,True,False
0x0dd58691f38056b1ae583b6ff7925a53575c7564,True,288,155,81,74,52.3,0.62,-1870.27,15,1758108697096,1775591652219,202.3,-1341.25,0.717,0.0,0,0.0,,False,True,False
0x0de99a56b618973db41f19eda59f62c0c9daf1df,True,1078,472,226,246,47.9,1.18,7371.9,4,1769611592653,1787646123082,208.7,4030.46,0.547,0.0,0,0.0,,False,False,False
0x0e01d0d53c3146579ad616376d81dc84463133f4,True,2000,668,307,361,46.0,1.12,2337.41,4,1787294033348,1787315918581,0.3,2065.36,0.884,0.0,0,0.0,,False,False,False
0x0e0e4a5f087ffc897ade063f2d19b6fe9125471b,True,2000,1115,449,666,40.3,0.8,-33640.89,22,1763617536952,1785115999729,248.8,-24116.06,0.717,0.0,0,0.0,,False,True,False
0x0e2f0cdda511a011d8807e229e3b37505b8fd646,True,281,146,125,21,85.6,291.28,23443.69,6,1760378064883,1784587267974,280.2,4970.81,0.212,0.0,0,0.0,,False,True,False
0x0e3ddbd1311675fd78dd8309d94d1d8d5ac1bfc6,True,2000,719,714,5,99.3,10800.59,521535.96,3,1780705101160,1787739493254,81.4,55119.87,0.106,0.0,0,0.0,,False,False,False
0x0e56200f0e9802b007f6daad4c0f8adde18b7928,True,1836,837,660,177,78.9,2.32,32629.61,28,1706495943831,1788333937380,947.2,10946.29,0.335,0.0,0,0.0,,False,True,False
0x0e70c1093049c9a924a1f438fbdd91cf0214bfd8,True,201,122,31,91,25.4,0.97,-30.45,5,1758969363449,1787881488641,334.6,300.93,9.884,0.0,0,0.0,,False,False,False
0x0e7fcdc85f296004bc235cc86cfa69da2c39324a,True,2000,877,338,539,38.5,0.5,-1948.94,30,1761372056507,1778852782869,202.3,-527.13,0.27,0.0,0,0.0,,False,True,False
0x0e989a6773db63a99d74fd825490921bca3bfb97,True,2000,1154,689,465,59.7,3.59,123190.29,1,1788462511659,1788551823922,1.0,-6907.63,0.056,0.0,0,0.0,,False,False,False
0x0eaf67fbc6a6d1db47a650a04f0ef33cf9683947,True,2000,886,631,255,71.2,0.63,-17226.53,88,1753680707065,1788801716124,406.5,19953.73,1.158,8589.781988,41,-90.85,-1.1,False,True,False
0x0ebc858ed8f49aeaf0cd228cca20467e63f953ea,True,219,124,45,79,36.3,0.5,-505.47,4,1711743614101,1788445718076,887.8,-287.41,0.569,0.0,0,0.0,,False,True,False
0x0ed915205c348be185a262d723dcbb56837d9dc3,True,1848,973,405,568,41.6,0.63,-17809.15,7,1781857360700,1788794648517,80.3,-6503.02,0.365,403.148389,1,-25.7,-6.4,True,True,False
0x0eef7f106072e9db72e3ff20b48f1e013d3a429f,True,510,180,176,4,97.8,12.77,25133.88,2,1787600928224,1788706915606,12.8,1439.95,0.057,51670.661468,1,-36496.99,-70.6,True,True,False
0x0f0d9105b88e938df7816b23e7ad4d1660568a0e,True,2000,1181,791,390,67.0,3.78,38810.81,25,1777932871010,1785158273452,83.6,3576.61,0.092,0.0,0,0.0,,False,False,False
0x0f22ddd9f89148fd9cf703d8f332fccf911d3549,True,2000,1036,907,129,87.5,3.53,9624.06,3,1788463179356,1788796238471,3.9,654.0,0.068,22771.251559,1,-901.6,-4.0,False,True,False
0x0f358720b2097ab9ba926b6020fa77429061ea38,True,1392,675,515,160,76.3,0.65,-33329.38,13,1779974954740,1788483888310,98.5,-25858.27,0.776,0.0,0,0.0,,False,True,False
0x0f50f6b85b8c3354c091971ebfeb330834004550,True,2000,973,459,514,47.2,0.47,-3857.76,19,1784122997682,1786374313134,26.1,-955.77,0.248,0.0,0,0.0,,False,True,False
0x0f7707db61e6add7c377757c0aa8068a58e389cc,True,2000,964,421,543,43.7,0.93,-22260.15,9,1775097536794,1788043869634,149.8,-18064.46,0.812,28730.841559,1,5883.26,20.5,False,True,False
0x0f82356d63863a3c83aa4cb6584e025f9a5c56c5,True,2000,1010,803,207,79.5,5.27,41295.02,3,1775286033974,1785291647597,115.8,12567.31,0.304,0.003211,0,0.0,0.0,False,True,False
0x0fa20c52ab9e1e1f658f4d35824af14ca1333ea8,True,1522,726,511,215,70.4,4.27,111444.38,10,1747320016140,1777718576093,351.8,9829.53,0.088,0.0,0,0.0,,False,True,False
0x0faf17bdaa6d0029a283c392ad1f8851490a7dd4,True,2000,83,50,33,60.2,2.57,1317.5,7,1780909180814,1788203858840,84.4,499.49,0.379,0.0,0,0.0,,False,False,False
0x0fd33b62f3610e3b050590dff48ceff03e86ae3c,True,2000,1029,495,534,48.1,2.31,37508.23,93,1732648302486,1788505521444,646.5,4942.23,0.132,0.105048,1,0.04,36.9,False,True,False
0x0fe9a1212c376ef55de2b398743f441902dee2e9,True,2000,1065,146,919,13.7,0.46,-7352.46,4,1780185412494,1788665972770,98.2,1603.45,0.218,0.0,0,0.0,,False,False,False
0x0ffe8ccb9762afa47816d1ea0f3f830735de0d15,True,2000,1077,832,245,77.3,2.64,97390.63,13,1738875089301,1788456146134,573.9,-9301.89,0.096,4135.978039,1,5305.42,128.3,False,True,False
0x1008f4608947622e4a9d469932856797cebd6a85,True,2000,1396,939,457,67.3,2.09,2848.88,17,1779114826626,1788780660798,111.9,162.0,0.057,3810.179886,0,0.0,0.0,False,True,False
0x101315a427e6083f93a1f9676f1cd6385ea2c8a9,True,844,402,161,241,40.0,1.58,9270.73,11,1757755374450,1787877756268,348.6,2328.81,0.251,0.0,0,0.0,,False,False,False
0x1028a8bfba4ad62caf408fc6c541f42a9015b0c0,True,2000,1394,488,906,35.0,0.56,-34198.65,36,1737185023071,1788481628083,593.7,-4304.62,0.126,0.0,0,0.0,,False,True,False
0x103f6ccdab3a330e876c23e61a8bcb489a2c9c69,True,1461,647,228,419,35.2,0.86,-5622.25,15,1733780483275,1776281453206,491.9,5754.54,1.024,0.0,0,0.0,,False,True,False
0x10547c9d4fe35e1b3916547366aeb79684082cb3,True,2000,981,694,287,70.7,1.23,5647.81,10,1787815717018,1788753707227,10.9,-4026.65,0.713,0.0,0,0.0,,False,False,False
0x1067c9fcd1e1eb147645ce198a0c93feef891085,True,2000,1003,352,651,35.1,0.9,-1387.35,32,1776663894916,1780503099658,44.4,928.68,0.669,0.0,0,0.0,,False,True,False
0x108298d0c6161f4862d4f9c8587691a621e8ee6d,True,787,437,186,251,42.6,0.23,-12282.5,3,1762076223745,1778481182055,189.9,-1001.7,0.082,0.0,0,0.0,,False,False,False
0x10a697ce490347130991e3e80bf4dd2bdef8d5c9,True,1627,731,182,549,24.9,0.27,-14897.87,34,1778854811882,1787836979077,104.0,-891.89,0.06,1992.789832,1,185.05,9.3,False,False,False
0x10bd91f488a277d65d10eecae7046d045ddfecb2,True,852,449,144,305,32.1,0.25,-6888.23,9,1754627776237,1780900021834,304.1,-835.18,0.121,0.0,0,0.0,,False,True,False
0x10ccd4136471c7c266a9fc4569622989fb4cab99,True,2000,1012,499,513,49.3,0.85,-527.93,55,1788307788669,1788797267416,5.7,526.45,0.997,5307.200427,35,-466.14,-8.8,True,False,False
0x10d9b62cb111d407958c197e189d32a132813e51,True,2000,957,580,377,60.6,1.81,7195.26,54,1781053792504,1788486842202,86.0,3400.77,0.473,0.0,0,0.0,,False,True,False
0x10f319c4af6beb3195459c6fa3f35827800aab41,True,2000,1140,437,703,38.3,1.27,14910.01,7,1779097141503,1782028828430,33.9,11282.48,0.757,0.0,0,0.0,,False,False,False
0x110c573350ca90da286d01d38136347fa3102cdc,True,2000,1022,912,110,89.2,4.06,10589.69,4,1774544947732,1776757914461,25.6,-1823.94,0.172,0.0,0,0.0,,False,True,False
0x111ba988730696e80cea9961081310c07f6e9388,True,2000,1045,544,501,52.1,1.34,6777.87,7,1784652450101,1787315364026,30.8,-1543.25,0.228,0.0,0,0.0,,False,False,False
0x112e64fae34fd670a1ff01df3c1e61f11fd50891,True,1872,928,694,234,74.8,0.63,-20496.42,3,1769971846413,1788700376933,216.8,-8134.25,0.397,2144.533393,1,-327.47,-15.3,True,True,False
0x114dc2c90b61ef68b6ccb45d8e9902609cb08f9d,True,2000,1012,479,533,47.3,4.33,116827.76,9,1788190278674,1788797045552,7.0,-3581.4,0.031,253017.585701,1,-2723.96,-1.1,False,False,False
0x115bf7f48f128bc2cb7c0167a88f6f9107f5e10d,True,2000,903,426,477,47.2,0.62,-584.63,10,1788445859408,1788802215842,4.1,72.24,0.124,8676.341612,10,-121.33,-1.4,False,True,False
0x1172f4200424adecd8caedad096ad3fbb6e333f3,True,2000,1043,198,845,19.0,0.37,-4389.57,24,1782489660184,1787163512195,54.1,282.23,0.064,0.0,0,0.0,,False,False,False
0x1188bc55c6bc64a149e646a1689937abd74b2f07,True,2000,1071,627,444,58.5,0.76,-12549.42,15,1780690358480,1788796240030,93.8,6733.6,0.537,8579.195082,1,216.49,2.5,False,True,False
0x119786ced616674304d8c559245b1c89d5ee0c36,True,2000,981,766,215,78.1,3.54,7312.63,5,1773521082527,1774675556644,13.4,-306.27,0.042,0.0,0,0.0,,False,False,False
0x11afccc503d20af253e586a25235235d446a2d18,True,872,19,0,19,0.0,0.0,-583.94,4,1769558674313,1780617600043,128.0,-98.0,0.168,0.0,0,0.0,,False,False,False
0x11c69a41c0dc87f8021cb192975b7fcf6b69e21f,True,501,221,123,98,55.7,2.94,8037.07,3,1784031838502,1784732262592,8.1,2354.77,0.293,0.0,0,0.0,,False,False,False
0x11d6f0f8f4465ab67944e60704b492a6783e08b8,True,91,47,47,0,100.0,inf,5659.11,3,1787553501595,1788520413593,11.2,1420.2,0.251,0.0,0,0.0,,False,False,False
0x11e847bb79ea33bec22b7aa8556af959670ddae2,True,2000,1175,399,776,34.0,0.85,-595.52,14,1775602270244,1780012800066,51.0,-535.23,0.899,0.0,0,0.0,,False,True,False
0x11f82f011e077d715b86fac0a67712d16c541443,True,2000,1032,448,584,43.4,0.58,-10776.54,34,1758985547434,1774673935824,181.6,-2332.2,0.216,0.0,0,0.0,,False,True,False
0x1201992ebd8e2016a787c20d3a1240dd95a86145,True,2000,895,571,324,63.8,0.58,-75566.2,16,1767985959212,1787527950443,226.2,-22118.97,0.293,6791.121131,1,1025.28,15.1,False,True,False
0x12144076c09f64d01ebae488274755533ce07210,True,2000,1142,153,989,13.4,0.06,-57555.5,11,1775479371877,1783082973982,88.0,-3775.51,0.066,0.0,0,0.0,,False,True,False
0x12315fdcbb038452d52e3283eae6859017b163ab,True,2000,984,722,262,73.4,1.06,726.46,18,1783329790387,1788100528927,55.2,-1023.16,1.408,0.0,0,0.0,,False,True,False
0x124c67c8dbb49b77e73092290c09e0ccaa4a43b2,True,2000,765,413,352,54.0,0.7,-2758.27,12,1782543121968,1782689460711,1.7,2262.92,0.82,0.0,0,0.0,,False,False,False
0x125dbe70459b36a4c71664dcc97224eafeb4aee0,True,46,35,32,3,91.4,174.69,22594.8,3,1753674676641,1779879238848,303.3,5981.06,0.265,0.0,0,0.0,,False,False,False
0x126b621a55a2e6230e36a086013c10ffc2dc4e4c,True,2000,968,439,529,45.4,0.79,-30096.59,32,1749158120107,1781572919999,375.2,-17884.15,0.594,0.0,0,0.0,,False,True,False
0x127fa43e17ea1a819cd07692ee17d4f65e927564,True,2000,1291,409,882,31.7,0.26,-323696.39,47,1741092455360,1783918646449,495.7,-10853.2,0.034,20633.034546,1,39422.11,191.1,False,True,False
0x128a0166fc98533bd15318baac68c511279977ae,True,197,64,56,8,87.5,14.97,723.39,15,1756385083228,1788795024935,375.1,92.66,0.128,0.0,0,0.0,,False,False,False
0x12920c17acb822f40d1b62ef776e28637e982547,True,1107,533,282,251,52.9,0.63,-7613.64,6,1761482269014,1777511000679,185.5,-595.48,0.078,0.0,0,0.0,,False,False,False
0x12a39f781e1c2b4cffc4e8e42685324245199a46,True,1341,458,290,168,63.3,0.97,-1333.18,30,1753712205129,1781476921710,321.4,7861.79,5.897,0.0,0,0.0,,False,True,False
0x12c445bdad9de607311e32a57eb381e2f5e98ef7,True,2000,872,676,196,77.5,1.53,16359.65,20,1771684429508,1788566242017,195.4,9551.76,0.584,0.0,0,0.0,,False,True,False
0x12e16e3dc4a4fb3c802be62105f15783eb95f92a,True,2000,783,616,167,78.7,1.68,4898.81,18,1787579207832,1788471459019,10.3,-650.16,0.133,55060.043855,4,-3955.03,-7.2,True,False,False
0x12f147f08112ff4c32c66bad45118302d20d807c,True,2000,704,159,545,22.6,0.19,-69336.14,6,1786990299045,1788454436900,16.9,-3706.13,0.053,0.0,0,0.0,,False,True,False
0x12f909777998d8a81a135c02a19693b714d05bc7,True,2000,1042,584,458,56.0,0.53,-22867.1,3,1782454941126,1788796211034,73.4,-5070.37,0.222,6.09807,1,0.71,11.6,False,True,False
0x130ffd7485a0459fb34b9adbecf1a6dda4a497d5,True,1712,816,262,554,32.1,0.5,-24427.76,70,1700724403292,1784945083923,974.8,-3187.93,0.131,0.0,0,0.0,,False,True,False
0x13214d05525155dceb194bd12568ca7cc242aec2,True,2000,908,626,282,68.9,5.13,59449.66,17,1724178779574,1788346279592,742.7,1526.31,0.026,9934.049262,2,3284.03,33.1,False,True,False
0x1337d3014b0e8e0bbdd1f8505a3b3da05fcd5a19,True,2000,1036,803,233,77.5,0.18,-21063.31,1,1780194563647,1780565018923,4.3,-2587.31,0.123,0.0,0,0.0,,False,False,False
0x13513ae6c909d5b4ffcaa783650e59da897d3232,True,2000,812,440,372,54.2,0.38,-17755.62,37,1778584779430,1788800262177,118.2,5111.2,0.288,496.914396,1,-2.63,-0.5,False,True,False
0x13639fb4a6ba5de085420b998493cc1b6911e5aa,True,2000,971,430,541,44.3,0.55,-18053.34,31,1778911614892,1788707985190,113.4,-4039.09,0.224,5778.051633,1,-30.96,-0.5,False,True,False
0x13741d99d0f926c47ff34e019e6cc88b773124f9,True,2000,968,546,422,56.4,0.58,-4464.54,28,1757110984707,1785504827816,328.6,-640.8,0.144,0.0,0,0.0,,False,False,False
0x13903127475cbf73b566a3a13864b1124ac116a3,True,2000,1011,133,878,13.2,0.73,-2957.67,19,1778524257866,1787770893948,107.0,2276.16,0.77,2249.799706,2,14288.62,635.1,False,False,False
0x13971819fea25c1add1d3966961ee2847c792470,True,2000,1070,786,284,73.5,2.39,55234.76,3,1782149238029,1783599448427,16.8,20254.95,0.367,0.0,0,0.0,,False,True,False
0x13b43faa22d854bf43b4e7581c1b3dfcd416f8c3,True,2000,1342,1246,96,92.8,0.44,-12898.36,2,1782827525764,1788747635297,68.5,-5127.02,0.397,16810.846497,1,681.52,4.1,False,True,False
0x13c6d0a122770e610bd2235d6840ec398656ffc3,True,2000,852,316,536,37.1,0.57,-939.49,13,1785483006057,1787867711961,27.6,-317.25,0.338,0.0,0,0.0,,False,False,False
0x13da9d69a9b8a28495ade07d3ff1c61d024808be,True,2000,202,31,171,15.3,0.01,-631138.67,1,1787911446881,1788137086606,2.6,-367331.05,0.582,9587261.356659,1,-238579.19,-2.5,False,False,False
0x13ec4635c9b7f8762fd6b031d33df5df4604c7e0,True,2000,1032,671,361,65.0,2.18,1209.39,1,1775378215035,1778659384629,38.0,-44.07,0.036,0.0,0,0.0,,False,True,False
0x1401479818fcd637b98509e7b468c41941537d2c,True,533,239,67,172,28.0,1.93,1684.63,11,1772658582357,1788800600684,186.8,855.16,0.508,2572.288544,2,1030.14,40.0,False,True,False
0x140b03070013aad4baa53629df25ffbbba10d461,True,2000,976,394,582,40.4,0.49,-45012.48,8,1783983652505,1788270994533,49.6,-4367.74,0.097,0.0,0,0.0,,False,True,False
0x1430d0010bf950b929a40b8ad1fa6c1c609600cf,True,285,140,28,112,20.0,0.62,-4216.47,6,1749156531792,1784290486128,406.6,4688.91,1.112,0.0,0,0.0,,False,True,False
0x143d7d57e6c436326c2e8fbfff4e38a1d53f77bc,True,560,329,283,46,86.0,5.54,8957.26,6,1782679824457,1788445037981,66.7,625.96,0.07,25630.546797,2,-3881.43,-15.1,True,True,False
0x14500f475d3916336615f047f0bd2b45129dc228,True,955,491,228,263,46.4,0.46,-52123.26,17,1759293495020,1787848543307,330.5,-42207.08,0.81,0.0,0,0.0,,False,True,False
0x14699342d2ae17449f73ea679c77474afd49401e,True,1326,386,168,218,43.5,1.08,7898.55,1,1786545437953,1786980626715,5.0,-11402.72,1.444,0.0,0,0.0,,False,False,False
0x14813e0e75821a9c699e6229653b6df62f151a78,True,2000,1071,630,441,58.8,0.87,-2487.86,6,1773847415185,1788738431324,172.3,1555.32,0.625,0.0,0,0.0,,False,False,False
0x14a4914df70e599bdc5baf74b7b51773499dbe21,True,2000,2000,1182,818,59.1,0.9,-205.31,93,1788067074891,1788544716928,5.5,64.83,0.316,0.004135,0,0.0,0.0,False,False,False
0x14bf0db9eb8a06305f857565af579412b0bbde29,True,2000,1075,472,603,43.9,0.21,-185120.23,4,1781805410031,1787301328930,63.6,-10027.08,0.054,38413.434455,1,-120162.34,-312.8,True,False,False
0x14e00f7906fc66808f669872796267aa54766b62,True,2000,943,445,498,47.2,0.75,-4268.18,18,1773231824255,1788795864842,180.1,-1196.78,0.28,0.0,0,0.0,,False,True,False
0x14f23416197effe31a8be0ee400ceaeb8f67f6ec,True,221,63,2,61,3.2,0.0,-10207.34,6,1777765068597,1782180317729,51.1,-2374.12,0.233,0.0,0,0.0,,False,False,False
0x15001bf144586bdddcfaa766f180e492cebdeac2,True,2000,987,851,136,86.2,0.81,-757.58,15,1780451094574,1785193230644,54.9,-871.22,1.15,0.0,0,0.0,,False,True,False
0x1513e3eb9b21c3d6a0e74401bcca93d6ca3a2f20,True,2000,750,634,116,84.5,1.8,9501.18,7,1782196062169,1788798638727,76.4,3533.63,0.372,15760.7632,3,-3009.74,-19.1,True,False,False
0x1521277a7d5b630eb32e7809d03d54ee09ef1637,True,1241,526,241,285,45.8,1.15,3781.13,11,1747786663843,1782373387243,400.3,-9192.58,2.431,0.0,0,0.0,,False,True,False
0x1538896469bd6f105232cd8cf88de4823bf37f26,True,604,306,179,127,58.5,0.81,-581.29,14,1772828989946,1786517651737,158.4,-373.52,0.643,0.0,0,0.0,,False,True,False
0x1543eccafd101fe2cdcb15bb7be29fa673fdb48c,True,1868,903,391,512,43.3,0.52,-10860.91,21,1762035308008,1788801267866,309.8,-1538.22,0.142,16497.542967,4,3073.8,18.6,False,True,False
0x15545f01dadaeeda7486adcae16e9032e0e9840c,True,225,84,66,18,78.6,0.59,-975.4,3,1783130921654,1786446238187,38.4,-950.79,0.975,0.0,0,0.0,,False,True,False
0x156c849f1cd6f6d4d541b5c712eb26d0a0d2d8d5,True,1165,480,303,177,63.1,1.47,1094.4,6,1747122304641,1788792310330,482.3,-244.0,0.223,346.381955,1,-15.05,-4.3,False,True,False
0x158df1a2167e1a77c386fa270fbbb00606953d48,True,2000,822,680,142,82.7,2.65,10906.91,3,1788260546640,1788535294035,3.2,1641.5,0.151,0.0,0,0.0,,False,True,False
0x15a4f009bb324a3fb9e36137136b201e3fe0dfdb,True,2000,396,0,396,0.0,0.0,-86680.6,3,1783342299707,1784937600066,18.5,-4039.39,0.047,10747468.521077,2,23972864.08,223.1,False,False,False
0x15c8a479139a2e195b37790ace4870d1f2be045f,True,2000,753,559,194,74.2,0.7,-26950.01,5,1782665105274,1787356441903,54.3,-25304.64,0.939,119193.924075,4,-340624.57,-285.8,True,False,False
0x15dbc42a6a6a707f5f4ea2181a6c06fc745d1e4e,True,2000,857,181,676,21.1,0.51,-28828.61,20,1779880621166,1788786321480,103.1,4948.58,0.172,25270.435846,6,-642.38,-2.5,False,True,False
0x15e583153c08061996472eb9a554217a30325f03,True,205,105,105,0,100.0,inf,11493.41,2,1776024812192,1787179445523,129.1,2009.64,0.175,0.0,0,0.0,,False,False,False
0x15f94b0fc5b5e22f16755568ae1d20f07ffb18ba,True,520,313,143,170,45.7,0.81,-4678.32,12,1778054107752,1784217446607,71.3,-2631.75,0.563,0.0,0,0.0,,False,True,False
0x1614429ddab7f80b25a1e7f33b3da41886b95cc8,True,2000,966,609,357,63.0,1.75,8069.54,11,1780449932314,1787929915704,86.6,1623.18,0.201,0.0,0,0.0,,False,False,False
0x16287a517499a467a349b70764a4ecae56d1d2c9,True,2000,1030,313,717,30.4,13.54,209010.16,8,1780288845962,1788621009785,96.4,87311.51,0.418,0.0,0,0.0,,False,False,False
0x1636542fa2ed61cfed3fddf758bd824f904c0bca,True,914,513,335,178,65.3,0.95,-834.43,2,1780438687839,1788744397628,96.1,1740.51,2.086,0.0,0,0.0,,False,True,False
0x1643e9aba4fcfb4e8c1a887090239e34f488cad6,True,2000,1168,566,602,48.5,1.15,10588.59,6,1787784541783,1788802134970,11.8,-3097.28,0.293,792045.62472,5,1351.91,0.2,False,True,False
0x166b0e967bf17571fc2df38064a36ed6871d6118,True,2000,813,414,399,50.9,1.06,457.98,64,1783508322225,1788696833399,60.1,675.1,1.474,4118.568515,2,28.9,0.7,False,False,False
0x167dcd4162738cccaea779e5188617e9d181bfb7,True,2000,906,302,604,33.3,0.75,-45948.36,12,1756108379213,1788525455462,375.2,-35661.62,0.776,47085.94882,0,0.0,0.0,False,True,False
0x1695e8a48eb4a479f1ec729bd0a1fd3168db8b99,True,2000,945,399,546,42.2,1.02,270.17,42,1778719447985,1788744702887,116.0,-1202.86,4.452,4504.443236,1,2830.22,62.8,False,True,False
0x16b254b5a323605946dfb834eeaeefa22a8a2d46,True,2000,932,451,481,48.4,0.9,-558.77,27,1788522936899,1788802216951,3.2,-481.51,0.862,1568.484116,2,-25.4,-1.6,False,False,False
0x16c95227d8442946c1c152bc8ea16a37ebe1a282,True,2000,971,897,74,92.4,5.66,6125.2,2,1788743956586,1788802660419,0.7,240.44,0.039,205708.978348,1,19221.67,9.3,False,False,False
0x16e03923a44177e3e42523f13b6a7c31d9309050,True,554,274,53,221,19.3,0.22,-9387.46,3,1762237841248,1787720724357,294.9,-1349.97,0.144,0.0,0,0.0,,False,True,False
0x170519f69ef4bf7940eb8f9f16b1d60c50b92d79,True,2000,1127,181,946,16.1,0.81,-7566.35,15,1788529248547,1788796084783,3.1,-6256.5,0.827,102968.718345,3,-7545.53,-7.3,True,False,False
0x1717d02152e6180d630f060256027b61456309c1,True,1626,845,564,281,66.7,1.77,32816.34,3,1778774123622,1778859484761,1.0,7176.57,0.219,0.0,0,0.0,,False,False,False
0x17286a34d2b2e842cd38da74bc079c1f23992b1d,True,2000,1064,702,362,66.0,1.92,21992.93,1,1787487999971,1787992690556,5.8,-1828.03,0.083,0.0,0,0.0,,False,False,False
0x1739e2268d12416dbd9319a70aeeea7ac9606734,True,2000,1181,383,798,32.4,0.45,-12412.78,13,1766762193983,1787932312568,245.0,803.22,0.065,0.0,0,0.0,,False,True,False
0x17484428122a60692b7e5fbcd248a12673b2ea63,True,2000,436,283,153,64.9,1.0,-10.63,140,1780923878645,1788801905400,91.2,-681.25,64.098,4993.677586,7,910.28,18.2,False,True,False
0x175a68282f5fd79e74b7b5fe6d56b73f8c34c6c2,True,666,324,118,206,36.4,0.61,-1942.33,44,1737746959425,1788695368754,589.7,-545.85,0.281,605.969219,2,192.64,31.8,False,False,False
0x176d00613b25712048b164d00f89d9c7861faffa,True,2000,1206,524,682,43.4,0.08,-552033.34,1,1779316581802,1780640033176,15.3,-26941.47,0.049,0.0,0,0.0,,False,True,False
0x17826e6fbdff13b2ab252d7d9ce27c90b918e8a1,True,2000,809,403,406,49.8,0.82,-7578.94,16,1784950064867,1788772261069,44.2,4923.24,0.65,120812.278796,3,-15585.06,-12.9,True,True,False
0x17901b1beaa67380f6370c569be8678585c33ce0,True,375,189,96,93,50.8,1.12,1046.6,3,1770231223350,1774032459496,44.0,-1776.08,1.697,0.0,0,0.0,,False,False,False
0x17b1ee30a719324d6368a4e526b7901e42d409fd,True,2000,1009,371,638,36.8,0.59,-2512.42,27,1777008663012,1787716402291,123.9,-1069.0,0.425,0.0,0,0.0,,False,True,False
0x17d49799f33285b2872682c3fbd96f2392270c61,True,2000,896,320,576,35.7,0.66,-14226.88,21,1758446846538,1787043735940,331.0,3096.63,0.218,0.0,0,0.0,,False,True,False
0x17ed1f65076d80fdb025c13f0458d8047814567d,True,1646,923,569,354,61.6,8.5,33127.81,9,1781075191196,1782864000063,20.7,4174.57,0.126,0.0,0,0.0,,False,False,False
0x180906a0ef400e4747eac35d4e02ffa18979e328,True,2000,968,379,589,39.2,0.42,-47635.13,4,1787661259143,1788795682092,13.1,-10065.67,0.211,0.0,0,0.0,,False,True,False
0x1820ebb6d8acd877ee46ff4d575e6302f1729fa2,True,2000,985,466,519,47.3,1.02,162.64,18,1776440342820,1788705107524,142.0,-1415.38,8.703,1.588609,1,-0.04,-2.6,False,True,False
0x182ffc41a2c6da94c20f5c31a6401ee84427e9e5,True,2000,927,339,588,36.6,0.18,-80265.8,12,1761540613837,1776038400013,167.8,-12280.99,0.153,0.0,0,0.0,,False,True,False
0x1846e2ee0cdf5bc0bfa710bcac0f39ddcc43eac1,True,2000,1048,543,505,51.8,1.48,2217.72,83,1780596134440,1787916697008,84.7,-246.35,0.111,0.0,0,0.0,,False,True,False
0x18586c9dad45b3440a6e44ccc72c0787be3e20fb,True,2000,958,504,454,52.6,1.14,2704.19,5,1771896373399,1788796206590,195.6,-1770.75,0.655,3342.236584,1,-212.28,-6.4,True,False,False
0x1864e1605a39335e87d618582a28093e1fd9711c,True,2000,1005,224,781,22.3,0.5,-175646.24,11,1778545229938,1784870651175,73.2,-20649.76,0.118,0.0,0,0.0,,False,False,False
0x187b6ab771482ccfee7cd2c35176080631082368,True,2000,875,482,393,55.1,2.44,17812.24,22,1788486516159,1788794249229,3.6,-3250.15,0.182,63269.868094,8,24680.67,39.0,False,False,False
0x18842d30863c114e4c6986db4e42fd910d68e034,True,2000,951,711,240,74.8,4.97,21859.54,20,1787582553162,1788795767308,14.0,4294.96,0.196,58077.164237,6,-12404.75,-21.4,True,True,False
0x18b0e3de55ffdebce1a44e1e6b0d77c3df57d632,True,2000,918,918,0,100.0,inf,102002.59,2,1777485764864,1778460763166,11.3,21056.77,0.206,0.0,0,0.0,,False,True,False
0x18c15f3dc73b8a6f20a4235c1e9f8e6da7cf3ea8,True,2000,950,649,301,68.3,17.27,15587.32,5,1787160189366,1787415468452,3.0,984.11,0.063,0.0,0,0.0,,False,False,False
0x18df29cd35c99464696939c14234b1dcd8a65d5c,True,2000,561,100,461,17.8,1.27,1049.18,17,1774432105529,1774880166685,5.2,1157.64,1.103,0.0,0,0.0,,False,True,False
0x18f090069e92dcd9f1d23189b7bab2a561e9627c,True,722,324,288,36,88.9,29.73,23222.55,7,1787711020312,1788703288073,11.5,3129.93,0.135,49261.376303,2,-6247.89,-12.7,True,True,False
0x190bf4deb6c946837038fe86740b394a9e0452e5,True,667,311,115,196,37.0,0.63,-2522.03,31,1738347743570,1788682379930,582.6,714.83,0.283,0.0,0,0.0,,False,False,False
0x19263b1bbad9fb9e50578c84d656553858fb8f55,True,2000,883,257,626,29.1,0.14,-5290.81,9,1788530123272,1788549006945,0.2,-237.71,0.045,0.0,0,0.0,,False,False,False
0x1943ba9d379645858a5be731513a08120132ccf5,True,2000,1074,637,437,59.3,0.45,-22162.76,2,1773934927157,1788095358606,163.9,-1219.84,0.055,323.717593,1,176.9,54.6,False,True,False
0x19671b09b5c9fd3f7d4aa91dfba482d88037f8f1,True,2000,749,437,312,58.3,1.7,23299.98,12,1780795203704,1781637295484,9.7,6918.6,0.297,0.0,0,0.0,,False,True,False
0x197d0b8d520667f6a14ce98215c2f945e6cd3ccc,True,2000,747,79,668,10.6,0.03,-3322.35,27,1775968413726,1788703881802,147.4,-451.41,0.136,0.0,0,0.0,,False,True,False
0x1994ed0ff5cd37c2487fc62dc7bfeeda3de659ed,True,1347,665,651,14,97.9,147.03,59989.2,1,1779631844498,1786891534062,84.0,5538.64,0.092,0.0,0,0.0,,False,True,False
0x19ad59d9051cc3fcb1ac1a2e113bae611e499cc2,True,2000,870,677,193,77.8,0.92,-1306.47,8,1788023728378,1788789911156,8.9,-3980.66,3.047,1731.1018,1,-624.04,-36.0,True,True,False
0x19baa4cf8f4849f151205be2aecdf6884be6b7a4,True,1375,604,192,412,31.8,1.53,26065.83,36,1733494231603,1788393774480,635.4,14140.03,0.542,0.0,0,0.0,,False,True,False
0x19d6b30d29c34ec91152d509cb4d320e1d8108f7,True,2000,933,295,638,31.6,0.61,-2325.16,3,1785750266793,1788325236959,29.8,-108.92,0.047,0.0,0,0.0,,False,False,False
0x19e90c5331a747661bdd2887a6f6156a1eda2ef9,True,1814,666,147,519,22.1,1.69,12551.31,26,1770024779354,1788703720873,216.2,2455.76,0.196,521120.643707,12,122843.09,23.6,False,True,False
0x1a05114f4b8ebd5991be99eea8dd21935dd33be3,True,2000,458,349,109,76.2,1.51,1644.48,1,1787583761808,1788795268809,14.0,-520.7,0.317,0.0,0,0.0,,False,False,False
0x1a18a21343ef112b31e3da0ffa440b43cadf8194,True,54,0,0,0,,,0.0,1,1787325631952,1787330051117,0.1,0.0,,0.0,0,0.0,,False,False,False
0x1a27499553b12458fa1e0f22860bc99c4a2f5efb,True,2000,818,498,320,60.9,12.05,57093.74,4,1788592493228,1788779904843,2.2,3993.02,0.07,136966.251114,2,-5256.58,-3.8,False,False,False
0x1a3c983c2af04233bb26c77f44058a2d30b74e3d,True,2000,1449,169,1280,11.7,0.1,-11268.49,2,1788786782141,1788803027102,0.2,-759.7,0.067,0.0,0,0.0,,False,True,False
0x1a503c16f1965a5e841304fe0416951d540f8f04,True,1235,485,222,263,45.8,3.19,16644.86,33,1694010528204,1779380173997,988.1,2292.44,0.138,0.0,0,0.0,,False,False,False
0x1a61a9a3850f6ec8b0f600be5a039b449e236552,True,2000,1105,644,461,58.3,0.69,-27023.94,17,1757429784385,1788448743234,359.0,17080.19,0.632,0.0,0,0.0,,False,True,False
0x1a8ab6753b1ec8c6768dc1e6d66410d54129bb9c,True,569,257,144,113,56.0,1.73,9108.3,17,1765429002846,1775592381964,117.6,7074.48,0.777,0.0,0,0.0,,False,True,False
0x1aa1d90df49c3e5a67888798c16e73c4b4c323fc,True,2000,984,759,225,77.1,0.79,-5663.73,1,1787930506700,1788797613379,10.0,2203.71,0.389,1681.597751,1,-177.04,-10.5,True,True,False
0x1abe4e81eb6b34cb84b04bd88c6e9e0409622f03,True,491,225,62,163,27.6,0.05,-7197.47,4,1780421983933,1788296109233,91.1,-645.15,0.09,0.0,0,0.0,,False,True,False
0x1ad5912428de9c4a8694d663e9e7ec173f89e128,True,2000,900,508,392,56.4,0.35,-3616.38,19,1765151867571,1779461159312,165.6,-1140.39,0.315,0.0,0,0.0,,False,True,False
0x1aed4d57d6474823f4dc8218a1cb6188876b1042,True,2000,950,364,586,38.3,0.83,-3364.26,12,1781963386640,1788791770656,79.0,3993.1,1.187,0.0,0,0.0,,False,False,False
0x1b10f4b3249f177f8505e8e0f973731a2a4b84f0,True,2000,1066,569,497,53.4,0.88,-4350.73,14,1780389323734,1788655628794,95.7,2627.75,0.604,0.0,0,0.0,,False,True,False
0x1b232b41b0e75550c59288b99874e4a8142fbe21,True,2000,495,251,244,50.7,0.89,-3869.4,7,1785641664034,1788792591063,36.5,-19201.86,4.962,523672.620876,2,595597.19,113.7,False,False,False
0x1b2b5c69f8ed3de70963eb4449935c35e6c22bd8,True,2000,1159,404,755,34.9,0.98,-106.15,13,1771274363504,1775652905124,50.7,384.09,3.619,0.0,0,0.0,,False,True,False
0x1b44a8777370272118e5412b37085813cf93e6e6,True,2000,895,790,105,88.3,14.91,78028.29,8,1777075020888,1779478351240,27.8,3922.93,0.05,0.0,0,0.0,,False,True,False
0x1b5f439ae6d8bf0e5deef19874f1eaffde7cdd73,True,2000,1087,412,675,37.9,1.51,4580.88,21,1757462973880,1787926001729,352.6,-1065.26,0.233,0.0,0,0.0,,False,False,False
0x1b85992fdbeb46378d1d289e7c105325d13cd5f5,True,2000,615,285,330,46.3,0.75,-2086.33,4,1787521089220,1788794330547,14.7,-692.78,0.332,0.0,0,0.0,,False,True,False
0x1ba3db9565d1e0779ed4fbd7b6350b27e8f7e1cf,True,1326,636,315,321,49.5,0.33,-54386.24,11,1773372595920,1788279003653,172.5,-7465.35,0.137,0.0,0,0.0,,False,True,False
0x1bc259046dd7d2df2b189f7f648c3cbc5b97d746,True,2000,951,540,411,56.8,1.64,1945.56,28,1778812071237,1788700942124,114.5,416.31,0.214,0.0,0,0.0,,False,True,False
0x1bd2d89e4b9a2d373e89d74c8cc02d1562fa9626,True,2000,851,400,451,47.0,0.2,-101392.67,9,1788440254593,1788796554317,4.1,-10799.96,0.107,75455.957789,2,5357.85,7.1,False,False,False
0x1bef52722c1e75408c2fe893a81b54847a82c968,True,2000,1221,809,412,66.3,1.4,27287.42,7,1755420010047,1779725975646,281.3,-6710.02,0.246,0.0,0,0.0,,False,False,False
0x1bfe13a076004b90a9de8ddc764cf8139ecb6810,True,2000,966,604,362,62.5,0.97,-166.01,47,1756301599115,1787681015334,363.2,-261.67,1.576,65.728906,0,0.0,0.0,False,True,False
0x1c18bd57c32ab36d20d21febbfcbc246adde5286,True,244,114,59,55,51.8,0.59,-4715.55,2,1787545021821,1788133645774,6.8,-1459.64,0.31,0.0,0,0.0,,False,True,False
0x1c24ec220e0be34875d8ee3a157cc81cfa6efd9a,True,2000,1076,311,765,28.9,0.74,-8618.26,2,1741597264525,1775416799755,391.4,2004.11,0.233,0.0,0,0.0,,False,False,False
0x1c4330fdb843bae337b1c3cec5379f92f4039cc4,True,2000,879,457,422,52.0,0.18,-80904.36,4,1773308758765,1783776951062,121.2,-5625.55,0.07,0.407994,1,0.24,58.3,False,True,False
0x1c62b32cbf40a9e3d9fc40d239537097fc34c778,True,278,117,29,88,24.8,1.23,1202.84,5,1775958699480,1788193915200,141.6,895.62,0.745,1449.77839,1,-237.92,-16.4,True,False,False
0x1c7d32678518075c706d9a95fd3e3ec170dae996,True,2000,1002,433,569,43.2,1.2,549.96,51,1785746412799,1788772090170,35.0,145.72,0.265,36504.18925,50,2467.06,6.8,False,False,False
0x1c907bab8ad288f4022d672db8e3a3a1027e3c59,True,2000,1361,584,777,42.9,0.01,-468734.84,3,1785289492229,1785293275115,0.0,-16336.0,0.035,0.0,0,0.0,,False,True,False
0x1ca09d6ca08c02dfee4b085669c155a89907e499,True,1611,676,313,363,46.3,0.92,-315.42,80,1763736512499,1782503550722,217.2,425.85,1.35,0.0,0,0.0,,False,True,False
0x1cad695af5639c5657bff199b875352adf682dbc,True,2000,1047,284,763,27.1,0.69,-843.97,27,1769876300680,1788128232885,211.2,105.2,0.125,0.0,0,0.0,,False,False,False
0x1cc972ff969689873f8010bdd0cf3dc30618397e,True,2000,367,162,205,44.1,0.47,-15372.24,22,1760421760778,1788393600075,323.7,-5175.58,0.337,0.0,0,0.0,,False,False,False
0x1cd63f98cb1aa7df01c652d938eac933268f1bf1,True,1974,691,554,137,80.2,1.4,18071.92,24,1748773976899,1788739027730,462.6,-8154.81,0.451,27806.746398,2,-21404.3,-77.0,True,True,False
0x1cf0353d6efb8c373cd9a8656a82cb5ed606d146,True,777,390,90,300,23.1,1.41,3265.23,5,1774533883690,1788552006498,162.2,737.5,0.226,350.32312,2,49.29,14.1,False,False,False
0x1cf9c1c86e476c794900cd422c082661ae79dd49,True,994,539,355,184,65.9,1.67,3532.97,3,1775333560655,1778034510411,31.3,-720.87,0.204,0.0,0,0.0,,False,True,False
0x1d14c6221aa536eb86360b611089d881cc5cd4b3,True,2000,593,593,0,100.0,inf,12302.54,1,1780317295316,1788794306214,98.1,442.33,0.036,21170.43088,1,-169.35,-0.8,False,True,False
0x1d26f89fcd171da540a203f4236a62d09a8862be,True,2000,930,274,656,29.5,0.26,-12953.6,8,1779639979758,1779885783704,2.8,-2012.66,0.155,0.0,0,0.0,,False,True,False
0x1d3afb2c2761b2891045a55549a656f0946f5da7,True,2000,797,517,280,64.9,2.69,43769.24,17,1784756702461,1788492324346,43.2,2687.74,0.061,23658.883151,1,68592.8,289.9,False,True,False
0x1d4b9b250b1bd41daa35d94bf9204ec1b0494ee3,True,2000,963,240,723,24.9,0.34,-52524.77,5,1779652504475,1780596837015,10.9,-2863.36,0.055,0.0,0,0.0,,False,False,False
0x1d6479f1c903476fe3d1750a6335ca2486ffa5ba,True,2000,985,432,553,43.9,1.7,14587.02,32,1776033095887,1788728701970,146.9,1837.68,0.126,0.0,0,0.0,,False,False,False
0x1d7c3baf5d421e88355412d9f7d97ce4a4f8a891,True,1142,402,109,293,27.1,0.28,-39309.47,6,1772759708870,1785779789210,150.7,-7856.35,0.2,0.0,0,0.0,,False,False,False
0x1d99b3711c440cfbcc58ff5460d79b1f3eef2e31,True,2000,855,443,412,51.8,1.11,13632.16,22,1752208529839,1788763329056,423.1,-15531.76,1.139,32.873575,1,-0.33,-1.0,False,True,False
0x1daa3eec517f6e8398e29afca9afaabea275b2a6,True,2000,1100,493,607,44.8,1.56,9403.17,7,1780505203262,1781137843094,7.3,9608.1,1.022,0.0,0,0.0,,False,False,False
0x1dd2542ad6187024064b08ed3fcb076021bd22c0,True,2000,905,513,392,56.7,0.86,-10190.46,9,1773699692893,1788793565825,174.7,-7599.14,0.746,7885.861966,4,431.47,5.5,False,True,False
0x1ddd3b4c68a539bc7128ea352b529c4441fe4ed9,True,2000,995,904,91,90.9,0.66,-11200.53,2,1778837003320,1780720367422,21.8,-8820.18,0.787,0.0,0,0.0,,False,True,False
0x1df40c451d7be4784710ef92d7791c6883425c97,True,1611,705,525,180,74.5,10.92,72227.68,8,1781179642713,1787387015498,71.8,10181.92,0.141,57648.401423,1,-52734.15,-91.5,True,False,False
0x1e14e0df87f15a150bd94e175690a4161dfb8cd4,True,2000,998,532,466,53.3,0.71,-1494.53,7,1783840033594,1784548708340,8.2,-211.62,0.142,0.0,0,0.0,,False,False,False
0x1e28977368a0e5bd2b7fdab17eddadcb6d190e41,True,2000,1023,496,527,48.5,0.38,-72982.89,14,1780668044696,1787911662509,83.8,-18780.34,0.257,0.0,0,0.0,,False,True,False
0x1e3e10d4858de72aa18c81590490896df7839618,True,666,290,221,69,76.2,1.2,1801.37,5,1760772710052,1779725502184,219.4,-1815.0,1.008,0.0,0,0.0,,False,True,False
0x1e5cf44f64a66dae56104ed91bf15f6147200ac1,True,2000,1145,1077,68,94.1,24.35,101752.28,6,1780560284058,1788528826364,92.2,13475.88,0.132,54613.932,0,0.0,0.0,False,True,False
0x1e74b38fd9a86a0e5b92625834b36e197cda5b44,True,2000,623,338,285,54.3,0.7,-761.73,16,1776596865732,1776673706078,0.9,178.86,0.235,0.0,0,0.0,,False,False,False
0x1e83443c7e1699c6a5a6ab895180fe9e68f86055,True,2000,700,369,331,52.7,1.08,312.06,61,1780400816125,1788796247473,97.2,-325.07,1.042,426.853299,4,325.29,76.2,False,True,False
0x1e92540a49e8cda718017a7a627b4ac62707c2d4,True,2000,1301,742,559,57.0,0.66,-9760.24,3,1787235004671,1788796696303,18.1,-3131.62,0.321,0.0,0,0.0,,False,True,False
0x1ea2a806f60d3abd361b2e9ec992ba7b85258343,True,2000,1012,646,366,63.8,4.43,174148.65,48,1731704501467,1782437129810,587.2,-23787.19,0.137,0.0,0,0.0,,False,True,False
0x1ebbba33dcf02a3732b4c5d5b25db33a603e89f2,True,2000,1257,723,534,57.5,0.47,-3335.98,63,1785971061330,1787375468605,16.3,-1429.87,0.429,0.0,0,0.0,,False,True,False
0x1ecc7c22798d83edeb70487c6447440862f92d68,True,2000,1071,1069,2,99.8,58209.93,21532.07,6,1787523805000,1788801480332,14.8,959.46,0.045,0.0,0,0.0,,False,True,False
0x1ed924cef3b93a63d4d9d808513fbdc7bf64a552,True,2000,67,48,19,71.6,0.16,-4726.04,4,1775754622003,1788792807649,150.9,-890.15,0.188,0.0,0,0.0,,False,True,False
0x1eee957827e69d2bf661870aba27e5e784472fbf,True,2000,1001,628,373,62.7,0.62,-6714.93,34,1745373133955,1788568236719,499.9,-1693.94,0.252,693.118873,2,-100.04,-14.4,True,True,False
0x1f02db837591cfcd4d0cefad8ed03d0f10ac1e9e,True,2000,1057,300,757,28.4,0.3,-26539.93,14,1779939774053,1780328113500,4.5,-1249.78,0.047,0.0,0,0.0,,False,False,False
0x1f1426207dae1d2846c97e71027a00e40a5551d1,True,2000,606,338,268,55.8,0.56,-7696.83,13,1777811445666,1787106761386,107.6,1523.04,0.198,0.0,0,0.0,,False,True,False
0x1f27784001cf5b3d552a31cd28ee65e475bb8c4c,True,2000,962,638,324,66.3,1.13,2987.23,7,1780500081309,1788768222922,95.7,-3256.98,1.09,4056.940529,1,-31.7,-0.8,False,False,False
0x1f3aae75dfd99dee9890fcebe3fc3e48b633bf87,True,2000,954,268,686,28.1,0.86,-2709.04,20,1784136025998,1788793301393,53.9,928.98,0.343,5792.367707,1,-22.36,-0.4,False,False,False
0x1f4ab7e9acebb8b591e74b81e34bebe8be9bc934,True,2000,973,793,180,81.5,8.27,1074.93,26,1788401824512,1788803225659,4.6,15.21,0.014,4707.037004,21,195.48,4.2,False,True,False
0x1f58f53cf79498ba5d4cc96bc5265964748d65a6,True,2000,1004,412,592,41.0,1.03,540.74,14,1762965470616,1775704774413,147.4,2730.62,5.05,0.0,0,0.0,,False,True,False
0x1f67d79afc8d0e7609ddba6c9b657cc635f69981,True,2000,1001,462,539,46.2,0.92,-1925.12,27,1787976288897,1788800525485,9.5,-1860.85,0.967,35889.080686,8,1166.81,3.3,False,True,False
0x1f7b82fdf49ea73e8b8bf17b9a490128458ff48e,True,711,294,69,225,23.5,1.56,2611.01,2,1765814025781,1780537938281,170.4,3041.01,1.165,0.0,0,0.0,,False,False,False
0x1f8a830fa5769c7e835308fa01ed8b82559991ef,True,2000,938,250,688,26.7,1.02,512.8,67,1740479415045,1788328116945,553.8,8152.05,15.897,0.0,0,0.0,,False,True,False
0x1fbe7279da134c53fa521f5ee65891948e775e17,True,2000,1320,1195,125,90.5,3.15,32515.92,14,1782466142046,1787380406018,56.9,2485.75,0.076,11109.952166,0,0.0,0.0,False,True,False
0x1fc550e98ad3021e32c47a84019f77a0792c60b7,True,2000,294,106,188,36.1,1.48,4000.47,20,1760867258266,1787788800012,311.6,1489.81,0.372,0.0,0,0.0,,False,False,False
0x1fdd31506efd5b21f3d9dc5be61f1bf62876db91,True,2000,1095,328,767,30.0,0.66,-10117.25,4,1786788512486,1788770074559,22.9,2178.21,0.215,1168.252486,1,156.32,13.4,False,True,False
0x1feaa7a7188eb32e5b7bf69f897fd9166de9356e,True,1483,1430,911,519,63.7,1.5,1592.43,20,1786299356822,1787555024943,14.5,-319.03,0.2,0.0,0,0.0,,False,True,False
0x2001421adda51ac211a2f4d3d2ebc1cc3a254c0c,True,431,204,147,57,72.1,3.79,6354.1,7,1752812918505,1788703501972,415.4,983.98,0.155,0.0,0,0.0,,False,True,False
0x201055809829abdc2b2661030e8586ba18ab9ec5,True,333,169,55,114,32.5,1.59,1939.64,1,1774442203313,1780676410521,72.2,2607.24,1.344,0.0,0,0.0,,False,False,False
0x2025137a136bea7446deba681cbfc7cf1970840e,True,2000,1590,799,791,50.3,1.16,637.17,6,1788670739161,1788798607505,1.5,492.45,0.773,1319476.212766,16,-289367.54,-21.9,True,False,False
0x203f8a0d9746b138507d58a29cfd95e229a7930c,True,696,369,268,101,72.6,0.64,-7140.12,2,1776347794349,1781013046971,54.0,3300.0,0.462,0.0,0,0.0,,False,False,False
0x2052051a0474fb0b98283b3f38c13b0b0b6a3677,True,2000,970,344,626,35.5,0.82,-4757.57,2,1738561752602,1782619206554,509.9,-1949.0,0.41,49824.131303,1,46035.0,92.4,False,True,False
0x20695042ad37fd25c834c708f21eec3104f74525,True,2000,916,475,441,51.9,1.38,15212.89,33,1784816528941,1788800878540,46.1,4968.32,0.327,53467.848661,3,755.31,1.4,False,True,False
0x208593aaca0766dcb57e404ec104d07fa9d32885,True,2000,1017,335,682,32.9,0.7,-8667.51,11,1776804562165,1787590506002,124.8,-1869.98,0.216,0.0,0,0.0,,False,False,False
0x209c7e1ca5bb0dfebcde0b1cea9adabfe002bf25,True,2000,974,694,280,71.3,0.57,-25179.69,24,1761563664441,1788739200041,314.5,-13787.62,0.548,1723.067459,1,-49.92,-2.9,False,True,False
0x20b3bfbe9f511cb8ae01d54a21895177e6884f97,True,2000,945,470,475,49.7,0.59,-1732.74,1,1788175278621,1788702527143,6.1,-232.52,0.134,22472.303064,1,-2242.62,-10.0,True,False,False
0x20cf6f56ef057157ab8a48c82ed97258148c403c,True,2000,969,636,333,65.6,10.49,57380.48,7,1786672133389,1788752861015,24.1,2155.05,0.038,1451.013941,1,-0.14,-0.0,False,False,False
0x20f2c7b31a05f318888119784cc7d193c03ebda8,True,2000,870,619,251,71.1,0.41,-11373.65,13,1784540754557,1788790727542,49.2,-7792.15,0.685,27950.322163,1,-34.05,-0.1,False,False,False
0x2110aa32f4c2ca3bb9342b596a17564f852fb303,True,1747,868,540,328,62.2,0.8,-6042.73,22,1780556699106,1788360055001,90.3,-3908.03,0.647,0.0,0,0.0,,False,True,False
0x2125c46a829c929d77f1da01e8451171a5c868b2,True,1023,705,482,223,68.4,1.26,2225.17,1,1773101439905,1788752492298,181.1,-2589.73,1.164,0.0,0,0.0,,False,True,False
0x21384e1ce379561d1c43e5ec3ec8025d92632522,True,732,251,95,156,37.8,0.75,-5641.98,2,1764088661351,1787934567644,276.0,-3364.59,0.596,3367.636623,1,1297.24,38.5,False,True,False
0x2158583da0405538933216ce90063c0979e9c922,True,1376,702,295,407,42.0,2.07,17320.93,10,1759524486084,1787824310045,327.5,2951.74,0.17,95530.545453,1,30.37,0.0,False,True,True
0x21735e9daea7d836536d346ee280789d912082f9,True,2000,1441,374,1067,26.0,2.06,44633.05,1,1783553514330,1784180972544,7.3,4096.88,0.092,0.0,0,0.0,,False,False,False
0x21888290aa51d3c213f993f1d30e5b306bb5f3d6,True,2000,1075,551,524,51.3,1.07,224.59,33,1758521328399,1788509597133,347.1,-262.95,1.171,53.453065,1,17.81,33.3,False,True,False
0x21a45fb6c718fb88005cf90a1df207ef265b53b6,True,2000,1044,491,553,47.0,1.19,1975.55,12,1787587300323,1788801366190,14.1,1016.26,0.514,11414.106424,1,97.24,0.9,False,False,False
0x21c65bd593d429bf762935667c488c2a73bbc6d5,True,2000,1108,324,784,29.2,1.08,1752.1,4,1780824396110,1787037573862,71.9,-6474.56,3.695,0.0,0,0.0,,False,False,False
0x21eaaee21905a7b9fbbb093caba2ee27fc1e9352,True,2000,855,627,228,73.3,3.53,185159.03,7,1771906734096,1788458623397,191.6,10076.04,0.054,1182389.077839,3,-7387.0,-0.6,False,True,False
0x220c165c62a97dec6a48877ca5ec0692d2a16d56,True,234,136,93,43,68.4,2.66,3191.63,1,1772657447427,1780286373464,88.3,1401.42,0.439,0.0,0,0.0,,False,False,False
0x2231cbf0dde19e136f0247d40b3444901867b248,True,2000,1009,446,563,44.2,1.31,5152.48,14,1786945441181,1788800540421,21.5,1351.06,0.262,0.0,0,0.0,,False,False,False
0x22504e8da6acf4756d2216ef947f525b0ee6ec0a,True,2000,1034,352,682,34.0,2.61,10821.52,7,1786628185798,1787238283015,7.1,4463.85,0.412,0.0,0,0.0,,False,True,False
0x22615e0272e68aa1b8eec7fedc2949fecc94f616,True,2000,951,631,320,66.4,2.99,12483.48,26,1778614478385,1788803403920,117.9,928.79,0.074,0.0,0,0.0,,False,True,False
0x22910e4922be2d2fcbe9be25613a00279f6cd039,True,2000,893,367,526,41.1,0.53,-4433.23,19,1774804836015,1787895477189,151.5,-1379.88,0.311,0.0,0,0.0,,False,True,False
0x22a852d8b035d5902f7db0142d45b230cb704c35,True,1060,493,110,383,22.3,0.9,-2051.42,23,1769115705546,1777061732583,92.0,-3413.13,1.664,0.0,0,0.0,,False,True,False
0x22bb79b63280f1363d90c45a58c76cfe4276ea0b,True,693,369,225,144,61.0,0.39,-3600.49,10,1787146163264,1787865079179,8.3,-2561.55,0.711,0.0,0,0.0,,False,True,False
0x22e1723b56b1e061ea215260436ec650ada0513d,True,1180,584,284,300,48.6,0.98,-38.05,2,1781628244657,1788735806372,82.3,139.46,3.665,0.0,0,0.0,,False,False,False
0x22fffe8363c5e4d3fde343bb116846e81a3e9453,True,1553,722,32,690,4.4,0.15,-124109.05,4,1761578533981,1780758838939,222.0,-8224.31,0.066,0.0,0,0.0,,False,True,False
0x230a4a9cc3d57fe07c75ba1b063c779f328230fa,True,2000,1201,528,673,44.0,1.1,2150.97,3,1747735261328,1788768091460,474.9,1283.68,0.597,1795.766773,0,0.0,0.0,False,False,False
0x23181e703991e776d7ad6f42b205e74c2652d8c1,True,2000,745,357,388,47.9,0.77,-352.32,3,1783960978687,1785077424569,12.9,-45.9,0.13,0.0,0,0.0,,False,False,False
0x232d7abdbf689b103a5c3684d89286ac8bafa13c,True,543,222,96,126,43.2,1.03,825.18,13,1780534250937,1780685464415,1.8,6356.84,7.704,0.0,0,0.0,,False,True,False
0x23540307d52ceef87c641b6de4e4e5f9a186e84f,True,225,107,58,49,54.2,1.64,184.45,2,1773212880297,1784681970319,132.7,-89.77,0.487,0.008117,0,0.0,0.0,False,False,False
0x237d3eb2095067bc69363a9bd9cddc9f74adc740,True,2000,861,580,281,67.4,0.7,-7578.94,15,1752157179679,1788732791853,423.3,-3912.07,0.516,0.0,0,0.0,,False,True,False
0x238db37bc4515d4236f82dbe0d0a216b7636690c,True,2000,1132,750,382,66.3,1.74,1518.54,51,1782348819024,1788605461446,72.4,208.97,0.138,0.0,0,0.0,,False,True,False
0x23b4564f88b0173243fbc6282e62088dbeb53651,True,2000,899,296,603,32.9,0.6,-16204.3,7,1787854486042,1788796527748,10.9,4211.44,0.26,58347.741336,2,8080.29,13.8,False,False,False
0x23d391b83c595de42aeb6b33d2f2488d56321254,True,2000,912,625,287,68.5,3.35,52627.86,21,1772953484867,1786550117217,157.4,12727.65,0.242,3329.51706,1,-11878.8,-356.8,True,True,False
0x23e9896d080fae6b22ffd4fa6a94678121a27c04,True,1382,571,391,180,68.5,88.86,152325.45,60,1684218807252,1786985926311,1189.4,15496.54,0.102,0.0,0,0.0,,False,True,False
0x23fcd104a217f316dbfa66efcef38f0a084971ad,True,838,393,190,203,48.3,3.04,753.5,56,1735487753028,1788781679820,616.8,429.11,0.569,228.508905,0,0.0,0.0,False,False,False
0x240d445b2c3464e2e6377d9a477778c926ac758b,True,2000,872,145,727,16.6,0.49,-17203.09,1,1787320985331,1788795636174,17.1,8104.52,0.471,0.0,0,0.0,,False,False,False
0x241cfe4c777793fcc4790898b6efc4da141b9962,True,2000,738,253,485,34.3,0.72,-3709.64,12,1780322002047,1788754273876,97.6,-756.7,0.204,0.0,0,0.0,,False,True,False
0x242c9fc3162321d326892cfe044fc0d9ffc3e9b0,True,2000,883,610,273,69.1,2.06,4168.06,13,1788594066077,1788786078433,2.2,-788.41,0.189,2048.84592,3,-902.08,-44.0,True,False,False
0x2446beb3905cffbd2c5eb18f1f9c2996b05257c4,True,791,462,294,168,63.6,27.7,5656.19,2,1770781497052,1778055779376,84.2,1086.96,0.192,0.0,0,0.0,,False,True,False
0x245aa852a702890972c6cf65ae6d33007c8cac32,True,715,336,139,197,41.4,0.88,-356.14,21,1778748201876,1780509589502,20.4,-445.05,1.25,0.0,0,0.0,,False,False,False
0x2476364f83e060a19c07d0c922d9308851ada588,True,2000,1121,971,150,86.6,1.72,963.11,11,1764203292676,1779321600086,175.0,134.07,0.139,0.0,0,0.0,,False,True,False
0x2488064f847f37a2500e9367f76f7b2777e06dc5,True,2000,1003,787,216,78.5,1.27,4085.7,3,1778942743520,1779470634711,6.1,1464.39,0.358,0.0,0,0.0,,False,True,False
0x2490aa2b48022e857d44e738911787c8e2296aed,True,2000,1669,1308,361,78.4,13.97,103970.15,9,1783965392211,1788560053708,53.2,-1377.22,0.013,148296.729259,4,-475379.25,-320.6,True,False,False
0x24b00d3a8cd8b7d0a123a01d75453d058af41120,True,2000,1021,501,520,49.1,0.81,-2171.57,43,1787338662716,1788803129454,16.9,-630.82,0.29,83212.364819,3,59.73,0.1,False,False,False
0x24c2c2a032b2e48a4a75501fe386b9edba707ac8,True,1680,871,404,467,46.4,0.26,-92127.96,14,1777552203168,1783753491834,71.8,-8415.37,0.091,0.0,0,0.0,,False,True,False
0x24d62499a65687913c67663f3ed1f9da7c3b8454,True,2000,1022,244,778,23.9,0.49,-3509.12,25,1787623362290,1788759524671,13.2,-331.08,0.094,4435.699586,1,2085.88,47.0,False,False,False
0x24f811236317adc9d9c850f7c0ff85c848b5fd40,True,2000,1033,299,734,28.9,0.38,-49557.78,14,1780384702375,1782086478514,19.7,-7106.25,0.143,0.0,0,0.0,,False,True,False
0x25099ef6488a8305874b0a919de1fb1a4897101c,True,2000,1055,615,440,58.3,1.72,10257.86,42,1780487364403,1788802690312,96.2,2890.6,0.282,1234.843722,1,310.75,25.2,False,True,False
0x252530586e885231d62edbf1b6788177ef5d6b61,True,2000,716,309,407,43.2,0.57,-8897.06,59,1759513077925,1787631993165,325.5,-675.76,0.076,0.0,0,0.0,,False,False,False
0x252de0c7feb1312014dca15ac991ada18cdca010,True,1058,365,195,170,53.4,1.18,2759.07,32,1733557088412,1788700635563,638.2,-2436.79,0.883,1447.11834,4,135.11,9.3,False,True,True
0x254a2b7ea407ca31419775de999b3e668f3a971e,True,2000,803,576,227,71.7,2.03,38681.74,18,1787929253865,1788772604327,9.8,4126.58,0.107,384213.798708,8,174670.94,45.5,False,True,False
0x25649ae5b7f4c8962e6fbaf4a7612788542aa22c,True,2000,936,553,383,59.1,0.36,-71043.65,3,1774633499017,1785191471680,122.2,-10615.63,0.149,0.0,0,0.0,,False,True,False
0x2576288180592adf6828777b0322791022161ddc,True,2000,1011,260,751,25.7,0.87,-483.77,34,1787366927309,1788638804247,14.7,465.99,0.963,220.467255,1,-39.91,-18.1,True,True,False
0x2588cc21d3076c2d4aef5a274fb5ef2b2c688b70,True,2000,927,370,557,39.9,1.65,18825.73,28,1768686579118,1787763845759,220.8,1953.0,0.104,0.0,0,0.0,,False,False,False
0x25a34b7f2533761a0eea417d4613b54861278e79,True,2000,1015,1015,0,100.0,inf,56242.29,1,1788240647107,1788798129006,6.5,5821.06,0.103,525879.783074,1,-5584.62,-1.1,False,False,False
0x25bc6170fae4b0db375817e511b5b76f99e4b47c,True,310,141,92,49,65.2,1.52,5168.71,3,1761263524307,1788351488878,313.5,1492.14,0.289,0.0,0,0.0,,False,False,False
0x25c60d4175daf9cd602e41c9139c816f04d46e34,True,849,376,182,194,48.4,0.7,-2294.03,8,1782216884323,1788749298892,75.6,-880.95,0.384,0.0,0,0.0,,False,True,False
0x25d26e8630a5296f3dc6f5e3a2ccede262c1388a,True,1192,576,363,213,63.0,1.81,8616.03,7,1740412725337,1784565771729,511.0,2566.53,0.298,0.0,0,0.0,,False,True,False
0x25eeac5ff395b6392dc54a38e29c25859ba88fca,True,2000,967,545,422,56.4,1.03,65.43,10,1788460353586,1788743714221,3.3,-324.57,4.96,0.0,0,0.0,,False,False,False
0x25fcb75a422f1eeef23c272f8712d6df16c49c38,True,2000,1033,715,318,69.2,0.18,-173716.98,23,1785303903005,1788780580565,40.2,-13770.59,0.079,50554.798455,5,10203.52,20.2,False,True,False
0x261af68f656dc79e88bd748564c74304baab714a,True,2000,1271,854,417,67.2,1.39,3446.5,28,1788449406036,1788803994873,4.1,-681.39,0.198,4363.141539,3,881.71,20.2,False,True,False
0x26399f793bd793255dc50f7ee602c903b0bed3c1,True,1085,562,252,310,44.8,1.62,11017.61,24,1767480180313,1787732572498,234.4,1571.77,0.143,0.0,0,0.0,,False,False,False
0x264f1a1bccb1d058639218356c92d6271f7b3d34,True,2000,1104,388,716,35.1,1.19,4242.15,2,1785369342651,1788796232339,39.7,895.15,0.211,0.0,0,0.0,,False,False,False
0x265eac78fb57495674227c93065d67abe6f97f70,True,2000,789,179,610,22.7,0.09,-32227.36,4,1788766630223,1788798571784,0.4,-2566.88,0.08,685396.155608,5,25608.67,3.7,False,False,False
0x266d7383cc3ef064ff2a7d65625c015cf610e8f0,True,1025,561,105,456,18.7,0.23,-12709.68,1,1772636111631,1774621379440,23.0,-2539.75,0.2,0.0,0,0.0,,False,False,False
0x2688d3ab9d031e11a0bd4c0fc31e35b4274a23f2,True,2000,987,609,378,61.7,1.35,49.5,10,1788796516986,1788804041900,0.1,10.13,0.205,0.1,0,0.0,0.0,False,True,False
0x2696da4303170075a3af8cd1b4c6a06e0735fd32,True,2000,857,599,258,69.9,4.05,146150.87,2,1787537756573,1788662544033,13.0,10795.43,0.074,0.0,0,0.0,,False,False,False
0x26ab7f544da94f4a001e2088570e5c39e8f98d9c,True,2000,735,389,346,52.9,0.93,-2665.54,68,1733305929342,1788705138519,641.2,-14565.18,5.464,2473.726329,1,-22.34,-0.9,False,True,False
0x26d7b4fe67f4601643304b5023b3caf3a72e8504,True,2000,925,548,377,59.2,1.37,31112.79,10,1786627420322,1788801308428,25.2,-11997.06,0.386,0.0,0,0.0,,False,False,False
0x26eb44ead3d693b321aac58fbb56bd392884ffc0,True,631,364,345,19,94.8,16.44,65230.13,12,1775139024605,1788471008963,154.3,5556.54,0.085,103222.274013,1,-1215.68,-1.2,False,True,False
0x271105166b1f80dc59d0c74da3df1f7cc9fd132d,True,258,107,91,16,85.0,2.25,8973.87,9,1782064408623,1784533887017,28.6,2492.15,0.278,0.0,0,0.0,,False,False,False
0x27248b275cf67f689a0b0a83a91412f601333038,True,2000,944,367,577,38.9,1.06,1176.97,28,1781086328992,1788773948635,89.0,1507.39,1.281,10277.587937,6,1803.37,17.5,False,True,False
0x273ab8383dc1fc3a04132c5b97e18202a5f003b7,True,2000,901,616,285,68.4,0.5,-58814.12,2,1784567048356,1788411732773,44.5,-49302.0,0.838,0.0,0,0.0,,False,True,False
0x2759c9fd93e494c366e90eab777c7838de6da822,True,2000,1083,271,812,25.0,0.18,-130419.48,7,1773246864887,1788796743987,180.0,-12405.65,0.095,6636.492748,2,122.12,1.8,False,True,False
0x277a7f4c668e29cb37b655944dfd0679d2688e5d,True,2000,922,182,740,19.7,0.74,-28652.06,21,1774386488449,1787061345941,146.7,26141.32,0.912,0.0,0,0.0,,False,True,False
0x278c6a51c509d213b3772fbe09264c1c18da81f9,True,2000,924,612,312,66.2,0.78,-1574.24,41,1781764965087,1783224515353,16.9,-538.15,0.342,0.0,0,0.0,,False,True,False
0x279dbeaae93533a5c4607712b027b04aff62d625,True,2000,975,574,401,58.9,1.05,9229.46,2,1780673933807,1788529631018,90.9,-16008.4,1.734,723816.914827,1,-107681.98,-14.9,True,False,False
0x27ae2f1b8551a36048ec43edcbef703a935be025,True,309,109,77,32,70.6,5.74,11420.59,1,1778256545008,1781204666185,34.1,2369.05,0.207,0.0,0,0.0,,False,False,False
0x27bcf8047c6fda384f8a93a6e5a140b878fab691,True,2000,1037,418,619,40.3,0.27,-143021.26,6,1783143752931,1784419200030,14.8,-10048.32,0.07,0.0,0,0.0,,False,True,False
0x27d33e77c8e6335089f56e399bf706ae9ad402b9,True,2000,1031,144,887,14.0,0.27,-72777.65,5,1785867316745,1788342253492,28.6,-3542.2,0.049,1428189.223413,0,0.0,0.0,False,False,False
0x27dfc38fc1e68d104f5ca256f601e07bdc2fc1de,True,574,267,127,140,47.6,0.44,-18015.37,21,1758428902943,1787302758031,334.2,-7601.25,0.422,0.0,0,0.0,,False,True,False
0x27ee972fc58ff3cb086fc84b6a1a1950988249c5,True,635,322,206,116,64.0,1.3,2400.34,3,1779417127153,1779513536971,1.1,-753.71,0.314,0.0,0,0.0,,False,False,False
0x27fc33fde5012ecbc4a9323cca3f920b46f28823,True,885,490,189,301,38.6,1.4,4841.23,9,1782997338243,1785728160727,31.6,2126.84,0.439,0.0,0,0.0,,False,False,False
0x281354062fa932086890a6bbf7dff7d0a67d220f,True,2000,1201,1192,9,99.3,60.62,16688.22,10,1788287954312,1788801295859,5.9,959.41,0.057,6539.846423,2,-385.79,-5.9,True,True,False
0x28280399d9afd68a3555c65ca6a75a1bd55693a0,True,677,197,177,20,89.8,13.67,13131.42,5,1780825861609,1788781960775,92.1,2163.35,0.165,148868.704066,4,189674.81,127.4,False,True,False
0x283f535a8491758b013abd45b3984e4d0e442e0f,True,592,196,196,0,100.0,inf,80368.69,1,1777826961373,1778256630304,5.0,5981.44,0.074,0.0,0,0.0,,False,False,False
0x284a880dddb14de0e37e41111c1ec366ae36cdff,True,2000,749,338,411,45.1,0.25,-11349.53,5,1787305115889,1788434823314,13.1,-814.15,0.072,0.0,0,0.0,,False,False,False
0x2865682f9c1d16293371e371223b49be5fb7babb,True,1448,800,388,412,48.5,0.54,-23943.76,31,1760978982049,1788708811645,320.9,5143.69,0.215,1959.415594,1,246.11,12.6,False,True,False
0x28839a9fc4a6465000c5c5775983742545ce5ca5,True,2000,974,567,407,58.2,4.03,25593.56,33,1787536576965,1788798067011,14.6,3271.11,0.128,0.0,0,0.0,,False,True,False
0x289772c2de71136d32701258f4cf7df7f8493c5c,True,581,250,198,52,79.2,0.76,-13631.02,4,1775628950644,1787890074907,141.9,15357.29,1.127,0.0,0,0.0,,False,True,False
0x28aeeb67c9fb44f9c693011f6fc7df90b276bcb0,True,2000,974,660,314,67.8,1.2,15827.02,3,1780191563955,1782044172772,21.4,-5572.09,0.352,0.0,0,0.0,,False,False,False
0x28cab56685d713135f14928b67f9fd36acc9abf5,True,1561,771,505,266,65.5,1.71,7931.0,36,1779045450641,1788766397944,112.5,804.57,0.101,14568.354865,1,11767.02,80.8,False,True,False
0x28e11690033bc1a5cbdd2bd69ea108bfb18f74d4,True,336,155,83,72,53.5,0.38,-9391.18,5,1760985149683,1788764970651,321.5,-2018.42,0.215,0.0,0,0.0,,False,True,False
0x28f0233472b6a44e170e002a72845ca100be4a7e,True,2000,722,299,423,41.4,0.43,-4623.81,17,1787822706544,1788804140725,11.4,-1387.44,0.3,5203.998532,6,945.85,18.2,False,True,False
0x290827393fb650692f2d3e424d762b0ac102985e,True,2000,831,347,484,41.8,0.89,-2669.24,34,1785021224695,1788599771234,41.4,1488.79,0.558,2155.247899,2,162.07,7.5,False,True,False
0x2922b3dec7d51669033801153d57dbaaab35f226,True,2000,819,636,183,77.7,0.24,-5435.49,6,1787779573011,1788548277050,8.9,-1256.45,0.231,0.0,0,0.0,,False,True,False
0x2936321aeeea46f836b2b16351e33a28b2940569,True,369,177,81,96,45.8,0.81,-2671.16,7,1784705205271,1788578452997,44.8,2302.47,0.862,319.808584,1,55.93,17.5,False,True,False
0x294a7cb6239837be5a9d34d69fc79f637ac58130,True,2000,914,462,452,50.5,0.89,-317.53,29,1776078281783,1783027432424,80.4,579.16,1.824,0.008591,0,0.0,0.0,False,True,False
0x295feffd657ec69c24f79981780bffc603992379,True,1071,519,242,277,46.6,0.88,-198.88,15,1786668151794,1787685567286,11.8,-421.25,2.118,0.0,0,0.0,,False,True,False
0x2974e9fc90398407003d87daab9521355a821914,True,2000,1998,1909,89,95.5,49.27,12610.46,4,1778734815973,1778841629850,1.2,415.81,0.033,0.0,0,0.0,,False,False,False
0x2984794cbc5ac89dca755f481d9566a30b0325f9,True,2000,736,339,397,46.1,0.37,-13378.91,24,1776453376549,1788421514760,138.5,-1151.06,0.086,0.0,0,0.0,,False,True,False
0x29a7754c2ad54b63b9039139d3333e62d7abd3bc,True,214,115,108,7,93.9,43.96,10980.78,4,1780667818517,1786378666694,66.1,2458.03,0.224,0.0,0,0.0,,False,True,False
0x29b90dc82196abed9719351f640174173fbee8d3,True,653,200,97,103,48.5,2.01,14511.69,38,1707266446420,1774915200016,783.0,2680.02,0.185,0.0,0,0.0,,False,False,False
0x29c792a175627a15c60f5288e55d1cf7d95f2157,True,2000,782,398,384,50.9,0.83,-5620.85,9,1780426458262,1787584947542,82.9,2165.47,0.385,59464.831257,1,195456.91,328.7,False,False,False
0x29df25350db01d61f1dab71a4cfd75f9cf19042d,True,555,205,131,74,63.9,0.86,-1737.68,6,1783210706441,1788795913129,64.6,-4001.9,2.303,1505.652015,1,107.59,7.1,False,True,False
0x2a031724009a0752a33c68bbf69b79e361fa08cd,True,1907,1100,488,612,44.4,0.75,-3484.25,63,1711405675405,1788769608827,895.4,-1336.01,0.383,36.935341,1,-1.12,-3.0,False,True,False
0x2a165bcf4a725627a9669c7308dbdd64ddfd5d8a,True,455,189,71,118,37.6,1.0,2.98,2,1783358959508,1787158913093,44.0,4156.66,1394.564,15136.562388,1,-20092.92,-132.7,True,False,False
0x2a21cc5d8bcaa0d10078c99606b03ee46c58817d,True,2000,992,799,193,80.5,0.62,-19843.59,44,1772080835111,1787866868421,182.7,-15045.0,0.758,0.0,0,0.0,,False,True,False
0x2a324af4a3fb49f78af9610309ab9d9aba06024f,True,614,347,297,50,85.6,3.59,13406.27,3,1761060098514,1780572255114,225.8,-548.53,0.041,0.0,0,0.0,,False,False,False
0x2a4e320527ecce8d0e3d61d43ba98409f9429f53,True,2000,993,356,637,35.9,0.54,-11089.87,23,1780795335221,1788738485123,91.9,-4061.96,0.366,3893.708786,2,528.65,13.6,False,True,False
0x2a6b06c268bdc7b9736161c55362360bea241aed,True,2000,1488,726,762,48.8,0.52,-89.98,48,1788552681746,1788804199754,2.9,-12.91,0.144,49575.003658,0,0.0,0.0,False,True,False
0x2a89999c3bba5146b7f1977d70706f493e7560cd,True,2000,1020,802,218,78.6,3.47,30494.46,1,1787670457532,1788803510932,13.1,466.67,0.015,42484.827184,1,-2739.38,-6.4,True,True,False
0x2a964fc6685577d153d40a5dd1b051225fc04aad,True,2000,1387,1191,196,85.9,25.95,62757.6,23,1784577558118,1788755225446,48.4,3474.17,0.055,190816.176771,2,-2978.86,-1.6,False,True,False
0x2ab10c2c600d6a53a82cb59b8782e70cf4f7664c,True,774,353,268,85,75.9,0.99,-101.72,13,1777234158690,1784826138218,87.9,-3057.35,30.056,14850.020747,2,7192.19,48.4,False,True,False
0x2ac13306e068be86ebc51298acec35e4156f3267,True,1365,614,344,270,56.0,0.64,-5665.21,24,1784699055355,1788133158073,39.7,-1618.99,0.286,0.0,0,0.0,,False,True,False
0x2ad2465e8411db90c6c3a55e91e6031b7b848999,True,2000,1124,573,551,51.0,0.79,-84.38,54,1781755484917,1788744049820,80.9,-133.26,1.579,4.124324,1,-0.05,-1.2,False,True,False
0x2ae274a44894ec1e048515b1cea8e72bb77c52ba,True,2000,1695,1334,361,78.7,1.7,23386.57,32,1762229831094,1786333410657,279.0,-5654.18,0.242,0.002816,1,-0.0,-80.8,True,True,False
0x2b0784c18c4b03b05957af106637e2a54fa83bd3,True,2000,875,669,206,76.5,8.57,678.87,5,1779069468910,1784377441064,61.4,93.78,0.138,0.0,0,0.0,,False,False,False
0x2b248037aca14cb472bbfe2d8700a0f78a193b5c,True,2000,813,456,357,56.1,0.48,-1059.44,17,1769009985545,1785778078766,194.1,-759.69,0.717,0.0,0,0.0,,False,True,False
0x2b3c7ebef82e6e85794ab9a1a83aa9f5fc915931,True,577,185,181,4,97.8,3535.38,171098.29,2,1781478171596,1781615922806,1.6,35287.27,0.206,0.0,0,0.0,,False,False,False
0x2b5b5456e47e2d2a9907c4b52671b3133470d0f6,True,2000,973,610,363,62.7,4.59,34562.19,37,1777120026020,1788801080691,135.2,4882.3,0.141,4685.330931,1,7654.88,163.4,False,True,False
0x2b6d9eb0d6af0dea820f3439054d519e657686da,True,2000,1037,814,223,78.5,1.24,29325.79,89,1761159999787,1788466119453,316.0,-23701.6,0.808,31564.690088,4,-28027.7,-88.8,True,True,False
0x2b81ceb026946fb7cd225d759b811eb6e4a2d839,True,2000,1495,816,679,54.6,1.05,252.78,124,1784062722810,1784209950403,1.7,-202.64,0.802,0.0089,0,0.0,0.0,False,True,False
0x2b9b48bbdd8018396daad50364c467246db30d87,True,2000,715,408,307,57.1,2.78,23003.14,11,1774580848137,1788687540400,163.3,1405.47,0.061,15619.618166,5,6869.97,44.0,False,True,False
0x2babd229d4b35313112408a372e12cae4adc5498,True,2000,1013,288,725,28.4,0.94,-705.86,7,1746110171396,1787176074997,475.3,-1118.83,1.585,0.0,0,0.0,,False,False,False
0x2bd6745f4c7f91401611134b61b839ee2ebdb8d8,True,2000,1422,591,831,41.6,1.01,1479.04,8,1785559822676,1788796947963,37.5,4689.72,3.171,44922.703764,4,-86814.96,-193.3,True,False,False
0x2be81c3c28820ad7e97aee68c3dcff55f89cde2b,True,2000,942,697,245,74.0,0.64,-17566.22,21,1783895050222,1788797622486,56.7,-25131.67,1.431,19926.848541,4,-664.99,-3.3,False,True,False
0x2bf8f06adc558fb713fa2ccc221c9bcc72dbf75d,True,2000,1039,646,393,62.2,2.95,45183.15,5,1788525836321,1788801350851,3.2,3012.47,0.067,48785.630626,1,-974.86,-2.0,False,False,False
0x2c229d22b100a7beb69122eed721cee9b24011dd,True,2000,1370,823,547,60.1,2.84,21158.01,36,1761136808803,1788297129913,314.4,2550.27,0.121,0.0,0,0.0,,False,False,False
0x2c3ebd6a6fa10d36fefab5caa1bebabb943d0277,True,2000,885,436,449,49.3,0.28,-31091.52,10,1758673867470,1778718375688,232.0,-6216.59,0.2,0.0,0,0.0,,False,True,False
0x2c601bdb570c2e9a56436d4903d5e5dfa2310078,True,2000,962,440,522,45.7,1.15,3094.19,36,1773902594061,1788804059769,172.5,-3094.24,1.0,78.946365,2,-11.85,-15.0,True,True,False
0x2c7df13b4df32c9ddb9ed2816192f154e9b4bc6e,True,401,200,152,48,76.0,0.33,-15903.62,4,1780594995923,1785255417515,53.9,3091.9,0.194,89559.461489,1,41575.31,46.4,False,False,False
0x2c9bddd4cb59b6dd9118edf411c792b408f31e90,True,1061,538,306,232,56.9,3.89,147003.14,13,1734122232988,1788523337118,629.6,-18272.75,0.124,0.0,0,0.0,,False,True,False
0x2ca69ddf1b3a838c1d37c4a55a4ab3ce4247e315,True,2000,1081,473,608,43.8,1.13,42383.03,14,1750317749067,1788787016406,445.2,-126189.72,2.977,64228.936586,1,-8375.72,-13.0,True,False,False
0x2cba13a3992a4fea9ba358438195283f29a4c811,True,652,357,246,111,68.9,2.07,9319.07,4,1775132331969,1780416264473,61.2,3249.45,0.349,0.0,0,0.0,,False,True,False
0x2ccd6f5b1604625c0eadf2a8fbd3be058807f0a5,True,1686,803,429,374,53.4,1.16,5905.39,20,1770727218990,1785080318475,166.1,-6756.7,1.144,0.0,0,0.0,,False,False,False
0x2ce2582ab45f11c494b06809769e9d67343db534,True,221,118,114,4,96.6,2.65,1405.33,4,1764091802590,1787544857744,271.4,-754.69,0.537,0.0,0,0.0,,False,False,False
0x2cf23668b7e802d3ec848820c1ec8883ad59fa03,True,2000,975,448,527,45.9,0.86,-2578.15,30,1783351420559,1787335340040,46.1,-1010.69,0.392,5062.706608,0,0.0,0.0,False,True,False
0x2d0710b2e11848a40e2dd141b8942508d43e4291,True,711,276,124,152,44.9,1.71,5244.62,9,1773670746058,1781902734563,95.3,2357.05,0.449,0.0,0,0.0,,False,False,False
0x2d1d925f7144a3dd56913eb4bbd011b52dc2a2f3,True,2000,879,420,459,47.8,0.79,-7819.77,15,1764341301794,1784504276143,233.4,14084.66,1.801,0.0,0,0.0,,False,True,False
0x2d2ecb29fdfaef644e55f2192cadcbcd8e983947,True,1411,541,445,96,82.3,4.03,25398.63,12,1755454231838,1788612408518,383.8,4046.46,0.159,0.0,0,0.0,,False,True,False
0x2d4bfb662d994ee0b0dc173197594c9dad3b1aa2,True,881,342,129,213,37.7,0.6,-10372.87,15,1771013873638,1787851697022,194.9,-7779.24,0.75,0.0,0,0.0,,False,True,False
0x2d5d434ee6e9b832680d91d2e1ef063ba532b853,True,2000,1213,151,1062,12.4,0.07,-53526.28,2,1787157387580,1788662078763,17.4,-5646.21,0.105,0.0,0,0.0,,False,True,False
0x2d6bbdf3d7fc23ecfd4bb2f0378ad2a07de557cc,True,380,154,94,60,61.0,2.34,3686.72,7,1780722886758,1787324469345,76.4,1673.21,0.454,0.0,0,0.0,,False,False,False
0x2d891ef03177dd17372c5efecbd80f301d96436b,True,2000,647,401,246,62.0,0.03,-1300187.07,3,1783865376267,1787213460001,38.8,-197220.94,0.152,1047708.800015,1,-543934.55,-51.9,True,False,False
0x2da0f20d26d1718238eb656dff2dcc4c12b8593b,True,1796,800,278,522,34.8,1.12,7603.73,12,1759784821009,1774606474171,171.5,11209.88,1.474,0.0,0,0.0,,False,True,True
0x2db736b3f64ef70b72608d5e8d6d9b49868c8538,True,1314,675,289,386,42.8,3.37,12804.54,16,1737281523649,1786262705877,566.9,9373.12,0.732,0.0,0,0.0,,False,True,True
0x2dde8c9b7fd681b0af29975e6e2e7ca2c934958c,True,2000,1209,662,547,54.8,1.17,333.07,1,1788528692040,1788804154892,3.2,30.31,0.091,8084.650605,1,0.7,0.0,False,True,False
0x2df4c66235ba09f6ddd27c188b400b40bae41c4c,True,2000,928,439,489,47.3,0.42,-10036.9,19,1783372175202,1787571316632,48.6,-810.29,0.081,0.0,0,0.0,,False,True,False
0x2e0cb0925b044819190c9e7b5ceb920019115bf5,True,355,213,132,81,62.0,0.36,-3148.89,1,1780557349006,1784904519524,50.3,-2494.09,0.792,0.0,0,0.0,,False,False,False
0x2e2b6070bec9be9f50887cfe306ac6ca93002fab,True,2000,1717,130,1587,7.6,0.0,-8659839.8,10,1743961341641,1788720163032,518.0,-123544.58,0.014,1473607.289093,3,248737.61,16.9,False,True,False
0x2e3cd8e861d413ef50896552850f601ba4d62379,True,2000,870,206,664,23.7,0.17,-9712.97,8,1787346196777,1788802890490,16.9,-1660.71,0.171,10.710066,1,-0.01,-0.1,False,True,False
0x2e4835ededdba96afcaec71529fe18aadd514650,True,2000,1087,562,525,51.7,1.54,7068.08,12,1779786920238,1788772578867,104.0,-874.2,0.124,2901.07258,10,1478.32,51.0,False,False,False
0x2e5f520e37c08172cd2dc65e3c7bc7d8aa9c97af,True,909,405,228,177,56.3,1.51,2730.89,27,1775856585403,1788795192605,149.8,425.91,0.156,0.0,0,0.0,,False,True,False
0x2e891a7dbe5ed9790c26ea0ac03ae10f7200726b,True,2000,645,341,304,52.9,0.49,-17410.83,42,1712892936593,1776322262376,734.1,2232.12,0.128,0.0,0,0.0,,False,True,False
0x2e98139ee721c7fde7871d55419411412a723b87,True,2000,1021,679,342,66.5,0.36,-28769.34,21,1761316628972,1788538939588,315.1,-5412.17,0.188,0.0,0,0.0,,False,True,False
0x2eaca7c0b93064c8f5c9c67cd2415cf68724bcef,True,2000,1003,236,767,23.5,0.13,-50122.12,37,1788529414778,1788793463157,3.1,-3315.6,0.066,0.0,0,0.0,,False,False,False
0x2eb8c229ce300c62cff29a2821a20a3ea6c6fd95,True,2000,1244,627,617,50.4,4.63,49873.13,14,1787460570751,1788566393536,12.8,3386.67,0.068,0.0,0,0.0,,False,False,False
0x2ed0c557a2cdfe3f69768fc6ec037fb77c13093c,True,2000,1406,460,946,32.7,0.26,-30541.05,49,1788539648671,1788802163409,3.0,-352.9,0.012,276090.125014,57,-90005.08,-32.6,True,False,False
0x2ee92c196d63f2313a52c4bb48f427361460636b,True,2000,890,496,394,55.7,1.54,21642.22,7,1764161365864,1788525102409,282.0,7385.04,0.341,0.0,0,0.0,,False,True,False
0x2f01afc9f9437c4fcb8f2e8612c57bf522bcc81d,True,1168,551,536,15,97.3,189.15,998788.86,3,1759168061296,1782898792177,274.7,54762.78,0.055,0.0,0,0.0,,False,True,True
0x2f13623b58a3099d40764a459d2c86607cce5f08,True,684,377,246,131,65.3,1.11,308.23,15,1782743365035,1783814315179,12.4,-586.75,1.904,0.0,0,0.0,,False,True,False
0x2f2f665974261c4129b1dc6c359bd259cd66f78a,True,623,284,198,86,69.7,1.83,2496.95,42,1711536188992,1787529600082,879.6,790.24,0.316,0.0,0,0.0,,False,True,False
0x2f463642fa60cb1f1fd1c57af25b34b7a9a99586,True,2000,1048,509,539,48.6,7.19,96202.55,17,1786605653823,1788791492772,25.3,24471.03,0.254,17964.243578,2,-6227.46,-34.7,True,True,False
0x2f620ce868217af31b828c6f07203107ef0aed06,True,2000,658,409,249,62.2,0.92,-2988.71,22,1770695978717,1788729414629,208.7,-2779.1,0.93,6652.452848,1,6744.67,101.4,False,True,False
0x2f79e7993359e37091f8298c9706c75243da65a5,True,2000,787,428,359,54.4,0.52,-15734.94,39,1777432723138,1787374245277,115.1,-3857.07,0.245,0.0,0,0.0,,False,True,False
0x2f9b7c756b3fdf6bd292bc0e912ab0718873aa60,True,2000,954,527,427,55.2,0.73,-4505.71,65,1776756316907,1788710296609,138.4,-2804.94,0.623,2151.292086,1,-229.3,-10.7,True,False,False
0x2fa37cb96c19e9b1f9ad060aed00c0cfc727ae39,True,751,348,114,234,32.8,1.16,1205.71,16,1777909361672,1788243612585,119.6,1646.09,1.365,10172.25802,2,15901.84,156.3,False,False,False
0x2fb77bbac1a980e2e1a0bc3bafc0f50f06688f82,True,2000,976,446,530,45.7,1.01,362.69,9,1780446054607,1788744149493,96.0,2567.94,7.08,3654.241971,2,4855.9,132.9,False,False,False
0x2fd00440cb2d591c2a67663b5abbfc6775b2f30f,True,2000,1356,1109,247,81.8,8.45,118488.13,7,1778141508863,1779981265459,21.3,1220.5,0.01,0.0,0,0.0,,False,False,False
0x2fe4f8976c01c51b9aa732f15660fac18953f586,True,470,245,136,109,55.5,2.0,2007.84,14,1784436038244,1785499927980,12.3,1263.23,0.629,0.0,0,0.0,,False,False,False
0x2ff2944a3bbf6e79848facaeddb2d986773dfaed,True,2000,674,219,455,32.5,0.59,-2150.96,18,1788496465922,1788804479160,3.6,199.26,0.093,211261.807197,57,-103583.24,-49.0,True,False,False
0x30154567d96eaca13f0bd1a4150ed938f05b507c,True,2000,830,657,173,79.2,13.63,38689.59,3,1788278641180,1788793884672,6.0,4260.58,0.11,61412.634672,3,-11221.94,-18.3,True,False,False
0x30241af95760810c72739cd7bd1347d6ff01c81c,True,857,356,44,312,12.4,0.19,-10874.41,3,1787272663928,1787315907253,0.5,-1536.09,0.141,0.0,0,0.0,,False,False,False
0x303c262eb7c1df53d160c0c6665d6128958ae179,True,653,278,138,140,49.6,0.76,-988.52,5,1773411584316,1777169841652,43.5,-634.92,0.642,0.008243,0,0.0,0.0,False,True,False
0x304e1e6202237490c0846432ecef02d0e366caba,True,335,169,73,96,43.2,0.58,-2960.53,9,1772635026848,1784246400018,134.4,-1403.57,0.474,0.0,0,0.0,,False,False,False
0x305ed2a9f09e34ac55a6759d159affeb3cd6594a,True,354,235,88,147,37.4,0.36,-6964.57,10,1770139148468,1782395740007,141.9,-7050.3,1.012,0.0,0,0.0,,False,True,False
0x308040f38ed1141c24f93b4d4a16f9f26f70a2f0,True,2000,767,417,350,54.4,0.96,-2023.44,28,1780704663524,1783463528367,31.9,-9554.53,4.722,0.0,0,0.0,,False,False,False
0x3099996c5ec729e61b538c3ca294f15fd8249027,True,2000,889,550,339,61.9,2.46,15058.18,14,1787864794171,1788801451077,10.8,2407.78,0.16,17947.600271,1,-262.26,-1.5,False,False,False
0x30ac99ea24305a10af6cb788782d809383a5d97f,True,1909,722,413,309,57.2,1.76,19824.26,2,1785201215738,1785460266458,3.0,-4689.51,0.237,0.0,0,0.0,,False,True,False
0x30b6ed14334cdd8c3d73253c13f797d29c3a5e39,True,2000,1026,489,537,47.7,0.35,-38174.89,17,1783000596994,1788775306964,66.8,-6381.35,0.167,4765.318717,2,-126.41,-2.7,False,False,False
0x30c5f2cc7a99b578e35d2d94e7c21a17d9f969cc,True,2000,1030,380,650,36.9,0.96,-56.68,52,1784622720204,1788776175929,48.1,57.48,1.014,15378.481943,50,915.88,6.0,False,True,False
0x30d2422a35373c4dc2ecb583def3e3ff8529a123,True,866,471,85,386,18.0,0.09,-6996.41,8,1787752794470,1788792723795,12.0,-469.9,0.067,0.0,0,0.0,,False,False,False
0x30dd72a505558a610fd5263b4b447c720260a57e,True,447,194,76,118,39.2,1.28,717.1,2,1778600127473,1788523229727,114.9,627.42,0.875,5738.774441,1,131.33,2.3,False,False,False
0x30f58e4036cafb8609193a6d17baffe29cdfc7c9,True,2000,836,472,364,56.5,1.16,3128.06,147,1778614965822,1788790231035,117.8,-2296.36,0.734,0.0,0,0.0,,False,True,False
0x3113feba3d9540add64dbe0034df4480be61e845,True,2000,876,538,338,61.4,0.7,-3157.47,14,1782312174615,1786011338641,42.8,-990.8,0.314,0.0,0,0.0,,False,False,False
0x3124fc99fb42e80663733082ac73a83a1dd5b7df,True,677,274,182,92,66.4,4.59,14066.27,28,1762855061468,1788687870961,299.0,2654.04,0.189,21590.156443,5,-4750.69,-22.0,True,False,False
0x314ab4bb40d30dabc4f149a70a5289e056e90dcd,True,2000,1019,501,518,49.2,0.72,-17457.86,20,1779428791075,1785820380203,74.0,-2923.18,0.167,0.0,0,0.0,,False,True,False
0x31628a6ae4aa04facccb7d5aabe6a84fe0c37522,True,1025,400,186,214,46.5,0.22,-8604.75,28,1781123238736,1785327228288,48.7,-547.24,0.064,0.0,0,0.0,,False,True,False
0x31927c087cb3f5a35c5be69621a3d00a932d4e9a,True,1893,939,446,493,47.5,2.69,9273.0,86,1752288083078,1787672017809,409.5,1807.32,0.195,0.0,0,0.0,,False,True,False
0x31b0e8d8936a740dd7e330c49ecd5a5d56dc2e1e,True,224,38,31,7,81.6,2.29,96.8,15,1764232604121,1783481487034,222.8,68.85,0.711,0.0,0,0.0,,False,False,False
0x31ca8395cf837de08b24da3f660e77761dfb974b,True,2000,1035,522,513,50.4,0.53,-376.32,170,1788804151517,1788804947514,0.0,-41.97,0.112,3056180.418133,176,-3613.79,-0.1,False,False,False
0x31de5733b54abd2d186f1f5511a777dc2223a8f1,True,2000,1041,628,413,60.3,0.1,-378713.79,12,1785421588571,1788429411448,34.8,-41113.78,0.109,0.0,0,0.0,,False,True,False
0x31f0ed3135a26b142f58354011fdaf30766f4205,True,2000,952,329,623,34.6,0.38,-55210.11,6,1781732715630,1786665600060,57.1,-10304.75,0.187,0.0,0,0.0,,False,False,False
0x31fe86dadaf5fe01b3a411770338e09ef49553ba,True,2000,631,5,626,0.8,0.0,-40510.16,10,1788336255856,1788801331714,5.4,-5785.03,0.143,153037.579302,3,126225.51,82.5,False,True,False
0x321f7193eadbacb67eff00f76b975a487e5b1c84,True,2000,1098,290,808,26.4,0.28,-280828.63,8,1785474465739,1788759397667,38.0,-12336.11,0.044,78138.946368,3,-9553.66,-12.2,True,True,False
0x323bb175aed2c682653eca10ea5c4eced5061e68,True,116,61,56,5,91.8,92.16,19587.47,1,1775274391303,1775610732054,3.9,1912.38,0.098,0.0,0,0.0,,False,False,False
0x32536c98f7fd6b47637452275a2297abcc4ff6ee,True,2000,816,543,273,66.5,1.45,11739.44,33,1770075380446,1787928134431,206.6,-5131.63,0.437,0.0,0,0.0,,False,False,False
0x3262eb301887933f28f45ecf2e3d8375e46a2f37,True,2000,1294,829,465,64.1,0.5,-4842.13,11,1776493550598,1779519156246,35.0,-1131.22,0.234,0.0,0,0.0,,False,True,False
0x327ad5362d28b9b95697832f46d3a94ff47470ea,True,2000,856,126,730,14.7,0.83,-760.0,7,1778541576478,1781570989816,35.1,1015.84,1.337,0.0,0,0.0,,False,False,False
0x328de9715141a00b613697cd4ec1b78afeaaaa38,True,191,76,34,42,44.7,0.53,-1313.06,4,1783983932116,1784311983860,3.8,-1077.16,0.82,0.0,0,0.0,,False,True,False
0x329a9e5b117e83d695565a8177c27fd94352a53b,True,2000,873,224,649,25.7,1.08,3187.15,69,1711641278301,1777383844473,760.9,3868.81,1.214,0.0,0,0.0,,False,True,False
0x32a8aad98a2388f20d63e4d4a15eefdf40e5d5a9,True,2000,905,447,458,49.4,1.51,2014.5,32,1778842966237,1788761325654,114.8,359.24,0.178,761.26556,1,50.88,6.7,False,True,False
0x32c69da9da9b1cfc7e3d87c68f401885bef705ca,True,2000,998,312,686,31.3,4.49,25818.74,47,1779317530005,1788603718742,107.5,1841.53,0.071,5065.260968,4,1866.16,36.8,False,False,False
0x32e4443f707e32a6d90587ff2331bc02964ac2e6,True,2000,267,134,133,50.2,38.41,38140.17,7,1779389024317,1779667200025,3.2,4316.15,0.113,0.0,0,0.0,,False,False,False
0x32fe449e3d3578b7871e38c331afb4d3461a07ae,True,2000,1047,489,558,46.7,0.85,-5844.66,37,1772807925874,1788509064203,181.7,-6342.77,1.085,0.0,0,0.0,,False,True,False
0x33181fda5cdfe14d3d972e66599f1183aaad6585,True,2000,1074,396,678,36.9,0.21,-38720.32,5,1758606413522,1781459164658,264.5,-12864.29,0.332,0.0,0,0.0,,False,True,False
0x3336c81c0bd165c44e91fe9bcceb939f26a3ec70,True,2000,772,283,489,36.7,0.47,-57888.36,4,1777878014229,1778075641154,2.3,-19626.86,0.339,0.0,0,0.0,,False,False,False
0x33494b01bec412fce3b79dcea0d3b2c59f2be7b1,True,2000,938,312,626,33.3,0.8,-3854.4,17,1779293816016,1788618098474,107.9,1336.68,0.347,5993.175392,1,1067.74,17.8,False,True,False
0x3363a51539877cd5b741446a5c1f2f209b79b77b,True,757,338,164,174,48.5,0.16,-10999.33,10,1747435703822,1787295779631,461.3,-868.24,0.079,683.602075,1,-540.11,-79.0,True,True,False
0x33728d51552cd4ef9a07529c414166d0f296672f,True,2000,1223,150,1073,12.3,0.1,-32739.83,10,1780573252111,1787276851374,77.6,-2235.84,0.068,0.0,0,0.0,,False,False,False
0x3383cdc84707b565686bfcf93e883fe66659d4fb,True,2000,994,513,481,51.6,0.68,-3986.86,19,1784561409211,1788465974880,45.2,-1127.37,0.283,0.0,0,0.0,,False,False,False
0x339944abe7045835aeb68142d1b17944270eb323,True,2000,1449,951,498,65.6,3.1,5025.46,51,1785362448377,1788798523413,39.8,299.02,0.06,0.0,0,0.0,,False,True,False
0x33aa9daac0cf59b34a1d4cf9175491b4bcbd98f2,True,2000,949,553,396,58.3,0.35,-15037.67,41,1773433635568,1788785174784,177.7,-1504.95,0.1,982.73,1,-988.25,-100.6,True,True,False
0x33bb34f1bb531b076a5277afbb1348fd4294f22b,True,681,299,132,167,44.1,0.58,-6563.19,11,1767658777098,1787876788116,234.0,-1277.73,0.195,0.0,0,0.0,,False,False,False
0x33d730566fb2aeb4d93db15fcca7fd980cc53bad,True,2000,1313,587,726,44.7,0.78,-7388.77,30,1770665301826,1788738368394,209.2,-1631.22,0.221,14332.993853,2,-588.88,-4.1,False,True,False
0x33f9109a340ef486d4998a875aa180d5600636c0,True,2000,1178,0,1178,0.0,0.0,-18681.54,1,1786179659923,1786475333715,3.4,-584.75,0.031,0.0,0,0.0,,False,False,False
0x340a3094e494b6fb817ed4c12d93c0d9f337dd2a,True,979,413,165,248,40.0,1.34,7870.02,24,1770240810406,1788763032528,214.4,3123.01,0.397,0.0,0,0.0,,False,True,False
0x3433b1e7c8bbf41bc1541c77a4578f6da6310c4b,True,2000,1020,526,494,51.6,0.73,-2274.18,33,1775262263526,1786318043066,128.0,-389.03,0.171,0.0,0,0.0,,False,False,False
0x344668ffdb8851cbcadf63e6bfecf37569696a42,True,1943,899,409,490,45.5,0.94,-2680.85,65,1746226661595,1788562211536,490.0,-3738.96,1.395,0.0,0,0.0,,False,True,False
0x34667f438ce1f2b4f3616864130ddc5195dbab16,True,2000,1103,570,533,51.7,0.99,-85.13,17,1773295929121,1788792886137,179.4,-783.36,9.202,3894.75641,1,-969.25,-24.9,True,True,False
0x347b7c2e00bdfebd26db08b3f4e79f6924251c76,True,2000,999,365,634,36.5,1.53,17980.37,33,1746965590489,1781621946581,401.1,-5141.9,0.286,0.0,0,0.0,,False,True,False
0x34875bbf84982f6f430d2079af8869231d9d0765,True,2000,888,586,302,66.0,0.19,-137054.74,3,1784452779104,1786700519321,26.0,-89438.29,0.653,0.0,0,0.0,,False,True,False
0x3496c0ba49daa5e811c72cc451a7279b213f737a,True,1447,714,280,434,39.2,0.53,-22761.55,55,1745726483177,1787534178302,483.9,4217.56,0.185,25249.333285,4,5238.58,20.7,False,False,False
0x34af34aafb7988121703f42c5af7aa4d4bbf6cba,True,1464,617,289,328,46.8,0.65,-36772.54,13,1739896044119,1785246371749,524.9,-19389.67,0.527,0.0,0,0.0,,False,True,False
0x34cdc776b2b397b7b67d3592cbcf61af39e8faf2,True,2000,915,633,282,69.2,2.2,18324.35,4,1745342878636,1788583821026,500.5,1586.27,0.087,1987.659131,1,-13.88,-0.7,False,True,False
0x34d8900f7fd420ea84511452f315212428757c8f,True,824,336,175,161,52.1,0.76,-7100.92,4,1773832315915,1782498366020,100.3,-5169.9,0.728,0.0,0,0.0,,False,True,False
0x34f811f4321c3bd8abda90229aac0193cc76c1f3,True,1863,714,383,331,53.6,0.94,-2763.96,5,1772447724184,1787283111785,171.7,6090.48,2.204,0.0,0,0.0,,False,False,False
0x351126a070c9cadef8064ddd7b2d289fc33163aa,True,2000,1192,529,663,44.4,1.7,1473.6,1,1788761519647,1788805142061,0.5,203.58,0.138,42326.599497,1,3.82,0.0,False,True,False
0x35335c93988ac9dd0afc17bee74f9f823c5aa2f0,True,2000,1074,818,256,76.2,1.72,27165.22,2,1778075160846,1788525680413,121.0,3064.8,0.113,9762.459532,1,-2325.03,-23.8,True,True,False
0x3545e08b3113ab6557d1b7789c3f2cbe9af6512e,True,2000,916,532,384,58.1,0.63,-5927.29,19,1771616884699,1788804122391,198.9,-5225.54,0.882,7.523018,1,3.6,47.8,False,True,False
0x355463aec046c9256831389233fe3c9db03124f9,True,2000,973,704,269,72.4,1.19,3069.9,79,1781920569207,1788795625075,79.6,-1527.8,0.498,4346.071731,1,108.25,2.5,False,True,False
0x357964620189ed90974a4048bb050e7398721e2f,True,2000,1082,70,1012,6.5,0.01,-24973.42,4,1788722077513,1788786508440,0.7,-2339.67,0.094,56922.834926,1,12658.18,22.2,False,False,False
0x35868078c9bfc00b1e12e582b8f064b0900a3dcf,True,2000,1086,561,525,51.7,0.48,-50653.27,9,1776783055885,1778770324147,23.0,-14776.48,0.292,0.0,0,0.0,,False,False,False
0x3598d6687edc05994d5882fd94970817567ea6d2,True,1065,524,470,54,89.7,1.7,40195.21,6,1754073171959,1787298898004,384.6,-13212.25,0.329,5002.336364,1,857.98,17.2,False,True,False
0x35a6c3ff826406fb7a060c6a1f4896b910680ceb,True,2000,1019,803,216,78.8,2.14,16403.48,32,1770758118580,1788794782180,208.8,-2473.85,0.151,0.0,0,0.0,,False,False,False
0x35c10116bf2221bf3c1814cb6c69d819f79dd2d2,True,2000,983,497,486,50.6,1.09,4072.09,13,1758417576851,1788048000065,342.9,1949.23,0.479,0.0,0,0.0,,False,True,False
0x35cd25c7db79262c230c0ab93aca9ed2001fb389,True,1645,765,369,396,48.2,0.28,-35138.81,51,1705126270087,1787788800012,956.7,-10742.13,0.306,0.0,0,0.0,,False,True,False
0x35e92d92c065a4da8080806b52927f16e6829122,True,2000,969,769,200,79.4,1.08,199.4,1,1781013865972,1788796837022,90.1,-90.69,0.455,200.774538,1,-8.09,-4.0,False,True,False
0x36076e4bfad9624d7feba562326fdfa2063ede23,True,2000,1022,639,383,62.5,0.25,-13320.39,7,1788660434617,1788801118404,1.6,-7394.41,0.555,136906.394966,4,13821.82,10.1,False,True,False
0x3616602cb2b8a926aa9aeae9821cb21f3b0d4419,True,2000,941,541,400,57.5,0.91,-9006.99,13,1775526800382,1788513467551,150.3,-16515.46,1.834,201353.16784,1,-8050.3,-4.0,False,False,False
0x362c5006ed0a405c35df4a138cb38d891f1a1a20,True,2000,1034,511,523,49.4,1.04,141.61,1,1788289484968,1788799520368,5.9,303.56,2.144,5163.542885,1,-140.4,-2.7,False,True,False
0x363b5135074bf93f7942c7c5f629230b18efad55,True,2000,1270,485,785,38.2,0.58,-39293.32,13,1765298298387,1787977354634,262.5,-7513.66,0.191,29016.933439,2,-30537.55,-105.2,True,True,False
0x366111e373f90bb43fa9d95d5011c26d502615cd,True,72,20,20,0,100.0,inf,19151.43,2,1759957300295,1782864761850,265.1,5545.75,0.29,0.0,0,0.0,,False,False,False
0x367b98f500b7db1da1c9b1e7c2338f830823c097,True,920,287,132,155,46.0,7.03,144966.81,6,1735714049949,1787153542853,595.4,23551.32,0.162,123653.601051,3,49241.89,39.8,False,True,False
0x3697aa1d89aac1705931133b860b1ba5d86db2ee,True,1079,519,362,157,69.7,1.02,51.7,47,1781254826114,1788558795214,84.5,-645.27,12.481,0.002814,0,0.0,0.0,False,True,False
0x36b78fd216fd00c983330a635abfc0cbbf7a07d0,True,2000,921,514,407,55.8,2.05,13623.0,29,1765654861980,1788701604976,266.7,1986.01,0.146,0.0,0,0.0,,False,True,False
0x36d02ca067dfd214418045842cf0d038811ce223,True,120,52,52,0,100.0,inf,8168.87,1,1785148463714,1785256201557,1.2,1617.22,0.198,0.0,0,0.0,,False,True,False
0x36eb52df2dede2fd9f5c6781a88dc47d7f393bc0,True,1440,629,294,335,46.7,0.91,-356.35,2,1782604332847,1787624278828,58.1,442.45,1.242,0.0,0,0.0,,False,True,False
0x36f336c0b29ff5acc3a4558bb8486b25b41b8033,True,2000,1263,564,699,44.7,3.87,637555.37,4,1742349918893,1787270400024,519.9,-21209.63,0.033,0.0,0,0.0,,False,False,False
0x3701c580bc6e462cdff3ddc2d7a0b3ada4815f5b,True,51,33,32,1,97.0,8319.04,664.78,2,1775571362073,1780365876651,55.5,336.42,0.506,0.0,0,0.0,,False,True,False
0x370f8582678412a69353cfcbf0a7236d79b0bbdb,True,681,400,135,265,33.8,1.25,4420.84,3,1774714233687,1784221166824,110.0,3855.86,0.872,0.0,0,0.0,,False,False,False
0x373ae9b761d663beb1bd7abef4cb33d5ce3dcdf7,True,1874,937,273,664,29.1,0.61,-38744.92,8,1755287488870,1788783040621,387.7,-19190.35,0.495,0.0,0,0.0,,False,True,False
0x374994553a9df6228977794176a3bbff624e01c6,True,2000,1006,502,504,49.9,1.0,180.93,25,1712554802067,1775464601246,728.1,-8929.7,49.354,7523.422873,4,12501.29,166.2,False,True,True
0x376bac4706091c24e9a828ec0e62c0498bac8e07,True,2000,1113,974,139,87.5,3.1,10756.39,18,1783902629822,1788788265420,56.5,3593.99,0.334,0.0,0,0.0,,False,True,False
0x378bfe39bcb271136bd70ee32e2531a486f18012,True,2000,1301,1203,98,92.5,45.04,350742.61,19,1778346938926,1787356800028,104.3,13574.26,0.039,0.0,0,0.0,,False,False,False
0x37a45adbb275d5d3f8100f4cf16977cd4b0f9fb7,True,2000,1067,775,292,72.6,2.34,44489.69,19,1763828186939,1788698065653,287.8,4779.85,0.107,0.0,0,0.0,,False,True,False
0x37c26d9ae358b99593713a824d440942ab2c9a53,True,2000,1180,810,370,68.6,2.24,24815.31,10,1779788564158,1788642684047,102.5,-3478.14,0.14,56760.201046,1,20483.9,36.1,False,True,False
0x37dc52fcaf92a7d8db1edb35b875938f6042f6bd,True,568,271,202,69,74.5,1.72,1379.94,9,1760282312057,1787821570400,318.7,749.53,0.543,0.0,0,0.0,,False,True,False
0x37efb95554e976159485d207f64b082064d7ea30,True,599,187,167,20,89.3,119.51,9271.96,7,1758393769264,1788803649190,352.0,1089.83,0.118,0.0,0,0.0,,False,True,False
0x38168d9bafac5f8fbf0bae0caef58cdbae167458,True,2000,1021,495,526,48.5,1.41,1341.22,53,1780647571552,1787365925412,77.8,148.76,0.111,45289.989084,50,1855.18,4.1,False,True,False
0x382c81d466b4bcf875a7f55a5fc8d1efd7261b6a,True,2000,1013,472,541,46.6,2.2,1409.27,55,1767861134402,1776346063854,98.2,76.68,0.054,0.0,0,0.0,,False,True,False
0x383a4dd8e58c672452ae712a4374efbd41314513,True,703,273,172,101,63.0,0.82,-405.19,30,1740394398427,1788788185687,560.1,-1258.08,3.105,0.0,0,0.0,,False,True,False
0x385428cd9da2aa94d2aab39f5035990718e18f85,True,162,78,25,53,32.1,1.08,1450.44,4,1779435451361,1787297086203,91.0,-3883.91,2.678,44271.658233,1,-41038.17,-92.7,True,False,False
0x387857776dddf54d26af33633747098d0eb41315,True,329,183,46,137,25.1,0.35,-9565.27,9,1775240680424,1788480683433,153.2,-1632.02,0.171,2276.71313,1,397.9,17.5,False,True,False
0x3893ad86b711ee70e8931640f1a4f6b2039374e0,True,2000,1579,754,825,47.8,0.78,-13157.38,2,1788563200890,1788751918303,2.2,-1283.08,0.098,0.0,0,0.0,,False,False,False
0x38bc768c82a147dd38549c42c514346fbfa1c7ed,True,2000,914,798,116,87.3,45.47,140278.77,15,1784528432943,1788692741320,48.2,10523.74,0.075,0.0,0,0.0,,False,False,False
0x38d174a35a4a3418f8d76d2381a414cee8169da5,True,846,406,342,64,84.2,3.74,50203.46,12,1761041040786,1787870377963,310.5,7080.16,0.141,0.0,0,0.0,,False,True,False
0x38e5a93450fdfc99cf0502ab20329a16a65a599e,True,2000,1371,757,614,55.2,5.11,54995.66,5,1784312591098,1788445014715,47.8,5931.42,0.108,0.0,0,0.0,,False,False,False
0x38f4021fe5ae30a158b9bdbd79c803ee5e34c953,True,112,93,85,8,91.4,38.77,734.53,1,1775025877514,1778453750260,39.7,215.72,0.294,0.0,0,0.0,,False,False,False
0x38fc452ff3609e87ebe7f16426b0d92fdd1a9881,True,2000,967,379,588,39.2,0.76,-15522.34,6,1762885558497,1788656321377,298.3,14641.37,0.943,0.0,0,0.0,,False,False,False
0x390b265ac0e3edd34032968456edba5c99dd83e1,True,334,145,56,89,38.6,0.15,-3233.13,4,1787270244635,1787617022931,4.0,-1791.02,0.554,0.0,0,0.0,,False,False,False
0x391d8af8f763394d74d329fdfd7138960b5e74c1,True,2000,933,385,548,41.3,1.24,2946.84,34,1766705395290,1788804901904,255.8,2709.79,0.92,0.0,0,0.0,,False,True,False
0x392de3ece70f60801a72750614e6dd41c93114aa,True,914,488,239,249,49.0,1.35,2796.73,35,1771443061171,1779996804669,99.0,535.66,0.192,0.0,0,0.0,,False,True,False
0x394465710bb00175fc84c9a5b689497a78046762,True,825,358,195,163,54.5,0.56,-16112.44,5,1774364095416,1781279219147,80.0,-6146.06,0.381,0.0,0,0.0,,False,True,False
0x39648a53d5476e5447403317f75ecacc916a2a07,True,401,211,37,174,17.5,0.0,-6855.38,5,1784371073875,1785369600016,11.6,-2217.51,0.323,0.0,0,0.0,,False,False,False
0x397f13493ea312fed809d327b8b1ebb51af87c3d,True,2000,1137,465,672,40.9,0.76,-61133.3,9,1761526692411,1785284998913,275.0,15461.97,0.253,1.176333,0,0.0,0.0,False,False,False
0x3999dfa662fd548950bbcb7d9fabedeba39456e6,True,2000,441,138,303,31.3,2.85,142639.94,34,1739760564458,1788024339689,558.6,66572.8,0.467,36069.75,1,-76033.93,-210.8,True,True,True
0x39a2e37f6dfbedf76cf5d6a9d7baf711fe1c47da,True,2000,763,430,333,56.4,1.76,17523.85,40,1769159967048,1788297521714,221.5,-5491.73,0.313,4435.15996,3,-178.87,-4.0,False,False,False
0x39b5c142bc089999ba9fe325c775dd6d9df7fd30,True,2000,960,244,716,25.4,0.37,-12550.45,6,1788281401613,1788566400005,3.3,-780.84,0.062,0.0,0,0.0,,False,False,False
0x39c78ce4fbd59722f48a3271fe11f9ac5f933ba0,True,891,338,205,133,60.7,0.83,-4817.01,30,1731783825071,1788450277832,655.9,3319.14,0.689,0.0,0,0.0,,False,True,False
0x39dddb06054193f00248d3d32dab7a017cef0da2,True,1439,698,181,517,25.9,1.44,225.61,2,1775133096757,1778547608387,39.5,-111.69,0.495,0.0,0,0.0,,False,False,False
0x39f34d679e28e42a1c7492cf44f1a9fdf5c179dd,True,2000,995,293,702,29.4,0.34,-2999.5,5,1776966626942,1785532840801,99.1,659.48,0.22,0.0,0,0.0,,False,False,False
0x3a03c75df10d3f18a212649ce0d28b03b108b812,True,2000,2000,1931,69,96.5,145.56,6530.58,113,1782125531119,1782146861994,0.2,44.19,0.007,0.0,0,0.0,,False,False,False
0x3a131c36e52adce5eba4b77a9c7f5187eb76fee4,True,2000,953,257,696,27.0,0.29,-13369.24,30,1785998898592,1788799890542,32.4,-930.21,0.07,43216.486939,7,-25443.3,-58.9,True,True,False
0x3a19e9634b610433a3a4b59a9f631e02bc029108,True,1173,583,435,148,74.6,0.7,-3810.79,5,1784331786455,1785746937883,16.4,858.35,0.225,0.0,0,0.0,,False,False,False
0x3a379da79541487078f49c8dd8b4153ada121505,True,2000,1084,508,576,46.9,2.0,12743.56,8,1787785325439,1788793448612,11.7,4466.0,0.35,15556.626,0,0.0,0.0,False,False,False
0x3a4710963d8e94f5151e7b5838ad08eaa1cf56aa,True,179,57,57,0,100.0,inf,840.56,11,1777246032850,1788120121320,125.9,73.96,0.088,3451.158145,1,-510.16,-14.8,True,False,False
0x3a5c8c146f44b4f2ded62bb5817a9119111adf42,True,2000,883,351,532,39.8,1.32,7748.52,28,1775677871428,1788803480647,151.9,3365.3,0.434,6601.544841,1,428.79,6.5,False,False,False
0x3a732cb2ab4495ec52f1ca4c42b5f6b6c83ef6dd,True,2000,1265,320,945,25.3,0.16,-28944.72,23,1783513456298,1787328029590,44.2,-2629.29,0.091,0.0,0,0.0,,False,True,False
0x3a8ace4886b8596e4e12727873b10e56afed1e8a,True,1432,654,368,286,56.3,1.91,3701.44,62,1721047498796,1786025057255,752.1,742.28,0.201,0.0,0,0.0,,False,True,False
0x3a9c31dbe6954f40af4d3a26736f0a1bafec48eb,True,2000,764,255,509,33.4,0.88,-1503.83,20,1775397954665,1788791639037,155.0,-1190.68,0.792,2709.584158,2,-88.3,-3.3,False,True,False
0x3ab77725ac1ae06aff19d90a33c2a0fe126b7789,True,2000,1351,667,684,49.4,0.9,-4452.55,18,1783304199804,1786468143855,36.6,3713.03,0.834,0.0,0,0.0,,False,True,False
0x3acd3c8a0f92e15836088018c7028ccdcfd6fd03,True,2000,827,407,420,49.2,0.31,-37438.88,8,1787843815795,1788664455294,9.5,-2329.56,0.062,22825.47935,3,-6459.61,-28.3,True,False,False
0x3aeeaee2ecff831b91a28375443dc6dcbb6f7d2d,True,1021,516,459,57,89.0,6.22,75199.8,3,1785241818906,1788769109886,40.8,4178.17,0.056,0.0,0,0.0,,False,False,False
0x3b04fee35b8cd40de6c55dcac62e2939ab6d9b5c,True,2000,907,475,432,52.4,0.75,-3570.16,13,1774601051088,1788796231334,164.3,1594.8,0.447,3956.684871,1,-184.55,-4.7,False,True,False
0x3b0d93e63264dd200e3e2b8757274772a77f4fd1,True,1105,611,271,340,44.4,0.81,-1616.65,6,1769577937102,1778022284046,97.7,-1473.91,0.912,0.0,0,0.0,,False,True,False
0x3b1e3d1ed70d2a17c8eaf7da1a6be9f805a130e2,True,2000,767,247,520,32.2,1.2,7389.69,47,1764946931120,1788764840149,275.7,14225.2,1.925,21026.96272,8,10415.88,49.5,False,True,False
0x3b3d9656b93d21729e15e0bc3566dd4fd1e5b464,True,1001,225,179,46,79.6,8.87,430439.71,6,1754644293688,1788446374821,391.2,81619.66,0.19,34999.609896,0,0.0,0.0,False,True,True
0x3b477892d0454d05c92a7908f0c4d34433d6f61e,True,1778,986,769,217,78.0,15.08,171810.7,13,1782932428854,1787233052726,49.8,20106.98,0.117,0.0,0,0.0,,False,False,False
0x3b6066b314dc164406452fde43a1c8ee5cbb774c,True,2000,1019,393,626,38.6,0.95,-430.39,20,1782106697615,1787172771153,58.6,1689.6,3.926,0.0,0,0.0,,False,False,False
0x3b71b669d99020cd59fe94f0c623265f622e97a8,True,899,266,220,46,82.7,0.36,-14565.44,16,1749327966988,1788711008044,455.8,-3778.92,0.259,40748.950995,2,-1800.48,-4.4,False,True,False
0x3b883b85fd41b81ef23b6041248bc6ac0b1c04a7,True,2000,1583,39,1544,2.5,0.0,-3071634.23,7,1787302031123,1788666050367,15.8,-90611.94,0.029,219476.180824,2,-392530.26,-178.8,True,True,False
0x3b9e9c9f82eb1c321535fd2bc48d8db9e8e8c503,True,2000,1124,972,152,86.5,18.98,180783.41,4,1787486723316,1788697444843,14.0,4530.98,0.025,49296.961318,1,15114.17,30.7,False,False,False
0x3bbe8e02f72b10c9698a6e4375b5a19e53fc5b40,True,2000,1001,879,122,87.8,24.78,19012.33,16,1787317130631,1788805507840,17.2,782.49,0.041,50784.408885,1,-100.35,-0.2,False,False,False
0x3be124ff97c81d1374ea2f324a3a54211f19eea9,True,2000,1005,388,617,38.6,0.7,-457.49,52,1783499516757,1787650983989,48.0,72.82,0.159,23029.485804,50,2246.48,9.8,False,True,False
0x3bf6f7be409408da55050254b059da311eac3721,True,410,207,80,127,38.6,0.82,-835.25,5,1780521549374,1783997389597,40.2,729.67,0.874,0.0,0,0.0,,False,False,False
0x3c2327312d4cc84414473414d603915d83f52faf,True,2000,819,362,457,44.2,1.13,6941.79,1,1787228318089,1788798703182,18.2,4065.2,0.586,14603.885384,1,87.62,0.6,False,True,False
0x3c3a43c5661c9965791d7bc438c968555ee03fbd,True,2000,1021,480,541,47.0,2.66,22309.27,14,1787297161860,1788726282658,16.5,3190.98,0.143,0.0,0,0.0,,False,False,False
0x3c516f085e94177eaf0bdfb5b5eb1ab71052d064,True,2000,981,149,832,15.2,0.38,-7125.23,7,1788320147040,1788772531510,5.2,-809.4,0.114,14514.567615,1,2629.82,18.1,False,False,False
0x3c6ea1a4952be5a85fc8ddaf2364df71b9aa3b58,True,1902,949,346,603,36.5,0.16,-34031.49,16,1735836852812,1783436032593,550.9,-5902.38,0.173,0.0,0,0.0,,False,True,False
0x3c817b6a87db83ab97f070e6ffe86aab0b32ce53,True,1760,899,715,184,79.5,2.83,70283.01,2,1779284430589,1780819030765,17.8,9083.26,0.129,0.0,0,0.0,,False,True,False
0x3cb1622baf9e645f597f6c55ef394e361593b294,True,292,241,25,216,10.4,2.61,28226.32,3,1769883438122,1780603816108,124.1,6569.6,0.233,0.0,0,0.0,,False,False,False
0x3cc75e3b8cebcdb708a15190584a51b7daf8ae92,True,2000,1061,502,559,47.3,1.57,7507.89,12,1774558455225,1777683509223,36.2,1523.74,0.203,0.0,0,0.0,,False,True,False
0x3cd6f30705eba590af05e4d3b5af643658f4264c,True,2000,835,171,664,20.5,0.42,-2389.22,19,1775095514123,1783494269464,97.2,-212.65,0.089,0.0,0,0.0,,False,True,False
0x3cf013171284928af67fcd49644096594f77c4e3,True,2000,1026,404,622,39.4,1.03,33.23,52,1784040767656,1788775256055,54.8,45.56,1.371,10424.677544,50,691.48,6.6,False,False,False
0x3d079ede8f85c15711c38a57b4aec6d9c397c659,True,1062,657,248,409,37.7,3.33,12707.67,11,1745323286077,1787951149833,493.4,-1083.9,0.085,0.0,0,0.0,,False,False,False
0x3d2b07cd0e9a2d3d8954f7f65d96e10e3d060630,True,2000,848,609,239,71.8,0.23,-63786.12,7,1779062455386,1787226091578,94.5,-22908.57,0.359,14305.909105,1,-21599.08,-151.0,True,True,False
0x3d3a09c763e198fafc99ed6d75c6b56fa0855914,True,1307,691,337,354,48.8,0.88,-8533.56,14,1735559554515,1788508108076,612.8,3474.44,0.407,0.0,0,0.0,,False,True,False
0x3d536c3a4442b7676f3c4d3ae16aaf2d771cb2ae,True,2000,866,314,552,36.3,0.86,-7646.67,12,1736248336001,1788533327498,605.2,4124.22,0.539,0.0,0,0.0,,False,True,False
0x3d643dabed5e1675ffc6a4608d095c11943ef551,True,2000,642,379,263,59.0,0.99,-349.95,10,1787364604326,1788716707730,15.6,-4292.68,12.267,0.0,0,0.0,,False,False,False
0x3d784b0067ad72f0b271e9d0bd4c69ea7d40ae12,True,2000,808,134,674,16.6,0.21,-8352.0,4,1785946805586,1786544251109,6.9,-332.44,0.04,0.0,0,0.0,,False,False,False
0x3d8fe1bdad418b26381d832de158c4d6a52c71f8,True,2000,1031,146,885,14.2,0.24,-38436.89,8,1780605943960,1788805571639,94.9,-4698.44,0.122,6917.380904,2,550.89,8.0,False,True,False
0x3da0af89bbb753754cc85af0658aab61cafefe82,True,1423,692,447,245,64.6,30.22,144025.07,6,1777365135369,1785141628442,90.0,17676.21,0.123,0.0,0,0.0,,False,False,False
0x3dbc7434e2da3945f763778786fffc319ddf6567,True,370,152,65,87,42.8,1.38,1000.98,5,1774001364322,1788525970118,168.1,442.53,0.442,0.0,0,0.0,,False,False,False
0x3dcf345bfadb9961305ed5ff535d31f313d52ad0,True,1249,554,356,198,64.3,5.26,46066.08,43,1708095655652,1787921426092,923.9,3683.78,0.08,9353.420754,2,-36964.47,-395.2,True,True,True
0x3de79ff25378246ec49dc0aa179d5888972ba387,True,2000,1025,496,529,48.4,1.13,1965.24,71,1787101713660,1788743828359,19.0,910.06,0.463,42749.597098,43,4054.61,9.5,False,True,True
0x3e02519a47cef3d4464944c4815fad9e5837e767,True,2000,890,105,785,11.8,0.04,-54758.11,22,1787347880170,1788747751812,16.2,-2905.58,0.053,192949.673448,13,-87446.49,-45.3,True,True,True
0x3e1992da09489b64c35685ba407bbd9b110565e0,True,528,217,134,83,61.8,6.1,157006.42,6,1745319426181,1774367844743,336.2,12347.6,0.079,0.0,0,0.0,,False,False,False
0x3e2fbe61f37f11d68e3d1e4f25c53c73f414b269,True,2000,700,337,363,48.1,0.14,-836197.51,5,1786547546309,1788791773707,26.0,-157857.39,0.189,259829.066451,1,-612789.16,-235.8,True,True,False
0x3e4515b004138b523c55fb7fe928480358500ef7,True,2000,1043,540,503,51.8,1.03,2159.12,4,1782306422449,1785761597007,40.0,-9255.25,4.287,0.0,0,0.0,,False,False,False
0x3e516cf3c9d4f29fae6c1324c2414dc872fc9c09,True,2000,529,321,208,60.7,16.91,91404.79,9,1787354201973,1788741331490,16.1,4252.07,0.047,1494543.145999,4,-676984.16,-45.3,True,True,False
0x3e6601ade2ac3648ef349e05f96387c841610eff,True,2000,768,178,590,23.2,0.55,-11957.65,31,1760147111017,1782394717486,257.5,2738.36,0.229,0.0,0,0.0,,False,True,False
0x3e72de5bfa2f923a2f0700187b1132409be70a84,True,449,243,133,110,54.7,1.08,568.85,14,1744010625242,1783896730581,461.6,1908.52,3.355,0.0,0,0.0,,False,True,False
0x3e81e61a3bbf5fe13f0fc16ddda71d5885232459,True,830,320,172,148,53.8,2.64,6395.29,27,1771878220175,1785610602096,158.9,-1644.53,0.257,0.0,0,0.0,,False,False,False
0x3e900021b5cad91350f082405d24a395a2c0c76f,True,1890,968,360,608,37.2,1.17,26103.49,9,1734246178597,1783439140183,569.4,-13145.48,0.504,0.0,0,0.0,,False,True,False
0x3ea15e6a984deb8c0d3d9d132dfba79dbd435b06,True,2000,1125,541,584,48.1,0.51,-189566.5,21,1737276455603,1787317531233,579.2,-32102.53,0.169,0.0,0,0.0,,False,True,False
0x3eba2962ff3cee3881d7994dd317ab501a988888,True,2000,991,638,353,64.4,1.63,18355.31,9,1779977928368,1780321279852,4.0,-2519.3,0.137,0.0,0,0.0,,False,False,False
0x3edd28f48a005d1a0553cac5acf94837c3cba246,True,2000,980,405,575,41.3,1.15,385.48,52,1785574414080,1788775737077,37.1,123.09,0.319,36194.883563,50,2047.81,5.7,False,False,False
0x3eeb90de3b947707c0edc19b43bca4cfc0f8e85f,True,135,66,51,15,77.3,50.96,6403.59,7,1787938305896,1788795675920,9.9,797.83,0.125,7719.264124,2,2092.83,27.1,False,False,False
0x3efd5cdb46c700481f40058341aa220ac2552660,True,2000,1119,852,267,76.1,0.88,-7584.77,17,1769703061494,1787721567030,208.5,-20560.91,2.711,0.0,0,0.0,,False,True,False
0x3f0ee87d50e78115deddbae8f5cb5c15e9d6f503,True,2000,913,291,622,31.9,0.56,-18472.29,39,1768864602748,1788789584138,230.6,-3232.31,0.175,32708.976525,4,20.44,0.1,False,True,False
0x3f1c7195d6b0da5e842d36a615c2c77fd5bdc9d0,True,722,380,236,144,62.1,0.31,-84472.53,5,1775515521829,1787220909594,135.5,-14138.9,0.167,793.060028,0,0.0,0.0,False,True,False
0x3f2ec31cdecbf71092febd98c82078bbb01d6dc9,True,2000,1001,429,572,42.9,0.87,-2087.47,22,1768979395405,1786492800012,202.7,2312.3,1.108,0.0,0,0.0,,False,False,False
0x3f3af283f6d153d549f4c9482f177605f8a0c98e,True,2000,968,426,542,44.0,0.83,-3492.07,28,1774359701382,1787278822252,149.5,2237.24,0.641,0.0,0,0.0,,False,False,False
0x3f5b197925c5fa1128f1a8cd115534fbe64ae1d3,True,1636,849,536,313,63.1,0.81,-1130.38,88,1759825970390,1788793510631,335.3,-1501.58,1.328,125.000314,1,-5.04,-4.0,False,True,False
0x3f772711594bdf50879f4c3d654c05c569ed4886,True,878,419,261,158,62.3,1.71,6589.9,30,1760140800023,1779321600086,222.0,-1191.27,0.181,0.0,0,0.0,,False,True,False
0x3f8793d2a0ec69f0bae47140886039a4dc63a960,True,2000,1173,586,587,50.0,0.23,-2425.15,43,1787432529278,1788796562109,15.8,-217.57,0.09,17049.339713,115,-5956.97,-34.9,True,False,False
0x3f96c4df1e76902985d3dbd979af54b487f29671,True,2000,1184,968,216,81.8,6.67,13662.05,6,1780618940004,1787931777816,84.6,592.33,0.043,101000.958507,2,0.24,0.0,False,True,False
0x3fa30b4e10b85ea16b33c96a406a16f9a6809751,True,2000,978,602,376,61.6,0.65,-32193.82,20,1750695486592,1779924577822,338.3,-12389.83,0.385,0.0,0,0.0,,False,True,False
0x3fbb56fc1937c64775621b8d136fc54e68361b5c,True,1986,948,408,540,43.0,1.22,3246.77,29,1755873711794,1788804007878,381.1,-4550.19,1.401,9677.399246,6,535.83,5.5,False,False,False
0x3fce51b98eef958170240d3da41f43859681db53,True,2000,1142,863,279,75.6,0.58,-26979.66,14,1771129011042,1775813958208,54.2,-35268.75,1.307,0.0,0,0.0,,False,True,False
0x3fea458a20a8620b4af85399d646e286de84f477,True,289,133,56,77,42.1,1.36,722.69,15,1756655640840,1774537139770,207.0,564.38,0.781,0.0,0,0.0,,False,True,False
0x40053259c78f903c1434290a5eb2dbcf10139dcf,True,864,207,144,63,69.6,3.28,10215.08,20,1728317372847,1787302755827,682.7,4105.09,0.402,0.0,0,0.0,,False,True,False
0x401ab3ae8172df72ce0d0c1528fec930081239a0,True,414,212,142,70,67.0,0.79,-1153.53,4,1773041871099,1773698141585,7.6,-796.36,0.69,0.0,0,0.0,,False,False,False
0x402b8bb4f40499882669472c8c2a8709bd0da061,True,1419,729,264,465,36.2,6.25,102696.65,6,1776867508450,1788723674799,137.2,44741.34,0.436,0.0,0,0.0,,False,True,False
0x404108cd2e2ad1f23b90c369c8d5a88ac77eba7e,True,2000,1016,622,394,61.2,1.83,22935.53,39,1785079969864,1788797382195,43.0,4307.93,0.188,20704.609691,3,1061.08,5.1,False,True,False
0x4049b57b1c0ac33831b7135e49e73c93f716eb73,True,2000,898,500,398,55.7,0.48,-11274.69,9,1761996325629,1785844808293,276.0,-1735.31,0.154,0.001104,0,0.0,0.0,False,True,False
0x406073860818ecfb7dca0706a6bac73faa95bd3e,True,2000,794,740,54,93.2,101.08,1226347.56,25,1759864252995,1778574921616,216.6,57076.44,0.047,0.0,0,0.0,,False,True,True
0x4078582c42fdb547b1397fabb5d5a4beab81be9e,True,2000,838,396,442,47.3,1.74,6862.48,7,1780539135000,1785154500999,53.4,1404.57,0.205,58443.763495,0,0.0,0.0,False,False,False
0x4085a39cab4bb73dfb946e647247b93a2307bcaa,True,1744,895,584,311,65.3,0.82,-5116.31,11,1737116227191,1782918024110,530.1,-6193.72,1.211,0.0,0,0.0,,False,True,False
0x409c18dc9945d899e645fca986154d81b069aa76,True,205,82,34,48,41.5,2.23,1587.71,10,1732209496500,1788550566047,652.1,586.85,0.37,2196.223135,1,-156.9,-7.1,True,True,False
0x40c26fdee8ed5199e64cdce07d872d5e502f4de2,True,2000,907,711,196,78.4,1.78,4686.74,8,1785443791514,1788555669211,36.0,-1070.18,0.228,0.0,0,0.0,,False,False,False
0x40d6bcf6aaf5ff92c5e201b2518b1af5c6b82b69,True,197,110,110,0,100.0,inf,31888.05,1,1772231076353,1774538090358,26.7,5426.52,0.17,0.0,0,0.0,,False,False,False
0x40ebad3d5648f1e542376c0e7152bd4018c9ce35,True,2000,1151,619,532,53.8,1.07,10889.29,16,1760368263949,1788110679628,321.1,-11353.1,1.043,24384.053528,4,-14674.16,-60.2,True,True,False
0x40fdff92ded0270e8460332e4ff34d8353cf5714,True,1440,752,487,265,64.8,0.7,-3266.52,46,1786975188584,1788801102048,21.1,-1172.64,0.359,3607.497572,1,-616.06,-17.1,True,True,False
0x411b653264d13aa86c655a071951f533ce7e52db,True,2000,1148,482,666,42.0,0.45,-47.52,21,1788531518772,1788806101477,3.2,-6.33,0.133,0.0,0,0.0,,False,False,False
0x412b7f53613be5d29e112e5a23f8d52b1e77eeb6,True,2000,889,406,483,45.7,1.87,12236.03,4,1782957826881,1783165029729,2.4,3507.31,0.287,0.0,0,0.0,,False,False,False
0x41412883dcbb8f3de3230e161bfc34a75f70efdb,True,2000,1328,641,687,48.3,1.65,4877.54,13,1788130929490,1788788883549,7.6,2169.77,0.445,4.358188,1,-0.24,-5.5,True,False,False
0x4161572ae1684358fcd33cddf886ff2e62c67bd2,True,2000,1156,642,514,55.5,0.69,-2349.59,35,1779427318224,1786556830671,82.5,-663.52,0.282,0.0,0,0.0,,False,False,False
0x417232aee7519a238103dbde010c0112f3d82be0,True,1618,710,349,361,49.2,1.36,12858.14,86,1704632242079,1788804483647,974.2,9399.99,0.731,6586.824822,6,1100.89,16.7,False,True,False
0x41870f2811bde111efbfa94f84cd30943cef2624,True,2000,417,138,279,33.1,0.71,-2202.47,21,1787578377714,1788724736709,13.3,1559.26,0.708,53.678904,1,-6.56,-12.2,True,True,False
0x419b7875599185c08e71fbb480351fd07511dbee,True,2000,1207,803,404,66.5,0.44,-20827.79,4,1780638872851,1782496646089,21.5,-3399.88,0.163,0.0,0,0.0,,False,True,False
0x41af967ef54e15b12d41ae9255827f011f880920,True,397,207,139,68,67.1,0.81,-2975.52,7,1776128532048,1788357183952,141.5,-7052.11,2.37,0.0,0,0.0,,False,True,False
0x41cb217b7f8531d4fa2c611ed88f1e518bd754e9,True,2000,915,287,628,31.4,0.55,-115262.69,11,1780320464697,1783864280654,41.0,13229.47,0.115,167145.545366,1,-85606.22,-51.2,True,False,False
0x41e2f04ced6eeb35641ade1a9eab5b567996c200,True,350,159,59,100,37.1,1.68,4340.21,20,1752575789197,1774853404569,257.8,3198.37,0.737,0.0,0,0.0,,False,True,False
0x42068334c9acc39e56c4b6c31167df035960d227,True,832,304,163,141,53.6,0.58,-1692.91,50,1746856644209,1788713939136,484.5,-398.27,0.235,0.0,0,0.0,,False,True,False
0x420fc21d2ff82f95a8878bc82b123551b4387883,True,2000,903,363,540,40.2,1.35,2647.65,8,1787382356048,1788782753524,16.2,1024.12,0.387,0.0,0,0.0,,False,False,False
0x421d8eb0d2a9705cddf343e8933ed4106418075f,True,2000,884,574,310,64.9,0.64,-9291.46,3,1787901843921,1787983815454,0.9,-2534.83,0.273,0.0,0,0.0,,False,False,False
0x422e57362befdba880e8c3c51daff035df2d4fd8,True,2000,1049,601,448,57.3,1.57,8040.07,45,1787057963608,1788804668916,20.2,1438.47,0.179,78064.126676,7,6210.51,8.0,False,True,False
0x42395ab5ad8f752a3332973eaa9fbd4718295dcc,True,2000,1032,551,481,53.4,0.31,-34481.05,8,1780720322655,1781147421513,4.9,-4734.69,0.137,0.0,0,0.0,,False,False,False
0x425069cb2e47d3cc8d50a1d3139db25a226ecdad,True,2000,874,346,528,39.6,0.18,-120644.28,23,1773755136254,1788186562161,167.0,-10156.0,0.084,0.0,0,0.0,,False,False,False
0x426c1520e4d07f968d224886878646412d37ad95,True,2000,863,799,64,92.6,4.67,19372.37,45,1775991282627,1788757746549,147.8,3806.88,0.197,8569.251852,2,-7755.43,-90.5,True,True,False
0x427be648a30cdc4770a1938473dd07f14fd6cb28,True,697,351,214,137,61.0,0.95,-242.31,3,1776165243303,1777214071670,12.1,945.24,3.901,0.0,0,0.0,,False,True,False
0x429aa51c42b2fbfa92b8809cdd7ff80f279e6e3b,True,2000,1047,299,748,28.6,0.46,-19098.92,5,1774941794093,1783728000046,101.7,2382.48,0.125,0.0,0,0.0,,False,False,False
0x42afd528d1f9d5c921cadec5aec85a93b20e445c,True,2000,1031,410,621,39.8,1.04,27.27,52,1783243637856,1788795663550,64.3,34.79,1.276,812.490487,50,492.94,60.7,False,True,False
0x42c056dd319925d0bce77911560fb79cde75a5c3,True,2000,1106,560,546,50.6,0.31,-23728.44,11,1788706868845,1788799285201,1.1,-2552.65,0.108,37993.757906,6,4120.3,10.8,False,True,False
0x42e691b72d8f17a1e4508c357b835037bf0b742c,True,2000,911,470,441,51.6,0.95,-181.14,14,1786288694336,1788793629778,29.0,-183.92,1.015,84.214031,1,-0.53,-0.6,False,False,False
0x42f27f3d2939c11260e00c9ce9a7bb66f60db40d,True,2000,987,797,190,80.7,40.25,4203.89,2,1778680140169,1778825273345,1.7,23.59,0.006,0.0,0,0.0,,False,False,False
0x430dec23d97426cbb9e80d16344fe14f0c4764f8,True,1413,771,642,129,83.3,1.03,2987.61,2,1777314014171,1779522633875,25.6,-13204.57,4.42,0.0,0,0.0,,False,True,False
0x43266d5bc6f38e2744ca3fc47ddf1cb3db167cb3,True,2000,1090,648,442,59.4,10.39,77288.38,5,1773861782923,1780444800019,76.2,12283.05,0.159,0.0,0,0.0,,False,False,False
0x4337a241dd81f774017db547c789f067f68f8501,True,2000,539,134,405,24.9,0.81,-6697.81,15,1782395810458,1788287124217,68.2,6050.05,0.903,25390.28268,2,7230.59,28.5,False,True,False
0x434f3e0d9d2e2b880af135a44fe79f786f4a62b0,True,2000,1829,391,1438,21.4,3.59,459283.63,3,1785212752424,1785222277557,0.1,123922.74,0.27,0.0,0,0.0,,False,False,False
0x4360a4ecb89a15120821b69acfdc9f76edf18f7d,True,2000,830,196,634,23.6,0.01,-121252.4,10,1783606884631,1783839528321,2.7,-6353.58,0.052,0.0,0,0.0,,False,True,False
0x438d553721271cf75be35cfb878a45f4b4c15dff,True,2000,1001,425,576,42.5,1.44,2511.14,23,1788092754547,1788799402014,8.2,996.82,0.397,2982.312423,4,-205.37,-6.9,True,False,False
0x439e4eeaf5da66eb422e6cac2988439ad2748c48,True,1326,428,203,225,47.4,0.37,-3983.31,3,1781224604707,1783381597933,25.0,-1168.43,0.293,0.0,0,0.0,,False,False,False
0x43b3a716bf6bb325619c6fffa5c45535b5dbeb65,True,2000,1012,380,632,37.5,1.02,27.66,52,1784883082606,1788777625894,45.1,83.84,3.031,19991.269095,50,1290.97,6.5,False,False,False
0x43cab51e17a5551f4ead5ca81b521d6102222c72,True,2000,946,192,754,20.3,0.26,-321.58,21,1779216161676,1788550015472,108.0,-78.68,0.245,0.0,0,0.0,,False,False,False
0x43ee1c5c9ca75caa1943027c88ad6459c7368abe,True,2000,1008,323,685,32.0,0.74,-2649.6,16,1761769751948,1779816507070,208.9,1705.43,0.644,0.0,0,0.0,,False,False,False
0x4407f86a6801e6bbb06c48c19f1698dda7ac8e67,True,1160,572,184,388,32.2,0.97,-285.16,16,1764115000371,1773014400091,103.0,-759.66,2.664,0.0,0,0.0,,False,False,False
0x441c8cbe1aa06beea4c84cfff5e12753f37822fb,True,2000,1020,423,597,41.5,1.43,50710.15,11,1785125153431,1787896865241,32.1,9566.67,0.189,0.0,0,0.0,,False,False,False
0x4442ce2fc5e2f2a2d2732075fdcdc277a521a637,True,1183,24,24,0,100.0,inf,8.6,2,1777516072914,1777955158422,5.1,2.11,0.245,0.0,0,0.0,,False,False,False
0x445161c0e8ac29f7114001fdbaf2aa724e775c52,True,757,272,149,123,54.8,1.18,1555.01,27,1747854583926,1787303750413,456.6,1897.56,1.22,18662.724774,1,15512.64,83.1,False,True,False
0x445d0656aca48e0ae43b148b69e7927eec7f5e8c,True,2000,1192,818,374,68.6,1.64,18797.98,10,1762875125965,1781129067574,211.3,8725.98,0.464,0.0,0,0.0,,False,True,False
0x44819268b5a66c2e4fb7829ab6407ec160cce357,True,2000,814,789,25,96.9,10.1,42681.03,4,1784790753246,1788615102974,44.3,2566.24,0.06,0.0,0,0.0,,False,True,False
0x4494157045051687b7078a18206b43ca399dd040,True,1121,427,198,229,46.4,0.37,-25880.37,24,1749504874348,1788769481109,454.5,-8883.13,0.343,6296.180354,2,-5438.32,-86.4,True,True,False
0x44a3f0354f4c10eb9cd93e522b5e3210d126f054,True,646,244,175,69,71.7,1.65,20162.37,8,1749676152553,1787820509281,441.5,6711.88,0.333,14235.964498,4,-19760.65,-138.8,True,True,False
0x44b01d226ee71be10c37e6c88b6161ec944c3170,True,2000,960,536,424,55.8,3.7,4223.46,2,1787539144865,1788744726806,14.0,728.9,0.173,0.0,0,0.0,,False,False,False
0x44c6988ae9dd86be7e30306f4ef0fbbd716bf0d0,True,2000,941,374,567,39.7,0.39,-42133.58,4,1774624682423,1777040425481,28.0,5576.66,0.132,0.0,0,0.0,,False,False,False
0x44d27e0d4aee5af28d44c2dd542ca1e099e95133,True,2000,643,456,187,70.9,0.94,-3254.8,7,1779645486022,1788739489270,105.3,-9844.9,3.025,13602.655387,1,66838.14,491.4,False,True,False
0x44e6c1bd33e6994ca59e6a598ded2e3155d0bdc5,True,1142,557,426,131,76.5,2.57,3921.3,23,1765330118650,1788773431745,271.3,487.06,0.124,0.0,0,0.0,,False,False,False
0x44f4f40d7c82447b2d23c2e537703016874ffab0,True,2000,889,478,411,53.8,2.28,69429.07,6,1767799223948,1788735806372,242.3,19506.6,0.281,46903.362258,1,5016.0,10.7,False,True,False
0x450114723fba944388a74513a6c8b2286561c98f,True,2000,885,339,546,38.3,0.69,-13586.77,5,1770680738166,1772561119319,21.8,2337.01,0.172,0.0,0,0.0,,False,False,False
0x4515cedc7e3a5014baec2c6f55c3094828cdb0fd,True,1496,611,244,367,39.9,1.01,80.51,14,1774376198479,1788778750572,166.7,1712.85,21.275,2654.327447,1,-281.34,-10.6,True,True,False
0x452ea0373056462c8e3b301c996ecfab3511d712,True,2000,633,191,442,30.2,2.4,11947.16,16,1788200198353,1788706296707,5.9,2431.9,0.204,116180.535206,2,52401.15,45.1,False,False,False
0x4535b3157efa05466d5095309c6f12fe3be237dc,True,2000,1269,911,358,71.8,1.68,539923.16,8,1737280289627,1785222153961,554.9,-724657.9,1.342,0.0,0,0.0,,False,True,False
0x4542d15ef312fefc088ad737e4523068abb958e9,True,2000,984,134,850,13.6,0.05,-2144.07,1,1788794874851,1788806508056,0.1,-8.71,0.004,36588.076172,1,-1014.43,-2.8,False,True,False
0x456470f5a3c17a97b7c669964917fa330f571a75,True,2000,1797,1098,699,61.1,0.2,-16268.18,4,1784025682937,1784640257626,7.1,-438.66,0.027,0.0,0,0.0,,False,False,False
0x4577d927a39ea40c024ad81c0ce15959176346c7,True,2000,997,327,670,32.8,0.49,-24263.88,44,1752806152347,1788287828395,410.7,-3614.44,0.149,14141.679591,4,3182.52,22.5,False,True,False
0x459133d2d27349f82a566789f8b80ba4e9532f72,True,2000,902,593,309,65.7,1.07,323.01,11,1786225508097,1788675973523,28.4,895.32,2.772,0.0,0,0.0,,False,False,False
0x45a10c301849517989e55f3273185cf7c912657d,True,2000,920,578,342,62.8,1.03,665.89,17,1768315621012,1788670734184,235.6,2047.63,3.075,0.0,0,0.0,,False,False,False
0x45ac5eda8bf2527f09067fd16c530be6f86e8404,True,2000,783,439,344,56.1,2.69,461.92,4,1788635120052,1788806099417,2.0,-46.53,0.101,1930.344,1,143.99,7.5,False,False,False
0x45d26f28196d226497130c4bac709d808fed4029,True,2000,200,200,0,100.0,inf,7214.36,6,1787429871572,1788725862621,15.0,74.15,0.01,21648479.08411,52,-17260428.3,-79.7,True,False,False
0x45de4a8e4c3c78ed427bf36cb07bdd685318ff4e,True,2000,842,541,301,64.3,0.83,-1126.96,22,1781127127044,1784451104531,38.5,-804.33,0.714,0.0,0,0.0,,False,True,False
0x45f3659785468c122609951014bc66a7c472f640,True,2000,1030,551,479,53.5,0.94,-2479.82,44,1770216902807,1779840000065,111.4,-7261.78,2.928,0.0,0,0.0,,False,True,False
0x4603444ec777fc3e783d157bc871f6bc04baf161,True,2000,993,453,540,45.6,1.37,9912.84,7,1787228030143,1788801098758,18.2,1497.2,0.151,20889.777212,2,249.0,1.2,False,False,False
0x4617eb402c647d76964b76c8a0ec45a7b9953293,True,2000,1076,520,556,48.3,1.07,899.95,3,1778515781616,1779875266678,15.7,3101.64,3.446,0.0,0,0.0,,False,True,False
0x462d6c6e3816ee58bf40cc21b59610e8c342f04b,True,2000,690,66,624,9.6,0.32,-19400.21,13,1776576576603,1782790926076,71.9,2822.59,0.145,0.0,0,0.0,,False,False,False
0x4652ee2e7bb7d53467fced01e3df8ded989795ae,True,2000,1045,877,168,83.9,0.43,-34611.13,63,1754218161351,1785786369980,365.4,-9692.13,0.28,0.0,0,0.0,,False,True,True
0x467395bc4f3d451288190fcbc4ba9cf960fe65ad,True,652,332,187,145,56.3,2.11,4061.49,32,1746312468979,1788393600075,487.1,509.29,0.125,0.0,0,0.0,,False,True,False
0x4698d3f8da6b0a6f2d9042056b317018c6b2ba01,True,520,232,91,141,39.2,0.56,-2923.15,37,1707397853683,1779321600086,832.5,-746.6,0.255,0.0,0,0.0,,False,True,False
0x46a4a155d1590b9298db1b40771a8903205921a6,True,1702,806,777,29,96.4,4.07,20960.0,30,1739990231943,1788526529868,561.8,3055.13,0.146,0.0,0,0.0,,False,True,False
0x46b456d23b9328c6020203d9268c83a1fd3006bb,True,669,300,187,113,62.3,1.24,4569.3,14,1767826383222,1787877411399,232.1,-2391.52,0.523,21196.198617,2,2069.04,9.8,False,False,False
0x46c9ccc6857e33a8209706bb5043700b4608dda8,True,2000,825,487,338,59.0,0.93,-376.77,12,1787240356415,1788794233327,18.0,-893.86,2.372,7773.969021,9,-202.85,-2.6,False,True,False
0x46fa5605c504b8f8dbfe1fcc8c71ef948c68e609,True,2000,829,438,391,52.8,5.83,18796.9,56,1759734277544,1785457448869,297.7,1630.38,0.087,0.0,0,0.0,,False,False,False
0x470b5085a1537f07c9003c599f2c3773e2a8a139,True,1098,519,117,402,22.5,1.07,956.96,17,1777741590004,1787169183506,109.1,1167.58,1.22,0.0,0,0.0,,False,False,False
0x472f24cf9c2d6cbce141b5a466f4fff1fb8222a2,True,2000,818,173,645,21.1,0.92,-1447.87,6,1773911731441,1780526896228,76.6,1788.82,1.235,0.0,0,0.0,,False,False,False
0x4741fa6810506f7fea3748f762f53a071268f36e,True,2000,1050,161,889,15.3,0.22,-25361.34,5,1788164214499,1788799339591,7.4,-2034.82,0.08,0.0,0,0.0,,False,False,False
0x476e63b95d677277c4139482a19d2bb40031662c,True,579,313,158,155,50.5,1.08,184.3,7,1768372729169,1787156831790,217.4,454.91,2.468,0.0,0,0.0,,False,False,False
0x478ed6c83003ec70137d0076da4b5c1c40507ba7,True,2000,763,691,72,90.6,2.68,17997.41,38,1787664781690,1788797093786,13.1,-3092.35,0.172,0.0,0,0.0,,False,True,False
0x47a0e35640485a9920995e2beb0173ac30b93742,True,2000,952,728,224,76.5,4.05,39497.77,34,1751832338308,1787568971333,413.6,1967.11,0.05,0.0,0,0.0,,False,True,False
0x47bf51eabf338611bf07b132efe5e5ec28fa0ecb,True,2000,814,735,79,90.3,0.37,-10768.35,33,1787231597318,1788803108911,18.2,-2657.43,0.247,1926.671457,1,0.46,0.0,False,True,False
0x47dc23bf415ccb05559583195820e0f4972ef55e,True,1844,708,605,103,85.5,0.26,-147673.09,8,1779525582280,1787368189131,90.8,-66494.47,0.45,0.0,0,0.0,,False,False,False
0x47e84636928922ce8904c3d89bb92e0e3cd1bc63,True,2000,942,332,610,35.2,0.28,-31815.24,23,1756361731701,1788805553839,375.5,-11252.4,0.354,529.675027,0,0.0,0.0,False,True,False
0x47f6130fc91df9d4e047612fd970666f00ae4806,True,2000,992,567,425,57.2,1.6,25840.85,12,1787876849696,1788742956747,10.0,4792.25,0.185,0.0,0,0.0,,False,True,False
0x48141e552a6f0f74948c0eed75b2ece4c2d79e9b,True,947,798,188,610,23.6,0.27,-28184.37,16,1784174357286,1786492800012,26.8,-10830.04,0.384,0.0,0,0.0,,False,True,False
0x482bb8c52cf518f978d9e7bb00844db2bf60464b,True,2000,491,234,257,47.7,4.51,15164.74,51,1758494632875,1787932636153,340.7,2608.84,0.172,0.0,0,0.0,,False,True,False
0x4842dcb1c7d108a91781305d8ea233ceebdba8e3,True,599,265,203,62,76.6,0.82,-4670.52,26,1732780343741,1788442319868,644.2,-11432.67,2.448,0.0,0,0.0,,False,True,False
0x4863fa626d23115cac5231c444a77736b8823639,True,2000,882,472,410,53.5,0.69,-8426.92,6,1781140717374,1781500360623,4.2,-6498.08,0.771,0.0,0,0.0,,False,True,False
0x4884e5398cd0831787bd088af58ecfe6000717f1,True,887,410,186,224,45.4,0.41,-8170.61,10,1736874690576,1773002303933,418.1,-3316.93,0.406,0.0,0,0.0,,False,False,False
0x489f5d54e13e7f1846c8dd50b1208e8089d96ca8,True,2000,859,540,319,62.9,1.06,1163.44,34,1785167997406,1788368732416,37.0,1368.4,1.176,536.397119,8,36.38,6.8,False,True,False
0x48b7a2ccc22189a8be0f21e8c51baf75ab3fcb7d,True,338,156,87,69,55.8,0.59,-976.15,3,1781880886472,1785414348534,40.9,-474.72,0.486,0.0,0,0.0,,False,False,False
0x48cd0680d01c8d8712c80f101af5d9a976f9c122,True,2000,1036,612,424,59.1,0.64,-4426.57,21,1756244745747,1788772040852,376.5,-1174.97,0.265,0.0,0,0.0,,False,True,False
0x48d3faa89163541e82f0811c3f162f52ef7ee219,True,257,150,66,84,44.0,1.27,3412.59,1,1775865634332,1788792128471,149.6,2180.62,0.639,15527.607822,0,0.0,0.0,False,False,False
0x48f274926b4b75adf8ada20c0c4ef029b5b0428b,True,2000,918,437,481,47.6,0.74,-6332.06,41,1756449610802,1785165789433,332.4,-926.23,0.146,0.0,0,0.0,,False,True,False
0x48fd36230abf36cb67c5f4f79281fbce66ece057,True,2000,990,571,419,57.7,0.95,-1519.86,4,1779936682472,1785828228673,68.2,2603.24,1.713,0.0,0,0.0,,False,True,False
0x49156d64708a05b1bc2b3ae1d0c8ba86c23614c1,True,1057,501,246,255,49.1,1.3,2313.24,5,1777551019939,1778201162554,7.5,1374.92,0.594,0.0,0,0.0,,False,False,False
0x492acca1f9439bcedec85b5fa6ab556c9ce79a1d,True,2000,1050,457,593,43.5,1.91,71238.21,3,1781610566322,1781798965846,2.2,11056.08,0.155,0.0,0,0.0,,False,True,False
0x4942cac3251019dc5483542da1cdb3c95717d611,True,2000,991,473,518,47.7,0.78,-9116.83,25,1771136617797,1788363822755,199.4,2534.81,0.278,0.0,0,0.0,,False,True,False
0x495296422e5c7185ae299763f9ab1cb8d76f4108,True,2000,872,553,319,63.4,2.32,33125.29,8,1783442138402,1787168438080,43.1,5150.0,0.155,0.0,0,0.0,,False,True,False
0x497dc5290adf8c4b13a336fd1cfc2f7e7b0a5c3b,True,2000,1005,342,663,34.0,1.02,841.45,38,1751997065832,1788798772957,425.9,-5518.58,6.558,2970.762773,4,1938.77,65.3,False,True,False
0x49968a8b1a74e5d5045c6d05b5703cb3f9e4a242,True,1438,672,248,424,36.9,1.32,5938.18,7,1780417067166,1788474765367,93.3,1513.78,0.255,0.0,0,0.0,,False,True,False
0x49b7070406b7bf21ffd3aa1f9a4269264280d6cf,True,2000,879,591,288,67.2,0.73,-42148.6,29,1778259887020,1787179570123,103.2,-10883.52,0.258,528.174021,2,-549.68,-104.1,True,True,False
0x49cba59fce90bfdb2ac76f84b6d5144a84bcb3a8,True,2000,882,568,314,64.4,1.1,218.71,1,1788435904315,1788806842668,4.3,88.97,0.407,10755.661092,1,0.18,0.0,False,True,False
0x49e08dd60171db60f828c85ffce4a13e9aea2589,True,1227,555,193,362,34.8,0.51,-10338.69,4,1768956519218,1786852734559,207.1,-2217.87,0.215,0.0,0,0.0,,False,False,False
0x49f8f09f3e3ce2d9a66770458605bb1ded187e06,True,2000,994,642,352,64.6,0.8,-3612.45,26,1778428505030,1788549442749,117.1,-2454.49,0.679,0.0,0,0.0,,False,True,False
0x4a12091f166ea0431d547f922802898cfc048125,True,2000,793,296,497,37.3,2.74,9928.71,45,1755196588235,1780531200032,293.2,2569.18,0.259,0.0,0,0.0,,False,True,False
0x4a1de12a877e9cb7f69c0d110d0d72366a767247,True,2000,928,380,548,40.9,0.99,-69.37,6,1758731920925,1787711609594,335.4,-721.07,10.394,0.0,0,0.0,,False,True,True
0x4a2bcf8e81b75a90d4fae4e6abb97c1e28eaf7af,True,640,372,280,92,75.3,0.94,-2154.47,5,1737297562435,1775517294993,442.4,14495.4,6.728,0.0,0,0.0,,False,False,False
0x4a426f552c79dd932fa808fe8dc8925158e245c0,True,1096,446,191,255,42.8,1.13,847.36,23,1763203427641,1780218495294,196.9,929.78,1.097,0.0,0,0.0,,False,True,False
0x4a61858959db514e6577d566f47157f2fba70611,True,2000,1044,427,617,40.9,0.82,-21307.01,16,1777850488983,1788477550315,123.0,-19253.9,0.904,0.0,0,0.0,,False,True,False
0x4a7310b42c202c53b45339501e5e5da9fd1bd309,True,1221,542,358,184,66.1,0.97,-145.53,9,1784738730295,1788796930426,47.0,-614.03,4.219,0.0,0,0.0,,False,False,False
0x4a83cfd6fc5755678374482421c5575dbfda493d,True,170,60,38,22,63.3,1.61,12782.54,1,1775057345167,1787769576397,147.1,-7949.96,0.622,27089.883904,1,2812.93,10.4,False,False,False
0x4a96036fb1529561fa3eeeb2781fad2d4f25500e,True,2000,1036,467,569,45.1,0.07,-161534.89,13,1787579868144,1788761565607,13.7,-7625.3,0.047,1384436.146877,14,-414497.35,-29.9,True,False,False
0x4aa3e9b4f87bf0c6be07e69b1cb55aa3325b1177,True,2000,973,579,394,59.5,1.16,2608.68,2,1778912000393,1788804944201,114.5,-1115.93,0.428,366.3888,1,-15.69,-4.3,False,True,False
0x4aba8265ec5476183d6702d9a8c676c69c8f557e,True,2000,1094,579,515,52.9,0.92,-441.1,14,1780641611186,1787752384867,82.3,-590.81,1.339,0.0,0,0.0,,False,True,False
0x4ada9930ce2b2c060f2bd5f1ae2143d61d122886,True,2000,965,579,386,60.0,0.17,-43642.91,12,1783697191670,1788525384477,55.9,-7072.43,0.162,0.0,0,0.0,,False,True,False
0x4af2d85f45c8dab54181c4e94b5bbb5470412beb,True,2000,847,112,735,13.2,0.02,-4578.03,4,1782146716753,1782336249988,2.2,-253.71,0.055,0.0,0,0.0,,False,False,False
0x4b0c8ca351005a6de0068774e1ff42db0adcb370,True,2000,1247,261,986,20.9,0.14,-223364.8,4,1787942803283,1788741284082,9.2,-7299.28,0.033,0.0,0,0.0,,False,False,False
0x4b2ea94afe5574ff994dbcd691e99961c567e163,True,2000,769,581,188,75.6,0.38,-21063.85,5,1784213916556,1788792196716,53.0,-7910.9,0.376,2008.195324,1,-33.15,-1.7,False,False,False
0x4b4cdd2dbe1ea93040f8834f9e4a1c45f72c9a7b,True,537,228,181,47,79.4,1.97,21473.3,9,1775596553708,1788709669005,151.8,19898.42,0.927,23638.365522,1,6398.9,27.1,False,False,False
0x4b6b58bfe647e1f13397e05eea0d94833e346685,True,280,194,100,94,51.5,0.77,-2523.72,3,1785723592665,1788447017566,31.5,2100.88,0.832,0.0,0,0.0,,False,True,False
0x4b92a49418c85e6de9252e6ec52e881ad8dc2f7d,True,1063,592,234,358,39.5,0.86,-375.42,3,1775641277826,1787553469504,137.9,222.08,0.592,0.0,0,0.0,,False,False,False
0x4ba1d152409f43ad92ba358886fe94bae4f5f656,True,2000,908,598,310,65.9,3.52,37548.73,24,1769368839637,1788445464577,220.8,3072.41,0.082,21269.832442,4,-645.85,-3.0,False,True,False
0x4bbc592a7b0b8e38731a672939ed5f74df117aab,True,2000,890,236,654,26.5,0.25,-1872.38,5,1787303464204,1788804470040,17.4,-240.06,0.128,920.588282,3,-614.6,-66.8,True,True,False
0x4bc9453af16b7152a955a560f67bb6cc81752c70,True,760,356,121,235,34.0,0.51,-8693.1,3,1784230051223,1786204549038,22.9,-1705.98,0.196,0.0,0,0.0,,False,False,False
0x4bdf1130109e9c1bc921d8979ea66284d9c92f37,True,2000,549,389,160,70.9,21.21,52311.59,24,1786543394402,1788739200041,25.4,2243.88,0.043,178343.625035,6,108088.5,60.6,False,True,False
0x4bf125eaf40ba15a8f267f8bb3ee56b70883e545,True,2000,1110,854,256,76.9,1.72,25634.52,6,1770415459093,1773826541739,39.5,-9614.0,0.375,0.002969,0,0.0,0.0,False,True,False
0x4c08465f4d0fdbf117111e11eda93729d8305ff3,True,752,445,206,239,46.3,27.81,206722.85,7,1685212388627,1788129734110,1191.2,12633.16,0.061,0.0,0,0.0,,False,True,False
0x4c2521165c342c59254b72fd6b52a4e3d5abebe5,True,2000,889,653,236,73.5,1.3,2525.72,15,1780684812356,1788793237617,93.8,1353.33,0.536,0.0,0,0.0,,False,False,False
0x4c3efb44d1deecd1b2a295e56300196da8f15fdc,True,1759,742,367,375,49.5,0.4,-12136.36,15,1777334270821,1787619278509,119.0,-2123.41,0.175,0.0,0,0.0,,False,True,False
0x4c614751248b258de52f91bf10c8730c0d571d11,True,114,80,5,75,6.2,0.43,-916.63,3,1764862766169,1788505821533,273.6,499.91,0.545,414.165637,1,-113.82,-27.5,True,False,False
0x4c72983dfaf5401fd6b306fd8ac05978c1456d9f,True,1114,624,362,262,58.0,0.52,-44302.33,8,1756537135738,1786804321415,350.3,-46223.3,1.043,0.0,0,0.0,,False,True,False
0x4c90648ee737af1ec133af8079312a65168b0e36,True,567,283,156,127,55.1,0.47,-2772.34,7,1774522926824,1780383452892,67.8,-1615.5,0.583,1e-06,0,0.0,0.0,False,False,False
0x4cace946b49c6af6066f4950a4d9f457235c3e80,True,2000,944,626,318,66.3,7.47,226089.19,14,1752644002444,1780616039673,323.8,13302.5,0.059,0.0,0,0.0,,False,True,True
0x4cbf822cf0dddc3ebacb5d25d77fb4e05ddef2a4,True,2000,1036,308,728,29.7,0.69,-6563.76,16,1765261533026,1782319869675,197.4,1944.45,0.296,0.0,0,0.0,,False,True,False
0x4cd27946a668e3c810bd2795bc7697eb14712da1,True,2000,984,382,602,38.8,0.8,-5640.78,27,1782955703714,1788739494079,66.9,-1928.06,0.342,5440.697137,8,-2501.98,-46.0,True,True,False
0x4cf1aa03b2ee27f922c2b089dc9f7d3a2551e717,True,2000,1262,637,625,50.5,1.59,330.02,1,1788738313080,1788807162841,0.8,29.4,0.089,8465.53351,1,127.29,1.5,False,False,False
0x4d1ad166b982357e20e0ee1cffe075aeeca46194,True,2000,1093,407,686,37.2,1.02,584.9,41,1774912407711,1788208250585,153.9,4340.49,7.421,0.0,0,0.0,,False,False,False
0x4d2efd937bfb2023554de41de0f649f3f06bce14,True,2000,1077,606,471,56.3,0.71,-2024.57,20,1773789238349,1775000169475,14.0,-747.93,0.369,0.0,0,0.0,,False,False,False
0x4d4eccbf61ca71baa6eb7808a4fd5361b6ea9b80,True,2000,1048,629,419,60.0,2.36,181185.51,19,1771948031884,1781788039401,113.9,19962.81,0.11,0.0,0,0.0,,False,False,False
0x4d64d51e98e69076325c883f2c44e5522903159f,True,2000,975,759,216,77.8,0.28,-180192.13,4,1778533603848,1780710756287,25.2,-35056.73,0.195,0.0,0,0.0,,False,True,False
0x4d7b9d74c4a0fb6af5dbe5f8ac004e7c5516e269,True,2000,946,335,611,35.4,0.96,-2567.75,16,1773805191933,1784051172485,118.6,7045.04,2.744,0.0,0,0.0,,False,False,False
0x4d92062749e3af5002dd8362f7800a8219d5358c,True,2000,797,263,534,33.0,0.82,-1094.36,10,1784639115128,1788539238237,45.1,-258.1,0.236,0.0,0,0.0,,False,True,False
0x4d9b262015d2909cf5b99a2f82fa167bdf65a08c,True,1055,514,190,324,37.0,1.26,14153.8,8,1773242971430,1788313242088,174.4,6793.84,0.48,35283.516163,3,4366.86,12.4,False,True,False
0x4dbeff992ba2f50d04c0bc71fdc775e95bda7d14,True,2000,826,269,557,32.6,0.5,-15622.07,6,1786460978665,1788800629464,27.1,-8385.02,0.537,32.236351,1,4.66,14.5,False,True,False
0x4dcbb1fe5983ad5b44dc661273a4f11ca812f8b8,True,2000,1045,434,611,41.5,3.71,336495.46,55,1703918810980,1787529123366,967.7,56123.47,0.167,0.0,0,0.0,,False,True,False
0x4de9554db1d37ea3778df86293b1395f67e5b34d,True,1104,740,187,553,25.3,1.35,954.68,2,1773598810884,1774406650933,9.4,324.24,0.34,0.0,0,0.0,,False,False,False
0x4e052b55ae13329c2a30ffbead79d8ed7a1c589a,True,2000,1044,413,631,39.6,1.06,118.86,52,1785054521603,1788782866473,43.2,96.31,0.81,20994.69822,50,1550.05,7.4,False,False,False
0x4e21768ceeac8c6318f6fd99c2bd1806867dbfbe,True,2000,973,444,529,45.6,0.31,-36227.51,39,1757493660010,1785214915830,320.8,-3946.46,0.109,0.0,0,0.0,,False,True,False
0x4e3cd5223de585e3ac7e521ce0a7539eb0b7d33a,True,1145,510,347,163,68.0,1.61,6802.53,13,1783439675244,1788517610527,58.8,-3932.22,0.578,5405.236971,0,0.0,0.0,False,True,False
0x4e502da7152d03bca4654fa80994376c721354ab,True,2000,657,426,231,64.8,1.26,2250.36,27,1767380032282,1787455934513,232.4,-3902.81,1.734,0.0,0,0.0,,False,True,False
0x4e5f9b35ce910d78c4c1aa534cfcdd4fdc2f04ea,True,1115,632,530,102,83.9,2.91,38756.52,14,1768561937609,1786919443726,212.5,5071.2,0.131,80544.996655,1,-40.38,-0.1,False,True,False
0x4e80593d97ff461c3a33f106445270970fe040f4,True,2000,998,331,667,33.2,0.69,-8856.43,11,1787269824375,1787960341084,8.0,-5885.12,0.665,0.0,0,0.0,,False,False,False
0x4eaf2120f66106b538399794992258b976e2289d,True,2000,1054,429,625,40.7,0.44,-168095.46,2,1772939078606,1787153257372,164.5,-88493.88,0.526,0.0,0,0.0,,False,True,False
0x4eddb134260c3e357f23f8eece6fcbf5aeea515c,True,2000,824,591,233,71.7,0.61,-20225.8,4,1782137387719,1785825934424,42.7,-8161.96,0.404,0.0,0,0.0,,False,False,False
0x4eecc2eb1e2707e9bfd3797aed76be9b435d0ae7,True,2000,1018,632,386,62.1,0.73,-1997.22,2,1777001525624,1780516520699,40.7,-2583.39,1.293,0.0,0,0.0,,False,True,False
0x4efcddbf958781d8c7b49b1233c1d6f8112ec971,True,2000,847,384,463,45.3,1.9,21042.28,46,1769764068429,1787213282854,202.0,3384.07,0.161,0.0,0,0.0,,False,True,False
0x4f129a3b98b7d07d262b4a74eef55c4869085cae,True,488,283,113,170,39.9,1.9,2038.42,11,1778520807507,1788474991330,115.2,611.68,0.3,0.0,0,0.0,,False,False,False
0x4f2b5981d89a1c60bc73ea23edef2797447b3c17,True,2000,1962,614,1348,31.3,1.47,92690.08,29,1776383575439,1788268011692,137.6,24588.26,0.265,125764.3887,5,-31065.62,-24.7,True,True,False
0x4f4735c42aa93b3cfc22c640c00c68280fc21ba3,True,2000,1016,398,618,39.2,1.08,146.51,52,1785227923690,1788775222097,41.1,97.65,0.666,22659.575803,50,1511.02,6.7,False,False,False
0x4f67680ed589c995177481778d48a754703b5b79,True,2000,1512,780,732,51.6,0.62,-825.34,35,1788775361712,1788807345315,0.4,-82.21,0.1,194964.136501,28,-13219.4,-6.8,True,False,False
0x4f7fba1635f6e2fe99e033da13f8bd9567b5cda2,True,420,180,91,89,50.6,0.17,-12800.25,11,1768150102137,1784651484559,191.0,-3486.48,0.272,14.880273,1,4.18,28.1,False,True,False
0x4f8fb8d86e9c5bdc2c7b630238877e2dce99b5b6,True,1387,744,393,351,52.8,0.23,-19870.98,15,1752214892722,1779473547308,315.5,-2066.33,0.104,0.0,0,0.0,,False,True,False
0x4f9fe85ee600d326db1a7964aa1becef56308f69,True,1416,719,276,443,38.4,0.85,-4870.05,16,1781441832480,1788646641181,83.4,2880.97,0.592,0.0,0,0.0,,False,True,False
0x4faf9534f8f029d03561d245b3b442b1c2e14ee2,True,2000,1111,508,603,45.7,1.96,39231.91,20,1781968381284,1788660179977,77.5,8325.19,0.212,29541.151877,12,2197.78,7.4,False,False,False
0x4fd5696142fcfb346dd084a19fc28ff6e4a9fca3,True,2000,1002,631,371,63.0,1.17,15218.13,30,1753127604067,1784419200030,362.2,-29857.64,1.962,0.0,0,0.0,,False,False,False
0x4fe8867efeef1786844966200075ab8c1e3785cf,True,2000,961,266,695,27.7,1.37,5060.26,31,1775247437276,1788796160483,156.8,1662.11,0.328,1495.960059,1,72.44,4.8,False,True,False
0x4ff0ef015cb0d6dfcb515928c3af90d0c78923be,True,2000,1005,399,606,39.7,1.12,287.95,52,1785400876360,1788775856222,39.1,124.32,0.432,32079.443875,50,1867.28,5.8,False,False,False
0x50011cf3e4e7dbaec88351ac939ab732e4ac5b3a,True,2000,1164,143,1021,12.3,0.04,-54920.85,10,1783250664815,1784640451557,16.1,-2433.42,0.044,0.0,0,0.0,,False,False,False
0x5012a4eba165f88b7f210e5d8c56a4c14a6a7046,True,2000,662,420,242,63.4,0.45,-14308.83,4,1769974178192,1781480818130,133.2,-5869.86,0.41,0.0,0,0.0,,False,True,False
0x502ad831f083a876e2d4e8859f1eb8b24688e063,True,1558,687,438,249,63.8,0.88,-620.81,15,1773379681133,1780428923619,81.6,-482.22,0.777,0.0,0,0.0,,False,True,False
0x50415b9d886892be314f5cbaf600c3a4b625cbe5,True,2000,1032,464,568,45.0,0.75,-14936.6,8,1781571111552,1787799916437,72.1,-5045.58,0.338,0.0,0,0.0,,False,False,False
0x5050dc334081c6461e294179e825f39744eae9f1,True,2000,1183,1005,178,85.0,0.22,-260068.05,3,1774322123376,1780538691322,72.0,-39654.4,0.152,0.0,0,0.0,,False,True,False
0x505f21430e54d4fac9fa456ead8c35cac0b3b70d,True,2000,807,807,0,100.0,inf,19405.91,3,1788094401913,1788795831963,8.1,1480.98,0.076,14482.382558,2,526.86,3.6,False,False,False
0x506fdc7ebe6c3ac82eb33fc1146ac323d22eecce,True,2000,947,602,345,63.6,0.93,-4178.41,71,1773598649230,1777868341665,49.4,-10736.29,2.569,0.0,0,0.0,,False,True,False
0x507f9e2d1cabaf91daa76c2e60ede27c66e7aaf6,True,2000,1006,394,612,39.2,0.78,-1233.83,30,1786912980663,1788799928458,21.8,896.73,0.727,48.89081,1,4.92,10.1,False,True,False
0x50a3102779cad1df247e3127248e56fe078dcb37,True,1208,602,530,72,88.0,2.92,23627.56,4,1760120219466,1780623373544,237.3,9360.37,0.396,0.0,0,0.0,,False,True,False
0x50d58d2738b9298e63df8cec6c0688006cd43fc7,True,2000,622,294,328,47.3,1.46,1096.66,22,1780533465123,1788469470006,91.9,548.53,0.5,10099.599939,0,0.0,0.0,False,True,False
0x50ef3744265c3aca8fb6588e244502b037c7a8a8,True,600,237,203,34,85.7,6.85,11090.24,9,1784284361050,1788790918000,52.2,1216.97,0.11,9807.467007,1,-64.4,-0.7,False,True,False
0x50fb96edf5161d9dc44f6e9c9a833aa881e3bb29,True,2000,1127,602,525,53.4,1.98,11252.62,4,1788385021949,1788803385227,4.8,892.45,0.079,0.0,0,0.0,,False,False,False
0x51147a2bfb9075f292423ffd12c7c82db87d3240,True,1833,1368,1228,140,89.8,7.47,12660.14,4,1745419518991,1788787395140,501.9,345.93,0.027,0.0,0,0.0,,False,False,False
0x5131dbedaee04af80202bcfae301570e6d17fe6d,True,2000,727,251,476,34.5,0.86,-879.66,8,1772064009661,1787151168616,174.6,315.84,0.359,0.0,0,0.0,,False,True,False
0x513e116cf4cb03f95440b0f7ff6b39e1c9bb24ca,True,2000,804,553,251,68.8,0.1,-75535.59,27,1782932773478,1788737908494,67.2,-5808.26,0.077,0.0,0,0.0,,False,True,False
0x51601e3c52028ab5d2e369db2e934c2ef66ff149,True,2000,741,154,587,20.8,1.62,13316.85,8,1776500210042,1778882571922,27.6,2755.72,0.207,0.0,0,0.0,,False,False,False
0x51702779131fb2bc8426ae40ff12879e2f699297,True,2000,473,271,202,57.3,0.25,-207915.83,34,1759516814632,1788618583922,336.8,-18535.84,0.089,10093.254586,3,729.5,7.2,False,True,False
0x518223584c7e2bd97c16b4eec5f9bb83d757e9d7,True,2000,1104,503,601,45.6,1.44,1399.46,54,1779266084044,1787640103448,96.9,227.77,0.163,45.613377,0,0.0,0.0,False,True,False
0x519c11e412fd81c76291ff5da473f61e0ec87bb2,True,2000,1116,1013,103,90.8,4.54,41340.65,2,1775789493569,1777889121406,24.3,2412.68,0.058,0.00773,0,0.0,0.0,False,False,False
0x51a4cee5e31cc8f3bef1564b7a2d0005e2775a98,True,2000,1160,556,604,47.9,0.57,-137395.79,6,1779176992394,1788548520872,108.5,-39233.75,0.286,221776.059594,3,100781.6,45.4,False,False,False
0x51b6f09db9655921799e06ed788dfbf91933649e,True,56,21,14,7,66.7,1.07,165.93,1,1764450114621,1783160771776,216.6,-1744.29,10.512,5302.5,0,0.0,0.0,False,True,False
0x51c95e4678b19b201d0417c696ad65fa44d475cf,True,1089,496,162,334,32.7,1.1,947.6,23,1762183615635,1784038908859,253.0,1819.91,1.921,0.0,0,0.0,,False,False,False
0x51d522eb0059304bd3d70428ff9725a81601ec78,True,2000,997,420,577,42.1,0.43,-31000.97,22,1786379229713,1788589602215,25.6,-6925.91,0.223,0.0,0,0.0,,False,True,False
0x51ebf5723c2cf262f3d1b40b1d90eb416f9b4867,True,2000,952,579,373,60.8,5.51,646.73,7,1788307442732,1788796094620,5.7,10.03,0.016,9876.305927,4,-929.83,-9.4,True,False,False
0x5207fd45671d648c9e1a3f5b013fd3fc7b54dcef,True,2000,941,90,851,9.6,0.3,-74303.92,6,1770648011336,1777650409859,81.0,9422.56,0.127,0.0,0,0.0,,False,True,False
0x522b92bcc19d01fe7585a9823435fe8204bde0e0,True,2000,1066,698,368,65.5,0.28,-43014.64,3,1787615044988,1788797734858,13.7,-3490.45,0.081,9870.296571,1,-1477.08,-15.0,True,True,False
0x523534ee543d8fc52be60529c4484d6ee02639d8,True,2000,923,488,435,52.9,1.88,17000.14,23,1780440057938,1788797146694,96.7,3690.55,0.217,0.0,0,0.0,,False,False,False
0x5245a1d2a3452648eed9a48f48d3bf3d61c6c129,True,822,226,174,52,77.0,1.58,1354.06,21,1757815263846,1788533255773,355.5,714.72,0.528,9845.117862,1,1556.84,15.8,False,True,False
0x525b8ecd160b60a2a08c4880dfa2a4a3858c0b41,True,2000,1104,371,733,33.6,0.85,-1983.6,6,1771567746548,1784041186899,144.4,789.69,0.398,0.0,0,0.0,,False,True,False
0x52739d598abd6dfdb64e3e0f59f1ddcc3989e59b,True,2000,1267,825,442,65.1,0.65,-2280.35,22,1780570610060,1781049600070,5.5,472.97,0.207,0.0,0,0.0,,False,True,False
0x529585a8d65876a23f2df82cd18556b6d2c491d5,True,2000,966,657,309,68.0,0.59,-19951.61,33,1775762717358,1787690675060,138.1,-8858.44,0.444,2524.936875,0,0.0,0.0,False,True,False
0x52a9f7670d6b26b72712327a5c2dba2736669814,True,1005,531,330,201,62.1,1.39,15207.51,83,1715279724145,1788534553488,847.9,9824.63,0.646,0.0,0,0.0,,False,True,True
0x52c738d4d671d11524ce13fb6ff7821016f34ddf,True,980,385,303,82,78.7,2.95,16079.58,2,1787355773167,1788795256806,16.7,2147.42,0.134,364.933373,1,-120.58,-33.0,True,True,False
0x52e34948cb433b2ca4e87d202fd3651b25d53e32,True,804,418,248,170,59.3,0.55,-8283.51,7,1771408061067,1785508828933,163.2,-3636.3,0.439,0.0,0,0.0,,False,False,False
0x52fabe9155e01f488aed88360e7aeab9aecb23d8,True,2000,325,192,133,59.1,0.64,-1008.63,28,1787639618088,1788805068833,13.5,-244.12,0.242,9540.384444,16,2717.01,28.5,False,False,False
0x530a445ce59467732e5da4df9c0a31f1d80ef16e,True,1495,662,365,297,55.1,1.01,425.47,49,1705687881482,1785970534620,929.2,-4394.79,10.329,0.0,0,0.0,,False,True,True
0x53257d72ba1b38e73a93ae3f28a346c97cd1af58,True,883,448,126,322,28.1,0.59,-11401.15,4,1775122386478,1788796835142,158.3,2284.29,0.2,1524.871095,1,-61.81,-4.1,False,False,False
0x534a7be8abc7ea0562354ba51253e665d9b18b51,True,1956,837,237,600,28.3,0.14,-426853.87,3,1773820831571,1780332040835,75.4,-49997.8,0.117,0.0,0,0.0,,False,False,False
0x535e34b5ada64997afc88444271ae9b3f82b3867,True,2000,1109,117,992,10.6,0.05,-72868.96,3,1779922878302,1780239696008,3.7,-10808.34,0.148,0.0,0,0.0,,False,True,False
0x536c475f536ddc4999038600293d1a0e94cf3e1f,True,2000,724,566,158,78.2,7.47,181220.07,6,1780884158816,1788801883755,91.6,7947.48,0.044,74533.084305,5,14636.75,19.6,False,False,False
0x537f283e5145a53a9a9e53a5570ed225d7e62a8b,True,1153,579,252,327,43.5,0.89,-904.55,9,1774296800647,1782456490077,94.4,469.95,0.52,2e-06,0,0.0,0.0,False,False,False
0x53969485d7422b35c7fe5a4025498f9b69268b79,True,2000,602,602,0,100.0,inf,201456.26,4,1788071101098,1788796539932,8.4,47591.0,0.236,2468006.484238,10,506260.73,20.5,False,False,False
0x53b5eadb3f5e379c3e4b90e0c143ec2ec549c07e,True,2000,884,514,370,58.1,1.22,1000.41,16,1787842242002,1788480000030,7.4,-292.52,0.292,0.0,0,0.0,,False,True,False
0x53c4cf628d36c4a098a80037b5f23d21d00461c8,True,2000,999,489,510,48.9,0.19,-33139.13,6,1784699410378,1788761642485,47.0,-3829.88,0.116,3638.43905,2,-4831.66,-132.8,True,True,False
0x53d938f6ba6cbf9208bb66bedbdf32162d3b4261,True,1036,477,313,164,65.6,0.4,-41637.83,5,1755715204979,1788743967749,382.3,-11076.12,0.266,1523.18369,1,-926.55,-60.8,True,True,False
0x53f49da5d1568d7901750835a2d95cc5e3d5da01,True,1977,788,345,443,43.8,1.55,14742.4,12,1787937472422,1788805370745,10.0,3416.09,0.232,57908.933439,3,-6738.5,-11.6,True,True,False
0x5402ab8530aa873ef3969405aa731238aa86ac0d,True,2000,1131,631,500,55.8,2.69,34661.26,15,1777501281497,1787594793301,116.8,7840.37,0.226,24670.289849,1,5647.98,22.9,False,False,False
0x541e077ac38c56d7bf590924d249c60b0c80071d,True,2000,727,313,414,43.1,0.4,-42248.83,30,1774934376129,1788793191935,160.4,-3413.7,0.081,567981.010533,17,-106739.57,-18.8,True,False,False
0x543c3895dd5e937878fe8ed9dd1479d0b42b8fa4,True,1433,759,542,217,71.4,1.28,11283.33,7,1760158539078,1775934340386,182.6,5647.5,0.501,0.0,0,0.0,,False,True,False
0x545d57c7fe4866d435b021a94382577f2959e961,True,2000,671,625,46,93.1,0.07,-19596.69,10,1785712323861,1788434877897,31.5,-3895.27,0.199,12104.428049,11,-11284.81,-93.2,True,True,False
0x5471374ae27a8466f9e7cfa41606d7585a45cbd2,True,741,384,294,90,76.6,0.66,-7657.93,8,1780437634488,1783319362910,33.4,-3940.01,0.515,0.0,0,0.0,,False,True,False
0x5486c57efb3233238fb3057b7dd964c33b3be349,True,1066,371,217,154,58.5,0.8,-1856.26,32,1734085409060,1778044326759,508.8,-2061.65,1.111,0.0,0,0.0,,False,False,False
0x548f5c0cbde4897d43e8f2a44ba85e38b75fe8b2,True,1042,530,226,304,42.6,1.27,2147.01,11,1776735211693,1778914219428,25.2,-1666.72,0.776,0.006635,0,0.0,0.0,False,True,False
0x54bbaff0728595dffcacc488d70aa7da7004beea,True,2000,1006,398,608,39.6,1.72,6120.3,12,1785815609424,1788557863117,31.7,954.25,0.156,0.0,0,0.0,,False,False,False
0x54cc6ddc8e4df4dc889933847d7cf61d551f109e,True,1979,1037,579,458,55.8,0.72,-2257.16,10,1784649017524,1785146046709,5.8,-665.0,0.295,0.0,0,0.0,,False,True,False
0x54d67347c9d04c363a05dfeafe3a36a097beb3bc,True,2000,716,364,352,50.8,1.3,3222.75,36,1788049738780,1788789341387,8.6,701.63,0.218,60819.491721,21,-4503.87,-7.4,True,False,False
0x54e5141c33561ff79bb3eb193f273f20ade519fb,True,912,420,272,148,64.8,1.16,6371.82,40,1709742000921,1787172058321,896.2,-9074.66,1.424,0.0,0,0.0,,False,True,False
0x550129cd7f7bb0e6db429f8ac0b70a073669e198,True,2000,1223,846,377,69.2,9.69,47587.59,8,1788569206405,1788790736126,2.6,4126.53,0.087,13358.697832,3,-2242.55,-16.8,True,True,False
0x552398406eaf406c6a9a52c7d7d3c601e588dc98,True,2000,902,469,433,52.0,1.05,824.04,20,1781616373642,1788698814005,82.0,-1677.75,2.036,53127.263805,10,-64.96,-0.1,False,False,False
0x5530b58d898296fc49fd88d0de16da420543585c,True,583,222,222,0,100.0,inf,72615.68,1,1780479710070,1780653641176,2.0,1148.76,0.016,0.0,0,0.0,,False,True,False
0x55511e688074c90250e3bc470593e31b529d752a,True,2000,829,516,313,62.2,0.81,-15402.12,14,1774217107751,1788556708266,166.0,-4971.61,0.323,0.0,0,0.0,,False,True,False
0x55628371d55a65a41dd85be77adb4b11df6b40b6,True,2000,917,310,607,33.8,1.9,19940.78,1,1780521537647,1788451489374,91.8,5467.52,0.274,0.0,0,0.0,,False,False,False
0x55775a485c447a27ae3a8b1afa50a662d5adb070,True,2000,1099,330,769,30.0,0.51,-40848.1,5,1786290446799,1788636246416,27.2,-3937.95,0.096,27386.291622,1,-1303.44,-4.8,False,False,False
0x5581dc4ce76018e8da664ca1e2ca3d748564293a,True,2000,1048,441,607,42.1,1.87,14618.38,16,1788525061288,1788795464583,3.1,1819.62,0.124,16542.220799,1,136.0,0.8,False,False,False
0x55a0b2d5ee94017d9fbe7c71c767c313cae90be9,True,2000,965,562,403,58.2,2.31,18308.31,5,1787278046740,1788798498893,17.6,2230.8,0.122,0.003496,0,0.0,0.0,False,False,False
0x55c36d7043868f3afbf57761ae4f1b87b6fbddff,True,2000,1027,714,313,69.5,0.46,-11485.21,18,1780597767395,1783701815092,35.9,-2550.76,0.222,0.0,0,0.0,,False,True,False
0x55dab3f8a9843b92df69dd939fa9f85a11b59e39,True,2000,966,491,475,50.8,0.87,-1909.83,8,1780418416952,1783534942844,36.1,1447.86,0.758,0.0,0,0.0,,False,False,False
0x55f59c70bec7f2e15c9552921f28478c7297c5e9,True,722,416,338,78,81.2,6.33,29834.57,5,1781630101802,1788294206489,77.1,3851.64,0.129,0.0,0,0.0,,False,False,False
0x560ea1dfe8bd617a1f6b4593ca88dd9a4703d1a8,True,2000,938,377,561,40.2,1.84,7750.29,16,1786359663307,1788578958192,25.7,1365.14,0.176,0.0,0,0.0,,False,True,False
0x562650e6d0d42205ab5ac259fb3ae0f375f32e58,True,2000,925,287,638,31.0,0.32,-13252.98,23,1776580253264,1788198720264,134.5,-1847.36,0.139,2734.747337,1,-3676.0,-134.4,True,False,False
0x564bbf08f4c190e12fb8317776925120c8305296,True,2000,1262,378,884,30.0,0.26,-26050.42,16,1787926524533,1788800312629,10.1,-2755.28,0.106,118722.0,1,-4962.0,-4.2,False,False,False
0x567076e33feddc035c3933b2dbe3775a7f661fd9,True,2000,665,346,319,52.0,3.28,709.26,37,1783353666011,1783987200011,7.3,50.04,0.071,0.0,0,0.0,,False,False,False
0x568cad0599e476a76ee1c53f9bad75fda6f0338b,True,2000,851,331,520,38.9,0.81,-3707.14,19,1776880566928,1780683510539,44.0,-1919.15,0.518,0.0,0,0.0,,False,True,False
0x569870903c3ef9768427135f907cb80376d1a3e0,True,2000,1107,278,829,25.1,0.21,-845.48,4,1788185387748,1788486317001,3.5,-58.26,0.069,94069.872061,1,10125.23,10.8,False,False,False
0x56b90628b841a474b18ef7f4b4c162ee7db38912,True,2000,1136,549,587,48.3,1.8,17487.1,21,1767596057197,1785702723576,209.6,1964.45,0.112,0.0,0,0.0,,False,True,False
0x56ce303f5b39d86b7daa80605a612366cd32ff04,True,688,326,123,203,37.7,0.38,-6659.07,7,1774523143365,1780383490597,67.8,-5658.38,0.85,1e-06,0,0.0,0.0,False,False,False
0x56ea2d7eb44f55232d35d3d3a387a12856059bdf,True,2000,974,555,419,57.0,3.68,43745.93,19,1782927870511,1788535042156,64.9,6707.01,0.153,0.0,0,0.0,,False,True,False
0x56fe51aee0619b110fa125b656d877a39e8965b7,True,165,54,8,46,14.8,0.06,-5764.42,7,1741843536796,1775621078429,390.9,-686.64,0.119,0.0,0,0.0,,False,True,False
0x570aa79ca6849d248a5b94d63fb929c65edf77f3,True,2000,973,698,275,71.7,0.48,-39795.57,14,1785370404819,1788804009486,39.7,-16770.78,0.421,3411.19921,2,496.69,14.6,False,True,False
0x571dc359fcc6e62a07dde390a4376463af736a76,True,610,166,121,45,72.9,1.13,3065.97,2,1780008727104,1787934415506,91.7,-6101.5,1.99,21882.914456,2,-1457.64,-6.7,True,True,False
0x572cf45ec7f889515e1771f24bf1220b727215ee,True,2000,915,594,321,64.9,5.89,94228.71,16,1787190352924,1788798244470,18.6,12462.25,0.132,36276.445172,4,-7264.24,-20.0,True,False,False
0x5742261ef0516ad70c4217cc573fa21485289d3b,True,2000,1048,586,462,55.9,1.44,8247.91,10,1766077389800,1781199604511,175.0,-1463.53,0.177,0.0,0,0.0,,False,True,False
0x57660147592d36a51e0fab525ff8d786fc9cccba,True,2000,785,677,108,86.2,1.52,2547.08,5,1787962521017,1788635303487,7.8,1583.77,0.622,0.040355,3,0.01,23.9,False,False,False
0x5772993e02d8a79e4ef5920d245fb01d914f8810,True,2000,936,464,472,49.6,2.49,11925.24,42,1773022525154,1784463072946,132.4,4220.76,0.354,0.0,0,0.0,,False,True,False
0x578b2e075e05a50dfa5a4368990a92a17743c289,True,2000,951,458,493,48.2,1.46,3674.1,48,1781607923767,1788795823720,83.2,534.14,0.145,3442.929607,1,-265.89,-7.7,True,True,False
0x5799df76eaf3b7c5714f1be1d8e61c5f568dde63,True,2000,870,649,221,74.6,1.13,4507.21,21,1777607400586,1788533379999,126.5,-6881.26,1.527,0.0,0,0.0,,False,False,False
0x57a6d995742e4f4936f7edfc26f2119ddaf8a44e,True,215,86,53,33,61.6,0.15,-3430.0,16,1778003403226,1784310541534,73.0,-663.7,0.193,0.0,0,0.0,,False,True,False
0x57bd43924170925cf80a6416a2ff6026f7e6a590,True,2000,571,489,82,85.6,5.57,16006.85,24,1758564417956,1784635014797,301.7,3174.4,0.198,6540.249377,2,-238.88,-3.7,False,True,False
0x57d0c94f876ac7acc9ed90aa5617f0c4c4e56923,True,740,361,156,205,43.2,1.04,527.07,30,1769600023055,1787308412394,205.0,1969.64,3.737,0.0,0,0.0,,False,True,False
0x57df44e484c568f752c0104af6ac8755a0b939fe,True,2000,971,518,453,53.3,1.56,11596.5,27,1754092822175,1788801336201,401.7,3001.57,0.259,0.0,0,0.0,,False,True,False
0x58120e7628a3d85fbaff5faa84d178eacd213c9b,True,2000,1066,416,650,39.0,1.47,39745.19,51,1769369017951,1787365708570,208.3,6003.81,0.151,0.0,0,0.0,,False,False,False
0x5831fb2afcd7a79831eb5f49929dc95046e959e2,True,2000,1496,254,1242,17.0,0.23,-671413.45,5,1745365417223,1779860960809,399.3,62461.38,0.093,16524.542536,1,47050.14,284.7,False,True,True
0x5849fc15d83410e2af76fc9f70cf65e29d559de5,True,2000,903,618,285,68.4,3.45,75332.68,28,1762343736755,1788175135552,299.0,-4206.37,0.056,0.0,0,0.0,,False,True,False
0x586113f6add99b369848ef55af5178118a87b67a,True,2000,915,319,596,34.9,0.67,-3970.53,1,1772718179344,1773070544245,4.1,-1290.64,0.325,0.0,0,0.0,,False,False,False
0x58749ca7cb7e7d92da06cee9ee5d625515b96682,True,2000,1159,469,690,40.5,0.22,-80994.57,6,1780582035483,1781587052322,11.6,-10864.16,0.134,0.0,0,0.0,,False,True,False
0x58858460159985390d2c7b64f8baaf4e5642274b,True,2000,580,404,176,69.7,1.9,6817.39,48,1767562185925,1788713219764,244.8,-900.34,0.132,4809.283134,1,-1877.4,-39.0,True,True,False
0x5892d9165aa779e9cab0c8bf33e7dfbcb8cda314,True,512,249,60,189,24.1,0.16,-32950.58,14,1769996983298,1784669454663,169.8,-18963.3,0.576,0.0,0,0.0,,False,False,False
0x58a2586e0dd00deb374877e282410553e711b360,True,2000,1500,460,1040,30.7,0.22,-78506.12,3,1788431532685,1788704678071,3.2,-11424.9,0.146,308563.838879,1,2053.54,0.7,False,False,False
0x58bda4da33c57b647e73b1bc90d1c5d5b8943fdd,True,301,149,83,66,55.7,1.31,2021.28,2,1770290189846,1778964783107,100.4,1421.86,0.703,0.0,0,0.0,,False,True,False
0x58d06eb3d1b46e9b0bbb4b66be317c451655cc5c,True,888,398,253,145,63.6,1.35,1262.26,44,1779803671283,1784127706546,50.0,-643.42,0.51,0.000623,0,0.0,0.0,False,True,False
0x58de5346ad184a998c6f572dd2ef17cb55f30fb5,True,201,135,109,26,80.7,4.28,13748.54,48,1750820682683,1787711033599,427.0,3235.6,0.235,15134.560732,15,-3346.38,-22.1,True,True,True
0x58ec430a0ba6b8270e2a91132b1dd2d6dcf9783e,True,1001,485,104,381,21.4,0.77,-5422.61,14,1773701789244,1787529600082,160.0,1425.44,0.263,0.0,0,0.0,,False,False,False
0x5908848d85c9265ef3bdb1e0e3302abb1eaa7c55,True,2000,1124,1067,57,94.9,131.53,106262.29,227,1692608246772,1787366322550,1096.7,3423.07,0.032,622.739202,8,-514.83,-82.7,True,True,False
0x591520a77c8b781c4d4ee189f0fb7f88a257d6f4,True,1544,827,516,311,62.4,0.96,-5635.41,48,1718370005297,1788048000065,806.5,-9769.15,1.734,0.0,0,0.0,,False,True,False
0x592d2ed27466f61a32df9cbb7b040260e6d88799,True,193,99,42,57,42.4,0.54,-1801.56,8,1778072632265,1783413228451,61.8,-1808.12,1.004,0.0,0,0.0,,False,False,False
0x5957509ffddf8f46cc931e820e49c5d4095c9d50,True,1409,684,311,373,45.5,0.82,-8989.82,11,1767575734951,1788094612265,237.5,3926.36,0.437,831.218087,1,57.87,7.0,False,False,False
0x597fee7356e8174d1e80293368f18321bf8a5c05,True,2000,966,668,298,69.2,2.38,11605.15,31,1771530775589,1783930580925,143.5,1995.94,0.172,0.0,0,0.0,,False,True,False
0x59971bdcea39d83d60f89c0a1de91d86aca14695,True,1927,802,315,487,39.3,0.43,-13912.17,27,1769782270699,1776877341749,82.1,-940.13,0.068,0.0,0,0.0,,False,True,False
0x59c1ae0ece75f3e64a323d81ddd8f167f6b02803,True,2000,1178,245,933,20.8,1.05,642.45,25,1758232763913,1788362584940,348.7,1235.6,1.923,0.0,0,0.0,,False,True,False
0x59e1120978c195657798a6d789d388d5cb59107e,True,2000,516,356,160,69.0,4.73,67374.76,14,1787878369447,1788754637270,10.1,28444.19,0.422,140071.201016,8,33438.47,23.9,False,True,False
0x59f806f3385ddff84e226817a468f6da163a17f4,True,529,222,118,104,53.2,1.14,2381.92,7,1755212096415,1788710192082,387.7,-1882.54,0.79,3144.891078,1,307.45,9.8,False,True,False
0x5a0bc71fa6010b1789a18b7486417b2ddff1f48c,True,2000,1075,347,728,32.3,0.28,-48928.2,34,1747155054655,1782345600020,407.3,-7405.94,0.151,0.0,0,0.0,,False,True,False
0x5a2079450f5d9abdea4996e88e6710f86838fe0b,True,1189,579,304,275,52.5,1.76,8904.27,39,1704471225202,1788503131510,972.6,1628.73,0.183,4518.054841,0,0.0,0.0,False,True,False
0x5a33aad07e20c1f16d6e4a3958dcfcc0cc14699f,True,2000,1081,441,640,40.8,1.04,599.24,16,1759111553784,1776170209578,197.4,3999.51,6.674,426.137091,0,0.0,0.0,False,True,True
0x5a424c7f7aa88fb818071e9003a8de126fe92035,True,253,108,81,27,75.0,15.08,822.15,10,1770273156555,1788762206035,214.0,149.52,0.182,0.0,0,0.0,,False,False,False
0x5a5ed3083d79f31f295bcdd71fdfb7a188132538,True,2000,991,609,382,61.5,0.96,-828.76,19,1787553817391,1788806052920,14.5,-1998.07,2.411,119646.667911,10,105922.77,88.5,False,False,False
0x5a6af6f2d7d986caeebd210ad590ed95f3e199dd,True,2000,914,841,73,92.0,10.05,3397.12,31,1787706290515,1788797439947,12.6,246.83,0.073,1077.027396,1,-196.08,-18.2,True,True,False
0x5a7dbacfce7dde263d13468785e061645022a4c7,True,2000,1031,447,584,43.4,1.4,3085.67,50,1766257081005,1788783441037,260.7,1757.25,0.569,1603.89193,3,45.51,2.8,False,True,False
0x5a8e3243a74d097741157064b85314a6bc846f0e,True,1755,746,376,370,50.4,2.35,28027.41,107,1705120332381,1788633448339,966.6,9551.89,0.341,0.0,0,0.0,,False,True,False
0x5a977bbc9ec9e55069d203cc10f47d9881a0c0df,True,226,101,51,50,50.5,1.28,505.48,1,1787752091755,1788376684078,7.2,-435.38,0.861,0.0,0,0.0,,False,False,False
0x5aa13316231716ea438eb243feabc296a9094b2b,True,2000,1464,897,567,61.3,9.07,700800.13,4,1787217903886,1788715110648,17.3,39662.82,0.057,314671.488353,1,697020.11,221.5,False,False,False
0x5aadb434293b4e1b8fb2e84007e567506fe65a96,True,2000,613,165,448,26.9,0.69,-11343.84,6,1787169076572,1788474327134,15.1,-6540.5,0.577,0.0,0,0.0,,False,True,False
0x5abe52fe947a67a3c92953072cc676ae104c5774,True,282,104,71,33,68.3,1.52,1826.67,10,1779689195876,1788766872157,105.1,1019.27,0.558,9886.184147,1,-516.06,-5.2,True,True,False
0x5ac6b54a44e9d865e5a8180350a41c5478986bf0,True,2000,1093,430,663,39.3,0.37,-12881.24,2,1788579092773,1788808336260,2.7,-324.31,0.025,173708.70626,2,4705.71,2.7,False,False,False
0x5ad96a3986b9d2cfab1d39c68002edd17263f5ef,True,2000,665,416,249,62.6,4.33,5253.81,12,1788779897241,1788808207976,0.3,533.58,0.102,1065152.117081,22,-59876.56,-5.6,True,False,False
0x5aeb8e9fddb391940bd71f5429641ee64b5ae317,True,2000,976,546,430,55.9,0.79,-1532.62,33,1781005906731,1788540475937,87.2,-411.21,0.268,0.0,0,0.0,,False,True,False
0x5afe19a8e8b62dda50050dcad297391f8ea72999,True,2000,882,621,261,70.4,5.87,49656.67,42,1732888917340,1780452554357,550.5,1820.1,0.037,0.0,0,0.0,,False,True,False
0x5b1c220c5d481ae836a5457778f3175d62e48305,True,2000,1005,719,286,71.5,3.4,67147.38,53,1760409266592,1788477748684,324.9,5947.66,0.089,8521.390695,4,-10281.37,-120.7,True,True,False
0x5b2a8a9480b54e626bf8375f0de62a8072439f3e,True,1024,499,167,332,33.5,1.15,28024.84,3,1772615241785,1786111936290,156.2,16209.9,0.578,0.0,0,0.0,,False,False,False
0x5b538659137bd19b4e402e5c550df5a26fcb1165,True,1924,936,625,311,66.8,0.47,-10546.99,11,1787498376936,1788792679325,15.0,925.06,0.088,28437.316714,3,2716.81,9.6,False,True,False
0x5b62ea095423686c1dc4d068cee76c4c2d1ccb9e,True,2000,906,176,730,19.4,0.18,-69032.18,3,1772384858257,1776674680769,49.7,-12588.92,0.182,0.0,0,0.0,,False,True,False
0x5b7926214fe3be87ff011e8342d42b5fe67a8d29,True,2000,955,498,457,52.1,0.57,-6075.37,19,1782474673161,1788776941803,72.9,-585.91,0.096,7341.659256,18,-293.29,-4.0,False,True,False
0x5b872607daddcf349b85cb99d82d157ce64b9bde,True,1897,782,468,314,59.8,2.69,139107.68,33,1704367785937,1787860796065,966.4,50492.99,0.363,17798.729515,1,7479.28,42.0,False,True,False
0x5b9cbe2ce6f111b22e631313b5ed2f019ad9562c,True,2000,936,627,309,67.0,4.78,57653.03,32,1787229898229,1788794529560,18.1,5954.59,0.103,0.0,0,0.0,,False,True,False
0x5bb30a3046e786f5e12e2656e175089cad735aec,True,542,280,162,118,57.9,1.87,2036.35,23,1731881311007,1780444800019,562.1,576.27,0.283,0.0,0,0.0,,False,True,False
0x5bc43f38c2ddcd85857f218674cd384f172c3b0c,True,2000,1293,1214,79,93.9,0.54,-2619.19,10,1787938430240,1788541063748,7.0,-944.08,0.36,945517.905055,15,-1995096.31,-211.0,True,False,False
0x5bd7c6331ad997f1f242ae29cd31e404c28fad71,True,1363,764,352,412,46.1,1.36,3188.48,20,1784817278501,1786306283932,17.2,1087.48,0.341,0.0,0,0.0,,False,True,False
0x5bf8068463fbe07bd2d4f73721e28f0a78d9062b,True,2000,1144,324,820,28.3,0.23,-121673.3,3,1774279524361,1787243598699,150.0,-12295.0,0.101,0.0,0,0.0,,False,True,False
0x5c100ae6e2eaf1acc0418cc0becab465cb6a5d48,True,220,107,60,47,56.1,1.27,592.88,4,1774251122169,1774829957024,6.7,529.16,0.893,0.0,0,0.0,,False,False,False
0x5c1f82f79290649a8bf02a8572c4df0a277a24b6,True,1981,953,399,554,41.9,0.92,-1124.52,6,1775833243990,1779342581817,40.6,-1434.36,1.276,0.0,0,0.0,,False,False,False
0x5c3f126c107ee8c914e6a5b3d21f40d4f83937f4,True,457,200,200,0,100.0,inf,130403.59,2,1785525227852,1787920699827,27.7,7156.43,0.055,183908.985964,1,87861.29,47.8,False,False,False
0x5c46557fd4d4c6c8b1fd56f4d05c5a8320e759ec,True,2000,831,392,439,47.2,0.53,-8252.94,29,1776431283914,1787025621399,122.6,-2359.85,0.286,0.0,0,0.0,,False,True,False
0x5c63c6a6d2ce2277aaba8f39245cc27df6ab34c1,True,364,165,51,114,30.9,0.17,-11191.87,1,1786378482070,1786897049867,6.0,-1428.19,0.128,0.0,0,0.0,,False,False,False
0x5c8045554aae07de9b0e009ac5a9c26e27638dad,True,2000,1018,460,558,45.2,0.8,-1236.37,93,1743636542182,1788048000065,514.0,-867.41,0.702,0.0,0,0.0,,False,True,False
0x5c92c6e4b3bacd41390944cd70a59e3f88562d97,True,2000,1791,907,884,50.6,1.14,592.56,14,1788753836945,1788802756862,0.6,-166.94,0.282,1234652.317576,0,0.0,0.0,False,True,False
0x5cab8b485d84ca6e1531a920b5d4fdbeb412688f,True,1049,452,236,216,52.2,1.71,7472.59,10,1779614779923,1788798425050,106.3,1628.81,0.218,10889.419304,4,-1159.9,-10.7,True,True,False
0x5cbee6bd48ca02d59a0dd8da941649c2d54346bf,True,2000,724,529,195,73.1,3.08,3125.66,9,1785992444713,1788707160902,31.4,-299.23,0.096,16400.326432,2,-20434.44,-124.6,True,True,False
0x5ccbf1d5f8baeea9f03b6ce973323b6eb4331f67,True,1442,714,398,316,55.7,1.4,15561.95,10,1779664511590,1782490909478,32.7,3354.5,0.216,0.0,0,0.0,,False,False,False
0x5ce69cf35e1c9dbaa211f0d37c16983c019c6874,True,1168,499,83,416,16.6,0.95,-176.21,9,1786641204146,1788402726327,20.4,622.12,3.531,0.0,0,0.0,,False,True,False
0x5cf2cc2c71231c23cd5c5a008b9339da33f0fa57,True,2000,1127,155,972,13.8,0.04,-113687.92,2,1785562783502,1788408743822,32.9,-3428.69,0.03,0.0,0,0.0,,False,True,False
0x5d10d14e34108227aa7a87fe8236cec94f262b7f,True,2000,1068,764,304,71.5,0.21,-116834.86,3,1779617095780,1780677298483,12.3,-8076.41,0.069,0.0,0,0.0,,False,False,False
0x5d2b3cfdd31562ffce9c9ae8df32259c22dffd06,True,2000,717,345,372,48.1,0.61,-23439.32,22,1756272300444,1788735899480,375.7,-12936.26,0.552,0.0,0,0.0,,False,True,False
0x5d4f84a45d2efe0ed6bd588fd5fdd802b6b506d0,True,2000,1101,525,576,47.7,0.81,-2656.44,6,1783604622632,1788393864029,55.4,768.99,0.289,4402.983655,1,451.67,10.3,False,False,False
0x5d7004bf99ac11f3c8c900a9eb630ec4fcb9d399,True,931,320,124,196,38.8,0.47,-19030.12,1,1785733272977,1787926915483,25.4,-8721.31,0.458,0.0,0,0.0,,False,False,False
0x5d8bd342d2e17a7d58bc49904a2017ed0c40105a,True,2000,954,548,406,57.4,1.21,157.13,72,1775376533713,1788739864197,154.7,71.96,0.458,713.229599,16,-86.61,-12.1,True,True,False
0x5d9569ba6b9438e719d6e9c469146ef1fe296d2a,True,2000,955,388,567,40.6,0.57,-16358.11,29,1762007936169,1778023024819,185.4,-2981.0,0.182,0.0,0,0.0,,False,True,False
0x5da5581a5bafcf21aa8de7def4e6c0960cf65e1e,True,2000,896,460,436,51.3,0.69,-6290.01,12,1779959609685,1786355797955,74.0,-2033.42,0.323,0.001161,0,0.0,0.0,False,False,False
0x5dc24730ec9551be3e7e0ea087e8254a3797f0c6,True,2000,951,538,413,56.6,0.5,-8219.71,20,1761243509921,1787460086420,303.4,-4573.39,0.556,0.0,0,0.0,,False,False,False
0x5dcd7e05a67f2dace73f14a01e7632ee1c2798bb,True,167,88,59,29,67.0,0.43,-20421.96,1,1775753092163,1788471271473,147.2,-11661.7,0.571,0.0,0,0.0,,False,True,False
0x5df03a42c25acd9d52df88952d53c765d3fdc531,True,1008,393,177,216,45.0,0.4,-10925.15,14,1764750691066,1784275603308,226.0,-3427.7,0.314,0.0,0,0.0,,False,True,False
0x5dfdf21a37ffe69b0b9f3553871868a9c83be577,True,2000,868,397,471,45.7,1.14,2853.12,3,1781544717276,1782226271808,7.9,1666.5,0.584,0.0,0,0.0,,False,False,False
0x5e13d5cedbddd7237f659947ce64bec1294e2607,True,2000,1003,421,582,42.0,1.96,51539.86,10,1783964380527,1788346207398,50.7,7163.2,0.139,2800310.117927,2,2623.41,0.1,False,True,False
0x5e246496fdf6ecd94fef0172efd972a9fa1233c0,True,2000,1009,388,621,38.5,0.18,-148566.87,12,1773058556306,1787316278237,165.0,-10423.59,0.07,0.0,0,0.0,,False,True,False
0x5e4d4f76972e2222f5c33eaef82c23c037b5202a,True,302,139,110,29,79.1,0.29,-7963.94,1,1785428225901,1788447671196,34.9,-2177.64,0.273,0.0,0,0.0,,False,True,False
0x5e59073f5b92f7936955541a52201ed37efac4d0,True,1694,882,176,706,20.0,2.08,46044.65,3,1785357075970,1788796003102,39.8,17396.35,0.378,11406.238942,1,-1017.54,-8.9,True,False,False
0x5e6cf2f5fd86c9f28fb1fc73664b0b8ceafacbeb,True,1451,187,76,111,40.6,0.87,-4161.09,8,1782825723981,1788720245375,68.2,18552.1,4.458,22688.543466,3,-57449.77,-253.2,True,True,True
0x5e87277b3a2e21bd725f43489b25c1c4ae9722c3,True,2000,957,564,393,58.9,0.73,-5492.77,19,1781405553749,1788484838066,81.9,-1352.56,0.246,0.0,0,0.0,,False,True,False
0x5e9d3397ee5a2c207ef757db26cca95d48845fd8,True,1953,747,406,341,54.4,1.69,6546.86,13,1763175857457,1775150182263,138.6,837.24,0.128,0.0,0,0.0,,False,True,False
0x5eb2a73703a427accf81757eda67ebe1dfd6f925,True,2000,1078,27,1051,2.5,0.11,-134867.88,9,1782918844743,1787770789547,56.2,-14608.53,0.108,0.0,0,0.0,,False,True,False
0x5ec5fd7ca49a528fea6ae77edab936fd8f048c2c,True,1940,885,580,305,65.5,5.03,58008.12,18,1741031726481,1788519418054,549.6,6634.34,0.114,58483.379963,3,1591.43,2.7,False,True,False
0x5ed3139fc8367defaaf5469721aa615c0252e094,True,593,196,185,11,94.4,13.12,8487.02,9,1780777327749,1784542508221,43.6,1472.75,0.174,0.0,0,0.0,,False,False,False
0x5ee8c81d68bcb66d060246d18b8274992674afc2,True,1400,547,238,309,43.5,0.64,-25649.52,12,1710458082623,1775499074113,752.8,-10348.51,0.403,0.002512,0,0.0,0.0,False,True,False
0x5efee372c745c3503357e6537ca37c9d4808b685,True,2000,934,576,358,61.7,1.76,16477.24,34,1776348138705,1782462967904,70.8,2682.66,0.163,0.0,0,0.0,,False,True,False
0x5f12d70886ca210ea6baa7e83dacfae943be2681,True,1175,574,373,201,65.0,0.73,-15481.18,9,1754544918997,1778859884910,281.4,-12655.65,0.817,3.7e-05,0,0.0,0.0,False,True,False
0x5f233a58c444c3482a225c0bca279584865b666f,True,2000,852,497,355,58.3,1.32,14621.44,18,1760132713870,1788495797520,328.3,-8480.79,0.58,5014.648594,1,-617.4,-12.3,True,True,False
0x5f3c57ef8e4a664f3d28ef3bac38dc6cadc3cc4b,True,2000,957,589,368,61.5,0.65,-4805.61,50,1784149909000,1788795633189,53.8,1299.0,0.27,0.0,0,0.0,,False,True,False
0x5f52bf4bc42bebd48f3c7baffa7d09830fdff0c7,True,2000,916,278,638,30.3,1.42,16769.61,5,1780380550472,1788754393253,96.9,7000.53,0.417,0.0,0,0.0,,False,False,False
0x5f7227098ecf97ebe84b615bfd9d797cc8d5dcc7,True,2000,1011,384,627,38.0,1.17,1864.04,34,1776270377387,1781446778072,59.9,545.46,0.293,0.0,0,0.0,,False,True,False
0x5f7e1de048ba1f23f60b1455849eebfce4a6b441,True,2000,737,84,653,11.4,0.14,-92822.93,2,1788190794899,1788790639153,6.9,-7039.34,0.076,0.0,0,0.0,,False,False,False
0x5f96906b85010f729e36d5a4141d027194a47b60,True,2000,1055,420,635,39.8,3.58,32276.24,6,1788069881255,1788790787602,8.3,7394.1,0.229,16665.046986,1,0.04,0.0,False,False,False
0x5fa8e98a05c5d2da68b284616b1005498045ec4d,True,2000,1179,1133,46,96.1,41.01,14984.99,2,1788385704289,1788798676406,4.8,1025.3,0.068,10181.212636,1,650.79,6.4,False,False,False
0x5fbd0c50d414a58c1194696391cccdb0a3750d1c,True,2000,724,333,391,46.0,0.99,-37.05,36,1781423158627,1784250253966,32.7,312.32,8.43,0.0,0,0.0,,False,True,False
0x5fd9571ff8160999f7d5b2c2596de3eebada7a94,True,2000,1116,353,763,31.6,0.52,-14585.39,13,1786996835467,1788466012533,17.0,-3054.72,0.209,0.0,0,0.0,,False,False,False
0x5fee6d84640382033470c2212bc6ab67f4c161a3,True,2000,943,340,603,36.1,0.66,-11711.39,10,1772518843590,1780365935895,90.8,-3077.52,0.263,0.0,0,0.0,,False,True,False
0x5ffdbff355e198cf02a12d4a4015014a6602f8f9,True,406,205,133,72,64.9,1.26,493.25,19,1786522214789,1787509933061,11.4,-363.66,0.737,0.002939,0,0.0,0.0,False,True,False
0x601d1073342d8b50e5754b22a46b0246832381f8,True,2000,886,311,575,35.1,1.24,1915.02,41,1782329886701,1788737507188,74.2,1082.74,0.565,1158.276293,2,-37.05,-3.2,False,True,False
0x603a18f4195875ac98cebc0b4820728580646682,True,2000,939,386,553,41.1,1.01,261.48,3,1788373657635,1788804242271,5.0,992.35,3.795,0.0,0,0.0,,False,False,False
0x6051f3a14510326bf40d090ad869edb1eaaa79b1,True,2000,850,346,504,40.7,2.76,57106.22,11,1760716931839,1785269460260,284.2,4570.49,0.08,0.0,0,0.0,,False,False,False
0x606e1ed7ee439289b81cd190703cff5c3c838e06,True,1709,832,676,156,81.2,0.59,-10861.89,8,1771436598934,1788672798717,199.5,-4782.97,0.44,1189.922398,1,-5643.06,-474.2,True,True,False
0x607f04f3c1c97a89704c83d4bc3aef8b791ae59f,True,2000,1066,435,631,40.8,0.62,-5619.28,14,1782474236646,1788794862022,73.2,-549.56,0.098,0.0,0,0.0,,False,False,False
0x609f9d495e568d16001efe71cca4d9b34cc690fe,True,2000,811,527,284,65.0,1.13,531.16,11,1773814824080,1788713109439,172.4,396.85,0.747,0.0,0,0.0,,False,True,False
0x60b081bd8ee2b0e5a2b8f17503322cf7ee7a991e,True,1103,12,12,0,100.0,inf,503939.96,4,1784327722806,1788714200012,50.8,341892.04,0.678,2014605.215738,2,-484067.48,-24.0,True,False,False
0x60c4ae0ee854a20ea7796a9678090767679b30fc,True,2000,877,554,323,63.2,0.93,-571.64,10,1772558576777,1788797413755,187.9,-381.69,0.668,373.915074,0,0.0,0.0,False,True,False
0x60d12ab487fa117f472abaff4b2b0d676c3a4c9a,True,2000,1259,750,509,59.6,1.8,19987.47,15,1787592224043,1788796948595,13.9,-4831.64,0.242,0.0,0,0.0,,False,True,False
0x60ec1e2d7f053488a5e005e22d1233050a5d304e,True,2000,854,525,329,61.5,1.94,13147.95,2,1777959968562,1780533156795,29.8,2453.43,0.187,0.0,0,0.0,,False,True,False
0x60fe5cbd886a778f584ffcc63833b068104d1f77,True,2000,882,508,374,57.6,2.56,24330.56,13,1770022210004,1787315427073,200.2,1610.66,0.066,0.0,0,0.0,,False,False,False
0x6112402b6e3ccfe2dfb324ce3f1f428b1d5b31b8,True,2000,1044,299,745,28.6,1.75,5229.13,19,1778631664475,1788510961022,114.3,2165.05,0.414,0.0,0,0.0,,False,False,False
0x612b59459c7a63288a7d89a385899afe18bcaa09,True,2000,1093,447,646,40.9,1.11,785.34,25,1786554659122,1788805065991,26.0,578.84,0.737,26.954488,1,-0.4,-1.5,False,False,False
0x613928a36734357932b87634e5b1ed07aea9e106,True,372,198,102,96,51.5,1.49,600.1,10,1774963063019,1783893616761,103.4,508.02,0.847,0.0,0,0.0,,False,False,False
0x614c852a94ae3227d13e86fd99dc88582652b4df,True,2000,967,592,375,61.2,0.32,-30335.39,32,1779605585605,1781989747344,27.6,-4831.24,0.159,0.0,0,0.0,,False,True,False
0x615a2071e01b28093e65d81be32cea6e173d69d5,True,2000,2000,2000,0,100.0,inf,532808.3,1,1788094584501,1788104087205,0.1,26141.63,0.049,2381963.67347,1,2003725.83,84.1,False,False,False
0x6177b5bf3aa32a9c3a962c7a5197c5d9a5433b00,True,2000,1132,1030,102,91.0,39.71,5585.98,5,1774786918569,1788736180061,161.4,216.54,0.039,791.396181,2,-50.4,-6.4,True,True,False
0x6193a01c10fc29043b9d86a5462f06953e035624,True,2000,1184,624,560,52.7,0.66,-9466.53,11,1774332188349,1774978230167,7.5,1651.48,0.174,0.0,0,0.0,,False,False,False
0x61b285f6ec7ef3da7d21fd9ff85a6014a33868ce,True,2000,1023,544,479,53.2,0.9,-1299.04,43,1777489635420,1788732579107,130.1,-1584.1,1.219,584.003584,2,235.35,40.3,False,True,True
0x61cd752063bcdb6bdcec168c3ea3f6dde24953b3,True,181,94,58,36,61.7,0.63,-1746.62,9,1763720590412,1782868403100,221.6,-1337.85,0.766,0.0,0,0.0,,False,True,False
0x61e0566d83fa94ff7bcc0a0f1e7bdff035e7ba42,True,801,437,329,108,75.3,2.0,18886.76,8,1773239189662,1778216794272,57.6,3796.29,0.201,0.0,0,0.0,,False,False,False
0x61fae929c4715938ccfc0007f1da8449c2a792bd,True,1299,632,289,343,45.7,0.52,-10365.55,9,1773019888089,1787571387355,168.4,-1975.83,0.191,0.0,0,0.0,,False,True,False
0x6217be04ad78ecaa59a6a165950c17f6f604927d,True,2000,971,330,641,34.0,0.05,-437402.09,8,1760457325463,1788446124389,323.9,-49575.96,0.113,0.0,0,0.0,,False,True,False
0x622fc18a3f1a616a331b96e4c17f1b457feb5c6f,True,2000,153,18,135,11.8,0.52,-10465.29,9,1785359745127,1788755675653,39.3,5139.13,0.491,190467.178968,5,374339.04,196.5,False,True,False
0x6241d91ff074d79708b53ee66d6522d02a98b6e4,True,2000,1001,652,349,65.1,0.97,-166.11,9,1780326886230,1788797809173,98.0,-225.8,1.359,115.27363,1,-14.19,-12.3,True,True,False
0x6262acd93e84df493fec756d713c6103834f4279,True,218,126,40,86,31.7,2.42,6656.81,12,1764688644531,1787302748221,261.7,6695.81,1.006,0.0,0,0.0,,False,True,False
0x62865d9318ec2dd2717ff9bfb81fa4dc7dfed7cc,True,2000,1162,625,537,53.8,0.94,-3078.02,52,1747993544537,1788134400007,464.6,-4814.03,1.564,46841.656289,1,41570.75,88.7,False,True,True
0x629e14b9826310b838302affa403874c5316e4cc,True,2000,961,789,172,82.1,1.06,4251.44,14,1776873484190,1780539831475,42.4,-13421.88,3.157,0.0,0,0.0,,False,True,False
0x62c6dade446498d56bf8365d0385ba012edf9782,True,2000,812,807,5,99.4,15427.14,13880.87,2,1787910251265,1788482017040,6.6,834.33,0.06,0.0,0,0.0,,False,False,False
0x62dbec4cd5fbc4b84994fc52520cd300b7168312,True,2000,691,402,289,58.2,0.42,-38957.71,1,1787545792025,1787843236851,3.4,-3504.67,0.09,0.0,0,0.0,,False,False,False
0x62fe8b6c9295e2c7abc132f71803a70cb3d1c59d,True,585,201,130,71,64.7,1.47,1108.07,27,1778287994178,1778874317289,6.8,970.42,0.876,0.0,0,0.0,,False,True,False
0x630a70879f52bd10fbb5da705b01df46437a5e0b,True,2000,1026,194,832,18.9,0.94,-610.73,45,1782902801537,1788442995428,64.1,966.75,1.583,10721.524584,8,24778.27,231.1,False,True,False
0x6333244516c93815c3f28181ee8819956d0acec8,True,2000,1256,885,371,70.5,0.84,-14892.45,21,1776547381340,1785140229821,99.5,-9586.71,0.644,0.0,0,0.0,,False,False,False
0x6347443cca21850b4f544585f4f137858edc9bac,True,2000,988,628,360,63.6,0.9,-7260.35,8,1779662220731,1787203241238,87.3,-4914.32,0.677,0.0,0,0.0,,False,True,False
0x635e1def615ba5cc3dadc18c91ff29996aced7b6,True,1422,540,410,130,75.9,0.55,-7344.11,11,1772619967328,1788664318061,185.7,-12969.8,1.766,0.0,0,0.0,,False,True,False
0x63708f1192c8fe900b74dda3a02328b6ce4724a2,True,2000,1060,856,204,80.8,0.56,-110674.43,4,1780760303206,1780870504321,1.3,-22534.67,0.204,0.0,0,0.0,,False,True,False
0x638e96b7a155eb2b0859824f6b4acfedb25bf9bf,True,2000,1851,0,1851,0.0,0.0,-59017.94,1,1788479925162,1788638147068,1.8,-1192.71,0.02,53517.815044,1,-14967.29,-28.0,True,False,False
0x63a0d2f777f1b4161a51c99f5166132a08a3401d,True,2000,909,278,631,30.6,0.71,-4682.72,10,1787764677848,1788447538221,7.9,1158.25,0.247,0.0,0,0.0,,False,True,False
0x63bbd66eeefe1be07c16a502c60fb0c8648a7407,True,2000,1021,464,557,45.4,0.53,-3383.72,2,1786735962429,1787262238646,6.1,-958.74,0.283,0.0,0,0.0,,False,False,False
0x63cae2d77255aec63bb3255197d7e5e545d5b217,True,2000,1072,738,334,68.8,0.19,-73439.9,28,1760130768756,1788525016378,328.6,-24155.54,0.329,3457.624232,1,3410.75,98.6,False,True,False
0x63df72803882b03d396f67b4801923dbeefa592f,True,2000,546,280,266,51.3,0.29,-11752.8,25,1786935415512,1788795801101,21.5,-1088.74,0.093,0.0,0,0.0,,False,False,False
0x63f6411ca61733af716c9a50a56a84ea38a0af59,True,2000,1145,540,605,47.2,2.07,200.72,116,1788806489030,1788809146471,0.0,180.73,0.9,89812.368476,89,560.17,0.6,False,True,False
0x64174450c49242535b4184e3988cc4145b80526c,True,2000,570,296,274,51.9,0.96,-457.29,23,1787758161765,1788795805313,12.0,-1215.01,2.657,15156.893664,5,674.12,4.4,False,True,False
0x6423f3e39b2fa59107a67680ecbcd715a0e23457,True,643,303,144,159,47.5,0.98,-333.95,2,1760108571666,1782323350137,257.1,-2481.37,7.43,0.0,0,0.0,,False,False,False
0x6437a8dfb793266a44c00150b3c108f3049a96ee,True,33,28,19,9,67.9,4.35,6716.71,4,1738654641136,1785807768757,545.8,1894.39,0.282,0.0,0,0.0,,False,False,False
0x6455d9f7b9e6c33b244186cd533b6d3fb5bc0a3d,True,912,601,442,159,73.5,0.69,-964.58,4,1778196348352,1780548210997,27.2,-845.67,0.877,0.0,0,0.0,,False,False,False
0x64697508c394458afe9f279a69c5d5d159a3eb1c,True,624,232,108,124,46.6,0.43,-10919.81,8,1769640380344,1788508288472,218.4,-4947.29,0.453,1969.945486,1,313.01,15.9,False,True,False
0x6479c04965a0f157461d6bd3f3670475f68aa94e,True,2000,969,436,533,45.0,0.84,-11454.08,37,1761593584686,1788410018277,310.4,3113.82,0.272,2080.939685,2,847.74,40.7,False,True,False
0x649156ebf0a350deb18a1e4835873defd4dc5349,True,2000,670,628,42,93.7,176.92,137325.83,6,1786606119911,1788788172057,25.3,4333.48,0.032,11138.536277,1,-9545.3,-85.7,True,True,False
0x64a2f935ccd0e8f7700155a30b5fed7f6f04529c,True,2000,889,496,393,55.8,3.49,15046.61,7,1788310843922,1788799524384,5.7,1157.29,0.077,0.0,0,0.0,,False,False,False
0x64b4b4eb840565515d388b3c3f8b02ab13093b19,True,564,246,87,159,35.4,0.25,-52229.08,12,1762385878433,1788452737257,301.7,-16899.11,0.324,0.0,0,0.0,,False,True,False
0x64dc33a52643819d7ea14af12023dd09849b4301,True,262,118,55,63,46.6,1.8,1478.26,1,1780279266602,1780328797865,0.6,709.61,0.48,0.0,0,0.0,,False,False,False
0x64e714344780b12384597f5bf9ae35f9adf98863,True,2000,1027,410,617,39.9,0.55,-26472.37,16,1759252679090,1773075881305,160.0,-6630.2,0.25,0.0,0,0.0,,False,True,False
0x64fd2937bd8381911788f8354150b4f652bd42ca,True,2000,968,274,694,28.3,0.75,-9147.01,30,1762285323529,1788745415458,306.3,5941.61,0.65,21230.705,0,0.0,0.0,False,True,False
0x6521820d25b4e399e652cbe80880959973000889,True,1576,626,428,198,68.4,2.34,26585.28,13,1761043315489,1787529600082,306.6,3020.4,0.114,0.0,0,0.0,,False,True,False
0x653e5d056acf05de57eac247c72128d86d2f07f7,True,2000,912,714,198,78.3,0.7,-61079.26,3,1770836198382,1788704617768,206.8,-29957.81,0.49,958.920153,1,-68.13,-7.1,True,True,False
0x654aa94367725de1b5e7bb8cf24cb87bbd9589f5,True,2000,1087,641,446,59.0,0.83,-5502.85,5,1785061210206,1785737839562,7.8,-2047.73,0.372,0.0,0,0.0,,False,True,False
0x655ae60bed170ce07183a2feb8c1c1737dd1a688,True,1014,408,248,160,60.8,0.7,-2552.83,26,1707935749237,1788802190420,936.0,-1848.98,0.724,0.0,0,0.0,,False,False,False
0x656c54089502d4ab36a35166b514ec761c33f4b7,True,2000,1825,1269,556,69.5,0.57,-32234.07,13,1779841517610,1788263858180,97.5,9334.64,0.29,0.0,0,0.0,,False,False,False
0x657da4bdfa213667d586e6636ce2e287b3ead803,True,369,180,63,117,35.0,0.68,-2287.73,4,1773000194622,1780076282611,81.9,-1273.51,0.557,0.0,0,0.0,,False,True,False
0x6598f1b6d0e3650b106e150e53cc81dd6578655c,True,2000,1064,322,742,30.3,0.95,-771.04,10,1753353328046,1788787564606,410.1,892.47,1.157,675.385643,1,161.13,23.9,False,False,False
0x65b907b17bb088e4f7ab30561a8c6106b2e5738b,True,2000,648,174,474,26.9,0.77,-267.82,33,1788279657622,1788809075069,6.1,91.92,0.343,647.525526,13,-444.11,-68.6,True,False,False
0x65cf86e71afd816e6f9b8adaffab6a95b7bbbfd8,True,2000,1081,504,577,46.6,1.77,22145.92,5,1755224628773,1788080539852,380.3,-2054.85,0.093,0.0,0,0.0,,False,True,False
0x65dcf8fff870366186e5f8305b61fea27bc53ae7,True,432,237,131,106,55.3,0.07,-10275.37,4,1788104233503,1788415220877,3.6,-1597.16,0.155,0.0,0,0.0,,False,True,False
0x65f12f3ac00b4b0196653410a8945c4da05c0d6b,True,2000,922,252,670,27.3,0.46,-30116.23,8,1750380137124,1788663789493,443.1,-3776.26,0.125,10.100745,1,0.91,9.0,False,True,False
0x66037c2f1d055937a808344aa80c44dfb29a7c39,True,768,328,183,145,55.8,0.99,-190.75,10,1780547247330,1786058925766,63.8,-6955.74,36.466,0.0,0,0.0,,False,True,False
0x661c021747a251f7d15911da533beb48fb06c55a,True,2000,929,495,434,53.3,1.77,7263.69,41,1784195106826,1788791832183,53.2,620.12,0.085,12256.027561,7,-35.59,-0.3,False,False,False
0x662ae31af11db89c02eeac73a36372a860248e5c,True,1215,692,358,334,51.7,0.87,-3052.2,26,1773235800321,1788529146135,177.0,-3792.21,1.242,0.0,0,0.0,,False,True,False
0x663c79e9e529b12e999acaa0f4abd94acc692a2f,True,2000,947,458,489,48.4,0.8,-1838.66,1,1781998152407,1782854840919,9.9,-1557.97,0.847,0.0,0,0.0,,False,False,False
0x6653cbb797ec163d16b8178d2fe4e6d9210a8d0c,True,2000,1283,637,646,49.6,0.86,-134.3,8,1788754869593,1788809315869,0.6,-22.07,0.164,100436.958815,8,-11.63,-0.0,False,True,False
0x6664201bfaa2c8a9eba60d02ee3932318f3d6293,True,2000,795,531,264,66.8,0.95,-1598.71,5,1780814192262,1788788652364,92.3,-8733.96,5.463,4942.511955,1,-877.18,-17.7,True,True,False
0x667c66a1dde2ef5a2f92414ae51e07a8d91e135d,True,2000,1075,397,678,36.9,1.53,14323.71,20,1749825544835,1788585538177,448.6,2346.55,0.164,0.0,0,0.0,,False,True,False
0x6690479016852bcfe976aafd5617102ac9d60bb7,True,2000,790,217,573,27.5,0.66,-4093.5,3,1783126889654,1785963661500,32.8,933.65,0.228,0.0,0,0.0,,False,False,False
0x66a1923c3a9a9da620bed3117cd7ad868f8113af,True,2000,691,293,398,42.4,1.1,248.64,14,1788701614142,1788809130752,1.2,-304.37,1.224,15253.130337,4,3506.66,23.0,False,False,False
0x66b8caf57cb4a8c3b5723a0ffdc2dae9d4249bf0,True,1662,749,324,425,43.3,1.99,9646.45,28,1781375056378,1784160000034,32.2,1755.05,0.182,1e-06,0,0.0,0.0,False,False,False
0x66cefafb50a6ae7a64d9346590b7f63b400f82c4,True,2000,1142,370,772,32.4,1.03,303.82,7,1787190004499,1788464181256,14.7,1052.3,3.464,0.0,0,0.0,,False,False,False
0x66d8de22b53a6ae35bf9b9df66e61fae1e11e633,True,2000,1074,355,719,33.1,0.51,-6259.22,16,1788527665726,1788808352108,3.2,-1000.84,0.16,62479.167013,5,-2113.64,-3.4,False,False,False
0x670066ea79e44a38d7f69776967dcd9b9f50f794,True,652,292,126,166,43.2,0.39,-26373.99,64,1708684538444,1788797114403,927.2,-6958.36,0.264,2969.979928,1,1422.62,47.9,False,True,False
0x6716954270007e43ec29635acd41c6377a34cca7,True,2000,1084,804,280,74.2,2.08,7506.7,5,1777608076808,1788271280751,123.4,1659.12,0.221,0.001115,0,0.0,0.0,False,False,False
0x672dc456d24f9da63d5ab7191cb6b56580ff6ca1,True,2000,973,420,553,43.2,0.32,-19853.99,26,1784820266545,1788796206390,46.0,-4411.39,0.222,0.0,0,0.0,,False,False,False
0x67450916a71c4cce8f86e0b43d4dfbd6b5fa8732,True,429,207,199,8,96.1,29980.91,91174.0,3,1787199065219,1788465124437,14.7,39445.41,0.433,0.0,0,0.0,,False,False,False
0x675f23a8b9cb4569c33885d904ee294a18301e4b,True,2000,1075,1075,0,100.0,inf,13207.23,2,1776753568681,1778401376745,19.1,695.02,0.053,0.0,0,0.0,,False,False,False
0x6776d641d00d7bdbce48f08e6906f484d76588e6,True,2000,1176,965,211,82.1,4.27,22426.58,8,1775495194175,1787375477921,137.5,1356.33,0.06,0.0,0,0.0,,False,True,False
0x67891c4b5d4474ffcab2e09b8dfa3d4c4236828c,True,2000,851,458,393,53.8,0.95,-1559.11,11,1781272840366,1783690360786,28.0,-3488.01,2.237,0.0,0,0.0,,False,True,False
0x67abe8a79fd6f6f4268d530694c6909dbfe8fdc1,True,2000,1036,555,481,53.6,1.53,5392.99,48,1771514883001,1788566400005,197.4,958.77,0.178,0.0,0,0.0,,False,True,False
0x67c0fc4b0490ab7e76c08c2bbd30fac0059bbc7a,True,2000,1260,469,791,37.2,0.07,-123119.97,3,1783754065769,1784286473131,6.2,-4551.32,0.037,0.0,0,0.0,,False,True,False
0x67dc1f52794d23c014f672d7636c30846af890ff,True,1814,914,486,428,53.2,1.32,9363.24,3,1775519184535,1777054581102,17.8,-2266.39,0.242,0.0,0,0.0,,False,False,False
0x67f5bb93427cae63d7085fa84fb0575e084b0a35,True,1519,700,304,396,43.4,0.52,-25439.76,8,1757976396285,1788209005321,349.9,-23016.47,0.905,25836.123009,1,569.67,2.2,False,True,False
0x6808d86708f4b63e534df0ce7f19574177a8db2f,True,2000,949,325,624,34.2,0.66,-3521.97,23,1783968104043,1787790605023,44.2,948.57,0.269,0.0,0,0.0,,False,False,False
0x681402cf6164b8bead1447e77a273f414112c079,True,160,143,100,43,69.9,0.01,-968.37,1,1777638324113,1777650638010,0.1,-417.64,0.431,0.005592,0,0.0,0.0,False,False,False
0x6839315d01084f1c4d9aec802c0e9b3c3429b16b,True,2000,775,461,314,59.5,1.22,28235.58,9,1739628318680,1788321176909,563.6,-49870.83,1.766,0.0,0,0.0,,False,True,False
0x684c11fc0db0a657bf8f5bc67eca999c6dd835d1,True,1111,493,307,186,62.3,13.22,169631.83,3,1787625465163,1788766883102,13.2,34348.29,0.202,0.0,0,0.0,,False,True,False
0x6874b22c0692d4b3663fcc753faf67a4b686dae8,True,2000,732,498,234,68.0,0.68,-9853.92,4,1779294454800,1788794110234,109.9,-4303.11,0.437,44523.11764,1,-16394.39,-36.8,True,False,False
0x6887f3f3f5283a03a39b384dc63bcbf03d78b50a,True,922,631,437,194,69.3,1.56,15695.24,8,1733219540601,1782094140158,565.7,-5588.53,0.356,0.0,0,0.0,,False,True,False
0x689db9be61d40c4328cdc3835b22744e8c588241,True,463,213,94,119,44.1,0.89,-495.05,4,1767452564557,1778446152107,127.2,912.76,1.844,0.998261,0,0.0,0.0,False,False,False
0x68b0f23d657860b07c4dc6453c0db6321ec9d4cf,True,45,20,17,3,85.0,571.17,3891.25,4,1762719180784,1781586334432,218.4,1556.16,0.4,0.0,0,0.0,,False,True,False
0x68c3dd3d01db9bea415a6187bfd1596033ef7e7a,True,2000,1132,772,360,68.2,1.59,7295.42,6,1770993929899,1788788359654,206.0,1799.71,0.247,2518.208942,1,-729.9,-29.0,True,True,False
0x68cd0d2bf68e54ea2d3feb090ff6683a99a0eec2,True,1038,593,544,49,91.7,5.09,270299.59,15,1707790852119,1782193428846,861.1,54447.96,0.201,14899.156197,1,61035.26,409.7,False,True,True
0x68e6c818f76f09fdc63c33f17fbbd734f826b73c,True,2000,630,290,340,46.0,0.88,-948.93,61,1773615264337,1787377254346,159.3,-841.24,0.887,0.0,0,0.0,,False,False,False
0x68f80ecef342044f84891641e81b50b5f580b6ad,True,2000,1305,837,468,64.1,6.08,96065.36,1,1787281686377,1788694360226,16.4,4348.95,0.045,312595.0,0,0.0,0.0,False,True,False
0x690f9620c615c142bde32fe5aea30e114491da20,True,552,336,31,305,9.2,0.01,-6954.39,6,1751077002469,1783650506068,377.0,-492.81,0.071,0.0,0,0.0,,False,True,False
0x69383cd825ac8ad6c5eae48da9b78f3902cef780,True,196,119,44,75,37.0,0.43,-1785.59,3,1783038056776,1783765124707,8.4,-376.3,0.211,0.0,0,0.0,,False,False,False
0x6957d2139d29e7db7913ac21e813f2a561e47ac8,True,2000,1050,829,221,79.0,4.09,95896.89,38,1756646882644,1788433663431,367.9,10443.11,0.109,12539.182606,7,-5462.72,-43.6,True,True,True
0x697129325d679b35c04e22bbb119ad8457521e66,True,493,189,98,91,51.9,1.81,5334.02,30,1700034317667,1788514921057,1024.1,1312.8,0.246,0.0,0,0.0,,False,False,False
0x6981378e696b0dd0e585d4d519c98b8a2c5bc020,True,2000,909,752,157,82.7,4.2,99081.38,21,1755077464020,1788757546918,389.8,-13246.89,0.134,0.0,0,0.0,,False,False,False
0x6990da087e5d6177f288efb2912d81497ed4c115,True,423,195,125,70,64.1,2.91,503.16,48,1743794178200,1788700823762,519.8,-87.66,0.174,12.002686,1,0.19,1.6,False,True,True
0x69a47ca9b99414c602dd1ffb2fdb6d6305301676,True,1738,876,622,254,71.0,1.06,774.32,20,1778771569299,1788273991528,110.0,1020.01,1.317,0.0,0,0.0,,False,False,False
0x69c81f39d66895328ad7e94ad8ec3cf4c0da0b52,True,2000,1030,395,635,38.3,2.97,106083.97,7,1787838255734,1788805805726,11.2,54047.7,0.509,19189.586765,1,634.07,3.3,False,False,False
0x69de186811bfbea89e569cc963e3c2b6a7919635,True,216,42,30,12,71.4,136.89,7867.96,4,1785693752986,1788536087958,32.9,2913.4,0.37,27268.345893,1,1310.16,4.8,False,False,False
0x69eee624815ccc888d6862f024ed7467d0f5bfc5,True,626,304,249,55,81.9,0.98,-215.6,2,1780577263014,1787153279277,76.1,-1833.13,8.503,0.0,0,0.0,,False,True,False
0x6a03c175e9de1dca7ff2c15cd5a833fed5bdc8d5,True,2000,1056,570,486,54.0,0.9,-2454.65,13,1780243939373,1788754839001,98.5,-6549.48,2.668,3000.185041,1,-1133.9,-37.8,True,True,False
0x6a1ec2ce8f89f037947b72a3d47521b9159ba98f,True,438,190,110,80,57.9,10.11,6588.04,11,1753725962843,1773315710148,226.7,6304.61,0.957,0.0,0,0.0,,False,True,True
0x6a2ee2f8f0f11c548abc003a9b5b848b6c31d15b,True,2000,928,354,574,38.1,0.67,-8640.6,18,1770216783347,1781827200011,134.4,-1866.35,0.216,0.0,0,0.0,,False,False,False
0x6a4fd7cdc7964f396a0b672254e14ee43b5fa59d,True,2000,866,672,194,77.6,2.05,8638.97,16,1761143122495,1787275092699,302.5,-1929.11,0.223,9941.157908,1,-12685.69,-127.6,True,True,False
0x6a616cb8cc7031e87fd202fbb044fcd7b5f61c76,True,2000,928,504,424,54.3,0.81,-5094.99,19,1767240827876,1788586745901,247.1,-2484.88,0.488,0.0,0,0.0,,False,True,False
0x6a704a0e46dcc67a6316644372e261e8fb6f658c,True,2000,1178,1178,0,100.0,inf,413564.86,1,1786643616251,1788525109467,21.8,25010.25,0.06,0.0,0,0.0,,False,True,False
0x6a84a19edee5c9597c9012c906e1538d0b2cd840,True,2000,930,429,501,46.1,3.37,9530.02,9,1788448753830,1788803665351,4.1,292.94,0.031,23341.819963,2,1974.37,8.5,False,False,False
0x6aaace278e10ff05cb9c06cc8486f8ca4d249962,True,2000,886,779,107,87.9,5.47,396257.12,4,1787135059683,1788800905994,19.3,86501.63,0.218,285428.800664,2,18675.92,6.5,False,True,False
0x6ab73030b3f783e1768e632e9105c254f591a983,True,703,331,54,277,16.3,0.29,-20802.16,16,1769412303404,1774742400085,61.7,-3781.84,0.182,0.0,0,0.0,,False,False,False
0x6ac9b35590b1051b35d2109ebe163ac42387e86d,True,2000,919,353,566,38.4,1.19,14616.42,11,1773071196907,1785110400074,139.3,7835.85,0.536,0.0,0,0.0,,False,False,False
0x6ae984d76f683a96ee33c1bcca41a6b9dc7a530f,True,2000,969,525,444,54.2,1.31,934.47,22,1780627303441,1788796919754,94.6,65.92,0.071,3609.686637,4,8.83,0.2,False,True,False
0x6afa95c052f8c583ad0edcdeac25fbedceb039bc,True,2000,823,386,437,46.9,0.19,-212479.14,12,1775000910877,1781790903212,78.6,-30627.69,0.144,0.0,0,0.0,,False,True,False
0x6b099198a717566290ab1dba98264c96f6e2fbd4,True,2000,1129,316,813,28.0,0.06,-67105.71,8,1782140408805,1785542400080,39.4,-5833.31,0.087,0.0,0,0.0,,False,True,False
0x6b284b826b2c3d2ba1c5d0be1add31f368d1b5f8,True,743,339,187,152,55.2,1.71,17813.38,11,1769984345409,1778716851098,101.1,6916.0,0.388,0.0,0,0.0,,False,True,False
0x6b3f2829ddca9c6e878bd97ef7cd12c9e9b600a6,True,2000,1012,790,222,78.1,1.81,5604.39,18,1711056145587,1780358400016,802.1,2354.32,0.42,0.0,0,0.0,,False,True,False
0x6b6524ae0878152b4376699d51384042b8b0bea5,True,1081,371,287,84,77.4,1.52,18850.78,20,1758585600047,1787825863480,338.4,11698.15,0.621,54666.915619,12,-117394.34,-214.7,True,True,False
0x6b88a88bb58477625e26f6603a26a19f0fb2c313,True,2000,624,517,107,82.9,0.3,-7129.23,1,1784637091959,1784837277030,2.3,-815.57,0.114,0.0,0,0.0,,False,True,False
0x6b9d8efc9ae55721d2be3075bd02a99389e77624,True,2000,796,499,297,62.7,1.03,1848.98,1,1786530792257,1788795249004,26.2,-12256.31,6.629,0.0,0,0.0,,False,True,False
0x6ba889db7f923622d3548f621ecc2054b80c1817,True,2000,924,450,474,48.7,1.02,18.25,40,1788806773675,1788809748651,0.0,-33.46,1.834,175533.942833,40,-591.85,-0.3,False,False,False
0x6bb957dd4a6b5b8128570947d150ff1f1ebed620,True,1864,797,566,231,71.0,1.23,2238.65,10,1773626104645,1778434000414,55.6,-1441.16,0.644,0.003262,0,0.0,0.0,False,False,False
0x6bc76cf5d2fbb884f82216fcfad7e6aafd293022,True,481,258,155,103,60.1,1.46,2120.92,8,1783964212100,1788779907497,55.7,-626.33,0.295,3112.450456,1,-403.72,-13.0,True,True,False
0x6bde78a5b2091bcbc915155328bd138b534387d3,True,2000,973,289,684,29.7,0.21,-42250.09,1,1787784615031,1788805424522,11.8,-9007.48,0.213,14381.422724,1,-19.94,-0.1,False,True,False
0x6beffb9bec3364ae579fa7cb864effefa7bf2695,True,2000,933,501,432,53.7,1.36,682.53,4,1780694246233,1780720282775,0.3,24.04,0.035,0.148391,3,0.12,78.6,False,False,False
0x6c06bfd51ea8032ddaeea8b69009417b54f3587b,True,2000,1108,660,448,59.6,0.66,-3492.35,23,1781501157625,1788790787792,84.4,-687.15,0.197,4.444552,1,-1.3,-29.2,True,True,False
0x6c1bc0786b60ed985ef00bcda0403f29c1e8176e,True,1029,154,85,69,55.2,1.23,1045.08,6,1780354255656,1780838570146,5.6,-1609.87,1.54,0.005554,0,0.0,0.0,False,True,False
0x6c3b7cbdb7b00dfe18e940de6ec0128c89436026,True,1076,444,140,304,31.5,0.73,-6068.64,9,1769987875641,1788725920425,216.9,2879.25,0.474,25390.263348,2,4239.51,16.7,False,False,False
0x6c5a6fd195522c86504329a69264646d05540b6c,True,2000,881,225,656,25.5,0.89,-1560.63,2,1777005274106,1782315206857,61.5,1121.82,0.719,0.0,0,0.0,,False,True,False
0x6c84e867297bcc308d9bf668d57755c3f5ed4307,True,1622,1017,450,567,44.2,0.83,-3900.92,1,1775207360699,1787155842284,138.3,-2351.37,0.603,0.004251,0,0.0,0.0,False,True,False
0x6c9f6c77690d4a2c78882fe56b228cbea11ab29a,True,1572,785,639,146,81.4,0.59,-37689.2,14,1770395214047,1788540674437,210.0,-34896.62,0.926,0.0,0,0.0,,False,True,False
0x6cbe6bdd7ef1cbe4fb373217accc32cc8a7ec700,True,1661,871,290,581,33.3,0.76,-2629.56,10,1785686399791,1788692415786,34.8,-2540.9,0.966,3995.701526,1,-622.09,-15.6,True,False,False
0x6cce332f7c3f9f9594d430d65560375adf9bb2a8,True,2000,701,422,279,60.2,1.0,17.66,9,1784023334755,1788777347923,55.0,649.43,36.78,0.0,0,0.0,,False,False,False
0x6cd95008de49926a8040bbc557e291ffd47fa83c,True,1454,849,564,285,66.4,2.01,22131.62,16,1775017236092,1788745252649,158.9,5259.07,0.238,3703.555622,1,2313.88,62.5,False,True,False
0x6cf8226d1be88828e9392c050122c3c50b0d1685,True,1362,599,500,99,83.5,10.97,401031.64,2,1779348164187,1779952690047,7.0,21335.01,0.053,0.0,0,0.0,,False,True,False
0x6d0c7c6c4ed61a3c599e9b8a37aa38aeb78cb259,True,2000,1034,874,160,84.5,0.45,-20417.41,20,1777854703500,1788183878349,119.6,-6498.8,0.318,0.0,0,0.0,,False,False,False
0x6d18eeb8b89c88db2811e1d3827e49a539205bd0,True,2000,970,296,674,30.5,0.84,-10333.29,8,1787531237069,1788756633929,14.2,-6101.45,0.59,56089.469548,2,10862.06,19.4,False,False,False
0x6d3650f5a70038837b25c8162b50a94a21419c69,True,246,129,53,76,41.1,2.53,4224.47,8,1760037000307,1779809480687,228.8,1035.6,0.245,0.0,0,0.0,,False,True,False
0x6d53d197bd07811252329f700ab3e1f4cd4375ab,True,2000,1043,408,635,39.1,0.79,-3319.28,5,1783339266515,1788793733040,63.1,-496.77,0.15,40.516194,1,-3.94,-9.7,True,True,False
0x6d6a4b953f202f8df5bed40692e7fd865318264a,True,2000,897,411,486,45.8,0.24,-111983.0,40,1765929600013,1788723599567,263.8,-15134.78,0.135,0.0,0,0.0,,False,True,False
0x6d79dc0730736e1d3c6e989f8e038618f9c77e0e,True,2000,1043,373,670,35.8,0.93,-119.06,54,1779611631087,1788775958894,106.1,93.12,0.782,13987.315917,50,1845.71,13.2,False,False,False
0x6d8dcc469649d000b09f07c04b656c234535dd78,True,2000,991,436,555,44.0,1.21,926.71,51,1786265248656,1788775536867,29.1,263.6,0.284,58331.29962,50,4407.49,7.6,False,False,False
0x6da968a69d2cad30b69dc7656dae2fc9d73b9bcd,True,2000,849,434,415,51.1,1.68,14024.33,37,1765526139666,1788766550020,269.0,1106.49,0.079,0.0,0,0.0,,False,True,False
0x6dbbefad3d24da625fa233c070678ab1938fcd38,True,2000,560,442,118,78.9,3.41,2735.8,4,1788466327987,1788798676273,3.8,180.23,0.066,19767.010718,1,-11542.2,-58.4,True,False,False
0x6dd431fbe7fb1a764ffbf841c35788e2c3d76985,True,2000,865,339,526,39.2,0.33,-19484.63,21,1783845085143,1788773015523,57.0,-1547.65,0.079,2541.251553,1,-394.28,-15.5,True,True,False
0x6e018b7a99c549a8840a1bc922f560bc423a72e4,True,2000,1128,493,635,43.7,1.09,1425.98,21,1783086615174,1786023020106,34.0,727.66,0.51,0.0,0,0.0,,False,True,False
0x6e0b6f43215c83b57f18f7eb49b492a3ae923278,True,2000,1043,301,742,28.9,1.07,2890.79,37,1773104171388,1788540459352,178.7,-1840.08,0.637,9181.018421,2,4275.09,46.6,False,True,False
0x6e2c5323888a98cbbe4d29cfbf1113841ffcf48e,True,2000,1834,807,1027,44.0,0.63,-16490.71,9,1782830710910,1788750097913,68.5,-5317.36,0.322,250.304579,2,15.38,6.1,False,False,False
0x6e58bdee94a421f967ad93a0c937681e9c75aafc,True,2000,941,607,334,64.5,2.53,6573.49,6,1779015330011,1787107020161,93.7,1274.54,0.194,0.0,0,0.0,,False,False,False
0x6e6b85fa80adeab686c062661d315bf13ff35226,True,2000,1022,390,632,38.2,0.8,-1690.03,7,1778416173141,1788628436542,118.2,1893.21,1.12,7549.817122,1,5473.17,72.5,False,True,False
0x6e7d01d96794a7f11f2cb372f5fdced0ba46f8d3,True,1372,687,666,21,96.9,12.08,520304.63,3,1740720297290,1780628782199,461.9,-37130.39,0.071,0.0,0,0.0,,False,True,False
0x6e8cf5055283331bf3ccbc0f2839bf84730432eb,True,543,365,136,229,37.3,0.56,-1949.21,4,1770280600897,1787029285553,193.9,-622.71,0.319,0.0,0,0.0,,False,False,False
0x6ecba7527448bb56caba8ca7768d271deaea72a9,True,2000,750,465,285,62.0,1.7,3377.61,39,1788190549041,1788804143757,7.1,1129.4,0.334,133518.092192,4,-778.25,-0.6,False,True,False
0x6ee9fd015f9e3bb6bfc569e46fa54eecb6a908bc,True,854,279,187,92,67.0,3.24,60570.71,17,1780342717061,1788794020728,97.8,-8576.88,0.142,26045.842291,2,2884.2,11.1,False,True,False
0x6f067e05b274a192b09a9cb7b4a0e3f59c3d096b,True,2000,927,378,549,40.8,0.28,-95798.42,4,1785333970340,1787268558483,22.4,-10951.32,0.114,0.0,0,0.0,,False,True,False
0x6f1b34122ac34c45e5a316a7cb925be4c3145148,True,136,70,51,19,72.9,0.54,-2156.86,6,1774522994047,1777443261528,33.8,-3593.34,1.666,0.0,0,0.0,,False,False,False
0x6f355ac66f1e948126a507d9c21442c832bce6f9,True,1683,719,206,513,28.7,1.56,10528.93,21,1764421384260,1788267119110,276.0,7202.73,0.684,0.0,0,0.0,,False,False,False
0x6f59e5e7cea55dc812f32434727e494307e054a9,True,2000,1166,503,663,43.1,0.28,-57584.86,10,1784112680522,1787969860614,44.6,-14491.07,0.252,0.0,0,0.0,,False,True,False
0x6f71a189d40fb6072d0841d5f34b22738e8f4748,True,320,145,145,0,100.0,inf,12201.63,5,1784246401427,1788797657195,52.7,1446.03,0.119,22797.277412,1,-264.73,-1.2,False,True,False
0x6f8145a8608c3b858f35fd21fc3d6db73fd6c239,True,199,77,36,41,46.8,0.2,-2527.75,3,1752871607223,1786545072775,389.7,-607.87,0.24,0.0,0,0.0,,False,True,False
0x6f933ac22f1625b788a19a577e3dcbce046de120,True,385,161,154,7,95.7,535.47,82.07,15,1787251029731,1788795507149,17.9,6.47,0.079,207.849454,10,-33.05,-15.9,True,False,False
0x6faf4312b8b5bb032f76dffe100c52c810f056a0,True,2000,946,397,549,42.0,0.54,-12758.51,4,1788707038320,1788767528980,0.7,1888.18,0.148,369681.475866,2,71797.25,19.4,False,False,False
0x6fbf2d2d9ef5040ea7815c8b84759a00c791626e,True,2000,1021,467,554,45.7,0.99,-23.25,52,1783239165157,1788776011576,64.1,-221.06,9.508,2661.348559,50,1652.74,62.1,False,True,False
0x6fc4542294a738ecf566c3ab234eeebbea672d8e,True,2000,1162,541,621,46.6,1.3,26635.12,5,1784506838664,1788739460167,49.0,-8929.45,0.335,46361.605801,5,-3012.38,-6.5,True,False,False
0x6fededdbee4f25ad1ccb1bbc30dda3ed0fe9fc23,True,2000,842,676,166,80.3,0.2,-149797.12,2,1783540967957,1787472551593,45.5,-12340.42,0.082,0.0,0,0.0,,False,True,False
0x7007fc1f014e14e23a03ac354d04655cb97acf90,True,522,215,171,44,79.5,1.29,4600.37,4,1776024642142,1786216398963,118.0,-3610.62,0.785,0.0,0,0.0,,False,True,False
0x70159109539827677a0802808ae66b8276129a89,True,1082,531,419,112,78.9,0.42,-16296.13,2,1748153347006,1775801623062,320.0,-2480.04,0.152,0.0,0,0.0,,False,True,False
0x70342886c6f47777c7b63e062c5b77371e270084,True,962,508,397,111,78.1,18.85,11834.46,12,1783239391641,1788322209442,58.8,460.43,0.039,11462.68688,1,-1737.49,-15.2,True,True,False
0x7048b287889c5913d59f812795d7fd5d724be77a,True,2000,1052,768,284,73.0,6.56,156533.41,13,1777680064406,1786693248150,104.3,15596.28,0.1,741087.415508,0,0.0,0.0,False,False,False
0x705f95654ab855abebb5aca678887c3333fb99c4,True,2000,716,495,221,69.1,1.34,18425.05,38,1777379058241,1788709450380,131.1,-8686.23,0.471,75097.519744,11,1889.71,2.5,False,True,False
0x706e828d08ca8624dcce152032bf3ff4e2c88fb8,True,1097,471,220,251,46.7,1.03,594.97,60,1706431526725,1787371145546,936.8,-2009.06,3.377,0.0,0,0.0,,False,True,False
0x707da8231e11f169d0f5f644ca423c0f4581c90c,True,2000,1204,652,552,54.2,1.07,591.9,33,1775933137034,1788795287831,148.9,-649.28,1.097,3668.725604,1,1993.9,54.3,False,True,False
0x70875c76b1219a5e03ea43881a2e90faade89fc9,True,2000,1372,842,530,61.4,0.42,-26614.79,22,1774138321039,1782000000047,91.0,-7650.1,0.287,0.0,0,0.0,,False,True,False
0x70ac3a678b256894464e017c5331fd63b429cb7a,True,2000,1275,499,776,39.1,1.31,12341.68,10,1787322844225,1788801371844,17.1,8278.29,0.671,0.0,0,0.0,,False,False,False
0x70bc263f34fb769b5e80402996228a35a2e9da0d,True,2000,917,449,468,49.0,0.98,-1056.12,14,1770900541412,1788220800019,200.5,-5198.44,4.922,0.0,0,0.0,,False,False,False
0x70d60ba4deec2f1e4c426702c619e3f332adacbf,True,583,391,54,337,13.8,0.42,-2177.21,82,1712932148958,1783761128874,819.8,1003.46,0.461,0.0,0,0.0,,False,False,False
0x70f7112496b7ed6aba26dde584961fa4b4138de7,True,1412,739,407,332,55.1,2.62,18880.08,42,1740940872564,1781935227180,474.5,18838.09,0.998,0.0,0,0.0,,False,True,False
0x710ce294ce6dfdba16220fae7d5d8a583e1f0d00,True,1476,867,99,768,11.4,0.68,-2968.83,3,1776787384203,1777638334822,9.8,710.11,0.239,0.0,0,0.0,,False,False,False
0x711ac2bf9579539fb09006d1066cb709505c55fa,True,2000,845,350,495,41.4,0.18,-48177.82,20,1752616591623,1775599489892,266.0,-10741.82,0.223,0.0,0,0.0,,False,True,False
0x712d3cd1a0d8c5994c4f5dcfad25ebd8da4b71c7,True,2000,853,632,221,74.1,0.5,-20906.87,22,1773571413558,1788786878950,176.1,-7747.47,0.371,2885.246092,14,1249.44,43.3,False,False,False
0x714a7fcd367015866da1f5a040ac985da3c4a5b8,True,2000,962,635,327,66.0,0.65,-20477.93,18,1768371883882,1775108601683,78.0,-4989.03,0.244,0.0,0,0.0,,False,True,False
0x71668c6cfc0971a814494ec331a673ea30400aa8,True,2000,1014,309,705,30.5,0.69,-5027.4,12,1782779742124,1787443200018,54.0,1100.96,0.219,0.0,0,0.0,,False,False,False
0x7176b488bd5289300142e0256bceca3c4b0c4ff0,True,959,454,339,115,74.7,0.65,-8172.35,22,1737329977037,1787304716611,578.4,-4793.56,0.587,0.0,0,0.0,,False,True,False
0x7186d081136f6984d48bfab5dce77f4ed06bc905,True,2000,1130,944,186,83.5,7.37,24813.82,27,1780299188710,1788806586579,98.5,1653.87,0.067,1388.795619,2,36.77,2.6,False,True,False
0x71a0a11338e0eecd035585f2fc9e44872b537a41,True,1568,764,258,506,33.8,1.42,11673.58,5,1781366392536,1788801313015,86.1,3365.12,0.288,36992.456722,3,10701.42,28.9,False,False,False
0x71ad184871d5ffcddfec35ebb2374879169290b9,True,235,118,66,52,55.9,0.78,-655.49,19,1760111541866,1783555200002,271.3,-1058.42,1.615,0.0,0,0.0,,False,True,False
0x71c30df8a2944167fc8ade3eaaf1d5dfe4fab7f2,True,1288,588,377,211,64.1,0.76,-2938.09,4,1782176682851,1788450364538,72.6,-1327.68,0.452,0.0,0,0.0,,False,False,False
0x71e0d4c92f4802c2cbb5e49ac2c5e6d2adc2e7c8,True,1243,620,341,279,55.0,0.87,-1603.92,4,1784040669117,1788780214784,54.9,-826.26,0.515,644.60806,1,-41.44,-6.4,True,True,False
0x7201164b17809472675a79130cb4185317b65b06,True,2000,923,831,92,90.0,1.23,2445.97,9,1787059893958,1788550440393,17.3,-1197.07,0.489,0.0,0,0.0,,False,True,False
0x721880af6a182166502ae2174f2fb14e95ebb812,True,2000,981,549,432,56.0,1.35,5949.07,10,1764084607347,1787317116713,268.9,-1855.91,0.312,0.0,0,0.0,,False,False,False
0x722e2a523d7a57f312f3957293a88ec90b22c4ae,True,2000,1007,706,301,70.1,1.71,14983.02,7,1767721822471,1787343615853,227.1,3011.36,0.201,0.0,0,0.0,,False,False,False
0x7248bb3a242064b2d1fc9c0e63cf23219f7fc48d,True,2000,851,319,532,37.5,0.88,-8233.97,25,1772299876780,1786987286355,170.0,-4433.95,0.538,0.0,0,0.0,,False,True,False
0x7258d00a24d6829ac4bf355127bfbc9e2303aed4,True,2000,1028,595,433,57.9,0.09,-108926.41,5,1785163316633,1788743291351,41.4,-21360.29,0.196,0.0,0,0.0,,False,True,False
0x726ca3c5437ab5412774f4b748106f6972b91233,True,2000,1011,709,302,70.1,0.72,-1328.94,28,1784340830184,1786897138018,29.6,-411.43,0.31,0.0092,0,0.0,0.0,False,True,False
0x727f49e0346d6add9aa7814e97a92d0151a1c392,True,2000,1083,296,787,27.3,0.65,-3390.97,3,1780359452842,1781841702911,17.2,584.25,0.172,0.0,0,0.0,,False,True,False
0x72952e155659818d9e0c5c0518ea1aab8344aee7,True,2000,919,293,626,31.9,0.41,-18416.34,22,1774606116347,1788796056448,164.2,-3005.34,0.163,8.106457,1,-3.78,-46.6,True,True,False
0x72a7e21c627cb0c014f01b3d88e53da9b20ee380,True,1123,593,380,213,64.1,1.47,21154.36,2,1778351220193,1781477909558,36.2,6522.74,0.308,0.0,0,0.0,,False,True,False
0x72b7c74d4ad6ac3651eda9d2630ab28b9b0285b4,True,2000,1433,514,919,35.9,0.33,-37264.41,13,1787826428513,1788560670853,8.5,-4653.18,0.125,88381.2753,1,6542.44,7.4,False,False,False
0x72d0b1f98fd9cdd4e46976edd86857b0266a62ea,True,2000,1302,780,522,59.9,3.89,12357.63,10,1788790434905,1788810068555,0.2,988.95,0.08,2038345.225139,10,4918.53,0.2,False,True,False
0x72ddb2a56a14ae45b06da8a263a0b331f49c950a,True,2000,1402,955,447,68.1,0.46,-95309.52,29,1763710489363,1788795676783,290.3,-20866.11,0.219,27480.088558,1,-590.45,-2.1,False,True,False
0x72fee99d34033b746fa08b56b1433651f8123972,True,2000,1043,374,669,35.9,0.98,-226.33,27,1781702229278,1787616000004,68.4,439.69,1.943,0.0,0,0.0,,False,True,False
0x731a2e51ebfaebacf8477e992cdeb1e8eacf519c,True,354,168,58,110,34.5,0.57,-1159.13,51,1708634738156,1787194691700,909.3,-718.94,0.62,0.0,0,0.0,,False,False,False
0x733246bcee1d39f3cae699a1f1cffc97d67d2e57,True,2000,1209,575,634,47.6,0.63,-35970.67,17,1760152036865,1784254814782,279.0,9646.67,0.268,0.0,0,0.0,,False,True,False
0x733dd8f7c0821f3e0a9a1708c4368a71c771a65e,True,2000,1134,294,840,25.9,0.02,-11087.29,56,1785167662971,1788045804443,33.3,-1591.56,0.144,0.0,0,0.0,,False,False,False
0x734b5b99ba25159104b8d311640ed67647713305,True,2000,881,622,259,70.6,0.77,-3539.04,78,1783403984527,1788785886535,62.3,-3106.84,0.878,0.0,0,0.0,,False,True,False
0x735ee84e3607ac77b6ba35df259d173484c250b8,True,2000,1040,447,593,43.0,0.72,-4050.13,8,1788452574473,1788791747220,3.9,816.72,0.202,0.0,0,0.0,,False,False,False
0x736ed3cdd7e92c7968336f9c32365534d3891ab2,True,812,324,143,181,44.1,0.91,-145.1,11,1786126986903,1788643681565,29.1,-410.99,2.833,445.58402,1,-137.24,-30.8,True,False,False
0x738dc2569a69f87caeecb530d3292c0cccaba0c5,True,2000,1183,311,872,26.3,0.75,-9686.57,3,1775459066013,1780173381752,54.6,-2214.5,0.229,0.0,0,0.0,,False,False,False
0x73b19fbafae0502b43005e67b1b74bdd6cb9c064,True,843,372,78,294,21.0,0.68,-14855.8,7,1738732883708,1787992806309,570.1,16334.4,1.1,0.0,0,0.0,,False,True,False
0x73c0bfefca01047ac793a18142a5488bd45ca354,True,678,354,274,80,77.4,1.91,15574.96,19,1747450587339,1786556453190,452.6,-4679.31,0.3,0.0,0,0.0,,False,True,False
0x73ce82fb75868af2a687e9889fcf058dd1cf8ce9,True,2000,762,749,13,98.3,2585.36,540843.52,4,1762197605555,1788806112566,308.0,58475.62,0.108,1627584.662927,2,370047.86,22.7,False,True,False
0x73f380d46c67eb0183b2b23bd1e963a9c82ef316,True,2000,873,517,356,59.2,0.68,-17194.19,25,1779031532765,1785982061009,80.4,8277.18,0.481,0.0,0,0.0,,False,True,False
0x7417e3ae753841cdf5812ec6ad29b67198b417b3,True,605,306,183,123,59.8,3.14,24511.69,8,1770686236121,1788779519100,209.4,10291.91,0.42,0.0,0,0.0,,False,True,False
0x743a94b2dd8b0925fc7992969dd5927394f8d859,True,1516,750,385,365,51.3,0.95,-1452.22,33,1754584478690,1787702400048,383.3,-4390.2,3.023,0.0,0,0.0,,False,True,False
0x744ed8cf1c2318d09fa851ef001d4583b75a0a2e,True,77,49,48,1,98.0,6785296369.92,67852.96,2,1774864918678,1775757975869,10.3,11998.77,0.177,0.0,0,0.0,,False,True,False
0x7463c23fc057766486245d4fcd615ea4db72c4b2,True,842,385,356,29,92.5,8.57,25450.79,6,1785692149758,1788768782794,35.6,4951.93,0.195,0.0,0,0.0,,False,False,False
0x74784e71d9e485f7532514dc2e0c20c7ec2e6d01,True,2000,807,625,182,77.4,3.79,43237.81,2,1786522374063,1788132589647,18.6,13728.61,0.318,0.0,0,0.0,,False,True,False
0x748d4621c54af3e5ca00c83240f8b9b6b4f3022a,True,299,148,87,61,58.8,0.54,-19789.85,3,1780458470112,1783911919200,40.0,-9410.17,0.476,0.0,0,0.0,,False,True,False
0x74a9c2fd6051ad7af2a25d3c5b94973f86ba49a4,True,2000,857,423,434,49.4,4.88,32386.03,16,1776773807518,1781738858994,57.5,19661.87,0.607,0.0,0,0.0,,False,True,False
0x74b7384e761cefb6323728d0f87e6f6c4675b93f,True,2000,1509,1459,50,96.7,182.03,26457.94,20,1783171770459,1785277412446,24.4,2236.71,0.085,0.0,0,0.0,,False,True,False
0x74c531481601e3d30a893742f41ec687c2b9bb3a,True,708,324,109,215,33.6,0.85,-5346.19,34,1745033236313,1788747505533,506.0,-4746.69,0.888,51413.009638,4,-177.03,-0.3,False,True,False
0x74d6c6fb211d15455f8e2a14416ca8bffceec473,True,1452,442,230,212,52.0,0.58,-1465.66,44,1736434871215,1780692066191,512.2,-282.1,0.192,0.000108,0,0.0,0.0,False,True,False
0x74f6b808f7e569243a51e2f4e8ac14dd93bf39b1,True,863,544,284,260,52.2,1.23,10366.15,8,1772531276930,1780458623285,91.8,10639.99,1.026,0.0,0,0.0,,False,True,False
0x751b8d403c1f3095e9d879b8cd041ac9bced7617,True,26,25,25,0,100.0,inf,2031.99,1,1780144271422,1780252104023,1.2,606.41,0.298,0.0,0,0.0,,False,False,False
0x7531d423818e8d204d1b15728d6a244b097185e4,True,2000,1070,444,626,41.5,0.78,-7248.27,13,1787491235491,1788789959725,15.0,4574.31,0.631,0.0,0,0.0,,False,False,False
0x753f3b786a0d066cf07bf6c0fee29b6bdc391569,True,2000,982,515,467,52.4,0.97,-372.38,41,1772619803917,1778284800000,65.6,-698.33,1.875,0.0,0,0.0,,False,True,False
0x7556e1176e48beaed63cd7b61dcebad4f8466bf8,True,2000,1053,590,463,56.0,1.69,10926.82,4,1781983986712,1782319555055,3.9,2410.29,0.221,0.0,0,0.0,,False,False,False
0x7574a8c7d0c341ea7af765e7b7c1f90dfff2c2eb,True,980,357,32,325,9.0,0.01,-1932602.28,3,1759652673032,1773905426498,165.0,-350379.63,0.181,0.0,0,0.0,,False,True,False
0x7586a20c5659600cf89afb28134b29a268fb2cb8,True,2000,452,230,222,50.9,4.46,8547.83,18,1769699840640,1774915200016,60.4,1833.48,0.214,0.0,0,0.0,,False,True,False
0x75a05de49e5c839637429f95cbef009bda9e35c1,True,2000,1027,439,588,42.7,1.02,146.13,42,1764215660667,1782675398584,213.7,-407.06,2.786,0.0,0,0.0,,False,True,False
0x75c259b0ca7b5f599f3dcaeb3185cb97301a2522,True,1850,824,266,558,32.3,0.61,-3157.99,24,1730174329910,1788393600075,673.8,1313.25,0.416,0.0,0,0.0,,False,True,False
0x75d415edcb3c3782e5952470821e983f9053a209,True,2000,1924,473,1451,24.6,0.12,-700494.81,7,1755176714914,1776718767703,249.3,-71263.22,0.102,785326.461967,1,-115877.97,-14.8,True,True,False
0x75ed8c3d0ab4a1246d8ea316c76f1ec5c5fe69bd,True,2000,581,404,177,69.5,2.88,46600.78,10,1784248323022,1788687040886,51.4,-4822.0,0.103,67682.22431,3,-9495.88,-14.0,True,True,True
0x760f5cba4612fba6244db3d1e95f0cc392add8d1,True,711,389,126,263,32.4,0.86,-1719.01,18,1780592972454,1787201518777,76.5,-1108.89,0.645,0.0,0,0.0,,False,False,False
0x7625dc67deab1864570ad816f59a9b867f280e49,True,2000,950,162,788,17.1,0.35,-38930.75,13,1776023248919,1788667136516,146.3,3222.46,0.083,127328.446876,6,-86559.93,-68.0,True,False,False
0x7632be1bdb486be27a1c39ff4208ffd5853c59ed,True,2000,1136,465,671,40.9,0.4,-15975.36,12,1786614942698,1788710782181,24.3,-3207.07,0.201,0.0,0,0.0,,False,True,False
0x764bab2793ca3a6fdb42945c1c6ed85d6c872f94,True,2000,1020,660,360,64.7,1.76,7990.86,2,1779367678063,1780485713772,12.9,916.05,0.115,0.0,0,0.0,,False,False,False
0x7665c5c4de4bfe16848425f39c6eaa739f88345b,True,2000,873,401,472,45.9,0.93,-874.3,3,1773403710559,1776347600175,34.1,-1370.76,1.568,0.0,0,0.0,,False,False,False
0x767467fb2987864924dcedcd5edefe419d3fd05d,True,1597,342,114,228,33.3,1.89,7398.21,1,1783635633700,1788753024706,59.2,2720.32,0.368,46111.713797,0,0.0,0.0,False,False,False
0x7688b399c3237d098be4688d222d586ab5236451,True,2000,971,856,115,88.2,7.9,36218.67,23,1787485523838,1788787810317,15.1,3946.54,0.109,108149.051683,4,17899.97,16.6,False,False,False
0x76b9420660f61cd2bb2a6a7d2d71f7f644cd58f1,True,2000,970,394,576,40.6,1.11,359.82,65,1785248725619,1788810479332,41.2,-172.39,0.479,37.540046,1,-1.62,-4.3,False,True,False
0x76c2cd1b8a249f465f8445c455cb78e0eed36f1e,True,2000,1252,459,793,36.7,2.21,154585.05,13,1763995573118,1788783239439,286.9,41198.88,0.267,290898.384173,13,72878.95,25.1,False,False,False
0x76d589a2586290a2840653244a549e524458fde0,True,753,366,279,87,76.2,0.84,-738.12,15,1784220191205,1786180292411,22.7,-796.67,1.079,956.334321,1,841.51,88.0,False,True,False
0x76eed6343d4c0944b4ffb74d6e6cdc5ba6223154,True,2000,929,160,769,17.2,0.09,-30995.32,5,1782134165033,1783489255076,15.7,-1020.27,0.033,0.0,0,0.0,,False,False,False
0x76fe28b803eeba445c34afc2f914e6bcb71112fd,True,2000,648,648,0,100.0,inf,441928.05,5,1788349617003,1788794299600,5.1,36640.15,0.083,951868.440109,3,196335.65,20.6,False,True,False
0x7717a7a245d9f950e586822b8c9b46863ed7bd7e,True,2000,712,302,410,42.4,0.26,-3955.21,130,1788809093628,1788810649000,0.0,-388.74,0.098,6938498.446278,171,-337579.38,-4.9,False,True,False
0x773745ebeb3dfd5238725604142995a3def351bc,True,252,131,73,58,55.7,0.54,-3122.78,2,1784416193174,1787624281944,37.1,-1411.37,0.452,26558.056194,1,-1125.66,-4.2,False,False,False
0x774f28fc243d6aa8787506869643fb4698bd2133,True,2000,174,53,121,30.5,0.25,-1280.34,6,1787224462562,1788782386884,18.0,-87.15,0.068,241030.652665,6,-196825.38,-81.7,True,False,False
0x7765edc133f6dc343f446b331f1393848bcb6783,True,724,317,136,181,42.9,1.11,4685.85,5,1757786013600,1787658514155,345.7,-4411.44,0.941,0.396002,0,0.0,0.0,False,True,False
0x77779a804cc67097468c983489ec178cee82947e,True,2000,944,477,467,50.5,1.14,9487.39,28,1769700416724,1788775448770,220.8,-5171.99,0.545,0.0,0,0.0,,False,True,False
0x7790279592f95ac99d07d86502df08c84b34b9ba,True,2000,836,734,102,87.8,1.11,1841.56,2,1770936350608,1788705138366,205.7,-7769.45,4.219,0.0,0,0.0,,False,True,False
0x77ac5dc47f2a92d2ebfe9a83728ec18a78ec2736,True,310,103,32,71,31.1,0.28,-1526.93,12,1774955632528,1775420705547,5.4,-370.92,0.243,0.0,0,0.0,,False,False,False
0x77bd60d11fddaa1ff2e80ef936e8dbff8678ba0e,True,1560,927,570,357,61.5,1.47,2463.99,13,1727913600025,1785462963066,666.1,-2296.43,0.932,0.0,0,0.0,,False,True,False
0x77e8be672ea1e82ab3121f717207ced0d6f32ab7,True,191,87,55,32,63.2,6.68,51192.33,6,1734589313263,1787851429300,616.5,59128.86,1.155,0.0,0,0.0,,False,True,False
0x77fa00c5f81bab2dee953ecb6742835cf37baf65,True,277,145,79,66,54.5,1.14,571.06,7,1762091529973,1774268422343,140.9,-1416.59,2.481,0.0,0,0.0,,False,False,False
0x780f32fe419d276786a7ffe1fbb0d0cdb1865ccc,True,2000,1051,688,363,65.5,0.73,-50361.95,10,1752583355697,1788740426818,418.5,-25843.0,0.513,167940.416311,6,-53641.62,-31.9,True,True,False
0x7817ec09945ec3f2fc6a6ddbec3b3c602445e3bb,True,1511,750,264,486,35.2,0.65,-20965.4,13,1753765775714,1787289480422,388.0,-4208.2,0.201,0.0,0,0.0,,False,True,False
0x782503367881b7d64848203a7062adbbe6863afb,True,834,529,467,62,88.3,6.7,10125.96,19,1766989057689,1788787466021,252.3,360.58,0.036,143.651547,1,-742.62,-517.0,True,True,False
0x78303ed98b6b4a55b9f499ba03682f23fa2d46ea,True,1193,648,392,256,60.5,2.39,151273.73,13,1733149094755,1788795517169,644.1,63743.57,0.421,16192.976107,1,-2004.48,-12.4,True,True,True
0x7842ee4572421d6b313d211ed4c3c65e97047ac4,True,2000,1031,669,362,64.9,0.6,-11360.99,35,1775657966908,1782488315585,79.1,-3365.89,0.296,0.0,0,0.0,,False,True,False
0x7855012c17cb1629c2ffdd147a0796c8ea0d2d82,True,2000,741,569,172,76.8,0.96,-3583.91,11,1768227753910,1777053805889,102.2,-6192.04,1.728,0.0,0,0.0,,False,False,False
0x786779fb080e13cab4823b93270e46eeb72f8e61,True,331,120,50,70,41.7,1.24,2209.71,9,1780870990666,1787230020276,73.6,1497.94,0.678,36410.274398,1,129.82,0.4,False,False,False
0x7884a027cf38789cb9bc101ce1886a5777c29882,True,2000,1051,609,442,57.9,1.04,123.69,45,1784126566996,1785975382428,21.4,325.41,2.631,0.0,0,0.0,,False,False,False
0x78981e2451a96a7b2cf52f1f980573e455ea10fb,True,2000,965,488,477,50.6,3.68,20661.42,23,1781253435401,1788658265690,85.7,1623.35,0.079,0.0,0,0.0,,False,False,False
0x78b482a911912244778af025793dac4a034c2cbf,True,337,91,61,30,67.0,3.99,3579.49,42,1760867800803,1788692303899,322.0,919.95,0.257,665.14747,2,116.92,17.6,False,True,False
0x78dc6d769bd7dc3333b3f0acff06d2340562cb61,True,2000,1173,734,439,62.6,4.29,203630.18,6,1785419739269,1788628563512,37.1,29115.42,0.143,699027.322286,1,21461.1,3.1,False,False,False
0x78f6c2458b53d0735208992c693bb2b2dafebb52,True,2000,842,453,389,53.8,0.84,-13279.12,88,1766941724073,1788801440944,253.0,-22643.39,1.705,24973.609677,4,-3642.74,-14.6,True,True,False
0x7913c9406c920c7ea2f471be90b8789c10d1ea4d,True,2000,798,330,468,41.4,0.5,-5616.18,5,1781621014607,1781721344025,1.2,516.21,0.092,0.0,0,0.0,,False,False,False
0x7927f49a74a5ea0f7d94414c92ce66c6a3be271b,True,988,565,305,260,54.0,8.04,101330.53,7,1785088334034,1788717747174,42.0,13577.49,0.134,63442.811129,1,26729.14,42.1,False,False,False
0x7945772aa99d08bf90e91ff1e8e77d3c11c2a7e6,True,2000,1022,547,475,53.5,0.62,-16684.34,6,1782928650363,1787756681627,55.9,-5950.09,0.357,43211.815717,1,-63853.56,-147.8,True,True,False
0x795cfd1b03eafc11c4ec958b8a94cfc9aa64a242,True,2000,1670,1670,0,100.0,inf,1304852.64,3,1788291588449,1788708404196,4.8,64659.03,0.05,960116.877265,1,2132628.25,222.1,False,False,False
0x797388e0cc81c26113036160f4d964f1f97ea26f,True,1435,634,271,363,42.7,0.52,-5988.18,13,1787918401049,1788801298663,10.2,-1812.65,0.303,0.0,0,0.0,,False,True,False
0x798296cea00d6494c9e47f43e2d5f9189fd5729f,True,1422,588,147,441,25.0,20.18,428949.19,2,1772670151360,1782869023056,118.0,67168.22,0.157,0.0,0,0.0,,False,False,False
0x799d72a921fe14a4589fcb539731f8b198d55944,True,2000,967,333,634,34.4,0.8,-5141.63,13,1788132222932,1788767165968,7.3,2669.84,0.519,0.0,0,0.0,,False,True,False
0x79bf662bb50bea267adf5499f730d2488d85411f,True,2000,953,487,466,51.1,1.91,25580.93,7,1761086396132,1788525244761,317.6,3403.4,0.133,8536.255449,1,500.0,5.9,False,True,False
0x79d0faae755e53ac31300bd5f4f2a70ec50efa50,True,2000,1067,369,698,34.6,1.28,1991.6,10,1780597477274,1788804112387,95.0,540.25,0.271,2583.30761,10,992.9,38.4,False,False,False
0x79e41887e021be376742adb66925bef121c1acc0,True,1936,1162,619,543,53.3,0.87,-8616.33,5,1751352568288,1782734942718,363.2,13127.75,1.524,44356.432048,1,6276.88,14.2,False,True,False
0x7a0f64c5ce2eb77b868b68b7d1704ab09ca03a69,True,2000,1258,687,571,54.6,0.46,-7698.03,2,1772029543307,1776155653833,47.8,-1075.08,0.14,18.618445,0,0.0,0.0,False,True,False
0x7a24be8824238da4981fdbb886161af8d66ed24d,True,2000,1035,676,359,65.3,1.04,49.98,2,1788706015337,1788809522700,1.2,-35.25,0.705,21466.3582,2,-56.28,-0.3,False,False,False
0x7a367f72779370bedeef4784ba885d3188b78886,True,1240,639,432,207,67.6,0.91,-43130.76,4,1747891505315,1783046430839,406.9,-44340.92,1.028,250288.32673,1,-99529.83,-39.8,True,True,False
0x7a4956e5abe1d4c431a127b8db5a40a80557d3a1,True,2000,839,557,282,66.4,0.58,-4704.45,23,1769527174073,1788393600075,218.4,-3317.56,0.705,0.0,0,0.0,,False,False,False
0x7a6ac9037eeee91c4cbaa42f7acf209dd2b67600,True,2000,953,6,947,0.6,0.0,-47782.3,6,1773799928647,1774140805690,3.9,-2996.66,0.063,0.0,0,0.0,,False,False,False
0x7a7da855c61ba2326decf722691c6e2d14a50344,True,2000,1291,678,613,52.5,0.99,-207.82,2,1772740721590,1777018028044,49.5,180.79,0.87,0.036815,0,0.0,0.0,False,False,False
0x7a8f795b910b29723633ffd7a0118d9f3d0bd1a9,True,2000,1038,167,871,16.1,0.14,-4287.93,12,1761499964254,1788466952423,312.1,-264.07,0.062,0.0,0,0.0,,False,False,False
0x7a9c3e1940b34acc0ab3bcf7b2d73a7b67b2b42f,True,2000,951,411,540,43.2,0.39,-18288.79,9,1775671314865,1777854963189,25.3,-2036.3,0.111,0.0,0,0.0,,False,False,False
0x7aacf52a3cecd471fca0d674e121532e91cfafce,True,1046,469,187,282,39.9,1.0,37.37,6,1778979886217,1785632848315,77.0,2513.82,67.268,0.0,0,0.0,,False,True,False
0x7abc1ffb1a431be3a2b2d7dbb2fcc4c9aff05cc9,True,2000,703,362,341,51.5,0.77,-5048.8,18,1779245604364,1787174970975,91.8,-2117.93,0.419,0.0,0,0.0,,False,True,False
0x7ad6bcd10c7344f68a93c6545893934fde5a7cdc,True,2000,798,95,703,11.9,0.03,-52696.45,11,1785428184172,1788537428818,36.0,-3529.44,0.067,0.0,0,0.0,,False,True,False
0x7af7822bdcb47da5a676ab396302e6cd07dbfa29,True,488,237,94,143,39.7,0.2,-34480.63,2,1757108166367,1788796826736,366.8,-5744.02,0.167,6195.78365,2,4284.82,69.2,False,False,False
0x7b24911991d4baaa082260ec34f020e0d8154e51,True,2000,448,0,448,0.0,0.0,-18180.27,11,1787379623222,1787782210838,4.7,-757.03,0.042,1.0,0,0.0,0.0,False,False,False
0x7b4170bf8c2d93fa3a0792191a77d2e496b2dcd0,True,148,71,0,71,0.0,0.0,-2507.51,1,1778932845537,1779214657377,3.3,-635.58,0.253,0.0,0,0.0,,False,False,False
0x7b51c5d9366077e1b3c1cba383389752f486071b,True,2000,771,767,4,99.5,28.2,59559.05,11,1787580477704,1788791706909,14.0,3271.5,0.055,0.0,0,0.0,,False,True,False
0x7b666ce21904de11ce883f61432b5c84a76677e4,True,2000,1100,438,662,39.8,1.74,4949.38,10,1773137978942,1773905021202,8.9,733.62,0.148,0.448353,0,0.0,0.0,False,True,False
0x7b7d2499711887c4b5d1ea59c6fbed7213897d22,True,2000,1037,265,772,25.6,0.69,-3103.99,13,1787138596039,1788706029434,18.1,391.86,0.126,5737.002245,2,1081.73,18.9,False,False,False
0x7ba283114573bde6fd304ad7b188a763e5402a52,True,2000,895,319,576,35.6,0.75,-15944.29,19,1770010378760,1788767550616,217.1,-4419.0,0.277,22025.464029,3,4042.75,18.4,False,True,False
0x7bbf4713f8c418b53488aeb58993c72c74a17c22,True,2000,726,373,353,51.4,0.75,-2064.47,23,1779755046279,1788737834363,104.0,-2221.03,1.076,5964.756161,12,4346.62,72.9,False,False,False
0x7be34fe1e7e5e4e37ad7b11120b1f04ffe4e962c,True,1707,1614,1491,123,92.4,1.81,5809.63,22,1786023582625,1788208382702,25.3,-1202.51,0.207,0.0,0,0.0,,False,True,False
0x7bfaf240b2913c6dc30766ab50bd7cb59de8826d,True,2000,946,676,270,71.5,1.16,2558.46,4,1781732645624,1787226911554,63.6,991.31,0.387,0.0,0,0.0,,False,True,False
0x7c0decd61378bcb7fcaed67e90b1fec67a21c64c,True,2000,860,561,299,65.2,1.46,8171.82,1,1769017888815,1777651449966,99.9,2659.82,0.325,0.0,0,0.0,,False,True,False
0x7c36139b64377efa8e57c4ef12c2b33f9351d014,True,2000,901,390,511,43.3,1.27,4083.83,25,1787760767923,1788806397326,12.1,5334.8,1.306,28614.848756,7,18766.15,65.6,False,False,False
0x7c517b787e4ff5c0c23f0ae5e02bdc4136567788,True,1242,490,254,236,51.8,1.44,5625.44,46,1740046041565,1788787454974,564.1,1721.79,0.306,2943.713044,8,-183.44,-6.2,True,True,False
0x7c5dae2a4134de9ae8dbeb734ec3b3ce45ab4876,True,2000,1049,576,473,54.9,1.33,7256.11,22,1787332847336,1788809448677,17.1,2327.83,0.321,5921.765212,1,-1483.73,-25.1,True,False,False
0x7c6a2644e5a42528ce28aa05cc5081c24b3dd812,True,2000,1006,267,739,26.5,0.96,-205.43,13,1772137962989,1778099616118,69.0,1533.62,7.465,0.0,0,0.0,,False,False,False
0x7c75db38aa89ad3a2c79ffed0ce2ff0ac8ecc9d4,True,369,217,199,18,91.7,0.87,-796.05,4,1782668113890,1788287107371,65.0,-3528.67,4.433,5154.25825,1,-9197.71,-178.4,True,True,False
0x7c930969fcf3e5a5c78bcf2e1cefda3f53e3c8fd,True,2000,771,472,299,61.2,3.55,9215.03,72,1788787961939,1788810969320,0.3,1504.52,0.163,220707.750041,100,-35835.27,-16.2,True,False,False
0x7cb0c66d49ae72e25870c6594fa0ddc08eca7e10,True,1199,505,407,98,80.6,1.2,7896.87,11,1767548822046,1787915034320,235.7,-7553.54,0.957,0.0,0,0.0,,False,True,False
0x7ccf0a4b5deac65329e65e8c70876fc50cca9349,True,2000,738,482,256,65.3,0.94,-1996.04,49,1782914798363,1788673189761,66.6,-5545.9,2.778,22695.891189,4,8673.05,38.2,False,False,False
0x7cf48053593d47d74b9ca5b86f1dfaf767b9d6e1,True,520,181,22,159,12.2,0.19,-31636.33,3,1788354071694,1788803333850,5.2,-6548.33,0.207,4563.715,1,181.0,4.0,False,False,False
0x7d11e038341a4168932b23e26d8774fffc408ca0,True,2000,914,534,380,58.4,0.87,-2420.99,45,1778088767132,1788810620364,124.1,-2010.88,0.831,8037.687531,6,-15.53,-0.2,False,True,False
0x7d25df3e8271e39c2cb1ab20b3c5ca30d1afd658,True,672,367,221,146,60.2,0.98,-17.03,7,1782110956527,1787996011736,68.1,92.27,5.417,0.0,0,0.0,,False,False,False
0x7d50bfd9eb076456d26483054c7de4c6945d5d0b,True,2000,991,565,426,57.0,2.19,2029.83,80,1770551491439,1788462460201,207.3,1888.57,0.93,0.0,0,0.0,,False,True,False
0x7d62539674e9884404112c1bb084a3318b18b622,True,441,194,97,97,50.0,1.18,1414.45,17,1774554152748,1787689448082,152.0,-4778.6,3.378,0.0,0,0.0,,False,False,False
0x7d86ef4662d0933d229c85a10ebb91afad138f47,True,2000,712,454,258,63.8,3.1,6930.64,48,1767485138301,1786526272794,220.4,795.59,0.115,0.0,0,0.0,,False,True,False
0x7da62447fcdb494f8f46cf9b252707aabc14ef3d,True,2000,994,854,140,85.9,0.41,-128467.14,4,1765290337962,1782777600028,202.4,-89891.09,0.7,0.0,0,0.0,,False,True,False
0x7db1bd614b3541f9bb1418e2db694634cf22c021,True,2000,916,572,344,62.4,0.99,-220.41,5,1780536645470,1785961271504,62.8,-2444.46,11.091,0.0,0,0.0,,False,True,False
0x7dd17fd3510b30df8f83afe14e67601a7c3bccf3,True,403,212,108,104,50.9,1.26,1074.12,12,1782751045683,1787658963751,56.8,1439.88,1.341,0.0,0,0.0,,False,False,False
0x7de1b7988c0cf2d7ab4d45fecf71d8890b231ebb,True,340,150,89,61,59.3,0.78,-1300.22,1,1779988755192,1780428800472,5.1,3304.6,2.542,0.0,0,0.0,,False,False,False
0x7df9eab48e227d1c90382116114dfa5298b6f4ac,True,375,174,56,118,32.2,0.12,-12087.46,4,1781161859508,1783100975860,22.4,-4047.85,0.335,0.009957,0,0.0,0.0,False,True,False
0x7e15bfafbbb635b81ac9c5ff0f00159ba286cb02,True,407,198,90,108,45.5,3.14,5777.77,4,1782447452257,1785478988603,35.1,1239.27,0.214,11868.67014,1,-18177.81,-153.2,True,False,False
0x7e23d45e8f83f917606ceeea1f009fcf5769d054,True,537,242,76,166,31.4,0.48,-4714.15,9,1752321209033,1776347715217,278.1,-2002.14,0.425,0.0,0,0.0,,False,False,False
0x7e3d42cf88b70f8ff5920642140d66caf8634865,True,872,301,219,82,72.8,1.78,11274.04,9,1752703834029,1788763152608,417.4,2519.4,0.223,0.0,0,0.0,,False,False,False
0x7e5d7bf1a61145d2c8c1c584f72d74f9f5481be9,True,502,334,120,214,35.9,0.28,-12102.95,17,1733488596379,1784119860618,586.0,-3986.56,0.329,0.0,0,0.0,,False,False,False
0x7e8127e20a79bb0b099cc048db309e29e61e628c,True,1408,699,453,246,64.8,1.02,806.02,1,1787682296811,1788540854793,9.9,-5057.57,6.275,0.0,0,0.0,,False,False,False
0x7e9d3e99962239d997b65390bb974a1735eeae71,True,2000,974,514,460,52.8,0.83,-21042.27,15,1772882606295,1782741335634,114.1,-12511.91,0.595,0.0,0,0.0,,False,True,False
0x7ea90af38397575a372e36bdc0f5970fb512fc7f,True,2000,1419,574,845,40.5,0.32,-168465.11,5,1787366206736,1788738394672,15.9,-39385.12,0.234,253501.672178,1,-17636.0,-7.0,True,True,False
0x7ec0ba93b639e2d8288b1ff3670eed778d4ed411,True,1068,359,143,216,39.8,0.34,-3762.37,25,1747313554144,1787179747007,461.4,-565.88,0.15,0.0,0,0.0,,False,False,False
0x7edcf4dcf3bdb1f8d324cefcac8ef73c09ef41c8,True,2000,865,154,711,17.8,0.03,-253003.31,4,1785964402340,1787167117240,13.9,-34251.4,0.135,0.0,0,0.0,,False,True,False
0x7ef083a1cd15ee85807245d1b518659efe7cf2f8,True,253,167,54,113,32.3,0.75,-447.44,7,1782702125956,1787569348334,56.3,-288.75,0.645,0.0,0,0.0,,False,False,False
0x7f0218c4c9c25259ea610da4d7e54ec9b975e6dd,True,2000,1128,616,512,54.6,0.56,-25142.51,2,1772958393164,1783357600037,120.4,-2422.0,0.096,17995.908488,0,0.0,0.0,False,True,False
0x7f16bbf6591a7b342d7abe1f1cf7782f9d467c07,True,240,118,64,54,54.2,1.07,237.82,9,1732985380132,1782091934667,568.4,-1308.49,5.502,0.0,0,0.0,,False,False,False
0x7f1e11090b2403aa9f2e75579335aba21bf9778c,True,2000,709,422,287,59.5,0.8,-4069.84,18,1779218732538,1787213267663,92.5,-2535.03,0.623,0.0,0,0.0,,False,True,False
0x7f2eb25a18bf9fd2e7208bcad89dbc633d696f84,True,2000,778,643,135,82.6,0.86,-1330.83,4,1786426403549,1788749597265,26.9,-1353.45,1.017,0.0,0,0.0,,False,True,False
0x7f47bf4025bd2178741058a10cd829e406ef4d0c,True,2000,990,393,597,39.7,2.43,204811.72,7,1787231550383,1788695336331,16.9,34810.3,0.17,633088.751379,2,-29854.87,-4.7,False,False,False
0x7f565c2709a84f63c3628cf78a2f9af6b49f8f0f,True,2000,941,476,465,50.6,0.56,-12017.34,26,1773329967030,1784229308211,126.1,-2717.53,0.226,0.0,0,0.0,,False,True,False
0x7f70f12185d44067d45d1ebb21b497f311c7d67d,True,2000,1052,322,730,30.6,1.01,2479.09,3,1760572800003,1787934220158,316.7,41028.14,16.55,0.0,0,0.0,,False,True,False
0x7f801b4259740319dca821f78d595bc3ca6daaad,True,2000,860,646,214,75.1,5.43,2463.77,36,1779495877082,1788807690162,107.8,94.27,0.038,450.066436,3,-1.39,-0.3,False,True,False
0x7fa02bda84034b71213871ef70627b4052d35a94,True,2000,492,334,158,67.9,1.07,3266.68,10,1778675873951,1788793955670,117.1,6018.0,1.842,138809.268807,4,-38158.71,-27.5,True,True,False
0x7faf16e47117bf7a530158096d70ed038559d6ef,True,2000,905,552,353,61.0,0.75,-16135.34,24,1764558001035,1787933673373,270.6,10543.99,0.653,14430.375963,1,-12797.65,-88.7,True,True,False
0x7fbe57a7df1ed6363c38cd28f6e18a39dcce04c1,True,2000,872,207,665,23.7,0.37,-11509.89,14,1785105374452,1785785765386,7.9,-3344.49,0.291,0.0,0,0.0,,False,False,False
0x7fdbbfd13b3bd45b4d14a3b226f35a049e094176,True,2000,1012,352,660,34.8,0.79,-13298.09,25,1782158602760,1788775938154,76.6,-7219.88,0.543,16704.802395,2,1120.34,6.7,False,True,False
0x7ff50e689f8730159a8d7424d1efd03cad9178bf,True,2000,1048,356,692,34.0,0.62,-6867.43,17,1779461912335,1788805455770,108.1,1759.68,0.256,6002.794343,7,-542.66,-9.0,True,True,False
0x8014497aba540ee7ede18711970567165c7646cb,True,2000,933,424,509,45.4,0.91,-1613.08,38,1778678952126,1788532008148,114.0,951.26,0.59,0.0,0,0.0,,False,True,False
0x802af3f72a1e51152d4527e643234e62239a2b4d,True,1061,367,314,53,85.6,9.53,7816.14,5,1776235151110,1784295549950,93.3,699.95,0.09,0.0,0,0.0,,False,True,False
0x803ed60dfef67a38a7510d0c21d5852d9173110a,True,2000,812,257,555,31.7,0.4,-28849.27,30,1765295268179,1788810104335,272.2,-2306.86,0.08,319.456632,2,10.53,3.3,False,True,False
0x804e6bf99e57cbf814a4402c58ce29594a03c772,True,2000,1148,458,690,39.9,1.14,9130.66,16,1780813467820,1787268053243,74.7,3312.51,0.363,0.0,0,0.0,,False,True,False
0x806f273394ae673ae5e090efbd7185e9ad09379b,True,2000,925,809,116,87.5,13.83,27309.82,4,1779575320240,1788807833122,106.9,3191.1,0.117,1079.167915,1,79.12,7.3,False,False,False
0x80849218d89f5aeaf9e29125cd25aedaa1c87245,True,1118,327,160,167,48.9,0.78,-14287.28,2,1760265619327,1788471012357,326.5,12848.35,0.899,0.0,0,0.0,,False,True,False
0x809fb2bd19345a443dbbf6eb8afd3f5804ffc436,True,2000,1199,915,284,76.3,2.64,2353.27,54,1788092777965,1788807511772,8.3,211.09,0.09,31544.66822,0,0.0,0.0,False,False,False
0x80b196bdb41b8c78c2083cb86f836e1509778a50,True,2000,1074,642,432,59.8,0.9,-6886.45,10,1781395100932,1783996454643,30.1,-6861.29,0.996,0.0,0,0.0,,False,True,False
0x80d245d6e3383befde2cd240314bf82df5040902,True,2000,904,506,398,56.0,0.36,-295409.8,6,1766128823770,1786406400019,234.7,-84211.71,0.285,0.0,0,0.0,,False,True,False
0x80eaa8a01cbafc54bab7df58641145938a3e5c28,True,721,331,188,143,56.8,1.61,6526.53,14,1776422568685,1788440124229,139.1,-3280.48,0.503,0.0,0,0.0,,False,True,False
0x80fd5f3557dea2f157fc5d6275bf2b85a1cc424b,True,2000,963,242,721,25.1,0.3,-34019.66,16,1764328643219,1775260800063,126.5,-5370.3,0.158,0.0,0,0.0,,False,True,False
0x810db68a173f92660b1d18720cab9cf7f820269d,True,2000,799,760,39,95.1,51.38,25865.13,11,1784136649857,1788278914999,47.9,1734.94,0.067,0.0,0,0.0,,False,True,False
0x811ebe95c8fa577882d1c81d45e86f69e4a53fb2,True,2000,927,317,610,34.2,0.94,-1183.39,46,1762271615917,1788802293211,307.1,2272.85,1.921,5004.55,0,0.0,0.0,False,False,False
0x813478f7efe22ff94d05f909495982dd1abc2c37,True,2000,831,357,474,43.0,6.07,36968.22,20,1784522638674,1788708626468,48.4,3438.09,0.093,25662.163111,3,5369.49,20.9,False,True,False
0x814a0450f62dbcc8b10d9affb86afd42195c4d18,True,2000,940,827,113,88.0,9.16,10941.41,8,1779802597223,1787690371929,91.3,666.46,0.061,0.0,0,0.0,,False,True,False
0x816b024f623cbe8319f809e9e58e48b55e196302,True,2000,932,452,480,48.5,2.17,66081.72,4,1770727598863,1788615469202,207.0,14412.7,0.218,23497.258248,1,3571.1,15.2,False,True,False
0x8173a1726ed9f4213bb4a2c50c2255f594c5500d,True,2000,1103,473,630,42.9,0.5,-28.91,2,1775604034420,1778762103363,36.6,-1.99,0.069,587.0281,1,0.27,0.0,False,True,False
0x8190ff234a578aba075fbb6bbc3b8a77f42b44fe,True,2000,987,219,768,22.2,0.4,-7437.35,1,1784123513882,1788792874229,54.0,-576.47,0.078,0.0,0,0.0,,False,True,False
0x81a39aa0b0d6fa8513aa79929e7c01dfaa232fce,True,2000,1238,139,1099,11.2,0.18,-37973.59,4,1779457728143,1780786315310,15.4,-3233.72,0.085,0.0,0,0.0,,False,False,False
0x81b6799458fe35bd95e5a20bff6c160ecd98dce3,True,215,100,50,50,50.0,0.23,-11773.37,3,1782071275626,1783372149533,15.1,-2503.98,0.213,0.0,0,0.0,,False,True,False
0x81c3e78a5d946cc6dcdcf478b46c1b045470f72b,True,478,194,74,120,38.1,1.61,9179.14,5,1774906732922,1782312717933,85.7,-2413.87,0.263,0.0,0,0.0,,False,True,False
0x81db2dfd33b24419f0f715e331f678411eb1ec30,True,2000,989,295,694,29.8,1.12,1225.78,31,1785159156604,1788794308383,42.1,2148.75,1.753,4052.599006,1,1861.79,45.9,False,False,False
0x81f45c07d40cfe3bc557b359e96edcc89fbba434,True,1555,543,442,101,81.4,0.38,-30888.82,2,1766717738282,1787217806929,237.3,-7605.22,0.246,3329.719638,2,-5141.51,-154.4,True,True,False
0x820c7888dfa18ab5b594df453707fbf29bc3c824,True,1564,775,410,365,52.9,1.18,4179.72,13,1780073021424,1788795630472,101.0,2035.66,0.487,1991.223888,1,-6.61,-0.3,False,False,False
0x821dbb4ed1a7d9bf25a12e156f4ec10d9af1f95c,True,2000,731,399,332,54.6,0.54,-27795.3,12,1782529203057,1787926460539,62.5,-8697.66,0.313,0.0,0,0.0,,False,True,False
0x823ecdcdfc67ab8885f4d24ba595050611fe76c9,True,2000,896,586,310,65.4,9.12,9455.95,1,1778454421269,1779526547894,12.4,2356.47,0.249,0.007383,0,0.0,0.0,False,True,False
0x825714bae8bd60162bb14a04bb2183d00b3d00c9,True,2000,1004,969,35,96.5,23.28,238082.63,6,1787152005712,1788705138924,18.0,7860.84,0.033,275375.289747,1,-13550.31,-4.9,False,False,False
0x82793a3c4d848dc02a7ef1c5ed842fb214a89ae4,True,2000,869,506,363,58.2,1.59,3975.03,27,1782917107162,1788755944719,67.6,695.56,0.175,44317.563164,36,-10290.93,-23.2,True,False,False
0x8294f1a91a6730abd1affa5747c6e59ab45c750a,True,572,250,144,106,57.6,0.95,-370.54,20,1773374830527,1782189318094,102.0,-2393.0,6.458,0.0,0,0.0,,False,True,False
0x82b3c2522ad6d4bd1a6b43409dc0c6f783ccede6,True,2000,1253,394,859,31.4,0.14,-978987.23,5,1763103008264,1788450814829,293.4,-64191.82,0.066,0.0,0,0.0,,False,True,False
0x82c2157ab9fc98ff75e1daf6f4144bcea128d8cf,True,2000,1238,1,1237,0.1,0.0,-72116.71,4,1772801576706,1778239463380,62.9,-14517.36,0.201,0.003916,0,0.0,0.0,False,False,False
0x82d7ebbd8106b08e91f8ac9f4ca97fbd98125c29,True,2000,1123,656,467,58.4,0.37,-154603.82,19,1778661996548,1788540475937,114.3,-11605.25,0.075,16990.236263,3,-47999.49,-282.5,True,True,False
0x82e60b8e8717830362a2291a69d4ba1b69a3f2db,True,2000,1007,710,297,70.5,0.46,-18355.81,10,1784689708143,1788465328025,43.7,-4003.23,0.218,0.0,0,0.0,,False,False,False
0x82f7937e6484ed5eaf9deb5aa2819cb92c143a23,True,7,3,1,2,33.3,2.43,2.17,3,1766781073423,1780099200028,154.1,3.68,1.698,0.0,0,0.0,,False,False,False
0x8303cd3893b14a0c0d29b48c0cbb962b80d6a4aa,True,2000,941,446,495,47.4,1.35,18343.21,4,1786951448053,1787376301214,4.9,11659.75,0.636,0.0,0,0.0,,False,False,False
0x83208266b8d0972c4cc54602a7df19609bce1312,True,2000,1009,531,478,52.6,0.35,-27303.01,3,1779104372945,1782396304617,38.1,-2691.94,0.099,0.0,0,0.0,,False,False,False
0x8338d00a6b0926e476d1d010e435f1cfe2c02c9d,True,2000,1054,533,521,50.6,1.07,153.47,54,1780648032063,1788775556826,94.1,-210.71,1.373,1345.557523,50,738.34,54.9,False,True,False
0x834c27ccdd88624ba1196bacb8d0ecba123cbe0d,True,2000,954,316,638,33.1,0.57,-2242.56,4,1780515029629,1788557521342,93.1,-587.15,0.262,0.0,0,0.0,,False,False,False
0x8360ca41abec39c46323f90c41b963c7e3251590,True,2000,920,698,222,75.9,4.11,14193.61,13,1787529192387,1788800405346,14.7,1754.52,0.124,0.0,0,0.0,,False,True,False
0x83749adcb55def56d3120206d43a20bc31d3dbe7,True,584,301,230,71,76.4,95.96,316471.49,2,1774824327179,1778676331901,44.6,90312.9,0.285,0.0,0,0.0,,False,False,False
0x838d8e13ec1010e7851b3dc333699db885f2520c,True,2000,925,698,227,75.5,0.48,-20145.93,7,1788771359478,1788811579673,0.5,-5669.85,0.281,270384.381824,3,-12193.95,-4.5,False,False,False
0x83b00972aafcc3d06d45b1b823079f9a414da46e,True,2000,1084,555,529,51.2,1.56,36218.46,13,1781909943799,1788293017992,73.9,10336.74,0.285,0.0,0,0.0,,False,True,False
0x83c0e9e484d6bd609c1edaae053e9d8e0b7d1d65,True,42,5,2,3,40.0,1.19,65.54,2,1762961844760,1788471263012,295.2,306.5,4.676,2707.676126,1,52.99,2.0,False,False,False
0x83d984b3eb60ee53c5017b009a6fcc8326af59b1,True,385,193,104,89,53.9,0.56,-7327.45,11,1766887914252,1773608219200,77.8,-7972.88,1.088,0.0,0,0.0,,False,True,False
0x83ed651d5a1fc6f11ebd39d702e3ebe4efd8bbf1,True,777,297,98,199,33.0,0.34,-6271.5,4,1782056950076,1784873059063,32.6,-929.34,0.148,0.0,0,0.0,,False,True,False
0x84022ba4a53c2c386184b3e5f1aa274bf9604e72,True,2000,937,339,598,36.2,1.11,2573.9,9,1787075769420,1788016908366,10.9,-1640.5,0.637,0.0,0,0.0,,False,False,False
0x840cbe0129709b04c3eaf5040a3f24053a5493ad,True,717,379,81,298,21.4,0.13,-25103.55,6,1773932374621,1779561247502,65.1,-3869.63,0.154,0.0,0,0.0,,False,True,False
0x841e28c8bbb733b3a642ebbd9450ba0f5d4f8c1d,True,95,35,24,11,68.6,11.7,1408.78,5,1770264822529,1788704080995,213.4,246.57,0.175,0.0,0,0.0,,False,False,False
0x8435d63746a816ae7aadac37b228ba495517b063,True,2000,948,285,663,30.1,0.47,-92231.86,5,1754095885133,1788447684113,397.6,-44954.68,0.487,0.0,0,0.0,,False,True,False
0x844b6ab0079fb36e6a99cba877574acd8f1e7f42,True,2000,1520,655,865,43.1,0.82,-24808.96,7,1785346496011,1788532559138,36.9,-4582.9,0.185,464123.493316,15,-622929.09,-134.2,True,False,False
0x846a6f67afc6be101bd9c1920c81edd29d49c27c,True,1780,1107,1024,83,92.5,8.53,26416.54,5,1775745533471,1776988800064,14.4,4302.95,0.163,0.0,0,0.0,,False,True,False
0x8480d5d1ed866dcc7d6fed0052af47b4a5033760,True,2000,945,347,598,36.7,0.95,-1336.48,9,1783959162815,1788787842916,55.9,-2032.0,1.52,0.0,0,0.0,,False,False,False
0x848cc6d0f804b8db75203ee094cb447299b0118e,True,2000,1287,503,784,39.1,0.94,-7447.78,14,1753984868812,1787186718455,384.3,8255.28,1.108,68711.144675,1,23106.98,33.6,False,True,False
0x8499534d937eca5a7d5e5326e6d583f1ae01f0f6,True,2000,1124,762,362,67.8,0.41,-34520.0,10,1771226198243,1788525571558,200.2,-3763.57,0.109,3050.7757,0,0.0,0.0,False,True,False
0x84ad1c1fb6d332f2687451078df1519efe60d3de,True,2000,923,275,648,29.8,0.75,-5386.12,15,1782775000132,1787616000004,56.0,1683.25,0.313,0.0,0,0.0,,False,False,False
0x84b9959a7e58477e95448db3a0facca0c42ecb7c,True,1109,481,219,262,45.5,3.84,11734.27,1,1783193077163,1783386285717,2.2,3907.72,0.333,0.0,0,0.0,,False,False,False
0x84d19fbb0d4f28fdb76557a4555a5ecf934e22c1,True,2000,800,160,640,20.0,0.04,-768941.14,3,1782862399178,1785120502098,26.1,-103864.15,0.135,0.0,0,0.0,,False,True,False
0x84dddf55c18c9f568546d4c051842864fa045ef0,True,1170,591,440,151,74.5,0.7,-5800.75,4,1780969814826,1782517655065,17.9,-1919.63,0.331,0.0,0,0.0,,False,True,False
0x84ff8c6829da8666f884bf758b36b5a8550deb34,True,2000,995,358,637,36.0,0.94,-1282.03,24,1777486382729,1788551374582,128.1,1327.54,1.035,0.0,0,0.0,,False,False,False
0x8515544fdaf6200ac6a155b184cd1f4d1d530d24,True,658,308,157,151,51.0,1.21,3039.22,15,1758726181297,1787822852474,336.8,3080.81,1.014,0.0,0,0.0,,False,False,False
0x85257f61bcf59f7498007d8e08d6efb7ac1eef4c,True,2000,1001,215,786,21.5,0.09,-81242.34,2,1779485870299,1779950890211,5.4,-1559.35,0.019,0.0,0,0.0,,False,False,False
0x854540b1f694c9ebeaaf9f342d8c13c8571909ed,True,900,507,221,286,43.6,0.36,-4322.91,6,1774953334357,1787882810338,149.6,-1429.92,0.331,329.259586,1,24.24,7.4,False,False,False
0x855579a2e4da17023e8dafd53926e3689912347d,True,1003,475,248,227,52.2,0.61,-6158.81,15,1752284702118,1787876155505,411.9,752.15,0.122,0.0,0,0.0,,False,False,False
0x85759960f7607d326a526e24d9b547645c0bb318,True,2000,1035,466,569,45.0,0.74,-5688.64,25,1777476421582,1787777387164,119.2,-986.48,0.173,120.710555,1,7.84,6.5,False,True,False
0x8596ecf8fa828d31819f4de25c4c2efade779912,True,2000,760,197,563,25.9,0.66,-20373.43,9,1741528476642,1781619398774,464.0,12358.97,0.607,0.0,0,0.0,,False,True,False
0x85b1eaa4ecb94e9a4c08b301bb57e386533529c7,True,2000,987,425,562,43.1,1.1,695.58,32,1777842062191,1787460540604,111.3,-558.44,0.803,0.0,0,0.0,,False,True,False
0x85c82c0ebc16dd3631568e2e5f5ab39dbf855885,True,1570,687,110,577,16.0,3.68,29152.05,32,1786651723561,1788795651180,24.8,3733.29,0.128,62725.115858,25,26036.41,41.5,False,False,False
0x85dd5da1e02f2de4d7432766abfd4decc7dc3124,True,175,106,43,63,40.6,0.57,-1990.95,2,1787428787948,1788459526083,11.9,-932.51,0.468,0.0,0,0.0,,False,True,False
0x85e4de94e5d39c749a6dcd96cfca4c485ea045a4,True,2000,855,675,180,78.9,0.27,-37842.52,5,1769178990860,1773007986036,44.3,-8164.78,0.216,0.0,0,0.0,,False,True,False
0x85f2280f9d41a1f842d2e41caf6301915e3cc27a,True,2000,829,284,545,34.3,5.04,30310.65,31,1759821809143,1787980914377,325.9,5789.05,0.191,0.0,0,0.0,,False,True,False
0x86149addc2ebeb610d2630b07cbfea5c19fa690e,True,2000,956,621,335,65.0,1.48,13398.61,10,1778451600917,1779208570311,8.8,-2092.68,0.156,0.0,0,0.0,,False,True,False
0x863031c4e332724241d17fc9a64b4955638eb815,True,2000,1004,570,434,56.8,1.13,5155.6,38,1760366787265,1788766830547,328.7,3226.73,0.626,0.0,0,0.0,,False,True,False
0x864d73d46ae6832d85a7333f8c27e40023c671e1,True,2000,917,607,310,66.2,1.7,8580.15,16,1773958552816,1787108227379,152.2,1170.9,0.136,0.0,0,0.0,,False,True,False
0x8659ddca2443d673d05eac3a3e5bcacde0f0ca4a,True,2000,755,183,572,24.2,1.7,7991.31,10,1787836963678,1788793020812,11.1,1570.93,0.197,36520.550955,2,19320.81,52.9,False,True,False
0x8672049e7316aa01b326b5d4fbb85b075cdc29fa,True,383,169,22,147,13.0,0.21,-26167.72,3,1752502346627,1780570862823,324.9,-3556.26,0.136,0.0,0,0.0,,False,True,False
0x8685a7e888ed8b0da6f65f70573f87460c9b9f7b,True,2000,1108,405,703,36.6,0.65,-51029.63,7,1746737819385,1780692847595,393.0,-19250.5,0.377,39212.628297,1,26426.86,67.4,False,True,False
0x86ad0b0c52311abab81128ac11ba70680e5721a1,True,2000,1027,731,296,71.2,15.34,85887.92,2,1774034711569,1774621477097,6.8,2300.18,0.027,0.0,0,0.0,,False,False,False
0x86d929fd16f538efd338bd52c1ce6a13cc68b557,True,2000,1010,275,735,27.2,0.96,-1545.47,25,1777576246226,1788157794966,122.5,2504.77,1.621,0.0,0,0.0,,False,True,False
0x86e64df33ad85456a7ca5d7363bfa6479f87d861,True,2000,612,396,216,64.7,0.36,-35460.91,2,1780443783480,1780853241941,4.7,-4595.15,0.13,2.4e-05,0,0.0,0.0,False,True,False
0x86f8d7ebb8795be0469d0d34d689fc60cd7c159a,True,2000,1068,344,724,32.2,0.22,-72880.25,6,1778905941991,1788108583309,106.5,-12818.0,0.176,837.070235,1,-3.71,-0.4,False,True,False
0x871b3b0a0796e8a4bd4f5602c3914540af83b168,True,473,216,66,150,30.6,1.56,6254.81,6,1734576962099,1786987268785,606.6,1617.83,0.259,0.0,0,0.0,,False,False,False
0x872bfa5607917b063b3c76dbbe97315faf41705a,True,2000,1195,166,1029,13.9,0.55,-139451.66,4,1778066344061,1782220300549,48.1,29623.4,0.212,0.0,0,0.0,,False,False,False
0x873bb0d0c630cbfcecff71b6d2dec7d1dc7a7406,True,2000,950,366,584,38.5,0.94,-866.33,25,1759511766371,1788766392210,338.6,-1518.64,1.753,469.229291,1,-3.45,-0.7,False,True,False
0x874cdebcb1045a59b7c570295b5f92063110bcf9,True,2000,1003,296,707,29.5,0.32,-3970.93,27,1753275376776,1788335626965,405.8,-1408.45,0.355,0.0,0,0.0,,False,True,False
0x876426e4b782f65e1f5e509e6c2ee7419ecf922c,True,2000,833,467,366,56.1,0.54,-44228.45,10,1756714345943,1788802188996,371.4,-21757.31,0.492,20697.349698,1,-10614.81,-51.3,True,True,True
0x8784ce271dca455dc3095343061cbb26074652e1,True,2000,864,463,401,53.6,1.91,15305.84,51,1780880085979,1788791353117,91.6,2072.34,0.135,0.0,0,0.0,,False,True,False
0x879d4cf44d51661f991bb3695cc61599d33847c2,True,1127,529,355,174,67.1,7.52,107724.47,13,1713670244497,1781051881786,779.9,14002.21,0.13,0.0,0,0.0,,False,False,False
0x87a9789246cea63d0fb6dcaaadc55a06a2f2abc1,True,156,69,24,45,34.8,0.82,-1815.78,10,1758776285626,1787708764441,334.9,2128.49,1.172,0.000977,0,0.0,0.0,False,True,False
0x87cabd4bd710775d0619878440ae76f0be9cc10c,True,2000,923,318,605,34.5,0.1,-65387.04,4,1782084539850,1782869955177,9.1,-3823.9,0.058,0.0,0,0.0,,False,True,False
0x87dd8013da731f743e83deb5884e2d9583b0aed8,True,2000,780,682,98,87.4,0.71,-24657.17,5,1778247061970,1788666176043,120.6,-20081.5,0.814,226.840027,0,0.0,0.0,False,True,False
0x87f242ca15f3f9d80c049aefea0174d0b3c4650f,True,2000,818,262,556,32.0,0.14,-38417.93,22,1774620198124,1788736241017,163.4,-961.38,0.025,47560.0793,3,-94527.07,-198.8,True,False,False
0x88087cadd8cb5ed05807cb61835a6d6afbf005a2,True,1682,822,360,462,43.8,0.84,-308.15,105,1775396578724,1781467742914,70.3,60.93,0.198,0.0,0,0.0,,False,False,False
0x88159bf359f0a86a8b6a5f1931e141a4b1c3fe17,True,1290,449,204,245,45.4,0.39,-9051.65,56,1703588719618,1778976000019,872.5,-3094.31,0.342,0.0,0,0.0,,False,True,False
0x88250cf2f6402e856bc85fc65095e4a48bb12cb7,True,2000,1859,1432,427,77.0,0.42,-20887.29,6,1788757208588,1788802848478,0.5,-1358.27,0.065,437129.362366,33,-161649.61,-37.0,True,False,False
0x8832d07a813a17df7275e6b402efd514125605c7,True,2000,981,421,560,42.9,0.63,-2050.67,31,1771539062147,1783555200002,139.1,-581.11,0.283,0.0,0,0.0,,False,False,False
0x883f12a0a62bfb510a1e17bf9864592d85513ad6,True,739,376,194,182,51.6,3.66,26664.8,8,1745425085628,1787578080111,487.9,1968.18,0.074,0.0,0,0.0,,False,False,False
0x885327357a8d005c9dfb670583899df6e21f8249,True,2000,1595,1595,0,100.0,inf,39324.31,2,1788707715023,1788799203138,1.1,1081.33,0.027,0.0,0,0.0,,False,False,False
0x8866764b459b8f6af718deec245965a2b5dad447,True,2000,1038,568,470,54.7,0.69,-6268.11,13,1777957592765,1779235200009,14.8,-4421.45,0.705,0.0,0,0.0,,False,True,False
0x887fe8085ba6f998a5e4f040718516bd062da3da,True,2000,1054,262,792,24.9,0.69,-5656.44,13,1760123564399,1781084133140,242.6,1284.24,0.227,0.0,0,0.0,,False,False,False
0x889d9950b046faa99d5040f4fae27e66dbc3de02,True,253,104,47,57,45.2,0.09,-21911.06,13,1775425715194,1787103167673,135.2,-12271.32,0.56,0.0,0,0.0,,False,True,False
0x88b2448328f4335ad2a8cac06485c378ebe66fe3,True,2000,795,523,272,65.8,1.88,47738.91,8,1771906167501,1785615242967,158.7,5142.71,0.108,0.0,0,0.0,,False,True,False
0x88d19fc18e5198a99a0b1fc2cb7487e550a20cbe,True,379,196,136,60,69.4,0.39,-12895.69,3,1775132563115,1782325213478,83.2,-2185.21,0.169,0.004084,0,0.0,0.0,False,True,False
0x88f17731836942b533f33958a302fb4c31bad3d0,True,2000,895,558,337,62.3,0.51,-3415.27,2,1779008461975,1783176053222,48.2,-1138.47,0.333,0.0,0,0.0,,False,True,False
0x890ee2210dc42e041dac383ec776be6d31c9fdce,True,2000,1489,1096,393,73.6,2.82,4130.69,33,1787375618769,1788794900970,16.4,308.14,0.075,16996.213128,0,0.0,0.0,False,True,False
0x8923cdff38a43d1fd59d323c35b900047e431bac,True,2000,980,399,581,40.7,1.9,33907.3,12,1787876111289,1788748657495,10.1,19641.34,0.579,260664.03873,6,296723.7,113.8,False,False,False
0x893f5a817aaa6372cbb185dbbedd57724c1d007b,True,2000,901,451,450,50.1,0.46,-28912.39,53,1777913389314,1782395864527,51.9,-6658.57,0.23,0.0,0,0.0,,False,True,False
0x8951904ca840f36886ae2b4ff442388b15c660b6,True,2000,1103,879,224,79.7,0.25,-142669.92,4,1780751813152,1788134844938,85.5,-19873.04,0.139,0.0,0,0.0,,False,True,False
0x8960e94cb6085ab7eb313de25e402d7c3e1bf101,True,1569,551,416,135,75.5,0.21,-125871.62,1,1785733098187,1787971927180,25.9,-84940.11,0.675,0.0,0,0.0,,False,True,False
0x8973af30506940bbf09ad792d9229dbd1d302ef4,True,2000,788,163,625,20.7,0.03,-6906.02,51,1770067820919,1777901377420,90.7,-634.11,0.092,0.0,0,0.0,,False,True,False
0x89880ad02b0ea89fda3ccfa1ed89eab3323abd47,True,2000,1091,893,198,81.9,1.62,6034.72,12,1775684746710,1775915518637,2.7,2874.79,0.476,0.0,0,0.0,,False,True,False
0x899c0eef91d624cc4debab1ced1f05d89132d15a,True,2000,877,174,703,19.8,0.6,-405008.24,4,1771757397532,1784746738124,150.3,102220.42,0.252,0.0,0,0.0,,False,True,False
0x89a692ec3ab45e36a54318fb46b43766bb5b61cd,True,249,139,48,91,34.5,0.33,-3628.29,6,1757655412502,1779690459943,255.0,-654.26,0.18,1.533355,2,0.08,5.4,False,False,False
0x89b585df208c727829232d892a50806c3a20a4e6,True,2000,1093,555,538,50.8,0.18,-168768.75,16,1758733234976,1781222400013,260.3,-6543.94,0.039,0.0,0,0.0,,False,True,False
0x89c6f0f2389bbf473bafeed477c63124d0cb3176,True,2000,738,465,273,63.0,0.54,-5841.25,42,1778781935839,1787371583127,99.4,-3094.03,0.53,0.0,0,0.0,,False,True,False
0x89e10ffc227eb6ab6185a88c7c142a4593d2a731,True,788,319,146,173,45.8,1.29,484.39,71,1738879831719,1786105352365,546.6,321.04,0.663,0.0,0,0.0,,False,True,False
0x89f81b07485d774891eab82316dd1f666a4e5bd5,True,2000,1132,921,211,81.4,1.98,10172.99,16,1787312985194,1788810666146,17.3,-1877.4,0.185,12133.556796,8,-6275.23,-51.7,True,True,False
0x8a0e881251dd5e3e07b0d559cb777c1781c09185,True,2000,1019,477,542,46.8,2.47,40790.74,11,1777701076590,1788448167351,124.4,-2735.0,0.067,0.0,0,0.0,,False,False,False
0x8a3b90cb0c9a6e56009257d4c31b755a2f7e8458,True,2000,1070,406,664,37.9,0.35,-32374.5,14,1782465297168,1782797764420,3.8,-8983.91,0.277,0.0,0,0.0,,False,True,False
0x8a474fd1b929306a6827630aefeade443128ec68,True,146,83,20,63,24.1,1.12,201.83,7,1780646523497,1780944434863,3.4,-799.75,3.962,0.0,0,0.0,,False,False,False
0x8a5b342d490ff72c03d72df0c7ff30d899c24a57,True,532,245,147,98,60.0,1.93,4321.65,2,1770337701448,1775390556230,58.5,1661.95,0.385,0.0,0,0.0,,False,False,False
0x8a820d3b050bafc0a1f3156706f28038aa292dce,True,1631,723,620,103,85.8,2.22,37894.56,20,1774433547020,1787576503849,152.1,-4185.52,0.11,65963.927259,3,-73042.99,-110.7,True,False,False
0x8a9683697f7e534d86d9e5e433ed725047991954,True,2000,1317,563,754,42.7,0.93,-2935.45,5,1787838781133,1788711250254,10.1,-1970.02,0.671,532902.186673,10,-267618.4,-50.2,True,False,False
0x8aa67b44b2c2109d30fac9e3c87c49c4c9563c16,True,2000,1002,368,634,36.7,0.65,-10408.2,36,1756854297684,1778088790672,245.8,-1659.79,0.159,0.0,0,0.0,,False,True,False
0x8ab61b70718b051b7e35b20f096c04bbc8470147,True,1170,622,362,260,58.2,2.46,10672.97,11,1786331476913,1788794944749,28.5,1404.88,0.132,8554.971322,1,480.99,5.6,False,False,False
0x8ac985cdcb2f06363b43e81345a52511561b504c,True,627,222,214,8,96.4,7.77,17169.04,7,1786728671896,1788190847828,16.9,2648.78,0.154,0.0,0,0.0,,False,False,False
0x8ae54bfa9176e56ef0a601053fded94fa1710c60,True,2000,1000,287,713,28.7,0.78,-1140.21,5,1780666078169,1788647825384,92.4,198.39,0.174,15391.429141,3,1059.31,6.9,False,False,False
0x8af700ba841f30e0a3fcb0ee4c4a9d223e1efa05,True,2000,626,398,228,63.6,2.82,125428.78,11,1787446290437,1788739753375,15.0,-1216.45,0.01,5253157.638673,18,4918305.06,93.6,False,True,False
0x8b0be882a693ad3849f9bfde6951ec36489f30be,True,2000,2000,135,1865,6.8,0.48,-146748.05,24,1774977307070,1780631351040,65.4,25082.02,0.171,0.0,0,0.0,,False,True,False
0x8b1a2e764fd2976506fdb00035a948929b2f3198,True,2000,966,650,316,67.3,1.2,4546.18,6,1772755104633,1773821289469,12.3,-1711.83,0.377,7e-06,0,0.0,0.0,False,False,False
0x8b2fd6b5c661d2e1fbb6d9df162f2b5f3b1d3d11,True,2000,834,575,259,68.9,2.62,135326.64,12,1780997739609,1788512347115,87.0,-15238.98,0.113,0.0,0,0.0,,False,True,False
0x8b48164e552e722b682c16626fa6ba1004417d85,True,2000,1044,191,853,18.3,0.93,-1716.29,4,1781797237008,1788795091147,81.0,4105.02,2.392,0.0,0,0.0,,False,False,False
0x8b67b0a78e557201fa0f9db2bc9dba5d55aaf692,True,2000,870,549,321,63.1,2.27,3050.01,3,1787698480494,1788131749854,5.0,-175.62,0.058,0.0,0,0.0,,False,False,False
0x8b73a56844d39710b882dadbcd3b90870446bf27,True,2000,1053,364,689,34.6,0.32,-648488.88,7,1762487288735,1787245118555,286.5,-230374.8,0.355,56099.868878,1,88294.95,157.4,False,True,False
0x8b84fd07b2956b89ea6baf1301dc577253f160f2,True,2000,407,345,62,84.8,0.49,-14220.95,12,1782942298310,1788718652969,66.9,-7259.56,0.51,7120.132608,1,737.44,10.4,False,True,False
0x8b9af0a4a822d6d6ccc72540b2a44bcc9a5a66ef,True,2000,666,81,585,12.2,3.64,137729.31,3,1777450462625,1780540197521,35.8,99934.34,0.726,0.0,0,0.0,,False,False,False
0x8ba7802f6bfcee778d33f882c67b03a93d077eb1,True,2000,848,407,441,48.0,0.75,-7580.15,10,1778403592615,1784893649445,75.1,2344.18,0.309,0.0,0,0.0,,False,True,False
0x8bc7c0cd458823d084d42ae8822adeef3ef4ee9f,True,1170,490,320,170,65.3,0.94,-5748.41,8,1769357634562,1787364929347,208.4,-12428.99,2.162,0.0,0,0.0,,False,True,False
0x8bdab88305784de6c51b36a3f350a25f1b7a153a,True,2000,1026,394,632,38.4,0.64,-1327.03,13,1759592795939,1788385966793,333.3,442.68,0.334,0.0,0,0.0,,False,False,False
0x8bf0a256fe01198afe83654f7faad42bfdca2ac0,True,2000,1069,828,241,77.5,65.81,76657.71,8,1764344763776,1787097600012,263.3,451.4,0.006,0.0,0,0.0,,False,True,False
0x8c09fa59ef2e30d3f0aed83b9fa826b559d48527,True,2000,876,585,291,66.8,0.35,-23988.7,15,1773857058502,1776425590701,29.7,-4024.47,0.168,0.0,0,0.0,,False,True,False
0x8c1ab015da7e5319649afca4a551924f89eff883,True,2000,1216,561,655,46.1,2.95,174152.69,5,1770004687870,1787370634863,201.0,24784.0,0.142,494932.522,0,0.0,0.0,False,True,False
0x8c2ae7531d341c946c3457dfbbb242ee7481850d,True,1112,578,156,422,27.0,2.76,4359.27,14,1769339174519,1788619202988,223.1,-990.09,0.227,1118.028966,1,34.35,3.1,False,False,False
0x8c47cc3f9e32b70c0c5defcbe5d06e29ff627edc,True,2000,1039,615,424,59.2,2.31,55614.25,12,1777357853835,1779922090200,29.7,-7500.71,0.135,0.0,0,0.0,,False,True,False
0x8c742465e3ded68c94a154d107f548bf35d77078,True,2000,1060,664,396,62.6,1.07,84.95,6,1775131784147,1785469491414,119.6,-10.48,0.123,0.0,0,0.0,,False,False,False
0x8c8d16b8005eaed1f27e04e5e6df154b96fe5f83,True,2000,876,236,640,26.9,0.09,-20734.49,16,1773259392956,1784290413387,127.7,-2145.27,0.103,0.0,0,0.0,,False,False,False
0x8ca3ea188f3f1e02d573cd79c443877cb1271cad,True,2000,978,407,571,41.6,0.93,-640.82,27,1755713977562,1788663258388,381.4,-1575.56,2.459,0.0,0,0.0,,False,True,False
0x8cbc89890a1404a377958b92df1935cceb146e0b,True,2000,862,352,510,40.8,0.77,-3300.18,20,1780872331554,1788665795554,90.2,-695.92,0.211,0.0,0,0.0,,False,False,False
0x8cc46a19d4ab8617eca741e53ea65fb366024cc2,True,2000,827,447,380,54.1,4.54,428794.18,2,1769702118199,1774634362485,57.1,74187.4,0.173,0.002587,0,0.0,0.0,False,False,False
0x8cd9c51fc919e410000335ce26c7234e8d67f971,True,134,74,32,42,43.2,0.52,-3385.16,3,1777231592603,1786924800025,112.2,-1862.79,0.55,0.0,0,0.0,,False,True,False
0x8cf051405995581de2cbbdc9a3e9951325607e18,True,2000,1007,707,300,70.2,0.06,-405288.02,4,1786582368696,1788654699624,24.0,-48542.28,0.12,158186.1,1,-385025.29,-243.4,True,False,False
0x8d01321115946264d5432bfa63de60f8b072919b,True,141,85,3,82,3.5,0.48,-3045.24,2,1776860885921,1777977433078,12.9,2669.12,0.876,0.0,0,0.0,,False,False,False
0x8d1ca8954597beceeb82ce9996d7918c8a24dace,True,2000,921,701,220,76.1,0.94,-472.3,71,1786161516534,1788794267930,30.5,-749.8,1.588,4018.258636,4,8.26,0.2,False,True,False
0x8d4650ff52aed840b56b871fc9a275caffc5a471,True,2000,1032,642,390,62.2,1.62,10118.96,16,1786840855199,1788718661701,21.7,-4217.18,0.417,0.0,0,0.0,,False,True,False
0x8d60000cd6dd9faded3702cac720d41582342a40,True,1483,706,688,18,97.5,1.69,12505.67,2,1747773302419,1788448382532,470.8,-7933.49,0.634,4007.925294,1,-274.41,-6.8,True,True,False
0x8d764bd11efa32f3d6c2a57b792676c818d38a7e,True,1757,828,501,327,60.5,1.11,456.81,33,1752119249993,1787303569373,407.2,-860.67,1.884,0.0,0,0.0,,False,True,False
0x8d890280a40c5cea11989f36ef6dea22c7eb5743,True,2000,640,466,174,72.8,0.57,-6315.79,25,1784331496665,1788625336441,49.7,-6048.6,0.958,1739.215296,1,636.71,36.6,False,False,False
0x8da15f7e6bf20eae393d0210d0f69ea98fc8ea5e,True,2000,1070,583,487,54.5,1.05,1983.94,5,1788458874231,1788589148747,1.5,-2986.36,1.505,0.0,0,0.0,,False,False,False
0x8daf9a6c784dc623179577804b0753b436288bde,True,704,243,212,31,87.2,17.26,162390.83,5,1787069723908,1788110652808,12.0,14437.97,0.089,162993.815677,1,35453.33,21.8,False,False,False
0x8dbfd29ab4f7caff95b09849fe77778efd5dd1e2,True,2000,511,169,342,33.1,0.08,-90633.24,5,1780643333291,1781568000049,10.7,-7534.47,0.083,0.0,0,0.0,,False,True,False
0x8de449376df9b8a25c36765a5d74b5c4f9026b1d,True,594,253,190,63,75.1,0.52,-5601.09,5,1781564085249,1788463311368,79.9,-7190.6,1.284,0.0,0,0.0,,False,True,False
0x8df47187527847f147a990d3f2e405ff5c72e209,True,2000,1090,651,439,59.7,2.17,1245.69,2,1788451570763,1788790570943,3.9,-109.43,0.088,10012.849056,0,0.0,0.0,False,False,False
0x8e0b4647c203f6779a2ceecb0ca9ea20afd5d1f0,True,2000,777,409,368,52.6,0.58,-2400.39,10,1787947978413,1788604051504,7.6,-756.91,0.315,11672.282533,3,-2228.14,-19.1,True,False,False
0x8e28934e4c5cfd5901dee0e4f8891614b5ab1117,True,2000,1068,305,763,28.6,1.75,8863.38,4,1781553547186,1788446851572,79.8,2445.6,0.276,0.0,0,0.0,,False,False,False
0x8e32209749102c44a847c5cbb7b4706ae8baafbd,True,2000,959,702,257,73.2,0.52,-7299.71,6,1783127602306,1787944012592,55.7,-987.44,0.135,0.0,0,0.0,,False,True,False
0x8e50ef6fe3d9c1f7579f1b68347fe0e8f275d047,True,2000,1115,754,361,67.6,0.57,-55641.69,12,1764353951417,1788553453657,280.1,-7126.47,0.128,0.0,0,0.0,,False,True,False
0x8e6452dbc9570d379dc21d86e86a0f9a18cbdbb5,True,921,461,176,285,38.2,0.8,-1019.35,30,1756176877311,1787520583711,362.8,-868.22,0.852,0.0,0,0.0,,False,True,False
0x8e72bb69abd6f0cf7907fac5ad6fb3f66870e0c6,True,2000,897,666,231,74.2,0.8,-5632.92,3,1773246914658,1788768613835,179.6,-8181.43,1.452,4851.595601,1,-0.25,-0.0,False,True,False
0x8e89841f27d053be5485d6213479addc236d3998,True,121,52,32,20,61.5,1.15,1603.28,5,1778684438402,1788529708293,113.9,4941.02,3.082,10919.581872,3,6981.25,63.9,False,True,False
0x8ea85cbd59affca28162fc286d5c093dd0f8edbc,True,2000,1248,643,605,51.5,0.55,-17410.04,2,1780471266664,1780883861430,4.8,-9429.82,0.542,26095137.188233,1,6369721.68,24.4,False,False,False
0x8ec47588b99c10ad00b8841b60ce5d6381cfdd5b,True,2000,998,328,670,32.9,0.75,-806.96,4,1785307745792,1788811682717,40.6,-140.26,0.174,0.0,0,0.0,,False,True,False
0x8ed57c701847c373b3f0a3912407f26a729c614e,True,802,368,264,104,71.7,0.94,-108.78,54,1776975937598,1778809463484,21.2,-228.51,2.101,0.005709,0,0.0,0.0,False,True,False
0x8ef8530a8437a327f14be71b08c01cddaa986225,True,481,298,140,158,47.0,1.42,3704.23,16,1784792559678,1788332950442,41.0,6820.73,1.841,0.0,0,0.0,,False,False,False
0x8f1679fa597373f7ea79e41ffd821173212227fb,True,2000,724,724,0,100.0,inf,20614.13,1,1787918687010,1788739318827,9.5,999.98,0.049,120043.376754,1,-8203.97,-6.8,True,False,False
0x8f27c9ebac89c4597b2e240fe6890330f8bc7a0b,True,354,120,60,60,50.0,0.07,-49408.78,6,1783006368393,1787296503018,49.7,-10866.11,0.22,0.0,0,0.0,,False,True,False
0x8f39753a8f45d24ab09560b90e7c5b03b3600852,True,2000,1552,934,618,60.2,1.47,754.22,26,1788380071979,1788810749948,5.0,146.16,0.194,38227.356979,0,0.0,0.0,False,True,False
0x8f5340d46761aa07aa97a1436728f75aaaeb7ade,True,1073,514,320,194,62.3,1.34,1009.55,45,1784302594786,1787159019838,33.1,-602.04,0.596,0.008523,0,0.0,0.0,False,True,False
0x8f683b601cd24ba042d86ed471961292293d2ed1,True,2000,946,256,690,27.1,0.45,-1886.34,24,1775114899059,1777054721519,22.5,134.78,0.071,0.0,0,0.0,,False,False,False
0x8f804f353f3229d3f2e589b1a276c958263ec4da,True,2000,970,553,417,57.0,2.43,173034.35,7,1754988324985,1780685508521,297.4,13924.3,0.08,0.0,0,0.0,,False,True,False
0x8f92b115eb56e863ab0ff20d2eff850a5cb22b28,True,1635,1117,889,228,79.6,1.06,1886.18,55,1749323209838,1788619327652,454.8,-3452.51,1.83,29958.449732,9,-26100.89,-87.1,True,True,False
0x8fa96ca3c611f38fb37c85910459df05048ec4aa,True,1703,771,310,461,40.2,1.28,6034.81,33,1739266360929,1781600781374,490.0,2561.17,0.424,0.0,0,0.0,,False,True,False
0x8fbb1aad00013c4e32bb033337b7cb792ab2fc4e,True,2000,716,347,369,48.5,0.28,-189347.58,4,1787167169650,1788794871279,18.8,-16160.09,0.085,148006.140594,2,-48924.54,-33.1,True,True,False
0x8fd9267218009393c14ef63d114922f30cc7104a,True,2000,830,241,589,29.0,0.33,-15290.5,25,1759392370262,1787228405190,322.2,-10128.4,0.662,0.0,0,0.0,,False,False,False
0x8fe8cab509d89d19ee84ce7b7ebbe88c73ab30c5,True,777,305,206,99,67.5,0.32,-39303.04,6,1752540128537,1782998609625,352.5,-17356.42,0.442,0.0,0,0.0,,False,True,False
0x90016ea66f86f1fc0133af2042f3c65320cfcda3,True,1652,1651,1647,4,99.8,21329.67,243055.52,3,1784506361087,1786091642625,18.3,4563.7,0.019,0.0,0,0.0,,False,False,False
0x901417e0f62f082b8bad9f4025c715b5555167df,True,2000,1722,318,1404,18.5,0.1,-22529.21,6,1778685434373,1780552976548,21.6,-1127.02,0.05,0.0,0,0.0,,False,False,False
0x9020d2115a4d6151b5307aa9a58b9e8601e2187d,True,2000,866,387,479,44.7,0.48,-43336.04,7,1782395914224,1785778459426,39.1,-4999.87,0.115,0.0,0,0.0,,False,False,False
0x903598dc392f286b21d2d485349eb55dc5901833,True,2000,790,433,357,54.8,1.18,2555.17,41,1780791816911,1788808130802,92.8,-1007.51,0.394,0.0,0,0.0,,False,True,False
0x90489a1f557fba381660192836446db659186c55,True,2000,1147,430,717,37.5,0.56,-84345.05,14,1762574653650,1788608671201,301.3,17237.2,0.204,0.0,0,0.0,,False,False,False
0x9066088c1ef8cca14099acdae2b55c8fc9b3edbe,True,2000,904,266,638,29.4,1.12,4520.61,17,1765117395772,1783525513587,213.1,2600.39,0.575,0.0,0,0.0,,False,True,False
0x90781f467684a2b89772353888b7141616230a3e,True,2000,1064,279,785,26.2,0.43,-83180.57,3,1782454926234,1788662403477,71.8,-8955.07,0.108,33905.834711,3,-2583.03,-7.6,True,False,False
0x90882e7c28ddf0ac1177033a310aeed8eff25e90,True,2000,483,341,142,70.6,442.56,746074.56,2,1780012527765,1784017597908,46.4,52350.57,0.07,0.0,0,0.0,,False,False,False
0x90b8d889ca8637307a9a7e79b438bb7a0aa82449,True,1258,614,491,123,80.0,0.32,-5149.58,9,1761016859556,1783359327270,258.6,-1032.73,0.201,0.0,0,0.0,,False,True,False
0x90d4c1b995d346e0f0b3ee13f5851e54c7ba16a1,True,188,95,73,22,76.8,1.84,3662.42,7,1770148044612,1788570382013,213.2,-1203.51,0.329,0.0,0,0.0,,False,False,False
0x90eb8b9ed1019783a816613d7277f0971090e090,True,2000,910,453,457,49.8,1.01,1765.35,1,1775583634652,1788470911697,149.2,24847.89,14.075,475435.192825,1,139268.53,29.3,False,False,False
0x9105c3182e9abed83bd7755cbb113fccaea3bfae,True,581,234,210,24,89.7,0.81,-1450.84,11,1787076786927,1788506542036,16.5,2091.88,1.442,0.0,0,0.0,,False,True,False
0x91219d5fc4540bce994036217ade77945da5d6f6,True,2000,965,754,211,78.1,14.38,76808.38,61,1769585425112,1788783101856,222.2,13989.26,0.182,43788.380956,7,-9051.92,-20.7,True,True,True
0x9138aa3d53d947675a29fe24e650c4235c8d43d5,True,423,138,65,73,47.1,0.79,-1251.14,29,1770772870940,1788566400005,205.9,-2051.52,1.64,0.0,0,0.0,,False,True,False
0x915576755131a5a541be332c266a8230ce64fa9c,True,2000,943,501,442,53.1,1.43,59.15,30,1787888685999,1788048000065,1.8,30.45,0.515,0.0,0,0.0,,False,False,False
0x915f49be1efad69bf644a500274db9b7ec24840f,True,2000,1199,566,633,47.2,2.17,10057.07,5,1780079560042,1788795706591,100.9,1162.15,0.116,13603.526168,5,-54.9,-0.4,False,True,False
0x917be8168e62621ed9607283561fa1f7fd4e81e6,True,2000,988,537,451,54.4,0.67,-15293.34,55,1734639058630,1787188000377,608.2,3862.27,0.253,0.0,0,0.0,,False,True,False
0x919036152224102f223641057770f8895a12c46c,True,380,196,163,33,83.2,1.87,916.45,48,1740139142492,1788014535465,554.1,-194.8,0.213,0.0,0,0.0,,False,True,False
0x919dcfb433da0a88eda20bb7dfa83897b97cc1c8,True,387,202,147,55,72.8,7.99,83310.64,6,1771093696417,1787955124176,195.2,14571.19,0.175,35639.265566,1,6097.0,17.1,False,False,False
0x91ab1b9ca12dcf0bcb3b6af164c05abbbec2f051,True,2000,449,147,302,32.7,0.62,-2779.33,31,1780945219919,1788415490702,86.5,941.84,0.339,25.367193,4,-8.99,-35.4,True,True,False
0x91c5e2ee268f54f2b3435e85ff0de66ee5654667,True,2000,752,257,495,34.2,2.47,24419.77,20,1788272117594,1788802197188,6.1,4993.23,0.204,21143.53579,4,-8201.51,-38.8,True,False,False
0x91d7ed568372a4cdd7ee827920839b2073c98287,True,2000,844,0,844,0.0,0.0,-1876917.52,3,1753457860322,1785510724833,371.0,-159333.13,0.085,0.0,0,0.0,,False,True,False
0x91fb58d4393ca27e557e39150847e31dc05337bb,True,1647,660,431,229,65.3,0.97,-212.26,27,1786111067405,1788799692885,31.1,-590.36,2.781,1791.372975,2,141.87,7.9,False,True,False
0x92086960afb91849db835a4fe10da67f2e4fac98,True,952,441,279,162,63.3,0.78,-1525.47,11,1770099101664,1781891566685,136.5,-2082.12,1.365,0.0,0,0.0,,False,True,False
0x921bb15a405e229a9210d6da0145b17aeec40f3b,True,536,259,167,92,64.5,2.76,7752.68,9,1780052873539,1787932879044,91.2,1560.56,0.201,0.0,0,0.0,,False,True,False
0x923295368a3ad23355e04a67cd2eec192426099b,True,2000,1149,452,697,39.3,0.3,-35538.08,5,1785175043588,1788288225093,36.0,-5293.98,0.149,0.0,0,0.0,,False,False,False
0x925c6d47d01f307b970d21e0ae8e3fb1e0821609,True,2000,973,142,831,14.6,0.67,-3299.17,11,1772854272184,1786679337904,160.0,1840.73,0.558,12.132645,0,0.0,0.0,False,True,False
0x926eaf5acc02b49fd8290155188d4d2b5a11473a,True,1016,410,194,216,47.3,0.37,-10256.06,63,1753105310395,1785283538379,372.4,-2593.52,0.253,970.741592,11,213.45,22.0,False,False,False
0x928ab19ccbe9aa3d3bd8577f5a49e8247aeda048,True,2000,1076,570,506,53.0,1.82,53127.67,20,1757042642740,1787688079509,354.7,26201.1,0.493,46916.95649,2,115814.07,246.8,False,True,False
0x92a28954d0070cc18cdaa9858cd13ee7c403c6c9,True,510,274,252,22,92.0,1.04,35.72,6,1783278565160,1788471114823,60.1,-589.9,16.514,12181.286931,2,-6214.95,-51.0,True,True,False
0x92b75a5bfb7be7911747276ad335b8f5da3ce0f4,True,2000,1360,1360,0,100.0,inf,5397458.19,2,1785306763641,1787474257367,25.1,505447.99,0.094,1263573.481037,1,445.22,0.0,False,True,False
0x92cbb22a9b9fc01da9914c9b39ed904dd61b859c,True,2000,950,599,351,63.1,2.49,4202.24,10,1788706848050,1788812926253,1.2,-289.0,0.069,210136.678151,10,7836.76,3.7,False,False,False
0x92e56b9e4b9f9e5ac533bf1dc9b9d3e13b8f26ff,True,2000,430,293,137,68.1,9.88,4029.03,11,1787845257112,1788797543367,11.0,102.68,0.025,3612.728039,1,-210.93,-5.8,True,False,False
0x930b68d39feb6e44f285949fcda3993a57e9d8d1,True,1206,652,228,424,35.0,0.85,-930.45,2,1776696741076,1777971221093,14.8,848.85,0.912,0.0,0,0.0,,False,False,False
0x9323b60044b64626440f582a4c8b96c3aa32392b,True,2000,1065,468,597,43.9,0.72,-17277.4,24,1755484233817,1783814400016,327.9,-7929.57,0.459,0.0,0,0.0,,False,True,False
0x9333c471fb0abb0a189189933bfc0d1a4584c9f7,True,2000,653,443,210,67.8,1.86,12415.65,49,1782823037450,1788799776506,69.2,3346.32,0.27,121748.273553,19,39310.68,32.3,False,True,False
0x9352194a7f3c2c197cd0a29c81f0bb03f6de2c06,True,2000,1037,101,936,9.7,0.01,-3195.73,10,1787305273794,1787404396276,1.1,-22.48,0.007,10740.464534,13,-3581.69,-33.3,True,False,False
0x936b0b8a4dc3a666fe5948bee42e1746c04bf49e,True,2000,904,509,395,56.3,0.83,-5972.74,47,1772660347935,1787222724771,168.5,-16174.45,2.708,0.0,0,0.0,,False,True,False
0x937d6c0eda5ffe44c61247d1f64468eb5bb7ab8d,True,1253,479,240,239,50.1,4.38,61981.18,11,1785201171536,1788741441664,41.0,9869.21,0.159,7021.120746,1,-973.16,-13.9,True,False,False
0x93920c9a81e49ea155ae0d3e746f91ecc2c70715,True,2000,993,901,92,90.7,0.19,-104634.65,2,1779850578287,1783499059605,42.2,-44553.6,0.426,0.0,0,0.0,,False,True,False
0x93ab5a80125a3dab04dced7b96058bfe63730384,True,2000,1072,365,707,34.0,1.12,1845.39,43,1762876018565,1787875200079,289.3,-1136.48,0.616,0.0,0,0.0,,False,True,False
0x93d642d01815d75a7ed736b90c0987bb74bbfe59,True,2000,1138,459,679,40.3,0.16,-165085.25,7,1780534088081,1787665869507,82.5,-24576.64,0.149,0.0,0,0.0,,False,True,False
0x93ec90430f00fe9c32cdd78b08b020bcf45dbf26,True,2000,729,539,190,73.9,26.75,148356.08,11,1787151433865,1788806840834,19.2,8665.14,0.058,139714.865508,6,11008.67,7.9,False,True,False
0x940c4a0a95615187f97bc69b01b86c6c1c3c2dd0,True,2000,907,211,696,23.3,0.35,-66115.63,1,1786429625724,1788625834991,25.4,-5573.0,0.084,0.0,0,0.0,,False,True,False
0x942258a5fbdfd04ff5d06a15d2c983a017cc5a5f,True,2000,887,421,466,47.5,1.0,-36.8,28,1778687115639,1788728610063,116.2,-6130.41,166.573,30626.146445,5,-17033.67,-55.6,True,True,False
0x942d19185e86344ac6aef99c718d2e42c08eb214,True,2000,990,460,530,46.5,0.14,-155384.27,22,1775131691649,1783524812268,97.1,-15045.52,0.097,0.0,0,0.0,,False,True,False
0x944daa01c5d3d4d83d7c9aa1cca2eac0a70d01c2,True,433,171,102,69,59.6,0.41,-9616.73,5,1783110986769,1787692058123,53.0,-2942.0,0.306,0.0,0,0.0,,False,True,False
0x946da0df56627b0288eab6384f1afdad8e8693e9,True,2000,913,393,520,43.0,1.96,6846.84,12,1775808482280,1788333819024,145.0,4890.32,0.714,0.0,0,0.0,,False,False,False
0x94828f8c84169e077b2c2a0b9dbe29f34ec82b8f,True,635,250,77,173,30.8,0.28,-3614.81,10,1786320529473,1788784166663,28.5,-364.41,0.101,0.0,0,0.0,,False,False,False
0x94a531e75768feae513f53c019844d275bf46d89,True,247,131,52,79,39.7,0.78,-4273.38,2,1778052060469,1780538322872,28.8,2514.46,0.588,0.0,0,0.0,,False,False,False
0x94c2d790096a0f4e388b860131e68aac2b1f4e5d,True,147,79,34,45,43.0,0.59,-1490.32,6,1765920767818,1775852507287,115.0,-685.88,0.46,0.0,0,0.0,,False,True,False
0x94dbfd57820f2bce8fa3246240b6e8343da54d9b,True,1531,441,295,146,66.9,0.52,-344.57,21,1739145967862,1785367391058,535.0,-134.62,0.391,0.001099,0,0.0,0.0,False,True,False
0x94fb21bbfaed8927570a2d41af0c21527efbfd81,True,1699,797,679,118,85.2,5.35,92711.65,4,1785159478473,1788656752400,40.5,11286.65,0.122,0.0,0,0.0,,False,True,False
0x950ffa4f323be515d124eb312f127448f75ccb81,True,587,258,119,139,46.1,0.42,-3795.13,5,1774921327276,1778452428798,40.9,-1517.74,0.4,0.002755,0,0.0,0.0,False,True,False
0x95267bcbe6e15ca1d87e206e86f52b50baaa3aee,True,2000,1032,578,454,56.0,1.79,594.15,17,1778905835578,1787431768708,98.7,-113.25,0.191,0.0,0,0.0,,False,False,False
0x953c5152e2f8b5ed9d92976cad478a837749182a,True,2000,611,310,301,50.7,0.05,-25875.74,3,1787687933503,1788779324197,12.6,-4376.31,0.169,0.0,0,0.0,,False,False,False
0x9549fd0926212664e9a00092d0813bd687c63d74,True,2000,1051,714,337,67.9,115.45,30918.23,2,1787893967736,1788812902939,10.6,5979.48,0.193,1541.85889,1,-17.47,-1.1,False,True,False
0x955dfb921c6e481bf26225282720dba9196c3441,True,2000,938,520,418,55.4,2.42,18471.55,22,1778273906557,1783209600077,57.1,3879.63,0.21,0.0,0,0.0,,False,True,False
0x9576e54cdf9348a77e84a15978603297a2acbee7,True,2000,650,528,122,81.2,8.49,14075.98,10,1784904587058,1785697792987,9.2,897.9,0.064,0.0,0,0.0,,False,False,False
0x958f68a7e93bbf275329c1816556f0c3814c2eb9,True,2000,931,329,602,35.3,0.25,-16450.91,18,1776861302216,1788558991261,135.4,-1618.55,0.098,0.0,0,0.0,,False,False,False
0x95a5baeadae0de1ea16104f5f4c4ff911f4837da,True,2000,895,653,242,73.0,1.84,2213.04,33,1787620178313,1788794264691,13.6,325.18,0.147,1010.0,0,0.0,0.0,False,True,False
0x95bfa1c0b133bb39364bd0f9feb8390cfb6a8af5,True,2000,1042,681,361,65.4,3.0,76483.71,10,1741166566240,1787490125008,536.2,12997.82,0.17,19485.721161,3,-31762.38,-163.0,True,True,True
0x95cffc13424a595f739d14659aac21fef8ce797d,True,2000,918,702,216,76.5,7.33,222336.67,3,1782737193447,1787625757429,56.6,10246.1,0.046,0.0,0,0.0,,False,False,False
0x95df469c0a286531f5eec1ac0211eeaef644fec1,True,2000,1015,843,172,83.1,1.61,8613.14,8,1769096812362,1788729707203,227.2,-1981.61,0.23,17379.231963,1,-1780.92,-10.2,True,True,False
0x95fde6cf0d305078b7eeac44182a931c169dd947,True,2000,1036,617,419,59.6,1.0,-377.61,12,1780675132835,1788797603463,94.0,-15421.68,40.84,33052.917312,1,-2066.63,-6.3,True,False,False
0x960b2f3e61ab9d559ebbf172a700f8d19a9f9a81,True,813,562,521,41,92.7,207.18,20658.51,76,1785356174325,1788806171944,39.9,3421.97,0.166,8407.286337,2,-19874.61,-236.4,True,True,False
0x962b8a60d712f71167104ea30a7d25d40479b21e,True,2000,1311,351,960,26.8,0.28,-232636.51,28,1752512280547,1780701621660,326.3,-25109.99,0.108,0.0,0,0.0,,False,True,False
0x963da31c375a881b26b14877673c935605fb7a85,True,2000,896,402,494,44.9,0.69,-3901.05,10,1777281616035,1788254423777,127.0,-1179.66,0.302,0.0,0,0.0,,False,False,False
0x965e68ccd8235bf3cadd193a1ca56bfd8aeed4bf,True,2000,823,427,396,51.9,1.69,1253.65,14,1788291819811,1788804523711,5.9,191.64,0.153,0.0,0,0.0,,False,False,False
0x9677e256755e1718e7e455b3bf9bce84c6db6b2e,True,2000,999,384,615,38.4,0.7,-1902.67,23,1780472378201,1786563995391,70.5,511.96,0.269,0.0,0,0.0,,False,True,False
0x96996d6b91bb7b0e613f1a7a12851c31d97558e0,True,2000,811,348,463,42.9,1.06,2157.45,10,1786836193126,1788152179196,15.2,4505.34,2.088,0.0,0,0.0,,False,False,False
0x96af2873328d7a004d88f2712dfc4c1e9532292a,True,719,346,178,168,51.4,0.98,-236.62,12,1785387258170,1788553884761,36.7,-3443.92,14.555,438.057663,1,97.31,22.2,False,True,False
0x96c5ecf6996df7f1851b72a86e2852e77bee4c72,True,2000,737,363,374,49.3,0.42,-56657.4,18,1772812260941,1787349925382,168.3,-15729.81,0.278,0.0,0,0.0,,False,False,False
0x96cf7f163099d292e8c8ebeec6aaff9b807f9175,True,2000,1047,374,673,35.7,0.96,-70.06,52,1784709991134,1788775779023,47.1,68.13,0.972,15963.921729,50,1113.42,7.0,False,False,False
0x96f0bee3ad9b71b0ae67de7bd4f6ce8f342dd6bf,True,2000,958,623,335,65.0,2.68,78648.63,22,1779329081827,1788795358492,109.6,7006.04,0.089,17028.17654,2,10215.74,60.0,False,True,False
0x970b206f3bfb86f06581bbec04dd2e703266fe84,True,2000,875,391,484,44.7,2.67,33068.48,13,1787590048977,1788793609894,13.9,6056.93,0.183,154419.263194,7,51248.23,33.2,False,False,False
0x97260a466b924806d08bf0f857ab60df8eb5ca2e,True,2000,1046,477,569,45.6,0.77,-240.72,9,1782676089858,1788804173544,70.9,-54.37,0.226,0.0,0,0.0,,False,True,False
0x973aa1b54ce1f111abe5c64200edd072ee328a96,True,305,126,63,63,50.0,0.44,-5298.0,1,1774159996715,1787520029932,154.6,-5032.63,0.95,0.0,0,0.0,,False,True,False
0x9752271a00d2045fe43cc2d06ccea9bc30f0bdd1,True,643,270,137,133,50.7,0.17,-13921.09,9,1781586912160,1782832532826,14.4,-1668.04,0.12,0.0,0,0.0,,False,True,False
0x9785236cac0c529c3d86f7bf28552010c922d867,True,1017,435,166,269,38.2,1.31,3232.78,13,1779988669531,1787443200018,86.3,1070.7,0.331,0.0,0,0.0,,False,False,False
0x97a32fad2bb5a66e60c11e1012bf41480311fd0a,True,2000,677,605,72,89.4,0.98,-208.6,42,1755576231088,1788697577985,383.3,-4112.18,19.713,98.921925,0,0.0,0.0,False,True,False
0x97bacb26e2fcff59eeff2bcf4acdae5b5b0610c3,True,110,51,20,31,39.2,0.01,-29840.55,3,1783911525383,1787393052403,40.3,-8728.94,0.293,0.0,0,0.0,,False,True,False
0x97cbd3ea1cc23bb5b8f9fbbe1c9771d2cc7e028a,True,2000,1072,855,217,79.8,1.35,3245.51,1,1775746406140,1780315112012,52.9,-706.02,0.218,0.0,0,0.0,,False,True,False
0x97e7ab99b1c51912ef43a336fb488c1a34fc9535,True,2000,925,148,777,16.0,0.06,-90451.86,9,1783371489265,1787933949778,52.8,-9687.58,0.107,0.0,0,0.0,,False,True,False
0x97f340c8551e2391eeff3e9927b9268dee2bae99,True,386,140,107,33,76.4,1.46,2370.15,2,1759379620345,1784242084631,287.8,-1034.56,0.436,0.0,0,0.0,,False,True,False
0x9803e982c4eb6d9b9e416966814e7f9fa4363bce,True,532,184,175,9,95.1,1020.23,211181.08,5,1761996592073,1787395917393,294.0,26650.17,0.126,95679.519439,3,-39324.78,-41.1,True,False,False
0x9818fdbc10121f83442a127aec09c193cb61829f,True,366,98,60,38,61.2,2.75,8324.95,27,1746247865558,1788721792378,491.6,4454.26,0.535,7628.203224,6,-12831.0,-168.2,True,True,False
0x98289029b0d4bb73ead9eb1a3300ed724fcf6779,True,1699,782,434,348,55.5,1.24,4043.57,85,1703696585487,1787574347111,970.8,1693.05,0.419,0.0,0,0.0,,False,True,False
0x983f78d92a6acdd1aef7fb718f7342bc36738f3c,True,628,287,93,194,32.4,0.12,-27800.84,3,1787709973178,1788096692017,4.5,-3947.84,0.142,0.0,0,0.0,,False,True,False
0x98503f25ffda7ef1bb0a885ecf9332220fc8cc01,True,846,454,94,360,20.7,0.19,-67192.04,12,1758795396314,1787469140112,331.9,-10799.58,0.161,0.0,0,0.0,,False,True,False
0x9869170e02ad0336c78d4cf2e965a0cb1726fedd,True,2000,892,677,215,75.9,3.38,89473.94,10,1780322983691,1786978282607,77.0,16656.48,0.186,0.0,0,0.0,,False,True,False
0x9873126a048b6220708fe40003bf0eb62fff7d16,True,1523,731,673,58,92.1,0.74,-3064.89,31,1784989435133,1787484931449,28.9,-2454.47,0.801,0.005368,0,0.0,0.0,False,True,False
0x989f792ffa829cdf2f085b15a76ed78869bf0832,True,2000,1146,767,379,66.9,0.63,-21570.28,6,1780689100510,1788161115352,86.5,-2847.05,0.132,0.0,0,0.0,,False,True,False
0x98b267c74728e49fd14bdeedd7e08f6c610be38a,True,2000,1016,76,940,7.5,0.06,-16309.78,13,1750550525810,1781317635079,356.1,-616.32,0.038,0.0,0,0.0,,False,True,False
0x98d08739ab1bc27def117b111942007dfe8f3e17,True,627,304,234,70,77.0,6.22,221.59,6,1770117507900,1774670868531,52.7,89.61,0.404,0.0,0,0.0,,False,False,False
0x98e499210ec2f4085b4bc0ca2ed93a1b26a8402b,True,2000,1098,1026,72,93.4,0.88,-4602.53,11,1760276294557,1787495664270,315.0,-14938.0,3.246,0.0,0,0.0,,False,True,False
0x98f70921e99d869731ed4dfb3424bca4c4e5f1cd,True,2000,974,377,597,38.7,0.5,-7747.45,14,1787513622820,1788809747638,15.0,-1032.19,0.133,2119.7035,1,-68.45,-3.2,False,False,False
0x990d07a69f23d69618e3bb2444fa07f499193fe4,True,2000,841,221,620,26.3,0.55,-4429.44,23,1785982328039,1788801310620,32.6,-1043.6,0.236,0.0,0,0.0,,False,True,False
0x99202ad5402beb662c53592ed854d7454cbd89ce,True,2000,936,503,433,53.7,2.16,36496.45,16,1772466694236,1788781033564,188.8,6693.31,0.183,26158.457875,5,-1167.71,-4.5,False,False,False
0x9945cf5dc6477fc53346657aabf76952cdca1008,True,193,96,83,13,86.5,29.77,8721.43,4,1772473417255,1785763069424,153.8,2590.49,0.297,0.007102,0,0.0,0.0,False,False,False
0x995d697ac37916b79a6a00e07e2df07bdca7c1b5,True,2000,405,279,126,68.9,1.0,-6.2,24,1782304814120,1787375492580,58.7,-2159.6,348.108,0.0,0,0.0,,False,True,False
0x996c21916a63ecebd36f57051d900ff0b3030210,True,986,323,264,59,81.7,0.97,-196.61,1,1771809444001,1785140528407,154.3,-2571.55,13.079,0.0,0,0.0,,False,True,False
0x99824a258db324bfbbdf4b74984c63454b4dcafe,True,2000,717,624,93,87.0,1.21,19130.47,45,1747314762626,1788618885206,478.1,-19313.25,1.01,2114.320226,1,602.23,28.5,False,True,True
0x999510ad3dd8c94a6659d6401d983137565283e3,True,2000,728,562,166,77.2,4.75,60254.16,9,1785333106595,1788671167497,38.6,1880.47,0.031,0.0,0,0.0,,False,True,False
0x999ee1f435bb6ffc0ed74a0dbdd700271766fc61,True,2000,813,483,330,59.4,1.05,528.74,11,1777610194162,1787847772728,118.5,-1493.36,2.824,0.0,0,0.0,,False,True,False
0x99b3ba1c1b7ad83d0164d996e3d271ae8c842551,True,2000,1217,557,660,45.8,5.88,276322.88,4,1776864878748,1777911784290,12.1,17417.03,0.063,0.0,0,0.0,,False,False,False
0x99c04bd4f1dcff4a3cf329ec34570ddc8db6cf5b,True,2000,955,864,91,90.5,7.96,183393.52,7,1782332063319,1788803314429,74.9,6597.73,0.036,0.0,0,0.0,,False,False,False
0x99d40869842351c970454eda313ff7cc7d5c1ea2,True,2000,1155,414,741,35.8,16.53,62890.33,27,1724534002987,1788788894204,743.7,15207.26,0.242,0.0,0,0.0,,False,False,False
0x99df690ecf43274a7d70e311b0ba7647006279fe,True,2000,944,522,422,55.3,0.52,-14464.47,24,1780539116307,1785463751116,57.0,-1371.11,0.095,0.0,0,0.0,,False,True,False
0x9a082414ae6d7cff879d2b7d0c80ad8148725418,True,2000,1002,231,771,23.1,0.15,-14487.51,5,1780822414683,1781172482507,4.1,-444.57,0.031,0.0,0,0.0,,False,False,False
0x9a13efe96c24c0a28dfe3e4674b596b51d61d0f9,True,2000,879,382,497,43.5,0.8,-4790.97,28,1764233435300,1788786758494,284.2,-1357.36,0.283,1575.071676,3,1051.37,66.8,False,True,False
0x9a30bce8dec51047f04b5a1c66069a846d6aa579,True,2000,1029,739,290,71.8,0.41,-136887.29,3,1775116747772,1785707758748,122.6,-19279.25,0.141,0.0,0,0.0,,False,True,False
0x9a3bf39506de3fd281cebbab9dd52fbab37e696a,True,2000,929,284,645,30.6,0.81,-123801.24,7,1745415106439,1787842315632,491.1,34084.18,0.275,122824.111698,3,-78322.62,-63.8,True,False,False
0x9a4e7217a286e278d45e6ac3716062fd38425e02,True,1357,555,204,351,36.8,1.0,78.31,36,1732870628794,1777541790355,517.0,-1384.42,17.678,0.0,0,0.0,,False,False,False
0x9a67a98e322252372787fd61d723942cc80cdbc9,True,2000,954,434,520,45.5,0.4,-41218.99,2,1779500764653,1783474578552,46.0,-8941.62,0.217,0.0,0,0.0,,False,False,False
0x9a77a8741560b750ddb82c72e4c071688013b12e,True,2000,1191,685,506,57.5,1.09,2882.29,14,1754088129158,1781369790123,315.8,2317.96,0.804,0.0,0,0.0,,False,True,False
0x9a9592b0732ae132a7613eb48cce3b5b68ca1138,True,2000,1084,432,652,39.9,0.5,-3754.54,9,1787905749764,1788680917625,9.0,-506.53,0.135,64381.098361,1,-17247.81,-26.8,True,True,False
0x9ab1c356e6af86361446497fce954b3cdf940206,True,2000,906,0,906,0.0,0.0,-14246.73,2,1787060032041,1787579425743,6.0,-1531.93,0.108,0.0,0,0.0,,False,True,False
0x9ac374d7d37c5a25303fbcdd87ece93303927090,True,2000,775,445,330,57.4,1.65,3667.74,7,1770998557521,1788701356554,204.9,-1614.51,0.44,20896.007174,4,-2640.65,-12.6,True,False,False
0x9aebff7e0a536487143bc03752e287f0a2b6af92,True,2000,828,479,349,57.9,0.85,-4560.06,8,1780258445122,1788292519063,93.0,-5299.65,1.162,0.0,0,0.0,,False,True,False
0x9b0e8a11f31b15e3d62b814861fc78587dd236d2,True,2000,960,541,419,56.4,1.2,2679.68,10,1768506029554,1787530079232,220.2,-4364.51,1.629,0.0,0,0.0,,False,True,False
0x9b2b1b9ffd5f7639c1be6d4f85a78a49a6ba9141,True,2000,1004,302,702,30.1,0.76,-4694.27,6,1788328631925,1788811540534,5.6,-2553.11,0.544,11015.809998,2,35.74,0.3,False,False,False
0x9b3e84714e7b8501648b50e2fc002f8f3dec5ad5,True,2000,1216,435,781,35.8,0.87,-943.63,33,1787480205022,1788764694558,14.9,-532.5,0.564,2611.948932,1,215.7,8.3,False,False,False
0x9b4ca30a83754681f53b11adf6b0e01f44bc2f19,True,892,423,208,215,49.2,3.45,28258.65,10,1781422776682,1788468712865,81.6,4759.5,0.168,8033.127105,1,-829.93,-10.3,True,True,False
0x9b5ae497fd1bf885a40d6f99d0c57245761e053c,True,2000,312,292,20,93.6,11.12,159185.24,8,1766136046573,1788747793796,261.7,8109.96,0.051,0.0,0,0.0,,False,False,False
0x9b74f592ae5a27b4a2660b93f76136b5de60dcf6,True,578,249,66,183,26.5,0.02,-260116.21,16,1755230970923,1779907394922,285.6,-161821.68,0.622,0.0,0,0.0,,False,True,False
0x9ba5530e2ae484e38782b5b678f27c1b879e5f7f,True,2000,1000,543,457,54.3,1.35,13302.5,49,1750372959184,1788251337588,438.4,8577.62,0.645,0.0,0,0.0,,False,True,False
0x9bbd425bad699ff358d5ed5dac407621ffc1538f,True,2000,968,691,277,71.4,0.62,-23289.96,6,1775377829550,1786475552258,128.4,-10639.65,0.457,0.0,0,0.0,,False,False,False
0x9bd1c83e442d41301657749c111cfbac249603ce,True,280,70,11,59,15.7,0.42,-676.92,4,1748338407472,1786223340416,438.5,369.09,0.545,27185.559247,1,-18026.79,-66.3,True,False,False
0x9bea8dbe938494c9e03287271b17ac8d962666ac,True,764,496,399,97,80.4,14.07,21303.76,1,1780721022523,1786946048469,72.0,898.47,0.042,0.0,0,0.0,,False,False,False
0x9c0fd479f7f4fca4599245d2246c4afe781ab7de,True,377,165,75,90,45.5,1.24,529.96,5,1777785228608,1783752879218,69.1,-663.07,1.251,0.0,0,0.0,,False,True,False
0x9c1e6856dcda3d1f163ab7bcbca7f3e0db8f6df1,True,2000,925,255,670,27.6,1.02,267.5,25,1779807281170,1788562753861,101.3,938.84,3.51,0.0,0,0.0,,False,False,False
0x9c2fa2cddea1c0a612049728d4af9ba20fe58630,True,2000,1003,253,750,25.2,0.07,-85537.39,6,1787640835029,1788795464583,13.4,-2693.46,0.031,0.0,0,0.0,,False,True,False
0x9c4518528d595598bb6da51a72d512aef729b78e,True,2000,957,601,356,62.8,1.35,11329.79,19,1761640167392,1788704549133,313.2,2720.02,0.24,0.0,0,0.0,,False,True,False
0x9c54a0cba7aeb5d84020b02bdc8c3ae5ff65dd8e,True,2000,918,708,210,77.1,1.66,7356.35,10,1780636334200,1788666025967,92.9,887.45,0.121,9025.866811,2,512.36,5.7,False,False,False
0x9c68cd0568eb47bad36ecd8090e6c1d1396a7783,True,2000,861,295,566,34.3,0.1,-110958.22,13,1788133626074,1788796670776,7.7,-29661.68,0.267,289252.125346,12,-12171.38,-4.2,False,True,False
0x9c723d843cf2c059d25a643c0d8a2a8a76f6bab7,True,2000,1001,452,549,45.2,1.22,3233.53,6,1776603694624,1779041780475,28.2,-1894.25,0.586,0.0,0,0.0,,False,True,False
0x9c88e5e61d16498d2e66a8a2832bbc7ce0d2c5a1,True,1059,496,215,281,43.3,0.73,-2176.38,5,1777999569762,1788790601159,124.9,-712.63,0.327,406.501778,1,-20.01,-4.9,False,True,False
0x9c9a882150a306d17093f9a6cca610eb3460b301,True,562,279,160,119,57.3,0.46,-7933.77,30,1731999669086,1788603295044,655.1,-4828.27,0.609,0.0,0,0.0,,False,True,False
0x9cba1c56d5612fc3dbef0c2275b5e311563ab13d,True,991,451,333,118,73.8,0.82,-1638.76,2,1776428518800,1788202510636,136.3,-3574.11,2.181,100.0,0,0.0,0.0,False,True,False
0x9cc53c5af67fb83a16cc41f61e242bade875ab3d,True,2000,1052,488,564,46.4,0.45,-10256.5,1,1787462131054,1787962268338,5.8,-627.93,0.061,0.0,0,0.0,,False,True,False
0x9ce9b2de37fdd4ed10ee4de96c7d8f65ff2bef3a,True,606,266,202,64,75.9,1.28,444.02,12,1787643503260,1788480000030,9.7,-402.02,0.905,3982.469067,1,-193.42,-4.9,False,False,False
0x9cfa7dfdc79434e402601c376e87a62f23fbbb14,True,1545,1017,128,889,12.6,1.28,2185.74,10,1776845704338,1779303233776,28.4,2081.11,0.952,0.0,0,0.0,,False,False,False
0x9d0400a1f939ca7a66e3756810e1bb2e3fb23dfc,True,259,129,77,52,59.7,1.11,294.12,6,1780560381878,1786446275960,68.1,966.08,3.285,0.0,0,0.0,,False,True,False
0x9d0df873248b3025b7a6f600f1c639036cbb3aa1,True,734,398,115,283,28.9,0.93,-242.23,1,1782826687415,1783704014086,10.2,232.24,0.959,0.0,0,0.0,,False,False,False
0x9d3095d463327f32d9c0b6cb99a56116e2f316d6,True,2000,880,627,253,71.2,1.56,31800.22,21,1762793054294,1788604308580,298.7,-13124.12,0.413,6834.961048,1,-1262.2,-18.5,True,True,False
0x9d47029bdefa7ef00c47e2e6e1c5ffd7b7e70a9b,True,2000,856,597,259,69.7,0.27,-20322.13,7,1774941392766,1776587354748,19.1,-3884.05,0.191,0.0,0,0.0,,False,False,False
0x9d677028e0e592d48fc8a8ddc910693301a4a450,True,2000,1079,560,519,51.9,2.0,20594.36,57,1768997005138,1788794295688,229.1,1872.94,0.091,1083.499035,1,58.53,5.4,False,True,False
0x9d801c2c50ef3eee9520a6ebd6a6ae9735dff922,True,1139,491,475,16,96.7,3.55,4332.73,16,1776508294696,1788739200041,141.6,-1107.45,0.256,0.0,0,0.0,,False,False,False
0x9d94d51063ae75658aefbbe57a163ab05fd2cfe2,True,2000,943,401,542,42.5,0.87,-2100.03,30,1768906072525,1787276851374,212.6,1007.04,0.48,0.000328,0,0.0,0.0,False,False,False
0x9da5ba42b9ad0ae699ec60db07481c8a9b9209fe,True,2000,883,312,571,35.3,0.57,-5004.75,15,1784308366196,1788746160715,51.4,806.0,0.161,0.0,0,0.0,,False,True,False
0x9dbf8f4d5488d68c14bb48434b52fd17fa4b87c3,True,2000,809,466,343,57.6,0.65,-1840.83,43,1786949298290,1788807342225,21.5,-512.55,0.278,126.994908,0,0.0,0.0,False,True,False
0x9dd879a7312c84fa76a5f2224b5bcd798d8e3b31,True,229,116,78,38,67.2,0.46,-15600.03,7,1726953168103,1787547152425,701.3,-11691.49,0.749,3026.664088,1,-197.71,-6.5,True,False,False
0x9deff269b22849889cae9a965769f576a1e72d27,True,2000,1257,739,518,58.8,1.91,23739.52,27,1759235266085,1784806742795,296.0,12033.84,0.507,0.0,0,0.0,,False,True,True
0x9dfebd4b943fde23440e739180a6827476b34a57,True,212,70,34,36,48.6,5.79,8466.42,8,1761125399721,1784969443452,276.0,2151.6,0.254,1545.377988,1,14.44,0.9,False,False,False
0x9e16d69bafe80636c5be57f6ded44f45a6ef625e,True,2000,1000,682,318,68.2,1.87,41375.39,10,1781765373235,1785193341842,39.7,-26126.4,0.631,0.0,0,0.0,,False,True,False
0x9e2cbb5d800181c1ef21b25010dc4ea80eeb5508,True,2000,0,0,0,,,0.0,2,1788713168901,1788792822155,0.9,0.0,,3430312.404103,2,63559.23,1.9,False,False,False
0x9e45c43471f53e5d1bb6f06c8207d27464ae4586,True,2000,1037,458,579,44.2,0.51,-20757.82,7,1768646651889,1787578974388,219.1,-4361.81,0.21,0.0,0,0.0,,False,False,False
0x9e5c7a2fed36727acf6306e3e5ae12bce86856c7,True,2000,368,176,192,47.8,1.26,2328.32,34,1786946622435,1788790130867,21.3,2216.38,0.952,14.583798,1,-2.75,-18.9,True,True,False
0x9e74a6a1df3c2545ec4e8e54a1502967c7ad15e1,True,2000,1079,612,467,56.7,0.68,-4573.17,1,1777250211508,1783584061996,73.3,-7603.22,1.663,17795.134757,0,0.0,0.0,False,True,False
0x9e80c25b030f63c80857265b521c1cf859f2520f,True,1363,440,256,184,58.2,0.96,-690.8,14,1769995776353,1788738013057,216.9,-3047.3,4.411,0.0,0,0.0,,False,False,False
0x9e9370616cf310732f508543fcd19aa0c22a1b38,True,799,486,236,250,48.6,0.14,-86929.62,2,1787175663634,1787302102854,1.5,-7214.98,0.083,0.0,0,0.0,,False,True,False
0x9ea9f8d0697672dd2a504c3ae4f85eee67c5b4e4,True,2000,1171,420,751,35.9,0.35,-341.08,7,1788371711873,1788728362630,4.1,-9.97,0.029,0.0,0,0.0,,False,True,False
0x9eb84758d0f21a66ec4f8c5d83f4c33f0f8aa944,True,1334,558,338,220,60.6,0.65,-4498.25,6,1775069847056,1788562479506,156.2,-1325.75,0.295,2122.757922,1,-660.51,-31.1,True,False,False
0x9ed75f3800d959c335c4428dfe8dad82ebd1b349,True,2000,816,156,660,19.1,0.74,-5769.28,4,1787905870415,1788781861090,10.1,4917.65,0.852,0.0,0,0.0,,False,True,False
0x9eeb863e43ae9b71b6d08e0f0e44280c047b8a08,True,2000,993,334,659,33.6,0.49,-13916.28,18,1785281020133,1788656583330,39.1,-1707.54,0.123,0.0,0,0.0,,False,True,False
0x9f07a0272f70a10377227b9374641b1f921d2b9d,True,244,89,66,23,74.2,1.91,5445.44,12,1739673269169,1788014948447,559.5,10221.04,1.877,1000.763325,0,0.0,0.0,False,True,False
0x9f1920d0cbb63ed03376a1e09fd2851d601234c8,True,2000,923,704,219,76.3,1.31,7810.38,6,1787477405605,1788718782122,14.4,1902.79,0.244,0.0,0,0.0,,False,True,False
0x9f3f5210998a7f33dde9031da83bba0b93a19855,True,2000,1066,596,470,55.9,0.83,-5914.11,1,1784977077814,1787210956470,25.9,3131.76,0.53,0.0,0,0.0,,False,True,False
0x9f504dcada4de17a512a45624dbe16d970533051,True,1301,542,245,297,45.2,0.67,-3092.07,15,1779809478629,1788778516996,103.8,1087.49,0.352,400.5575,1,18.89,4.7,False,True,False
0x9f628b5e96760b18028d1c80c1d0e5ecf9c9a55b,True,2000,970,258,712,26.6,1.09,835.74,22,1785907562665,1788806562563,33.6,485.67,0.581,639.23073,3,321.43,50.3,False,False,False
0x9f8aca2c24439763b90c753f0112c11fa9994be4,True,2000,961,476,485,49.5,0.53,-3060.69,24,1783909361841,1786690990203,32.2,-831.4,0.272,0.0,0,0.0,,False,True,False
0x9faf6e876eb71728930d11117e0c2f424dc9c58c,True,2000,869,391,478,45.0,3.39,48440.4,28,1753032149876,1788158661883,406.6,3901.87,0.081,0.0,0,0.0,,False,True,False
0x9fc2bc09b2bb0c279de87da3a07c0991626b056c,True,277,118,57,61,48.3,0.13,-699.97,7,1764429073391,1788726842739,281.2,-279.97,0.4,0.0,0,0.0,,False,False,False
0x9fde8e59c61c290c435c2d953e70a3873e06a572,True,2000,686,686,0,100.0,inf,125834.12,11,1787622544004,1788798119590,13.6,14539.9,0.116,249335.124495,4,90397.22,36.3,False,False,False
0x9ff2ae438a9f5d52b22fa19d5d360ac364fad445,True,434,208,89,119,42.8,0.69,-3178.49,2,1776860264984,1788525018592,135.0,-2216.62,0.697,1715.716787,1,248.02,14.5,False,True,False
0x9ffdf919da72213588f7517598394cc5535bce40,True,2000,2000,2000,0,100.0,inf,27721.61,1,1788489115573,1788496164290,0.1,345.28,0.012,25115.806254,2,-13002.73,-51.8,True,False,False
0xa01d4aaa2ce70b86628d3f7e6f0e1ae573548810,True,1654,883,241,642,27.3,0.04,-911.31,1,1785616567978,1786293742162,7.8,-217.32,0.238,0.0,0,0.0,,False,False,False
0xa032b3cd56e42d1484a88b25828c89eb2f037703,True,1529,756,411,345,54.4,1.98,11546.93,8,1780308639751,1788531815127,95.2,1733.54,0.15,0.0,0,0.0,,False,False,False
0xa04fe86cf770c3ab0f365dcc6ac5705fc4ac10b2,True,2000,1047,620,427,59.2,0.72,-3071.25,3,1787979852286,1788759093015,9.0,-994.07,0.324,70822.538604,0,0.0,0.0,False,False,False
0xa059924c9eb2ea5899586d47ef507def5639aa83,True,2000,893,688,205,77.0,1.47,3453.64,42,1774614291010,1788771124481,163.9,-1399.43,0.405,0.0,0,0.0,,False,True,False
0xa06b77562e6e615b3016c7953f6027126fa8532b,True,2000,951,425,526,44.7,0.52,-9496.21,32,1778512021036,1788813436294,119.2,-2936.99,0.309,0.0,0,0.0,,False,True,False
0xa07843ae68977ca35ecdb540b5be32bc8a7d13bd,True,2000,1130,529,601,46.8,1.56,229.44,3,1778519688421,1779447680462,10.7,29.99,0.131,0.007807,0,0.0,0.0,False,False,False
0xa09767dc1eef5d933d4ca99cb85f797fc3c04301,True,1729,730,408,322,55.9,0.32,-12575.79,9,1785953372199,1787934192776,22.9,-1309.25,0.104,0.0,0,0.0,,False,True,False
0xa0b31dfa4a4b87c8da969a85b2f4e27f5c4f67a8,True,1450,568,519,49,91.4,0.33,-7056.28,4,1780664737966,1783187339043,29.2,-2941.51,0.417,0.0,0,0.0,,False,True,False
0xa0be59c14c7101b78a310753f840a1e57c99a172,True,508,233,184,49,79.0,0.94,-191.19,6,1782248869426,1787157033821,56.8,-1174.21,6.142,3210.034803,1,-4989.3,-155.4,True,False,False
0xa0d1d716aa96c1cdc065ab6233ac7d3a530f45ee,True,2000,1059,646,413,61.0,1.02,61.33,5,1788632866871,1788799371636,1.9,-251.6,4.103,2920.112,0,0.0,0.0,False,False,False
0xa0e6f62ceb9d81e184f84e5b327f43b596d42748,True,2000,966,535,431,55.4,0.7,-10578.56,8,1787723224939,1788796335345,12.4,-2326.13,0.22,39182.304937,2,837.44,2.1,False,False,False
0xa0fc112fdbeac53ac997a351d12bebe0ce5441b9,True,357,146,110,36,75.3,5.53,11994.11,4,1787180237171,1787663878526,5.6,-1938.89,0.162,0.0,0,0.0,,False,False,False
0xa1156142eb266db051f0351625034d8cbbb4a4a9,True,2000,1027,607,420,59.1,1.28,1329.33,19,1774249891581,1788798662593,168.4,-334.14,0.251,0.0,0,0.0,,False,True,False
0xa132b68b76c68588cbbeb8ab7fa095eceba3b4b7,True,1548,797,295,502,37.0,1.07,840.64,14,1757234454293,1788800997191,365.4,846.05,1.006,6093.672389,1,89.19,1.5,False,True,False
0xa1654cd855e60d55f8065ff22b450f657b159d41,True,2000,1047,567,480,54.2,1.9,18869.73,7,1787666970819,1788795310845,13.1,3918.82,0.208,17583.726866,1,5388.5,30.6,False,False,False
0xa17f5c11aa82798658754a5a563141c535441a79,True,2000,1105,260,845,23.5,1.24,6279.63,16,1782969288788,1788772733631,67.2,3286.88,0.523,63466.054934,4,60385.46,95.1,False,True,False
0xa195af9e11997c4852929f89225894dd5f4e1418,True,2000,830,599,231,72.2,1.24,9261.36,30,1764050189427,1788798772242,286.4,-6207.78,0.67,30293.907985,1,-3641.12,-12.0,True,True,False
0xa1b26701d62490f4c3d790012f7abbfacf868f35,True,2000,962,447,515,46.5,0.78,-2890.85,30,1777903864342,1782771410791,56.3,-703.84,0.243,0.0,0,0.0,,False,True,False
0xa1c4578c6c9454df6382b40e7f3c222562076efb,True,296,167,46,121,27.5,0.86,-225.12,5,1772032395870,1779412022333,85.4,214.61,0.953,0.0,0,0.0,,False,True,False
0xa1d0df035fc67efea14a1985f169c466a0b97d70,True,2000,1029,460,569,44.7,0.99,-388.32,41,1782681409059,1788813358325,71.0,4182.02,10.77,32309.111117,12,2524.37,7.8,False,True,False
0xa1e3be5d0152a714fd77b30e156b46143d481fb9,True,2000,940,635,305,67.6,1.92,24511.01,81,1749585427097,1788798485701,453.9,4075.5,0.166,3982.413003,8,595.69,15.0,False,True,True
0xa1febc6c062fd00fe00d4cdcc99f4ab08f70eb39,True,160,104,104,0,100.0,inf,1626.37,1,1777998429956,1778014320789,0.2,189.84,0.117,0.0,0,0.0,,False,False,False
0xa219c3bbfd5012d3780f65f01e864db280ace37e,True,402,194,194,0,100.0,inf,2987.69,4,1780687866769,1780759291413,0.8,389.63,0.13,0.0,0,0.0,,False,False,False
0xa22cbbca14d0d455da9fd81db104d00023f93410,True,2000,921,698,223,75.8,0.89,-5097.91,9,1775823822249,1781208608696,62.3,-3113.61,0.611,0.0,0,0.0,,False,True,False
0xa243ecc646b1ce99c8c2810b6581cce76ec6f989,True,2000,877,811,66,92.5,6.67,90440.06,6,1788105736212,1788795704650,8.0,5930.0,0.066,199383.604341,2,10654.69,5.3,False,False,False
0xa251520154ca342f0b1d702bf5a56f78c982405b,True,2000,891,352,539,39.5,0.78,-25935.9,43,1759669194308,1787590873120,323.2,-28920.85,1.115,0.0,0,0.0,,False,True,False
0xa26b3fbceaf8b6fb4b7d603fed3711795efedffe,True,2000,1170,321,849,27.4,0.39,-44351.74,8,1775339785359,1783875241836,98.8,-5297.71,0.119,0.0,0,0.0,,False,True,False
0xa289ee1e56c0d5d041db762e6123e78af0f7d9ad,True,2000,1849,674,1175,36.5,0.24,-952.82,3,1780566912287,1782492747371,22.3,-47.48,0.05,0.0,0,0.0,,False,False,False
0xa293b1d79acd6dc6f4789fc48dd187434c7273c7,True,576,285,252,33,88.4,0.32,-41647.5,1,1776913801863,1780321941256,39.4,-19179.16,0.461,0.0,0,0.0,,False,False,False
0xa2a95178ffed95ce9a2278bca9bb5bef8c0dc95c,True,2000,1010,460,550,45.5,1.18,3242.02,11,1775464610379,1788440283143,150.2,-6150.71,1.897,3659.197856,1,-6023.07,-164.6,True,True,False
0xa2c0fd4913f14feaf4a4c1a47cf7664e95cc2dc3,True,2000,889,472,417,53.1,0.54,-13490.13,54,1757553011080,1788357940683,356.5,-1494.33,0.111,329.860936,1,-30.91,-9.4,True,True,False
0xa2e0c8c0aac9bcb8ee035fea012357d43ad48534,True,2000,1001,459,542,45.9,1.19,7407.77,16,1767205097872,1788411907904,245.4,5064.77,0.684,0.0,0,0.0,,False,False,False
0xa301ba58b46fde2c8f3cf93074912e92dad683b7,True,1765,882,355,527,40.2,0.38,-18363.59,2,1783546856452,1784148782378,7.0,-3405.6,0.185,0.0,0,0.0,,False,False,False
0xa31169f28d62bb07c3a7956009aafe83558e07be,True,2000,938,694,244,74.0,1.74,25730.44,39,1765422007774,1788550336040,267.7,-3921.75,0.152,7618.146937,2,-2743.75,-36.0,True,True,False
0xa315f4385c1cc084770899aa79f72774b5de744a,True,2000,841,612,229,72.8,0.95,-334.56,1,1787523197770,1788190488226,7.7,-826.73,2.471,0.0,0,0.0,,False,False,False
0xa32422ccc420208ab0a3e48ccfc6e1c3dd926669,True,2000,964,633,331,65.7,1.46,18100.28,16,1777643336598,1788739200041,128.4,7183.04,0.397,0.077925,2,-0.01,-7.2,True,True,False
0xa33328738020293d4e721dd19c4061f762f80766,True,1272,507,157,350,31.0,1.56,7091.68,12,1781609586624,1788705138366,82.1,1914.4,0.27,0.0,0,0.0,,False,False,False
0xa33f9eea9a0ac0a340a24b820dd89d9b06087a59,True,2000,1096,237,859,21.6,1.24,3549.84,5,1787797623135,1788451422603,7.6,-984.36,0.277,0.0,0,0.0,,False,False,False
0xa358b12e7246de38beb3bfd21c6c8e1642276b45,True,2000,840,385,455,45.8,1.07,297.25,63,1780658870204,1788801256746,94.2,703.82,2.368,88.969011,2,4.84,5.4,False,False,False
0xa36ddd9924cd2ae6128a3060d3fe6b8bb221fc41,True,2000,835,376,459,45.0,3.08,22815.83,10,1770310694862,1785360153485,174.2,1966.61,0.086,0.0,0,0.0,,False,False,False
0xa382fa9f4bb1dd4e3120cf0507a67384ad1ef1f7,True,2000,1084,543,541,50.1,1.83,154.55,109,1788811429826,1788814308118,0.0,218.56,1.414,109032.843158,88,1159.2,1.1,False,True,False
0xa38f19c4ccbcfd64cff676d72c436f7e6239dccf,True,2000,1124,616,508,54.8,1.55,14055.82,35,1788728931750,1788814278734,1.0,-1923.09,0.137,188637.588903,25,-6771.9,-3.6,False,True,False
0xa3a5163c40652cca83a30fe7db39d17d1080e670,True,363,172,126,46,73.3,1.21,723.0,16,1775163620888,1788780099781,157.6,429.48,0.594,883.527712,5,-142.95,-16.2,True,True,False
0xa3b8ebc938e02e4e129baa9526ab0e6d05ac16df,True,1023,511,219,292,42.9,0.75,-551.22,20,1768856405909,1774086823070,60.5,-336.34,0.61,0.0,0,0.0,,False,False,False
0xa3d7b9f6614903040372db1d8b221a717e4f026a,True,984,525,317,208,60.4,1.18,8445.36,4,1779175275350,1787233906093,93.3,-6220.09,0.737,0.0,0,0.0,,False,True,False
0xa3f996f2ec2b1fe240a57543bbfdb4d9d5804d04,True,2000,933,297,636,31.8,1.38,8409.57,58,1781561929113,1788760806636,83.3,2494.01,0.297,22771.942229,3,9227.43,40.5,False,False,False
0xa40ef1fd382f6147438da06442523b62e1de5ae4,True,1152,555,155,400,27.9,0.81,-4254.82,9,1757709043516,1787902144778,349.5,-2081.09,0.489,0.0,0,0.0,,False,False,False
0xa4202134590961dc11d976fd90df8f6b6419a01b,True,1525,657,355,302,54.0,1.42,11512.18,40,1774484053780,1788557028979,162.9,5078.35,0.441,6066.589488,1,7235.27,119.3,False,True,False
0xa4353678f057c79041ba14f4a4ab15a7062c48a5,True,1565,798,570,228,71.4,1.01,94.36,24,1774364067769,1788797976111,167.1,1300.08,13.778,262.372677,1,25.29,9.6,False,True,False
0xa441eb3c827e5354ea24b4d524c3d195599778e3,True,2000,1000,324,676,32.4,0.57,-6541.83,18,1782072510519,1787616000004,64.2,-2526.29,0.386,0.0,0,0.0,,False,False,False
0xa4522b88f7f69d510d7bdd69daf4a79d509456ea,True,1182,523,345,178,66.0,0.83,-3773.86,157,1756126129168,1786732342314,354.2,8219.24,2.178,0.0,0,0.0,,False,True,False
0xa45f5d66c22a33f902210c57d25f62860d3146f1,True,1778,876,523,353,59.7,1.59,27817.61,3,1785082721567,1788350552776,37.8,13543.26,0.487,0.0,0,0.0,,False,True,False
0xa472758247e97c45122d970c4fa43290aee923ba,True,262,73,47,26,64.4,54.37,6475.48,15,1760631084145,1788786644937,325.9,828.91,0.128,11164.131109,4,2612.1,23.4,False,False,False
0xa484d255f4a7a574e8973bb39900e03f65544a4e,True,2000,1042,426,616,40.9,2.26,20723.29,5,1784790842948,1788178673041,39.2,4140.84,0.2,0.0,0,0.0,,False,False,False
0xa4a6e0fd7528a6f5c6ccbb3240ba8a2f825446cf,True,2000,1727,367,1360,21.3,2.78,27661.34,16,1788768746705,1788814267370,0.5,-1542.21,0.056,1757987.986871,22,5808.56,0.3,False,True,False
0xa4b8e38ec9e051db119212acdfdeda65c1d523e1,True,954,557,418,139,75.0,0.27,-3406.91,14,1783559707211,1788109056301,52.7,-779.33,0.229,0.0,0,0.0,,False,True,False
0xa4dedda59f2908b92ae192cfd494839373bcb3c4,True,2000,790,394,396,49.9,1.81,28989.15,2,1788531209050,1788802858955,3.1,2062.4,0.071,792150.0,1,10111.54,1.3,False,False,False
0xa4f380bb585aa777b02193a83b83a17707301601,True,1325,641,373,268,58.2,0.8,-24008.54,10,1760744342724,1787302742974,307.4,9127.89,0.38,9635.837432,1,-9957.5,-103.3,True,True,False
0xa50a537ee296bb0319f0ede9850254be7044a08c,True,2000,919,442,477,48.1,0.66,-297.41,70,1780409621364,1788808352310,97.2,-77.17,0.259,235.970033,5,-3.63,-1.5,False,True,False
0xa522301c25e833b75b223a21a7f528eef9862d0e,True,2000,984,425,559,43.2,1.31,13855.6,8,1788308517664,1788798630850,5.7,-5320.76,0.384,72080.293254,1,-10856.53,-15.1,True,True,False
0xa533a0ec8d6fe64f72bba240364bb0ad6701b5bc,True,43,15,15,0,100.0,inf,18391.72,1,1787126102484,1787652035381,6.1,3654.62,0.199,32808.451364,1,-3335.81,-10.2,True,False,False
0xa55a9a19f5f5e18cbb6b5892d1659956663a1f35,True,2000,1356,300,1056,22.1,0.04,-333797.19,1,1779317540956,1787870035723,99.0,-17171.54,0.051,793212.945926,3,345424.83,43.5,False,False,False
0xa576c1f960bc31a3a512e1c3698543157a1b1cee,True,2000,950,656,294,69.1,1.3,11988.55,38,1779373742286,1785823205845,74.6,5122.0,0.427,0.0,0,0.0,,False,True,False
0xa589e457205a9edfd6b21909b9d81d4087997936,True,2000,877,387,490,44.1,2.42,42270.27,13,1776916526672,1785874946134,103.7,15180.66,0.359,0.0,0,0.0,,False,False,False
0xa5adfe6e2b95b9f0627c50382b0e9ab9c3a6d85c,True,1932,1010,989,21,97.9,4.9,21236.65,14,1736169592945,1787658497069,595.9,1273.48,0.06,0.008508,0,0.0,0.0,False,True,False
0xa5d0a8dd6d747d3bcb6dfed40924cbf62dda3ae6,True,2000,1283,1135,148,88.5,2.1,8288.27,5,1775429823202,1780315384075,56.5,-568.14,0.069,0.0,0,0.0,,False,True,False
0xa5ea89260ef2ac9f896a0d85b5185893f53c2e75,True,1552,778,436,342,56.0,0.68,-4480.78,19,1748570112517,1784247982135,412.9,-2149.12,0.48,0.0,0,0.0,,False,True,False
0xa6075f78bab75b9a80a808dabfc43fc1882642d8,True,2000,709,371,338,52.3,0.47,-1867.13,17,1779623706573,1786924800025,84.5,-1678.98,0.899,0.104295,1,0.02,22.8,False,True,False
0xa6181aac4474b43c3ca575ac8b1ad17643ec20b8,True,2000,822,523,299,63.6,0.62,-62428.3,2,1788106986790,1788783305176,7.8,-34877.97,0.559,1997840.728409,2,10340.48,0.5,False,False,False
0xa62b923a112d50d03e1e096bbd53422490dac104,True,2000,1005,538,467,53.5,1.1,38.62,2,1788797955060,1788814536154,0.2,-17.38,0.45,75332.175765,2,12.19,0.0,False,False,False
0xa641698c0b368e7d0ab236c1db1a1d6d08b8de7f,True,2000,1015,371,644,36.6,0.9,-2864.86,37,1768921423055,1788775939369,229.8,-5962.2,2.081,0.0,0,0.0,,False,True,False
0xa65a864ca19535e4c06000768c6cfa9f6ebaeb12,True,2000,993,216,777,21.8,1.18,3612.15,18,1784601397450,1788748682280,48.0,3733.95,1.034,7539.59306,2,7200.27,95.5,False,True,False
0xa66ae6a25907107f6b8ff5a864efdcc7f21e8455,True,904,428,383,45,89.5,3.1,12732.61,15,1765299581833,1780218785822,172.7,7621.76,0.599,0.0,0,0.0,,False,True,True
0xa6828aa48738effa07f08f1e2bfd691386ff9f88,True,2000,1045,865,180,82.8,7.27,18374.8,47,1770501440734,1782304138768,136.6,1745.17,0.095,0.0,0,0.0,,False,True,True
0xa69be9456b7bbe4d3f43bf55dfca51ba7e4592c8,True,2000,942,176,766,18.7,0.24,-19352.11,3,1781697616606,1788553352783,79.3,-1765.05,0.091,39075.95669,0,0.0,0.0,False,False,False
0xa6b54b15cc0d6d5238fc9c48bb834c61643ef033,True,2000,943,329,614,34.9,0.43,-71802.46,6,1770996543673,1788811529052,206.2,-26611.1,0.371,9.643152,1,-0.26,-2.7,False,True,False
0xa6c7adc07dcba9c71bccf6d30bbd7958fc71b021,True,2000,953,500,453,52.5,0.36,-39541.29,2,1772805643227,1775609896100,32.5,-8062.05,0.204,0.0,0,0.0,,False,True,False
0xa6e182ddd1b881bdb7654a5366881faf13b51024,True,2000,834,277,557,33.2,0.41,-7489.38,5,1780432308460,1781058767848,7.3,-1493.29,0.199,0.0,0,0.0,,False,False,False
0xa6f73879ca0c6189ec27d80dbfb288f20e5f7d9b,True,1424,674,469,205,69.6,3.72,43930.53,25,1781123463107,1788759982773,88.4,5094.46,0.116,0.0,0,0.0,,False,True,False
0xa70c463472ad96ade93b7d3aa3fe9f7041d1adc7,True,2000,900,816,84,90.7,0.14,-49687.71,9,1785993397308,1788794095635,32.4,-5426.54,0.109,19336.890548,6,-42400.7,-219.3,True,True,False
0xa7248e71ff1abf2f0b1b94ad9f16306fde103a36,True,2000,847,231,616,27.3,0.59,-9121.98,21,1763799271563,1787320137164,272.2,1788.04,0.196,34541.877288,1,-6881.5,-19.9,True,False,False
0xa7372d4a1effa129af3ef0203b792c6440f175fa,True,2000,1084,475,609,43.8,0.65,-519.3,8,1788732161820,1788814354188,1.0,36.07,0.069,2323.204497,2,3.9,0.2,False,False,False
0xa763b9b7194feacbffb42c2c8afa44f077b085b7,True,542,280,70,210,25.0,0.23,-13788.96,6,1780061559875,1788465131712,97.3,-2621.8,0.19,0.0,0,0.0,,False,False,False
0xa771b6c1d30f920992dec2c0fda6283944746bac,True,757,328,270,58,82.3,2.15,2434.1,47,1757728381871,1788618661883,357.5,231.37,0.095,3432.565193,7,904.24,26.3,False,True,True
0xa7879867112c79de778373933fb4a65d784af94b,True,1571,682,410,272,60.1,0.96,-2445.96,9,1770645277926,1776405302610,66.7,7785.9,3.183,0.0,0,0.0,,False,True,False
0xa7aae418ee1714642f46b577c5b6f6c8bcb561dc,True,2000,1155,1071,84,92.7,2.17,10278.46,7,1788130615764,1788694590355,6.5,-2483.06,0.242,2041.426399,1,-3191.75,-156.3,True,True,False
0xa7d1af5afed57829182b637d78fedff2def2bcc8,True,2000,1026,567,459,55.3,1.15,593.22,4,1787837569886,1788799342420,11.1,67.25,0.113,2856.48111,1,-2907.81,-101.8,True,False,False
0xa7e9fdd2cd4416b83116ac4a230f32324fb97f56,True,2000,756,521,235,68.9,1.16,254.51,69,1784930105280,1788770799902,44.5,-416.56,1.637,11390.387398,37,-86.1,-0.8,False,False,False
0xa7fa6f0c9c412f08210747c02010a8edbd252e66,True,1174,500,222,278,44.4,0.99,-51.15,5,1773932756353,1787652182329,158.8,462.72,9.046,995.951097,1,49.32,5.0,False,False,False
0xa80a29f2a61d4f63fdcc88b3d96526d5183381fb,True,2000,862,455,407,52.8,0.5,-59367.15,20,1776820367419,1782100026782,61.1,-41010.43,0.691,2479.149795,0,0.0,0.0,False,True,False
0xa8243731b2214f457a9899c06537f1a1b03c912c,True,907,128,126,2,98.4,458670.18,18806.35,8,1784796603510,1788785458391,46.2,2056.72,0.109,0.0,0,0.0,,False,False,False
0xa8439bb20649305d11a4ef5fe2eeb4633ee959dd,True,2000,1074,914,160,85.1,1.29,9453.18,14,1770230029938,1778279217373,93.2,-6185.73,0.654,0.0,0,0.0,,False,False,False
0xa85509f3d0a12c9aa4b3f1b7a78af7e7575345a9,True,2000,1085,832,253,76.7,0.55,-21405.54,9,1787606218479,1788796128913,13.8,-7871.82,0.368,4046.507986,1,771.95,19.1,False,False,False
0xa864144d507da1f5a90aae0147b8cba6d93a21cb,True,2000,783,355,428,45.3,0.59,-66698.81,3,1787337882744,1788563863724,14.2,12169.2,0.182,409809.777852,2,-75806.24,-18.5,True,False,False
0xa875890465da20062bcf3b024bf7d54e69c725a8,True,2000,2000,2000,0,100.0,inf,6731966.55,1,1787585301604,1787585503523,0.0,115623.53,0.017,0.0,0,0.0,,False,False,False
0xa8834c214791db3342ef97b6213baca6012e67b0,True,2000,842,373,469,44.3,0.48,-848.59,1,1782970146208,1783670073713,8.1,-135.74,0.16,0.0,0,0.0,,False,False,False
0xa8988876410786d456baa021551eb030a5ad1a63,True,2000,992,575,417,58.0,1.46,9083.69,87,1751420901670,1788796943986,432.6,2466.49,0.272,0.0,0,0.0,,False,True,False
0xa8a84c558d1523181d28fdc1532de577c19fa907,True,2000,961,350,611,36.4,0.59,-3723.12,16,1787660365075,1788792892748,13.1,-409.78,0.11,0.0,0,0.0,,False,False,False
0xa8b9b8c770d11c20b50aa228755c658a188f6098,True,2000,1550,1324,226,85.4,10.49,7282.76,26,1787184137058,1788781023921,18.5,358.9,0.049,0.0,0,0.0,,False,True,False
0xa8d4a2ff61b53ab0066d2e827c2ed8c9e0047a4f,True,872,378,208,170,55.0,1.38,2803.52,19,1780676850208,1788790611254,93.9,1095.75,0.391,0.0,0,0.0,,False,True,False
0xa8f557d9fef4a33f749d3ba3f5760ae6a9e131e5,True,2000,861,424,437,49.2,12.36,1794.21,33,1779209541920,1788807939653,111.1,105.3,0.059,0.0,0,0.0,,False,False,False
0xa90986b10ef96deab2ab951846459e1da83e3f02,True,2000,940,315,625,33.5,0.62,-19245.05,5,1762142944667,1778081343648,184.5,3340.85,0.174,0.0,0,0.0,,False,True,False
0xa91bda1d0ac2a953046c2ab4dd0aaa6bf101bcde,True,2000,947,196,751,20.7,0.19,-52614.84,11,1780611231343,1783459878995,33.0,-2906.64,0.055,0.0,0,0.0,,False,True,False
0xa92fb6ddcfa8c71d2cc9dc2c6e141dcd385397fc,True,2000,208,101,107,48.6,0.33,-104700.09,11,1777869585420,1778943023847,12.4,-29837.09,0.285,0.0,0,0.0,,False,False,False
0xa959007e86c065ecfa50222534450b1ce1bd74b3,True,978,383,230,153,60.1,2.32,4332.06,1,1782825062041,1785243223538,28.0,-883.67,0.204,0.0,0,0.0,,False,True,False
0xa971f51357908c29652248aab3c1cd7605943a1e,True,2000,824,608,216,73.8,2.5,9421.31,25,1755884857098,1783036800018,314.3,-1051.37,0.112,0.0,0,0.0,,False,True,False
0xa98dd573b128e5f15826d1b309b88fc90c9c8e81,True,2000,1007,583,424,57.9,1.08,160.63,10,1787460301009,1788756354286,15.0,-181.33,1.129,0.0,0,0.0,,False,True,False
0xa99c9e5484e5b26635c07876d0859a1819ff40d5,True,2000,879,701,178,79.7,39.75,265471.63,4,1786501219219,1788469290524,22.8,15802.53,0.06,459277.640054,2,409985.42,89.3,False,False,False
0xa9b91ec3cd32ba4e5841b2bf6ec5d2c222e60243,True,2000,1229,698,531,56.8,0.82,-25.66,2,1783456142671,1784987728367,17.7,-0.74,0.029,9685.092311,0,0.0,0.0,False,True,False
0xa9ce345613f2e0ea408b185bbc13714555c63173,True,2000,1060,280,780,26.4,0.31,-28905.65,7,1776287611718,1780173359891,45.0,-2016.61,0.07,0.0,0,0.0,,False,False,False
0xa9e59e6a0f3832f38ea3fdd4e9e761d2083c5c58,True,2000,846,698,148,82.5,7.02,53392.61,7,1786090640707,1788765885866,31.0,6474.25,0.121,17923.156577,1,-3070.0,-17.1,True,True,False
0xaa0aed4f236765e964bd42ae3534269d84dab7ec,True,1899,842,562,280,66.7,1.31,23476.22,26,1729752531605,1788220800019,676.7,9436.68,0.402,0.0,0,0.0,,False,True,False
0xaa25fdfd0834e7f2045fb34a66ab0552c010d9bb,True,2000,902,286,616,31.7,0.49,-2302.9,25,1788320237752,1788811843247,5.7,-966.4,0.42,849.223524,3,-351.78,-41.4,True,False,False
0xaa446e32b8c1f1bb82e6a548c6baf54654ebe911,True,2000,826,306,520,37.0,0.22,-325181.39,8,1783760407981,1786978444261,37.2,-18409.82,0.057,0.0,0,0.0,,False,True,False
0xaa539c1ddfc4d9db52a63c22ccbb083a159be753,True,365,182,46,136,25.3,0.88,-539.81,7,1755600703966,1779756892254,279.6,893.75,1.656,0.0,0,0.0,,False,True,False
0xaa61791a676e3f1ef2944596fee5d5926a86c26c,True,2000,319,271,48,85.0,9.29,13894.04,20,1772551870714,1788782531032,187.9,1513.3,0.109,1262.142068,1,-1500.54,-118.9,True,True,False
0xaa766d792075a94d817065d3e4977bd8269a1fbc,True,1633,783,537,246,68.6,1.68,16303.95,9,1783372067238,1787138289704,43.6,2217.5,0.136,0.0,0,0.0,,False,True,False
0xaa89ee511a42491c16e4a6a26cbb6ecdc04eecef,True,2000,939,275,664,29.3,0.78,-5616.27,8,1780927497104,1781701409692,9.0,-3794.46,0.676,0.0,0,0.0,,False,True,False
0xaa9b1ff1110d500878259efe3832b0bc13c3acac,True,2000,988,537,451,54.4,1.34,11331.62,2,1780722208099,1781276992908,6.4,-8009.88,0.707,0.0,0,0.0,,False,False,False
0xaaaa3994dab6c00a57bd19b64132f874b9ebdb7b,True,2000,896,505,391,56.4,1.41,19121.58,18,1785766664567,1788555081779,32.3,-3470.19,0.181,1514.94344,0,0.0,0.0,False,True,False
0xaac166dbaaebb83db097ac0c64c43a6bf9c8616a,True,2000,1093,702,391,64.2,0.96,-696.93,10,1784032205862,1788360687697,50.1,-2063.59,2.961,0.0,0,0.0,,False,True,False
0xaaea4486fd766e35e557508f9527c0d87d80146c,True,2000,754,472,282,62.6,0.68,-5003.87,39,1778517781384,1788748351644,118.4,-1278.64,0.256,2948.245969,2,3531.93,119.8,False,True,False
0xab00a0453133d6b39123d9454e5fd556d262faf1,True,2000,981,707,274,72.1,0.42,-24919.59,7,1786109250020,1788798408257,31.1,-7623.93,0.306,723.565451,1,129.78,17.9,False,True,False
0xab100f0df38c54b5fa7790f9ea5ab03229993a21,True,1432,660,275,385,41.7,1.17,2888.97,13,1783645319246,1788796442326,59.6,3133.79,1.085,0.0,0,0.0,,False,True,False
0xab2f082076e675a80e5dea0e75236efb0d5b05ec,True,2000,947,352,595,37.2,0.94,-1533.04,10,1779925065310,1788792644301,102.6,3709.0,2.419,521.494562,0,0.0,0.0,False,False,False
0xab43d868b92a7ef025fe2f21344ecaa7a7fffcc1,True,1432,629,419,210,66.6,1.52,15520.47,6,1781123199254,1788811621773,89.0,5494.71,0.354,12296.08356,1,310.56,2.5,False,True,False
0xab5b319abbfb6a88e934242d2e4567ab3e115678,True,2000,916,731,185,79.8,0.62,-3668.88,16,1778504981552,1788797951509,119.1,-3656.52,0.997,0.0,0,0.0,,False,False,False
0xab73d686716339ed1f96829e59a5960fa34ecd7a,True,2000,838,595,243,71.0,2.04,62207.87,43,1754617282690,1788498173838,392.1,8872.2,0.143,0.0,0,0.0,,False,True,False
0xab81fef97356d57cd30f8ceb15285b988682c608,True,2000,1174,429,745,36.5,0.61,-19796.66,3,1788529530760,1788798627823,3.1,3137.2,0.158,55167.651287,1,-7987.53,-14.5,True,True,False
0xaba2e511828df235e6df4cee48377b1d1e3a33ca,True,2000,1118,728,390,65.1,3.68,82908.41,36,1762736412832,1788353126300,296.5,10445.63,0.126,74894.490353,5,2542.32,3.4,False,True,False
0xabda27612fb3be912571dfe95cacd193a84f2311,True,2000,947,650,297,68.6,0.7,-39043.76,7,1787149250775,1788813520639,19.3,-7332.59,0.188,0.0,0,0.0,,False,True,False
0xabf41f07191d74b83edd07d49f7a682004ba2bb6,True,965,431,394,37,91.4,34.93,33932.3,1,1787300750778,1788439806304,13.2,13000.0,0.383,115022.428567,1,-20100.0,-17.5,True,True,False
0xac0f86c97185dba74c0a3cc0babc0bccae335a29,True,474,205,93,112,45.4,4.93,8373.08,12,1782770999857,1788810622749,69.9,1840.12,0.22,8194.048844,6,2910.3,35.5,False,True,False
0xac1b1cc2fee62d8dc215821a7afc1d8594ff2f92,True,2000,811,696,115,85.8,70.56,129470.97,8,1788497972034,1788801203964,3.5,15393.55,0.119,664396.827756,4,294335.49,44.3,False,False,False
0xac28fba3657c368a4d3ecf27ccecab91d8d8edd5,True,496,233,164,69,70.4,2.84,8486.4,34,1712836999067,1788441088861,875.0,854.5,0.101,2773.56477,3,-44.0,-1.6,False,True,False
0xac45086d25bdb4e25a9db3ded7ad36d3044e6c33,True,2000,184,82,102,44.6,0.72,-3322.67,12,1783857742112,1788737910824,56.5,-3014.92,0.907,7946.938576,1,-500.33,-6.3,True,True,False
0xac651c84b852fba618e7e73fbcf40e8737657382,True,2000,1029,467,562,45.4,0.42,-41786.46,1,1776390553050,1776855776162,5.4,11766.51,0.282,0.0,0,0.0,,False,False,False
0xac7476e14f768e3e67c195e79c2490dd20c70127,True,2000,1253,633,620,50.5,1.67,4488.95,4,1781200184055,1781542707180,4.0,-498.18,0.111,0.0,0,0.0,,False,True,False
0xac82b3772ca54a154092e27109f61a31a6d743a5,True,2000,1026,581,445,56.6,0.88,-6480.17,2,1776826459544,1776828293482,0.0,-4304.2,0.664,0.0,0,0.0,,False,False,False
0xac92376b28b481054f9e06f385cdde8e64acc758,True,2000,1065,535,530,50.2,0.78,-3386.52,21,1788166933467,1788804106837,7.4,518.38,0.153,12068.379974,2,1437.51,11.9,False,False,False
0xaca76fca9824544019437e72a18e3eebb0a48202,True,589,247,45,202,18.2,0.14,-23631.74,2,1782408388031,1788806138127,74.0,-2103.87,0.089,10794.388337,1,-797.49,-7.4,True,False,False
0xacba73ac5f784c1cc13ab649a89fd3418ec50936,True,1269,538,158,380,29.4,0.48,-4712.4,21,1760510472795,1787592301739,313.4,-1247.15,0.265,0.0,0,0.0,,False,True,False
0xacd50ada79a711b7f16a9ea2d8b611bb4722f052,True,1440,604,80,524,13.2,0.33,-83440.5,9,1776102118592,1788447558979,142.9,-44982.09,0.539,36786.774042,2,11867.82,32.3,False,False,False
0xacf5c9a3213f91182317ef74770ffb41f0c081f5,True,2000,1084,530,554,48.9,2.0,53042.77,16,1764942363638,1788451395587,272.1,13754.62,0.259,7414.900703,1,-1477.94,-19.9,True,True,False
0xad024bb246e80453ce568cbc8ff8d45af861eb65,True,1029,494,128,366,25.9,1.91,50120.86,7,1773843022151,1785163534360,131.0,14568.34,0.291,236297.418847,1,236491.97,100.1,False,True,False
0xad15d7680e0100291e9832b497c96e143919aa4f,True,2000,998,794,204,79.6,0.75,-9002.48,28,1779815225075,1788795500989,103.9,-4803.85,0.534,4897.471292,3,-1460.34,-29.8,True,True,False
0xad2fd34bc2a52c1dbf5eeed90330c5e014233937,True,2000,1077,886,191,82.3,1.93,3991.55,26,1779581236563,1780207263557,7.2,-1904.25,0.477,0.0,0,0.0,,False,False,False
0xad4d1010b83991525310ca4e925b5b7f5e4189d3,True,1473,618,168,450,27.2,0.04,-40261.44,9,1776105778242,1781359649140,60.8,-3601.62,0.089,0.0,0,0.0,,False,False,False
0xad572a7894c7b0ba4db67c2a7602dd3376d4f094,True,2000,736,464,272,63.0,0.11,-26111.03,6,1787061767711,1788782737819,19.9,-1616.03,0.062,169010.8806,1,-63901.74,-37.8,True,True,False
0xad673dd5ec69c3a7ed68c09c39a9e6df88be371d,True,1668,791,680,111,86.0,6.4,67812.3,4,1754849090570,1788765694533,392.6,-6161.17,0.091,0.0,0,0.0,,False,False,False
0xad7af7df721b9409db76fbf67305b2eca9a2bb63,True,2000,850,674,176,79.3,0.55,-251627.48,7,1785049066577,1787879719794,32.8,-304086.53,1.208,0.0,0,0.0,,False,True,False
0xad9340f7feb632288531000862b5ceca558efcfb,True,2000,1062,438,624,41.2,0.28,-41041.07,2,1783357429960,1788735620813,62.2,5076.6,0.124,0.0,0,0.0,,False,False,False
0xadbb884cbe72c934bf54b29430d73c5e844ffcca,True,538,209,80,129,38.3,1.84,1093.78,22,1732973636176,1785730387332,610.6,539.55,0.493,0.0,0,0.0,,False,False,False
0xadc9f75b8f990301b90d67f7acdd99733caa87fd,True,873,366,83,283,22.7,0.79,-4099.5,9,1760029385521,1776690160975,192.8,3015.44,0.736,0.0,0,0.0,,False,False,False
0xade28c68766cd44bb2455e39ef3484c3fbdf7e3f,True,2000,1050,532,518,50.7,5.13,493.99,14,1777347615487,1788123696829,124.7,133.86,0.271,3864.26,0,0.0,0.0,False,True,False
0xadf5aa8c4c879658c939885dfa47273a8f65c362,True,2000,1338,630,708,47.1,0.65,-7833.56,60,1779104482679,1788802711450,112.2,-1508.77,0.193,1508.802866,3,403.66,26.8,False,True,False
0xae003ff587d69f190e4d32370d8451d46e0b3d24,True,346,100,95,5,95.0,169.06,36633.79,18,1764453438399,1788798518714,281.8,6757.2,0.184,46216.960933,4,2946.42,6.4,False,True,False
0xae138900a67263ba03a51f48a2d510ff9027f442,True,1582,691,321,370,46.5,0.22,-101115.12,11,1773433780529,1779857820678,74.4,-20468.53,0.202,0.0,0,0.0,,False,True,False
0xae2997b1f4d3ed33cc58f1f2cdd3319f1457507e,True,2000,820,415,405,50.6,0.19,-22816.37,3,1757878994250,1787582516877,343.8,-9090.13,0.398,0.0,0,0.0,,False,True,False
0xae33d820483145d3cccb14a513bac66004efbae9,True,885,480,181,299,37.7,1.06,831.78,12,1786303537597,1788528993628,25.8,-2814.36,3.384,0.0,0,0.0,,False,False,False
0xae5eacaf9c6b9111fd53034a602c192a04e082ed,True,2000,995,415,580,41.7,1.32,21047.86,7,1773750385262,1776943842503,37.0,2840.68,0.135,0.0,0,0.0,,False,False,False
0xae708fba2705ae0f8a76e30aa718f43f27c4974b,True,1215,595,295,300,49.6,1.21,4700.33,19,1766654522695,1788763167934,255.9,3366.85,0.716,1282.7,0,0.0,0.0,False,True,False
0xae885763f75d83d3fd699c90f8b6fa203a44ac50,True,2000,911,353,558,38.7,0.79,-9687.16,21,1749588009753,1787247387627,435.9,-7360.32,0.76,0.0,0,0.0,,False,False,False
0xae9de986cce6221db04b37ae69e9a1725703930b,True,100,28,28,0,100.0,inf,7348.48,1,1783978628667,1787296384254,38.4,2412.03,0.328,56045.052317,1,70003.07,124.9,False,False,False
0xaeab8ecb87ed11128432e5028cea2ae4a259f1bd,True,917,517,477,40,92.3,3.42,9078.32,6,1787663985411,1788790492318,13.0,-735.96,0.081,0.0,0,0.0,,False,False,False
0xaec489af95fccedc533f70c23deabd9a963b9350,True,2000,1101,470,631,42.7,1.23,6854.6,13,1766128862028,1784795051746,216.0,4239.83,0.619,0.0,0,0.0,,False,True,False
0xaecee71307bf59bac69002c55ba5053b4ee98f90,True,566,195,122,73,62.6,3.07,28248.46,8,1761730070613,1788398583209,308.7,3991.7,0.141,0.0,0,0.0,,False,False,False
0xaee0c78012a030332e8a81fc2231b9e56223ae64,True,2000,886,519,367,58.6,0.99,-617.52,8,1769186172974,1788796451271,227.0,-5496.3,8.901,3950.515072,1,27.93,0.7,False,True,False
0xaefe2a99286aca794925733996cf49296136c848,True,2000,935,340,595,36.4,0.86,-967.48,20,1781039014747,1787921584272,79.7,784.93,0.811,0.0,0,0.0,,False,True,False
0xaf23b642b992720f5086bc5b6898c1ed5dc930ee,True,770,406,274,132,67.5,1.09,1350.85,13,1734862091394,1788356624486,619.1,-1740.97,1.289,0.0,0,0.0,,False,True,False
0xaf31e1992a506a33b4158405fef70e6a0bacc7cb,True,2000,871,328,543,37.7,0.67,-2963.33,19,1772301109293,1779142564841,79.2,-556.48,0.188,0.0,0,0.0,,False,True,False
0xaf42d8e6a313f2061920908dfef7c3771a3f3f59,True,2000,659,536,123,81.3,1.31,3970.04,10,1775592255420,1788449297998,148.8,2265.01,0.571,16074.175151,1,-9446.3,-58.8,True,False,False
0xaf551aa1d4a9958a1dd17bacde9b2d9b30dd8aee,True,2000,703,647,56,92.0,0.19,-59086.36,41,1784535153535,1788526892267,46.2,-16038.27,0.271,0.0,0,0.0,,False,True,False
0xaf66381e600afef7a33016a23533772945836728,True,2000,975,271,704,27.8,0.56,-2647.22,13,1780165774401,1780666202721,5.8,-618.15,0.234,0.0,0,0.0,,False,False,False
0xaf791381ba21eb8075bda573a5b8ba134f89f688,True,2000,828,339,489,40.9,1.09,2964.69,6,1784558432904,1784668872812,1.3,10237.93,3.453,0.0,0,0.0,,False,False,False
0xaf92bd13e0ff605cef65dba5abcf6453cbb59b37,True,2000,951,516,435,54.3,0.95,-5439.25,9,1773691520677,1788466654853,171.0,-15800.03,2.905,21830.385554,1,11418.78,52.3,False,True,False
0xafa205065b7aa2ad6a83ca9a2d7bec6db6e39738,True,1451,729,231,498,31.7,0.75,-20729.18,15,1769945285314,1788784472047,218.0,-6149.29,0.297,11621.468724,3,5814.62,50.0,False,True,False
0xafb4b589bebf3d7982bd25ba591f9c60dc5072a5,True,2000,1132,492,640,43.5,10.33,296115.56,3,1770405954649,1781003643325,122.7,18929.21,0.064,0.0,0,0.0,,False,False,False
0xafccb21e51b27b09272a0bf4d204623e706cdb39,True,2000,790,539,251,68.2,1.51,17491.92,22,1773870859239,1787810870433,161.3,4718.43,0.27,0.0,0,0.0,,False,True,False
0xafe5eab19dc22d328b67e86dccb7c2031e0df0dd,True,1290,328,212,116,64.6,5.99,36544.45,18,1752701363614,1788533956839,414.7,23433.68,0.641,5167.606439,2,-11519.6,-222.9,True,True,True
0xaffcd702a1a55260cfdba8c3fafa5d67adb8fe4d,True,2000,919,190,729,20.7,0.25,-32709.78,8,1778228779259,1780657429796,28.1,-5667.21,0.173,0.0,0,0.0,,False,True,False
0xb0178b478440c8e0a6a6315fb2fbc7053d343fe1,True,1173,608,258,350,42.4,0.57,-6254.14,9,1784181514553,1788350079684,48.2,-1029.09,0.165,0.0,0,0.0,,False,True,False
0xb037021cc779b6c63cd424ec9ad871ca421f9514,True,963,560,327,233,58.4,0.77,-879.62,5,1780138409784,1787302141123,82.9,-353.14,0.401,0.0,0,0.0,,False,True,False
0xb0503fea2211d3398c02f7f9316f48772c88f4c4,True,1130,612,250,362,40.8,1.07,81.71,17,1759383390851,1788773894564,340.2,140.26,1.717,0.0,0,0.0,,False,True,False
0xb0630c596628aa4ea84aa2801e13e239332007d9,True,2000,990,579,411,58.5,2.25,18881.28,13,1782621702625,1788798136939,71.5,1483.3,0.079,7343.030557,1,-1124.5,-15.3,True,False,False
0xb074bf194c24a3de45154ebe903811ac6eb7795d,True,1560,481,90,391,18.7,0.18,-12832.66,4,1773196883971,1773711550698,6.0,-1762.54,0.137,0.0,0,0.0,,False,False,False
0xb09050bcb8e9d1bd3c56359512175f1865177e48,True,2000,1093,663,430,60.7,1.59,959.77,18,1788446364708,1788791894063,4.0,-240.32,0.25,0.0,0,0.0,,False,True,False
0xb0a81a6a5775ecde50a3a03a52a19961fe973bab,True,696,181,73,108,40.3,0.86,-1233.67,9,1769880670854,1788388862874,214.2,-1204.93,0.977,0.0,0,0.0,,False,True,False
0xb0b6bede09393f608ff5252fc67c7ddbe95f07a1,True,2000,1071,662,409,61.8,0.48,-5410.82,20,1757702790981,1787375782819,343.4,241.97,0.045,0.0,0,0.0,,False,True,False
0xb0d6f847e421cad2c8a7ecd1c5446e8e81739740,True,2000,954,521,433,54.6,0.93,-1847.97,18,1757881620373,1782518400047,285.1,3382.2,1.83,0.0,0,0.0,,False,True,False
0xb0f794a07f8c4d4c7e87f5fbd1b35b0bd8a62596,True,2000,963,340,623,35.3,1.04,424.79,8,1779906444602,1781381353039,17.1,-1271.92,2.994,0.0,0,0.0,,False,True,False
0xb1039883265d21395850d6d9bc4d7d141cc41343,True,2000,1189,861,328,72.4,0.48,-8704.54,13,1788165039734,1788787655640,7.2,3397.75,0.39,40140.860371,1,-144.84,-0.4,False,True,False
0xb11bea1080317bae244429a9491a8d5a6f29a229,True,2000,613,552,61,90.0,3.02,24673.08,38,1761848043340,1788795705730,311.9,3616.02,0.147,11806.876755,3,-202.63,-1.7,False,True,False
0xb129b85aa1c14779001f60a9624b3bcb4d5fa587,True,1323,737,399,338,54.1,2.11,176744.02,5,1752204653290,1788706948221,422.5,20069.42,0.114,459430.36232,1,314376.37,68.4,False,True,False
0xb14941b32064ed5ac73151a7a56b0f0c2c5b644b,True,2000,997,944,53,94.7,27.78,16328.29,2,1787667996165,1788790119023,13.0,1468.5,0.09,0.0,0,0.0,,False,False,False
0xb1694de2324433778487999bd86b1acb3335ebc4,True,2000,1272,1248,24,98.1,223.23,1714014.65,3,1760481873032,1775540559707,174.3,48642.38,0.028,0.0,0,0.0,,False,False,False
0xb180b114b54c0ae6d29a11b1a844b96291c78d5a,True,2000,1038,426,612,41.0,1.09,632.62,33,1787064089723,1788805967319,20.2,411.03,0.65,2448.823386,8,21.56,0.9,False,False,False
0xb1938cc3babe6cb8812c85a337829425e30de935,True,2000,632,427,205,67.6,17.51,178625.51,11,1785435566870,1788809790527,39.1,13898.94,0.078,256363.11594,1,-322.67,-0.1,False,True,False
0xb1b69d04e39e2808ee2a1aba3b3f5fb20a1936df,True,1871,1024,357,667,34.9,0.58,-28992.26,7,1774187401169,1780278488209,70.5,-6366.86,0.22,0.0,0,0.0,,False,False,False
0xb1c7c1798a5519f1488df88181a95045ccb802a8,True,484,308,184,124,59.7,0.32,-27891.53,3,1787268828634,1787405390467,1.6,-5734.96,0.206,0.0,0,0.0,,False,False,False
0xb1e4fbeb90e32e09346c04a44e3ce466d35ac2db,True,2000,1014,392,622,38.7,0.35,-21509.08,2,1786930561143,1787003391852,0.8,-3172.89,0.148,0.0,0,0.0,,False,False,False
0xb1f4fcd61a24aa42d33364020483df15251c1ed6,True,78,40,34,6,85.0,11.82,2533.29,3,1787520576778,1788759274910,14.3,1913.94,0.756,53180.130455,1,-881.3,-1.7,False,False,False
0xb207d34a81941bfa3c37fb865d4457988ccb27fa,True,2000,1178,1000,178,84.9,0.8,-2923.28,42,1760706900538,1788815255338,325.3,-2728.05,0.933,0.0,0,0.0,,False,True,False
0xb22a0b9aaa0a241db1ffc9508b81e189802fa51f,True,2000,1128,587,541,52.0,1.55,25107.12,1,1772624094579,1774547824854,22.3,-17982.81,0.716,0.0,0,0.0,,False,False,False
0xb23de4f03da4d5a261fd026307584645bc5d7c52,True,2000,849,453,396,53.4,0.15,-49220.01,3,1783440062495,1784070781186,7.3,-4122.45,0.084,0.0,0,0.0,,False,True,False
0xb24e0519d65e9ab6ea965ba13a45610d95e22a29,True,1721,680,474,206,69.7,20.5,30537.66,5,1781605826060,1788450288636,79.2,3250.24,0.106,0.0,0,0.0,,False,True,False
0xb258756fba319ab269eb786e4947ec7e0dcb0c1b,True,2000,917,430,487,46.9,0.62,-2651.39,28,1750345010297,1788616241104,443.0,-971.42,0.366,0.0,0,0.0,,False,True,False
0xb26e28322e6f3b6854392234b08ad45aba3de7f0,True,769,351,228,123,65.0,0.82,-1061.51,5,1754317816234,1788133641784,391.4,-805.54,0.759,0.0,0,0.0,,False,True,False
0xb27961fa080742b79c289e79cca5c86852add4ac,True,1221,584,158,426,27.1,0.24,-18522.46,1,1787327570939,1787742381403,4.8,2417.02,0.13,0.0,0,0.0,,False,False,False
0xb28a1c1551526fece3a56f0e0f0498076a8090a3,True,1749,795,426,369,53.6,1.0,-91.12,7,1750038920705,1780627258255,354.0,-2711.46,29.758,0.0,0,0.0,,False,True,False
0xb2a51e6d8f3a17c999db89351d1461ba1265d4d7,True,2000,917,543,374,59.2,0.88,-3357.4,1,1784315688175,1787275093300,34.3,-13554.0,4.037,0.0,0,0.0,,False,True,False
0xb2b1dcfffb017d8f4cc336fe22eaf75c9ad409f3,True,2000,1017,597,420,58.7,0.7,-2718.06,6,1780258981425,1782355184443,24.3,-878.07,0.323,0.0,0,0.0,,False,True,False
0xb2cdaec2970c63a9fcbffe348f28f0b21bbea66d,True,111,92,92,0,100.0,inf,4703.44,1,1787240131997,1787250781772,0.1,330.62,0.07,0.0,0,0.0,,False,True,False
0xb2e7129865913e122f3a1c32da58500555f92eb5,True,2000,875,274,601,31.3,0.27,-16176.72,17,1787098302010,1788814650286,19.9,1098.73,0.068,16610.768617,7,2326.29,14.0,False,True,False
0xb2fe78a26ed5ed6a8108bed0ce8d90065de522c7,True,1452,673,434,239,64.5,2.03,16766.82,16,1750702760143,1780847510588,348.9,-2798.34,0.167,0.0,0,0.0,,False,False,False
0xb3118477258bab42487d5680756bd640af2e7b17,True,947,448,254,194,56.7,1.23,4022.02,16,1773690792366,1788538897799,171.9,3417.62,0.85,0.0,0,0.0,,False,True,False
0xb32b3cadf4ee7cc5de0be2dbb7430464bab2c5ca,True,2000,1787,1461,326,81.8,1.25,121785.08,4,1780639307759,1782116391979,17.1,-60749.22,0.499,0.0,0,0.0,,False,True,False
0xb34c72bd27d8c585e706071586fec1f67321ee09,True,2000,954,697,257,73.1,9.1,33417.08,91,1721946092579,1780447598575,677.1,8253.62,0.247,0.0,0,0.0,,False,True,True
0xb36af99e7ae67f7d57a38381350b64ef7bd20371,True,884,257,141,116,54.9,0.3,-22372.64,9,1780837326345,1785938915010,59.0,-4863.42,0.217,11749.111675,1,-6255.4,-53.2,True,True,False
0xb37fa7eb16b5b1a5b31aa82a000164ba336b9e79,True,2000,976,620,356,63.5,0.87,-1399.52,7,1763129153176,1783913621644,240.6,-753.8,0.539,0.0,0,0.0,,False,True,False
0xb39565eedbb6b32962aedb026df0f6859f625d09,True,268,129,35,94,27.1,0.71,-5570.11,5,1769457569598,1787669538633,210.8,-7635.38,1.371,0.0,0,0.0,,False,True,False
0xb3b0da89208eb51b5085739c1c3975f1799f428a,True,2000,1364,992,372,72.7,1.17,9539.85,12,1775219408960,1782101528666,79.7,7191.35,0.754,0.0,0,0.0,,False,True,False
0xb3d9bf78226cf1104e8eb184d9e77d5f6ef79ced,True,2000,1686,360,1326,21.4,0.21,-241117.55,7,1775669002995,1786898568798,130.0,8752.45,0.036,0.0,0,0.0,,False,False,False
0xb3f4917fe14561b776b880a57b4bb78edfd4b9e9,True,2000,937,516,421,55.1,1.12,1239.87,14,1785506597334,1788797902206,38.1,-1149.72,0.927,297.599328,0,0.0,0.0,False,True,False
0xb409fb91302ceb021e513768fa62d705339604da,True,1154,437,247,190,56.5,1.64,14807.42,5,1771508777375,1782395729337,126.0,-5679.87,0.384,0.0,0,0.0,,False,True,False
0xb41707ab2f867b9d52544c2ca4d624ff2b30489c,True,867,487,295,192,60.6,1.28,1204.17,1,1776079445282,1788653812191,145.5,927.24,0.77,0.0,0,0.0,,False,True,False
0xb4387fd9abb7a01d0d09f2b74119d242d8bedcbf,True,2000,1022,265,757,25.9,0.83,-1556.42,31,1764862655465,1780704000050,183.3,1145.62,0.736,0.0,0,0.0,,False,True,False
0xb45a50dac3d8115321fe6e80efd343833dc84d5b,True,2000,982,252,730,25.7,0.67,-144221.2,6,1755691420793,1779061231243,270.5,-229006.4,1.588,0.0,0,0.0,,False,True,False
0xb47d5c9f842174713bbdf6356c38698351c42435,True,141,56,30,26,53.6,0.51,-1643.63,23,1718005774979,1788753386198,818.8,-1143.16,0.696,349.239987,12,-103.85,-29.7,True,True,False
0xb4992cd45307960690642cc1d2bb232c5084909b,True,1701,925,158,767,17.1,0.36,-24100.08,8,1771153771698,1786102142518,173.0,3365.72,0.14,0.0,0,0.0,,False,False,False
0xb4b1f10d6c4ca730f2df9a2313ea30a0d07664da,True,2000,924,407,517,44.0,0.52,-1929.45,14,1781013606351,1787736508998,77.8,-175.41,0.091,0.005112,0,0.0,0.0,False,False,False
0xb4ccea3d17bf0da57df4958b154f440793140713,True,2000,1295,729,566,56.3,0.07,-328.49,14,1778605184047,1788184915397,110.9,-291.45,0.887,0.0,0,0.0,,False,False,False
0xb4e25fa15207b76fea912e44e0a2c319d0f762dd,True,939,429,298,131,69.5,2.22,9976.86,20,1776907322628,1788315643520,132.0,2123.66,0.213,0.0,0,0.0,,False,True,False
0xb4f35bc1f3db3a23b757fcc09b3b5ed89dfcb980,True,1369,598,330,268,55.2,0.68,-12963.3,22,1739912821115,1787346692189,549.0,-3215.58,0.248,0.0,0,0.0,,False,True,False
0xb50d1b5ffbe05387357561afc1127f829b024c02,True,2000,616,352,264,57.1,1.88,1690.59,9,1767643566488,1778452426640,125.1,464.82,0.275,10569.103741,1,2244.53,21.2,False,True,False
0xb51f7c13e72aaff8731af1ac7067663c6b7acc27,True,171,55,26,29,47.3,5.08,2094.41,10,1771091152086,1787944322562,195.1,816.04,0.39,3853.482842,1,707.49,18.4,False,True,False
0xb53de8e02233727522329ca90eca1564898b62eb,True,1151,634,438,196,69.1,1.04,344.63,3,1776417640844,1779111006783,31.2,-1003.13,2.911,237.868079,0,0.0,0.0,False,False,False
0xb556575e8c28bab34d1dae7735b78111ec46936d,True,2000,633,608,25,96.1,14.54,109648.89,7,1778835842223,1788798675322,115.3,6357.95,0.058,14569.752818,3,-2827.9,-19.4,True,True,False
0xb56f47dc221f680f9d982869a09f51e096fe4b71,True,2000,858,383,475,44.6,1.0,102.66,26,1759432106020,1788467398958,336.1,-8177.48,79.66,11463.25556,1,-4615.0,-40.3,True,True,False
0xb59085a36b8033d223203b08cf2ae952a690da89,True,2000,1537,521,1016,33.9,0.41,-2549.04,3,1771710984964,1787117955048,178.3,75.42,0.03,0.0,0,0.0,,False,False,False
0xb5a901dc858d56f9f25cdac10814fd2db2f34964,True,1080,508,147,361,28.9,0.63,-3639.61,2,1782979698101,1787154236040,48.3,-1118.89,0.307,8211.149046,1,-6848.94,-83.4,True,False,False
0xb5be396f59892e35f1f31a074f3c9ac0035b77c1,True,1631,742,281,461,37.9,0.75,-13852.75,16,1743137313637,1787741505167,516.3,-2505.89,0.181,0.0,0,0.0,,False,True,True
0xb5ce2d9c9e75e4396e735509ceff76729f495f03,True,790,349,81,268,23.2,9.05,47590.22,11,1778645904597,1781111168728,28.5,7248.75,0.152,0.0,0,0.0,,False,False,False
0xb5f0452bb5358b3e2b73a8518efed4bf647c8d1e,True,2000,852,448,404,52.6,0.45,-48346.93,8,1787371414422,1788408539324,12.0,-31135.39,0.644,0.0,0,0.0,,False,True,False
0xb61244db558cffcb4074bc48b4f37dd9103700aa,True,2000,1068,569,499,53.3,1.09,3572.6,12,1785343284833,1787303008395,22.7,3917.53,1.097,7059.259217,1,1213.9,17.2,False,False,False
0xb6301d194b4e4bd73e7a298b727f2f2eb78ddd9a,True,296,149,47,102,31.5,0.48,-6594.36,7,1767693766344,1787899536650,233.9,-1850.42,0.281,27401.511241,2,141.03,0.5,False,False,False
0xb643ad19804cb2acbbc1d7e8c956baa13cfe0dcb,True,2000,462,288,174,62.3,1.19,1103.53,19,1772823322841,1788783999725,184.7,816.05,0.739,5591.171055,4,-7311.19,-130.8,True,True,False
0xb654e7b71deb92480a070435b06748133e2f23e3,True,2000,1025,520,505,50.7,0.96,-112.71,126,1774005404126,1775583402771,18.3,-948.02,8.411,0.0,0,0.0,,False,True,True
0xb6641f5485a7dae746ed6953cfaf5c406f3b2001,True,2000,1037,487,550,47.0,1.15,1373.99,27,1774278776699,1783654089154,108.5,1644.62,1.197,0.0,0,0.0,,False,False,False
0xb6792b56ca77f9976dacf7f147c8440b618b87c1,True,323,141,69,72,48.9,0.66,-80.8,21,1746709583116,1778279885252,365.4,-20.13,0.249,0.0,0,0.0,,False,False,False
0xb68cd5968ce92e5cd48f7a77c8cf6430f36c95f9,True,2000,1251,399,852,31.9,0.38,-35120.55,18,1774832636355,1779321600086,52.0,-2278.5,0.065,0.0,0,0.0,,False,False,False
0xb69ccb3ad06300fefe1c551e285de4a3c6a1a5da,True,2000,1482,697,785,47.0,1.21,732.9,3,1788135324154,1788812206039,7.8,507.67,0.693,66561.885477,0,0.0,0.0,False,True,False
0xb6bcb5b323fa6642f7b2d77b016feaa8cfda3b6f,True,2000,997,692,305,69.4,4.69,36141.05,17,1780801582584,1781481600049,7.9,1129.12,0.031,0.0,0,0.0,,False,True,False
0xb6ccf65dc7547fd7345fc283b57f0d6948789aca,True,2000,812,441,371,54.3,0.76,-3820.11,34,1772809212765,1788512086933,181.7,-3882.01,1.016,0.0,0,0.0,,False,True,False
0xb6f59d050b6730bf199ceb08219c218e635da16d,True,1985,878,557,321,63.4,3.62,135506.08,9,1762974960926,1782549127574,226.6,27150.09,0.2,0.0,0,0.0,,False,True,False
0xb7080d52ac9cf5142b07ea0a53d942e649f5e6f1,True,485,145,0,145,0.0,0.0,-5346.81,6,1786962491519,1787658895668,8.1,-543.43,0.102,0.0,0,0.0,,False,False,False
0xb722591de052371053e25abaf5cb7a00fd9bc646,True,833,421,43,378,10.2,0.06,-64395.08,11,1735339140598,1781093165579,529.6,-45720.16,0.71,0.0,0,0.0,,False,True,False
0xb73888476dccade29770175966ccc5ad50e45b48,True,2000,1003,524,479,52.2,0.71,-4791.42,3,1783058590766,1783655958577,6.9,1590.86,0.332,0.0,0,0.0,,False,True,False
0xb7565b6dc7e9d7e933671d5f6f50b15a41b1e82a,True,102,51,25,26,49.0,0.33,-2090.75,3,1779780589001,1788657305305,102.7,-971.91,0.465,546.753812,1,-4.44,-0.8,False,False,False
0xb763e17f53580f81f1be5c01fae9d3557b92385b,True,2000,989,505,484,51.1,1.29,30817.5,12,1766066771031,1784640948839,215.0,10317.13,0.335,0.0,0,0.0,,False,True,False
0xb7789ab9f0d568e0aa5469e3cc8eff8682fc8673,True,2000,900,482,418,53.6,1.25,12670.26,36,1782503757328,1788543452397,69.9,5477.23,0.432,21124.863184,13,-36703.91,-173.7,True,True,False
0xb791ccc9edd74f52c0fae7fe402057da6edca31d,True,2000,852,395,457,46.4,0.65,-7528.91,84,1769907384874,1788812199762,218.8,-6050.51,0.804,13825.504038,28,-2922.24,-21.1,True,True,False
0xb7ae6c2850230b7d903aebd95c1fb2a4d525369f,True,2000,851,323,528,38.0,3.38,195280.31,4,1786459734072,1788813536442,27.2,29680.0,0.152,258241.829745,2,134912.82,52.2,False,True,False
0xb7caf868835eac09f4fcb0ab85b942d8722c26de,True,674,309,231,78,74.8,1.07,2386.19,28,1734720097782,1788794734351,625.9,-15402.22,6.455,75031.670452,1,-11764.85,-15.7,True,True,False
0xb7dfcf37ead39a9901436ec2ce4057f9b57716de,True,676,288,258,30,89.6,1476.96,27953.8,48,1710177862223,1788453255758,906.0,13839.1,0.495,24718.995565,5,3138.43,12.7,False,False,False
0xb7e936c862fef554fcf5cd2f118b0704dfaf3baf,True,2000,934,540,394,57.8,0.98,-938.03,3,1781189427836,1785884938061,54.3,-3569.89,3.806,0.0,0,0.0,,False,False,False
0xb806081a2d32a00f2b68c95cdee314f1da01511b,True,1563,844,242,602,28.7,0.37,-3874.03,39,1775779629775,1785900936297,117.1,-549.01,0.142,0.0,0,0.0,,False,True,False
0xb81f3764cc9a4ad3e4cff6feaf60cfdcb2aa35a1,True,627,275,174,101,63.3,2.01,8766.01,11,1779766334738,1788501008208,101.1,2098.31,0.239,0.0,0,0.0,,False,False,False
0xb83cdb59e0985662b1b1f55d29ffd594cd33d895,True,1760,926,507,419,54.8,2.41,76406.34,8,1777979593851,1788792092641,125.1,7114.4,0.093,0.0,0,0.0,,False,True,False
0xb854f7f40f0f3e1801fb6d8828b6f6dd97ebf33b,True,2000,1250,958,292,76.6,3.6,15484.55,3,1782396065292,1788535585174,71.1,-624.03,0.04,179599.526264,0,0.0,0.0,False,True,False
0xb86377aa282654f2deef20cbf45909b5c8aab078,True,2000,920,592,328,64.3,10.01,208240.08,13,1736090421702,1788643560668,608.3,9640.27,0.046,0.0,0,0.0,,False,True,False
0xb8712178566e3ff86176586e00281f09b78f4292,True,2000,844,537,307,63.6,1.48,2425.52,16,1787215437554,1788795198478,18.3,-813.51,0.335,2897.12844,0,0.0,0.0,False,True,False
0xb8879a2c3712b5bbad02396d787dec7d564799d6,True,2000,796,132,664,16.6,1.97,39887.79,8,1776433613165,1781378369960,57.2,12471.99,0.313,0.0,0,0.0,,False,False,False
0xb89a98d9bb5a2b744a38e793436f169bb735df15,True,2000,987,731,256,74.1,0.54,-24216.89,13,1773662099364,1788810314938,175.3,-13928.51,0.575,3993.404276,2,-2364.51,-59.2,True,True,False
0xb8ba0eb0d5689cd3d46fc004111633395f06d2e4,True,2000,791,429,362,54.2,3.45,15843.39,12,1788313123459,1788801007022,5.6,1271.24,0.08,59066.088789,2,-1790.23,-3.0,False,False,False
0xb8e383c4ef756cc3d84c74330fdd871302c6309d,True,2000,1218,637,581,52.3,0.6,-70812.43,12,1780552520813,1787742414706,83.2,-20918.66,0.295,0.0,0,0.0,,False,True,False
0xb8f6c7b9f73ada9ea6120a3abf496ac95a533fc3,True,720,322,183,139,56.8,1.45,2377.66,2,1785897131752,1786690507202,9.2,-721.3,0.303,0.0,0,0.0,,False,False,False
0xb917af520af31bd0183d99d9c0be80e121b0ee3a,True,356,228,151,77,66.2,1.25,2311.42,13,1733156864669,1788713043168,643.0,-2466.32,1.067,3080.390162,1,1942.26,63.1,False,False,False
0xb93a2e8aae9cf8a06328750bc19692244518b6f0,True,497,243,74,169,30.5,1.85,2373.1,5,1780687814485,1787415110214,77.9,2788.99,1.175,0.0,0,0.0,,False,False,False
0xb942d8d5077143ecf3d0ee316362f50ffc69c487,True,174,79,53,26,67.1,0.79,-961.93,3,1743997148811,1777305599649,385.5,-1253.79,1.303,0.0,0,0.0,,False,True,False
0xb957209f25008e226c6ce5d108a1832a1cf5ccf6,True,2000,939,615,324,65.5,4.33,9686.7,23,1741604761060,1788813266449,546.4,1224.87,0.126,413.75774,1,-3.18,-0.8,False,True,False
0xb97e06a3a551749e98c6f149b586c5dc469df494,True,1844,1041,624,417,59.9,1.44,9848.38,16,1752119688689,1773296695155,245.1,-5933.76,0.603,0.0,0,0.0,,False,True,False
0xb991119ece0a106304407175bcebf7e6584bde17,True,2000,1106,669,437,60.5,1.07,1516.11,19,1772408219586,1788725952637,188.9,2135.26,1.408,0.0,0,0.0,,False,True,False
0xb99ba7f99c8f97fcb9acf5877a7c73bbfab1c73e,True,1462,712,510,202,71.6,1.36,2288.1,17,1740730923818,1788769705412,556.0,-964.36,0.421,0.0,0,0.0,,False,True,False
0xb9a9ee710f6564d965252633b75beb71d2c2ea7a,True,351,157,54,103,34.4,0.14,-13463.85,24,1750052549592,1788477513881,444.7,-2636.28,0.196,1157.595594,1,509.56,44.0,False,True,False
0xb9bfbbaec97a82df148a00418fb258127f8eba5f,True,54,30,12,18,40.0,0.71,-25.96,12,1752251919847,1780833582533,330.8,-34.85,1.343,0.0,0,0.0,,False,True,False
0xb9ded7d258fc89888d7365469b53faf007b3ef1d,True,1766,812,478,334,58.9,0.32,-13737.81,30,1772511864881,1778198400069,65.8,-5618.87,0.409,0.0,0,0.0,,False,True,False
0xb9fdeef831d5dec1418033d42c3c68f2e666ec81,True,2000,1154,576,578,49.9,0.83,-264.17,1,1782740109749,1782878402915,1.6,-268.24,1.015,0.001664,0,0.0,0.0,False,True,False
0xba0d78b166a9ab1674a5d2160e7d4780d81d1656,True,2000,658,423,235,64.3,0.3,-74113.08,20,1765221126086,1787265729058,255.1,-10010.28,0.135,0.0,0,0.0,,False,True,False
0xba27a90aa4b6bffac7b70032b043566c15788edc,True,2000,967,463,504,47.9,0.72,-7377.06,19,1762553689028,1785936858941,270.6,-1596.62,0.216,0.0,0,0.0,,False,True,False
0xba305174e355eeb5e9f0663483c45ff584846a3d,True,2000,674,454,220,67.4,0.82,-1304.87,12,1783238491360,1784708982183,17.0,-1701.04,1.304,0.0,0,0.0,,False,False,False
0xba4114ff0ba90e0cfc265fe3bdaa65986f684a29,True,167,86,53,33,61.6,0.94,-188.12,3,1783511671769,1787239935159,43.2,-770.81,4.098,0.0,0,0.0,,False,True,False
0xba4e769e2ce7e01e72a90b3d928d3520fbea33f1,True,1171,573,263,310,45.9,0.63,-7905.52,19,1766600130961,1781461104779,172.0,-1745.46,0.221,0.0,0,0.0,,False,False,False
0xba5f4f92f396e6de20d3dae5eefa65f4ecca806a,True,2000,701,389,312,55.5,1.32,718.45,1,1788789483669,1788815544149,0.3,-109.7,0.153,44056.221205,1,775.43,1.8,False,False,False
0xba76cbc877bcd3226b350e55667f095fed10f1f0,True,546,289,217,72,75.1,3.16,17708.48,3,1778925718328,1787167114219,95.4,1957.07,0.111,0.0,0,0.0,,False,False,False
0xba9613e1ddb82edfe15799b939647e1258a123bd,True,2000,814,186,628,22.9,0.35,-12528.78,23,1776374032562,1779485561455,36.0,-5475.37,0.437,0.0,0,0.0,,False,False,False
0xbaa91d6651782949d024d3783172fd5c094cd8b6,True,2000,1049,893,156,85.1,1.02,2583.47,28,1780917716643,1788814382208,91.4,-13572.48,5.254,90042.321502,5,-188609.17,-209.5,True,True,False
0xbab9342822c3455c1d3f8efa051cddcc82f0c44f,True,2000,957,450,507,47.0,0.52,-14893.29,24,1766781780363,1781635544727,171.9,-4030.84,0.271,0.0,0,0.0,,False,True,True
0xbac4d67bbb90430036c900c4ef21f86180a97a93,True,242,109,50,59,45.9,0.83,-1413.37,9,1753741868162,1788373639128,400.8,4229.93,2.993,0.0,0,0.0,,False,False,False
0xbaea2513e3c65593d01d87cde827589ee7bf756d,True,2000,970,516,454,53.2,1.37,17644.31,8,1722258411139,1785860271540,736.1,-8601.59,0.487,0.0,0,0.0,,False,True,False
0xbafeecb201d1a594d7a80d9439acd4569d63c0ea,True,1220,553,205,348,37.1,0.49,-20714.0,9,1787165185989,1787483518185,3.7,-3974.63,0.192,0.0,0,0.0,,False,False,False
0xbb10bda01f56b1604f2f024f2d18fcaf5d2b20b0,True,2000,1611,1155,456,71.7,8.42,354415.12,13,1748714873314,1787933739096,453.9,-14430.31,0.041,0.0,0,0.0,,False,True,False
0xbb28694c31aee7055cac720fefd347774b04aa78,True,2000,787,686,101,87.2,5.16,26766.19,5,1787278508211,1788674399687,16.2,4925.46,0.184,0.0,0,0.0,,False,False,False
0xbb34960afec64f3f1cc78b0c9c342c4657021696,True,2000,775,656,119,84.6,8.31,624623.86,4,1787809999061,1788688087050,10.2,74706.66,0.12,1670378.834393,4,1011825.66,60.6,False,False,False
0xbb49379ed8c9fac2462964f1ba8369807576026e,True,2000,1056,145,911,13.7,1.63,4891.93,16,1753591052810,1788794332042,407.4,5535.53,1.132,71840.678496,1,64894.85,90.3,False,True,False
0xbb5ddbe4188888f4a119bbcc41727ec3d344028a,True,2000,1035,372,663,35.9,0.82,-2244.86,2,1777578274568,1781961348490,50.7,-4708.42,2.097,0.0,0,0.0,,False,True,False
0xbb7797df392cced85a782528a43782d1f8d65b18,True,2000,1435,1435,0,100.0,inf,65475.22,4,1787143658998,1788809392314,19.3,389.15,0.006,0.0,0,0.0,,False,True,False
0xbb999e46f3a1c27157059d2edb0cdd0ab7f17954,True,2000,1058,252,806,23.8,1.23,5678.25,10,1782992150546,1788561033981,64.5,2831.19,0.499,0.0,0,0.0,,False,False,False
0xbbbcf8099607915662cbd5fa02c3c320000d1c66,True,2000,1143,237,906,20.7,0.03,-402807.43,2,1780238566562,1781125541367,10.3,-26470.12,0.066,0.0,0,0.0,,False,True,False
0xbbc94486d74c9a1114dc28f676e0de82b6b4f256,True,2000,930,747,183,80.3,0.73,-25619.62,3,1769787367829,1787153279277,201.0,-14603.11,0.57,0.0,0,0.0,,False,True,False
0xbbe4d0cee6802b0eab6b91dc4aea50eb8d6cdc70,True,648,325,118,207,36.3,0.99,-233.63,1,1777662045270,1788766397944,128.5,1190.3,5.095,0.009666,0,0.0,0.0,False,True,False
0xbbf82c801652198aaac1d06dd974b4d607edf0c9,True,2000,878,512,366,58.3,2.05,2299.86,15,1780176738996,1780598018589,4.9,173.14,0.075,0.0,0,0.0,,False,True,False
0xbc114680017ad6771686991e835edc1b113d2529,True,1346,517,222,295,42.9,3.94,11227.76,54,1711742416635,1788618048943,889.8,9883.99,0.88,0.0,0,0.0,,False,False,False
0xbc2291b0e580e6d4af441f05893859192677ac2c,True,2000,852,744,108,87.3,11.99,72494.63,20,1770634863481,1788739980963,209.5,-5590.63,0.077,27306.23011,7,11969.5,43.8,False,True,False
0xbc34e83cdc679441b0cb19d94ee4d8fed0daf6d7,True,151,88,70,18,79.5,0.28,-29368.21,6,1761433423418,1781792894182,235.6,-24321.48,0.828,0.0,0,0.0,,False,False,False
0xbc4573c3599dd73fdc93fc33073da409071b8495,True,433,262,74,188,28.2,3.04,1545.51,1,1787157831269,1788758790760,18.5,2064.43,1.336,197.806495,1,47.75,24.1,False,False,False
0xbc6cbc95d86a6a9537375640fbc0cf0db8024268,True,2000,990,573,417,57.9,1.05,716.02,18,1760220133200,1778518055742,211.8,-1135.93,1.586,0.0,0,0.0,,False,False,False
0xbc8b92deb18a2ac9c1ffc1e522954dad81fe74bb,True,2000,661,65,596,9.8,0.02,-428081.16,3,1784604005587,1784663888683,0.7,-16704.1,0.039,0.0,0,0.0,,False,True,False
0xbc9f1c4b09dbce9849e201cb0729d8582266cac7,True,2000,1044,652,392,62.5,6.06,193803.7,1,1778854660111,1788620057934,113.0,15731.21,0.081,0.0,0,0.0,,False,True,False
0xbcb75d7fabb14f28f43c109de116d28e15dd789f,True,313,158,110,48,69.6,2.81,11734.21,63,1706053328525,1787299667956,940.4,-5992.82,0.511,0.0,0,0.0,,False,True,False
0xbcce35cf1d36860e9e98ae80bb6a24c8bef1e883,True,2000,921,779,142,84.6,0.73,-4530.18,9,1767814735088,1787276851374,225.3,-3669.38,0.81,0.0,0,0.0,,False,True,False
0xbcdefa7d747eb63c3e798bbad1e613c9d28fec19,True,246,119,91,28,76.5,0.25,-15085.79,4,1780643990559,1784533786254,45.0,-5368.44,0.356,0.0,0,0.0,,False,False,False
0xbcee759705229af612da098aa729d2aa24a15941,True,2000,1105,575,530,52.0,2.36,51259.89,12,1784899249079,1788805768510,45.2,3065.91,0.06,9661.138369,1,-1579.16,-16.3,True,False,False
0xbd0227290554e137ec8ad59a0b889e0e21aabeaf,True,820,396,252,144,63.6,0.65,-3034.47,6,1781532815072,1788737942087,83.4,-2657.76,0.876,1892.917007,1,209.05,11.0,False,True,False
0xbd1b3513bb0ce1529242cfb28926618809592362,True,2000,511,311,200,60.9,4.46,11942.48,11,1787541110680,1788811083553,14.7,5560.1,0.466,56385.574976,3,-4937.88,-8.8,True,True,False
0xbd2ef94586409b9330deef60e3b0572a3caf1a9e,True,1481,658,213,445,32.4,1.13,2796.47,17,1766501955555,1788808191299,258.2,2657.35,0.95,3542.786684,1,-81.3,-2.3,False,True,False
0xbd45ccec259a8c8f906a1f8dfcbdfe4d1cb459c0,True,1769,1003,551,452,54.9,0.43,-71572.92,32,1735379847365,1788163432799,610.9,-21591.03,0.302,0.0,0,0.0,,False,True,True
0xbd6a65ef504a12f0ed8e8dfd3253b02ebc62c00d,True,2000,1144,868,276,75.9,1.76,2448.48,6,1788352335556,1788800292409,5.2,-514.31,0.21,3.62113,1,0.04,1.1,False,True,False
0xbd7b48a5f74fec74643899795b6964a8fac7e69a,True,2000,1327,1080,247,81.4,5.84,6794.13,28,1787939745552,1788816165434,10.1,318.93,0.047,79507.255536,0,0.0,0.0,False,True,False
0xbd9054cc7b3b51010eea4f456c649639386998cf,True,2000,979,441,538,45.0,1.23,1004.73,51,1786177367713,1788776122320,30.1,262.91,0.262,55250.259869,50,4277.67,7.7,False,False,False
0xbda6df9e5a39af7a1694b66d6ecb0a658de36982,True,2000,837,358,479,42.8,0.33,-21394.3,24,1783835917792,1788684423257,56.1,-2730.5,0.128,0.0,0,0.0,,False,True,False
0xbdba56dac0c99fa9a020045d9ccc774ed2489558,True,2000,1016,196,820,19.3,1.2,4177.16,3,1788009472113,1788464266317,5.3,1566.91,0.375,0.0,0,0.0,,False,False,False
0xbddd19674f27db6b00fd3fe1cae76325fc8d5667,True,2000,1013,300,713,29.6,1.24,1466.06,14,1774289255378,1788795632630,167.9,647.39,0.442,6199.163957,1,2917.87,47.1,False,True,False
0xbdf8ef429d85619d3b29614b8a272434783c0f13,True,2000,1053,779,274,74.0,1.36,9685.42,23,1745887305064,1788658091853,495.0,4539.66,0.469,10898.854112,7,6335.44,58.1,False,True,False
0xbe13e642ad7a6e2c1c912d0779c4b72f57feef60,True,315,208,61,147,29.3,0.63,-5137.11,1,1771181167331,1787230399705,185.8,-1859.26,0.362,0.0,0,0.0,,False,False,False
0xbe1f79b4ca0a09fdd71e0055b8e062ea82ad315d,True,2000,843,417,426,49.5,1.77,189.28,1,1788753929088,1788805025645,0.6,-31.56,0.167,0.0,0,0.0,,False,False,False
0xbe3c33afc065d4a6906183fba3160ac8e44f77d0,True,668,319,176,143,55.2,7.12,69546.61,8,1747569984752,1780660595314,383.0,8994.04,0.129,0.0,0,0.0,,False,False,False
0xbe51b497abddd241aa9325021ec225cdfc9a9e48,True,2000,878,333,545,37.9,0.53,-2773.68,10,1786664221155,1788799108905,24.7,-301.25,0.109,0.0,0,0.0,,False,False,False
0xbe69e095e738eb7260ad795c554aba288e1f2adc,True,2000,1102,472,630,42.8,0.43,-33324.07,12,1787648458771,1788528894865,10.2,-11905.55,0.357,0.0,0,0.0,,False,False,False
0xbe78bd112df8789134a36bb82a07e80a2d75939f,True,2000,982,255,727,26.0,0.73,-3429.78,18,1780778166625,1788628793501,90.9,781.42,0.228,0.0,0,0.0,,False,False,False
0xbe905f486a5afc311eef5cca184fab073c3978fc,True,1685,772,603,169,78.1,5.54,30053.32,33,1737219022403,1788488894652,593.4,1334.49,0.044,13247.503836,5,-4647.51,-35.1,True,True,False
0xbe9fb45c06abcbd7cc24cb767296188c7ea45030,True,611,352,275,77,78.1,16.81,114824.26,8,1721779200121,1783114379059,709.9,22762.36,0.198,0.0,0,0.0,,False,True,False
0xbeaa5b3408dc9d7cb75288d523b4b4791647cb6d,True,2000,1000,374,626,37.4,1.45,507.4,24,1785659812525,1788809730576,36.5,97.8,0.193,157.378635,1,8.46,5.4,False,False,False
0xbec6e4ac010114e515483060fda81cf9088040ff,True,474,185,176,9,95.1,5.24,17588.59,12,1734526245393,1788692506919,626.9,7035.9,0.4,46540.181518,6,10590.11,22.8,False,True,False
0xbee194cd25a5ca74120aa3ae685e75caefb96dc9,True,2000,1160,413,747,35.6,0.46,-5246.64,11,1776211498651,1781859761101,65.4,-3184.79,0.607,0.0,0,0.0,,False,True,False
0xbf05192ab8cd05ce1baf15060dc579fd188fb9ce,True,2000,1472,1278,194,86.8,21.15,18967.0,55,1780519379507,1787375515107,79.4,731.9,0.039,0.0,0,0.0,,False,True,False
0xbf247eaef522095bb2afb8c765f71d925ce32475,True,350,110,72,38,65.5,0.49,-3761.8,2,1780572125984,1781018566268,5.2,-3299.47,0.877,0.0,0,0.0,,False,False,False
0xbf47388de185ea21d4474e3ab9ef70346d4a2ed7,True,921,546,431,115,78.9,1.58,14164.49,4,1778685098940,1778889600027,2.4,-4925.7,0.348,0.0,0,0.0,,False,True,False
0xbf5eae92c0951b38afea83f1b9a97ce63d437516,True,1499,654,116,538,17.7,0.05,-13833.09,5,1787557099987,1788594871776,12.0,-5212.89,0.377,0.0,0,0.0,,False,False,False
0xbf7a039c12246979f420b4543dcd40e176a15e43,True,2000,1173,611,562,52.1,4.18,46211.64,15,1753539653501,1787179314198,389.3,20914.65,0.453,5768.583171,1,-5856.9,-101.5,True,True,True
0xbfa317b7468a97e4e6a7a3c138b86ca0b7395477,True,2000,1142,614,528,53.8,0.9,-630.59,78,1788786117186,1788816579734,0.4,-132.26,0.21,461195.601028,124,-23202.43,-5.0,True,True,False
0xbfc58e0515ae9d2bf779ba879672647c7e1f6e43,True,2000,1026,682,344,66.5,0.93,-268.79,4,1776696676797,1788728943263,139.3,-283.77,1.056,128.069173,1,-3.82,-3.0,False,True,False
0xbff10160ad8fd411b1d8d91e1951ee9773eea3e5,True,277,151,111,40,73.5,2.38,10551.42,4,1787093323136,1788437396754,15.6,-2713.14,0.257,0.0,0,0.0,,False,False,False
0xc0105585dc70603ef2bc289d62df2fa687115d82,True,627,330,234,96,70.9,1.49,1170.99,7,1771845493878,1786558556285,170.3,864.68,0.738,0.0,0,0.0,,False,False,False
0xc032876e597d7305a70267599fe1e16e7dc20af6,True,2000,644,240,404,37.3,0.22,-8238.98,17,1781597168515,1788811341396,83.5,-3285.66,0.399,287.017897,2,172.23,60.0,False,True,False
0xc04762a2cea364f74dd460cbd1c933002cc9f571,True,2000,1021,764,257,74.8,0.8,-4139.88,39,1767720928150,1788796666914,243.9,-3372.41,0.815,2837.176275,2,-1927.83,-67.9,True,True,False
0xc05e9f8ffc23c74ab2e0cfadd5996f3f2cb406fc,True,2000,974,500,474,51.3,0.95,-409.99,13,1780012058256,1788737684280,101.0,969.17,2.364,2442.523741,2,-157.7,-6.5,True,False,False
0xc07a75f449e67b06643476c6c56085de92a14426,True,1620,713,405,308,56.8,1.53,31039.64,10,1740607445355,1784144308962,503.9,5523.16,0.178,0.0,0,0.0,,False,False,False
0xc08fa23baa3a5282b27c8b1358b7e941f77fb20e,True,2000,1025,539,486,52.6,2.4,16690.03,4,1788106528700,1788815609203,8.2,1393.75,0.084,51238.054631,3,-3895.21,-7.6,True,True,False
0xc0a3c54d9157476c1b10f0c6064fc0b35063e910,True,2000,902,444,458,49.2,0.81,-1718.74,45,1774508701116,1787625684394,151.8,-1091.94,0.635,0.0,0,0.0,,False,True,False
0xc0b6389713bf59be9e77be9a4e4311fed48c8d38,True,1952,957,407,550,42.5,1.34,18994.96,1,1775052656771,1787157652737,140.1,14120.28,0.743,0.0,0,0.0,,False,True,False
0xc0c251b1b62db704a2771600c40ffe0bfb2cd4cd,True,85,36,11,25,30.6,0.41,-12201.29,4,1750959246070,1777248000023,304.3,-11495.0,0.942,0.0,0,0.0,,False,True,True
0xc0e29d686084dcf72331f37f326cf7a8c99b3c87,True,2000,560,507,53,90.5,3.42,53658.52,14,1783698613968,1784907293940,14.0,-12136.59,0.226,0.0,0,0.0,,False,True,False
0xc0f7030a2e34ea469c5dcdabdd3ada11393b5c2f,True,1673,805,570,235,70.8,1.06,798.65,17,1781243426922,1788594240662,85.1,-1038.48,1.3,6038.878422,1,-476.83,-7.9,True,True,False
0xc10f0689af995014594433dda0a2c4d84b2b23b3,True,2000,913,443,470,48.5,0.33,-32012.34,17,1786566802426,1788809522700,26.0,-6715.4,0.21,47261.576776,2,-1420.85,-3.0,False,True,False
0xc128c41beea186ae7c0db4ee19c92173c303f7ca,True,2000,707,378,329,53.5,2.0,32224.13,21,1750163210584,1788039876885,438.4,5665.78,0.176,0.0,0,0.0,,False,True,False
0xc137942872586e5847d66025c9ae04b89053cb58,True,653,343,207,136,60.3,0.81,-3610.93,14,1723054616932,1778284545324,639.2,-3013.5,0.835,0.0,0,0.0,,False,True,False
0xc15f82c642b7b9f47d8e8fb7ca73273d4d4330bc,True,2000,1070,745,325,69.6,1.26,3806.61,9,1786607794939,1788773290506,25.1,-1580.56,0.415,0.0,0,0.0,,False,True,False
0xc175e89e9327019c8af448d00ec71a289da83d6b,True,2000,986,332,654,33.7,1.86,24684.82,18,1785918979990,1788451326148,29.3,5801.56,0.235,9371.278776,3,6944.69,74.1,False,False,False
0xc185e5c09d3d09b04ce0b71836f77fc85d22a07a,True,2000,1253,149,1104,11.9,0.12,-9021.69,20,1783948875733,1788807452106,56.2,1022.8,0.113,0.232521,3,0.1,43.6,False,False,False
0xc196dac477e1104806b46897ce46cffe9c196951,True,2000,915,534,381,58.4,1.77,6965.96,10,1788025631000,1788799119897,9.0,2009.39,0.288,0.0,0,0.0,,False,False,False
0xc1cba2215dcd446c91a4a7eafbcf149bd31b202d,True,2000,1063,626,437,58.9,0.86,-397.92,26,1765622923374,1788429412606,264.0,-319.08,0.802,0.0,0,0.0,,False,True,False
0xc1fca98d2d42124c33007325cbaaf08959a89f80,True,287,125,77,48,61.6,0.87,-532.78,7,1784368127023,1788642314808,49.5,1200.5,2.253,0.0,0,0.0,,False,True,False
0xc20fbdc56913c3cdfd2439426d51ff8f3459df1e,True,1168,599,387,212,64.6,0.76,-947.86,35,1753151483947,1788793569282,412.5,-414.73,0.438,0.0,0,0.0,,False,True,False
0xc237d68e447585817e2eb559c6de09c191ae14c4,True,2000,1356,1111,245,81.9,3.41,11660.94,19,1785529737479,1788566400005,35.1,461.46,0.04,953.408719,5,132.16,13.9,False,False,False
0xc24b8df8c2d9019535e9ebcc6fa96c00a5a955d7,True,917,454,264,190,58.1,0.73,-7269.28,5,1773290148961,1782981257879,112.2,-3123.07,0.43,7745.823142,0,0.0,0.0,False,True,False
0xc26ccd74b418c975c3ecbc8e3564c071ff84d0b9,True,329,158,97,61,61.4,1.5,2175.18,7,1767536809401,1788203220726,239.2,-659.31,0.303,0.0,0,0.0,,False,True,False
0xc28a8e024addf6acd9d7e2b276a1e57e2172f0e8,True,718,473,446,27,94.3,2.48,2434.71,2,1772896917491,1773110332669,2.5,-425.73,0.175,0.0,0,0.0,,False,False,False
0xc29d294b9c254d20ba7e20923f31a8fe91d4faeb,True,2000,1004,359,645,35.8,0.79,-61683.17,12,1753721169892,1787932985376,396.0,-17077.68,0.277,61706.520868,3,83421.25,135.2,False,False,False
0xc2bf87f1b542553d776a64de39041c81f907eedd,True,1708,996,587,409,58.9,0.99,-1394.58,1,1772634656141,1781713670221,105.1,21679.9,15.546,0.0,0,0.0,,False,True,False
0xc2d25de009756d3e2ff8a69fd68a02dd7679a8a2,True,2000,931,523,408,56.2,1.04,79.38,31,1776639749925,1788810258434,140.9,-349.59,4.404,1153.996392,0,0.0,0.0,False,True,False
0xc2e60ffe82871c9fefc1b352056160a825fe133b,True,2000,1164,468,696,40.2,0.04,-135519.41,19,1779987310331,1780272000050,3.3,-22828.78,0.168,0.0,0,0.0,,False,True,False
0xc2fb671c63c6518eff889bef2fc48362768f05ab,True,2000,881,742,139,84.2,3.47,6809.01,58,1788584354361,1788796533292,2.5,424.38,0.062,69194.632141,28,-2389.62,-3.5,False,False,False
0xc307c7d81b4267daebbc8f41933c9cde39a4d8e4,True,1188,725,0,725,0.0,0.0,-202758.06,1,1783717589259,1783787018908,0.8,-8555.1,0.042,0.0,0,0.0,,False,True,False
0xc315231efc43290770d310230faef444014b1d8d,True,2000,840,473,367,56.3,2.47,40147.4,21,1745425613114,1782446579417,428.5,-5076.07,0.126,0.0,0,0.0,,False,False,False
0xc32f2f6217d105d17904f8f495aa122baef4a333,True,1289,618,349,269,56.5,1.92,9084.13,23,1751365728414,1788789203836,433.1,3885.16,0.428,3029.720337,1,3934.95,129.9,False,True,False
0xc3513bfa723334799efeaf9aebd82556f0630a84,True,2000,1166,517,649,44.3,1.23,18895.67,7,1762292713870,1778544000040,188.1,-14501.52,0.767,0.0,0,0.0,,False,False,False
0xc36af149b64a41aab6c26ea6b71c37082d9e105b,True,1894,21,0,21,0.0,0.0,-190.28,3,1784054710635,1788530221090,51.8,-97.2,0.511,2702918.698244,4,1785125.98,66.0,False,False,False
0xc387339879190ec6bb5dd0ceae32f9e1d2ed386d,True,2000,1015,410,605,40.4,0.38,-93533.8,7,1779110007882,1788073363306,103.7,-16988.04,0.182,0.0,0,0.0,,False,True,False
0xc39b02dc117dc5de9dec328a12a7f3b03fc354e8,True,859,417,224,193,53.7,2.34,11075.92,7,1781875814814,1787199669919,61.6,3403.46,0.307,0.0,0,0.0,,False,False,False
0xc3b1951ceffdcaf25640cb37ce1d6cf125579a03,True,2000,1043,327,716,31.4,0.36,-16404.08,8,1788711707062,1788795461832,1.0,-1588.63,0.097,0.0,0,0.0,,False,False,False
0xc3cb5641b8571d56a143d3e00f69dc1066e3df64,True,2000,0,0,0,,,0.0,1,1788637725562,1788815606108,2.1,0.0,,0.0,0,0.0,,False,False,False
0xc3ec9f6ad2bae9e2a320cdcd2355ce3acd576e1c,True,2000,918,542,376,59.0,0.77,-5643.16,14,1787751524525,1788448611267,8.1,-2505.84,0.444,0.0,0,0.0,,False,False,False
0xc4005d03f605a5d0d2fc9afa4cf057d7c3ca9922,True,2000,640,562,78,87.8,608.05,69197.25,7,1765157597482,1788614704087,271.5,11483.99,0.166,30111.52231,3,-17233.94,-57.2,True,False,False
0xc413bce53068ce8b84d64ff57d36858d5d85ff29,True,2000,371,218,153,58.8,0.88,-535.91,7,1782779547765,1788739389439,69.0,-1003.5,1.873,0.0,0,0.0,,False,True,False
0xc43bf0430bd4c07973acc8a7724ceda155343c9b,True,1001,478,247,231,51.7,0.24,-32595.33,49,1734877950434,1781481600049,539.4,-28825.49,0.884,0.0,0,0.0,,False,False,False
0xc45fbcf2cb0abb15a8c2aa1b19e0f3f2ebd82772,True,463,159,129,30,81.1,62.45,129077.0,11,1757427075018,1788444995139,359.0,33033.61,0.256,81413.522298,1,-507.0,-0.6,False,True,True
0xc47581025e1a1e88273c293521751306d30831f1,True,2000,878,740,138,84.3,3.25,25949.89,30,1784814199279,1788815847156,46.3,4641.41,0.179,13118.583594,8,-2433.98,-18.6,True,True,False
0xc48b1ad3415e6cf85c4f733fe7fb3085bedf88b1,True,2000,1270,463,807,36.5,0.07,-163543.98,4,1786318381010,1787014749706,8.1,-8622.99,0.053,0.0,0,0.0,,False,False,False
0xc4a3ebc2ce0f90bfade34d46053aa0bad09dfa03,True,2000,1075,317,758,29.5,0.74,-3515.05,17,1779559781063,1788813211417,107.1,-563.15,0.16,55.570738,1,-2.91,-5.2,True,True,False
0xc4b2879001501f32bc319546a2da38ea7f5b9736,True,2000,1018,512,506,50.3,1.51,8576.06,3,1782237492996,1787159961335,57.0,-1414.82,0.165,29979.198504,0,0.0,0.0,False,False,False
0xc4d105f344d350460a06bdd4df27d6bb2ab022d5,True,624,277,90,187,32.5,0.65,-1777.14,14,1781968679552,1783482976629,17.5,-1118.58,0.629,0.0,0,0.0,,False,True,False
0xc4f5ca03a0a360cf2fb4a06549edbdcf85014e3b,True,337,226,74,152,32.7,0.32,-63525.26,4,1761754840552,1786590416886,287.4,-16064.39,0.253,0.0,0,0.0,,False,False,False
0xc5110fd14d2bc011ba72cda92ca226e50735209e,True,337,122,57,65,46.7,1.1,844.1,2,1787412455455,1788795719063,16.0,4788.58,5.673,479.435433,1,21.81,4.5,False,True,False
0xc5297dc88d6b2690556cbc8ce19eef87e31b30ee,True,2000,1037,388,649,37.4,0.17,-17685.09,7,1776695428774,1777390033388,8.0,-2682.14,0.152,0.0,0,0.0,,False,False,False
0xc53b9762ee9e607fae2d39339ecdc1e36c8424fa,True,477,191,142,49,74.3,3.84,5206.71,14,1776682796924,1788446545552,136.2,626.83,0.12,825.129483,1,-4246.23,-514.6,True,False,False
0xc54f48c10600588948047f5cf2b5cf28d41b0f57,True,2000,980,632,348,64.5,3.0,36087.53,27,1779642871870,1780860512132,14.1,6506.28,0.18,0.0,0,0.0,,False,True,False
0xc55fc6f9a085492e419e03fa5319ac41ecdee157,True,1201,495,126,369,25.5,1.1,1642.14,4,1775137870443,1775998827303,10.0,2849.01,1.735,0.0,0,0.0,,False,False,False
0xc56c9f147301c5435a15e1c370d2b23e509f0fdf,True,2000,1054,535,519,50.8,1.15,1674.84,7,1788672890884,1788803038857,1.5,1393.01,0.832,10535.097177,0,0.0,0.0,False,False,False
0xc5764014346f6b49e0a045007942817270730236,True,2000,941,316,625,33.6,1.04,665.64,3,1783120731544,1786920052466,44.0,1560.62,2.345,0.0,0,0.0,,False,True,False
0xc5810bd85359f0acd007eb8de01d015bab7103df,True,2000,955,573,382,60.0,1.45,8121.43,10,1788498997871,1788766615382,3.1,-1439.71,0.177,34835.602413,1,994.23,2.9,False,False,False
0xc59498175d6d317642aeb97f895a7ce1aa992191,True,2000,2000,2000,0,100.0,inf,599740.3,1,1783888387450,1785109916120,14.1,11011.04,0.018,0.0,0,0.0,,False,False,False
0xc5b4ab6bfdc73d502fffecb597d394caea51a1ee,True,2000,1209,192,1017,15.9,0.01,-56706.08,4,1788177354175,1788619692669,5.1,-1897.11,0.033,0.0,0,0.0,,False,False,False
0xc5cb7e5a2292d7661683250c911ac6470c4ea7d1,True,2000,744,326,418,43.8,1.37,17748.49,5,1780912538331,1788269608020,85.2,-4160.03,0.234,0.0,0,0.0,,False,False,False
0xc5dda73967b2e2a3527a7abf03e10fab2ee1cf3d,True,1675,958,561,397,58.6,0.96,-4932.53,7,1768304787591,1772841600061,52.5,-43080.9,8.734,0.0,0,0.0,,False,True,False
0xc5ed4501500fcbfb2b88fb7f0aa52f834ed44346,True,2000,1026,573,453,55.8,1.94,172.7,14,1788782790434,1788817005848,0.4,-23.79,0.138,3281.409862,0,0.0,0.0,False,False,False
0xc6065c9c4a473d236da136257b1d855c05ad73dc,True,909,424,194,230,45.8,1.57,5167.47,5,1779931020376,1787468748810,87.2,3699.04,0.716,0.0,0,0.0,,False,True,False
0xc625f61cf05691be8e93082e570ff2a2fda7aa40,True,2000,1139,473,666,41.5,1.23,1160.52,34,1782915920043,1788748790978,67.5,343.39,0.296,0.0,0,0.0,,False,False,False
0xc63d9b695d6be83c760ee9876f9e7345d28f4ce3,True,1281,581,315,266,54.2,1.22,3652.74,59,1733854373022,1787849597655,624.9,2779.42,0.761,460.596007,3,-19.5,-4.2,False,True,False
0xc653c245583e231118cf28183cda30d1ff4db8fe,True,385,205,188,17,91.7,0.97,-107.81,3,1784051807910,1788446992960,50.9,-837.5,7.768,0.001724,0,0.0,0.0,False,True,False
0xc66ed86efe6d49460f3bfb0ab596a2dc6f08d5e2,True,551,180,111,69,61.7,0.55,-10245.93,1,1764827827054,1780321491183,179.3,-3366.97,0.329,0.0,0,0.0,,False,False,False
0xc67663415662a592bf8144ada2c2310a68c77d1a,True,2000,901,564,337,62.6,0.99,-405.53,13,1783913208993,1788727520180,55.7,-2211.0,5.452,0.0,0,0.0,,False,True,False
0xc697c88cddd15deb250c42c0d0910c3d6e00897b,True,1384,795,716,79,90.1,6.29,99079.26,4,1773085706793,1778482475234,62.5,-14924.91,0.151,0.0,0,0.0,,False,True,False
0xc6a93d211747b2c185f5b373358310b0f1efab27,True,2000,960,321,639,33.4,0.53,-3239.08,19,1785908341285,1787462068084,18.0,-368.76,0.114,0.893296,0,0.0,0.0,False,True,False
0xc6c9075752ba4b7e4cb8c390879216d2b1a4769b,True,438,160,91,69,56.9,0.81,-1034.88,11,1766838539350,1788442602639,250.0,-1820.28,1.759,8669.375925,1,825.64,9.5,False,True,False
0xc6d7fdfbcb55d6cad6570c5838de394d2aa24015,True,2000,912,374,538,41.0,0.12,-51756.71,2,1779197720882,1785430778343,72.1,-3717.35,0.072,141006.734223,1,-60893.54,-43.2,True,True,False
0xc6f4eb307ab167a63a9a1cbae81f7a23d31fcd64,True,55,39,26,13,66.7,0.77,-414.82,6,1772567526357,1784836852182,142.0,-643.97,1.552,0.0,0,0.0,,False,True,False
0xc70478525117be097b7c77a2fab7459d2dfb5628,True,2000,945,570,375,60.3,1.75,15951.05,17,1778244848050,1783023148469,55.3,2581.7,0.162,0.0,0,0.0,,False,True,False
0xc714d0b417477e0bd6dabbf026028c023ab5f951,True,1662,822,316,506,38.4,0.11,-76471.16,14,1774361559453,1788027105207,158.2,-7451.41,0.097,0.0,0,0.0,,False,True,False
0xc7290b4b308431a985fa9e3e8a335c2f7650517c,True,2000,1077,1065,12,98.9,35565.01,6387060.71,6,1765839312907,1782744553655,195.7,75283.79,0.012,281749.613387,1,-1455881.3,-516.7,True,False,False
0xc744b30e20aacbfa790a0456c62e633e1f5a9074,True,487,256,99,157,38.7,0.42,-10221.92,9,1772979896637,1781804596063,102.1,-2438.85,0.239,0.0,0,0.0,,False,True,False
0xc7577a17b71c741af14173e26e465eb978c6c2d5,True,2000,1340,683,657,51.0,0.63,-32517.48,4,1784293590012,1785943467349,19.1,-3249.7,0.1,0.0,0,0.0,,False,False,False
0xc7779d43cba419b7e305039c0368e5c711200980,True,2000,1129,491,638,43.5,1.68,22832.57,33,1748879993242,1788335528774,456.7,-7080.6,0.31,1302.760751,5,-132.89,-10.2,True,True,False
0xc780e827ac11eef9767cb5370080ce70cd77c521,True,2000,1004,503,501,50.1,1.96,26227.84,2,1783435529164,1787822546461,50.8,2534.36,0.097,0.0,0,0.0,,False,False,False
0xc79bcc10d7b040547cfc9b30b1fbf163199a3aeb,True,2000,1843,38,1805,2.1,0.0,-1152110.27,26,1787236184613,1788669738914,16.6,-60350.07,0.052,26321.133882,0,0.0,0.0,False,True,False
0xc7ac3a905ccd2e94e9181de2884a4edce823d330,True,1389,550,304,246,55.3,1.08,2751.13,11,1760412162606,1783987200011,272.9,4081.76,1.484,0.0,0,0.0,,False,True,False
0xc7bf411dba011ddfb49f45b6a97de7f15ef94401,True,1477,628,264,364,42.0,0.82,-512.73,25,1773444050747,1782915704847,109.6,-204.01,0.398,1e-06,0,0.0,0.0,False,True,False
0xc7d2d257b6ed3a2a36be50e12199d71cef11628b,True,1992,889,416,473,46.8,1.46,4976.36,9,1776787851328,1788449899654,135.0,-1041.58,0.209,0.0,0,0.0,,False,True,False
0xc7e8ad076dc16f27f491677dc2ded2f6fb163111,True,2000,816,378,438,46.3,1.08,34110.77,4,1775834679082,1788506884043,146.7,46642.37,1.367,0.0,0,0.0,,False,True,False
0xc7f5e760b3b08fde60546ffebe85913e76ef7e23,True,2000,966,774,192,80.1,5.78,3320.85,27,1782886182394,1788816611121,68.6,262.19,0.079,302.521755,2,-7.07,-2.3,False,False,False
0xc804fa80ae289b27259abb678f36ae3c3bc57bf6,True,2000,737,433,304,58.8,0.82,-1452.13,24,1787127030624,1788813822185,19.5,1660.5,1.143,718.042254,5,-41.96,-5.8,True,True,False
0xc819620fe48cfee437db472eb52b70946409aea2,True,2000,1003,479,524,47.8,0.79,-16976.34,17,1750726306577,1788457651767,436.7,-5076.27,0.299,11508.837437,1,10872.18,94.5,False,True,False
0xc82b8b4b8c71ecb42e21fbb8bb1bf0dfffed7423,True,1402,673,200,473,29.7,1.32,2099.78,11,1780614576643,1783003421822,27.6,1518.4,0.723,0.0,0,0.0,,False,False,False
0xc83e7c801edad94fcf412196251146505634cdf7,True,2000,912,894,18,98.0,7.58,48095.4,11,1767122024111,1788661489740,249.3,2990.37,0.062,177093.615179,3,51038.56,28.8,False,True,False
0xc84b3f4b3fa29d38e60b318e5d8a84802ef7cbeb,True,2000,1052,363,689,34.5,0.75,-102015.38,17,1782487516403,1788675264493,71.6,68140.95,0.668,49290.92367,1,-7647.63,-15.5,True,False,False
0xc8640e293667fb614596a9e404b5127e0670a3fc,True,2000,1007,717,290,71.2,2.18,152882.64,63,1713216677770,1788739200041,874.1,73211.89,0.479,0.314791,0,0.0,0.0,False,True,False
0xc87fbf9d9a492d8b0231f55cc7c818199ad8d25e,True,656,345,277,68,80.3,0.91,-877.99,2,1770918382563,1788252215551,200.6,-1016.27,1.157,0.0,0,0.0,,False,False,False
0xc88df59ae743f955a60a56abe42762857e0b77d1,True,2000,1098,342,756,31.1,0.95,-130.16,7,1779325157337,1781098330691,20.5,-183.48,1.41,0.0,0,0.0,,False,False,False
0xc8a50167658f73a02e282dbb8dab43d7b0abe3c6,True,2000,674,420,254,62.3,1.62,15250.4,18,1784831457563,1788797706816,45.9,5328.61,0.349,25456.637581,7,952.48,3.7,False,True,False
0xc8c04b92a6aa653aaf72ab65d626aa70b0700b3c,True,2000,913,312,601,34.2,1.18,4499.26,6,1771855497763,1787670770408,183.0,3934.95,0.875,0.0,0,0.0,,False,True,False
0xc8d57c2008fad61cb73342778d2780044840c8dd,True,470,236,44,192,18.6,0.9,-687.73,4,1779546719823,1785819207241,72.6,1249.86,1.817,0.0,0,0.0,,False,False,False
0xc8f335f71458aff94186d59a806d80ce6da34497,True,1456,659,343,316,52.0,0.73,-5022.72,12,1770338279788,1781543697240,129.7,3622.79,0.721,0.0,0,0.0,,False,True,False
0xc91361c405d470e4b4584ea5a8ac59c4daa2ce11,True,511,212,130,82,61.3,2.13,11007.28,1,1783373256944,1787213507593,44.4,-3241.7,0.295,0.0,0,0.0,,False,True,False
0xc926ddba8b7617dbc65712f20cf8e1b58b8598d3,True,2000,1879,1202,677,64.0,3.28,2297.38,12,1788753686591,1788811990362,0.7,106.43,0.046,144642.924103,0,0.0,0.0,False,True,False
0xc93f8d8a093086f0e2f7f93ed147dc41abacbb70,True,2000,959,498,461,51.9,0.99,-224.9,10,1785526022507,1788790346258,37.8,-1401.66,6.232,0.0,0,0.0,,False,False,False
0xc96054188ba90125f497ad200f9f9c8673e132d1,True,1048,528,351,177,66.5,0.63,-11283.34,4,1776055583878,1784736070284,100.5,-4748.34,0.421,0.0,0,0.0,,False,True,False
0xc973cafa6b4912f2b8ebfb9dad5042430cc306ac,True,2000,1263,1263,0,100.0,inf,324622.81,1,1775563924023,1775569994707,0.1,6830.54,0.021,0.0,0,0.0,,False,False,False
0xc99163f3968bf5fee1e05dd090b50623a652dcb4,True,2000,389,353,36,90.7,36.42,44290.95,2,1784144339483,1787218798270,35.6,5268.5,0.119,0.0,0,0.0,,False,False,False
0xc9a380be0dbe0f8d1707210d87d14be280432fb0,True,2000,988,267,721,27.0,0.64,-2136.88,3,1775467210443,1787575612042,140.1,339.92,0.159,0.0,0,0.0,,False,False,False
0xc9b21c274a570445c82179f5e8f6bdb1c9b0481e,True,2000,1261,922,339,73.1,5.62,16817.41,49,1787375465778,1788816164993,16.7,2368.25,0.141,56399.441984,0,0.0,0.0,False,True,False
0xc9dc9a3ce543a67b0990367dc8d9bb1d61991890,True,626,315,155,160,49.2,0.31,-27534.36,5,1769667549266,1787755627387,209.4,-14319.32,0.52,808.729161,1,636.42,78.7,False,True,False
0xc9e873b76486c90f2c619551017eb01e9d3caf0b,True,2000,948,841,107,88.7,2.24,4288.12,20,1787198921168,1788816363865,18.7,547.12,0.128,0.0,0,0.0,,False,True,False
0xca0736756a24f8c8d2b1840b3b46e4133966f5bb,True,2000,1050,189,861,18.0,0.38,-378527.02,8,1765059127511,1784123087387,220.6,29025.85,0.077,113835.13892,1,32243.54,28.3,False,False,False
0xca1f71f186eff65729c5f6265d09cc19d5614bfe,True,2000,1754,1212,542,69.1,2.42,28181.08,12,1783120417751,1788797840497,65.7,2689.92,0.095,0.0,0,0.0,,False,False,False
0xca2f86d29aa945da2843d72248d70b41bd67cc59,True,2000,1183,341,842,28.8,0.16,-171875.04,13,1758167279549,1785698532871,318.6,-37636.04,0.219,0.0,0,0.0,,False,True,False
0xca46d56d9edb8be230d45897ec06eb4b7cc42889,True,2000,969,463,506,47.8,0.63,-36283.65,29,1767107688759,1788552631908,248.2,-23121.12,0.637,0.0,0,0.0,,False,True,False
0xca71de6889651801263b7dda2f3871116734e505,True,2000,1009,891,118,88.3,1.76,710.91,4,1760219145766,1788788123765,330.7,119.07,0.167,97.312995,0,0.0,0.0,False,True,False
0xca90d43a2f3b9e9b356dd0877aced3df05296d60,True,2000,672,410,262,61.0,0.46,-10521.67,16,1773135102312,1788353830818,176.1,-1660.85,0.158,2794.527226,0,0.0,0.0,False,True,False
0xcaae9300188969e42f0c0f24176dac192a1e0b13,True,1089,311,188,123,60.5,0.81,-9471.51,1,1782785630809,1784237823680,16.8,-6731.54,0.711,0.0,0,0.0,,False,True,False
0xcab7aa9083569dec759f8ecea1560793e7baec1b,True,1249,828,337,491,40.7,2.7,10722.48,5,1788040493173,1788803656480,8.8,949.09,0.089,0.0,0,0.0,,False,False,False
0xcac9ce92cba255cf26042b23a250bdeb44023577,True,2000,1147,638,509,55.6,0.73,-1244.94,17,1748962651987,1777486125356,330.1,534.5,0.429,0.0,0,0.0,,False,True,False
0xcad9290430f7b8cd9a121e54544ba8b0cd68d9d1,True,653,309,188,121,60.8,0.41,-6822.8,10,1747201170355,1785506515579,443.3,-5085.0,0.745,0.0,0,0.0,,False,True,False
0xcaf495524ebe7c660e73349060d4c3d12deaa83b,True,2000,1008,470,538,46.6,1.19,5678.1,15,1783920937698,1788767438235,56.1,2585.53,0.455,7026.682829,2,-958.1,-13.6,True,True,False
0xcb03549dcb5706c06e6fcf4194a169b1c341d1b8,True,693,251,130,121,51.8,2.71,4838.14,26,1749648463418,1788796658342,453.1,3729.12,0.771,994.349803,1,-4.84,-0.5,False,True,False
0xcb20a2bfec39b20b307aed8db4edac84124e9302,True,1782,909,643,266,70.7,0.53,-34004.51,18,1752671464724,1787843647147,407.1,-7999.01,0.235,29727.979934,1,-10999.36,-37.0,True,True,False
0xcb28f90dcab551f9fc17afdd85a09495a87f078e,True,2000,1019,446,573,43.8,1.39,6905.1,6,1787375490296,1788716016726,15.5,614.86,0.089,0.0,0,0.0,,False,False,False
0xcb34e4bd8c63064d94f5d752ceaf9355aa070b1c,True,1277,418,229,189,54.8,3.22,80641.7,9,1751529813096,1788815055401,431.5,12201.25,0.151,128335.523007,3,20397.09,15.9,False,False,False
0xcb55daa51a66c18eccb05f8ea45b7116b14edc3a,True,1332,631,249,382,39.5,0.53,-3229.93,10,1780347173147,1782216139364,21.6,-523.78,0.162,0.0,0,0.0,,False,False,False
0xcb60b67e7451538fd0f91831fc41df7146b38fa1,True,367,135,74,61,54.8,0.53,-27105.16,8,1780366160011,1788527100222,94.5,-10364.37,0.382,14772.417491,1,236.25,1.6,False,True,False
0xcb768f2e36569cd7c964310fc7767625988e52b2,True,2000,989,349,640,35.3,0.2,-154117.48,7,1782193084628,1783601319338,16.3,-45173.89,0.293,0.0,0,0.0,,False,False,False
0xcb885e9de37bf5fba180917d020b545298b8ca51,True,2000,1227,539,688,43.9,0.57,-41578.62,6,1787061794964,1788669730678,18.6,-4724.42,0.114,96321.500019,1,-13654.21,-14.2,True,True,False
0xcb97a18ad98cc228b4b05853f9a194e354fa7087,True,2000,1607,1203,404,74.9,0.42,-265455.87,5,1773550745422,1773747396244,2.3,-32368.32,0.122,0.0,0,0.0,,False,True,False
0xcbb4833c7dd35d991c1bcf410c635bdf61ccb409,True,2000,1003,763,240,76.1,1.46,997.0,8,1788441378099,1788804044170,4.2,-325.73,0.327,0.0,0,0.0,,False,False,False
0xcbc5eeecf964c0ef8cf47dec384bd49e8aecbf8e,True,2000,939,754,185,80.3,1.0,29.94,10,1773559640041,1785421507647,137.3,-1519.09,50.731,0.0,0,0.0,,False,True,False
0xcbe203901e2f3ca910558efba39a48af89e3c558,True,750,377,166,211,44.0,0.83,-7271.35,4,1725580800018,1777776530320,604.1,5088.14,0.7,0.0,0,0.0,,False,False,False
0xcbef4ea01769d64f59c5aa8971cfd04d22a861b9,True,2000,896,411,485,45.9,0.76,-9306.05,41,1772915468315,1788676694891,182.4,-2477.57,0.266,1097.261664,0,0.0,0.0,False,True,False
0xcc0392c3c94af958f6465db93713660196d19d4e,True,1354,666,272,394,40.8,0.99,-190.3,16,1780654409851,1786111563810,63.2,-2230.7,11.722,0.0,0,0.0,,False,False,False
0xcc1c88520bd6a8f9fbef6094f790ca0103dc225a,True,405,120,93,27,77.5,19.45,8946.65,4,1770312094900,1788739200041,213.3,2874.37,0.321,0.0,0,0.0,,False,False,False
0xcc29689838b7ebc63b16a21b3b0e1c45d27d19ff,True,2000,1209,567,642,46.9,1.18,4486.89,23,1756740918622,1784123517326,316.9,1581.1,0.352,0.0,0,0.0,,False,True,False
0xcc4108d9e8c72b25e6b9809b7b48036854a8f71f,True,923,392,160,232,40.8,1.59,12376.48,9,1766172116386,1788705759356,260.8,9397.17,0.759,21378.224429,3,-6011.2,-28.1,True,True,False
0xcc660e4a6b1b1766911bf5e75e10b6aa66683b48,True,2000,1015,606,409,59.7,1.31,4136.3,21,1761124567165,1787332627227,303.3,2999.06,0.725,0.0,0,0.0,,False,True,False
0xcc7e2574edf131ea9bfcb3ac50e01d66c71c170c,True,2000,823,281,542,34.1,1.69,5017.81,28,1770485320038,1788700682733,210.8,649.36,0.129,439.548859,1,125.82,28.6,False,False,False
0xcc982ae47f0d3ca2d26728bc0aea49e60e42e9db,True,2000,893,340,553,38.1,0.43,-34062.13,20,1783690755086,1788280248030,53.1,-7050.65,0.207,0.0,0,0.0,,False,False,False
0xccb8aae891ef4d158b0fc897e21d067904afb35c,True,1717,846,493,353,58.3,1.14,5886.28,7,1774770022044,1788286498829,156.4,-2489.02,0.423,0.0,0,0.0,,False,True,False
0xcce46bd0b754a9bf7ae66d1a4ad407783c9bf000,True,2000,798,257,541,32.2,0.37,-4109.63,6,1786363588994,1788291380868,22.3,339.31,0.083,0.0,0,0.0,,False,True,False
0xccf994b3b8567a83915f3f68916ed1e41feca727,True,2000,1017,516,501,50.7,0.94,-5.62,1,1771895608628,1787810111372,184.2,2.17,0.386,252.041023,0,0.0,0.0,False,False,False
0xcd10546b3a8e3964691b2259e7cf05426eeb222c,True,1809,771,442,329,57.3,0.56,-14480.12,4,1772443299018,1780457709408,92.8,-9002.37,0.622,0.0,0,0.0,,False,True,False
0xcd275c1117fd5f3b57eeac7a95eae7a336df1e0c,True,1428,495,193,302,39.0,0.83,-1205.0,26,1772334622029,1787616000004,176.9,1058.31,0.878,0.0,0,0.0,,False,True,False
0xcd3bc5346e44df01fafbb0ae5a8e331896cb8d30,True,2000,984,678,306,68.9,1.68,63704.44,8,1779920132746,1788717260096,101.8,14941.33,0.235,27540.811822,2,1640.16,6.0,False,True,False
0xcd4ddf2aed875248d6d586b57146858a71eafc02,True,2000,999,312,687,31.2,0.36,-73414.04,76,1750409258294,1788759784420,443.9,-6692.68,0.091,1145.529943,7,491.53,42.9,False,True,False
0xcd6364c895c3890361be4eb45670006d17a445b7,True,2000,981,454,527,46.3,0.18,-45385.6,11,1772006329185,1783016045904,127.4,-9536.27,0.21,0.0,0,0.0,,False,True,False
0xcd8122c4d27d4d6338f332e3494a56e6243520e5,True,1930,975,447,528,45.8,0.75,-15192.01,62,1762863246199,1777965064028,174.8,2177.05,0.143,7883.218832,0,0.0,0.0,False,True,True
0xcd8c40b2db53a60cf7f991eafff91ada2e287bd5,True,2000,838,668,170,79.7,0.91,-789.68,63,1783171254066,1788804545845,65.2,-1178.21,1.492,909.522169,1,-21.83,-2.4,False,True,False
0xcd93a71d5802e611cb0271179d77c0d9d38537c6,True,2000,1141,628,513,55.0,1.88,14773.66,42,1747300913719,1788751079347,479.7,1905.72,0.129,0.0,0,0.0,,False,True,False
0xcd9f289dfa72102576a6fb9ad8f89e4de17362f6,True,2000,950,348,602,36.6,0.55,-9953.45,14,1788017584299,1788739200041,8.4,-1457.4,0.146,0.0,0,0.0,,False,True,False
0xcdaf11ea91580fc8e301dc935f5c5561d8d8dd2b,True,367,186,49,137,26.3,0.31,-22062.48,2,1761965187504,1788796148556,310.5,-2628.89,0.119,104.715546,1,-23.38,-22.3,True,False,False
0xcdc3e61660c921a7de73612d93023f48d866b24d,True,442,219,177,42,80.8,0.84,-488.87,19,1785008144459,1785612659758,7.0,-497.61,1.018,0.003034,0,0.0,0.0,False,True,False
0xcdf0c733561c848fa99c6a3d25f6f07724e22bd1,True,2000,1062,412,650,38.8,0.93,-3729.0,8,1774531991633,1783010426547,98.1,-4243.2,1.138,0.0,0,0.0,,False,False,False
0xce0348d06223161b6feb64a46251a5b6cb7e5ee2,True,2000,1057,421,636,39.8,1.12,2953.78,7,1776439640572,1776565294515,1.5,-2068.7,0.7,0.0,0,0.0,,False,True,False
0xce283d8fce098b7152ff372b0c1502238c63d623,True,658,301,95,206,31.6,0.6,-1630.9,8,1775648865457,1780324014314,54.1,1165.02,0.714,0.0,0,0.0,,False,True,False
0xce486e36e28aebcc88374f8cbd6766ee4029fec5,True,2000,920,287,633,31.2,0.99,-110.11,14,1780164356509,1781276977561,12.9,1682.04,15.276,0.0,0,0.0,,False,False,False
0xce629009309c3ca05df55b9d54005aeaa0a4c18a,True,2000,879,157,722,17.9,0.21,-7307.78,5,1780687511356,1781206768895,6.0,-480.6,0.066,0.0,0,0.0,,False,False,False
0xce75a235d1a055e4b3eb88545f7215c6f963055a,True,2000,1268,771,497,60.8,1.35,1689.24,3,1788445684688,1788817740464,4.3,379.85,0.225,66896.086095,2,-3.3,-0.0,False,True,False
0xce88581e143a3cc7dc914e8e18a8ddbb3f83d7b8,True,478,227,94,133,41.4,2.11,3235.64,45,1704593454908,1788625999794,972.6,707.87,0.219,2649.55018,2,-172.31,-6.5,True,True,True
0xcea4a2f95dae6677ef9774af662c14cc140c9f21,True,1151,566,199,367,35.2,0.5,-73039.92,1,1787619284846,1787926001729,3.5,20838.77,0.285,0.0,0,0.0,,False,False,False
0xced5b831b41fca4c7ce11242c3e6940f7a4160c5,True,2000,1064,313,751,29.4,0.4,-53872.49,4,1777684360125,1779856349091,25.1,-6410.64,0.119,0.0,0,0.0,,False,False,False
0xceff638f23ad76cb12da567d58833af42122c897,True,96,44,1,43,2.3,0.14,-4366.62,4,1784815721594,1788211012608,39.3,-990.0,0.227,9329.488506,3,4926.7,52.8,False,False,False
0xcf0afa96743819d52515bff99635a7978f2a856f,True,1929,903,320,583,35.4,0.88,-9662.28,9,1761513411288,1788191580821,308.8,6726.49,0.696,0.0,0,0.0,,False,True,False
0xcf2c8fa6761160634f0a1c6845d0e8894e053f5f,True,862,382,328,54,85.9,7.34,3909.22,12,1737955385444,1788804625366,588.5,436.6,0.112,42091.627005,1,-277.6,-0.7,False,True,False
0xcf3f419d08a5bdc2c6e5fbd9ad70904c5420f95f,True,2000,1049,369,680,35.2,0.96,-2239.66,1,1788735116171,1788817204933,1.0,2094.56,0.935,6798279.264683,1,4058.1,0.1,False,True,False
0xcf57ec8b12a8a1ef149d4d95b7ec4743ba054483,True,1143,453,215,238,47.5,1.2,5010.79,46,1732867175192,1788505706220,644.0,-6624.04,1.322,9097.276178,4,-1112.42,-12.2,True,True,False
0xcf7cbfc8208940e7d29ca5363b901d8a0defe055,True,2000,1069,380,689,35.5,0.66,-2734.29,31,1781553555726,1787961600069,74.2,-720.88,0.264,0.0,0,0.0,,False,True,False
0xcf9381f613f160a9a17e936b8de511344fed393a,True,2000,977,598,379,61.2,1.88,10736.7,9,1787224505034,1788781963457,18.0,-1312.32,0.122,10374.593662,1,413.14,4.0,False,False,False
0xcfb0a21a7b0ad39904d89713f7e8c70db895a3d8,True,1564,640,499,141,78.0,1.59,19227.3,8,1785478834261,1787780364830,26.6,-6905.11,0.359,0.0,0,0.0,,False,True,False
0xcfbbd8ac14fe4c0b9098bc2a9515b004b7429c6d,True,2000,659,351,308,53.3,2.23,82492.79,13,1780675154728,1788795723222,94.0,99260.2,1.203,223822.767667,4,-116880.68,-52.2,True,True,False
0xcfd426da019f6213ccb513e900f4e69558fe9584,True,292,88,53,35,60.2,2.2,7824.54,6,1780402079222,1781206449723,9.3,2628.48,0.336,0.0,0,0.0,,False,False,False
0xcff62c5d8c771168b95df6865e076554ccc496ae,True,190,77,40,37,51.9,1.74,1138.61,6,1771591983958,1777625691514,69.8,681.33,0.598,0.0,0,0.0,,False,False,False
0xd01a1a14ecfadbdc21997541de480a38a237d48b,True,2000,998,495,503,49.6,1.24,8494.94,31,1779379947214,1788296386867,103.2,2563.58,0.302,0.0,0,0.0,,False,False,False
0xd01e89789346826dd2a87b7dd8d730f56a907d1d,True,2000,892,589,303,66.0,0.87,-3032.9,14,1785193529050,1788398709527,37.1,6658.93,2.196,0.0,0,0.0,,False,True,True
0xd03d307fbd0de7ee018ab7747f0be171c746135c,True,411,176,78,98,44.3,0.9,-2187.8,3,1787128984148,1787496164821,4.2,5793.36,2.648,0.0,0,0.0,,False,False,False
0xd05808946809c180d190608e13f473db30aa8524,True,2000,1434,1420,14,99.0,40.44,1148805.1,6,1780545992618,1783096198767,29.5,37422.96,0.033,0.0,0,0.0,,False,True,False
0xd069391d85d6f47c1f916677a69159812d18350d,True,2000,754,339,415,45.0,0.62,-16223.72,18,1755189313126,1788407056808,384.5,-4258.5,0.262,13538.068414,1,-534.35,-3.9,False,True,False
0xd0868e73a4cf27319c6d36778f17594dbf88aeab,True,2000,1049,354,695,33.7,1.05,9162.23,11,1769732938096,1788633448339,218.8,-16905.93,1.845,154641.453015,2,130127.59,84.1,False,False,False
0xd0956a1eba0a9060baf5f73ee26b9601dc47ec43,True,2000,1100,610,490,55.5,1.19,21.4,114,1788814261666,1788817907055,0.0,7.39,0.345,72832.298882,91,-595.36,-0.8,False,True,False
0xd0a8a6dd88bd9405128f178347ecd60faa631164,True,1422,674,421,253,62.5,0.74,-17109.61,10,1771839075515,1788357444650,191.2,6400.23,0.374,0.0,0,0.0,,False,True,False
0xd0bc2d8b1dd8ea9d44f0a565f23cb989ac8c464a,True,2000,1009,476,533,47.2,1.54,4997.0,51,1787215951467,1788775842348,18.1,612.8,0.123,177226.24469,50,13210.92,7.5,False,False,False
0xd0d08887e8a5b16049534a7f3fc1de92848f5bea,True,2000,911,303,608,33.3,0.68,-20986.26,39,1769713035704,1788739200041,220.2,1971.33,0.094,59095.062701,28,21831.75,36.9,False,False,False
0xd0ed386aa72449cfbdfc256695dd0f9d68542cf5,True,2000,641,427,214,66.6,0.66,-1669.37,4,1784592312464,1788801514546,48.7,-326.37,0.196,369.778519,1,-17.79,-4.8,False,True,False
0xd107f15e0a59c02ebd4ea37c16a32b942c3e94cb,True,2000,739,555,184,75.1,3.9,39996.9,27,1786949249803,1788802820771,21.5,2878.57,0.072,57252.221681,12,18061.95,31.5,False,True,False
0xd1112b5f3eb9cbc1d86e334b46c4933872bc82de,True,2000,969,662,307,68.3,2.7,28141.53,21,1776252068595,1779505477226,37.7,-1782.91,0.063,0.0,0,0.0,,False,False,False
0xd12294f193bbc31538af8f5bd58b223df0263d2e,True,669,339,124,215,36.6,0.79,-3473.16,9,1772625796423,1788220800019,180.5,3088.78,0.889,0.0,0,0.0,,False,False,False
0xd12fc1277fdde927943d57a702cdf4e1438f8256,True,307,157,134,23,85.4,0.08,-233264.97,2,1761167512591,1788628317876,317.8,-176545.41,0.757,31874.152348,0,0.0,0.0,False,True,False
0xd14d535a383b065cf2228963a984d0e2477bee1f,True,2000,1089,687,402,63.1,4.36,147175.96,16,1752562149733,1782712515391,349.0,-20700.97,0.141,0.0,0,0.0,,False,False,False
0xd1602fcd531b29b2177ba3e6757b7322bb11133a,True,2000,988,86,902,8.7,0.09,-974079.74,2,1783777911999,1788566400005,55.4,-26279.08,0.027,0.0,0,0.0,,False,False,False
0xd189954d29e245d6bc29331d302de0e6585df70c,True,1164,562,357,205,63.5,0.75,-5068.76,56,1734121432393,1787262392847,615.1,-2718.61,0.536,0.0,0,0.0,,False,True,False
0xd1adb6503b54cedf2ccef04e29b85855fb9d4e4f,True,290,131,77,54,58.8,6.74,28818.33,4,1778619219521,1787386127795,101.5,7305.65,0.254,213251.113356,2,21605.54,10.1,False,False,False
0xd1c2e3ebfb6912680be3a164b0dc4112b7eb3bf5,True,2000,1156,191,965,16.5,0.0,-372587.28,6,1761831484378,1775967358446,163.6,-7751.23,0.021,0.0,0,0.0,,False,True,False
0xd1dffcaff02312c1e002db9a17da6568d5f6c3c3,True,2000,549,253,296,46.1,1.23,4522.46,5,1786040846000,1788804754519,32.0,2363.66,0.523,0.0,0,0.0,,False,True,False
0xd1fd58c5484d0b211cfbfe09206120d25d8926e4,True,517,243,169,74,69.5,6.98,30696.15,7,1780628477999,1787624272248,81.0,6148.13,0.2,9600.035286,1,1999.78,20.8,False,True,False
0xd20d73dfa5301690a1ecab8548bd14e6f5c67f4a,True,564,338,179,159,53.0,0.39,-68277.48,5,1772055336641,1788715400255,192.8,-11399.07,0.167,1994.639438,1,481.01,24.1,False,True,False
0xd21b3dd12c84bbef63f2c4a3b0e31d1df704c723,True,1575,794,352,442,44.3,0.62,-5310.91,7,1743018421667,1776507587883,387.6,-2764.49,0.521,0.0,0,0.0,,False,True,False
0xd2341dd36195abc16735f0bc2cb2988ccb5663c2,True,2000,972,417,555,42.9,1.06,3548.22,2,1784463818420,1788644045385,48.4,9148.6,2.578,233870.953632,1,8274.91,3.5,False,True,False
0xd23f5612fc36c4bd99bec7569c180af068c4ecbd,True,212,79,79,0,100.0,inf,13082.08,3,1768399531140,1787152114428,217.0,1829.07,0.14,35381.093602,1,-19827.36,-56.0,True,False,False
0xd25714502ca32bc409cc1639348a606230247fb1,True,1046,472,151,321,32.0,0.63,-2002.33,16,1757734940388,1787374187433,343.0,-508.53,0.254,0.0,0,0.0,,False,False,False
0xd26a77be873cdc25f0238634326f85986e6cbd1f,True,2000,877,427,450,48.7,0.48,-49950.59,19,1760702346503,1788758393794,324.7,-13302.9,0.266,47104.513481,2,-6140.64,-13.0,True,False,False
0xd28a9fb4c656b815bfa452d089673a7735ee2124,True,2000,1213,877,336,72.3,1.21,2343.85,24,1786369434750,1788815546049,28.3,-2161.06,0.922,514.883052,1,-380.67,-73.9,True,True,False
0xd29bfc33004be1ab9757c6aadb83a03fc6ec083d,True,2000,1190,569,621,47.8,0.72,-65887.89,10,1775613971039,1780538607121,57.0,15036.54,0.228,0.0,0,0.0,,False,True,False
0xd2bef2030e593e252b6834cfa94a41af30a2661c,True,1059,494,198,296,40.1,0.33,-17933.18,34,1779869877374,1788716233029,102.4,-8894.8,0.496,0.0,0,0.0,,False,True,False
0xd2d289f6546cae3b25dc2bb653ca9241818b15cb,True,2000,762,483,279,63.4,1.16,13105.5,25,1778021532629,1788656115217,123.1,-9999.79,0.763,65475.832861,1,-47418.67,-72.4,True,True,False
0xd2edfdaba057fd5682865fd000405590daf5bc71,True,276,162,98,64,60.5,1.06,1808.56,5,1763034125865,1788447740114,294.1,-8111.81,4.485,0.0,0,0.0,,False,False,False
0xd30451a33cc89c794a1c31d5f4bd134c085ab2c6,True,1772,914,676,238,74.0,6.3,141829.62,29,1719884976607,1784498774411,747.8,36187.06,0.255,0.0,0,0.0,,False,True,False
0xd320d8420c35035581c754305582511bf45d099a,True,2000,937,815,122,87.0,3.96,8385.04,3,1788175690960,1788386966105,2.4,358.05,0.043,747714.0,1,46449.97,6.2,False,False,False
0xd331c54ecc76f5081f6d9f45c764cfd89fd94d04,True,638,281,88,193,31.3,19.07,34044.38,10,1702627266763,1780034075407,895.9,6341.58,0.186,11558.019932,1,-23651.13,-204.6,True,False,False
0xd34645cc6b2bf7b83baa86a3fd57cad53855c4f3,True,2000,1071,531,540,49.6,2.11,106352.31,12,1769374029922,1788544575135,221.9,9513.69,0.089,0.0,0,0.0,,False,False,False
0xd35e49bd0dbc1aa30b116b3c4ca6769c4f901d8a,True,376,150,85,65,56.7,0.58,-9188.89,9,1780802281616,1788763455143,92.1,-11095.32,1.207,82840.021518,1,-807.68,-1.0,False,False,False
0xd37634b0fb010e8c9a89ca41bf1338de73e5a0bc,True,1324,587,269,318,45.8,0.7,-4988.43,1,1782172074927,1784560591544,27.6,-1414.28,0.284,0.0,0,0.0,,False,False,False
0xd38e43a4f1fd4c49fdfd8329e058f87723309bed,True,2000,750,652,98,86.9,0.43,-19718.77,5,1776942415289,1777251718832,3.6,-8576.99,0.435,0.0,0,0.0,,False,True,False
0xd39d6361f94a81e0053f9a25ab56768eb21de366,True,762,389,137,252,35.2,0.18,-22451.54,7,1778355845713,1788532134462,117.8,-4638.48,0.207,587.774903,1,-76.29,-13.0,True,False,False
0xd3bb096c39985067b1613fb14817e83af00b4cef,True,2000,1321,649,672,49.1,1.01,14.98,39,1772773114885,1772868395970,1.1,215.56,14.388,0.0,0,0.0,,False,True,False
0xd3d50d358eacb42fb86a74713f305458ca978499,True,2000,728,300,428,41.2,2.17,23433.11,10,1787325401587,1788808086640,17.2,4647.79,0.198,111591.740966,1,2297.05,2.1,False,False,False
0xd3eaa0a18ed38d788d28b0b7034d748ad478e4d0,True,2000,949,580,369,61.1,0.82,-3408.81,41,1778240688669,1788504881716,118.8,-2920.24,0.857,0.0,0,0.0,,False,True,False
0xd40c748c68b59c753152676f4423474e5e36ac7a,True,2000,623,268,355,43.0,0.04,-191570.52,2,1782203694143,1788357348132,71.2,-30327.53,0.158,54332.304193,1,-8370.87,-15.4,True,True,False
0xd4237a5980def6962ab9e23cd96d7681ba0f7443,True,1111,614,418,196,68.1,0.65,-5774.84,20,1776861791044,1788494722457,134.6,-2401.18,0.416,12.156016,0,0.0,0.0,False,True,False
0xd4304da76a9a48fd0cf80d70c6057006aa4933d1,True,528,236,156,80,66.1,0.38,-14415.24,5,1774439560774,1788393600075,161.5,-3357.86,0.233,0.0,0,0.0,,False,True,False
0xd441e826a0dab0037286e466ff094e7f5fed090b,True,929,372,160,212,43.0,0.74,-5606.46,11,1779265482592,1788808039881,110.4,3349.23,0.597,4199.276265,3,-40.47,-1.0,False,False,False
0xd45afaa22975bb5200c758151412df92942973f8,True,2000,819,529,290,64.6,0.67,-28737.3,23,1755112534061,1777156326230,255.1,-7060.19,0.246,15458.996583,1,-10123.33,-65.5,True,True,True
0xd46c1d440df494db77c43759bd4bf90da0253e58,True,97,58,30,28,51.7,0.74,-497.29,2,1777848373774,1787152634674,107.7,-1464.21,2.944,0.0,0,0.0,,False,False,False
0xd47587702a91731dc1089b5db0932cf820151a91,True,2000,1951,1894,57,97.1,7630.14,296082.58,6,1787308316334,1788817503665,17.5,3476.43,0.012,1817581.506594,3,-3301795.52,-181.7,True,True,False
0xd4827cc5479d2a8606727192f5a4d7cd7320d407,True,568,295,290,5,98.3,1287.74,74186.57,2,1774035243741,1774150357489,1.3,3829.66,0.052,0.0,0,0.0,,False,False,False
0xd49da316de77b566614bb547199bacc4c9f99082,True,2000,1005,196,809,19.5,0.04,-37307.13,6,1786384243796,1788802342510,28.0,-606.21,0.016,2530.082367,1,-724.69,-28.6,True,False,False
0xd4b8634a4e56c571ea3f79362b4b29d91167df3f,True,811,380,208,172,54.7,2.41,3194.31,31,1753975265917,1788687820215,401.8,1046.95,0.328,0.0,0,0.0,,False,True,False
0xd4ddc6316f5704d43518aa574325eeefc33bd3c9,True,2000,1009,802,207,79.5,7.54,7166.46,31,1779986470795,1788802967134,102.0,1224.65,0.171,5684.785855,3,-278.24,-4.9,False,False,False
0xd4ed6f78ee9540aa95a41939cf346830165bb75b,True,2000,1078,333,745,30.9,1.36,56761.87,6,1755520708258,1782399152084,311.1,24770.4,0.436,0.0,0,0.0,,False,True,False
0xd51053e4e8b8fea607e6b27cdab1e350e161c449,True,1519,751,313,438,41.7,1.1,2912.43,13,1770079955073,1776779190158,77.5,6027.82,2.07,0.0,0,0.0,,False,False,False
0xd52e412fdd62361d469f432f683674f07c3bbf8e,True,2000,447,7,440,1.6,0.04,-71186.36,2,1786025122717,1787375516665,15.6,-3717.45,0.052,0.0,0,0.0,,False,True,True
0xd5563ea4cedaf6013027304fbb83f9ab59f463f0,True,2000,888,331,557,37.3,0.55,-26894.44,3,1787413568990,1788360248806,11.0,-8083.44,0.301,0.0,0,0.0,,False,True,False
0xd56658421ec1736920bd332025971c31c5baaa37,True,657,327,188,139,57.5,2.21,20532.94,8,1742622568749,1781476119246,449.7,3656.04,0.178,0.0,0,0.0,,False,True,True
0xd576d1feee6bc976d849ac0918f79d9db7c97906,True,1147,580,421,159,72.6,2.16,264410.64,2,1762775884565,1787360487434,284.5,-25755.0,0.097,267946.004532,2,-265317.93,-99.0,True,False,False
0xd58947a95d21fb0438461f610b1cc20a5826aee8,True,2000,870,571,299,65.6,0.89,-317.19,2,1772827067309,1773618915230,9.2,-194.43,0.613,0.0,0,0.0,,False,False,False
0xd5ab247f5aa34c77f550c897c77ceb71794dd97a,True,671,275,217,58,78.9,3.99,24743.23,20,1765922178526,1788475918980,261.0,4393.77,0.178,1548.226061,1,-306.98,-19.8,True,False,False
0xd5c2896d72d9a10084b9c0ba28510e01dc65ba67,True,2000,956,439,517,45.9,0.38,-54160.97,37,1778267008184,1788799539012,121.9,-5290.26,0.098,4133.015215,3,-2393.95,-57.9,True,True,False
0xd5d62227bb13d285689de881e6d4e4462f637a4c,True,2000,926,563,363,60.8,0.21,-95836.03,5,1786118378754,1788646874761,29.3,-7173.2,0.075,8131.685277,1,644.29,7.9,False,True,False
0xd5f5232f7df7922382d9895e34ebab22d8a642a8,True,573,283,139,144,49.1,0.6,-4017.37,12,1759932489405,1782432000043,260.4,-927.82,0.231,0.0,0,0.0,,False,False,False
0xd60723d50681568d15373aa7db12020d4c685baf,True,2000,844,504,340,59.7,4.57,81730.19,9,1786567912467,1788526256008,22.7,18608.61,0.228,0.0,0,0.0,,False,True,False
0xd619a766a6d09eebb08b2896c250f46586d07c93,True,2000,1053,468,585,44.4,0.79,-358.67,4,1778853886484,1783619169717,55.2,-1373.83,3.83,0.0,0,0.0,,False,True,False
0xd637b2b88c0ed84f3ba0875fc64b7586def9e3bd,True,2000,1004,546,458,54.4,0.82,-3104.77,14,1763604713309,1778647909994,174.1,-6333.26,2.04,0.0,0,0.0,,False,True,False
0xd65931a1ed6c530a866c948400c5bee3339070a0,True,2000,1301,638,663,49.0,1.85,1934.98,4,1787636720940,1788783042161,13.3,292.74,0.151,0.0,0,0.0,,False,False,False
0xd66a63b4d938cf19ae7006109a37f3bb357dbe96,True,2000,685,382,303,55.8,0.25,-38088.84,39,1787563472249,1788808351639,14.4,-10391.53,0.273,19268.44758,2,-868.84,-4.5,False,False,False
0xd67d657fe1588a764a51ee0162717ae5b0f34be1,True,813,406,255,151,62.8,1.61,8213.68,31,1705831889200,1788701085553,959.1,-1430.16,0.174,8314.142451,4,8542.11,102.7,False,True,False
0xd6a5e8c9695036af7b2461b99eb57a14b20ffa4a,True,2000,1106,919,187,83.1,0.83,-2244.02,9,1785662003513,1788652800016,34.6,-2106.69,0.939,0.0,0,0.0,,False,False,False
0xd6b856503234065ef188add91b52d29938e2c99d,True,531,267,167,100,62.5,2.76,6991.98,19,1781111918447,1788782484978,88.8,1941.36,0.278,0.0,0,0.0,,False,False,False
0xd6ccedf2af0e2885673f3e60cc43524333069c42,True,2000,1613,432,1181,26.8,0.28,-100305.16,16,1785083991508,1788737878158,42.3,-49978.5,0.498,22000.590132,2,-10326.4,-46.9,True,False,False
0xd6e5bedc6c88acf4bfc0b0c708b5b3e723a157b8,True,966,390,223,167,57.2,22.98,272790.65,6,1783070537199,1787477078597,51.0,47141.3,0.173,0.0,0,0.0,,False,True,False
0xd6f5cc05b5a3e3d231dac72f4d31786ddbb60efe,True,2000,1083,300,783,27.7,2.15,30159.8,19,1783339234320,1788809655334,63.3,31433.92,1.042,6013.017922,1,51.64,0.9,False,True,False
0xd70c9e61ba506a8cf1c25b54d14b25abdc048fd4,True,2000,1129,1031,98,91.3,15.61,171292.64,21,1769726126749,1788268454601,214.6,6290.0,0.037,0.0,0,0.0,,False,True,False
0xd71a41ec000089ae99873afb4d15cc7d54dd95bc,True,2000,824,592,232,71.8,0.22,-7819.77,4,1788368819539,1788810655169,5.1,-337.66,0.043,22980.120327,2,-6966.79,-30.3,True,True,False
0xd733e6e0ffa461902ff3c63556b31fd41233d525,True,2000,661,61,600,9.2,44.8,107774.7,6,1769991431143,1787217563685,199.4,51876.73,0.481,0.0,0,0.0,,False,True,False
0xd74da9d828888f0b128c292b0ad5a5aca43e5e32,True,2000,1146,551,595,48.1,0.64,-55804.47,2,1787562793204,1788679046583,12.9,1795.25,0.032,0.0,0,0.0,,False,False,False
0xd75b4ac986d794296e1499719d5c66925915be9b,True,2000,816,310,506,38.0,0.25,-41745.71,2,1775120258068,1775208129959,1.0,-3974.42,0.095,0.0,0,0.0,,False,False,False
0xd782059de58ebe238592198b97f10e77a1eb6ca7,True,2000,1137,246,891,21.6,0.27,-32743.21,22,1787494278717,1788790961719,15.0,1011.06,0.031,8933.978397,8,5666.74,63.4,False,False,False
0xd79109005166069ec9dff695f2a2e5c6e895c1ca,True,2000,906,688,218,75.9,0.18,-121352.57,49,1757349622567,1788817463041,364.2,-24782.4,0.204,4224.137064,3,1545.2,36.6,False,True,False
0xd7a01b2fc57149507a1848ae142aa308bdbe05a2,True,2000,869,325,544,37.4,0.08,-119898.9,4,1781719521409,1782742355825,11.8,-8147.09,0.068,0.0,0,0.0,,False,True,False
0xd7bfecedcbbd68a876b01054ca618b9f275792ef,True,2000,1036,372,664,35.9,0.71,-11552.08,34,1779823832313,1783853310155,46.6,1981.29,0.172,0.0,0,0.0,,False,True,False
0xd7d85e5d6fea882ac49a0fa12606461e0ef4bebb,True,2000,812,485,327,59.7,3.02,20763.27,1,1764461522533,1777784684798,154.2,-1145.6,0.055,0.0,0,0.0,,False,False,False
0xd7e682873d945a968a582eda677ffb2bfaac2438,True,85,34,11,23,32.4,1.15,210.53,2,1784877204322,1787063180260,25.3,-581.83,2.764,0.0,0,0.0,,False,False,False
0xd7fdc630544f5212a26e63f83f20f0a5b138154b,True,1554,772,514,258,66.6,2.32,13657.92,6,1784049550111,1787247882849,37.0,-2550.0,0.187,12009.105359,1,-16147.91,-134.5,True,False,False
0xd8131febccb63c955c6f76a661cdc6080d258129,True,1244,576,564,12,97.9,1.14,20.63,11,1760993316194,1779321600086,212.1,63.76,3.09,78911.987966,3,-315149.47,-399.4,True,False,False
0xd82724a01bce06bbc3face916bd14b5b06ef59bd,True,2000,812,499,313,61.5,0.59,-61398.38,7,1775088641889,1788795183148,158.6,-19776.82,0.322,83638.85941,1,6442.21,7.7,False,True,False
0xd83989ae5084a9b68ef52393f780249e0e597255,True,2000,1118,766,352,68.5,2.39,695.22,3,1788702777309,1788774842857,0.8,20.07,0.029,0.0,0,0.0,,False,False,False
0xd8470caeb17e68534ecdd82ebb567ddfd90ad680,True,2000,894,381,513,42.6,0.73,-8324.61,76,1714769003483,1788725602729,856.0,-8778.85,1.055,3699.520303,1,-2890.7,-78.1,True,True,False
0xd85c78bf2b22e1be80bb7da8d0b9f9e85ca1941b,True,2000,891,374,517,42.0,1.79,7358.87,11,1787416727174,1788777892198,15.8,1438.11,0.195,48630.623052,4,-11552.12,-23.8,True,False,False
0xd86be0cd1cb710fe482e56dbbaad94734fcaa530,True,1208,617,92,525,14.9,0.07,-76377.78,9,1763447485162,1787356800028,276.7,-33218.71,0.435,0.0,0,0.0,,False,True,False
0xd8833e07f54183e26ed6b51b47a95af361f29c5c,True,2000,1161,1078,83,92.9,5.49,120286.09,8,1760427901026,1787297158239,311.0,-9236.69,0.077,0.0,0,0.0,,False,False,False
0xd89815c28cd666d0727ccfffb7310d996d7b1861,True,2000,729,607,122,83.3,8.08,36821.19,2,1788109653707,1788810520596,8.1,1875.69,0.051,33763.633447,2,2662.04,7.9,False,True,False
0xd8ab60d5dc9e1ceb9065e14c501293eaf9ca7b35,True,2000,996,279,717,28.0,0.85,-7483.48,5,1779542071380,1787128415720,87.8,-2740.04,0.366,0.0,0,0.0,,False,False,False
0xd8c755ad83be7608a922e77451e281c9b6365df6,True,2000,927,738,189,79.6,1.77,26007.45,18,1772908394363,1788812104046,184.1,5537.63,0.213,15666.875574,10,-845.22,-5.4,True,True,False
0xd8ed5927956ea0c890359b1f17857a08c16c2770,True,2000,687,544,143,79.2,14.1,14574.24,27,1781474429472,1788807349137,84.9,2525.23,0.173,863.566478,5,-139.51,-16.2,True,True,False
0xd9003796cc1781b1a6dfbccae25a7efc60727a6b,True,2000,1107,513,594,46.3,0.89,-256.51,155,1788642488937,1788815288654,2.0,-96.69,0.377,33227.545344,82,-986.63,-3.0,False,False,False
0xd90fbd75969a878cb59d31c32785c9c8098b97de,True,1221,647,610,37,94.3,115.99,29443.87,1,1764794353672,1772542208333,89.7,2420.52,0.082,24595.563526,0,0.0,0.0,False,False,False
0xd92748f465bd38e1626bda6236c3a849bfe522c7,True,2000,962,255,707,26.5,0.74,-3237.86,12,1774602784513,1788746701923,163.7,1264.78,0.391,0.0,0,0.0,,False,True,False
0xd94606128b20680539a719b07bca6cbc30786a28,True,2000,1189,14,1175,1.2,0.19,-10953.2,5,1776401647158,1777171780363,8.9,1691.16,0.154,0.008713,0,0.0,0.0,False,False,False
0xd95bbf567a8591dfc5897fb27cc144a731dbcc84,True,2000,762,560,202,73.5,2.27,35731.7,40,1747967328290,1785666126876,436.3,4738.09,0.133,0.0,0,0.0,,False,True,True
0xd96d7ba2182439b6dc4390e82f8f7a1867f04d86,True,2000,940,612,328,65.1,3.78,20401.14,4,1787553187070,1788796154405,14.4,1626.13,0.08,25803.510262,3,3440.92,13.3,False,False,False
0xd994932a46f1f2b456624327e8807455b7644b9d,True,477,225,143,82,63.6,1.6,3197.48,19,1760334375896,1788677320912,328.0,1185.95,0.371,4573.132613,2,307.18,6.7,False,True,False
0xd9c3ec37e2dc1dd749e65fcad49e7cd6a74ac321,True,612,131,57,74,43.5,2.84,10055.51,16,1734873528236,1788763383278,623.7,3326.75,0.331,20391.02379,4,-8599.73,-42.2,True,True,True
0xd9d836ebc67abeec65b29e586f89816dab991f69,True,2000,935,469,466,50.2,1.24,3994.76,26,1778019985770,1788589247540,122.3,-1598.93,0.4,0.0,0,0.0,,False,False,False
0xd9f0834e7ca9b9262df3189b850ebf9514027e82,True,2000,935,551,384,58.9,5.82,38230.08,12,1785905571746,1788763784374,33.1,1958.14,0.051,15665.522783,1,-700.31,-4.5,False,False,False
0xda02f0134184b0a6e6779de2ab0c024b52e91195,True,2000,982,523,459,53.3,1.05,205.14,3,1785499710380,1787687445275,25.3,-47.95,0.234,0.0,0,0.0,,False,False,False
0xda1d57bdedab38c16bf44549b03b4dd3ab15b2f0,True,2000,853,853,0,100.0,inf,17261.95,1,1788743528638,1788817503935,0.9,773.7,0.045,0.0,0,0.0,,False,False,False
0xda38f3ca9fa2e0293c49f875f1db462383556e7e,True,973,539,278,261,51.6,1.41,48081.39,25,1734640508219,1787301309741,609.5,-29930.36,0.622,36918.315223,1,27240.98,73.8,False,True,False
0xda4764699b6afd96f0aa96fd18f49ea99d1b7d5b,True,2000,1101,320,781,29.1,1.04,1093.6,5,1738736732500,1780561850202,484.1,13558.02,12.398,0.0,0,0.0,,False,False,False
0xda51d0880a744f5a804340b9a45c360a1bf1d3e2,True,2000,763,430,333,56.4,2.12,37802.69,16,1778047492233,1788764039461,124.0,11959.44,0.316,64577.05618,4,10513.63,16.3,False,True,False
0xda7176d42d075e6e99f6c202a7f6d2c48065879e,True,2000,1252,826,426,66.0,1.58,30540.73,12,1784481979964,1788805540760,50.0,16480.0,0.54,0.0,0,0.0,,False,True,False
0xda830d2d83a57cea255bcfd0cf89c3e94abde0fd,True,2000,962,809,153,84.1,4.95,67979.32,6,1780324795832,1788541528162,95.1,8843.83,0.13,24953.167378,1,7162.74,28.7,False,True,False
0xda9ea656820a16e558a7886b0430430b49c75808,True,2000,1032,393,639,38.1,0.07,-142189.81,27,1780418861145,1786707151705,72.8,-18482.65,0.13,0.0,0,0.0,,False,False,False
0xdab2f24fd05942c5950bf1e9404ca0890d9d1fa0,True,2000,809,278,531,34.4,0.09,-345731.22,15,1754692960880,1777959808981,269.3,-187269.08,0.542,0.0,0,0.0,,False,True,False
0xdaba2dae8e11e6ab79ccdfa430a53767e51beb36,True,1997,1007,799,208,79.3,0.94,-5119.72,22,1759567016780,1788721788739,337.4,-6937.03,1.355,342.457371,1,-189.29,-55.3,True,True,False
0xdae4df7207feb3b350e4284c8efe5f7dac37f637,True,341,187,133,54,71.1,1.41,2553.08,1,1763228044580,1787159312600,277.0,713.42,0.279,64005.004354,1,19845.46,31.0,False,True,False
0xdafc555a97b358bc09fccf4c0e583c1ec5838b16,True,2000,1172,456,716,38.9,0.71,-12601.03,7,1788286462866,1788799303494,5.9,4191.97,0.333,465216.141582,2,-909.01,-0.2,False,True,False
0xdb0d5a738082039c5a7df56026a63c367f14bd4a,True,2000,1011,230,781,22.7,0.22,-4308.6,1,1779847385191,1780125379972,3.2,-222.77,0.052,0.0,0,0.0,,False,False,False
0xdb26aa474fc303b6757b327dd51a73cb8ae97987,True,2000,1246,682,564,54.7,2.75,6859.49,16,1787319863986,1788768646114,16.8,-1937.34,0.282,1269.723406,1,-5.36,-0.4,False,True,False
0xdb3a56575b99abf9a58e3dcbd9227d45f203cf3b,True,2000,182,0,182,0.0,0.0,-39712.02,3,1788131954365,1788706582017,6.7,-18557.0,0.467,3481418.814513,3,-72007.11,-2.1,False,False,False
0xdb59717dab07e676cb598f29228b00b8fb9d917e,True,2000,1120,670,450,59.8,2.87,4936.12,11,1788602187361,1788803272858,2.3,851.52,0.173,6843.930508,0,0.0,0.0,False,False,False
0xdb62e4c3e2f251c6135afe6fef12cd1ce7034f9e,True,2000,934,642,292,68.7,1.66,19752.43,11,1753234995436,1785350488640,371.7,11619.22,0.588,0.0,0,0.0,,False,True,False
0xdb7c6a89f89f96e98ba36673e3ad94deb0d111d7,True,817,402,201,201,50.0,2.01,7092.86,25,1743789428100,1788359307794,515.9,1353.31,0.191,0.0,0,0.0,,False,True,False
0xdb934f70848b0a1e124b508bcd6932de5ada5a2f,True,2000,873,683,190,78.2,0.65,-8279.06,33,1759484882477,1788697165511,338.1,-2740.28,0.331,1467.120845,1,-206.73,-14.1,True,True,False
0xdbaafbb0144f06c9f5b9509b0e56a4352879bff9,True,402,347,294,53,84.7,0.53,-43831.1,1,1780509194050,1780749100807,2.8,4384.79,0.1,0.0,0,0.0,,False,True,False
0xdbc8ec66d865624ea5bf39e60ba854d2d64b7f27,True,2000,1114,279,835,25.0,0.49,-42612.58,8,1768930581124,1787173632666,211.1,-8054.27,0.189,0.0,0,0.0,,False,True,False
0xdbdb0b8411216a5b8fc826434835d8a30f212782,True,2000,793,452,341,57.0,3.05,91929.29,15,1763103648654,1788802373865,297.4,7564.99,0.082,0.0,0,0.0,,False,False,False
0xdbec1a1cfe5729c25ec1aec44b80a84728e51122,True,533,285,95,190,33.3,2.23,1222.5,4,1785608237230,1786531009032,10.7,310.9,0.254,0.0,0,0.0,,False,False,False
0xdc05ff8caf8ae0737c93c3fe1c1a95b6b72d3ef5,True,569,296,161,135,54.4,0.71,-3966.13,3,1780468793004,1788802503761,96.5,-4406.94,1.111,1761.849295,2,10.82,0.6,False,True,False
0xdc2724db51987a86a7ce800ae54acfa1aa5338fb,True,2000,1201,788,413,65.6,2.63,3147.28,8,1787279769610,1788797606671,17.6,254.72,0.081,1210.782344,0,0.0,0.0,False,True,False
0xdc399f564b657599c0285f222e6118a103c7fa82,True,436,214,97,117,45.3,0.56,-1168.91,2,1780068197945,1782192215793,24.6,-279.66,0.239,0.0,0,0.0,,False,True,False
0xdc4cb67eaa2a005ef4b1d77df7bb8de9ff718ad7,True,2000,916,727,189,79.4,7.78,53621.55,15,1768338031969,1788525426064,233.7,1721.94,0.032,0.0,0,0.0,,False,True,False
0xdc5ab69118d7760964943949c40e51299f02f8a9,True,2000,874,470,404,53.8,1.96,4888.75,17,1774928276615,1779756606780,55.9,1292.58,0.264,0.0,0,0.0,,False,False,False
0xdc6ce65c700bc839382b1316770c38b5bdf861d4,True,2000,1092,787,305,72.1,0.88,-24869.97,5,1780533491893,1782597903196,23.9,-126600.21,5.09,0.0,0,0.0,,False,True,False
0xdc85a2efe7980719840af041565645ace927cf00,True,1077,479,193,286,40.3,0.62,-16942.89,30,1770229113867,1787644118267,201.6,-3816.63,0.225,34113.907119,6,8497.37,24.9,False,False,False
0xdc9bf10e6b88f0657d02179ca338e0ffe9ecc564,True,2000,894,830,64,92.8,28.13,43156.08,11,1784213308984,1785421287848,14.0,2831.54,0.066,0.0,0,0.0,,False,True,False
0xdcaf239cd1cef18c3d6751f174d744ea8472c2f2,True,1264,541,297,244,54.9,0.43,-8782.71,7,1769152685843,1787296079954,210.0,-1874.12,0.213,0.0,0,0.0,,False,True,False
0xdcc589b2d1f40c1f5efaeb95bccf274ec27f2597,True,952,435,270,165,62.1,1.73,17938.02,15,1712948844319,1788135446411,870.2,3074.52,0.171,0.0,0,0.0,,False,False,False
0xdce25dca41e419209abc28006bd3392280c823b2,True,2000,1261,587,674,46.6,0.33,-2602.37,17,1778788156482,1788786489662,115.7,-2526.44,0.971,0.0,0,0.0,,False,False,False
0xdcf745b13951f182e1d583c8bd070799f73eee0b,True,1768,817,592,225,72.5,1.69,8473.43,10,1770316847563,1784042215285,158.9,-1009.93,0.119,0.0,0,0.0,,False,True,False
0xdd05138cdcfe227ac8ceae302a5037dfc1668f25,True,2000,111,111,0,100.0,inf,3247.66,1,1786700424948,1787030961632,3.8,276.58,0.085,0.0,0,0.0,,False,True,False
0xdd14ff1c206df689465f3c8559f6eb71b09df955,True,2000,996,948,48,95.2,3.16,12378.86,8,1784126442088,1788753584145,53.6,2055.03,0.166,0.0,0,0.0,,False,True,False
0xdd25283c9d1b9e4860e0c7cffc6097f7e4a83642,True,489,260,178,82,68.5,0.51,-7283.88,11,1735469665132,1785003045822,573.3,-3073.99,0.422,4531.544018,1,-1137.25,-25.1,True,True,False
0xdd49e41ab17b74180a90a4f182ed9b56669f441b,True,2000,709,408,301,57.5,0.15,-3809.39,9,1787815552199,1788788279491,11.3,-525.38,0.138,0.0,0,0.0,,False,False,False
0xdd555cb73fd36b5d958daddf809e035636ff0e4a,True,2000,415,415,0,100.0,inf,63016.33,1,1788195344445,1788804662970,7.1,1016.25,0.016,525087.127565,1,241642.2,46.0,False,True,False
0xdd65b4fba342070ca3c5e4dcc3a815b5d85301f4,True,2000,862,482,380,55.9,0.8,-3013.52,17,1763724910852,1788775606669,289.9,926.48,0.307,0.0,0,0.0,,False,True,False
0xdd73867db0b7cf9e5b075a6f98bd260e2389a538,True,1132,501,324,177,64.7,4.6,57642.46,36,1748497278754,1788484639475,462.8,4478.63,0.078,131644.970215,6,32029.21,24.3,False,True,False
0xdd854d23fc5af9a152d7aba78153b840bf099d17,True,2000,1080,786,294,72.8,3.36,71921.43,11,1780758238585,1788554453204,90.2,26746.54,0.372,7312.425709,1,-924.18,-12.6,True,False,False
0xdd9f8e7ca4f918ab02169e612c6101b83a338f14,True,2000,1067,424,643,39.7,0.59,-6439.77,10,1780875443081,1784933220671,47.0,-2720.89,0.423,0.0,0,0.0,,False,True,False
0xddb85e692bf8cac12b3e6766ab23b8e8e29781bb,True,1907,157,47,110,29.9,0.53,-10574.6,7,1780260968289,1786396234437,71.0,4378.65,0.414,0.0,0,0.0,,False,True,False
0xddc968418d6e8d0385e6cd04171595a8404038db,True,2000,901,369,532,41.0,5.16,25736.95,12,1785737926754,1788275769032,29.4,5443.2,0.211,0.0,0,0.0,,False,False,False
0xddda8af4189065b584056a8ae27f4567e8762bbb,True,2000,1030,545,485,52.9,0.49,-23193.01,19,1762536095529,1784224916382,251.0,-4186.81,0.181,0.0,0,0.0,,False,True,False
0xdded7fdfbe3a150b3d00dbfb59edba78c93bff21,True,2000,913,555,358,60.8,1.9,9995.52,31,1763065052503,1787184000002,279.2,-1026.73,0.103,0.0,0,0.0,,False,True,False
0xddff24386aaa8949059f50b9bd6fd86f6423d763,True,2000,1042,556,486,53.4,1.44,37162.91,69,1703773494424,1780683990595,890.2,52792.49,1.421,0.001412,0,0.0,0.0,False,True,False
0xde1df0e4c4ff894171141e5c7a0bfd170bdbd21a,True,1056,444,275,169,61.9,2.25,42800.05,6,1761419084569,1788342021781,311.6,11265.12,0.263,118225.986867,1,168167.9,142.2,False,False,False
0xde305a04c4ee8fb10adff7cfae7bcc565d0d1a6f,True,2000,938,229,709,24.4,0.17,-62237.35,16,1784957122246,1788802144724,44.5,-8544.36,0.137,904.76351,1,85.28,9.4,False,True,False
0xde4f08ab6bfd4bfa2c80844e13187c5b6004bed8,True,2000,1513,643,870,42.5,0.35,-57928.66,5,1787834267007,1787961039545,1.5,-12876.49,0.222,0.0,0,0.0,,False,False,False
0xde613ef730df077de5baded49158eaf1155eca1f,True,875,332,247,85,74.4,1.59,1885.0,83,1761063976283,1788729346055,320.2,631.99,0.335,3724.773069,19,-9005.09,-241.8,True,False,False
0xde778c034e96ccfcd0fcf5a5bebf1f71dae07aac,True,2000,977,317,660,32.4,0.55,-14854.16,25,1779283912175,1788794865212,110.1,-3108.09,0.209,0.0,0,0.0,,False,True,False
0xde87db9becc56de225a24b9fcb135b21e5b09c1b,True,2000,1233,665,568,53.9,1.72,212902.53,10,1761767127793,1783777543728,254.8,25639.82,0.12,23308.191486,1,-2958.98,-12.7,True,True,False
0xde9aa36aa9b44eb521ad76f29753dd73c6c5d3c9,True,1703,742,479,263,64.6,1.0,-27.03,13,1762414868166,1788106456071,297.4,-5904.84,218.484,0.0,0,0.0,,False,True,False
0xdeb0fe5ba4902c65eaa21ab9dca53e04c09d6f52,True,2000,1088,502,586,46.1,0.5,-18770.01,3,1776106496305,1776281559910,2.0,-1398.11,0.074,1.4e-05,0,0.0,0.0,False,False,False
0xded12a4ae94dfdd7f20816941bec267e0bde244b,True,2000,685,327,358,47.7,0.67,-1297.19,1,1780742487118,1785745842315,57.9,-467.63,0.36,0.0,0,0.0,,False,True,False
0xdee537faa6c246e6fba8ecf5618c9f82a2cf514a,True,650,273,108,165,39.6,0.73,-9545.47,11,1779875008805,1780845139022,11.2,7633.66,0.8,0.0,0,0.0,,False,True,False
0xdef4246fb4055903f4ec0a05209c7263b8fe69e7,True,2000,1164,607,557,52.1,2.69,58386.9,27,1784902101768,1788768843985,44.8,5140.26,0.088,0.0,0,0.0,,False,True,False
0xdf05e02a535aee044dfddd2cd24f723f791a455f,True,2000,923,397,526,43.0,0.19,-39532.24,3,1784835749845,1784920101298,1.0,-2270.27,0.057,0.0,0,0.0,,False,False,False
0xdf1547b91e72b7db39a56630b15c37b3301e6875,True,2000,879,636,243,72.4,1.89,57188.29,6,1779294189049,1788795244175,110.0,15767.79,0.276,4477.169358,1,169.82,3.8,False,False,False
0xdf2fa90f6cc6f6ad71eab02907cd128a97d8c753,True,2000,1306,1101,205,84.3,0.35,-18342.78,9,1787495844371,1788796648754,15.1,-2906.68,0.158,5408.498063,2,1055.51,19.5,False,True,False
0xdf379f55d540dc8d845502b33c228aaf08212894,True,2000,1436,404,1032,28.1,0.4,-103681.4,4,1786028989416,1788617606429,30.0,-21420.08,0.207,0.0,0,0.0,,False,False,False
0xdf48ffc22df25197d86e896f259c9ffe1cf5a7c4,True,2000,1061,491,570,46.3,1.2,6397.48,10,1784798407253,1788772808146,46.0,2275.51,0.356,80192.770632,10,11763.15,14.7,False,False,False
0xdf5c81f372ca0813956b133786cb3622a320ba66,True,901,411,237,174,57.7,2.55,8965.24,15,1756083728794,1788708930142,377.6,-1411.42,0.157,0.0,0,0.0,,False,True,False
0xdf7787ca201aad020ef923c696905bd01ec1a98b,True,2000,883,629,254,71.2,0.68,-14615.26,1,1788496557400,1788813937337,3.7,-1482.58,0.101,718616.499706,1,48263.02,6.7,False,True,False
0xdf86e049ab2c55e0ca43800f36bcf4c07c1ad177,True,2000,794,270,524,34.0,1.51,22073.86,18,1782445721975,1788766392210,73.2,11649.64,0.528,86035.263779,5,33690.34,39.2,False,False,False
0xdf954bbe619273a56e0cfa90dad8382195dc7d72,True,2000,876,187,689,21.3,0.09,-9715.23,40,1788790233245,1788818412780,0.3,-84.83,0.009,5582122.135211,147,-5411595.9,-96.9,True,False,False
0xdf9ea6ec3b7109935ccb4fb267e15ac1fb077ab1,True,2000,2000,0,2000,0.0,0.0,-208684.19,2,1780926535592,1780936223855,0.1,-197.52,0.001,208558.598182,1,-1185833.19,-568.6,True,False,False
0xdfc4e98b261acfc40debdffcdc703c5138c932a6,True,2000,962,267,695,27.8,0.41,-2837.53,34,1788792820997,1788819186839,0.3,-199.66,0.07,31461.973334,23,-170.39,-0.5,False,False,False
0xdfe201cedc41f970d43f95674d6b4be02de784dd,True,2000,931,648,283,69.6,1.6,11591.37,6,1739422699925,1788804348792,571.5,3645.09,0.314,0.0,0,0.0,,False,True,False
0xdfef68b86eff06691e3edfaebf620c84eb86f0e3,True,2000,818,520,298,63.6,0.44,-56816.76,28,1736387211093,1788445226400,602.5,-10854.96,0.191,0.0,0,0.0,,False,True,False
0xe006b02ec9f5caa7c5cbcb3804e10bf4f45036c8,True,2000,1174,1012,162,86.2,1.59,4276.42,27,1775655256235,1788799088718,152.1,-943.56,0.221,154.157516,1,13.28,8.6,False,True,False
0xe019c85dca3d536bd8a579d30885208fda59ca69,True,634,252,102,150,40.5,9.38,26102.59,7,1764255524409,1776075172659,136.8,9697.73,0.372,0.0,0,0.0,,False,False,False
0xe0269d9de1df2a48ed14dc76f49dca32f0aaa89f,True,2000,911,701,210,76.9,1.5,41282.64,17,1761115390203,1788134163854,312.7,-8491.77,0.206,0.0,0,0.0,,False,True,False
0xe03efe98939321a2dca615614d5ff3bc1d1a01e2,True,2000,929,412,517,44.3,0.55,-19848.18,25,1763657838440,1788359549667,285.9,-3942.22,0.199,0.0,0,0.0,,False,True,False
0xe06142615991dee64ca813085779fadcc70431eb,True,2000,721,495,226,68.7,2.31,83112.57,15,1783559452057,1788482086079,57.0,14504.48,0.175,414516.816681,13,-41216.81,-9.9,True,True,False
0xe07258ef34c3fa06d43a1c90544fdc0ee6579060,True,504,297,165,132,55.6,0.21,-12593.28,12,1738240718473,1772307123051,394.3,-3114.24,0.247,13181.827008,0,0.0,0.0,False,False,False
0xe08f7a93b4e63f9cf1fa3e1a608dbd87a57fe5c4,True,517,246,132,114,53.7,0.55,-7948.57,14,1757637171866,1787902494845,350.3,-3373.99,0.424,0.0,0,0.0,,False,False,False
0xe0afe5de6831901db80d7ca9d17475f78b1a870c,True,2000,1025,518,507,50.5,1.64,29801.77,35,1784565688705,1788718254881,48.1,2983.79,0.1,395.03,0,0.0,0.0,False,True,False
0xe0ca6033ae8cd0643e9b7e8027a92f19b3db8b40,True,544,282,70,212,24.8,0.68,-549.04,12,1765232668702,1774543509307,107.8,-195.9,0.357,0.001649,0,0.0,0.0,False,False,False
0xe0e1797c124b114851cba51ef847929dad653a9e,True,2000,973,460,513,47.3,0.16,-103120.81,2,1775490882556,1775629399109,1.6,-8671.76,0.084,0.0,0,0.0,,False,False,False
0xe0f4cf442f4c1e81560262f12707c5dd5ccce22b,True,2000,1039,741,298,71.3,0.54,-11056.1,12,1781295044297,1787215481948,68.5,-4532.04,0.41,0.0,0,0.0,,False,True,False
0xe1059d78209df28676c18d1cd21ec113c0ea6a47,True,2000,935,460,475,49.2,0.85,-13503.4,9,1782743109462,1788737806754,69.4,-21794.73,1.614,54175.62026,3,16018.93,29.6,False,False,False
0xe11a71f0c8489a39ace9799469e22cf9337dd396,True,2000,558,176,382,31.5,0.94,-3569.35,1,1786115670956,1788803428150,31.1,20592.55,5.769,4722.284656,1,-1067.85,-22.6,True,True,False
0xe12ee5a167f79b6a70254766ecf1fed92e76b09c,True,2000,1087,398,689,36.6,2.17,6589.64,5,1787143811532,1788800713188,19.2,-708.58,0.108,2563.592226,3,50.7,2.0,False,False,False
0xe144b64087ca20daedea5a7da876c2f4a08ba0bd,True,2000,1095,679,416,62.0,0.23,-197404.36,12,1778787122796,1788742450299,115.2,-13335.23,0.068,0.0,0,0.0,,False,True,False
0xe163054d2a96f25cdde563f9ba57de3b8c213bbe,True,2000,1083,688,395,63.5,0.95,-1467.42,1,1776826731312,1788421176641,134.2,-1562.59,1.065,0.0,0,0.0,,False,True,False
0xe17cf192fee50447687af1f689782d4abba8cbb1,True,2000,1111,771,340,69.4,7.59,197202.81,10,1787414514746,1788766762525,15.7,6429.47,0.033,173807.447706,4,-66613.43,-38.3,True,False,False
0xe19813d9fe290ba610a993f564abdfb0509908d2,True,386,159,118,41,74.2,4.35,21357.1,6,1774083814886,1788685810219,169.0,6096.46,0.285,48449.358627,1,-8232.37,-17.0,True,False,False
0xe1ab85e458ebea43c5302ce84f5a89cb22fe351a,True,2000,830,434,396,52.3,0.58,-18399.58,30,1775406649992,1788134400007,147.3,1838.48,0.1,0.0,0,0.0,,False,True,False
0xe1bb99fa82a4eae7263eadcab5be266d187df6be,True,1083,545,431,114,79.1,0.75,-55018.31,11,1734838970949,1787673151149,611.5,-93185.66,1.694,9679.660855,2,8113.37,83.8,False,True,False
0xe1dd184794e6178e6210275c389f5f9a0a593bb0,True,2000,1041,685,356,65.8,1.29,6051.99,14,1787727349285,1788819295137,12.6,-7585.38,1.253,11468.583195,1,-915.09,-8.0,True,True,False
0xe1f6ca332d6050719479f536c204e8a4c3bf5c60,True,2000,961,256,705,26.6,0.23,-14321.42,7,1783918720775,1784392660637,5.5,-801.38,0.056,0.0,0,0.0,,False,True,False
0xe212de469d88aa9d3d516ec6f24cb9a7c3c11ee8,True,2000,1147,328,819,28.6,1.29,3455.25,4,1767161785579,1788356563957,245.3,1610.21,0.466,0.0,0,0.0,,False,False,False
0xe225f9491871a4135a8dc351664165dec17f474f,True,362,77,72,5,93.5,28.86,65145.29,9,1778324878427,1788462246518,117.3,11155.42,0.171,126072.953388,2,-55536.95,-44.1,True,True,False
0xe243dc9b2e52d41a4e37246322bc88fa4e5e0f3c,True,1520,812,524,288,64.5,1.33,15642.83,21,1764095784030,1787676457249,272.9,-15229.04,0.974,366.197361,1,8.74,2.4,False,True,False
0xe25150dd92c147d0450f679eb2386a9214a644cc,True,2000,939,305,634,32.5,1.16,874.06,19,1775130206543,1781199911574,70.3,423.12,0.484,0.0,0,0.0,,False,False,False
0xe26e266acf1584a25533f4a8122602e7e909173f,True,447,247,161,86,65.2,3.07,11677.77,11,1756086609440,1780390975127,281.3,3316.8,0.284,0.0,0,0.0,,False,False,False
0xe28bc3c5805858d1f98ff723ba3735045d5873f0,True,2000,938,659,279,70.3,0.91,-1903.61,35,1749709317244,1788818372285,452.7,1650.0,0.867,1686.400222,2,277.57,16.5,False,True,False
0xe29ac30e1d21932e9d8e0ab5a4c3d7168295b632,True,50,12,11,1,91.7,4.03,20921.61,1,1758716511638,1780489687220,252.0,-6907.18,0.33,0.0,0,0.0,,False,True,True
0xe2ad376800c2da03d611700ffc1d013090733c8c,True,2000,460,199,261,43.3,10.89,61602.34,5,1787759559717,1788788829186,11.9,4802.95,0.078,4002228.024606,2,790010.58,19.7,False,True,False
0xe2bff3c5e3eda23a1c75c02d25efe1597b3ad7c0,True,1533,746,593,153,79.5,1.4,7315.17,71,1737181940492,1788565322604,594.7,6076.09,0.831,13549.788308,2,-9554.8,-70.5,True,True,True
0xe2d85ef72814d9292f9ffc9f50f76a924cf9648b,True,2000,971,319,652,32.9,0.89,-1109.49,17,1772167274801,1775502237301,38.6,491.83,0.443,0.0,0,0.0,,False,False,False
0xe2f86feccb1207710a442bc4e27a0701a290275a,True,2000,1093,1093,0,100.0,inf,251753.22,3,1784727511740,1787928089012,37.0,8583.45,0.034,1833.438044,1,6885.93,375.6,False,True,False
0xe310d4675f2875d7e752841d7642db4fd4d4516c,True,2000,857,554,303,64.6,0.33,-11931.35,10,1778004776974,1787586859635,110.9,-3252.76,0.273,0.0,0,0.0,,False,True,False
0xe31deacee1770dfa56f8849724bcb7f8e5f76ef2,True,2000,891,334,557,37.5,0.09,-99228.81,15,1766037183402,1788805314745,263.5,-19239.35,0.194,55840.799017,5,-7490.65,-13.4,True,True,True
0xe32b09bf7963d4d1e4f022f1760e4aef2b081617,True,1294,633,467,166,73.8,2.94,31027.5,83,1707752552124,1787307909353,920.8,3300.39,0.106,0.0,0,0.0,,False,True,False
0xe334ede36972f2c229e2eca0854e6a939a7cff9f,True,974,537,163,374,30.4,0.44,-2525.06,8,1787331886737,1787447410814,1.3,432.02,0.171,0.0,0,0.0,,False,False,False
0xe36a01fb4e99646c3e2558a89cdcfab922075131,True,2000,981,322,659,32.8,0.74,-372.28,52,1784649419752,1788775393473,47.8,-61.32,0.165,12885.095051,50,1365.75,10.6,False,False,False
0xe3814a14b83c128b53da5e8b6101a2b43c494373,True,2000,943,423,520,44.9,1.07,2488.28,28,1776719516186,1788802759708,139.9,-2538.87,1.02,2997.818995,5,-0.48,-0.0,False,True,False
0xe3a1793dac002dc2457397ce8151af2557aa960f,True,2000,766,375,391,49.0,0.85,-4705.92,6,1782614120564,1783660294119,12.1,-2045.79,0.435,0.0,0,0.0,,False,True,False
0xe3b36c54a5667b36c46f316962ab19a1de0477cd,True,2000,907,645,262,71.1,9.62,20067.41,11,1769950052384,1778138057367,94.8,3938.73,0.196,0.0,0,0.0,,False,True,False
0xe3caca44f5c5a8ed8ff25fec21565e7afe71d6a7,True,2000,960,255,705,26.6,0.53,-13463.52,7,1775285466107,1787845447481,145.4,-2090.01,0.155,0.0,0,0.0,,False,False,False
0xe3dd1d6be1b9b7614bc4f30c810744ae4e6926c0,True,229,145,39,106,26.9,0.68,-222.1,5,1781832349942,1781855599129,0.3,-98.75,0.445,0.0,0,0.0,,False,False,False
0xe3f1436e1937814256e3db7fa7d39bc554eee7ed,True,2000,816,447,369,54.8,1.78,33359.39,27,1755177867144,1788575967122,386.6,4215.46,0.126,92988.770999,3,44747.34,48.1,False,True,False
0xe4140faa95d099790c3b3e02f5ca9c0654a22c9f,True,2000,942,644,298,68.4,2.23,6013.4,29,1782586813580,1784659211716,24.0,860.74,0.143,0.0,0,0.0,,False,True,False
0xe42460abf9dccfb0bd82903d04e97ef025fb0e55,True,2000,1366,681,685,49.9,2.53,56524.66,11,1787586761454,1787651692573,0.8,4368.91,0.077,319623.127434,0,0.0,0.0,False,False,False
0xe442145711bf3c56452f0dcc730f3ad65ce230cc,True,2000,210,198,12,94.3,12.96,1053.89,20,1786325731087,1788803304012,28.7,120.43,0.114,2454.913253,19,439.96,17.9,False,True,False
0xe47d6387edacde17804c5f5d709b73a4943a762c,True,546,260,136,124,52.3,1.39,2853.2,15,1784480852526,1788751923271,49.4,-1144.27,0.401,0.0,0,0.0,,False,False,False
0xe4950d9ec449ca5792512a7e196bca0153f1ceaa,True,665,326,77,249,23.6,0.75,-1835.37,3,1772921836477,1788580004109,181.2,-1294.24,0.705,907.441707,0,0.0,0.0,False,False,False
0xe4a84a07013e8a429f954e666411a7b647979dfb,True,2000,928,510,418,55.0,2.54,26846.37,8,1788677832973,1788811978482,1.6,-1841.69,0.069,21530.093134,3,-1326.54,-6.2,True,False,False
0xe4c3eeb3bdafaabe2bedd9206df87dfc87447256,True,2000,1023,552,471,54.0,2.13,88511.34,3,1778001450885,1780585807003,29.9,-10392.48,0.117,0.0,0,0.0,,False,False,False
0xe4d81d4f0f1da725f425e0c13534d958677fcb45,True,2000,775,408,367,52.6,0.75,-1757.12,15,1779261698157,1781549989574,26.5,923.13,0.525,0.0,0,0.0,,False,True,False
0xe4e430efd9ad1b369b845916e8aae15fd17c25d8,True,2000,998,349,649,35.0,0.95,-90.69,4,1778252675861,1785768086606,87.0,131.5,1.45,0.0,0,0.0,,False,True,False
0xe4ea99881672f0345d7d941955c6875680db34e7,True,683,344,237,107,68.9,2.43,32671.39,10,1779221775902,1787426332293,95.0,5475.05,0.168,34640.911045,3,59366.16,171.4,False,True,False
0xe4f9f9ca0ef0c31c6746644d4c01440c52fa830c,True,2000,1039,413,626,39.7,1.11,535.41,22,1775872809863,1784269330968,97.2,725.12,1.354,0.0,0,0.0,,False,False,False
0xe5238d2d3b530e94071d9829bdb628c9d9f6b7da,True,2000,842,716,126,85.0,4.27,107577.74,11,1780674251804,1788664952878,92.5,6517.19,0.061,0.0,0,0.0,,False,False,False
0xe53537794bc76618f16f4a31043ba4f0f9f1d0d5,True,1617,742,346,396,46.6,0.21,-295081.29,9,1769956924314,1781822201093,137.3,-76099.94,0.258,0.0,0,0.0,,False,True,False
0xe553a22966808d68ab4e7591298fa8db7794036a,True,493,228,119,109,52.2,3.04,4518.75,14,1785153526841,1788732450556,41.4,1637.24,0.362,4868.183531,1,-1699.07,-34.9,True,True,False
0xe56d5dbc09fef8a57fb4b42efae8f6321604a4d5,True,618,299,189,110,63.2,3.7,2937.18,14,1762134044829,1788658904330,307.0,547.05,0.186,115.604064,2,-54.53,-47.2,True,True,False
0xe58384fe9dd91c3442baee38217d878f632840e9,True,2000,990,389,601,39.3,0.69,-400.44,3,1771904712931,1774371918964,28.6,-52.36,0.131,0.0,0,0.0,,False,True,False
0xe59a15aaca0518dd763cbdac788e47db96bdd083,True,2000,945,334,611,35.3,0.75,-5284.94,12,1780445024045,1788818667351,96.9,-765.72,0.145,38.342919,1,-1.89,-4.9,False,False,False
0xe5acffd9f4925aed3c14fb3aef65d489a6234c0b,True,2000,965,316,649,32.7,0.62,-3256.19,2,1783593205343,1785581847116,23.0,1504.95,0.462,0.0,0,0.0,,False,False,False
0xe5c19bb2583d8606da323c1902a22f54dcb9f2fb,True,504,203,181,22,89.2,52.21,14505.98,2,1782664183523,1783950125404,14.9,1756.9,0.121,0.0,0,0.0,,False,False,False
0xe5d844a60e2d547205aea63d473ca704be014ebe,True,2000,1075,747,328,69.5,1.56,98056.74,3,1784241962033,1787153257795,33.7,-12872.91,0.131,0.0,0,0.0,,False,True,False
0xe5f1486dc84706d2509885fe6bbc46d21ba81286,True,2000,914,913,1,99.9,63127.17,112182.77,4,1781331142404,1788697836960,85.3,1879.13,0.017,0.0,0,0.0,,False,True,False
0xe60dbabee67fb31ebbc62736e3b48fd27bc1a5f0,True,2000,1047,548,499,52.3,0.99,-34.18,71,1777096297855,1788817034093,135.7,1103.02,32.272,0.0,0,0.0,,False,False,False
0xe61b5382389ce9858e4297a32cd5cacf14e14d81,True,2000,1191,904,287,75.9,2.29,50017.42,43,1763453689738,1788789728567,293.2,3803.91,0.076,4961.597796,2,6164.48,124.2,False,True,False
0xe629ef9814a9d9b75f719fc600f9abd89f6f7900,True,237,135,99,36,73.3,2.95,6394.51,6,1778182418455,1778690572422,5.9,1512.4,0.237,0.0,0,0.0,,False,False,False
0xe63fc73cc6dc9343012b9912e169e9ac54f37793,True,587,347,115,232,33.1,1.07,624.63,6,1776596252091,1779738175617,36.4,-1552.76,2.486,0.000349,0,0.0,0.0,False,False,False
0xe6634ca72869a70015760f1ff7f8036c24a3631f,True,2000,720,175,545,24.3,0.04,-165278.85,4,1779159224443,1780963200005,20.9,-5718.81,0.035,0.0,0,0.0,,False,False,False
0xe67472a74814e35dc978589df96676339779eb52,True,754,260,132,128,50.8,3.33,57794.6,8,1785209759711,1788418311861,37.1,27859.71,0.482,0.0,0,0.0,,False,False,False
0xe68132d06baf409eccbf1528e3cb41dfd626cf33,True,2000,1062,693,369,65.3,0.67,-9495.75,7,1778210214573,1778608572876,4.6,-3351.19,0.353,0.006768,0,0.0,0.0,False,True,False
0xe68da4a8fad0ecfcb47e67b35028882eea21d8f4,True,71,47,47,0,100.0,inf,49.46,2,1773381596043,1773407586291,0.3,9.3,0.188,0.0,0,0.0,,False,False,False
0xe69c7688d35e89f2aeda0b734a3ec05e792d3d68,True,2000,881,424,457,48.1,3.78,25193.61,147,1706834239706,1780493668300,852.5,1722.06,0.068,0.0,0,0.0,,False,True,False
0xe6a90b07af76c504c1dba4cc45a12c4dc6b1ea68,True,2000,809,265,544,32.8,1.45,43831.4,22,1778685484919,1788796391324,117.0,29514.52,0.673,31064.150854,2,23232.82,74.8,False,True,False
0xe6c61110ef411aa550653ee99301a148501099bd,True,436,232,97,135,41.8,1.06,532.88,8,1782961321782,1788752552532,67.0,-2523.75,4.736,1449.220077,2,282.9,19.5,False,False,False
0xe6d9af2aed9ba455bbe082d63f01491402c8ea88,True,2000,1045,435,610,41.6,1.59,17451.37,58,1770065854444,1788480000030,213.1,-3599.8,0.206,0.0,0,0.0,,False,False,False
0xe6e8a2bd79d73651e1f3ba27c9a70bdab1348b3f,True,138,57,18,39,31.6,0.15,-8347.96,23,1748275688239,1781691208838,386.8,-2426.47,0.291,0.0,0,0.0,,False,True,False
0xe702c93bd5f183ba6279aadf4f47d18bcdb15484,True,2000,705,434,271,61.6,0.71,-5346.38,38,1774359721706,1788481164988,163.4,-2000.59,0.374,0.0,0,0.0,,False,True,False
0xe71cbf47fff309813bcea54f3ecf49a5f129264d,True,2000,1478,851,627,57.6,1.41,28895.21,23,1737169444706,1787769871133,585.7,4880.65,0.169,18370.840946,1,232079.36,1263.3,False,True,False
0xe739ef8e160d0ca4fd16e1789dbcf8bf579c8744,True,2000,1052,740,312,70.3,57.78,177517.14,6,1788620047283,1788800472673,2.1,6966.1,0.039,236340.01405,4,-10922.72,-4.6,False,False,False
0xe751d56c31dc1b16595a2cdfc94388687e26a674,True,2000,965,608,357,63.0,0.01,-9157128.97,26,1764355637013,1788599739033,280.6,-2905822.37,0.317,11273.364522,2,-10668.37,-94.6,True,True,False
0xe76fd4b0280512cce263595ef0d7fcbd101941d5,True,2000,850,611,239,71.9,1.56,22662.51,11,1775131096544,1788451351982,154.2,-4320.4,0.191,26976.251623,3,-660.09,-2.4,False,True,False
0xe78225e0f18e73f9cd6ee23dec96240a8b551806,True,2000,436,215,221,49.3,1.48,2495.15,31,1786418645890,1788817086131,27.8,-795.0,0.319,2506.798511,2,-1673.09,-66.7,True,False,False
0xe7a33a8757766a0f75407bf0601f77743b25a042,True,2000,1119,473,646,42.3,0.72,-3226.43,7,1784073618109,1786492800012,28.0,621.64,0.193,0.0,0,0.0,,False,False,False
0xe7bf2344d71564fef0849e034356477a8a0e7670,True,2000,1052,413,639,39.3,1.63,19227.46,2,1781096930528,1788556013225,86.3,3411.24,0.177,28389.987028,1,1661.28,5.9,False,False,False
0xe7d5550325c9984fe10685e72175690f50b29702,True,2000,571,34,537,6.0,1.79,2465.97,6,1764973440176,1783153459022,210.4,2447.06,0.992,0.0,0,0.0,,False,False,False
0xe7eae4748bd98b2fff37f63188c9a56db3d861e0,True,2000,1200,741,459,61.8,1.04,34.65,2,1776031916884,1777336271202,15.1,147.61,4.259,0.0,0,0.0,,False,True,False
0xe7f534193106a0ac7fc8dc2914a943d88d5a7ded,True,1643,752,619,133,82.3,2.5,9490.12,9,1776070933010,1788803139333,147.4,-833.65,0.088,119805.386861,0,0.0,0.0,False,False,False
0xe8112dc79b6f9d8f1e3a9e663ad895ce7ab47e7f,True,2000,960,431,529,44.9,0.87,-1394.38,10,1788385488203,1788809259108,4.9,949.53,0.681,14661.552742,1,-34.48,-0.2,False,False,False
0xe821a38c5b0cb36a7535a186b2aef4768025b4c7,True,2000,1062,479,583,45.1,0.24,-45695.33,9,1781964259221,1783402178844,16.6,-2329.56,0.051,0.0,0,0.0,,False,False,False
0xe83db6c7a6bac9fa27ea67e37ea41f1ad7910b30,True,2000,880,271,609,30.8,0.33,-64633.33,7,1784681722200,1788463608322,43.8,-5060.74,0.078,77669.844945,2,3656.16,4.7,False,False,False
0xe867fbdad3291530e41530301ecb77693850c78e,True,2000,791,543,248,68.6,0.77,-5705.76,5,1788459440353,1788793567994,3.9,-2064.53,0.362,37529.099324,2,-1346.35,-3.6,False,False,False
0xe8750fc05f45e80e22be835de3e609e0cadca256,True,2000,934,255,679,27.3,0.79,-1822.55,69,1706914186479,1783078871621,881.5,-654.6,0.359,0.0,0,0.0,,False,True,False
0xe88e62f9633cce692137415a184d669fa45c6c4e,True,350,25,25,0,100.0,inf,6090.42,32,1766524506313,1788479006244,254.1,627.11,0.103,20676.758311,31,629.49,3.0,False,True,False
0xe8a4bb3b8acdebd260d58c9806d44c5710381113,True,453,227,145,82,63.9,0.58,-18738.41,5,1768889788432,1782518400047,157.7,-15252.24,0.814,0.0,0,0.0,,False,True,False
0xe8b6e52ff40bf5ff32c7e655064a8d42814faddf,True,2000,1017,521,496,51.2,8.33,49585.62,53,1780994301867,1788534928494,87.3,11790.45,0.238,0.0,0,0.0,,False,False,False
0xe8d4a1c7830534bac13ab61fa94b2daef20c7fb7,True,2000,1008,289,719,28.7,0.82,-2279.44,21,1784905970689,1788745598190,44.4,1340.17,0.588,6426.722716,1,3612.39,56.2,False,False,False
0xe8e840d49202ca67b74fa41e33011be4f1c23fbd,True,2000,816,418,398,51.2,2.43,27356.36,31,1781878067176,1788780229651,79.9,4409.39,0.161,0.0,0,0.0,,False,True,False
0xe8febd0673ff935b869cb3a11196a59123eddf59,True,2000,985,769,216,78.1,1.29,4494.74,27,1777375925512,1784440586071,81.8,-1065.13,0.237,0.0,0,0.0,,False,True,False
0xe90a6b25dbb398d5bc7b7dc21a578db87cad12e7,True,1093,525,180,345,34.3,0.2,-19965.37,10,1779064459584,1787427124609,96.8,-4268.87,0.214,0.0,0,0.0,,False,True,False
0xe918e62a7fd267f19ad9c547b132400aee4b584e,True,2000,1040,431,609,41.4,0.09,-9171.37,3,1772853296916,1773321639149,5.4,-546.92,0.06,27.728339,0,0.0,0.0,False,False,False
0xe928927c0a4086909a753a6a85a5f9296d9826e8,True,2000,1595,1178,417,73.9,3.83,20345.55,27,1786110031056,1788812065810,31.3,1689.75,0.083,0.0,0,0.0,,False,True,False
0xe94041a26af6e7ebd0e499864799ad679d551f18,True,1388,577,364,213,63.1,2.26,15528.01,6,1784636792392,1784918036953,3.3,6056.93,0.39,0.0,0,0.0,,False,True,False
0xe95cfd44df75983d879531720191797c2804b375,True,2000,690,501,189,72.6,0.55,-3410.65,1,1774972760198,1776655379390,19.5,-988.94,0.29,0.0,0,0.0,,False,True,False
0xe96bc9a6702006a30e4999a4dd559ad76d9a3b5e,True,2000,980,555,425,56.6,1.23,7657.51,32,1767778443292,1788442304606,239.2,-7714.2,1.007,12220.10361,1,9219.56,75.4,False,False,False
0xe97df304454585a6ffe062c0b4276b5c3659cf9c,True,2000,843,151,692,17.9,3.72,5124.76,8,1761676264253,1780675130226,219.9,1389.6,0.271,0.0,0,0.0,,False,False,False
0xe9873814c821a97f5bfc7e504a162f51c20e8f56,True,2000,1140,578,562,50.7,0.71,-19157.86,17,1773724170069,1787373473467,158.0,-6027.0,0.315,0.0,0,0.0,,False,True,False
0xe99c75b81a8dfc8c00c951586e2370f4df383e71,True,2000,1039,290,749,27.9,2.29,12786.8,23,1757864798316,1778976000019,244.3,4601.35,0.36,0.0,0,0.0,,False,True,False
0xe9bf81b432e5bf34995afae08747c530c8406c4d,True,2000,2000,2000,0,100.0,inf,342529.07,1,1774971979540,1774973685506,0.0,1900.54,0.006,0.0,0,0.0,,False,False,False
0xe9d3aa17e49074587b5a6239c0423477c00f8a1e,True,2000,935,359,576,38.4,0.31,-25685.95,8,1787925915720,1788805495790,10.2,2051.34,0.08,8456.084963,1,1091.92,12.9,False,False,False
0xe9ed18688e3da3e8556aa411b31d93e09a2a14ae,True,294,126,71,55,56.3,1.35,365.76,8,1779145521268,1787932377258,101.7,198.2,0.542,0.0,0,0.0,,False,True,False
0xea0e878d5da1f786c035355cd7a8d381a6276766,True,2000,1130,547,583,48.4,0.77,-44.1,121,1788817859478,1788820066375,0.0,-23.7,0.537,85265.303642,89,-78.7,-0.1,False,False,False
0xea1eb2ca1e83e22042d064d875a683c47f2c6bd9,True,2000,1079,748,331,69.3,3.02,52593.78,8,1783431964826,1788536976980,59.1,4109.09,0.078,0.0,0,0.0,,False,False,False
0xea30943a4dba909118b0cd06cb6634fb141d39da,True,2000,945,290,655,30.7,0.65,-35395.77,27,1731465261444,1787993247009,654.3,4643.61,0.131,19903.600255,1,-23731.69,-119.2,True,True,False
0xea4c988b5c56a1898c50797478097b1cb83cbce7,True,745,329,237,92,72.0,3.07,3215.65,10,1758431169159,1780205099766,252.0,400.0,0.124,0.0,0,0.0,,False,True,False
0xea707901db33a6c7b908e0ab152aa22d099f8e47,True,2000,833,209,624,25.1,0.54,-8940.5,8,1776716490994,1787172875084,121.0,-1947.34,0.218,0.0,0,0.0,,False,False,False
0xea8ce93a34cd77015da080b5e2ffb5e0692f9d69,True,2000,1060,500,560,47.2,0.85,-14088.01,12,1767109479157,1787270400024,233.3,-5475.24,0.389,0.0,0,0.0,,False,False,False
0xeab193fe4257015922c45c9e38ddef1f6022459f,True,94,22,3,19,13.6,0.0,-1622.06,4,1787396639639,1788285634250,10.3,-1149.87,0.709,15156.858942,1,7947.41,52.4,False,False,False
0xeacabbca2ecca02d1371ac7fef76823d36bbc4f9,True,2000,894,665,229,74.4,4.83,33588.11,10,1779779647834,1781199224872,16.4,1735.35,0.052,0.0,0,0.0,,False,True,False
0xead6bd310e7ce9d0af0a875604db0cfb8389227c,True,675,331,111,220,33.5,1.03,62.64,64,1770838245984,1774898499364,47.0,225.58,3.601,12627.195095,0,0.0,0.0,False,True,False
0xeae49a86f0ffb1a1ff0979a6ca4c0701b03c0f4c,True,2000,830,524,306,63.1,2.24,22744.92,10,1754948063878,1774061960406,221.2,8411.08,0.37,0.0,0,0.0,,False,False,False
0xeaee3e55f8dde6779922166e1502887cebbb5f57,True,736,488,421,67,86.3,2.0,18258.38,1,1771057982252,1782364507401,130.9,-4352.61,0.238,103.007865,0,0.0,0.0,False,True,False
0xeafeb427766b867ce019333936285a5a9febd739,True,2000,1035,557,478,53.8,1.73,9619.69,13,1787392063862,1788805065451,16.4,1868.58,0.194,265326.028882,3,-137513.71,-51.8,True,False,False
0xeb0aca00a69a54004bafe0d3d96cd71772697d19,True,2000,830,509,321,61.3,2.05,47658.18,2,1787555566650,1788761991721,14.0,5735.77,0.12,72637.585672,1,10500.47,14.5,False,True,False
0xeb1a6d5f7bce49a6a4b9abc57cdea57fce00630a,True,2000,832,489,343,58.8,0.72,-3600.14,16,1782340036886,1788450079566,70.7,-445.22,0.124,0.0,0,0.0,,False,False,False
0xeb3e5db716ef963eef1ee444f791da18dbd52ce6,True,2000,968,324,644,33.5,1.41,5119.99,10,1788284228476,1788796732662,5.9,2158.17,0.422,49594.501613,3,-9916.06,-20.0,True,False,False
0xeb5c01808e357b46be8678702c0f2869b42fbf82,True,534,262,98,164,37.4,1.12,657.16,10,1732932977079,1780358400016,548.9,1057.78,1.61,0.0,0,0.0,,False,False,False
0xeb75a45b99a8698ebc45f24a1ecb57235cc0f875,True,2000,885,401,484,45.3,1.96,18779.13,81,1759781639565,1788782121669,335.7,19837.33,1.056,0.0,0,0.0,,False,True,True
0xeb8b1525b082b765e8105f91eb8da08407523330,True,1993,644,471,173,73.1,0.56,-30866.25,2,1770047445666,1787625743287,203.5,-5573.46,0.181,0.0,0,0.0,,False,True,False
0xeba26f125d42d43b6876b89d8f67ad1516fad712,True,766,332,150,182,45.2,2.66,6077.67,30,1779395663507,1788500363724,105.4,1376.8,0.227,8268.505859,1,1049.52,12.7,False,True,False
0xebba0f0f67a9dc72a03ce741471eac98aacbcb6a,True,1659,859,698,161,81.3,2.32,43186.2,9,1781045814065,1788764935005,89.3,-6358.2,0.147,25600.743855,4,3833.53,15.0,False,False,False
0xebcb830acffffe5998822562719ab2b1d8dfad56,True,1381,635,270,365,42.5,0.53,-16322.2,5,1777940647932,1788818144942,125.9,-5788.08,0.355,119955.758978,3,1385.0,1.2,False,False,False
0xebd7c4b3677a4480fb5f69ac2f51c51d66a19990,True,1230,561,344,217,61.3,0.51,-335725.71,1,1768321698026,1788652398177,235.3,-60973.0,0.182,392244.985268,1,64718.58,16.5,False,True,False
0xebee1bfb72426ffeee194b7a6f69f231e502bd01,True,1132,490,263,227,53.7,0.66,-16329.3,14,1734452001827,1787936404715,619.0,5054.64,0.31,7884.126766,2,3256.55,41.3,False,True,False
0xebfcd64ff9cf896f05cdc48b5b4285afb4b4e089,True,1685,779,537,242,68.9,1.8,14372.01,17,1753274473119,1788673013818,409.7,1835.17,0.128,34803.059202,2,-19491.28,-56.0,True,True,False
0xec133e1274574c91cce51a0c76122588563aa90d,True,2000,882,299,583,33.9,0.95,-1153.2,34,1774263937297,1788705141646,167.1,1203.09,1.043,0.0,0,0.0,,False,True,False
0xec31c16f2ec50d846580c74b0ed1645d94f0d4da,True,2000,969,772,197,79.7,3.7,28263.15,5,1772004022398,1788805301736,194.5,-1152.06,0.041,4081.91342,1,1368.64,33.5,False,True,False
0xec5cca1f1c077fe9118366437472f40ad504b842,True,2000,1289,565,724,43.8,1.18,2960.76,5,1783887703974,1788785587765,56.7,-1166.91,0.394,24406.646181,1,1781.47,7.3,False,True,False
0xec7c3257d80aa80d06d996517020744e40a70b05,True,2000,1303,559,744,42.9,0.47,-9462.83,88,1788685889071,1788820081792,1.6,-488.21,0.052,468912.481597,136,-28406.61,-6.1,True,True,False
0xec9045405a878d01cdb836f82a6dd2abd49a169c,True,2000,1782,449,1333,25.2,1.68,266699.68,6,1784398545178,1788713783466,49.9,19523.45,0.073,482939.133472,1,-80574.95,-16.7,True,False,False
0xeca7f2631dd1e3a173235197c72f7769ce75d8a9,True,2000,929,401,528,43.2,0.72,-5174.91,4,1782393534605,1787934403828,64.1,-1678.46,0.324,2426.068128,1,-2631.16,-108.5,True,True,False
0xeccb9b9c6fb7590a4d0588953b3170a1a84e3341,True,358,164,103,61,62.8,7.12,14837.05,54,1692745550874,1779901410661,1008.7,5173.15,0.349,0.0,0,0.0,,False,True,True
0xecef1c1ae34adf37d7a4ddd91f760cd1cb07c638,True,1673,728,129,599,17.7,1.14,728.58,32,1785772266805,1788819779621,35.3,1121.24,1.539,0.0,0,0.0,,False,False,False
0xecfd6259e192a1828e80a50985ea2a95aa457025,True,1871,748,370,378,49.5,0.83,-5102.97,18,1784027023340,1788772722610,54.9,7007.63,1.373,2974.76112,1,-293.5,-9.9,True,True,False
0xed0d19f27297501b2844cb5c32a6c99e2357ea9a,True,2000,1154,296,858,25.6,0.37,-19975.43,22,1785194230816,1788807690526,41.8,-1710.0,0.086,2794.629053,3,-36.34,-1.3,False,False,False
0xed1df75f492dd5453eb136f2661ac2a91b804121,True,1297,635,358,277,56.4,0.82,-1218.37,3,1773794725596,1774838781042,12.1,-955.61,0.784,0.0,0,0.0,,False,True,False
0xed3a3d320e9804372a03a1b242504aff0416c50e,True,754,606,606,0,100.0,inf,508343.0,1,1787888574057,1788704317221,9.4,27118.23,0.053,97167.863505,1,29957.95,30.8,False,False,False
0xed48b856556a69c7c40229c9c4c829b909257c9b,True,2000,1070,349,721,32.6,1.06,14600.36,4,1784562954112,1788280720006,43.0,-31728.5,2.173,0.0,0,0.0,,False,False,False
0xed6d71a5677f043aeed9ea86904e2c73c627214e,True,285,123,53,70,43.1,0.8,-682.1,11,1772635603495,1787912671664,176.8,546.97,0.802,0.0,0,0.0,,False,False,False
0xed7c45acfd7d2d3b21f3039d86e1da540596d23a,True,2000,1040,770,270,74.0,4.3,21575.85,1,1784062725819,1788795625075,54.8,177.88,0.008,11860.885734,1,564.48,4.8,False,True,False
0xed9b723adedd2c82f16d4bcb1c23e4bf91d53403,True,2000,1022,405,617,39.6,0.65,-8603.35,23,1770304687416,1773796219784,40.4,-2353.86,0.274,0.0,0,0.0,,False,True,False
0xedbb9d57d52ea284410c87bea8360641cd7157a2,True,1457,692,382,310,55.2,2.55,9544.92,24,1748039309264,1780334186514,373.8,1356.87,0.142,0.0,0,0.0,,False,False,False
0xedcdcaa1f18350c50c10bef860e64daa9785d05a,True,2000,1979,382,1597,19.3,0.06,-178100.3,2,1787474386038,1787911676133,5.1,-7913.46,0.044,12284464.465,1,10955400.0,89.2,False,False,False
0xedeaa967b0100a4df613533df634ffe6cb5fd773,True,2000,1152,807,345,70.1,11.98,163301.62,3,1788604245289,1788817025570,2.5,13049.86,0.08,9087.530959,1,-1378.0,-15.2,True,False,False
0xee0322a17adff3aa5c5c10eb6bcc4f1519e80633,True,2000,849,711,138,83.7,0.52,-7187.41,18,1786161181558,1788790632833,30.4,-3198.5,0.445,699.786511,1,-446.33,-63.8,True,True,False
0xee1d75b08a725a94bd3659943c4ec6bcb5c8f390,True,1335,591,339,252,57.4,0.31,-139522.3,18,1734475350119,1774630694829,464.8,-56919.82,0.408,0.0,0,0.0,,False,True,False
0xee2b4aa53ae2b72c2c447b1bdd3fd6c7980c49ba,True,1152,459,281,178,61.2,4.61,15315.38,25,1787180565338,1788803738672,18.8,3245.06,0.212,11806.7743,4,380.29,3.2,False,True,False
0xee4630ff29f9199cdca16a742f50cd2b7c2b8e24,True,2000,1039,564,475,54.3,0.45,-254.48,20,1769714097998,1775658758197,68.8,-121.57,0.478,1.963081,0,0.0,0.0,False,True,False
0xee5d5a838d7b14465b3f107ea0c46f0c84639648,True,2000,1007,843,164,83.7,1.25,1907.25,57,1780655459163,1788794265159,94.2,-847.62,0.444,582.889262,1,-16.17,-2.8,False,True,False
0xee772e29e31b9972e1b683b04944bd9937ac0304,True,2000,1257,552,705,43.9,0.3,-493.5,38,1788811102495,1788820429003,0.1,-3.93,0.008,236648.357199,31,-31449.12,-13.3,True,False,False
0xee80d2e948c70293b18d30dddaffdcb37dca74b6,True,1368,854,439,415,51.4,3.66,51844.06,12,1733321167570,1784379107834,590.9,4901.68,0.095,9268.103955,1,-1562.16,-16.9,True,True,False
0xee9ebe5a6af97484aa4462ad6cd2cd8dd29933e3,True,728,362,315,47,87.0,14.88,15061.02,6,1773841933583,1777471661852,42.0,2189.97,0.145,0.0,0,0.0,,False,True,False
0xeebdbaf9ae9219a15dad459f223074dcb0962e0c,True,644,112,85,27,75.9,0.73,-1009.95,24,1779941143608,1787153267184,83.5,-1713.92,1.697,0.0,0,0.0,,False,True,False
0xeed0327d8ad8d10a96fbf43750aa7ae38c22f252,True,720,309,78,231,25.2,1.09,741.33,3,1751289008574,1784642095124,386.0,1136.5,1.533,0.0,0,0.0,,False,True,False
0xeee81fa8d062a0ed41c175b391dae614a92617ff,True,2000,853,317,536,37.2,1.32,7826.46,6,1787718396728,1788794353129,12.5,2720.57,0.348,103587.686799,4,2628.6,2.5,False,False,False
0xef1e626f65beb5c5a659d70028831361ad903549,True,2000,816,409,407,50.1,0.53,-4684.23,9,1787195125021,1788533766945,15.5,-615.0,0.131,8505.204356,1,-1265.35,-14.9,True,False,False
0xef2cad4f5014f5c596b38713277ad731a897f1f3,True,2000,639,425,214,66.5,38.06,40364.33,41,1783683695587,1788696660805,58.0,1661.71,0.041,0.0,0,0.0,,False,True,False
0xef4938a4fdc13be8acbf08ee3737204369f5579f,True,2000,1088,526,562,48.3,1.11,2317.84,30,1763801384780,1788819184051,289.6,3587.01,1.548,0.0,0,0.0,,False,True,False
0xef639998a3719181113922813bcb8bec47ceff18,True,2000,1030,721,309,70.0,0.99,-373.84,9,1781131847222,1788353896440,83.6,-3458.25,9.251,0.0,0,0.0,,False,True,False
0xef759e3f7fe04ac8c5b63736e5196ded52eaf34e,True,2000,2000,1999,1,100.0,41960.52,64921.45,1,1773131626092,1773135020754,0.0,60.47,0.001,0.0,0,0.0,,False,False,False
0xef87e537439acc5dc5fa697abb17834e8ee7f8a8,True,2000,1330,1060,270,79.7,19.39,310115.31,16,1763833596858,1788807993833,289.1,22305.38,0.072,0.0,0,0.0,,False,False,False
0xef96d013bdb1a5dfe553999f19b5091b9a299383,True,2000,423,122,301,28.8,0.04,-54880.56,22,1788703378691,1788820445404,1.4,-12028.55,0.219,1202372.931775,24,-1169512.77,-97.3,True,False,False
0xefacc3909fa29463f44180a4c174359338c72c3a,True,651,345,345,0,100.0,inf,223751.06,4,1748619149422,1776418112938,321.7,17958.36,0.08,0.0,0,0.0,,False,False,False
0xefce38f31ebeb9637e85d3487595261fdf6ebeeb,True,2000,703,333,370,47.4,0.65,-7216.72,17,1757687315965,1775654310438,208.0,-3442.6,0.477,0.0,0,0.0,,False,True,False
0xefe4c06b6d310978bead596e1798a4fc1d9d194b,True,2000,0,0,0,,,0.0,3,1788778968393,1788847488766,0.8,0.0,,37408951.970315,2,-302010.76,-0.8,False,False,False
0xefff9f68c79088d1efeea73b03c84ee422f09af2,True,1145,442,196,246,44.3,1.03,488.01,23,1732997178991,1788725968004,645.0,1635.26,3.351,25471.61994,2,6686.32,26.3,False,True,False
0xf00dbc4698eb16a82da0b29408ef25c9b48a0e51,True,599,233,157,76,67.4,1.22,2022.16,7,1777835094508,1787153265158,107.8,-1914.38,0.947,0.0,0,0.0,,False,True,False
0xf025a636bcc7a3ed3c2d6ba72f45b63e8df6ad8d,True,113,52,28,24,53.8,3.63,1045.28,23,1696240281814,1776124800020,924.6,778.83,0.745,0.0,0,0.0,,False,False,False
0xf038edc24326e4afb24501b60e87d006ee5406b0,True,1236,562,278,284,49.5,0.55,-4814.85,15,1771338682681,1779129083374,90.2,-1116.55,0.232,0.0,0,0.0,,False,False,False
0xf044c1bb05dfa3ceca6ab8ce0196bdebfcf57955,True,2000,1154,625,529,54.2,1.3,705.32,7,1780552464186,1783177161009,30.4,-1392.18,1.974,0.0,0,0.0,,False,True,False
0xf060d5dc903c6bc774b2636923a67491f0586cd9,True,2000,1454,796,658,54.7,0.59,-974.9,46,1788602753081,1788847359676,2.8,-259.78,0.266,11183.46516,66,508.22,4.5,False,True,False
0xf077837b60e416135bd6cf7ebd6914c1464cd500,True,2000,1002,415,587,41.4,0.79,-2948.35,16,1757951420676,1779931601386,254.4,2285.13,0.775,0.0,0,0.0,,False,True,False
0xf08b59571226ca605ab6ba9c72e973cccfbef8e0,True,2000,962,578,384,60.1,0.38,-15247.71,21,1774467064625,1787585396127,151.8,-1967.65,0.129,0.0,0,0.0,,False,True,False
0xf0a0594f10aa9e1330bc727814212741d791b512,True,1157,615,120,495,19.5,0.27,-29502.98,7,1752123290319,1773676248646,249.5,-2354.84,0.08,0.0,0,0.0,,False,False,False
0xf0c04051a2c44e04be654dd383818e0c29f61487,True,2000,1069,603,466,56.4,0.94,-1140.2,15,1777587154193,1781820397535,49.0,1808.09,1.586,0.0,0,0.0,,False,False,False
0xf0d69d179ca94eb9b16d9ddf9d5ebf2f23a34cef,True,2000,579,566,13,97.8,5.54,24040.59,6,1772972148760,1787310757849,166.0,5552.21,0.231,25376.163982,5,-43503.04,-171.4,True,True,False
0xf0f2023d534a333ccb49163b3a8796af81b32398,True,1336,699,568,131,81.3,1.34,1447.03,16,1775653161643,1782840416230,83.2,-469.47,0.324,0.0,0,0.0,,False,True,False
0xf109ef13a567cf7662dab15f34d77e4488573ff9,True,2000,1157,436,721,37.7,0.18,-48001.62,3,1781108542329,1781755912793,7.5,-4243.03,0.088,0.0,0,0.0,,False,True,False
0xf11f0aae4c52dd5eb948c61b2dfcd55c6c44ce1c,True,654,327,217,110,66.4,1.21,7174.24,6,1772104914280,1781162766686,104.8,-8893.6,1.24,0.0,0,0.0,,False,True,False
0xf138239edd2dcc997dd035537e306d5c9c45a1b5,True,2000,875,354,521,40.5,0.82,-5557.97,15,1779338572205,1783465888300,47.8,-962.55,0.173,0.0,0,0.0,,False,True,False
0xf14be72acba3becf3b6f0fc014f49e54e8511358,True,2000,809,450,359,55.6,1.77,5279.03,14,1779934641918,1787881900865,92.0,-563.25,0.107,0.0,0,0.0,,False,True,False
0xf173f3395d08488f548b71bcf0d46884b3c40b78,True,2000,1002,435,567,43.4,0.75,-3437.68,29,1777154402969,1780493704367,38.6,882.82,0.257,0.0,0,0.0,,False,False,False
0xf18e30936b6144b36cac59913d43eafc71f255ec,True,2000,922,374,548,40.6,8.29,3013.46,37,1774053442599,1788811839472,170.8,1038.46,0.345,1020.249278,1,-23.05,-2.3,False,True,False
0xf19b3c8b8004149cf21c8efe4433cd3b57752695,True,2000,978,304,674,31.1,2.02,109310.81,7,1765815249347,1788307200047,260.3,52286.91,0.478,123406.871758,3,107236.2,86.9,False,True,False
0xf1ad81a3dd38c03c86e3f8435e14715108cb6f57,True,2000,1125,489,636,43.5,0.95,-1319.31,10,1771356660247,1775584552212,48.9,3830.95,2.904,0.0,0,0.0,,False,False,False
0xf1cda174a3f242484847c5befec875798f0d9584,True,495,205,83,122,40.5,2.49,24950.05,11,1785165082009,1788566400005,39.4,6499.45,0.26,0.0,0,0.0,,False,True,False
0xf1e2783541c3edbe783c6b89e7cfd493c7894af5,True,2000,700,627,73,89.6,2.98,342854.28,8,1787368863799,1788802448062,16.6,129977.53,0.379,447394.989639,2,-414402.86,-92.6,True,True,False
0xf1ec33cc0dcd632e540d64cbfee36779174d94a6,True,458,245,221,24,90.2,10.79,3716.77,25,1770459888694,1788812957371,212.4,422.18,0.114,935.876603,1,-282.88,-30.2,True,False,False
0xf204570119c5a3ff9cd13f441f1de14edda6acbc,True,2000,1317,821,496,62.3,1.77,3286.35,9,1780078306215,1788250131427,94.6,275.34,0.084,5865.908555,1,8716.56,148.6,False,True,False
0xf210a18eca99eb0e139503bf45f81cc53a223105,True,2000,866,445,421,51.4,0.67,-5891.06,147,1713180126525,1788841431672,875.7,-1814.15,0.308,0.0,0,0.0,,False,True,False
0xf215debed8c49baaadbe163ccf22344770e3e148,True,2000,1233,708,525,57.4,1.21,635.27,13,1756453645623,1787836624310,363.2,-1307.71,2.059,0.0,0,0.0,,False,True,False
0xf2307990cc1d4b3a03839d70c902e3a6e9fce8c2,True,644,325,136,189,41.8,0.69,-4112.93,13,1738998710023,1786929893458,554.8,-1396.93,0.34,0.0,0,0.0,,False,True,False
0xf248fc80a4d3da6125c81c18e31244eeaa189308,True,2000,1048,547,501,52.2,1.27,3759.13,10,1782307997052,1786115503009,44.1,-1100.18,0.293,0.0,0,0.0,,False,False,False
0xf259d849b283ae31c8417c815e588bcf4d19f4db,True,2000,994,520,474,52.3,3.88,38485.32,28,1778137279999,1788729345442,122.6,2310.51,0.06,0.0,0,0.0,,False,False,False
0xf27410c8cc3108019c9a7644d338199c7b4d94c7,True,560,383,35,348,9.1,0.09,-119.38,1,1775290885400,1775291887571,0.0,-20.0,0.168,0.0,0,0.0,,False,False,False
0xf285c3701a834f94c5a6593b3923f71b508590f2,True,2000,1081,413,668,38.2,0.03,-67514.0,31,1773182531594,1788825600043,181.1,-4515.5,0.067,33678.8,1,-30883.94,-91.7,True,False,False
0xf28e29ca2ee62d9670e3b9639c8378910b7e6709,True,1588,957,640,317,66.9,1.6,5629.66,34,1779261668627,1788825612339,110.7,1260.74,0.224,4541.228265,1,-456.0,-10.0,True,True,False
0xf29d1e92aab957b4ce52e4fc7fd6f2376e2dbc27,True,626,391,243,148,62.1,7.66,58102.81,10,1757915268592,1785479820042,319.0,19906.54,0.343,0.0,0,0.0,,False,True,True
0xf2bbedc0fbf210d6cba4feaff842511a662cf094,True,1051,533,70,463,13.1,0.61,-5674.35,1,1761829283296,1775073020638,153.3,3606.3,0.636,2e-06,0,0.0,0.0,False,False,False
0xf2dd16e97b2ccbe9218a1e4224c13c3cdf7b1958,True,1449,555,363,192,65.4,1.76,17219.72,12,1779499539863,1788693769521,106.4,4337.87,0.252,4976.26075,1,-5904.6,-118.7,True,False,False
0xf2fe9d51e107c8ed24b8d25512e9fd87755d98a8,True,2000,989,564,425,57.0,1.0,-76.18,1,1775591256571,1779855566881,49.4,1097.68,14.409,0.0,0,0.0,,False,False,False
0xf315f35c8f40e771e2a867d5a8f92fb46aa88de7,True,1837,966,722,244,74.7,0.64,-9402.38,8,1771229345293,1787217030223,185.0,-10847.24,1.154,0.0,0,0.0,,False,True,False
0xf32617f34240fce5a1a978aba449b1a04167bcce,True,2000,1019,718,301,70.5,0.93,-7999.01,4,1785302910235,1788613369589,38.3,-6598.89,0.825,0.0,0,0.0,,False,True,False
0xf33b8b3c2559930ed028ef2591d85be57620d163,True,2000,1090,341,749,31.3,0.31,-24015.41,6,1774974967817,1776304477224,15.4,-2437.94,0.102,0.0,0,0.0,,False,False,False
0xf35153bc3129438ed3dab917082429582af711dd,True,2000,978,707,271,72.3,1.03,473.21,30,1788229692037,1788819689154,6.8,-2481.33,5.244,787.510926,1,-207.4,-26.3,True,False,False
0xf374271f1cbf8ce7200b10bc02aae15b9146f2a7,True,2000,923,330,593,35.8,0.2,-67374.43,13,1782061098019,1784241630921,25.2,-3600.78,0.053,0.0,0,0.0,,False,False,False
0xf381e3509934cee41c9c89e608f7ff342de29386,True,229,93,71,22,76.3,0.52,-1520.62,2,1775027054304,1778261448243,37.4,-719.35,0.473,0.0,0,0.0,,False,False,False
0xf3966357035e1c23c33636c9d3c577ed864f3b94,True,2000,882,804,78,91.2,16.92,6221.87,19,1787798154531,1788839656356,12.1,415.94,0.067,5977.458899,1,-5125.23,-85.7,True,True,False
0xf3a8057b16c03f558298167d1edae57737c8a040,True,2000,847,614,233,72.5,1.67,16770.29,6,1781639660242,1787404582802,66.7,-13413.99,0.8,0.0,0,0.0,,False,True,False
0xf3b81a4cae77e820f1b82f46ebd8216b57d1226a,True,2000,970,383,587,39.5,2.24,94263.62,15,1774559355622,1788767865764,164.5,21029.96,0.223,0.0,0,0.0,,False,True,False
0xf3d5a1c06da6e4015fc76722e2f6112f3d90e863,True,1469,658,467,191,71.0,1.33,41740.22,19,1752197763044,1788712313098,422.6,11471.75,0.275,9904.911946,2,-3180.55,-32.1,True,True,True
0xf3e0df68f61f6a6353f20d69d4e3b0c112566ff8,True,1601,768,235,533,30.6,0.69,-2670.99,13,1740180949063,1788360817148,557.6,640.14,0.24,0.0,0,0.0,,False,False,False
0xf3f50353645b60e8b38e94f8252b0b2bd3e78ee8,True,2000,1070,677,393,63.3,0.79,-3367.73,1,1785158127552,1786124454816,11.2,-1647.09,0.489,0.0,0,0.0,,False,False,False
0xf40b60251edc6285159372085fbf152b36b25179,True,1688,953,799,154,83.8,2.03,16184.78,8,1774250178593,1782754553504,98.4,-4941.07,0.305,0.0,0,0.0,,False,False,False
0xf4205eec027843444b12cdd85bf45155bb996566,True,2000,788,528,260,67.0,1.37,52652.06,8,1741873116788,1788765887363,542.7,-18489.43,0.351,21211.365452,1,-186.62,-0.9,False,True,False
0xf433181c03a2f422519c595f87a81dcc9bfbc5fd,True,2000,959,420,539,43.8,0.75,-3853.41,18,1788329950142,1788837927856,5.9,-2662.77,0.691,0.0,0,0.0,,False,False,False
0xf4678556d9917777599532db094d2ab8d5f25d4d,True,466,257,60,197,23.3,0.86,-439.52,11,1760962516316,1781528496585,238.0,520.38,1.184,4747.881258,1,739.66,15.6,False,False,False
0xf47664c945de8e5bc47b197e24e157053ca6390d,True,113,44,34,10,77.3,1.25,818.3,8,1763476830273,1784071251400,238.4,-3202.17,3.913,0.0,0,0.0,,False,False,False
0xf485a4bde36d95f66b99bb7853d95412e0f9c8ce,True,36,10,10,0,100.0,inf,1103.17,1,1780741432314,1780745368840,0.0,239.25,0.217,0.0,0,0.0,,False,False,False
0xf49ec27f278295b94d7c3badaaa954f0af278fe0,True,517,248,180,68,72.6,5.93,15723.89,29,1721845658262,1787394330507,758.7,2707.02,0.172,12916.033381,1,-18919.1,-146.5,True,True,False
0xf4b5295c919831cc1135b2a0a9c14a8883be436f,True,2000,1313,516,797,39.3,0.25,-2505.55,20,1777267399093,1781827200011,52.8,-968.5,0.387,0.0,0,0.0,,False,True,False
0xf4bf37e088a98fb7173f7d25761656ddf944ae46,True,2000,1401,356,1045,25.4,0.15,-235355.51,16,1776843320221,1783307792102,74.8,-14056.86,0.06,0.0,0,0.0,,False,True,False
0xf4e58f1cdf82880f1a42495e803f3f042e5ee7da,True,2000,790,188,602,23.8,0.7,-2805.92,56,1754124393751,1787356800028,384.6,1347.78,0.48,0.0,0,0.0,,False,True,True
0xf4f816ad4a811bd595ab8fc4e4b192f94faceb47,True,2000,882,399,483,45.2,0.31,-21755.89,21,1759787467764,1783533450672,274.8,-16609.67,0.763,0.0,0,0.0,,False,True,False
0xf50c841fe780e871f9802f81939a2767b8a8572d,True,2000,1121,366,755,32.6,0.73,-35739.35,2,1773249905143,1788471277383,176.2,-14156.08,0.396,25170.252726,1,-6942.51,-27.6,True,True,False
0xf5287e2d4873316503b608a4cd46c74b565cef7c,True,211,80,38,42,47.5,1.01,4.77,5,1761759464270,1788709375990,311.9,147.67,30.949,0.0,0,0.0,,False,False,False
0xf53f1ba49097d98c405c7f7718c902bdf80d315f,True,2000,1153,464,689,40.2,2.62,19578.28,6,1787194740223,1788847224679,19.1,-2553.13,0.13,0.0,0,0.0,,False,True,False
0xf55f9ad7bb566c41ea315ff21735e9ca6f92dabf,True,2000,1119,835,284,74.6,1.26,761.64,18,1783837759540,1788840514396,57.9,205.32,0.27,16195.191695,10,-11867.61,-73.3,True,True,False
0xf5896ad2c1773f9a646f24d8a48612e987e34825,True,2000,1049,377,672,35.9,2.2,2127.39,12,1754997684641,1779067732946,278.6,-753.14,0.354,0.0,0,0.0,,False,True,False
0xf5996cfefd48a664904d5e1f4729227b600e7a8e,True,2000,615,455,160,74.0,4.26,13019.48,28,1786359479664,1788799352555,28.2,1069.0,0.082,11124.472758,9,-1189.69,-10.7,True,True,False
0xf5ac4989d5a4eac252cf7a255a97c257bdd27023,True,2000,977,508,469,52.0,1.28,5431.35,8,1773725674573,1786847067774,151.9,1221.71,0.225,0.0,0,0.0,,False,True,False
0xf5c0e48f58d600804d1f7a10c8dbdc79c6e4a8ac,True,2000,957,674,283,70.4,1.06,5839.15,17,1770365436722,1788799818326,213.4,7984.86,1.367,0.0,0,0.0,,False,True,False
0xf5d81a135f756ca16544e53c20fc20643ec3ad53,True,2000,1100,324,776,29.5,0.34,-908.72,15,1788846477445,1788847974051,0.0,135.15,0.149,1230956.086691,21,-2.29,-0.0,False,True,False
0xf5f569a7006860e6e17c92ba9d5959090acf0336,True,1782,603,314,289,52.1,2.22,6514.19,27,1745254379569,1788845855026,504.5,8809.54,1.352,0.0,0,0.0,,False,True,True
0xf61713a0860dd1381f2d4fecd1ddd9bbe3bf59f0,True,328,127,127,0,100.0,inf,1214.22,1,1774741859061,1774786498683,0.5,109.65,0.09,0.0,0,0.0,,False,False,False
0xf62995bea4b051b61d39919cff55625ae7db5ebb,True,2000,1005,559,446,55.6,2.24,28481.47,21,1778075668786,1788801572075,124.1,1961.09,0.069,0.0,0,0.0,,False,False,False
0xf64350895731943463403a73f8f5cff2a9bf9d5e,True,2000,670,191,479,28.5,0.17,-3800.45,2,1775672520047,1776470572207,9.2,-287.79,0.076,0.0,0,0.0,,False,False,False
0xf6655e0f9f5c8b7d7da3de6f78cfe1b8394e8148,True,2000,937,582,355,62.1,4.94,57588.24,121,1700487566592,1787853388298,1011.2,9189.62,0.16,0.0,0,0.0,,False,True,False
0xf67da4d27342ffe749545e8428794d2840535ca1,True,2000,948,140,808,14.8,0.84,-2870.64,7,1781181086123,1781462961889,3.3,1178.17,0.41,0.0,0,0.0,,False,True,False
0xf694943940b429293ba725368e75b3f49ac1b592,True,2000,864,576,288,66.7,8.21,107644.55,8,1776973151904,1788285475620,130.9,16511.33,0.153,154308.638627,1,7122.98,4.6,False,False,False
0xf6ae13bea7ca57147de089e2c0e80a56ef805003,True,2000,930,498,432,53.5,1.01,424.38,20,1760137945363,1788455969746,327.8,-2237.3,5.272,0.0,0,0.0,,False,True,False
0xf6c7dc1f9d1ba5b17febe664bae7645c04b42067,True,1450,653,323,330,49.5,0.8,-29986.09,28,1748032275611,1788652800016,470.1,-11257.05,0.375,0.0,0,0.0,,False,True,False
0xf6db712dcd494dc1c01b32ca7f051e0f53f42684,True,31,23,16,7,69.6,7.39,258.27,3,1768797656856,1774439788160,65.3,283.4,1.097,0.0,0,0.0,,False,False,False
0xf6f371fb269f8e7c078e340fb8d3a253463247f8,True,1707,70,9,61,12.9,0.0,-17162.66,10,1787663822185,1788814347017,13.3,-2306.22,0.134,459427.798121,10,-358135.36,-78.0,True,False,False
0xf709deb9ca069e53a31a408fde397a87d025a352,True,2000,1406,1201,205,85.4,8.46,16295.5,4,1787651444193,1788700161809,12.1,468.24,0.029,0.0,0,0.0,,False,False,False
0xf721ab4e297d5ded12cfbd62d7b5d778e377b829,True,547,232,117,115,50.4,0.5,-2119.14,5,1784788128906,1787875200079,35.7,-836.48,0.395,0.0,0,0.0,,False,False,False
0xf736381cd7d51e8584eb22571a8d1e267f1bec5a,True,2000,1224,1110,114,90.7,3.29,46452.5,8,1748567956051,1781654400032,382.9,2129.46,0.046,52249.189376,0,0.0,0.0,False,True,False
0xf743f67af937668f4a19fe52987cf87b30b045e9,True,276,96,67,29,69.8,0.5,-2552.91,4,1772804036303,1774280813198,17.1,-621.58,0.243,0.003673,0,0.0,0.0,False,True,False
0xf75d02c3bc360f5731bdbc4519184e5de208bfb3,True,578,287,263,24,91.6,1.52,1902.39,1,1778127054891,1778290597989,1.9,-457.22,0.24,0.0,0,0.0,,False,False,False
0xf777028b2fc4d15387e6b99d3ceaa15d0266c62b,True,106,44,11,33,25.0,0.19,-1005.87,5,1774465005630,1787841761781,154.8,-987.27,0.982,0.0,0,0.0,,False,False,False
0xf78aaf58f56660377cee7b14e5af8ce6c2667ca4,True,372,189,125,64,66.1,1.07,4444.13,5,1758203853142,1788724379368,353.2,-27579.3,6.206,0.0,0,0.0,,False,False,False
0xf79c163305387f940f49999ff2abff5410129bbd,True,2000,1322,0,1322,0.0,0.0,-8421164.59,2,1782195745959,1782395644888,2.3,-554645.73,0.066,0.0,0,0.0,,False,True,False
0xf7bc827e4d1b5a37f6262e8be89400138a35bd07,True,2000,1117,363,754,32.5,1.3,7137.13,21,1769253469750,1773863134891,53.4,12559.82,1.76,0.0,0,0.0,,False,True,True
0xf7d170c6c72cf3a1e3a958565c7d7041ca578a9d,True,1434,572,342,230,59.8,0.72,-26705.49,13,1737910286748,1787536374806,574.4,-8640.13,0.324,54856.555454,4,-54408.77,-99.2,True,True,False
0xf7f779f262cf5ae67e979bf97c72609a205cb327,True,2000,979,509,470,52.0,3.05,23010.6,4,1761844603752,1787963166587,302.3,3227.95,0.14,0.0,0,0.0,,False,False,False
0xf8127fe8bd1afefc9f2389a59a30cd7a594165b1,True,1294,656,206,450,31.4,0.42,-25596.76,11,1779940487142,1783327390033,39.2,2646.79,0.103,0.0,0,0.0,,False,False,False
0xf827fc0a31f6155ae170ceb51723914a344b1ebf,True,2000,873,628,245,71.9,1.05,1324.45,3,1765793107433,1788773241967,266.0,-4781.47,3.61,0.0,0,0.0,,False,False,False
0xf83350f2426d9f4790b6aa61710f6a26ddd908e7,True,2000,1243,1107,136,89.1,5.13,461856.89,2,1780693112263,1780922658201,2.7,19347.08,0.042,0.0,0,0.0,,False,True,False
0xf84bc9b82625080e9db303bf24a49a4ed10cedb7,True,574,251,165,86,65.7,2.18,843.9,6,1770936245475,1777054727344,70.8,111.05,0.132,0.0,0,0.0,,False,False,False
0xf85a42a3f447f20ce982c63ade745b71b2d3a668,True,2000,1409,620,789,44.0,1.67,52245.46,21,1781129010169,1788707621845,87.7,27578.91,0.528,92816.066662,5,-40842.52,-44.0,True,False,False
0xf874039b239c1bda68b6b342dd0a5680e34a8c33,True,2000,620,620,0,100.0,inf,58161.96,7,1784088972457,1785946105791,21.5,1842.41,0.032,0.0,0,0.0,,False,False,False
0xf88951b0c0e387b182b7c5f16dbd2f99bd28cb86,True,2000,794,271,523,34.1,1.08,1573.48,14,1780674384337,1788799509637,94.0,5685.05,3.613,77513.017152,1,29029.63,37.5,False,True,False
0xf899e3b795a48f9844ecd2b2d53bd331d03e5dfd,True,2000,895,357,538,39.9,0.9,-2940.14,11,1786383741170,1787191666155,9.4,2240.89,0.762,0.0,0,0.0,,False,True,False
0xf8b2b92a49cc392e0abc073b7698789a72d02cfd,True,372,185,76,109,41.1,0.73,-28.44,64,1773507215222,1787593534940,163.0,8.66,0.305,655.96554,1,250.51,38.2,False,False,False
0xf8cb65125d9f17b6b12b6d5bf992eefb45180c0b,True,2000,1286,302,984,23.5,0.37,-5385.85,1,1788238339794,1788767673016,6.1,-892.57,0.166,61610.025336,1,34.79,0.1,False,True,False
0xf8dfd2f88f5b56f897e745a7ef05ad48fbb3e94a,True,2000,898,298,600,33.2,1.19,3207.01,34,1779429602954,1788718788404,107.5,6900.81,2.152,6946.694664,3,-542.05,-7.8,True,False,False
0xf8fa0bb0798489445577fa7387dcb2125c361c28,True,2000,1043,451,592,43.2,0.72,-5120.42,44,1777653774096,1788343806297,123.7,-1197.98,0.234,0.0,0,0.0,,False,True,False
0xf90c9edfd2ee7fa07615978b348b99500bb17963,True,2000,1080,1012,68,93.7,17.44,15324.15,25,1788047271028,1788847486148,9.3,1023.94,0.067,14048.348834,3,-1534.73,-10.9,True,True,False
0xf92c1f0e96a2c1096796c1289bca150ad9f35f37,True,2000,851,496,355,58.3,0.26,-114254.39,30,1783187555476,1788468645812,61.1,-74753.49,0.654,58729.091611,5,-12887.06,-21.9,True,True,False
0xf9344623bab0e6523a6575acac390d59ae814895,True,1207,583,278,305,47.7,0.81,-2105.26,37,1716998685595,1783070034039,764.7,-2102.95,0.999,0.0,0,0.0,,False,True,False
0xf94bf5fa5cffe5edb01c40735d49f09786591260,True,505,269,144,125,53.5,1.71,3115.98,26,1753438287854,1779061273232,296.6,1434.22,0.46,0.0,0,0.0,,False,True,False
0xf95c9809ea9437105181cd68fd7b95fc65efa882,True,508,194,127,67,65.5,2.59,3055.83,7,1768493800668,1775143182172,77.0,1636.37,0.535,300.010544,0,0.0,0.0,False,True,False
0xf97ad6704baec104d00b88e0c157e2b7b3a1ddd1,True,2000,1234,1047,187,84.8,60.59,64243.18,22,1787431841887,1788844935100,16.4,1788.0,0.028,320971.66288,3,-2678.22,-0.8,False,True,False
0xf9935633c18b5b8045cb68405854ca3f3ac9e371,True,2000,1226,1170,56,95.4,24.27,112942.09,15,1779983421501,1788845766040,102.6,18773.03,0.166,50487.072,0,0.0,0.0,False,True,False
0xf9aa2b8b6fc1ba884a10a677767cef449e529c72,True,2000,890,371,519,41.7,1.5,3594.68,35,1777063184569,1784505600034,86.1,975.81,0.271,0.0,0,0.0,,False,True,False
0xf9c8278bbc45a3df2b18e0d575c8fcef5d55c793,True,1323,589,293,296,49.7,0.89,-2089.76,25,1773597112995,1787632625673,162.4,3802.6,1.82,0.0,0,0.0,,False,True,False
0xf9d965f2b778ac60cdf642d127afcdbc472e4c7b,True,2000,948,702,246,74.1,0.77,-2511.2,30,1784628636824,1788701498378,47.1,-3403.76,1.355,0.0,0,0.0,,False,True,False
0xf9f9a7b9580938e0dc8587bdb39c830680ee0705,True,489,266,197,69,74.1,1.23,7334.88,2,1780581166898,1780870395185,3.3,-12634.0,1.722,0.0,0,0.0,,False,True,False
0xfa0af5821f68d4a00743400006550b583b776410,True,1257,467,274,193,58.7,1.11,638.57,5,1783185163310,1783458773406,3.2,-638.58,1.0,0.0,0,0.0,,False,False,False
0xfa2d25ffb3938d2ee2864b9007bc75c4684233ac,True,1431,692,189,503,27.3,0.25,-17584.7,11,1760803759563,1780648490382,229.7,-2403.5,0.137,0.0,0,0.0,,False,True,False
0xfa6825039674eb77aaa3d223f87c84e49121abbc,True,2000,949,438,511,46.2,0.74,-16276.77,45,1770007999860,1788722009226,216.6,-5936.31,0.365,12697.414171,4,-6052.49,-47.7,True,True,False
0xfa829d0ccf789006d0c8b52fa9d724ab4e166a1e,True,2000,1064,553,511,52.0,0.69,-3180.02,53,1782135009344,1784786435268,30.7,-1558.77,0.49,3e-06,0,0.0,0.0,False,True,False
0xfaa2fd21df0fa843da19c8b083f596d067738edf,True,1388,626,355,271,56.7,0.8,-2373.17,21,1738111576026,1779321600086,477.0,-1681.93,0.709,0.0,0,0.0,,False,False,False
0xfab225ebc8b8de0a83ac5980478496872da23132,True,2000,956,406,550,42.5,0.7,-9488.8,2,1788134958807,1788848266263,8.3,-315.67,0.033,581420.043276,1,-4002.93,-0.7,False,True,False
0xfac6c2ab9b9e0ed61aea388eb1e7f755811b9fa3,True,2000,852,297,555,34.9,0.31,-19144.88,17,1784790868512,1787011121542,25.7,-1290.48,0.067,0.0,0,0.0,,False,True,False
0xfadc4b7a7a4fcfa26095040cf2eb8d9ee2991020,True,2000,914,287,627,31.4,1.16,593.66,47,1777055124010,1788747752681,135.3,894.56,1.507,0.0,0,0.0,,False,False,False
0xfaf1ece157596f4a30190fc8ff819dbd8c45afc7,True,1533,643,397,246,61.7,2.26,64242.94,54,1707407412685,1780652898751,847.7,19450.77,0.303,7986.400283,1,-28861.9,-361.4,True,True,False
0xfb1df353e13b73e169578f69de116ac02fcbd9df,True,2000,1391,955,436,68.7,0.81,-6303.93,30,1765153400024,1788837199231,274.1,-1750.44,0.278,726.325101,1,20.2,2.8,False,True,False
0xfb2fcc6c3f031248d49df0c7da465b84526470b1,True,298,130,49,81,37.7,1.32,535.43,6,1752162824793,1781814515735,343.2,700.64,1.309,0.0,0,0.0,,False,False,False
0xfb4d7d8de4259c798a5f37abc8b539a09a8004dc,True,2000,944,247,697,26.2,0.17,-29575.67,4,1772547824991,1773323293315,9.0,-2110.53,0.071,0.0,0,0.0,,False,False,False
0xfb6eda6e35203eb1314831300b2abb7558b22031,True,537,209,137,72,65.6,0.18,-26669.97,8,1759332081150,1782283503189,265.6,-7940.78,0.298,0.0,0,0.0,,False,True,False
0xfb865b8a291fc02f8cbe2d5a92b4b57f1980893c,True,2000,918,604,314,65.8,1.36,61329.45,77,1733493824357,1788799369371,640.1,18130.98,0.296,22895.28399,5,-43977.41,-192.1,True,True,True
0xfb996bd6467d1575d338967415dc0ee72c6037f3,True,2000,1625,576,1049,35.4,4.8,73992.99,14,1779548410716,1788192277969,100.0,10618.86,0.144,388203.204806,1,275888.89,71.1,False,False,False
0xfba9c1f3fafbe1348900dd4048d98d3c558f2e6c,True,1141,559,428,131,76.6,2.2,16140.85,7,1742290411108,1787179402966,519.5,-3718.16,0.23,0.0,0,0.0,,False,True,False
0xfbbf53fdfd4950dfe2ac4604577dda68f586c0b1,True,2000,956,445,511,46.5,1.3,8649.31,22,1782360044409,1788547318023,71.6,-3090.51,0.357,8124.059551,2,23976.17,295.1,False,True,False
0xfbd0b7a8f7db0a4961618ebd3ab7ecfef1ce3831,True,2000,807,316,491,39.2,1.43,9288.3,12,1788133751261,1788843511069,8.2,3658.15,0.394,63413.058125,9,11784.23,18.6,False,True,False
0xfbe4bd83d7b18ced445f4a7aeb99ec7631979446,True,2000,920,246,674,26.7,0.25,-26647.06,12,1776305169867,1779061327799,31.9,-3404.91,0.128,0.0,0,0.0,,False,True,False
0xfbef54e5dec6c6383b1c864a4b276e8d5185fb84,True,71,36,3,33,8.3,0.12,-27220.45,2,1769387993825,1781159061609,136.2,-14240.62,0.523,0.0,0,0.0,,False,False,False
0xfc10d00823b6dcbe0197ba57ad2233cdd2575de8,True,2000,1059,334,725,31.5,0.73,-3681.74,56,1779503938367,1788566400005,104.9,-1915.21,0.52,1e-06,0,0.0,0.0,False,False,False
0xfc2a4d455038aeb6468d46a66275f913a6ff726f,True,2000,1155,634,521,54.9,0.78,-4911.31,3,1775233343646,1788828359821,157.3,-671.06,0.137,763.238041,1,-68.64,-9.0,True,True,False
0xfc4644b26895482ff1409b6c9854825a55510691,True,2000,1123,699,424,62.2,1.15,12915.54,32,1753147329097,1788733057577,411.9,7361.6,0.57,0.0,0,0.0,,False,True,False
0xfc57c0c2638162689b0c0394ef5d22c92c507e77,True,2000,960,156,804,16.2,1.03,471.58,5,1784039477393,1787660783740,41.9,2923.81,6.2,0.0,0,0.0,,False,True,False
0xfc722d0de76547188bf2b562c2c3f9fd9035f30e,True,2000,1994,925,1069,46.4,6.95,54398.0,24,1787375559096,1788740793582,15.8,1527.0,0.028,18890.131596,4,11002.61,58.2,False,False,False
0xfc7eca54f07f5fcf94661b10a2fed2851f3c7abf,True,2000,1150,924,226,80.3,13.83,314543.58,29,1750514672026,1781928415060,363.6,26408.12,0.084,0.0,0,0.0,,False,False,False
0xfc9931a1c642ad0dd5e261b59b5cd46d00e5f2f8,True,2000,1131,701,430,62.0,0.9,-9561.69,31,1752005204250,1788287931805,419.9,-12133.37,1.269,17413.713562,2,3080.92,17.7,False,True,False
0xfcb14a5d6938c13108e93679d39c23444d0ee3f9,True,2000,808,736,72,91.1,10.27,51356.72,6,1787178886933,1788513589226,15.4,4555.46,0.089,0.0,0,0.0,,False,True,False
0xfccd98beb9027992a7cc9c06415a735f8c3cdfcf,True,477,201,78,123,38.8,0.74,-366.07,6,1787298738722,1787555226510,3.0,246.72,0.674,0.0,0,0.0,,False,False,False
0xfce524c2aa8ca0249c43ffce0ae46717c0e8873f,True,2000,749,260,489,34.7,1.17,718.72,16,1776972599620,1782397986609,62.8,247.86,0.345,0.0,0,0.0,,False,True,False
0xfcf32791e8c638d3fa6e3a9b949c8f1799e95088,True,761,367,165,202,45.0,1.39,7394.84,10,1757552233175,1788827723607,362.0,4831.35,0.653,0.0,0,0.0,,False,False,False
0xfd041f7e1851da14e250b02251d12f896dc172fe,True,2000,863,440,423,51.0,0.26,-54667.54,3,1785169889483,1788450714611,38.0,-34064.64,0.623,11890.130786,1,2803.0,23.6,False,True,False
0xfd2448db6fc4b1263504eaf1183d57d76b487c25,True,1268,555,288,267,51.9,0.79,-1819.78,4,1781473631730,1788841154382,85.3,-1401.26,0.77,229.704847,1,-56.85,-24.7,True,True,False
0xfd4b2af8e07685c50a114ff4c2ff196351c4d7e0,True,2000,408,147,261,36.0,1.04,1250.95,18,1775428388666,1787271061026,137.1,3521.9,2.815,0.0,0,0.0,,False,True,False
0xfd66e330954b1d33772a78a70874cc2600754eec,True,2000,1140,620,520,54.4,0.98,-14.82,119,1788847020863,1788848516402,0.0,-151.24,10.203,73801.834971,90,-411.38,-0.6,False,True,False
0xfd7f2cc2faf0698927838155347c9b0b0d1b5dfb,True,619,333,176,157,52.9,2.35,2335.84,26,1756944140679,1776279105821,223.8,1217.18,0.521,0.0,0,0.0,,False,False,False
0xfd922bce644bcfb578edf467a5272b029fa51df0,True,1071,608,608,0,100.0,inf,64782.67,5,1786238578933,1787278517896,12.0,5249.25,0.081,0.0,0,0.0,,False,False,False
0xfd9f0084609cfeec099e70c7b2c9c6193ebd29f9,True,1264,602,82,520,13.6,0.51,-6999.24,1,1760371988376,1785412250134,289.8,-2798.85,0.4,0.0,0,0.0,,False,True,False
0xfdb03a2574e9e7d1c77d9ed752d99cdf25c3db25,True,2000,902,900,2,99.8,686.24,26565.48,8,1775914418982,1788834260157,149.5,852.44,0.032,77534.703403,1,-81.84,-0.1,False,True,False
0xfdcb736d927c0d51f7b7662e4c8098768cd87345,True,1876,743,404,339,54.4,0.5,-33313.66,27,1734786568342,1788651088644,623.4,-16355.33,0.491,0.0,0,0.0,,False,True,False
0xfde48efb9bd199063fb5645d1da15701117437d2,True,2000,901,707,194,78.5,3.43,19010.21,39,1764856805892,1788844935100,277.6,1155.15,0.061,9249.187275,4,2528.96,27.3,False,True,False
0xfdf5223df6c6f5c7769046e688e5e8fa490307e9,True,985,302,159,143,52.6,1.04,747.04,4,1773997710110,1774338694045,3.9,2213.07,2.962,0.0,0,0.0,,False,True,False
0xfe098ad26f2374c45583410962ee39704d355c1a,True,2000,970,508,462,52.4,1.93,49023.22,44,1770801170922,1788837208529,208.8,-8648.48,0.176,0.0,0,0.0,,False,False,False
0xfe194dc146167a9b54616d7590675bdb5608c689,True,2000,870,703,167,80.8,1.27,1129.0,28,1784650006549,1787377901718,31.6,-633.56,0.561,0.0,0,0.0,,False,True,False
0xfe2b9a48adbc625c2f0f12620ec74ebf91bc8327,True,2000,1071,426,645,39.8,1.4,5384.79,45,1776810061416,1780327880889,40.7,1891.57,0.351,0.0,0,0.0,,False,False,False
0xfe4348ac2d9462d2be0e88f35eff78822d702828,True,2000,1027,645,382,62.8,0.49,-17989.35,33,1783533932498,1788832803999,61.3,-3595.74,0.2,4572.977134,1,155.92,3.4,False,True,False
0xfe60c1a5a51d2e002c330e8f793743152e71ef2c,True,2000,968,584,384,60.3,2.1,4310.26,14,1762284647317,1787235833115,288.8,385.44,0.089,4161.145647,1,-8365.03,-201.0,True,True,False
0xfe7ce058edc7cfcde9ef8262ba51f8d4796ab7ae,True,2000,360,359,1,99.7,495.33,18270.5,13,1788796032343,1788848556799,0.6,394.18,0.022,13748178.465526,32,-3415880.19,-24.8,True,False,False
0xfe8f04b3ef54754bb4adf2a9ce6d4a5fc510b6c9,True,2000,881,860,21,97.6,25.27,19278.47,22,1757311227125,1788492860395,360.9,1036.59,0.054,5536.647935,2,-33.08,-0.6,False,False,False
0xfea3b8904a4342d50e17a9d8c2f13b5196a054ba,True,2000,1099,803,296,73.1,1.24,11312.64,8,1778475799769,1788656926250,117.8,-5314.51,0.47,46316.592099,2,-5522.1,-11.9,True,True,False
0xfeb11d7a626b4e862a4f97e03261e9283708b87a,True,2000,911,730,181,80.1,1.14,3979.16,26,1752712943722,1788806404737,417.7,-6289.29,1.581,4834.054074,2,3078.27,63.7,False,False,False
0xfebdc13d86d0ab5ab8f8e4dae51583da129bb982,True,480,248,152,96,61.3,1.27,1752.84,16,1775704287752,1780297287334,53.2,-1128.1,0.644,0.0,0,0.0,,False,True,False
0xfed459402e31f2e16260f2d89cd8e654498d35f1,True,2000,1004,921,83,91.7,0.38,-19838.32,27,1775094203606,1787344535848,141.8,-7294.21,0.368,109.925216,1,-11.72,-10.7,True,True,True
0xfee98ea7023b3973c04bf04749110257a99e1dda,True,389,154,80,74,51.9,2.31,11498.88,11,1764302595228,1788479984724,279.8,2386.19,0.208,521.422255,1,-1085.18,-208.1,True,True,False
0xfefb3cb9ea2de186405a6acb562b13b28fbb0439,True,514,303,96,207,31.7,0.77,-7629.9,10,1748597999276,1788236663002,458.8,7069.39,0.927,8075.636825,1,3219.74,39.9,False,True,False
0xff216cf7ced1399701387a0b80b5a2ead7961081,True,2000,585,44,541,7.5,0.32,-25117.32,6,1784777792932,1788352522990,41.4,3583.37,0.143,0.0,0,0.0,,False,True,False
0xff3313756a1d785228d7a2ee8fcb95f2602ca3e9,True,2000,759,580,179,76.4,0.44,-110889.95,3,1762550373772,1788454030166,299.8,-46854.29,0.423,40205.762065,1,12425.0,30.9,False,True,False
0xff4645d7898436fca56e4ad5840a06442366698a,True,2000,979,529,450,54.0,1.37,5228.47,46,1779883240779,1788409694435,98.7,868.35,0.166,0.0,0,0.0,,False,True,False
0xff669520cabe6aa6ae3751037d21fa628d8ab7e2,True,622,296,183,113,61.8,2.1,2091.34,18,1771863833976,1786387591529,168.1,833.26,0.398,0.0,0,0.0,,False,False,False
0xff8b6afc909f4f7d3217d327a37e26603bcb66b2,True,51,23,21,2,91.3,41081.2,318.86,2,1780067272759,1780442755987,4.3,61.11,0.192,0.0,0,0.0,,False,True,False
0xffa15518084bdaaf59bf549ef5adba579d4b2e34,True,2000,577,260,317,45.1,0.75,-1729.43,45,1779782390463,1787063229032,84.3,753.32,0.436,5188.398888,1,4060.05,78.3,False,True,False
0xffbb7f4f1568d87f69b0bcbe642d11f3daabd7da,True,637,251,173,78,68.9,2.75,10129.4,1,1748696486270,1784516429351,414.6,1375.24,0.136,0.0,0,0.0,,False,True,False
0xffc9a32e21d5241100044f22c0d2af7db3e99ebe,True,2000,1017,389,628,38.2,0.61,-45452.86,1,1779790976874,1781875105186,24.1,-7135.18,0.157,0.0,0,0.0,,False,True,False
0xffea522bb7a2ae3dda9c0b71ddcfa428f1867628,True,1801,748,457,291,61.1,2.29,7400.22,3,1780823371615,1780923179844,1.2,2782.38,0.376,0.0,0,0.0,,False,False,False
