address,has_activity,num_fills,num_closing_trades,num_wins,num_losses,win_rate_pct,profit_factor,total_closed_pnl,coins_traded,first_fill_time,last_fill_time,active_days,largest_single_trade_pnl,concentration_ratio,account_equity,num_open_positions,total_unrealized_pnl,unrealized_pct_of_equity,is_bag_holding,ever_liquidated,ever_adl
0x000000006543993c87da063e328840e3550cabcd,True,2000,431,301,130,69.8,0.26,-10222.67,10,1788009774144,1788867528344,9.9,-1574.41,0.154,80838.931341,7,-77563.58,-95.9,True,False,False
0x0007a981734f304dad9cf452dee0909cb845e22a,True,514,288,113,175,39.2,1.42,6198.33,2,1771656852759,1787276896335,180.8,2498.64,0.403,0.0,0,0.0,,False,True,False
0x001518d3ca330188fbd2ea0215936bac8298f5de,True,724,316,157,159,49.7,0.7,-3056.64,13,1767573680124,1787893697407,235.2,-1321.64,0.432,0.0,0,0.0,,False,True,False
0x0022deb164ff30144443ea8e829db2047016ed6d,True,737,534,457,77,85.6,0.79,-9107.57,3,1768418440165,1782951464360,168.2,-5665.14,0.622,0.0,0,0.0,,False,True,False
0x003473c4c08191261de6ec079f56ad405bc6db98,True,2000,892,405,487,45.4,1.65,7945.43,16,1787834797658,1788835049505,11.6,1278.74,0.161,0.0,0,0.0,,False,False,False
0x0044caa12028e1158da2a1555b3e4a2702fddc04,True,2000,1011,648,363,64.1,2.5,5214.47,30,1779977000565,1788642794261,100.3,665.44,0.128,0.0,0,0.0,,False,True,False
0x005110f17139e63b2d624e4c040c861af4c12519,True,2000,1204,808,396,67.1,1.53,45838.68,30,1773438138668,1788868846827,178.6,-15436.42,0.337,9995.751776,6,-3067.08,-30.7,True,True,False
0x006abdd1fbe34fa75ae4e986232f37ecedbc3537,True,2000,1218,978,240,80.3,6.74,122835.87,8,1784298121343,1788398394274,47.5,4847.45,0.039,0.0,0,0.0,,False,True,False
0x007d76eec0ba411ce873a8819df50dd443d967a0,True,2000,1796,517,1279,28.8,2.67,153345.67,2,1787529344623,1788195220999,7.7,12102.85,0.079,105755.368873,2,274617.81,259.7,False,False,False
0x00871deac87b9096d8c361a1c27fb1c8e485f0f7,True,2000,818,316,502,38.6,1.25,7557.46,2,1775687629217,1776060297109,4.3,-2360.39,0.312,0.0,0,0.0,,False,True,False
0x009d13e9bec94bf16791098ce4e5c168d27a9f07,True,2000,973,809,164,83.1,1.02,394.02,24,1784269651592,1788802277004,52.5,-3165.65,8.034,2674.403196,2,-766.95,-28.7,True,True,False
0x00b44cf4801de119b3d796ebace0af6f71e84aac,True,921,423,367,56,86.8,0.63,-29091.98,7,1779849884427,1784242108783,50.8,-34215.41,1.176,0.0,0,0.0,,False,True,False
0x00caaf67789cd375ee36ef7600b11e5cf8bd4f8c,True,2000,1174,309,865,26.3,0.7,-4773.13,4,1780527781553,1782306460073,20.6,-1149.39,0.241,0.0,0,0.0,,False,False,False
0x00db94c517bcf8168c73a04c1c45b5d10c8b5de6,True,2000,597,216,381,36.2,0.43,-26578.79,17,1776636613975,1788411523443,136.3,-4794.21,0.18,0.0,0,0.0,,False,True,False
0x00f6adc1c09fb26c257166d8c10b2bd5277af743,True,2000,1190,620,570,52.1,0.84,-2535.45,19,1770849545218,1788568992711,205.1,7785.25,3.071,0.0,0,0.0,,False,False,False
0x0101a3b6310245a20839ccccd99be862eb7e6055,True,1806,978,428,550,43.8,0.33,-37019.67,21,1769784275813,1788555726878,217.3,-4268.61,0.115,0.0,0,0.0,,False,True,False
0x0118cc49c88082843db88aa13fe55badbf225a86,True,2000,442,249,193,56.3,0.25,-32196.97,6,1787757906664,1788762360992,11.6,-5257.74,0.163,12907.025595,2,2963.51,23.0,False,False,False
0x012d22208d1873b7f8741ca7b5a723843da8731a,True,2000,722,211,511,29.2,0.74,-817.14,28,1774547544790,1788839099367,165.4,272.63,0.334,0.46369,1,-0.24,-51.6,True,True,False
0x0136a7b61c98940aa1dd00acb007b8fd1fd414f5,True,810,379,219,160,57.8,0.9,-6291.52,10,1749658555131,1788370320104,448.1,-12770.16,2.03,28803.497484,1,-20718.84,-71.9,True,True,True
0x014b2eda4135336183ab7f6565dc98dc97c35f47,True,1117,503,278,225,55.3,1.35,9935.97,25,1752130413582,1788807366721,424.5,20034.72,2.016,0.0,0,0.0,,False,True,True
0x015ceb12e7ad292d56e8f264277c0ef07675ce81,True,2000,1312,624,688,47.6,1.59,56377.19,7,1760037943313,1779061655137,220.2,-18377.89,0.326,0.0,0,0.0,,False,True,False
0x0187c76070e2ffb0ae47b298ab3353d00ee40849,True,2000,1223,952,271,77.8,59.07,13986.52,7,1783226290971,1788379405140,59.6,195.52,0.014,137.765953,1,266.98,193.8,False,False,False
0x01a4c3cbdc016a58adfd5dffc359724322d2a2f3,True,1883,810,364,446,44.9,1.18,4198.26,47,1721207210844,1775834214729,632.3,-4605.51,1.097,0.0,0,0.0,,False,False,False
0x01c0255d63e287cb0006328de58aa2e60d147bee,True,2000,860,260,600,30.2,1.73,13720.56,28,1780608393228,1788778837163,94.6,2240.37,0.163,46659.144347,5,15911.33,34.1,False,False,False
0x01d4a65e7ce7ec321de6740536b4c0f6ca33bb38,True,2000,1453,1179,274,81.1,0.2,-117521.72,2,1770228223041,1780413617016,117.9,-10316.98,0.088,0.0,0,0.0,,False,True,False
0x01e281a2791ae991f8a5aa625a5d582298d9d9a5,True,131,37,27,10,73.0,1.37,1686.0,2,1778192888652,1787302972343,105.4,1631.14,0.967,0.0,0,0.0,,False,False,False
0x01f135c734b4aae018ebf4e7995c560a38422e50,True,2000,801,233,568,29.1,0.03,-229047.13,2,1776636041888,1776828550700,2.2,-11510.82,0.05,0.0,0,0.0,,False,False,False
0x0200ca959462a9a839031b8ab6bf1e56e119c214,True,2000,975,550,425,56.4,0.63,-4766.42,13,1781876405725,1787911042352,69.8,2400.19,0.504,0.0,0,0.0,,False,True,False
0x0225779e5e72d0d9f5ca85cceca75b14a298877b,True,1865,869,398,471,45.8,0.8,-4718.61,36,1775430535992,1788423722330,150.4,-1453.2,0.308,34223.368063,2,9687.41,28.3,False,True,False
0x023ba5dae9f073b960c9c2b849ca5e2b80849d44,True,2000,992,634,358,63.9,1.01,201.48,45,1733575317691,1788828645235,639.5,9434.37,46.826,0.0,0,0.0,,False,True,False
0x0264d3ca7c7ba775ab88ccb396109c122a79cb34,True,2000,1035,413,622,39.9,1.05,39.84,52,1783500248903,1788861898235,62.1,33.68,0.845,7157.281342,49,486.12,6.8,False,True,False
0x0273b3440386d8d01d33e75d662122d710907ba4,True,1742,714,410,304,57.4,1.04,2068.97,30,1733943531377,1788673039342,633.4,-5346.34,2.584,2047.040235,1,-453.0,-22.1,True,True,False
0x02867e83eb85a3721422b4cddb8f4f64440eee0b,True,2000,971,281,690,28.9,0.3,-59521.83,4,1784646286739,1788193186332,41.1,-5561.69,0.093,0.0,0,0.0,,False,True,False
0x029974545315aecdc21650b17fc16f5b331bc817,True,1353,474,285,189,60.1,0.28,-44992.32,4,1781517376140,1788403334730,79.7,-4805.76,0.107,0.0,0,0.0,,False,True,False
0x02a4cc3102c8b3f3bf16bf13beb5e051eef9fb5d,True,270,114,49,65,43.0,0.51,-2353.53,29,1732879650490,1788687306293,645.9,-670.74,0.285,0.0,0,0.0,,False,False,False
0x02b0f4d585456a1f808ffe25624a0e2dafe52ffd,True,587,586,16,570,2.7,0.0,-456533.8,3,1779718191244,1782316358216,30.1,-27653.73,0.061,0.0,0,0.0,,False,True,False
0x02cd809ea9a3cddc5d9e5959a46b3d7505d08f3f,True,358,207,100,107,48.3,1.12,1945.63,6,1776430748592,1782831992199,74.1,3864.3,1.986,0.0,0,0.0,,False,True,False
0x02e1e81f36784ae23cbf53ea9ccbdf489d733062,True,2000,1020,952,68,93.3,2.5,22659.64,22,1760359519925,1788558224250,326.4,-2627.74,0.116,30004.636297,2,-6965.31,-23.2,True,True,False
0x02ea7af4762ad00870f07799e4adb3ba3d953660,True,2000,1040,547,493,52.6,3.47,18972.44,14,1777326077658,1778466686879,13.2,1999.56,0.105,0.0,0,0.0,,False,False,False
0x02fbcb27e9320a457887eb14c1d92dc6f95b1cad,True,2000,1189,539,650,45.3,0.78,-12255.17,6,1772821169292,1788794419359,184.9,-6983.4,0.57,0.0,0,0.0,,False,True,False
0x0319b88008686bcf15c8d0955b90b18050c661d2,True,2000,893,549,344,61.5,0.71,-12367.58,23,1752523039358,1787229373140,401.7,6605.78,0.534,2072.648932,3,1073.67,51.8,False,True,True
0x0328595a59a791d50f0dac034f98fe841c4b6949,True,2000,717,704,13,98.2,84.85,6484.95,12,1788367520429,1788869294431,5.8,686.35,0.106,1179.269293,2,-24.67,-2.1,False,False,False
0x0340784e724a3c8fb80de4826a5d3b0e9e69d8a3,True,1239,566,313,253,55.3,0.73,-2623.87,36,1735601176609,1780204751010,516.2,-1234.03,0.47,0.0,0,0.0,,False,True,False
0x035a22d9b0f817667685fb3c45873f2f15be7595,True,1335,615,404,211,65.7,0.7,-3681.74,17,1778742517979,1785132371210,74.0,-2106.03,0.572,0.0,0,0.0,,False,True,False
0x037919a275ddc336d024fa489c462d19c949838e,True,767,408,272,136,66.7,4.09,108350.05,7,1776177154548,1787241324108,128.1,26557.61,0.245,0.0,0,0.0,,False,True,False
0x0392052987557290d6daa0189a7c451916c8c119,True,2000,1068,652,416,61.0,0.86,-1483.73,1,1785119835084,1788849488905,43.2,-1525.51,1.028,2646.066167,1,-125.38,-4.7,False,True,False
0x03a011cd0c745553df4f7a8521ede9070ff428ed,True,488,249,54,195,21.7,1.14,1768.27,2,1763743477737,1788794352075,289.9,5511.6,3.117,23207.078199,1,1119.11,4.8,False,False,False
0x03b9a189e2480d1e4c3007080b29f362282130fa,True,2000,1219,579,640,47.5,0.23,-1128.56,53,1779217811138,1782432000043,37.2,-506.11,0.448,1549446.193769,0,0.0,0.0,False,False,False
0x03d2fe6089f00167690120cdd96dfa545ebf9faf,True,2000,1074,528,546,49.2,1.0,-41.24,17,1767604024712,1783517794601,184.2,3810.33,92.403,0.0,0,0.0,,False,True,False
0x03ea03398be304deae2e4f98d7a81f3189e561e8,True,486,259,172,87,66.4,2.0,7558.89,15,1764718076817,1773845621611,105.6,3694.94,0.489,0.0,0,0.0,,False,True,False
0x03fa8e0433335b250164669a2d9b19f242620088,True,2000,991,268,723,27.0,0.92,-343.95,8,1776848949919,1781199145570,50.3,274.02,0.797,0.0,0,0.0,,False,True,False
0x041060d6b965bba169f37f546c33870ab7c1a92f,True,1696,642,480,162,74.8,1.47,9730.86,8,1772717891248,1774012703489,15.0,-1515.12,0.156,0.0,0,0.0,,False,False,False
0x0421e0457edddf6940f558042c797587b12ff429,True,2000,1098,732,366,66.7,1.4,4250.19,2,1779208581567,1787671835320,98.0,2790.74,0.657,0.0,0,0.0,,False,False,False
0x042b32be75ff1cf42b61317b4a563b25c7cfdc5f,True,1446,650,388,262,59.7,0.53,-11043.57,5,1772635352408,1777662152331,58.2,-1864.02,0.169,0.0,0,0.0,,False,True,False
0x04447ced1ac22abb0b7785cab08e2335a556d9d1,True,2000,1043,736,307,70.6,1.75,26824.54,4,1776712226151,1788533061055,136.8,3778.53,0.141,5543.624727,1,-601.0,-10.8,True,True,False
0x04704ecaab8f063b76a6f2ff45d2f414f0acaa68,True,2000,818,565,253,69.1,1.62,7265.08,27,1752546123839,1787097600012,399.9,-3632.47,0.5,0.0,0,0.0,,False,True,False
0x048d3a6ac78acc7c342b482bc767f5110cd866ec,True,1046,521,274,247,52.6,1.23,8491.87,31,1759120547735,1788834079842,343.9,-5145.78,0.606,16039.82846,4,3802.77,23.7,False,True,False
0x049fcee7aa78e7baf54f9edb868793dbbd1bfa75,True,2000,991,435,556,43.9,0.86,-5232.39,65,1775030805228,1780012800066,57.7,2045.29,0.391,0.0,0,0.0,,False,True,False
0x04b68b743744cf94ed6e73c938d9ed242d56c43a,True,2000,1620,891,729,55.0,0.49,-6981.09,21,1780861348152,1782100970252,14.3,-2345.78,0.336,0.0,0,0.0,,False,False,False
0x04d28632df44cb4128bdf991c8f9c7386b7b133c,True,2000,1211,622,589,51.4,1.21,13152.29,46,1734282024382,1787584239196,616.9,13782.16,1.048,2097.98889,1,-1587.41,-75.7,True,True,False
0x04e3b794789e1b9317b20a795a902d1d07d8a1df,True,907,457,305,152,66.7,9.72,49288.36,12,1762335891353,1779470420667,198.3,2618.86,0.053,0.0,0,0.0,,False,True,False
0x04febde8d852931b73fd81c09904bb29d3a0e964,True,2000,1792,552,1240,30.8,0.52,-63708.5,46,1770405196406,1788307200047,207.2,-6559.7,0.103,362925.681908,2,306647.84,84.5,False,True,False
0x051f08b5f3515c9596d21930371a990965161734,True,1226,509,188,321,36.9,0.48,-16750.51,14,1770724239809,1787296536268,191.8,-12522.72,0.748,0.0,0,0.0,,False,True,False
0x05336e92edef2883d5cca2aaeee1b63187cef177,True,2000,1093,593,500,54.3,1.19,2972.77,35,1781010761900,1788704915434,89.1,2874.74,0.967,0.0,0,0.0,,False,True,False
0x0550b74a5d67d4d1cedfa519e349a389732453fc,True,2000,947,526,421,55.5,0.43,-10120.02,68,1779595740603,1788860187214,107.2,-1741.6,0.172,0.0,0,0.0,,False,True,False
0x05692cb05433e92abc21964428b58c47e98af3cc,True,2000,1123,415,708,37.0,0.74,-4954.34,11,1779959711228,1788834285559,102.7,-2538.78,0.512,402.425265,2,-5.7,-1.4,False,True,False
0x057ff83d7ed3547722884e4624a3698ff0cc05d4,True,858,332,212,120,63.9,0.85,-3749.35,2,1780307586480,1788411620601,93.8,-3784.44,1.009,0.0,0,0.0,,False,True,False
0x05936f6a5ea9abfbfcc690f1a6140d97e80640f9,True,2000,792,57,735,7.2,0.42,-88692.2,8,1787112210298,1788525102409,16.4,31610.34,0.356,925388.8562,2,245457.46,26.5,False,False,False
0x05a1df8dbdbb123f7339c15af466be7174597a22,True,283,125,72,53,57.6,0.41,-10497.75,2,1740952539159,1776368175193,409.9,1660.6,0.158,0.358183,0,0.0,0.0,False,True,False
0x05b51f53f09155478af947f0b6bfca30f2fc3aaa,True,2000,760,567,193,74.6,29.98,133513.82,19,1779105347901,1788707006875,111.1,17583.69,0.132,21842.784882,1,-10560.8,-48.3,True,True,False
0x05c250120ce07ba6fe361b39ac344148435c25ca,True,2000,1120,533,587,47.6,1.05,15603.13,9,1752632680907,1787288051490,401.1,26940.03,1.727,50658.948052,0,0.0,0.0,False,True,False
0x05d95d21b9680b1ceab8fb1f1509fee72ca6d6a9,True,2000,719,93,626,12.9,3.38,30528.22,12,1788639715653,1788869551330,2.7,14237.43,0.466,0.0,0,0.0,,False,False,False
0x05f8e2f2d4eff47412bec46c82186b113e5b38b1,True,947,549,452,97,82.3,15.08,93350.37,2,1779628856799,1784548857469,56.9,10143.47,0.109,0.0,0,0.0,,False,False,False
0x06058ee70fb0e8136b9589844aa70ee1aa12d2c2,True,979,484,144,340,29.8,0.94,-840.14,4,1759375149404,1787571646409,326.3,2131.03,2.537,0.0,0,0.0,,False,True,False
0x060e347b2c9439a8295a980f05ca442f6d16a00c,True,2000,844,137,707,16.2,0.29,-22564.31,10,1784423717734,1788866981366,51.4,-1097.82,0.049,19352.542957,2,1007.5,5.2,False,False,False
0x062466797cc8e639ed926b82c868d9216e0f7fc7,True,2000,910,556,354,61.1,2.18,19001.45,31,1746837962896,1785396174331,446.3,3141.07,0.165,0.0,0,0.0,,False,True,True
0x06411b5a5fd08cf3a0b855eea99766918066b644,True,433,179,52,127,29.1,3.01,27852.42,11,1776998464275,1788504943744,133.2,13621.91,0.489,0.0,0,0.0,,False,True,False
0x064d2955b5b56fa6f2038cf0510f93d6c8032279,True,2000,993,395,598,39.8,0.98,-303.34,21,1785505373515,1788869222896,38.9,1247.49,4.112,3111.41255,2,-112.76,-3.6,False,True,False
0x0660ce4e91cee605064059feeea32a9b472cf8c6,True,2000,1966,1867,99,95.0,17.31,79628.13,14,1778062319080,1783327606372,60.9,-286.08,0.004,0.0,0,0.0,,False,False,False
0x067c14b41eacc18eea90099006f47dacf0a69746,True,2000,1072,433,639,40.4,1.18,15096.98,19,1769873515685,1788800119528,219.1,6756.22,0.448,21686.813442,4,1474.43,6.8,False,True,False
0x069486e0d8e7d2c353d94d9540c471681ffc995f,True,1092,519,358,161,69.0,0.77,-4675.37,24,1752121960850,1788780577455,424.3,-2902.18,0.621,13156.463401,5,2546.63,19.4,False,True,False
0x06b0b7df4cbe61fa5344b07826dae297175c06ae,True,882,431,373,58,86.5,3.33,59427.15,33,1734215930426,1788694565235,630.5,16378.59,0.276,24905.671485,3,40.17,0.2,False,True,True
0x06c51f1fc98ff7cdee2b076ec5c8999af829b221,True,2000,2000,66,1934,3.3,0.01,-11042.26,111,1783085824886,1783277953190,2.2,-152.48,0.014,0.0,0,0.0,,False,False,False
0x06e0139cb5cce32d0343936dc2e8048987544e1b,True,2000,1251,437,814,34.9,0.18,-491799.48,12,1776771409714,1780445942385,42.5,-20451.13,0.042,0.0,0,0.0,,False,True,False
0x06f6af4bd3f69d34f106910483f28aef9c1f3148,True,2000,1020,673,347,66.0,1.27,3984.73,6,1777666905896,1788850307266,129.4,-3062.65,0.769,1424.326105,3,288.89,20.3,False,True,False
0x072177e3d373031b7a0957e7bde1a9ea96f819ab,True,2000,1525,589,936,38.6,0.87,-7802.26,9,1773360798640,1788795795085,178.6,1887.62,0.242,0.0,0,0.0,,False,True,False
0x07427c476501e03b1802541625cefd1df24484d2,True,2000,1236,580,656,46.9,1.64,138155.75,5,1783974793208,1788343137621,50.6,40164.82,0.291,0.0,0,0.0,,False,True,False
0x075286d1a22b083ebcaf6b7fb4cf970cfc4a18f0,True,2000,1007,655,352,65.0,2.91,6556.29,25,1784427472512,1784636930432,2.4,1262.97,0.193,0.0,0,0.0,,False,True,False
0x0765ac1a050d9ef9702c6847b0cc317387086fac,True,2000,238,232,6,97.5,3.27,4072.04,14,1785107354536,1788869447054,43.5,-1145.01,0.281,4908.620748,10,-93.05,-1.9,False,True,False
0x0782defc1753db3fd0e0a4cdd7229e3be0fc8e4c,True,2000,702,334,368,47.6,1.06,343.62,11,1781906257524,1786694851418,55.4,536.3,1.561,0.0,0,0.0,,False,True,False
0x078ecd982ef1148ac893b4db67d432a48d48864a,True,1404,231,52,179,22.5,0.54,-6104.95,3,1764340074966,1787397574678,266.9,-4938.62,0.809,0.0,0,0.0,,False,True,False
0x07a39be38677c641ae9bf54abdce2983e43dbecf,True,1789,1143,579,564,50.7,1.23,12037.08,7,1781083096512,1786112055039,58.2,-19803.28,1.645,0.0,0,0.0,,False,False,False
0x07b9f3d52de1f5d43f3d93a016550dbe26599c82,True,2000,897,518,379,57.7,1.12,8622.95,10,1784302648372,1788796852381,52.0,-4472.99,0.519,0.0,0,0.0,,False,False,False
0x07c4e9ff4d7dd0c3f2ad422800b9bee95125315b,True,594,268,156,112,58.2,0.89,-2142.47,7,1747919182613,1788159820123,465.7,-5020.5,2.343,0.0,0,0.0,,False,True,False
0x07dcc966db0ed3b4461db91eab4b8f89c4493fea,True,570,222,65,157,29.3,0.67,-2129.05,4,1732980544217,1788527754072,642.9,1565.46,0.735,7978.2936,1,5250.23,65.8,False,False,False
0x07f1424ae4f3f7d11c4b165bd67c6a9cb41cedb2,True,124,70,27,43,38.6,6.72,9373.81,1,1779554418846,1788356699177,101.9,2836.12,0.303,35779.60803,1,-801.51,-2.2,False,False,False
0x07fd993f0fa3a185f7207adccd29f7a87404689d,True,2000,1010,334,676,33.1,1.62,6973.26,46,1788839071340,1788869699147,0.4,2451.33,0.352,14969086.685394,60,-93067.9,-0.6,False,False,False
0x0811d5442a311bc591fe663534d548bf1c09d7de,True,2000,1135,755,380,66.5,5.0,128598.62,44,1722623953097,1787489226241,750.8,41917.57,0.326,0.0,0,0.0,,False,True,False
0x081d5ab9e46612f1ec16e716bc8d130cd920a5c9,True,2000,750,399,351,53.2,1.43,5278.25,10,1774507989019,1788758921509,164.9,1255.1,0.238,24508.87859,3,-26467.83,-108.0,True,True,False
0x083af6f3d35e842bb5205602802eb9258dbc19cb,True,2000,875,352,523,40.2,0.94,-2237.27,12,1779790034178,1788398511266,99.6,5750.49,2.57,0.0,0,0.0,,False,False,False
0x08607c190aa427ed13ca754d0a7d8737f33dd13c,True,2000,941,532,409,56.5,1.38,1590.24,3,1780980490057,1781787453767,9.3,-619.48,0.39,0.0,0,0.0,,False,True,False
0x087cd2d3b80024e1aa2f513da1fd841fb3618dc7,True,2000,1104,483,621,43.8,1.87,6786.28,7,1775463863793,1780928568815,63.2,808.87,0.119,0.0,0,0.0,,False,True,False
0x0899ff557cc8bddb8f16256117fc85faab36dbb0,True,2000,1089,498,591,45.7,0.29,-92735.77,2,1778770679940,1780226060181,16.8,-8235.03,0.089,0.0,0,0.0,,False,True,False
0x08ac4ab2c4aa184f7069b115f854d0335051d97d,True,391,183,58,125,31.7,0.14,-3381.59,3,1782900963782,1785354252625,28.4,-351.2,0.104,0.0,0,0.0,,False,False,False
0x08bed3f9ae9b3db6bf9b5de117e0309e028e7aa4,True,2000,718,399,319,55.6,2.8,128186.65,9,1787233606471,1788865722275,18.9,-10186.69,0.079,26360.461597,1,23797.19,90.3,False,True,False
0x08db9f558b3e28bb22702b5c8f0abbc4a7964fb9,True,825,389,184,205,47.3,1.56,629.91,10,1784085994395,1788766594464,54.2,316.87,0.503,0.0,0,0.0,,False,False,False
0x08fd79f629922db3d0eba6a8e0b193cd7d62c4fb,True,2000,1046,574,472,54.9,0.61,-4062.39,5,1776058957475,1776217841659,1.8,-1178.34,0.29,0.0,0,0.0,,False,False,False
0x09112f6a864b4b2045ed8195f80dbf19ef27ecf2,True,2000,1102,435,667,39.5,0.99,-884.09,14,1778078346689,1788451281006,120.1,3188.1,3.606,97725.51938,0,0.0,0.0,False,True,False
0x092fc6759a3b5dc91dba06af89f4f8775b2a3d53,True,2000,720,360,360,50.0,1.16,7289.8,10,1776343681344,1779321600086,34.5,-6045.71,0.829,0.0,0,0.0,,False,False,False
0x094f86cd831acbf0e97dceeaee51a5471a2d32d3,True,2000,944,524,420,55.5,1.91,35703.58,15,1773843409993,1788802819617,173.1,10023.23,0.281,35958.513985,6,4006.54,11.1,False,True,False
0x095de2cbd07d3da40d51523272fe25509a30524e,True,2000,464,266,198,57.3,1.06,635.54,4,1785396225424,1788861752395,40.1,5087.21,8.005,17631.9909,1,-7647.78,-43.4,True,False,False
0x097f97ee02826257cef0334cdc4e8f8b847d5a93,True,1144,436,236,200,54.1,0.7,-1447.02,43,1765379501715,1788851106355,271.7,-1598.54,1.105,2037.186688,21,-10.0,-0.5,False,True,False
0x098cb78fbd495bed6942553c47e5b516bab45d69,True,269,110,38,72,34.5,2.1,6860.15,3,1772617394693,1788439042098,183.1,-2611.87,0.381,0.0,0,0.0,,False,True,False
0x099691c206cb8ceaa41d3b9e55aaf859b2d3f78d,True,2000,692,653,39,94.4,8.22,51009.08,7,1772442197667,1788044202077,180.6,4912.42,0.096,220495.777623,1,159386.33,72.3,False,True,False
0x09ac8469b1d99fff81e3eadee03db8c251fe94de,True,2000,762,154,608,20.2,0.39,-2455.62,2,1775307486532,1783641600078,96.5,-246.44,0.1,0.0,0,0.0,,False,False,False
0x09cfc699a75123e104de62c07be117420123f911,True,26,12,11,1,91.7,371.77,1595.78,3,1734398148461,1788285712754,623.7,393.14,0.246,0.0,0,0.0,,False,False,False
0x09e8516aeaccb2e79fb954144404eef908d72b24,True,2000,903,450,453,49.8,1.85,52453.35,53,1751272242192,1788436920781,430.1,37126.91,0.708,0.0,0,0.0,,False,True,True
0x09f8de3a71a917486abb342a9ea14dbd5147c1fc,True,1742,768,337,431,43.9,1.5,10203.09,4,1752865283806,1777889319863,289.6,-2184.81,0.214,11.21284,0,0.0,0.0,False,True,False
0x0a0a466738a2f3ed0929e9cba59b3105132a872c,True,2000,1068,296,772,27.7,1.74,10008.32,10,1782679570466,1788206181066,64.0,1213.14,0.121,7424.506212,2,5434.3,73.2,False,True,False
0x0a236deab846f0a5fb47d0d6e5f10ffd1db4b346,True,2000,932,421,511,45.2,7.5,134652.84,6,1786156281218,1787153209626,11.5,9218.5,0.068,0.0,0,0.0,,False,False,False
0x0a3d11984cfc7ff5192b18528afe87c448af5de0,True,2000,1043,613,430,58.8,2.53,12859.64,13,1787751622373,1788863854778,12.9,-1211.75,0.094,9641.313695,4,1152.71,12.0,False,True,False
0x0a506b1e47726e769949086ea60b5b01cbaf956a,True,2000,1063,667,396,62.7,3.21,13477.36,28,1788614196427,1788869541177,3.0,750.78,0.056,206328.137288,19,-21195.62,-10.3,True,True,False
0x0a6ae2a16564109cefc178f6df7d98dd60cb6d5c,True,2000,928,149,779,16.1,0.06,-57736.15,5,1785354495645,1787521721631,25.1,-2019.45,0.035,0.0,0,0.0,,False,False,False
0x0a847e73a0618e330d54e26a0789425604e76ddd,True,2000,856,829,27,96.8,83.19,90441.13,7,1782996843905,1788133245650,59.4,3455.99,0.038,222466.304152,1,282874.95,127.2,False,False,False
0x0a8c2ee08760251705f5aaf7bb0e7b490029bc27,True,1051,443,261,182,58.9,0.74,-7103.75,20,1712136737251,1781965998304,808.2,-2471.69,0.348,0.0,0,0.0,,False,True,False
0x0aa0c3ac0151c42537fdb3cb6a2f37b9251a6c6c,True,2000,1054,579,475,54.9,2.23,33018.61,52,1779411557985,1788664611543,107.1,3921.0,0.119,14091.980153,1,9596.4,68.1,False,True,False
0x0aac6955688dc1cd3cafd52ebcade334fb1c9c3b,True,2000,1468,1468,0,100.0,inf,159371.35,8,1785298360047,1788357685281,35.4,4467.49,0.028,0.0,0,0.0,,False,True,False
0x0ac37e3e4ba4d8aaca5b49d950d4087a2b41f393,True,727,639,571,68,89.4,0.3,-9429.15,21,1783395724645,1783567701708,2.0,-5562.0,0.59,0.0,0,0.0,,False,True,False
0x0af1a2693e72e7676e447746f1c8dece74abb202,True,2000,1045,347,698,33.2,0.57,-25321.86,6,1767734573304,1786628783484,218.7,-2730.36,0.108,0.0,0,0.0,,False,False,False
0x0afe2b931a1f8b8772c22d07ad495c83df839465,True,2000,937,552,385,58.9,9.48,319230.28,44,1756794940886,1788753496575,369.9,18488.51,0.058,3596.375169,0,0.0,0.0,False,True,False
0x0b1ace05eb9ef1c3a1951b763700ecad24f27741,True,2000,1110,617,493,55.6,1.86,1204.79,33,1788865151589,1788870040791,0.1,124.11,0.103,47263.47274,21,-103.1,-0.2,False,False,False
0x0b281e8b3b6153dbb455238560b04152a64795d7,True,1013,355,186,169,52.4,1.1,934.22,24,1733199144000,1788868965442,644.3,1008.84,1.08,1092.026354,1,-5.18,-0.5,False,True,False
0x0b526f88ba1219533aa4023ae6b72bbd5af53a37,True,1377,748,272,476,36.4,0.57,-3509.48,12,1776033144118,1787581393065,133.7,-1122.31,0.32,0.0,0,0.0,,False,True,False
0x0b67857d828ee0bff6c9430edfe2aec9e764a740,True,2000,1341,683,658,50.9,1.98,18953.1,19,1773074430976,1777678884502,53.3,1901.42,0.1,0.0,0,0.0,,False,False,False
0x0b84a5ef9968793acc859768decc7bf2cd8d4435,True,67,26,20,6,76.9,15.54,241.27,11,1752564357461,1788512243312,416.1,52.29,0.217,1472.44923,2,-236.58,-16.1,True,True,False
0x0b9e84317c4bd7c445b112a47abd33d6e5530770,True,2000,983,445,538,45.3,0.97,-1006.49,14,1785253683273,1787936446013,31.1,-2395.42,2.38,0.0,0,0.0,,False,False,False
0x0bb401c91e3f1fb17a4061083ce2f382f2a2dd32,True,589,311,143,168,46.0,0.26,-22204.89,22,1752321233469,1780012800066,320.5,-3785.55,0.17,0.0,0,0.0,,False,True,False
0x0bbd4b77bd288148183c1c6c0c4dbb5d1f8b6029,True,703,286,286,0,100.0,inf,24785.1,8,1786837315170,1788867813290,23.5,2693.67,0.109,7371.571984,1,-264.0,-3.6,False,True,False
0x0be3f5624e9c133d0b075a089bff73a8ea45005b,True,667,279,122,157,43.7,0.87,-1753.62,10,1752359314549,1788798064134,421.7,2119.24,1.208,0.0,0,0.0,,False,False,False
0x0bf9eb2346e5da14a38556901dd20b310313e672,True,216,123,66,57,53.7,1.45,13497.7,1,1764192776863,1787851529961,273.8,-5895.57,0.437,0.0,0,0.0,,False,True,False
0x0c067f133e948a9f87222b0b163bd801428b675d,True,2000,911,690,221,75.7,1.16,15846.81,3,1781483883338,1788838003359,85.1,15303.72,0.966,0.0,0,0.0,,False,True,False
0x0c13e2e48728ac50fa1e229bac48081292715bbc,True,658,332,146,186,44.0,0.87,-2909.36,9,1773280082621,1779495191244,71.9,-4297.95,1.477,0.0,0,0.0,,False,False,False
0x0c261525a40e8c8cd88ecfaf88cb33583ae1dac3,True,1178,430,345,85,80.2,0.59,-11833.29,7,1757683961945,1788615140571,358.0,-7293.44,0.616,4781.459696,1,-168.58,-3.5,False,True,False
0x0c349d9b92fbd172bbb5a17a9db0a673a6a10ad3,True,2000,1020,636,384,62.4,1.22,18818.73,9,1785246962770,1788281418947,35.1,6824.95,0.363,0.0,0,0.0,,False,True,False
0x0c3ec06f6f254e40e307630c78fff5c8bc707678,True,2000,838,455,383,54.3,3.25,30309.46,22,1778189494452,1788856819815,123.5,1806.82,0.06,0.0,0,0.0,,False,True,False
0x0c51fe7923bee4c22a84c5b4109e0c5336d8fde2,True,2000,1142,765,377,67.0,2.51,22149.44,24,1787873339027,1788866477889,11.5,-1717.01,0.078,146070.277603,4,-3553.73,-2.4,False,True,False
0x0c60ceee9c7b07dfcaca32f4ddb77ab61130189c,True,819,351,151,200,43.0,0.57,-31258.44,24,1748558616293,1787176102682,447.0,-19318.06,0.618,0.0,0,0.0,,False,True,False
0x0c708dbd2412edaa1b685918b8e34600bcb3cde1,True,2000,913,388,525,42.5,0.66,-7581.71,10,1758255992731,1787919219654,343.3,2071.94,0.273,3029.925032,0,0.0,0.0,False,False,False
0x0c81ad097db0a529bfe5b6e2253e59bc4b9660a8,True,2000,1072,335,737,31.2,1.01,328.28,21,1786312092542,1788802451717,28.8,-8250.03,25.131,143504.376936,2,19927.13,13.9,False,False,False
0x0c91ed981f47110ac6163c5d148851fd54fe198d,True,1409,581,307,274,52.8,2.31,8172.12,50,1732912151010,1788820803992,647.1,6131.24,0.75,11.751656,1,-4.78,-40.7,True,True,False
0x0cb0f7b089649e2a0df7abebf54ea20b163cbb62,True,430,194,120,74,61.9,2.02,8834.1,3,1780314473424,1787322374159,81.1,1660.22,0.188,7576.048976,1,-9490.23,-125.3,True,True,False
0x0cc6170434f3872859af0bc709d3cafdeccda061,True,196,157,157,0,100.0,inf,5080.28,3,1785853681545,1785970558102,1.4,2400.0,0.472,0.0,0,0.0,,False,True,False
0x0cd47890393cfa9aa7baa940c7c8abb09696e495,True,2000,881,868,13,98.5,1515.82,98033.1,4,1773102426450,1779253156034,71.2,6206.1,0.063,0.0,0,0.0,,False,False,False
0x0cdd2d59c755f0fa305efd0fdc83b29c8d8a4c66,True,2000,1082,286,796,26.4,0.48,-17455.4,15,1780741480768,1787839451514,82.2,-1836.8,0.105,0.0,0,0.0,,False,True,False
0x0ceaa5c9d56186493c6fac456ac29d1905f0c90c,True,938,436,284,152,65.1,0.96,-1680.83,5,1769123999420,1779987169851,125.7,-7605.77,4.525,0.0,0,0.0,,False,True,False
0x0cfab691385c83940eaa6c9ef87b2457b476033c,True,1379,642,428,214,66.7,1.22,28062.85,19,1758314621927,1788712260800,351.8,-17654.66,0.629,6683.070059,2,-3131.44,-46.9,True,True,True
0x0d2d15096300211faf3db71276826ca12227ed0a,True,1316,660,351,309,53.2,1.54,10663.56,15,1773925316300,1787302829201,154.8,-2442.0,0.229,0.0,0,0.0,,False,True,False
0x0d5478a51ad77ef6ffa96909bb64c38c6108f25a,True,604,295,114,181,38.6,1.31,208.61,70,1784013810606,1788767025499,55.0,318.95,1.529,1637.219386,23,103.67,6.3,False,False,False
0x0d7072ff1c2c1dfd54fb19c73c9771354bf22f0a,True,1412,794,494,300,62.2,0.88,-2372.47,43,1727275164193,1788838448283,712.5,1929.44,0.813,0.0,0,0.0,,False,False,False
0x0d87560cb058b41241e0db8971426aa40157ac67,True,2000,595,558,37,93.8,2047.21,147441.18,5,1779193927631,1788452760065,107.2,2760.76,0.019,0.0,0,0.0,,False,False,False
0x0daae6dc07e360e805c69af261467a4c92774eea,True,2000,949,409,540,43.1,1.08,1331.93,13,1785352960710,1788857799261,40.6,1294.57,0.972,0.0,0,0.0,,False,True,False
0x0dba70c7f8405308c0c741f31a0e09167c20c45f,True,2000,1072,756,316,70.5,1.01,1621.22,11,1781614199905,1788853508865,83.8,23477.95,14.482,10593.315278,1,-890.49,-8.4,True,True,False
0x0dd5db9c3748486e747c6a123727f472668cf6ee,True,2000,974,594,380,61.0,2.0,1868.81,1,1788185247496,1788536090709,4.1,40.49,0.022,18028.570424,0,0.0,0.0,False,True,False
0x0deb827a58f6eb88e15c91d941c33515298d0bc5,True,2000,903,540,363,59.8,1.01,3655.42,1,1764602800920,1787348169525,263.3,-68941.02,18.86,118356.705817,1,231312.37,195.4,False,True,False
0x0e024cdba8377acf2d83e23090e27f5f8f490497,True,2000,1090,336,754,30.8,1.15,1060.06,36,1778165327771,1788835839209,123.5,715.64,0.675,821.785143,1,88.33,10.7,False,True,False
0x0e0eb3b3be3b76935ff50738a2e9899828c847ec,True,1659,736,209,527,28.4,0.18,-14784.12,39,1766461361248,1782441763186,185.0,-1463.4,0.099,0.0,0,0.0,,False,False,False
0x0e337ec5f090e9aaac6b59176695c93b212bb64b,True,2000,992,510,482,51.4,0.95,-407.93,15,1785941711863,1788845409992,33.6,344.27,0.844,0.0,0,0.0,,False,True,False
0x0e3f5bb797e3953fed2a319544d0e821b4a11e1c,True,2000,1059,896,163,84.6,0.89,-1423.32,7,1783585711937,1787723297906,47.9,-1466.11,1.03,0.0,0,0.0,,False,True,False
0x0e598c040c87bf17ba0a86850be1215f5e123bda,True,2000,798,321,477,40.2,0.39,-21377.42,8,1787434575421,1788845085861,16.3,-1657.58,0.078,0.0,0,0.0,,False,True,False
0x0e713eaade9e75db96ea54399ee5eae0ccda8e39,True,1782,784,97,687,12.4,0.3,-20046.22,1,1783714010271,1787153245480,39.8,3251.22,0.162,0.0,0,0.0,,False,False,False
0x0e81f1c64fecefcafc637f5f2f1f98856377cdeb,True,2000,1012,234,778,23.1,0.49,-27219.98,45,1773215345192,1786391896822,152.5,-3283.73,0.121,0.0,0,0.0,,False,True,False
0x0e9beee0eebd1e1b1e49e2d6011cfd0b59bb79c3,True,2000,1036,461,575,44.5,1.02,42.46,15,1785102666690,1788818662676,43.0,455.14,10.72,268.135984,1,727.87,271.5,False,False,False
0x0eaf9c031e327236042d3f489b96f8c1fadc332b,True,2000,1005,131,874,13.0,0.14,-57030.81,10,1780919811270,1782192757540,14.7,-4406.26,0.077,0.0,0,0.0,,False,True,False
0x0ebdc7b8ec61ce88d855e05cc03d44a7fe0fa35e,True,2000,801,534,267,66.7,0.82,-6370.23,21,1775096475573,1783217920227,94.0,3880.03,0.609,0.0,0,0.0,,False,True,True
0x0ed94196b7cf3a2108699497e22b087675aeaea9,True,2000,608,427,181,70.2,0.41,-177997.48,8,1769463867121,1777291821847,90.6,-37820.6,0.212,0.0,0,0.0,,False,True,False
0x0ef10fa931f082a1519912b7fc75cf84218622b2,True,2000,987,824,163,83.5,1.87,28032.13,40,1769307106628,1788827667033,225.9,6526.24,0.233,5536.870788,1,-1011.2,-18.3,True,False,False
0x0f0ff7875ebf8343c5c5eb43ae29233a80048ec0,True,2000,656,400,256,61.0,0.92,-7795.84,3,1780608040466,1783209600077,30.1,-10773.29,1.382,237842.392336,1,137280.72,57.7,False,True,False
0x0f25c6df7af5f106e233c2dcdfca403fabe4f8cc,True,2000,783,162,621,20.7,0.48,-27906.78,6,1775828395173,1776546059786,8.3,-2640.35,0.095,0.0,0,0.0,,False,False,False
0x0f38a8fe95827ce9a13bf075487ac8188c819aa4,True,2000,1485,778,707,52.4,0.53,-151523.09,4,1778590908847,1780416023938,21.1,-45380.29,0.299,0.0,0,0.0,,False,True,False
0x0f529ec60f7103d2e278fbaa629cac1ca1cd01db,True,632,382,233,149,61.0,1.79,26389.55,9,1780251732720,1788851427596,99.5,4556.56,0.173,16650.456564,4,-16594.21,-99.7,True,True,False
0x0f7795a283a92dd41e9fa1675ef8b527305270ab,True,2000,995,830,165,83.4,3.16,50846.14,41,1774360138737,1784925148405,122.3,-3998.23,0.079,50499.656032,0,0.0,0.0,False,True,False
0x0f83a7bf2ea16c7d8c90e3aa4ca0c8e58a83c9ea,True,2000,753,746,7,99.1,980.35,99839.99,5,1787741385899,1788868441421,13.0,14632.96,0.147,184858.594845,4,-25230.52,-13.6,True,False,False
0x0fa5bebc4532a3141deff4efaca2ecde9079f5a2,True,553,343,201,142,58.6,0.42,-7945.19,18,1775825527693,1788536244133,147.1,-1555.03,0.196,0.0,0,0.0,,False,True,False
0x0fb3255c84a2a3e0fe978d674b3d3e2dfc02c7de,True,2000,886,516,370,58.2,3.87,37153.28,12,1781060289163,1788850342797,90.2,1851.54,0.05,15796.503347,2,-2336.34,-14.8,True,True,False
0x0fd468a73084daa6ea77a9261e40fdec3e67e0c7,True,2000,1393,510,883,36.6,1.01,253.8,1,1788826862088,1788870288224,0.5,506.29,1.995,2151955.290291,1,75.34,0.0,False,True,False
0x0feb7fa2022268690128d270f7011a1e12a71564,True,2000,1119,366,753,32.7,0.45,-21502.14,13,1784765451337,1787284411820,29.2,-2119.33,0.099,0.0,0,0.0,,False,True,False
0x0fffab764a78d2cf36a9f6079ad0e8361fa2eb94,True,2000,979,472,507,48.2,0.72,-5055.0,24,1787431040644,1788814451464,16.0,-1229.05,0.243,0.0,0,0.0,,False,False,False
0x1009756b8ead45c7a46454cf824a18d056766573,True,2000,1005,278,727,27.7,0.56,-17098.51,7,1786999160783,1787350368995,4.1,1764.14,0.103,0.0,0,0.0,,False,False,False
0x101b8f30d0569efcde9e485f10bba65d2ae715b3,True,2000,1063,300,763,28.2,0.73,-1958.87,9,1777471030154,1787364847713,114.5,-759.1,0.388,0.0,0,0.0,,False,True,False
0x102a618b36c32b338c03526255dcf2a39eb1897f,True,2000,1063,262,801,24.6,0.4,-17523.05,23,1775698366108,1785304324564,111.2,5639.45,0.322,0.0,0,0.0,,False,True,False
0x103fc99e1dcf6add73014fe675255761fd26eca8,True,2000,949,642,307,67.7,3.4,7918.27,6,1788387364371,1788525502819,1.6,1024.7,0.129,0.0,0,0.0,,False,False,False
0x1057b9badd594e9c5202477089682ff33cf23fb8,True,2000,542,339,203,62.5,0.38,-2358.69,20,1783451900471,1788724216235,61.0,-655.87,0.278,0.0,0,0.0,,False,True,False
0x10683285caff7e1eaa44759cdf1faf3e8880834a,True,2000,1058,482,576,45.6,0.61,-920.09,13,1786015150751,1788867566432,33.0,175.17,0.19,0.001654,1,-0.0,-233.5,True,False,False
0x10838ca2a9111dc202948aaf61ed1902e37a6492,True,982,478,269,209,56.3,0.3,-24640.94,4,1784698379574,1788052827582,38.8,-11963.57,0.486,0.0,0,0.0,,False,False,False
0x10a6f67410f0a8a854d7c63784b7f8dae8dc4d17,True,2000,1070,423,647,39.5,0.39,-1739.27,16,1777377179345,1780988303472,41.8,-254.8,0.147,0.0,0,0.0,,False,False,False
0x10c114a9d35a0e825061e7e9c1b8ad7b6def200b,True,2000,738,544,194,73.7,6.09,34702.32,62,1780640642045,1788766532540,94.0,2078.35,0.06,0.0,0,0.0,,False,True,False
0x10cdc437cf87a47a30378795ebabd19e7a0296ec,True,1270,651,370,281,56.8,4.42,59428.7,36,1693765265825,1788774546741,1099.6,12606.72,0.212,0.0,0,0.0,,False,True,False
0x10d9dc2812ccb0ea9a9b89864def70a57a944890,True,2000,971,273,698,28.1,0.16,-58710.75,15,1788134937652,1788816929036,7.9,-3370.7,0.057,216264.811404,10,-241469.54,-111.7,True,False,False
0x10f8b7027df40ad26e412dab55803b9daceabc65,True,2000,994,484,510,48.7,0.66,-1020.38,9,1786307301755,1788860874128,29.6,-139.27,0.136,0.0,0,0.0,,False,False,False
0x110eb927368c8173ddff27744db046939c66cc4d,True,2000,687,314,373,45.7,1.49,9287.32,39,1771159890632,1786386094875,176.2,3794.92,0.409,0.0,0,0.0,,False,True,False
0x111cff56fc27d8d2a6e73f1b1880d5dae68efc43,True,2000,887,426,461,48.0,0.39,-101327.73,36,1778792752110,1787097600012,96.1,-6897.86,0.068,0.0,0,0.0,,False,True,False
0x11302831dac338809ae423c53e597ef0df3ea48f,True,2000,640,246,394,38.4,0.48,-42703.46,11,1752728350315,1788727577439,416.7,-5259.69,0.123,0.0,0,0.0,,False,True,False
0x114ed583edb30e48b9b962a5625610c46c462442,True,2000,1106,530,576,47.9,3.98,51972.66,29,1782196000214,1788705300869,75.3,3677.3,0.071,43467.357815,0,0.0,0.0,False,False,False
0x11615843a09fa765d98ebf3eb15690450ef7e60a,True,2000,1054,907,147,86.1,1.43,132309.35,4,1771062231905,1787907172668,195.0,-61366.8,0.464,0.0,0,0.0,,False,True,False
0x1174c19e08d5dbf3444c6376d6583b2d4f91cb65,True,2000,968,357,611,36.9,0.51,-7806.26,16,1783263670837,1787754775516,52.0,535.38,0.069,14412.601925,1,10492.29,72.8,False,False,False
0x1188e4d6c751d79e27cbf38309803b998318a7e6,True,2000,885,267,618,30.2,2.6,44922.02,17,1784581766413,1788527103662,45.7,18715.63,0.417,23008.869984,1,14623.38,63.6,False,False,False
0x1197b8dc1412892b03f90220e59939af1f88d3be,True,2000,882,515,367,58.4,0.69,-28301.76,7,1775443226442,1787177291410,135.8,-11232.63,0.397,4660.206925,1,-1624.31,-34.9,True,True,False
0x11b40823f92abf25e1dc6e1a322976b661ffcc9c,True,2000,861,551,310,64.0,0.25,-138413.33,5,1783537210194,1788451999493,56.9,-35776.39,0.258,32157.607356,1,3147.83,9.8,False,True,False
0x11c8921a1f37fe15615d001e8ddc3883f2232294,True,1504,910,373,537,41.0,1.31,1427.67,20,1748345244437,1787941954928,458.3,598.48,0.419,0.0,0,0.0,,False,True,False
0x11da679c9d8cc777485781f94400eab8ab79ac54,True,2000,964,571,393,59.2,2.34,38228.71,12,1771473582518,1788280780491,194.5,4018.53,0.105,0.0,0,0.0,,False,False,False
0x11e89a62c459e89a70560ca1e0dcb40cffb50099,True,1065,482,321,161,66.6,1.06,111.04,56,1776149111028,1782138825416,69.3,-303.46,2.733,0.0,0,0.0,,False,True,False
0x11f983e27eeee948adeed42e7346bc07fc878fc6,True,973,402,282,120,70.1,2.3,9709.54,19,1739631899322,1788171029265,561.8,-1489.0,0.153,3177.747608,3,3451.43,108.6,False,False,False
0x12073bcc7a5e55dabc1b056b540c9a3035f1a558,True,327,163,73,90,44.8,10.2,57.2,7,1773165777073,1783256965685,116.8,54.01,0.944,0.0,0,0.0,,False,True,False
0x121a9ffb9b4d3126e8c1d89d98fb3767dc0fedc9,True,2000,927,356,571,38.4,1.0,24.18,16,1788382545472,1788860664284,5.5,1448.57,59.896,0.0,0,0.0,,False,False,False
0x12325dcb8c3603b6128f980a5eb26f6857aa81d4,True,2000,1099,439,660,39.9,0.28,-25916.86,1,1780440064425,1782193979505,20.3,-10169.31,0.392,1620.884247,0,0.0,0.0,False,True,False
0x1252bf1beea27b001d2e324069e92d83722cd40f,True,2000,1029,357,672,34.7,0.63,-8626.0,17,1783907985962,1788804304901,56.7,2095.56,0.243,0.0,0,0.0,,False,True,False
0x125e1b59283bf5d99ac4f94de81635c699ecbf1e,True,2000,1040,430,610,41.3,0.87,-2342.37,39,1779464510053,1788307200047,102.3,895.1,0.382,0.0,0,0.0,,False,True,False
0x126db729b47dd5e2fd34565e8d5a4e696b36b3a8,True,2000,1059,439,620,41.5,0.46,-25145.82,2,1782831819416,1788728832045,68.3,-8392.5,0.334,0.0,0,0.0,,False,False,False
0x12808ee0d6b9fd4723487b3dc110452b2bf75fba,True,2000,1384,133,1251,9.6,0.75,-40303.63,19,1781704818733,1787774163143,70.2,19160.32,0.475,177171.236369,0,0.0,0.0,False,True,False
0x128a57501d175c14a4df19508981a61aa337cd25,True,789,432,184,248,42.6,0.5,-18915.29,10,1775656228476,1788854067901,152.8,-3234.71,0.171,7147.821109,1,646.91,9.1,False,True,False
0x1294ff538c184bdc4fc9fe5471b8cd324763b5b7,True,2000,935,570,365,61.0,0.16,-79543.18,2,1777563814265,1779522658075,22.7,-15671.92,0.197,0.0,0,0.0,,False,True,False
0x12a8244e53f0d2726e044f82803e1d9bf4ab00b0,True,2000,1020,283,737,27.7,0.7,-1514.52,37,1749181371344,1780809235561,366.1,350.45,0.231,0.0,0,0.0,,False,True,False
0x12c59294cadae5d66861b2dd375cb174bdc967ab,True,2000,991,332,659,33.5,0.82,-292.65,52,1784710699413,1788859982217,48.0,57.16,0.195,16685.894596,50,1576.73,9.4,False,False,False
0x12e4dc51dae495043d791264e816010cc7122807,True,2000,999,329,670,32.9,0.83,-250.07,52,1784714979204,1788861846731,48.0,56.38,0.225,14025.982275,50,1465.41,10.4,False,False,False
0x12f27896aa98c629b142d181587fcd72f5f7901b,True,498,197,138,59,70.1,7.44,13606.38,13,1781463555871,1788866029023,85.7,1374.7,0.101,15895.648682,1,-8772.85,-55.2,True,True,False
0x12fe62b1c1e2a167f4adc3d96701ee1dd50a66ee,True,272,148,81,67,54.7,1.07,117.78,6,1775209526971,1788830586971,157.7,-534.17,4.535,0.0,0,0.0,,False,False,False
0x13101cf7e91074cce26ae5c90de1744569cb7f1f,True,2000,1006,884,122,87.9,2.28,15910.81,26,1783881093113,1788866863547,57.7,7892.62,0.496,2541.032956,2,0.3,0.0,False,True,False
0x13251a69bdac2022781445a998c3988fe8ba0140,True,452,234,133,101,56.8,17.72,19439.7,6,1759185287283,1782453484979,269.3,7673.1,0.395,0.0,0,0.0,,False,True,False
0x1338a3d7251ef4d06d3b5b6eb04996dc4c8194c1,True,534,251,80,171,31.9,0.58,-14186.86,1,1754879367694,1788634770039,390.7,4686.23,0.33,17447.426153,0,0.0,0.0,False,False,False
0x1351c59a469dd5ec4ce592b8401b501fed2eb15b,True,1466,674,266,408,39.5,1.64,13410.15,15,1769445359502,1788456313797,220.0,10880.03,0.811,13807.517124,2,2499.9,18.1,False,False,False
0x13640f452a56aaa7a5a5e5a6bd24c45374dacbcc,True,2000,1083,886,197,81.8,2.43,94585.15,20,1785464222093,1788830858446,39.0,-15271.74,0.161,73201.758757,10,11139.29,15.2,False,True,False
0x137560b3f2063dcbff7c55b7e7e5149751aa04b5,True,2000,947,480,467,50.7,1.16,6206.22,26,1776416116871,1788806507989,143.4,-2922.5,0.471,0.0,0,0.0,,False,True,False
0x1391f1b99779e4fadb66a6d4750b68646277b194,True,2000,1283,691,592,53.9,2.95,216510.26,4,1785418155848,1785447379072,0.3,36706.19,0.17,0.0,0,0.0,,False,False,False
0x139791013f6dcc26f4052e6a7b8ed50099e7d15b,True,2000,899,628,271,69.9,3.6,46313.69,52,1757432974052,1788716591924,362.1,11289.94,0.244,0.0,0,0.0,,False,True,False
0x13b7ebc62e988186b529245add3445cd733398b6,True,2000,944,427,517,45.2,1.27,2505.98,4,1779321220984,1780617600043,15.0,3183.07,1.27,0.0,0,0.0,,False,False,False
0x13cab32bb2483873d1f5c6f54680659418d4c2cb,True,2000,843,359,484,42.6,0.33,-21890.24,26,1756368967121,1776385370283,231.7,2807.04,0.128,0.0,0,0.0,,False,False,False
0x13dd4c65252274a442428039ae815f3a13e84ff3,True,2000,905,438,467,48.4,0.18,-238044.54,17,1759334696932,1788850703764,341.6,-45592.17,0.192,2264.653635,2,754.93,33.3,False,True,False
0x13eecea1813ae2eb3116c45c622af1ec0fb7e6c4,True,2000,478,409,69,85.6,0.79,-6780.41,10,1761144499435,1785331403558,279.9,-2565.99,0.378,1622.724903,0,0.0,0.0,False,True,False
0x1402f3e3565d661d0c53e533ba66b2c318c13040,True,1610,408,180,228,44.1,0.54,-835.3,5,1787831339139,1788173349319,4.0,-165.49,0.198,0.0,0,0.0,,False,False,False
0x1413f58a2a83ad5aee4cdb3862ae432b291c6b66,True,2000,930,195,735,21.0,0.79,-5527.18,15,1785515087516,1788807991480,38.1,5634.77,1.019,8378.479432,1,-1692.28,-20.2,True,False,False
0x1432796dcc0eb353663123924e2d3c8aca05f320,True,2000,1053,884,169,84.0,25.72,16943.4,13,1788400893494,1788854876197,5.3,461.33,0.027,0.0,0,0.0,,False,False,False
0x143fb7e231ea1d94dc0654c647b46aee872c3850,True,2000,1108,764,344,69.0,2.1,33776.23,19,1785852209746,1788134400007,26.4,-4289.19,0.127,0.0,0,0.0,,False,False,False
0x145418fe1d6093b0971143d5f6d9b7bf417584b9,True,756,261,133,128,51.0,0.43,-26555.47,7,1761682741474,1788289260538,307.9,-25348.4,0.955,0.0,0,0.0,,False,True,False
0x146b44908ea68e6045675c93df8581415d01119c,True,298,145,103,42,71.0,0.5,-5516.74,8,1760771032557,1785353161930,284.5,-4869.61,0.883,0.0,0,0.0,,False,True,False
0x1495bc81d08817592355f589167d3f8adcdc8601,True,73,35,21,14,60.0,1.95,8510.51,2,1770349900148,1775836369744,63.5,-6648.24,0.781,100627.00569,1,27047.31,26.9,False,False,False
0x14a6801162827d6bbecd0757a274f2c36a3ab3f6,True,55,31,31,0,100.0,inf,22375.26,2,1770002763207,1787310255260,200.3,6662.89,0.298,0.0,0,0.0,,False,True,False
0x14c3dbad32d65745cbd71194616b78748271916c,True,2000,885,482,403,54.5,1.41,1766.23,10,1787350681886,1788869983103,17.6,252.31,0.143,10238.36126,7,-1133.09,-11.1,True,False,False
0x14e29a43f68c3335af17a6422054223daaa6e26e,True,108,37,17,20,45.9,2.05,1562.81,3,1760706607280,1787320100032,308.0,-1100.9,0.704,1969.826377,1,-2030.06,-103.1,True,True,False
0x14f2a65f4fc91a1bc04d89e788c2e6fd9b568c67,True,558,258,173,85,67.1,2.67,5407.76,38,1734415735729,1782099220495,551.9,-741.57,0.137,0.0,0,0.0,,False,True,False
0x15009b884f398b50721cfbf78c7a67fb77af9dbe,True,2000,1012,177,835,17.5,1.05,2736.14,4,1771934917775,1788528647749,192.1,10219.8,3.735,52565.422669,1,16804.12,32.0,False,False,False
0x1513eac21c62828473c03e453a026ab5e1fa3883,True,2000,1057,420,637,39.7,0.64,-1346.81,25,1777918725293,1785763815951,90.8,101.01,0.075,0.0,0,0.0,,False,True,False
0x1523a34418baf92316cab7e9bcb722487bb7fb6c,True,2000,1230,407,823,33.1,0.42,-51164.37,5,1788484644381,1788870862867,4.5,-3833.17,0.075,51109.226679,2,-4840.85,-9.5,True,False,False
0x153b0b9544071457957134c36f4ecdb82e672ce4,True,2000,502,369,133,73.5,0.21,-3953.61,7,1771739260879,1774701624371,34.3,-1296.49,0.328,0.0,0,0.0,,False,True,False
0x154411ab8acea5322120b61dce3b2376746b0037,True,2000,1034,602,432,58.2,0.46,-3428.23,26,1781839311088,1782880572138,12.1,-636.11,0.186,0.639887,0,0.0,0.0,False,True,False
0x15554e654e30f0b7a798d90ad27faea9ae0b0e60,True,2000,994,501,493,50.4,1.44,1136.53,9,1776635413449,1776983381750,4.0,489.37,0.431,0.0,0,0.0,,False,False,False
0x157752a23fb6355804e0a1325f3e70d100004cea,True,2000,945,511,434,54.1,1.22,3070.6,1,1782916363592,1787942259876,58.2,-648.48,0.211,0.0,0,0.0,,False,False,False
0x158f83fea34f700024bf75a4983797a10a856eb4,True,483,319,168,151,52.7,1.61,9513.06,18,1763337600032,1784815045065,248.6,-4615.0,0.485,0.0,0,0.0,,False,False,False
0x15b00c5f27298e0503c2aad79024f535c90a27b0,True,2000,923,869,54,94.1,2.52,18397.17,52,1758501162259,1788857511105,351.3,-4529.39,0.246,1369.128858,4,142.84,10.4,False,True,False
0x15cafd0772f6297bf2ada8f67c35e2caa4137909,True,2000,889,563,326,63.3,1.8,60523.73,6,1754903060542,1781610341099,309.1,57688.58,0.953,0.0,0,0.0,,False,True,True
0x15df49f74171cd2157c89084f63e15fbd12c6ca1,True,2000,786,0,786,0.0,0.0,-141424.45,2,1784510993536,1784524331948,0.2,-10218.37,0.072,0.0,0,0.0,,False,False,False
0x15e5b76a758af6b14ce6f134374e32dcb5450cd6,True,2000,904,506,398,56.0,1.1,9382.94,20,1772029942565,1788851590240,194.7,-28629.18,3.051,0.0,0,0.0,,False,True,False
0x15f970a5fa4791dbe4fc3adea6d41e87e5fac6ff,True,2000,1400,1313,87,93.8,1.83,26989.9,14,1767084981587,1788539039877,248.3,-8403.14,0.311,3662.212173,0,0.0,0.0,False,True,False
0x161619839ebbada5d3c279e1a79c50f7fc4274d6,True,531,277,188,89,67.9,5.03,22999.02,19,1737110276663,1787815255718,586.9,2986.38,0.13,0.0,0,0.0,,False,True,False
0x162a0898c9ad030e05eee8f8dfd504a9197877e3,True,1626,806,407,399,50.5,0.78,-2255.23,2,1771395021728,1780952973051,110.6,-2884.5,1.279,0.0,0,0.0,,False,True,False
0x1636be94b64ce8a3f63951b746be08616cd4d3b5,True,2000,1008,257,751,25.5,1.04,205.76,3,1782827425985,1788190529670,62.1,1291.4,6.276,0.0,0,0.0,,False,True,False
0x165299900a3ab7fa975188050804e1079ee13265,True,2000,642,201,441,31.3,0.29,-32592.0,6,1781471994882,1782132542369,7.6,-3746.04,0.115,0.0,0,0.0,,False,True,False
0x166e3ce8d091ceff2e70d593cc5397e3a510adcc,True,2000,939,318,621,33.9,2.1,5369.68,42,1733512783271,1782588631425,568.0,1801.16,0.335,0.0,0,0.0,,False,True,False
0x16813517a935f74ada6243ce72c68ea8efb76500,True,2000,1150,342,808,29.7,0.31,-26818.54,7,1776335042843,1780173349434,44.4,-1999.65,0.075,0.0,0,0.0,,False,False,False
0x16973f987ae2b4f4ad091412ee7414a2392ccffa,True,2000,1100,401,699,36.5,0.52,-27266.98,2,1787176102481,1787349858294,2.0,-9239.67,0.339,0.0,0,0.0,,False,False,False
0x16b35d2a83d90cf8de9d36911582b13c86772264,True,423,263,206,57,78.3,10.43,81172.77,6,1741100720287,1787270400024,534.4,26976.92,0.332,0.0,0,0.0,,False,False,False
0x16cc65f1c557caa6cbe92aa1c562f646b3892a8e,True,188,98,61,37,62.2,0.5,-1603.63,3,1787072440732,1787757841442,7.9,-885.45,0.552,0.0,0,0.0,,False,False,False
0x16e5c96d074d3f1a9cdd303805127c8ed3ddfb9a,True,1453,568,381,187,67.1,1.93,16865.59,68,1713134553437,1784732672309,828.7,-8171.12,0.484,0.0,0,0.0,,False,True,False
0x170cabc39b957b0b36a1c291eae2f762d28be6dc,True,2000,1009,432,577,42.8,0.52,-28891.21,37,1753680157942,1788666221701,404.9,-2575.25,0.089,0.0,0,0.0,,False,True,False
0x17185a1cf66a7826c0c858ced2690acbd8d80d5c,True,2000,895,269,626,30.1,0.62,-3004.15,6,1787351636903,1788870595270,17.6,351.9,0.117,1044.515937,1,-38.99,-3.7,False,False,False
0x172bfd559b383755db1109ba3b0e893392eb9d40,True,339,227,101,126,44.5,0.72,-1187.08,1,1772469006600,1775048567341,29.9,-1393.62,1.174,0.0,0,0.0,,False,False,False
0x173dfb875cd060c54a80cc612252c886d9db2cd7,True,2000,1201,874,327,72.8,0.46,-103741.25,1,1784258478724,1787362227900,35.9,-14516.67,0.14,0.0,0,0.0,,False,True,False
0x174f56e50bb9784af05234bec7a0d063c1d9e732,True,221,136,112,24,82.4,8.82,12860.25,6,1780269715679,1788729535941,97.9,1915.51,0.149,14295.920486,1,-2047.91,-14.3,True,True,False
0x175bd0e31ea1d99270521e9bf578a0c155b2c824,True,2000,639,255,384,39.9,1.74,94578.18,6,1786045188658,1788478996695,28.2,62950.21,0.666,322593.848968,2,88188.5,27.3,False,True,False
0x177019594ba3913d416ab1a8f3e5527d4c2b2837,True,2000,1127,622,505,55.2,1.58,3545.69,46,1788860534018,1788871166490,0.1,314.51,0.089,0.001706,0,0.0,0.0,False,True,False
0x17854da41a284b6b1fd1c63aa98f363e9499eaf2,True,2000,992,755,237,76.1,0.73,-26314.67,15,1761131030361,1780458623419,223.7,-15489.02,0.589,0.0,0,0.0,,False,True,False
0x179155ec0b7510dfb80554f13d2e7887aaf3bed0,True,2000,921,431,490,46.8,0.57,-13863.9,7,1782308039979,1785636507851,38.5,-1272.29,0.092,0.0,0,0.0,,False,False,False
0x17bc45a8b60194cb70fc46ec2a7232a9cbe553f6,True,2000,1082,936,146,86.5,1.55,9937.28,17,1782374581299,1788812049547,74.5,-2876.73,0.289,0.0,0,0.0,,False,True,False
0x17d6235c0c96c4115dc8f5b1483026a3a3d56871,True,2000,825,522,303,63.3,0.82,-12036.86,7,1781185061703,1782400635569,14.1,7852.02,0.652,0.0,0,0.0,,False,True,False
0x17f0361771a9042d816cd007c731be15f05b094f,True,2000,999,386,613,38.6,3.11,120665.73,4,1787569859847,1788853192038,14.9,49308.1,0.409,116394.324884,1,-4580.95,-3.9,False,False,False
0x180aaeaa1f90818c211aac06399f0eee16e8c395,True,2000,1100,680,420,61.8,1.04,1942.88,40,1772628298754,1788848509415,187.7,-12908.9,6.644,9066.75384,0,0.0,0.0,False,True,False
0x182229d3e765770e45fe6371f051d66ec348518a,True,218,83,83,0,100.0,inf,2665.36,1,1779745409696,1779805028990,0.7,346.41,0.13,0.0,0,0.0,,False,False,False
0x183a06cdb6d47e435aa0e516df6c47950080d8c2,True,2000,1016,517,499,50.9,0.59,-319.31,53,1774827552338,1783560652716,101.1,-110.42,0.346,0.0,0,0.0,,False,False,False
0x18478dfe4e5103a9213db5c4eab9b4a17abbff84,True,2000,684,684,0,100.0,inf,260219.72,1,1787172830086,1788865690522,19.6,13393.92,0.051,135581.467757,1,-48537.48,-35.8,True,False,False
0x185aa3a7e5f09050f3a0eedb47b55cd72b223a89,True,2000,1194,631,563,52.8,2.52,9303.22,7,1777495336747,1780396445699,33.6,1216.58,0.131,0.0,0,0.0,,False,False,False
0x18657be4793cee1962d561e554abd5ef7906f0cc,True,2000,1043,593,450,56.9,1.14,10062.02,34,1756047006976,1788800520712,379.1,-4667.53,0.464,12188.307236,1,-2445.0,-20.1,True,True,False
0x187ba67b74a2cbbc32e4c6e0a3f7a056c7431ba8,True,2000,1085,553,532,51.0,1.16,17124.62,14,1779441898179,1786312454631,79.5,-5379.6,0.314,332.777485,0,0.0,0.0,False,True,False
0x188b264aa1456b869c3a92eeed32117ebb835f47,True,2000,947,502,445,53.0,4.71,289703.74,5,1780692142372,1788835239591,94.2,17128.25,0.059,194438.172641,2,-10534.63,-5.4,True,True,False
0x18b2a61d1a804fba6570ff186f05f5884194571b,True,2000,1010,556,454,55.0,1.09,3567.04,2,1770822952407,1775663161003,56.0,-3151.57,0.884,0.0,0,0.0,,False,True,False
0x18cd4597e06b7fe0a8cd33dda499121b3a145a8b,True,2000,1049,1049,0,100.0,inf,175853.02,2,1787211306830,1788849243315,19.0,7056.1,0.04,140510.812033,1,-18613.38,-13.2,True,True,False
0x18df78ba95b85f6c859307e92b83ff0e7052c6ab,True,1205,718,585,133,81.5,1.94,45499.24,24,1760795844856,1788870866301,324.9,-6860.26,0.151,727.932654,2,-516.13,-70.9,True,False,False
0x18f106b5096c9b5b1c5630a4b6bc9384dca35934,True,2000,953,117,836,12.3,0.13,-5665.04,11,1788290721454,1788866835812,6.7,-244.69,0.043,0.0,0,0.0,,False,False,False
0x190dd7b1a4a4416c319a08c83446c79db9cc5c7e,True,426,174,36,138,20.7,0.99,-65.02,10,1756289608807,1788693541400,375.0,1237.74,19.036,0.0,0,0.0,,False,False,False
0x19291f25c4687212fffe16b2b1b44c78aca6cdc9,True,271,73,21,52,28.8,1.28,1081.82,6,1748436311178,1781582767616,383.6,-1741.04,1.609,0.0,0,0.0,,False,True,False
0x194a3c3dea1c9e90f164109fecc649767dc99870,True,2000,857,417,440,48.7,1.79,94350.78,31,1738862243602,1788799509033,578.0,-15267.66,0.162,2953.22368,1,13.12,0.4,False,True,False
0x196e8df30e247a2a44b0d6e0bb1403543a236ceb,True,125,62,59,3,95.2,170.4,266.7,2,1788333613419,1788868511551,6.2,16.9,0.063,48578.315007,1,-303.83,-0.6,False,False,False
0x197d43e5a2c36eb3185718c7b30f590ebe2c0c2f,True,2000,748,248,500,33.2,0.04,-362414.91,5,1782174436617,1783915738505,20.2,-36569.24,0.101,0.0,0,0.0,,False,True,False
0x199ef137054d30656c3237ba831fb8da7b91ebdd,True,1995,944,666,278,70.6,1.26,5452.55,100,1752518080226,1788743227734,419.3,-12022.56,2.205,8864.319234,4,-521.9,-5.9,True,True,False
0x19ae423cbb2b06701a64896d12bb318e26e3e64f,True,2000,599,214,385,35.7,1.04,217.07,2,1787763223586,1788835420855,12.4,373.62,1.721,128310.517946,1,7735.6,6.0,False,False,False
0x19bd29e74c450ac73b49b5fb199a3d0d4c8f37b2,True,1181,654,372,282,56.9,1.29,13369.5,7,1749154439616,1787480543536,443.6,-13469.33,1.007,3694.551788,1,220.25,6.0,False,True,False
0x19d84c22dd017448efd6324df108c6bc01040a2b,True,2000,1922,1170,752,60.9,8.98,44332.85,2,1780662890514,1781011400607,4.0,4344.75,0.098,0.0,0,0.0,,False,True,False
0x19ecbd266a075b388a343b52a1269e07eba07960,True,437,189,152,37,80.4,0.64,-368.8,33,1770280155655,1788800717862,214.4,-521.03,1.413,0.0,0,0.0,,False,True,False
0x1a08b4d6497fa6d5970bd8f6c72bc5fbc8dd500e,True,926,463,274,189,59.2,1.07,800.67,1,1781861589590,1787310762429,63.1,988.58,1.235,0.0,0,0.0,,False,False,False
0x1a19f1eb20023906accb989289645a5bf6300562,True,2000,924,865,59,93.6,2.85,77052.0,21,1741873971389,1787374213668,526.6,-11959.65,0.155,53212.501705,5,-78467.99,-147.5,True,True,True
0x1a2bb9055c08f53ca9ae00b93b7cddc42d1fbbfd,True,2000,954,230,724,24.1,0.43,-29193.66,9,1788323527284,1788860781571,6.2,2190.79,0.075,0.0,0,0.0,,False,False,False
0x1a417a128c823db5e42ed601a4954823c2617cb3,True,2000,899,369,530,41.0,0.81,-5291.34,27,1770625848743,1772561127536,22.4,-1501.71,0.284,0.0,0,0.0,,False,False,False
0x1a51bcbc8d3642680d8267550f54e6e4cc5c4984,True,2000,1058,681,377,64.4,0.95,-2263.22,58,1744224300880,1788517496093,512.7,-3857.26,1.704,9015.708401,2,553.27,6.1,False,True,True
0x1a6e88cbc624f39f4b2bb54a6ae74eeb95fdc340,True,2000,713,667,46,93.5,12.6,16010.37,5,1787576758852,1788403721092,9.6,520.67,0.033,0.0,0,0.0,,False,True,False
0x1a900b5df58d5c4cc63088687a0194237228b7ad,True,2000,909,408,501,44.9,0.91,-6712.01,20,1756137724242,1787174208166,359.2,-9647.59,1.437,0.0,0,0.0,,False,True,False
0x1aa5abfd850012297428b509fb84fcd9f9f995cb,True,2000,1305,366,939,28.0,0.6,-25748.87,6,1784567142308,1788826786250,49.3,-4684.77,0.182,1030.355568,1,-332.23,-32.2,True,False,False
0x1ac0e999eaee30457e483fbf2e375609488cf5b8,True,2000,908,476,432,52.4,2.75,65717.97,5,1785412064381,1788287322049,33.3,14120.54,0.215,47118.462442,1,-2746.23,-5.8,True,True,False
0x1ad830807b80952b2b8233a1215d1f1377de5c40,True,2000,962,293,669,30.5,0.53,-5746.76,2,1762445204119,1776783515610,166.0,648.52,0.113,613.616825,0,0.0,0.0,False,True,False
0x1af68b9a13200553d4c48e0c8da9c376ecccc454,True,2000,895,770,125,86.0,3.13,63207.41,6,1785426305194,1788652800016,37.3,25529.32,0.404,23237.426778,1,1602.32,6.9,False,False,False
0x1b11b544fa42e1709599606bcaa0928fc8b21c06,True,2000,983,621,362,63.2,1.36,2341.24,5,1776232416239,1787924018470,135.3,375.3,0.16,0.0,0,0.0,,False,True,False
0x1b24f430d69a2c52b6bcc0a3f690f5fa5e6abae7,True,2000,673,363,310,53.9,2.09,8220.74,26,1787225168954,1788871236513,19.1,2481.37,0.302,6060.480105,2,582.63,9.6,False,True,False
0x1b2f190055ebc77f3e3b63db8f25786720d82015,True,785,369,209,160,56.6,0.78,-957.8,10,1771162566109,1788288340827,198.2,-495.28,0.517,0.0,0,0.0,,False,True,False
0x1b45cb41a0d545f890e423b4b872f6df8a4d710b,True,2000,1015,511,504,50.3,1.49,8987.35,3,1778453245168,1778534697975,0.9,-2400.0,0.267,0.0,0,0.0,,False,False,False
0x1b6a2697d83dd2c8455ae68ac7111d184116f060,True,1493,777,368,409,47.4,1.01,441.98,6,1774069381321,1788677098156,169.1,-3047.25,6.895,0.0,0,0.0,,False,True,False
0x1b85f29401e3c772866705ad8d6c2758ae9aea44,True,775,370,278,92,75.1,1.97,11893.75,12,1755864536471,1788451226172,377.2,3764.77,0.317,2019.99798,0,0.0,0.0,False,True,False
0x1ba4e1033219a33ad7353c84d3a97849cc0677e0,True,2000,950,645,305,67.9,0.86,-3995.72,48,1752936120005,1788749279465,414.5,-4229.31,1.058,0.0,0,0.0,,False,True,False
0x1bc2fba0b146a1c879b624f7a9510e886f56563a,True,2000,454,453,1,99.8,7858519.36,9901.65,7,1788630073308,1788826514815,2.3,378.69,0.038,0.0,0,0.0,,False,True,False
0x1bd3c40287370e0804f4b8843d4943842de204ec,True,52,25,20,5,80.0,0.5,-903.67,2,1785957231910,1787315992027,15.7,-1643.8,1.819,0.0,0,0.0,,False,True,False
0x1bf2517ec6b7600e533e1fd44b8c2d3a2b5cbe55,True,2000,910,416,494,45.7,1.82,25541.64,16,1776873881102,1784841399917,92.2,15870.08,0.621,0.0,0,0.0,,False,False,False
0x1c08f2bf374b58abb56760dcfdfcf9e46a198029,True,2000,832,620,212,74.5,2.09,1925.85,74,1781544072188,1788229775507,77.4,-278.19,0.144,0.004996,0,0.0,0.0,False,True,False
0x1c1ab8799e4ec3107bc065c65ae38ac6443fab53,True,1758,774,360,414,46.5,0.64,-9304.36,32,1753254711924,1788839398693,411.9,-2494.05,0.268,566.566755,1,-6.29,-1.1,False,True,False
0x1c2c96e78a42958892e637bdc0d94ce259f109fe,True,2000,789,238,551,30.2,0.14,-1178168.14,27,1771345387715,1783605679102,141.9,-177490.53,0.151,205788.563273,51,302084.21,146.8,False,True,False
0x1c4c53bbf7182524bb124b3638d07c073d801bbe,True,2000,912,449,463,49.2,1.26,6568.42,6,1780693987470,1782512106055,21.0,4866.32,0.741,0.0,0,0.0,,False,False,False
0x1c6fcac5f0c84669cb1d7bfd6c1256beb9e471ea,True,2000,1366,342,1024,25.0,0.32,-4703.09,3,1788438172180,1788699878720,3.0,-21.44,0.005,0.0,0,0.0,,False,False,False
0x1c80f2026b15890bac554d7b7686e1f27ed77196,True,2000,1129,384,745,34.0,0.81,-8273.52,7,1787308931217,1788787325743,17.1,2171.07,0.262,176105.445118,2,-44.28,-0.0,False,False,False
0x1c934e8029d17920e697e3eb214014806576983f,True,2000,2000,259,1741,12.9,0.32,-72054.68,3,1785316224758,1787394476815,24.1,-907.12,0.013,56478.263639,2,-179873.46,-318.5,True,False,False
0x1ca1d9f2923da6ecf7ee14ec5abf9c66ff6b0c05,True,2000,893,281,612,31.5,0.52,-95612.64,18,1781280235949,1788718051372,86.1,-17297.38,0.181,0.0,0,0.0,,False,True,False
0x1cadadf0e884ac5527ae596a4fc1017a4ffd4e2c,True,2000,967,268,699,27.7,0.46,-4477.37,3,1782966719005,1784044418393,12.5,-351.76,0.079,0.0,0,0.0,,False,False,False
0x1cc9b992c672a2b5b383af8ce1c9f333f8adc2b3,True,634,330,121,209,36.7,0.69,-1686.74,8,1776062757875,1776988800064,10.7,1135.89,0.673,0.0,0,0.0,,False,True,False
0x1cda152d1de1df095548bf9565c3ae01929843dd,True,1975,872,637,235,73.1,1.41,4483.12,4,1773946097670,1788625571023,169.9,-1726.25,0.385,0.0,0,0.0,,False,True,False
0x1cf1ccd7ec46214e72b038ee91cade3d5ddf3207,True,2000,916,380,536,41.5,0.47,-41301.44,3,1785967093196,1786068373335,1.2,13754.82,0.333,0.0,0,0.0,,False,False,False
0x1d0114a7340f7940c87b008ed7a99d378a057d04,True,71,33,17,16,51.5,0.51,-1958.25,1,1776281768235,1779478879929,37.0,-1170.96,0.598,0.0,0,0.0,,False,True,False
0x1d163b7e1f4244c3a039bc58b7ac0b585a8be4f6,True,919,485,393,92,81.0,0.34,-10437.57,11,1765593250575,1787153265158,249.5,-7316.56,0.701,0.0,0,0.0,,False,True,False
0x1d2733c0f1c984a26a6a9626fa8af0b025dcd139,True,2000,944,207,737,21.9,0.15,-24970.18,14,1780863013594,1783434310612,29.8,-2882.14,0.115,0.0,0,0.0,,False,True,False
0x1d3cec536d1376f94c226a4300cc1440881c3415,True,2000,943,830,113,88.0,10.51,42428.74,8,1787148268379,1788739865433,18.4,4684.95,0.11,45802.767129,2,-2049.22,-4.5,False,False,False
0x1d50bc200590b180a8d7773494f078a1eb47b996,True,45,27,24,3,88.9,4.88,1066.56,4,1759078206273,1779297356301,234.0,405.76,0.38,0.0,0,0.0,,False,True,False
0x1d66e56cb160261e9b41482bab66c9b013a969ab,True,1451,554,225,329,40.6,1.6,44546.61,16,1752493315911,1776665935520,279.8,15079.53,0.339,0.0,0,0.0,,False,True,True
0x1d817a43cb3dfd4a70287c5911d893583b4e09d7,True,2000,957,759,198,79.3,1.74,1388.31,44,1785918290562,1788826110938,33.7,-391.63,0.282,70.986449,3,-7.12,-10.0,True,True,False
0x1d9c23a59c4e6a0dd238ce13756a9a00c92df297,True,2000,1192,69,1123,5.8,0.02,-14842.43,2,1786034118650,1787027071678,11.5,-518.32,0.035,0.0,0,0.0,,False,False,False
0x1db0a25e24de6a69f466fd04a9963c41fe60182e,True,2000,1144,630,514,55.1,1.8,332.41,128,1788869605259,1788871662557,0.0,60.81,0.183,55889.374415,87,433.12,0.8,False,False,False
0x1dd29a25de0e114abdd51568f49d0d35a593283d,True,1921,978,652,326,66.7,1.46,13897.3,8,1758300974050,1788535996602,349.9,6382.0,0.459,0.0,0,0.0,,False,False,False
0x1dea30e7ba6ff463eca2e7ea9088b3678ab88069,True,2000,875,567,308,64.8,1.4,5570.69,15,1787161757214,1788860021983,19.7,-2206.87,0.396,70594.969526,1,-1016.89,-1.4,False,False,False
0x1df590d0d809badf7bdc7968078723a15a6c96b3,True,2000,957,579,378,60.5,2.06,11513.52,2,1779257148325,1786390433460,82.6,-2027.09,0.176,0.0,0,0.0,,False,True,False
0x1e167fc0b27b14a0d707fba8d5325ca0db28abef,True,2000,1092,486,606,44.5,1.14,11712.96,4,1784043551172,1786655054784,30.2,-31762.26,2.712,23637.777987,1,20938.21,88.6,False,False,False
0x1e29f1c63103a896e3f591a8646221383c1db84a,True,2000,966,406,560,42.0,0.46,-11967.36,45,1760430481561,1787097600012,308.6,-803.75,0.067,0.201397,1,0.16,80.7,False,True,False
0x1e3f127785d3990269cd3ae5ca31e86d18be3650,True,2000,1019,529,490,51.9,2.61,14242.35,41,1786564501249,1788871253323,26.7,1136.62,0.08,3372.693358,3,398.05,11.8,False,False,False
0x1e5cfdb85df658a344b837344ea661bdd4c41692,True,2000,791,731,60,92.4,14.57,53158.12,17,1778065563853,1787207711052,105.8,6387.88,0.12,0.0,0,0.0,,False,False,False
0x1e76a661f59d305a60c0c4b30e93b1660c585b53,True,496,241,21,220,8.7,0.27,-6423.49,9,1787479835861,1788835339406,15.7,1857.19,0.289,0.0,0,0.0,,False,False,False
0x1e84a0dfcd8eaedaee222cf4f82d2148d9c677fb,True,2000,907,475,432,52.4,1.43,1439.06,9,1785237112207,1788848404608,41.8,428.07,0.297,0.0,0,0.0,,False,True,False
0x1e94e2ed62f7bfc5b289d751d6594f60bcb9c83d,True,1200,583,403,180,69.1,1.47,1597.2,2,1774326566458,1778529323305,48.6,-1624.61,1.017,0.0,0,0.0,,False,True,False
0x1ea2dc6578b1f027bfbf35dd016cbd8d659824e0,True,2000,1106,520,586,47.0,1.3,2683.78,23,1776366671294,1780720285063,50.4,812.94,0.303,0.0,0,0.0,,False,True,False
0x1ebc9d59fca0c4df29c453af993aa8c7c89b09bf,True,2000,755,568,187,75.2,4.64,57428.98,44,1786527501442,1788597148950,24.0,6191.8,0.108,381785.68969,46,-70203.5,-18.4,True,True,False
0x1ecd2a1e3d345e1305b6370b8fd9f13503d1e52e,True,2000,958,371,587,38.7,0.69,-70336.37,7,1750865814575,1779290143612,329.0,-14208.37,0.202,0.0,0,0.0,,False,True,False
0x1eda6285986f96cc094b2636ed0792c4e36c3033,True,2000,1006,115,891,11.4,0.41,-15686.83,6,1779357345343,1784548469399,60.1,2262.83,0.144,0.0,0,0.0,,False,False,False
0x1eeeb91a34c7fb7d5b260dff991fe79beffa9c68,True,380,166,67,99,40.4,0.81,-125.74,1,1769261639454,1773935207568,54.1,69.22,0.55,0.0,0,0.0,,False,False,False
0x1f02f5f1c5eaff1bc7d08fc15022422d88a4fc12,True,1608,470,335,135,71.3,1.13,1617.45,54,1737698026579,1787079209632,571.5,-3487.53,2.156,0.0,0,0.0,,False,True,False
0x1f15d5bb38f0d3c70aeed0b28d079eaa336344aa,True,2000,936,787,149,84.1,3.31,27396.75,58,1779317681834,1788794211516,109.7,1707.39,0.062,27776.719761,3,-8828.2,-31.8,True,True,False
0x1f2d11d247652c296cbcbc0011e652f971d9f92d,True,2000,809,327,482,40.4,1.4,8408.11,13,1776289933088,1788321837832,139.3,3931.02,0.468,0.0,0,0.0,,False,True,False
0x1f3d0ae1de9080ac9a454396acea856b8f6dc265,True,396,186,85,101,45.7,1.35,11641.3,13,1772476682379,1788291136525,183.0,7033.69,0.604,0.0,0,0.0,,False,False,False
0x1f4e65ded886dc708a278f05ea107244a8161bf7,True,2000,1203,808,395,67.2,0.18,-125815.74,51,1759080230154,1781481600049,259.3,-15593.35,0.124,0.0,0,0.0,,False,True,False
0x1f5a81006173466f1ee045ae0a8160060fd62d9f,True,2000,890,353,537,39.7,0.37,-50072.84,8,1753195374847,1787861577909,401.2,-43295.38,0.865,1810.70814,1,-14209.11,-784.7,True,True,False
0x1f68339e2be26b7719480e3338c28e50befbed24,True,457,225,128,97,56.9,2.15,14615.45,5,1773332376244,1787938866906,169.1,7610.69,0.521,0.0,0,0.0,,False,False,False
0x1f7e9be9632c469b8f720a251df3deb46b64ea16,True,2000,1006,396,610,39.4,1.39,4727.37,15,1785793040694,1788826675622,35.1,2134.07,0.451,2667.608981,4,869.09,32.6,False,True,False
0x1f8f4c41f8680d3058323559001139dcfcaf3a15,True,2000,1087,469,618,43.1,0.73,-5133.08,42,1772049084593,1788796618429,193.8,-2179.62,0.425,0.0,0,0.0,,False,True,False
0x1fbeab1a5b49cdfc5fae1ef5bdfbbff5390c4ab5,True,1769,764,234,530,30.6,0.45,-17966.49,16,1752070135427,1785471185184,386.6,-7586.17,0.422,0.0,0,0.0,,False,False,False
0x1fc5adfa4e064b95f49a9e140ffbb327ce1cef93,True,2000,962,410,552,42.6,0.71,-1588.1,41,1786097959278,1788871523834,32.1,214.52,0.135,0.0,0,0.0,,False,True,False
0x1fddd2218def78ee99bd2a5cbd8c5f263fbae632,True,2000,422,267,155,63.3,42.85,16391.36,7,1767601227412,1779774697199,140.9,6082.66,0.371,0.0,0,0.0,,False,True,False
0x1fec14331b8a1d1af202fe71e99c7f1c552a9140,True,2000,710,106,604,14.9,0.17,-23577.64,7,1787121907482,1787896769160,9.0,-1866.15,0.079,12443.043173,1,2510.22,20.2,False,False,False
0x2006ff3a3a4eafdb14a38aa127dce8bea37a5f19,True,2000,1011,550,461,54.4,0.9,-5049.21,18,1780646739488,1788779676540,94.1,-3683.61,0.73,783.535638,1,176.88,22.6,False,True,False
0x20115c179985fb12a915ad8cb7c69582fffa2027,True,544,461,0,461,0.0,0.0,-3578.8,1,1774396371378,1774397391682,0.0,-130.66,0.037,0.0,0,0.0,,False,False,False
0x2027db8f6ec0ce01a812ca699e8c473e19713d69,True,1777,1002,814,188,81.2,1.15,5217.5,6,1757648048763,1772810323436,175.5,-4325.49,0.829,0.0,0,0.0,,False,True,False
0x20438cfdd36d75e185d6601697eb1973f4aee79d,True,2000,938,405,533,43.2,3.14,41553.02,10,1787399578772,1788865193350,17.0,11125.34,0.268,172424.248174,4,222287.14,128.9,False,False,False
0x2056a7765031a7c77a97b612a09d366c6d635e64,True,576,312,168,144,53.8,0.62,-12224.14,4,1771062949271,1778284940221,83.6,-12872.72,1.053,0.0,0,0.0,,False,False,False
0x206e8412d430096d58e016f76f0c1d00b6506c61,True,2000,921,348,573,37.8,0.78,-5210.84,9,1781810805038,1786934761891,59.3,-1320.13,0.253,0.0,0,0.0,,False,True,False
0x2089fd464282bf1d42d066934b7942a469a47db5,True,2000,870,499,371,57.4,0.71,-10528.69,1,1773153597548,1788869106863,181.9,-11078.81,1.052,1950.616168,1,-125.11,-6.4,True,True,False
0x20a608d30b77773936a3ab3529d339b61dd7cd3d,True,2000,820,362,458,44.1,0.33,-19211.74,49,1758146699705,1788742877124,354.1,-2301.25,0.12,0.0,0,0.0,,False,False,False
0x20b7807939c774a152b396beb704acac68fa10fe,True,2000,958,89,869,9.3,0.0,-440345.15,2,1780647129648,1788709008502,93.3,-27189.0,0.062,277379.167029,2,140944.01,50.8,False,False,False
0x20d48e36b800d80d10452458d6c4795ef5a80b92,True,1632,806,525,281,65.1,0.83,-2320.04,19,1779359693830,1788834517259,109.7,-2763.67,1.191,675.4292,1,-56.15,-8.3,True,True,False
0x20f318db0cebf37499536139690c2e809b078313,True,2000,869,246,623,28.3,0.68,-15367.28,16,1779293241756,1788820217162,110.3,-2999.21,0.195,126237.204625,7,41179.96,32.6,False,False,False
0x2114fbc4f0f6e7632c0cb2609dcadc47c0b3bb09,True,2000,1106,523,583,47.3,0.13,-418203.64,4,1780379730715,1787220939389,79.2,-41971.12,0.1,0.0,0,0.0,,False,True,False
0x212624c398a913fc27b0e480bd06c8e1c217aa6e,True,2000,1139,653,486,57.3,4.21,45421.64,16,1747579877908,1787237312124,459.0,13676.41,0.301,0.0,0,0.0,,False,False,False
0x213c901001b4d3fd0d521bbc1a57e7ef0eab8489,True,2000,987,383,604,38.8,1.25,10597.43,30,1763851665058,1787926050055,278.6,-5444.46,0.514,30519.129368,1,61722.54,202.2,False,True,True
0x215b5443adb952f714a492603110a0963c8b3739,True,373,142,101,41,71.1,0.73,-3678.13,5,1775746396509,1780692670634,57.2,-4224.06,1.148,0.0,0,0.0,,False,False,False
0x2175ce7c56baa22874eeb021c1270e6198059cda,True,2000,751,557,194,74.2,8.98,412394.71,18,1734476702178,1788465799524,624.9,21420.13,0.052,87094.480499,3,16341.68,18.8,False,True,True
0x218a65e21eddeece7a9df38c6bbdd89f692b7da2,True,2000,390,220,170,56.4,0.16,-502453.57,2,1786203499020,1787679741868,17.1,-75260.92,0.15,8486678.062664,2,-6305198.84,-74.3,True,False,False
0x21a96cdf98236f993b7ed90bc1b5f9737ebd9a6f,True,2000,782,524,258,67.0,2.16,35298.63,15,1781530034482,1783978824936,28.3,-2219.25,0.063,0.0,0,0.0,,False,True,False
0x21ca98106c69bff036a194648ba30388ccbe811d,True,2000,1004,563,441,56.1,0.78,-14926.5,5,1788020511454,1788553751895,6.2,-14757.83,0.989,0.0,0,0.0,,False,False,False
0x21ed8665dabe127dba334147de0a73c2978f6995,True,2000,453,128,325,28.3,0.31,-34431.8,10,1780835595717,1786375473779,64.1,-3160.59,0.092,0.0,0,0.0,,False,True,False
0x220d15526ee708ffc199fe0265ddb07f0d5c40aa,True,2000,1017,829,188,81.5,2.37,142585.47,14,1779829837291,1788795241291,103.8,28531.27,0.2,550337.719234,3,335503.03,61.0,False,True,False
0x223363b848da0272a08781d08f7678530d7238db,True,2000,1014,677,337,66.8,3.79,58503.53,6,1786112355190,1788127977754,23.3,6728.36,0.115,0.0,0,0.0,,False,False,False
0x22562fbefd6cd15085d4ac05856a033d8abe2132,True,302,157,93,64,59.2,0.91,-192.08,6,1774112573345,1787152709053,150.9,-430.64,2.242,12390.030536,1,7489.41,60.4,False,True,True
0x226a6b33c2a46a2426c5d0cc9896ad218f5d0a15,True,460,287,241,46,84.0,5.09,26182.36,4,1778698461599,1787215636457,98.6,3311.76,0.126,75954.382284,2,-22257.71,-29.3,True,True,False
0x2291a8376fbefdd4847a3c47992f0ee650427d81,True,2000,1698,1354,344,79.7,12.9,10561.86,24,1788525515467,1788871422306,4.0,1459.91,0.138,19997.902406,0,0.0,0.0,False,True,False
0x22a97199a41a99de1764fa12b276fdb9be602c74,True,1163,560,251,309,44.8,1.21,4337.19,3,1775189525848,1788660004628,155.9,1640.94,0.378,7867.736508,1,-96.89,-1.2,False,False,False
0x22bf3682366a00b50760b46fdd4c0c0d419ab8bf,True,2000,1041,461,580,44.3,0.49,-9299.32,34,1784187475784,1788682322270,52.0,-5741.89,0.617,113863.85487,1,63331.79,55.6,False,True,False
0x22e7ed1db7718f1b201ae57d05929b3cb2876348,True,1209,654,499,155,76.3,2.1,12813.04,16,1740104176320,1787785499001,551.9,-3553.65,0.277,1.208311,1,0.02,2.0,False,True,False
0x23009ece97ba15129cfe21a35954744fe0567c13,True,161,84,68,16,81.0,3.18,699.88,22,1778954716813,1780919632789,22.7,140.78,0.201,0.0,0,0.0,,False,False,False
0x230a7de01342f754f51fe8f3c6aee4eaa201f00c,True,2000,1284,999,285,77.8,0.57,-28353.24,5,1785361764117,1788511803993,36.5,-4595.96,0.162,0.0,0,0.0,,False,True,False
0x231866bc6036f8c380ce1a991da0b5d1065334cd,True,1365,743,687,56,92.5,1.62,5489.67,2,1778907699828,1780590776650,19.5,1540.33,0.281,0.0,0,0.0,,False,True,False
0x2330c460836a92a3271cac4c25ba6b9886eb3f4c,True,2000,911,336,575,36.9,0.71,-5482.83,1,1775429309742,1776005026364,6.7,-1334.07,0.243,0.0,0,0.0,,False,False,False
0x237152b038d88f4156a0cd71090462de7e3f0883,True,2000,459,459,0,100.0,inf,722526.99,1,1787630120531,1787925979887,3.4,504202.08,0.698,2214550.710981,1,-94393.45,-4.3,False,False,False
0x237dd7569e709b25f607dce91bcaf7016171ebd8,True,2000,974,218,756,22.4,0.74,-6908.43,18,1776894470500,1788470920945,134.0,-2699.43,0.391,0.0,0,0.0,,False,False,False
0x2396772bc896464df225e7eb3c86e375b1a68a96,True,2000,777,457,320,58.8,0.16,-13743.25,1,1780541187539,1788870546517,96.4,-3058.05,0.223,3901.755574,1,9.79,0.3,False,False,False
0x23bab6188b38f36fbcd469d43e97561a5f88ede5,True,2000,982,200,782,20.4,0.14,-24235.96,9,1784131576810,1785533641664,16.2,-2262.4,0.093,0.0,0,0.0,,False,False,False
0x23dde9e3ff6cc9cea545b7313a1558f575f57a70,True,1355,795,457,338,57.5,7.06,4030.82,32,1773753916111,1788702925640,173.0,359.94,0.089,0.0,0,0.0,,False,True,False
0x23ea6ee9077578373dfc64a64643b6db5fb5766e,True,2000,881,580,301,65.8,0.91,-3168.28,11,1757426203366,1787580894513,349.0,5998.22,1.893,0.0,0,0.0,,False,False,False
0x23fd01e3531f0e63818c55354b4c8503389cfa22,True,2000,982,466,516,47.5,0.71,-18071.11,21,1762700283356,1788714008992,301.1,-5117.51,0.283,11776.738124,0,0.0,0.0,False,True,False
0x240fdad67468a2686077b792aa28d1d8299e997b,True,936,457,397,60,86.9,0.7,-1206.03,7,1774143628192,1784810196665,123.5,-732.23,0.607,0.006611,0,0.0,0.0,False,True,False
0x2420899b08a0124fbd205c6d85ff917dc4a5061d,True,2000,976,363,613,37.2,0.19,-51410.81,2,1776131205803,1788833822720,147.0,-3523.68,0.069,5835.278943,1,334.61,5.7,False,True,False
0x242e9407b48db5a3d6f6796d1180d4d59b79ff51,True,1330,657,422,235,64.2,1.29,6156.49,10,1763197845590,1780416805832,199.3,-3418.31,0.555,0.0,0,0.0,,False,True,False
0x2446f1a75162f045d02f23d1d3b0f5a2c0f9a4cb,True,2000,1155,621,534,53.8,1.03,459.9,46,1765631340054,1783900800059,211.5,-963.74,2.096,0.0,0,0.0,,False,False,False
0x245cdabbf71277fcfb6a0c172b7db97e5c43f5e1,True,2000,1025,170,855,16.6,0.54,-6858.35,23,1764677681603,1788871793353,280.0,-555.04,0.081,385.273078,0,0.0,0.0,False,True,False
0x2478253b0a6a1d832c2e546417bd622fba140411,True,1230,502,186,316,37.1,0.24,-179182.58,5,1761763436409,1787302751848,295.6,-24042.57,0.134,24424.449951,1,-37737.83,-154.5,True,True,False
0x2488065940b710a59df77fa917ec46782ceb8056,True,506,195,162,33,83.1,1.98,9312.98,6,1735242398009,1781522601279,535.7,1937.21,0.208,0.0,0,0.0,,False,True,False
0x249161f12ffea65f52f3b3c56592c92676357448,True,2000,1567,1006,561,64.2,4.75,21321.94,48,1784032864827,1788780436080,54.9,1346.02,0.063,0.0,0,0.0,,False,True,False
0x24b19e171a5838fd34f3f73705f410eb40feea34,True,964,478,251,227,52.5,0.96,-306.63,28,1734794603865,1788534729145,622.0,-913.07,2.978,0.0,0,0.0,,False,False,False
0x24c34ec0122240b962157f2278f181c506faf0bd,True,244,92,61,31,66.3,1.22,2353.07,11,1733615280783,1780010339638,537.0,-2363.68,1.005,0.0,0,0.0,,False,True,False
0x24dc041c67e240f81526dcf210c64f98335cc398,True,715,348,121,227,34.8,2.22,1620.07,10,1787858631323,1788866861437,11.7,368.15,0.227,4636.214782,0,0.0,0.0,False,False,False
0x24fb52e17e3d4fd62a119b8f53c1a3f3bfe65c2f,True,1508,471,376,95,79.8,1.82,35200.49,7,1786320805694,1788447444621,24.6,4008.35,0.114,0.0,0,0.0,,False,False,False
0x250b6caa76cf8c72b8ecd546d78dc096fa8eb824,True,2000,1263,1103,160,87.3,0.87,-23133.03,22,1787781080361,1788870626971,12.6,-26874.37,1.162,290269.370443,14,-430628.85,-148.4,True,True,False
0x2526dda60658478353d80c1ac95e82e9fb1ddf1f,True,2000,854,463,391,54.2,0.23,-50189.76,24,1772555949437,1775537312237,34.5,-8657.88,0.173,0.0,0,0.0,,False,True,False
0x252ee867e398cc20ee12a39fd1983bda75c6be00,True,1929,857,780,77,91.0,19.45,86778.16,18,1783636231962,1788807107025,59.8,11004.81,0.127,29461.009782,7,-8546.75,-29.0,True,False,False
0x254b67efc690f987f7dc7a604c65e009dfe2c883,True,2000,1079,697,382,64.6,1.07,968.82,2,1763476720330,1787224088223,274.9,-4586.02,4.734,0.0,0,0.0,,False,True,False
0x2567403875f021cbc31a33ae60eb25c830d35804,True,288,157,109,48,69.4,1.97,362.32,5,1781313055204,1785112247849,44.0,54.92,0.152,4602.204236,1,10058.39,218.6,False,False,False
0x25773676902085225ae5751075e4161369334897,True,2000,1095,660,435,60.3,0.49,-4135.72,52,1788871240475,1788872264998,0.0,-881.23,0.213,1779440.089803,28,-101035.63,-5.7,True,False,False
0x258a4b8a8447c61aabf1bef9bb14ee4d69efff03,True,2000,1350,1070,280,79.3,7.54,11833.14,23,1788868365620,1788872065668,0.0,301.51,0.025,4696107.345706,80,-171697.47,-3.7,False,True,False
0x25a45b2d03d9145a1bd4463f9545a885dd2df2b9,True,2000,971,262,709,27.0,0.71,-258.17,10,1787713972756,1788865652281,13.3,66.36,0.257,8.322442,8,-2.26,-27.2,True,False,False
0x25bdd0a95d95319033360a2989219c697fc8a7d9,True,2000,1034,372,662,36.0,0.22,-3155.14,3,1788518499397,1788870756418,4.1,-470.95,0.149,10092.945862,0,0.0,0.0,False,False,False
0x25c77c01a5d96a6d9538022f3d8cffb211f6b899,True,782,382,181,201,47.4,8.76,4159.65,37,1734722267005,1779778280387,521.5,883.45,0.212,0.0,0,0.0,,False,False,False
0x25d512c9b0f9543eb63f5d3e9cb81e283e29525e,True,1490,693,379,314,54.7,1.37,1803.57,24,1785602906541,1788851802026,37.6,1396.5,0.774,0.0,0,0.0,,False,True,False
0x25f000da36b4c56f37307faa4e93349ac17ac02c,True,2000,57,55,2,96.5,273.58,1219.3,8,1788569883917,1788625069938,0.6,334.32,0.274,0.0,0,0.0,,False,True,False
0x25ff4e8c924c2cb9354c6db0d37e6e9282397881,True,2000,1066,846,220,79.4,0.84,-2649.1,54,1759841877069,1782755066294,265.2,-1410.97,0.533,0.0,0,0.0,,False,True,False
0x261d7f75dab3b76d8fadff94c3fba350489b1689,True,1458,763,399,364,52.3,0.66,-5856.84,10,1786499520573,1788870590795,27.4,-1042.5,0.178,579.465722,1,-72.05,-12.4,True,True,False
0x263b196dc1f8a239d342fb27fe73a6c9a1664a6a,True,698,329,130,199,39.5,2.02,10482.65,3,1785612836610,1788843634176,37.4,2364.5,0.226,0.0,0,0.0,,False,False,False
0x26522dc155d86d597bac736ab28aa2751c18cb49,True,2000,1017,482,535,47.4,0.97,-321.81,21,1780410533395,1788800439326,97.1,1114.83,3.464,503.693896,1,18.24,3.6,False,True,False
0x2667d577367c57b51066a53f7e16728e701c81b3,True,1106,508,189,319,37.2,4.39,36128.65,14,1780907056476,1783382400045,28.6,6215.74,0.172,0.0,0,0.0,,False,False,False
0x266ddc516a8721e5418ce3911b0f531a62b66737,True,2000,897,463,434,51.6,1.16,6836.12,39,1771511495556,1788556807182,197.3,-6575.18,0.962,9173.872982,1,5982.81,65.2,False,True,False
0x268cbc2c9f1537d824985b5683ee21345455adb3,True,2000,920,425,495,46.2,0.55,-34540.67,10,1759373525198,1785993666035,308.1,10243.43,0.297,1655.493509,1,1291.17,78.0,False,True,False
0x269d40cc233522dd33710cf6e598b6bcec2763e3,True,1881,959,455,504,47.4,2.53,5136.87,22,1755659663217,1787038367916,363.2,585.65,0.114,0.0,0,0.0,,False,True,False
0x26acc2a67e5eaa63506a6cfd6d98f73dfb06f798,True,2000,928,363,565,39.1,1.66,6462.49,36,1760435668188,1782180036818,251.7,2602.56,0.403,0.0,0,0.0,,False,False,False
0x26de389add31b135acd02c859e1aedc5e8faca87,True,2000,977,345,632,35.3,0.79,-8175.79,14,1782996203140,1788747721548,66.6,2935.01,0.359,2848.859489,1,-201.27,-7.1,True,True,False
0x26f771e4d93d153407f1117268b6b8e5b1b3a777,True,559,248,140,108,56.5,0.42,-65427.15,7,1776430958073,1787321581858,126.0,-13812.3,0.211,0.0,0,0.0,,False,False,False
0x2711854ea9b4cf17122f5ee6146c164c77e34d11,True,2000,268,85,183,31.7,0.29,-3284.96,4,1788512684506,1788838377687,3.8,-296.74,0.09,50007.118933,3,30108.21,60.2,False,True,False
0x2724f817e2631cbe9989dd9a5f5a0195fef09447,True,2000,808,550,258,68.1,0.56,-42212.77,19,1784047066648,1788283429777,49.0,-15314.69,0.363,92789.89676,8,-92191.21,-99.4,True,True,False
0x273ea3076beb301f0fed0fb4033695a71e2710bb,True,284,152,75,77,49.3,1.65,2274.74,2,1786940778586,1787749815688,9.4,-796.58,0.35,0.0,0,0.0,,False,True,False
0x275a0ba45c7f133211809e1cdd674fa07011eeed,True,2000,825,358,467,43.4,1.44,15742.74,24,1787141186751,1788867366402,20.0,2599.99,0.165,57300.322589,3,15127.9,26.4,False,False,False
0x277dc85b6c09324d6a0f3bb8f39af3bfbd595df7,True,1316,628,357,271,56.8,1.2,2588.41,23,1786404048674,1788855467260,28.4,1961.13,0.758,9585.359973,9,-192.28,-2.0,False,False,False
0x278d09971da58e9eb5b83279c3c2a502266e989a,True,2000,1036,503,533,48.6,3.33,97961.53,5,1783435987190,1788836669412,62.5,14318.27,0.146,0.0,0,0.0,,False,True,False
0x279f7364049b22bb8a456532250c473e7b491619,True,2000,1380,349,1031,25.3,0.05,-522627.17,4,1775953902104,1780504453191,52.7,-39022.42,0.075,0.0,0,0.0,,False,False,False
0x27aed96ff4bde010949a65f9d28ef1ae65c952cd,True,2000,1258,952,306,75.7,2.41,39126.08,3,1775749386569,1788243760036,144.6,5128.9,0.131,189047.684624,2,-2433.0,-1.3,False,False,False
0x27bf350cd9ec8c7671aff1a96ff9758943d72b5a,True,2000,1012,846,166,83.6,0.61,-28639.05,14,1759476078098,1787443200018,323.7,21108.27,0.737,88.137783,1,-18.16,-20.6,True,True,True
0x27d49610c146c954885b1467fb8ff0dade0c9b83,True,2000,824,515,309,62.5,0.16,-48289.54,5,1779390249315,1780681211179,14.9,-3591.71,0.074,0.0,0,0.0,,False,False,False
0x27e2580910f6f9b8de07b0ada6d903241b11c5ad,True,1499,719,539,180,75.0,4.92,48158.24,18,1725732988939,1788480553710,726.2,4677.76,0.097,0.0,0,0.0,,False,True,False
0x27eea79c739f21bc33a2a17e24847924e41ecc51,True,602,398,348,50,87.4,1.02,81.7,9,1771824274085,1777021020966,60.1,-1356.75,16.606,0.0,0,0.0,,False,True,False
0x27fce0eb9f6167c74a09312bb5d544a485103cba,True,495,116,48,68,41.4,0.49,-4275.35,7,1781235427492,1788688150010,86.3,-1669.85,0.391,3754.501076,1,457.31,12.2,False,True,False
0x2813566ccdfd22d12f2d4f546986d46896a4300d,True,2000,917,400,517,43.6,2.91,1826.84,10,1787384052614,1788843240323,16.9,19.24,0.011,4348.108005,1,-341.0,-7.8,True,False,False
0x282b921a5d6e2e8ff1dbe0820fa1a08256c1232e,True,2000,927,432,495,46.6,0.91,-286.36,22,1774527280777,1780042385475,63.8,-190.99,0.667,0.0,0,0.0,,False,False,False
0x28441043760912c2030e17d074f88dd5495bdc85,True,188,49,4,45,8.2,0.17,-4372.5,8,1767727174432,1788232391910,237.3,-3570.22,0.817,0.0,0,0.0,,False,True,False
0x285478b2ec4eef7f8533352e780bcbd0ae56478c,True,1092,745,481,264,64.6,3.18,143578.07,13,1769328895549,1788146135765,217.8,29453.72,0.205,1685.99909,1,-153.94,-9.1,True,True,False
0x286b8550926ae08a585b467061fe453cdc6c742f,True,369,127,105,22,82.7,12.52,4441.34,4,1774261254105,1779235200009,57.6,400.7,0.09,0.0,0,0.0,,False,False,False
0x2885ccc04b810a05edc17de2d722ba6d988315cf,True,2000,911,333,578,36.6,0.16,-70062.24,4,1787924800095,1788461184449,6.2,-2680.1,0.038,0.0,0,0.0,,False,False,False
0x289908dcd0e22af227a23418fd27fdf59d3df4c1,True,816,362,110,252,30.4,0.97,-147.96,7,1774360633390,1776871876864,29.1,1048.92,7.089,0.0,0,0.0,,False,False,False
0x28b0259916969f14f16b624cbee0edba57a291ce,True,2000,962,362,600,37.6,0.89,-1967.85,28,1779707075208,1788721278184,104.3,-1139.21,0.579,485.326112,1,-178.43,-36.8,True,True,False
0x28cee4465f95720cb8464d56faea656751119040,True,2000,1098,498,600,45.4,0.09,-415163.43,9,1770103058450,1788639102763,214.5,-25474.97,0.061,310977.56,1,17236.1,5.5,False,True,False
0x28e7f78608620806bad340536dddc92a9742c618,True,616,198,101,97,51.0,0.41,-16863.07,25,1758699734854,1788229485226,341.8,-4519.15,0.268,0.0,0,0.0,,False,True,False
0x28f597801cbe0c7ad1890807ef5c539fc002476a,True,2000,958,396,562,41.3,0.91,-2370.41,17,1755237435077,1788791766158,388.4,-1223.52,0.516,0.0,0,0.0,,False,True,False
0x290e2ca98da110cdcdb3ceb1e3c592370b976b62,True,1031,356,211,145,59.3,1.09,1148.43,57,1758560146591,1788871188148,350.8,-2849.94,2.482,2469.547996,10,1011.46,41.0,False,True,True
0x29275c10d24eb79d0b2669806b749c4b16fd629e,True,2000,874,495,379,56.6,1.12,1970.16,12,1779351230567,1780557363309,14.0,1515.64,0.769,0.0,0,0.0,,False,True,False
0x2937da97bcd51bb1d18dab3460c3920c48d7a472,True,2000,1016,887,129,87.3,1.43,2281.2,5,1788465266280,1788871589887,4.7,-481.69,0.211,878.7,0,0.0,0.0,False,True,False
0x294d5b1abeb63866921cc64ce96b0eb4f81cb94e,True,2000,791,569,222,71.9,1.96,98473.72,4,1776280108210,1788836767858,145.3,-8326.2,0.085,70318.083179,4,11075.25,15.8,False,False,False
0x29671020eff7915ddf9ac8ce04d4567b5ff03adc,True,2000,803,472,331,58.8,1.63,4397.66,11,1783024953562,1784512310990,17.2,-2817.54,0.641,0.0,0,0.0,,False,False,False
0x29754d7a9f9f344327158e2d01508efa415bd558,True,2000,819,643,176,78.5,3.24,131334.51,27,1763052236632,1788870036845,298.8,30784.19,0.234,65079.658833,5,-19214.35,-29.5,True,True,False
0x298abe4533ad666a47ebb37590c678a8ef14b032,True,2000,858,545,313,63.5,2.62,70771.49,26,1758813468686,1787217105873,328.7,17427.46,0.246,979.224325,1,-532.3,-54.4,True,True,True
0x29a83bcab75e9ab2c0af4fef8f8f5c570c40a066,True,2000,950,524,426,55.2,0.47,-9873.84,26,1787421310777,1788815732557,16.1,-862.26,0.087,2895.868491,1,351.06,12.1,False,False,False
0x29b946ef7e875723dc982d47acc226692433dfb2,True,2000,939,224,715,23.9,1.08,627.81,5,1787386343392,1788863885668,17.1,1879.5,2.994,0.0,0,0.0,,False,False,False
0x29c9aaddabe46d5c06d0645c61a1504cad8bf665,True,2000,965,397,568,41.1,0.76,-10348.66,4,1773663628610,1779265831946,64.8,-2917.68,0.282,0.0,0,0.0,,False,False,False
0x29e1b9269d5f36d6e3e32ddb678bc99bb64ae415,True,2000,1843,1660,183,90.1,0.81,-1477.26,22,1787663967925,1788849994939,13.7,-2180.67,1.476,0.0,0,0.0,,False,True,False
0x2a0499f141c461afe087856b758fc874ac336a72,True,1329,561,407,154,72.5,0.79,-2289.08,46,1781122617876,1788860621238,89.6,-1842.22,0.805,1893.442317,1,-284.28,-15.0,True,True,False
0x2a1666bcd12654e819c053d159ab0c2efeb44809,True,1070,482,308,174,63.9,0.76,-3555.55,8,1770807134945,1787224419437,190.0,1124.38,0.316,0.0,0,0.0,,False,False,False
0x2a2935ebc6f5fd145bb07fee34250fd4ba098973,True,2000,720,513,207,71.2,3.18,24413.13,74,1750058176123,1788465143561,444.5,1835.07,0.075,2143.624359,1,309.3,14.4,False,True,False
0x2a362169fff9da7f4d284dec13b5cf7ac66dd002,True,2000,595,308,287,51.8,0.83,-2053.84,4,1787271606133,1788871856385,18.5,999.88,0.487,0.0,0,0.0,,False,True,False
0x2a4ee571bbadd998a4110c56894fd6b231f62088,True,2000,1022,533,489,52.2,1.06,187.46,1,1788286784567,1788870970317,6.8,-426.18,2.273,9163.496547,1,11.74,0.1,False,True,False
0x2a6d08d68818c9d1c3a9a80871beece7dd874e1b,True,2000,804,309,495,38.4,1.07,1159.89,40,1772536167640,1788857570534,188.9,-1239.64,1.069,10341.802941,5,3165.89,30.6,False,True,True
0x2a8bdb624273289ee23ce91e03c2a44d97de2559,True,227,93,42,51,45.2,1.67,1888.18,27,1712861097148,1788423207184,874.6,481.07,0.255,0.0,0,0.0,,False,False,False
0x2a968b9a2752f953418d9fcd060f98881efd7a9f,True,1371,687,356,331,51.8,4.99,43842.86,2,1784594657801,1786020254283,16.5,2081.1,0.047,0.0,0,0.0,,False,False,False
0x2ab22986f92d28298be08bb3c14e50c5339fbeb1,True,2000,982,492,490,50.1,0.22,-170029.73,4,1780250781813,1780538691322,3.3,-24259.31,0.143,0.0,0,0.0,,False,True,False
0x2ac353063f4d80446d34f0393c2a44ab73a8297c,True,2000,1351,132,1219,9.8,9.08,2308.3,6,1786199451891,1787569313676,15.9,312.96,0.136,0.0,0,0.0,,False,False,False
0x2ad2afeefdf6f428965cd17826a92c9d0c650793,True,1898,864,354,510,41.0,0.78,-25773.29,11,1768801986876,1787912613452,221.2,5732.08,0.222,0.0,0,0.0,,False,False,False
0x2ae64d3a931805d91614df81621727594a509887,True,2000,1075,633,442,58.9,0.98,-183.9,5,1787944540115,1788871569775,10.7,1304.6,7.094,8059.8,0,0.0,0.0,False,False,False
0x2b0beda149be62676aa8133fc36ea0af8f85e32d,True,1091,602,322,280,53.5,4.51,109343.97,22,1704294514138,1787585022782,964.0,63718.78,0.583,10877.92504,1,733.81,6.7,False,True,False
0x2b27649c52b2a864bd0cce69de86246fbaf3e9ea,True,2000,992,862,130,86.9,1.43,14490.84,45,1734919723077,1788848421949,624.2,-4194.11,0.289,17865.956046,3,-8115.18,-45.4,True,True,False
0x2b3f0328459338530fecc2eacff2914b489b8f06,True,529,226,92,134,40.7,0.4,-5818.65,1,1781811874011,1784893629936,35.7,-2295.46,0.395,0.0,0,0.0,,False,False,False
0x2b5c2a25a2ec974b1a2614634ad765bbb55afb8d,True,1236,307,297,10,96.7,19.99,39085.24,5,1770094708270,1779113882669,104.4,2850.67,0.073,0.0,0,0.0,,False,True,False
0x2b6ec96e0655bd254ba9eafa125b58bcf73dff74,True,2000,702,226,476,32.2,0.45,-6504.8,43,1764749698177,1780552813193,182.9,-1110.03,0.171,0.0,0,0.0,,False,True,False
0x2b8302393a13a97fb6dfbccad65ea9dd412a21cb,True,2000,927,690,237,74.4,0.25,-26861.26,10,1765291274576,1788820577984,272.3,-6898.47,0.257,0.0,0,0.0,,False,True,False
0x2b9c851192516a3791e340e5324321dc6f1ee720,True,2000,1009,196,813,19.4,0.38,-8725.11,12,1787575130908,1788867497129,15.0,1860.47,0.213,1783.848606,1,-10.2,-0.6,False,True,False
0x2bb1cef27f01beaa288be114c7be3399b0d7cb4e,True,307,106,88,18,83.0,13.51,14505.55,6,1782319605948,1788534250896,71.9,5272.78,0.364,14102.045132,1,588.8,4.2,False,False,False
0x2bd68822e41920fba45f4123f38c0aaa5886ce22,True,1443,896,567,329,63.3,1.65,3205.58,13,1770309487359,1787577080534,199.9,-393.6,0.123,0.0,0,0.0,,False,True,False
0x2be9038e19e15a018c799d07ab3ad79f7a9baac4,True,269,97,53,44,54.6,1.47,5506.59,5,1769906652555,1775753503851,67.7,6838.95,1.242,0.0,0,0.0,,False,True,False
0x2bf9a0ef83d8066189b5caee94c57114a67540ab,True,2000,1140,430,710,37.7,0.09,-135079.55,10,1780859273486,1788446085145,87.8,-9949.43,0.074,13970.045934,1,1774.17,12.7,False,True,False
0x2c255dd3cad1216c758c891682b6172ae2e9fa05,True,1415,946,530,416,56.0,1.38,23073.33,12,1734528923925,1788685793145,626.8,10074.58,0.437,0.0,0,0.0,,False,False,False
0x2c4acc07c445aeedbca795565a1effffe44905a0,True,169,103,88,15,85.4,10.2,2657.83,2,1788269869104,1788395549907,1.5,504.94,0.19,0.0,0,0.0,,False,False,False
0x2c66b020058a434b4cfa7b79593928cec00da2df,True,281,142,55,87,38.7,1.52,7143.65,1,1779356506666,1788527846677,106.1,3441.6,0.482,4626.071474,1,5504.81,119.0,False,True,False
0x2c81685e3ee16df3b2f635af42698565bb23e917,True,2000,949,416,533,43.8,0.33,-9946.96,15,1759539531698,1778293567854,217.1,-1197.53,0.12,0.0,0,0.0,,False,False,False
0x2c9e166b0d7a96e7994b9a205cd7fa15d8f7d5ec,True,596,283,161,122,56.9,1.43,3988.46,13,1776890592512,1788249763783,131.5,6822.56,1.711,25792.605992,0,0.0,0.0,False,True,False
0x2ca98e40a05442b20a3116b53b8d34efd6299fa8,True,2000,858,292,566,34.0,0.35,-24514.88,2,1775384089897,1787375822344,138.8,-3970.91,0.162,0.0,0,0.0,,False,True,False
0x2cbcf58deb9e8b912dee56d7ebe0f1ba91df42d7,True,213,70,40,30,57.1,2.92,683.41,10,1781551202163,1788288353350,78.0,163.91,0.24,128871.464331,6,12570.4,9.8,False,False,False
0x2cd84c5a739c12202fe92b7ce488abf643578a3d,True,2000,846,557,289,65.8,0.88,-460.46,85,1766494891060,1788853234923,258.8,-998.24,2.168,0.0,0,0.0,,False,True,False
0x2ce673a51a1fd838c2ee2bf6912d320ca340a5c5,True,2000,845,384,461,45.4,2.44,8955.22,49,1779345512453,1788848879351,110.0,2055.69,0.23,1890.865603,3,-550.34,-29.1,True,True,False
0x2cf51edb74a5060a5770e8d779da8bdb13c9ac30,True,2000,578,215,363,37.2,0.35,-2511.21,30,1787916541204,1788870229032,11.0,-516.96,0.206,3340.790298,11,425.35,12.7,False,False,False
0x2d09e31c7853c9e5a056ea9221119f0377f0d674,True,1333,617,187,430,30.3,0.89,-2545.98,8,1762444258562,1788868817314,305.8,4068.25,1.598,0.0,0,0.0,,False,False,False
0x2d1f503c0dbdfb369b1f1f07b10793bae58f9f8b,True,2000,965,551,414,57.1,1.34,6808.09,16,1783477420992,1788131829846,53.9,1204.63,0.177,0.0,0,0.0,,False,True,False
0x2d3715c7e3ba307b3cca4fe588918ee4bdf2681d,True,2000,1027,222,805,21.6,1.21,4820.17,24,1784760964908,1788871817817,47.6,5852.26,1.214,0.0,0,0.0,,False,False,False
0x2d4c28d35e7ed852de9a40c55e895bc33cd6a04a,True,1623,784,356,428,45.4,1.07,4331.72,8,1707404836641,1785607537027,905.1,7983.7,1.843,0.0,0,0.0,,False,False,False
0x2d5feaae545e4ec422dc5c5b5c3fbecb5b28a416,True,351,170,81,89,47.6,2.6,8385.96,12,1739975061875,1788368877659,560.1,4454.55,0.531,13.410598,1,-0.33,-2.4,False,True,False
0x2d722cf625844ab4cc24f9f3807c3e41192116b5,True,2000,950,545,405,57.4,0.4,-80188.79,14,1775598008892,1780807388518,60.3,-16766.73,0.209,0.0,0,0.0,,False,True,False
0x2d8c70d55241111a7ecdb4e92b1381fcaf4fe0d8,True,2000,824,342,482,41.5,0.39,-26619.16,30,1764865200376,1780417282204,180.0,-2490.27,0.094,0.0,0,0.0,,False,True,False
0x2da1ef069631cf020a14f76d791a61e7065531b8,True,1476,710,392,318,55.2,2.18,41087.6,80,1703264836469,1779898740875,887.0,6423.1,0.156,0.0,0,0.0,,False,True,False
0x2db9b154f8d56f27d0a8dd8f0b63cd78b3b541ec,True,2000,902,395,507,43.8,0.72,-13285.57,10,1760284153995,1784607230331,281.5,-2733.79,0.206,0.0,0,0.0,,False,True,False
0x2de13fa3f3929472b6256108a0993d693f225003,True,2000,1267,525,742,41.4,20.69,151406.59,2,1740893129157,1781637296888,471.6,9509.22,0.063,0.0,0,0.0,,False,False,False
0x2df4da2a112231ea77bff5e3acb0099db980c526,True,116,52,42,10,80.8,0.79,-445.48,2,1788478033855,1788843634176,4.2,-1208.55,2.713,362.362101,1,-17.74,-4.9,False,False,False
0x2e120d1a09b5cbb4b3abd90427f17f559c695287,True,2000,1178,608,570,51.6,0.7,-11044.59,9,1766155333743,1788526156706,258.9,-9726.63,0.881,155.531212,1,2.24,1.4,False,True,False
0x2e2e76c5e1d91a78ec41672da4640620d88a1c50,True,2000,998,869,129,87.1,1.76,26133.58,15,1788117636480,1788863674003,8.6,-4839.98,0.185,41954.479966,2,-28097.24,-67.0,True,False,False
0x2e3d94f0562703b25c83308a05046ddaf9a8dd14,True,2000,1998,1998,0,100.0,inf,100390.26,3,1779109979028,1787375641075,95.7,1715.62,0.017,999998.574897,0,0.0,0.0,False,True,False
0x2e4a4d6736ae0487b85ada66210e3d889b3e02fa,True,2000,1046,432,614,41.3,0.37,-310.0,3,1788362358188,1788521411203,1.8,-13.07,0.042,0.0,0,0.0,,False,True,False
0x2e71dcbf4a72d877b6d1a22d19a73b703a062afa,True,800,326,114,212,35.0,0.92,-488.3,27,1769969156578,1787429827600,202.1,685.66,1.404,1527.493716,1,17.58,1.2,False,False,False
0x2e891c2d85125ae1e22bdfb46d556c90a579d8d9,True,1596,860,402,458,46.7,0.92,-700.37,13,1756851250952,1786638442860,344.8,1109.19,1.584,0.0,0,0.0,,False,False,False
0x2e982270ec31d59667d6ccaa14a9acad5703897b,True,2000,913,469,444,51.4,4.45,41062.44,5,1775457201150,1785964163977,121.6,1992.43,0.049,0.0,0,0.0,,False,True,False
0x2eacc0863c35d860774acf2f5e3d3b704f5e6dad,True,625,316,79,237,25.0,0.68,-2455.74,6,1750321529952,1776677264014,305.0,-1563.35,0.637,0.0,0,0.0,,False,False,False
0x2ebc7cfac3adca56b9769621443bbe8b0d93e69f,True,2000,791,293,498,37.0,0.51,-17470.56,5,1770994072496,1772638072685,19.0,-6725.49,0.385,0.0,0,0.0,,False,False,False
0x2ed18078f75c27616d1cc2946ca50444268706d2,True,2000,1502,272,1230,18.1,0.18,-58621.03,1,1773007394165,1773021077998,0.2,-31040.22,0.53,4.2e-05,0,0.0,0.0,False,True,False
0x2eec82c12c3c0334b561c75a559775c730fe5cb4,True,2000,900,515,385,57.2,0.88,-2073.17,3,1785834070435,1788863295379,35.1,1316.6,0.635,1357.491578,1,-125.94,-9.3,True,True,False
0x2f0377d8234fa8a502648a2c2cc916f83b29d568,True,2000,1334,336,998,25.2,0.55,-3883.01,11,1784241274175,1784749649791,5.9,443.71,0.114,0.0,0,0.0,,False,False,False
0x2f16b9a816f503160213d41bd29540cc407ff51a,True,2000,1086,468,618,43.1,1.56,16016.01,3,1783905885314,1787268934696,38.9,1908.77,0.119,0.0,0,0.0,,False,False,False
0x2f2f942dfb05dd780f92400f02a88f66099e2904,True,2000,896,331,565,36.9,1.29,4472.56,40,1785861285122,1788803191474,34.0,2431.03,0.544,757.5,0,0.0,0.0,False,True,False
0x2f4f2c3b48c846102e951406c6a55defca0e2c26,True,2000,1055,362,693,34.3,0.8,-7960.16,18,1779629764001,1780917502920,14.9,-2756.13,0.346,0.0,0,0.0,,False,True,False
0x2f63c9b0e49768de5c1e26c3b174c1c5ebec9ca5,True,752,442,175,267,39.6,1.62,2598.47,3,1763371302756,1786473654377,267.4,625.66,0.241,0.0,0,0.0,,False,False,False
0x2f7b23210488e418aeb330434cf93c988098ffe5,True,1520,611,64,547,10.5,1.27,23224.97,8,1779206898590,1787945777938,101.1,20067.81,0.864,0.0,0,0.0,,False,True,False
0x2f9ba5eeb440d14bb01a7c072b82ed37fc901047,True,2000,881,388,493,44.0,1.0,128.63,9,1779477863356,1780315871130,9.7,6574.84,51.113,0.0,0,0.0,,False,True,False
0x2fa3d0e92d40603b5ef91c6acbf32f2d7420f1d8,True,555,244,243,1,99.6,0.63,-13403.42,2,1781637506134,1785961710289,50.0,-35935.32,2.681,0.0,0,0.0,,False,True,False
0x2fb7d1901c0ef7eb7fe0aae987a101998b4aec75,True,786,339,207,132,61.1,1.08,1333.45,19,1772179803849,1787925843904,182.2,2995.46,2.246,9021.249792,0,0.0,0.0,False,True,False
0x2fd0e85528644bbe77097d83328cfa31ea74204d,True,266,123,88,35,71.5,0.13,-7450.93,2,1773132368449,1787577005803,167.2,-8436.0,1.132,0.0,0,0.0,,False,True,False
0x2fe6043e031b23d47c1946293d7698343944cdc3,True,2000,907,463,444,51.0,0.64,-12303.4,17,1781538898747,1787755903969,72.0,-2638.35,0.214,0.0,0,0.0,,False,True,False
0x2ff3e23ed70364c2434cec7d73d6a6f7ca07c3f7,True,2000,1175,262,913,22.3,0.24,-19588.41,4,1775140562362,1777485916075,27.1,-5528.73,0.282,0.0,0,0.0,,False,False,False
0x3017fb557f04f1c17a6f08631bfa4b08b4cd2236,True,2000,737,530,207,71.9,0.58,-10241.09,17,1787347925728,1788550904304,13.9,-1869.74,0.183,24609.627875,7,215.03,0.9,False,True,False
0x3026f01e2449d9fc2de68a7b455838396d6921dc,True,2000,861,707,154,82.1,1.68,4122.71,6,1788332888917,1788798313143,5.4,-1319.45,0.32,46556.199691,0,0.0,0.0,False,False,False
0x303dcea94913821e936ec5671916175efb93d94b,True,2000,971,586,385,60.4,0.63,-5882.43,54,1769226550361,1787195729069,208.0,-1428.88,0.243,0.0,0,0.0,,False,True,False
0x3051343700e3cdc53aec478bdf36d468a4546ca9,True,1940,1259,297,962,23.6,1.07,3543.15,9,1774708989880,1787275083240,145.4,-6204.18,1.751,0.0,0,0.0,,False,True,False
0x3062b92a70ae5fb65429c07ec5697de540f1d030,True,285,175,111,64,63.4,0.24,-24923.48,9,1781106299987,1788804089912,89.1,-5245.49,0.21,0.0,0,0.0,,False,True,False
0x308ac0b8de9699b754e72a568f143d8856993336,True,2000,1024,812,212,79.3,0.96,-1167.34,18,1788357318661,1788871844970,6.0,-3267.84,2.799,99213.02766,4,-43094.08,-43.4,True,True,False
0x309c2662b96545e0dcc28352607ce7040056192e,True,2000,567,197,370,34.7,3.33,20248.92,16,1785878359580,1788872762313,34.7,5377.11,0.266,0.0,0,0.0,,False,False,False
0x30afce2f6842bf183c7e3fe7162e279ff0b6393e,True,2000,614,130,484,21.2,0.04,-203738.82,10,1787543793781,1788825600043,14.8,-18330.81,0.09,4921648.807759,2,2800132.27,56.9,False,False,False
0x30b8ba2256e51b3c61d0c203861b942c5bc977f0,True,763,365,191,174,52.3,0.28,-111124.48,6,1772934729928,1786123020953,152.6,-12188.4,0.11,0.0,0,0.0,,False,True,False
0x30c62d05a46dfcef7872687dbe786f80daf6f597,True,2000,949,445,504,46.9,0.96,-63.2,2,1774009777694,1787666997031,158.1,167.68,2.653,0.0,0,0.0,,False,True,False
0x30d51805d3217884f82e212fd8e7dcd60fa12a38,True,2000,1217,249,968,20.5,0.08,-126473.17,3,1780270297976,1780279883741,0.1,-14423.53,0.114,0.0,0,0.0,,False,True,False
0x30e53bc2b5fac129cf38f1e29d2c959b916f162b,True,2000,372,321,51,86.3,2.86,24739.91,6,1772906563116,1788471277383,180.1,8832.49,0.357,11398.79778,1,4065.6,35.7,False,True,False
0x3104b7668f9e46fb13ec0b141d2902e144d67efe,True,2000,621,471,150,75.8,0.71,-12160.42,57,1767643903577,1786646317536,219.9,3691.23,0.304,0.0,0,0.0,,False,True,False
0x311516bd1411f3df713cc094b873a2a27b2efc99,True,100,54,30,24,55.6,3.72,2579.91,1,1777761824845,1779018515390,14.5,727.9,0.282,0.0,0,0.0,,False,False,False
0x3128087eb427aee54dff4193c41c402347dcc4c0,True,2000,917,300,617,32.7,0.33,-42181.12,16,1779091415477,1788778156366,112.1,3093.57,0.073,294294.300319,7,95246.05,32.4,False,False,False
0x314dc99ce05d3c742a6d0042eedfbdc5a3c158dd,True,2000,1025,328,697,32.0,0.49,-20028.02,8,1774079078988,1774510149439,5.0,3098.45,0.155,0.0,0,0.0,,False,True,False
0x316b28c7ed8112547bb52bd6e68abd4a1ccd85b6,True,2000,1207,759,448,62.9,1.6,33333.65,13,1755057742996,1779321600086,280.8,3618.84,0.109,0.0,0,0.0,,False,True,False
0x319500927e4a461a27646d666c49509bead47e05,True,2000,1226,914,312,74.6,0.9,-2954.27,31,1778768141164,1788566400005,113.4,-3503.06,1.186,0.0,0,0.0,,False,True,False
0x31b0f184fd3be46d48d658c852376052956dfa41,True,896,346,229,117,66.2,0.54,-4974.49,9,1786550912139,1788855121639,26.7,-1641.5,0.33,3644.505741,2,-170.25,-4.7,False,True,False
0x31cbedcb77812b54b58baedb72726cb885a7e9e4,True,2000,1073,363,710,33.8,0.7,-30394.9,25,1768500324791,1785931288606,201.7,-10461.69,0.344,0.0,0,0.0,,False,True,False
0x31dea2516beee92135b96f464eeec3cf292a13f2,True,2000,1214,325,889,26.8,1.61,1692.65,11,1788866396831,1788873246917,0.1,779.93,0.461,8964918.542648,8,-272748.6,-3.0,False,True,False
0x31f25c448a29b9016b5f594ea140d015b6720beb,True,816,322,265,57,82.3,0.37,-4304.59,41,1785784570763,1787348356383,18.1,-1398.32,0.325,0.006158,0,0.0,0.0,False,True,False
0x32008fcb6bbd16532afc83ca8b6c920dde22c407,True,2000,399,0,399,0.0,0.0,-4301.34,7,1788453678309,1788850043149,4.6,-397.47,0.092,4073182.160171,2,430171.16,10.6,False,False,False
0x322514c2b59a935efd58d37d53acc8ddb326dca1,True,2000,776,580,196,74.7,1.05,778.51,5,1773018477348,1780917828804,91.4,-7369.33,9.466,0.0,0,0.0,,False,True,False
0x323eb0f7f186bc3734889efa59afbfc39e8096f5,True,1122,614,379,235,61.7,1.42,15648.95,58,1702731432596,1787654808449,982.9,3740.43,0.239,2404.984773,2,6468.22,269.0,False,True,False
0x325766a0a67eb3156f79be8b794cfc7018228401,True,2000,1034,460,574,44.5,0.18,-55145.26,1,1782138450675,1782196416937,0.7,-6311.25,0.114,0.0,0,0.0,,False,True,False
0x32691cce53f8913b852109aa1152d7ceee9a967f,True,2000,967,476,491,49.2,1.28,3988.14,24,1782338260295,1788868811697,75.6,7077.07,1.775,16058.100092,1,-5548.47,-34.6,True,False,False
0x327c325e3c91539f045f10b7df9acb683b391c50,True,2000,872,534,338,61.2,0.34,-83098.54,7,1776972461160,1780556886678,41.5,-36114.44,0.435,0.0,0,0.0,,False,True,False
0x32913453dba9e4d377c7b9f0037ca5891c7ce025,True,1609,740,563,177,76.1,2.42,5188.12,36,1734684196530,1788868054734,627.1,-1469.22,0.283,19223.189727,10,-4851.26,-25.2,True,True,False
0x329c787b163a730bd7900df2beb3ff4fe4670375,True,2000,748,508,240,67.9,7.99,9316.2,6,1788540178374,1788867221377,3.8,797.07,0.086,0.0,0,0.0,,False,True,False
0x32a8afff3e4197a5044f554149a2f2e946fcd0f0,True,1473,606,288,318,47.5,3.13,7649.78,14,1780942683059,1788325184761,85.4,516.16,0.067,0.0,0,0.0,,False,False,False
0x32c6f2a5dac590860c945c80294aff518e325b43,True,2000,1050,405,645,38.6,0.89,-2690.18,26,1760362633586,1788525131525,326.0,1674.27,0.622,0.0,0,0.0,,False,True,False
0x32e84c1f08ac718cf54e212183115c71b0a16e78,True,496,227,48,179,21.1,1.05,785.0,18,1777921584103,1782539856273,53.5,4920.43,6.268,0.0,0,0.0,,False,False,False
0x3308b8f0bf0938128725021d14e39d21744b2a6f,True,481,181,105,76,58.0,1.86,4018.76,11,1782148516527,1788772594097,76.7,856.75,0.213,15991.894025,5,11234.89,70.3,False,False,False
0x331ec4a3ccc04eced94d6144f175f4e1776804cc,True,1011,452,144,308,31.9,0.65,-2139.21,54,1707969996048,1785039680822,892.0,-815.41,0.381,0.0,0,0.0,,False,True,False
0x333719c7ace3b5b846a61ad8c6651e57a3cdcc6f,True,2000,1007,567,440,56.3,0.74,-3890.14,32,1761984270955,1788290010512,304.5,485.33,0.125,0.0,0,0.0,,False,False,False
0x334cf93d9e09cd8d373ac1987e0b3b042b7e200f,True,2000,996,613,383,61.5,0.42,-8031.07,2,1788270592350,1788845713000,6.7,-588.0,0.073,2476.680034,0,0.0,0.0,False,False,False
0x3364f3e9f19436983c9a65a54f81c54a6af2a6f4,True,2000,868,269,599,31.0,4.66,86731.24,29,1785685368741,1788845050231,36.6,10103.35,0.116,82750.914602,4,22099.39,26.7,False,False,False
0x3376feb027dffa68c6f92ce6e35c0ff57cd18a05,True,528,166,33,133,19.9,36.73,60751.7,3,1785512300958,1788809534846,38.2,21558.71,0.355,101543.118798,2,197770.08,194.8,False,False,False
0x33893d58f01e83b8b43fa8fcab85c0fa26c8d3ee,True,2000,1089,1089,0,100.0,inf,39991.08,2,1786666362189,1788860428474,25.4,1015.04,0.025,0.0,0,0.0,,False,True,False
0x339a9d7d7000f31af102a885089d3de936a4a8a4,True,2000,708,292,416,41.2,1.33,7742.15,14,1784163988520,1788766676113,53.3,1710.14,0.221,30600.735785,6,3746.67,12.2,False,True,False
0x33aad0ab2ad087d6150d64b99b57d51dc4bdf0f7,True,2000,1218,331,887,27.2,0.29,-26705.21,1,1773762373950,1787304106545,156.7,-5083.31,0.19,0.0,0,0.0,,False,False,False
0x33c079266febb35d369b381a8f2e4907b176243f,True,2000,960,490,470,51.0,0.69,-27016.67,22,1788132574955,1788787269284,7.6,-6869.62,0.254,13717.516829,3,-5297.7,-38.6,True,True,False
0x33ddab83294a64918f77660f795df940688d7931,True,2000,509,144,365,28.3,0.32,-1792.78,38,1773614487206,1773764683201,1.7,-208.94,0.117,0.0,0,0.0,,False,False,False
0x33fb5ec21c87400d6d1d09bf34a04da5326416f4,True,110,46,27,19,58.7,21.27,8202.91,2,1779130544582,1786010048188,79.6,2078.08,0.253,0.0,0,0.0,,False,False,False
0x3411f72042567d2ed39329af34059c573cad8bff,True,2000,1031,473,558,45.9,0.47,-10245.78,13,1772801531668,1787302717092,167.8,-2639.96,0.258,0.0,0,0.0,,False,True,False
0x34365f472a3af2ff8167970a519931437e2c2094,True,2000,978,244,734,24.9,1.04,21231.83,6,1768320616806,1772723779171,51.0,-70796.13,3.334,0.0,0,0.0,,False,True,False
0x34482af57c7aa49280f45c75f048e8ef53a5eb1d,True,2000,1163,614,549,52.8,1.62,11943.46,2,1782456385873,1788860201635,74.1,4239.0,0.355,14789.032442,1,498.32,3.4,False,True,False
0x346ccfdee95c7bd36b60bfe028d0f40d3517f22f,True,781,355,334,21,94.1,219.86,257551.31,5,1773724745310,1781475666869,89.7,12248.2,0.048,0.0,0,0.0,,False,False,False
0x347ceb65f1e165b6468a9521325d09302d7bbd37,True,754,343,320,23,93.3,0.59,-829.6,68,1773129980775,1788412673858,176.9,-969.13,1.168,0.0,0,0.0,,False,True,False
0x3487f5dc853889c653da1184c1a397877369f9c9,True,2000,588,145,443,24.7,0.47,-2800.29,17,1779309764794,1788360523877,104.8,-407.26,0.145,0.0,0,0.0,,False,True,False
0x3499ded79ef4285dbdb5232d24106087d383732c,True,1093,409,163,246,39.9,0.71,-3102.08,33,1734101982233,1778044334630,508.6,-2046.74,0.66,0.0,0,0.0,,False,False,False
0x34b0f9b42295d3d8fc13a0742b42ffe1651f52b4,True,2000,853,335,518,39.3,0.97,-566.02,27,1775275553453,1787221623637,138.3,3126.68,5.524,0.0,0,0.0,,False,False,False
0x34cfef893d7c898589866289b49f239744718bd5,True,214,90,75,15,83.3,108.97,63461.4,51,1776644817897,1784417084826,90.0,56769.9,0.895,0.0,0,0.0,,False,True,False
0x34dff2fd9ab1bfed2e8f308c3eec99e54beb6609,True,2000,867,579,288,66.8,2.62,30087.41,2,1777229368935,1787275462901,116.3,4958.0,0.165,182774.81791,1,-39571.43,-21.7,True,True,False
0x34f82fa841c461a8a5ba0d56c19851aba8a1e1d7,True,1400,664,539,125,81.2,2.75,3668.47,1,1781797443262,1783188580150,16.1,249.55,0.068,0.0,0,0.0,,False,False,False
0x3517a48fcfad0480c7d7666d4ec54edc6d9a5559,True,513,277,93,184,33.6,1.88,6252.48,14,1763932533455,1783672169864,228.5,987.6,0.158,0.0,0,0.0,,False,True,False
0x35377745cae641757bef9d720a60d91818d3ab16,True,198,97,76,21,78.4,1.5,950.12,4,1787306150771,1788864791901,18.0,-570.83,0.601,632.328734,1,-281.43,-44.5,True,False,False
0x354aed4e48f598f4002eebaaf5893b9b5cf3559a,True,2000,1276,919,357,72.0,17.66,72991.76,10,1738077888752,1787639100617,573.6,2867.95,0.039,0.0,0,0.0,,False,True,False
0x3559f8b0b9567c85bec20abb7cbb449b6a125649,True,2000,977,628,349,64.3,1.17,2072.46,18,1778821893130,1788854910057,116.1,-1376.01,0.664,973.023038,2,154.41,15.9,False,True,False
0x357b7e57dd533875e695e3c8b9fd4c34b3f14906,True,2000,1094,321,773,29.3,0.81,-1582.97,3,1784065480013,1787251473782,36.9,514.44,0.325,1454.89143,1,1349.29,92.7,False,False,False
0x35870a182c77e9345a605db2624ed06542fd2bd7,True,1410,664,298,366,44.9,0.71,-22435.73,24,1734920743442,1784944828905,579.0,18489.27,0.824,0.0,0,0.0,,False,True,False
0x359c6d5d365b3d8a2ee0c9b919e8171809829377,True,2000,866,411,455,47.5,1.78,36152.92,42,1754764907563,1788749300166,393.3,15426.91,0.427,2678.788795,2,-162.39,-6.1,True,True,False
0x35a712499cd4dd96848c7c1aada661880a3282fb,True,1052,450,292,158,64.9,1.52,12237.63,11,1781364253383,1788394322029,81.4,-12107.42,0.989,15213.298687,1,-17336.76,-114.0,True,True,False
0x35c3bbd9db12d846ded8430cfb80cf3378fa8c90,True,2000,713,205,508,28.8,0.33,-2585.62,1,1784043257121,1787321821191,37.9,172.94,0.067,273.910666,0,0.0,0.0,False,True,False
0x35d1151ef1aab579cbb3109e69fa82f94ff5acb1,True,2000,2000,1054,946,52.7,6.26,78282.95,2,1775078859565,1775083527840,0.1,1607.36,0.021,0.968969,2,-0.02,-2.2,False,False,False
0x35ef4e46d2ce61763f11502b78f3c246ab5b1045,True,1704,781,476,305,60.9,1.19,3478.35,8,1737583303445,1786700713161,568.5,971.28,0.279,0.0,0,0.0,,False,True,False
0x360a43a1152c3bdb6deef6afab25a61335f18f02,True,1043,546,367,179,67.2,1.89,9348.66,8,1773484956477,1776906016731,39.6,3843.72,0.411,0.0,0,0.0,,False,False,False
0x3618785fed530c6ea5bc279afee6081da86555ae,True,2000,1061,504,557,47.5,0.74,-12610.71,2,1785281645063,1788687375244,39.4,-1904.22,0.151,6474.420555,1,6903.49,106.6,False,False,False
0x363104cf2e5427b932f2f0b9225b1be85fc720f9,True,2000,832,591,241,71.0,0.51,-22196.44,8,1778779532132,1787491080989,100.8,-5195.32,0.234,0.0,0,0.0,,False,True,False
0x3644011fb7ec7daab4f0c835c1ae0fd0e620d766,True,2000,790,292,498,37.0,0.88,-12283.71,19,1786408326486,1788655824287,26.0,8783.3,0.715,135529.638727,4,24769.79,18.3,False,True,False
0x36629b833f1ced351bc7dbe3f5f0765ee4c3eec3,True,2000,966,219,747,22.7,0.95,-685.67,7,1788528119666,1788856420916,3.8,1462.84,2.133,26851.110384,2,5866.59,21.8,False,False,False
0x3687e5a773d3a9a8d92f57752d54dde7dc13a5cf,True,2000,831,414,417,49.8,0.66,-2866.69,1,1785271549324,1787476629936,25.5,-905.61,0.316,1627.684402,1,-207.95,-12.8,True,False,False
0x369daedbefcb30b82154338c8fd613a70c60d251,True,2000,1309,223,1086,17.0,0.04,-19365.55,24,1788408990510,1788844336892,5.0,-372.62,0.019,274251.242488,110,-97551.78,-35.6,True,False,False
0x36bfa1162fb82b6ec4265839cdac4bee4bc4e596,True,480,235,109,126,46.4,1.52,216.87,3,1760613784394,1773471717503,148.8,72.08,0.332,0.0,0,0.0,,False,True,False
0x36dc8d4188c57008b7ddbc21662ef28a88a9c684,True,2000,1827,1518,309,83.1,11.24,98404.68,12,1785121942023,1788873530329,43.4,7498.03,0.076,370634.457247,11,71616.78,19.3,False,True,False
0x36eb784a5ef2661f5a8e0931bdc3c2a957cec2cc,True,1477,752,467,285,62.1,0.44,-26958.32,7,1778275400021,1781409979490,36.3,-10600.0,0.393,0.0,0,0.0,,False,False,False
0x36f479e7ff898491f1711552bb94fd345319a58a,True,2000,1105,610,495,55.2,1.8,20845.84,32,1781703509164,1788447918519,78.1,3704.29,0.178,4039.922649,0,0.0,0.0,False,True,False
0x3701d57bff981a2402eb70877fae29dbc6a5afcb,True,1791,832,522,310,62.7,1.34,4390.32,43,1774265519958,1780358400016,70.5,945.26,0.215,0.0,0,0.0,,False,False,False
0x371e4775ccc42181096914b408dce56c03cdb2c7,True,2000,1281,267,1014,20.8,0.32,-13726.97,4,1784083982448,1784606372323,6.0,-1283.94,0.094,0.0,0,0.0,,False,False,False
0x373c08b197fb2fb3732c4a22db06609c0711ef4c,True,2000,1037,145,892,14.0,0.01,-320859.24,5,1780528349663,1781599992419,12.4,-94760.24,0.295,0.0,0,0.0,,False,False,False
0x3751c1c4cb83c76c624a622a81418c6a635fb02d,True,2000,958,662,296,69.1,0.86,-1142.44,22,1773179119821,1788860189845,181.5,-1165.89,1.021,7971.449662,5,-1833.31,-23.0,True,True,False
0x376ce35db4e483c62f333e78fa6a59b3c531b96a,True,86,52,49,3,94.2,5.91,1971.73,8,1767844109593,1787296527420,225.1,490.36,0.249,0.0,0,0.0,,False,True,False
0x378defc39d5dcdfbecd4f1673a5e228f992fc08e,True,2000,904,736,168,81.4,11.23,15000.34,13,1786917613906,1788825878106,22.1,1102.27,0.073,0.0,0,0.0,,False,True,False
0x37a6714d52e5ec11d6cc49231dcc749437d56c0d,True,1548,542,430,112,79.3,0.79,-17524.62,25,1738446973010,1788822378538,583.0,-21636.37,1.235,9148.859514,6,8570.28,93.7,False,True,False
0x37c2a0912e44ea4c293866dfa3735d58ef1ecb4f,True,2000,660,425,235,64.4,3.03,1015.28,13,1788744055152,1788830166850,1.0,118.98,0.117,0.0,0,0.0,,False,True,False
0x37e229da51d1c1e1bdf05e2c0d3e9493bfd33d6c,True,1134,519,349,170,67.2,7.8,249572.13,80,1685164333910,1788700890146,1198.3,28295.56,0.113,2179.50486,2,6456.81,296.3,False,True,False
0x37f040ae21b272a378540af18327b17aba4435ee,True,35,25,16,9,64.0,4.09,3573.89,4,1759975523398,1773673066470,158.5,2109.89,0.59,0.0,0,0.0,,False,True,False
0x38187d16be90abf1105cf4c857d51aa151e5505c,True,294,179,174,5,97.2,41.09,8637.93,9,1767615867961,1783528527253,184.2,1023.1,0.118,0.0,0,0.0,,False,True,False
0x382c84f48cb59ce98c9e429a7e7e2d1e6adbd881,True,633,360,203,157,56.4,0.94,-2007.61,22,1733499400861,1780391242484,542.7,-3495.4,1.741,0.0,0,0.0,,False,True,False
0x383f53835285618c93da424feafb513e0e52c8a1,True,2000,1038,85,953,8.2,0.18,-86615.55,2,1780583282082,1781272224499,8.0,-6727.1,0.078,0.0,0,0.0,,False,True,False
0x3859eed890ed4259005e84b1390f78cb157a3e0b,True,2000,1018,342,676,33.6,0.25,-42044.01,2,1768726616451,1783675522349,173.0,-2882.64,0.069,0.0,0,0.0,,False,True,False
0x387d2265469b3a157b2a9b6ae3d00521e58f8b43,True,2000,898,612,286,68.2,4.22,43159.19,30,1772341513448,1788865354863,191.2,3174.71,0.074,21840.289856,2,14132.2,64.7,False,True,False
0x3895d155b005191686476a39580d43258a518e46,True,2000,1852,1430,422,77.2,1.45,771.03,15,1788723466760,1788869801184,1.7,-86.21,0.112,95598.57372,0,0.0,0.0,False,True,False
0x38bd7d8958b9161f668a2a6e27c744ba696d6ff0,True,74,40,25,15,62.5,0.2,-7618.92,1,1786466900699,1787153184536,7.9,-2702.45,0.355,0.0,0,0.0,,False,True,False
0x38d2dfc2f67ce4a9daefe6c2f2e3882042f5e439,True,2000,893,280,613,31.4,0.55,-6730.11,2,1787753352377,1788736506373,11.4,-1616.46,0.24,4960.743725,1,1956.2,39.4,False,False,False
0x38e7e88800baf77261b4bbd51c4d6c4826a96285,True,594,283,195,88,68.9,0.13,-15169.83,11,1751329897810,1788471015136,429.9,-5737.98,0.378,333.465995,1,-978.78,-293.5,True,True,False
0x38f5d2c5ab9323adb8dd763c723e8e18622b51cb,True,970,390,214,176,54.9,0.82,-4379.19,30,1766154633052,1784121693137,208.0,-4126.45,0.942,0.0,0,0.0,,False,True,False
0x38fced6d111c23b3264d4a47219596a35f3cf999,True,2000,197,110,87,55.8,1.47,1062.59,6,1778076864035,1788720218172,123.2,836.41,0.787,0.0,0,0.0,,False,False,False
0x390e8a48a3aa969fb172bea39a97217c89b9f803,True,127,54,38,16,70.4,1.21,1480.98,4,1768319896831,1785960617281,204.2,-2024.79,1.367,0.0,0,0.0,,False,False,False
0x3923ef072f51e306f8c9b9e91adb7bc920da0dab,True,2000,1077,633,444,58.8,0.56,-31858.52,17,1777301997488,1781377734681,47.2,-9508.67,0.298,0.0,0,0.0,,False,False,False
0x392fcea0cdd32cac534c28be749a9272a591f19e,True,671,310,76,234,24.5,0.54,-3054.54,3,1779816840309,1787490957789,88.8,-733.0,0.24,3072.185022,1,208.23,6.8,False,False,False
0x39475d17bcd20adc540e647dae6781b153fbf3b1,True,2000,1254,446,808,35.6,0.63,-5858.66,24,1788846967188,1788873882225,0.3,-1559.67,0.266,3520576.870871,37,-2729.76,-0.1,False,True,False
0x396c9d7cdd4900b14f983cb123a8c4a343a1682a,True,2000,1073,352,721,32.8,0.33,-25543.97,14,1782342474748,1788849505014,75.3,-3281.08,0.128,0.0,0,0.0,,False,False,False
0x398433dd94502cb28814d145a4fb8e98deba601b,True,2000,930,574,356,61.7,2.63,26540.2,20,1779575149917,1787511035036,91.9,2083.69,0.079,15562.012982,6,-21565.36,-138.6,True,True,False
0x399ccf8a60473fa12cf6c747e82e959de3e02179,True,368,135,81,54,60.0,2.19,33712.88,7,1738566169143,1788526733682,578.2,5943.6,0.176,25266.523601,1,-1146.0,-4.5,False,True,False
0x39a329cdd8ac9d61155c6f15b36c7f95d3ea98c1,True,2000,931,547,384,58.8,1.17,2422.84,76,1781685591388,1788870410375,83.2,-664.61,0.274,10202.65319,5,-130.63,-1.3,False,True,False
0x39b862739b8c0a72338b462934cebf86516afd9b,True,745,384,182,202,47.4,0.76,-1316.71,6,1783496073350,1783813713927,3.7,-1129.27,0.858,0.0,0,0.0,,False,False,False
0x39c7d05e24cf5ee0e24ed687783b55a3b1620e4f,True,2000,948,438,510,46.2,0.64,-17802.76,7,1779138768485,1780617600043,17.1,-2011.76,0.113,0.0,0,0.0,,False,False,False
0x39e1c385d4c89df0cc19cf422ff6eac8a8f55539,True,2000,892,539,353,60.4,1.2,2995.65,51,1775886678055,1788800376242,149.5,-699.21,0.233,741.828206,2,-14.77,-2.0,False,True,False
0x39f74e8dd3bd64fc6d7444166808dc18208d0698,True,706,295,200,95,67.8,1.27,1562.5,10,1752199968405,1773113295279,242.1,-1338.05,0.856,0.0,0,0.0,,False,True,False
0x3a05c7c9edc1103fd80bd3681ec530d8d77c199d,True,529,232,101,131,43.5,0.58,-4814.33,6,1760639060399,1788342403198,320.6,-1759.79,0.366,0.0,0,0.0,,False,False,False
0x3a140f8456b03f25ace243a211dca7b6c4bdb994,True,2000,664,3,661,0.5,0.0,-828.71,2,1788655035033,1788869299356,2.5,-14.03,0.017,144423.312093,2,-233.31,-0.2,False,False,False
0x3a1bf5746cf2c47e570ef4e6cca27be9cc0e6833,True,2000,816,370,446,45.3,1.09,9411.04,53,1758857455765,1788704752099,345.5,32588.61,3.463,67496.377922,5,8749.26,13.0,False,True,False
0x3a3a06a22ef922484ee267cd49617da8c80acf53,True,2000,959,313,646,32.6,0.22,-214587.46,16,1760130128937,1788544083315,328.9,-84187.52,0.392,0.0,0,0.0,,False,False,False
0x3a4b8a23b751d08ac94b873c7f316b8e4f278794,True,2000,673,190,483,28.2,0.39,-93064.16,8,1781384304328,1788694231293,84.6,-43918.43,0.472,5812.847042,1,-2134.39,-36.7,True,False,False
0x3a62fea9cd2832f639f13d6a5bc5584f62c470e4,True,2000,871,498,373,57.2,1.21,5189.1,10,1784638266120,1788778370542,47.9,2318.09,0.447,9544.369255,1,-2400.58,-25.2,True,False,False
0x3a7b0c5d26fac6109ceba571e7ea77460c9e6ebc,True,1224,592,245,347,41.4,1.12,1827.18,9,1764755686097,1788511991440,275.0,2030.25,1.111,599.86249,1,-71.07,-11.8,True,True,False
0x3a905fcc956f04d6e479962f87895fe7d5c4f618,True,2000,930,266,664,28.6,1.02,60.6,28,1776463852066,1788835795199,143.2,658.39,10.864,0.0,0,0.0,,False,False,False
0x3a9f9d8a37d9364c9e1dd90512f54ead9a7b03c7,True,2000,1006,684,322,68.0,1.67,2673.01,16,1776310877048,1778999115457,31.1,342.54,0.128,0.0,0,0.0,,False,True,False
0x3ab7e3715ddf587cce41cd5ca121d4a530d4badc,True,264,115,31,84,27.0,1.72,497.13,2,1732554013521,1788848554367,651.6,160.85,0.324,923.537344,0,0.0,0.0,False,True,False
0x3ad341309fac76a002370deeb3238ef217aeb465,True,1265,1265,877,388,69.3,0.27,-270675.25,27,1736535470451,1787685518896,592.0,-21809.27,0.081,15293.088601,6,-12723.47,-83.2,True,True,True
0x3aef352af8309387b77a239d7a8bbcd10762a076,True,1374,642,391,251,60.9,0.82,-5246.46,6,1773868528763,1776443991963,29.8,-3337.72,0.636,0.0,0,0.0,,False,False,False
0x3b059eba71278cee408a3542cc3a658528dafef3,True,2000,1038,528,510,50.9,0.89,-720.08,3,1777186016194,1788527506032,131.3,-809.56,1.124,17885.275277,3,-12550.36,-70.2,True,True,False
0x3b0ff2e148e8dbf0d270a977c7e9b87bf34bcd27,True,867,440,170,270,38.6,1.5,7082.12,32,1776537384434,1785095700566,99.1,2367.9,0.334,0.0,0,0.0,,False,True,False
0x3b21b13b99a903c37b62001d63864cb405f103bf,True,1575,768,236,532,30.7,0.74,-10589.24,27,1733158539706,1788527836149,640.8,-3144.3,0.297,2183.810339,1,138.08,6.3,False,True,False
0x3b3e15415e435d56e069a6a75b2a1c5b3606969b,True,2000,1019,245,774,24.0,0.8,-483.66,41,1782490644072,1788873040292,73.9,113.07,0.234,782.412681,4,52.73,6.7,False,True,False
0x3b49848f4dd1feacab77b390cf11aa3674e857c0,True,2000,935,448,487,47.9,2.23,7881.95,7,1778076472655,1788525457389,120.9,1364.22,0.173,0.0,0,0.0,,False,True,False
0x3b63bbf52aa94016b61ee8d6809253f915d61411,True,2000,849,427,422,50.3,1.43,5414.51,30,1762338597729,1788806347160,306.3,1644.79,0.304,0.0,0,0.0,,False,False,False
0x3b777b664b0fd10c0bde1e4ff4f3a390292a1825,True,2000,741,591,150,79.8,0.66,-22994.0,33,1750367671715,1788814436593,445.0,-7151.18,0.311,428.802461,1,-52.57,-12.3,True,True,False
0x3b8c452583bfdee8ed215cf249547b0bd057cfe7,True,2000,1028,457,571,44.5,0.38,-6573.85,3,1787168401764,1788823148565,19.2,-1488.72,0.226,0.0,0,0.0,,False,True,False
0x3b9f494944dc03da0571aeabb1c62fe741bfd305,True,1357,683,505,178,73.9,8.76,117782.19,11,1752462833128,1788314424266,414.9,5190.27,0.044,62028.509125,1,6676.08,10.8,False,False,False
0x3bc06479d66c25e2aa094af9505c1894dd8b0ae9,True,2000,940,421,519,44.8,1.09,3289.22,23,1787874220553,1788849814157,11.3,-6981.13,2.122,15594.471937,1,1954.07,12.5,False,True,False
0x3be714dbe0d3a33ae89b04f8caf93364c98b4b1f,True,2000,1783,1783,0,100.0,inf,243118.61,1,1787186560090,1787198497452,0.1,14790.45,0.061,0.0,0,0.0,,False,True,False
0x3bf9d96e4fac7acde421de736554310821a6b335,True,2000,1113,825,288,74.1,8.25,42508.99,28,1773720042545,1788847523942,175.1,-4500.0,0.106,46267.875111,4,-20680.3,-44.7,True,True,False
0x3c2c0b452b465c595fe106ef40c55bf4383d2453,True,2000,1561,909,652,58.2,3.46,5032.12,13,1782097689699,1786679502943,53.0,52.25,0.01,0.001962,0,0.0,0.0,False,False,False
0x3c3f556409451456a4269fbb7af9c0206901c876,True,1700,875,467,408,53.4,5.11,11214.49,33,1767273603015,1788446986422,245.1,-687.39,0.061,0.0,0,0.0,,False,True,False
0x3c53f304dcd45ca7e77472f2b818c1d28b7afe0b,True,2000,860,568,292,66.0,2.85,10259.45,47,1777800339041,1788432032891,123.1,3459.41,0.337,0.0,0,0.0,,False,False,False
0x3c6faa30489f7ed7774cc52376a08315da01cb58,True,2000,931,426,505,45.8,0.55,-3202.35,26,1773785706000,1788680648101,172.4,-445.09,0.139,0.0,0,0.0,,False,False,False
0x3c89c4dda1b985f049f92d0b91875ef12486c94e,True,169,55,40,15,72.7,2.09,28959.62,4,1755033871937,1780330037038,292.8,-26502.38,0.915,0.0,0,0.0,,False,False,False
0x3cb2da36296006a387cab0882d62dba88cc27ada,True,2000,831,405,426,48.7,0.78,-1624.53,12,1776243861530,1788568867155,142.7,-649.64,0.4,0.0,0,0.0,,False,False,False
0x3cc86eeb8e074f1182f4c0713816a0ff96383994,True,2000,905,437,468,48.3,0.2,-222752.89,1,1780598391054,1780640701166,0.5,-30586.69,0.137,0.0,0,0.0,,False,True,False
0x3cd7f778de67abe77f1dacc8309f1adf974145e6,True,560,273,248,25,90.8,31.71,6757.87,3,1781504766504,1787208969080,66.0,1507.21,0.223,0.0,0,0.0,,False,True,False
0x3cf5aa4cc1a6a26cec7899f3e08602831fedf870,True,2000,1081,951,130,88.0,1.57,838.96,19,1776566957190,1778843404249,26.3,-205.9,0.245,0.0,0,0.0,,False,False,False
0x3d0acf9d5e0175444e389ba6a16b6b83f1933df5,True,2000,878,631,247,71.9,1.87,75304.18,22,1760110362533,1788748745963,331.5,-22045.51,0.293,211132.04899,6,-16141.46,-7.6,True,True,False
0x3d2b551c44bba75c280cc0ce1150010739a5c5dc,True,2000,990,818,172,82.6,0.9,-4272.4,11,1781235482047,1788866760969,88.3,-2666.9,0.624,137049.056373,1,-12995.45,-9.5,True,True,False
0x3d3a217e1ef160e7391ce6bbb3fc77d8d21e2eff,True,108,23,15,8,65.2,0.65,-960.69,4,1723139768051,1780324880530,661.9,-1211.0,1.261,0.0,0,0.0,,False,True,False
0x3d53a025e74d689cd196f5689b4e488957e7e56d,True,2000,830,578,252,69.6,6.3,55135.99,5,1787818983382,1788843245797,11.9,4481.7,0.081,0.0,0,0.0,,False,False,False
0x3d68fbf184ee117c98a2cb5fb554cbd695df8fd5,True,2000,955,931,24,97.5,21.79,29345.36,4,1787173708958,1788714301481,17.8,2728.44,0.093,17344.662772,4,-14936.79,-86.1,True,False,False
0x3d78aac4d84bc23aeefd338a16cb9df8d8b40606,True,2000,1227,1065,162,86.8,3.03,55356.92,17,1749605188643,1788359061346,448.5,5566.49,0.101,0.0,0,0.0,,False,False,False
0x3d90266d4be0e79b41b68610f383f33729e9ccb0,True,2000,600,266,334,44.3,1.69,413.57,1,1788825606683,1788874141406,0.6,114.9,0.278,0.0,0,0.0,,False,False,False
0x3da3b64e63b57ed4926d4d9836cd08e0ffc830a0,True,2000,931,24,907,2.6,0.13,-18005.73,11,1786532732819,1788685049139,24.9,-1081.66,0.06,43657.6866,4,8392.11,19.2,False,True,False
0x3dc595e485ff3338cd9299a275b627e721593744,True,2000,1095,557,538,50.9,1.27,4462.79,68,1778083599378,1788640987903,122.2,1122.58,0.252,13628.212306,3,7486.84,54.9,False,True,False
0x3dd2f72a0bcddccb95c3faab847793a5302e8efa,True,2000,709,297,412,41.9,0.82,-4438.53,10,1779379094132,1782100972127,31.5,-3308.31,0.745,0.0,0,0.0,,False,True,False
0x3de84d82c5d43aa862ae3a9ebf02d144a4f06449,True,1233,638,462,176,72.4,0.66,-10523.03,2,1773465535874,1787378200182,161.0,-11197.44,1.064,1404.561866,1,124.2,8.8,False,True,False
0x3e051c89cd06e6867ce98c758fcc665d2148e1bb,True,2000,897,347,550,38.7,1.23,771.64,50,1787576159410,1788870364160,15.0,332.24,0.431,2295.147611,21,182.28,7.9,False,True,False
0x3e1a893184ccd858c9a3cf654889d93c77c36b5c,True,2000,910,659,251,72.4,1.5,57286.53,6,1778008232296,1787184000002,106.2,-14566.47,0.254,0.0,0,0.0,,False,False,False
0x3e3227e7c4ce8ffbaffbd2608f276c9ea3831ff2,True,706,327,167,160,51.1,1.9,3096.12,37,1731108067625,1786690364462,643.3,957.88,0.309,1514.915775,0,0.0,0.0,False,True,False
0x3e470a0bf8460c3a8320327cf5db7deed3a3aaf6,True,2000,452,450,2,99.6,481.4,524958.64,6,1782583572241,1788725468265,71.1,28379.85,0.054,360757.694882,4,125436.97,34.8,False,False,False
0x3e54481a051bcfc2634f0658ff4f6baf193de288,True,1772,888,484,404,54.5,2.28,35133.08,47,1706577570758,1780869383261,859.9,17255.85,0.491,0.0,0,0.0,,False,True,False
0x3e6805e8694bb2b717a828c1bfa32df5d6580cc9,True,2000,888,513,375,57.8,2.77,131052.95,17,1780587546575,1788533530289,92.0,14526.1,0.111,57166.0,0,0.0,0.0,False,True,False
0x3e74607ac4d7c30a6a276bfba6465b6074488f0b,True,2000,710,285,425,40.1,1.37,3368.73,7,1778252756431,1782305081461,46.9,2909.81,0.864,0.0,0,0.0,,False,True,False
0x3e836d156d3c7444f14c2c33cb678b585239e79e,True,2000,988,218,770,22.1,0.25,-26250.49,2,1782738157188,1788865812051,70.9,918.47,0.035,18843.230065,1,9.8,0.1,False,True,False
0x3e91ea006f8b2394a6db8ab0225309ad6e7ed9cb,True,2000,1083,470,613,43.4,0.76,-1089.58,28,1783713984094,1788826688034,59.2,510.06,0.468,0.0,0,0.0,,False,True,False
0x3ea2058abca896b30042ea27dc0ba49cc40900e7,True,2000,1014,544,470,53.6,2.35,1060.11,2,1788251056111,1788874360152,7.2,-163.94,0.155,11611.296545,1,121.79,1.0,False,True,False
0x3ec9b39fd40af27a889c4cc2e84c644597e8a1aa,True,2000,978,263,715,26.9,0.47,-1776.45,7,1783397946494,1784622067610,14.2,137.93,0.078,0.0,0,0.0,,False,False,False
0x3edeb829ddc8763b3c1e77223e71b7370fd1b8c2,True,2000,1067,280,787,26.2,0.9,-13313.34,21,1734285249777,1787752761309,618.8,10359.1,0.778,0.0,0,0.0,,False,True,False
0x3eedd57d41fca3e106f6a84e84dc6aa9be330327,True,1185,452,383,69,84.7,1.18,3134.49,46,1759252344073,1788778750288,341.7,-2809.32,0.896,10469.074937,13,-8148.9,-77.8,True,True,True
0x3effdc82f21e0810c44af5ac61be1a767735b744,True,1452,660,167,493,25.3,0.73,-1624.61,9,1770442154121,1787270718286,194.8,-549.04,0.338,0.0,0,0.0,,False,True,False
0x3f0fbe29803e6ae8bcba412ab9019aa690be3649,True,305,142,86,56,60.6,3.06,19257.95,12,1758293443151,1774067452145,182.6,4635.89,0.241,0.0,0,0.0,,False,True,False
0x3f1e3c06010289d309ac9cae0ba013098168501d,True,1237,530,223,307,42.1,0.49,-2441.98,40,1754417624424,1784619785451,349.6,-619.92,0.254,0.0,0,0.0,,False,True,False
0x3f3003dec579ffe478be29133c22dc1bb273a2b8,True,2000,987,311,676,31.5,0.91,-5155.41,32,1773268718322,1788868433079,180.6,-3586.66,0.696,10423.069763,1,-555.84,-5.3,True,True,False
0x3f3b7137d3694f7ef86aff20115e0447ed826a77,True,2000,1194,112,1082,9.4,0.19,-11527.13,3,1784281281934,1784287758062,0.1,371.8,0.032,0.0,0,0.0,,False,False,False
0x3f5bbeb0e92cf7d688b75364345ca3b0dfcac736,True,863,392,158,234,40.3,0.93,-753.81,7,1777837255389,1788375125017,122.0,3341.07,4.432,0.0,0,0.0,,False,True,False
0x3f789545908ccc773e150612f43044fe17d4340b,True,2000,461,321,140,69.6,0.44,-17800.85,13,1779822926834,1787854855059,93.0,-3016.41,0.169,0.0,0,0.0,,False,True,False
0x3f8b2d28ce5d7df28a83c891b8dd2f98d2b28637,True,2000,1081,448,633,41.4,1.07,644.5,7,1778937051670,1782194868646,37.7,1000.06,1.552,0.0,0,0.0,,False,True,False
0x3f973e7dab2e5acbc33ae4d1b32f3873517e08d8,True,2000,1712,375,1337,21.9,0.01,-309619.19,8,1787122433599,1788595797477,17.1,-22806.1,0.074,19241.953099,3,24157.09,125.5,False,True,False
0x3fa8ed10f4aa3ac5b2c43d8bd59d8830f88d974c,True,2000,673,467,206,69.4,1.35,19255.03,18,1746739561132,1787948798016,477.0,25243.41,1.311,7169.773458,1,-506.61,-7.1,True,True,False
0x3fc0f36ce20a3a2e73b2d1787ec29c5e64989fbf,True,2000,802,231,571,28.8,0.16,-72327.29,4,1783767105839,1785106013267,15.5,-4374.88,0.06,0.0,0,0.0,,False,True,False
0x3fd131adb3daa52a2a625397f656e1649d57d2ae,True,842,426,258,168,60.6,1.25,5289.56,5,1775602631932,1788419157391,148.3,2104.53,0.398,0.0,0,0.0,,False,True,False
0x3ff3ac2477a25071745bf6a32ce55de21f073e3c,True,2000,1019,381,638,37.4,1.16,3429.09,14,1780931352367,1788874305415,91.9,2651.61,0.773,11891.075,1,-431.53,-3.6,False,False,False
0x4009fb3a7907de2e81166eb04ae270b1a2f13f61,True,2000,987,475,512,48.1,1.02,1269.47,2,1774137760060,1788873728823,170.6,6369.73,5.018,278.398977,1,5.63,2.0,False,True,False
0x401e7c76fc809b3b5cc69a5c41dbb97585f4cfbc,True,2000,557,376,181,67.5,11.1,12057.25,4,1783029311502,1788731074440,66.0,564.43,0.047,192082.63873,4,-56986.12,-29.7,True,False,False
0x402cf0cac36c6faa342b8379d77111e158fe75d0,True,2000,1190,643,547,54.0,2.17,19888.1,3,1780342588918,1785489527168,59.6,888.33,0.045,0.0,0,0.0,,False,False,False
0x4041ff26b6713fcd5659471521ba2e514e23750d,True,1587,683,527,156,77.2,1.32,3184.7,4,1757509206729,1788703792449,361.0,-2073.73,0.651,7919.113646,1,-79.62,-1.0,False,True,False
0x404a7bbd800af47db48c6e908e681d04305896b8,True,2000,905,495,410,54.7,0.6,-19559.2,9,1787345365392,1787775692127,5.0,6191.63,0.317,0.0,0,0.0,,False,True,False
0x4061e7a6750957fadd9f126889eefd61038e2d49,True,465,201,118,83,58.7,1.25,2667.56,8,1784476960558,1788843634176,50.5,3620.96,1.357,0.0,0,0.0,,False,True,False
0x4078927536db695eaff1b293570d6e980a9bccfd,True,974,511,342,169,66.9,1.0,53.49,8,1770551416687,1788484910690,207.6,7524.3,140.659,0.0,0,0.0,,False,True,False
0x408c755002e484ecd062e6c76c3a35027139d702,True,2000,1055,371,684,35.2,0.12,-4102.18,5,1750550420243,1788819111150,442.9,-910.13,0.222,0.0,0,0.0,,False,True,False
0x40a4ae338e8e3918e1a4a3f792f7e3f6f2ee2caa,True,2000,871,547,324,62.8,0.6,-11279.2,24,1777865910092,1788868068579,127.3,-6460.04,0.573,1203.24191,1,-90.25,-7.5,True,False,False
0x40c75d831744818e01c768db25aa093163d34927,True,2000,1104,959,145,86.9,6.48,39268.52,1,1788378290299,1788874390793,5.7,4826.24,0.123,162521.5149,1,44120.04,27.1,False,False,False
0x40dc0fa2553e8a97e56f39d595b2753eacfe91f1,True,2000,847,544,303,64.2,1.83,56680.1,35,1739548811721,1788501699135,566.6,8883.27,0.157,12236.763727,7,-8556.48,-69.9,True,True,True
0x40f06d99c50c41739513042c1a43df049c4c74c9,True,2000,775,130,645,16.8,0.92,-148.05,13,1787222756049,1788861702037,19.0,544.19,3.676,25993.284964,0,0.0,0.0,False,True,False
0x4101ce19ee81f24da894976e585f1e79119dbd93,True,2000,531,427,104,80.4,7.94,120119.26,25,1781712305346,1788832806897,82.4,33730.51,0.281,123111.626836,13,62911.22,51.1,False,True,False
0x411e019344656c600a0e378e6cf220adf8cc041a,True,758,337,186,151,55.2,1.89,2711.76,15,1778023911522,1780157047360,24.7,754.51,0.278,0.0,0,0.0,,False,True,False
0x413042415510b6395667abe224505d0894ae67c9,True,2000,594,285,309,48.0,8.61,253626.68,3,1785474183823,1788704972723,37.4,89818.21,0.354,0.0,0,0.0,,False,False,False
0x4143eda2d5169bb3158c2246673cb99c14b1c95e,True,947,511,405,106,79.3,0.92,-1538.91,8,1768956097347,1788849993180,230.3,-2631.31,1.71,0.0,0,0.0,,False,False,False
0x4161a1e196e195db5014bfa52e38f29e0684ad48,True,80,52,0,52,0.0,0.0,-3849.6,1,1788544336260,1788588563381,0.5,-660.0,0.171,0.0,0,0.0,,False,False,False
0x417b83e4c3dc41f9716b91bf19aa5f2036cd609f,True,503,186,125,61,67.2,4.33,14462.16,8,1764249584093,1788132512194,276.4,7946.71,0.549,0.0,0,0.0,,False,False,False
0x418769f79771aae38d7cd4911543b03976b2c925,True,2000,1038,2,1036,0.2,0.86,-48.21,64,1788714278016,1788847224679,1.5,289.5,6.005,0.0,0,0.0,,False,False,False
0x419ba7021a35eddb5f43c1310fc2a6a4b9337ebf,True,2000,897,228,669,25.4,0.73,-6487.67,11,1754573840854,1776864685291,258.0,-1689.07,0.26,62.359394,0,0.0,0.0,False,True,False
0x41afe606916fb2dd59f42c70b35a66c7648c4c16,True,876,461,461,0,100.0,inf,117688.24,2,1782741952481,1788688146315,68.8,4943.11,0.042,164206.853603,0,0.0,0.0,False,False,False
0x41d114079141f5b9dcd707d941b6a8db2d8ee84b,True,2000,464,291,173,62.7,0.95,-670.68,7,1780322123337,1788870728269,98.9,-1280.48,1.909,3149.315265,2,261.79,8.3,False,True,False
0x41ec28eceb137789032b2b505a57c1da829934cd,True,1678,783,439,344,56.1,1.93,48939.53,78,1705243745801,1787769757778,955.2,9691.07,0.198,0.0,0,0.0,,False,True,False
0x4206c7d12378f4fbfaf8596fa3f17d95bf561bd6,True,2000,1045,535,510,51.2,1.21,11729.37,4,1773894259816,1775139159080,14.4,-9878.34,0.842,0.0,0,0.0,,False,False,False
0x4210ad38199af5f8482a44f56a0b7c74905fc614,True,1531,829,364,465,43.9,1.06,127.75,23,1779870254385,1784254159800,50.7,133.21,1.043,0.0,0,0.0,,False,True,False
0x421e175ec7721dbdb83587e54c147a470969bdc3,True,2000,946,402,544,42.5,0.57,-2395.56,14,1781200054970,1782100969524,10.4,-888.4,0.371,0.0,0,0.0,,False,True,False
0x422f1f07f40f11bac71db4f520dd0ea1ff20f2c4,True,2000,14,0,14,0.0,0.0,-361.49,5,1788738399128,1788855988070,1.4,-36.67,0.101,332236.752527,8,-259767.26,-78.2,True,False,False
0x423fe814d14337ec086332e84815e97b6331169e,True,366,152,63,89,41.4,0.56,-7212.48,3,1781305270035,1787592845123,72.8,-6892.5,0.956,0.0,0,0.0,,False,False,False
0x4250ddaa933fa49b9658fb24dcce1a5cd5dc12a8,True,2000,909,617,292,67.9,2.39,40737.98,35,1783307279621,1788874234115,64.4,-3136.32,0.077,69223.274182,5,47428.38,68.5,False,True,False
0x426ecea1388d31cf810feb0a90d671aedd2711cc,True,2000,772,610,162,79.0,1.8,20110.47,13,1786021035978,1788791264136,32.1,3300.45,0.164,0.0,0,0.0,,False,False,False
0x427dcf8129f2cfa8d0eb2c5a5cb8e0c1f95bd42d,True,871,262,84,178,32.1,0.45,-6684.01,3,1775741334145,1787275093300,133.5,-1312.27,0.196,0.0,0,0.0,,False,False,False
0x429d821e190fd37fb8572322922efee78bfb9a01,True,2000,887,385,502,43.4,0.89,-1573.26,20,1787187018446,1788874635971,19.5,1204.24,0.765,9043.899573,1,-41.4,-0.5,False,True,False
0x42b2b683277cb7ad1d77983a7449e32b198c8e55,True,2000,1022,527,495,51.6,1.39,531.51,12,1788420921060,1788874576587,5.3,84.7,0.159,0.0,0,0.0,,False,True,False
0x42c137538bee9d7eca612b41a807b5fb7b863c20,True,622,317,91,226,28.7,0.86,-243.05,2,1756762062956,1779922646339,268.1,-172.92,0.711,0.0,0,0.0,,False,False,False
0x42ebc2303c4abba1ad1e47335a69bf053d19fb54,True,2000,1054,379,675,36.0,0.26,-600137.89,2,1774687171103,1776620908685,22.4,-24738.79,0.041,0.0,0,0.0,,False,False,False
0x42fa340b8951fd1986bd46200900dcb2a6cd7980,True,278,107,74,33,69.2,0.07,-37102.33,1,1777875752390,1788132219197,118.7,-4885.2,0.132,0.0,0,0.0,,False,True,False
0x430f93e346676d6467f86d5477fc7cca285dc787,True,2000,896,427,469,47.7,1.73,1910.74,24,1785159462812,1787526785028,27.4,704.49,0.369,0.0,0,0.0,,False,False,False
0x432bbc8664ef370b3c01bdc6ede50c8522ee2f05,True,1308,626,304,322,48.6,1.79,5410.27,9,1774279705651,1780406596752,70.9,4010.1,0.741,0.0,0,0.0,,False,False,False
0x43395c11f8f81db0cee08dedd2d45c377a955387,True,2000,878,407,471,46.4,1.93,3516.08,44,1778218209096,1788868441421,123.3,-454.82,0.129,5483.514906,0,0.0,0.0,False,True,False
0x4350659a4dfa26318f94b3b59c6cb0ea73ff06f5,True,2000,988,397,591,40.2,1.0,-15.66,9,1778436196253,1787685476406,107.1,5562.95,355.162,150737.689096,1,45605.83,30.3,False,True,False
0x43675dfe9ff8351038e0ccc88e31b0ac94b883fe,True,2000,1083,478,605,44.1,0.51,-45.48,8,1776265005568,1776815465419,6.4,3.14,0.069,0.0,0,0.0,,False,False,False
0x438e3836386832942189ecb0b03ecd17a380c890,True,251,76,56,20,73.7,0.49,-1221.43,8,1783597902308,1784128166125,6.1,-809.25,0.663,0.0,0,0.0,,False,False,False
0x43a3635f28a202c0f51f2faab8e05a5050120ea0,True,702,313,229,84,73.2,1.0,-12.97,4,1776638362139,1784838686092,94.9,2897.58,223.375,0.0,0,0.0,,False,False,False
0x43b7c38005f2d64171956db190ae094a3b313862,True,2000,956,753,203,78.8,1.35,9062.17,69,1779614504613,1788855542910,107.0,-2386.46,0.263,11175.597148,4,-3570.23,-31.9,True,True,False
0x43d271c17612f8f431c7533b7827993e203e9e83,True,1427,1182,905,277,76.6,5.78,122037.19,14,1736295751453,1787633852061,594.2,11506.05,0.094,0.0,0,0.0,,False,False,False
0x43f715a2e239a5a8d99a0df4b4a008d9d621eaab,True,996,458,138,320,30.1,1.43,1882.72,15,1762512011099,1788830871854,304.6,684.11,0.363,1895.362549,0,0.0,0.0,False,True,False
0x440888714a6afed60ff44e9975a96e6a36f7fac4,True,2000,1015,890,125,87.7,17.28,6418.33,7,1788838207462,1788874836666,0.4,81.38,0.013,186181.816884,5,21225.36,11.4,False,True,False
0x441eab8af5d22983f3b506cc1d9121e2b5a32228,True,199,158,141,17,89.2,3.44,2715.77,4,1771091265364,1784654956309,157.0,830.78,0.306,0.0,0,0.0,,False,False,False
0x44470e5768613f9e5bd205f68bf61b94f80f9741,True,1415,622,358,264,57.6,0.73,-24446.99,34,1757439444072,1788750004591,362.4,-15992.9,0.654,45992.815965,8,170981.41,371.8,False,True,False
0x44559ff923abe1024e42b2706f361948ba20bd8e,True,2000,935,516,419,55.2,1.17,5711.89,10,1784050383633,1788843779552,55.5,-4494.62,0.787,12546.41404,1,-2271.49,-18.1,True,False,False
0x445fc160c4ad86f57b64d6e94f4f80be1ac7039e,True,1602,845,301,544,35.6,2.04,13153.2,52,1733137170122,1788869366938,645.0,5705.4,0.434,4164.244678,4,532.24,12.8,False,True,False
0x44853aa10eb49595cb8c15e11f4dc494ab23e103,True,2000,974,384,590,39.4,0.9,-1554.93,8,1782105286012,1788526089752,74.3,-1115.62,0.717,0.0,0,0.0,,False,False,False
0x449ab1d134d5c94323ffe0e9accb1fe77e8bd2c4,True,672,270,97,173,35.9,0.17,-71287.28,6,1761762111334,1787588839552,298.9,-7138.74,0.1,0.0,0,0.0,,False,True,False
0x44a68efa82969b23137c7441fa9b78c424205b84,True,2000,1010,393,617,38.9,0.5,-747.73,20,1781998732027,1784157179097,25.0,-229.3,0.307,0.0,0,0.0,,False,False,False
0x44b0cf881d82ff51458d6046583734039429f9a1,True,1219,551,139,412,25.2,0.09,-14559.51,28,1778878483477,1779086063597,2.4,-1256.07,0.086,0.0,0,0.0,,False,True,False
0x44c872c879046716b553d239992ade31a476e612,True,2000,407,165,242,40.5,0.39,-5941.73,12,1778356221178,1788252147717,114.5,-2181.64,0.367,0.0,0,0.0,,False,True,False
0x44d816f29930b5947e69f73d688e06445f936410,True,2000,875,664,211,75.9,5.69,23104.29,4,1779984876129,1788874796385,102.9,2223.69,0.096,18739.784933,1,7482.86,39.9,False,False,False
0x44e8f4aa2d26f321eb4b7eabac6e037c2ee16844,True,2000,1242,863,379,69.5,0.63,-16338.12,18,1761901008996,1787305843204,294.0,-5154.05,0.315,8544.46473,2,-6652.9,-77.9,True,False,False
0x44f5380f4c66b3b6a2cf68e0cdda3f8e352cb4d9,True,2000,1021,233,788,22.8,0.73,-2066.1,12,1711741627267,1778544000040,773.2,1329.27,0.643,0.0,0,0.0,,False,True,True
0x4502b6fd377e91ead9ae83b604431c0cf58b7b49,True,2000,949,646,303,68.1,2.88,40033.57,36,1772269679101,1788852448986,191.9,-3918.5,0.098,13693.654863,3,9023.28,65.9,False,True,False
0x4517012e23e1a4de794214219a03708677571093,True,2000,972,664,308,68.3,1.19,7320.07,16,1773146542321,1782894437168,112.8,7532.15,1.029,0.0,0,0.0,,False,True,False
0x452f2587be439236bd3303deeec22c96a20d17e3,True,2000,977,487,490,49.8,0.73,-2764.43,14,1774881036361,1778198400069,38.4,-970.88,0.351,0.0,0,0.0,,False,True,False
0x4537e1a5b7bcadd39f6d6211cb757ce431798732,True,2000,1037,159,878,15.3,1.18,13636.5,2,1788449603420,1788874636523,4.9,35833.43,2.628,1007394.92848,2,4588.76,0.5,False,True,False
0x454548a82f7de80d00d473d952619d8464fb0636,True,57,23,23,0,100.0,inf,6637.57,3,1777942867745,1788526797821,122.5,3320.9,0.5,3850.636977,1,-1114.6,-28.9,True,False,False
0x4564d6d107a19d3ab3d734a7bae61eb63dc3d30f,True,2000,730,429,301,58.8,0.84,-2079.96,38,1772347411008,1788495889694,186.9,-3678.76,1.769,0.0,0,0.0,,False,True,False
0x457afbbcd13423d08bb00b7b9c4f7d66f1319cd1,True,1245,836,614,222,73.4,0.83,-13197.38,11,1730275034521,1784883057908,632.0,-14544.47,1.102,0.0,0,0.0,,False,True,False
0x459387334728fc26b61939b2f27c738f53f88bd8,True,2000,813,383,430,47.1,0.53,-25724.77,59,1779606155805,1788348318275,101.2,-676.14,0.026,21422.759495,1,-888.26,-4.1,False,False,False
0x45a26c068884ab74edb056e096edda539931e010,True,2000,765,437,328,57.1,0.39,-34168.3,9,1784101915323,1785608785679,17.4,7101.75,0.208,0.0,0,0.0,,False,True,False
0x45b319b3b2e57c7211555c69bf46092b528a69c7,True,1067,619,217,402,35.1,1.37,1032.48,12,1773395824013,1776696678005,38.2,1406.84,1.363,0.0,0,0.0,,False,False,False
0x45d5d5c077550fbe5de3bc261e3dd1a4a5d1aba1,True,542,204,55,149,27.0,1.99,29204.92,1,1777321350014,1788525424683,129.7,16447.1,0.563,86409.147489,0,0.0,0.0,False,False,False
0x45e7014f092c5f9c39482caec131346f13ac5e73,True,2000,998,503,495,50.4,0.36,-477380.98,1,1779721365273,1788580977601,102.5,-52093.45,0.109,965128.499881,1,-21396.82,-2.2,False,False,False
0x45f3a125367bef61881d2edb44154449cb314f89,True,1830,765,495,270,64.7,3.48,23373.67,10,1778074881244,1785659969017,87.8,4238.16,0.181,0.0,0,0.0,,False,True,False
0x4603fe6e2382da1bbfbb97e930d609524e3537d5,True,2000,898,590,308,65.7,3.05,68236.25,68,1730410161610,1786097539730,644.5,7576.18,0.111,0.0,0,0.0,,False,True,False
0x461936e2d4055a76d9739723f924600ea575433e,True,2000,939,465,474,49.5,1.03,3370.45,4,1767298028552,1781077517838,159.5,-5037.94,1.495,0.0,0,0.0,,False,True,False
0x462dabfdbd8ca5fe234caa8983a493700d03292d,True,625,233,166,67,71.2,0.65,-1877.48,58,1756744791534,1788874209915,371.9,-1676.78,0.893,194.56418,2,-2.35,-1.2,False,True,True
0x4655ef87c1eab368fb41f6fa2c7ed78159950f00,True,646,403,253,150,62.8,1.67,22051.0,11,1749182165847,1788344885158,453.3,10055.21,0.456,54563.341838,2,20499.43,37.6,False,True,False
0x467c1605f97c84203c60c719edcd005d3cb90f14,True,456,258,246,12,95.3,41.44,97575.49,8,1764285094446,1788462329155,279.8,9404.91,0.096,0.0,0,0.0,,False,True,False
0x4699175aea72f94b4a4546aef3a7b3901ef1ab05,True,2000,972,458,514,47.1,0.68,-1119.83,41,1781382272632,1788128299576,78.1,-308.83,0.276,0.0,0,0.0,,False,True,False
0x46a8f6aa2971193c5dcec25a822452e0beda6a9c,True,2000,910,862,48,94.7,4.36,31641.78,2,1775055278575,1783692495254,100.0,-1997.04,0.063,0.10406,0,0.0,0.0,False,True,False
0x46b60887d73e9c4580746a717aeaee9669240275,True,560,340,222,118,65.3,0.83,-804.33,4,1775069134433,1780684661814,65.0,803.95,1.0,0.0,0,0.0,,False,True,False
0x46cbb47fda2b3943683699ffcc326d4e19257917,True,437,169,100,69,59.2,0.38,-21195.87,10,1773600611977,1781218747200,88.2,-7128.82,0.336,0.0,0,0.0,,False,True,False
0x46fc119d71d14b949a2c35956e3c09ac0b3b1195,True,2000,1165,588,577,50.5,1.43,5259.13,35,1788792346379,1788875079175,1.0,621.79,0.118,0.004662,0,0.0,0.0,False,True,False
0x470d235ca1caff614abee02d98ac3aa89a6758bd,True,2000,990,478,512,48.3,1.15,758.51,31,1750384707131,1788856553846,445.3,2757.37,3.635,0.0,0,0.0,,False,False,False
0x4731769b2c501b0d2f75c826bcab6d01dfa7f74e,True,398,185,97,88,52.4,0.53,-3375.4,5,1768265142785,1787723313638,225.2,-2046.19,0.606,112609.765248,3,28424.99,25.2,False,True,False
0x47472cd62c99b8b5ce7e84e733515133e9aec0bd,True,2000,1144,303,841,26.5,0.11,-5893.12,60,1788867564591,1788875083309,0.1,94.01,0.016,25058759.059275,73,-94.47,-0.0,False,True,False
0x4770e82c1564e51c6ad606caa8053b125f328f1e,True,1909,528,470,58,89.0,0.72,-6800.17,1,1773284439086,1780410131599,82.5,-8369.72,1.231,0.0,0,0.0,,False,True,False
0x478fd6c1502fbaac7905e33a9cd5aab0f01a351f,True,2000,1252,889,363,71.0,2.45,39793.38,7,1779894983185,1788697111824,101.9,-4563.67,0.115,29182.320567,0,0.0,0.0,False,True,False
0x47a127f496d001f187ac65fc24852274dc51d080,True,2000,688,401,287,58.3,0.79,-14924.09,8,1787148797427,1788874363169,20.0,-42945.97,2.878,948857.171856,2,-154375.09,-16.3,True,False,False
0x47c4881bfef6ec2ef9902bbca40ec2bb8619b533,True,616,303,243,60,80.2,0.75,-692.39,3,1783021392246,1785661935250,30.6,-296.04,0.428,0.0,0,0.0,,False,False,False
0x47ded9d1297e72508bad703d452fe3be424681e5,True,2000,1018,715,303,70.2,2.85,54301.48,8,1739210131091,1787243517595,555.9,44064.69,0.811,0.0,0,0.0,,False,False,False
0x47e8e9d330cada8c03bef477085cd41f57a9cdc6,True,2000,805,395,410,49.1,0.58,-5635.89,21,1787782861498,1788874433839,12.6,870.66,0.154,1081.236019,1,-68.93,-6.4,True,True,False
0x47f8190b81310f867fe5ae6377ab612e513fe3e4,True,2000,946,812,134,85.8,1.19,557.96,16,1782497529452,1788875018150,73.8,-1006.32,1.804,1353.795383,7,-148.84,-11.0,True,True,False
0x481a034f60517e3420433aa735b3aa72875ce7f6,True,1825,778,480,298,61.7,1.26,8178.69,14,1779041081722,1788832401372,113.3,7720.27,0.944,9442.72432,1,35.08,0.4,False,True,False
0x48314750d70312eddf7e6b6b7c2852773727839a,True,2000,1269,907,362,71.5,4.21,36927.62,16,1780591973011,1788874974274,95.9,2219.12,0.06,158408.743977,3,985.26,0.6,False,True,False
0x48431652af6d87024c993d65cd3000d64c2912bb,True,215,104,60,44,57.7,0.65,-2682.66,4,1787302803138,1788873406816,18.2,879.61,0.328,96853.629263,0,0.0,0.0,False,False,False
0x48657132d6295364244de574746306456e04a783,True,1668,800,452,348,56.5,1.51,1750.78,22,1782445627193,1786202426281,43.5,1132.16,0.647,0.0,0,0.0,,False,True,False
0x488e3207db621a5cdb527d35f5ce81cb6e4dc819,True,2000,1132,416,716,36.7,1.32,10450.7,17,1776016765430,1788337157062,142.6,3294.84,0.315,53978.146701,6,6208.77,11.5,False,False,False
0x48a2445f9a9bea64b43cddc514c3128683afce0d,True,2000,943,375,568,39.8,0.9,-1792.66,8,1787711580830,1788680444264,11.2,2687.58,1.499,0.0,0,0.0,,False,False,False
0x48bb6a001ed0d6d6a77ee57f4180990054151d15,True,431,168,94,74,56.0,0.49,-12109.12,2,1773496407494,1788847045924,177.7,-8778.23,0.725,4393.766576,1,478.66,10.9,False,False,False
0x48cd090c9e8a9954b0955c8b87754031d90c4955,True,2000,834,552,282,66.2,2.84,109134.18,18,1746803243439,1788292228485,480.2,27304.38,0.25,37214.755715,5,-12387.46,-33.3,True,True,True
0x48d603762adf3aa0be6f8c05f621451070a3487c,True,2000,965,551,414,57.1,1.17,31529.33,12,1759091203624,1788845514367,344.4,26082.93,0.827,0.0,0,0.0,,False,False,False
0x48f30acb7d2386594e187eaba5e954e5709b8c02,True,1151,582,424,158,72.9,1.26,2878.0,1,1781013064493,1788874378379,91.0,-817.58,0.284,0.0,0,0.0,,False,False,False
0x48ff06214283b3cf5c46ad6d1a31729f6cbf11d0,True,721,427,269,158,63.0,3.0,2269.15,13,1713245044032,1780245230185,775.5,455.51,0.201,0.0,0,0.0,,False,False,False
0x4916efbf56bcaea1130b2a631f6f093095f614a2,True,556,296,17,279,5.7,0.06,-379544.57,9,1733137311842,1782306989468,569.1,-105684.81,0.278,142465.711337,2,448789.01,315.0,False,True,False
0x49308b133ed10d7bb2677906d53831791505ad95,True,2000,1005,533,472,53.0,0.79,-6477.26,1,1788180589297,1788318906704,1.6,-2128.05,0.329,0.0,0,0.0,,False,False,False
0x4944bf36a49b0f9791d54f514236bee9bd368fb4,True,2000,1165,506,659,43.4,0.35,-31227.37,21,1780302573889,1788865324944,99.1,-2414.45,0.077,0.0,0,0.0,,False,False,False
0x4955c8b91d17d8276269a3246462f0b8072d680e,True,916,400,234,166,58.5,1.63,1757.54,36,1768928671007,1788853555539,230.6,554.33,0.315,0.0,0,0.0,,False,True,False
0x498216a21f5b028797c1d3d4250e14d09c9959e6,True,2000,2000,11,1989,0.6,0.0,-829668.0,10,1788122692009,1788812322312,8.0,-8420.14,0.01,1555568.26436,9,-2187040.54,-140.6,True,True,False
0x49995a798dfd7401bcc71d7ca0ab2b3fcfadbbac,True,1632,769,409,360,53.2,0.89,-1887.82,6,1772275973840,1773362282710,12.6,-2514.56,1.332,0.0,0,0.0,,False,True,False
0x49ba9baa20d355ba042af2be9772d2b2cd892f44,True,2000,1081,649,432,60.0,1.35,123.52,1,1788228196463,1788491506882,3.0,-12.08,0.098,61125.273978,0,0.0,0.0,False,True,False
0x49cd6edd098d0916fbc86d801e1239e55c57dd73,True,2000,1521,1152,369,75.7,40.43,37882.92,10,1787587155854,1788570581065,11.4,2766.97,0.073,0.0,0,0.0,,False,True,False
0x49e368938587795a89ffc8a371dd5ad29a9c8f0b,True,2000,1028,373,655,36.3,1.05,80.19,52,1784967340706,1788859079574,45.0,71.87,0.896,16854.815819,50,990.77,5.9,False,False,False
0x49fd97a8d5a561b7bd094dd543a2596f379e463e,True,1392,572,290,282,50.7,0.83,-2072.56,26,1774280073041,1787670904665,155.0,-1576.29,0.761,0.0,0,0.0,,False,True,False
0x4a13dc62490c2eb9004a8aa092ee5b9d7cb7acaa,True,2000,767,379,388,49.4,0.61,-35742.39,16,1769508923714,1779222542789,112.4,-17330.53,0.485,0.0,0,0.0,,False,True,False
0x4a1efbb1de55d4f03793608ee42eb72dfa6d98d2,True,425,152,137,15,90.1,8.74,20483.89,3,1781527122325,1787896509698,73.7,2480.92,0.121,0.0,0,0.0,,False,False,False
0x4a2ff3b1dfab6be1759ddbee4e0a0e2e04fac363,True,106,37,29,8,78.4,0.68,-994.32,3,1781024992668,1785039105290,46.5,-1376.19,1.384,22032.455785,2,7195.13,32.7,False,True,False
0x4a477540ff5a10171bf8cdd2696b31a266e0e53b,True,2000,906,332,574,36.6,0.41,-15064.89,18,1767643490571,1786837388842,222.2,-2419.74,0.161,0.0,0,0.0,,False,True,False
0x4a649fa98072c21d59fcef68e955f23be6b8dfdb,True,1009,481,142,339,29.5,0.82,-1500.26,3,1780447389495,1784772273767,50.1,-1410.49,0.94,0.001322,0,0.0,0.0,False,False,False
0x4a754c860f9c6bd37867cb6ec922a722b8268d29,True,2000,811,431,380,53.1,0.08,-197028.17,22,1756451277532,1782263038579,298.7,-33306.72,0.169,0.0,0,0.0,,False,True,False
0x4a84b1be0fe9f4c10773c340ca8a7d10096a8f7b,True,844,368,180,188,48.9,1.28,4281.16,11,1785324225018,1788503787961,36.8,3229.02,0.754,0.0,0,0.0,,False,True,False
0x4a9a31580204e16dde1f2c606c41f4315f2cc33c,True,1763,731,520,211,71.1,0.5,-59662.08,5,1753907752591,1788038704533,395.0,-16888.37,0.283,0.0,0,0.0,,False,True,False
0x4aab8988462923ca3cbaa7e94df0cc523817cd64,True,2000,1149,415,734,36.1,0.26,-317463.11,1,1776705531124,1788129269178,132.2,-90325.2,0.285,0.0,0,0.0,,False,False,False
0x4abfdecfb6ad76dc51ae7e04e85f8f7f77923d19,True,2000,1031,643,388,62.4,1.86,17905.0,2,1755092151042,1788525944525,387.0,-1734.02,0.097,0.0,0,0.0,,False,True,False
0x4adab952d0e5c11ef5296a040cce5d5f1169e56f,True,2000,970,497,473,51.2,2.55,12531.44,51,1788250580278,1788862130005,7.1,964.71,0.077,66904.747995,50,36607.31,54.7,False,False,False
0x4af3006d8c25d04ae9221cde1bac8737fea9a7bd,True,2000,863,572,291,66.3,0.49,-21478.66,9,1772298922325,1788793984898,190.9,-6282.91,0.293,0.0,0,0.0,,False,True,False
0x4b0d4e2369f578878ef0aa122e30f108a24100ab,True,2000,1047,266,781,25.4,0.7,-7266.28,5,1761683637849,1775849491937,164.0,2186.25,0.301,0.0,0,0.0,,False,True,False
0x4b3642b3b4c531b6edad567c0c90d46c1ac75c9d,True,2000,1086,497,589,45.8,1.2,6918.99,2,1774266953292,1776072631129,20.9,-6325.57,0.914,0.0,0,0.0,,False,True,False
0x4b4f59385aa4bb2a459a4333d1e5bdbfbd066ffb,True,2000,1031,801,230,77.7,0.71,-39242.65,21,1786113224696,1788685891108,29.8,-26241.53,0.669,0.0,0,0.0,,False,True,False
0x4b6bf51b026ea4774844e61414b01468eb553b9f,True,1274,477,182,295,38.2,0.95,-4398.46,14,1733306368524,1788445718076,638.2,-7908.47,1.798,0.0,0,0.0,,False,True,False
0x4b950f84d6f56ead87f2071eb0c9e09097c4372b,True,2000,893,592,301,66.3,0.39,-9028.71,9,1758787265593,1775761782352,196.5,-2120.25,0.235,0.005448,0,0.0,0.0,False,True,True
0x4ba40e16e89d8dfd53929c1d2cff4c3f92358d81,True,381,166,104,62,62.7,0.88,-2094.99,8,1770001297859,1787762351233,205.6,-7372.8,3.519,0.0,0,0.0,,False,False,False
0x4bbd252f8f93c2ff46ba352828c571ec8ad6d317,True,1531,697,257,440,36.9,0.85,-3807.57,2,1785092376673,1788749425650,42.3,2303.84,0.605,13932.156278,1,-4909.65,-35.2,True,False,False
0x4bc9a771cd2c96cb2a4501f2c049402b4e7e11b3,True,2000,856,400,456,46.7,1.18,18013.82,8,1772311750105,1788720874477,189.9,7099.19,0.394,0.0,0,0.0,,False,False,False
0x4bdf5bfb01c480695c33454158cc3f3b62e266c8,True,1,0,0,0,,,0.0,1,1779382823217,1779382823217,0.0,0.0,,0.0,0,0.0,,False,False,False
0x4bf1cb25a734a3a3847f0cb46d1664c8e29c4f90,True,2000,1319,413,906,31.3,1.56,89644.76,3,1776143450678,1780131388860,46.2,4650.0,0.052,0.0,0,0.0,,False,False,False
0x4c091046ea580c159c9e1df40b35bc77490ed638,True,2000,1034,404,630,39.1,1.08,81.12,52,1784172376535,1788861719436,54.3,40.31,0.497,11135.389858,50,600.43,5.4,False,True,False
0x4c28f13b23cfbbefdb83173f09a40bf1d698a58b,True,831,352,171,181,48.6,0.5,-10834.71,9,1785802781940,1788736744487,34.0,-2099.69,0.194,0.0,0,0.0,,False,False,False
0x4c422e4d99ded7e6281cf47732132edda4b5d6af,True,445,160,90,70,56.2,0.24,-14269.91,12,1781872707274,1783761128874,21.9,-5037.76,0.353,0.0,0,0.0,,False,False,False
0x4c62afc2b85181b356142a4a65fbfddcea765e93,True,2000,960,544,416,56.7,1.12,166.95,24,1788244894895,1788874909407,7.3,85.32,0.511,12.043772,2,0.15,1.2,False,True,False
0x4c7a572ad38aed2c1d33fbfeba7bd69a83ec0e30,True,2000,1166,591,575,50.7,4.28,127527.43,6,1786036673296,1788679122815,30.6,16427.33,0.129,185579.1978,0,0.0,0.0,False,True,False
0x4c968a3a530f76f655e7e7010075aa63cec87de2,True,1064,547,541,6,98.9,42.9,48727.0,14,1775717371794,1788795526138,151.4,4354.04,0.089,9082.591221,1,751.08,8.3,False,True,False
0x4cae5bed586f6e73ae54ebd40a4ac4ed2c477c34,True,2000,6,6,0,100.0,inf,34.07,15,1788156082192,1788874363829,8.3,21.33,0.626,984937.301198,8,2209485.34,224.3,False,False,False
0x4cc2a26cb0427032427a002e210f368ea4cc17c6,True,2000,937,835,102,89.1,2.32,32822.98,42,1760818227482,1788792106029,323.8,-5593.11,0.17,15969.591619,3,-4900.72,-30.7,True,True,False
0x4cd80aa0ce4881eb8679eda1f6fbe3d89aec0f7f,True,2000,584,107,477,18.3,0.11,-335345.69,4,1786073613987,1788470764177,27.7,-24837.6,0.074,0.0,0,0.0,,False,False,False
0x4cf1ceca1304095cbfc232c4f6f9eae3dcc506a8,True,2000,1101,426,675,38.7,1.58,6803.69,4,1773994120691,1781126056412,82.5,-544.28,0.08,0.0,0,0.0,,False,False,False
0x4d1bf5aaca77760e82e59c7c0a0538a4f26c89bc,True,1431,716,517,199,72.2,0.58,-13944.79,12,1758291006234,1785354084884,313.2,-12454.73,0.893,0.0,0,0.0,,False,False,False
0x4d30b9bd775a3ec8ab8b9237bca6a6bc37ba05d1,True,1510,684,157,527,23.0,0.49,-18111.77,2,1759871367000,1787559790192,320.5,-6628.03,0.366,0.0,0,0.0,,False,False,False
0x4d593ff4cf2e33342e5b3cc90528eb7e0ff45edf,True,114,75,33,42,44.0,1.85,2823.7,1,1780497173592,1788574518585,93.5,2988.0,1.058,15159.358822,1,-192.53,-1.3,False,False,False
0x4d67d26ad1d4ffe78f97088fe6b14a5a90ce69d7,True,553,261,174,87,66.7,5.43,6291.05,5,1760351477496,1788874636573,330.1,684.12,0.109,8688.116045,2,-1463.17,-16.8,True,True,False
0x4d7f1c93f080c33797af83ee5cd7b795b866d8a9,True,2000,880,622,258,70.7,1.09,433.19,26,1782964700860,1785381607954,28.0,-526.42,1.215,0.0,0,0.0,,False,False,False
0x4d92670552f7e1337034426af64c83300700ba10,True,1134,600,261,339,43.5,0.55,-26822.32,25,1740729689639,1779632217887,450.3,-7077.16,0.264,0.0,0,0.0,,False,True,False
0x4d9e14005f691837546220841ee3eb4ad51e33a7,True,2000,910,459,451,50.4,0.31,-16837.06,3,1775502161098,1783357675408,90.9,-1426.56,0.085,0.0,0,0.0,,False,True,False
0x4dbf60f4df4fdcaaec189e84a1b7dbeb449bdd20,True,2000,981,751,230,76.6,1.36,10443.59,20,1767576989641,1788532922883,242.5,-11775.29,1.128,0.0,0,0.0,,False,True,False
0x4dcfe1fde0702fbb4b5cb4ac1608d3728ab0373c,True,2000,1015,532,483,52.4,0.93,-1830.86,20,1756995419717,1788848340964,368.7,-3119.07,1.704,0.0,0,0.0,,False,True,False
0x4dec0a851849056e259128464ef28ce78afa27f6,True,2000,899,591,308,65.7,1.05,915.26,4,1787953622651,1788875310266,10.7,-1136.0,1.241,452274.180087,6,-60629.84,-13.4,True,False,False
0x4e056e0f0513f872ddd16ea42b4f23f0516ebd4f,True,2000,1122,406,716,36.2,0.51,-33579.86,16,1763903527156,1782153634067,211.2,-6834.8,0.204,0.0,0,0.0,,False,True,False
0x4e23288cee4960f9f962195c22948e4bc7ae20c3,True,2000,1158,0,1158,0.0,0.0,-54467.61,2,1788866261645,1788875311247,0.1,-1789.79,0.033,2501475.122253,4,-2005.31,-0.1,False,False,False
0x4e3ec44f6da231af22b28174b7ddd9759a3505b3,True,2000,980,621,359,63.4,1.17,21261.09,3,1778371527128,1787854932949,109.8,-8585.94,0.404,0.0,0,0.0,,False,True,False
0x4e5164f873561a610b1217ffaed21cde157f2666,True,1043,614,319,295,52.0,3.07,12310.97,9,1758630107135,1788862326875,349.9,2158.35,0.175,0.0,0,0.0,,False,True,False
0x4e60c1eca929166d4110a1094355afd70f9faa91,True,2000,965,525,440,54.4,0.82,-6970.45,15,1773074823524,1788787797649,181.9,-2838.83,0.407,0.0,0,0.0,,False,True,False
0x4e80d57919d114262510bf3c6ba5c2aa466a5e56,True,2000,1169,330,839,28.2,0.65,-3048.92,3,1774382236024,1776793212969,27.9,887.45,0.291,0.0,0,0.0,,False,False,False
0x4eb88672c557462c265f16c74208efee9a5ee124,True,1658,487,268,219,55.0,0.32,-26754.47,1,1781835064308,1782306622260,5.5,-8466.61,0.316,0.0,0,0.0,,False,True,False
0x4edf6ca7a39aa1dcfc5504f12a05f6b19b347ea1,True,842,520,187,333,36.0,1.53,6534.22,30,1758728520671,1788356205108,342.9,2372.62,0.363,0.0,0,0.0,,False,True,True
0x4ef1c571e344d97c9a66c14957792b39c2620cab,True,2000,1539,1294,245,84.1,4.21,15768.28,19,1785937770340,1788875228420,34.0,1760.0,0.112,0.0,0,0.0,,False,True,False
0x4efe2304c67324c772b733610ae76e2079e18075,True,2000,1240,630,610,50.8,0.46,-15907.21,19,1780696995786,1787233711328,75.7,-2016.1,0.127,0.0,0,0.0,,False,True,False
0x4f12b217aa59e6d3e1f91ca2dc96f9543576618b,True,2000,688,273,415,39.7,6.46,1248490.47,4,1770728703815,1788773793776,208.9,172092.32,0.138,3571279.314933,1,204425.86,5.7,False,False,False
0x4f2f913c350eb49857a7742308590725d7d027fc,True,2000,1007,796,211,79.0,0.87,-757.1,9,1787421705737,1788507047405,12.6,-898.0,1.186,0.0,0,0.0,,False,False,False
0x4f4cbbbe76b9abfb549749e589ff8ccaeb9fd928,True,2000,454,98,356,21.6,0.61,-2693.13,12,1774857392873,1787580090221,147.3,-824.95,0.306,0.0,0,0.0,,False,False,False
0x4f6795920743ae5fe705024fcaad9b4d8d632ce4,True,1102,433,176,257,40.6,0.57,-27501.43,14,1738469608041,1788196044580,575.5,-4852.07,0.176,0.0,0,0.0,,False,False,False
0x4f81ded25296bf9eee34078b9124fb3e62941459,True,2000,1100,287,813,26.1,0.39,-62032.61,32,1750413610119,1788251566782,437.9,6071.67,0.098,0.0,0,0.0,,False,True,False
0x4f9140107e42982d3f86eae7474f56bc373ade31,True,2000,968,616,352,63.6,1.99,115115.56,2,1775988435189,1785276917217,107.5,-18339.54,0.159,0.0,0,0.0,,False,True,False
0x4fa06248e80c0ff5810b17d6c01a39d08b64c3aa,True,2000,1045,663,382,63.4,0.76,-3968.56,44,1769434700153,1781412436114,138.6,1988.58,0.501,0.0,0,0.0,,False,True,False
0x4fb3e7ae8f0e9ab1adc998a337fc099b84cb93fb,True,2000,953,145,808,15.2,0.41,-12779.51,6,1776114325593,1778922217058,32.5,-1808.31,0.142,0.0,0,0.0,,False,True,False
0x4fd58b9eef73aaf8bea61c8632e9bf128a0e80c4,True,247,119,50,69,42.0,2.68,8686.15,4,1782790399949,1788847148335,70.1,2690.57,0.31,16770.859091,0,0.0,0.0,False,False,False
0x4fe9441b1d7b2130012c254a309fbe4a2096329a,True,2000,1069,433,636,40.5,0.84,-1439.41,21,1764619529358,1787619229942,266.2,-385.04,0.267,0.0,0,0.0,,False,False,False
0x4ff1af2467a4540f1db89480ff3d703c9beac215,True,2000,1154,693,461,60.1,0.93,-2452.47,18,1785200921309,1788284267438,35.7,-2056.77,0.839,0.0,0,0.0,,False,False,False
0x50022c9b7323e05f315cd8af311fe1a4f8023173,True,2000,985,425,560,43.1,0.9,-1935.13,39,1771911506602,1788757253390,195.0,-1414.26,0.731,870.911248,1,-702.25,-80.6,True,True,False
0x50174919350fd2944439ba719488b78ec4be9357,True,1964,1029,720,309,70.0,0.9,-4483.47,32,1757762362225,1788762067867,358.8,-4407.33,0.983,8573.810777,1,962.77,11.2,False,True,False
0x502c8bc6170e7da885750f0d363cf2b1a9e4464d,True,2000,745,377,368,50.6,0.37,-14203.89,14,1787499032350,1788874870996,15.9,-1138.62,0.08,0.0,0,0.0,,False,True,False
0x504386a23987430ead75ed5032332e202ff160a5,True,2000,938,377,561,40.2,0.65,-2363.07,10,1778869137133,1786129371598,84.0,-357.95,0.151,0.0,0,0.0,,False,False,False
0x505167beeb9bd1bdc05a7d2d02bc8416a96e9986,True,2000,840,550,290,65.5,0.44,-14768.63,24,1782990696835,1788792804942,67.2,-2104.96,0.143,1857.462458,4,-536.62,-28.9,True,True,False
0x5062602f083fa3b1bcc14c8e888be08c86abaad0,True,2000,872,637,235,73.1,0.65,-4999.95,72,1783278218741,1786161863503,33.4,-857.56,0.172,25.671863,0,0.0,0.0,False,True,False
0x50703d974c99fda56af520ccd94773c35c10cf99,True,1178,555,192,363,34.6,0.25,-37656.97,20,1732985961848,1783555200002,585.3,-16267.45,0.432,0.0,0,0.0,,False,True,False
0x5080790ca3b3a3a50ec85e0d35a2e47fb5b54b9e,True,1569,783,189,594,24.1,1.21,1725.83,26,1706141111867,1788533067873,953.6,-704.81,0.408,0.0,0,0.0,,False,True,False
0x50a4d39bc020be2c86954eec2670541d300f8168,True,2000,1352,1311,41,97.0,7.05,442122.82,10,1780952780179,1785858792877,56.8,89398.1,0.202,0.0,0,0.0,,False,True,False
0x50d59f4c2480e107acf32c0d1e9cbe7579b01480,True,2000,1052,483,569,45.9,1.01,38.38,1,1788228020334,1788875728015,7.5,180.05,4.692,5516.330863,1,-28.76,-0.5,False,True,False
0x50ef95017a1d7a0376ccd6c118cca1e0b4f5cd77,True,2000,1040,545,495,52.4,0.41,-51072.45,4,1775610342404,1785060804423,109.4,-13665.05,0.268,0.0,0,0.0,,False,True,False
0x5108cd0a328ed28c277f958761fe1cda60c21aa8,True,2000,1483,1155,328,77.9,1.67,5900.77,16,1788441327602,1788858889536,4.8,1455.38,0.247,170187.380185,8,-4320.39,-2.5,False,False,False
0x5115563fe64378f3a645c97e24c4c8d640a04c67,True,2000,826,331,495,40.1,0.54,-6615.66,7,1780294238028,1788759826109,98.0,-1376.17,0.208,19675.710366,0,0.0,0.0,False,True,False
0x5133511a876f83264527d878d052386bc17bb57d,True,628,258,113,145,43.8,0.73,-1932.49,5,1785963464526,1788251365955,26.5,1295.53,0.67,0.0,0,0.0,,False,True,False
0x51438a0db0914e45a9b5ece9b94b39dc67a9a6ce,True,2000,1172,623,549,53.2,1.28,17891.98,49,1762480553011,1788480000030,300.9,-10931.49,0.611,0.0,0,0.0,,False,True,False
0x516137cf1a8a38b51b03ee752ecacfa47ada6e96,True,2000,962,141,821,14.7,0.59,-27574.85,28,1780392673132,1785294070016,56.7,3549.38,0.129,0.0,0,0.0,,False,True,False
0x5173100b13db84d03c4c6d1e2c80bca3ead6c991,True,583,262,172,90,65.6,2.48,4422.83,5,1760431559748,1788471048348,324.5,-756.43,0.171,0.0,0,0.0,,False,False,False
0x51839ca3d316c05c7156f471fbddfa60e7819780,True,1854,918,565,353,61.5,1.36,7007.28,30,1761557618580,1780949137470,224.4,-1493.83,0.213,0.0,0,0.0,,False,False,False
0x519f90c2e59ef87f05d660e353eec7a7a68d92cc,True,327,191,149,42,78.0,0.95,-422.44,5,1761845540134,1788286717312,306.0,-2094.69,4.959,0.0,0,0.0,,False,True,False
0x51a5214c53a959d7991eb1ffdfe16863c44a72ab,True,2000,935,458,477,49.0,1.59,15978.94,14,1759464330010,1787375495530,323.0,-4344.62,0.272,0.0,0,0.0,,False,True,False
0x51b97ab1e4381e22dd6cd04d6f67393964fe3bc1,True,2000,891,61,830,6.8,0.05,-89606.31,3,1783899267569,1784562428938,7.7,-8914.41,0.099,0.0,0,0.0,,False,False,False
0x51c96a11da65524d0efc6fd0c6dc9b306f19f3aa,True,2000,782,491,291,62.8,2.43,129222.17,8,1780596188271,1780870763460,3.2,46504.18,0.36,0.0,0,0.0,,False,True,False
0x51d551bfffe7cb20d9ad7cf0df119a674573e113,True,2000,746,398,348,53.4,5.45,63210.0,16,1761759449111,1788530159337,309.8,10924.38,0.173,26537.659251,2,187.62,0.7,False,True,False
0x51ed5b11b35a042c49abee37ffc41c47628d171d,True,2000,855,520,335,60.8,0.49,-12970.38,25,1763710832971,1780720061256,196.9,-2354.76,0.182,0.0,0,0.0,,False,True,False
0x52081a6912cfa64968999fbeb31387446a49b207,True,2000,1002,411,591,41.0,0.44,-43491.38,5,1786935395364,1788132574955,13.9,-5604.84,0.129,0.0,0,0.0,,False,True,False
0x522bca9c79b20659227a356364c46e360c3d822c,True,527,327,146,181,44.6,0.43,-4383.35,7,1774564391989,1780383497436,67.4,-3717.0,0.848,0.0,0,0.0,,False,False,False
0x5236333ef2baa45b450689b69e4e4b277d84f954,True,2000,782,317,465,40.5,0.54,-9302.23,145,1782372317507,1788873068624,75.2,2325.13,0.25,10443.681944,71,-847.01,-8.1,True,False,False
0x524942ba550434f3aee70c6eca7220058558448b,True,2000,784,437,347,55.7,0.4,-46872.36,28,1763603334599,1788758509901,291.1,-8494.78,0.181,1422.742683,1,-59.39,-4.2,False,True,False
0x525c7e8e135a21146d11fd67b001e1206166af85,True,2000,983,310,673,31.5,1.58,38012.15,20,1783448781503,1788793580764,61.9,8931.0,0.235,15875.769623,1,19336.15,121.8,False,False,False
0x5284b0ba212a1f94246afdf3ceb892441d1e3434,True,2000,888,336,552,37.8,0.8,-3881.01,23,1781473481311,1788847395624,85.3,-1634.52,0.421,0.0,0,0.0,,False,True,False
0x529a595d9ee18ee42e3a9b79eba30836b12923b0,True,181,57,44,13,77.2,8.48,2700.7,8,1762937173456,1788676338255,297.9,722.57,0.268,0.0,0,0.0,,False,True,False
0x52ab774d661f56227bbe289ec5a8c85dacbfb563,True,2000,1031,424,607,41.1,1.11,117.13,52,1784064054689,1788861766899,55.5,47.43,0.405,10771.887277,50,669.01,6.2,False,False,False
0x52c89f695817b97be2106f9d1810fcd4acb9a5d4,True,2000,690,377,313,54.6,1.92,14067.32,25,1757509204720,1786140238049,331.4,6744.85,0.479,0.0,0,0.0,,False,True,False
0x52e6c32f0eb44f707e9c159052fc5039fc7b7725,True,2000,1057,794,263,75.1,1.61,21463.89,13,1788590829999,1788869313126,3.2,8240.03,0.384,328676.927093,2,80567.63,24.5,False,True,False
0x52fb865dbaa7df26ecc8525560dd1ab2e683c14c,True,2000,958,532,426,55.5,0.53,-27562.99,20,1760138004722,1785354255064,291.9,3042.81,0.11,0.0,0,0.0,,False,True,False
0x530b61935e289158d535eac1f217f9dd8799ab09,True,2000,977,619,358,63.4,1.59,38934.37,5,1773743466382,1775601730396,21.5,-12891.01,0.331,0.0,0,0.0,,False,False,False
0x532671563fa12a01b8f91f989cf4b29be63c0849,True,988,438,203,235,46.3,3.69,20132.83,21,1773952812960,1788873168444,172.7,12151.28,0.604,742.941011,1,-151.47,-20.4,True,True,False
0x534d1a3374c966502e25d1d5d1e0ba9b5bd67c37,True,2000,1009,397,612,39.3,0.26,-4188.98,26,1780938665754,1787075545175,71.0,-310.49,0.074,0.0,0,0.0,,False,True,False
0x53619a76200545269b397664edfecaa4d6331228,True,2000,950,369,581,38.8,0.28,-12593.48,10,1776643172171,1788272233129,134.6,-1465.69,0.116,0.0,0,0.0,,False,True,False
0x536d34baf442c7f02784425051bba68674a0fdbb,True,2000,966,355,611,36.7,1.08,590.66,12,1782756623895,1785500102173,31.8,812.84,1.376,0.0,0,0.0,,False,False,False
0x537f652cf5b2326d229bab0c684579d4cfea1584,True,1258,553,401,152,72.5,0.47,-25498.06,13,1740020462251,1787720326543,552.1,-4969.56,0.195,0.0,0,0.0,,False,True,False
0x539c44a05820f6b9e131f2e4078e22f6e90bf7fc,True,2000,1056,637,419,60.3,0.67,-17858.72,13,1775814012559,1783641600078,90.6,-8443.6,0.473,0.0,0,0.0,,False,False,False
0x53b63a30a688beb53b5dc7bd731c661d678c555c,True,2000,972,529,443,54.4,0.64,-20266.53,6,1782373187771,1788676111924,73.0,4093.21,0.202,4865.023002,1,-1382.28,-28.4,True,True,False
0x53cbcdd4aa85ce2303ce4109adf494abdf3d46fd,True,2000,967,529,438,54.7,0.55,-4427.06,10,1753454819505,1774859886956,247.7,-1000.75,0.226,0.0,0,0.0,,False,False,False
0x53d9c4699c7d4ea74cbdc134fa4fc24c2c543696,True,596,318,281,37,88.4,62.29,168676.8,34,1739397519805,1786888234170,549.7,13728.21,0.081,9865.547284,1,-2138.36,-21.7,True,True,False
0x53f68a72218c1f232a7dfcbcc5015a0c453ede19,True,1353,653,208,445,31.9,1.02,142.27,12,1781202004540,1787861412995,77.1,-1346.72,9.466,0.0,0,0.0,,False,False,False
0x54031eac42ee7dcb7cc20f7453b4e7a77d37e37b,True,530,272,153,119,56.2,1.0,14.02,12,1767730195191,1788620433710,241.8,-1210.25,86.333,0.0,0,0.0,,False,False,False
0x5421e7c6ce37b6c5a6a428018a451071a6fd3ab2,True,2000,715,250,465,35.0,0.79,-1096.01,7,1788692587128,1788833485796,1.6,-1263.12,1.152,0.0,0,0.0,,False,False,False
0x54426307974b659b48e70b1faa44f17aa0e3c4cf,True,1682,929,855,74,92.0,16.77,830765.19,49,1709109501590,1787808853627,910.9,96714.06,0.116,0.0,0,0.0,,False,True,False
0x545fa65ced954cf7a4ece7b807ab53f950becb37,True,465,187,70,117,37.4,0.79,-1209.89,8,1768994274164,1775576632387,76.2,-2226.26,1.84,0.0,0,0.0,,False,False,False
0x54749fdd0406cf078134d34fc5f60e956cb1ba40,True,2000,910,258,652,28.4,0.95,-542.21,34,1747907015062,1788837279493,473.7,-705.65,1.301,0.0,0,0.0,,False,True,False
0x54881c1b56e0e7a62a3f0752180036976435b891,True,1776,962,404,558,42.0,2.06,9872.65,46,1726361991043,1788848732001,723.2,1618.4,0.164,2961.172336,1,228.41,7.7,False,True,False
0x5493522e2f4c761e1d30d2149fb1baccad578074,True,986,463,212,251,45.8,1.02,884.2,1,1775942270245,1787476421240,133.5,-10199.88,11.536,10178.26529,1,-2248.81,-22.1,True,True,False
0x54bee94cf04f8d4653264c43b2a16d146c85971b,True,591,281,54,227,19.2,0.63,-2440.49,4,1782097402006,1786390142018,49.7,-1254.42,0.514,0.0,0,0.0,,False,True,False
0x54ccff5bca69260ca1b089698e7c0afc96468561,True,2000,1241,620,621,50.0,0.93,-5392.92,3,1779116307408,1787083946008,92.2,18782.28,3.483,0.0,0,0.0,,False,False,False
0x54dbc1fbf6b1cd59807db61109b1d9eb91fd1a04,True,2000,499,340,159,68.1,5.1,4240.66,2,1788849488905,1788875945571,0.3,1194.39,0.282,2515009.13724,1,-81293.44,-3.2,False,False,False
0x54e541da229d617562498349404b92821c80daa9,True,2000,904,646,258,71.5,1.38,7986.62,21,1761197864649,1787152443556,300.4,5182.86,0.649,0.0,0,0.0,,False,True,False
0x55040d3de8b11560533e02179948c06ce99f5efa,True,2000,1161,941,220,81.1,4.02,54234.7,12,1785483913739,1788874756623,39.2,9061.0,0.167,25343.715894,2,68.0,0.3,False,True,False
0x5524c33467183c56d37d701b6d90c1773049f16e,True,113,54,35,19,64.8,11.53,11871.89,18,1748090746886,1780675298703,377.1,4635.16,0.39,0.0,0,0.0,,False,False,False
0x55312508c81dbdd456e4f617b92018c6a29bd83b,True,2000,973,331,642,34.0,0.81,-2515.49,27,1781912418617,1788773619549,79.4,-1358.88,0.54,2269.498999,2,-392.24,-17.3,True,True,False
0x5554087bc849098f047699868f63291e2de79611,True,2000,853,548,305,64.2,1.29,2452.62,13,1773468622015,1780395130305,80.2,-1059.29,0.432,0.0,0,0.0,,False,True,False
0x556479268d4e0439e727d75181b9741b51bfc98e,True,2000,521,265,256,50.9,1.87,16342.5,25,1779748233516,1788793529131,104.7,-2452.92,0.15,13113.71958,3,-1642.93,-12.5,True,True,False
0x557a75e1368dc5fa69978ed5fd88bfd7bddfc3a2,True,2000,1098,862,236,78.5,7.54,55534.7,13,1786363569276,1788861457247,28.9,9014.72,0.162,0.0,0,0.0,,False,False,False
0x55879718b38cac09065e64c7f18419b5c5f14e31,True,757,479,431,48,90.0,2.93,93100.77,6,1763390205772,1788525099582,290.9,-19719.36,0.212,12540.800586,1,189.2,1.5,False,True,False
0x55a2c9c5f62191ebcbfce81a821b5977359b636c,True,2000,1070,566,504,52.9,20.68,1728.86,2,1772192612823,1783146584563,126.8,237.47,0.137,505.255821,0,0.0,0.0,False,False,False
0x55c389cc17a9bc8841c889f670286ef7fcf06a4f,True,2000,864,722,142,83.6,0.87,-649.24,28,1782890531100,1788868247520,69.2,-798.8,1.23,2635.69044,4,-396.6,-15.0,True,False,False
0x55dd1aefa366b3c6970cbc17353fb5438fb37459,True,414,145,105,40,72.4,0.77,-986.49,26,1758118628931,1788874753725,356.0,1030.35,1.044,31967.376246,11,-93.7,-0.3,False,True,False
0x55f64fbef1083d97729bca2a949e4b7a635e3edb,True,2000,978,361,617,36.9,0.19,-10061.03,10,1788020969400,1788874689117,9.9,-1111.87,0.111,0.0,0,0.0,,False,False,False
0x56166cb22f97134468b0dd9a7e017173e3e6f601,True,1105,579,374,205,64.6,1.3,10833.45,16,1760158854772,1787586617639,317.5,-3618.94,0.334,3175.867003,0,0.0,0.0,False,True,False
0x5631daee19eb46f8dbc2b5d3003a6f24eb52909d,True,2000,816,668,148,81.9,1.13,538.38,4,1788020743325,1788852220482,9.6,-902.39,1.676,8.922352,0,0.0,0.0,False,False,False
0x5654c497e10d32b27207b72c4fd54b34e17fd4dd,True,2000,1253,849,404,67.8,0.14,-104518.79,7,1780988609659,1786181092359,60.1,-6773.77,0.065,0.0,0,0.0,,False,False,False
0x5671e2f805f76a71046ca1a12b2d8010339e215a,True,2000,1003,223,780,22.2,1.29,1842.91,8,1758120465833,1788733123137,354.3,1483.68,0.805,20878.26956,0,0.0,0.0,False,False,False
0x568d7caa8a741bd83b6bc82fe3f71fe61565f6ea,True,2000,1099,525,574,47.8,0.22,-11457.32,3,1786541426108,1786949789185,4.7,-740.43,0.065,0.0,0,0.0,,False,False,False
0x569eaa60d1d9ccabf93b8638f96093c295c0e9ed,True,1014,575,377,198,65.6,3.82,8877.76,15,1709501819777,1788607289127,915.6,2496.47,0.281,0.0,0,0.0,,False,True,False
0x56bf13dbdceaabca262d5919668f8a3cfca20521,True,2000,1088,818,270,75.2,0.38,-39499.47,16,1779472527236,1788021638901,98.9,-14394.0,0.364,0.0,0,0.0,,False,False,False
0x56cf6a15408d6e928122427e8d2b55206a95ea80,True,2000,975,291,684,29.8,0.39,-3633.83,3,1788856140597,1788876252066,0.2,-120.82,0.033,4636.655505,0,0.0,0.0,False,False,False
0x56eeddfeaad6e458eb17932b14a44cbe368a95e8,True,250,110,18,92,16.4,0.06,-211.97,1,1777865134891,1777868843165,0.0,-21.95,0.104,0.0,0,0.0,,False,False,False
0x56fea9a06b1f552a30d25a023d0ab289274b52b6,True,1963,924,465,459,50.3,22.87,95472.92,39,1702574070551,1788390502794,993.2,41868.06,0.439,0.0,0,0.0,,False,True,False
0x570ae333dc09df9480d70c96dcc6c8b63b488c12,True,740,347,225,122,64.8,1.13,2052.25,8,1774301106910,1775668039073,15.8,2464.05,1.201,0.003765,0,0.0,0.0,False,True,False
0x571f8e570efe1fb0ba8ff75f4749b629a471f458,True,740,136,82,54,60.3,1.14,1621.48,9,1781547873006,1788144516252,76.4,-1436.48,0.886,463692.044224,5,282315.99,60.9,False,False,False
0x57305b8aba4c7f64f82884889e13b29d1448879f,True,1299,604,215,389,35.6,5.58,101452.23,2,1766591838470,1778164800951,133.9,11813.86,0.116,0.0,0,0.0,,False,False,False
0x574bf368f09db2d2e51795df04245ef0e6a92dcf,True,1656,956,496,460,51.9,0.74,-12781.23,1,1771116245669,1779478237718,96.8,-4800.62,0.376,0.0,0,0.0,,False,True,False
0x5769268839f7b897da9649804dbc106e76ba8fa7,True,2000,568,402,166,70.8,0.83,-946.5,17,1775313592171,1788796654626,156.1,-1106.71,1.169,0.0,0,0.0,,False,True,False
0x577586e7460f83ce4f30ded0ea2e44e7579de25d,True,2000,119,53,66,44.5,0.69,-36.95,12,1788848211642,1788860195372,0.1,-7.72,0.209,818895.69098,43,-1313329.54,-160.4,True,False,False
0x578cf5b7dddf9dc4752215a6d61018aa58ed6036,True,2000,914,560,354,61.3,0.79,-5421.06,52,1737366328850,1788766403724,594.9,-3506.32,0.647,11580.408729,3,401.59,3.5,False,True,False
0x579b7e00d630af04257c63b4b131ec0c4cbf7760,True,2000,1097,750,347,68.4,1.29,26317.08,18,1748639017806,1788782566922,464.6,5558.02,0.211,0.0,0,0.0,,False,True,False
0x57a869f34da6a1e4de51bbcf1a00f5a3bc242926,True,659,292,213,79,72.9,0.63,-16925.11,5,1773113360642,1787217042288,163.2,-6088.0,0.36,0.0,0,0.0,,False,True,False
0x57bf3b0f29e37619623994071c9e12091919675c,True,2000,892,671,221,75.2,7.01,34070.05,9,1779989472034,1788844084088,102.5,6500.52,0.191,12751.383775,1,-9670.11,-75.8,True,True,False
0x57d23d079411fb4bdadda34dfdea527be014bb6a,True,2000,873,274,599,31.4,1.49,3529.86,19,1785118192475,1788614411994,40.5,1294.8,0.367,0.0,0,0.0,,False,True,False
0x57e8c77da1c6fd08a3e757be4cffff32ce082e5e,True,2000,1076,201,875,18.7,0.39,-1554.62,14,1760426574126,1781844566386,247.9,-1256.84,0.808,0.0,0,0.0,,False,True,False
0x581796f091e9304d7796a86916886d95fa544dad,True,2000,887,538,349,60.7,1.29,1356.5,29,1787641116056,1788867923519,14.2,-485.12,0.358,0.0,0,0.0,,False,True,False
0x583240daf0aab815cdb3e021b983193bee34ff36,True,2000,1012,516,496,51.0,1.34,2545.89,27,1778348732508,1788841216802,121.4,-270.84,0.106,7571.695321,2,333.79,4.4,False,False,False
0x584b57b34ef20b8ea5bb6ab7c6adbaa5df43aef9,True,2000,1085,413,672,38.1,0.93,-8046.44,12,1779568933335,1786025741004,74.7,7948.63,0.988,0.0,0,0.0,,False,True,False
0x586270cc97bb7d06d9baa06a81384e54d7d7fa3d,True,261,170,124,46,72.9,3.37,20607.85,7,1761339269198,1786500752273,291.2,2755.4,0.134,0.0,0,0.0,,False,True,False
0x5875aad0c6808fd3335f1efe1477a1ccc4b791ca,True,2000,768,540,228,70.3,1.69,2167.68,113,1784334404246,1786451313560,24.5,270.93,0.125,0.0,0,0.0,,False,True,False
0x58859421ccc4f9f2b4aa6c404c0a2000fd520c7d,True,2000,912,877,35,96.2,75.4,69484.96,18,1781276128730,1787364061458,70.5,2145.52,0.031,14620.365885,1,-17606.21,-120.4,True,True,False
0x5893dc38d921486af7f602b03a0a5e032cbe62f2,True,2000,1061,273,788,25.7,0.83,-2176.06,24,1780445391093,1786987245729,75.7,1590.9,0.731,0.0,0,0.0,,False,True,False
0x58a63dda17368ff8a65926dcc5699d433238cc1b,True,1281,661,457,204,69.1,0.97,-1941.84,5,1760472407899,1776523002800,185.8,-30796.29,15.859,0.0,0,0.0,,False,False,False
0x58be3403f05d25f224593717feb69f175973bbb4,True,2000,911,239,672,26.2,0.44,-34781.8,1,1776402723576,1780519467503,47.6,-10448.61,0.3,1e-06,0,0.0,0.0,False,False,False
0x58d143119b3529ed4b291b5e0dc9a30e89d1f6ad,True,2000,946,538,408,56.9,0.85,-7945.39,11,1777090965497,1788665567142,134.0,-8190.67,1.031,1172.616381,2,-3528.51,-300.9,True,True,False
0x58dfdbee1d0d157aded161c16bd40a61bd15deab,True,1617,816,426,390,52.2,3.79,80443.9,12,1710597569839,1787365324028,888.5,24426.13,0.304,0.0,0,0.0,,False,False,False
0x58f0bf4307c61bc7a5fe11e24fe36e64300b0d20,True,2000,279,279,0,100.0,inf,75645.81,4,1788567785989,1788828788501,3.0,4829.31,0.064,1764540.397414,5,-15042.3,-0.9,False,False,False
0x5909f2a5890c3594dec8addf0511a5cdeb6a8b5f,True,1702,630,250,380,39.7,0.96,-900.87,11,1771855726523,1787962294174,186.4,1688.3,1.874,0.0,0,0.0,,False,True,False
0x591762c685474a9c5258bd0e66dd409b3b5a1e10,True,131,65,55,10,84.6,11.64,16168.33,7,1766657999992,1784077718351,201.6,5234.02,0.324,0.0,0,0.0,,False,False,False
0x593889178ac483d13c181cc159653579722e357e,True,2000,1031,317,714,30.7,0.55,-9076.04,21,1782916455976,1788864262674,68.8,-3235.55,0.356,0.0,0,0.0,,False,True,False
0x595bf34a2bb65dacf3b4cafa30f34ebf175917b7,True,1448,525,283,242,53.9,0.27,-47254.8,13,1757721890961,1786779615042,336.3,-21247.17,0.45,2332.490961,4,-7701.02,-330.2,True,True,False
0x5986347c1d0133d02d307f08bb1efd44c2eb89d9,True,2000,759,111,648,14.6,6.56,161155.34,4,1786974538303,1788273180403,15.0,119835.7,0.744,1152895.046503,3,2249547.83,195.1,False,False,False
0x599a7141d29c80da03b296bde6521c1d51144fc5,True,1951,1010,537,473,53.2,0.96,-768.1,13,1757417155676,1780075229520,262.2,1778.63,2.316,0.0,0,0.0,,False,True,False
0x59c3cb452c7e00717588add37239ff11770c30e4,True,353,243,168,75,69.1,0.45,-6083.87,9,1784562853078,1788543166356,46.1,-3219.29,0.529,3568.995585,1,-338.14,-9.5,True,True,False
0x59eb3290c308d608550dd1edbe5e10cca761fa7f,True,1319,603,342,261,56.7,3.55,15312.38,2,1785749194588,1787375534980,18.8,3104.53,0.203,0.0,0,0.0,,False,False,False
0x59f8d52f9e627cc14aa56fb9683e91b80ac44773,True,525,241,154,87,63.9,0.6,-1307.04,16,1771078109407,1788683693628,203.8,-364.99,0.279,161.056379,2,10.9,6.8,False,True,False
0x5a0fd83483f4b5953a6b7e1ab20af6c67cb5abab,True,322,174,48,126,27.6,0.04,-28482.47,9,1713248029063,1778716800062,757.7,-10551.13,0.37,0.0,0,0.0,,False,False,False
0x5a27a94c7bf19f021a3d40db56fdbc545291890f,True,2000,1054,451,603,42.8,0.82,-3588.92,5,1780467284176,1787153993085,77.4,-1761.53,0.491,0.0,0,0.0,,False,False,False
0x5a3502c7a49fcedd429bfe73b20386412a80dfc7,True,2000,1157,857,300,74.1,1.95,5058.14,4,1787934109876,1788876332992,10.9,71.28,0.014,0.0,0,0.0,,False,True,False
0x5a4a6093f8a4345b8a972ff26542711ab4712f82,True,755,219,168,51,76.7,0.88,-3784.58,3,1779987221288,1787934610018,92.0,-7831.49,2.069,37628.67996,2,-1525.49,-4.1,False,True,False
0x5a61012bcdf5eb43694b0500418b31cd23991654,True,2000,876,638,238,72.8,3.88,85109.6,21,1779750246110,1788204187354,97.8,6571.71,0.077,0.0,0,0.0,,False,True,False
0x5a7158fdf77b77d0772d3ed26a785e3d211a3865,True,2000,947,338,609,35.7,0.95,-2697.99,19,1768924933315,1788778156366,229.8,-5625.98,2.085,1724.479904,7,858.7,49.8,False,True,False
0x5a813b82e4520f5534ec617747c1887b9f03f051,True,2000,1081,492,589,45.5,1.36,9548.76,22,1780516299944,1788864193340,96.6,1957.21,0.205,7869.211063,4,-803.93,-10.2,True,True,False
0x5a8fc638637db62679f641b4c242d9713c28d0ba,True,2000,1003,730,273,72.8,1.85,4787.36,1,1788469271585,1788864814803,4.6,546.89,0.114,22507.152894,1,-7383.17,-32.8,True,False,False
0x5a98c4f011e62cf3e188e4396d18a75c19b4af12,True,2000,1064,839,225,78.9,2.06,375559.78,2,1782395616132,1788874636035,75.0,330463.92,0.88,0.0,0,0.0,,False,True,False
0x5aa2cb528d4c57ab6e53a6079189eafdcdf35d8c,True,214,126,66,60,52.4,0.5,-3325.65,5,1787063063150,1788449989297,16.1,-1386.19,0.417,0.0,0,0.0,,False,False,False
0x5ab1c0aa6deda974542158d08325f0cf52ce02ac,True,2000,1071,610,461,57.0,1.63,8234.31,56,1775258849811,1788868843526,157.5,4038.63,0.49,6111.354074,2,1519.31,24.9,False,True,False
0x5ac19d0606db1fb34c01a602ccdcb7af20abb8f0,True,2000,775,614,161,79.2,1.56,4114.25,4,1780412723539,1780961161045,6.3,-1972.05,0.479,0.0,0,0.0,,False,True,False
0x5acaaeea43cab414bb5c4639540295c54c762eee,True,2000,826,156,670,18.9,0.09,-657669.42,3,1760967619717,1776174444527,176.0,-87190.95,0.133,0.0,0,0.0,,False,True,False
0x5ade8fc6abec1e673ca8abaa95ee09bdfbe44dd5,True,2000,1169,943,226,80.7,0.38,-1666.41,3,1785328046667,1788077179284,31.8,-481.68,0.289,0.0,0,0.0,,False,True,False
0x5aed695b43875c60dc65e9a918f4d925588ef5d1,True,2000,1011,597,414,59.1,2.21,37032.4,17,1787652207764,1788852750106,13.9,7516.18,0.203,0.0,0,0.0,,False,False,False
0x5b06551ca61d404d7a14d411d485ec32f44e4fff,True,497,177,77,100,43.5,0.57,-6354.45,1,1752856103076,1788634768556,414.1,-2621.12,0.412,6796.851551,0,0.0,0.0,False,False,False
0x5b1c266ad2db5de228358b14872ac2d5f6e10a6e,True,343,202,58,144,28.7,1.15,969.18,1,1777702680081,1778676103853,11.3,-1709.2,1.764,0.0,0,0.0,,False,False,False
0x5b2c26901ead191baf5f89b5e48595aa51cd0378,True,2000,1067,544,523,51.0,0.73,-5248.86,15,1776980231332,1787329502525,119.8,-1591.94,0.303,0.0,0,0.0,,False,False,False
0x5b559aeaab8033ac14e4a9155c30fb9585a48854,True,850,438,382,56,87.2,16.25,39371.11,7,1781076887771,1788767112596,89.0,2043.85,0.052,0.0,0,0.0,,False,True,False
0x5b673a96b3def1b660a340e700a46de71c544898,True,1795,1036,549,487,53.0,4.27,171203.03,64,1711347966539,1778501188488,777.2,34999.76,0.204,0.0,0,0.0,,False,True,False
0x5b7a3947ce4748a19b334d8003559c474d42b1a0,True,2000,958,330,628,34.4,1.96,12336.97,31,1784749984585,1788743970523,46.2,1654.57,0.134,11241.030852,5,3602.45,32.0,False,False,False
0x5b878ba97bae92fc0aa6133edbf2f58d52350d65,True,331,164,142,22,86.6,0.83,-826.57,26,1778008195185,1787302618485,107.6,-4244.24,5.135,0.0,0,0.0,,False,True,False
0x5b9f7f6c2cbe7425b9c03fe5254ced9fae05b50c,True,2000,985,470,515,47.7,3.36,12514.98,39,1779289520334,1788848459967,110.6,2769.02,0.221,4303.067353,2,115.69,2.7,False,True,False
0x5bb58a576733d839f954d2f3da15a90abd44e1c0,True,2000,763,665,98,87.2,0.38,-18032.71,9,1777005066751,1788531495587,133.4,-6714.35,0.372,150.36576,1,-36.22,-24.1,True,True,False
0x5bc81274740a73d33ec8539182c326b8b58004c2,True,2000,881,634,247,72.0,1.04,565.28,3,1776871809803,1788865810302,138.8,-822.67,1.455,9232.438959,1,0.93,0.0,False,False,False
0x5bdd7aa7602f4d2d0bed233475c933d5135f0c8d,True,2000,791,601,190,76.0,2.22,43037.81,9,1782894099130,1788874545710,69.2,-2779.0,0.065,0.0,0,0.0,,False,True,False
0x5bf9e6f29f062d749ce1cb2af35b959ce577d5db,True,2000,1015,519,496,51.1,0.91,-2496.64,20,1780730365124,1785239113042,52.2,-2040.3,0.817,0.0,0,0.0,,False,False,False
0x5c12173a1b677c2fbb714b95eb052538eee723b6,True,92,40,26,14,65.0,4.39,7332.99,6,1738654862329,1787977683324,570.9,5921.6,0.808,0.0,0,0.0,,False,False,False
0x5c1f9d55a7d41764c81202a236972b9e4bfb58db,True,2000,1008,535,473,53.1,1.45,19563.97,25,1786680810773,1788869652312,25.3,-2621.89,0.134,19543.892693,3,-3150.04,-16.1,True,True,False
0x5c3f8fdc2c99cd27576f36d13446f33c58e67a24,True,2000,935,383,552,41.0,0.07,-313836.42,30,1782611815098,1788874725820,72.5,-213506.13,0.68,11738.614968,11,-813.35,-6.9,True,True,False
0x5c4bed0b7faf564c2cc8c7168ec14746c91988fc,True,1412,612,342,270,55.9,0.55,-11612.6,25,1750541092068,1780428590062,345.9,-2612.15,0.225,0.0,0,0.0,,False,False,False
0x5c63c6f305be2db6c5176ed6dfad2733a1dd96d4,True,1503,713,432,281,60.6,4.22,43675.52,151,1701387390037,1788307520359,1006.0,6161.08,0.141,0.0,0,0.0,,False,True,False
0x5c82c1540d7c5804b53da2febcf4c58e5a66a21e,True,2000,956,485,471,50.7,1.01,2134.02,28,1732907747675,1787172675293,628.1,17551.32,8.225,0.0,0,0.0,,False,True,False
0x5c976811cf5e44294ba0f510aa670177c3750360,True,2000,657,386,271,58.8,1.1,12657.78,19,1758580184755,1788481533741,346.1,-30144.39,2.381,28906.047631,3,-9581.14,-33.1,True,True,True
0x5cac0f65ac1808dad6163c8df0ea4f1107df6153,True,2000,947,252,695,26.6,0.56,-10577.22,16,1773484713634,1788848537069,177.8,-1395.62,0.132,0.0,0,0.0,,False,False,False
0x5cbf024204d2d801d1fd1e3a85600655a0d04031,True,929,434,251,183,57.8,0.73,-4610.59,1,1783180718742,1788867724163,65.8,-5224.1,1.133,0.128147,1,-0.0,-1.5,False,False,False
0x5ccd1aef537dc1d6c58556cd2a5ffd749dcecb03,True,497,167,71,96,42.5,1.99,3457.87,1,1780238808095,1787218045826,80.8,-825.43,0.239,0.0,0,0.0,,False,False,False
0x5ce74d7a3d8b5e3c26bdec877f7cca2137095cf0,True,500,216,145,71,67.1,1.31,3479.25,4,1709690682635,1783126971562,850.0,-5158.6,1.483,0.0,0,0.0,,False,True,False
0x5cf9ebaaee02c9d9b2b623718c6ad49c214221c8,True,378,174,73,101,42.0,0.52,-6889.87,12,1754248511126,1780538543057,304.3,-2360.62,0.343,0.0,0,0.0,,False,True,False
0x5d1124fb77c539ec92e3ef853053bbce1e98271b,True,1551,670,259,411,38.7,0.88,-8368.51,55,1735971986782,1788797396855,611.4,9685.92,1.157,40.549741,1,-465.95,-1149.1,True,True,False
0x5d35dbefa1fb9418b84f90ae4d81c7aa8c338abb,True,2000,925,311,614,33.6,2.31,22928.85,8,1786571795226,1788630637277,23.8,4338.34,0.189,0.0,0,0.0,,False,True,False
0x5d54bbff4d76fe5c9abf0dd2874dfb39608c5f19,True,2000,1033,413,620,40.0,1.05,61.15,52,1784104678578,1788862544933,55.1,49.91,0.816,11143.749474,50,852.73,7.7,False,False,False
0x5d71353664df477c7fc32c33c64c12e524561150,True,1906,973,416,557,42.8,3.16,30506.49,2,1764180230200,1780565360295,189.6,3618.65,0.119,0.0,0,0.0,,False,False,False
0x5d8c945a9b3ad0207702d13578ec76b2d15e8025,True,2000,1067,209,858,19.6,1.41,11758.05,13,1780881089530,1788735592958,90.9,7147.23,0.608,29977.594506,2,25462.03,84.9,False,True,False
0x5d9577934e33bdb2822e4eea8a051d5922b6e4ca,True,1546,815,356,459,43.7,1.22,12503.46,18,1747951762864,1782407735882,398.8,-5643.84,0.451,0.0,0,0.0,,False,True,True
0x5da74d1537b7f8c9b2a01610379bbf17f17d9351,True,2000,887,267,620,30.1,0.46,-15781.69,33,1777727700145,1779321600086,18.4,-2210.93,0.14,0.0,0,0.0,,False,True,False
0x5dc32c576478c373dc04479a76a197ef7890fa66,True,2000,1132,413,719,36.5,0.8,-3676.9,15,1781624081821,1788534155383,80.0,3066.5,0.834,0.0,0,0.0,,False,True,False
0x5dd6780b815aa7b393fdb18ccaf0054941d6c767,True,2000,750,208,542,27.7,1.14,6148.22,5,1783450816697,1788743789515,61.3,5975.07,0.972,0.0,0,0.0,,False,False,False
0x5df208b50614dffcf3ed6ed53ddcfe202f7cdcee,True,2000,893,316,577,35.4,0.45,-9722.28,5,1784899367216,1785107682237,2.4,-1721.14,0.177,0.0,0,0.0,,False,False,False
0x5dfe68fb448623bbddac2d212eee9bc8154db753,True,373,210,75,135,35.7,0.52,-3393.03,9,1771538639350,1788471275571,196.0,-1246.72,0.367,0.0,0,0.0,,False,False,False
0x5e14826dd8fb1a6e9e534053f310dc24a9c2ac8a,True,235,98,59,39,60.2,1.8,2058.37,3,1783352201631,1784834285071,17.2,-1224.45,0.595,0.0,0,0.0,,False,True,False
0x5e2c954e2cd5955600e67a0c5082ff93c06be13f,True,2000,974,603,371,61.9,0.69,-7793.0,66,1778160975401,1787616000004,109.4,-1760.44,0.226,0.0,0,0.0,,False,True,False
0x5e4d88da95471279b5d1c438404bde4f59788cb8,True,2000,892,287,605,32.2,0.57,-8578.77,17,1788528734837,1788875835293,4.0,-2897.84,0.338,93469.108526,8,73257.14,78.4,False,False,False
0x5e5d46747100a6d10797d9432f78380aefc6eebe,True,2000,531,169,362,31.8,0.67,-28645.07,13,1786928900992,1788873627850,22.5,8842.3,0.309,80417.325722,4,-24225.18,-30.1,True,True,False
0x5e7009ece44e860c839da6885c038b8ba1fb724c,True,2000,1003,531,472,52.9,1.03,1923.98,24,1740472638518,1788855475559,560.0,-4210.67,2.189,0.0,0,0.0,,False,True,False
0x5e8e18557c0df89fb79a41941c03768da69100af,True,2000,1241,483,758,38.9,0.76,-8758.25,34,1787592497128,1788283261153,8.0,2207.02,0.252,0.0,0,0.0,,False,False,False
0x5e9d682c51236607eabea2f763abbc35a4e76ae1,True,1008,513,220,293,42.9,1.16,636.11,16,1759936153806,1780392474356,236.8,399.77,0.628,0.0,0,0.0,,False,True,False
0x5eb38efd6a567bf69010f28a134355aa34447ea6,True,2000,947,208,739,22.0,0.65,-6311.44,15,1781872905249,1782409190495,6.2,1839.58,0.291,0.0,0,0.0,,False,False,False
0x5eca1f72c13389412253f0e6486b7653fb601342,True,2000,858,410,448,47.8,1.32,12870.19,23,1780650294580,1788730089784,93.5,5561.58,0.432,6976.298723,3,21967.44,314.9,False,True,False
0x5ed3bff80debebaf61702ba46f146bc89569fe75,True,2000,1096,551,545,50.3,1.2,15770.29,13,1778851139256,1788445404242,111.0,7946.95,0.504,37608.960682,1,2082.08,5.5,False,False,False
0x5eeb5a0cb514bf3843d5f1c24752ee0e3b08f46c,True,2000,931,645,286,69.3,1.6,4126.6,6,1788443734089,1788865837461,4.9,445.0,0.108,14325.76306,1,-1902.57,-13.3,True,False,False
0x5f0488fcd9d6e8fe193784ef48e98986837a3373,True,64,30,7,23,23.3,0.08,-2853.58,7,1767317069546,1779614304192,142.3,-479.06,0.168,0.0,0,0.0,,False,False,False
0x5f130cce35d22936a89aa26984ed5efb780922ad,True,2000,680,396,284,58.2,1.68,2813.18,20,1763716800724,1788843984219,290.8,1287.92,0.458,7191.758434,0,0.0,0.0,False,True,False
0x5f2872f18373aa58b8e3c15a2472b130710b5359,True,756,361,317,44,87.8,0.9,-211.27,19,1780490703773,1786886485459,74.0,-1217.58,5.763,0.0,0,0.0,,False,True,False
0x5f3df357144f748d7d53f30719a6e4040e2c7d04,True,2000,1091,721,370,66.1,6.0,112266.06,16,1775631810412,1788822120449,152.7,5971.39,0.053,0.0,0,0.0,,False,False,False
0x5f5af39b166e5ddc2658233b3d16cf0cbb8c40d1,True,2000,850,338,512,39.8,0.56,-28395.77,40,1780676627820,1784719710524,46.8,-3875.16,0.136,0.0,0,0.0,,False,True,False
0x5f73bd2f564647556f9bdf9107e84b924ffa9cf4,True,2000,1199,15,1184,1.3,0.06,-232952.57,3,1786183389807,1788567022350,27.6,9282.25,0.04,0.0,0,0.0,,False,True,False
0x5f8598125e016dfd2b2d9bc427a07803c8f8e5a5,True,1637,718,84,634,11.7,0.47,-11583.36,1,1786761843469,1788874360152,24.5,1777.05,0.153,0.0,0,0.0,,False,True,False
0x5f9dd2797a391de4f33d9fe620676dce5be14868,True,2000,828,435,393,52.5,0.53,-5057.47,10,1782319668448,1783144807341,9.6,-1543.98,0.305,0.0,0,0.0,,False,True,False
0x5fac4816e3fc362049e1de50b5a0b88888888888,True,1913,874,854,20,97.7,88.28,221565.13,8,1752571145936,1785240541667,378.1,8201.38,0.037,0.0,0,0.0,,False,True,False
0x5fc747a832769af74b7b26fa4928116483ed135c,True,2000,933,480,453,51.4,0.46,-14353.53,14,1785522010182,1788118414390,30.1,-4013.52,0.28,0.0,0,0.0,,False,True,False
0x5fdbf83c3d95d525704f61401db68cbec1b2a775,True,1566,541,235,306,43.4,1.31,180939.1,65,1701439301891,1788355830445,1006.0,182144.69,1.007,1757.977072,1,343.76,19.6,False,True,True
0x5fee75fbb3a9cf25c4e2a513d274f3c70657583d,True,2000,1068,220,848,20.6,2.26,13655.72,15,1788138815695,1788874809617,8.5,2808.66,0.206,6875.437228,5,18.33,0.3,False,True,False
0x6000602e056bf01c751161e1211fa6ce53bb8f4e,True,2000,1461,1144,317,78.3,0.52,-10429.12,18,1766860406063,1772550065681,65.9,1470.51,0.141,0.0,0,0.0,,False,True,False
0x6021a70d36184c735dc8bd5eeb2b7aa7edf8b260,True,944,526,338,188,64.3,1.62,4938.92,54,1764684449435,1788875583005,280.0,-1889.29,0.383,5659.29,1,91.89,1.6,False,True,False
0x603f6575750b2da949a84ff412b68e762bcd75a3,True,2000,876,401,475,45.8,3.45,41933.29,7,1788461197490,1788854578403,4.6,3052.56,0.073,59076.899687,1,3324.46,5.6,False,True,False
0x6055a62bb58179febd4e50ca68c0273a12c0f8d3,True,883,507,244,263,48.1,1.33,1992.01,8,1733593990825,1774459631534,473.0,-843.44,0.423,0.0,0,0.0,,False,False,False
0x606ee19425da2677ec87d737b12ea071f2123240,True,2000,1017,373,644,36.7,1.0,-1.0,52,1784592392032,1788859981748,49.4,56.85,56.671,14650.901234,50,880.58,6.0,False,False,False
0x60886e3178ffda07f60478968bfbceec232270b3,True,2000,892,287,605,32.2,0.58,-8307.31,5,1780291636630,1784681241939,50.8,3250.7,0.391,0.0,0,0.0,,False,False,False
0x60a2b1045d301201ef0ee017809abc74531a7d98,True,2000,1170,701,469,59.9,3.2,12408.41,5,1787066514936,1787338293509,3.1,4432.57,0.357,0.0,0,0.0,,False,True,False
0x60b3d20d5f32fcc33bd9dea65a0eea155bdc8eac,True,2000,1138,1053,85,92.5,0.49,-1109.43,1,1779632564211,1787551930841,91.7,-746.98,0.673,0.0,0,0.0,,False,True,False
0x60c82780dac187f78d1c3872a47c1a29589ef0ab,True,1748,687,433,254,63.0,0.94,-3545.31,25,1740749826253,1787820183269,544.8,-4321.12,1.219,1674.403819,2,38.22,2.3,False,True,False
0x60d4220865e9c107727797bae0e6cd2c299f9c47,True,2000,569,310,259,54.5,1.29,188.06,32,1788663520856,1788874889517,2.4,90.86,0.483,15661.830569,4,17.55,0.1,False,True,False
0x60f0513fd17cf8528a6ba29e028601c9228d30d8,True,1518,594,414,180,69.7,0.71,-2935.35,8,1751048345138,1788452014091,432.9,-779.21,0.265,0.0,0,0.0,,False,True,False
0x610239b35603b9438a82144866c4b34ced8df4c1,True,879,396,100,296,25.3,0.58,-6506.69,4,1763136409052,1782323291276,222.1,1392.6,0.214,0.0,0,0.0,,False,True,False
0x6115006442a4f18e03d1d5b389909d2df7453421,True,2000,982,553,429,56.3,6.48,43693.71,6,1769993965741,1788876015265,218.5,7432.52,0.17,8257.103833,1,241.54,2.9,False,True,False
0x612ca98c658c7a2de1f239a1d2a9e18c356e724a,True,2000,1147,684,463,59.6,0.5,-31419.73,9,1780902214910,1787559384868,77.1,-4858.47,0.155,0.0,0,0.0,,False,True,False
0x613ead0ea5af374af0ccfc117ef116a8e8d133fe,True,2000,892,488,404,54.7,5.58,141184.88,7,1787375812785,1788801339643,16.5,12641.4,0.09,59821.936181,1,318781.32,532.9,False,False,False
0x614deecd8f6c8b94de75b94502706d446ba1f111,True,2000,952,669,283,70.3,0.92,-2309.72,59,1787347048076,1788864940405,17.6,-4024.8,1.743,5458.525577,9,-6194.54,-113.5,True,True,False
0x615d54d75193c93f28166adcf7b615d5d47b4dbe,True,2000,732,152,580,20.8,0.96,-1432.74,3,1773852768967,1788673018065,171.5,4606.78,3.215,0.0,0,0.0,,False,False,False
0x6178d91c0629ddbf25b2911d624452fd44d26bc4,True,186,91,57,34,62.6,0.95,-85.47,10,1787398666617,1787818246406,4.9,239.9,2.807,0.0,0,0.0,,False,True,False
0x6195107251c7ec544843c7e7792135f1dabb0a81,True,115,53,32,21,60.4,2.8,1456.84,10,1765366264491,1783620489914,211.3,969.75,0.666,0.0,0,0.0,,False,False,False
0x61b35e240c404399b8197468aeaecac51d4f86fe,True,2000,922,670,252,72.7,10.97,187505.53,21,1787371474919,1788735769115,15.8,64954.47,0.346,189256.851619,6,-7658.7,-4.0,False,True,False
0x61ceef212ff4a86933c69fb6aca2fe35d8f2a62b,True,2000,1071,15,1056,1.4,0.0,-276394.19,5,1788133546939,1788251569757,1.4,-8326.24,0.03,7577133.251858,5,-8906619.88,-117.5,True,False,False
0x61e092f1094f89996e8a416f078680e4b4ea0004,True,2000,962,890,72,92.5,0.61,-24863.51,9,1775610592177,1788739200041,152.0,-38980.81,1.568,11679.796915,1,-12248.0,-104.9,True,True,False
0x61fd0d043d519f5a2bd05785000f30db96809429,True,1001,422,227,195,53.8,1.61,12048.0,22,1761149946045,1787970474064,310.4,-3267.25,0.271,979.079376,1,2386.34,243.7,False,True,False
0x6218ec179ffb01b1b75ec0f8efd5029577d8bae1,True,2000,789,609,180,77.2,0.97,-1049.57,20,1779054877171,1788528370283,109.6,-4365.89,4.16,3256.739388,1,-648.75,-19.9,True,True,False
0x6230b8f9a6c844338e92ccb4b9b16b78770007fc,True,141,25,23,2,92.0,1308.74,21554.22,6,1755136060582,1788867542202,390.4,6331.64,0.294,33227.882638,2,-10767.96,-32.4,True,False,False
0x62469784e0c483a9c38d73f47276d9e137d3cd07,True,1031,492,320,172,65.0,1.79,15980.46,15,1773795458344,1787925739869,163.5,-3842.18,0.24,63311.010244,1,37281.33,58.9,False,True,False
0x62655878bb417517e854a12cf25597bd77044805,True,90,45,24,21,53.3,0.41,-455.59,2,1780683782074,1780691645315,0.1,-709.6,1.558,0.0,0,0.0,,False,False,False
0x62886e2dfda481c83a0f75300fbe62747f65ddbc,True,2000,734,652,82,88.8,6.81,36191.91,46,1787463852134,1788872446020,16.3,1407.31,0.039,64983.515363,37,11577.25,17.8,False,True,False
0x62a19b07aba21590083b81bbe2f560a6ff79706f,True,104,41,25,16,61.0,0.11,-14479.03,20,1771346389030,1786962484941,180.7,-8439.45,0.583,0.0,0,0.0,,False,True,False
0x62c7993afd26013562ccb6c68d82299b60f79cc9,True,2000,855,550,305,64.3,2.79,9548.51,51,1774563898605,1788528490380,161.6,-702.9,0.074,0.0,0,0.0,,False,True,False
0x62dd6ca9d9facf38a39c470c99b9e26b2046acf2,True,1203,623,254,369,40.8,0.75,-2591.14,26,1748917852667,1780538032054,366.0,-3095.55,1.195,0.0,0,0.0,,False,True,False
0x62ff69d604e63403b8373b382d17d4ef94bca8ce,True,2000,906,347,559,38.3,1.43,13108.16,40,1772205150438,1788874856799,192.9,-3075.69,0.235,34524.045542,3,-12572.48,-36.4,True,True,False
0x6311c7025ac2085cf1f4d3451987b38105971c07,True,2000,856,427,429,49.9,5.68,61895.95,6,1787590626119,1788876553213,14.9,7055.1,0.114,51848.424766,3,-16826.06,-32.5,True,False,False
0x6334546f6d6079d6276c8124389decf4c7a26d12,True,2000,951,218,733,22.9,2.05,1570.78,85,1758115095260,1788469522465,351.3,-416.03,0.265,0.0,0,0.0,,False,True,False
0x6348dfb22aef479f06792842aabeb46d95f708f4,True,572,288,200,88,69.4,2.98,6307.87,7,1771507279785,1788792821119,200.1,729.34,0.116,0.0,0,0.0,,False,False,False
0x63618d66c7a6a487491e2d0793f7b5b1c86485c0,True,2000,1063,420,643,39.5,0.95,-1841.0,29,1776160328595,1788393600075,141.6,-4611.0,2.505,22552.545706,4,-15047.2,-66.7,True,True,False
0x63798fe8348259e724672cec211615ed57d3e9e4,True,2000,938,378,560,40.3,0.57,-2362.09,13,1779568605214,1780939897137,15.9,410.29,0.174,0.0,0,0.0,,False,False,False
0x6390f6307d19a38259bc3b3fe7236f35ba78e91b,True,2000,1034,580,454,56.1,1.73,11987.35,24,1739778083310,1777575155506,437.5,-1149.95,0.096,0.003338,0,0.0,0.0,False,True,True
0x63a1eb0e380d990cf92057672956fc04a3366ff9,True,1607,749,705,44,94.1,60.0,222618.54,13,1778894862178,1788728953232,113.8,6087.96,0.027,249535.163838,4,131695.22,52.8,False,True,False
0x63bc2ad7f7ab5d94bfed3cd29bac4408f9b3b055,True,1595,767,457,310,59.6,1.06,680.16,22,1778154103376,1788529390169,120.1,1324.5,1.947,0.0,0,0.0,,False,False,False
0x63cc6db63e24144ea8e0e3ff1f21b9747ffe07d9,True,500,221,63,158,28.5,0.79,-1721.5,1,1781402183107,1787383424299,69.2,2109.9,1.226,0.0,0,0.0,,False,True,False
0x63e43e07634ea089af36bed112fd86f2e899d490,True,833,383,225,158,58.7,0.61,-5421.9,20,1787213623837,1788775372795,18.1,-3407.38,0.628,13.297849,1,2.25,16.9,False,False,False
0x63fea639f62c51888e41434640f7707d638901f5,True,2000,1009,504,505,50.0,2.39,8380.9,51,1787559925976,1788862368298,15.1,793.96,0.095,28252.00293,50,16766.34,59.3,False,False,False
0x641757331b8b2a2f3a4669f531c0b28051890e33,True,1263,355,91,264,25.6,0.97,-397.06,6,1780315906207,1788875206613,99.1,2148.45,5.411,4120.910149,1,1116.49,27.1,False,True,False
0x64276a44aa401a563b9229c735eae77e451586cb,True,2000,1037,199,838,19.2,0.18,-66316.41,7,1782259824063,1787375434837,59.2,-12352.23,0.186,0.0,0,0.0,,False,True,False
0x643c8b1e2e0fd52fb40bab7a7130df7662ac494b,True,1251,609,188,421,30.9,3.88,20698.29,10,1772652398867,1775958237199,38.3,12428.89,0.6,0.0,0,0.0,,False,True,False
0x645ac77f41400e2b0ac78c4bb5c4c46ab9502fbb,True,2000,1075,532,543,49.5,1.22,1272.5,92,1775404809938,1781107209425,66.0,-380.41,0.299,126.167701,12,39.99,31.7,False,False,False
0x646be0d5f96edd60d9933c4646b5d3ac165001dc,True,2000,1272,779,493,61.2,4.92,68368.95,1,1787997919574,1788874885696,10.2,10850.58,0.159,63545.291608,1,27963.26,44.0,False,False,False
0x647b41b745cf5e32e244e432902468c4bd89643c,True,2000,857,474,383,55.3,1.55,11984.2,17,1783126063479,1788843316371,66.2,2748.78,0.229,0.0,0,0.0,,False,True,False
0x64916cd4b15045fd156bc2a6460cd3207638e289,True,2000,827,347,480,42.0,0.7,-22201.29,25,1769287731325,1782892953250,157.5,-4170.17,0.188,0.0,0,0.0,,False,False,False
0x64a79d828b9a85a147409de2f8169fdf6429f5d3,True,908,472,243,229,51.5,2.84,33628.49,16,1734216560225,1788652800016,630.0,8662.72,0.258,0.0,0,0.0,,False,True,False
0x64b4bc9498734b849528cf794e7c2516f13df4cc,True,2000,820,487,333,59.4,0.63,-12631.31,20,1771664111502,1774608544141,34.1,-4227.58,0.335,0.0,0,0.0,,False,True,False
0x64dc7e5cf7eabea42d54ce303c1abb59beee744f,True,489,186,137,49,73.7,0.89,-2133.8,8,1781277061462,1788875447214,87.9,-5122.23,2.401,3836.0925,1,-2335.5,-60.9,True,True,False
0x64e73ca3543fde0fb9ad836e9d2c53813b4227ef,True,510,92,22,70,23.9,0.0,-3207.42,9,1774033023018,1781113702576,82.0,-658.61,0.205,39.719049,0,0.0,0.0,False,False,False
0x64ff8a32bd2b2746ed2a42ce46eb1bd74c59f70c,True,2000,400,342,58,85.5,4.13,6545.43,41,1776988011411,1788874974060,137.6,2144.14,0.328,24711.730285,9,-15080.63,-61.0,True,True,False
0x65250ffac3ff170f6e33c9123cf558e04013fa1a,True,2000,1130,406,724,35.9,3.6,74898.19,7,1786222680076,1787503687909,14.8,9468.48,0.126,0.0,0,0.0,,False,False,False
0x654016a8c9fcf0c4cb7ed6078aba21f7f399f7b7,True,2000,1024,940,84,91.8,569.91,50444.3,10,1788698766146,1788877309112,2.1,1765.84,0.035,3659685.23506,10,798143.15,21.8,False,True,False
0x654ed1d8631de7feb6b4e5fd9965687504a80c4a,True,1412,433,176,257,40.6,3.05,128193.74,16,1749131312364,1787759829254,447.1,28005.79,0.218,36504.161279,2,22173.36,60.7,False,True,True
0x655b62e1a4ca9cfe5c761b8dc3defda98be41e9f,True,2000,832,832,0,100.0,inf,60119.19,2,1780244684747,1781724878169,17.1,1616.21,0.027,941182.314673,1,33222.98,3.5,False,False,False
0x6572bc26edf54a74bef243eff10d3fbe6d461eb7,True,2000,1201,569,632,47.4,0.99,-891.47,1,1778428006844,1778699513780,3.1,5346.48,5.997,0.0,0,0.0,,False,True,False
0x658122f91c5c7c0360ff664aab757cbebc6255ab,True,2000,608,423,185,69.6,0.15,-9179.36,28,1772444335103,1772496000062,0.6,-254.92,0.028,0.0,0,0.0,,False,True,False
0x659f9b260acc944bb7aefcbf771c159b25216410,True,2000,860,227,633,26.4,0.38,-24818.91,4,1780840240429,1788462246250,88.2,2949.25,0.119,0.0,0,0.0,,False,False,False
0x65b98cfe03a8c26f4530b4cadb51faefe733b8ae,True,226,106,63,43,59.4,43.15,12011.73,2,1786823217558,1787223711922,4.6,1813.38,0.151,0.0,0,0.0,,False,False,False
0x65d0ab18172c32e37cd7f39d1ad3f9c5de8bdfb0,True,2000,926,597,329,64.5,2.24,66871.1,37,1782788321689,1788867866956,70.4,6223.65,0.093,20962.75515,1,11226.39,53.6,False,False,False
0x65e51a6f396599558e647d7e4d8e6e6ca6ee4a9b,True,2000,994,456,538,45.9,0.63,-37048.0,26,1752078831150,1782997970034,357.9,-13792.37,0.372,0.001762,0,0.0,0.0,False,True,False
0x65f65a06a9734d7693605e832fd65ae4d9c6f620,True,2000,1015,729,286,71.8,1.24,10326.32,43,1773241185348,1785741231097,144.7,-6923.16,0.67,0.0,0,0.0,,False,True,False
0x660863feb947f570679d3e27517c9b2f8d73ddfd,True,2000,1121,450,671,40.1,1.55,6799.83,13,1786552239680,1788206114998,19.1,2981.11,0.438,0.0,0,0.0,,False,False,False
0x661d377d978d1df60012378f3662d2d37de2909e,True,2000,937,445,492,47.5,0.41,-13474.6,7,1758576128790,1787547099962,335.3,-3311.48,0.246,0.0,0,0.0,,False,True,False
0x66303d1c5aa92dd2e11740135b8072a57ab16834,True,625,343,287,56,83.7,7.2,24475.42,31,1739539707839,1788752945390,569.6,2297.12,0.094,0.0,0,0.0,,False,True,False
0x663deca0da503f1a127739c20382db1f23d8bb78,True,2000,1297,282,1015,21.7,0.21,-7752.89,13,1786393379167,1788271136311,21.7,-281.85,0.036,0.0,0,0.0,,False,False,False
0x6657949f33fac6988aa51f6d4ed43796f23e62e3,True,2000,749,432,317,57.7,0.83,-3078.06,11,1776538218799,1785157750886,99.8,2030.27,0.66,0.0,0,0.0,,False,True,False
0x666affb59f3c8099c1318f4387924e84ade4116d,True,2000,752,575,177,76.5,1.27,22499.87,4,1769550760320,1773841067466,49.7,-54031.48,2.401,0.0,0,0.0,,False,True,False
0x667ca8bde3960ca779eec222d60f4963efc66670,True,160,66,44,22,66.7,1.66,407.62,4,1788106804242,1788521417177,4.8,-226.0,0.554,0.0,0,0.0,,False,False,False
0x66929dc2b1e82bd5d1d075e3ef8f04a9d519bce1,True,2000,942,253,689,26.9,0.25,-120243.66,17,1788663676287,1788875088929,2.4,-25040.77,0.208,465811.803921,5,288526.78,61.9,False,False,False
0x66a4dec92776fc33580fe5d5fa4b52ef505b91be,True,2000,1146,288,858,25.1,0.76,-6073.27,14,1788554207574,1788876777503,3.7,1922.87,0.317,138966.141787,4,-129.6,-0.1,False,False,False
0x66b9427a034e632b48fe67c758e4612643ab5109,True,2000,758,490,268,64.6,0.28,-83957.7,7,1778680344473,1787849702870,106.1,-9874.35,0.118,0.0,0,0.0,,False,True,False
0x66cfcaaa2b8400cd23421e23b34430a97fe0a614,True,1112,603,264,339,43.8,1.19,4186.73,12,1748872183501,1784018482500,406.8,3982.74,0.951,0.0,0,0.0,,False,True,False
0x66e1cbb8943c62927aa627f55a4f76317c94efde,True,2000,1086,480,606,44.2,0.91,-1931.07,18,1768228233918,1788875435271,239.0,-2291.94,1.187,2333.016741,1,238.03,10.2,False,True,False
0x67018028f7fc45ecd279ca8f262280ddbc63bdf2,True,1087,488,278,210,57.0,1.17,1012.91,9,1754664030832,1777855620694,268.4,2913.23,2.876,0.0,0,0.0,,False,True,True
0x6717a548f779f8c1da8399442ef1020b453a35f7,True,2000,1004,172,832,17.1,0.83,-10661.11,13,1770300147688,1781827200011,133.4,9411.04,0.883,0.0,0,0.0,,False,True,False
0x6731225ead06cfb39b63e59963c32d8d140dea03,True,547,228,146,82,64.0,0.44,-6241.65,45,1712962084296,1788861389074,878.5,-3584.08,0.574,5965.38042,3,-81.15,-1.4,False,True,False
0x674982e841a36f42cfdd3faa5d9ff3271829ce07,True,2000,1218,535,683,43.9,0.13,-132227.92,6,1784086463215,1788231251907,48.0,-10512.3,0.08,536711.681983,1,0.08,0.0,False,True,False
0x676191f92508c652ae10385cf4127b41fe2f1de7,True,1657,865,460,405,53.2,0.79,-12481.81,29,1692677906983,1787352137322,1095.8,-13051.66,1.046,0.0,0,0.0,,False,True,True
0x677b7cfe3952870f9ea5ddfe16f22bda6dc34906,True,372,139,131,8,94.2,0.44,-915.04,4,1782303699268,1785355466841,35.3,-1216.34,1.329,0.0,0,0.0,,False,False,False
0x6793dcbb35faa722ee6ec954ed0c393b64062e2d,True,425,179,148,31,82.7,5.04,14124.18,14,1769737741067,1788313245490,215.0,3158.16,0.224,0.0,0,0.0,,False,True,False
0x67abf95d87a126edb5f5d6b2e893254a4c67e8b0,True,1175,697,486,211,69.7,5.37,114464.28,18,1772773099887,1788867335122,186.3,18807.1,0.164,80806.899325,2,1283.79,1.6,False,True,True
0x67c7ceb412903628c335d6bca40b2a9b7df6272e,True,2000,830,378,452,45.5,0.83,-6335.35,31,1782787858257,1788875005547,70.5,-3651.9,0.576,23873.514226,8,155.35,0.7,False,True,False
0x67de2ca476b6cb686a2000f4808b60420e22c109,True,556,254,113,141,44.5,5.18,11429.51,29,1737923959786,1788279979434,582.8,1801.0,0.158,16966.010548,3,1174.92,6.9,False,True,False
0x67f7aa8fb95c47e6ea9c517b623e0701cbf9d9ba,True,2000,1110,656,454,59.1,1.51,299.13,2,1788869104384,1788877722400,0.1,-29.78,0.1,8272.180171,1,-0.18,-0.0,False,False,False
0x6809111be108b5f2fc57ac50799039af8ee14f8f,True,2000,1400,988,412,70.6,1.31,6452.55,52,1786782248997,1788877337049,24.2,-3580.7,0.555,37547.432001,1,4.21,0.0,False,True,False
0x681608a163f26c8493113c8a46cd9c1611612cb4,True,628,256,165,91,64.5,0.56,-2948.8,8,1782109166446,1786881427642,55.2,-1225.56,0.416,0.0,0,0.0,,False,True,False
0x6839b4a978e8554f3d740c837c6297a2966d1c72,True,2000,1150,876,274,76.2,0.51,-7623.52,28,1756977416040,1780509341322,272.4,-8250.11,1.082,0.0,0,0.0,,False,True,False
0x6856dd28b017a2b8c8515f83bf16f230ae497c7d,True,64,40,33,7,82.5,1.04,152.27,1,1770131207911,1778163122933,93.0,-1183.37,7.772,0.0,0,0.0,,False,False,False
0x6874e00d40dcd97f97e3dbb4aa374d411f7febf5,True,2000,827,533,294,64.4,1.77,24931.46,9,1788134720033,1788652800016,6.0,4013.69,0.161,0.0,0,0.0,,False,False,False
0x68894c5d578fca735064e87a71c59445fdc23781,True,2000,947,282,665,29.8,0.55,-5623.03,9,1774555425229,1781818182514,84.1,1050.83,0.187,0.0,0,0.0,,False,False,False
0x689e9d53c3e9637560acd26bf52247f0ee6c63c4,True,2000,1403,625,778,44.5,1.01,751.15,5,1769584548482,1781676275088,140.0,8434.84,11.229,0.0,0,0.0,,False,True,True
0x68b1c5deaf2b5de25d7eed4e6d453acb0502177d,True,2000,864,516,348,59.7,1.04,2219.91,28,1707266691767,1785764565976,908.5,20805.52,9.372,0.0,0,0.0,,False,True,True
0x68c6e4610031da20ac7e2d82896417d1d8de47b0,True,2000,1160,641,519,55.3,0.87,-31599.31,4,1764798396816,1776509509534,135.5,26930.17,0.852,0.60089,0,0.0,0.0,False,True,False
0x68d028a64cdb9003aab11572c4051a814ecce9c2,True,290,122,82,40,67.2,0.94,-8.35,54,1776097642489,1779023062702,33.9,-27.62,3.31,0.0,0,0.0,,False,True,False
0x68e71ae513457066b8191df021b6bcf7b07aad0b,True,2000,895,357,538,39.9,0.96,-6.69,9,1787533223155,1788877556824,15.6,68.74,10.278,6990.961336,0,0.0,0.0,False,True,False
0x68f8cb65994e894ae11e6319f65b3d1400a10d7e,True,1546,830,303,527,36.5,0.62,-8437.32,14,1711723523016,1784218026954,839.1,2458.66,0.291,0.0,0,0.0,,False,True,False
0x690fa26629274318f0d06e061cb593f7e986d878,True,2000,876,570,306,65.1,0.62,-6543.26,13,1771342409847,1788861625408,202.8,-7564.49,1.156,4115.582552,1,-503.35,-12.2,True,True,False
0x6941f0a3981ce890d9ebae5834e2d3a68d407472,True,1843,996,383,613,38.5,0.64,-31430.45,12,1770647045579,1788403252640,205.5,-6434.34,0.205,0.0,0,0.0,,False,False,False
0x6959fe71053a1cb646b5603634beea1ba65afae0,True,2000,1053,976,77,92.7,301.52,19084.29,7,1772933734034,1788839042754,184.1,1712.52,0.09,8462.663803,2,-1212.84,-14.3,True,True,False
0x69734cccc13fbc6a6a5d075fa5dca1d57bb71b0c,True,2000,851,275,576,32.3,0.57,-14362.79,18,1786545006296,1788875397406,27.0,-4598.0,0.32,0.0,0,0.0,,False,True,False
0x6984a4cdf7f7c15da346374e7a8400ac321891fe,True,116,56,34,22,60.7,0.23,-1981.72,10,1746812622556,1788437165811,481.8,-1776.45,0.896,0.0,0,0.0,,False,True,False
0x6992a91d318cdde9c0cf0c67b439180ac10ac454,True,1124,514,199,315,38.7,0.38,-16184.84,42,1706626310207,1788707332717,950.0,-2642.11,0.163,6524.262037,5,-690.9,-10.6,True,True,False
0x69b05701f8175c276ecd0138387a197948e240bb,True,2000,933,489,444,52.4,2.99,152421.41,5,1784535885557,1788462496408,45.4,-11534.0,0.076,40399.999846,0,0.0,0.0,False,True,False
0x69c8c0e90681c91dbaa5625a7a7890c18b743dac,True,768,401,208,193,51.9,3.07,6029.51,30,1736476918722,1782990015569,538.3,2449.0,0.406,0.0,0,0.0,,False,True,False
0x69e1521e993fa9c65e3ed2e4c0ec937fc29205f8,True,1143,438,246,192,56.2,0.5,-4988.44,30,1775890218937,1787134923950,130.1,-2930.32,0.587,0.0,0,0.0,,False,True,False
0x69f21dd49c8e3825c1c7338da75fedbabcaa0b77,True,1339,680,248,432,36.5,0.44,-31019.03,19,1759595602317,1779061318726,225.3,-9075.55,0.293,0.0,0,0.0,,False,True,False
0x6a0463e35b7ae6fb2822c240df8c5d2d0aa2a776,True,2000,1146,408,738,35.6,5.73,111484.33,6,1788014274679,1788831904117,9.5,14779.32,0.133,83058.272878,3,22137.15,26.7,False,True,False
0x6a221e01a3e256402a63a53c1e14dabc0f680606,True,2000,849,651,198,76.7,0.75,-1565.24,23,1775632335958,1779974942576,50.3,-818.2,0.523,0.0,0,0.0,,False,True,False
0x6a3a8293e65a4b284590ad6b9a307870f2f41197,True,2000,1318,491,827,37.3,0.02,-399236.76,7,1774218262098,1782326467708,93.8,-23656.3,0.059,0.0,0,0.0,,False,True,False
0x6a508361da919c68aa157c7efbcd151ceb9f6bee,True,2000,902,489,413,54.2,0.46,-33217.62,4,1787500245316,1788761855367,14.6,-6162.14,0.186,9350.322296,2,-2932.97,-31.4,True,True,False
0x6a61740d832598c3d7313bd775ddc9ce429f7e40,True,2000,899,569,330,63.3,0.62,-14420.26,13,1782487430318,1788286574832,67.1,-16848.24,1.168,22787.436982,1,-34552.45,-151.6,True,True,False
0x6a71ae86b120516796bd5e96ac7f67d92ebd7b2c,True,2000,1047,271,776,25.9,0.36,-14687.13,16,1769535851059,1788388914559,218.2,-1717.57,0.117,1473.590163,1,3190.35,216.5,False,True,False
0x6a8686e35899b0ad75d388fca49c43a6a1eb6461,True,2000,826,468,358,56.7,1.13,585.99,21,1787652995516,1788875849132,14.2,403.67,0.689,0.0,0,0.0,,False,True,False
0x6aab8831328a7c41b5ab304bc80d202b34fcd81a,True,1252,670,297,373,44.3,0.7,-2025.44,5,1781141132933,1788361240001,83.6,-451.72,0.223,0.0,0,0.0,,False,False,False
0x6ab7761ce57794dd97ea9e2f7de93af4a78ee012,True,2000,786,338,448,43.0,0.58,-10700.38,7,1778676319752,1779108358301,5.0,2554.65,0.239,0.0,0,0.0,,False,True,False
0x6acee1fe697d6cc358c8a2e454e6927d804754ab,True,2000,595,242,353,40.7,0.26,-7671.58,75,1763529308514,1788871738631,293.3,-908.67,0.118,876.025788,2,11.1,1.3,False,True,False
0x6aeae85233faf5f9f52fbe056b21cc0f366fe405,True,646,307,110,197,35.8,0.18,-4997.63,13,1755861548381,1784221257951,328.2,-1147.21,0.23,0.0,0,0.0,,False,True,False
0x6afba0de5e507cb1ed82d911153d7b90ccef8941,True,2000,986,441,545,44.7,0.91,-868.95,25,1762017147905,1783690707761,250.9,-885.19,1.019,0.0,0,0.0,,False,True,False
0x6b0a9df3beda5d878ada52980fb0cebae7d4fa03,True,2000,1138,251,887,22.1,1.24,1158.83,21,1739886544661,1779974158585,464.0,531.45,0.459,0.003551,0,0.0,0.0,False,True,False
0x6b29b5762a96275ab3cec55801e26652ff299562,True,1859,416,221,195,53.1,0.78,-1842.47,27,1704929977063,1778229134101,848.4,-1027.68,0.558,0.0,0,0.0,,False,True,False
0x6b40177431bb4d710f047f163442dbe5b6e8f775,True,2000,1094,854,240,78.1,3.1,6048.96,16,1787929139065,1788803486305,10.1,254.66,0.042,8103.278921,2,-2786.71,-34.4,True,False,False
0x6b65c0771c271cb07a06ef28708d7b2ce77aefd5,True,2000,1163,247,916,21.2,0.66,-6841.16,3,1783343104447,1783934776808,6.8,-2595.44,0.379,0.0,0,0.0,,False,False,False
0x6b8d4f8f8afed3d4b023a954916192b29070a28b,True,2000,974,756,218,77.6,0.98,-594.91,59,1781750465033,1788877021198,82.5,-2166.18,3.641,4818.771492,2,-1176.8,-24.4,True,True,False
0x6b9e4f287d44cea39cd8ccedaa42488617aa21a7,True,2000,839,322,517,38.4,1.55,3102.02,15,1780263101423,1788651139796,97.1,337.01,0.109,12625.431699,3,-1398.41,-11.1,True,True,False
0x6ba9e484a4dafac57d4f27355eaa71f224a59ab8,True,2000,919,372,547,40.5,1.2,18524.23,2,1773833997995,1787347459123,156.4,9759.35,0.527,0.0,0,0.0,,False,True,False
0x6bb971430554e3af58fbd469bce46ab2359a2d23,True,1255,562,482,80,85.8,20.42,215574.92,8,1774244549847,1787510196716,153.5,8980.0,0.042,217191.030283,1,68243.54,31.4,False,True,False
0x6bc94fcc2a89fd5c335a5d56fe74bdc028726150,True,611,301,223,78,74.1,1.37,1061.94,8,1776270031070,1781278203539,58.0,-631.47,0.595,0.0,0,0.0,,False,True,False
0x6be2564feecd30ed141696dd4cbbb27f2abf570c,True,2000,1025,535,490,52.2,1.04,88.71,2,1782500304552,1782734983439,2.7,-129.21,1.457,1954.646528,0,0.0,0.0,False,True,False
0x6bf0ebad8150b0fb478092373241574949e80613,True,2000,1048,162,886,15.5,0.21,-28525.5,5,1770172324321,1776775388246,76.4,-1953.37,0.068,0.0,0,0.0,,False,True,False
0x6c073b46e9fd3daebcb4391f8ee86c194c79ecad,True,2000,1526,1337,189,87.6,12.7,18972.78,6,1780534111329,1785102745417,52.9,1573.73,0.083,0.0,0,0.0,,False,True,False
0x6c1f2df7a53a6cb1ff3397545a850f2ecf60f990,True,2000,982,352,630,35.8,0.61,-1838.55,30,1788361921918,1788875269217,5.9,-229.12,0.125,503.331287,1,70.91,14.1,False,True,False
0x6c3c307fe584649976ede6ecc03f6203fa506a5c,True,1170,544,392,152,72.1,9.68,60700.31,8,1775754819323,1788861132141,151.7,6936.86,0.114,0.0,0,0.0,,False,True,False
0x6c5c78bdb2a2d2d62df6e090a9e05960ec46974a,True,717,343,235,108,68.5,7.5,129.96,35,1760355729113,1788874812280,330.1,8.81,0.068,284.377902,3,-0.42,-0.1,False,True,False
0x6c84fb26344adb5ea68878811171ba8abd32ee11,True,2000,935,757,178,81.0,1.0,-26.44,17,1779292479352,1787825481839,98.8,-6614.12,250.175,0.0,0,0.0,,False,True,False
0x6ca76b081421e4af37e8903682776d0e73abacce,True,166,94,41,53,43.6,0.25,-5075.99,5,1769310277883,1780498109407,129.5,-1613.24,0.318,0.0,0,0.0,,False,False,False
0x6cc021e2f5e8f12d65c860df5c63f152c4e763e1,True,2000,520,346,174,66.5,4.33,64878.39,12,1786524630953,1788870010049,27.1,5961.73,0.092,40533.361829,5,-10876.35,-26.8,True,True,False
0x6cce8d4714303f1a2500893dab93cbaadf2fe035,True,1281,634,137,497,21.6,0.81,-9147.56,4,1775995207865,1784224456448,95.2,-3381.96,0.37,118.939909,0,0.0,0.0,False,False,False
0x6cdabb38b7f8315ba7ae2a69134ea72d28a73856,True,487,215,188,27,87.4,0.67,-767.21,11,1761679907239,1787551622437,299.4,-1823.65,2.377,503.384,0,0.0,0.0,False,True,False
0x6cf84c3a8d7fb1b2f2a114d48ba0a400b8a358ab,True,2000,1014,473,541,46.6,0.89,-2621.45,7,1783539740941,1788876678406,61.8,1605.68,0.613,0.0,0,0.0,,False,False,False
0x6d0f45ff715be94632e4f15b81714836ff034e23,True,2000,1484,354,1130,23.9,1.46,20263.61,17,1779455243869,1788596265167,105.8,35914.42,1.772,227287.354169,7,161643.06,71.1,False,False,False
0x6d1d2d74dd7da484feba4dafcdbc1d0568b5ac3b,True,89,58,51,7,87.9,5.04,2434.96,2,1787560451668,1788450753350,10.3,619.0,0.254,3258.622152,1,29.4,0.9,False,False,False
0x6d3b90747dbf5883bf88ff7eb5fcc86f408b5409,True,2000,931,471,460,50.6,1.54,32120.14,26,1772554653138,1788853581929,188.6,-7432.75,0.231,98037.918349,15,63612.51,64.9,False,True,True
0x6d5593d3d15dd7d2b647c5699edc8b631a5210c0,True,2000,937,866,71,92.4,2.14,1484.23,43,1773149722000,1788277089678,175.1,588.29,0.396,0.0,0,0.0,,False,True,False
0x6d6d7c05ef7f31b31b618400495b4ce4092a5089,True,2000,1453,1246,207,85.8,1.01,86.68,16,1788132998355,1788830205473,8.1,714.08,8.238,0.0,0,0.0,,False,True,False
0x6d7bc08bac248c65885e0444ff61efc4d2ba3b12,True,762,400,226,174,56.5,0.98,-34.08,8,1778379680632,1788874587192,121.5,-198.69,5.83,0.0,0,0.0,,False,False,False
0x6d910bea79aaf318e7170c6fb8318d9c466b2164,True,2000,1031,348,683,33.8,1.09,598.38,6,1787537045455,1788821521016,14.9,-507.55,0.848,2229.047669,2,-392.77,-17.6,True,False,False
0x6daa6a71c716b92cb74b46b84ac3cf82a7c8944a,True,730,460,358,102,77.8,0.61,-62598.34,3,1760593751458,1785752467719,291.2,-25183.55,0.402,9908.353712,0,0.0,0.0,False,True,False
0x6dbd58d6091c5e84b7b2b71b994596b8c56f909d,True,2000,1020,587,433,57.5,1.08,1460.84,9,1773162169706,1773323589862,1.9,-3357.41,2.298,0.0,0,0.0,,False,False,False
0x6dddbee9dd0bf633dba0e5e809c08e0b4e7e7416,True,1801,1027,182,845,17.7,0.15,-54781.92,4,1761754032495,1774256015685,144.7,-14499.09,0.265,0.0,0,0.0,,False,False,False
0x6e023ee5d1ac65fb26f0e1ca2ba4540cde4fb740,True,2000,925,903,22,97.6,1.03,249.84,7,1777132223251,1788876740707,135.9,-2612.22,10.456,4536.414949,0,0.0,0.0,False,True,False
0x6e0d2d8a2ba15aab4e57b4568261e3e0f56670ed,True,2000,892,245,647,27.5,0.45,-78953.05,34,1751130341649,1783532041254,375.0,17487.74,0.221,0.0,0,0.0,,False,True,False
0x6e2efd5bd0f8204a2962d476db97428130879587,True,986,631,628,3,99.5,491.11,52333.67,3,1781631584592,1785177518811,41.0,14865.22,0.284,1124208.531475,1,1809540.0,161.0,False,True,False
0x6e5be986cabd35fdc658883fe3809a2be35bf188,True,2000,918,484,434,52.7,0.99,-63.66,18,1782566209672,1788874937562,73.0,490.51,7.705,1593.106834,1,619.9,38.9,False,True,False
0x6e6bc00db6b6a8d3e25ed58b6e9d641553b42ed6,True,2000,1094,585,509,53.5,1.97,4297.76,15,1780971345172,1781242863650,3.1,280.07,0.065,0.0,0,0.0,,False,False,False
0x6e80e868b482206f4dc55c0d3b989bbf340e6b27,True,2000,1020,96,924,9.4,0.07,-18384.86,14,1775758037084,1777117158726,15.7,-1398.91,0.076,0.0,0,0.0,,False,True,False
0x6e949cef90143ea4135a6235e15cf9bc5bd99dc5,True,2000,989,314,675,31.7,0.22,-94674.15,32,1753160175102,1788871110006,413.3,-12617.33,0.133,1053.28629,1,56.61,5.4,False,True,False
0x6ed2cdd2e1f4904d26f550a72a089d4644d9f0aa,True,2000,1133,910,223,80.3,2.2,2308.02,10,1787386008728,1788878241349,17.3,130.87,0.057,3.937462,1,0.04,1.0,False,False,False
0x6ef7c811b1625d5e16d33e0b62a049da3753e053,True,620,273,224,49,82.1,3.35,18263.75,4,1784020994379,1785170240431,13.3,2363.0,0.129,0.0,0,0.0,,False,True,False
0x6f088e89c26d1e2ea06b539f4e7192ecc99488ae,True,2000,694,257,437,37.0,0.56,-1198.89,29,1779124177603,1788877159625,112.9,87.68,0.073,276.443324,2,-5.4,-2.0,False,True,False
0x6f1d35664eab0efa5a796091c28d14f1472d3162,True,2000,1296,1264,32,97.5,1.32,4485.61,7,1775695425101,1779321600086,42.0,-11552.97,2.576,0.0,0,0.0,,False,True,False
0x6f3f44440680cad37c8ef621f1800664febc44e8,True,2000,1016,568,448,55.9,1.14,1619.53,46,1785299057505,1788794353017,40.5,-1319.41,0.815,7362.717664,1,-795.29,-10.8,True,True,False
0x6f5c0b5e696ecc523f6287eff09144e080dc18be,True,2000,871,490,381,56.3,0.76,-17261.59,5,1776347605898,1788697066594,142.9,-12020.87,0.696,202530.564106,1,185924.99,91.8,False,True,False
0x6f752e706144c3199332fefae2232abc1fdc89bd,True,393,191,126,65,66.0,1.75,3197.09,4,1762857748611,1777072574202,164.5,2293.95,0.718,0.0,0,0.0,,False,True,False
0x6f82345d9d659b28648d2e57dd0a1a2d680141c6,True,900,470,261,209,55.5,1.02,2110.57,5,1754737724538,1788559247877,391.5,-21326.21,10.104,0.0,0,0.0,,False,True,False
0x6f94b2022af13bf8a7d2089882acff04267136da,True,2000,1055,425,630,40.3,1.49,24281.97,5,1766091701519,1788480443030,259.1,-6236.99,0.257,0.0,0,0.0,,False,False,False
0x6fb46584c66fc9085052a18725fc3713110d8ea3,True,438,257,116,141,45.1,1.05,327.72,11,1734390464815,1788649752229,628.0,-1234.1,3.766,0.0,0,0.0,,False,False,False
0x6fbf34f58961934995b0a46398c1188d99da1d71,True,2000,1372,521,851,38.0,0.36,-34399.35,4,1783536003901,1785353287103,21.0,-4659.18,0.135,0.0,0,0.0,,False,True,False
0x6fce85d5bdc5ad16ce4496d5a34a0f6ef6f1a6a2,True,2000,849,561,288,66.1,0.43,-16448.19,14,1777932661591,1780392326544,28.5,-2933.2,0.178,0.0,0,0.0,,False,True,False
0x6ff0785aba699aef18bec3adc296d73e9b0a7f27,True,2000,943,323,620,34.3,0.54,-21849.22,7,1770219220269,1773772761766,41.1,-3940.51,0.18,0.0,0,0.0,,False,False,False
0x7009ce22339cd1d404e4946ec3a09fb09facd50f,True,2000,1022,480,542,47.0,1.69,4593.91,33,1759223747712,1788429350813,338.0,-870.51,0.189,0.00813,0,0.0,0.0,False,True,False
0x701982492e6949f6a16d163df98ed27d083ab67e,True,1171,561,253,308,45.1,1.94,15650.53,11,1782934139283,1788288027999,62.0,2321.16,0.148,5833.481529,1,1800.31,30.9,False,True,False
0x70389f3935d2cd360440e6618035a9155a4d14c4,True,402,227,78,149,34.4,0.89,-306.65,1,1786707533746,1787062787796,4.1,451.7,1.473,0.0,0,0.0,,False,False,False
0x704c8c855765b4c053cc2dc02b3f318caf2ab732,True,2000,880,250,630,28.4,1.17,10652.95,9,1788224447870,1788837688760,7.1,8636.0,0.811,345648.958885,7,160301.05,46.4,False,False,False
0x706393b6618a0d0c86e38ca112a0541597b0805f,True,1878,955,742,213,77.7,1.24,1494.95,28,1756031486237,1788825600043,379.6,-1892.47,1.266,0.0,0,0.0,,False,True,False
0x707076fb70def4b49a4765a593e86cd65cf2fef9,True,2000,897,597,300,66.6,3.34,13694.53,24,1779208947574,1788874866715,111.9,4462.01,0.326,28225.005508,3,14787.09,52.4,False,True,False
0x708022f70ae19d43473d41e3385c7b70c56a19d5,True,2000,990,786,204,79.4,0.55,-27838.43,24,1779570621431,1788874855060,107.7,-3939.29,0.142,4915.958367,1,-8260.76,-168.0,True,True,False
0x708959c6f60e8a0c283e436e85d81e828fd0ccbb,True,2000,846,589,257,69.6,8.81,79469.41,11,1788442516938,1788877951760,5.0,5473.55,0.069,230085.641715,9,46480.94,20.2,False,False,False
0x70acb6c9345edfb47b7563224722cc762d217c51,True,2000,943,64,879,6.8,0.04,-25400.73,3,1788219276951,1788837730669,7.2,-1951.07,0.077,0.0,0,0.0,,False,False,False
0x70c70292cd50c94038e4f464b2e573b334e85fd9,True,153,74,43,31,58.1,6.02,10919.1,2,1778597400308,1779859672313,14.6,2467.18,0.226,0.0,0,0.0,,False,False,False
0x70d6c0e7c515b7280ce94eb87bda746de1d79cb8,True,2000,976,191,785,19.6,0.71,-1823.08,7,1786026445147,1786311781489,3.3,273.54,0.15,0.0,0,0.0,,False,False,False
0x70f7e48c10c8ac617de49cd85e82b0f7c1f96a95,True,2000,1058,504,554,47.6,0.6,-7389.38,11,1784818752266,1787151315845,27.0,1342.14,0.182,0.0,0,0.0,,False,True,False
0x710e4c316fdbf8c9eafd89056ec8f67f6a78b784,True,2000,1286,502,784,39.0,0.81,-26322.06,5,1753721603802,1786976327250,384.9,11120.78,0.422,0.0,0,0.0,,False,False,False
0x711d0883044c616763e61082b932e270d268e560,True,2000,887,854,33,96.3,2.58,11216.68,4,1787228821311,1788875863493,19.1,-2974.71,0.265,191904.111901,1,-8566.23,-4.5,False,False,False
0x71324224e304b0d44942e73657fcedee4f8b3893,True,2000,1015,819,196,80.7,1.27,126.88,12,1779782660849,1788840404580,104.8,-59.81,0.471,2661.267297,4,-9.89,-0.4,False,False,False
0x714b2f72042674bbb67ceae67767f2bf9e65514d,True,474,206,151,55,73.3,3.85,29491.65,20,1712602772936,1788271293862,875.8,-6066.79,0.206,7120.511894,2,-109.68,-1.5,False,True,False
0x716a1487b717954c7912bdb8a73567ce3ba5973b,True,2000,913,459,454,50.3,0.26,-42605.29,5,1764102708527,1788062745007,277.3,-7797.54,0.183,0.0,0,0.0,,False,True,False
0x7177edd4e52e01f5f78093a8834529c31424c621,True,2000,12,7,5,58.3,1.09,6255.89,16,1788644572811,1788878061224,2.7,52414.78,8.378,0.0,0,0.0,,False,False,False
0x71891a2922a05b3273b27b08e9ced5e755dcc484,True,741,489,371,118,75.9,1.12,8051.57,11,1749759797756,1773536374967,275.2,14735.59,1.83,0.0,0,0.0,,False,True,False
0x71a0c359f48c320771057e5b6f73e651d52bcb64,True,2000,1222,646,576,52.9,0.95,-356.18,31,1780504036631,1788878328409,96.9,990.42,2.781,0.0,0,0.0,,False,True,False
0x71add64adbb965bafd01437295968502eb61145e,True,2000,856,382,474,44.6,0.81,-6265.2,44,1734566400138,1788866884103,628.5,-2120.57,0.338,6351.990661,6,19841.05,312.4,False,True,True
0x71cf1793eb2b8219c7901709c96598e4dfa588ae,True,2000,786,702,84,89.3,1.65,2893.05,16,1785181855080,1788758899781,41.4,-880.97,0.305,584.20073,1,-435.23,-74.5,True,True,False
0x71e166c903c7f45bc360735f6c25d2da0b93d2b8,True,340,117,50,67,42.7,1.97,12105.38,9,1780406579511,1788445046508,93.0,4177.57,0.345,6469.400148,1,-2069.69,-32.0,True,False,False
0x7201ad662c2f3808fc364ee62b9b31a6d8053ed4,True,2000,1079,586,493,54.3,0.99,-331.28,20,1744556606346,1788854135541,512.7,-5800.59,17.51,0.0,0,0.0,,False,True,False
0x721ba67c18de5caa9bfd73be459041b26bbd3e14,True,2000,968,510,458,52.7,0.83,-2026.8,17,1756742713663,1788829541852,371.4,1271.7,0.627,0.0,0,0.0,,False,True,False
0x72339f59e347a053f1321b4c62adecd4f22720cc,True,1920,901,378,523,42.0,1.08,848.38,17,1763123637392,1780358400016,199.5,2779.64,3.276,0.0,0,0.0,,False,False,False
0x724abdc8263228095343e9190d3c4d35486f452c,True,2000,1053,847,206,80.4,0.5,-625.44,23,1783187080043,1787820413934,53.6,-135.86,0.217,3644.119222,0,0.0,0.0,False,True,False
0x725c9df246d6fa36da8a376243a8f51332c1def3,True,2000,1018,1018,0,100.0,inf,10178.5,11,1787161534984,1788867822339,19.7,1781.74,0.175,5796.207129,3,-11678.13,-201.5,True,True,False
0x726f3f402e60a089296a40ca7f1eaea5615b374d,True,2000,953,298,655,31.3,0.63,-2529.51,42,1787433560294,1788403794522,11.2,411.18,0.163,1036.989376,2,302.48,29.2,False,True,False
0x727ff31d361e2e22a3b39090c381ab3b3684b653,True,2000,464,280,184,60.3,0.49,-74044.16,35,1752091243128,1787616525819,411.2,-24158.44,0.326,1357.221545,0,0.0,0.0,False,True,False
0x72988778525f0ce15c5ac1804ac460606a987d6c,True,849,275,150,125,54.5,6.15,584672.07,15,1752390937352,1784160000034,367.7,199795.0,0.342,77681.038454,1,471276.85,606.7,False,True,True
0x72a997dae787b1fcd0a9d1b0e77f8e1a1ae5b4a8,True,2000,1053,474,579,45.0,0.48,-22691.13,28,1747602078652,1788445441772,472.7,4104.72,0.181,29197.684113,1,5161.03,17.7,False,True,False
0x72bd7cb6203ccfb50b7bb62f1b2e49a3ce74bb5b,True,2000,820,479,341,58.4,0.71,-82.25,38,1772504661119,1774309059419,20.9,-112.95,1.373,0.0,0,0.0,,False,True,False
0x72d4497f85d2f3ec144493e172812ad46e6d93c9,True,424,161,111,50,68.9,0.48,-12604.93,3,1770437770224,1788511571457,209.2,-2877.8,0.228,7753.524529,1,-10585.47,-136.5,True,True,False
0x72dfe9eb052dbacc331a1cb772890120f9ff65b4,True,2000,944,711,233,75.3,0.94,-2322.92,6,1787777436715,1788668379998,10.3,-3475.01,1.496,0.0,0,0.0,,False,True,False
0x73021286333beeeb13430ebc383efb5cb6e20fb1,True,2000,905,401,504,44.3,0.96,-380.59,8,1786426195788,1787322387953,10.4,-1046.24,2.749,0.0,0,0.0,,False,True,False
0x7323ee9c64074f95cced5f8764481f4e18fbd7b8,True,842,419,369,50,88.1,3.45,2136.83,5,1742398946914,1787325717088,520.0,157.28,0.074,529.738043,1,136.01,25.7,False,True,False
0x733420aabd91d3fa82a442d3160a5eff21962865,True,2000,993,223,770,22.5,0.76,-5021.0,22,1781620901712,1788532639392,80.0,1289.63,0.257,0.0,0,0.0,,False,True,False
0x7341474b3e5ad3453428641453d4a40c9935e941,True,242,118,100,18,84.7,2.07,3149.79,18,1778216468510,1779970630877,20.3,-1054.37,0.335,0.0,0,0.0,,False,False,False
0x734dab8451a00bed64ea624dd5b6b08f0c0bb619,True,2000,1309,782,527,59.7,0.86,-6178.58,14,1778034874003,1783950307555,68.5,-2304.83,0.373,0.0,0,0.0,,False,True,False
0x735f4919ad66a401c5ed6da6e0a6d8c6271f765b,True,2000,742,574,168,77.4,1.14,201.33,128,1759825936486,1781576928146,251.7,156.75,0.779,0.0,0,0.0,,False,True,False
0x73702aefc3e96a07311640de6edfba586aa17817,True,2000,936,354,582,37.8,0.36,-62059.82,28,1738850863530,1786035283687,546.1,-21344.21,0.344,0.0,0,0.0,,False,True,False
0x73961062493a003ed5523b937888c0c2aaaf3e97,True,646,320,221,99,69.1,0.49,-10647.51,5,1785073227491,1787328145348,26.1,-12562.62,1.18,0.0,0,0.0,,False,True,False
0x73b3cb777c01dc49b0bd5a3c4046acadefe6b316,True,2000,990,732,258,73.9,1.67,24991.97,5,1785946604943,1787254275127,15.1,-4944.67,0.198,0.0,0,0.0,,False,True,False
0x73c2223a90a95051328cb03bedea7e0b58a3a2d0,True,2000,511,79,432,15.5,0.01,-37377.56,8,1786707598302,1788818526679,24.4,-8122.8,0.217,0.0,0,0.0,,False,False,False
0x73ce87652d27847d238c7e6df8a74878c35247de,True,2000,855,515,340,60.2,0.53,-39749.22,29,1736388692281,1788837356118,607.0,-24995.99,0.629,29282.380849,2,-407.35,-1.4,False,True,False
0x73f432da307525b6590c858bf458116322d50d16,True,2000,1198,837,361,69.9,4.0,32668.7,11,1788707227483,1788873816686,1.9,1500.39,0.046,60737.303086,2,-21153.95,-34.8,True,False,False
0x74195b12c91f89cbcad71501d14a03760f4aad76,True,2000,955,900,55,94.2,0.22,-10802.09,28,1780543916002,1788392940511,90.8,-5776.36,0.535,0.0,0,0.0,,False,True,False
0x743d16dc6afd353a929bd90f5a1997941d1cd712,True,2000,982,490,492,49.9,1.33,10766.99,21,1781098886789,1788876932399,90.0,1902.42,0.177,5499.066693,3,-177.49,-3.2,False,True,False
0x7451d7dc1570f2be4aa3eca8d482dff117570ab7,True,2000,547,492,55,89.9,8.12,60389.15,11,1787377028527,1788485010483,12.8,5442.26,0.09,226762.421226,4,89828.2,39.6,False,False,False
0x7465adbb780d35eb41885a52a3308a0f998f5b30,True,2000,1024,407,617,39.7,0.86,-1314.93,5,1780740982888,1787690430598,80.4,1142.58,0.869,0.0,0,0.0,,False,True,False
0x747932275df815ae819944e57ebb5b3e115ad68b,True,2000,1168,925,243,79.2,29.37,438272.15,15,1766030860388,1783403443959,201.1,2725.73,0.006,0.0,0,0.0,,False,False,False
0x748e99dbd94228efe7d5cfe6ff7a637fe6c414d7,True,2000,1015,466,549,45.9,1.13,480.91,97,1787150749047,1788811248722,19.2,-234.04,0.487,1289.598975,1,21.83,1.7,False,False,False
0x74aa01d162e6dc6a657cac857418c403d48e2d77,True,2000,973,493,480,50.7,0.82,-12400.26,36,1772657557343,1788525298908,183.7,10042.17,0.81,36981.70447,1,22655.78,61.3,False,True,False
0x74b73c38e2b0e6511e0a4c67ad02bae400f9e007,True,880,377,84,293,22.3,1.09,1314.99,13,1737577012301,1783308097570,529.3,3031.28,2.305,0.0,0,0.0,,False,True,False
0x74c8b2b012b161c3f2b52ebb2b142944c79b86af,True,2000,981,550,431,56.1,2.34,81717.83,16,1786540607315,1788744161749,25.5,15182.01,0.186,18081.587569,0,0.0,0.0,False,True,False
0x74d90e104afa18b8b22e1419301c52ce662c5a8a,True,2000,994,530,464,53.3,1.06,605.27,123,1769014080195,1787513487220,214.1,-1015.85,1.678,613.388745,4,-423.77,-69.1,True,True,False
0x74f714877f2db1028c43642d0b8b7cbfa7650ab8,True,2000,565,513,52,90.8,0.44,-16321.13,20,1751127351837,1788849566148,436.6,-7126.41,0.437,17362.178542,4,-290.16,-1.7,False,True,False
0x751d4d70da8bae955799980d42a2369eaf4b0dc2,True,1019,556,168,388,30.2,0.26,-74524.57,15,1747740861253,1779721005823,370.1,-11546.58,0.155,0.0,0,0.0,,False,True,False
0x7532fd078f949316478dfd6e746a9c20f9a299cb,True,2000,1032,563,469,54.6,1.31,13289.88,7,1780841253707,1788718858515,91.2,-4708.85,0.354,0.0,0,0.0,,False,False,False
0x7544f1720c7b8a669772652dc3413d6ec0280374,True,1911,836,477,359,57.1,0.89,-4673.74,30,1737062822323,1788798638524,598.8,-3939.71,0.843,252.500372,1,-460.06,-182.2,True,True,False
0x7559db480619375d83a41280dba932574bd1f7b3,True,2000,955,524,431,54.9,3.46,11279.29,7,1787786056194,1788848370336,12.3,210.33,0.019,7253.04852,3,114.72,1.6,False,False,False
0x7576b7a1d278e3004dd37bbeb90e0b08ca70a1b9,True,2000,916,779,137,85.0,75.59,496777.46,6,1775667256871,1786338725783,123.5,11579.06,0.023,129371.785462,1,67205.0,51.9,False,False,False
0x758e83c114e36a28ca1f31c4d2adb5ec7c04c578,True,2000,1079,714,365,66.2,2.09,16503.98,12,1756644309082,1788828390458,372.5,2151.83,0.13,0.0,0,0.0,,False,True,False
0x75a333ec2b17c996807119c2635842b95db9ba25,True,2000,885,647,238,73.1,0.22,-73493.82,6,1784151669205,1788448989485,49.7,-13476.79,0.183,0.0,0,0.0,,False,False,False
0x75c2932ced651b2cd4c3f361f28be4cc510fbb92,True,2000,1033,489,544,47.3,1.24,19020.93,13,1768180589175,1785751570179,203.4,-5083.19,0.267,103632.834854,4,85408.4,82.4,False,True,False
0x75d4bdbf6593ed463e9625694272a0ff9a6d346f,True,868,342,189,153,55.3,3.12,57242.15,8,1747936405010,1788588143408,470.5,4065.04,0.071,184842.986584,1,-6813.12,-3.7,False,False,False
0x75f0a44bd2f9a2f12ca834e963fe9f679d2f4faa,True,977,386,216,170,56.0,0.92,-194.84,3,1781311607017,1787354156366,69.9,260.36,1.336,0.0,0,0.0,,False,True,False
0x760faa0dd141e08478e470affb36407c1cc074c9,True,2000,1000,280,720,28.0,0.03,-28849.57,6,1781849094951,1782310636012,5.3,-2309.47,0.08,0.0,0,0.0,,False,False,False
0x762868d7c5cfa0e9e633cf83da0319d5dc3c7b32,True,2000,868,331,537,38.1,1.11,1072.17,15,1773842125858,1788830684313,173.5,1215.25,1.133,359.588622,1,28.54,7.9,False,True,False
0x763632be2ee6aa8a5962e37aefe55802c68752ae,True,645,275,173,102,62.9,1.29,1442.06,13,1786817995257,1787936197688,12.9,1473.3,1.022,0.000217,0,0.0,0.0,False,True,False
0x764cf4bc017d4849c80663644914b7190e523c7a,True,2000,1108,635,473,57.3,4.52,89500.93,13,1783908267534,1788523106664,53.4,16397.8,0.183,302999.61216,0,0.0,0.0,False,True,False
0x7665e4a890be4eb215bfc6c1c864e81406032eae,True,2000,1427,1335,92,93.6,22.2,631486.48,2,1787822740830,1788440294854,7.1,72897.5,0.115,0.0,0,0.0,,False,True,False
0x7678fdbef958e58373d84e097bb596bb12091914,True,2000,1023,862,161,84.3,0.73,-6783.3,8,1778188026440,1781812161656,41.9,-2616.01,0.386,0.0,0,0.0,,False,True,False
0x7689a1d1872214cc69cd0f09427642dfdbb5d93c,True,2000,750,502,248,66.9,0.93,-3351.72,11,1782698930841,1784326127320,18.8,-3371.4,1.006,0.0,0,0.0,,False,True,False
0x76b9ab692bc90999be94fb2a8cd467886fc1cd28,True,564,184,107,77,58.2,1.42,7399.98,1,1777268129727,1780675860307,39.4,-6784.39,0.917,0.0,0,0.0,,False,False,False
0x76c3b26c617ced3e569db2856aa40681ee5353a0,True,2000,1030,433,597,42.0,2.15,19801.93,9,1779713566467,1783888573627,48.3,2401.57,0.121,0.0,0,0.0,,False,True,False
0x76d66932d640a74bc4822789d0b3a357ef33affe,True,746,401,231,170,57.6,0.85,-2465.2,10,1787319579444,1788134036751,9.4,-1484.01,0.602,0.0,0,0.0,,False,True,False
0x76efbffcbf9ce36a7f2a599ad0a3a97b9c69e71b,True,388,202,70,132,34.7,0.28,-3918.58,15,1766239433327,1783696689890,202.1,-1915.97,0.489,0.0,0,0.0,,False,True,True
0x770493a14c49ea81192b5191a536f0530041311b,True,2000,678,269,409,39.7,0.06,-251024.94,9,1788096202744,1788872569078,9.0,-47910.81,0.191,811598.439676,5,-298608.72,-36.8,True,True,False
0x771af3261829f8b0ff2f34c8fdee35f2e435426b,True,2000,1291,558,733,43.2,0.22,-25738.15,20,1773999636469,1774219035064,2.5,-1707.83,0.066,0.0,0,0.0,,False,False,False
0x77375a8c9d13bf79afb2a87f1b0ac1dfd5f5bf66,True,2000,2000,3,1997,0.1,0.0,-227755.27,7,1788453665580,1788678172673,2.6,-5505.02,0.024,2142335.26841,7,-56885.79,-2.7,False,False,False
0x77544b6c1fc3f076871456831ac602b0b4509a3c,True,2000,929,367,562,39.5,0.47,-9387.36,14,1775065788174,1788844752659,159.5,-2050.0,0.218,1025.003815,0,0.0,0.0,False,True,False
0x776b9e8292b528f64eb2f39d22ccedc81db4fecb,True,2000,941,452,489,48.0,2.45,45326.69,27,1722384000072,1788339625865,763.4,5416.42,0.119,0.0,0,0.0,,False,True,False
0x777d062defa9a95fb0066b4b3f410d170b110111,True,2000,965,790,175,81.9,5.79,20630.25,6,1787581410301,1788846876970,14.6,1180.16,0.057,0.0,0,0.0,,False,True,False
0x7794e775935839f63e22b624b2dcd1203b503e02,True,2000,860,274,586,31.9,0.62,-2962.99,6,1779631540447,1782211092200,29.9,1613.13,0.544,0.0,0,0.0,,False,False,False
0x77aec1bd719c446b2ba87b2433c99fecb8d469bd,True,2000,1048,564,484,53.8,3.01,368.52,16,1768144819086,1780600822616,144.2,159.16,0.432,0.0,0,0.0,,False,True,False
0x77c1dca853d201165f6d8bbc66c7758bf620cff2,True,2000,1092,968,124,88.6,21.66,7387.27,3,1787538049887,1788874962947,15.5,278.92,0.038,95155.769491,1,2895.33,3.0,False,True,False
0x77eb37304fb2164fbf1c3e2e716e9e208abcda6b,True,537,136,124,12,91.2,1.01,111.32,2,1769023090801,1788528336676,225.8,-7308.74,65.656,95991.398184,1,-139575.03,-145.4,True,True,False
0x77fa904ad309759ce8fd24436cb90ec6ad1cb99d,True,2000,769,642,127,83.5,3.3,6348.76,8,1786209769486,1788875446067,30.9,560.65,0.088,0.0,0,0.0,,False,True,False
0x78102009c6c8f95f14ee1efabee2ab5b43a03e3b,True,121,69,40,29,58.0,0.97,-104.55,3,1781539091960,1788729234442,83.2,-2756.04,26.36,32002.643956,1,2152.91,6.7,False,False,False
0x7819bf532b78eb862e3747acfe085bc38534501e,True,2000,750,475,275,63.3,3.54,34500.98,19,1775570963701,1788455851688,149.1,5384.52,0.156,0.0,0,0.0,,False,True,False
0x78264cfd6ff44b7b4d78460396e981ba1bdbced2,True,2000,1018,511,507,50.2,0.93,-2043.63,15,1779560982251,1788781503022,106.7,-2588.04,1.266,29458.716983,2,-818.74,-2.8,False,True,False
0x7831bf711593590a789857d4ddba285e9defa610,True,2000,1056,673,383,63.7,2.57,43914.56,21,1775556609089,1788874927216,154.1,6667.3,0.152,104312.696935,3,3412.6,3.3,False,True,False
0x7846d4f581f95cd7f4787b68c1d1cc4fa870ff82,True,2000,1095,452,643,41.3,0.81,-1942.91,9,1787628492953,1788722140034,12.7,805.11,0.414,0.0,0,0.0,,False,False,False
0x785550a13dffdff069a95189223ddcb3aa84d049,True,439,241,98,143,40.7,0.95,-1035.96,5,1782993971830,1788420003790,62.8,3441.26,3.322,0.0,0,0.0,,False,False,False
0x7870a50da48ec4a4233de93330757fc95b1c489f,True,2000,739,396,343,53.6,0.94,-2533.59,20,1782433501859,1788714611217,72.7,7022.02,2.772,7204.669879,0,0.0,0.0,False,True,False
0x78850e3937405116eed226660bd8fd695a16b596,True,2000,1169,594,575,50.8,0.12,-108227.11,11,1777359791452,1788441179533,128.3,-4788.71,0.044,3522.04776,0,0.0,0.0,False,False,False
0x789ad289ce72f819a7b511083ece686a51d946e9,True,928,426,164,262,38.5,0.29,-37177.92,10,1777861851275,1788277439643,120.6,-5525.27,0.149,0.0,0,0.0,,False,False,False
0x78bc9f762f452c36893e343585f41844d61b7d2d,True,2000,1103,587,516,53.2,1.84,841.94,51,1787474056729,1788861670655,16.1,72.05,0.086,18611.19201,50,1232.63,6.6,False,False,False
0x78dce96236804d6958bf3c4598cf5efbc371629c,True,2000,707,540,167,76.4,8.38,8355.92,1,1788837939615,1788879083948,0.5,141.65,0.017,26672.890395,1,-3482.75,-13.1,True,True,False
0x78fd02f84c6738f3771acfe6eb17171d2f5c0605,True,2000,1010,670,340,66.3,9.69,18979.82,43,1788711430468,1788879069285,1.9,694.88,0.037,204942.491098,28,2209.07,1.1,False,False,False
0x79155bf78b240bf43849de68797acbf8eacc07b6,True,2000,1058,187,871,17.7,0.11,-37326.95,7,1776775256375,1788874867081,140.0,-1217.72,0.033,0.0,0,0.0,,False,True,False
0x7928367337f2315e54b0e2809eae446c99593aa8,True,2000,1070,159,911,14.9,0.55,-9861.8,3,1779522857904,1781504912247,22.9,1847.2,0.187,0.0,0,0.0,,False,False,False
0x794610c609a26d488e1cd724fc3a011b54442e7d,True,2000,896,221,675,24.7,0.51,-9603.63,5,1770162215139,1773833449407,42.5,-2545.93,0.265,0.000552,0,0.0,0.0,False,False,False
0x795fd17de8fc54650bf0e4b273b4a099a5e49f81,True,1309,624,285,339,45.7,0.27,-20595.44,19,1737187930452,1786558917232,571.4,-2511.96,0.122,0.0,0,0.0,,False,True,False
0x79743dfeb5cf36203b820d897b5202a32f40f15d,True,2000,1128,502,626,44.5,1.04,1918.48,20,1781536707620,1788871106023,84.9,-13288.9,6.927,30351.259488,2,607.6,2.0,False,True,False
0x79880f40088871ab65d52d2a3ddb559559e5c48b,True,2000,1076,556,520,51.7,0.69,-4643.07,34,1768773386637,1788415098191,227.3,850.9,0.183,0.0,0,0.0,,False,True,False
0x799f768dfb8f3bbcd24fad9f1c98364b3883e785,True,2000,967,394,573,40.7,1.63,9192.46,34,1750876656034,1788793488898,438.9,1407.21,0.153,0.0,0,0.0,,False,True,False
0x79c078b7018f312d7ad50ed227a80a3f3a0c17a7,True,2000,695,477,218,68.6,0.58,-3373.05,58,1777885352398,1788307200047,120.6,-1827.71,0.542,0.0,0,0.0,,False,True,False
0x79d26bbdf03dd196f70a807e0bf84c4b2f10fab1,True,2000,976,436,540,44.7,0.91,-420.9,12,1776031470586,1776118927682,1.0,248.54,0.591,0.0,0,0.0,,False,False,False
0x79e5cd8a0b1400d0c979de3a5c02c292b8e316bd,True,245,143,48,95,33.6,3.47,1526.43,1,1776397275785,1776874361358,5.5,419.41,0.275,0.007936,0,0.0,0.0,False,False,False
0x7a146ee9d212816c31a0a93531e23d4359aade10,True,2000,989,495,494,50.1,1.24,102.03,20,1788483045637,1788879209087,4.6,6.29,0.062,7914.160411,5,-271.11,-3.4,False,True,False
0x7a268d439cd9999988ca54b68dff5b2710e8f8ee,True,2000,1246,439,807,35.2,0.12,-38733.03,7,1788416850396,1788878902987,5.3,-3038.43,0.078,87134.37024,1,-3375.87,-3.9,False,False,False
0x7a3809e54bbe42850f25fa1ac776b0bf4a252353,True,316,156,73,83,46.8,1.96,1931.75,10,1787209398623,1787382260399,2.0,653.03,0.338,0.0,0,0.0,,False,False,False
0x7a4ea25bc9a3b36fa8e66466bdf8d2b765a5067c,True,394,210,158,52,75.2,0.85,-989.88,7,1783974574272,1786284447364,26.7,-1867.51,1.887,0.0,0,0.0,,False,True,False
0x7a6c4ae1db61e35650bdfa1791064f6630d1bec9,True,663,339,171,168,50.4,1.23,1637.67,7,1787178689626,1787575900392,4.6,1172.86,0.716,0.0,0,0.0,,False,True,False
0x7a7e318bd7a2c0a669e20da1d12c63820053e423,True,1195,608,235,373,38.7,0.76,-2265.04,3,1778738806135,1783950879767,60.3,-1074.96,0.475,0.0,0,0.0,,False,False,False
0x7a8fd929ffc4a11457cc854a12a03bc9d493fe7b,True,2000,1008,747,261,74.1,2.61,11961.65,32,1785758384024,1788874641275,36.1,-744.51,0.062,29070.373676,7,2060.41,7.1,False,True,False
0x7a9e7a84136fcd59084ed6b1486c739e5e52a4c1,True,2000,1137,1031,106,90.7,1.45,3787.36,39,1774249474350,1778645792764,50.9,-3314.08,0.875,0.0,0,0.0,,False,True,False
0x7ab055aa86fdd77fdc783fbabb2fdd0f53cd3536,True,1705,771,428,343,55.5,0.74,-914.11,3,1781000385157,1785245990904,49.1,-327.92,0.359,0.0,0,0.0,,False,False,False
0x7abf8cffb4d7f12249119928456befa197de9d70,True,2000,696,496,200,71.3,1.01,86.66,1,1787459083118,1787646842212,2.2,-1822.43,21.029,2.663645,0,0.0,0.0,False,False,False
0x7ad852239feed2ac6893a32b4e61116bf240b0a8,True,145,66,15,51,22.7,0.68,-422.28,2,1788099643786,1788241003100,1.6,624.93,1.48,0.0,0,0.0,,False,False,False
0x7af7a67918b49dd5933c56b0c4a5fb73499bffec,True,1277,695,489,206,70.4,1.98,21098.28,1,1770338049869,1787344607644,196.8,-5773.35,0.274,55600.113915,1,132862.61,239.0,False,False,False
0x7b29f8c0ea709b96b72214b3de5d85c3d9570794,True,2000,905,594,311,65.6,1.1,2563.8,41,1782443518397,1788282828275,67.6,-2482.84,0.968,17866.647949,3,-13053.04,-73.1,True,False,False
0x7b4434e2b019ed57be5f411dc345069ee5ee62df,True,165,96,77,19,80.2,25.28,8879.67,4,1782843623556,1788632060021,67.0,2128.63,0.24,7264.096682,2,1011.09,13.9,False,False,False
0x7b5890f14ca955d1871e940730f219c9810fb5a6,True,1089,390,327,63,83.8,1.57,1879.47,4,1772195786998,1777486119580,61.2,-742.75,0.395,0.0,0,0.0,,False,True,False
0x7b6c27e6f26b762fb2092279679e58769f4890a8,True,2000,724,268,456,37.0,0.69,-691.39,84,1769548123887,1787616000004,209.1,-151.43,0.219,0.0,0,0.0,,False,False,False
0x7b7f72a28fe109fa703eeed7984f2a8a68fedee2,True,2000,980,489,491,49.9,1.31,1946.27,13,1788875717704,1788879339527,0.0,667.5,0.343,1884320.288775,5,735.79,0.0,False,False,False
0x7baae4eab0e08ebb47f0b39acd77e390d4f321cf,True,2000,1070,605,465,56.5,0.64,-1907.66,40,1782394951285,1788856691837,74.8,-353.56,0.185,195.024072,1,24.53,12.6,False,True,False
0x7bbfea8bcb34a30ead8a77bb207fa593e279a8d0,True,2000,930,533,397,57.3,0.93,-2058.71,92,1780424002115,1788842919930,97.4,2232.74,1.085,18608.030647,31,-4906.1,-26.4,True,True,False
0x7be9620eb96c5f280c6bbe8a631663b165dc2d95,True,2000,996,296,700,29.7,1.0,28.09,22,1779794006056,1788878561668,105.1,-1801.69,64.149,200.881959,1,2.81,1.4,False,True,False
0x7bfbc4797389999f79c8199f4a3573e5f460884c,True,1474,721,473,248,65.6,0.98,-235.19,12,1784484924468,1788856569174,50.6,-3509.76,14.923,0.0,0,0.0,,False,False,False
0x7c1ad4cc246da4a20e12fc16d4cf4f338d57fef5,True,1584,693,206,487,29.7,0.73,-2879.14,1,1782159017007,1786101546402,45.6,-1921.31,0.667,0.0,0,0.0,,False,False,False
0x7c36686e7acf3906932032b546c686d6bcc813fb,True,2000,1140,981,159,86.1,5.61,64979.14,18,1784623232708,1788870991719,49.2,6513.65,0.1,136196.096498,5,182099.89,133.7,False,True,False
0x7c524da7c45073776cfeaf2dd32602b94744fd1f,True,2000,1073,311,762,29.0,2.41,3874.33,8,1785991894711,1788877989072,33.4,2019.85,0.521,0.0,0,0.0,,False,False,False
0x7c60bed30a2c46fb5602123e1b068b659457a4ab,True,2000,807,259,548,32.1,0.23,-1780.36,12,1760572809467,1773461630527,149.2,-205.07,0.115,0.003957,0,0.0,0.0,False,False,False
0x7c6bf6f096fc86484debefa830312e056b9775da,True,2000,967,750,217,77.6,0.49,-6479.89,14,1764493865189,1788874916238,282.2,-4720.49,0.728,0.0,0,0.0,,False,True,False
0x7c76cf8894d42ed11b53236da54f05add1d44073,True,2000,1576,1355,221,86.0,0.83,-7085.8,12,1760135215358,1787529600082,317.1,8997.51,1.27,0.0,0,0.0,,False,False,False
0x7c94eed556be96f61c431c911edad0584ce40c28,True,563,331,317,14,95.8,19.91,14852.24,4,1782717765580,1786978214500,49.3,585.52,0.039,0.0,0,0.0,,False,True,False
0x7cb0f20566ffd8c011438a0d54771b0111f57a90,True,987,339,250,89,73.7,1.2,1632.79,1,1784505770437,1788766878993,49.3,-2893.0,1.772,0.0,0,0.0,,False,True,False
0x7cd00504bbfeb1fa1ba02f075cb1751bb5b285d7,True,2000,1060,542,518,51.1,0.75,-21143.15,14,1782229737809,1788727146837,75.2,6556.02,0.31,0.0,0,0.0,,False,False,False
0x7cf706f70d83facf4e122d38798317cd09f7dd8e,True,2000,1055,245,810,23.2,0.28,-84623.31,22,1754797799394,1787325938340,376.5,-9167.46,0.108,0.0,0,0.0,,False,True,False
0x7d1b4e0ba07f9d158e3b5e29e1bea83bf679bc6d,True,280,88,30,58,34.1,0.09,-8518.62,3,1784631886848,1785132377210,5.8,-2405.77,0.282,0.0,0,0.0,,False,True,False
0x7d27abbb0cb1823556b5ba64fd9d304798b7bdbf,True,284,134,102,32,76.1,6.82,6254.86,2,1778937859088,1786745337700,90.4,1315.75,0.21,0.0,0,0.0,,False,False,False
0x7d5238392584529871da1993e20b36a44f296759,True,857,580,254,326,43.8,0.42,-16997.59,9,1780312630507,1781689318760,15.9,-2961.14,0.174,0.0,0,0.0,,False,True,False
0x7d65ea6c187d6219ab6a1335cd2fe09f12e818fa,True,2000,1139,564,575,49.5,0.41,-920.03,3,1788831554157,1788879426588,0.6,-133.63,0.145,52271.90455,2,-864.47,-1.7,False,True,False
0x7d8cc9e7284d7053e809b6fb0a6001bb42aa8e1b,True,2000,1258,776,482,61.7,1.22,1267.23,7,1781808270652,1788878961428,81.8,-473.51,0.374,865.81915,1,-204.92,-23.7,True,True,False
0x7da85a334e43a6b1c2c0da9623409d9ee9047747,True,2000,845,756,89,89.5,13.56,105223.19,8,1779972512205,1780544689764,6.6,1325.94,0.013,0.0,0,0.0,,False,False,False
0x7db3d080de992b1e2d6dbb4517362c26979a2770,True,2000,1021,654,367,64.1,1.16,4530.4,19,1780667965600,1788866947864,94.9,-3700.8,0.817,0.0,0,0.0,,False,True,False
0x7dd60ee8a88ed1b34d95c0593e902d307cd9a2b1,True,1832,854,184,670,21.5,1.12,1755.46,13,1775562426986,1788341478048,147.9,1457.1,0.83,0.0,0,0.0,,False,True,False
0x7de1e2309e13a32e56d58cd17c6a156f86f8f867,True,2000,950,400,550,42.1,1.09,169.34,4,1786618087996,1786681617626,0.7,-115.75,0.684,0.0,0,0.0,,False,False,False
0x7dfe1b25cc1fcf71aef9960884dfc00dc2685e30,True,459,187,133,54,71.1,2.55,22043.7,6,1779964180187,1786020925046,70.1,-8505.0,0.386,0.0,0,0.0,,False,False,False
0x7e15dbcc793ca48ec38b0d7286745f3b744fc13f,True,955,372,187,185,50.3,1.12,699.12,1,1775167843489,1787573771089,143.6,302.19,0.432,6227.616876,1,-981.0,-15.8,True,False,False
0x7e23ead98212f5476768cf51b5dd76da34a35a5a,True,2000,1998,1998,0,100.0,inf,771280.03,10,1786113104192,1788743214923,30.4,96088.03,0.125,2253665.722584,3,-1149313.65,-51.0,True,False,False
0x7e3e1fff54a5f489509f31218f8a4e5d5fe7b818,True,226,131,97,34,74.0,2.02,180.94,3,1772620710685,1773935545485,15.2,94.52,0.522,0.0,0,0.0,,False,False,False
0x7e605b159c2d1ecd9601c61f5ccd4f86d566a7a1,True,2000,953,554,399,58.1,0.98,-379.79,74,1758146445554,1787934084553,344.8,-10941.72,28.81,0.0,0,0.0,,False,True,False
0x7e841074e522aca6fe6b6065c76e1802b45c5506,True,2000,894,379,515,42.4,0.32,-15214.77,7,1784392080955,1788743782223,50.4,-2444.67,0.161,0.0,0,0.0,,False,False,False
0x7e9e8515581739055bb202dddbb8e51fd2553a98,True,2000,1046,453,593,43.3,0.4,-143.94,11,1783162629062,1788636392243,63.4,37.52,0.261,0.0,0,0.0,,False,True,False
0x7eab75a4827906099907e689e101fb8148b0c184,True,2000,1003,659,344,65.7,0.79,-9535.69,38,1757087874084,1788838120641,367.5,-5044.06,0.529,0.0,0,0.0,,False,True,False
0x7ec385cb10424d80521cc79e51a0bcc4d4278c6c,True,2000,987,383,604,38.8,0.68,-4402.58,75,1777379985002,1785291697629,91.6,-1585.45,0.36,0.007125,0,0.0,0.0,False,True,False
0x7ee069137842a195d06b533d714ba507290a3956,True,2000,986,794,192,80.5,58.59,321861.91,6,1744036128281,1774263975101,349.9,15546.96,0.048,0.0,0,0.0,,False,False,False
0x7ef0be1891c6f4fc6e60653ab2cfa8bdba528a69,True,2000,949,497,452,52.4,0.62,-56.22,4,1788205010753,1788877527477,7.8,9.65,0.172,0.0,0,0.0,,False,False,False
0x7f066476b75748fa454e98e4d294957d2d7fdcf1,True,113,57,53,4,93.0,1043.96,976.02,5,1763965634697,1778416375590,167.3,172.61,0.177,253.346155,0,0.0,0.0,False,True,False
0x7f18983dbc2c0dd735ef9a1d12252d1f73a58c40,True,2000,1007,488,519,48.5,0.51,-2749.75,7,1783172634202,1788479970852,61.4,-323.3,0.118,256.035,0,0.0,0.0,False,True,False
0x7f1e3f86ceedd0003ef46332cbb719badabf8ca0,True,2000,885,248,637,28.0,0.59,-19437.32,4,1783738700102,1788668555748,57.1,-5093.84,0.262,0.0,0,0.0,,False,True,False
0x7f310c961b2c695a418de85ee5b18da2d96493eb,True,2000,1058,668,390,63.1,3.25,13624.19,31,1759803220866,1780383351220,238.2,1348.23,0.099,0.0,0,0.0,,False,False,False
0x7f4a33fa2f3547f6c1965ae7e4c4fdd5028d3413,True,2000,910,515,395,56.6,1.56,10697.0,26,1779969635936,1788868582735,103.0,2561.25,0.239,1061.723868,1,736.94,69.4,False,False,False
0x7f583a47e00701d257ac873c80eb5326fec69e56,True,2000,1074,618,456,57.5,1.97,95351.03,9,1779750377709,1788680883200,103.4,22828.8,0.239,0.0,0,0.0,,False,True,False
0x7f728cd53d01539f3ed229da888862a4be0f2fbe,True,2000,1366,534,832,39.1,0.87,-1001.28,16,1786719806636,1788553485538,21.2,1484.01,1.482,0.0,0,0.0,,False,True,False
0x7f81595935575d4dd19884161088ac27274b3506,True,2000,1228,548,680,44.6,2.27,36564.53,11,1760269123833,1776686135389,190.0,4094.42,0.112,0.0,0,0.0,,False,True,False
0x7fa54e51e7024c0cc95667a39ade5ff6cfc97d7a,True,2000,693,41,652,5.9,0.0,-16435.79,6,1776552981465,1777415169847,10.0,-734.35,0.045,0.0,0,0.0,,False,False,False
0x7fb0ef87b69de2b7d05282e427a1188fa55293eb,True,2000,977,281,696,28.8,0.69,-4823.07,20,1786580502297,1788719354870,24.8,1375.54,0.285,0.0,0,0.0,,False,True,False
0x7fc0586283246a1a33be61a8725f402951177dd4,True,197,100,49,51,49.0,0.6,-4.39,5,1784352429993,1787934908036,41.5,-1.73,0.393,0.0,0,0.0,,False,False,False
0x7fe15f5936e11d2f6176e8f2671c2c64f660babe,True,471,225,136,89,60.4,0.77,-7920.22,18,1754624957050,1784608975887,347.0,-6250.22,0.789,0.0,0,0.0,,False,False,False
0x7ff59a95c9e0b908adfc374139008ecb9a1d126b,True,2000,1133,883,250,77.9,9.39,108749.38,22,1781292107372,1787221094239,68.6,3195.58,0.029,104081.082884,1,210570.41,202.3,False,True,False
0x80170c9b7883fd21fc05893231729a21cae828f4,True,509,197,181,16,91.9,93.31,32725.53,10,1760522233291,1784246400018,274.6,2341.52,0.072,0.0,0,0.0,,False,True,False
0x803269e54427b6f72fe09ae67bf280c4d1ecf6f6,True,1540,736,401,335,54.5,0.61,-9298.92,10,1781439939557,1788874755327,86.1,-1719.85,0.185,0.0,0,0.0,,False,True,False
0x803fac5c4567cf3216dd26cd2ab9cfbcd254419f,True,2000,934,706,228,75.6,0.42,-47601.57,23,1755106236962,1780639978597,295.5,-10848.11,0.228,0.0,0,0.0,,False,True,False
0x80502eebab4868079947433f51e16cdb58c38e9c,True,2000,937,495,442,52.8,1.25,11387.91,35,1780571582975,1788838220822,95.7,5280.83,0.464,20561.608625,4,-2218.46,-10.8,True,True,False
0x807689d19872d0fec7fcd9224f9e5ecea3488e03,True,2000,892,444,448,49.8,0.42,-41952.5,14,1780835853021,1785784776758,57.3,-11341.01,0.27,0.0,0,0.0,,False,True,False
0x80849572d80c8dc88f338b88ad81cb7fd12d1cc8,True,214,93,54,39,58.1,0.23,-13130.34,8,1704853169974,1780963200005,880.9,-8497.03,0.647,5050.0,0,0.0,0.0,False,True,False
0x80a0be84bf114eaacb1aece98c39bbc2712c396a,True,2000,974,439,535,45.1,0.71,-1067.5,1,1784318778057,1788320216112,46.3,147.05,0.138,0.0,0,0.0,,False,False,False
0x80b3b4bf15092ed15b1290c9ab44cf63500d90f7,True,2000,884,166,718,18.8,0.49,-8281.83,12,1778348293128,1781704728507,38.8,-777.72,0.094,0.0,0,0.0,,False,True,False
0x80d2f7ed506098c5e151bff10a93d3e9880f3215,True,2000,1174,217,957,18.5,0.07,-17592.96,7,1787082880726,1788864437513,20.6,-113.1,0.006,6.929965,2,-16.79,-242.3,True,True,False
0x80eba6761f3fc3359131439fa359b5b44b912d4f,True,2000,1299,354,945,27.3,0.39,-80802.02,37,1762287417494,1788832431720,307.2,-8050.24,0.1,27113.430909,9,14983.91,55.3,False,True,False
0x8107390ab8fa307ecac31a91b9569955dc537719,True,987,508,405,103,79.7,18.96,18725.92,2,1749227956645,1784085548630,403.4,1700.68,0.091,0.0,0,0.0,,False,False,False
0x81169c0e4fd3fe5de88ca4fb67d081edf3cc4a83,True,2000,1028,507,521,49.3,0.91,-3042.12,31,1770192585879,1778125829843,91.8,4596.08,1.511,0.493876,0,0.0,0.0,False,True,False
0x811f50c19e82e365d8e9e030994e3c1d375ab87b,True,925,481,144,337,29.9,1.36,2478.38,4,1780274931526,1788374839000,93.7,870.93,0.351,17470.225456,1,18861.98,108.0,False,False,False
0x81352d8f3a5b61244b4808dfb5d6890a49380170,True,727,647,641,6,99.1,2311.57,304990.05,4,1772969743296,1776442719016,40.2,14616.22,0.048,0.0,0,0.0,,False,False,False
0x814bf2cb3651b931b1a33fecd7e5146e88deb821,True,2000,872,440,432,50.5,1.57,21551.28,27,1785119524294,1788834606215,43.0,4050.2,0.188,5587.939563,1,2091.1,37.4,False,True,False
0x816b6c78af331152f61bf5af0d66511b7ee68c0d,True,2000,1284,1020,264,79.4,17.92,13597.53,22,1787499760012,1788867854112,15.8,670.05,0.049,0.0,0,0.0,,False,True,False
0x8177400eb04905cc0bd305e6b102e1c395f355ef,True,488,155,92,63,59.4,0.32,-9567.26,4,1779654901740,1784814952972,59.7,-3629.54,0.379,132.745587,1,80.85,60.9,False,True,False
0x8193b8a8044eeb157bb800909b3d931dbaae08e9,True,2000,1031,504,527,48.9,0.44,-37179.31,19,1764943946700,1787941432263,266.2,-8071.86,0.217,0.0,0,0.0,,False,True,False
0x81a4076cdd427c2dc87c1941a84d2647e267cfd2,True,602,322,249,73,77.3,0.74,-10804.44,1,1770002489452,1783592443443,157.3,-4207.94,0.389,0.0,0,0.0,,False,True,False
0x81ba93b26bce8ca5d649b6607df15e6d45462d8f,True,2000,964,932,32,96.7,16.84,28759.46,5,1785506553179,1788132571262,30.4,1360.69,0.047,0.0,0,0.0,,False,True,False
0x81c6bfabc3fd5cafdefa5c60f47db553cb777abe,True,2000,1001,478,523,47.8,6.99,19459.67,22,1787662788359,1788860864446,13.9,2053.97,0.106,18019.934486,4,3039.37,16.9,False,False,False
0x81e87683e1aa87dc6005de68d8d20c69843d53db,True,2000,1041,566,475,54.4,1.04,142.92,1,1788201704611,1788879672852,7.8,-220.5,1.543,8398.526178,1,-21.75,-0.3,False,True,False
0x81f5ec357f76d1c247f941f7d7c61e1397b3f7a0,True,2000,850,206,644,24.2,0.69,-11539.29,16,1781338218023,1787093943856,66.6,-1849.17,0.16,0.0,0,0.0,,False,True,False
0x8213cb7bf77e71a74df890926392176b0517f52f,True,106,52,15,37,28.8,10.87,6385.85,2,1783952207375,1787302294432,38.8,4364.0,0.683,13777.521504,2,18779.2,136.3,False,False,False
0x82211560d304a632820674b9fc98ab81e4a7d403,True,2000,596,243,353,40.8,1.06,1686.64,22,1780484611614,1782944942219,28.5,3285.96,1.948,0.0,0,0.0,,False,False,False
0x824500007d01d0dece344915d54aca3c5dff468d,True,2000,986,870,116,88.2,12.65,2387.22,6,1788190415376,1788750698999,6.5,7.57,0.003,12367.38487,3,1911.94,15.5,False,False,False
0x82590d058ddb9b6d81cea05f0c500e981755bb0b,True,137,34,14,20,41.2,1.52,84.3,7,1747068472167,1775828195132,332.9,52.02,0.617,0.0,0,0.0,,False,False,False
0x827ca88e3e16e8fd9823884f6ea1d0a0cf2d9525,True,406,217,70,147,32.3,0.94,-391.64,3,1744647845838,1784737608580,464.0,-1265.93,3.232,0.0,0,0.0,,False,False,False
0x82954b1849211e00fba7b9191fdffd26513a1653,True,1285,658,317,341,48.2,2.48,37469.47,22,1758643249342,1788205744026,342.2,4585.01,0.122,13487.213605,1,14217.02,105.4,False,True,False
0x82b409e6c2e617929cf22bd7e4b08564c207abc1,True,2000,1000,483,517,48.3,0.75,-824.73,1,1787946968384,1788363197487,4.8,-472.28,0.573,2854.821648,0,0.0,0.0,False,True,False
0x82c2af16ea7bd71c4d9f9f19e39cede2cb842cc8,True,2000,1169,727,442,62.2,1.36,13895.74,58,1737397742785,1788868960481,595.7,-11764.88,0.847,18725.63019,6,1187.19,6.3,False,True,True
0x82d85dd8990bcffada13d7c4f631b2bbf0aaac01,True,2000,974,309,665,31.7,0.14,-79785.86,1,1787160268674,1788874635843,19.8,-35340.8,0.443,31585.160792,1,582.6,1.8,False,True,False
0x82e8b6c3c1dfe44bae7cd95af2bf5499292b718d,True,997,335,160,175,47.8,1.03,484.87,16,1753030705045,1777872866332,287.5,-2036.48,4.2,0.0,0,0.0,,False,False,False
0x82f8d6ffdd7ed13d9a6ae06e932cdeb3aa0e4935,True,2000,879,567,312,64.5,0.7,-27740.12,11,1784145547674,1788449261801,49.8,-5918.84,0.213,0.0,0,0.0,,False,True,False
0x83089ee02d834f0d0411eab46af8666a42dc289f,True,2000,1177,738,439,62.7,0.77,-81.03,1,1788024931561,1788878882044,9.9,-47.95,0.592,2466.963644,0,0.0,0.0,False,True,False
0x832232246c54197bf4f07881daae472e185fd427,True,2000,976,741,235,75.9,3.47,6251.99,13,1779457060324,1780550601810,12.7,-1071.22,0.171,0.0,0,0.0,,False,True,False
0x8338fc94eb3a59a9df2c99bcd061e5a96094c803,True,329,166,67,99,40.4,0.82,-1581.79,8,1757742195240,1787185373101,340.8,-1246.27,0.788,0.089015,1,-0.02,-22.3,True,False,False
0x834e91a47eb57fa4a1d9047fe268de8dddd32c72,True,1665,486,458,28,94.2,3.97,3542.31,3,1786103782398,1788874962947,32.1,660.88,0.187,382036.162921,2,-240.81,-0.1,False,True,False
0x836a058783a0fc410515d3dfff9cd4ab9168086f,True,2000,886,610,276,68.8,2.75,19666.32,10,1780542990775,1788213582670,88.8,2911.9,0.148,35250.995296,5,-1818.6,-5.2,True,False,False
0x837508a7bb90dea999a3e5163cc0f19ffbdf677a,True,1928,860,444,416,51.6,0.76,-9106.32,43,1733493125898,1788798832330,640.1,-2895.52,0.318,1474.016656,1,1482.0,100.5,False,True,False
0x838e73f673d0f7237ccb5f8ae9287d4b66d2d6e7,True,1819,846,441,405,52.1,0.63,-7900.98,10,1773517036218,1775846328495,27.0,-3020.76,0.382,0.0,0,0.0,,False,True,False
0x83b0a53ada41943b064d0498fadef9b1e30a12be,True,1439,848,305,543,36.0,1.86,12877.49,11,1787817188256,1788872633811,12.2,2343.74,0.182,0.0,0,0.0,,False,False,False
0x83c4c5a492d77e22120ba90bdaad00739788afe5,True,2000,1132,935,197,82.6,2.56,12258.57,13,1782749813992,1788608497734,67.8,937.07,0.076,399.295852,2,-795.46,-199.2,True,True,False
0x83d9ae57051ca21b9d2201b7829f7eb380feeeee,True,2000,940,461,479,49.0,0.44,-483142.57,4,1766740926381,1780672127336,161.2,-44222.5,0.092,0.0,0,0.0,,False,True,False
0x83efc6a5de5f0c55db06ef49e6a36423abe4f1fc,True,158,61,16,45,26.2,1.75,12843.95,2,1739808392990,1775604582132,414.3,18043.91,1.405,0.0,0,0.0,,False,False,False
0x840490446a36e7a057f5d4b1c5f332d610920ff4,True,2000,742,21,721,2.8,0.05,-44559.28,6,1787004506071,1788473247687,17.0,-11108.54,0.249,0.0,0,0.0,,False,True,False
0x841203db81e2278107c829933defa65bd11e54a2,True,2000,888,465,423,52.4,1.11,590.07,26,1786844731768,1788878100982,23.5,-519.43,0.88,1285.695587,2,32.0,2.5,False,True,False
0x8426202f6ddc760dbc02be6b3f91271d73c33cbb,True,2000,1062,557,505,52.4,0.76,-2534.89,26,1781847345291,1786598005219,55.0,684.57,0.27,0.0,0,0.0,,False,False,False
0x8439fa25a5421d3f8b3280014364b5361216d93b,True,855,453,371,82,81.9,1.16,2010.07,7,1770130930467,1787585254046,202.0,-2902.17,1.444,1062.776633,1,-69.24,-6.5,True,True,False
0x844bcf3bf88b9e332a7c0d72c782a8cf5091f9c3,True,1442,675,187,488,27.7,0.56,-16620.04,14,1779755529784,1786153589574,74.1,-3726.28,0.224,0.0,0,0.0,,False,True,False
0x846d2dfd8a588673b45a5439ae7b0d9410abca74,True,788,361,119,242,33.0,0.96,-909.41,1,1781799821355,1788470860186,77.2,7010.0,7.708,93248.709627,1,299.58,0.3,False,False,False
0x8482694d9bbf434bf2801f49be04dee5bc459d07,True,2000,1024,710,314,69.3,2.83,153385.7,80,1778286386946,1787368702666,105.1,-7306.56,0.048,78942.291497,33,-10787.44,-13.7,True,True,False
0x848e483d0332ed7328a2bd11a3d9d51ca3f5d3ea,True,388,195,75,120,38.5,0.72,-3187.46,11,1737501291368,1785937239157,560.6,-3189.35,1.001,0.0,0,0.0,,False,True,False
0x849a92362026d637d2844ac9dd769df90a5168a4,True,716,287,175,112,61.0,1.94,12213.43,6,1769657256472,1787620015773,207.9,13090.04,1.072,0.0,0,0.0,,False,True,True
0x84addeb76ded60fe311639510c54ad4ed41d5d88,True,2000,947,604,343,63.8,0.8,-54109.5,15,1737210098115,1788745433284,596.5,-35611.53,0.658,141041.150761,4,-55233.3,-39.2,True,True,True
0x84bb8f4998527aaf4cf5633bb2743533310600bb,True,2000,936,778,158,83.1,1.7,7614.48,5,1787931733042,1788861088891,10.8,3205.72,0.421,39077.012122,2,2134.72,5.5,False,False,False
0x84d2e54d851d0818cf86693fb1a9051e3566c84b,True,2000,990,284,706,28.7,0.36,-32917.02,18,1781192237519,1787666594902,74.9,-4318.76,0.131,8625.10369,1,4088.58,47.4,False,False,False
0x84de13322da4c6a617cc81c89198f008928d8a69,True,921,447,305,142,68.2,0.79,-4524.76,7,1772287625771,1774946797043,30.8,3482.43,0.77,0.0,0,0.0,,False,False,False
0x8500765efa12fa0268d4734f37016467cd7504ac,True,248,113,67,46,59.3,0.16,-207.17,16,1749071455090,1785024226369,416.1,-156.29,0.754,499.32466,0,0.0,0.0,False,False,False
0x851852620ac52031c3874c3ac254b837c9ca34c2,True,2000,911,492,419,54.0,1.02,369.45,78,1772911381450,1788802891024,183.9,1133.6,3.068,3435.734689,6,-4444.11,-129.3,True,True,False
0x852aa690560d83cf19c8c598141275f56521d04b,True,2000,785,395,390,50.3,1.39,8731.54,32,1780423466334,1787375814424,80.5,-3000.31,0.344,0.0,0,0.0,,False,True,False
0x8547551df84c71a9fb5161943d395fda165b372a,True,2000,1545,1264,281,81.8,15.68,37374.95,33,1772048997366,1782741406468,123.8,7997.2,0.214,0.0,0,0.0,,False,True,False
0x8558f781a5044193decbb866bdebd02f2ac284ed,True,2000,1124,515,609,45.8,3.24,13987.6,2,1769791208625,1788654038680,218.3,247.93,0.018,0.0,0,0.0,,False,False,False
0x8577dd0917c85b8a9265950092c6714719844983,True,2000,1041,466,575,44.8,0.88,-2793.17,17,1763647984208,1788716165723,290.1,1783.5,0.639,12150.950036,0,0.0,0.0,False,True,False
0x859801b3305919287e2cf4ea307f78da1b6074bb,True,2000,1075,493,582,45.9,0.27,-19868.77,2,1787307946061,1788266799073,11.1,-2981.92,0.15,0.003433,0,0.0,0.0,False,False,False
0x85b330ccdfcb7ed20b6ffba42dca8ece3dd05dff,True,764,329,129,200,39.2,0.48,-23434.07,10,1765739929061,1787547704851,252.4,3359.77,0.143,0.0,0,0.0,,False,False,False
0x85ca16de1ca78034d44717a70b053d0b390e8eca,True,935,480,347,133,72.3,0.25,-17053.6,3,1772311239813,1788875610762,191.7,-3430.88,0.201,0.0,0,0.0,,False,True,False
0x85de50f92ce3ae6caf0a8bf1dd76fe3ce0f2fe1a,True,966,438,150,288,34.2,0.28,-19172.96,15,1773529391784,1780538688012,81.1,-3528.79,0.184,0.0,0,0.0,,False,True,False
0x85e5171a7268e70100fb4cb45751d88170074a96,True,2000,982,492,490,50.1,0.74,-18116.73,37,1741790926240,1787004551594,523.3,-4222.86,0.233,0.0,0,0.0,,False,True,False
0x85fe34c998af202d0ff5399b2718bae8279aa362,True,216,88,9,79,10.2,0.5,-1073.83,10,1783179469155,1784729379244,17.9,519.49,0.484,0.0,0,0.0,,False,False,False
0x8619c8a6d9c3ff25137e4d774cc94457a7b88b03,True,2000,1028,712,316,69.3,0.68,-15142.54,18,1782798996845,1788592917077,67.1,-4180.98,0.276,3263.156859,1,-1288.89,-39.5,True,True,False
0x86387fdc7886d7e013ea2b950268c21b4d55fce3,True,2000,1002,463,539,46.2,1.99,33195.74,9,1778300209932,1785372292574,81.9,3926.16,0.118,0.0,0,0.0,,False,True,False
0x86523927bffeafe2e532f0218feb1f3c29f6120d,True,2000,993,146,847,14.7,0.03,-289019.57,2,1780692706506,1780741885385,0.6,-20488.82,0.071,0.0,0,0.0,,False,False,False
0x8659e828dcde4f529f703cab0c5a9787b41408dd,True,2000,921,360,561,39.1,0.56,-28721.09,22,1765131813921,1788847227379,274.5,-4817.47,0.168,304.514486,1,-47.6,-15.6,True,False,False
0x867409748b801842ffdf31c57e95844b8c545715,True,2000,1002,347,655,34.6,0.73,-9905.71,30,1761939210296,1787356800028,294.2,5297.23,0.535,0.0,0,0.0,,False,False,False
0x868b65a7a1e1ff70b74f005f1c5be5e652b2b9a0,True,2000,809,794,15,98.1,8.82,69502.04,4,1783982507058,1788525092025,52.6,-3876.05,0.056,0.005871,0,0.0,0.0,False,True,False
0x86b07db8c7e25ab922d1b04138e9faf7803928fc,True,2000,1038,366,672,35.3,1.03,37.04,52,1784795423632,1788862079647,47.1,63.83,1.723,13446.801135,50,1113.97,8.3,False,False,False
0x86dd7aa83d1d1ef0a957137c6d4f5b8ada90f065,True,2000,936,861,75,92.0,9.37,3882.21,29,1777988167017,1788543375544,122.2,175.0,0.045,2625.470192,9,1654.43,63.0,False,True,False
0x86e66c5e4f3fd0266b49d50c56d3b1105b08fe67,True,2000,755,672,83,89.0,213.42,47530.75,1,1772462672142,1773841082521,16.0,12093.27,0.254,0.0,0,0.0,,False,False,False
0x86fbf9d69e07a71b516f8381596862a6120376e1,True,2000,936,455,481,48.6,0.74,-8693.92,15,1774941721355,1776556800053,18.7,-5670.07,0.652,0.004672,0,0.0,0.0,False,True,True
0x871ed7e801e442603b1be38d93057efec14c9fb8,True,2000,1161,476,685,41.0,0.71,-3696.98,3,1782342442049,1784460950182,24.5,-834.76,0.226,0.0,0,0.0,,False,True,False
0x872d3fb74cb230faf1746b4e66971551a010ba6d,True,2000,1233,565,668,45.8,2.21,312677.95,19,1757564139352,1787531108565,346.8,93129.17,0.298,0.0,0,0.0,,False,True,True
0x873c9115d2a0adf17497370958ec2c78cff6dd05,True,2000,867,469,398,54.1,0.91,-7832.5,17,1763697723611,1787750857995,278.4,13524.39,1.727,7225.408585,1,8799.24,121.8,False,True,False
0x8752e8af8e4b0cca8dbb1d8822317735412b0cff,True,1300,669,264,405,39.5,0.37,-15027.94,7,1774522866479,1780383456964,67.8,-3887.96,0.259,0.0,0,0.0,,False,False,False
0x87667b62e57ced00d6901c10a4c0657ee9a13b81,True,2000,945,218,727,23.1,0.73,-534.65,5,1788142017104,1788875781202,8.5,175.02,0.327,696.182456,1,257.78,37.0,False,False,False
0x8785565f2557aafde86d7482df72f233c545f86e,True,2000,972,470,502,48.4,1.46,4495.71,3,1787784288401,1788848798726,12.3,1227.08,0.273,7558.500385,1,-657.84,-8.7,True,False,False
0x879fbc694a0e10eadb9dae8fc591c02d27598880,True,2000,915,793,122,86.7,0.93,-3784.12,12,1782734961305,1787363640871,53.6,-10094.29,2.668,0.0,0,0.0,,False,True,False
0x87ab1dfe03a92335fd4d64ec20d871982d9b5efc,True,2000,1047,296,751,28.3,0.79,-6665.74,7,1782645882623,1785163319972,29.1,2135.88,0.32,0.0,0,0.0,,False,True,False
0x87cdb4da24aa2349874dc39543ca11a01bd4586c,True,2000,1022,726,296,71.0,0.96,-412.93,69,1740706402424,1788871742761,557.5,-1241.33,3.006,281.674238,1,-14.78,-5.2,True,True,False
0x87de74597c1f8af0309cc4eea15f137c14180f7f,True,2000,1579,1421,158,90.0,9.18,207820.71,10,1757742309035,1778915683928,245.1,2880.72,0.014,0.0,0,0.0,,False,True,False
0x87f3838742e5ff8958d7ce92aff4ecf07a1edcc8,True,2000,1572,918,654,58.4,0.81,-5881.84,30,1774278387597,1780859851822,76.2,-3783.16,0.643,0.0,0,0.0,,False,False,False
0x880ac484a1743862989a441d6d867238c7aa311c,True,2000,7,0,7,0.0,0.0,-906.33,9,1788365571461,1788758762012,4.6,-235.34,0.26,1057930.15848,4,69463.93,6.6,False,False,False
0x8815a4487c5269224f7bf9f1aaae4230099160ba,True,1548,802,451,351,56.2,1.53,2514.09,24,1736490177620,1786155664890,574.8,940.19,0.374,0.0,0,0.0,,False,True,False
0x8825e6ed11c7f9c0874579c9f4bba192b9e81c8f,True,2000,988,855,133,86.5,7.65,14124.29,63,1778784522357,1788816061567,116.1,-433.84,0.031,119503.419448,22,-13957.02,-11.7,True,True,False
0x8834af7172b9f01eaaf62dc4e5f85dfea7695790,True,173,102,18,84,17.6,0.68,-710.38,1,1776676560770,1777047712085,4.3,1120.22,1.577,0.0,0,0.0,,False,False,False
0x88409ec78c566ba325e7023ec90f9be89a9b9699,True,2000,742,687,55,92.6,59.36,152043.87,9,1783692689420,1788874551575,60.0,5163.77,0.034,0.0,0,0.0,,False,True,False
0x8854f46384b188b7079ebd2603f1a0765c2d4be9,True,286,142,32,110,22.5,0.74,-3496.42,12,1757405978931,1787683285701,350.4,4682.83,1.339,0.0,0,0.0,,False,False,False
0x886746e9347dc9a3463eb3d88549e1dab87b34bc,True,968,440,297,143,67.5,1.58,47239.93,13,1738552650221,1787192238063,563.0,-25841.97,0.547,0.0,0,0.0,,False,True,False
0x8888ffbed4438b305a2e1e6a41143424d4dda888,True,370,159,93,66,58.5,0.92,-105.59,3,1780247460316,1780565954000,3.7,-493.06,4.669,0.0,0,0.0,,False,False,False
0x889daccd527e1744bb855ae0a9d9663527b0e893,True,1046,428,381,47,89.0,2.61,13478.4,7,1748354924398,1788527203106,465.0,-2958.14,0.219,0.0,0,0.0,,False,True,False
0x88b2780bf14b96f531167f615ba13af70075a7a2,True,2000,1338,1237,101,92.5,0.6,-4255.26,32,1778956136359,1788819483596,114.2,-4833.63,1.136,2327.109125,2,-255.41,-11.0,True,True,False
0x88dbfe5a54bf1dac8fd864550c1a71505111fcd9,True,766,406,200,206,49.3,1.01,51.82,3,1780565795019,1782072334901,17.4,732.4,14.134,0.0,0,0.0,,False,True,False
0x88f7345aa0626edcabc14ff3889934b1ad67c262,True,2000,796,130,666,16.3,0.05,-37184.61,5,1779046152608,1787581393065,98.8,-2453.0,0.066,0.0,0,0.0,,False,True,False
0x89105e0df2926563c52a647efd0cc0264f5af353,True,1750,837,457,380,54.6,1.61,9885.54,3,1772066705199,1787904276620,183.3,-1257.51,0.127,0.0,0,0.0,,False,False,False
0x8924880bc278a87acf384495432c2fed46820005,True,2000,902,840,62,93.1,185.05,3667.32,5,1784898727097,1788870430079,46.0,169.05,0.046,40176.351064,2,-69.11,-0.2,False,False,False
0x8942eeac9d2337eb4debddf91004357cc396d7bf,True,2000,967,306,661,31.6,1.91,10076.21,17,1786128276059,1787423051086,15.0,3210.7,0.319,0.0,0,0.0,,False,True,False
0x89539df137043b37f334dba880ac391f485325a6,True,2000,958,633,325,66.1,1.19,763.03,25,1785766837385,1788879075951,36.0,-588.17,0.771,0.0,0,0.0,,False,True,False
0x89622e6a3d6d69d0d155db4389cabd0bf3a12b7e,True,1753,837,397,440,47.4,1.53,9934.82,32,1770388738448,1787776825165,201.3,2587.42,0.26,0.0,0,0.0,,False,False,False
0x89782b2189e13995368191219876b25c2635f8a2,True,2000,1453,1164,289,80.1,1.79,1043.42,20,1787437406786,1788830238384,16.1,172.61,0.165,0.0,0,0.0,,False,True,False
0x89886538de91866b55d92e14e896e8527f91d0b9,True,2000,895,345,550,38.5,0.6,-14077.61,22,1767082394945,1785304237082,210.9,-2786.7,0.198,0.0,0,0.0,,False,True,False
0x899e32394e7c797baf48b6f77f7657799875393e,True,2000,1079,649,430,60.1,2.72,32742.38,6,1787222739550,1788839932745,18.7,4111.5,0.126,4501.579725,1,-734.45,-16.3,True,False,False
0x89a7c40684bbf162e0561f9b3be612bd33b7ade6,True,2000,798,197,601,24.7,0.49,-3845.96,11,1780072171252,1787692060952,88.2,-253.68,0.066,0.0,0,0.0,,False,True,False
0x89b7815978abc23590616e9da57ddd78e53b1a77,True,2000,530,308,222,58.1,6.5,88650.36,110,1782396247830,1788878993676,75.0,32363.35,0.365,75876.382165,49,-50990.58,-67.2,True,True,False
0x89cc26caa75f854c8c99a2b8ea00c3c917cb06a8,True,101,61,53,8,86.9,1.34,343.82,2,1774875630475,1778070462478,37.0,-535.87,1.559,0.0,0,0.0,,False,False,False
0x89e245e67348740433fbbd062457ed3378d70270,True,89,48,16,32,33.3,2.77,2287.21,6,1769888243120,1787072428295,198.9,1377.04,0.602,0.0,0,0.0,,False,False,False
0x89fbb84415998c6c140ac778949dae54ecfc81a2,True,2000,990,618,372,62.4,0.55,-19748.36,3,1780619041913,1788874846919,95.6,-2926.49,0.148,325.95613,2,20.75,6.4,False,True,False
0x8a103f49ac6481e51ed1989fcd8337fbbb6a250f,True,410,223,86,137,38.6,0.46,-12144.32,1,1772825954600,1780525709997,89.1,2916.96,0.24,0.0,0,0.0,,False,True,False
0x8a3cf3c4b300be69429cce5beb2ef14d7200b6b7,True,2000,678,678,0,100.0,inf,60371.94,3,1785881926591,1788529348595,30.6,7033.28,0.116,738559.221015,3,2531425.17,342.8,False,False,False
0x8a47f66841680b97686c3b9f18fdcaa7a30c7daf,True,502,240,128,112,53.3,1.11,446.06,18,1773800354913,1775780024498,22.9,1382.16,3.099,0.0,0,0.0,,False,False,False
0x8a5cd8bd74ab3f205ddcb3b73b2f66deadc6827f,True,2000,265,199,66,75.1,0.59,-5222.33,15,1785597042528,1788871490540,37.9,-972.08,0.186,186985.158993,16,-101686.0,-54.4,True,False,False
0x8a8a534a3b884f2c7993f31d2932c1421691b167,True,828,401,180,221,44.9,1.11,3319.14,19,1734774660070,1788855361040,625.9,3613.95,1.089,18135.701086,2,498.68,2.7,False,True,False
0x8a9acb26a5f8d9fd30a0636af1fad35b896dcba4,True,2000,1024,728,296,71.1,0.44,-68945.17,10,1761785084620,1788288258794,306.7,-8718.38,0.126,0.0,0,0.0,,False,True,False
0x8aa80197db85362c6db49d77e4b2c2e5b524eb65,True,2000,968,464,504,47.9,0.89,-5048.73,3,1782231244150,1787347968157,59.2,-1540.48,0.305,0.0,0,0.0,,False,True,False
0x8ab7a2734c710826be250a9f5b5746e28448bcd6,True,300,201,192,9,95.5,10.55,1932.36,3,1782416160918,1788051786594,65.2,267.08,0.138,0.009623,0,0.0,0.0,False,True,False
0x8ad27489f3151ffa805c1067c0ff7a28d1e56af9,True,2000,1060,230,830,21.7,0.87,-435.85,6,1780507005032,1788825600043,96.3,290.99,0.668,770.059484,1,173.31,22.5,False,False,False
0x8ae57ff1fedee8c19a912e039f94b409e163fd48,True,2000,925,506,419,54.7,1.07,558.93,5,1783605605239,1787418352028,44.1,-782.93,1.401,0.0,0,0.0,,False,True,False
0x8afacaa08de7189d84db9d87b9c21c2f1ac28113,True,2000,1036,337,699,32.5,0.14,-448246.86,14,1787360119351,1788876582776,17.6,-127013.22,0.283,806806.53883,3,-218666.82,-27.1,True,False,False
0x8b0d9231f8188e0781d591a03efbbe42f5a379b5,True,2000,1050,157,893,15.0,0.63,-1187.39,34,1781282903982,1784380419716,35.9,204.25,0.172,0.0,0,0.0,,False,True,False
0x8b1c1f4a92d1f07ee440c99833eb96e0d5f62472,True,2000,2000,1738,262,86.9,15.94,4419.23,2,1774449416740,1774588938242,1.6,455.96,0.103,0.001792,0,0.0,0.0,False,True,False
0x8b307dab8d1f020db2b660aa83dda8d752b093ec,True,2000,990,384,606,38.8,1.11,237.34,52,1785228634583,1788862246994,42.1,102.63,0.432,22220.731424,50,1848.42,8.3,False,False,False
0x8b481e899827324c91dcc97d575b152c995ac072,True,848,413,231,182,55.9,1.03,2086.33,4,1758802210244,1787590284798,333.2,14564.45,6.981,0.0,0,0.0,,False,True,False
0x8b67e1cb7a75f819a59fcd0d8a4f3d27c4fc1412,True,2000,1133,713,420,62.9,6.23,93267.37,14,1740435864192,1788808068446,559.9,7092.98,0.076,0.0,0,0.0,,False,True,False
0x8b73f8a71cbe6f2e5a594255522fce1b712a6594,True,599,340,202,138,59.4,1.97,14980.89,15,1734096209251,1776503780791,490.8,-5790.32,0.387,0.0,0,0.0,,False,False,False
0x8b87194367d337f5ff5839992b2646a6962a8f6f,True,860,448,292,156,65.2,0.61,-12648.74,5,1782775058088,1788792497635,69.6,-4763.14,0.377,10204.20457,1,-224.18,-2.2,False,False,False
0x8b9da005316ecfd7022ccca9b6231281e5c47b28,True,2000,825,120,705,14.5,0.11,-23462.38,29,1788766589358,1788880540010,1.3,-1108.87,0.047,1501020.471036,27,-922995.57,-61.5,True,False,False
0x8bae3527e5a33fa0cf184f37bc112d071463ab6d,True,2000,1139,779,360,68.4,11.79,1139347.89,13,1785485725271,1788845130518,38.9,361890.93,0.318,0.0,0,0.0,,False,False,False
0x8bcf7a888c66f635ac4a2caf42a8dd12a3b20b14,True,2000,1090,219,871,20.1,0.15,-97756.47,7,1786028431108,1787438189929,16.3,-3141.95,0.032,1658501.231242,1,-821859.69,-49.6,True,True,False
0x8bdf348a504b8c6606fea21895c3256a89cf1f87,True,1222,575,355,220,61.7,0.83,-3140.99,23,1757694656702,1772819901375,175.1,-2411.01,0.768,0.0,0,0.0,,False,False,False
0x8bf0beebe5fc1c8293192fb54c71cca11323903b,True,2000,934,414,520,44.3,0.84,-2274.05,6,1780238827543,1784162430543,45.4,-1080.6,0.475,0.0,0,0.0,,False,True,False
0x8c0fbc1694ce53a9cfe7d1ffe14d749c80af2a21,True,146,75,51,24,68.0,17.6,20151.85,5,1779567022473,1781841531550,26.3,13109.91,0.651,0.0,0,0.0,,False,False,False
0x8c1ba708c003f90fb21f36b9c069e15ff5b184ce,True,1043,529,310,219,58.6,0.47,-13373.48,5,1776965471390,1788525323638,133.8,-3591.95,0.269,0.0,0,0.0,,False,False,False
0x8c2b07b3d6f7b5d803ded790e04947fa70991185,True,110,52,37,15,71.2,0.59,-1265.43,2,1785858423741,1788445962064,29.9,-2289.24,1.809,0.0,0,0.0,,False,False,False
0x8c4af7c4cc2235d1ebb3b8ac7843eaa5fc572b5c,True,2000,881,344,537,39.0,1.48,4594.4,7,1776088320086,1783003170398,80.0,1068.36,0.233,0.0,0,0.0,,False,True,False
0x8c783a3877bfab4e318a7dc521157cc89f85202c,True,2000,983,619,364,63.0,0.81,-19981.04,4,1780814780693,1788816256611,92.6,-6220.72,0.311,34400.258228,1,3382.73,9.8,False,False,False
0x8c8fca584072353a32c83b5229b5d104a608030f,True,2000,905,359,546,39.7,0.9,-370.46,148,1769634204338,1788806198362,221.9,362.07,0.977,0.0,0,0.0,,False,True,False
0x8ca5f0042d96728d6cff56def8d609bb12e28d6f,True,1713,854,277,577,32.4,0.87,-27261.67,30,1733443850063,1784231960145,587.8,-36936.38,1.355,0.0,0,0.0,,False,True,False
0x8cbcd064879613f31f937a7cdc6b256c1fa219bc,True,2000,1031,708,323,68.7,0.71,-2030.63,9,1786545114384,1788549380017,23.2,1811.5,0.892,5452.901784,2,-3405.84,-62.5,True,True,False
0x8cc51c4cafac26f69122b057472d7c26d44ad309,True,589,289,120,169,41.5,0.78,-1287.67,1,1787215765658,1788388814704,13.6,1169.77,0.908,0.0,0,0.0,,False,False,False
0x8cda7bcea7bac1545481f42a219fde1a016b57c2,True,2000,592,346,246,58.4,12.67,99774.79,14,1752489282155,1783945791987,364.1,11647.97,0.117,0.0,0,0.0,,False,True,True
0x8cf120f68a0c32c320c01819e30e600109eaa1e7,True,2000,807,220,587,27.3,1.84,6189.27,2,1780558472065,1781526842429,11.2,225.95,0.037,0.0,0,0.0,,False,True,False
0x8d0860af71387a7e49499b13e72fec383ac9a6a3,True,2000,1043,711,332,68.2,1.23,4014.46,7,1783354967620,1784505971894,13.3,-1486.83,0.37,0.0,0,0.0,,False,True,False
0x8d20b3ca5c914170f27cce53a283315863608093,True,649,347,182,165,52.4,1.13,1901.18,11,1738256908066,1783693305569,525.9,-1760.1,0.926,0.0,0,0.0,,False,True,False
0x8d4b6671ce3de134f009235a41d9906f80d672ed,True,2000,773,447,326,57.8,0.38,-20860.95,44,1772358399516,1787488187137,175.1,-2323.89,0.111,0.0,0,0.0,,False,True,False
0x8d6427d95427d2af0c3e9a4c80e0e0e604299230,True,2000,1027,369,658,35.9,0.38,-132908.04,12,1781600034875,1788744415866,82.7,-22905.75,0.172,68765.858522,2,29097.15,42.3,False,True,False
0x8d79876d4ff90b4d69c84034f4339c45d56c4a10,True,2000,1080,642,438,59.4,0.77,-3639.89,2,1780637315397,1785945801751,61.4,-877.29,0.241,0.0,0,0.0,,False,True,False
0x8d8a7c2498e0a9d3349ed686c4541736fac2e4f5,True,2000,1017,470,547,46.2,0.55,-24.52,2,1788780336178,1788879272802,1.1,-2.24,0.092,9383.169389,1,-126.38,-1.3,False,False,False
0x8da19bb3d04f189ee2086bb89cd4c736986ae36f,True,2000,934,576,358,61.7,0.69,-20517.68,32,1750299327126,1788812785682,445.8,-11250.77,0.548,1196.780783,2,577.93,48.3,False,True,False
0x8db161fad2e7580d771d6a6e8f4400efede08b93,True,230,105,52,53,49.5,1.02,119.92,19,1772405150350,1785825790706,155.3,1326.1,11.059,0.0,0,0.0,,False,True,False
0x8dc34ec570b92888f77adc3edfe74c8e987fb655,True,2000,1214,677,537,55.8,1.04,1551.29,34,1779979820468,1788562078376,99.3,-11775.83,7.591,62659.762602,1,83191.75,132.8,False,True,False
0x8de6e012ce544e339c6c2a5764be863fe46c1e16,True,1915,1238,378,860,30.5,0.48,-46059.85,7,1770202859522,1774891373117,54.3,-12663.55,0.275,0.0,0,0.0,,False,True,False
0x8df6501b27606c44ca7b6f720a0507708bdd313a,True,2000,142,109,33,76.8,0.33,-5698.51,13,1777336686037,1788848880628,133.2,-1471.64,0.258,4410.312789,1,65.74,1.5,False,False,False
0x8e1318a226582c4b8f8f8023b4c39ff0a65c0f58,True,2000,964,528,436,54.8,0.29,-16100.39,29,1760343952748,1788350395117,324.1,-4642.87,0.288,0.0,0,0.0,,False,True,False
0x8e299f85c3784f168837b01f44315400dba471b7,True,1037,422,150,272,35.5,0.37,-28357.03,21,1752672109776,1784407741084,367.3,-6931.0,0.244,0.0,0,0.0,,False,True,False
0x8e334f05f24cd1e0d98b69346106ea9d5f08eeee,True,2000,906,452,454,49.9,2.31,35039.89,20,1739894864393,1788038976520,557.2,-4921.0,0.14,0.0,0,0.0,,False,True,False
0x8e514f823c710d2658b056b83a36edef12b43b98,True,1876,712,376,336,52.8,0.43,-23497.5,16,1782841626536,1788871620494,69.8,-6776.06,0.288,9908.485751,4,-277.21,-2.8,False,True,False
0x8e6474db22d4d15eb352c9a16c9e801bcfe1bf24,True,2000,944,65,879,6.9,0.01,-56543.02,1,1784683192477,1787167167544,28.7,-16307.49,0.288,0.0,0,0.0,,False,True,False
0x8e77e3dba16c13fc95f67378759bf76e37199111,True,2000,909,265,644,29.2,0.55,-4442.29,9,1788300079270,1788878577853,6.7,-376.37,0.085,0.0,0,0.0,,False,False,False
0x8e8cbdae73d19b3e7ec719b1b48d4779987ba0f0,True,686,373,265,108,71.0,2.77,7947.6,5,1781713663866,1783341292460,18.8,1190.76,0.15,0.0,0,0.0,,False,True,False
0x8eae940f3d946d1728116777579e22a84e3570ae,True,2000,784,419,365,53.4,0.4,-39163.57,14,1755804294489,1788387897058,377.1,-4208.39,0.107,0.0,0,0.0,,False,True,False
0x8ec6988b9036fa8ec73a832edc41f5a0182e5b9f,True,2000,950,603,347,63.5,0.89,-53.81,70,1783604646596,1788825689786,60.4,37.41,0.695,114.609442,16,25.45,22.2,False,True,False
0x8eda92dfaf4d1db7408b3cefebf92a32e36bb1ce,True,513,231,231,0,100.0,inf,6534.43,1,1781880223751,1781901969526,0.3,1315.95,0.201,0.0,0,0.0,,False,False,False
0x8efaf2e56063b77e8fed7de8534e76a55a7f31bf,True,1605,806,502,304,62.3,2.05,14926.29,50,1767727063313,1788838925638,244.4,-1807.81,0.121,0.0,0,0.0,,False,True,False
0x8f1a2c6b584691479ae8dc885b63cd56a7385beb,True,2000,941,560,381,59.5,1.15,3292.95,9,1787249044540,1788527042497,14.8,-2299.54,0.698,0.0,0,0.0,,False,False,False
0x8f288d647941b40bd1ec0ca5ad499deb3869dab2,True,1986,958,868,90,90.6,2.19,14450.22,4,1779249837823,1780699538104,16.8,-6018.66,0.417,0.0,0,0.0,,False,False,False
0x8f40b8e31a231235866e1abdce49c16f462b8125,True,2000,1218,545,673,44.7,1.29,4911.34,23,1783842484825,1788856820151,58.0,962.99,0.196,1209.892469,4,195.07,16.1,False,True,False
0x8f5aedb0b8b1cd54cd978a4b041b411bd10a896e,True,2000,927,603,324,65.0,1.05,862.09,22,1784480717952,1787578985093,35.9,-1366.15,1.585,0.0,0,0.0,,False,False,False
0x8f6ad2e9cb59f82a1e0dcfc9736aac49430a547e,True,266,160,138,22,86.2,7.94,32482.23,5,1781040709120,1788795541793,89.8,7219.74,0.222,0.8471,1,-0.17,-19.9,True,True,False
0x8f83806110d70c1066dcab848f9c5a5cbea459f3,True,542,280,98,182,35.0,0.16,-3512.42,1,1782221411664,1787661281126,63.0,-396.56,0.113,0.0,0,0.0,,False,False,False
0x8f9508aa087c92b41ac6f812f92d4216b4843be4,True,2000,1127,744,383,66.0,0.39,-30971.44,13,1754916050060,1788790773438,392.1,-6000.0,0.194,344.612,0,0.0,0.0,False,True,False
0x8faabd26f803e1a3955af327cd1d4539aaf2b5f0,True,1420,687,249,438,36.2,0.52,-9362.0,16,1773007845988,1784324677541,131.0,1183.22,0.126,125775.44458,0,0.0,0.0,False,True,False
0x8fbb98ad84e848a54d39c6fcb875be919bbbd714,True,2000,1105,717,388,64.9,24.16,241342.84,8,1785642103348,1788863068806,37.3,20423.13,0.085,28888.0,1,1353.61,4.7,False,False,False
0x8fd9664ca3e79980c4a7e8e29075aa720e42985e,True,2000,1047,466,581,44.5,1.03,467.12,16,1773171360254,1788875549276,181.8,-1123.1,2.404,62.729822,1,18.4,29.3,False,True,False
0x8feb3a7d8bf1e424679fc75753b363eba5ee8185,True,2000,1071,187,884,17.5,0.09,-48982.87,19,1788441644791,1788876422335,5.0,-872.5,0.018,143403.129517,23,22553.04,15.7,False,False,False
0x9002d0ad2263adcfbab4e3c3b1e8c073f05272ac,True,1946,914,372,542,40.7,0.43,-6374.79,7,1785852823752,1788200024137,27.2,-2736.48,0.429,0.0,0,0.0,,False,True,False
0x9017ece029bb9b1eb236d8ff8421c05fedd3e9a6,True,814,434,257,177,59.2,0.88,-1324.63,25,1759178095924,1783109953392,277.0,-1022.19,0.772,0.0,0,0.0,,False,True,False
0x9023a51e17d4fa4125d30d6b0a149faa31dff9bc,True,2000,1030,484,546,47.0,0.7,-5047.77,5,1774384018109,1788443672794,162.7,-836.1,0.166,0.0,0,0.0,,False,True,False
0x903cac4c42070722384ec232d6c367590ce81b19,True,218,118,56,62,47.5,0.2,-43351.04,10,1756479469522,1783537411216,313.2,-13077.68,0.302,0.0,0,0.0,,False,True,False
0x90518c89564a36a71977a5832bc69339fc921e80,True,2000,1137,484,653,42.6,0.6,-6449.73,4,1773413906119,1773489360065,0.9,621.85,0.096,0.0,0,0.0,,False,False,False
0x906bce162e75b94aa50dd7dff03fcca7e1f6be8c,True,2000,1066,182,884,17.1,0.2,-57807.46,11,1787377341756,1788879542252,17.4,-3252.96,0.056,9118.000073,1,-1443.72,-15.8,True,False,False
0x907892475e6b0c5b08b22124bed051ca0e2cb81f,True,1101,516,249,267,48.3,0.81,-7375.09,5,1774966844006,1778875730100,45.2,5221.32,0.708,0.0,0,0.0,,False,False,False
0x9094b0c28fe719544ec9cd18235f7df81ce55c8a,True,2000,908,344,564,37.9,0.78,-6463.18,10,1769329068224,1773806070360,51.8,-6299.55,0.975,0.0,0,0.0,,False,True,False
0x90bf0a31e25dccf6151d4d2bfbcb13f82b565872,True,1617,835,391,444,46.8,2.16,13431.56,19,1757089841251,1777569128587,237.0,11458.91,0.853,0.0,0,0.0,,False,True,False
0x90d4e0ab580851410d3b2f6b55c19c37a2040e33,True,2000,1562,804,758,51.5,1.71,54063.78,55,1781259763606,1788712648876,86.3,9626.3,0.178,30344.523172,8,2.56,0.0,False,True,False
0x90ee80619c9758baf30466bf69015c4c5447b85f,True,2000,1095,662,433,60.5,0.09,-1179863.52,5,1780215111946,1783814400016,41.7,-183282.25,0.155,0.0,0,0.0,,False,True,False
0x910d13217f5d4702ebd1c28dab386efc4903d02c,True,1143,399,216,183,54.1,3.21,7506.18,13,1750038662770,1788151880150,441.1,712.72,0.095,0.0,0,0.0,,False,True,True
0x912d956984da69c53c778d58bad72fc3ccfb1ed2,True,2000,1085,645,440,59.4,0.99,-376.62,13,1756246929330,1780622270628,282.1,-5298.8,14.069,0.0,0,0.0,,False,False,False
0x9138ab7787b3c0643b786cc23048877936471138,True,1149,470,135,335,28.7,0.94,-1707.7,10,1787669452919,1788839011625,13.5,-3932.03,2.303,0.0,0,0.0,,False,True,False
0x91577b406f78b66885c9e00db96f14f93ec18ca5,True,2000,1027,269,758,26.2,0.64,-2906.52,4,1779633469806,1788592875122,103.7,783.93,0.27,225.235015,1,42.65,18.9,False,True,False
0x916308fc74a7b2237b13413907ed60989f9f9254,True,2000,1006,415,591,41.3,0.8,-1449.66,6,1781707452016,1788876015933,83.0,-458.8,0.316,98.666779,1,19.43,19.7,False,True,False
0x917c7a4e2e6818fff02d695b4838b8ce0e574591,True,601,321,139,182,43.3,1.65,9815.32,24,1763995911489,1785113946286,244.4,-6419.26,0.654,0.0,0,0.0,,False,False,False
0x9190d03a15686c724b5cf98d4f11dd036c964ae0,True,2000,894,358,536,40.0,0.11,-62987.2,11,1771942913053,1787875200079,184.4,-6073.67,0.096,0.0,0,0.0,,False,False,False
0x919e02c65b1e524e75c5324cf6b86623db25252a,True,2000,767,488,279,63.6,2.15,17473.54,17,1787302601465,1788878688999,18.2,4865.79,0.278,107624.245796,7,41992.11,39.0,False,False,False
0x91ab62d9217dcbaecc88a81052eb97081c71b105,True,2000,1070,415,655,38.8,0.46,-22427.36,12,1771698955148,1779830243876,94.1,-2458.31,0.11,0.0,0,0.0,,False,False,False
0x91c6ed92d018f16ebcf6658aaacb360e110c3f0d,True,2000,1192,816,376,68.5,0.34,-49396.53,19,1786623873880,1788875178754,26.1,-18229.73,0.369,23556.05034,3,529.19,2.2,False,True,False
0x91e3f17f67f807e80d929392b7b106838662ca33,True,2000,1118,382,736,34.2,0.71,-1787.3,2,1780633650786,1787576007844,80.4,551.0,0.308,2008.486333,1,-1223.74,-60.9,True,True,False
0x91fc8c24de2ce3150ad489fb8b7e9b9aa3edaaf2,True,2000,1230,400,830,32.5,0.81,-293.73,6,1783012897571,1784854230711,21.3,65.61,0.223,89322.676676,1,-6.4,-0.0,False,False,False
0x920abbd8a5f5d39e87ed802d73e5aa902dc71d89,True,2000,748,204,544,27.3,1.8,7598.44,18,1785509043736,1788880095445,39.0,7911.35,1.041,8568.0,1,31.25,0.4,False,True,False
0x921dcf50348dedd906d1d773f372468e820ad5c3,True,2000,933,489,444,52.4,1.16,991.43,25,1787429744653,1788861317002,16.6,567.59,0.572,0.0,0,0.0,,False,False,False
0x923613dae7c3dbeaf65f90700b1ac44b03d70fb8,True,484,199,88,111,44.2,0.15,-5746.06,3,1787301560705,1788049498630,8.7,-4028.52,0.701,0.0,0,0.0,,False,True,False
0x925c7d3edce9028f934e84b881ebaeb56c74ed87,True,2000,838,627,211,74.8,4.54,31406.49,13,1782778333093,1788620322589,67.6,2206.13,0.07,29552.607252,1,-14772.85,-50.0,True,False,False
0x926fa6d5a99ca62b5839bc40bb4a4a5c72387725,True,2000,796,666,130,83.7,2.37,234199.52,5,1773484229033,1788842438256,177.8,63022.8,0.269,7007.756859,1,-4926.66,-70.3,True,True,False
0x928d334bcb7aab246c76fc6d901e26fb62f79e19,True,2000,1015,387,628,38.1,0.97,-579.46,53,1760367049194,1788796605459,329.0,-904.68,1.561,840.245513,2,283.45,33.7,False,True,False
0x92a731a9f93b0136ba2bba33499d27bec04e3484,True,2000,998,469,529,47.0,1.43,3970.56,52,1780394642249,1783109985433,31.4,-545.17,0.137,121780.959924,50,-13240.4,-10.9,True,False,False
0x92bbd8110393350dda7e9c32089e95af071a9b6f,True,2000,1725,325,1400,18.8,0.05,-94033.02,6,1788848838153,1788881190791,0.4,-547.85,0.006,2491935.896385,12,-900469.22,-36.1,True,False,False
0x92cd115045128100933f2b2db3dd1c8b29668711,True,2000,796,362,434,45.5,0.45,-74367.26,108,1745418232064,1783395613628,439.6,-22457.55,0.302,0.0,0,0.0,,False,True,False
0x92e9b91aa2171694d740e7066f787739ca1af9de,True,2000,878,356,522,40.5,3.39,102436.84,18,1781199029778,1788749323573,87.4,9982.73,0.097,27153.063031,1,11183.64,41.2,False,False,False
0x930bd9dcffa15d1369eddbdbe431938a35840ab4,True,1327,699,425,274,60.8,1.14,4419.35,43,1702416321496,1784103956341,945.5,-3065.22,0.694,0.0,0,0.0,,False,True,False
0x93250f696284c8c7eddd045d0817bb1894f1e09d,True,2000,1151,479,672,41.6,2.64,17647.86,11,1780027730236,1780547616820,6.0,1965.54,0.111,0.0,0,0.0,,False,False,False
0x9337ce7e633230aa6f32e3c10d0a26aedf92a82b,True,955,428,277,151,64.7,1.09,817.27,10,1781274199214,1786333504990,58.6,-1286.24,1.574,0.0,0,0.0,,False,False,False
0x935729ae51eef975ccdeb481d513c75986227bfd,True,2000,1010,262,748,25.9,0.25,-23413.06,17,1782075052232,1787758282284,65.8,-3623.18,0.155,0.0,0,0.0,,False,False,False
0x936c9927c6d9a3153e6977ab7e09ad9d1fd4f5b8,True,1027,514,261,253,50.8,0.47,-7901.19,7,1774517944789,1780383486916,67.9,-4837.25,0.612,0.0,0,0.0,,False,False,False
0x9386b9538884d849943d77f1c5412de9e72b021f,True,2000,798,453,345,56.8,0.38,-17794.02,6,1788468303353,1788880714297,4.8,1334.53,0.075,120168.294978,2,836.89,0.7,False,False,False
0x9392e49e3f1b146fbe1bfa8fd26660a3b6c46e96,True,2000,886,451,435,50.9,1.92,14099.57,19,1782526966272,1788182945659,65.5,-1109.64,0.079,0.0,0,0.0,,False,True,False
0x93b474ac3b895ceb2200c91a541a736f6c5d5253,True,450,205,61,144,29.8,0.84,-4732.1,11,1758375090689,1785223212803,310.7,4807.58,1.016,0.0,0,0.0,,False,False,False
0x93d7e89eb87028dc3ee568cc7368b18547f4d637,True,1072,520,369,151,71.0,1.09,490.09,11,1780634614514,1787291325600,77.0,-1712.08,3.493,0.00869,0,0.0,0.0,False,True,False
0x93f372875bf6eb1029342c0641d85560edb13498,True,1381,596,139,457,23.3,0.04,-58535.68,28,1778292585031,1781049600070,31.9,-9700.69,0.166,0.0,0,0.0,,False,False,False
0x940dfae7d7b2972e42aa5d43223662dfb12d3bf4,True,2000,955,317,638,33.2,0.71,-3019.95,12,1781431714096,1788810006501,85.4,814.92,0.27,75.298561,1,6.58,8.7,False,True,False
0x942266bc90465a8acb6f4174bdc78033f55c6a95,True,1075,515,352,163,68.3,3.85,16278.07,20,1707215060948,1788215132373,937.5,-1307.53,0.08,0.0,0,0.0,,False,False,False
0x94348c2a12cca047b2a36e26ad85e0c5f5c9dbc0,True,2000,890,321,569,36.1,1.05,8626.6,17,1740996317940,1781683953528,470.9,23267.12,2.697,0.0,0,0.0,,False,True,False
0x944fdea9d4956ce673c7545862cefccad6ee1b04,True,2000,827,378,449,45.7,1.06,1373.69,37,1767298576124,1788869798156,249.7,-1325.62,0.965,13620.71808,4,-369.05,-2.7,False,True,False
0x9470e9584ab5763bac4050f71f9fb5e69a3d9155,True,1680,994,351,643,35.3,1.39,11182.27,28,1780411874824,1788491987673,93.5,9230.17,0.825,0.0,0,0.0,,False,True,True
0x948515c8ec10b27291cc284e2afda7bd62f9fc93,True,2000,1110,517,593,46.6,0.47,-7372.81,11,1783359992575,1788874012756,63.8,-596.95,0.081,9086.776144,15,0.3,0.0,False,False,False
0x94ae4c80ad68791f1c83e6397a5143f2d7e8790b,True,2000,881,418,463,47.4,0.7,-2317.97,20,1778928702788,1780332256320,16.2,-995.19,0.429,0.0,0,0.0,,False,False,False
0x94cb6278a2f5e1c5d2206f77e6d3583ae4eb8ddd,True,2000,1052,401,651,38.1,1.02,11.3,53,1782895444893,1788860044677,69.0,28.14,2.49,5512.914525,49,470.47,8.5,False,False,False
0x94df59f3bb1d6cd275201a709df9d6c936e29691,True,2000,956,521,435,54.5,0.53,-35512.38,4,1781812111005,1787692058123,68.1,-7669.47,0.216,0.0,0,0.0,,False,True,False
0x94feb426cfae97b62d97deff78831602b83d2710,True,2000,1157,465,692,40.2,0.84,-1369.8,25,1781367107549,1788675059528,84.6,-442.95,0.323,0.0,0,0.0,,False,True,False
0x951038bb372d16180c0afb0f46ab283059154004,True,2000,1146,1012,134,88.3,1.18,204.86,161,1787375438284,1788881148005,17.4,-36.37,0.178,2300.533794,18,-92.08,-4.0,False,False,False
0x95276ba037c30f90c6dfdc83f72af9fd6cecc293,True,2000,918,477,441,52.0,0.77,-1110.52,1,1788356563957,1788880889644,6.1,-192.9,0.174,11048.046664,3,-20.58,-0.2,False,True,False
0x953fb662fbecce43ceca35bb18b4da8fc8e4884a,True,2000,740,398,342,53.8,0.75,-6490.77,11,1764162545174,1787893532972,274.7,6987.82,1.077,34.062805,1,-1.62,-4.8,False,True,False
0x954b6de2e9c58b0ca7b21e9a048fd0a6cea6f92c,True,2000,941,514,427,54.6,1.16,1467.91,14,1788373238512,1788862906458,5.7,995.99,0.679,32680.538634,4,1616.07,4.9,False,True,False
0x955e13743cb4732ef96f881006f44aec1eaac372,True,1477,943,482,461,51.1,0.81,-3419.58,18,1779285213246,1785864493666,76.1,-1355.56,0.396,0.0,0,0.0,,False,True,False
0x957ce343b576365ef4708bea67ce575b1eb01977,True,1303,660,389,271,58.9,1.8,12241.17,10,1780077236230,1783496435725,39.6,6732.8,0.55,0.0,0,0.0,,False,False,False
0x95900152422ee4895d33e99fa66deed8f2844f4c,True,2000,1050,774,276,73.7,0.11,-265159.64,1,1786115164068,1787353551438,14.3,-51669.17,0.195,0.0,0,0.0,,False,True,False
0x95ab99f85b2d31edb78885dc215d8bac2b0cd7a4,True,2000,838,495,343,59.1,0.69,-7030.45,24,1736665853009,1788867768687,604.2,-1216.36,0.173,0.0,0,0.0,,False,True,False
0x95c06999f02f7156aaa648ab317a87f372251f2b,True,2000,944,535,409,56.7,1.63,20406.23,7,1769883515869,1788879480911,219.9,6164.44,0.302,323.271605,1,-4.49,-1.4,False,True,False
0x95d2509ac7f887b75ea9ea3e777869203f95c3c1,True,2000,1010,634,376,62.8,1.9,52820.36,32,1762177032694,1787850509257,297.1,7785.72,0.147,0.0,0,0.0,,False,True,False
0x95e22863784982ca00a78230f762c57aa708fb18,True,2000,1019,412,607,40.4,1.2,473.19,52,1785659407021,1788860040911,37.0,125.02,0.264,26902.407038,50,2233.89,8.3,False,False,False
0x95ffa8c83b98f3abb88cadccf774e73e6f29a854,True,343,158,93,65,58.9,0.67,-1945.72,5,1760129976979,1778819404940,216.3,-1282.24,0.659,0.0,0,0.0,,False,True,False
0x960b6c2c4b1498681b8422eb572a8b3a6aa3f0fc,True,2000,1026,950,76,92.6,4190.8,395766.78,6,1784977095262,1788389720694,39.5,14589.05,0.037,1159236.880783,2,-2090368.0,-180.3,True,True,False
0x962bdd83c3943fe08b62101fd9f9a8b923a0b475,True,2000,939,660,279,70.3,9.29,521796.55,7,1781218806864,1786336161560,59.2,16160.3,0.031,1219797.085388,2,1022997.69,83.9,False,False,False
0x963deb9191d6a7dc1fb3891d472aa358b3e4b140,True,2000,758,546,212,72.0,1.77,48179.17,12,1782775801946,1788866080762,70.5,15238.79,0.316,42621.315474,3,80133.07,188.0,False,True,False
0x965ede2cfc1d42c29980f5b660141773c0cda7e0,True,955,455,255,200,56.0,1.46,1356.55,42,1714936590835,1782086400011,777.2,-299.23,0.221,0.0,0,0.0,,False,True,False
0x967c1b8d3777d16e3dd576a708ad69722b892acf,True,2000,856,382,474,44.6,2.22,12528.92,17,1782453930042,1788877779690,74.4,7875.26,0.629,83512.147499,3,28518.46,34.1,False,False,False
0x969b28a8df1111d5b3d0bbddd29ea8e53988707f,True,602,292,147,145,50.3,0.25,-47707.97,7,1781056310138,1786629613235,64.5,-7477.85,0.157,0.0,0,0.0,,False,True,False
0x96b54b58fde2b4372b3fe45801db89c6131b920c,True,2000,867,577,290,66.6,0.51,-48336.7,15,1783178204302,1788533767411,62.0,-6357.04,0.132,0.0,0,0.0,,False,True,False
0x96c5fa44180838bd4025e335bc62cb6ca8c03e6f,True,2000,923,420,503,45.5,0.31,-19716.28,7,1775163207314,1777675209710,29.1,-811.04,0.041,0.0,0,0.0,,False,False,False
0x96d0c8d8ec4e77cab3c526a258cee951f217b5f9,True,2000,984,287,697,29.2,0.97,-1053.46,13,1780665325752,1784120544663,40.0,-3610.63,3.427,0.0,0,0.0,,False,False,False
0x96f1f18d1853e9517260369e8dd18c0b44385b1b,True,1543,687,350,337,50.9,0.8,-4040.26,18,1772545061111,1781753553594,106.6,5146.69,1.274,0.0,0,0.0,,False,True,False
0x970ca5d7a03bc0ba304997ea709464bbfb662a93,True,2000,4,0,4,0.0,0.0,-443.71,4,1788795653259,1788875027925,0.9,-197.1,0.444,1227604.409945,4,-598946.24,-48.8,True,False,False
0x972941561bf9b5200cd0c7ee592fdb401e2ba2d1,True,2000,935,651,284,69.6,3.41,583.26,11,1788468880770,1788881148800,4.8,-15.69,0.027,812.0028,1,3.89,0.5,False,True,False
0x973bdbd2da437ef2e798baeaba6e3eeef62e9570,True,2000,844,621,223,73.6,0.74,-4277.62,5,1781031903934,1787581843131,75.8,-3433.9,0.803,0.0,0,0.0,,False,False,False
0x9757fe365ef60247665e9e312deb6cc8fa04d75c,True,2000,760,432,328,56.8,4.98,65055.28,14,1787757115953,1788861346310,12.8,6957.32,0.107,454977.445876,10,146877.17,32.3,False,False,False
0x9787b25668b33fc9a0077ee964039bdcb9dd9c85,True,1955,846,342,504,40.4,0.63,-8686.95,9,1781954303470,1784389195157,28.2,-12218.25,1.407,0.0,0,0.0,,False,False,False
0x97aa355a1ffee563e4c5fa913f4434f638620f97,True,251,76,38,38,50.0,4.14,314.84,13,1741191916867,1782710758051,480.5,85.41,0.271,0.0,0,0.0,,False,False,False
0x97be4429f455e86b908990ca586929f257fcecc4,True,2000,848,192,656,22.6,0.64,-1676.29,11,1783451763158,1788452000293,57.9,-370.77,0.221,40.729484,1,15.23,37.4,False,True,False
0x97cf399c34c932589adb5f090f4d375b8d81beab,True,2000,1012,495,517,48.9,0.82,-2354.97,12,1773653339023,1779196175065,64.2,1742.49,0.74,0.0,0,0.0,,False,False,False
0x97e87e0a699deab71756390a65b54eab729a3494,True,2000,1010,409,601,40.5,1.31,1403.32,22,1788173940711,1788874221396,8.1,313.39,0.223,0.0,0,0.0,,False,False,False
0x97f474b125ffac847e4d5ea992b1819f4a8cf8dc,True,645,325,115,210,35.4,1.08,581.66,4,1772654112993,1773252280719,6.9,807.19,1.388,0.0,0,0.0,,False,False,False
0x9809d222081eba1cc0826f976f4d4240df29f6bf,True,2000,1194,321,873,26.9,0.13,-59475.35,11,1776617622902,1783417814203,78.7,-3956.75,0.067,0.0,0,0.0,,False,False,False
0x981a425c241078f2c8de5843282a9dcde440ba55,True,2000,933,583,350,62.5,0.48,-10266.31,12,1774964498029,1788867822339,160.9,-2299.3,0.224,1198.543881,1,25.65,2.1,False,False,False
0x9830d373fbfe5dabf039071eccdafe4192abd7a1,True,2000,1059,548,511,51.7,1.04,339.81,13,1785459661336,1788183395726,31.5,-1150.91,3.387,0.0,0,0.0,,False,True,False
0x984105473a7a69992edac9207f883e3f5d7b9c63,True,1690,598,0,598,0.0,0.0,-55565.41,3,1776882862987,1777227853293,4.0,-2529.7,0.046,0.0,0,0.0,,False,False,False
0x9853bf442fcc9581c8183e878ec6834786d2f751,True,2000,978,420,558,42.9,0.66,-13165.89,42,1741697625025,1788825961084,545.5,-3638.94,0.276,13604.912052,3,2349.74,17.3,False,False,False
0x986ac8897b27051a191448a8acdad1f389e2d3bd,True,2000,1053,351,702,33.3,0.85,-231.45,53,1776414236753,1788097414243,135.2,-69.79,0.302,11759.412887,49,-986.64,-8.4,True,False,False
0x98771bde51152f65ea68360115e98997e0a0f3fc,True,2000,915,681,234,74.4,1.72,46821.65,20,1738547775089,1788541099907,578.6,-8230.58,0.176,0.0,0,0.0,,False,True,False
0x98a3da6293e56674d250fa9ada4c684dc34e4e0b,True,2000,857,151,706,17.6,0.01,-248617.28,8,1784053282001,1785715200028,19.2,-11310.62,0.045,0.0,0,0.0,,False,True,False
0x98ba1fb11b67178b7cfb95d73ef13f3b56998f60,True,2000,907,342,565,37.7,0.28,-62133.89,30,1776138663108,1788472933453,142.8,-11695.3,0.188,28786.791022,3,-52140.18,-181.1,True,True,False
0x98d5754c5c552b2cc938e87c6b0400ed7d750aa3,True,2000,978,126,852,12.9,0.23,-26528.31,4,1788417704131,1788881109834,5.4,-2634.0,0.099,0.0,0,0.0,,False,False,False
0x98e6f2125051b17adc223141ba1893139e63975e,True,2000,733,681,52,92.9,1.67,8414.58,53,1777814565181,1788880095445,128.1,-1815.61,0.216,10609.112333,8,-8789.66,-82.9,True,True,False
0x98f7f258aae6deded2fda17f853afe82272c2546,True,354,164,122,42,74.4,0.72,-35741.29,1,1771231128989,1787245905745,185.4,-25159.74,0.704,0.0,0,0.0,,False,False,False
0x990e4a746fb07c69acf2e24903c5be1fa547e503,True,117,63,60,3,95.2,2450.02,6592.22,5,1783609578890,1788876232835,61.0,861.88,0.131,6291.567328,1,1440.11,22.9,False,False,False
0x99223bf50978618ce3dedc9d05a29717a23a9882,True,2000,993,448,545,45.1,0.05,-140315.05,5,1786489777319,1788729803841,25.9,-33964.93,0.242,0.0,0,0.0,,False,False,False
0x99480c5235f85b973f967e3938dc355b18fc1029,True,2000,910,383,527,42.1,2.0,3300.41,110,1767884457597,1787224740148,223.8,1856.92,0.563,0.0,0,0.0,,False,True,False
0x995f85f2930f818978886a06132d1dba730ff06a,True,2000,978,261,717,26.7,0.31,-11578.18,10,1784256025577,1788854077199,53.2,-778.43,0.067,0.0,0,0.0,,False,False,False
0x996d911837ba1e59180de123b13b9c735b364db5,True,236,103,43,60,41.7,1.65,736.16,13,1748460794798,1787097600012,447.2,489.88,0.665,0.0,0,0.0,,False,False,False
0x99839f2a225afa61f902d11aa1fdb7d2296364e4,True,2000,798,132,666,16.5,0.87,-1186.46,18,1788473816922,1788881217976,4.7,2093.68,1.765,6245.14,1,1619.83,25.9,False,True,False
0x99967871e6c4f9a5185abc57edede9e9540191f6,True,2000,815,0,815,0.0,0.0,-362215.02,1,1788459379513,1788836357618,4.4,-62448.54,0.172,2429211.839088,1,-738865.41,-30.4,True,False,False
0x999f26d47b916340e62a6bb924708a5007eb80cb,True,594,238,149,89,62.6,0.71,-10930.91,10,1768334914276,1788365049809,231.8,-6612.63,0.605,0.0,0,0.0,,False,True,False
0x99b3e0765142d03935a91267ab3404d531b6aa57,True,1157,633,255,378,40.3,1.1,1597.5,11,1770807937565,1787743693554,196.0,-3208.6,2.009,0.0,0,0.0,,False,True,False
0x99c05693defed7a1afd0ce009738d581765c59ef,True,2000,1038,288,750,27.7,0.43,-9495.82,10,1779386326784,1781025451335,19.0,550.01,0.058,0.0042,0,0.0,0.0,False,False,False
0x99d62f8af0d2a22917b61a310322a829b4e4352f,True,2000,1092,551,541,50.5,0.66,-4869.05,9,1785118420796,1787807598668,31.1,-1687.05,0.346,0.0,0,0.0,,False,False,False
0x99e02b2b6558502c401ac4041431ec5f192233cd,True,2000,626,405,221,64.7,0.37,-35597.44,4,1784511916016,1788402678266,45.0,-4867.43,0.137,0.0,0,0.0,,False,True,False
0x9a0825ca6c4c577a1202a8fae3b8f044c1d5711d,True,2000,1153,646,507,56.0,2.52,435863.75,3,1782315646640,1788869904029,75.9,22652.2,0.052,367765.416467,3,67815.53,18.4,False,True,False
0x9a15342876e19052c3fabcef9bad8507b9623c12,True,2000,1443,1389,54,96.3,3.46,18324.0,41,1786583455102,1788876561567,26.5,-2066.29,0.113,365850.771092,5,4780.58,1.3,False,True,False
0x9a31f7aff78fd464bbceb398e11b82ba633c6525,True,2000,1106,485,621,43.9,1.8,4301.82,3,1788839363902,1788881837727,0.5,711.85,0.165,1527621.813891,3,-632.38,-0.0,False,True,False
0x9a3e0a929b6dc70b679f478bdf8b4a6549312095,True,2000,1007,481,526,47.8,0.82,-1873.54,7,1776005334318,1788740182012,147.4,-535.74,0.286,8085.537014,7,1419.6,17.6,False,True,False
0x9a4f7e4a3da2d6917b3290893a7338b134f843f9,True,2000,838,298,540,35.6,1.48,30837.91,29,1733521135017,1773135692342,458.5,11794.01,0.382,0.0,0,0.0,,False,False,False
0x9a6aaf2396179bd8a41a7a186e4c355f0b813775,True,246,136,37,99,27.2,3.06,2357.69,4,1773072896862,1773187200088,1.3,1828.77,0.776,0.0,0,0.0,,False,False,False
0x9a7bfb21a2aedc475d1526a22d34b388d2196fee,True,2000,1071,392,679,36.6,0.99,-54.7,18,1777487399595,1784810771251,84.8,449.71,8.221,0.0,0,0.0,,False,True,False
0x9a96792cbc71ddcde750c2076a50aafb03ceec05,True,1722,1579,1579,0,100.0,inf,461073.21,1,1784568674848,1787194336728,30.4,16302.98,0.035,0.0,0,0.0,,False,False,False
0x9ab403fb594e541d44fc6525bc680ce09e09c7ba,True,1119,468,301,167,64.3,2.44,3785.65,15,1769697054129,1788880470692,222.0,404.87,0.107,0.0,0,0.0,,False,False,False
0x9ac388b0081a108252fd9a49ebd50c329e0b25f2,True,476,202,168,34,83.2,7.6,15250.35,8,1769892702814,1787881087647,208.2,1372.54,0.09,12088.725843,2,-31188.79,-258.0,True,False,False
0x9af4274128bf812209132caa91c01dabbabc1f0b,True,2000,1147,560,587,48.8,2.69,28422.9,16,1788421045597,1788870103580,5.2,1040.47,0.037,115896.677015,10,106056.14,91.5,False,False,False
0x9b0fcd35fc49521e1531ffe26a8132a3e010db40,True,1636,872,532,340,61.0,2.02,88634.47,14,1758383749797,1787384695566,335.7,20054.26,0.226,22806.812794,2,61804.81,271.0,False,False,False
0x9b30303788deb629efd67f7c1f0dbf15e9a67c01,True,2000,1127,360,767,31.9,1.9,4222.79,12,1787678180041,1788880485970,13.9,2139.9,0.507,6557.756465,1,555.66,8.5,False,False,False
0x9b3fa10e6ab8b3a5d45837872ec704042cc6e72d,True,2000,1023,424,599,41.4,1.16,411.59,52,1785401330822,1788862261475,40.1,130.04,0.316,31896.015171,50,2424.77,7.6,False,False,False
0x9b4e3942bef944aedd38e150592061cae4382fc5,True,2000,1124,563,561,50.1,0.82,-3276.98,21,1787341251561,1787592631094,2.9,-2187.9,0.668,0.0,0,0.0,,False,False,False
0x9b5b1931fa5838a891973f9877c7648c93ee80cc,True,2000,1113,876,237,78.7,2.04,2114.05,19,1782455909705,1783698905067,14.4,-214.56,0.101,100.000002,0,0.0,0.0,False,False,False
0x9b78858331622854f3dc63f9a39d412b6ca124ff,True,357,197,83,114,42.1,0.57,-1067.84,5,1787336700164,1788852123525,17.5,-419.47,0.393,4092.860228,2,325.13,7.9,False,False,False
0x9ba6dbc77028da4fecc715e342145d3753ea3671,True,458,212,58,154,27.4,0.71,-14903.91,1,1776182339863,1788015504982,137.0,-6000.73,0.403,108597.246411,1,-1823.07,-1.7,False,False,False
0x9bbd751ea3eb8ecd87391e7c0c0baad4db716f67,True,1170,551,316,235,57.4,2.22,3864.87,26,1761990349443,1788162532119,302.9,355.14,0.092,1312.651938,2,-432.41,-32.9,True,True,False
0x9bd2ee53f6c6aa778209b8673f6c7df754830c88,True,2000,1307,1307,0,100.0,inf,389911.43,2,1788703519941,1788831911551,1.5,17038.31,0.044,0.0,0,0.0,,False,True,False
0x9bf2df3e97a2a181221424ddc14b18400e94f776,True,2000,845,314,531,37.2,0.23,-74959.47,50,1736516004168,1786459911687,578.1,-16642.33,0.222,0.0,0,0.0,,False,True,False
0x9c13cd6f125da534067113b6c3ea26826e71ad4d,True,2000,959,291,668,30.3,1.0,206.66,12,1780595924796,1783955655135,38.9,-3963.55,19.179,0.0,0,0.0,,False,False,False
0x9c217defbb668835f5ff5a5eba47926b2fd0c488,True,915,458,315,143,68.8,8.28,2853.55,22,1780610871998,1780700199985,1.0,386.17,0.135,0.0,0,0.0,,False,True,False
0x9c3b68b28bbf85fb0722eb172477da152a4d52b2,True,227,117,66,51,56.4,0.17,-2789.24,3,1783552156615,1783833156437,3.3,-479.28,0.172,0.0,0,0.0,,False,False,False
0x9c4627ac5bdc5e2a00aa9264fc81ac70c34e9f63,True,2000,925,125,800,13.5,0.16,-3555.45,10,1778836645242,1779493515335,7.6,-274.71,0.077,0.0,0,0.0,,False,True,False
0x9c5668f70c89c8850d59da0bc2a56dc835bd6a90,True,26,15,6,9,40.0,5.22,598.14,1,1773656457751,1773706608937,0.6,368.55,0.616,0.0,0,0.0,,False,True,False
0x9c690ef099376bf54711b03f69c4e4808b749751,True,219,82,82,0,100.0,inf,66545.2,2,1764076621900,1781845128125,205.7,10078.69,0.151,0.0,0,0.0,,False,False,False
0x9c7a992fcbec4706b06a4a5345b8ef32c0c90739,True,2000,768,246,522,32.0,0.3,-17281.21,6,1776618250708,1788480000030,137.3,-2015.63,0.117,1793.167808,1,1089.65,60.8,False,True,False
0x9c89f595f5515609ad61f6fda94beff85ae6600e,True,2000,1080,1080,0,100.0,inf,743961.56,2,1776088747581,1778058143675,22.8,130360.81,0.175,2510016.563596,2,-3105560.4,-123.7,True,False,False
0x9c9e1e712a0cf7147ab8472e2d8948f89e94bec8,True,2000,1384,941,443,68.0,3.71,12559.76,19,1779550365075,1782517702713,34.3,1617.48,0.129,0.0,0,0.0,,False,True,False
0x9cbca3394b383ca535bc171ccd00110bd7dbe549,True,2000,851,851,0,100.0,inf,13099.69,7,1787156281921,1788697569888,17.8,107.31,0.008,35063.667327,6,49812.65,142.1,False,True,False
0x9cc6d132fedd90bad0b9fd58e6581d744eff20cc,True,1381,571,141,430,24.7,0.43,-12835.23,7,1750367314774,1785738009398,409.4,2644.54,0.206,27524.769094,0,0.0,0.0,False,False,False
0x9ced79a0ae7bd686118fbee9facb10a3f9d32234,True,2000,898,738,160,82.2,2.02,15018.77,32,1783691331824,1788872935064,60.0,1165.42,0.078,6541.205153,3,-2106.47,-32.2,True,False,False
0x9cfd4f6490afa0f78a8179363d337950d3bc1d51,True,189,84,37,47,44.0,2.02,5776.86,11,1770981272085,1781481600049,121.5,2176.35,0.377,14386.044842,0,0.0,0.0,False,True,False
0x9d05a01ec84c6831358a6ef337e554758fbb9166,True,701,203,132,71,65.0,1.16,2057.61,3,1761928553246,1788345108083,305.7,-2627.12,1.277,0.0,0,0.0,,False,True,False
0x9d14bc5538cbc825e29927587253fd4466272049,True,1465,761,528,233,69.4,0.73,-6054.43,29,1770564618888,1785165795253,169.0,-17307.05,2.859,0.0,0,0.0,,False,True,False
0x9d30a90a18a3100d9a52739ec2678e5949388e5d,True,2000,904,342,562,37.8,0.42,-18431.55,6,1778320621052,1778838652820,6.0,-2003.32,0.109,0.0,0,0.0,,False,True,False
0x9d4f19df017564e6f22a2e5426675e06b42bb245,True,544,301,183,118,60.8,0.46,-4510.67,2,1767616210701,1778229541900,122.8,-1119.43,0.248,0.389736,0,0.0,0.0,False,True,False
0x9d67b513067c013f123f57e57f25a6ee64bace32,True,1810,1031,392,639,38.0,0.49,-40202.92,25,1772903589860,1787154287319,164.9,4560.1,0.113,0.0,0,0.0,,False,True,False
0x9d81a3adf84bd66528b62f2bda03e2e24bed3416,True,2000,1090,607,483,55.7,2.36,321.86,118,1788881191392,1788882100172,0.0,51.07,0.159,52793.941977,89,-69.84,-0.1,False,True,False
0x9d9531f11bb464fc2ea968c640dc401646ba0ee5,True,2000,1218,10,1208,0.8,0.0,-184053.15,4,1788485326196,1788874960733,4.5,-8763.06,0.048,129051.184939,1,-112670.27,-87.3,True,False,False
0x9da98cc8e38cef116e3db6c62e495a524400ba3e,True,2000,766,352,414,46.0,0.14,-48895.69,2,1788352947742,1788881280877,6.1,-5389.78,0.11,20388.0216,0,0.0,0.0,False,False,False
0x9dc8832a17c9ba4b1b0e96fdfee2a07ee67ad226,True,187,83,61,22,73.5,1.72,1489.47,1,1785162066286,1786721371142,18.0,-546.45,0.367,0.0,0,0.0,,False,False,False
0x9dd9939e97cc0bd5a5bfa3e0379d90e2e759efed,True,2000,904,301,603,33.3,0.5,-5513.36,15,1772722720322,1788878167985,187.0,1519.27,0.276,8252.147834,1,1758.06,21.3,False,False,False
0x9df0b7243fdf5b9218f12d2c0b1c2ebb17641ff2,True,1254,569,409,160,71.9,11.66,9318.6,3,1767520946126,1774345341350,79.0,928.41,0.1,0.001485,0,0.0,0.0,False,False,False
0x9e02aca9865e1859bb7865f6f64801e804a173df,True,2000,764,219,545,28.7,1.36,1235.47,49,1788769909579,1788882102205,1.3,326.23,0.264,676651.00154,63,65616.61,9.7,False,False,False
0x9e18b7a0596219ff098641d0fa56a9dcfe21ca03,True,286,122,99,23,81.1,6.33,10886.99,2,1780364364451,1788072053023,89.2,2458.93,0.226,0.0,0,0.0,,False,True,False
0x9e2d064b3d55130362cbccb9ccba888d2046085e,True,129,63,18,45,28.6,0.57,-1163.07,7,1733368197710,1788539572132,638.6,-676.06,0.581,1564.948866,2,46.92,3.0,False,True,False
0x9e47851bed9720a706b0d243d0bf7050d5088fad,True,1738,494,433,61,87.7,0.88,-7144.78,5,1773330429202,1787851179923,168.1,-7944.07,1.112,0.0,0,0.0,,False,True,False
0x9e6028dc97dc4cc49b70551c7215c6543810c6f9,True,1665,794,590,204,74.3,1.23,4750.01,34,1753259531026,1788837866402,411.8,-4458.28,0.939,11027.408666,2,-784.22,-7.1,True,False,False
0x9e7639cf80602f32097b666a416062d0dd66a152,True,2000,1020,523,497,51.3,0.67,-18411.23,8,1770733023107,1775051288730,50.0,5509.84,0.299,0.0,0,0.0,,False,True,False
0x9e82d208d8f909434877ad11165a770831c48ccc,True,1154,538,380,158,70.6,6.4,59204.91,18,1743366527074,1787237182263,507.8,4951.01,0.084,0.0,0,0.0,,False,False,False
0x9e95216f90d32987c0283e136131a61de73e2b04,True,2000,788,641,147,81.3,0.51,-17390.56,6,1759496544432,1780372203682,241.6,-15207.98,0.874,0.0,0,0.0,,False,True,False
0x9ead2f621122d267d2670ceeec76972e3b04c1fc,True,2000,952,591,361,62.1,0.95,-1847.48,39,1764025819400,1788513057865,283.4,-2638.86,1.428,0.0,0,0.0,,False,False,False
0x9ebb4366da81ae7d48e2fdf93b21246d6fdf5afd,True,519,304,178,126,58.6,1.15,1365.75,2,1774568685909,1788525994266,161.5,-1012.5,0.741,2859.3908,0,0.0,0.0,False,True,False
0x9ede4033f6c6704f2515cc42e7437e9771f5b663,True,883,333,302,31,90.7,1.55,2638.83,16,1755017886740,1788449951043,386.9,-1283.0,0.486,4184.878206,2,-2784.94,-66.5,True,True,True
0x9eebf6d80113878444f873a812805ebbb86b36a0,True,2000,599,272,327,45.4,1.33,1342.56,1,1788357334493,1788429718797,0.8,-283.36,0.211,0.0,0,0.0,,False,False,False
0x9f07c41d5a1fd70f874482da26c82c4862a7d016,True,2000,1110,906,204,81.6,0.54,-34026.0,36,1724401398971,1788868441421,746.1,-17798.4,0.523,17676.025,2,-2728.8,-15.4,True,True,False
0x9f1a6fff5fc892245e7f24b9a35378f11c4da17f,True,1256,691,434,257,62.8,0.81,-6996.92,2,1781290242249,1781618478611,3.8,-4554.77,0.651,0.0,0,0.0,,False,True,False
0x9f40cd0eece02fa2a05975ad13bc902eff6097c0,True,316,141,95,46,67.4,0.69,-6480.05,8,1769891888008,1787921680021,208.7,-3224.63,0.498,0.0,0,0.0,,False,True,False
0x9f51e7fde1e946ebbb18b997cbac9d01eb691314,True,2000,1045,602,443,57.6,1.03,2551.24,5,1780820177502,1783177179843,27.3,22514.91,8.825,0.0,0,0.0,,False,False,False
0x9f6fed26339789725b0751f57aeac23367ceee57,True,2000,1871,843,1028,45.1,1.45,14893.29,26,1785637086455,1788872555104,37.4,2615.57,0.176,0.0,0,0.0,,False,False,False
0x9f8da4334793311baa9ff4e35d4335d96beb2645,True,2000,1031,337,694,32.7,0.88,-2287.76,4,1787450911046,1788667339451,14.1,1225.55,0.536,0.0,0,0.0,,False,False,False
0x9fb0a115cb9a6d8dc3b254717c65ae4034e17a15,True,396,219,130,89,59.4,4.87,5512.08,3,1770334379955,1779285493602,103.6,527.61,0.096,0.0,0,0.0,,False,False,False
0x9fc436af5fd9e27cf63d56d15770d272864760dd,True,2000,957,589,368,61.5,0.1,-61830.41,37,1766078321081,1778483705465,143.6,-11845.58,0.192,0.0,0,0.0,,False,True,False
0x9fdf0c5b09d9a9432bf3ba5180ee34036fc3ab9d,True,2000,944,734,210,77.8,55.12,111500.6,8,1777687509072,1783120934406,62.9,6049.7,0.054,0.0,0,0.0,,False,True,False
0x9ff3cd172528c5e50340ac0cd91fe8cded58d25b,True,2000,920,656,264,71.3,26.31,26935.85,27,1711059400307,1785527068999,861.9,7779.67,0.289,0.0,0,0.0,,False,True,False
0x9ffe3530a5613d365e1cf88c8e74d5b5d5db1c16,True,2000,955,519,436,54.3,1.34,33210.46,20,1740907016861,1788449859264,550.3,40478.83,1.219,3621.337426,1,-56.76,-1.6,False,True,True
0xa01fbb0ba2c7001462eab6d1d875b475cf5d70b1,True,2000,1027,639,388,62.2,1.22,1721.23,35,1753080592003,1783957751749,357.4,1452.58,0.844,0.0,0,0.0,,False,False,False
0xa034f1191703c63acc0349088a4e0c20376914c1,True,2000,880,344,536,39.1,0.69,-8468.94,22,1780303763469,1787886877988,87.8,-3075.63,0.363,0.0,0,0.0,,False,False,False
0xa051497fb51a13521869aef9a97e2bce16ed2b71,True,2000,885,336,549,38.0,0.81,-1327.98,53,1777370072545,1788874861586,133.2,612.15,0.461,0.0,0,0.0,,False,True,False
0xa05b0640ce9aeb2a06ccd710c036484eb2574a75,True,2000,906,299,607,33.0,0.83,-2379.62,14,1754830177350,1782038334436,314.9,1113.73,0.468,0.0,0,0.0,,False,True,False
0xa070c820cc88017985782ce13a152a6974418d31,True,2000,847,391,456,46.2,1.0,42.94,9,1779610426279,1788759657737,105.9,-1768.28,41.183,0.0,0,0.0,,False,False,False
0xa080a84c8eeb300316732bea69318bc2c3f258e3,True,2000,333,267,66,80.2,4.37,18108.35,11,1782330710530,1788355802586,69.7,3736.61,0.206,0.0,0,0.0,,False,True,False
0xa09f466eebdadc6e5a926b486759a94544a1e6c4,True,462,180,143,37,79.4,1.19,231.78,27,1784519405365,1786934336606,28.0,-194.9,0.841,0.004878,0,0.0,0.0,False,True,False
0xa0b31efd7c2b988efb0fedad43144a621ee96839,True,2000,947,947,0,100.0,inf,295619.94,6,1787530625039,1788821339726,14.9,41855.91,0.142,0.0,0,0.0,,False,False,False
0xa0c2c48b0f45b003ef5939ade967e64eb9e3615f,True,2000,1312,674,638,51.4,1.93,29158.99,38,1787184224863,1788825815516,19.0,2787.56,0.096,14337.911098,10,5167.32,36.0,False,True,False
0xa0d370f7781a0b144093942eee3e0654e838639b,True,253,86,74,12,86.0,21.61,55205.85,2,1779650201721,1787275095881,88.3,15026.9,0.272,0.0,0,0.0,,False,True,False
0xa0ed693068dd35579e88b8c068721b51ca09a259,True,1509,557,451,106,81.0,0.51,-35438.7,7,1784005732966,1787297645214,38.1,-19157.46,0.541,15743.417214,1,7179.0,45.6,False,True,False
0xa0fd9b88a2b3851864ce120cbf4f043c4724243a,True,2000,1064,464,600,43.6,0.69,-501.33,25,1781459915577,1784662702120,37.1,62.62,0.125,0.0,0,0.0,,False,False,False
0xa1167dd42fd77a78120a3349b9d58dc9f8dec2a5,True,103,57,54,3,94.7,3372.29,6135.91,4,1762412989200,1788768920437,305.0,1170.34,0.191,0.0,0,0.0,,False,True,False
0xa13f969f1e3cf582d673f55fae7bd2e878120a44,True,284,141,119,22,84.4,0.22,-4205.68,1,1776656349436,1776941588506,3.3,-3960.74,0.942,0.0,0,0.0,,False,True,False
0xa168f51d1ec7f7a4cd38e9b6a461b05f64acfac8,True,2000,1131,651,480,57.6,1.01,565.08,13,1780277627350,1788531196068,95.5,-9079.83,16.068,0.0,0,0.0,,False,False,False
0xa180e7a0dd22d55e09a4c439e7bb2ae3c91dc0b7,True,2000,985,955,30,97.0,1949.4,71995.7,12,1783474595213,1788697671466,60.5,10603.08,0.147,64115.228803,1,-52254.82,-81.5,True,True,False
0xa19685062f439f6882cf149cd76e33a2d9be0df6,True,1695,857,549,308,64.1,1.58,55987.64,19,1733166473298,1788880799320,644.8,14585.92,0.261,1117.028928,1,-37.62,-3.4,False,True,False
0xa1b6d8efbcb2fb750a84dbc05649fa4968034f04,True,2000,837,821,16,98.1,326.22,2833.43,15,1787375576696,1788880270521,17.4,66.36,0.023,187251.670089,6,-28.07,-0.0,False,True,False
0xa1c5c31c46b310badcec46ecb74cdf4e2d9db6e7,True,2000,860,437,423,50.8,0.33,-295.17,19,1772242267725,1780528120377,95.9,-360.58,1.222,0.0,0,0.0,,False,True,False
0xa1d22621c9b077ce4ac468908114a82b2de4a8db,True,2000,807,502,305,62.2,3.42,2981.9,1,1788837788614,1788882361276,0.5,46.4,0.016,14328.226299,1,-1134.06,-7.9,True,True,False
0xa1ef86dcc8146eaa7aaa4dbd97d9fb2a912752b6,True,2000,1265,1086,179,85.8,3.1,21234.93,10,1788515005951,1788881681389,4.2,-3481.21,0.164,2996.128636,1,-230.36,-7.7,True,False,False
0xa202cfeb13b381ca0ea73ec740a46f07e9f31934,True,773,391,120,271,30.7,0.3,-5050.58,1,1781829753047,1781893827447,0.7,-459.77,0.091,0.0,0,0.0,,False,False,False
0xa21c66a74cb6ade440fae245eafa86de865180c1,True,962,437,183,254,41.9,1.16,1875.36,12,1734781471245,1784043426130,570.2,-3262.18,1.739,33002.67908,1,13299.29,40.3,False,True,False
0xa230ff0513828b5d3c86944c23ec89023bf49a6f,True,2000,1059,497,562,46.9,0.81,-12350.71,5,1780435957587,1788868436515,97.6,-4498.76,0.364,2773.353835,1,-426.99,-15.4,True,True,False
0xa24c007a0a47e40f860d4d7103b916b71f959d47,True,2000,897,261,636,29.1,1.01,1452.61,14,1778407999573,1788348411464,115.1,22149.81,15.248,0.0,0,0.0,,False,True,False
0xa252bbdcb1cf63c1ed3aa7e129c72c76765b39ce,True,207,104,71,33,68.3,0.38,-12804.14,9,1756677634362,1773078007642,189.8,-3663.48,0.286,0.0,0,0.0,,False,True,False
0xa26c0b6757a1482f0e35d66b5660a9abf8b0cc7d,True,814,386,263,123,68.1,0.28,-40878.84,5,1766119651250,1788831284749,262.9,-10118.05,0.248,3963.660365,1,-3610.5,-91.1,True,False,False
0xa28c36ebe9ef68255a1e4f80fa36ac737e6481bc,True,296,123,59,64,48.0,0.45,-1556.13,32,1732923968118,1788810089551,646.8,-880.91,0.566,734.404169,1,8.57,1.2,False,False,False
0xa29b8eb97a418ef4a0fdd774bd996d6f8e5f928f,True,603,284,152,132,53.5,0.54,-151.97,16,1744822545012,1779321600086,399.3,-71.0,0.467,0.0,0,0.0,,False,False,False
0xa2a98a0b646e85b186c5f1c3508e2c4b71664ed9,True,110,46,28,18,60.9,0.66,-3973.56,4,1740680221808,1779833953465,453.2,-10926.09,2.75,0.0,0,0.0,,False,True,False
0xa2c3a85b3e148b94ba110ec1c167894376fcd978,True,2000,987,375,612,38.0,0.6,-10876.02,25,1760069960734,1788723931546,331.6,-3305.94,0.304,0.0,0,0.0,,False,True,False
0xa2e366c4e2d453cab49cc9c64f0670fd2fd060a3,True,2000,897,381,516,42.5,2.36,18657.08,22,1787928545916,1788882266406,11.0,2760.86,0.148,29750.540439,7,3757.61,12.6,False,True,False
0xa304c235ccacab82f241b17d6451883eb4888028,True,1968,965,335,630,34.7,0.68,-7032.83,48,1707141660816,1788874796675,946.0,1768.86,0.252,10261.963505,1,3738.46,36.4,False,True,False
0xa312114b5795dff9b8db50474dd57701aa78ad1e,True,2000,773,740,33,95.7,23.33,58408.8,6,1788751266751,1788875788215,1.4,992.1,0.017,1553381.751824,16,-2539959.79,-163.5,True,True,False
0xa3190e667fd99376ecb66f57ce0298d571271e2b,True,2000,970,545,425,56.2,2.15,52770.26,64,1762298481636,1788836851862,307.2,17730.87,0.336,4622.546517,4,1829.26,39.6,False,True,False
0xa32533a01bfca623badfaba89fa28c079b8671f7,True,2000,1304,1052,252,80.7,6.56,32713.94,23,1786633027506,1788872785639,25.9,1538.34,0.047,69927.14978,6,6286.34,9.0,False,True,False
0xa33520ae3fbd837ea0a9501c8cbb19d37cc69521,True,523,217,90,127,41.5,2.39,66540.51,4,1780414759930,1788149207128,89.5,9198.3,0.138,52833.295934,2,-22896.31,-43.3,True,True,False
0xa3441428b1faacc1a6d41d35df00fb24597c2b73,True,2000,823,376,447,45.7,1.38,8838.93,5,1760720676348,1776529095252,183.0,9528.67,1.078,0.002026,0,0.0,0.0,False,True,False
0xa35d6e4591f801f73d75f6d3058e231e199b5e80,True,2000,897,347,550,38.7,0.68,-8301.75,16,1785162312230,1788857243048,42.8,1521.55,0.183,0.0,0,0.0,,False,True,False
0xa36ec0194012e4286ffb8b43ca84151bfcffec7b,True,2000,1172,549,623,46.8,1.16,3085.86,9,1772726802693,1787691171127,173.2,-2916.16,0.945,0.0,0,0.0,,False,True,False
0xa3834130933915585915da0e7e692275670d9cca,True,2000,1017,594,423,58.4,1.12,1872.48,45,1758996323882,1776350756323,200.9,-1039.77,0.555,0.005908,0,0.0,0.0,False,True,False
0xa3910b710b8a68d8fd77459e5aeee0b05e631360,True,2000,1088,421,667,38.7,0.09,-431785.46,12,1783022442307,1788449513254,62.8,-49811.56,0.115,0.0,0,0.0,,False,True,False
0xa3a61de9ebe65699e96316bb95e25956e5bc2750,True,954,524,178,346,34.0,0.89,-314.16,10,1787134480956,1788861998244,20.0,411.6,1.31,19298.848447,2,-1201.11,-6.2,True,False,False
0xa3bd669bbb7fc764ea941587466ac710bb9e3609,True,2000,1011,568,443,56.2,2.89,53203.94,10,1776417331079,1788449770164,139.3,14249.46,0.268,0.0,0,0.0,,False,False,False
0xa3d843b6a057504284006bef6f34a2e9bc80fb6b,True,2000,1127,139,988,12.3,0.04,-1858156.49,8,1780551266309,1787325398029,78.4,-22972.69,0.012,0.0,0,0.0,,False,True,False
0xa3fa8b73493d7a7c186ec2066e3d741d1807e222,True,2000,625,306,319,49.0,0.9,-85.86,21,1750186981093,1788875712975,447.8,69.86,0.814,227.212518,1,18.91,8.3,False,True,False
0xa40f2c85f814827d9bc01d6e2e6328832991076e,True,2000,963,549,414,57.0,1.96,189.55,24,1784201209462,1788861270547,53.9,16.51,0.087,0.0,0,0.0,,False,False,False
0xa4247526997374fdab0bad6f63c9f3daca8f22d4,True,857,343,297,46,86.6,11.52,176111.51,14,1773187984604,1788838159283,181.1,52457.25,0.298,142192.349244,1,9144.0,6.4,False,True,False
0xa43682a1f129e4faf0152175cc03c44e4957e8cf,True,2000,1129,1129,0,100.0,inf,2182642.0,1,1784273959302,1787511519532,37.5,675661.83,0.31,0.0,0,0.0,,False,False,False
0xa445a0a15b1d50fa0c4bfe6796d9447e0da5329d,True,2000,1963,1153,810,58.7,0.07,-2082948.07,11,1787826370196,1788852580446,11.9,-82166.99,0.039,186421.372325,2,-91061.15,-48.8,True,False,False
0xa4536787a7a687edae7b9e5d13f82c182f6d06b7,True,2000,915,559,356,61.1,0.66,-2162.58,12,1776370816869,1779321600086,34.2,313.55,0.145,0.0,0,0.0,,False,False,False
0xa4604d5e229b12bf2c40eb36146dcb4c34691415,True,146,61,36,25,59.0,1.01,24.92,8,1777921117848,1788881024811,126.9,665.18,26.689,0.0,0,0.0,,False,True,False
0xa474e6d442e6a48a8f6defeb000d6214c36c7b0e,True,447,434,434,0,100.0,inf,21828.47,6,1782174436617,1782226726584,0.6,2762.47,0.127,0.0,0,0.0,,False,True,False
0xa48bd61cf05a51935842c077f175a53fae49b3a4,True,2000,877,289,588,33.0,2.71,16241.56,22,1785356885559,1788880149040,40.8,640.31,0.039,59424.501304,6,44060.34,74.1,False,False,False
0xa4a8840b76ae2fc50c4ea9af37515beeb92957a3,True,2000,1083,632,451,58.4,1.63,20269.06,62,1755798208481,1788879774444,382.9,-2037.04,0.1,8472.071335,3,8335.09,98.4,False,True,False
0xa4be79d615d00ff8ff64d3021a9524fcb24a3bbb,True,1559,699,264,435,37.8,1.05,589.62,43,1770838308074,1780944303428,117.0,1549.84,2.629,0.0,0,0.0,,False,True,False
0xa4def896580eb78603cb59167c87928cb52e657b,True,2000,1070,554,516,51.8,0.66,-2889.94,66,1782441249279,1788821607301,73.8,-483.6,0.167,7307.31929,22,-4408.98,-60.3,True,True,False
0xa4f59cb283f23a8427e9e78e3882b4d2a1ce771b,True,2000,1001,462,539,46.2,1.3,1168.17,51,1786111323537,1788862545957,31.8,231.58,0.198,51714.440891,50,4508.2,8.7,False,False,False
0xa50eb9500787c322ca5bfca2adcc0eeb146fb2d9,True,2000,1073,712,361,66.4,1.41,12952.31,2,1768600933769,1776668818898,93.4,-2912.57,0.225,0.0,0,0.0,,False,False,False
0xa52507fc8e3f14c686b965e6b660267e86a6e1bd,True,2000,1808,1323,485,73.2,2.21,10791.64,19,1787376567279,1788811878457,16.6,347.53,0.032,0.0,0,0.0,,False,True,False
0xa543bff193d61895b02c4997b7faa6f63267f95a,True,2000,1030,373,657,36.2,1.44,18862.1,43,1747939087348,1788787245980,472.8,6507.51,0.345,7951.525017,1,-227.59,-2.9,False,True,False
0xa55cce548b18cdfa48cf5d30f0be7e9669370b02,True,689,400,206,194,51.5,13.25,55761.72,7,1772640782914,1775399538323,31.9,3455.07,0.062,0.0,0,0.0,,False,False,False
0xa577a079c5326a43db804d17c3b1e138cd0fbce4,True,1866,813,236,577,29.0,0.89,-8126.11,9,1780974004003,1788540927110,87.6,-6877.55,0.846,0.0,0,0.0,,False,True,False
0xa590a393cc3e1776a47f32fd99ef5fc7c464a243,True,2000,1222,725,497,59.3,1.03,952.55,28,1787291773358,1788860018841,18.2,6196.48,6.505,0.0,0,0.0,,False,False,False
0xa5b0708a82f873cf54b7953ef499482c348f8881,True,2000,1118,704,414,63.0,0.74,-953.22,5,1774364460665,1785673307096,130.9,167.55,0.176,0.0,0,0.0,,False,True,False
0xa5d3ab342ecb6b191030fcd21212ef0006f9bfe4,True,2000,843,572,271,67.9,11.53,40613.87,4,1788356511011,1788877068656,6.0,783.27,0.019,20072.272391,2,813.02,4.1,False,False,False
0xa5eb910ec9176dc15c8419616e19e2ff0100dbdd,True,2000,906,608,298,67.1,4.31,29204.19,38,1780811052107,1788881913397,93.4,2866.84,0.098,30557.831783,12,6761.0,22.1,False,True,False
0xa6094d47862fcd0cf36fff16b848a6a95785c587,True,696,299,211,88,70.6,0.45,-9588.3,27,1733467327656,1788881982390,641.4,-3046.07,0.318,7875.857417,1,7.11,0.1,False,True,False
0xa61c57d0d1a83c02542092b431999b9870dd66b9,True,2000,1229,429,800,34.9,0.5,-425183.78,3,1762447428683,1788878980989,305.9,-48618.0,0.114,4047287.992407,2,136695.19,3.4,False,True,False
0xa62d6eb5d7891708c5281afe239fac6c071e4fa3,True,2000,1134,533,601,47.0,0.92,-2332.93,107,1766469996599,1778171202151,135.4,1444.26,0.619,190132.811529,0,0.0,0.0,False,True,False
0xa64652a0268f7cc1cb0b4c1cb278f3ee195d72b2,True,2000,546,306,240,56.0,0.17,-46977.2,27,1783044061903,1788881146026,67.6,-16309.17,0.347,273.620672,2,2.98,1.1,False,True,False
0xa65e87bc614c0f92037303804d79383d8aeaf564,True,2000,981,443,538,45.2,1.66,20787.91,67,1717053382009,1788874819155,831.3,-3119.42,0.15,0.0,0,0.0,,False,True,False
0xa66cb18766461203b0912f65f7e9b97604bfa779,True,1380,621,478,143,77.0,0.39,-54232.89,71,1700330780596,1788672184283,1022.5,-41582.65,0.767,9016.287083,1,-1024.83,-11.4,True,True,False
0xa682e2e14052015e1c01f4601956d100ae071e6f,True,56,22,22,0,100.0,inf,787.03,1,1780741481453,1780744664449,0.0,241.57,0.307,0.0,0,0.0,,False,False,False
0xa6a00421798569daec11cb84df201ae620a1419f,True,328,143,35,108,24.5,2.48,2271.45,4,1774654230306,1788346218515,158.5,1468.63,0.647,2028.914183,1,333.38,16.4,False,True,False
0xa6b5a3d47e1da5e75d93f58ad97c5b65e786e86e,True,2000,1175,737,438,62.7,1.18,17451.78,6,1786663098650,1788851163181,25.3,-13206.94,0.757,0.0,0,0.0,,False,False,False
0xa6c9c1886ebfc76a4f409cb325e85916c0c4632c,True,2000,1942,1030,912,53.0,0.61,-18158.34,68,1783003659750,1788878398311,68.0,2485.01,0.137,0.0,0,0.0,,False,True,False
0xa6e2dc44418f5ad213c86db4dbb203a59d13c49f,True,2000,1017,191,826,18.8,0.01,-90170.28,9,1788543409245,1788879961099,3.9,-6896.14,0.076,92573.037298,6,-11972.01,-12.9,True,False,False
0xa6f9b02d98769ffa2a33910f36b0b5738f8d4d5e,True,1259,650,576,74,88.6,6.2,159879.98,5,1711727527958,1781888162669,812.0,24624.05,0.154,0.0,0,0.0,,False,False,False
0xa70e3e7c059d850be9feac202080102732b6df46,True,1912,965,341,624,35.3,0.62,-2330.17,11,1776642574501,1782042849591,62.5,-324.29,0.139,0.0,0,0.0,,False,True,False
0xa7269d61cd81fe99dd8174166f5f90164a256101,True,2000,1021,121,900,11.9,0.37,-154855.54,2,1775805442578,1776129894580,3.8,-18972.75,0.123,0.0,0,0.0,,False,True,False
0xa739f36c8223c49ee49c688f8679cd0335d279d6,True,801,341,135,206,39.6,0.7,-36662.68,3,1735572536443,1787394022762,599.8,-11839.46,0.323,7708.766233,1,-5768.28,-74.8,True,True,False
0xa765a629f11f538f6d67e3fdf799baed1506017d,True,69,47,32,15,68.1,21.3,2024.34,7,1757296483523,1775229858715,207.6,759.24,0.375,0.0,0,0.0,,False,True,False
0xa77276d2c405b7e959e4782238783fa7ce12eec1,True,129,106,106,0,100.0,inf,1763.01,1,1783415638765,1783416035573,0.0,409.58,0.232,0.0,0,0.0,,False,False,False
0xa789a6d81c24b3bf7773fdf0f16246d7c5d12148,True,2000,1030,415,615,40.3,0.54,-8337.42,15,1783950177128,1788878340592,57.0,-1327.96,0.159,0.0,0,0.0,,False,True,False
0xa7abb9acff965159711b4d319705a0a79e1a262b,True,999,536,331,205,61.8,0.73,-2857.63,19,1741523450734,1780613998272,452.4,-1198.98,0.42,0.0,0,0.0,,False,False,False
0xa7d1f1dd8ce0d8247c43046350d17357a6db2cee,True,2000,1879,1788,91,95.2,1.12,1448.27,3,1780146090100,1788735805024,99.4,-2154.03,1.487,4834.046216,2,9550.37,197.6,False,True,False
0xa7ec372ed043801c2f36028ada0b08aec901673d,True,483,250,160,90,64.0,24.13,4514.77,3,1777771237991,1778482921610,8.2,427.92,0.095,0.0,0,0.0,,False,False,False
0xa7fb2a04a7802cbdf05b1676a2fe490960cd8e43,True,2000,654,381,273,58.3,0.26,-15756.3,11,1772893081075,1781278810633,97.1,-4513.39,0.286,0.0,0,0.0,,False,False,False
0xa80c6b78751e69cd33393df1882e31420d428963,True,2000,913,288,625,31.5,0.82,-2079.28,47,1786564438012,1788881798816,26.8,-2440.9,1.174,5731.009373,2,139.22,2.4,False,True,False
0xa82f9eb7d929d589c2f7a234b96fd6877addbcfe,True,1621,513,233,280,45.4,1.11,1496.36,12,1740496728470,1788297622850,553.3,1517.73,1.014,10686.782562,4,2722.92,25.5,False,True,False
0xa8445a342dcb9dc51b403cb74d7491372a40c477,True,1872,657,450,207,68.5,1.74,5413.2,1,1783055248139,1785531381376,28.7,-652.24,0.12,0.0,0,0.0,,False,True,False
0xa85ccb0dab8e8aaf3418d1a47b82cd72e6d5c4be,True,1772,866,490,376,56.6,0.71,-12465.26,34,1753312175935,1780700966717,317.0,-2782.02,0.223,0.0,0,0.0,,False,False,False
0xa865bef28b6639122c32001a104db41299e8658a,True,2000,1022,503,519,49.2,0.86,-1818.21,2,1782500275995,1788853258863,73.5,-449.33,0.247,0.0,0,0.0,,False,True,False
0xa875c42185070803a282fc5f0e9471e90edede2c,True,2000,1275,553,722,43.4,1.01,63.25,32,1783468875076,1788649585583,60.0,822.27,13.0,0.0,0,0.0,,False,False,False
0xa887c9930c0c1938ba7e5edc2ddbed0225ddfe45,True,2000,869,622,247,71.6,2.48,23822.91,11,1785811388301,1788108715848,26.6,-3448.75,0.145,0.0,0,0.0,,False,True,False
0xa899133b2d5db6d0a7625193f027424fc0ef0d7f,True,2000,633,584,49,92.3,22.7,3106.73,2,1785428386444,1788835969883,39.4,231.94,0.075,1602.039414,1,-128.82,-8.0,True,True,False
0xa8a8e09d5d278042e640486c4e5aa837ff03fc2d,True,236,124,71,53,57.3,1.37,2018.97,3,1783600472580,1788874473955,61.0,1906.48,0.944,7864.067704,1,-573.75,-7.3,True,False,False
0xa8bbbd1f531f5b904f750d02c3b0e338f202c463,True,1215,611,263,348,43.0,0.79,-6000.02,21,1779856226533,1788821169182,103.8,4344.45,0.724,8129.650609,2,1778.11,21.9,False,True,False
0xa8d905f82b1c8351c815032a163fff2ca9727fe8,True,559,228,193,35,84.6,4.03,36965.91,5,1759760572103,1787636083720,322.6,14815.3,0.401,31860.735608,3,-53938.64,-169.3,True,True,False
0xa8fbcb78c885e7a8806ca58963b7786b4b3c0153,True,2000,984,468,516,47.6,1.22,1680.53,33,1781594196596,1788882689650,84.4,1191.54,0.709,0.0,0,0.0,,False,True,False
0xa90b37f975d4c61276ac1ffaa1255e696432118c,True,2000,478,316,162,66.1,0.15,-47362.91,21,1778502921980,1787166941856,100.3,-16298.81,0.344,0.0,0,0.0,,False,True,False
0xa91d914479dc70fe552fed5fc158a25c09bc3ed5,True,2000,969,491,478,50.7,0.77,-1367.38,30,1776026945968,1778492917943,28.5,-856.58,0.626,0.0,0,0.0,,False,False,False
0xa9400eb6dc4f7a8204b5069f33b54253cb94d2cd,True,1805,860,408,452,47.4,0.85,-3121.35,5,1786443290821,1788526143582,24.1,-1319.07,0.423,83281.117078,1,4301.95,5.2,False,False,False
0xa95db61bd736644051f14c644c92b93a63ce8242,True,2000,1496,801,695,53.5,1.01,0.45,5,1788828291934,1788882949005,0.6,2.25,5.014,13597.880662,3,-1.11,-0.0,False,False,False
0xa977f705af7c749ff2ef8a4ae4b4588ce7e8504a,True,2000,918,181,737,19.7,0.23,-122763.0,15,1755181164144,1787541977646,374.5,-16890.56,0.138,0.0,0,0.0,,False,True,False
0xa98eae419a4e15d90387aa8478d9fd92e6e36127,True,2000,942,444,498,47.1,0.58,-20064.72,11,1779946793893,1787932551710,92.4,6310.51,0.315,35922.965936,1,-25861.01,-72.0,True,True,False
0xa9a085fe9397533d3179636bdb6d8986a360092c,True,2000,973,441,532,45.3,2.5,18149.69,21,1784928156290,1788806849146,44.9,4542.46,0.25,0.0,0,0.0,,False,True,False
0xa9b95f2a2e7ef219021efc5c04c32761b8553bbd,True,2000,2000,2000,0,100.0,inf,3295513.97,1,1787223741734,1788698297170,17.1,90112.67,0.027,1944334.237047,1,11083611.92,570.0,False,False,False
0xa9d18532475e6ce1188658ca12604432a9a06a5a,True,2000,1024,473,551,46.2,1.74,32949.89,30,1764781255707,1788636697807,276.1,8797.63,0.267,1187.336589,2,2583.1,217.6,False,True,True
0xa9e68deb8d02036c55a5cb63e93b86b929459758,True,2000,1314,971,343,73.9,0.9,-4519.8,10,1778026191941,1788373348898,119.8,3146.31,0.696,10188.089352,1,-6655.69,-65.3,True,True,False
0xaa0dd043ab6c55900c3762f630e8e27901d857f4,True,2000,1005,266,739,26.5,0.42,-9623.16,15,1773840353999,1777161600025,38.4,762.38,0.079,0.0,0,0.0,,False,False,False
0xaa2a33c424b92cdc042e40c522cb48e586e83026,True,2000,753,248,505,32.9,5.29,15992.23,3,1785740255361,1788405214096,30.8,155.72,0.01,147470.277598,1,-529559.53,-359.1,True,True,False
0xaa44894f7c04c77fcf2807576834b93f6a8cb844,True,2000,814,500,314,61.4,0.53,-53738.06,8,1785011591275,1788753649747,43.3,-7440.11,0.138,111140.39692,2,-6827.89,-6.1,True,False,False
0xaa54dedd6fc6d38d811cfbf7c658a6c912869060,True,644,268,106,162,39.6,0.89,-1000.88,26,1762588046677,1788588957639,300.9,-1202.44,1.201,34840.083202,2,499.96,1.4,False,False,False
0xaa6211f3f6977579d7c8fdc9c41a71e75086a22c,True,2000,999,364,635,36.4,0.45,-7812.8,10,1785505912678,1788795705730,38.1,651.64,0.083,0.0,0,0.0,,False,True,False
0xaa7a2106d961c66a8cf47dafa9deeaae7600af37,True,2000,1132,797,335,70.4,1.4,108309.84,3,1788335335302,1788882715112,6.3,-18057.19,0.167,2308582.395104,3,-14914.11,-0.6,False,True,False
0xaa8b91aa625a66d8b7cea17f08381f32347a18fb,True,207,104,58,46,55.8,8.81,6730.62,22,1764852441975,1782556511571,204.9,491.06,0.073,0.0,0,0.0,,False,False,False
0xaa9cadf607d79939ba923c176cb6af544879f23f,True,560,242,106,136,43.8,1.92,8151.37,5,1705228120150,1781604008274,884.0,6743.39,0.827,0.0,0,0.0,,False,True,False
0xaaadbd393dd7902b28794a0c71f84aaf69278ef9,True,2000,935,446,489,47.7,1.05,1080.76,31,1770665751698,1788798882127,209.9,-1344.27,1.244,3699.500728,1,429.88,11.6,False,True,False
0xaad520ba1e1cba594301e671f6ef52004bc5bf8d,True,1060,554,194,360,35.0,0.4,-33011.39,21,1739080904530,1781211313907,487.6,-8670.77,0.263,0.0,0,0.0,,False,True,False
0xaaea5c93c8c2a08fe162937f287d96a73ec62fcf,True,2000,918,621,297,67.6,0.73,-56820.73,14,1739445857479,1782988200313,504.0,-22980.64,0.404,31670.9869,1,4376.77,13.8,False,True,True
0xab01898660d5f33b98f699f209f4e1180a24d560,True,1324,732,123,609,16.8,0.92,-682.66,3,1777558513057,1781557172688,46.3,812.01,1.189,0.0,0,0.0,,False,False,False
0xab10fe88ace8bc8113769f510b80bd811d09a5c5,True,2000,1028,977,51,95.0,4.12,7096.95,7,1761837450940,1783932622536,255.7,1231.24,0.173,46791.295337,2,-58702.19,-125.5,True,True,True
0xab300cd1e9cc0c9142129547406237a0dad34078,True,2000,1793,869,924,48.5,1.19,1236.64,8,1787725613614,1788854631860,13.1,-370.77,0.3,0.0,0,0.0,,False,False,False
0xab47e5881d92c6a7c8d214b141b805f963ccc133,True,2000,854,340,514,39.8,0.21,-90768.04,5,1788525148517,1788875887627,4.1,-6947.62,0.077,0.0,0,0.0,,False,False,False
0xab5dec6e12d03ddc7c9771288c36434a6a696d5c,True,665,449,120,329,26.7,0.77,-1005.28,7,1776539746149,1782203220982,65.5,672.72,0.669,0.0,0,0.0,,False,True,False
0xab7500c64ed624e6423ff8143481b0b411cf790d,True,2000,821,542,279,66.0,0.48,-46152.76,58,1759309226561,1788861368042,342.0,-20743.98,0.449,9282.606046,0,0.0,0.0,False,True,False
0xab86330839ff5b33e0c41980880b5a66b643c0df,True,1652,725,287,438,39.6,0.71,-13344.52,12,1778728974797,1785471799506,78.0,-2335.78,0.175,0.0,0,0.0,,False,True,False
0xabafba4de7adcfa216956f35df54349fc7fd8bf0,True,1367,653,303,350,46.4,0.89,-762.54,26,1782202697602,1788852912290,77.0,-1012.64,1.328,84.440867,1,-18.89,-22.4,True,True,False
0xabdbca561f51626a217cbacdd95fcbd95b6484ac,True,2000,891,611,280,68.6,1.19,3963.59,10,1776779237333,1787943391107,129.2,-937.26,0.236,664882.6765,2,480485.28,72.3,False,False,False
0xabf62207a7531c338f6c5ce3419b326fcedb5665,True,477,325,308,17,94.8,39.74,40999.65,4,1770474681403,1787633416162,198.6,5192.5,0.127,0.0,0,0.0,,False,False,False
0xac105920f0ad0a33cf069b0061f136d0dfef62b4,True,2000,927,384,543,41.4,0.85,-4416.65,4,1785762981310,1788324486023,29.6,3829.18,0.867,0.0,0,0.0,,False,True,False
0xac1b86243030a317890e0ce5cbbb6b498fd5922f,True,1042,458,217,241,47.4,1.98,16228.03,25,1768408863916,1785525379836,198.1,7119.2,0.439,0.0,0,0.0,,False,True,False
0xac30368807b9757a261e431630a040d7ef5a0761,True,2000,955,381,574,39.9,0.7,-4357.13,32,1773047432492,1780517150217,86.5,-1462.63,0.336,0.0,0,0.0,,False,False,False
0xac487c027ffe32021bbba77e30786f8c8f353201,True,2000,1286,989,297,76.9,10.46,908837.94,14,1787339929143,1788705047921,15.8,67575.5,0.074,1372838.030906,12,27387.07,2.0,False,True,False
0xac659ecb7e6397994e443b5e983c9c3a51f8cd33,True,2000,1067,429,638,40.2,0.94,-212.85,1,1777039246337,1778358695116,15.3,-195.74,0.92,0.0,0,0.0,,False,True,False
0xac74f5f193f1a51312c6034a26a06e04f53419dd,True,2000,856,374,482,43.7,0.29,-7452.73,3,1788658140651,1788876972917,2.5,-581.96,0.078,47666.081334,3,-1664.22,-3.5,False,True,False
0xac83f94b8eabb82464c17529007799cc0c3c9f4d,True,2000,976,389,587,39.9,0.16,-35621.96,6,1781735571648,1788044537238,73.0,-1917.53,0.054,0.0,0,0.0,,False,True,False
0xac93417972fddbe6baedd5c44e8cd996b9bebbc6,True,1218,179,25,154,14.0,0.47,-5796.34,8,1782085992517,1788313924538,72.1,2075.4,0.358,0.0,0,0.0,,False,True,False
0xaca7bcde376f544981024acff84806eea14c8750,True,2000,987,368,619,37.3,1.15,8187.79,11,1765557693796,1787665161100,255.9,7965.09,0.973,0.0,0,0.0,,False,True,False
0xacbcaf02a1a6b9e4734a0781ea0406e3e088d823,True,2000,1214,297,917,24.5,0.38,-9690.31,14,1778286808613,1784487205612,71.8,-3393.7,0.35,0.0,0,0.0,,False,True,False
0xacd635ca785b56f66c741beb723cc75b3c4aac3c,True,1181,626,420,206,67.1,0.72,-5158.33,33,1716998697827,1780614733859,736.3,-5853.7,1.135,0.0,0,0.0,,False,True,False
0xacf8c0dc9b17a03986d1f4171d56ebc9e1dfb205,True,2000,981,360,621,36.7,1.2,6272.3,15,1741919537370,1783853251282,485.3,2080.76,0.332,0.0,0,0.0,,False,True,False
0xad036767df5bb93c4800ab3edbd285d56ecdbcf5,True,2000,825,97,728,11.8,0.12,-78764.67,12,1776418965520,1780315408549,45.1,-4382.96,0.056,0.0,0,0.0,,False,True,False
0xad188cba2b527ee0b9f66744ecd8afecbb4b1ec5,True,2000,916,331,585,36.1,0.67,-31675.57,24,1762793426172,1788525257699,297.8,-19003.06,0.6,36479.21954,1,9809.96,26.9,False,True,False
0xad3117fe75809e83e0dfbc3139d7b390ca2da688,True,1231,569,267,302,46.9,0.68,-26347.0,4,1770481540202,1773684552969,37.1,-11255.14,0.427,0.0,0,0.0,,False,True,False
0xad4e801ff1bf05878dc46ba642274734394f67f5,True,376,157,117,40,74.5,4.02,21101.99,1,1772264130620,1787303299338,174.1,1200.86,0.057,0.0,0,0.0,,False,False,False
0xad57623aac7702a7faf97049e7a7dbc92331e3a5,True,2000,656,146,510,22.3,0.79,-2277.79,11,1783320346227,1788272009805,57.3,376.42,0.165,0.0,0,0.0,,False,True,False
0xad6839a1fb087e2710c6f427c3d8b5345c7bb039,True,609,315,90,225,28.6,0.69,-2021.54,32,1775625290628,1788314649445,146.9,808.54,0.4,0.0,0,0.0,,False,True,False
0xad818cd56dd291dec5a283ed889d44f404982bd2,True,2000,940,325,615,34.6,0.53,-9005.29,6,1787644840944,1788812052671,13.5,1154.69,0.128,0.0,0,0.0,,False,False,False
0xad985899e8370b270fec50343c003c7cd13d303d,True,480,228,126,102,55.3,1.76,4026.57,1,1773680965916,1775217738748,17.8,1159.8,0.288,0.0,0,0.0,,False,False,False
0xadbce2b5552c7da805af6381908cb86dc4cb1c62,True,2000,1381,602,779,43.6,1.21,18641.69,26,1776824628082,1788523261412,135.4,-12946.91,0.695,17161.661088,2,8837.49,51.5,False,True,False
0xadcbc1f36213b15399e0497508c50a1cda7bf08f,True,2000,1175,650,525,55.3,1.24,98.84,3,1788866819841,1788883357171,0.2,-37.65,0.381,0.047997,0,0.0,0.0,False,False,False
0xade2c20e99aa3ce0222c67fc0061fb0a88e0a7c0,True,2000,957,486,471,50.8,2.8,37765.99,13,1787294715050,1788788244097,17.3,2510.46,0.066,0.0,0,0.0,,False,False,False
0xadf772b7f7d50887367a7a15d9f415996083656f,True,224,93,70,23,75.3,1.5,3055.32,2,1782913433423,1786992644536,47.2,-1825.28,0.597,0.0,0,0.0,,False,True,False
0xae009072ca37fa6f555335be7c3ff5a3536e4382,True,1976,921,727,194,78.9,0.82,-15210.9,3,1771113933663,1788700031074,203.5,-9533.89,0.627,5016.040123,0,0.0,0.0,False,True,False
0xae18324f0003bc45df65c16e3b983b5224ab52fe,True,2000,1045,379,666,36.3,0.52,-21683.03,5,1785443476005,1788812325673,39.0,4823.32,0.222,0.0,0,0.0,,False,True,False
0xae2c244c913d372c5f0fa9081c123f6f7870ee31,True,681,453,318,135,70.2,2.06,4614.63,15,1780486780655,1788529443110,93.1,-832.35,0.18,0.0,0,0.0,,False,True,False
0xae36f07b515ca36845a9c81a6a3917a007994cd5,True,1055,506,303,203,59.9,0.93,-756.5,3,1769263364522,1780080743069,125.2,-5638.11,7.453,0.0,0,0.0,,False,True,False
0xae5f7ac31ffe7c6608e20b088c1a3200cc4dd448,True,2000,999,334,665,33.4,0.48,-11574.24,9,1780141818409,1782515863383,27.5,-1667.22,0.144,0.0,0,0.0,,False,False,False
0xae7507aace474cd005ccb542598f56877eb1164d,True,2000,953,435,518,45.6,0.71,-26885.97,33,1763671094590,1788746850159,290.2,-10886.73,0.405,0.0,0,0.0,,False,True,False
0xae8f8c92baa505c4610d986cc92ca5b05d1760d8,True,1127,563,395,168,70.2,5.35,43811.71,18,1756573765020,1788870767786,373.8,2414.6,0.055,26202.365678,1,-6.4,-0.0,False,True,False
0xae9f5acc1faf52082e19df7a28b2558d96be1efb,True,2000,1179,470,709,39.9,0.24,-292451.23,4,1777899819513,1780415974657,29.1,-126714.35,0.433,0.0,0,0.0,,False,True,False
0xaeace0cf7ec951a708de14a335bea8c1e810d11d,True,2000,1045,942,103,90.1,39.65,15710.97,10,1784678812129,1788841496250,48.2,893.96,0.057,0.0,0,0.0,,False,True,False
0xaec5bd5db7259b30938eb7dd3ce9386405d6c737,True,926,406,225,181,55.4,0.87,-1255.14,51,1755481847877,1788874881581,386.5,-1645.82,1.311,286.341549,2,-533.58,-186.3,True,True,False
0xaecfe4eff84a1cd9a24accc1914ac537af7f6e1b,True,2000,881,363,518,41.2,1.05,2596.74,3,1788150406660,1788540857087,4.5,6348.0,2.445,894455.178889,1,958621.52,107.2,False,False,False
0xaeef513b28313c7f8e80891a7434bc2ae5104609,True,2000,984,424,560,43.1,0.79,-4144.01,11,1773957378945,1777260613386,38.2,-815.92,0.197,0.0,0,0.0,,False,True,False
0xaf0125a80fb7ee6fdcf9c25047d8f02eb9ef9615,True,2000,813,361,452,44.4,1.01,408.27,2,1777990987344,1779522410235,17.7,4629.71,11.34,0.0,0,0.0,,False,True,False
0xaf24fc0f1e6b8d4af68a61b829365e17fa173631,True,1270,794,649,145,81.7,1.91,7308.88,10,1783880471495,1788539499662,53.9,-1596.39,0.218,0.0,0,0.0,,False,False,False
0xaf35f2c824972fc8fb9e129fd7d6761797020614,True,2000,987,300,687,30.4,0.87,-7867.81,1,1787829272150,1788388183846,6.5,-4552.71,0.579,594021.723586,1,-15008.81,-2.5,False,False,False
0xaf4448cdf1361aa375796570e83b9391d5d6f1d4,True,30,13,8,5,61.5,0.51,-50.52,9,1750770692266,1773840905625,267.0,-46.2,0.915,0.0,0,0.0,,False,False,False
0xaf5735cc5d392e54e92a54be30c3aacfa16a0096,True,2000,896,337,559,37.6,0.38,-20368.82,68,1758806916427,1788739200041,346.4,-5004.26,0.246,1849.822665,1,1362.91,73.7,False,True,False
0xaf666c9cc98b588145c4858cc541ad9a0ef1363f,True,2000,997,655,342,65.7,0.54,-15714.48,19,1772648941957,1788664161558,185.4,-1821.1,0.116,2316.336526,1,306.18,13.2,False,True,False
0xaf80304c2298405d7c5a8ff1c0eb8599038a814c,True,565,287,144,143,50.2,1.27,5055.18,27,1766078615620,1788552242311,260.1,-3779.74,0.748,3889.451177,3,1462.65,37.6,False,True,False
0xaf96d0f5eb09ec2dd5c0b9d887acb45201464481,True,2000,971,452,519,46.5,1.44,5274.91,17,1786707985343,1788821247965,24.5,1202.94,0.228,0.0,0,0.0,,False,False,False
0xafa52ee29971bc9c4a4c0cfee4ebdf2361079539,True,2000,1275,912,363,71.5,4.85,13289.6,13,1754593566811,1785255320510,354.9,173.97,0.013,10.139216,1,8.43,83.2,False,False,False
0xafb800a210cca3f62f2b0d97f199a5afa11cb08a,True,2000,992,545,447,54.9,3.12,33051.6,5,1777740140323,1782421036314,54.2,4731.33,0.143,0.0,0,0.0,,False,True,False
0xafd364d88e3db1d05ae4721426d0feb4bea54374,True,244,89,80,9,89.9,3.54,4718.3,5,1770994971410,1779116550813,94.0,-920.29,0.195,0.0,0,0.0,,False,True,False
0xafe62f929c84b4a7730ae98a3835a936fd86bde0,True,2000,585,585,0,100.0,inf,4238.16,1,1779372147933,1788874495187,110.0,139.83,0.033,5305.688634,1,-23.48,-0.4,False,True,False
0xafff4fb2df9b4c48d18eec104c0a822ba0e19fd8,True,1256,475,276,199,58.1,1.61,34432.12,8,1753921065816,1786933559669,382.1,7570.7,0.22,146464.5,1,-182535.0,-124.6,True,False,False
0xb019e5666079dc89700f368887efa246ff75aa7d,True,1273,497,374,123,75.3,2.85,53442.64,11,1752282051512,1787603741759,408.8,-8776.02,0.164,1596.25365,1,-126.5,-7.9,True,True,False
0xb037adc3ca8b5f601a93929cebf8b02c1b4ce4d0,True,2000,999,396,603,39.6,0.41,-27720.11,12,1787270477094,1788879125904,18.6,-2728.83,0.098,1495.392189,0,0.0,0.0,False,True,False
0xb0510ebb268f68593bfc5eb4229fc86d7287d8ef,True,2000,810,388,422,47.9,0.04,-293907.44,16,1759754708502,1775788057361,185.6,-16775.17,0.057,0.0,0,0.0,,False,True,True
0xb063be3524f69feb8e19e86c73bfbda967ffb211,True,2000,1011,325,686,32.1,1.01,204.99,4,1787850577906,1788703625310,9.9,-1092.96,5.332,0.0,0,0.0,,False,False,False
0xb079d72d18c4b706f318b8fb6b85354929d0e9dd,True,2000,543,135,408,24.9,0.61,-7585.35,18,1785350481268,1788876577692,40.8,-1106.57,0.146,55215.418327,1,66977.77,121.3,False,True,False
0xb090ccd34d699964804798c67d6070a142999c07,True,2000,1043,578,465,55.4,2.5,9923.44,10,1787662675271,1788881116544,14.1,510.91,0.051,0.0,0,0.0,,False,False,False
0xb0a9214592fb899aefab0b615f2b870276cee092,True,2000,939,687,252,73.2,2.11,8346.47,52,1788796796576,1788883659948,1.0,-274.86,0.033,24.131845,1,-3.63,-15.1,True,True,False
0xb0bbec66befc0e008633eaaac31a8414fb949984,True,922,384,236,148,61.5,1.08,947.27,58,1738426645964,1787367373808,566.4,2296.81,2.425,1046.054973,1,164.53,15.7,False,True,True
0xb0d7387a676b05a19b3841e5bfecaa8b1cf74c0c,True,1740,788,745,43,94.5,3.81,68481.34,7,1757527482472,1788790059115,361.8,10300.65,0.15,37427.05648,2,-444.67,-1.2,False,True,False
0xb0f9f73a241f6a0d8551f21adcd1fb06080af4f2,True,2000,994,671,323,67.5,1.0,136.92,40,1708027229562,1788877250603,935.8,8489.97,62.005,5308.809533,1,-90.96,-1.7,False,True,False
0xb104782b0c35163eac50774568efb1ab93c68a54,True,2000,537,211,326,39.3,0.44,-10612.39,22,1778013555303,1787988276093,115.4,-2957.65,0.279,0.0,0,0.0,,False,True,False
0xb11c295abc87f2cd8ade3238b3f6743d60ac8330,True,2000,920,501,419,54.5,0.42,-22886.21,76,1782823074890,1788830423441,69.5,-3190.82,0.139,265.559357,1,25.52,9.6,False,True,False
0xb13380849b95f9c890987016f1565d1ac2d96b2e,True,2000,1063,496,567,46.7,1.61,1956.45,28,1788532469455,1788883662259,4.1,-210.35,0.108,3352.208056,1,-2.43,-0.1,False,True,False
0xb14d1598dbfeaec11bae2a382b29adfcab9e8560,True,2000,887,139,748,15.7,0.61,-9580.87,5,1788860254383,1788878779091,0.2,-2140.19,0.223,80430.727702,1,5079.39,6.3,False,False,False
0xb16d4aaab2b7a866361ee84907657c5be194b471,True,2000,697,313,384,44.9,0.33,-76645.81,16,1774266395751,1779408000060,59.5,-45484.35,0.593,0.0,0,0.0,,False,True,False
0xb181a9db7d601ade0530c69e76b6bbca931bc39c,True,1154,722,537,185,74.4,2.54,45771.95,10,1763070726843,1782877536704,229.2,-5122.12,0.112,0.0,0,0.0,,False,False,False
0xb194fc4b855aae714f50e9a0d7f6b482503cfdb3,True,1703,860,360,500,41.9,1.14,4123.91,7,1778821786511,1788694922620,114.3,3840.26,0.931,18081.872352,1,-1139.33,-6.3,True,False,False
0xb1b8f999a989a5b7a2e1f6b9a479e59d180ceb07,True,182,88,56,32,63.6,7.51,1845.38,16,1751464892217,1787356800028,415.4,643.08,0.348,0.0,0,0.0,,False,False,False
0xb1c7ffe23dc80bb9e16674345b9685f8376d7f74,True,2000,823,437,386,53.1,0.77,-6855.5,61,1760912587000,1787276975110,305.1,-2737.14,0.399,2507.006951,5,-1505.56,-60.1,True,True,False
0xb1e6c5cdec135ee39957b7b53fee9ff3e3516923,True,2000,1185,1103,82,93.1,2.11,13092.36,2,1769959102222,1778688430324,101.0,-1422.34,0.109,0.0,0,0.0,,False,True,False
0xb1fad62ffbbfcf53499ac48b1dbb85d82f71753f,True,738,369,216,153,58.5,1.62,2060.67,1,1773314455747,1787630062516,165.7,2174.92,1.055,1367.034337,1,-98.96,-7.2,True,False,False
0xb2139bc97c2dc43f8825d033d08ecb9e2c8be00f,True,2000,948,391,557,41.2,1.83,26071.71,18,1784100163714,1788729111493,53.6,6764.26,0.259,2798.400283,5,-71.31,-2.5,False,True,False
0xb22cbf80a3bf55cf18045073ad7eda276ea1ba53,True,2000,792,328,464,41.4,1.83,8152.41,12,1787772640762,1788880346377,12.8,1191.78,0.146,13913.644419,7,-1014.43,-7.3,True,False,False
0xb24371bc248a25ff788e21a6e90f6b81b9dca565,True,1589,675,176,499,26.1,1.0,-21.13,44,1734446816246,1776367491109,485.2,8526.64,403.502,0.0,0,0.0,,False,True,False
0xb24e9afbcb16c8c1d6750d5a855014fd26233645,True,2000,1239,724,515,58.4,28.92,260843.64,78,1710812212025,1787560160216,888.3,5414.67,0.021,236.52148,1,677.49,286.4,False,False,False
0xb25b1b047a203e9a87399c34a6caef8703779bb5,True,2000,991,450,541,45.4,1.04,272.69,64,1761572519047,1788852605601,315.7,348.39,1.278,1017.868831,8,460.6,45.3,False,False,False
0xb2709aee04a6aaa04613adf0f5397e04eb609f6f,True,1647,737,389,348,52.8,0.62,-7403.4,1,1778857166288,1788667597618,113.5,-1518.36,0.205,217.715921,1,21.97,10.1,False,True,False
0xb27bbaadcdfeab937069b4d966ee6bf5a32c999b,True,2000,731,552,179,75.5,9.61,109850.59,22,1781201074196,1787482429696,72.7,10634.06,0.097,111243.930484,7,-454701.39,-408.7,True,True,False
0xb28ab6ab51cf540aed994a8aac011a8785ddeb41,True,2000,1041,471,570,45.2,1.68,7003.96,23,1784647528645,1788880267157,49.0,3045.64,0.435,7885.985221,2,3568.18,45.2,False,True,True
0xb2a940471468cd96aa650bcd25f62f1db76e658f,True,2000,835,549,286,65.7,1.07,3780.35,10,1780922693688,1788795134704,91.1,-7513.34,1.987,0.0,0,0.0,,False,False,False
0xb2b896b8807ab78d364384cea7e0cdced18c0365,True,2000,948,307,641,32.4,0.83,-3199.42,35,1767717463994,1788355782036,238.9,4373.38,1.367,0.0,0,0.0,,False,False,False
0xb2cf1a67e2360e8fad575514d8ea86a7f10f5a89,True,662,401,117,284,29.2,0.96,-1349.63,15,1753877652912,1783443217992,342.2,7358.73,5.452,0.0,0,0.0,,False,False,False
0xb2e854c9d379dfa4769e439a52580b4bfa73b807,True,582,291,137,154,47.1,1.22,3535.3,2,1782569722082,1787127653705,52.8,1670.24,0.472,0.0,0,0.0,,False,False,False
0xb2ff174a5eae8260943ed4499ff95282884369a6,True,2000,1020,724,296,71.0,1.09,1556.12,25,1780798073450,1788777414396,92.4,-1857.32,1.194,0.0,0,0.0,,False,False,False
0xb31316c0c1fba2c74f0131768b5b3e69f5bb9ae9,True,143,72,67,5,93.1,6.36,8422.06,6,1778109651983,1786115764988,92.7,7609.53,0.904,32567.821216,0,0.0,0.0,False,True,False
0xb333abe51c19d00e232f4e568125a731ba045c07,True,2000,840,289,551,34.4,0.67,-7838.9,9,1780538498471,1781200001448,7.7,4296.09,0.548,0.0,0,0.0,,False,True,False
0xb3506286c3bef836ab006193e886d14d99e7c105,True,621,332,167,165,50.3,0.71,-3202.74,10,1772009100889,1782319866683,119.3,-1679.83,0.524,0.0,0,0.0,,False,True,False
0xb36bfedcf796f42742cc9f9848caca34e0e16d66,True,2000,1031,755,276,73.2,4.05,19957.27,16,1788096247291,1788883035619,9.1,1392.12,0.07,49314.423766,4,-2016.39,-4.1,False,True,False
0xb382e3d35be15dbe6b80f46954c0fa6840f94155,True,2000,778,537,241,69.0,1.79,20441.62,9,1787344523810,1787939857392,6.9,9966.27,0.488,0.0,0,0.0,,False,False,False
0xb39766100347e1ffa1459492c85e8e3a2b25d3a0,True,2000,1102,816,286,74.0,2.11,29896.51,34,1768404994074,1788711151171,235.0,1897.26,0.063,5644.56591,8,-8516.84,-150.9,True,True,False
0xb3b60a1fd4d8241bfd7b285c3560d75135350582,True,2000,1285,986,299,76.7,1.26,28313.17,11,1787153976363,1788880600083,20.0,-5260.18,0.186,116730.82575,1,-5874.28,-5.0,True,True,False
0xb3dc29b9c81f91488c264aba84a87430d79c78a7,True,2000,835,412,423,49.3,0.89,-4225.55,6,1786264889429,1788447907414,25.3,-15727.61,3.722,0.0,0,0.0,,False,False,False
0xb3f64511d878bbf91ce2d1922ba33ed6c9e4d027,True,916,389,229,160,58.9,0.59,-11622.05,2,1779567026828,1788684066476,105.5,-4684.04,0.403,0.0,0,0.0,,False,True,False
0xb40b9b8e2562b6c51f5b8f110d3e110392a0c8be,True,176,116,80,36,69.0,2.47,22119.07,2,1772617354068,1787294815629,169.9,5825.93,0.263,0.0,0,0.0,,False,True,False
0xb4192ab96664248c260f9b7e3ef5d55b55b55384,True,1959,864,463,401,53.6,1.26,16693.39,47,1730314878595,1788134400007,669.2,-28361.34,1.699,152.847641,1,302.99,198.2,False,True,True
0xb438d36b425b504724a1c72aa0941c80cb940995,True,2000,695,686,9,98.7,0.15,-659.46,59,1788140398281,1788878464792,8.5,-282.23,0.428,1120.937015,72,-3219.71,-287.2,True,False,False
0xb45a980bb4932a0b8193503d004f121942b8f4ef,True,2000,989,704,285,71.2,1.93,9128.27,25,1749665559280,1788882384084,453.9,-1985.86,0.218,15760.24095,3,4808.81,30.5,False,True,False
0xb480e59f46af524aac521d36693140e0c781ddbc,True,2000,524,422,102,80.5,4.5,15462.92,6,1775785216578,1788451325355,146.6,5688.22,0.368,0.0,0,0.0,,False,True,False
0xb49b7711955d872115e96b8413490f6757867a9f,True,1891,991,693,298,69.9,0.35,-58696.89,1,1778616808843,1781480862097,33.1,-3836.94,0.065,0.0,0,0.0,,False,True,False
0xb4b9b145cf3a68bc20eff26dad1b509da8553254,True,2000,926,376,550,40.6,0.97,-424.61,10,1787858265944,1788847767706,11.5,-1414.37,3.331,50849.205021,1,-161.79,-0.3,False,False,False
0xb4cee5c3d74f93cb4cf3aa95c2eb26dbc99e89df,True,1134,567,344,223,60.7,0.89,-1236.36,19,1761969046198,1788283827282,304.6,-1282.34,1.037,0.0,0,0.0,,False,True,False
0xb4e4293ab9a4ef957e6f95d5a1d474a2bf4e6a54,True,2000,986,532,454,54.0,0.84,-8934.15,11,1775972970079,1787601079852,134.6,-4403.83,0.493,0.0,0,0.0,,False,False,False
0xb4f5b9d54c322931d9ace9a4dd7191f7128359df,True,2000,964,815,149,84.5,2.83,36033.48,2,1785222355728,1788878370958,42.3,3912.0,0.109,5043.94,0,0.0,0.0,False,True,False
0xb5101614ad71468a041a83e64d8b834aa17a1ed6,True,2000,642,374,268,58.3,4.07,232428.24,8,1782985390962,1788695138256,66.1,15934.79,0.069,185829.227047,2,89363.96,48.1,False,True,False
0xb51fe34f4990ef2dc919a60502f2469a3158f952,True,2000,1014,511,503,50.4,1.33,6653.41,75,1724435886682,1780753452960,651.8,1742.06,0.262,0.0,0,0.0,,False,True,False
0xb53e3f9d7e87454396aeafed1611299db74384d9,True,1071,511,189,322,37.0,1.32,2280.01,25,1778172436989,1780236151739,23.9,1543.23,0.677,0.0,0,0.0,,False,False,False
0xb556873d18ca1c021991c70f2880a44f6eb5b20d,True,2000,992,589,403,59.4,4.96,133295.17,28,1775911918044,1787375471846,132.7,17475.32,0.131,0.0,0,0.0,,False,True,False
0xb57132dc168a2bf8c4152563c1b5a864e412b7a1,True,2000,1034,558,476,54.0,0.37,-44548.33,3,1779396514989,1780146259116,8.7,-2158.95,0.048,0.0,0,0.0,,False,False,False
0xb59688d2512fda5263f3d90397b3ccb5ee941417,True,2000,891,711,180,79.8,13.95,45991.06,64,1713212977149,1788519987072,871.6,1864.49,0.041,18335.17864,21,-32688.54,-178.3,True,True,False
0xb5aa5aa4f2c7405f26ede83bfe7daec997811232,True,2000,943,488,455,51.7,2.14,12196.55,2,1788152693736,1788226817644,0.9,-2374.53,0.195,0.0,0,0.0,,False,False,False
0xb5be7ae6f69c5d3ad941e17200ea316db91aa9fb,True,2000,1103,525,578,47.6,1.76,6259.92,23,1786461058553,1788875549416,27.9,1809.82,0.289,5579.076318,1,-792.38,-14.2,True,False,False
0xb5d26158102181dc4ceee75f260a60debd752e45,True,2000,952,384,568,40.3,0.94,-1246.44,25,1777168731093,1788307200047,128.9,4298.38,3.449,0.0,0,0.0,,False,True,False
0xb5f4c49fc359093f80c63656bf2ab45837f12983,True,2000,1001,400,601,40.0,1.07,232.68,51,1785919525313,1788862540199,34.1,171.36,0.736,66016.758689,50,5643.2,8.5,False,False,False
0xb6148d91e90b13363b14fa54e17f01e402d671e0,True,2000,848,188,660,22.2,0.91,-2587.46,18,1776902952157,1788818436612,137.9,7112.82,2.749,3040.866976,1,389.72,12.8,False,True,False
0xb632c6580173a16154f17cdafc6eb27e95cf73b7,True,2000,854,727,127,85.1,1.19,5897.45,1,1787845218531,1788558798333,8.3,3238.13,0.549,0.0,0,0.0,,False,False,False
0xb643c924632f71ac70a982ebc7e4099620f076c1,True,2000,1067,451,616,42.3,0.62,-17653.73,13,1753302513997,1782915416495,342.7,-3509.76,0.199,0.0,0,0.0,,False,True,False
0xb65818602d6ab546a5a107b482c6d63b59faf32a,True,1068,417,213,204,51.1,1.41,10087.67,7,1785738914171,1788360162531,30.3,16009.51,1.587,0.0,0,0.0,,False,False,False
0xb6656062101ebabdecc76d742fcdc7ff8629de71,True,2000,1027,76,951,7.4,10.64,1324.65,23,1772437172612,1787374579340,172.9,309.08,0.233,0.0,0,0.0,,False,True,False
0xb67aac7058f6ab0940f23cb92f5fc3783455944d,True,805,398,266,132,66.8,0.67,-8756.69,7,1754348270468,1788832472809,399.1,-2599.45,0.297,6405.558438,1,-1213.3,-18.9,True,False,False
0xb692aadb15e10b220aa980b7281226fac9a1f6df,True,1348,530,504,26,95.1,9.74,4924.75,6,1752337567430,1779274527215,311.8,353.8,0.072,0.0,0,0.0,,False,False,False
0xb69eec8fea0081343c3b09e652ba1fa7dcf7033a,True,2000,782,580,202,74.2,2.69,112967.11,8,1787245913856,1788852557947,18.6,10419.9,0.092,305398.152065,3,-51745.82,-16.9,True,False,False
0xb6bcf7c699be3bad2729cb90c6e19f1589efd84c,True,2000,1038,486,552,46.8,0.67,-26086.41,19,1764016949508,1787771417820,274.9,-7818.59,0.3,0.0,0,0.0,,False,False,False
0xb6cffd5cdbe86c7878b1dc9871d495c674402c39,True,2000,1062,671,391,63.2,1.1,8980.33,21,1770086042362,1787374350108,200.1,-5822.69,0.648,7291.328512,4,-13617.26,-186.8,True,True,False
0xb6f5eb5b95dc306d17a2bcddcc7726f3fc28125d,True,451,257,55,202,21.4,0.28,-7689.76,4,1753273216621,1785609069647,374.3,-1842.98,0.24,0.0,0,0.0,,False,True,False
0xb709542ba4a4f28d114f6374484c0c1594de9832,True,2000,978,565,413,57.8,1.17,1590.5,9,1787503985182,1788803311289,15.0,-786.38,0.494,0.0,0,0.0,,False,True,False
0xb72591e6dffc4432f5d475a53511f8a83c4eb75f,True,1609,690,492,198,71.3,5.85,38826.8,21,1770839281220,1788864817774,208.6,2560.8,0.066,39228.31955,1,1862.48,4.7,False,True,False
0xb743650b4f77bc022e0f5cd7dd7b742d791c521c,True,2000,992,484,508,48.8,1.51,7838.92,12,1769936776275,1788858346734,219.0,712.62,0.091,43761.213189,8,3384.32,7.7,False,False,False
0xb756c89e73c8711a881c009e10f79b1566f80cdb,True,2000,568,265,303,46.7,0.42,-6267.72,1,1788627483204,1788884173817,3.0,-174.96,0.028,37799.379819,1,273.79,0.7,False,True,False
0xb763e8b9208a5a0bef08f200cfc76c0d03e7a5a1,True,2000,1017,553,464,54.4,0.59,-37479.65,28,1770347739282,1788522515516,210.4,-4039.0,0.108,37810.345131,1,-12489.5,-33.0,True,True,False
0xb77db726fac172919208c9315a3f5fd8c7202ea4,True,1090,326,112,214,34.4,0.16,-23637.27,6,1779394927948,1781710956040,26.8,-7103.12,0.301,0.0,0,0.0,,False,True,False
0xb79401064921f32bec4a911569f9b11cea54fae8,True,1881,906,536,370,59.2,1.06,2249.49,4,1752475040634,1788875579054,421.3,-5290.74,2.352,411.768231,1,-297.6,-72.3,True,True,False
0xb7bcaa8e0c5019b9f1c20530db5fb755d678418d,True,2000,1074,470,604,43.8,0.9,-4304.85,24,1774872672008,1788776161033,160.9,2574.18,0.598,0.0,0,0.0,,False,True,False
0xb7cbfb8fddc758f100fe0da58ac2aff55148c556,True,2000,984,853,131,86.7,1.05,3091.57,13,1761912313498,1785865686953,277.2,-4595.59,1.486,0.0,0,0.0,,False,True,False
0xb7e09a94603f4fd3b67537b4c43584fe1498ae05,True,2000,1875,1040,835,55.5,1.8,1625.66,8,1788829648867,1788884038064,0.6,507.45,0.312,1420669.614322,1,-0.0,-0.0,False,True,False
0xb7ec1bece1d88fd4ff1f3cb260e5c2ff63695166,True,560,122,17,105,13.9,0.0,-42863.61,2,1772682933708,1784043823381,131.5,-9775.38,0.228,532531.49529,1,333936.44,62.7,False,False,False
0xb8080f0b8856ec743cf94381a65712d578ddd327,True,893,426,291,135,68.3,3.21,15196.93,4,1758993072124,1786637628676,320.0,2758.78,0.182,0.0,0,0.0,,False,False,False
0xb82359e0fdf3095dd8471df3f3c26aba5b369763,True,2000,1979,1570,409,79.3,13.72,441263.67,14,1748668457091,1787459937056,449.0,-4962.45,0.011,0.0,0,0.0,,False,True,False
0xb83de012dba672c76a7dbbbf3e459cb59d7d6e36,True,2000,165,109,56,66.1,0.8,-7803.97,3,1788865946951,1788884231326,0.2,-4404.54,0.564,61933802.358634,13,-48971166.4,-79.1,True,False,False
0xb855198009132bc866237421803e670b44f8d2cd,True,701,328,251,77,76.5,2.21,5383.57,8,1762370335069,1787313008008,288.7,-682.53,0.127,24256.006374,3,-16166.51,-66.6,True,True,False
0xb865781c0a7ebb1d99d80c2ba41fcb872f17dcee,True,220,112,41,71,36.6,0.69,-1677.68,11,1750969220866,1788502905292,434.4,-975.97,0.582,0.0,0,0.0,,False,True,False
0xb8743e8cb67cb0ac732f907cebd88f3c3b6c23bb,True,2000,1087,792,295,72.9,0.46,-26667.61,17,1761204822544,1788884026163,320.4,-12676.8,0.475,1096.789805,0,0.0,0.0,False,True,False
0xb888480e7c016b1ec8c7ecab442b2ff1038ea8a7,True,2000,825,708,117,85.8,5.12,42526.0,37,1785887017850,1788846931759,34.3,1945.38,0.046,10211.159484,2,-3267.11,-32.0,True,True,True
0xb89ab31fbffa707623453b8a2a1a6ec4900bf0ad,True,675,355,128,227,36.1,2.31,20126.65,5,1755936600440,1775932782049,231.4,3917.1,0.195,0.452017,0,0.0,0.0,False,False,False
0xb8bbb2d18b72967847b829bf56a9f29b85c3f12d,True,759,302,63,239,20.9,0.63,-3774.02,1,1783064583219,1783087868226,0.3,-930.82,0.247,0.0,0,0.0,,False,False,False
0xb8e462e6d1bede403b40afa364346b70b0fea206,True,2000,1076,547,529,50.8,1.1,1480.47,4,1788184582812,1788881683081,8.1,-1648.88,1.114,7446.264268,2,-730.48,-9.8,True,True,False
0xb8fb427a45c832c5dac625aa7bfad720ca8c28a6,True,2000,895,398,497,44.5,1.43,6037.55,27,1784138391222,1787318609175,36.8,2150.16,0.356,0.0,0,0.0,,False,True,False
0xb918bbf81d250a7f1b081b23f76256c71b2a11bc,True,2000,1060,590,470,55.7,1.14,2636.34,11,1783602198802,1786365528529,32.0,1358.29,0.515,0.0,0,0.0,,False,False,False
0xb93bf1b4ae1bcf6b1700427a17443377226bb8ea,True,243,163,114,49,69.9,1.34,3298.76,1,1770335064888,1777906898318,87.6,5227.87,1.585,0.0,0,0.0,,False,True,False
0xb9462ddb25b101ebdbe64cebaa44406168e9b2f5,True,2000,958,372,586,38.8,0.98,-5605.02,22,1763749845314,1788566400005,287.2,-15017.39,2.679,0.0,0,0.0,,False,True,False
0xb9590b01f39e1594cbd6ec4a31bb8e6a65d4ec16,True,2000,928,781,147,84.2,10.15,50220.58,14,1784083202141,1788345292354,49.3,4651.25,0.093,0.0,0,0.0,,False,True,False
0xb980c3f60b559bb3c8bb2e7492cb9a5656072e07,True,276,126,79,47,62.7,3.37,1139.2,18,1769440927296,1779203716309,113.0,473.68,0.416,0.0,0,0.0,,False,False,False
0xb9911c4bfedc64224067cd2b829030bcca0b8eb9,True,2000,976,272,704,27.9,0.8,-5217.7,98,1766620800009,1785218289311,215.2,-1821.96,0.349,0.0,0,0.0,,False,True,False
0xb99bb3c2d0c18c40d3a4495d55d28134614725b2,True,1836,646,277,369,42.9,1.0,-72.66,20,1737846820085,1788115832689,581.8,24087.5,331.516,26468.981396,2,35973.49,135.9,False,True,False
0xb9aebb46919bccbf210537a1f2173690d9ee7af7,True,1609,743,412,331,55.5,1.51,36201.06,11,1754914458799,1788453300104,388.2,-6428.27,0.178,155283.333577,1,-2312.0,-1.5,False,False,False
0xb9c2eaaadd9fe28d098df7ccc366225ba9215f7e,True,1092,586,103,483,17.6,0.64,-2921.46,18,1781826612932,1788643242882,78.9,2575.53,0.882,0.0,0,0.0,,False,False,False
0xb9e8afd917a39afd0e65928dd23a45c72b446b9f,True,1344,687,292,395,42.5,2.28,51927.05,2,1780333951586,1783391493314,35.4,32406.0,0.624,0.0,0,0.0,,False,False,False
0xb9fe66b3440edd0cf5f1d1a55c75f8a8e59b6cb2,True,2000,1079,536,543,49.7,0.52,-23668.65,45,1738698556794,1788734407852,579.1,-3822.73,0.162,0.0,0,0.0,,False,True,False
0xba0d9167262e826cbbc149b4f59f52c0d85f9151,True,338,142,75,67,52.8,0.9,-766.72,2,1787880072512,1788873022659,11.5,3535.27,4.611,5594.647041,1,607.56,10.9,False,False,False
0xba28afcec17e6c04610247a32d84596a168adcd0,True,908,237,212,25,89.5,12.85,6412.77,11,1750709304483,1787949640245,431.0,731.82,0.114,2388.458151,2,-859.9,-36.0,True,True,False
0xba30d7d121307f2ac33a3f3b6eb4dc25e873018e,True,379,163,63,100,38.7,0.51,-3289.47,29,1703895910646,1788355815601,977.5,-1044.28,0.317,0.0,0,0.0,,False,True,False
0xba420a53a76c650bd8c2443112f1efe1bc02e3d7,True,2000,782,656,126,83.9,1.56,5538.65,6,1770312266779,1780315695219,115.8,-1277.53,0.231,0.0,0,0.0,,False,True,False
0xba51f4cb47704e9d6021217d3e7f6a8788e63d68,True,2000,1267,134,1133,10.6,0.17,-16005.16,15,1788535872485,1788884008933,4.0,-2905.82,0.182,63089.024027,5,7542.81,12.0,False,True,False
0xba62710cd36b5f801f9717af89055eccaf261045,True,2000,1104,375,729,34.0,0.44,-9152.15,29,1781884873819,1788866294658,80.8,-4811.96,0.526,111.019515,1,17.87,16.1,False,True,False
0xba7ba3ec06c9ba2d10f614f7f47c140588f9c6fd,True,395,191,160,31,83.8,1.77,4060.18,2,1785730174017,1786053429307,3.7,1551.0,0.382,0.0,0,0.0,,False,False,False
0xba9a1f5c0460d42ec62b5a80c85249b2b689c6c8,True,2000,698,125,573,17.9,0.52,-8298.87,4,1788270110983,1788851358759,6.7,-1178.77,0.142,0.0,0,0.0,,False,False,False
0xbaa926cd63a33cf3102994a0997430b44032a060,True,2000,895,662,233,74.0,2.45,6362.62,19,1787236268217,1788875084743,19.0,1239.9,0.195,0.0,0,0.0,,False,False,False
0xbabe2e610cd5bd128d14afcfba2d5b87be5dcc73,True,2000,692,571,121,82.5,3.61,29506.9,1,1784633441199,1787520854391,33.4,3851.04,0.131,0.664054,0,0.0,0.0,False,True,False
0xbac6e8a5361ad6b9f8e12815ac714697938076fa,True,229,132,98,34,74.2,1.7,2446.94,9,1776010974922,1787217049797,129.7,-1863.8,0.762,0.0,0,0.0,,False,True,False
0xbaeafb1a59d71b6c86a57f6cf3bcb70b92e96975,True,2000,621,356,265,57.3,0.58,-4464.47,12,1773668341253,1787153252629,156.1,-3526.45,0.79,0.0,0,0.0,,False,True,False
0xbaffabf6c1d659c78d3e3e728a24499dc110cd43,True,420,159,144,15,90.6,1.98,12076.12,5,1783291182225,1788741736684,63.1,-2693.79,0.223,6763.835445,1,-1569.56,-23.2,True,False,False
0xbb10cd8d80973afd9cdf703ac3a26b48b5fee677,True,2000,1408,345,1063,24.5,0.86,-10079.51,8,1771246977629,1782604800067,131.5,7583.41,0.752,0.0,0,0.0,,False,False,False
0xbb29e0d7124f61a4af2f133407b2135854592a80,True,2000,1181,653,528,55.3,4.81,34484.44,34,1787872511353,1788825474653,11.0,1019.15,0.03,565197.19331,26,19096.65,3.4,False,False,False
0xbb3bf9a61f29607002d7e0b884ccdb90f0c3fe5f,True,2000,1291,528,763,40.9,0.34,-22797.42,6,1775279497122,1777586131979,26.7,-2519.07,0.11,0.0,0,0.0,,False,True,False
0xbb4ba4e398fe166fe31160b861637124e83fb207,True,470,267,145,122,54.3,2.41,4455.81,2,1777454190162,1783575154425,70.8,2076.71,0.466,0.0,0,0.0,,False,False,False
0xbb5f4352e704253a94725f1ace81e654e617b1ff,True,243,91,30,61,33.0,0.5,-2150.66,7,1776796335911,1788861777759,139.6,-694.72,0.323,584.953697,1,86.98,14.9,False,False,False
0xbb7ff5a1b831261164467ffdc8f60a5b9d2c9e31,True,177,73,12,61,16.4,1.18,602.41,3,1783083644896,1783445034850,4.2,570.37,0.947,0.0,0,0.0,,False,False,False
0xbb9f0315243db63fc34c51f96ad5bb7ce6e275e2,True,2000,1170,1096,74,93.7,2.97,118929.23,10,1769555941232,1788567960129,220.0,12601.91,0.106,5215.159303,2,-869.29,-16.7,True,False,False
0xbbbdbbfa1f754aea323af6cc56153e0605e89227,True,2000,739,290,449,39.2,0.26,-313943.2,33,1759635150170,1788883508938,338.5,-38584.22,0.123,57046.197866,4,-4351.81,-7.6,True,True,False
0xbbcb0c0aef0b28125af2f719f81d6a5b76f56f30,True,2000,861,268,593,31.1,1.36,37778.48,6,1783117068181,1787709291503,53.2,26327.95,0.697,196686.537843,2,104216.57,53.0,False,False,False
0xbbe9e1588a359337c3235de3b808da991cfc2efe,True,2000,1177,890,287,75.6,19.63,282571.9,12,1784237909240,1788447899283,48.7,33729.67,0.119,269841.067725,5,210869.62,78.1,False,True,False
0xbbfb6566ad064c233af6314aeb1eee4c26a5f921,True,2000,868,476,392,54.8,10.51,150716.41,18,1788292416365,1788876731520,6.8,8527.83,0.057,437639.991391,11,599964.72,137.1,False,True,False
0xbc137d7ba4b943a241b9d57078f954fede86011d,True,2000,958,407,551,42.5,0.48,-1278.86,52,1778439592009,1788507768138,116.5,-330.09,0.258,0.0,0,0.0,,False,True,False
0xbc256baa3480ec7882ac87eadc349e77291b202b,True,2000,970,451,519,46.5,2.36,5096.27,3,1788879602672,1788884530998,0.1,530.98,0.104,204583.035784,9,4990.86,2.4,False,False,False
0xbc38821416cb99a533b82db9bc18da022011011f,True,433,168,105,63,62.5,3.59,24383.29,7,1732865443360,1787370638637,630.8,10561.72,0.433,33020.296978,1,-64587.01,-195.6,True,False,False
0xbc4619ed07a421ce9e4a1b9147c853db74924b78,True,2000,1002,615,387,61.4,1.73,2757.36,50,1761599922821,1780380004834,217.4,-582.35,0.211,0.0,0,0.0,,False,True,False
0xbc6ee95eed24d7b76e018ec4fa07e105462d8ad5,True,1334,512,225,287,43.9,0.94,-2293.56,7,1778040316210,1788709201614,123.5,7866.99,3.43,0.0,0,0.0,,False,True,False
0xbc8be84a093ad73aab065b43f7c5b0a3239f0f95,True,2000,1203,847,356,70.4,1.64,50245.76,13,1780613043325,1788778351450,94.5,7700.82,0.153,0.0,0,0.0,,False,False,False
0xbca65885a33baa54a1a08094de52451ba19031d0,True,2000,1060,414,646,39.1,1.12,311.6,4,1775494744475,1779554681238,47.0,126.11,0.405,0.003706,0,0.0,0.0,False,True,False
0xbcb881aa8d0b3e786d00d0ae83c52e0ed078dcc3,True,2000,733,444,289,60.6,1.55,5744.07,50,1787363896552,1788881756702,17.6,-1965.46,0.342,31621.131737,5,8623.2,27.3,False,True,False
0xbcd116e374752c6da3385ad482e9b67b85a2b2fc,True,2000,959,342,617,35.7,0.5,-40061.73,2,1781796590657,1783386204333,18.4,-3477.7,0.087,111333.819041,1,16344.77,14.7,False,False,False
0xbce2443ce6189386368fe79bb3b0706ac38a16a1,True,2000,1089,573,516,52.6,0.38,-89088.13,11,1779949094245,1782194619420,26.0,-15620.12,0.175,0.0,0,0.0,,False,True,False
0xbcef61fc312646b0e212c007a81d010b5a197931,True,2000,916,453,463,49.5,2.12,47563.87,12,1781020310087,1788525132382,86.9,6110.12,0.128,111230.078147,4,100375.62,90.2,False,True,False
0xbd03abeef62a432513a60dcb9b80378859eed81b,True,2000,1030,619,411,60.1,1.9,16958.18,12,1765254645305,1788874926800,273.4,-2590.0,0.153,0.0,0,0.0,,False,True,False
0xbd1bd6279e5b7c18de058a9015e9b65c14dafc42,True,2000,1791,1529,262,85.4,33.51,1365.28,1,1780058780748,1787276849918,83.5,161.29,0.118,4315.004498,1,-1124.51,-26.1,True,False,False
0xbd3224ec60effa9c7d57ef813c5f781ec822f237,True,930,424,161,263,38.0,0.95,-392.76,3,1778846261153,1779082979623,2.7,-1419.28,3.614,0.005755,0,0.0,0.0,False,False,False
0xbd49d787655919f7ccf051d372a15e4363dd3d01,True,2000,0,0,0,,,0.0,2,1788160395441,1788872266576,8.2,0.0,,85614.9507,1,-10672.76,-12.5,True,False,False
0xbd6b06c60c2b820b5d472e5e542589006c0a6086,True,55,18,12,6,66.7,50.57,1852.26,11,1762183821978,1788311084773,302.4,523.92,0.283,291.603043,1,-9.64,-3.3,False,True,False
0xbd7b8639496a04f626f953553c4a376a0cab5237,True,517,264,155,109,58.7,0.85,-248.51,9,1780516385047,1785193464337,54.1,-391.01,1.573,0.0,0,0.0,,False,False,False
0xbd95b1d1e8ee0663bcbf1d8662f7156e7ce7898f,True,2000,1052,516,536,49.0,0.33,-7530.28,15,1787372015034,1788854346552,17.2,-1313.17,0.174,7831.728751,4,-2993.87,-38.2,True,False,False
0xbda8663ad40573a702513638b5a62bfb7c893afa,True,1074,344,200,144,58.1,3.53,33536.8,20,1746773468731,1778124340034,362.9,3827.73,0.114,0.0,0,0.0,,False,True,False
0xbdbccb31e347aac3c7ec1b39357ca1000ce03885,True,574,291,164,127,56.4,0.87,-1599.12,1,1778008442526,1787380774545,108.5,-1901.57,1.189,3439.714918,1,511.55,14.9,False,False,False
0xbddf97f6c00cd874f59ad8d158bef8ba1782136a,True,2000,1044,758,286,72.6,7.2,42434.38,1,1784261981483,1784955858163,8.0,1971.0,0.046,0.0,0,0.0,,False,True,False
0xbe0888df488e553ecf5c46e417f3ece90c8d90ce,True,2000,885,328,557,37.1,0.27,-15361.61,36,1765479831381,1788881649193,270.9,-1693.02,0.11,0.0,0,0.0,,False,True,False
0xbe14bb1ce181577c8bd1c0632fcefad882e3f32d,True,2000,1075,762,313,70.9,2.01,49279.56,10,1776669858157,1788876706275,141.3,-9473.94,0.192,0.0,0,0.0,,False,True,False
0xbe2585feb3b2fd890c9a1ba5e85bf7dbf6953c9f,True,2000,1451,225,1226,15.5,0.08,-1409.53,2,1763343639062,1776949400312,157.5,-44.67,0.032,0.0,0,0.0,,False,False,False
0xbe3d19e56d1dd610a4e18201366346e3db967daa,True,2000,976,268,708,27.5,0.71,-8078.3,18,1781704742544,1785264831980,41.2,6152.54,0.762,0.0,0,0.0,,False,True,False
0xbe593d6cf136de297233146d1f9768c4d452521b,True,2000,1098,788,310,71.8,0.79,-6763.8,3,1778033767019,1778196141282,1.9,-3937.47,0.582,0.0,0,0.0,,False,False,False
0xbe6aba7fab0b7b1dc8d407ec495c13be1028a821,True,2000,1019,571,448,56.0,0.59,-7878.65,33,1772151270779,1774619879552,28.6,-993.37,0.126,0.0,0,0.0,,False,True,False
0xbe78beaa3e4d5d44ba18edbe7933c18699547a48,True,2000,1035,769,266,74.3,0.18,-28234.09,9,1786896881018,1787715236361,9.5,-4684.68,0.166,0.0,0,0.0,,False,True,False
0xbe95dd32882e0dca7c3558d063c86771b62c6f12,True,2000,894,750,144,83.9,0.56,-1570.7,52,1753543912863,1788338465693,402.7,-1256.21,0.8,0.0,0,0.0,,False,True,False
0xbea030a5c6d6b98936e547ddaeaaed38e02ccc69,True,2000,990,253,737,25.6,1.25,3620.35,10,1784075067661,1788460818221,50.8,3396.89,0.938,0.0,0,0.0,,False,False,False
0xbeab01015e805b35e24759e8a035ad790025ebf0,True,2000,1259,670,589,53.2,24.33,170065.11,2,1782540567721,1783128254549,6.8,5248.94,0.031,0.0,0,0.0,,False,False,False
0xbec81a5c82073d317b9582fd44942b11bc620bbe,True,2000,991,384,607,38.7,0.65,-714.71,74,1779494428730,1785984861374,75.1,-112.85,0.158,0.0,0,0.0,,False,False,False
0xbee59fccbc2e09a316fbccdd7678b873808f4c80,True,821,388,171,217,44.1,1.64,9184.1,11,1784484104550,1788172220784,42.7,2820.19,0.307,6383.646049,1,-1731.12,-27.1,True,True,False
0xbf08565efd792ed8f1ae02d49cb12fe6f3a94dd8,True,2000,905,575,330,63.5,0.95,-219.54,7,1778476317031,1778803200071,3.8,-300.08,1.367,53858.071605,1,-97360.45,-180.8,True,False,False
0xbf285d9ec176eb7e9e6bf46650690b0b117d03fd,True,2000,942,613,329,65.1,0.88,-2665.73,35,1769928115355,1780629258735,123.9,-2455.82,0.921,0.0,0,0.0,,False,True,False
0xbf49647d017805fcc576ac10f33a788e636f4258,True,2000,1042,598,444,57.4,2.01,124359.02,9,1767244822867,1786824637901,226.6,-9758.8,0.078,0.0,0,0.0,,False,False,False
0xbf636e3fa801d58e0f98e0a8ba53a0b055e5d0cc,True,1969,934,377,557,40.4,1.27,3173.72,15,1755183341750,1788875958974,390.0,-831.38,0.262,1521.511549,1,-113.54,-7.5,True,False,False
0xbf7a6339d2ae47333ab40c6ceb55783186eb225e,True,2000,903,348,555,38.5,2.04,52926.93,16,1774706703926,1788253654244,156.8,9287.77,0.175,0.0,0,0.0,,False,False,False
0xbfa75c921dec41be3dc6f5787745c27b85607bb8,True,267,103,57,46,55.3,7.74,4548.88,18,1770269850804,1788875891830,215.3,1519.65,0.334,83345.702343,3,1375.86,1.7,False,False,False
0xbfc79c444c41a74516bf31237ebf586a231480b4,True,2000,1888,1384,504,73.3,0.66,-38378.43,13,1787658849897,1788261444377,7.0,-11583.26,0.302,2621182.26427,33,-2666059.27,-101.7,True,False,False
0xbff3b111251518a1b0aee8a6ac984b4d2c46f73a,True,1991,998,647,351,64.8,1.08,1090.28,11,1774286150426,1788883750366,169.0,1038.06,0.952,1.149736,1,-0.02,-1.8,False,False,False
0xc0132b5759b33d951cb075b21646d45b80f0c33f,True,1401,641,550,91,85.8,2.0,27609.9,15,1773993032601,1788769423740,171.0,-12157.12,0.44,0.0,0,0.0,,False,False,False
0xc037f4c18efd2b7327b4cedd8c8cd23058ee8397,True,2000,966,476,490,49.3,7.48,116425.2,39,1745392515250,1788876098713,503.3,31872.59,0.274,0.0,0,0.0,,False,False,False
0xc04c65a4094a5fbf8cbeb4d07ed76657450ace79,True,1273,706,307,399,43.5,1.37,5527.99,27,1777308790175,1788882196297,134.0,-2177.45,0.394,8920.141941,6,-1241.33,-13.9,True,False,False
0xc0652dd7f5cbb2325ec58e4e5990ca3f1b5da92c,True,2000,919,454,465,49.4,1.03,628.35,30,1781304940210,1788877942606,87.7,-1347.65,2.145,0.0,0,0.0,,False,True,False
0xc07be0f543ad5c51b8b7f2de68e9ac244b32e0a1,True,2000,1029,831,198,80.8,2.64,15066.51,33,1753506040020,1788777564767,408.2,-1057.18,0.07,0.0,0,0.0,,False,True,False
0xc09257d3064618791dede5d4db1e0387c0e60871,True,2000,1075,370,705,34.4,0.34,-14498.69,5,1787366994059,1788884313642,17.6,-1368.99,0.094,61065.13,1,171.31,0.3,False,False,False
0xc0a7ab57bcf0884413c7e8630f62908308453362,True,2000,1171,342,829,29.2,0.12,-527288.21,2,1782332371107,1788477788533,71.1,-11022.6,0.021,103914.647967,1,-87631.95,-84.3,True,False,False
0xc0b72fde780eb25ed9fbe996da8c72ace543ff9a,True,2000,1021,384,637,37.6,1.07,112.01,52,1784881748800,1788862081862,46.1,71.82,0.641,15238.722504,50,1290.61,8.5,False,False,False
0xc0c7aa447bbc40a4a487dad6343b20f8e844cff1,True,2000,994,785,209,79.0,1.19,7945.56,10,1786288903462,1788875859434,29.9,-9532.83,1.2,0.0,0,0.0,,False,True,False
0xc0e6b11afa5af68cfcc9d54bda857491f78283ea,True,2000,955,414,541,43.4,0.45,-14113.0,6,1788059015852,1788784648599,8.4,-889.35,0.063,0.0,0,0.0,,False,True,False
0xc0fd44f7f62a45b2ca447c4d8b4b51ccc8d93d95,True,2000,1403,986,417,70.3,1.65,160826.26,8,1746333444770,1787951084712,481.7,-19510.68,0.121,212481.0225,0,0.0,0.0,False,False,False
0xc10fdf97863582ff05c6eb2253cc9d5ea3b68e6a,True,2000,905,276,629,30.5,1.74,23883.14,21,1770346898638,1779947347821,111.1,5421.04,0.227,0.0,0,0.0,,False,True,False
0xc12c9c49de097d6bfaecad7288818e84c7a90741,True,2000,645,371,274,57.5,0.78,-5270.89,3,1774283043025,1788883882604,169.0,3269.64,0.62,0.0,0,0.0,,False,True,False
0xc1404e2c4a38fa997d1d96ae492af8e76a99a834,True,2000,1049,319,730,30.4,0.39,-3083.24,52,1785401188844,1788861704447,40.1,-425.7,0.138,30633.718709,50,3083.16,10.1,False,False,False
0xc15fd17b12a74e1e4eb3242beb6b5b958f08b39b,True,699,352,312,40,88.6,1.92,7878.42,6,1773978742482,1785893538598,137.9,-2171.81,0.276,0.0,0,0.0,,False,True,False
0xc176034d3f88c427320aee65d1eeb4740ac439d6,True,2000,1091,211,880,19.3,0.02,-150763.63,1,1786980836028,1788884562229,22.0,-10100.99,0.067,128101.893612,1,0.5,0.0,False,True,False
0xc18ad3b82d4ee7e3bb76512b5fcfae60be59bec0,True,2000,998,452,546,45.3,1.0,-132.85,8,1776168430067,1787933652209,136.2,4083.34,30.736,37008.694142,0,0.0,0.0,False,True,False
0xc197254e462a552d1781c730b6b6a4f9030b14d9,True,2000,963,296,667,30.7,0.43,-5541.12,7,1773417259734,1774143830709,8.4,-1979.99,0.357,0.0,0,0.0,,False,False,False
0xc1cc74313f380dc8a5107e1aa368a616ecf977c1,True,1083,540,381,159,70.6,0.5,-72172.95,4,1773371451712,1788478921855,174.9,-36119.66,0.5,15537.965941,1,170.31,1.1,False,True,False
0xc1fe0d30082394e181d83ecff547b365b352e701,True,2000,889,428,461,48.1,1.08,1834.53,13,1781333917360,1788749331873,85.8,3512.78,1.915,20971.941115,4,12732.43,60.7,False,True,False
0xc21916712daf1dfe44615eae7581ea0e5195ecef,True,1990,964,232,732,24.1,3.38,15099.69,30,1717494131703,1788837464898,825.7,5712.67,0.378,0.0,0,0.0,,False,True,False
0xc23aacb5d2e584b4aee9ac15e99480e071740df7,True,2000,963,657,306,68.2,0.89,-1993.59,27,1782972450169,1788810730841,67.6,1309.55,0.657,431.902195,2,-244.91,-56.7,True,True,False
0xc25906da36224efbd50aaf4f1bf74c9a4847f091,True,206,70,36,34,51.4,0.02,-32716.85,12,1754050480496,1787212149407,383.8,-8844.55,0.27,0.0,0,0.0,,False,True,False
0xc27448d9bd77fe55b206a264449b5160d8293871,True,215,87,51,36,58.6,0.96,-84.25,1,1787915206208,1788874914098,11.1,-595.33,7.067,1257.269691,1,382.37,30.4,False,True,False
0xc28e23e7d7d6cc0c9c6f08146c71e7d168cae45a,True,1831,859,473,386,55.1,4.78,221556.46,62,1690476874380,1788593599435,1135.6,20130.08,0.091,21765.985703,4,-39093.98,-179.6,True,True,True
0xc2a16805c137fa13fe9c02a86d83ec4cc2bcc897,True,2000,1054,436,618,41.4,1.08,907.2,25,1786500288016,1788883866948,27.6,725.82,0.8,2747.793409,1,-10.35,-0.4,False,True,False
0xc2c006c07c0d3562ad587a7ee44af2b8d074500d,True,2000,991,492,499,49.6,0.99,-1.17,1,1786161391742,1786711657052,6.4,-3.15,2.702,49743.19345,1,-267.6,-0.5,False,True,False
0xc2d3a0c560b91a363c6954cba05cc1ac0e9c91e1,True,2000,742,428,314,57.7,9.79,113234.58,8,1785162045742,1788867053266,42.9,7310.78,0.065,31136.228975,2,54341.36,174.5,False,False,False
0xc2e859a2f436687d6c93174a343d6c0092acbf85,True,2000,1090,875,215,80.3,6.52,67827.74,2,1787228019840,1788884017880,19.2,2571.06,0.038,139839.36,1,3847.52,2.8,False,False,False
0xc2fbc60e0cefd21a00e004a831abe50d00faf849,True,1173,616,146,470,23.7,0.79,-9201.26,10,1754505268320,1787616000004,383.2,-3995.63,0.434,0.0,0,0.0,,False,False,False
0xc308303fe77e78dbb6cce55bc856a209eac81571,True,2000,956,327,629,34.2,1.01,82.97,4,1788724572090,1788883447958,1.8,-381.01,4.592,1.44391,1,-0.16,-10.8,True,False,False
0xc316f38f75ed45c4b9126f5bdf3dbbe87fec2e7c,True,2000,995,459,536,46.1,0.66,-16492.72,11,1740167773762,1788482629186,559.2,-5345.46,0.324,0.0,0,0.0,,False,True,False
0xc330a271b48461b0745879c06a933f42f0f4fc69,True,2000,879,351,528,39.9,0.08,-23426.3,18,1787173219239,1788830458238,19.2,-1859.18,0.079,0.241663,2,-0.03,-14.1,True,False,False
0xc3592bb216418a817ddaad596c4b93ea04e617e3,True,2000,789,183,606,23.2,0.56,-5983.49,14,1785927321335,1788879316031,34.2,-716.3,0.12,1.8483,0,0.0,0.0,False,True,False
0xc36e9d935e3eda011af6bed1540c4dc4b726074b,True,1613,683,233,450,34.1,2.15,1442.99,6,1780331421194,1781508165650,13.6,696.55,0.483,0.0,0,0.0,,False,False,False
0xc38973b429d4e9ad1ba5dff73d82b0f4a0e45b65,True,2000,949,401,548,42.3,1.02,746.15,10,1772038437951,1788445835702,189.9,-4086.01,5.476,16886.666227,1,-93193.83,-551.9,True,True,False
0xc39c87c23e7a644cae7aa4ebb6f143b491d905ed,True,2000,959,771,188,80.4,2.71,22.48,1,1784728940111,1784771680652,0.5,-0.74,0.033,0.0,0,0.0,,False,True,False
0xc3b1bf1f1e6fb8161ef4dc2f34e2c56f70b94b11,True,2000,952,943,9,99.1,1035.57,13859.17,20,1785909424197,1788875640168,34.3,765.52,0.055,179485.496121,1,-82.69,-0.0,False,True,False
0xc3d101ae37bba62baf199c6d5e5d8f0eecfd200e,True,2000,744,500,244,67.2,2.93,7345.87,8,1788525153173,1788868727769,4.0,541.01,0.074,18799.463115,2,-62808.99,-334.1,True,True,False
0xc3ed57a7a8fa374af47eba5dd713bc2946f800dd,True,2000,1493,1493,0,100.0,inf,296031.17,2,1788766873184,1788875686273,1.3,7848.79,0.027,0.0,0,0.0,,False,False,False
0xc4029977eff14b9ef59bf1922bf417a4d2c6628d,True,2000,963,506,457,52.5,1.29,15620.17,38,1759444514911,1781818823723,259.0,7588.16,0.486,0.0,0,0.0,,False,True,False
0xc418aaa0d1e018ded3efc0f72a089519b3d58683,True,2000,827,478,349,57.8,0.45,-88225.09,22,1738681803177,1788346208003,574.8,-9642.58,0.109,5766.841001,3,1331.44,23.1,False,True,False
0xc44870bb72748b1c1f29cc5f932644253253a8dc,True,1009,440,145,295,33.0,1.53,31679.71,7,1780529719820,1788159211970,88.3,9752.69,0.308,91289.725035,1,10392.72,11.4,False,True,False
0xc4643e390f49d1616b5108bf0eac309f7c0eb868,True,2000,771,533,238,69.1,0.4,-25407.19,11,1787534689163,1788869686891,15.5,-17478.6,0.688,125562.458608,6,-130169.6,-103.7,True,True,False
0xc475caf376e2ceaec49c9bf1e9d0be3fdde285c7,True,53,30,0,30,0.0,0.0,-101049.91,1,1760131259446,1765995059032,67.9,-63922.08,0.633,53618.712139,0,0.0,0.0,False,True,False
0xc48d912c6596a0138e058323fd9929209a66cfd8,True,2000,949,435,514,45.8,1.06,13486.78,41,1720644190424,1788238820058,782.3,-23101.23,1.713,0.0,0,0.0,,False,True,False
0xc4a4b980406ccfe75517ef0ad0193a204176fdcc,True,2000,1017,709,308,69.7,8.23,125796.64,9,1787941317239,1788857678752,10.6,5777.76,0.046,0.0,0,0.0,,False,False,False
0xc4b4d58b7c5838efe8034b28c5eb6b64e33cc189,True,2000,706,270,436,38.2,2.21,6823.1,55,1787908559686,1788878640820,11.2,2973.43,0.436,14009.841981,1,23.14,0.2,False,False,False
0xc4dad120712a92117cc65d46514be8b49ed846a1,True,2000,680,633,47,93.1,2.05,11802.85,22,1781014423155,1785419994096,51.0,-2977.17,0.252,8646.304082,1,-5153.56,-59.6,True,True,False
0xc4f60c004627d6163788647a50c958e7e039173b,True,1987,810,436,374,53.8,0.48,-26717.26,23,1777634485559,1787436020377,113.4,-3605.73,0.135,0.0,0,0.0,,False,True,False
0xc512f7be1fd53c8ff526e6a067bebca18169b5c8,True,2000,959,612,347,63.8,0.84,-1915.75,8,1783822435785,1787207012569,39.2,-1005.18,0.525,0.0,0,0.0,,False,False,False
0xc52a56c98e0703b91012106a480023f48d1182cb,True,2000,1088,428,660,39.3,0.48,-1688.74,18,1783143358271,1788543417844,62.5,-127.64,0.076,0.0,0,0.0,,False,True,False
0xc5415335b576e774eba08e177206ea81fd61188e,True,1461,657,511,146,77.8,1.28,16725.9,23,1770626036723,1788876860247,211.2,8181.19,0.489,35633.090688,4,5300.77,14.9,False,True,False
0xc556c86ee3fc62b841f35ee6d05c8ef607d47a65,True,1889,912,571,341,62.6,0.92,-1720.07,5,1774897401478,1788462292230,157.0,-7574.2,4.403,1699.917914,1,-531.01,-31.2,True,False,False
0xc5633baaad91faecd9fba732e5ea2f04bf724dbb,True,683,337,157,180,46.6,3.44,20321.35,5,1785827254445,1787666733861,21.3,8536.27,0.42,0.0,0,0.0,,False,False,False
0xc56d93a193061b62b144b0087f30de507a2652a5,True,360,219,193,26,88.1,0.6,-3745.98,2,1785758881791,1787375425192,18.7,-3749.19,1.001,0.0,0,0.0,,False,True,False
0xc57746bc55a4307dca93ff42b2ad047f4f120dcf,True,2000,966,550,416,56.9,0.71,-340.05,88,1784225627035,1788884543723,53.9,-293.53,0.863,108.380523,10,-18.0,-16.6,True,True,False
0xc58451cf3d3df858e994c465404e098a1f9093f3,True,2000,1026,469,557,45.7,0.45,-9693.5,33,1748474898885,1788739369735,466.0,1086.68,0.112,17668.481786,6,5909.6,33.4,False,False,False
0xc5954dcf13dd9bf92b569fbd14e1068be53d768e,True,728,314,214,100,68.2,3.47,12207.02,4,1770463612792,1788782624307,212.0,1695.82,0.139,39017.802484,1,-1767.76,-4.5,False,False,False
0xc5b592903053e1947c369d2feecbb78061e3676f,True,2000,768,294,474,38.3,0.05,-219417.77,3,1786981655138,1787360479496,4.4,-15571.44,0.071,0.0,0,0.0,,False,False,False
0xc5d019e457d9a45fd10a5e8a3edeea2bdc2014cd,True,2000,797,341,456,42.8,1.64,3226.92,2,1783195851548,1788822631420,65.1,808.4,0.251,0.0,0,0.0,,False,True,False
0xc5dea542ccc08b806099cce8cab0ecc4a2835ef1,True,2000,1071,882,189,82.4,1.28,62551.11,6,1778058394335,1788817503867,124.5,20710.42,0.331,405157.163285,3,-36837.92,-9.1,True,True,False
0xc5f495382b73b04ca60d3b729534171724e3e856,True,2000,978,234,744,23.9,9.32,614.97,3,1778159180365,1781723327297,41.3,239.36,0.389,1.641028,0,0.0,0.0,False,False,False
0xc60803e887f29cf22dbc79dd576904f3ffb447e5,True,2000,1031,363,668,35.2,0.97,-42.22,52,1784649574349,1788862324574,48.8,54.4,1.288,12213.084968,50,1049.9,8.6,False,True,False
0xc62682a2b61f60479f0d07c5ab1bf506bfd335b4,True,2000,814,356,458,43.7,1.44,2353.47,31,1770776228368,1781025923939,118.6,484.08,0.206,0.0,0,0.0,,False,True,False
0xc63f7e5fb9b9be708035e94bbaac56c755fb34dd,True,2000,1163,1156,7,99.4,1.2,1253.85,3,1784037655800,1788471273486,51.3,-3839.95,3.063,14900.108468,2,29933.9,200.9,False,True,False
0xc6580f6a3791e1e773834ada329020dd933b04a9,True,365,165,85,80,51.5,11.3,6537.21,3,1782580400465,1788525730499,68.8,1815.7,0.278,0.0,0,0.0,,False,True,False
0xc66f4198c3b132b38017d76c6fedc4514c7ca9f4,True,2000,1123,568,555,50.6,0.64,-26.52,2,1781015738685,1781482496658,5.4,-11.28,0.425,7.819169,0,0.0,0.0,False,True,False
0xc67b3ed03010fdf8aa82050396637bc4be1323a3,True,2000,925,336,589,36.3,0.96,-187.89,23,1776177928763,1780818862998,53.7,204.11,1.086,0.0,0,0.0,,False,False,False
0xc69ae428f6049e78d445f053d2c1df879c59b34c,True,2000,721,528,193,73.2,6.62,67157.99,8,1788531654760,1788873408488,4.0,7962.95,0.119,469578.520778,9,203608.25,43.4,False,False,False
0xc6ac58a7a63339898aeda32499a8238a46d88e84,True,2000,1249,629,620,50.4,1.88,6031.05,1,1784899609928,1787060768979,25.0,380.61,0.063,11792.258562,0,0.0,0.0,False,True,False
0xc6c9df98912fd675cce3800fcad7f24b195a0c5b,True,2000,1140,741,399,65.0,2.41,1440.29,16,1761475343499,1784119879028,262.1,142.05,0.099,0.0,0,0.0,,False,True,False
0xc6db461cc8fbe1ff767a63a8d85019265c187bd5,True,2000,988,668,320,67.6,0.8,-7268.65,24,1774427311577,1788455158982,162.4,-7630.09,1.05,2827.427481,4,-8887.41,-314.3,True,True,False
0xc6f6f602b8d85dcf2452899d0326297faffdb39a,True,1398,772,513,259,66.5,0.6,-16609.41,9,1780085391615,1787153266571,81.8,-16618.11,1.001,0.0,0,0.0,,False,True,False
0xc704ceffa6e11ba8ca9a48dd042d8b9229a342bc,True,707,346,164,182,47.4,0.95,-435.19,39,1757550851215,1787179369968,342.9,825.81,1.898,0.0,0,0.0,,False,False,False
0xc7151a756a253c17e14ec65065fcbb2ee4b71c48,True,2000,1141,583,558,51.1,0.57,-41597.31,11,1761979761666,1775538599297,156.9,-6287.52,0.151,0.0,0,0.0,,False,True,False
0xc729229f6546de679133cfc9a97cb3f8bf3eb2f7,True,460,150,150,0,100.0,inf,53278.41,7,1787605474596,1788764625116,13.4,8519.28,0.16,53675.274214,3,2247.17,4.2,False,False,False
0xc74530fecd01150f501f1bf37017ea008f71e33c,True,2000,812,487,325,60.0,0.77,-7940.33,42,1748982028936,1788470210099,457.0,-3092.04,0.389,0.0,0,0.0,,False,True,True
0xc7607735d5bccbd10899e17c8904f86972c24c0d,True,655,334,242,92,72.5,1.73,24447.02,27,1713500703134,1788761046926,871.1,6956.8,0.285,0.0,0,0.0,,False,True,False
0xc77b4c63d4be417858836ea016abb7de233ef3e1,True,2000,945,324,621,34.3,0.27,-24522.36,2,1784172064198,1784812365561,7.4,7330.8,0.299,0.0,0,0.0,,False,False,False
0xc7847f80861d2e47c40dfacf9f69e0d0c1393e53,True,2000,782,484,298,61.9,1.86,52569.24,7,1784348989348,1788653253271,49.8,-18091.25,0.344,440044.524583,5,209683.84,47.7,False,False,False
0xc79f60a8da12dec3652a83cfbc7ef112e639bf63,True,387,204,132,72,64.7,0.9,-204.2,2,1773645017138,1773655859654,0.1,-197.74,0.968,0.0,0,0.0,,False,False,False
0xc7accfe2b643330ff8f091e4e5f3f044f560bec9,True,2000,808,533,275,66.0,0.05,-225519.02,2,1779421549578,1781279912368,21.5,-16843.26,0.075,0.0,0,0.0,,False,False,False
0xc7c1736255ed8675792a50ae4a0ee2ad28533171,True,1260,607,415,192,68.4,0.46,-14849.96,5,1771299146210,1787446250208,186.9,-10947.19,0.737,0.0,0,0.0,,False,True,False
0xc7d3f8b3ea83e808b0d91a554c130870e1302d7c,True,2000,771,743,28,96.4,8.88,12822.34,10,1788300543180,1788883394157,6.7,1973.17,0.154,18859.113632,3,-1996.35,-10.6,True,True,False
0xc7e92a105b734987f32f8af9856a5ba8c5183089,True,2000,1087,578,509,53.2,0.09,-903.36,6,1778927331426,1782082798854,36.5,-307.92,0.341,0.0,0,0.0,,False,False,False
0xc7f5f2b2057974b4eedcb706f5fa830df14b03c1,True,2000,885,563,322,63.6,0.7,-13827.05,85,1753716537235,1788881196174,407.0,27406.68,1.982,9369.498429,44,-204.07,-2.2,False,True,False
0xc80553e3efa241e01fda404d7afc33a7e8dcdcf7,True,1354,650,523,127,80.5,1.76,6667.31,43,1711182145803,1787986644845,888.9,2110.35,0.317,3744.132216,3,-3260.27,-87.1,True,True,False
0xc81b435b47cea71debd87e18298d72d4fa6ac53a,True,2000,912,673,239,73.8,1.18,2697.58,2,1788132502410,1788850060446,8.3,4451.66,1.65,0.0,0,0.0,,False,True,False
0xc82fcee120cb3025e0f08b6bccda6a71d9f5352f,True,2000,980,502,478,51.2,1.27,6037.65,5,1781103713495,1785919260467,55.7,3146.87,0.521,0.0,0,0.0,,False,True,False
0xc84677e568e8a18f1587458f1c38bfed06f248d0,True,2000,962,389,573,40.4,0.82,-11272.61,8,1783648627271,1787690671808,46.8,3523.33,0.313,0.0,0,0.0,,False,True,False
0xc850d1f1639458b47b5ce9482a73d11d95f4d89b,True,454,348,348,0,100.0,inf,399940.47,1,1774760781135,1780627375401,67.9,49007.09,0.123,0.0,0,0.0,,False,True,False
0xc86781f99078e71c2cbf9cd8b9712d52b28b6e65,True,2000,803,68,735,8.5,0.24,-62040.25,10,1786704282208,1788885408114,25.2,-4214.8,0.068,250627.519869,6,120988.78,48.3,False,True,False
0xc8801ffaaa9dfcce7299e7b4eb616741ea01f5de,True,809,323,155,168,48.0,1.29,3499.95,18,1740144789464,1782321675262,488.2,1903.66,0.544,21058.214538,3,5939.9,28.2,False,False,False
0xc894fc3cda30bcc48bd581c84e8084a91c3d7ab5,True,2000,826,617,209,74.7,1.76,4424.71,47,1784524566459,1788885129471,50.5,-724.73,0.164,6008.565637,6,-218.99,-3.6,False,True,False
0xc8a9556508ec672f7c4a1fa2a9edc0326525c310,True,2000,1121,478,643,42.6,1.11,7941.77,27,1779457230496,1788711556147,107.1,-6181.49,0.778,86134.448592,3,-1027.71,-1.2,False,True,False
0xc8c3ebe1fda3fb5803ab6e062ac84d749ba82c1a,True,2000,1270,1011,259,79.6,0.14,-101693.1,2,1783937032464,1787684705551,43.4,-8636.34,0.085,0.0,0,0.0,,False,True,False
0xc8d8b8be27e8ee0eb860638b52b004e55f4131ab,True,2000,1130,702,428,62.1,3.61,36493.49,5,1787710728468,1788878515156,13.5,6252.5,0.171,0.0,0,0.0,,False,False,False
0xc8f6b151690c69381e903510a1d40df9e330c4c3,True,1094,514,474,40,92.2,1.41,23832.36,24,1751866542008,1788442720496,423.3,-20729.52,0.87,11108.322942,3,-1800.51,-16.2,True,True,True
0xc914267b2b98cabf20ef904de5fbb326c982855d,True,2000,1189,653,536,54.9,1.23,28746.78,67,1780252569018,1788825600043,99.2,19179.83,0.667,0.0,0,0.0,,False,True,False
0xc92979f6d2d7ada7a1057f4e289a7f578a3aa143,True,2000,1037,634,403,61.1,1.08,1388.28,9,1773765626485,1784853511607,128.3,2803.48,2.019,0.0,0,0.0,,False,True,False
0xc94285029b3a5efaad09fe55e36320e6fbf82bf6,True,2000,660,377,283,57.1,25.1,104714.55,1,1787934521227,1788882677510,11.0,24692.35,0.236,154686.641256,1,-5758.23,-3.7,False,False,False
0xc965e4fc96e905be274d371a8e502b4dd1a6c698,True,157,54,46,8,85.2,100.34,26936.37,14,1735036218381,1788478921855,618.5,8202.22,0.305,36488.421906,1,5436.0,14.9,False,True,True
0xc97576e38f165fc263f6095ce9ac9bb0500e18d1,True,2000,964,338,626,35.1,1.2,5913.28,25,1756184789331,1780302363275,279.1,4613.89,0.78,0.0,0,0.0,,False,True,False
0xc993ef2e69fb55a2beb1c2344469be4fe0fc72b9,True,2000,1020,779,241,76.4,0.78,-3484.62,11,1779891426122,1787622572607,89.5,-879.81,0.252,0.0,0,0.0,,False,True,False
0xc9a3f8c57fd90ccb4bf501e445c40677b7012167,True,1313,606,301,305,49.7,1.12,883.45,86,1699175460596,1788865764660,1038.1,2500.0,2.83,0.0,0,0.0,,False,True,False
0xc9b3ef98f2b260c2c4c48323e8863f4dfed3d5a7,True,2000,890,470,420,52.8,1.43,19848.27,37,1786016313727,1788858002436,32.9,-30888.09,1.556,46826.619609,1,-1876.39,-4.0,False,True,False
0xc9de34e9a3cc09354d23d9e829129eeb54cada7b,True,2000,1043,365,678,35.0,0.5,-14645.87,18,1787446904690,1788881462144,16.6,1697.66,0.116,206896.349349,4,2731.19,1.3,False,False,False
0xc9eb5894902a29202a00d1715bdb2d26b8685cda,True,2000,891,291,600,32.7,0.12,-142847.73,3,1772685720533,1773298903790,7.1,-7527.49,0.053,0.0,0,0.0,,False,False,False
0xca12f0d70b744072af403bb77b1fc69cae8a0312,True,2000,975,356,619,36.5,0.49,-18777.33,12,1772557209533,1775601169083,35.2,-1482.21,0.079,0.0,0,0.0,,False,True,False
0xca20d8871ed41840d1947264d2c130b08c365178,True,1493,743,569,174,76.6,66.75,39941.92,8,1767568912244,1787702400048,233.0,3344.24,0.084,0.0,0,0.0,,False,False,False
0xca33a6d5e5a5279c954cd093089f00f5474fa3ce,True,1241,629,206,423,32.8,1.87,3808.37,14,1746626675063,1788795280077,488.1,-789.0,0.207,19117.220594,3,254.89,1.3,False,False,False
0xca4903c207a0df58bf37d4bc8bbc5210726f53c8,True,2000,9,2,7,22.2,0.34,-19.62,3,1788834864391,1788885742362,0.6,-8.0,0.408,956705.939124,4,-19326.65,-2.0,False,False,False
0xca759e6ad133ecc7ad892bd86995fd7fdc073ef9,True,2000,1001,423,578,42.3,0.56,-673.16,45,1768584689943,1788271358725,227.9,-801.4,1.191,0.0,0,0.0,,False,False,False
0xca96bc4a1253b83d4143a4ddc07680c6be6f775a,True,1856,982,711,271,72.4,1.3,20347.61,8,1772805353124,1782417788098,111.3,-11299.97,0.555,0.0,0,0.0,,False,True,False
0xcaafcbd75a9b4735f0b161241ce3694d7d473b1c,True,2000,883,342,541,38.7,1.0,-104.49,23,1759176236264,1788393600075,338.2,2588.2,24.77,0.0,0,0.0,,False,True,False
0xcab90bb2b3a2f57f40326093de037c655c7fa8ae,True,2000,1082,565,517,52.2,1.12,4327.71,67,1737338238362,1788742800659,595.0,3227.24,0.746,1906.071341,1,-217.41,-11.4,True,True,False
0xcacb1c65ad44fd2fba91b80005166eb7473323e2,True,2000,918,433,485,47.2,0.42,-8971.09,13,1786535970754,1788883501772,27.2,-3134.11,0.349,3290.809668,1,297.53,9.0,False,True,False
0xcae0d1558b70b92ee9fd0acb20cb639c8c28ae69,True,2000,1022,197,825,19.3,0.67,-5430.93,12,1787921659025,1788885786688,11.2,1999.34,0.368,44517.386889,4,37714.46,84.7,False,False,False
0xcafcbbf25e5d67c7700d8c49b0431a64fd7e89a8,True,2000,942,495,447,52.5,0.36,-144666.01,21,1782233244975,1782458266600,2.6,-55645.77,0.385,0.0,0,0.0,,False,False,False
0xcb060ab2bf6f0668a5fbcd033e37a8f849a326ff,True,2000,859,334,525,38.9,0.46,-16343.01,20,1780812026679,1788854030372,93.1,-5052.77,0.309,9563.85499,1,121.63,1.3,False,True,False
0xcb20d9553e6b9a18cf79b201717ca0cb9ac15bde,True,2000,1007,428,579,42.5,2.59,48291.7,27,1763442894187,1788814479811,293.7,10091.81,0.209,1467.140779,1,21.43,1.5,False,False,False
0xcb28ff6b4baad4c5a40756341daaf3b5607647aa,True,2000,852,303,549,35.6,0.67,-919.45,27,1783542095826,1787666512860,47.7,-174.16,0.189,0.070372,1,-0.28,-403.8,True,True,False
0xcb360153d162d520b1278569a2c193a0bceaf2af,True,265,59,17,42,28.8,0.03,-8809.62,6,1787564203629,1788498736719,10.8,-3058.64,0.347,0.0,0,0.0,,False,True,False
0xcb561ef1070eead06a41ccd1d63338c223ad1475,True,2000,914,574,340,62.8,0.68,-20644.49,14,1769283309911,1787651851467,212.6,-2391.28,0.116,43118.304627,1,-32092.03,-74.4,True,True,False
0xcb60cbdbfb9ae51df5ea5fe05cac564d7d5c0e30,True,2000,918,771,147,84.0,1.04,1197.61,17,1785068169222,1787665869507,30.1,-5671.21,4.735,642.592117,0,0.0,0.0,False,True,False
0xcb78bb5da950de54ca65132a0363a25f24c0022a,True,900,380,288,92,75.8,1.49,29998.27,4,1757678600943,1787297571084,342.8,-53078.04,1.769,7247.090599,1,-11941.51,-164.8,True,True,True
0xcb8e1b769091ca2c8a321892481e41eb42ff1bab,True,1207,809,809,0,100.0,inf,1993927.02,2,1733242235322,1773144746203,461.8,152097.13,0.076,0.0,0,0.0,,False,False,False
0xcb9a7eb0441a63acd3ba40df5f73bd522d2d6bd8,True,263,126,78,48,61.9,0.96,-142.62,11,1774976394720,1787147567198,140.9,-883.77,6.197,0.0,0,0.0,,False,False,False
0xcbb498c76d62d57fd694c31eac688ec684923453,True,1238,595,257,338,43.2,0.67,-15937.4,10,1757659879063,1787876267351,349.7,-5588.14,0.351,0.0,0,0.0,,False,False,False
0xcbcb3ac3f1e550061d5c6ceae52d5668a3a68f99,True,1908,1354,411,943,30.4,0.32,-22319.15,3,1780068514250,1788526634648,97.9,2370.09,0.106,0.0,0,0.0,,False,False,False
0xcbe3ddb99bab1f95a1e15fc128a9bb538da5462b,True,627,311,189,122,60.8,0.59,-4256.88,10,1767791039438,1788307200047,237.5,-4768.47,1.12,0.0,0,0.0,,False,True,False
0xcbf034da78e37964ab9e3ae6b898934e7b74cb23,True,1159,558,132,426,23.7,0.19,-6001.66,4,1774455924647,1774646312237,2.2,-559.24,0.093,0.0,0,0.0,,False,False,False
0xcc0a81b8e8a8c05548034fcebede79023ac84897,True,1746,887,684,203,77.1,0.7,-4045.05,48,1767394204321,1774820538586,86.0,-767.02,0.19,0.0,0,0.0,,False,False,False
0xcc1d1b006828fd05ba2d3c6645e8d46157b753a3,True,2000,778,481,297,61.8,1.28,6221.57,7,1780917062575,1781902330037,11.4,-3066.7,0.493,0.0,0,0.0,,False,True,False
0xcc2fabf736a1156df0e8699c06626affe4f2baeb,True,111,49,9,40,18.4,0.02,-7321.69,6,1769791247472,1778252967848,97.9,-4899.21,0.669,0.0,0,0.0,,False,False,False
0xcc41d7743878534135c6c9a3480deadcfda3c8da,True,1304,576,190,386,33.0,0.53,-18821.97,10,1764532485296,1787275086505,263.2,-3578.88,0.19,0.0,0,0.0,,False,True,False
0xcc6c63131b76025e347757641eafd2b9c8ed8130,True,213,90,47,43,52.2,0.5,-2906.82,11,1758907149993,1782720818787,275.6,-930.2,0.32,0.0,0,0.0,,False,True,False
0xcc8843009f81535bf244e67ffaa1bab76825aa7a,True,495,284,75,209,26.4,0.3,-1039.51,2,1777194342288,1782873734894,65.7,-987.11,0.95,0.5,0,0.0,0.0,False,True,False
0xcc9c32df01e9efda7d9b4101da065411ffe62e4f,True,2000,842,429,413,51.0,0.83,-9188.34,11,1774398863958,1787702400048,154.0,-18299.44,1.992,0.0,0,0.0,,False,True,False
0xccbd326a9ec75476f5ab396880bf9e890d8bdc6c,True,2000,884,326,558,36.9,4.36,19175.86,92,1784462724516,1788872509178,51.0,3428.8,0.179,7303.618552,9,1254.07,17.2,False,False,False
0xccee37b0d8a61bb8d9fbfbbffbb8d21a588903ff,True,1173,638,264,374,41.4,1.26,2381.89,15,1770007032420,1780551327065,122.0,835.71,0.351,0.0,0,0.0,,False,True,False
0xccfa1ee0752b943500628f2996bc593a521c6b54,True,2000,745,189,556,25.4,0.84,-556.36,19,1783626762937,1788883800913,60.8,1021.77,1.837,5.841576,1,0.38,6.4,False,False,False
0xcd117c28654bc996a9cd18f5c26d6739a97317e8,True,887,348,176,172,50.6,0.66,-4957.11,35,1736542719266,1788462725474,600.9,-2318.94,0.468,1756.315265,1,699.4,39.8,False,True,False
0xcd27b767a4ad482b09909525273382e235fa5a34,True,2000,1025,616,409,60.1,0.9,-2627.58,5,1776431296643,1788854122064,143.8,4379.19,1.667,801.136619,1,-39.8,-5.0,False,True,False
0xcd3cbb3b66304bb4103c2f5782b6fe707a6733e1,True,842,362,212,150,58.6,1.38,10596.32,9,1782825435852,1787292040449,51.7,4036.01,0.381,0.0,0,0.0,,False,False,False
0xcd4e7546f7ce700eef673e2752e9e1d1fb829ba6,True,1479,1417,970,447,68.5,2.1,2146.72,32,1782883535993,1783381574724,5.8,213.68,0.1,0.0,0,0.0,,False,True,False
0xcd646012715e42c750a45d3fefbeaba3d0dff33b,True,2000,1281,696,585,54.3,2.45,3105.73,5,1782463704545,1788174157476,66.1,35.72,0.012,0.0,0,0.0,,False,True,False
0xcd81917ff5313d02d7da3d47a9afcd3f635c36e3,True,2000,1213,854,359,70.4,0.51,-143288.05,15,1785237179622,1788846701168,41.8,-22834.63,0.159,0.0,0,0.0,,False,True,False
0xcd8eb9db7612098101c528cbabcc9a0e029c2869,True,318,188,133,55,70.7,1.35,3196.98,14,1753403744613,1787484848356,394.5,-2011.06,0.629,17061.712655,1,8105.69,47.5,False,True,False
0xcd93bf9b8ece62c6031637e5d1884e0039ef8c5f,True,1937,1001,496,505,49.6,2.14,19999.35,70,1703365106509,1776851222157,850.5,11902.16,0.595,0.0,0,0.0,,False,True,False
0xcd9f5da2a16e564666df932ff7cb5eff2d477db1,True,2000,931,591,340,63.5,1.27,2047.3,35,1787915023751,1788885979427,11.2,-861.97,0.421,2580.143934,6,180.95,7.0,False,True,False
0xcdb051e51a50be895671f11d0f13946d5c6b1644,True,281,120,53,67,44.2,4.51,11341.14,12,1758722445165,1778976000019,234.4,8097.12,0.714,0.0,0,0.0,,False,False,False
0xcdc8e762abf9add546118205ad014baf17e91ab8,True,2000,358,277,81,77.4,8.5,3273.55,18,1787319024000,1788885071934,18.1,120.46,0.037,251.28125,1,-133.9,-53.3,True,True,False
0xcdf1af2d94b6a4e1194962ae2f41ad37638fc2c4,True,281,137,78,59,56.9,1.99,3146.01,6,1784709289745,1788729408015,46.5,1188.39,0.378,2983.344103,1,-375.98,-12.6,True,True,False
0xce04fa71d2b35b3a00cbdaa671ae93c9e05cb1b4,True,1606,688,361,327,52.5,0.58,-38326.04,10,1777480281996,1787644119502,117.6,7763.9,0.203,129048.10487,1,-58054.5,-45.0,True,True,False
0xce2c74ee6fcbea858923226ff50454d87d406f1c,True,222,103,60,43,58.3,1.15,366.34,3,1773321485763,1773551180483,2.7,-1259.9,3.439,0.0,0,0.0,,False,False,False
0xce48b4283fb3794639597cb3d71aeddbc88a07c8,True,1295,468,330,138,70.5,1.86,32836.23,14,1770375081335,1788753662029,212.7,6833.03,0.208,0.0,0,0.0,,False,True,False
0xce633250b667ef17bf3f8753250541f66662dabe,True,2000,749,133,616,17.8,0.18,-5634.97,11,1788703947587,1788884265895,2.1,-249.75,0.044,0.0,0,0.0,,False,False,False
0xce75bb6f341975d377e7b68c7638a6f9d52f6885,True,2000,1090,496,594,45.5,0.83,-2884.91,12,1788600800649,1788884846518,3.3,853.21,0.296,0.0,0,0.0,,False,False,False
0xce8b0ed104cdee073290e5ccf343e5175a21e1fd,True,1813,664,255,409,38.4,1.1,2820.12,5,1777880113796,1779832486785,22.6,3193.42,1.132,0.0,0,0.0,,False,False,False
0xcea8f1c73d9620a335f34df3a3f386438056443e,True,2000,950,505,445,53.2,1.28,164.49,1,1774975587417,1776279932688,15.1,-86.03,0.523,0.0,0,0.0,,False,True,False
0xcedb31f8d10bfb07d8d1ba207d902bb0d3e661ec,True,2000,1094,506,588,46.3,0.59,-42089.08,8,1786607649310,1788869673754,26.2,-6371.72,0.151,7141.894084,2,-15609.45,-218.6,True,True,False
0xcf00630b45a6d98f9680bcfcb94d21e30b05a429,True,2000,1012,644,368,63.6,2.22,10116.77,33,1773400606936,1788854409066,178.9,4647.95,0.459,0.0,0,0.0,,False,True,False
0xcf0ff65f957dc501c51534bc6586d5cae5f5db29,True,2000,1027,522,505,50.8,1.21,5417.83,11,1779739584354,1784056637447,50.0,2041.66,0.377,0.0,0,0.0,,False,False,False
0xcf2d2b09bda0c42b4a5e13f0a13ad09dea955eb3,True,2000,804,586,218,72.9,0.58,-6980.62,43,1779755138256,1788708127585,103.6,-3140.62,0.45,0.0,0,0.0,,False,True,False
0xcf40cb2efb980163128c80bff77a12f31adda520,True,2000,1010,353,657,35.0,0.77,-8593.72,6,1787599662824,1788882352732,14.8,3428.49,0.399,8735.596792,1,1622.83,18.6,False,False,False
0xcf5ab177696de98f522e60a89eab68dacbec8fd0,True,2000,1159,526,633,45.4,1.1,5351.61,31,1785979373504,1788858740758,33.3,-5878.83,1.099,114943.020145,5,5911.27,5.1,False,True,False
0xcf81649d46ce55007f6efe33d107511c4b3c2b0b,True,2000,661,92,569,13.9,0.07,-120854.55,21,1782464347139,1788682489184,72.0,-9029.38,0.075,45379.208619,4,24214.87,53.4,False,True,False
0xcf93999c86aed6764da7fa1b290f52c9e646eff0,True,48,37,13,24,35.1,30.01,5110.94,3,1755884423745,1779788321697,276.7,4345.85,0.85,9984.068556,1,-314.4,-3.1,False,False,False
0xcfb464585241eab3ecb392011648a8e829b951ed,True,2000,1024,443,581,43.3,2.42,157664.98,50,1720166920895,1788790760983,794.3,143043.0,0.907,29021.678614,3,7538.8,26.0,False,True,True
0xcfbc85f9ac3cad46360bbb11464df5490289f67a,True,2000,1041,232,809,22.3,0.52,-6634.41,18,1750612514029,1788511914157,438.7,756.06,0.114,0.0,0,0.0,,False,False,False
0xcfda9610dd28e9ff74240a1d4136e87a77e6da82,True,2000,1288,848,440,65.8,0.88,-13448.09,27,1778765525141,1787929375425,106.1,-13453.69,1.0,0.0,0,0.0,,False,True,False
0xcff874c7b8496451a34775acbf34d96c612adc38,True,1002,465,276,189,59.4,5.07,28298.92,23,1720168149185,1788878656531,795.3,4312.21,0.152,1794.466602,1,-217.81,-12.1,True,True,False
0xd01b4670fa211d1d4dd005cfaa98770c40d4f9e8,True,37,30,30,0,100.0,inf,235.74,1,1780589786566,1780592002285,0.0,89.23,0.379,0.0,0,0.0,,False,False,False
0xd02226e6e8830ef5bf1d864faf1950c338af36c7,True,699,306,212,94,69.3,16.87,18881.66,9,1787494990392,1787787392098,3.4,1336.04,0.071,3.470636,1,0.51,14.6,False,True,False
0xd0441edb3ef3b8b5ade2239c7abdf101c8060477,True,2000,1000,573,427,57.3,1.23,5196.09,17,1780257823498,1788868473563,99.7,1065.32,0.205,0.0,0,0.0,,False,False,False
0xd0584dba197cc63e5df8a7641d01bc4aa8bc5c18,True,2000,1081,388,693,35.9,0.48,-84409.02,8,1785451133128,1788021867600,29.8,-17603.44,0.209,0.0,0,0.0,,False,True,False
0xd071d6d6ea52f5aa34b79e47f908ee48c8215837,True,2000,980,612,368,62.4,2.1,241.0,3,1788873924919,1788886181006,0.1,11.92,0.049,227993.820941,3,8.16,0.0,False,True,False
0xd08a4557671ca465e7bba41110a93148c90f9931,True,2000,892,652,240,73.1,1.34,24718.64,25,1784558772668,1788877623976,50.0,-33666.38,1.362,540663.14418,17,341194.57,63.1,False,False,False
0xd099a13423b36464063395d2e3c4cc5bf25bbabb,True,1088,642,200,442,31.2,1.06,306.81,8,1771011998065,1787241892910,187.8,359.03,1.17,824.636703,1,-646.38,-78.4,True,True,False
0xd0ab95c0b5da51ee503ab429cf74ab71ef4793f0,True,2000,916,455,461,49.7,0.86,-755.02,37,1752870144624,1788654207247,414.2,-768.39,1.018,0.0,0,0.0,,False,False,False
0xd0bf47dc3a7a0d931ee40174b9fa032cb113ede2,True,2000,1109,204,905,18.4,1.18,2358.9,14,1784076511939,1784579093195,5.8,2694.27,1.142,0.0,0,0.0,,False,False,False
0xd0d49b692e10ae88b9a884251d3281a0cc000812,True,2000,1081,871,210,80.6,12.21,3310.65,1,1787315918040,1788849560368,17.8,39.02,0.012,17183.182343,1,227.25,1.3,False,True,False
0xd0ef24bec2effc37914a80f0eb6859bebdf2a56d,True,2000,754,466,288,61.8,0.68,-3769.26,10,1787606433080,1788877245301,14.7,-866.59,0.23,0.0,0,0.0,,False,True,False
0xd109c4cb3720266606da50019767a97b37be5144,True,2000,1021,357,664,35.0,0.62,-4858.54,23,1758835037024,1776816000061,208.1,-1560.24,0.321,0.0,0,0.0,,False,True,False
0xd1132afca6535eaeaf1fae1ed46eb348ee7869f9,True,2000,962,427,535,44.4,0.7,-2111.84,10,1772513313748,1788482265401,184.8,482.34,0.228,0.0,0,0.0,,False,True,False
0xd123de25c88ac1293ca793420919ee3b3314452c,True,2000,873,506,367,58.0,2.28,31536.84,13,1779357254034,1788779649758,109.1,3545.86,0.112,0.0,0,0.0,,False,False,False
0xd134885c1d3d57280266711d31abca113591a770,True,2000,977,331,646,33.9,1.0,-279.04,4,1781783280841,1788104099767,73.2,4658.96,16.696,46772.455342,2,20151.78,43.1,False,False,False
0xd152926beefd40caef59040a2144980e481a59e3,True,2000,1012,447,565,44.2,0.89,-753.08,74,1712575279188,1783582650526,821.8,-641.67,0.852,0.0,0,0.0,,False,True,False
0xd160d304e56ea0b1525fba198efbdbe435e07ac6,True,611,280,196,84,70.0,0.23,-21232.3,6,1781002908626,1787213652644,71.9,-4810.98,0.227,0.0,0,0.0,,False,True,False
0xd189a1cc4bc5df633e86bcbe4eedc413fbeee2d2,True,451,178,90,88,50.6,0.44,-13275.16,15,1773868240147,1788709504916,171.8,-7990.0,0.602,0.0,0,0.0,,False,True,False
0xd1ba81289353e2f9ce4dd4da6c128b3f162bc259,True,2000,1314,521,793,39.6,1.41,193.56,57,1774946528669,1788856402591,161.0,27.78,0.144,151.59761,46,21.44,14.1,False,True,False
0xd1c541bb9b29a86f115a81b262adb0381673a086,True,1551,867,523,344,60.3,1.28,18614.81,15,1782874511055,1788870638312,69.4,-15533.74,0.834,0.0,0,0.0,,False,True,False
0xd1e271c54697acdba05ddb1fae86bd088bbb0ee6,True,2000,1005,381,624,37.9,0.4,-19259.34,5,1768683382704,1781649441779,150.1,-1842.01,0.096,0.0,0,0.0,,False,True,False
0xd1ff07e267bfad2259f7b3fde122c1b264c9db52,True,2000,1030,442,588,42.9,0.64,-2167.56,8,1773871533132,1787455446840,157.2,-418.2,0.193,0.0,0,0.0,,False,False,False
0xd20d8cbd0fe92f7d43933ec35720ff0fc2ed42a6,True,1351,660,356,304,53.9,1.86,1626.51,170,1723632262771,1788767412181,753.9,473.61,0.291,761.650165,2,231.83,30.4,False,True,True
0xd21d931890d27b6e7e2e668f27931e17698e90f1,True,2000,750,464,286,61.9,3.11,116419.35,3,1788756094951,1788884015600,1.5,7098.69,0.061,6444711.402085,4,2190997.38,34.0,False,False,False
0xd234ba7e58b33e68f8d59f8026eb4d7cfc8232de,True,520,240,76,164,31.7,0.64,-2413.93,3,1782091737424,1787592156633,63.7,-1350.52,0.559,0.0,0,0.0,,False,True,False
0xd248d2f09bfbe04e67fc7fea08828d6ad6d95b6d,True,2000,842,387,455,46.0,1.59,22670.44,39,1778755003695,1788699863709,115.1,5010.17,0.221,20352.958867,1,33664.82,165.4,False,True,False
0xd259bf1de0cafc018f1023b36a5fd096e89bb424,True,2000,1006,451,555,44.8,1.78,18695.64,181,1777548855165,1781475117900,45.4,4766.04,0.255,0.0,0,0.0,,False,True,False
0xd26bfbbc1581eac337b5d05b5383c551a99342ac,True,2000,974,791,183,81.2,1.91,10549.66,18,1787932461297,1788876950722,10.9,-1282.75,0.122,118883.091368,7,32331.9,27.2,False,False,False
0xd28aec1f84668999fef0d884bd21aeff5fdea225,True,2000,2000,1470,530,73.5,1.75,2724.27,22,1780923292710,1780993800577,0.8,-138.86,0.051,0.0,0,0.0,,False,False,False
0xd29c64cfeda42e90690483036987a352fa4e8306,True,1591,767,516,251,67.3,0.71,-25203.53,13,1722227870228,1773405268085,592.3,-25284.78,1.003,0.0,0,0.0,,False,True,False
0xd2c1c332ec76fc56acfd44f1f256fd7e05beeb64,True,651,342,191,151,55.8,1.15,1991.63,1,1778554905227,1788881439049,119.5,1544.8,0.776,0.0,0,0.0,,False,False,False
0xd2d44c789eb984101c306600e0b47a3849f707b4,True,2000,981,321,660,32.7,1.41,13105.76,13,1769286763463,1782202463220,149.5,2182.95,0.167,0.0,0,0.0,,False,True,False
0xd2f03635901956b950737bbf02463dfad9f2e9e1,True,2000,1098,570,528,51.9,1.29,5594.12,13,1771829683059,1788874480930,197.3,-890.05,0.159,65061.552712,1,-571.29,-0.9,False,True,False
0xd305ddaaa25f65c925c8aefb6b8d1ddd8b218951,True,916,436,266,170,61.0,0.88,-2780.62,12,1736168370626,1779712135615,504.0,-2196.05,0.79,0.0,0,0.0,,False,True,False
0xd3228ea3090b1d0a8e8ad4662a017b7a86b504cd,True,708,358,296,62,82.7,1.02,862.21,16,1769743170987,1788526182945,217.4,-14051.1,16.297,12438.777124,1,-716.0,-5.8,True,True,False
0xd33394cff5cda89070ecd0b2a6791f7fe900f515,True,2000,941,505,436,53.7,0.99,-208.47,9,1787063924776,1788876721118,21.0,-2617.12,12.554,6617.028759,4,729.29,11.0,False,False,False
0xd34aed921ab9561885e0e7dbbae637395c5486cd,True,2000,1222,551,671,45.1,1.53,7285.62,5,1758951006498,1788881246944,346.4,2419.65,0.332,2090.111628,1,91.02,4.4,False,True,False
0xd35f99fb86298276cb912a20598f67a4326ccb2a,True,2000,500,462,38,92.4,1.55,2539.77,7,1772188815077,1786628973262,167.1,-1099.08,0.433,0.0,0,0.0,,False,True,False
0xd3765d4a891e1d02b799c6cda4962d9b1910023a,True,952,61,46,15,75.4,1.84,10785.49,25,1780667347645,1788531597031,91.0,-10352.7,0.96,12132.955511,1,-400.0,-3.3,False,True,False
0xd390313d4116b93a86c185d5fe70a84310a1d5e7,True,1557,843,390,453,46.3,1.0,174.58,3,1783041400600,1784032257916,11.5,-4458.58,25.539,0.0,0,0.0,,False,True,False
0xd39e7742ec4faa70f4fa4b032d81c4ca3c388159,True,986,501,180,321,35.9,0.28,-16098.74,6,1760106261440,1778427972178,212.1,-7573.59,0.47,0.0,0,0.0,,False,True,False
0xd3be272ee2147212d7d89a72c02be527546bdb27,True,2000,891,603,288,67.7,0.96,-1751.13,14,1766080102177,1778677029934,145.8,-8885.77,5.074,0.0,0,0.0,,False,True,False
0xd3e15446cc9120f698a77ec9b6c42cd4f029f6e2,True,2000,698,693,5,99.3,5.45,47776.04,7,1784593531461,1787849325701,37.7,-7456.28,0.156,393842.606444,2,-513659.02,-130.4,True,True,False
0xd3f11e695f6a9a44251db2419ac07e06f2d147bb,True,2000,1001,411,590,41.1,1.19,498.75,51,1785664989987,1788862216231,37.0,135.95,0.273,30504.435465,50,2608.72,8.6,False,False,False
0xd40eb342ff78eab2e08b25e95a1c6ec2e611355d,True,199,199,79,120,39.7,2.35,6121.7,6,1781531389958,1782227883773,8.1,773.31,0.126,0.0,0,0.0,,False,False,False
0xd4254467180ef408da6695c475f524bbf608fb55,True,1658,756,574,182,75.9,2.89,3309.44,5,1764996321569,1788750013163,274.9,-440.91,0.133,0.0,0,0.0,,False,True,False
0xd437d405fce5009283a5fba62b26e61cefb3b69e,True,2000,1055,342,713,32.4,1.16,263.29,51,1775205178485,1779078356528,44.8,114.49,0.435,0.0,0,0.0,,False,False,False
0xd443ff6c2402971674023becb19c5f26baa51f97,True,2000,1200,555,645,46.2,1.16,50704.35,15,1735693173164,1788360390919,609.6,-50232.87,0.991,94610.597957,1,133999.33,141.6,False,True,False
0xd45dbd521e46e50e848a9d5777f18611d0f60ae5,True,664,328,219,109,66.8,0.58,-13037.01,4,1776642672509,1787338757513,123.8,-3380.58,0.259,0.0,0,0.0,,False,False,False
0xd46c81245a0582891c2249daf2d68925977cf2a7,True,2000,955,488,467,51.1,0.46,-92441.72,8,1748369500064,1788133158073,460.2,-12332.54,0.133,0.0,0,0.0,,False,True,False
0xd475f0819a663ed174e72c0e317a377fe77797cd,True,682,377,255,122,67.6,1.35,4128.19,14,1782457627487,1786639159859,48.4,-2537.37,0.615,0.0,0,0.0,,False,True,False
0xd482c018927b64a9e59b10b5114b658762e7a94e,True,2000,1114,485,629,43.5,0.49,-10604.17,18,1772677536474,1779321600086,76.9,-3331.25,0.314,0.0,0,0.0,,False,True,False
0xd49f751fdcff14799b37e69d909e2709a4f2ce12,True,2000,896,771,125,86.0,0.95,-1048.95,10,1783257553921,1788623682104,62.1,-6842.35,6.523,3888.221265,1,-4364.11,-112.2,True,True,False
0xd4bb18ef8d1bc1bfadfcc034ca69628b58b42a4c,True,2000,966,596,370,61.7,2.71,1.69,1,1788882865218,1788886527263,0.0,0.04,0.025,9928.066169,1,0.03,0.0,False,False,False
0xd4de0a7a2aae02945c5acbb232d42929dfa672b1,True,584,236,90,146,38.1,1.12,772.35,12,1772827606458,1788885598721,185.9,1554.47,2.013,2410.518472,2,-463.25,-19.2,True,False,False
0xd4eeed940e2c0b4b13910128fad5e0bc987e759e,True,2000,964,281,683,29.1,0.16,-88291.46,4,1787261579079,1788627906968,15.8,-14065.27,0.159,73024.451712,1,-7106.22,-9.7,True,True,False
0xd5182bb4fc545a1c310d48fb34f630c90a7a66c6,True,2000,961,777,184,80.9,1.18,401.21,11,1786064715151,1788886590621,32.7,-214.42,0.534,2746.844729,6,224.93,8.2,False,True,False
0xd5345ca9f51cc664b73e6b42727a0b40e3b414a4,True,761,283,257,26,90.8,0.31,-26520.49,5,1771859738280,1788793998603,196.0,-26068.73,0.983,1248.157743,1,-531.19,-42.6,True,True,False
0xd557abcd7d132dc46aa5f935eb6226ad04af8dbf,True,366,183,108,75,59.0,0.88,-1276.57,19,1733135786006,1781688921905,562.0,-2782.19,2.179,0.0,0,0.0,,False,True,False
0xd566a5358c995efb174cb6aa458faadf67f14a5c,True,485,246,152,94,61.8,29.96,4204.9,3,1774967109755,1777325041837,27.3,429.39,0.102,0.0,0,0.0,,False,False,False
0xd579c9ba028f814616f6332f2d1f505aee73e389,True,1044,496,274,222,55.2,2.64,28258.03,11,1772860355204,1788663866157,182.9,7433.65,0.263,0.0,0,0.0,,False,True,False
0xd58c2f5be892836b38241ba554078928a78a2d11,True,2000,659,229,430,34.7,0.39,-4940.07,8,1788729550753,1788886430568,1.8,-440.23,0.089,151468.955244,2,82028.4,54.2,False,False,False
0xd5ac4fa2cd568dd7573e081d405da541ff82cbec,True,2000,925,699,226,75.6,3.91,11686.87,3,1788664681342,1788886090257,2.6,-1171.74,0.1,167435.300416,4,-10109.09,-6.0,True,False,False
0xd5c7757d91cbd59543c8ef64738d806e57d2212b,True,2000,1503,638,865,42.4,5.17,662264.05,4,1785380367142,1785508379461,1.5,76624.89,0.116,0.0,0,0.0,,False,False,False
0xd5d648f5e156cc079399e739bbc023db98c66b35,True,2000,931,752,179,80.8,0.97,-234.1,18,1783858367829,1788885878118,58.2,-3341.2,14.273,7228.63605,4,-906.05,-12.5,True,True,False
0xd5f55d457fcf5e5083a565e09339e705e9dd4ee7,True,266,122,22,100,18.0,0.54,-22610.25,7,1748355900746,1783110339409,402.3,11879.43,0.525,0.0,0,0.0,,False,True,False
0xd6089a9e47d63d3625fcc27bf4a5c506cf9200bb,True,2000,292,122,170,41.8,0.74,-213.24,5,1788356930071,1788739200041,4.4,-122.18,0.573,0.0,0,0.0,,False,False,False
0xd61f4cc6309e403aec7d958f80d5b836062afe5e,True,2000,1101,558,543,50.7,0.46,-20457.92,6,1759703072022,1787883615477,326.2,-4461.76,0.218,0.0,0,0.0,,False,True,False
0xd638d4c9d4f434df60c671f758f6655c0771da4f,True,2000,866,437,429,50.5,1.55,4585.61,7,1788614917739,1788885749133,3.1,1669.34,0.364,15149.0,1,-3575.66,-23.6,True,False,False
0xd65a447093f4a5e99cf4cdfe65b208d9820c9f5d,True,2000,1003,325,678,32.4,0.38,-125368.58,6,1779817850402,1784634242586,55.7,-19500.44,0.156,0.0,0,0.0,,False,False,False
0xd6704549f4f8920cb2e4be9ac78486b30bd768b9,True,879,417,165,252,39.6,0.8,-928.03,18,1765661510314,1786580216949,242.1,419.19,0.452,0.0,0,0.0,,False,True,False
0xd67f9ed4f542cfa6b70d8a92b40070a2bc080a5e,True,2000,669,261,408,39.0,0.31,-52195.34,5,1780416404452,1788764680841,96.6,-2815.83,0.054,97070.052121,1,-136071.98,-140.2,True,False,False
0xd6a9677db4c92459715c6136039c27dc0d8cb5a5,True,640,365,150,215,41.1,0.68,-477.34,4,1782658218980,1788797542957,71.1,-324.67,0.68,334.486792,1,-28.52,-8.5,True,True,False
0xd6b8a9b82423b6c997c6f1b1ed6757b04e185b41,True,2000,911,817,94,89.7,0.22,-20835.63,1,1777130253622,1782447780375,61.5,-4589.65,0.22,0.0,0,0.0,,False,False,False
0xd6cf931981baf585a48475f4e8ee42ba6f3fe035,True,1476,826,271,555,32.8,0.3,-9372.54,9,1787455452951,1788479611519,11.9,-1040.66,0.111,0.0,0,0.0,,False,False,False
0xd6e66f9e890f9ab1e860056415b14a4ce1624002,True,2000,1150,693,457,60.3,0.95,-824.1,34,1750534615051,1788825600043,443.2,456.57,0.554,6.476263,1,-2.99,-46.2,True,True,False
0xd6fcd2f85fe975bb9b0f3c1b1c6802bb09d33e43,True,2000,1007,439,568,43.6,1.0,-33.7,6,1770818013286,1781632948560,125.2,-908.62,26.964,0.0,0,0.0,,False,True,False
0xd70cd6e8758ddd21206b2db3f428c6ec5e98769c,True,2000,976,368,608,37.7,1.04,936.55,24,1774216601176,1784093195425,114.3,-2025.26,2.162,0.0,0,0.0,,False,True,False
0xd71cd9664aca5faffda676070e605da07911823a,True,2000,1179,1133,46,96.1,9.84,92806.9,5,1788731190198,1788886722968,1.8,-1219.57,0.013,207185.5,5,25571.52,12.3,False,True,False
0xd73af87f7b52c641d4deb7f8b002dcbbd26356b5,True,2000,1167,410,757,35.1,1.43,12947.98,3,1778167434148,1788884175916,124.0,3421.6,0.264,0.0,0,0.0,,False,True,False
0xd74dbab9b803751d420ba99a89af5a687effd684,True,2000,1035,310,725,30.0,2.59,15803.74,3,1776698655438,1778774794350,24.0,2073.4,0.131,0.0,0,0.0,,False,False,False
0xd760cec401fc5e2140e7e93487f9960e27277d61,True,2000,1003,733,270,73.1,1.69,8186.94,15,1740845816287,1788885530073,556.0,-1801.98,0.22,15020.596764,1,25.09,0.2,False,True,False
0xd7846935d7e5a49e20b9887e6465cb765f4c2937,True,2000,1048,124,924,11.8,0.27,-21453.8,4,1784664539095,1788827393018,48.2,-1332.1,0.062,32212.961825,1,22888.51,71.1,False,False,False
0xd791427e372186e90637caf1d6d6afb054beec7a,True,2000,1283,337,946,26.3,0.34,-11281.08,33,1771638233299,1786671291105,174.0,1227.31,0.109,0.0,0,0.0,,False,True,False
0xd7a3e831aa25fa87b9b9dacb2ecfd5e4c040f99e,True,948,488,194,294,39.8,1.06,283.0,17,1760422192721,1783912007437,271.9,732.16,2.587,0.0,0,0.0,,False,True,False
0xd7c245d3c5b22da01bb9eaaca80a3db3c30d1e8e,True,675,344,225,119,65.4,1.24,5912.85,23,1701829888612,1788525015844,1003.4,-11726.88,1.983,3541.770281,1,-2575.93,-72.7,True,True,False
0xd7d97a8bbf7140f65016bea089f4cc604c062da1,True,2000,952,262,690,27.5,0.86,-527.24,17,1786115163315,1788876019233,32.0,959.41,1.82,19.685997,1,4.84,24.6,False,False,False
0xd7e70e6c34d24f5f7cf83181a24c5195d06a6e13,True,2000,1170,981,189,83.8,3.85,76502.18,15,1771534171464,1784822473832,153.8,5559.44,0.073,0.0,0,0.0,,False,True,False
0xd7fe4a6a31a024ad68011373c98aba7f1683ba44,True,2000,992,790,202,79.6,0.73,-14772.19,38,1784038568080,1788669738914,53.6,-7019.61,0.475,0.0,0,0.0,,False,True,False
0xd8155b44c1487f7533279b27c6758931f5a91743,True,2000,1105,670,435,60.6,2.35,7764.71,44,1779390081261,1787875200079,98.2,368.16,0.047,345.909348,1,117.87,34.1,False,True,False
0xd8299b800f6fbf4df4f0ae451cd1f14a7e514691,True,1627,655,532,123,81.2,1.77,15735.35,16,1775187342088,1778983011382,43.9,-4660.03,0.296,0.0,0,0.0,,False,True,False
0xd83bbad310f696dd59464483d28bad209b76d1fb,True,2000,996,483,513,48.5,0.99,-154.21,3,1778513167317,1788790367062,118.9,3639.7,23.603,830.59709,1,153.29,18.5,False,True,False
0xd84a7719fc50c2f5d4422e2c138d63b879ccc8a5,True,2000,753,225,528,29.9,0.19,-60873.71,4,1787936602668,1788835360264,10.4,-7630.16,0.125,383203.861187,1,39555.0,10.3,False,False,False
0xd85e558fcebb34e5ba6be0a9a007e00bd85e7021,True,2000,935,198,737,21.2,1.4,2554.27,15,1786900357007,1788881292915,22.9,731.95,0.287,0.0,0,0.0,,False,False,False
0xd86df99e5e36f06e8a52252d3299e648c3d8ffe4,True,2000,880,306,574,34.8,0.7,-16670.82,29,1737616610353,1788881006129,593.3,-5269.61,0.316,19212.994292,2,-868.99,-4.5,False,True,False
0xd887808aea6ccc066f914730209c73cc3511e814,True,2000,759,186,573,24.5,1.25,8992.7,8,1779305193802,1788788980005,109.8,3221.59,0.358,0.0,0,0.0,,False,True,False
0xd89aa164056a02a6f01b75c77b2a0168ac12fc05,True,2000,1207,535,672,44.3,0.51,-10108.64,4,1780326021749,1788874637650,98.9,-4680.22,0.463,0.0,0,0.0,,False,True,False
0xd8ad0fd8b59b759d9ba4f1293b1f8d8d113b7598,True,2000,1832,1260,572,68.8,4.77,1071.41,21,1788822474083,1788886893641,0.7,24.5,0.023,40954.535336,1,1.49,0.0,False,True,False
0xd8d02f5e66de31ac366778a54c3c956437d9baa4,True,1691,798,327,471,41.0,1.09,3028.06,9,1774421145464,1778264591903,44.5,2582.35,0.853,0.0,0,0.0,,False,False,False
0xd8ee8618aed523fbf4a35b7503b006ebd4a091dc,True,209,100,2,98,2.0,0.25,-3422.67,3,1780550071379,1780559558829,0.1,1025.76,0.3,0.0,0,0.0,,False,False,False
0xd9012a0c82242b04ee09e45e98b24903f982d975,True,2000,745,378,367,50.7,1.69,14925.88,12,1788637106463,1788886036927,2.9,-6900.78,0.462,779327.019439,7,156585.57,20.1,False,True,False
0xd911e53d53b663972254e086450fd6198a25961e,True,2000,1190,660,530,55.5,2.38,65750.4,2,1788762388162,1788886448139,1.4,4113.28,0.063,2351823.421518,1,-199.94,-0.0,False,True,False
0xd92a565825064e4f0e2a2d32ab5190f3ed7448d5,True,1036,493,209,284,42.4,0.31,-7082.38,7,1779918809294,1783900800059,46.1,-833.29,0.118,0.0,0,0.0,,False,False,False
0xd94982c701039434eaba32807dbb32cabe39dc15,True,2000,1020,553,467,54.2,0.7,-9670.1,2,1778616258845,1780952973051,27.0,-2789.76,0.288,0.0,0,0.0,,False,True,False
0xd95fde3f5068a40725695bbb282b76bdbbff36e4,True,2000,788,499,289,63.3,0.05,-657026.33,16,1759497956280,1779061228621,226.4,-126631.21,0.193,0.0,0,0.0,,False,True,False
0xd9729c49d299bb815cfb04ebb3d538309a235730,True,2000,1032,547,485,53.0,1.06,1331.19,1,1767358230923,1774180340921,79.0,-1383.59,1.039,0.0,0,0.0,,False,True,False
0xd99ec6e142cb5d3ed5a03fa63b28fe65766615b2,True,2000,1014,950,64,93.7,0.55,-18818.27,5,1786958520577,1788884650399,22.3,-7013.74,0.373,4680.227308,1,-492.35,-10.5,True,True,False
0xd9c4cf84bbd341add1eb92fd1ab27cce98098262,True,2000,1086,435,651,40.1,0.22,-40656.18,4,1778167296403,1779579058660,16.3,2568.84,0.063,0.0,0,0.0,,False,False,False
0xd9d870eea60fe5ee868b4f7c8227b422c8520f2f,True,2000,1610,1335,275,82.9,0.9,-947.25,51,1784264488168,1788723787031,51.6,-850.9,0.898,72994.42971,0,0.0,0.0,False,True,False
0xd9f7e56fb5e1824b6bc43d93dcd30586b990e95e,True,2000,1067,401,666,37.6,0.41,-8574.01,4,1787793248717,1788396873223,7.0,-843.46,0.098,0.017363,1,0.01,53.2,False,False,False
0xda0440148160f0d4c6d7434ca1cc474f8af7eb2f,True,2000,1367,870,497,63.6,0.67,-14849.28,13,1764027370691,1780958614336,196.0,6648.25,0.448,0.0,0,0.0,,False,True,False
0xda1d9534bef3344fa5be3b644b767b349e7415c7,True,2000,1170,534,636,45.6,0.54,-9600.4,26,1787444733843,1788273080647,9.6,841.49,0.088,0.0,0,0.0,,False,False,False
0xda39ac1d47264623ea6bbdeba48a09219ba76516,True,2000,960,804,156,83.8,5.53,18819.75,16,1787350082071,1788881642050,17.7,2206.0,0.117,0.0,0,0.0,,False,True,False
0xda4bcd3ed7c54bbedca1012bdf9999140b9ec840,True,2000,1038,505,533,48.7,1.35,6282.83,14,1764942038322,1787575497911,262.0,8734.19,1.39,0.0,0,0.0,,False,True,False
0xda540547f829982c539df8fc26ce74be62c6d511,True,2000,1147,589,558,51.4,4.92,2588.32,52,1781199317125,1782333301785,13.1,509.91,0.197,0.0,0,0.0,,False,True,False
0xda71e9faf454159a65a335b27550bae2a98ab0d1,True,2000,1011,691,320,68.3,0.63,-8402.06,10,1774558166618,1782868512849,96.2,-1020.23,0.121,0.0,0,0.0,,False,False,False
0xda87ecdd8ecd471ea8991e34ced0258a90efde98,True,2000,1087,446,641,41.0,0.47,-73710.32,3,1778772504210,1780454297537,19.5,-3764.14,0.051,0.0,0,0.0,,False,True,False
0xdaa013055a08ded8c007228a873b7993069a4a04,True,2000,1283,869,414,67.7,4.23,15692.04,9,1788183820142,1788885820113,8.1,825.0,0.053,33444.350349,3,-500.3,-1.5,False,True,False
0xdab42181ef69fe32322e764a4f83b2c58f4a7f01,True,2000,838,366,472,43.7,2.36,55445.94,27,1779578293606,1788879915586,107.7,9107.93,0.164,51808.845393,2,22482.75,43.4,False,True,False
0xdabb055552c0170687d862cb21b06497d8596aed,True,2000,978,250,728,25.6,1.45,13686.45,2,1769393916872,1780363902127,127.0,7313.85,0.534,0.0,0,0.0,,False,False,False
0xdaed957ed3d5870b3c28aa31082e5e5ee15a4e0f,True,2000,949,523,426,55.1,0.76,-8240.27,34,1757417764841,1788697094304,362.0,-6326.83,0.768,4928.240146,2,5744.26,116.6,False,True,True
0xdb01146c75b5794257da8e9ab2e86e4237c3cff9,True,210,94,94,0,100.0,inf,3620.08,1,1777863651991,1777873372027,0.1,277.48,0.077,0.0,0,0.0,,False,False,False
0xdb0f10f2ec07cdd51b03f087215a319ec6177670,True,559,190,146,44,76.8,5.09,11593.79,9,1750725547473,1788165869394,433.3,1736.59,0.15,3923.868086,1,-86.8,-2.2,False,False,False
0xdb284f152634dc2a5c4fb6cb37d1b85f938976c5,True,2000,1147,111,1036,9.7,0.3,-127743.06,3,1784674098936,1788744155605,47.1,6710.28,0.053,0.0,0,0.0,,False,True,False
0xdb4444b698259b1209571ea01aebce5541f7429c,True,2000,1370,1370,0,100.0,inf,183950.09,1,1786313089020,1787862751134,17.9,16900.98,0.092,0.0,0,0.0,,False,False,False
0xdb599c4458abca79a2d3694a58433acc5038f51a,True,2000,796,457,339,57.4,0.45,-32591.66,34,1781725581009,1788882652025,82.8,-9029.16,0.277,1037.887614,4,-53.71,-5.2,True,True,False
0xdb6628384a393fce469c07b2d55e4c6457d3dbdc,True,153,69,23,46,33.3,0.7,-3006.49,4,1774603247336,1780410440624,67.2,-3757.6,1.25,0.0,0,0.0,,False,False,False
0xdb7cc8d3b4bfb4365f59f0f66cd8a84b74b29a5c,True,2000,1317,949,368,72.1,2.08,6742.66,31,1781798415467,1787375514714,64.5,2261.17,0.335,0.0,0,0.0,,False,True,False
0xdb951b52356ebf874676950a5045b469783bbb49,True,2000,840,766,74,91.2,13.94,279037.65,15,1785363316017,1788840923583,40.3,52873.2,0.189,114988.941261,2,-6216.1,-5.4,True,True,False
0xdbb3eb09dd11c55ccc9c9f6d05db1a568b784785,True,357,112,75,37,67.0,1.45,339.55,8,1749922344628,1788809889177,450.1,-153.01,0.451,66.84216,1,-3.23,-4.8,False,False,False
0xdbcc8b6b6af296ecbfa5629edc61fc32183912a4,True,1368,672,294,378,43.8,1.31,1665.15,14,1768914287808,1787927678079,220.1,1176.57,0.707,0.0,0,0.0,,False,True,False
0xdbe0780a5c5a0e3b345101bbc01ac2218196d6d5,True,2000,1168,1090,78,93.3,32.31,1021719.3,6,1782317987055,1788651156853,73.3,15356.41,0.015,3924114.711211,2,3397932.04,86.6,False,True,False
0xdbedd92b290e494404aaf3ed81654cd1aae8af09,True,1272,812,300,512,36.9,0.77,-12808.62,14,1778270794705,1783600507232,61.7,-5625.74,0.439,0.0,0,0.0,,False,True,False
0xdc0c755321169cc4aa01d703140577bf5a4e9902,True,2000,983,408,575,41.5,1.71,10432.81,34,1778981813018,1788878927122,114.5,1314.65,0.126,0.0,0,0.0,,False,True,False
0xdc2a39a78c966f6e38ac507f351926eec8fb5da9,True,2000,780,326,454,41.8,1.32,2997.57,14,1772391967934,1774263953849,21.7,-2602.78,0.868,0.0,0,0.0,,False,True,False
0xdc3df1eacbfb8a42ac61adc4c68a0288eb2f064e,True,461,278,101,177,36.3,0.96,-278.46,3,1777213212715,1783930212771,77.7,-1267.88,4.553,0.0,0,0.0,,False,False,False
0xdc4d266abc9cf58c7d7015f08b9e6d832e662629,True,251,123,83,40,67.5,0.08,-12220.57,5,1772882167975,1779321600086,74.5,-2521.1,0.206,0.0,0,0.0,,False,True,False
0xdc5b309ef9ec572fc238231e6e55ab206eb09e74,True,31,17,5,12,29.4,2.05,39.56,3,1788127910065,1788631276872,5.8,29.75,0.752,678.402602,0,0.0,0.0,False,False,False
0xdc6e251c82e1f1ae93a219822f7b39b445028cb7,True,2000,778,548,230,70.4,3.07,13768.32,18,1787165356692,1788779917306,18.7,3167.83,0.23,82578.713125,2,34135.77,41.3,False,False,False
0xdc899ed4a80e7bbe7c86307715507c828901f196,True,2000,605,605,0,100.0,inf,13205.47,1,1780809036644,1788874760556,93.4,361.14,0.027,13575.824727,1,-24.2,-0.2,False,True,False
0xdc9ce94421bcce3f9ab9d4c98fe71b1e60615257,True,2000,1721,1380,341,80.2,0.75,-2217.84,69,1787302264247,1788883688103,18.3,-1231.43,0.555,0.0,0,0.0,,False,True,False
0xdcaff8e23cfa324d1398219264204d485e9fbd00,True,545,299,197,102,65.9,0.49,-25389.75,8,1743978175140,1780643443500,424.4,-23199.34,0.914,0.0,0,0.0,,False,True,False
0xdccc961f1fae438fae9cdb07cf4fee174c007915,True,2000,928,376,552,40.5,1.04,188.89,32,1787406732870,1788112243543,8.2,1155.2,6.116,0.0,0,0.0,,False,False,False
0xdce54163973f4b351b2a2756bc413c78a3791541,True,1250,551,381,170,69.1,0.32,-55195.49,5,1744386811218,1788100715640,505.9,-26965.02,0.489,0.0,0,0.0,,False,True,False
0xdcf8a86ff20b0e42f31d76fa86bb5c6c8992cf4c,True,2000,906,471,435,52.0,0.68,-103385.82,18,1753461421132,1786716589466,384.9,-86352.95,0.835,0.0,0,0.0,,False,True,False
0xdd08886cb92c689c7d89c88f048028293296ead1,True,2000,896,415,481,46.3,0.28,-31476.84,8,1783973899510,1787671038061,42.8,-9664.16,0.307,0.0,0,0.0,,False,True,False
0xdd17b90bd9ef91b785ed28399eead2f28366f9c4,True,2000,913,765,148,83.8,1.77,46710.99,12,1774028920142,1786460230549,143.9,7470.27,0.16,0.0,0,0.0,,False,True,False
0xdd27479b75e4f1a4b55bc89fa699ef37fadd097c,True,238,143,117,26,81.8,13.08,4008.93,5,1752401432762,1781200800386,333.3,331.2,0.083,0.0,0,0.0,,False,False,False
0xdd4d5d7766e2804dc7d6bcdd9e8ec4f96ca64370,True,2000,982,556,426,56.6,1.68,26714.66,3,1787122017723,1788887119112,20.4,2045.89,0.077,0.0,0,0.0,,False,False,False
0xdd59e8447b243696561f01f841d26a19b224aede,True,2000,1004,804,200,80.1,4.02,68860.5,3,1770132801379,1782373869229,141.7,8686.12,0.126,0.0,0,0.0,,False,False,False
0xdd6a1379559f6d542c7b79d4eabae891239a7fe5,True,2000,904,286,618,31.6,0.93,-1113.22,20,1781493506586,1787937187203,74.6,1202.59,1.08,0.0,0,0.0,,False,False,False
0xdd74bc9e9c9dedcbbb775fdda53b5cd9a3ca3edf,True,1145,469,221,248,47.1,1.2,2155.19,4,1780436873683,1788749280067,96.2,-1339.84,0.622,794.734277,2,-4011.95,-504.8,True,False,False
0xdd91256d1796b91a8f8129825786a4c948214668,True,2000,1142,190,952,16.6,0.56,-6716.47,17,1760077300951,1787361609078,315.8,2169.91,0.323,0.0,0,0.0,,False,True,False
0xdda207de733004a3b8d9a06fa2d394880a4a756a,True,2000,985,648,337,65.8,3.73,91786.34,56,1709425139197,1781276416903,831.6,10277.46,0.112,0.0,0,0.0,,False,True,False
0xddbb6b4c0ec7741bd1674d11b53b7b9d5e79a998,True,84,50,46,4,92.0,160.82,2223.83,11,1771603585683,1786522010701,172.7,113.68,0.051,340.831754,0,0.0,0.0,False,False,False
0xddc9dad01a78f11d419d92ba0b3a4b72d657544c,True,2000,974,453,521,46.5,1.03,1001.54,12,1781628339587,1788877215749,83.9,1977.85,1.975,0.0,0,0.0,,False,False,False
0xdddcd66893097ba4fb6086aeea5c199245477c45,True,2000,1002,593,409,59.2,1.03,650.9,38,1776087753241,1788879903488,148.1,-3454.16,5.307,14801.85731,10,786.46,5.3,False,True,False
0xddf213419be9c8ca854bd3d0a8ce4a1c77117aca,True,2000,969,476,493,49.1,0.29,-95790.21,26,1748609782985,1788886879362,466.2,-15935.11,0.166,3892.663356,2,-266.59,-6.8,True,True,False
0xde01a38f7495122795217e5a722dae4ee115ee3c,True,2000,954,297,657,31.1,1.67,16013.35,12,1775093559570,1788207207986,151.8,5224.37,0.326,0.0,0,0.0,,False,False,False
0xde1e6c1bec4d1754eb5487421f9e79a77b4fe871,True,2000,692,162,530,23.4,0.27,-38205.9,21,1782332959085,1788480000030,71.1,-18055.12,0.473,0.0,0,0.0,,False,True,False
0xde3583df3c1199a64cfff245682098c358e8cfd6,True,2000,897,710,187,79.2,0.57,-11092.82,9,1782310412304,1784620076678,26.7,-3463.9,0.312,0.0,0,0.0,,False,True,False
0xde51d5df898ac419aed4ca7449d189d53395f44c,True,699,277,98,179,35.4,4.05,23799.94,9,1779052633552,1788791085950,112.7,10819.12,0.455,23744.732546,1,3186.7,13.4,False,False,False
0xde61ae8449e26e604baa970d33e93a5b5942fbfc,True,486,212,160,52,75.5,2.92,12018.48,5,1785355312549,1788185213134,32.8,-2240.0,0.186,0.0,0,0.0,,False,True,False
0xde77d808300ac519fac24c0ba5cc18522c0f6f91,True,2000,806,609,197,75.6,1.72,4941.27,11,1774872711732,1781136000009,72.5,1495.84,0.303,0.0,0,0.0,,False,True,False
0xde8a6d588f8067e761bac811a102e0146c721e41,True,2000,909,752,157,82.7,8.6,359877.99,9,1785895770849,1788670196053,32.1,79773.95,0.222,12915.316363,1,-10671.23,-82.6,True,True,False
0xdea44807ce06beec12c48908613170f5ad8bbbcf,True,954,479,304,175,63.5,0.63,-12991.41,7,1737984225586,1788664526855,586.6,3429.94,0.264,0.0,0,0.0,,False,True,False
0xdeb64c2ff1e9bf7d59ed83573929c977bbc67e3d,True,1721,897,284,613,31.7,0.81,-14221.29,17,1774820756108,1785907857537,128.3,7812.49,0.549,32792.329474,1,25864.47,78.9,False,True,False
0xded57b13971de4b3f82b4f3d7b2644fb413080a4,True,2000,1238,694,544,56.1,1.02,1321.66,20,1776000671762,1781654400032,65.4,4625.57,3.5,0.0,0,0.0,,False,True,False
0xdee7297778b8755343e96e0b99eecf549195b856,True,2000,1146,497,649,43.4,5.19,101327.3,19,1785874517247,1788884543723,34.8,9715.91,0.096,63791.688934,3,68783.99,107.8,False,False,False
0xdef564a9faf4e0fd51b8a94613715767bb746587,True,2000,1102,656,446,59.5,0.43,-44247.45,20,1785168985520,1788478212595,38.3,-4268.94,0.096,0.0,0,0.0,,False,True,False
0xdf0655b607df467a1de8f1ebc0f3f63bd7bab3ff,True,2000,989,580,409,58.6,1.4,4100.35,3,1784466980858,1787011200058,29.4,-131.63,0.032,0.0,0,0.0,,False,False,False
0xdf15ddb8a27e689f3b43d60c3bf13c3f312d388a,True,2000,903,360,543,39.9,1.91,15654.7,34,1770355809925,1786130598049,182.6,3036.02,0.194,0.0,0,0.0,,False,True,False
0xdf2fac6c5617a44f073ef7748ae33e69e5e7f0b5,True,2000,741,440,301,59.4,0.46,-13351.36,12,1783452144697,1788440190601,57.7,-1309.84,0.098,1585.298545,1,-228.33,-14.4,True,True,False
0xdf395c423d925ee209a988f7de4a2d558e977edb,True,1913,907,744,163,82.0,2.95,43883.51,2,1785236810599,1788884390460,42.2,3603.02,0.082,0.0,0,0.0,,False,True,False
0xdf4b1959d626171475228263cc8753ba24159b27,True,329,115,50,65,43.5,0.03,-40963.25,2,1762869185014,1775601458790,147.4,-17066.15,0.417,12890.799506,0,0.0,0.0,False,True,False
0xdf5cad01ff5256edf10565eff813443953aad6b0,True,2000,1151,188,963,16.3,0.05,-211766.14,11,1783348787332,1783555200002,2.4,-11793.5,0.056,0.0,0,0.0,,False,False,False
0xdf783e48b2ebd7d35ba44c83315f6b3dbaa38fea,True,2000,1365,370,995,27.1,0.62,-13871.35,19,1780470743790,1781059349357,6.8,-1455.14,0.105,0.0,0,0.0,,False,True,False
0xdf87370a33b68c89f3ecc91e2141c04a86d45784,True,2000,1197,480,717,40.1,1.11,1023.25,3,1783148684499,1788882943543,66.4,784.41,0.767,0.0,0,0.0,,False,True,False
0xdf96ee09f439a8b4a3a1af23ea55d305c277f667,True,2000,984,346,638,35.2,0.73,-8287.83,3,1785164079524,1786732321544,18.2,1794.38,0.217,0.0,0,0.0,,False,False,False
0xdfaf7cd4ab0fc1d7f5ccf3216769f26bcd041a61,True,2000,1224,484,740,39.5,1.08,5760.5,14,1784930673713,1788784241289,44.6,-3702.79,0.643,162577.61901,2,137987.43,84.9,False,False,False
0xdfc578ab1a591348dc298fa9059d4b4307f523b4,True,658,332,316,16,95.2,2.61,18885.42,20,1757480859974,1788874943795,363.4,-4369.38,0.231,33383.821099,5,6522.53,19.5,False,True,False
0xdfe25cd6745aca3bdb94499b0a71a8f3356b0f1f,True,2000,833,308,525,37.0,0.35,-21913.2,4,1781023214395,1781272427038,2.9,-1966.34,0.09,0.0,0,0.0,,False,True,False
0xdff2f5d9d4c50fe3a249799ffac0a892967aeedd,True,770,422,149,273,35.3,0.67,-7181.24,24,1768316305808,1788637987957,235.2,1760.76,0.245,0.0,0,0.0,,False,False,False
0xe008135c18bcb2a2e3099bc9be9f44f1b9499fae,True,20,20,0,20,0.0,0.0,-18.36,1,1787230147864,1787230157572,0.0,-2.41,0.131,0.0,0,0.0,,False,False,False
0xe01a245714767a263cd69412b3375f9ae74302b3,True,1873,969,236,733,24.4,1.34,14308.79,7,1774294327481,1788825634343,168.2,5078.82,0.355,5821.886693,6,790.82,13.6,False,False,False
0xe02b82fdbcc4b090f3ad58ad1e22f7c6a5bbfa83,True,2000,1115,732,383,65.7,0.91,-2099.78,6,1787818393759,1788825600043,11.7,-2397.68,1.142,0.0,0,0.0,,False,False,False
0xe03f3e7d5b5388e93ace43bea2c1adede2e19eb0,True,1940,952,250,702,26.3,0.75,-6593.66,26,1771816940699,1788875080156,197.4,2395.57,0.363,0.0,0,0.0,,False,True,False
0xe063116cff1c13f7ea1499e5c848a2e6fac1463d,True,158,108,98,10,90.7,1.1,915.04,1,1772736175101,1781755912793,104.4,-7513.38,8.211,0.0,0,0.0,,False,True,False
0xe073be0fcce585e74b8cd2f37f39950a0824c759,True,552,152,107,45,70.4,0.8,-1850.83,16,1752600532717,1781488256925,334.3,-3999.86,2.161,0.0,0,0.0,,False,True,False
0xe091330c53b971ed4e886f902f18e8544a8d6705,True,2000,591,1,590,0.2,0.0,-412989.37,4,1787347503290,1788800427029,16.8,-22067.16,0.053,987646.531627,2,-47605.91,-4.8,False,False,False
0xe0b0d675a903ae6fd3bffbfa86ee0939c21805d8,True,1603,624,617,7,98.9,41.93,60194.86,1,1777302371746,1788880010385,134.0,6223.84,0.103,0.0,0,0.0,,False,True,False
0xe0ca97d65eff56223aaaf0a4b2a8678cce15f13d,True,1000,519,204,315,39.3,0.23,-14137.71,6,1782997128597,1783353436672,4.1,-2850.52,0.202,0.0,0,0.0,,False,True,False
0xe0e36e3e70367db3258b0ebf0c4446f64cbe5285,True,2000,965,765,200,79.3,3.06,11866.39,1,1775016209908,1776444219074,16.5,-586.83,0.049,0.0,0,0.0,,False,True,False
0xe0f51e686746cbd69cbfb707b9a6022b2b1ee737,True,2000,825,627,198,76.0,0.83,-2215.05,58,1778470938060,1781664232252,37.0,-2078.01,0.938,0.0,0,0.0,,False,True,False
0xe1070a4d77aa62bdaceb07305a2f8e4a3c38d4da,True,1253,625,225,400,36.0,0.94,-2100.2,16,1780468046249,1787909910265,86.1,3223.81,1.535,0.0,0,0.0,,False,True,False
0xe11e12f17686e67ecf54f5b9949d5bc67a1fa4c0,True,2000,611,530,81,86.7,0.62,-15300.66,5,1755616165823,1772318068368,193.3,-8143.32,0.532,0.0,0,0.0,,False,True,False
0xe1314392d9fdcf52d9800f83e7595eb7f58361b0,True,2000,1040,871,169,83.8,0.54,-5646.81,36,1776421986505,1788288770420,137.3,-1044.12,0.185,0.0,0,0.0,,False,True,False
0xe14b7101bd3109945d881676d4dc61c803dd15df,True,2000,856,557,299,65.1,0.34,-49363.04,1,1788452703217,1788887224821,5.0,-4747.38,0.096,12007.155863,1,123.28,1.0,False,True,False
0xe1652faa10472112a372db0c9dac36be14161dea,True,311,157,65,92,41.4,1.82,1548.65,7,1787414949320,1787584815817,2.0,512.66,0.331,0.0,0,0.0,,False,False,False
0xe183ef47829ae1eb7234e478e418cd9fa0a511dd,True,2000,1078,972,106,90.2,1.37,64540.68,16,1775139429368,1785170581696,116.1,-38235.66,0.592,0.0,0,0.0,,False,True,False
0xe19a52297c5d7b4d3b1181c62ffa6fa9e06d0d42,True,2000,849,293,556,34.5,0.26,-6076.61,2,1781377206818,1782425397813,12.1,-324.02,0.053,0.0,0,0.0,,False,False,False
0xe1ac29f9a6bd3de3c3311566b37ade9db1ef8856,True,191,70,70,0,100.0,inf,33043.36,1,1775602525431,1787926302661,142.6,5503.13,0.167,109758.684448,1,35084.52,32.0,False,False,False
0xe1bda0746ec6beff3f2ff1d6d7a5268e05467e65,True,377,187,187,0,100.0,inf,37550.29,1,1778060455460,1788463392363,120.4,10778.61,0.287,0.0,0,0.0,,False,False,False
0xe1e8049613ea468e21ad67c943d227a136b46654,True,607,365,360,5,98.6,0.16,-41318.61,2,1769963390908,1788395408794,213.3,-10439.99,0.253,0.0,0,0.0,,False,False,False
0xe1fa3c336d43a3b2e8934fe0bd0492124c3e4d81,True,2000,1162,591,571,50.9,1.1,53.74,131,1788885991168,1788887625034,0.0,-39.71,0.739,97965.163043,87,639.07,0.7,False,True,False
0xe21323a44b26a09ad18c41580d17da8876dfbfb4,True,1294,614,353,261,57.5,1.36,2099.43,27,1781913185196,1788882482825,80.7,888.58,0.423,79.803517,3,18.41,23.1,False,True,False
0xe22a679446c6b5a839e5b7311614842c5fdef788,True,2000,735,290,445,39.5,1.6,30170.72,30,1773042363573,1781481600049,97.7,55869.5,1.852,0.0,0,0.0,,False,True,True
0xe2468cd91b40873872d3d2cc07e0662cd4b9a5cf,True,454,243,121,122,49.8,0.78,-2229.37,3,1785540345231,1788885186888,38.7,-3046.38,1.366,2400.193098,1,-48.0,-2.0,False,False,False
0xe2584edf3b859aa233c4e42fa1f44d4bccb0cb7a,True,2000,925,132,793,14.3,0.19,-25954.28,9,1788260113810,1788874370067,7.1,1878.4,0.072,0.0,0,0.0,,False,False,False
0xe27ba52311290de54e9c8b0b1735d428bf8e77e3,True,2000,1017,677,340,66.6,1.89,62469.32,24,1754920125081,1788825816404,392.4,-11192.82,0.179,8214.666666,0,0.0,0.0,False,True,False
0xe28c12bfb15cef2aceafa0c2a9aa0d5ec1dbaf35,True,2000,945,418,527,44.2,1.58,3822.64,5,1783068815817,1787366383019,49.7,3741.73,0.979,0.0,0,0.0,,False,False,False
0xe29ba9b7e6a9662f1b82f49038f7f680abab8ad5,True,2000,903,576,327,63.8,3.75,30891.05,9,1785927812522,1788526692429,30.1,1733.45,0.056,163055.688239,2,42172.75,25.9,False,False,False
0xe2adda371095783ca98d8c3db1ab015809c9795b,True,2000,810,589,221,72.7,12.77,3221.59,3,1788637752576,1788884454417,2.9,110.28,0.034,3642.430983,1,15.0,0.4,False,True,False
0xe2c7181b382d12739a9153d8d2b8c0c6aab1113e,True,404,173,110,63,63.6,3.45,5368.0,9,1783352561992,1784298678984,11.0,1030.77,0.192,0.0,0,0.0,,False,False,False
0xe2e147a42768d53bc14bb8063e360df4cfac08cc,True,2000,917,336,581,36.6,0.84,-2686.62,29,1785935915457,1788886587186,34.2,2204.31,0.82,0.0,0,0.0,,False,True,False
0xe301f6bae6e122c9dfeb7f8e4af7bb8caf0f9ea6,True,153,67,45,22,67.2,1.74,1615.93,13,1757334235750,1773926294357,192.0,-1636.15,1.013,0.0,0,0.0,,False,True,False
0xe3129de64187aa74246a4334d49bfb17c2cbd178,True,2000,756,438,318,57.9,1.66,1222.43,10,1785248634395,1788866231763,41.9,388.71,0.318,1262.18689,7,-259.41,-20.6,True,False,False
0xe3227dca91f819d9f0b1be0ecf0e39ecf3804ad4,True,2000,687,244,443,35.5,0.33,-2516.89,3,1786597131856,1788875061441,26.4,-415.64,0.165,31950.934312,2,2645.53,8.3,False,False,False
0xe32b8f2804106e50a13135dba89a5badf7a42631,True,1226,579,63,516,10.9,0.09,-21031.53,4,1767833465213,1778894697958,128.0,-2425.37,0.115,0.0,0,0.0,,False,False,False
0xe338652d9c3452bc595c39fd6313ca4c74651920,True,2000,1284,1073,211,83.6,0.41,-17293.45,3,1783731843833,1788747635297,58.1,-4124.55,0.239,20369.432339,1,2590.64,12.7,False,True,False
0xe36a124caa7ee0b75a96a934499ce68dac6d9562,True,2000,887,208,679,23.4,0.16,-112720.25,9,1780536094299,1784226836116,42.7,-7266.61,0.064,0.0,0,0.0,,False,True,False
0xe383e214bd4b32a9ef9cf688ee98976b57f6c9c6,True,2000,732,159,573,21.7,0.17,-13223.84,12,1788695291235,1788886179380,2.2,-1689.82,0.128,80637.093869,4,125323.01,155.4,False,True,False
0xe3a254ea67e6687de9b7032ac9a49f14e359ef83,True,2000,1045,288,757,27.6,0.91,-1351.7,10,1780694555939,1783448418698,31.9,1306.86,0.967,0.0,0,0.0,,False,False,False
0xe3b6e3443c8f2080704e7421bad9340f13950acb,True,2000,407,200,207,49.1,2.08,3183.73,1,1780106012571,1780400193890,3.4,708.5,0.223,0.0,0,0.0,,False,False,False
0xe3d0cb63b22177d6e91f0bad1e495d26779c23e5,True,2000,1046,228,818,21.8,0.83,-1067.04,12,1781140739556,1784601274252,40.1,1013.64,0.95,0.0,0,0.0,,False,False,False
0xe3de5cb9b347e6960725771178ba9d06035e4440,True,268,44,0,44,0.0,0.0,-397.99,2,1774786021735,1775655553728,10.1,-89.91,0.226,0.0,0,0.0,,False,False,False
0xe3f42af201ec36992a6b89e0ad6f814b901d1128,True,2000,1037,357,680,34.4,0.78,-6075.97,38,1731421881644,1788755780914,663.6,-5040.56,0.83,0.0,0,0.0,,False,True,False
0xe415c2d0fcfa3417ad876456e9c529eac2f91de6,True,2000,1160,722,438,62.2,1.2,4436.66,14,1786411165946,1788885467011,28.6,3988.73,0.899,4925.275071,1,-169.19,-3.4,False,True,False
0xe42821ba581a88675dff8b8cfdc6d44f4cef9b1b,True,2000,1041,484,557,46.5,0.45,-49304.43,7,1774755210982,1776636038713,21.8,-10598.22,0.215,0.0,0,0.0,,False,True,False
0xe44bed760c2f1a03a03bd1b8911f025d96e6eb04,True,2000,998,242,756,24.2,0.26,-19589.13,20,1784344223262,1788848040407,52.1,-2052.72,0.105,7224.920799,1,35.09,0.5,False,False,False
0xe47f7c30289153ae3fccc4ffd9e6ed4bd18cae6f,True,2000,845,450,395,53.3,0.89,-1746.98,56,1753435496915,1788525042698,406.1,-976.0,0.559,0.0,0,0.0,,False,True,False
0xe498d50f732faeecd60bf94911a7bd0553f78610,True,2000,1010,440,570,43.6,0.87,-9935.21,13,1782702057392,1787751260846,58.4,15027.15,1.513,0.0,0,0.0,,False,False,False
0xe4b566400ce5321fe1ba0c6d57bac6605e9f2228,True,2000,884,324,560,36.7,0.64,-13203.98,27,1752232749355,1787206920987,404.8,-3658.76,0.277,0.0,0,0.0,,False,True,False
0xe4c4f035775c4fa6fcd7561be4e35f29907b3df7,True,1684,1062,257,805,24.2,0.16,-127595.54,8,1781332046358,1787356800028,69.7,-8376.29,0.066,375004.739615,1,-1022677.94,-272.7,True,False,False
0xe4d83945c0322f3d340203a7129b7eb5cacae847,True,2000,1013,994,19,98.1,4681.12,1695148.39,4,1764576336184,1779586230210,173.7,38467.22,0.023,0.357113,0,0.0,0.0,False,False,False
0xe4e792538f35285bc8ce0be084f39015ea0dc475,True,2000,805,419,386,52.0,0.35,-28636.2,18,1779731205393,1780860089413,13.1,-1910.98,0.067,0.0,0,0.0,,False,False,False
0xe4eac85fc582e8dbfb31332d400ab05dabb7aa5b,True,2000,868,492,376,56.7,0.53,-24218.39,2,1772465683963,1787805283203,177.5,-2711.56,0.112,0.0,0,0.0,,False,True,False
0xe4fe6f4872a8afcaaf8c7b8d0678743720a97b2a,True,2000,813,338,475,41.6,1.14,3890.34,24,1777544056975,1788495175584,126.7,-1838.88,0.473,0.0,0,0.0,,False,True,False
0xe524d29daf6d7cdeaaaf07fa1aa7732a45f330b3,True,2000,1297,772,525,59.5,1.69,34872.45,16,1786111003112,1788855357082,31.8,5641.21,0.162,0.0,0,0.0,,False,False,False
0xe53c0962ba3b84877ba2c1685b59a5486d092a01,True,2000,857,29,828,3.4,0.72,-174.6,10,1765182485504,1777476237421,142.3,212.06,1.215,0.0,0,0.0,,False,False,False
0xe55649e92bfa77ae9e63b70aa9a5fe291a4d1e81,True,218,113,51,62,45.1,0.6,-1044.42,7,1764249706357,1776761275230,144.8,-356.6,0.341,0.0,0,0.0,,False,False,False
0xe5706d3d24ac1a99f72e20a12231e1e58dfe2250,True,2000,818,386,432,47.2,0.5,-46093.47,8,1782743664277,1785386470357,30.6,-13350.32,0.29,0.0,0,0.0,,False,True,False
0xe5852547ff5e91e44a013626b55ea9387af6fa99,True,1933,1036,768,268,74.1,1.97,15667.81,4,1778965080169,1784599219739,65.2,9770.31,0.624,0.0,0,0.0,,False,True,False
0xe59f6b8269e3475be6195d1deb4a5f93ac035cbd,True,2000,1007,482,525,47.9,0.43,-8141.88,2,1784229973755,1784711821811,5.6,-800.59,0.098,0.0,0,0.0,,False,True,False
0xe5ae5aac9a19ec43abdd161e95640a1cc12ae348,True,2000,853,602,251,70.6,1.01,177.46,25,1776966029527,1788881444507,137.9,-1189.95,6.705,8990.202268,7,834.46,9.3,False,True,False
0xe5c4fcc72c670430ba7639f9b193f1d564dd5a59,True,2000,1016,611,405,60.1,1.59,83.0,9,1787216683725,1788532238050,15.2,-46.69,0.563,2448.648833,4,4.46,0.2,False,False,False
0xe5dce747854c8f1b146cd8199bdbcb28238e117e,True,81,50,29,21,58.0,0.46,-632.32,5,1773264695442,1773689362457,4.9,-561.89,0.889,0.0,0,0.0,,False,False,False
0xe5f4189a1ed8c3373804ffbf24a436c2ee14a040,True,221,89,64,25,71.9,0.78,-1661.83,5,1778456289425,1788705837936,118.6,-1641.82,0.988,30818.626235,0,0.0,0.0,False,True,False
0xe60dcdf2648394b6082452707210a23017607738,True,2000,698,27,671,3.9,0.31,-72392.27,3,1788431772706,1788672391505,2.8,9898.11,0.137,208706.725596,1,-17446.06,-8.4,True,False,False
0xe61d979c1c34aa1c4b6bc69940783cb5c9dd83fe,True,577,375,254,121,67.7,83.76,44496.51,4,1785781443668,1787174175505,16.1,5988.39,0.135,0.0,0,0.0,,False,False,False
0xe62bf4de81e7b3d0c676926931ccf383427f5614,True,2000,932,402,530,43.1,0.91,-4200.1,19,1772744081947,1787818246406,174.5,-5798.11,1.38,0.0,0,0.0,,False,True,False
0xe642e0504b53c3d06438e57b90bc8fca6f2fa603,True,2000,967,700,267,72.4,2.33,1858.81,13,1788669731948,1788887593612,2.5,-154.05,0.083,1427.150263,2,-34.44,-2.4,False,True,False
0xe665ae3f4b257419e0795d1dcb924f029b102963,True,1845,687,392,295,57.1,0.48,-34847.53,8,1772808580421,1774705213140,22.0,-18138.3,0.521,0.0,0,0.0,,False,True,False
0xe676708ea7611c93ee106b1d7a2c6f721fc10c18,True,2000,988,410,578,41.5,2.26,163586.34,8,1747596827221,1787894321779,466.4,27903.0,0.171,96872.483619,2,62981.39,65.0,False,False,False
0xe682e76e2aebeca312b4d7428beb6c8be1cd1b0c,True,2000,989,393,596,39.7,5.2,86263.75,17,1765099804160,1786788617051,251.0,12823.38,0.149,0.009103,0,0.0,0.0,False,False,False
0xe690e8fc2cfeb2934aa97d907ea4b003adf06987,True,2000,1139,119,1020,10.4,0.51,-3552.51,4,1775270494650,1778959208020,42.7,-437.61,0.123,0.0,0,0.0,,False,False,False
0xe6a1c682d38b9ec6f3031a8b46322aadc833660f,True,2000,980,379,601,38.7,0.82,-10169.5,13,1776984429307,1788802515806,136.8,6828.99,0.672,65340.066147,1,1121.98,1.7,False,False,False
0xe6aa5197987ec7ea6749769dbb7f8b5e37889b07,True,2000,1387,525,862,37.9,0.25,-11553.38,7,1760616277776,1785347085818,286.2,-1816.35,0.157,0.0,0,0.0,,False,True,False
0xe6c650f79e5668859e6ec53f64a8daa4acaeab81,True,2000,784,2,782,0.3,0.0,-636.6,3,1788531073330,1788887902385,4.1,-9.88,0.016,83673.026802,2,-139.24,-0.2,False,False,False
0xe6db30da89e8c6492da3677fa9b5a7d59124995e,True,202,38,17,21,44.7,2.78,962.52,12,1712403919479,1787147316277,865.1,849.5,0.883,0.0,0,0.0,,False,True,False
0xe6f3f1bcd81421ac168c751834761d523113578d,True,2000,994,120,874,12.1,0.07,-77244.82,7,1780605112006,1788699042379,93.7,-2897.58,0.038,245571.9555,3,12004.8,4.9,False,False,False
0xe7051bd65ec206dc3263d3e0925d1d01d91413ed,True,2000,1199,760,439,63.4,1.65,281.77,4,1781629722385,1788886578072,84.0,-46.4,0.165,0.0,0,0.0,,False,False,False
0xe71e9636e31b838af0a3c38b3f3449cdc2b7aa87,True,2000,673,448,225,66.6,2.78,104287.45,9,1741085653350,1781612317610,469.1,69895.5,0.67,0.0,0,0.0,,False,True,True
0xe73e031273aefa4529f9f4b46c111b7aaceba4d0,True,2000,1104,620,484,56.2,2.75,43048.69,38,1776825754828,1788416226104,134.1,5264.61,0.122,0.0,0,0.0,,False,True,False
0xe752a95b77561d60f33bad006ace5d203b838821,True,2000,974,133,841,13.7,0.57,-3053.47,14,1787408297308,1788848786543,16.7,539.71,0.177,2066.279714,3,625.05,30.3,False,True,False
0xe771266930e94fe550b15e44cff405848d087337,True,1945,1083,525,558,48.5,0.76,-9153.99,2,1784905852888,1786984337175,24.1,-607.12,0.066,3964.874619,0,0.0,0.0,False,True,False
0xe7845ad24fcc6e1395aeba4326126746d35f7011,True,2000,1286,542,744,42.1,0.65,-8456.81,2,1769346498399,1788533409799,222.1,848.03,0.1,0.0,0,0.0,,False,True,False
0xe7a90765bb71f0362cf4feff3a72a8c80a10f061,True,2000,819,343,476,41.9,1.64,20348.19,23,1768641228028,1786023504987,201.2,6666.34,0.328,0.0,0,0.0,,False,True,False
0xe7bf7042795315742a51f934a03a9670ff623374,True,1268,655,650,5,99.2,627.8,15327.09,4,1774900349899,1775017948371,1.4,1235.08,0.081,0.0,0,0.0,,False,False,False
0xe7d96b5fdab3dcb6ab5cb8b14b291e03a8ac496b,True,709,134,51,83,38.1,0.23,-18519.77,2,1759953494435,1788655966619,332.2,-3332.57,0.18,88737.65684,1,75463.38,85.0,False,True,False
0xe7eb01561fd80d4f03721b9a12aa78fa9e839585,True,2000,834,480,354,57.6,0.64,-2913.18,14,1780066636440,1787616000004,87.4,-612.95,0.21,0.0,0,0.0,,False,False,False
0xe7fefc0f713a5d7f02cc41977a5e0d69dbe7ba22,True,2000,1136,920,216,81.0,8.42,587.48,8,1765544376039,1772634716070,82.1,27.62,0.047,0.0,0,0.0,,False,False,False
0xe815076ca4c1e1f85ed439cb4a1a0437a9fc5f97,True,2000,857,692,165,80.7,1.37,3740.6,17,1776501294535,1788886642160,143.3,-2497.97,0.668,1011.65751,0,0.0,0.0,False,True,False
0xe8225f7cdfc27d31fd9a0211c305339589f07bf1,True,2000,889,750,139,84.4,2.24,6624.9,13,1773846428578,1776721249819,33.3,-4266.53,0.644,0.0,0,0.0,,False,True,False
0xe8438461ccd99e922e86a023a727bb246f49cc1b,True,2000,1022,308,714,30.1,0.96,-1817.56,14,1772396449629,1788859808029,190.5,6719.21,3.697,5674.111198,1,45.97,0.8,False,False,False
0xe8681168f59af16c60c805dab7842eb75f127879,True,2000,680,530,150,77.9,11.94,22603.87,18,1785244172695,1788886158439,42.2,1548.28,0.068,75381.34956,0,0.0,0.0,False,True,False
0xe877e0e73098cf9c99fc12864d1a8cbb225c4838,True,530,229,71,158,31.0,0.4,-11593.34,11,1753035658566,1787904134851,403.6,-2084.41,0.18,20677.457091,1,-543.51,-2.6,False,False,False
0xe894b8877dc9621fac8807f210afd8ecfbe00960,True,1000,427,311,116,72.8,0.94,-669.13,2,1778824539395,1780540710213,19.9,-3202.94,4.787,0.0,0,0.0,,False,False,False
0xe8a6d3a362212605b1076f3c1653a3f6c6c41cbc,True,2000,882,405,477,45.9,1.87,43056.02,39,1770308869427,1788865849312,214.8,-6008.91,0.14,6798.603759,2,-1241.94,-18.3,True,True,False
0xe8bd076660290659e53c5a773b10585d72bfe27a,True,917,372,237,135,63.7,2.14,21076.67,4,1779547323549,1788632637060,105.2,10105.08,0.479,0.0,0,0.0,,False,False,False
0xe8d62dee926c89cf6df02cad883b67b8446ed9b2,True,2000,785,446,339,56.8,0.5,-18343.38,1,1762737695634,1774180339316,132.4,-5989.52,0.327,0.0,0,0.0,,False,True,False
0xe8e9afe1d7893db385c66c146fed069367384a19,True,294,158,156,2,98.7,317.11,16025.08,1,1767356683004,1774953016683,87.9,1339.4,0.084,0.0,0,0.0,,False,False,False
0xe8ffb41d8c0fe467a6ef8c32f49a666e340de997,True,342,132,130,2,98.5,11368.73,22508.11,3,1768674417061,1788728832176,232.1,2098.53,0.093,0.0,0,0.0,,False,True,False
0xe90bf24e807df04f1513d50002d78bfc22ee84d9,True,2000,1210,637,573,52.6,1.22,190.55,1,1788481025142,1788888080905,4.7,-39.26,0.206,0.0,0,0.0,,False,True,False
0xe91cc80bb417944a27c21b9438fb7e7c8f027c91,True,2000,803,479,324,59.7,0.79,-11711.99,104,1782190428313,1788884308188,77.5,-14800.31,1.264,2931.564875,1,-205.45,-7.0,True,True,False
0xe92b752dcf5aaa849214da753b5df67951136b98,True,493,239,98,141,41.0,1.51,4163.16,21,1775579815074,1788850080954,153.6,-2612.0,0.627,47267.07714,7,38282.88,81.0,False,True,False
0xe943423dae5d53a6ebca1c3964a8f14663f6befd,True,282,163,82,81,50.3,1.18,1796.1,3,1781478343130,1787120128987,65.3,2696.44,1.501,0.0,0,0.0,,False,False,False
0xe95fdc2643a2e79dbf4f156187ccfacfaf96fd63,True,2000,915,768,147,83.9,0.67,-6238.37,7,1747709114743,1787173553412,456.8,-5643.06,0.905,1440.531005,1,-2287.5,-158.8,True,True,False
0xe97246c3ce708fd8eeb8f6cbf68c231470db39d1,True,2000,932,592,340,63.5,0.72,-9353.93,7,1780576777200,1788791764376,95.1,-2976.59,0.318,8161.813308,1,-2544.2,-31.2,True,True,False
0xe97e4d510652593b276883836470c5ac9a4f2379,True,2000,871,412,459,47.3,1.11,2883.55,21,1767490354123,1788874862732,247.5,-2119.96,0.735,7712.919812,1,-387.81,-5.0,True,True,False
0xe98b6b0575b376ce1a45abb33b9fba1d7ea3b194,True,2000,1334,34,1300,2.5,0.0,-39512.42,5,1778880394687,1787184000002,96.1,-15234.44,0.386,0.0,0,0.0,,False,False,False
0xe99d7d7f6a3664e19dfb14872d8c81813e15ab33,True,2000,1121,698,423,62.3,3.51,18047.79,24,1787389968739,1788882781820,17.3,960.42,0.053,97089.883602,6,23937.99,24.7,False,True,False
0xe9c00c9b0dcd5a41704cdf65a363aa88072e1b4c,True,2000,78,69,9,88.5,1.03,102.2,6,1787433278783,1788888207903,16.8,-2010.32,19.671,14914.914726,3,-1403.67,-9.4,True,False,False
0xe9d46972b00b83699b8c178fc62b33ce3a81f930,True,2000,962,373,589,38.8,1.35,1977.72,10,1788024511189,1788879842447,9.9,542.27,0.274,4025.668568,1,20.33,0.5,False,False,False
0xe9f4a95b966c85380854fdf633b5bd0f339d1cea,True,2000,1055,609,446,57.7,1.15,4795.49,45,1772203808853,1788828787388,192.4,2681.32,0.559,20623.74166,13,-760.72,-3.7,False,True,False
0xea0f7492ac4c6949cb22b5d65250e701084a4e73,True,2000,979,230,749,23.5,0.2,-45416.33,4,1788360875149,1788729399949,4.3,-11575.89,0.255,167461.173289,1,-24750.24,-14.8,True,True,False
0xea21208596c7a8c6b684f229773984bd5d82ee96,True,1569,670,302,368,45.1,0.81,-4536.22,38,1737489892568,1788452527099,589.8,-2406.25,0.53,0.00406,0,0.0,0.0,False,True,False
0xea326af6fc4d984a9e5157bb5a3a0ff08829618e,True,1553,817,392,425,48.0,0.48,-5659.73,27,1755622113441,1782000000047,305.3,-1704.35,0.301,0.0,0,0.0,,False,True,False
0xea4fc1ae43d644b35e6874c32c49516ccb21df32,True,2000,1164,425,739,36.5,1.44,2266.42,98,1788795200788,1788888317463,1.1,782.69,0.345,167488.390348,102,14328.2,8.6,False,False,False
0xea73db6c22ca00a06b02be3ee4a37a68c55ee73c,True,2000,1082,899,183,83.1,13.14,65982.49,11,1786015502653,1788886977163,33.2,-2841.87,0.043,0.0,0,0.0,,False,True,False
0xea8e1d16624cbf0290ab887129bb70e5cdb4b557,True,967,446,154,292,34.5,0.28,-2549.85,43,1733160530536,1788637926835,642.1,-343.8,0.135,0.0,0,0.0,,False,True,False
0xeab3270360b90f40a9438458a0d245f4d733f7e2,True,1358,585,419,166,71.6,0.53,-2820.51,22,1774192320138,1780455683307,72.5,-2216.43,0.786,0.0,0,0.0,,False,False,False
0xeacb056481a682086839a9796abecebd493a4912,True,2000,680,511,169,75.1,0.45,-44440.01,19,1772628654540,1788451028802,183.1,-7401.45,0.167,1243.126008,1,188.71,15.2,False,True,False
0xead9a902a68f0dfb0895dcf935e17455c5dd3188,True,1494,704,268,436,38.1,0.22,-42718.88,11,1772779458152,1788876678406,186.3,-4921.84,0.115,0.0,0,0.0,,False,True,False
0xeae5a1314509d4e1fb0066e7b87df8092fe073b3,True,146,49,29,20,59.2,15.7,4622.19,5,1737578842833,1780577197144,497.7,3857.85,0.835,0.0,0,0.0,,False,True,False
0xeaf35054804ab7ed6b8cb070296dd6bb38abb4b1,True,2000,906,583,323,64.3,3.07,14833.74,1,1787587543212,1788888021979,15.1,210.51,0.014,80557.261416,1,-284.72,-0.4,False,True,False
0xeafedfadf9302b4c9cab0e2c25b4f828113bfd39,True,592,256,147,109,57.4,1.53,11172.76,1,1776941473589,1782068528443,59.3,3743.8,0.335,0.0,0,0.0,,False,False,False
0xeb0f432beecf10dcc828fc1e36a3386caf634637,True,2000,1066,0,1066,0.0,0.0,-136102.7,2,1788293762917,1788482184676,2.2,-4492.89,0.033,885251.758906,1,776638.62,87.7,False,False,False
0xeb1dad94416e1235df18789750534a577adfd9bb,True,2000,953,600,353,63.0,0.54,-4195.16,27,1784033339597,1788887089025,56.2,-657.31,0.157,2708.843032,2,-8.78,-0.3,False,True,False
0xeb3e78dd812cef1a80201bf36d9aee1399269114,True,2000,817,445,372,54.5,0.38,-8464.74,101,1776903007841,1781978718040,58.7,-1840.73,0.217,0.0,0,0.0,,False,True,False
0xeb5d694b3103e6bb88912cad53dccaef3181a749,True,2000,846,523,323,61.8,0.96,-1056.35,37,1785592628574,1788479989669,33.4,-5170.55,4.895,0.01,0,0.0,0.0,False,True,False
0xeb763dadc125bdf9480e849c58392dfb71cfdf58,True,2000,907,505,402,55.7,1.11,1820.54,17,1777230607058,1788831279228,134.3,1326.62,0.729,416.067509,1,116.96,28.1,False,True,False
0xeb8ebad162a9ce4cb7e2325c92b960b9df63365c,True,2000,872,447,425,51.3,0.39,-43331.68,8,1781787649645,1787593568623,67.2,-7086.14,0.164,2699.966764,1,714.85,26.5,False,True,False
0xeba4e5e08f48aa9db9b395ab0e40d6ac70f448b1,True,2000,1045,553,492,52.9,0.97,-4517.73,9,1778339511185,1788885603085,122.1,79710.07,17.644,4565.412999,1,539.17,11.8,False,False,False
0xebc4724fbee10cf3ab51a857c131cf56270f7ac8,True,2000,907,906,1,99.9,3.92,12569.01,15,1787271529127,1788833777242,18.1,-4311.59,0.343,32040.251561,9,52361.94,163.4,False,True,False
0xebcc8dd6ef962db4a75e73774632fd5824a6a467,True,2000,1108,295,813,26.6,0.2,-366785.82,7,1787880757791,1788685891108,9.3,-28632.3,0.078,6080.23,1,-265.0,-4.4,False,True,False
0xebdc1c611e594a23d1e632ed3d1881ead25d3f83,True,2000,1041,520,521,50.0,1.65,7075.61,12,1787937518187,1788888361125,11.0,790.05,0.112,9946.927074,1,109.88,1.1,False,False,False
0xebef259eb650590749c405dae136c9ca6ba05720,True,2000,948,410,538,43.2,1.7,10399.1,57,1737284819995,1782568052222,524.1,-2648.46,0.255,0.0,0,0.0,,False,True,False
0xec050ec4c8d177ac617ca85c7ad145b05b825649,True,2000,1024,946,78,92.4,1.82,76114.7,16,1773110392772,1788793514942,181.5,-25281.92,0.332,6232.607748,1,-12190.3,-195.6,True,True,False
0xec16b574ddf7c1b1039aad3b7c170408b7aaa4ac,True,150,46,36,10,78.3,7080.74,101071.13,4,1733505823163,1780643264800,545.6,42134.61,0.417,0.0,0,0.0,,False,False,False
0xec326a384ae965647d87e1f85db46d2efa15ae82,True,2000,1359,1359,0,100.0,inf,183040.78,1,1777030330221,1777191095229,1.9,4040.93,0.022,0.0,0,0.0,,False,False,False
0xec612df9f5427f84de9ce38d878b46274619e1c9,True,2000,916,654,262,71.4,1.66,25428.98,23,1775907481218,1788787789133,149.1,20353.5,0.8,22357.19167,3,21400.77,95.7,False,True,False
0xec7ee21a8d3ab382d35c3a20dce9292770313675,True,2000,834,371,463,44.5,1.14,9437.92,21,1762357263145,1788799648000,306.0,9965.49,1.056,54592.057737,7,28064.76,51.4,False,True,False
0xec92c2735a6a7b1a5ac490c269db2343e91e6d88,True,2000,705,275,430,39.0,0.32,-12921.84,23,1780222681530,1788883397045,100.2,-350.09,0.027,38442.357214,13,-8100.03,-21.1,True,True,False
0xecad5ed6d571d0e00d091345ea9cd88a7cdfb808,True,295,195,121,74,62.1,0.05,-11435.35,4,1772615605990,1774269814554,19.1,-869.21,0.076,0.0,0,0.0,,False,False,False
0xeccd60dae7afe7650a4c6b610c30957348e185af,True,2000,1007,1007,0,100.0,inf,8072.5,2,1788511829138,1788888341417,4.4,62.64,0.008,25178.379492,1,7.7,0.0,False,False,False
0xecf236c819b4ee7445cd6024bb3d28bd16c1bf1f,True,2000,798,248,550,31.1,0.09,-52009.78,7,1780985480514,1788522951608,87.2,-6051.3,0.116,0.0,0,0.0,,False,True,False
0xed00cc98c118a78757e5ed45afa8daa8057350f3,True,1360,788,544,244,69.0,10.89,27048.46,6,1756610544076,1780390331282,275.2,3130.97,0.116,0.0,0,0.0,,False,True,False
0xed0eb4f29fe044a17b791d13a3ed596fa008df3e,True,2000,810,436,374,53.8,1.48,3096.36,47,1770490681271,1788868539039,212.7,-875.94,0.283,2609.317,1,54.06,2.1,False,True,False
0xed2290271da82ece518362f2cdabbf5d1387a946,True,735,364,132,232,36.3,0.53,-3611.88,4,1779331043494,1788525096648,106.4,-873.73,0.242,0.0,0,0.0,,False,False,False
0xed3b668f8f5d73424290190223778b43ed93dec7,True,2000,952,615,337,64.6,0.84,-11076.33,21,1771362989717,1788852180446,202.4,-17908.42,1.617,44811.631091,3,38398.78,85.7,False,True,False
0xed50502c6d96b8ac09a508fc40928186390394b8,True,2000,952,490,462,51.5,0.91,-7665.05,23,1765859339913,1788859428704,266.2,4900.5,0.639,58262.599886,8,134471.39,230.8,False,True,False
0xed6d80e75dcd6ecf044fb9707bf85fc683bf3389,True,2000,923,534,389,57.9,1.27,2560.19,17,1780712409432,1788487029936,90.0,-1198.21,0.468,0.0,0,0.0,,False,True,False
0xed7c90722b5b0e5d1e8dcc6babc4fdd6365f1f52,True,903,466,123,343,26.4,0.51,-2642.35,8,1744033645704,1788865843853,518.9,486.28,0.184,2417.311172,0,0.0,0.0,False,True,False
0xed9eef1e383eae68f69c9a0344e6f890e7147a2d,True,2000,764,427,337,55.9,0.36,-67682.24,10,1778103267342,1781162000648,35.4,-10948.18,0.162,0.0,0,0.0,,False,False,False
0xedbed5cccb801cf015f56f71f77d0d382ad90155,True,2000,496,257,239,51.8,0.12,-964.01,6,1788467494236,1788881019987,4.8,-143.56,0.149,5602.237846,5,-418.21,-7.5,True,False,False
0xedd6d07145b122427b223ffe66c6fce182100dba,True,1460,537,271,266,50.5,0.76,-6690.39,19,1738922321963,1788568808815,574.6,-3628.8,0.542,10983.283576,1,679.74,6.2,False,True,False
0xedf3d0775803d74b2a91322cad37be05f4f9cc1e,True,2000,989,466,523,47.1,0.49,-10119.18,2,1787324792660,1788887468404,18.1,-1787.0,0.177,0.0,0,0.0,,False,False,False
0xee075d16773517479f0ddba8cbc974ae4e1e205c,True,2000,1129,669,460,59.3,0.78,-7076.73,32,1775367738063,1778527007381,36.6,-2246.86,0.318,0.0,0,0.0,,False,False,False
0xee1dc60396e4be97806a1a3f453439b5d9360c8f,True,2000,1012,424,588,41.9,0.45,-8307.4,53,1781789550408,1788885677856,82.1,-4400.79,0.53,1972.348497,1,-89.49,-4.5,False,True,False
0xee33e09ae46d84587a8a89bb7a74e70f8961058b,True,2000,868,480,388,55.3,7.75,12753.64,41,1788224447534,1788882808817,7.6,374.14,0.029,21598.451699,4,-3.6,-0.0,False,False,False
0xee4b7edbc99394a83f49a260f7a6081e63bb9d05,True,344,134,76,58,56.7,0.6,-2160.4,1,1781785086512,1782203067218,4.8,-1114.45,0.516,0.0,0,0.0,,False,True,False
0xee621cac3443ea9511e4b6050d92ee2a8b80f93d,True,2000,979,715,264,73.0,0.65,-3751.9,10,1782275530340,1788879477791,76.4,-4155.08,1.107,0.0,0,0.0,,False,True,False
0xee791788b532830f79d373dd84ecc1ab0aee58c1,True,1299,574,331,243,57.7,1.99,3209.43,19,1760797040487,1782202950138,247.8,750.21,0.234,0.0,0,0.0,,False,True,False
0xee819f797fdfffa1ca8ca20f5e10ef93ff043c62,True,2000,796,552,244,69.3,3.8,17831.27,32,1748045554557,1782345600020,397.0,-1730.98,0.097,0.0,0,0.0,,False,True,False
0xeea3768200e769a49f6079c8c02c34d1a46bcc81,True,2000,1027,269,758,26.2,2.05,27108.98,22,1771658100705,1782012262419,119.8,9330.39,0.344,0.0,0,0.0,,False,False,False
0xeebf37253066532afeb3facb4f2c411703353a83,True,123,59,41,18,69.5,5.71,12379.69,6,1762545873758,1787176036442,285.1,3164.68,0.256,0.0,0,0.0,,False,False,False
0xeed0ed4e4c6b5bb4306c089a7a232e3b20639c8f,True,2000,863,279,584,32.3,4.38,21152.04,9,1786457262716,1788883069320,28.1,4083.04,0.193,32240.775842,1,103.37,0.3,False,False,False
0xeef2ac84ad2aa591c53ba5189922ffc050bc153f,True,2000,834,196,638,23.5,0.34,-69948.47,9,1778278980629,1788254070171,115.5,-9041.0,0.129,0.0,0,0.0,,False,True,False
0xef2073c11af0c7f43360c736eb8b145b34a42ab4,True,1420,785,563,222,71.7,4.43,18412.39,22,1784817409406,1788884419004,47.1,1204.52,0.065,3447.456138,6,1138.21,33.0,False,True,False
0xef34e52ee7f94b10a64d8b23dc69c1aef92306d2,True,2000,1004,557,447,55.5,0.72,-24353.51,11,1778918408530,1785423386836,75.3,7746.6,0.318,0.0,0,0.0,,False,True,False
0xef4b343fd30210ca3f11d77e9d411c4f0fe9c6dd,True,2000,1323,257,1066,19.4,0.43,-21202.61,10,1786188110179,1788537232787,27.2,-7673.37,0.362,202000.891809,1,-77065.64,-38.2,True,False,False
0xef651aeb3f20ee4e2bcd22e111d202cde25184bb,True,2000,1106,527,579,47.6,0.42,-29348.3,21,1758683923075,1780532787846,252.9,-4097.71,0.14,978.835343,0,0.0,0.0,False,True,False
0xef782d7e63beb346aa276d43b48b4532c449cb49,True,2000,1020,451,569,44.2,0.9,-1199.12,11,1774584092343,1788740798598,163.9,955.59,0.797,0.0,0,0.0,,False,True,False
0xef88ad16a73dbae0184bdd99e4f9b75fd3060fd5,True,751,376,178,198,47.3,1.2,991.1,12,1741409639258,1785773333885,513.5,2118.59,2.138,0.0,0,0.0,,False,True,False
0xef99a217bcbcc1b8588523053aa88ec1314c217b,True,2000,993,557,436,56.1,1.35,45711.76,9,1774090040662,1788700410432,169.1,-14642.54,0.32,19874.87416,2,-2398.81,-12.1,True,False,False
0xefad4c712cba7f7a136c6b3c6f861fb787a348a0,True,2000,1046,736,310,70.4,1.41,6216.85,59,1772268525884,1788755824650,190.8,-2667.52,0.429,0.0,0,0.0,,False,True,False
0xefd00319e4b92eaa4980d80daa2304c38524c123,True,120,43,43,0,100.0,inf,32472.45,7,1770039362630,1779321888597,107.4,5266.16,0.162,0.0,0,0.0,,False,False,False
0xefe7793dda022591d27387ddb74e29d11938b783,True,2000,940,281,659,29.9,0.48,-4868.41,11,1772603506245,1777889047642,61.2,1436.37,0.295,0.0,0,0.0,,False,False,False
0xf005093464e14cbacf0f9b9a371269fc118776dd,True,2000,1692,1388,304,82.0,3.62,238864.08,21,1771816432554,1788237552702,190.1,29338.49,0.123,462337.021314,18,18299.33,4.0,False,True,False
0xf00eabc409c51cf884ec7861cb839524af6afe3d,True,2000,1234,480,754,38.9,2.27,105517.62,6,1788343781302,1788885372997,6.3,19785.23,0.188,162654.029007,1,6396.96,3.9,False,True,False
0xf0268a2d2250a03423cbaee387f22fc38d0e0a31,True,1656,691,190,501,27.5,0.59,-4036.08,11,1741967904160,1788227327635,535.4,655.92,0.163,0.0,0,0.0,,False,True,False
0xf0394ffbe760c225dbc37695e870ee3db6eaee0b,True,2000,1137,764,373,67.2,1.51,21306.88,33,1787851810706,1788887742429,12.0,6532.61,0.307,72791.148625,2,-5737.29,-7.9,True,True,False
0xf0480a7892bc260658e82359f3c9374bc0a75444,True,2000,1054,298,756,28.3,0.29,-15230.51,1,1788390152730,1788888298411,5.8,-682.69,0.045,981281.777775,1,-1723.49,-0.2,False,True,False
0xf060e33cfa0727a224a184622606213e8f4e6a6f,True,2000,960,585,375,60.9,1.2,1981.08,1,1788341234450,1788888021979,6.3,-374.0,0.189,5210.872452,1,140.83,2.7,False,True,False
0xf0780b095bcd7e07b63fdcd525d97e6e28f918aa,True,982,563,249,314,44.2,2.29,11984.7,4,1787347435629,1787931714011,6.8,2051.76,0.171,0.0,0,0.0,,False,False,False
0xf08ce2742192a08dd7258880da2c233c56d72b57,True,2000,979,579,400,59.1,4.85,17699.99,22,1788615371003,1788887966595,3.2,773.3,0.044,137971.38433,14,-30151.47,-21.9,True,False,False
0xf0a1e5c5e5897ac27e47250ae82cfa8b383a0197,True,2000,689,283,406,41.1,1.75,4672.1,4,1779828743045,1787280337915,86.2,1191.18,0.255,0.0,0,0.0,,False,True,False
0xf0c734b6578db7a56ec5c115d639acd1aadadc1a,True,2000,667,395,272,59.2,0.49,-5422.1,42,1755646200671,1788874649870,384.6,-1474.45,0.272,110.496536,1,1.66,1.5,False,False,False
0xf0dcf0409a09a77cddc3e8259af07c27b3cc660c,True,2000,988,398,590,40.3,1.76,25456.9,5,1776078635951,1788790691247,147.1,11602.19,0.456,0.002529,0,0.0,0.0,False,False,False
0xf0fd36abc65ede515db3e783f4bd0541a258e0b7,True,752,381,286,95,75.1,0.33,-25896.2,2,1771672108881,1788525016378,195.1,-8327.88,0.322,2113.324,0,0.0,0.0,False,True,False
0xf10b1ba419f347fc129e4e79275fa022d72208de,True,1451,559,375,184,67.1,32.58,1722056.29,11,1766996176021,1787318806525,235.2,1135588.23,0.659,0.0,0,0.0,,False,True,False
0xf11f7f00d1d0e64531b4e61cfd38d560fc658676,True,304,164,43,121,26.2,0.5,-1981.35,16,1777528270461,1777994001602,5.4,-808.59,0.408,0.0,0,0.0,,False,False,False
0xf1397a46311f66c13b4f96fd49d57b385bd4a79d,True,2000,1055,788,267,74.7,0.72,-16460.74,14,1777484540692,1788540738117,128.0,-4689.13,0.285,11433.378399,1,-16547.13,-144.7,True,True,False
0xf14d664d133a2256af354dde6af84ea6a25a5665,True,1250,605,558,47,92.2,5.37,40556.73,10,1776432411880,1788887556690,144.2,2063.2,0.051,2025.044585,1,-7.93,-0.4,False,False,False
0xf179326c91d7233ae833d668c5d44c6a7d472161,True,875,277,174,103,62.8,4.5,47887.88,16,1761406545272,1788779332351,316.8,16485.92,0.344,40803.804715,3,31305.61,76.7,False,True,False
0xf191539a2c4ba0af951438bb6abfa0625c7df2ef,True,2000,1065,739,326,69.4,2.42,95193.59,12,1765519951041,1787302029663,252.1,-8151.24,0.086,89463.770309,4,-72540.29,-81.1,True,True,False
0xf19b593d94fb64a4c865005ef2c083ccec9bd3e6,True,211,96,38,58,39.6,1.15,167.82,2,1777910385987,1777993291373,1.0,205.76,1.226,0.0,0,0.0,,False,False,False
0xf1b3a985e3ac73dc81f8fcd419c4dda247d2292c,True,1654,675,407,268,60.3,1.06,712.53,24,1731471332694,1781179776137,575.3,-4962.43,6.965,0.0,0,0.0,,False,True,False
0xf1d901cefc584504f23c3cc0f3fd051efe95e2a1,True,2000,935,433,502,46.3,0.94,-867.06,2,1785769615918,1786760117730,11.5,-965.88,1.114,0.0,0,0.0,,False,False,False
0xf1e4b7e322e9d0ed4eaf63ef150f8939ab489839,True,2000,1025,901,124,87.9,1.87,53156.64,3,1787239077656,1787468722507,2.7,16804.92,0.316,0.0,0,0.0,,False,False,False
0xf1ed8db37b7474fb5bfe01b58def6001955a2d2a,True,2000,1061,710,351,66.9,1.88,35812.59,9,1782247542881,1785505742843,37.7,-3618.03,0.101,0.0,0,0.0,,False,False,False
0xf205c4d48b92cc9b60ec984721c297e350eac9fa,True,2000,1029,198,831,19.2,0.07,-13077.54,4,1788024448692,1788684751090,7.6,-438.7,0.034,0.0,0,0.0,,False,False,False
0xf211dd718de25bcad861e53a7b10dd5b3b9d5c6c,True,2000,1038,279,759,26.9,2.04,44476.58,3,1778302175926,1788454196895,117.5,14451.77,0.325,0.0,0,0.0,,False,True,False
0xf21cd17b9db49fdb21bfdf714558cf8bde3221bd,True,2000,1147,498,649,43.4,0.45,-9997.66,77,1788796797376,1788890642262,1.1,-438.09,0.044,574237.318127,117,-23829.84,-4.1,False,True,False
0xf2312aaaf3fb499433a31395001c9b2545a8f616,True,1262,669,457,212,68.3,1.19,952.47,1,1780636414298,1781292403015,7.6,-232.63,0.244,0.0,0,0.0,,False,True,False
0xf2497f19552950de3b54b7ab23210f30f7409e70,True,2000,1141,117,1024,10.3,0.59,-27016.02,12,1785766991278,1788338742593,29.8,5124.83,0.19,9392.643025,2,23573.34,251.0,False,True,False
0xf25df1972b89d3cdb051cf8b2bf385b5dcb9aa21,True,2000,1113,592,521,53.2,1.3,13875.77,14,1776740180254,1788851230370,140.2,5248.8,0.378,7505.012208,4,1573.6,21.0,False,True,False
0xf276fa4de7d90f33300e15313f814dcfb890818c,True,749,336,269,67,80.1,3.54,73691.38,3,1750539532033,1781531872546,358.7,6116.96,0.083,0.0,0,0.0,,False,True,False
0xf286eef0a168efebf34b06917904aad0daffd172,True,2000,860,303,557,35.2,0.52,-4364.87,10,1788339636544,1788860610819,6.0,732.99,0.168,0.0,0,0.0,,False,False,False
0xf29005e939777919f8384014daabd1a52b8c3e1d,True,2000,872,441,431,50.6,0.3,-166713.9,44,1758888517037,1788888373136,347.2,-41114.29,0.247,10461.805488,5,615.44,5.9,False,True,False
0xf2a4c99526c77d3c311abdfdb571d855ab0a442d,True,1561,852,497,355,58.3,1.03,1530.19,1,1764211358497,1788837686905,285.0,-1172.22,0.766,6987.717357,1,1279.76,18.3,False,True,False
0xf2c8f0a981396c23e65bad2b3b934a2c0a50a302,True,2000,804,545,259,67.8,4.0,3193.97,22,1762234354889,1775220978024,150.3,254.71,0.08,0.0,0,0.0,,False,False,False
0xf2df76bd7cc3ea9d3302cd10cbe8ea42ff196c9c,True,2000,1032,513,519,49.7,2.07,7675.58,20,1773327525414,1788819750151,179.3,844.82,0.11,5530.05879,2,-15517.73,-280.6,True,True,False
0xf2ff9d7517fd1adbe8527765c5ab7002ee57ca56,True,531,285,154,131,54.0,1.28,7676.53,3,1773636610881,1788097939221,167.4,4154.47,0.541,0.0,0,0.0,,False,True,False
0xf318afb8f0050d140b5d1f58e9537f9ebfe82b14,True,2000,783,297,486,37.9,0.9,-2569.39,54,1758805418673,1788854090167,347.8,-2396.29,0.933,1041.086797,2,840.59,80.7,False,True,True
0xf32878e61ecdb1ece6cd6ec6b21e91c87a41a8f2,True,2000,956,229,727,24.0,1.47,3344.92,13,1770577485379,1784743846101,164.0,653.28,0.195,0.0,0,0.0,,False,False,False
0xf343d4b977bc812de1010ce641f251507044fa5a,True,2000,1028,735,293,71.5,0.94,-1355.76,7,1780763588036,1788791764376,92.9,-1284.67,0.948,8262.09411,1,-2179.2,-26.4,True,False,False
0xf352c4e38870d4b69042fd71f29bb87fe8c602ea,True,2000,775,710,65,91.6,12.8,7599.05,15,1777417781296,1788871814469,132.6,424.59,0.056,4033.62336,2,-1117.93,-27.7,True,True,False
0xf3745e9c05f2154386c986336ca0a0cf7c30d701,True,2000,1569,0,1569,0.0,0.0,-172369.63,1,1787347510844,1787375471727,0.3,-8834.76,0.051,0.0,0,0.0,,False,False,False
0xf382f419448b471da26225c4f849bb240be5578c,True,2000,867,765,102,88.2,8.07,70737.89,2,1788628168875,1788886852147,3.0,2485.99,0.035,845211.093489,1,25459.24,3.0,False,True,False
0xf39669286a60cf83bedce4240f705e8e956b7755,True,2000,925,493,432,53.3,0.2,-98305.76,3,1768251839034,1784308808977,185.8,-8133.41,0.083,1e-06,0,0.0,0.0,False,True,False
0xf3adc2de54ee9c1ea814f692a9f695c2d0b2b646,True,2000,820,719,101,87.7,49.4,87650.55,18,1785344234788,1788721928584,39.1,9504.47,0.108,29354.368592,1,-7170.95,-24.4,True,True,False
0xf3c45922fecda2e46149eecb436f1bf914df3b09,True,2000,892,379,513,42.5,0.43,-6902.81,5,1770336977792,1784128083320,159.6,-2915.49,0.422,0.0,0,0.0,,False,False,False
0xf3d735ed58bd9f880a671177c04e3968a32ea7f5,True,2000,1149,599,550,52.1,1.23,2241.52,10,1788132325586,1788557833169,4.9,750.44,0.335,0.0,0,0.0,,False,True,False
0xf3e16a28b09be3836e66f091613c230128141fc1,True,2000,897,346,551,38.6,0.18,-39411.33,11,1759488146768,1780550448230,243.8,-16561.82,0.42,0.0,0,0.0,,False,True,False
0xf3f51e5c94ed04b6bd85034ae9be30f76abb02d3,True,435,157,73,84,46.5,1.2,4095.51,22,1733404868253,1788884594659,642.1,7458.56,1.821,267.396448,1,14.83,5.5,False,True,False
0xf40ca4ca8a135d11d981a0226ea35b9900d5fd5f,True,2000,892,671,221,75.2,5.87,34261.04,17,1785514144872,1788880733753,39.0,-2435.4,0.071,27390.165491,4,16923.48,61.8,False,False,False
0xf425832a60db0944de9678d50cf047f1f6df516c,True,2000,997,165,832,16.5,0.64,-5039.31,4,1776946052940,1782331294239,62.3,933.09,0.185,0.0,0,0.0,,False,True,False
0xf436d47f962e4acd96eb6d87677db91d5f40a204,True,1561,572,448,124,78.3,8.09,464313.04,16,1748460823800,1788530393465,463.8,60856.7,0.131,85430.246793,4,-171252.79,-200.5,True,True,False
0xf467f1f46cad3f1041c765765be2891245144f6e,True,2000,1027,677,350,65.9,0.42,-19761.01,29,1736271496612,1788874635843,608.8,-5984.49,0.303,5825.273537,1,265.76,4.6,False,True,False
0xf4766c366f15ab0f338ecc9bef49bbaac13649a6,True,1243,661,462,199,69.9,0.33,-10721.99,15,1764247742306,1785153635390,242.0,-1785.96,0.167,0.0,0,0.0,,False,True,False
0xf48dcff83423d15c2b17ccd626b90292d963e94b,True,2000,1199,412,787,34.4,0.89,-21261.28,6,1762363491919,1788786097271,305.8,22498.5,1.058,114175.767579,5,-63586.04,-55.7,True,True,False
0xf4a6d44e2099663661de2386d1c559f79da4abe8,True,2000,893,604,289,67.6,1.14,823.27,18,1788397966209,1788875622342,5.5,-1014.86,1.233,7933.798884,1,-1313.62,-16.6,True,False,False
0xf4b556890f0cb2fdd7f2b83854f9b4899c404779,True,2000,1186,228,958,19.2,0.09,-9556.63,1,1784836149034,1786603683976,20.5,-1459.13,0.153,0.0,0,0.0,,False,True,False
0xf4bf6edb3bdf35ff62ddab9c8e0ace457e4da6c2,True,381,145,131,14,90.3,0.16,-10501.19,9,1787147264896,1788885626454,20.1,-5016.34,0.478,10034.650195,1,-3134.6,-31.2,True,True,False
0xf4e61f03d712dc32af52a1f922ffa73c7a619d12,True,2000,1042,451,591,43.3,0.27,-4959.15,37,1776883271585,1782765752802,68.1,-442.01,0.089,0.0,0,0.0,,False,False,False
0xf4f9b391769f46aa3793e9d9d68d71d564d0e048,True,1724,998,536,462,53.7,0.63,-6196.26,54,1778778636606,1782135563343,38.9,-1008.06,0.163,0.0,0,0.0,,False,True,False
0xf513bc073550b03c15c56d605f9b526a05548865,True,129,76,22,54,28.9,0.45,-2565.47,4,1780837046937,1787933418978,82.1,-1056.48,0.412,89338.989057,1,35506.75,39.7,False,False,False
0xf5291e0c05797928e2457e30adbdd9eec279add1,True,2000,1028,478,550,46.5,0.71,-4621.32,17,1784332681517,1787942389903,41.8,-2054.63,0.445,0.0,0,0.0,,False,True,False
0xf54ac7966dad594dc4952b3eccc8f77cd77fde92,True,2000,958,925,33,96.6,99.82,152370.45,3,1780640554324,1781278061818,7.4,2060.87,0.014,0.0,0,0.0,,False,True,False
0xf56276ea617256ec832750fb8546a5e6bc4c9aed,True,2000,999,616,383,61.7,0.37,-42178.94,16,1760137885429,1781600918114,248.4,-6605.13,0.157,0.0,0,0.0,,False,False,False
0xf58b673c1633ccef0ac58263cdc95ed80f817fc7,True,2000,983,273,710,27.8,0.19,-6530.88,2,1788844421587,1788890898955,0.5,-104.55,0.016,220694.343579,2,2229.9,1.0,False,True,False
0xf59b4fab377c20d6b35698a1b5aeb1750fbf4e58,True,613,269,176,93,65.4,5.85,14731.35,7,1738637033131,1788885153509,581.6,3838.58,0.261,10526.688432,1,89.91,0.9,False,False,False
0xf5ace5b4309689a06f8b743d297648fc275abd53,True,1366,330,222,108,67.3,1.07,472.86,13,1764349056230,1788553175836,280.1,-884.7,1.871,95494.269139,3,-32133.51,-33.6,True,True,False
0xf5c2fdde417e51c63a0ec0875f9bce27b439d8dc,True,2000,1028,276,752,26.8,0.75,-3637.43,32,1766094074075,1779807657244,158.7,1075.09,0.296,0.0,0,0.0,,False,True,False
0xf5d889840ff183c72b0b57aac895303eee76f226,True,2000,1324,394,930,29.8,0.74,-2730.16,7,1788832723060,1788890830518,0.7,2197.39,0.805,114287.225894,4,-40097.5,-35.1,True,True,False
0xf5fa51a2a111b0b2564a1029ae60766719910c81,True,1254,471,365,106,77.5,0.85,-4769.98,13,1738527305691,1786640897886,556.9,-8789.71,1.843,1138.407565,2,2110.81,185.4,False,True,False
0xf6173ea06a769a6a39013114defa91ef72e3c2dd,True,2000,822,248,574,30.2,0.41,-24221.23,32,1759417526192,1783794224020,282.1,3095.6,0.128,0.0,0,0.0,,False,True,False
0xf62dd11c3d1a184f944072379ca5fb5616dc5e2d,True,356,125,125,0,100.0,inf,9779.53,8,1770308301244,1777031911409,77.8,1302.9,0.133,0.0,0,0.0,,False,False,False
0xf64ca7ba64091a54ab7ae7688a2ada59ca2cc6c5,True,388,200,95,105,47.5,6.34,10904.13,2,1787826705437,1788131044465,3.5,2003.97,0.184,0.0,0,0.0,,False,False,False
0xf6669313b5de0683b7dfc3d11be19406d2421bda,True,2000,826,230,596,27.8,0.49,-2388.2,12,1772495479380,1781294896387,101.8,270.01,0.113,0.0,0,0.0,,False,False,False
0xf683d3d15382dc3b0831c0b5ec7f11801542aef2,True,2000,904,381,523,42.1,0.31,-76400.39,5,1764875564076,1787695025673,264.1,7004.53,0.092,0.0,0,0.0,,False,False,False
0xf6a1641eb1cccc0a5e86b045b04830c68b3d2c18,True,48,19,8,11,42.1,0.79,-3149.51,1,1750341406120,1779451334328,336.9,7970.32,2.531,0.0,0,0.0,,False,False,False
0xf6b18475a37a8a72600354fe5f13ee9b501ccb0e,True,850,788,616,172,78.2,2.53,4454.62,19,1782381439312,1782868879262,5.6,-1177.7,0.264,0.0,0,0.0,,False,True,False
0xf6c881713466b6791149bce3e5f0a2d657e45c1a,True,930,457,234,223,51.2,0.33,-18182.24,7,1770153119640,1781106989427,126.8,-2136.01,0.117,0.0,0,0.0,,False,True,False
0xf6de14c5a4a726bf628e391882707e24a32ea6b4,True,222,97,37,60,38.1,0.31,-7614.5,6,1771458927063,1780791219791,108.0,3037.5,0.399,0.0,0,0.0,,False,False,False
0xf6f6d2509347c592b5a2e22f6567ee1d6903e88c,True,2000,332,111,221,33.4,0.86,-968.86,19,1778916843611,1788886530163,115.4,-822.92,0.849,20283.822185,4,-486.61,-2.4,False,True,False
0xf70b7dfd28e44476c88aa85394e74cc612ae8fa0,True,1739,734,530,204,72.2,1.85,25512.14,5,1771611539346,1780459734018,102.4,-6627.57,0.26,0.0,0,0.0,,False,True,False
0xf72603c0f9238ef87f632639399cf61de1cd4107,True,828,380,132,248,34.7,1.83,6414.44,9,1776392179102,1777559582421,13.5,2815.72,0.439,0.0,0,0.0,,False,True,False
0xf736aac577a1f267e71c8eb4a62341b3d763813f,True,1545,783,322,461,41.1,0.62,-9701.44,8,1787570690461,1788849149064,14.8,-4288.04,0.442,11921.487051,1,1668.85,14.0,False,True,False
0xf74acf6e2db31343cde69fd29fcc1ae4cd9f7e79,True,2000,876,588,288,67.1,0.38,-69348.76,6,1767883951142,1783930421818,185.7,-27151.34,0.392,0.0,0,0.0,,False,True,False
0xf7619dfb29b83bf5118fd0107c676156cd5e5605,True,2000,785,506,279,64.5,4.9,83769.5,19,1784601531451,1788875080350,49.5,6700.4,0.08,113457.042845,2,16171.7,14.3,False,True,False
0xf7777776a5d9f35688e799fda8e8ec5987344372,True,152,92,47,45,51.1,1.11,1013.39,2,1767453068757,1787259429085,229.2,-5313.72,5.243,25303.420794,0,0.0,0.0,False,True,False
0xf78bd945bf337af13f1eb7080fc0f270fd5fa2e9,True,264,140,100,40,71.4,0.68,-2353.07,22,1740144084480,1787373200906,546.6,-5383.55,2.288,0.0,0,0.0,,False,True,False
0xf7a82af80ae061b29b756b3ae6c182ead61cfba8,True,2000,618,411,207,66.5,2.88,27006.21,4,1788658508813,1788889243215,2.7,9775.99,0.362,53583.394046,1,1380.61,2.6,False,False,False
0xf7bdae958984af49d448387738c86e1841f6406f,True,2000,1078,335,743,31.1,0.33,-5466.97,18,1778630047294,1788871173254,118.5,-580.59,0.106,21.784022,0,0.0,0.0,False,True,False
0xf7d48932f456e98d2ff824e38830e8f59de13f4a,True,2000,866,217,649,25.1,0.57,-3151.98,2,1787660784231,1787867871496,2.4,-386.19,0.123,0.0,0,0.0,,False,False,False
0xf7f97e0b45c230d209d0a721414ff7abfcacae80,True,2000,1528,1286,242,84.2,6.63,6726.01,2,1785177157022,1788637791893,40.1,449.21,0.067,0.0,0,0.0,,False,False,False
0xf812ebfb87be8b55f594ab2147433a3f188ce085,True,2000,1025,425,600,41.5,0.64,-581.1,1,1771600752068,1772650458515,12.1,-376.31,0.648,1126.300942,0,0.0,0.0,False,True,False
0xf82925ed9bd0c52091928a93a101b84084cdd5ac,True,784,363,226,137,62.3,0.6,-9343.51,1,1773857004917,1776349474861,28.8,-2784.45,0.298,0.0,0,0.0,,False,False,False
0xf83858e57d9f804f5ca1603bce82558119aeac7b,True,2000,895,409,486,45.7,1.71,17297.06,21,1786004007091,1788795671947,32.3,3610.73,0.209,48925.281948,5,-3140.01,-6.4,True,True,False
0xf84f943cacfdb0d1727ca4bce86d57499dd95828,True,2000,1098,641,457,58.4,0.43,-7371.12,17,1788648657041,1788889450014,2.8,-1042.28,0.141,10318.966023,2,-826.0,-8.0,True,True,False
0xf85d478bb7c19fd665abcd32dc10a6f47db28aea,True,1130,570,269,301,47.2,1.05,561.06,22,1778430500997,1788525102409,116.8,1169.84,2.085,0.0,0,0.0,,False,True,False
0xf8755a62e1022c5d5e0302fead65c4550c692dc1,True,2000,1002,535,467,53.4,2.03,34694.18,43,1760207431290,1779651210185,225.0,-2031.22,0.059,0.0,0,0.0,,False,True,False
0xf889692c619ff045b80b3841f43fab71278ed498,True,2000,1004,346,658,34.5,0.11,-56816.38,2,1787289033255,1788662112051,15.9,-5101.32,0.09,7495.563352,1,384.1,5.1,False,False,False
0xf8a1928731df860d931ae86ad81cb88fdc0feea5,True,2000,973,779,194,80.1,0.48,-8462.8,16,1758811286795,1785456000072,308.4,-2108.13,0.249,0.0,0,0.0,,False,True,False
0xf8b5bde5f6aa989c01754931e077e1e5a915e2bb,True,2000,1505,815,690,54.2,9.3,163036.57,31,1788824887310,1788891036970,0.8,8864.15,0.054,6358.683815,1,2513.04,39.5,False,False,False
0xf8cfc5635327ee30a67523c26a8a49dd4e77a0f4,True,1581,825,294,531,35.6,0.32,-26694.98,12,1763992621155,1784814640100,241.0,-7242.03,0.271,0.0,0,0.0,,False,True,False
0xf8e190c49164d6aa2f4362bd429e2c400baf7c61,True,2000,828,597,231,72.1,4.02,351495.11,7,1774404679200,1784614249079,118.2,20490.76,0.058,344107.696412,1,218783.21,63.6,False,True,False
0xf90075315700faa2cc7f6cadf64a093a7d8c41db,True,2000,1245,385,860,30.9,1.17,3769.76,29,1759361373833,1788792140368,340.6,1391.85,0.369,2729.34925,4,1212.13,44.4,False,True,False
0xf9107317b0ff77ed5b7adea15e50514a3564002b,True,1442,675,413,262,61.2,1.85,33055.63,99,1684980236194,1788808884430,1201.7,9292.0,0.281,416.956941,1,-18.33,-4.4,False,True,False
0xf92ddf919186b80d8619a12e7f4379f678939b74,True,2000,1405,568,837,40.4,0.13,-8207.74,2,1788617642753,1788889787900,3.1,-63.99,0.008,280096.45747,3,-346039.48,-123.5,True,False,False
0xf9384b911ffe9aa396200de41ca9eb877e11895b,True,2000,991,568,423,57.3,0.15,-147956.76,2,1780084654139,1781256449920,13.6,-30032.02,0.203,0.0,0,0.0,,False,True,False
0xf94eca03f00b9728453fdf2f5cd563490c717b19,True,2000,1443,119,1324,8.2,0.05,-86355.93,10,1758284677309,1788566400005,350.5,-12395.33,0.144,0.0,0,0.0,,False,False,False
0xf95cc34d826a40a29cd6575ecec65e8cc98922af,True,62,46,1,45,2.2,0.0,-22.41,4,1776170949740,1777452949664,14.8,-9.36,0.418,27.501339,1,-2.76,-10.0,True,False,False
0xf97c5df40558dbd9105e40d35ea2ac0fa314982b,True,2000,1073,585,488,54.5,1.49,13293.79,34,1760151539946,1787933608154,321.6,3475.27,0.261,0.0,0,0.0,,False,False,False
0xf996983c08c770dcd9bd311c43dfcb7f2e107ccd,True,837,144,144,0,100.0,inf,2095.17,2,1786090744747,1788793772276,31.3,251.75,0.12,14233.352276,1,3500.91,24.6,False,False,False
0xf9aa38985e7e70ffb4e23de7cfcdbf0599423a9f,True,2000,983,552,431,56.2,2.21,17592.35,1,1786383155352,1787706783033,15.3,1549.69,0.088,0.0,0,0.0,,False,False,False
0xf9c85febe55f2067183b9d8bcc0de984006f683c,True,1035,657,316,341,48.1,1.07,123.93,34,1760546090021,1782295481466,251.7,110.44,0.891,0.0,0,0.0,,False,False,False
0xf9e17234e8a50382a473110071e53b5556cec46a,True,2000,1106,485,621,43.9,0.55,-39577.67,8,1772658181100,1781724557946,104.9,-8346.88,0.211,0.0,0,0.0,,False,True,False
0xf9faba57a81d1575d3e506dd3eafe7db6f2a3275,True,2000,516,417,99,80.8,8.49,57205.81,8,1788254393532,1788876004938,7.2,10150.59,0.177,624705.649786,10,203063.83,32.5,False,False,False
0xfa1413451bc8dd3484787eb3c3156a7e28c4aade,True,2000,813,499,314,61.4,1.56,8581.82,12,1788725530037,1788887174651,1.9,3071.0,0.358,364066.637525,3,-34647.56,-9.5,True,False,False
0xfa3ef2390a60b3505c623c3faa8e8d102734ad9d,True,687,313,195,118,62.3,0.63,-2235.92,33,1763478006038,1787173810212,274.3,-590.03,0.264,343.487729,1,199.07,58.0,False,True,False
0xfa68fc142512854eefba6c66495b35ace690749c,True,2000,982,594,388,60.5,1.19,2368.93,5,1787471128013,1788875914951,16.3,1735.5,0.733,3731.78918,1,790.5,21.2,False,False,False
0xfa8874e2a02e92fab359e37f17bf9f15f64f3229,True,2000,1025,342,683,33.4,0.56,-6804.02,10,1785474311069,1788719360839,37.6,-1022.0,0.15,804.737349,0,0.0,0.0,False,False,False
0xfaa58920de3d1d25c4219d4dc41fa7e85c1b7891,True,2000,882,688,194,78.0,1.25,6329.87,5,1782446150147,1788860020576,74.2,-15708.53,2.482,0.000786,0,0.0,0.0,False,True,False
0xfab26086a8f51109245d5dba60e82af5f8f5c320,True,841,677,424,253,62.6,2.36,28110.08,18,1786643924681,1788834837814,25.4,-3468.6,0.123,0.0,0,0.0,,False,True,False
0xfacd972cb69faea93615654a2fc017bf147fbf7e,True,2000,962,200,762,20.8,0.31,-19644.56,10,1780636927522,1785325595992,54.3,5359.5,0.273,44124.619243,1,4232.99,9.6,False,True,False
0xfae08427cbe4e672d87999dfa92a9ed730796a0b,True,2000,928,465,463,50.1,1.14,403.71,63,1786718023818,1788884076882,25.1,305.11,0.756,0.0,0,0.0,,False,False,False
0xfaf33d8d7593ecda819b12f35d08bdeadc362c96,True,1057,537,289,248,53.8,0.37,-29467.5,10,1780157212042,1787690671808,87.2,-7567.76,0.257,0.0,0,0.0,,False,True,False
0xfb1eb5d062b2803583514f347439b94ad5946e3e,True,2000,1043,346,697,33.2,0.97,-272.62,16,1787521203300,1788891013887,15.9,855.83,3.139,18.129195,1,-2.38,-13.1,True,True,False
0xfb325ee61cef82a6e360755aa2fc105d545b07fd,True,2000,1156,429,727,37.1,0.41,-16154.2,3,1763934188359,1784245307289,235.1,2162.64,0.134,0.0,0,0.0,,False,False,False
0xfb4f73fc4d2d3be883a73b6e70e916ed88d8595d,True,2000,992,665,327,67.0,1.09,2580.45,28,1769879320982,1781169456725,130.7,-1809.16,0.701,0.0,0,0.0,,False,False,False
0xfb751fa655f5e7cb9e4a474cf616e1439600bec2,True,210,98,54,44,55.1,1.65,124644.92,1,1774962159619,1787213862238,141.8,125634.78,1.008,1292854.148862,1,-375773.73,-29.1,True,True,False
0xfb8720d7b7d09b6fd44291a3bf1ed805e50b833b,True,2000,379,193,186,50.9,0.97,-7286.6,17,1759588970454,1788633444024,336.2,-81540.4,11.19,873005.937127,2,125263.74,14.3,False,True,False
0xfb9cb291abdf8bd2a858bb4b76cb5bb3071f214f,True,866,376,258,118,68.6,1.58,12046.04,10,1776341099800,1788618648936,142.1,-4231.4,0.351,34952.704965,1,4466.06,12.8,False,False,False
0xfbab890b61dc2e912718295dcdf45f499650ce9d,True,2000,819,428,391,52.3,1.6,20498.74,1,1784458440989,1787854039212,39.3,7675.6,0.374,24584.293914,1,4863.0,19.8,False,True,False
0xfbc20a0ff65cdd80689d70af41145bc761cae151,True,1886,773,465,308,60.2,0.99,-49.3,37,1783163174926,1784710126956,17.9,985.88,19.997,0.0,0,0.0,,False,False,False
0xfbd234f73a3cfa398f36f396ba527c85006c3f9e,True,2000,757,286,471,37.8,0.75,-6334.36,16,1787935136444,1788888729320,11.0,2569.59,0.406,4889.612776,3,10855.99,222.0,False,False,False
0xfbe6bb269f1e3cb3b303e336040025fed23328d8,True,2000,1075,431,644,40.1,0.45,-2064.21,8,1776907464764,1777967282780,12.3,-197.17,0.096,0.0,0,0.0,,False,False,False
0xfbf4b6bfbe15db2ee1a6a22755808896e8d986a3,True,2000,1202,595,607,49.5,2.95,62549.3,17,1782989945978,1783450376801,5.3,4633.31,0.074,0.0,0,0.0,,False,True,False
0xfc134003fba27276c091ea036d3b912e1a02de1a,True,2000,635,329,306,51.8,1.19,898.32,30,1784162846025,1784937600066,9.0,679.05,0.756,0.0,0,0.0,,False,False,False
0xfc370c8c078ad53f5ea1df83a26c51f03b2321fd,True,2000,995,602,393,60.5,6.17,15601.26,34,1785850856157,1788887857336,35.2,401.48,0.026,37708.996494,3,280.0,0.7,False,True,False
0xfc4d44913094eeb65fddd720f8ac2f0cf0ba3123,True,1903,868,377,491,43.4,0.85,-9990.98,7,1784902903729,1788826525279,45.4,5243.41,0.525,0.0,0,0.0,,False,False,False
0xfc617b04c5b804e4ebf47627eb0d536cd12508a2,True,2000,934,869,65,93.0,0.53,-13368.57,16,1787689137962,1788888500648,13.9,-5168.76,0.387,24665.725979,4,-9783.08,-39.7,True,False,False
0xfc72559559d9a66ca9092aa9682e1deba2f0b005,True,2000,1033,416,617,40.3,1.02,25.48,52,1784172270897,1788860063472,54.3,51.16,2.008,12607.82695,50,969.62,7.7,False,True,False
0xfc7f1aea976b2c5c8a8ce177509f6aa3e52ad3f9,True,2000,988,452,536,45.7,0.89,-4057.12,13,1782627517410,1788889618611,72.5,2856.36,0.704,2277.988431,1,298.91,13.1,False,True,False
0xfc9a608cdb24f7db6f6419c4959375c2629fc80b,True,2000,1052,419,633,39.8,10.06,11990.76,53,1784615737751,1788862302517,49.2,2070.07,0.173,1390.518005,50,883.65,63.5,False,False,False
0xfcb28dbb0f7e67bc3910d1a1e5246302b43ad84d,True,1096,610,423,187,69.3,0.95,-1115.74,30,1720808103185,1782395493069,712.8,-4137.15,3.708,0.0,0,0.0,,False,True,False
0xfcd499568efa6dc53270770e0e9c4a9d823a6fd7,True,351,167,108,59,64.7,0.63,-38.89,37,1780469723257,1788431384199,92.1,-26.48,0.681,0.0,0,0.0,,False,True,False
0xfce57f020c7f74412a3805896188552437674b5b,True,132,37,37,0,100.0,inf,49857.02,2,1783944149670,1788419535235,51.8,16277.74,0.326,54957.26395,1,24775.62,45.1,False,False,False
0xfcf386970c93c7bb8c9fc35bfc477c491517419c,True,2000,909,462,447,50.8,0.43,-39064.44,2,1780330744017,1780542994612,2.5,-5746.27,0.147,0.0,0,0.0,,False,False,False
0xfd066bf1f3fb650467c28af20894610c4d4798ac,True,2000,1000,464,536,46.4,1.61,2633.46,15,1782470393752,1788853727138,73.9,280.73,0.107,9305.069164,2,196.08,2.1,False,True,False
0xfd297c551323c0640743e8ef8f3ed536046cf016,True,1565,774,504,270,65.1,1.77,14251.71,8,1772973632103,1784450857638,132.8,4671.08,0.328,0.0,0,0.0,,False,False,False
0xfd4d5ceef928efe7e7f6dcebc609342ac85787c0,True,2000,1105,326,779,29.5,0.1,-542658.43,9,1784902261750,1788888307564,46.1,-44369.17,0.082,30093.125338,1,-803.89,-2.7,False,True,False
0xfd68852998fc2c303f414d86cc8c13a325a22211,True,2000,1040,712,328,68.5,4.76,24539.15,71,1760099871808,1788882423845,333.1,1887.93,0.077,4087.894451,11,5024.51,122.9,False,True,False
0xfd81b27d9796a1ba7d7171ea70010c9befb2a62a,True,2000,780,761,19,97.6,42.65,93061.58,19,1784146780275,1788886232423,54.9,2355.68,0.025,1108118.682584,9,585278.58,52.8,False,True,False
0xfd92deedb4db7c3285ee8814ca77a75e3f3e42f8,True,2000,1026,551,475,53.7,0.89,-237.2,17,1785950050221,1787345115032,16.1,-670.28,2.826,0.0,0,0.0,,False,True,False
0xfda0e27c55cba0977a51498ab17317fc0ae6415f,True,2000,1043,487,556,46.7,1.04,585.07,17,1774327591180,1788885456710,168.5,-1554.07,2.656,0.0,0,0.0,,False,True,False
0xfdb3cdd196df0b2c187d5631b2e1c639a4723dc8,True,2000,903,473,430,52.4,0.64,-29373.62,10,1760529718493,1787893944169,316.7,-5999.89,0.204,0.0,0,0.0,,False,True,False
0xfdd42517e81cf2f29e517d197e47736da3197cd6,True,2000,681,29,652,4.3,0.03,-48297.02,7,1787594406802,1788874770161,14.8,-4520.38,0.094,0.0,0,0.0,,False,True,False
0xfde7d32517f5978d3c3627f219a6ce143cfa92bd,True,2000,923,504,419,54.6,0.67,-4129.92,13,1783582597910,1787156812403,41.4,-2088.45,0.506,0.0,0,0.0,,False,True,False
0xfdf795fa9524993705b1118bb6e7aa1d31ac27ef,True,421,197,87,110,44.2,3.0,7496.9,5,1779193474473,1785159745227,69.1,2482.29,0.331,0.0,0,0.0,,False,False,False
0xfe0dac5bb79d2e8a4aa9eb41b0b4dbbd8f707249,True,2000,1074,730,344,68.0,0.64,-14935.05,7,1755157778087,1788533174626,386.3,-6531.64,0.437,2052.850962,1,816.35,39.8,False,True,False
0xfe1ede4b8ff4a238ca7ae0ec0962f9e2aa674793,True,2000,967,407,560,42.1,1.21,1906.6,22,1782581127022,1788888506908,73.0,-847.09,0.444,3889.876644,5,35.74,0.9,False,False,False
0xfe2d127f2852019a9ab854cefd8d077fcbeab296,True,459,195,173,22,88.7,3.1,3281.71,14,1773890719024,1788100049698,164.5,-699.0,0.213,168.123505,0,0.0,0.0,False,False,False
0xfe458e3364afdfcc35cfeba0a12e52c8360a3e6e,True,1197,666,83,583,12.5,0.7,-4214.53,2,1772389133690,1777688524028,61.3,-2379.18,0.565,0.0,0,0.0,,False,False,False
0xfe65e38ffe08d8a2888e1467e1abafd9f2921eae,True,2000,915,538,377,58.8,0.86,-2754.63,22,1782456812186,1788748768847,72.8,1752.24,0.636,0.0,0,0.0,,False,True,False
0xfe7cfe3805d2af0843cb5eb3a0837cf28cd1763c,True,2000,1342,226,1116,16.8,0.65,-34031.55,8,1758886685403,1777351421798,213.7,12375.5,0.364,0.0,0,0.0,,False,True,False
0xfe8f98ea2bec1975f795a1a950e826227d772017,True,2000,1236,848,388,68.6,0.89,-903.78,11,1785801584452,1788752494214,34.2,-596.14,0.66,0.0,0,0.0,,False,False,False
0xfea5828c26b98b69ea235fd3a1dad6394fabb473,True,1356,772,222,550,28.8,0.93,-1048.23,2,1781278378148,1781684479850,4.7,2838.48,2.708,0.0,0,0.0,,False,False,False
0xfeb2f0758ec218b0c03d195c202057a1f18e4d8f,True,2000,1024,450,574,43.9,0.78,-3096.96,5,1780399025944,1785849530640,63.1,-3169.6,1.023,0.0,0,0.0,,False,True,False
0xfebfdd072441ce84445b255d763101486165f312,True,2000,905,295,610,32.6,0.34,-152414.85,3,1778979516253,1787245177423,95.7,-32116.0,0.211,0.0,0,0.0,,False,True,False
0xfed5557085d8377bbd910758eb61dbb1e0769d78,True,2000,1069,532,537,49.8,1.71,6395.2,12,1780654691684,1788872314303,95.1,-591.13,0.092,3307.393384,10,1322.31,40.0,False,True,False
0xfeec88b13fc0be31695069f02bac18538a154e9c,True,2000,1864,1843,21,98.9,252.15,427148.26,5,1780864823758,1787167988649,73.0,20726.52,0.049,0.0,0,0.0,,False,False,False
0xff05bd65c3da9495695e027afbce8121ac7a5dae,True,304,127,48,79,37.8,2.03,1508.73,3,1770396989671,1777916034010,87.0,856.5,0.568,0.0,0,0.0,,False,False,False
0xff2257441ff4bb9604221943ef2588e216f43f05,True,2000,1147,715,432,62.3,1.48,993.95,19,1779984180630,1781299933266,15.2,778.0,0.783,0.0,0,0.0,,False,False,False
0xff362f53805324725375113a6125ee64746bbf14,True,2000,1103,545,558,49.4,0.87,-15599.17,29,1778425171403,1788876925042,121.0,-13767.99,0.883,130958.965921,1,22767.13,17.4,False,True,False
0xff4b619ae22acf9bec42e9e113b8e71e4a109ab2,True,2000,1013,611,402,60.3,1.95,21699.62,15,1781724400824,1788766523901,81.5,-2421.02,0.112,21793.568256,3,-648.31,-3.0,False,True,False
0xff6d0649c66d9af7ad4f5a34934c7fadf438a62e,True,2000,685,318,367,46.4,1.61,2697.61,10,1780461207429,1787303023160,79.2,-1010.16,0.374,6535.775214,1,-2936.35,-44.9,True,False,False
0xff92b032049cef08dade7d8a1c7e75cf7bc8e861,True,505,255,66,189,25.9,0.45,-23056.72,9,1774637390789,1781797142823,82.9,-10365.69,0.45,0.0,0,0.0,,False,True,False
0xffa1655ab711f4cdeded03def151270df4ba262b,True,2000,922,571,351,61.9,0.85,-7876.4,5,1772565248348,1774777948758,25.6,-5216.01,0.662,0.0,0,0.0,,False,True,False
0xffbc2521db5f69a8339948e220814c7b465edec9,True,2000,1043,721,322,69.1,2.28,92116.77,28,1734507402493,1788887785022,629.4,24516.4,0.266,7777.399507,1,3928.0,50.5,False,False,False
0xffcbd3cebe82b97e866650ea1c825ba9fbe5ed07,True,2000,960,437,523,45.5,0.7,-7765.81,20,1762213626127,1784562864931,258.7,-1479.63,0.191,0.0,0,0.0,,False,True,False
0xffecf0de53df5876245ffda139ba6a0e130a87f1,True,2000,1005,450,555,44.8,0.8,-504.25,1,1788285697361,1788891604264,7.0,-26.32,0.052,4953.833782,2,-0.08,-0.0,False,True,False
