address,has_activity,num_fills,num_closing_trades,num_wins,num_losses,win_rate_pct,total_closed_pnl,coins_traded,first_fill_time,last_fill_time,active_days,largest_single_trade_pnl,concentration_ratio,account_equity,consistency_score,score
0x1b526ff54f9f66c777fd34b7a802bb8d216ed41b,True,2000,1977,1973,4,99.8,2134343.3,1,1771864212712,1773893500835,23.5,18923.46,0.009,0.006473,0.991,0.9900042444821733
0x1b2ad1743bb86b3af79ddcece14ffbdd11a3f7a6,True,2000,1302,1302,0,100.0,426510.82,2,1787166808668,1788430371129,14.6,12194.03,0.029,189389.866468,0.971,0.9798387096774193
0x179c17d04be626561b0355a248d6055a80456aa5,True,2000,1163,1161,2,99.8,2264181.88,3,1762432232346,1778931406181,191.0,71094.72,0.031,1.787379,0.969,0.9757427843803057
0x0aac6955688dc1cd3cafd52ebcade334fb1c9c3b,True,2000,1468,1468,0,100.0,159371.35,8,1785298360047,1788357685281,35.4,4467.49,0.028,0.0,0.972,0.9690152801358234
0x0ff6016b65bc219dc8ba22faa7e9bf800a6933d7,True,2000,1331,1331,0,100.0,218149.83,4,1780855467180,1781597883914,8.6,9872.71,0.045,0.0,0.955,0.9677843803056028
0x042f3197544004962c2318a3120c4ecbce179050,True,2000,1434,1434,0,100.0,280809.68,2,1775274280204,1780679352959,62.6,17084.77,0.061,0.0,0.9390000000000001,0.9640492359932089
0x00b43bdee2d3fa676ab06739bf1d52f4bad6591e,True,1946,1064,1045,19,98.2,922286.43,3,1775592967940,1786951926884,131.5,10688.4,0.012,0.0,0.988,0.9629032258064517
0x0748e296e5a350ec36c8487a1cea406e1b57d4b2,True,2000,1356,1342,14,99.0,1231160.51,6,1787754228165,1788717527147,11.1,79124.14,0.064,729483.610201,0.9359999999999999,0.9626485568760612
0x18cd4597e06b7fe0a8cd33dda499121b3a145a8b,True,2000,1074,1074,0,100.0,183429.04,2,1787211304322,1788746409262,17.8,7056.1,0.038,134497.473883,0.962,0.951018675721562
0x1bbfb3a33600338d5a948618189649a4588d5fc4,True,2000,994,994,0,100.0,3048550.5,2,1782485554188,1788450009366,69.0,141294.5,0.046,7841192.140218,0.954,0.9467105263157894
0x0660ce4e91cee605064059feeea32a9b472cf8c6,True,2000,1966,1867,99,95.0,79628.13,14,1778062319080,1783327606372,60.9,-286.08,0.004,0.0,0.996,0.9345076400679118
0x07b0e21ff4a623c20a9042ab89c9641dedfcf528,True,2000,1092,944,148,86.4,1019941.69,23,1748473824707,1788721100052,465.8,50608.11,0.05,0.0,0.95,0.9317699490662139
0x085db44e424331c3036e3ebaf7c7e8800b2cf1ac,True,2000,2000,2000,0,100.0,56667.76,1,1778335996370,1779840907205,17.4,711.47,0.013,0.0,0.987,0.9304541595925298
0x0be2995eb2d28207400b0f94a9ff5610688d4d76,True,2000,1625,1625,0,100.0,56004.93,2,1768797474127,1780912889536,140.2,2480.67,0.044,18920.972673,0.956,0.9193972835314093
0x05c47beed53eb8b3fc14538f881d0941cbbe05a1,True,2000,1206,1017,189,84.3,132858.55,33,1761853136493,1788738898840,311.2,5462.87,0.041,33767.45288,0.959,0.9182088285229202
0x02c792bb17ce731d3a7dd6209db9aedbb78b756c,True,2000,1387,1050,337,75.7,185504.83,4,1782135988554,1784246400018,24.4,5894.85,0.032,0.0,0.968,0.9109083191850594
0x1c77041452e75939105981a914f138eb9634463c,True,2000,1998,1426,572,71.4,301419.78,18,1780322052079,1780939147584,7.1,8649.2,0.029,0.0,0.971,0.9090619694397283
0x1a0eb3ec84916d0380d97504cc52e3dbd4897b9c,True,2000,1210,1063,147,87.9,213570.21,13,1768765749578,1788486124590,228.2,21408.3,0.1,0.0,0.9,0.9069821731748726
0x0315f272b9f9b14822ce9c4b15a711c0dbb6aec3,True,2000,1382,1199,183,86.8,77198.65,1,1781678053904,1788698349187,81.3,2861.47,0.037,432.642878,0.963,0.906748726655348
0x006abdd1fbe34fa75ae4e986232f37ecedbc3537,True,2000,1218,978,240,80.3,122835.87,8,1784298121343,1788398394274,47.5,4847.45,0.039,0.0,0.961,0.9065152801358235
0x0048d42f232164a85a41f15ccf26cf859e58b108,True,2000,708,708,0,100.0,532960.5,2,1780620826020,1784259578957,42.1,7114.18,0.013,0.0,0.987,0.8976655348047538
0x015354106478dda69c4aae3c0cf801290b738052,True,2000,1215,943,272,77.6,1125817.88,4,1778047743651,1788704721170,123.3,105679.65,0.094,4539074.766311,0.906,0.8966680814940577
0x14c624428f50785e26d94779769e3b0f3340b280,True,2000,939,832,107,88.6,1027261.75,3,1784772690363,1788644259711,44.8,59130.2,0.058,1078472.882142,0.942,0.8960101867572156
0x09969138013fdfae9438fbd705515f047f8a0ba6,True,2000,810,810,0,100.0,304231.27,1,1784293608153,1787566463154,37.9,14794.99,0.049,852917.674136,0.951,0.8935271646859083
0x03fb2d4401575453307c53015abafbb69c62e254,True,2000,1175,847,328,72.1,175886.38,10,1782771989756,1787680082499,56.8,-7622.0,0.043,0.0,0.957,0.885483870967742
0x0ca4109c94438dde8d7386da27180f414de80fa8,True,2000,960,899,61,93.6,109383.01,17,1786113829019,1788748611812,30.5,5649.25,0.052,162607.565955,0.948,0.8851867572156197
0x031f72deb03c509af42624ddcd1f63fce5ecb220,True,2000,917,869,48,94.8,812610.51,9,1784931071124,1787443200018,29.1,71959.75,0.089,0.0,0.911,0.8833191850594229
0x18478dfe4e5103a9213db5c4eab9b4a17abbff84,True,2000,735,735,0,100.0,274859.65,1,1787172830086,1788715345929,17.9,13393.92,0.049,110004.188237,0.951,0.8833191850594228
0x17a1c92d424569cdee77a48b47449f63d685f85e,True,2000,972,896,76,92.2,74852.41,10,1779378487952,1788464761856,105.2,1539.9,0.021,0.0,0.979,0.8807512733446521
0x0f38d791bfaa7ffcd94ec549e0b899aa3eb6f6f7,True,2000,836,801,35,95.8,119188.84,12,1777920755197,1788706491935,124.8,3500.18,0.029,8148.245474,0.971,0.8719864176570458
0x1223776bf953ee798a53a34109de5e680cf58180,True,1988,923,882,41,95.6,156659.98,22,1741669692039,1788700920861,544.3,-13087.61,0.084,129304.346613,0.916,0.8698641765704583
0x153c8444380512cabdc34f6cea09c322e14e319a,True,2000,2000,1592,408,79.6,470753.8,13,1785355326429,1787300420015,22.5,77644.83,0.165,2459314.06603,0.835,0.8692911714770798
0x11f46fff2624737aa0d38507e761b6ef770eb94d,True,2000,1012,783,229,77.4,116341.44,10,1786227543438,1788748754276,29.2,5482.19,0.047,17448.287824,0.953,0.8663200339558574
0x08f85d5d9292b14b0aa0bd096606cfb24c6e8ca1,True,2000,949,743,206,78.3,146946.15,7,1780189510208,1788465745039,95.8,5244.08,0.036,184939.06827,0.964,0.8633064516129033
0x0cd47890393cfa9aa7baa940c7c8abb09696e495,True,2000,881,868,13,98.5,98033.1,4,1773102426450,1779253156034,71.2,6206.1,0.063,0.0,0.937,0.8622453310696097
0x120d47f23f857cf766d0d48e96d0509e7dce0dba,True,1472,774,774,0,100.0,171252.31,6,1783440362904,1788732077816,61.2,13316.54,0.078,388197.517959,0.922,0.8612691001697793
0x0a847e73a0618e330d54e26a0789425604e76ddd,True,2000,856,829,27,96.8,90441.13,7,1782996843905,1788133245650,59.4,3455.99,0.038,250778.821106,0.962,0.8611629881154499
0x0833de1e42b93ec94a6ec31670bada94a9039f2c,True,2000,768,768,0,100.0,190702.29,2,1773668124868,1775651790599,23.0,16078.82,0.084,0.0,0.916,0.8604202037351443
0x00c47ef3198a2db24e1ff1d42981117631661b0c,True,2000,1053,950,103,90.2,53273.71,17,1783055363156,1788706334070,65.4,3426.63,0.064,72800.687784,0.9359999999999999,0.8602079796264857
0x01bb092c2e4fef1d68ef1ca66e9b1db29f0cf7b7,True,2000,1332,919,413,69.0,210757.8,11,1767567941910,1788358207834,240.6,18508.61,0.088,641376.509439,0.912,0.8601867572156198
0x09714a3282fca963a8da97c72a4226bdcec3814d,True,2000,888,799,89,90.0,81077.97,21,1784266218084,1788697836960,51.3,1389.2,0.017,8682.64056,0.983,0.8580220713073005
0x0ffd670749d4179558b6b367e30e72ce2efea28f,True,2000,1039,760,279,73.1,91195.82,19,1786539598963,1788720008553,25.2,2814.55,0.031,10789.961762,0.969,0.8544567062818338
0x168198986b9caff2fa64a25288be2640ae6d5528,True,2000,976,729,247,74.7,126528.0,5,1786721711335,1788747139216,23.4,4859.41,0.038,61498.948632,0.962,0.854393039049236
0x0d87560cb058b41241e0db8971426aa40157ac67,True,2000,595,558,37,93.8,147441.18,5,1779193927631,1788452760065,107.2,2760.76,0.019,0.0,0.981,0.8526315789473685
0x0e3ddbd1311675fd78dd8309d94d1d8d5ac1bfc6,True,2000,719,714,5,99.3,521535.96,3,1780705101160,1787739493254,81.4,55119.87,0.106,0.0,0.894,0.8496604414261462
0x04a97ae7f350a22cd0cdb6b1875e8905b76495aa,True,2000,683,683,0,100.0,169678.56,4,1774538709388,1788533423692,162.0,13898.4,0.082,44373.590434,0.918,0.8493421052631579
0x0c0cf825707b3235962dab0e8fdc2b8d97b70463,True,2000,1101,959,142,87.1,35541.43,2,1787226061050,1788748786999,17.6,480.22,0.014,17090.993275,0.986,0.8484083191850594
0x0ffe8ccb9762afa47816d1ea0f3f830735de0d15,True,2000,1077,832,245,77.3,97390.63,13,1738875089301,1788456146134,573.9,-9301.89,0.096,4542.512465,0.904,0.8475382003395586
0x1b44a8777370272118e5412b37085813cf93e6e6,True,2000,895,790,105,88.3,78028.29,8,1777075020888,1779478351240,27.8,3922.93,0.05,0.0,0.95,0.843781833616299
0x0becb107c5defbb260cf044e400d4af503eedd34,True,2000,1397,1035,362,74.1,44549.27,3,1774946663885,1777033546925,24.2,563.83,0.013,0.0,0.987,0.8428056027164685
0x162cc7c861ebd0c06b3d72319201150482518185,True,2000,1546,1488,58,96.2,30642.89,15,1781765656192,1784796393444,35.1,-2130.33,0.07,0.701367,0.9299999999999999,0.8422750424448218
0x00964646dd306de6419db1e43b8c4d3378a7a264,True,776,327,327,0,100.0,236540.56,4,1783296069005,1788045046379,55.0,14946.12,0.063,52492.180421,0.937,0.8412139219015281
0x09d70eac3bbebf727218b81b7f6384249826ab24,True,2000,1049,881,168,84.0,72012.22,1,1776940239262,1788450961376,133.2,7349.14,0.102,150724.563628,0.898,0.8404923599320884
0x0d65ca083b13adf71a3ef307ae8afd1632ff50cb,True,2000,1026,770,256,75.0,93839.7,8,1786852291444,1788749007471,22.0,6589.97,0.07,90391.7098,0.9299999999999999,0.8389855687606113
0x170dbce27ab17f5dc3f04c773b6686068ad88c9b,True,2000,984,719,265,73.1,155660.64,20,1737005631071,1787193425869,580.9,11380.64,0.073,0.0,0.927,0.8372453310696095
0x19f5c3bc2e0978d9a1da389d7d4cfe33cd770fe9,True,2000,1203,851,352,70.7,516862.51,7,1787345552834,1788621392141,14.8,81243.71,0.157,0.0,0.843,0.8371392190152802
0x16bf84af3f85f8c8a97597bf2be549dfe0dee637,True,2000,268,268,0,100.0,687676.97,2,1784826130768,1788401633375,41.4,53684.69,0.078,0.0,0.922,0.8356112054329372
0x0701363ed0a7809b2b8ca7e22aaccea4a670216c,True,2000,408,404,4,99.0,474519.37,2,1767291807479,1781001120873,158.7,40794.35,0.086,30000.065653,0.914,0.8344439728353141
0x0c76ba888059b8b13787835117f3f55899179ced,True,2000,1172,1002,170,85.5,40823.65,41,1766939818737,1788690056544,251.7,3118.99,0.076,6663.405035,0.924,0.8343590831918507
0x1003d8c532e5178673668e5f3aa48dc399ee940c,True,2000,1002,908,94,90.6,39187.82,15,1765917420299,1788440212930,260.7,1882.86,0.048,24152.125544,0.952,0.8335738539898133
0x08bed3f9ae9b3db6bf9b5de117e0309e028e7aa4,True,2000,833,669,164,80.3,396495.95,9,1787184653391,1788700731763,17.5,34678.08,0.087,23142.598839,0.913,0.8313242784380306
0x078ed36576a45d45f8fb8889b2ce4024d8904c9c,True,2000,1064,1021,43,96.0,43243.87,13,1764827591944,1779246755535,166.9,-4758.75,0.11,44018.757788,0.89,0.8307724957555179
0x04334d981fdc67b8f41286bb2210137d315a58ec,True,1058,304,303,1,99.7,210866.99,3,1785697780293,1788678879545,34.5,13974.25,0.066,250596.0313,0.9339999999999999,0.8306663837011885
0x00000000000e00230fd1fbb9aae01713a4ab7495,True,1554,960,855,105,89.1,63087.33,6,1780746998190,1785298173299,52.7,5970.1,0.095,0.0,0.905,0.8272283531409169
0x0514f2f3e0277c47117e3f33d9390efb0acfbdfe,True,2000,599,460,139,76.8,901667.25,4,1780218467059,1788529383590,96.2,43834.38,0.049,785399.794895,0.951,0.8227079796264856
0x02e27b30a7209dbcaf8963845d0ec5cff80330fb,True,2000,249,249,0,100.0,93822.57,9,1774164973658,1779321600086,59.7,2922.64,0.031,0.0,0.969,0.8226018675721563
0x02aa6015d2ba9992b88596d36bad706eeef41806,True,2000,1227,763,464,62.2,67430.54,10,1771554323883,1787580803099,185.5,2032.86,0.03,0.207849,0.97,0.822304753820034
0x149d35ed0e25ec4b760c28055f744fdd02af1764,True,2000,993,816,177,82.2,121198.15,1,1767799329043,1788625833144,241.0,18246.29,0.151,30162.750596,0.849,0.8201825127334466
0x0f7795a283a92dd41e9fa1675ef8b527305270ab,True,2000,995,830,165,83.4,50846.14,41,1774360138737,1784925148405,122.3,-3998.23,0.079,0.0,0.921,0.8173599320882852
0x0c156975b3e10cccbb041d35dc14b0a10649f55a,True,2000,885,885,0,100.0,35089.91,1,1787844273825,1788748201553,10.5,1340.66,0.038,0.0,0.962,0.8168718166383699
0x15baf1cefcced43e971da85b7b4de5a0391f7b29,True,2000,1565,1513,52,96.7,18005.19,12,1787929553120,1788742438150,9.4,698.26,0.039,158011.730575,0.961,0.8164261460101868
0x089fe537f4b2af55fa990bc64ff4125800bba4f8,True,2000,193,192,1,99.5,292905.29,2,1781018942376,1788480000030,86.4,24066.08,0.082,0.0,0.918,0.814876910016978
0x18b0e3de55ffdebce1a44e1e6b0d77c3df57d632,True,2000,918,918,0,100.0,102002.59,2,1777485764864,1778460763166,11.3,21056.77,0.206,0.0,0.794,0.8142402376910017
0x087c01d466824a47c0077f4bbeca3d4626eb607b,True,2000,1216,843,373,69.3,39736.18,7,1787788591795,1788483188793,8.0,1063.11,0.027,0.0,0.973,0.8113964346349745
0x0e3512ce7f71f9c47fc5cbaa68fce2720d98fb1d,True,1809,859,648,211,75.4,94805.03,39,1765096201643,1787791500053,262.7,4691.92,0.049,0.0,0.951,0.8100169779286928
0x11e64cfe088a23ea57b1326a4ada88e564716796,True,2000,889,859,30,96.6,152418.46,3,1788095385280,1788749069494,7.6,30569.93,0.201,0.0,0.7989999999999999,0.8098471986417657
0x00ae7dc3e9796260506afe8fdb0598c281f10776,True,2000,1066,850,216,79.7,30864.52,12,1784495287081,1788733002111,49.0,761.84,0.025,43814.835664,0.975,0.8098259762308999
0x06b23dc3fb948fd800dcad8a800b60fd0e5401bc,True,2000,1222,893,329,73.1,36145.43,6,1783943252051,1787941671034,46.3,-1932.37,0.053,0.0,0.947,0.8075127334465195
0x000000209e0a892842bc06c354e7d097392cbbbb,True,2000,1230,779,451,63.3,73203.96,13,1779376588313,1788702426225,107.9,5324.1,0.073,67573.510263,0.927,0.807427843803056
0x00327e875e118eb7f8dc522f8c0ece5bbfa7282c,True,2000,1053,786,267,74.6,43120.24,31,1782188989427,1784339771780,24.9,2398.91,0.056,0.0,0.944,0.806939728353141
0x0c44471cc8516125ead11e09446302ae20540ed4,True,2000,1189,705,484,59.3,104373.95,4,1788013653762,1788715110586,8.1,7274.07,0.07,326813.33791,0.9299999999999999,0.8068336162988116
0x183d0567c33e7591c22540e45d2f74730b42a0ca,True,2000,1730,1570,160,90.8,50695.02,11,1780556230211,1788752494214,94.9,-11461.64,0.226,205992.355779,0.774,0.8065789473684211
0x1a19f1eb20023906accb989289645a5bf6300562,True,2000,924,865,59,93.6,77052.0,21,1741873971389,1787374213668,526.6,-11959.65,0.155,51831.579556,0.845,0.8045203735144313
0x186a0ede279bb1e46fc383d990635d32dda655f2,True,2000,946,702,244,74.2,105838.26,37,1723812298704,1787182666801,733.5,10157.92,0.096,0.0,0.904,0.8044567062818336
0x1404109f8cd4a79a0447365edbb7a13acd0b2f27,True,2000,888,888,0,100.0,29016.99,14,1780581329260,1788621768200,93.1,628.8,0.022,70732.644127,0.978,0.8043718166383702
0x06a4e5b554519049d8662cfaf762845bd6054a2d,True,2000,879,702,177,79.9,66297.76,25,1755522988549,1787828095899,373.9,4186.93,0.063,0.0,0.937,0.8043505942275043
0x0700689cc38aa3d6e3a6d6b1fc83430ea32c3162,True,2000,537,467,70,87.0,85079.53,47,1763718041713,1788672845545,288.8,4769.18,0.056,139100.739962,0.944,0.802886247877759
0x06e0602c9158ee8478365c74606346d90d06df67,True,2000,1069,1061,8,99.3,23225.7,3,1784662742545,1788738539006,47.2,1757.53,0.076,24931.206177,0.924,0.8018675721561971
0x01b5dfdd91c2103bfb3c37cb64d32561895c47cc,True,2000,447,393,54,87.9,186748.5,14,1773860270443,1787217094024,154.6,18181.11,0.097,124535.415741,0.903,0.8004881154499152
0x1840bdb83caff17de910ec407cafb817678786b5,True,2000,1504,878,626,58.4,67963.49,50,1781689935128,1782461760856,8.9,3861.05,0.057,0.000185,0.943,0.7998938879456707
0x0a4740508133c8e0e915f856cca2cc71c66ae188,True,2000,1089,1077,12,98.9,15431.88,13,1785768821999,1788697461935,33.9,80.5,0.005,5048.970315,0.995,0.7978777589134126
0x111ec789c0b1f9b561d78140cd43e71fa6f5e141,True,473,357,295,62,82.6,171544.71,5,1738176575806,1784953958812,541.4,10654.83,0.062,0.0,0.938,0.7973896434634975
0x1b1d2f7eae1ddab1db68efe680c3907f4081b4a2,True,592,316,316,0,100.0,101027.2,5,1769702656770,1787592779057,207.1,10034.83,0.099,38542.116595,0.901,0.7970500848896435
0x01f63d95156bca41c98a9817f0627c3521196f7f,True,1636,734,624,110,85.0,53879.53,9,1787974800124,1788740737908,8.9,2095.39,0.039,48279.3618,0.961,0.7963497453310696
0x0af2cca56e6234eab2e75936d396fdfb258ca66a,True,2000,1918,1666,252,86.9,18428.2,52,1778557715626,1784752193654,71.7,983.75,0.053,0.0,0.947,0.7957979626485568
0x0f83a7bf2ea16c7d8c90e3aa4ca0c8e58a83c9ea,True,2000,757,757,0,100.0,89545.19,5,1787563945581,1788748298385,13.7,14632.96,0.163,186457.779877,0.837,0.7949490662139218
0x0afe2b931a1f8b8772c22d07ad495c83df839465,True,2000,932,555,377,59.5,320156.16,44,1756763887262,1788730980219,370.0,18488.51,0.058,3810.742901,0.942,0.7946943972835314
0x1994ed0ff5cd37c2487fc62dc7bfeeda3de659ed,True,1347,665,651,14,97.9,59989.2,1,1779631844498,1786891534062,84.0,5538.64,0.092,0.0,0.908,0.7942062818336164
0x14e2ad432297508f8ef3b26d7e99e81d64d05b57,True,2000,780,654,126,83.8,74021.68,43,1785299605483,1788671167497,39.0,5972.19,0.081,62100.614652,0.919,0.7935908319185059
0x1bfaa967c21ddf88dc0da624f983cd7565e00c76,True,2000,736,558,178,75.8,167058.08,11,1784212874193,1788540886380,50.1,14832.73,0.089,0.0,0.911,0.7931027164685908
0x1271bf72a18549ee6d2ea3ab7e5dd4ae1c4eb05f,True,2000,977,705,272,72.2,53655.75,2,1778685542308,1786572084751,91.3,3300.0,0.062,33931.439996,0.938,0.7919354838709678
0x1671ae55c676cc50f3f7ae87fc3d037eac59c670,True,2000,562,469,93,83.5,62589.08,51,1767311378423,1788714608389,247.7,1998.15,0.032,13737.354342,0.968,0.7909168081494058
0x022e3ce4eda264b3e3fef62036c8182ceb88e6ce,True,2000,1666,905,761,54.3,89104.0,21,1770356286293,1787539649956,198.9,-4641.4,0.052,0.0,0.948,0.790874363327674
0x00000000000dfd47d200dc26e4e5c79b7e6de984,True,2000,921,743,178,80.7,40674.71,5,1780320930027,1788450275874,94.1,1889.28,0.046,0.0,0.954,0.7902801358234296
0x0ff911dc09dbb3006f25ee71093d0fe4fd82a44d,True,2000,1030,733,297,71.2,49189.52,8,1787581646954,1788685101851,12.8,3802.88,0.077,219693.957919,0.923,0.7862266553480476
0x13214d05525155dceb194bd12568ca7cc242aec2,True,2000,908,626,282,68.9,59449.66,17,1724178779574,1788346279592,742.7,1526.31,0.026,10416.348686,0.974,0.7857597623089982
0x13640f452a56aaa7a5a5e5a6bd24c45374dacbcc,True,2000,1038,841,197,81.0,73366.11,18,1785123861048,1788753417094,42.0,-15271.74,0.208,72100.877533,0.792,0.7851867572156198
0x060fac5a580d218c7cf820c4ff5cfb57c51c1dd8,True,2000,804,562,242,69.9,122758.22,5,1775579004899,1788660601266,151.4,7603.07,0.062,61894.430436,0.938,0.7846986417657045
0x015910813c8b6af4d68efb0a720a99699659ebc3,True,1037,488,488,0,100.0,174022.23,2,1734925051875,1787366883676,607.0,34692.0,0.199,0.0,0.8009999999999999,0.7845500848896434
0x0a36bef37bf30185c56177feb24a0d1f57220aab,True,2000,1213,754,459,62.2,53424.3,39,1753627131331,1788607991580,404.9,3944.15,0.074,4752.787432,0.926,0.7836375212224109
0x0fb66804703a2ff1f56233ec542f2c849e6fbaae,True,2000,805,776,29,96.4,33257.3,5,1787353716587,1788735139064,16.0,1602.3,0.048,0.0,0.952,0.7832979626485569
0x0a26016918a1ad8e57b899ea9484ce0ac87d5255,True,2000,832,628,204,75.5,259158.15,3,1777899167754,1785851400051,92.0,37237.1,0.144,0.0,0.856,0.7826612903225808
0x1640e916e10610ba39aac5cd8a08acf3ccae1a4c,True,564,265,262,3,98.9,84084.46,3,1744729385892,1772912969293,326.2,7537.62,0.09,0.0,0.91,0.7816850594227505
0x1313d08233619c6ebecf84465a85b595c6b2a5ce,True,855,516,501,15,97.1,100423.44,1,1783003325579,1788752911316,66.5,14561.01,0.145,27652.305666,0.855,0.7812393887945672
0x054a01da80ee37d5220af5471b1eedbdcd2cdb2f,True,2000,1015,527,488,51.9,293529.09,9,1771612751615,1787855276147,188.0,13741.7,0.047,127885.286939,0.953,0.7810059422750424
0x128b55ff0c075090e1773232cb3fdd8d4e2c45ec,True,2000,739,717,22,97.0,41947.62,15,1770027706938,1774163224129,47.9,3268.2,0.078,0.0,0.922,0.7793718166383702
0x054560e1f9d7f938b35c62f332751ba18b02f2bc,True,2000,974,771,203,79.2,32534.5,8,1787491761212,1788554921390,12.3,1797.6,0.055,0.0,0.945,0.7787351443123939
0x06466f9ac08e872064950cec3812b57d6feafa7f,True,2000,971,506,465,52.1,758307.9,5,1758296005780,1772671122665,166.4,29782.8,0.039,0.551772,0.961,0.7786290322580646
0x11615843a09fa765d98ebf3eb15690450ef7e60a,True,2000,1054,907,147,86.1,132309.35,4,1771062231905,1787907172668,195.0,-61366.8,0.464,0.0,0.536,0.7774193548387097
0x1847dc422b9dea349e8af7d02cb3a136cd81f441,True,2000,1030,680,350,66.0,73455.43,13,1786992007974,1788652800016,19.2,-7581.28,0.103,30282.532738,0.897,0.7773556876061121
0x099691c206cb8ceaa41d3b9e55aaf859b2d3f78d,True,2000,692,653,39,94.4,51009.08,7,1772442197667,1788044202077,180.6,4912.42,0.096,243366.06561,0.904,0.7765704584040747
0x0b89484501470151b8adbb75c94cf6d8b46ffeb1,True,1139,495,490,5,99.0,47109.3,1,1761218083855,1786341083260,290.8,3559.78,0.076,0.0,0.924,0.7763157894736843
0x006e4bd8d50b4c36b21d967b7fbd67ea389d0a2b,True,1073,461,328,133,71.1,184796.95,3,1787146394053,1788155887641,11.7,10283.81,0.056,0.0,0.944,0.7758276740237692
0x0f129afb3f51f0d549f4c98721e11fe9d9c46ce1,True,1097,503,392,111,77.9,428465.7,9,1733593011055,1784043942648,583.9,54628.72,0.127,0.0,0.873,0.7755730050933787
0x00532b2e10626ed952d6664b9c6848646b227b57,True,2000,1072,660,412,61.6,64017.78,25,1782418351063,1788685188773,72.5,5255.26,0.082,3085.749508,0.918,0.7753395585738541
0x0a20c80871562b054fa5b4a43afd7a454fe3bbcb,True,2000,658,658,0,100.0,31842.4,1,1779638423805,1788745544963,105.4,1640.87,0.052,1045.563441,0.948,0.774151103565365
0x016b7acf1ec99d74f4e8505343eccbecd655f9f8,True,1098,344,339,5,98.5,95973.77,2,1765026355106,1775618920760,122.6,12608.06,0.131,0.0,0.869,0.7735993208828524
0x0a872082df771893896f1d3d634ba211c6c650de,True,2000,737,558,179,75.7,64050.57,8,1787177449330,1787941979986,8.8,3762.33,0.059,0.0,0.9410000000000001,0.7734507640067912
0x1b824a8134f90cd2379935c0b381f5f586530b03,True,2000,1128,628,500,55.7,95635.88,5,1787272982894,1788566400005,15.0,8218.47,0.086,0.0,0.914,0.7727716468590832
0x025c62433ecf89ed45edf7f41bf05318204d0b2b,True,2000,1026,734,292,71.5,34427.29,14,1785983323140,1788704605000,31.5,1917.7,0.056,89606.718895,0.944,0.7711587436332767
0x175c59d92ded20ec11efff32291139edb3585475,True,2000,1050,720,330,68.6,65979.81,7,1772267775019,1788423081556,187.0,9463.33,0.143,0.0,0.857,0.7698641765704586
0x0b7f372701bf2dfd61c0bd93d0726622b93ef5bb,True,2000,783,654,129,83.5,49958.21,24,1785937479200,1788705238446,32.0,3958.24,0.079,11960.175857,0.921,0.7694397283531409
0x0422597f4241b4406f7a4d9cd0f65626ec0ad6dc,True,2000,1095,850,245,77.6,94746.17,7,1778858302044,1788277253520,109.0,33000.0,0.348,0.0,0.652,0.7693972835314092
0x11b6ccc31cb488f491e57d8f2d4e1b549a2442a4,True,2000,1045,788,257,75.4,26349.33,14,1772270701318,1780059448130,90.1,1080.18,0.041,0.0,0.959,0.7691001697792869
0x03c832ccb5055e38f7080f3761794fea79ad497f,True,1739,534,421,113,78.8,81165.24,8,1774111202357,1785431824995,131.0,5750.0,0.071,0.0,0.929,0.769078947368421
0x0c51fe7923bee4c22a84c5b4109e0c5336d8fde2,True,2000,1205,883,322,73.3,26503.85,28,1787828140638,1788726871200,10.4,-1717.01,0.065,150055.997827,0.935,0.7679329371816639
0x19b151207c1091a0f68e636735d38f8f6d8d326e,True,1859,1033,974,59,94.3,38019.68,15,1763089019973,1788746580654,297.0,8039.66,0.211,27226.424705,0.789,0.7678692699490662
0x0dd73d2b71efb30daf8cd48c9dfa8dc35868fe65,True,2000,797,697,100,87.5,55535.49,6,1779457291010,1788721700822,107.2,-6732.37,0.121,52598.76023,0.879,0.7676994906621393
0x0f0d9105b88e938df7816b23e7ad4d1660568a0e,True,2000,1181,791,390,67.0,38810.81,25,1777932871010,1785158273452,83.6,3576.61,0.092,0.0,0.908,0.7666595925297114
0x05f8e2f2d4eff47412bec46c82186b113e5b38b1,True,947,549,452,97,82.3,93350.37,2,1779628856799,1784548857469,56.9,10143.47,0.109,0.0,0.891,0.7653650254668931
0x0b0bab22bbe4e850dfcdfc097872b16ce61e2185,True,2000,1050,675,375,64.3,97310.44,5,1781608289413,1785491277667,44.9,15401.8,0.158,0.0,0.842,0.7653650254668931
0x06d5af06a3a7d29909e1cdc7a9deded2fb14ab57,True,2000,829,565,264,68.2,170852.97,40,1773011030934,1788720674384,181.8,19285.61,0.113,164577.623588,0.887,0.7646859083191851
0x00605a07047fbaccb7351cad21f3d02c4440db5a,True,2000,836,800,36,95.7,24248.2,10,1786111276422,1788734096889,30.4,-834.27,0.034,10146.350482,0.966,0.7632640067911716
0x05b51f53f09155478af947f0b6bfca30f2fc3aaa,True,2000,760,567,193,74.6,133513.82,19,1779105347901,1788707006875,111.1,17583.69,0.132,18399.772628,0.868,0.7622241086587437
0x0fa20c52ab9e1e1f658f4d35824af14ca1333ea8,True,1522,726,511,215,70.4,111444.38,10,1747320016140,1777718576093,351.8,9829.53,0.088,0.0,0.912,0.762160441426146
0x06099985a803013201a28e8e378c5aeb31a47507,True,1510,533,407,126,76.4,91137.02,13,1771297829255,1788013323429,193.5,7454.18,0.082,0.0,0.918,0.7611417657045841
0x188b264aa1456b869c3a92eeed32117ebb835f47,True,2000,1050,502,548,47.8,287695.38,5,1780500333159,1788741027893,95.4,17128.25,0.06,22392.392383,0.94,0.7608234295415959
0x0187c76070e2ffb0ae47b298ab3353d00ee40849,True,2000,1223,952,271,77.8,13986.52,7,1783226290971,1788379405140,59.6,195.52,0.014,167.264262,0.986,0.7573217317487267
0x02e1e81f36784ae23cbf53ea9ccbdf489d733062,True,2000,1020,952,68,93.3,22659.64,22,1760359519925,1788558224250,326.4,-2627.74,0.116,27496.135181,0.884,0.7571943972835314
0x1162e2c16009153cc44b9353cca481e2ac2aac3a,True,2000,604,601,3,99.5,181471.04,3,1758798679620,1788471271473,343.4,59879.32,0.33,46763.227762,0.6699999999999999,0.7562818336162989
0x01ca408530861768d9448cdff5b104ce52049dea,True,2000,951,607,344,63.8,57056.81,1,1779483642333,1788480678301,104.1,-3983.03,0.07,221089.453043,0.9299999999999999,0.7547962648556876
0x0dc4b9ad4cd8a06878163427c71f027bb8acb09a,True,2000,955,647,308,67.7,44363.49,37,1785050392684,1788741305903,42.7,2821.64,0.064,26031.155917,0.9359999999999999,0.7547325976230901
0x01d8296a6645ec20a3f9d19ae36aad7f4143c830,True,2000,907,744,163,82.0,74040.56,5,1760424516916,1788689559579,327.1,15507.0,0.209,12204.451996,0.791,0.753735144312394
0x03f41ea5346172ed884ff4911543af5551de728c,True,2000,1058,787,271,74.4,30916.32,4,1781473815199,1788447850356,80.7,-3084.54,0.1,0.0,0.9,0.7536078098471987
0x192dfd9c08cd9e17cc695913bca39b36ec425324,True,2000,966,862,104,89.2,21272.67,40,1781208300675,1788555578963,85.0,-1602.37,0.075,13323.791351,0.925,0.751528013582343
0x03595e94fae0b50e3cf01f3c3b322bcc8ea615ba,True,2000,946,752,194,79.5,31555.43,8,1780224645906,1788293079941,93.4,2578.7,0.082,0.0,0.918,0.751358234295416
0x0354525be351ba3c1cef0a0d596da0ad4dc4741a,True,2000,751,554,197,73.8,72043.42,14,1784930221634,1788734142728,44.0,6858.54,0.095,116165.206626,0.905,0.7512521222410866
0x0cf02b1ae63d3c20f238b775be8b7262b67d57d2,True,969,703,537,166,76.4,62962.93,12,1760154677644,1787740680544,319.3,5715.59,0.091,0.0,0.909,0.7511247877758914
0x14f5dd7ca3e4ef4aba7431ad10d9dacaf14fd103,True,835,377,229,148,60.7,299217.61,4,1717245878712,1783990225784,772.5,6500.62,0.022,51442.684278,0.978,0.7509550084889642
0x0aae0dad48931d729b2f1b384f4c4ca400ac2f2f,True,2000,1174,829,345,70.6,40055.06,14,1779236356409,1784132082342,56.7,-6165.94,0.154,0.0,0.846,0.7508064516129033
0x1739d028fcad09b6c697f83b645734e55ed732c0,True,2000,830,527,303,63.5,124290.69,14,1785853747474,1788705162236,33.0,11072.17,0.089,110696.69286,0.911,0.7504456706281833
0x140a2f07ff1c2927b29a86c829a05faea8d53a4c,True,1159,512,419,93,81.8,56448.24,9,1773180866300,1788654356908,179.1,4683.91,0.083,53255.620363,0.917,0.7495331069609508
0x0811d5442a311bc591fe663534d548bf1c09d7de,True,2000,1135,755,380,66.5,128598.62,44,1722623953097,1787489226241,750.8,41917.57,0.326,0.0,0.6739999999999999,0.749511884550085
0x102763eb37f47272150aadacbc48d850444935eb,True,2000,974,558,416,57.3,86827.16,117,1733846957218,1784735914174,589.0,6747.3,0.078,0.0,0.922,0.749320882852292
0x0a4b1c5cb83d30433870db1c49b71ab5f29a8f89,True,2000,1050,876,174,83.4,27542.41,9,1766191607133,1777740387716,133.7,4137.99,0.15,0.0,0.85,0.7427631578947369
0x04c26a27313498e656531ae67b8539e6443decce,True,2000,1129,582,547,51.6,237172.05,20,1772913059408,1788393600075,179.2,36796.82,0.155,0.0,0.845,0.7417444821731748
0x083d93758661649edaeaba40d7477a46b1098716,True,2000,331,294,37,88.8,42227.39,3,1768921933192,1788221557433,223.4,2664.17,0.063,0.0,0.937,0.7414473684210527
0x17548c35d99b665d3a4e793622a41c57f5ae2429,True,2000,1129,600,529,53.1,138966.79,5,1787495122204,1788735454715,14.4,20815.58,0.15,0.0,0.85,0.7404074702886249
0x0c14afe2038a72131102da2390fd896c1f4e99ee,True,2000,883,514,369,58.2,83568.86,10,1783707618811,1788612273220,56.8,4995.3,0.06,286744.135957,0.94,0.739006791171477
0x1b01eb071ffd4498049927e2e263305ce2dd5809,True,1777,884,780,104,88.2,24215.72,6,1778960191233,1780666708071,19.8,1735.3,0.072,0.0,0.928,0.7381154499151104
0x143fb7e231ea1d94dc0654c647b46aee872c3850,True,2000,1108,764,344,69.0,33776.23,19,1785852209746,1788134400007,26.4,-4289.19,0.127,0.0,0.873,0.7379032258064517
0x12e5cbcf026516d19f38262aa661c40831952760,True,2000,867,804,63,92.7,42828.93,4,1782472174684,1787743137667,61.0,7948.32,0.186,0.000651,0.8140000000000001,0.7378820033955857
0x031cba65b78e8bc58108d1e91b1351191c48cf36,True,680,270,270,0,100.0,46641.68,1,1780989216114,1782398261178,16.3,5862.91,0.126,0.0,0.874,0.7377334465195245
0x15f970a5fa4791dbe4fc3adea6d41e87e5fac6ff,True,2000,1400,1313,87,93.8,26989.9,14,1767084981587,1788539039877,248.3,-8403.14,0.311,3662.212173,0.6890000000000001,0.7365874363327675
0x1759c8f2bcc386a953aee0e579d44f2b2a888037,True,1468,601,550,51,91.5,26993.26,9,1787728683049,1788753019942,11.9,1308.19,0.048,60488.700049,0.952,0.7364813242784382
0x1376e8c58891b565101aa60f613b3d0f1d2f8d6d,True,282,222,222,0,100.0,44242.09,3,1786039559993,1787172084818,13.1,4679.93,0.106,0.0,0.894,0.7355263157894738
0x12f7c3ddd76d3432b7c40026ccefa0e9f8b2c1ec,True,668,323,290,33,89.8,38496.25,7,1775410417777,1778747080340,38.6,2597.11,0.067,0.0,0.933,0.7333828522920204
0x12a23a6a0cd25f342d7668fd0c38dcbdd87dd9a8,True,2000,872,815,57,93.5,16319.28,5,1787432373152,1788753460081,15.3,573.14,0.035,50340.560467,0.965,0.733276740237691
0x0eba5721065f961bced568527bfa03ea9ed61a00,True,941,295,253,42,85.8,50854.63,14,1759921398936,1787837401868,323.1,-4454.12,0.088,138001.101182,0.912,0.732449066213922
0x1711bc52bf7e0494325799717fe640f1924617b7,True,2000,689,451,238,65.5,106514.83,19,1769796992583,1788629072640,218.0,10550.5,0.099,5311.817475,0.901,0.7311544991511036
0x0980b34ade9476dba81bcdb0f865a333793ad1c2,True,2000,421,349,72,82.9,486622.57,29,1759610580048,1788725531982,337.0,138071.31,0.284,135939.437688,0.716,0.7306027164685909
0x121acb29e168cc9e97dbd7b280ee8baf2cb34c6e,True,2000,927,548,379,59.1,131756.08,9,1785280417202,1788751459638,40.2,17629.72,0.134,284296.345289,0.866,0.7301146010186758
0x10e8fc9defd566d53918a8df2736ff632c663482,True,1489,689,574,115,83.3,56675.27,19,1752748214420,1788727888460,416.4,9035.49,0.159,26448.557606,0.841,0.7293293718166385
0x13f210c8baf5f5dbaff3e917e2e5a49e73bbaf12,True,1192,535,362,173,67.7,196262.51,8,1733170483840,1782406883598,569.9,26445.51,0.135,0.0,0.865,0.7290959252971139
0x0cacfc8c96b84bc5698fcdcb5ffd536b4a246170,True,2000,892,497,395,55.7,2034349.12,3,1746805418055,1787176981942,467.3,273726.12,0.135,177036.363294,0.865,0.7288200339558575
0x0ec315491f9b05d9b9cdb0b060553671fcdec1f1,True,2000,728,411,317,56.5,133825.02,23,1782214187513,1787781559794,64.4,7824.22,0.058,0.0,0.942,0.7281196943972835
0x0c7aafb0a737a800b2e908974be6a1c9f9892f50,True,1366,610,376,234,61.6,132442.6,8,1765865144500,1788683664043,264.1,11058.94,0.083,182785.889601,0.917,0.7257852292020375
0x187627026061885047b4daa7bb44f651c10e3641,True,1986,875,527,348,60.2,56869.7,19,1749667515418,1782969421453,385.4,3468.67,0.061,0.0,0.9390000000000001,0.7255942275042445
0x042c7da0c7d135a20fb9d0e3f56df970c66c2788,True,2000,927,691,236,74.5,24090.92,91,1785193296912,1788743549992,41.1,1208.88,0.05,20828.154379,0.95,0.7239813242784381
0x003492a23cdf0247447b11b4084502fdd4be3b3a,True,2000,826,826,0,100.0,18215.48,21,1778722209613,1788698569185,115.5,1617.61,0.089,9719.505366,0.911,0.723981324278438
0x0c684f333a7e120bce61383da670bbb0157e82d0,True,2000,1411,668,743,47.3,95959.06,16,1782999094853,1788627452948,65.1,10785.94,0.112,264400.22379,0.888,0.7234507640067912
0x0a6b80da9b30809120c947b40d08ae18ca667e3e,True,2000,1101,373,728,33.9,386558.86,3,1785432175524,1788132916484,31.3,23979.39,0.062,0.0,0.938,0.7232385398981325
0x0620b7cdc799f1e7f04cc4cc80243e38498d6846,True,2000,1460,778,682,53.3,66293.48,12,1784699149639,1788534104300,44.4,9844.4,0.148,258845.510529,0.852,0.7217105263157895
0x10242b34383739413c8c1b8fa20d79944dbfb6a4,True,2000,952,832,120,87.4,23822.53,13,1779562828507,1788703086056,105.8,-3186.57,0.134,27304.142015,0.866,0.7210101867572156
0x075c707b6c1b95405cc5f00273ab1a2a946bb384,True,2000,896,856,40,95.5,17467.59,58,1777072488045,1788684395872,134.4,-1565.36,0.09,20192.871004,0.91,0.7209465195246181
0x07d511c407470829c8bc97204387268313356936,True,2000,1128,507,621,44.9,57991.59,2,1787376170157,1788736602034,15.7,1697.6,0.029,135041.904171,0.971,0.719927843803056
0x0aa0904b9670c1d5729d4e949a0514bed198d239,True,2000,904,534,370,59.1,51218.32,5,1787605334196,1788555194278,11.0,3102.9,0.061,0.0,0.9390000000000001,0.7198641765704584
0x11fb0d184263225aaa55a2310bf911559a019540,True,2000,799,783,16,98.0,14374.21,1,1761521409605,1788752408256,315.2,555.69,0.039,50827.2324,0.961,0.7188879456706282
0x135097a80cc35350acc31f4c0f04bfde52a58f6a,True,2000,1884,757,1127,40.2,85908.39,6,1785062182341,1786349604983,14.9,5668.06,0.066,0.0,0.9339999999999999,0.717763157894737
0x13971819fea25c1add1d3966961ee2847c792470,True,2000,1070,786,284,73.5,55234.76,3,1782149238029,1783599448427,16.8,20254.95,0.367,0.0,0.633,0.7174448217317487
0x0982f0115b5855004e37df6f2c0ed927dd2ed796,True,2000,1060,575,485,54.2,44066.55,7,1776835964106,1788719791357,137.5,3030.71,0.069,52636.627788,0.931,0.7170203735144313
0x03930881c44ae22e3cbde63a59e9f06f3b34fef1,True,1978,872,575,297,65.9,61153.67,13,1756247695735,1784073600046,322.1,7596.58,0.124,0.0,0.876,0.7168930390492361
0x0b91df53289f693220ea06af8419116e45b0a4db,True,1106,478,362,116,75.7,53367.51,22,1748972531410,1788709713864,459.9,-5335.26,0.1,124533.019546,0.9,0.7155348047538201
0x18df78ba95b85f6c859307e92b83ff0e7052c6ab,True,1153,712,582,130,81.7,45503.04,22,1760795844856,1788742707820,323.5,-6860.26,0.151,1030.019457,0.849,0.7151740237691001
0x10c114a9d35a0e825061e7e9c1b8ad7b6def200b,True,2000,737,543,194,73.7,33490.3,62,1780640621653,1788558324945,91.6,2078.35,0.062,0.0,0.938,0.714707130730051
0x10d703041ec92d63ae04cacefcc07521605b73a9,True,2000,1051,834,217,79.4,42816.5,3,1767822592699,1788516852301,239.5,15520.17,0.362,29976.317478,0.638,0.7138794567062818
0x049c48d6e1619cc9aad5005aa3508a33b4f4a114,True,2000,1488,837,651,56.2,37989.35,20,1761966370515,1788196911212,303.6,4424.84,0.116,98868.700128,0.884,0.7132852292020374
0x1a6e88cbc624f39f4b2bb54a6ae74eeb95fdc340,True,2000,713,667,46,93.5,16010.37,5,1787576758852,1788403721092,9.6,520.67,0.033,0.0,0.967,0.713009337860781
0x06e0e24afba0de914849c732aa341504e8d25e23,True,2000,1001,498,503,49.8,67795.69,7,1788014422974,1788735639228,8.3,4256.37,0.063,68851.408218,0.937,0.7125424448217318
0x0f82356d63863a3c83aa4cb6584e025f9a5c56c5,True,2000,1010,803,207,79.5,41295.02,3,1775286033974,1785291647597,115.8,12567.31,0.304,0.003211,0.696,0.711481324278438
0x168f66460699b818f6b945de482a78cf2c9afb9d,True,2000,1047,550,497,52.5,65409.79,12,1784604476504,1787839840580,37.4,7127.14,0.109,0.0,0.891,0.7114176570458404
0x005e1ecfafe45d0887428b8f6c5db978ec72296a,True,806,139,124,15,89.2,59870.49,10,1769367522498,1788348190054,219.7,8353.93,0.14,0.0,0.86,0.7113964346349745
0x1af68b9a13200553d4c48e0c8da9c376ecccc454,True,2000,895,770,125,86.0,63207.41,6,1785426305194,1788652800016,37.3,25529.32,0.404,24388.624941,0.596,0.7111629881154499
0x054ae303fcc8de33d6983681e03e6776ebe95ab2,True,2000,1023,678,345,66.3,33457.64,61,1720654259099,1787520643349,773.9,4210.0,0.126,0.0,0.874,0.7109295415959253
0x1b1b2ddc33acab5d456f95f26f681a14f6b66d0d,True,1960,892,635,257,71.2,35827.21,41,1758913663446,1773132350659,164.6,3763.56,0.105,0.0,0.895,0.7107385398981324
0x0fb3255c84a2a3e0fe978d674b3d3e2dfc02c7de,True,1910,798,516,282,64.7,39704.79,12,1781046950674,1788734926342,89.0,1851.54,0.047,24044.040704,0.953,0.7097623089983023
0x18b9beef58b9025a394a46fd8124ee1d917d8b3e,True,2000,799,401,398,50.2,148763.94,12,1766002088545,1785196616514,222.2,6815.69,0.046,0.0,0.954,0.7095500848896434
0x13920d8901e0250d08dcff6d54f0ca815b4c7e6f,True,2000,840,476,364,56.7,89012.92,9,1748381803056,1781522762326,383.6,7489.3,0.084,0.0,0.916,0.7093590831918506
0x12407aeba9e0401acc06ef79f1eb9d9cba82f921,True,1609,783,674,109,86.1,21117.49,19,1733049122269,1788696831573,644.1,1427.62,0.068,0.0,0.9319999999999999,0.709295415959253
0x1152d8bcc5c2d3df74183b9386b01e6d876882f3,True,2000,1017,652,365,64.1,31345.3,11,1781441509014,1783455809995,23.3,3226.49,0.103,10.979914,0.897,0.7080857385398982
0x04b98dc3b9fe0c5bb6c47df76a73f7558933e0d8,True,2000,1206,1015,191,84.2,7849.7,12,1784282995807,1787787725976,40.6,442.72,0.056,0.0,0.944,0.707937181663837
0x05df8c46c75a06ee097c0a90f9fbe8a11a4eba39,True,2000,991,394,597,39.8,272671.02,3,1776359302169,1788365521542,139.0,18752.67,0.069,163567.37014,0.931,0.7075976230899831
0x04bfcef4d77ad636d9ae432916e6e291e992ccec,True,2000,933,549,384,58.8,38134.0,12,1781095523403,1788701562642,88.0,2115.76,0.055,10852.226272,0.945,0.7064728353140917
0x19f471c40cd9270ceea76cfdeaa85370d78157ee,True,1745,835,406,429,48.6,271291.41,44,1716046206060,1781725209612,760.2,18414.6,0.068,0.0,0.9319999999999999,0.7059422750424449
0x06d4b89475a53111e8939b1ae8af7e14804a5186,True,2000,882,608,274,68.9,77220.61,21,1739190982735,1788020044440,565.2,16397.84,0.212,2576.606856,0.788,0.7058998302207131
0x0f4fbea1aaecd66967af7ef02c7fa4693999834a,True,2000,826,777,49,94.1,45267.37,32,1777254811220,1788720201921,132.7,-14295.84,0.316,15947.690398,0.6839999999999999,0.7056027164685907
0x188f2447f7517f46a6c617aecf950b740cd8eb98,True,2000,899,640,259,71.2,23262.53,11,1787062788150,1788753606633,19.6,1112.45,0.048,56690.123492,0.952,0.7052631578947369
0x0b68ffcf5f719bf788439dd4595c3c3919f0bbfd,True,951,455,332,123,73.0,38509.96,2,1769699410253,1779583994909,114.4,-2055.91,0.053,0.0,0.947,0.7052631578947368
0x13be19273d5866261e8b435cd813bb326887e27a,True,758,325,302,23,92.9,35758.04,5,1780684264140,1781532995914,9.8,4311.42,0.121,0.0,0.879,0.704584040747029
0x007d76eec0ba411ce873a8819df50dd443d967a0,True,2000,1796,517,1279,28.8,153345.67,2,1787529344623,1788195220999,7.7,12102.85,0.079,105170.076507,0.921,0.7042444821731748
0x17f0361771a9042d816cd007c731be15f05b094f,True,2000,861,526,335,61.1,226327.13,3,1787320934491,1788684998689,15.8,49308.1,0.218,315608.41632,0.782,0.7034592529711375
0x04e3b794789e1b9317b20a795a902d1d07d8a1df,True,907,457,305,152,66.7,49288.36,12,1762335891353,1779470420667,198.3,2618.86,0.053,0.0,0.947,0.7029923599320883
0x114ed583edb30e48b9b962a5625610c46c462442,True,2000,1106,530,576,47.9,51972.66,29,1782196000214,1788705300869,75.3,3677.3,0.071,43467.357815,0.929,0.7029923599320883
0x17f1528fa3ea89278dde13601c7247f37192cf76,True,2000,1448,1070,378,73.9,29589.32,81,1760131106431,1788574598946,329.2,-8264.27,0.279,16011.300715,0.721,0.7028650254668931
0x04447ced1ac22abb0b7785cab08e2335a556d9d1,True,2000,1043,736,307,70.6,26824.54,4,1776712226151,1788533061055,136.8,3778.53,0.141,7182.030855,0.859,0.7025891341256367
0x005110f17139e63b2d624e4c040c861af4c12519,True,2000,1206,810,396,67.2,45875.26,30,1773438138668,1788534086167,174.7,-15436.42,0.336,10706.6778,0.6639999999999999,0.7020161290322581
0x1b2a2bf01d8819c46c888a75629470f2fbff2be9,True,2000,868,610,258,70.3,29879.47,29,1771510966108,1788526882524,196.9,2086.24,0.07,9012.155831,0.9299999999999999,0.7018463497453311
0x051c387df61966f62cf3c48acdb02f79d6a72e4d,True,1060,532,439,93,82.5,58621.02,6,1779064662039,1788592765737,110.3,11753.71,0.201,0.0,0.7989999999999999,0.7016553480475383
0x0eef7f106072e9db72e3ff20b48f1e013d3a429f,True,510,180,176,4,97.8,25133.88,2,1787600928224,1788706915606,12.8,1439.95,0.057,57827.337449,0.943,0.7011247877758914
0x02b3d339284cfc7a03dd31873d13a839dc86bea1,True,2000,1115,898,217,80.5,10356.36,12,1767084946535,1788480000030,247.6,-771.13,0.074,0.001737,0.926,0.700339558573854
0x10da391e349b02b380359cb402dc908dfe660221,True,2000,955,773,182,80.9,17217.88,38,1778076870203,1788749738422,123.5,1667.55,0.097,7957.910329,0.903,0.699830220713073
0x19f126c87f36339972e6d9378f102f7edeb6f02d,True,2000,1149,636,513,55.4,156965.45,8,1734192166869,1788399935175,627.4,57426.85,0.366,0.0,0.634,0.6987903225806451
0x1a9a4932f36b3641f5f63e98f77f8a1f28d85dad,True,2000,988,550,438,55.7,59797.31,20,1767760746522,1788265955189,237.3,7650.76,0.128,42712.120182,0.872,0.6987691001697793
0x0ef10fa931f082a1519912b7fc75cf84218622b2,True,2000,993,830,163,83.6,28042.37,40,1769196749103,1788698565906,225.7,6526.24,0.233,0.0,0.767,0.6984932088285228
0x166866a2845506f6b4c817482fe53b4985882ea6,True,2000,931,544,387,58.4,70495.58,14,1785279525524,1788639230517,38.9,10465.72,0.148,0.0,0.852,0.6984295415959253
0x115231b1c0ad58f97944f8e69ef0dbb35f1cd055,True,991,407,299,108,73.5,46403.18,1,1734039698524,1788499372083,630.3,4334.87,0.093,34512.574104,0.907,0.6967529711375213
0x0a236deab846f0a5fb47d0d6e5f10ffd1db4b346,True,2000,932,421,511,45.2,134652.84,6,1786156281218,1787153209626,11.5,9218.5,0.068,0.0,0.9319999999999999,0.696116298811545
0x037e2f6c7028c2882c29a86f08c241349406c3b3,True,2000,887,743,144,83.8,28331.22,12,1785340984137,1788388069090,35.3,-4679.6,0.165,0.0,0.835,0.6957979626485569
0x119491f739ef71db5e724090d9d9da8b71fef5c5,True,1950,730,603,127,82.6,30214.05,13,1774582257842,1787560837047,150.2,3798.01,0.126,18852.666666,0.874,0.6956706281833617
0x0c87080e84ad8e91f54c4af0aa921e1f183d601b,True,2000,1126,538,588,47.8,66294.28,14,1771877914473,1788728290905,195.0,8201.18,0.124,43154.859849,0.876,0.6936757215619694
0x0f182f428a84b8e400dab12254b92cfcd7023180,True,2000,971,534,437,55.0,50497.49,27,1783913376798,1788480000030,52.9,4943.09,0.098,0.0,0.902,0.6934422750424448
0x128da6a27272dd4afb1a265f619298d00f2b8b52,True,2000,1101,931,170,84.6,22119.62,1,1770736813927,1788627189051,207.1,-6528.1,0.295,3769.416308,0.7050000000000001,0.6931239388794567
0x0fe2c00301f089c59f1789a0dab7d7438527d74b,True,2000,1461,1230,231,84.2,15364.43,22,1785874807218,1788671418012,32.4,-3398.12,0.221,0.0,0.779,0.692572156196944
0x0131f07e8d7fc4bceed532120e08fa591a9af04f,True,1120,481,262,219,54.5,178023.6,8,1765213783989,1781280218697,186.0,-13987.98,0.079,0.0,0.921,0.6917444821731749
0x14246f4bbafb87ccebac17609054c6a188ed8cfd,True,2000,971,491,480,50.6,124062.18,5,1784151844209,1788254945037,47.5,-17950.03,0.145,311067.141533,0.855,0.6915322580645162
0x0ce048fe42c170e41740ee392e187f19515f339d,True,2000,1209,634,575,52.4,36512.55,50,1787148644262,1788652168687,17.4,3616.85,0.099,108355.271795,0.901,0.6913624787775892
0x05ddfee20f6ce13680366085610b50b108a9da66,True,1105,425,355,70,83.5,50618.79,56,1715770280248,1788739200041,844.5,9398.48,0.186,0.0,0.8140000000000001,0.6907894736842106
0x095ac70965bed96cda5d80682ddecb6059f29559,True,2000,1090,721,369,66.1,31323.47,75,1765375263859,1788701403201,270.0,-5967.85,0.191,0.0,0.8089999999999999,0.6894312393887947
0x057a15fde1c41caaccd2d8dbb6df450d9c8fce28,True,2000,1199,929,270,77.5,15501.3,7,1782411908692,1788529708293,70.8,-2556.49,0.165,0.0,0.835,0.6894100169779287
0x11da679c9d8cc777485781f94400eab8ab79ac54,True,2000,964,571,393,59.2,38228.71,12,1771473582518,1788280780491,194.5,4018.53,0.105,0.0,0.895,0.6891129032258064
0x04ee09f6568628fd1413757d0d4196ed58db4f06,True,316,101,87,14,86.1,46510.49,14,1767569636490,1788274343948,239.6,5958.52,0.128,0.0,0.872,0.6878607809847199
0x146c7c66d5045344e1bf6731849622d2edd450d0,True,2000,1043,909,134,87.2,24847.88,7,1787581244938,1788748709085,13.5,8636.01,0.348,65827.159914,0.652,0.6873089983022072
0x07295d129f841f2854f9f298f137c2ffc5ccff34,True,2000,1111,568,543,51.1,33960.67,6,1786103167719,1788530793770,28.1,2378.6,0.07,0.0,0.9299999999999999,0.6866935483870968
0x098e4199b005cee5b31f54d06926ba66fc14abac,True,1363,632,448,184,70.9,55666.4,13,1705344299020,1788056022782,957.3,8642.27,0.155,2323.544462,0.845,0.6863964346349746
0x1165647bdea6b9cb851f4ce99a2a0a66ea7d1356,True,2000,678,677,1,99.9,10775.94,18,1777862478357,1788445580444,122.5,385.43,0.036,9226.289471,0.964,0.6862478777589134
0x1c2f4f977a0c7f7784736042bb7b26e1724629d8,True,2000,1108,715,393,64.5,35640.3,3,1780674503393,1788526010856,90.9,-8017.44,0.225,3.676281,0.775,0.6858870967741936
0x06b0b7df4cbe61fa5344b07826dae297175c06ae,True,882,431,373,58,86.5,59427.15,33,1734215930426,1788694565235,630.5,16378.59,0.276,26970.798206,0.724,0.6845076400679118
0x0193bfb1da3c88c64fd7714cd563248a169ae9e9,True,2000,1050,599,451,57.0,37957.63,79,1731943893818,1788264288260,651.9,5343.07,0.141,0.0,0.859,0.6820882852292021
0x0def559fcb62718c41beacfdc8e997e7a2fab057,True,2000,951,602,349,63.3,33792.15,14,1738672066672,1778634321892,462.5,4250.98,0.126,9104.551944,0.874,0.681090831918506
0x1040a8fac9eabeaa2271acd28fd71c460347ec56,True,2000,865,778,87,89.9,22245.97,15,1748449953662,1784962482169,422.6,3872.15,0.174,0.0,0.8260000000000001,0.6810696095076401
0x062576f8da67f063e51bd651ac5f5f9d36923cb0,True,1599,807,587,220,72.7,17891.96,18,1763904607503,1781194081409,200.1,491.09,0.027,0.0,0.973,0.6809634974533108
0x0bbd4b77bd288148183c1c6c0c4dbb5d1f8b6029,True,611,266,266,0,100.0,23203.05,8,1786837315170,1788741842239,22.0,2693.67,0.116,0.0,0.884,0.6807724957555178
0x0a66c80be307b79399a503f8e1c9d2c81981f2a4,True,2000,1046,537,509,51.3,44881.92,12,1760425386292,1788503655943,325.0,4716.17,0.105,70391.467654,0.895,0.6807088285229203
0x14ac420cd96df3721bc916e9e411f967ee8efc71,True,2000,1051,647,404,61.6,14044.84,1,1787392805832,1788750074755,15.7,183.71,0.013,9324.457957,0.987,0.6805814940577251
0x143c79e85d0665a2c76f1009632bf25c636895fa,True,2000,772,442,330,57.3,52937.04,23,1768783361554,1788419903394,227.3,4125.16,0.078,20698.045955,0.922,0.6804753820033956
0x016538557baa990c3e821a103f00a8ace5343da0,True,1315,618,599,19,96.9,15651.84,3,1778941908983,1781580354060,30.5,1391.56,0.089,0.0,0.911,0.6800933786078098
0x0ac359e1285b056d563301ddb9f84d1dd732b1c1,True,1009,653,529,124,81.0,28220.33,13,1779304875247,1787762528859,97.9,3465.03,0.123,0.0,0.877,0.6796477079796266
0x0086e87eadb32c8798b6d7cdad64a6427a549ece,True,2000,977,435,542,44.5,91093.06,11,1768954678885,1788219285228,223.0,8104.87,0.089,138850.421331,0.911,0.6795203735144313
0x0e1cdcd958d002d98528c973f1397b7784abce6d,True,2000,912,424,488,46.5,111711.19,2,1785246042405,1787664790524,28.0,10190.85,0.091,395916.145132,0.909,0.6792869269949067
0x12f787d5833b8b65f9637a5d4bbb163b7db531e1,True,2000,1338,1109,229,82.9,10836.72,31,1766146114305,1780012800066,160.5,1745.39,0.161,0.0,0.839,0.6790959252971138
0x0af8d9f190b5bb67a01bf6372db1eaf8020a8d57,True,2000,1014,814,200,80.3,7229.07,10,1786222983053,1788739531792,29.1,110.97,0.015,2110.073546,0.985,0.6789473684210526
0x15b989222088b5a00d1283e8c2bbbe9cc7bd4b30,True,2000,734,487,247,66.3,64740.94,14,1773608574371,1788716468607,174.9,11645.4,0.18,70214.810641,0.8200000000000001,0.678883701188455
0x18291605dc6423da2b5eeb09a44c7c3be4ef56fc,True,2000,947,510,437,53.9,106963.03,8,1782402573253,1788745842571,73.4,21495.93,0.201,0.0,0.7989999999999999,0.6752122241086587
0x0c08ddee2af9ca6c1f89669d48f35648e196e36f,True,1424,721,610,111,84.6,35165.94,4,1762571444602,1780539310637,208.0,-7943.97,0.226,0.0,0.774,0.6734083191850595
0x05a1e2dfb83ceabb2778fc755df9856ef2a3f40f,True,1556,888,488,400,55.0,81620.76,12,1749802903326,1779321600086,341.7,-12500.47,0.153,0.0,0.847,0.6730475382003396
0x139791013f6dcc26f4052e6a7b8ed50099e7d15b,True,2000,899,628,271,69.9,46313.69,52,1757432974052,1788716591924,362.1,11289.94,0.244,0.0,0.756,0.6726230899830221
0x1a136792a33067b755cdef03ce77e5cdb702a5ae,True,2000,923,488,435,52.9,39127.14,7,1775369473488,1788743828924,154.8,2284.41,0.058,0.0,0.942,0.6721986417657047
0x13d92e015d4a8a99ab8490fef42fe83e754116e1,True,2000,833,475,358,57.0,123831.0,13,1782174399754,1788739200041,76.0,24859.04,0.201,394743.626359,0.7989999999999999,0.6718378607809847
0x0daa121202238a2dc5aaafda7d8c23673bcb9b23,True,2000,1379,1138,241,82.5,15681.19,14,1787660105602,1788745100389,12.6,4644.38,0.296,0.0,0.704,0.6718378607809847
0x0eb9d545dd460927dda272e0dfe7c7bfe646e337,True,2000,1056,684,372,64.8,25723.83,16,1752506508088,1779172567173,308.6,4052.75,0.158,0.0,0.842,0.6717105263157894
0x0aa0c3ac0151c42537fdb3cb6a2f37b9251a6c6c,True,2000,1054,579,475,54.9,33018.61,52,1779411557985,1788664611543,107.1,3921.0,0.119,15667.238487,0.881,0.6710738539898132
0x07427c476501e03b1802541625cefd1df24484d2,True,2000,1236,580,656,46.9,138155.75,5,1783974793208,1788343137621,50.6,40164.82,0.291,0.0,0.7090000000000001,0.6704159592529711
0x1bef52722c1e75408c2fe893a81b54847a82c968,True,2000,1221,809,412,66.3,27287.42,7,1755420010047,1779725975646,281.3,-6710.02,0.246,0.0,0.754,0.669779286926995
0x137cac6b0c20e905bf476ee2fc7987d82abc874c,True,2000,1290,822,468,63.7,20645.47,1,1781849041192,1788748308758,79.9,3280.9,0.159,20235.35,0.841,0.6696731748726656
0x000a3e111b04a7b3ebcd59b8554b224336057a28,True,1966,776,411,365,53.0,58633.69,29,1750754408304,1788705645888,439.3,4018.79,0.069,127415.117106,0.931,0.6694609507640068
0x15b00c5f27298e0503c2aad79024f535c90a27b0,True,2000,929,875,54,94.2,18497.61,53,1758307825103,1788717489083,352.0,-4529.39,0.245,3877.205134,0.755,0.6679966044142615
0x0132157369b0d073dd99011da1777920a025fd77,True,2000,1091,675,416,61.9,15717.99,2,1783384342512,1788724809881,61.8,1255.18,0.08,3633.64936,0.92,0.6676358234295415
0x0fd16b0369607781dc73f65c701d9e3b56619985,True,1609,964,703,261,72.9,32747.93,3,1774543229068,1787276433349,147.4,8767.52,0.268,0.0,0.732,0.6664261460101868
0x17ed1f65076d80fdb025c13f0458d8047814567d,True,1646,923,569,354,61.6,33127.81,9,1781075191196,1782864000063,20.7,4174.57,0.126,0.0,0.874,0.6638582342954159
0x0e4ed8863e8fc846d75cd839eca2c6013c7d7a1c,True,2000,1014,567,447,55.9,44230.43,11,1786112315036,1788749329912,30.5,7678.53,0.174,0.0,0.8260000000000001,0.6634974533106961
0x07709a54447c4d99441d56630be3dafb26325a16,True,2000,902,754,148,83.6,11737.3,27,1785054968343,1788743747057,42.7,1048.52,0.089,113.807181,0.911,0.6626910016977928
0x19a82c6b97039feff0a18ef5fb7c5013a7188235,True,2000,1045,857,188,82.0,11809.29,5,1786593602840,1788739280031,24.8,-1846.81,0.156,0.0,0.844,0.6623938879456707
0x0e8b0cdf27b9dd2ddec656ed31bb086b8aed495c,True,2000,1039,772,267,74.3,26690.54,38,1746280931107,1788747174976,491.5,8235.11,0.309,19598.362836,0.6910000000000001,0.6623302207130729
0x07aa5fbcf73fe9ce5ee42508be7185eeca77e134,True,1436,421,295,126,70.1,36070.19,9,1787582145509,1788739136252,13.4,-3567.7,0.099,71017.55008,0.901,0.6622665534804754
0x05bef810a1b3f4cefc96709d9a38847691ec359f,True,2000,941,710,231,75.5,12317.37,16,1787796936869,1788704418564,10.5,-883.55,0.072,26046.192923,0.928,0.6616723259762309
0x1634058e035ebbf97e9828f656c4d4fdc17eb532,True,1054,323,321,2,99.4,18912.35,8,1781511497632,1788450714611,80.3,2314.72,0.122,17761.652291,0.878,0.6612903225806452
0x129f8031ada05d2ae924ee813bde2f71cf198c75,True,2000,1018,930,88,91.4,5352.57,99,1783014881474,1786950305874,45.5,345.0,0.064,0.0,0.9359999999999999,0.6612691001697792
0x16f037a3ddf53da1b047a926e1833219f0a8e1fc,True,2000,880,704,176,80.0,24520.24,18,1780468391396,1788463204480,92.5,4762.39,0.194,0.0,0.806,0.6607173174872666
0x110c573350ca90da286d01d38136347fa3102cdc,True,2000,1022,912,110,89.2,10589.69,4,1774544947732,1776757914461,25.6,-1823.94,0.172,0.0,0.8280000000000001,0.6604202037351443
0x119786ced616674304d8c559245b1c89d5ee0c36,True,2000,981,766,215,78.1,7312.63,5,1773521082527,1774675556644,13.4,-306.27,0.042,0.0,0.958,0.6594227504244482
0x009fdc047e8771b8be1371fc277468a9547220f8,True,2000,837,635,202,75.9,34176.82,32,1774532726971,1788715179742,164.1,-7889.68,0.231,16102.677459,0.769,0.659295415959253
0x0a62f339879509fa699694f65f4ae94274104760,True,2000,984,490,494,49.8,55880.1,22,1766455284396,1778760163761,142.4,7485.64,0.134,0.0,0.866,0.6571943972835314
0x037919a275ddc336d024fa489c462d19c949838e,True,767,408,272,136,66.7,108350.05,7,1776177154548,1787241324108,128.1,26557.61,0.245,0.0,0.755,0.6571519524617997
0x07f904ad13823251963ecac96146ce51714f9d3c,True,2000,836,575,261,68.8,26019.94,18,1778943437974,1788590495390,111.7,-2836.21,0.109,0.0,0.891,0.6570033955857386
0x118c6cb819f6a585885241d582f992840fd73de5,True,2000,790,350,440,44.3,111335.45,19,1780667993856,1788569576256,91.5,-8112.6,0.073,92891.156801,0.927,0.6557300509337861
0x126de89b1cb7751cbd0f2ad9f3cca86e48e70b00,True,132,89,74,15,83.1,29431.5,7,1754335154853,1785302756623,358.4,2850.91,0.097,0.0,0.903,0.655560271646859
0x10d944a35f99c141b9121ec3693000531825bef8,True,1197,464,364,100,78.4,29172.15,8,1784727072023,1788701200834,46.0,3870.6,0.133,70804.878198,0.867,0.6551782682512733
0x16b35d2a83d90cf8de9d36911582b13c86772264,True,423,263,206,57,78.3,81172.77,6,1741100720287,1787270400024,534.4,26976.92,0.332,0.0,0.6679999999999999,0.6549660441426147
0x043f9320f5f898e9d5928fda2da313dc48ef3f10,True,849,316,281,35,88.9,20661.09,3,1763175967701,1788414012769,292.1,2333.3,0.113,0.0,0.887,0.6529711375212225
0x1c1083dd783fd00cfb6be64a6af65cb6198775b9,True,2000,1038,615,423,59.2,29812.83,16,1769445221784,1788666375043,222.5,5151.79,0.173,9533.707549,0.827,0.6526103565365026
0x18f090069e92dcd9f1d23189b7bab2a561e9627c,True,722,324,288,36,88.9,23222.55,7,1787711020312,1788703288073,11.5,3129.93,0.135,48770.577797,0.865,0.6496179966044143
0x053c2371d8fd75bd47412225e669569996211546,True,728,302,241,61,79.8,31970.66,21,1740477724145,1779187695624,448.0,4750.5,0.149,0.0,0.851,0.6493845500848897
0x02f21cb1ca956071be6d17171453c86c6a304adc,True,2000,1078,504,574,46.8,36257.27,11,1779229218490,1788449652132,106.7,3617.45,0.1,0.0,0.9,0.6487266553480475
0x09f2b610f85a5fea4d35b42cccdc52f1f71d6bc7,True,2000,455,416,39,91.4,11985.94,6,1770002508929,1788685397422,216.2,784.87,0.065,49780.19182,0.935,0.6481112054329372
0x12e805d4b097cfbdbeeed6fe22ce2611a8a21b4b,True,2000,1044,540,504,51.7,43164.86,2,1780859247968,1788506139879,88.5,7499.0,0.174,41130.187079,0.8260000000000001,0.6457130730050934
0x09981af1fb72330bc1789f5e3d5b535777acc8e1,True,2000,1174,670,504,57.1,33232.56,16,1787362791106,1788339626529,11.3,-8670.15,0.261,79267.64007,0.739,0.6456706281833617
0x14cc0efbb8e7d2719e4e1b212f1cf48d07dfe8d4,True,763,348,333,15,95.7,10483.12,3,1783701426014,1787377078712,42.5,495.84,0.047,0.0,0.953,0.6455645161290322
0x11af3ab88df700491cf86e9094a00e15f064f414,True,315,111,100,11,90.1,24645.62,13,1747140378144,1788110150785,474.2,3094.86,0.126,0.0,0.874,0.644100169779287
0x0c892a6f1d09eb80f65f67ecf6c0d0f1b344f2df,True,2000,1248,881,367,70.6,19212.22,17,1763946380757,1788232269896,281.1,6356.54,0.331,6969.0,0.669,0.6437818336162988
0x0e56200f0e9802b007f6daad4c0f8adde18b7928,True,1836,837,660,177,78.9,32629.61,28,1706495943831,1788333937380,947.2,10946.29,0.335,0.0,0.665,0.6435483870967743
0x0d1334c633c32ea203abe54c8208d4d9fb5bcba2,True,285,129,84,45,65.1,82326.94,5,1759405959330,1787153254538,321.1,13157.9,0.16,0.0,0.84,0.6430178268251273
0x1b2055564258b3f2dd3bb9ca08ce519c5ff34a88,True,2000,959,514,445,53.6,19584.1,16,1755850759415,1780717551473,287.8,275.37,0.014,0.0,0.986,0.6422962648556877
0x0b7782708a176993ea6c5bac7e373764b8dec353,True,1338,716,575,141,80.3,32099.71,5,1781270690787,1784152951249,33.4,9288.72,0.289,0.0,0.7110000000000001,0.6417869269949066
0x12c5c684dce69f9cb0dbdb5e0b0e38865e2d655d,True,2000,361,322,39,89.2,26360.35,30,1780538517636,1788753640235,95.1,4914.77,0.186,14852.505811,0.8140000000000001,0.6417444821731748
0x0000000000003e6b8283d286abdbf9a6efa129d0,True,640,311,311,0,100.0,10383.14,1,1779642531858,1780535660567,10.3,710.13,0.068,0.0,0.9319999999999999,0.6397283531409168
0x010cd99435d1b5fed3001435bb37b98195efc339,True,1803,1100,550,550,50.0,49819.69,19,1760057952210,1786948462182,311.2,11228.1,0.225,0.0,0.775,0.6392826825127335
0x18ad221ee463e53ceea39979ed986401adb659c0,True,370,154,108,46,70.1,45896.23,10,1770104920074,1788613175489,214.2,6620.79,0.144,25952.313145,0.856,0.6378183361629882
0x160398a0b95383a9155081b16f9e32e18861408b,True,2000,1104,763,341,69.1,49019.56,8,1775953784369,1778529938183,29.8,113959.51,2.325,0.0,0.0,0.6375848896434635
0x03daf96a07a393c8c8de1e86d932ab00bbd4c563,True,2000,957,898,59,93.8,13243.93,2,1780152795493,1787852416152,89.1,-3732.12,0.282,0.0,0.718,0.6375848896434635
0x06b786a0d3dbc3e9f71e42a365800361f8006980,True,2000,1498,938,560,62.6,11229.36,37,1785116345198,1788556527351,39.8,1320.69,0.118,0.0,0.882,0.6370331069609508
0x0c44368084d0df3ebe4d2e9d353985ebd5ef1c4b,True,912,517,325,192,62.9,37577.92,8,1781116239198,1781917470043,9.3,4552.59,0.121,0.0,0.879,0.6356748726655348
0x0c3ec06f6f254e40e307630c78fff5c8bc707678,True,2000,842,452,390,53.7,30226.03,22,1778189453817,1787606805043,109.0,1806.82,0.06,0.0,0.94,0.634804753820034
0x1112e47bc822f800119e54e211bf1533ca847b66,True,2000,831,466,365,56.1,27682.03,11,1784992187133,1788749321757,43.5,1713.83,0.062,47394.090141,0.938,0.6343378607809846
0x0407a33dbe0ba93bf4f6bd22e7ea4fd8b8a1f586,True,2000,924,452,472,48.9,36069.8,41,1773035360919,1788566400005,179.8,2678.19,0.074,0.0,0.926,0.6341468590831919
0x118e6eb5522e08fa231200aaeb4655a0b3da0e8b,True,2000,940,512,428,54.5,41405.95,9,1785757325019,1788419053703,30.8,6927.43,0.167,0.0,0.833,0.6319821731748727
0x0fd33b62f3610e3b050590dff48ceff03e86ae3c,True,2000,1029,495,534,48.1,37508.23,93,1732648302486,1788505521444,646.5,4942.23,0.132,0.116818,0.868,0.6305390492359934
0x0d7ac07ded6ee0a571ac3e3fc05649104e5e81aa,True,2000,1384,562,822,40.6,41748.02,42,1739828948406,1788310644580,561.1,-5991.81,0.144,11376.623351,0.856,0.6304753820033957
0x06d93e3cea263db81b82e1ea4fec9a520ad9f8fa,True,2000,1031,665,366,64.5,13334.8,26,1752119539472,1776643200062,283.8,1611.91,0.121,0.0,0.879,0.6300933786078099
0x1ac0e999eaee30457e483fbf2e375609488cf5b8,True,2000,908,476,432,52.4,65717.97,5,1785412064381,1788287322049,33.3,14120.54,0.215,50954.08693,0.785,0.6296477079796265
0x13297d733450e30c4978ab3d32d3a0d5432b661e,True,2000,1053,630,423,59.8,15381.67,47,1761917838855,1788529021784,308.0,1887.12,0.123,0.0,0.877,0.6294142614601019
0x0b67857d828ee0bff6c9430edfe2aec9e764a740,True,2000,1341,683,658,50.9,18953.1,19,1773074430976,1777678884502,53.3,1901.42,0.1,0.0,0.9,0.6290959252971138
0x0c81c89f14f19e4963a0b468f4f0038a67a01585,True,2000,841,452,389,53.7,110767.42,11,1754950610086,1788629952470,389.8,32575.56,0.294,171245.126972,0.706,0.6284168081494058
0x17bc45a8b60194cb70fc46ec2a7232a9cbe553f6,True,2000,1084,938,146,86.5,9941.95,17,1782374581017,1788714497723,73.4,-2876.73,0.289,0.0,0.7110000000000001,0.6269100169779287
0x0a391e4fbc2098dc4aab762880e510049dd66312,True,2000,767,570,197,74.3,10718.61,10,1784312064094,1786020719869,19.8,546.45,0.051,0.0,0.949,0.6268887945670628
0x0658a0290433db7a33d90dacc536630493c2fe93,True,2000,1031,593,438,57.5,11001.61,41,1770217927696,1788630613823,213.1,491.4,0.045,3175.873637,0.955,0.6268039049235994
0x015ceb12e7ad292d56e8f264277c0ef07675ce81,True,2000,1312,624,688,47.6,56377.19,7,1760037943313,1779061655137,220.2,-18377.89,0.326,0.0,0.6739999999999999,0.6266341256366723
0x0333216842c94ae06787a84e43d2e816fbaa3ad1,True,2000,532,525,7,98.7,7863.06,25,1754642744107,1788659904432,393.7,588.85,0.075,2752.485193,0.925,0.6266129032258064
0x078cc4caa131eb9d6d3e31847946d5f37fd3f58b,True,2000,914,625,289,68.4,20596.35,36,1783603250541,1788721489293,59.2,3496.05,0.17,16227.179411,0.83,0.6259762308998302
0x163543d3e3c7ec7f3d4ada91647f53b8a2987531,True,1512,647,554,93,85.6,10389.56,8,1774638287753,1788732174567,163.1,830.4,0.08,39883.577847,0.92,0.6257640067911715
0x0c657a1ed8c4c7c2083741059fc3cd27dc316ab9,True,2000,687,687,0,100.0,5983.68,1,1773158302106,1778791279128,65.2,411.13,0.069,1e-06,0.931,0.6245543293718167
0x0af66f3571761d7196b713ff881609d7e7456fe1,True,2000,1079,585,494,54.2,25755.03,31,1763827685902,1788394276993,284.3,4203.45,0.163,19803.674597,0.837,0.6239388794567062
0x194a3c3dea1c9e90f164109fecc649767dc99870,True,2000,800,358,442,44.8,141932.27,32,1738793992282,1788628911291,576.8,22418.36,0.158,90459.226373,0.842,0.6230687606112054
0x0a3d11984cfc7ff5192b18528afe87c448af5de0,True,2000,1070,618,452,57.8,12957.39,13,1787695797713,1788747734302,12.2,-1211.75,0.094,5937.636873,0.906,0.6228989813242785
0x00ae3db5418f6eac5305e72ecc853838e9ed3837,True,2000,923,669,254,72.5,19449.14,38,1736467643229,1788515993881,602.4,4210.11,0.216,2452.38494,0.784,0.6228565365025467
0x0d62a6d145c915ded29d67e93c5af712f9cb2047,True,2000,1017,816,201,80.2,10219.7,17,1771604735434,1788545082144,196.1,1999.82,0.196,0.0,0.804,0.6224533106960951
0x033465f1a262b563e5fc2e4366e7e2ced480753e,True,1827,800,456,344,57.0,26935.87,34,1778063386119,1788735407484,123.5,2164.37,0.08,26105.169188,0.92,0.622453310696095
0x1c159c89044bafb76fb98e30ef29043812a9a939,True,1046,604,267,337,44.2,89531.06,10,1733171894774,1788697578544,642.7,7492.86,0.084,3878.905804,0.916,0.6220500848896435
0x1255527962f97b0251930153215d9e8af3503c3e,True,2000,888,810,78,91.2,10415.88,5,1777929005769,1788722466316,124.9,1910.81,0.183,37946.362809,0.817,0.6215195246179966
0x13101cf7e91074cce26ae5c90de1744569cb7f1f,True,2000,1000,878,122,87.8,15919.98,26,1783788392613,1788731683951,57.2,7892.62,0.496,2218.151615,0.504,0.6210314091680815
0x0d0f2c585f205200f5f91f47359c613a4bd99008,True,2000,1048,503,545,48.0,35881.93,27,1760564135369,1788288898287,320.9,5645.18,0.157,0.0,0.843,0.6209889643463498
0x0a28e5451456279f485c37e0765b542a93ce1646,True,2000,925,563,362,60.9,55687.19,2,1779523545010,1788525548026,104.2,25237.84,0.453,16983.933927,0.5469999999999999,0.6209677419354839
0x14d34e5278bc8b30c5b4c3ce7d995850d8305143,True,1400,399,229,170,57.4,91584.55,8,1740155806855,1784000934823,507.5,19592.71,0.214,3061.891655,0.786,0.6205008488964346
0x13ffeef24465d01a830454553ea62853aca9a7e2,True,838,399,328,71,82.2,24644.37,6,1707400294769,1780768890896,849.2,4762.6,0.193,0.0,0.8069999999999999,0.6191426146010187
0x09f37fc3c3d8b6b789e6840c26faa7dd66baf76d,True,2000,899,561,338,62.4,26795.45,13,1775621815761,1788716091469,151.6,4667.11,0.174,16257.109926,0.8260000000000001,0.6185483870967742
0x00f731bcd3a8d541a040a7586ff3d03dea48e31f,True,2000,632,403,229,63.8,29791.77,45,1740552633834,1788697636602,557.2,4026.48,0.135,6001.672539,0.865,0.6176146010186757
0x04850cbec02007711892cdb4bd09c800f95d6fc1,True,2000,1009,979,30,97.0,6972.51,5,1787820710734,1788714009191,10.3,-1563.21,0.224,33238.154862,0.776,0.6171689303904924
0x14430464ef80c094ab09b78c89646c2ffb5d7c73,True,688,237,213,24,89.9,13681.44,4,1769987384231,1787462270286,202.3,1452.35,0.106,36017.146294,0.894,0.6170840407470289
0x12651d08f86bdac553a60c8ec096b82bfcee5677,True,2000,942,566,376,60.1,28641.29,29,1767659128455,1779580800038,138.0,5744.83,0.201,0.0,0.7989999999999999,0.6165110356536503
0x16224283be3f7c0245d9d259ea82ead7fcb8343d,True,2000,1030,851,179,82.6,14113.46,40,1777064915094,1788633109805,133.9,-6022.56,0.427,25381.416507,0.573,0.6153862478777589
0x0320e2787d5c62a4a81f219dfb3c5abdf6265362,True,2000,1539,799,740,51.9,27168.33,5,1773397025475,1788274065695,172.2,5909.49,0.218,0.0,0.782,0.6150466893039049
0x1b271db54ae4c15de36956c7335d6ecc736f38c8,True,1773,749,447,302,59.7,43965.52,25,1708951629787,1781703084588,842.0,-9347.53,0.213,0.0,0.787,0.6150466893039048
0x1bcfdca8f869359b4851169f685d791f8a4200cc,True,1429,727,434,293,59.7,68340.07,16,1773186451433,1788739855414,180.0,23250.41,0.34,31144.440014,0.6599999999999999,0.6149830220713073
0x0bb5bf73e7eb347b265f23a61228dfe330cfc797,True,2000,933,639,294,68.5,28474.5,52,1761746609925,1788502812614,309.7,-9574.8,0.336,18990.966898,0.6639999999999999,0.6149617996604415
0x035ac045ab35ceb520af9f794077644e041b5cbc,True,409,197,179,18,90.9,20712.92,8,1748451937291,1788289336398,461.1,3786.34,0.183,5531.760155,0.817,0.6148769100169779
0x02ea7af4762ad00870f07799e4adb3ba3d953660,True,2000,1040,547,493,52.6,18972.44,14,1777326077658,1778466686879,13.2,1999.56,0.105,0.0,0.895,0.6145585738539898
0x10cdc437cf87a47a30378795ebabd19e7a0296ec,True,1269,651,370,281,56.8,59428.7,36,1693765265825,1788458666373,1096.0,12606.72,0.212,0.0,0.788,0.6142826825127334
0x099500598f7b16cadc124775bdd36db354ede1b7,True,2000,974,778,196,79.9,6292.95,94,1769885246095,1787368649760,202.4,672.97,0.107,2862.599451,0.893,0.6125848896434636
0x1605b14b64e816d4348b8973fb5e67ea39331143,True,2000,1056,584,472,55.3,42739.11,38,1745359238203,1782197848094,426.4,17779.76,0.416,0.0,0.5840000000000001,0.6123726655348046
0x0f420fcc13b621bd7c872bb569fa45506550569a,True,710,252,170,82,67.5,34551.9,16,1750384222547,1787631405221,431.1,5164.53,0.149,0.0,0.851,0.6121392190152801
0x11bb0c05b37c22a0f92075c16ff9a393200b4a94,True,2000,1156,867,289,75.0,6812.24,20,1776620918753,1779386556019,32.0,-1109.37,0.163,0.0,0.837,0.610993208828523
0x03a142575e2bfaed0d81c49c8edb380d86cca6b3,True,2000,622,480,142,77.2,78041.77,11,1773652379709,1782195252292,98.9,104027.69,1.333,387304.787165,0.0,0.6099108658743633
0x0a07eb223ff53b8597b18148ab3dd823f9364d6c,True,2000,1446,723,723,50.0,28663.87,3,1776175216592,1777541474078,15.8,-6246.49,0.218,0.002129,0.782,0.6092317487266553
0x08aba4a72d866c1fc1dda72508e0cd47388304ac,True,2000,921,508,413,55.2,53792.3,20,1733593429798,1788307357428,633.3,-17795.76,0.331,0.0,0.669,0.6087648556876061
0x1406dbb02bd31dba4247f51414c065c754d982d8,True,2000,815,494,321,60.6,40519.34,12,1764810879740,1788740278935,277.0,10235.48,0.253,54567.635661,0.747,0.6076612903225806
0x136c473f6d88c1ec17c2ed6b6cb273983e028458,True,341,226,113,113,50.0,108339.43,2,1776760783673,1785196800026,97.6,13396.6,0.124,0.0,0.876,0.6076188455008489
0x07c187d8699fbd9920d3cc9df3e7d557015c5d05,True,2000,878,541,337,61.6,17189.28,17,1786312751344,1788744220010,28.1,1876.52,0.109,6701.573372,0.891,0.6058786078098473
0x04171c2692e2ee2d80d3d79a07763fcb1b6f9237,True,2000,1038,522,516,50.3,29174.76,12,1779627130171,1788530642416,103.0,4733.99,0.162,0.0,0.838,0.6057724957555178
0x13d032655aca891fad353e19424d2a087eccfa8a,True,2000,1170,575,595,49.1,59889.5,5,1756109700854,1788750082841,377.8,31362.78,0.524,1660.543821,0.476,0.6051358234295416
0x0c4bd02b686eecf477942a3971074d2bc54f57dd,True,838,428,237,191,55.4,52018.2,8,1762292969184,1787755929649,294.7,7730.3,0.149,0.0,0.851,0.6050509337860781
0x18842d30863c114e4c6986db4e42fd910d68e034,True,2000,916,665,251,72.6,17669.42,21,1787497447304,1788758099525,14.6,4294.96,0.243,57576.505451,0.757,0.6049235993208828
0x1288e2a88c6dc5b3862d03f90c188d0e478bcebc,True,2000,1135,755,380,66.5,18023.53,51,1746092369825,1780559177173,398.9,7186.02,0.399,0.100438,0.601,0.6046052631578948
0x143aa64476be34296d58412ec75e7ea46ac0b0d7,True,1074,525,367,158,69.9,20829.14,23,1722250354686,1788199915749,763.3,2766.19,0.133,798.013195,0.867,0.6035653650254669
0x1093017072fc2c411ad14c80fc0de07c6d51f71c,True,2000,989,608,381,61.5,16602.64,5,1778124350016,1788746161196,122.9,-2770.75,0.167,6575.221683,0.833,0.6035016977928692
0x1b1996300dc7d3fabc039a55963fc886c3d3c9df,True,2000,831,467,364,56.2,79976.78,8,1785420918531,1788759302504,38.6,32654.22,0.408,37402.5,0.5920000000000001,0.6032470288624787
0x015e8b3f553b666c556a4ac7830615c1ad5e9633,True,2000,711,702,9,98.7,3606.53,4,1779149010558,1784045501109,56.7,129.69,0.036,0.0,0.964,0.6024830220713073
0x02240f24b649b0d2bfa86425a93961d5c2bdd430,True,2000,1036,595,441,57.4,8034.64,9,1787375852294,1788509110849,13.1,361.65,0.045,5049.6061,0.955,0.6020161290322581
0x0b126048f6b44681e31bb05407c13f9fbaeb0bf5,True,2000,1016,501,515,49.3,21442.12,24,1740929813565,1783443258794,492.1,2145.62,0.1,0.0,0.9,0.600848896434635
0x05245ef7f5e5fa2db758ab31292ce73487043971,True,1442,721,396,325,54.9,73365.85,26,1713499836062,1780047591738,770.2,-21538.86,0.294,0.0,0.706,0.6008064516129031
0x00f8e1501fc14d78e1a562170898739884ed3833,True,2000,1100,462,638,42.0,24651.47,10,1766977798878,1778765639115,136.4,-2311.23,0.094,0.0,0.906,0.600339558573854
0x1ada5468d57c7f7e0472ef1414f9b48003578f2e,True,435,217,191,26,88.0,30910.82,2,1774792535433,1787529322497,147.4,11293.05,0.365,0.0,0.635,0.5999787775891341
0x1c1855cc6a583948c5e6448eb71ba22062335eb8,True,2000,802,658,144,82.0,6479.63,47,1785236694372,1788747634810,40.6,-483.33,0.075,5240.590104,0.925,0.5978353140916809
0x0e2f0cdda511a011d8807e229e3b37505b8fd646,True,281,146,125,21,85.6,23443.69,6,1760378064883,1784587267974,280.2,4970.81,0.212,0.0,0.788,0.5976867572156197
0x143d7d57e6c436326c2e8fbfff4e38a1d53f77bc,True,560,329,283,46,86.0,8957.26,6,1782679824457,1788445037981,66.7,625.96,0.07,23953.407716,0.9299999999999999,0.5973471986417658
0x196556b34668a7de8e30fd9d1fedc28522b717f9,True,2000,647,304,343,47.0,48605.45,13,1786386694110,1788680589133,26.5,4531.8,0.093,33438.198729,0.907,0.5972623089983022
0x15cafd0772f6297bf2ada8f67c35e2caa4137909,True,2000,889,563,326,63.3,60523.73,6,1754903060542,1781610341099,309.1,57688.58,0.953,0.0,0.04700000000000004,0.596795415959253
0x08308980d983529df38852231329617fff368939,True,2000,907,573,334,63.2,26500.9,12,1780772799769,1788697581372,91.7,-6917.54,0.261,22909.664172,0.739,0.5960101867572156
0x05b5a0ae689c17cad8155932782a5c29426abe75,True,2000,784,499,285,63.6,62208.55,7,1777253492000,1788660681898,132.0,41557.99,0.668,65792.535025,0.33199999999999996,0.594588285229202
0x00620ada30d98ffcf8e3c91e65283127d11c64ce,True,2000,984,707,277,71.8,10430.03,21,1787328076566,1788735873954,16.3,-1922.74,0.184,41746.014077,0.8160000000000001,0.5942911714770798
0x14a6801162827d6bbecd0757a274f2c36a3ab3f6,True,55,31,31,0,100.0,22375.26,2,1770002763207,1787310255260,200.3,6662.89,0.298,0.0,0.702,0.5942275042444822
0x00d8e7e5263e830e8da3638cd7f7b1d130753bb8,True,2000,1228,836,392,68.1,10717.01,13,1782398017906,1788551558771,71.2,-3041.47,0.284,4365.076848,0.716,0.5940577249575552
0x0086568e6df2394918ede990d0992828b41d1c74,True,332,149,130,19,87.2,18261.65,12,1774236387640,1782473849124,95.3,3386.26,0.185,0.0,0.815,0.5938879456706282
0x062466797cc8e639ed926b82c868d9216e0f7fc7,True,2000,910,556,354,61.1,19001.45,31,1746837962896,1785396174331,446.3,3141.07,0.165,0.0,0.835,0.5931663837011885
0x18fbbad253216cc47728ab5a5a2665618159ae88,True,2000,837,404,433,48.3,44550.89,9,1786559712067,1788630521750,24.0,6633.24,0.149,20092.066582,0.851,0.5931451612903226
0x073e57c22ee1c8ecc459530f05d2624a05120100,True,1153,615,371,244,60.3,43679.37,14,1768401401403,1788478597173,232.4,11255.78,0.258,28157.936475,0.742,0.5929753820033957
0x16f5059c54e07eab638e2d9434a25c46560d472a,True,2000,865,561,304,64.9,14144.27,29,1782757873509,1787270400024,52.2,-1788.27,0.126,0.0,0.874,0.592572156196944
0x09ef01d78b7c06e49faeced904d8a62bca451828,True,85,36,35,1,97.2,32287.36,4,1750642786309,1787226444299,423.4,14872.27,0.461,0.0,0.5389999999999999,0.5919779286926994
0x0eb37dad11f8fd2fde2a621c5c801292aeeeae43,True,1133,594,341,253,57.4,45150.13,27,1707524861356,1788679716197,939.3,9998.87,0.221,8397.966415,0.779,0.5914473684210526
0x1020e86585c30535aea3cf8b278712575a5b2326,True,2000,1090,432,658,39.6,30326.86,11,1781509190300,1788743430410,83.7,3868.87,0.128,0.0,0.872,0.5913412563667233
0x07e2e4a8751461f686fdd9ee176c7610777a1839,True,64,58,56,2,96.6,15928.25,2,1775569730570,1785411816596,113.9,2884.84,0.181,0.0,0.819,0.5911290322580646
0x0c35b71ff90254a3c918e72b2dac129e96daaed3,True,1121,407,206,201,50.6,55027.75,3,1774740674242,1776199470454,16.9,6906.21,0.126,0.0,0.874,0.5903650254668931
0x0d8bf40b3a87036371a27e280d53174f437c4443,True,2000,915,700,215,76.5,5463.29,22,1778052160007,1788457140763,120.4,421.3,0.077,0.0,0.923,0.5900042444821731
0x02fbbf39d1e3c142994b383af5ac3f2ad744cda9,True,2000,1966,1421,545,72.3,5542.41,4,1787579347059,1788690750485,12.9,939.35,0.169,644377.826382,0.831,0.5898344651952462
0x0af3036385dcb527984abae20f6675475707467e,True,2000,652,407,245,62.4,32875.06,12,1773878902784,1785504762273,134.6,7360.22,0.224,0.0,0.776,0.5886035653650256
0x075d49f4cf32cf630beb8687490c4dba88358af4,True,2000,991,488,503,49.2,21955.64,20,1785933164027,1788705925996,32.1,2579.85,0.118,0.0,0.882,0.5882852292020374
0x169ba96d963e77a87dbe58922ecdcdd0f0cf3315,True,812,440,170,270,38.6,73589.42,5,1783655535414,1788309575198,53.9,5238.32,0.071,0.0,0.929,0.5882427843803056
0x0423b4b2acb4f219ae4a270abd5dde2360e455bb,True,2000,903,470,433,52.0,40938.15,11,1787346741091,1788705596783,15.7,9187.3,0.224,164050.697737,0.776,0.5875424448217318
0x03699cfce776244976bc28c411c612bec56331c1,True,1072,446,255,191,57.2,30769.48,13,1775891140321,1787897725067,139.0,3697.2,0.12,0.0,0.88,0.5874151103565365
0x01f8002b2b96fe073d6cb981542a8332a5f17032,True,903,414,326,88,78.7,8663.13,7,1784617395998,1788253425850,42.1,-573.87,0.066,0.0,0.9339999999999999,0.5866935483870969
0x161619839ebbada5d3c279e1a79c50f7fc4274d6,True,531,277,188,89,67.9,22999.02,19,1737110276663,1787815255718,586.9,2986.38,0.13,0.0,0.87,0.5863327674023769
0x0359b52496955b2a214c470cb5c9d4998b4886eb,True,2000,932,467,465,50.1,18890.86,32,1778543817906,1788743250140,118.0,1437.69,0.076,0.0,0.924,0.5858446519524618
0x094f86cd831acbf0e97dceeaee51a5471a2d32d3,True,2000,976,524,452,53.7,33409.0,14,1773843409993,1788656989030,171.5,10023.23,0.3,29414.891607,0.7,0.5848684210526316
0x10c4f3f0260fcf457deabd2201ee1cdbc13e0f9f,True,887,428,333,95,77.8,17160.33,7,1740082290642,1788721974802,563.0,-3306.56,0.193,19575.905946,0.8069999999999999,0.5843803056027165
0x1900078e4552760a4a74c0cd3c559da3c399af5a,True,958,490,278,212,56.7,36402.4,20,1773362216343,1787877260521,168.0,5914.15,0.162,52831.32654,0.838,0.583637521222411
0x1008f4608947622e4a9d469932856797cebd6a85,True,2000,1396,939,457,67.3,2874.61,16,1779092544363,1788713673820,111.4,162.0,0.056,3856.720686,0.944,0.5835101867572157
0x05fa718fe39942e4a4772ae199e3f4a62b5b935e,True,807,472,280,192,59.3,27435.66,28,1770142829568,1787338509137,199.0,3471.66,0.127,1.158827,0.873,0.5832130730050934
0x16287a517499a467a349b70764a4ecae56d1d2c9,True,2000,1030,313,717,30.4,209010.16,8,1780288845962,1788621009785,96.4,87311.51,0.418,0.0,0.5820000000000001,0.5830857385398982
0x125dbe70459b36a4c71664dcc97224eafeb4aee0,True,46,35,32,3,91.4,22594.8,3,1753674676641,1779879238848,303.3,5981.06,0.265,0.0,0.735,0.582937181663837
0x0909ef874690452163a7b12474cf164730d591b1,True,694,363,240,123,66.1,30949.69,15,1769357535753,1779042758170,112.1,6237.78,0.202,56569.444334,0.798,0.582597623089983
0x03253d6409fb0288323b1daa153dd72e8e7af51d,True,2000,966,320,646,33.1,63340.77,18,1772464644610,1788551770407,186.2,11702.03,0.185,29365.951599,0.815,0.5806239388794567
0x0e52f0081fbd9033d296a8a53bb616d97a3ec657,True,2000,1095,392,703,35.8,39475.29,15,1787398829774,1788706942814,15.1,7369.96,0.187,132759.858062,0.813,0.579393039049236
0x0077137b6ab435f03d3d97f76ba7b4a18858fcdf,True,2000,602,602,0,100.0,5774.4,7,1770236789162,1788714737480,213.9,825.09,0.143,997.821315,0.857,0.5787351443123939
0x15e583153c08061996472eb9a554217a30325f03,True,205,105,105,0,100.0,11493.41,2,1776024812192,1787179445523,129.1,2009.64,0.175,0.0,0.825,0.5782894736842105
0x0752075607ff962ceac6802f11d89334076d9254,True,2000,975,531,444,54.5,13903.7,15,1762929243097,1787870237455,288.7,-1640.08,0.118,0.0,0.882,0.578204584040747
0x17c3f5c10ce212a4e86d9226588bb6ab6b961197,True,1784,882,549,333,62.2,18178.72,9,1786676883443,1788678801730,23.2,3489.86,0.192,59723.745072,0.808,0.578056027164686
0x0c349d9b92fbd172bbb5a17a9db0a673a6a10ad3,True,2000,1020,636,384,62.4,18818.73,9,1785246962770,1788281418947,35.1,6824.95,0.363,0.0,0.637,0.5776952461799661
0x132e5b5defdd6b549f99beaadb0758b046f0fccd,True,1092,650,286,364,44.0,41368.53,17,1765378073629,1787797941443,259.5,3417.2,0.083,0.0,0.917,0.5774193548387097
0x12570b7221020510c5746e240e1c08bf3749ee59,True,2000,893,791,102,88.6,7245.37,3,1777447111006,1778585074663,13.2,1600.89,0.221,0.085647,0.779,0.5771010186757216
0x067c14b41eacc18eea90099006f47dacf0a69746,True,2000,1120,478,642,42.7,31294.63,19,1769634403999,1788705137849,220.7,6756.22,0.216,18772.322102,0.784,0.5759550084889644
0x19fdb4dd796df330bbf39f73a1846d5a86574f15,True,688,273,246,27,90.1,13887.39,3,1772026512088,1774277023210,26.0,3125.35,0.225,0.0,0.775,0.573493208828523
0x1c5b30d09e0933572dd18e38342dbdd1401130d2,True,77,32,32,0,100.0,22379.76,2,1762293996536,1777134825995,171.8,9324.9,0.417,0.0,0.583,0.5732597623089983
0x15ec7abe5341c65afabd10280e487d391897c063,True,2000,862,820,42,95.1,1839.93,2,1784013005603,1788727799931,54.6,58.38,0.032,5944.095094,0.968,0.5713073005093379
0x1930856f1b0c6aa143f5649cbe3fb5e09b97a14a,True,2000,326,326,0,100.0,17616.43,1,1750602304542,1774732297687,279.3,9990.12,0.567,0.0,0.43300000000000005,0.5658106960950764
0x0272c2c6c3175aaeecaae271aa4a6fb322742a28,True,1607,843,473,370,56.1,29317.11,5,1776437883339,1788329219132,137.6,6837.4,0.233,0.0,0.767,0.5649830220713074
0x05ced186debc4c0f347c8fef67cac4d756b1c1fb,True,1572,744,554,190,74.5,14921.13,9,1781801832007,1788618329406,78.9,4038.1,0.271,0.0,0.729,0.5647495755517826
0x1b0d3acaf3c07fd3b42ee4d85f965da0984f277e,True,2000,1135,595,540,52.4,11662.43,7,1780578422706,1788714858834,94.2,1693.97,0.145,0.0,0.855,0.5643463497453312
0x0f529ec60f7103d2e278fbaa629cac1ca1cd01db,True,611,369,232,137,62.9,26258.09,9,1780251732720,1788666452606,97.4,4556.56,0.174,15435.621109,0.8260000000000001,0.5638157894736842
0x05cd524c8e00fdd47ce14c3cbb3d2067dba78e34,True,2000,709,452,257,63.8,44617.85,39,1761665612970,1788724492284,313.2,31080.04,0.697,60036.972679,0.30300000000000005,0.5637521222410866
0x174f56e50bb9784af05234bec7a0d063c1d9e732,True,221,136,112,24,82.4,12860.25,6,1780269715679,1788729535941,97.9,1915.51,0.149,15974.239707,0.851,0.5625424448217318
0x1a5e412bee9ba7481d13438a9608c13a779577ca,True,2000,804,558,246,69.4,6324.9,3,1770176322812,1785871934330,181.7,-417.91,0.066,0.000994,0.9339999999999999,0.562330220713073
0x0380b85690a73effcf9b2f267c34acd7ebbd13d5,True,1377,735,539,196,73.3,22650.77,14,1757057477343,1788510327702,364.0,9823.8,0.434,692.066968,0.5660000000000001,0.5622453310696095
0x145ab13c558d3eb56dad3921f8d6cb1935d28804,True,1232,638,280,358,43.9,89346.06,7,1775645828556,1788525477286,149.1,20054.35,0.224,61023.513837,0.776,0.5612266553480476
0x0f2048da92b8b1813d4168a366cf614e993f6b46,True,689,449,342,107,76.2,16851.81,7,1769976183222,1787151916426,198.8,4210.13,0.25,0.0,0.75,0.5606112054329371
0x07f19f68b2bddd632acfd4e6205ff490bfd04359,True,414,199,150,49,75.4,19927.33,13,1762044077166,1787315102912,292.5,4381.11,0.22,39838.309364,0.78,0.558955857385399
0x12f27896aa98c629b142d181587fcd72f5f7901b,True,491,197,138,59,70.1,13606.38,13,1781463555871,1788706847986,83.8,1374.7,0.101,13832.771489,0.899,0.5583191850594228
0x11e145d11145793fc99697612ab4e7cdcfe9c5fb,True,2000,910,688,222,75.6,16392.63,15,1776587195632,1780832251427,49.1,-9789.42,0.597,0.0,0.403,0.558276740237691
0x0c4695f6b8c3209cb3dfecf2010098065623e94d,True,518,248,135,113,54.4,42595.54,9,1752857173933,1787303545217,398.7,7157.56,0.168,0.0,0.832,0.5578310696095077
0x185aa3a7e5f09050f3a0eedb47b55cd72b223a89,True,2000,1194,631,563,52.8,9303.22,7,1777495336747,1780396445699,33.6,1216.58,0.131,0.0,0.869,0.5573005093378609
0x04985706cccf8119203bb8983dea5357e5299f88,True,1855,1211,509,702,42.0,37432.64,12,1777040353505,1781474513002,51.3,14723.42,0.393,0.0,0.607,0.5572368421052631
0x1a5ac4d790b1a163bf8b3552df15029e6fe1c4eb,True,2000,727,635,92,87.3,2640.38,10,1786978964786,1788746147477,20.5,127.55,0.048,91.760295,0.952,0.5568760611205433
0x12c445bdad9de607311e32a57eb381e2f5e98ef7,True,2000,872,676,196,77.5,16359.65,20,1771684429508,1788566242017,195.4,9551.76,0.584,0.0,0.41600000000000004,0.5558998302207131
0x1750dd77a381a6a1dc4ce88e26586c856f75f646,True,1006,464,230,234,49.6,225614.44,12,1763326403392,1781250758284,207.5,113178.1,0.502,0.0,0.498,0.5556239388794567
0x19b97b896c241fc39852b1bc0ede5364a5b011f7,True,2000,786,571,215,72.6,7710.45,60,1752795991929,1788755511443,416.2,970.02,0.126,0.0,0.874,0.5555602716468591
0x0a00c737a62dc3897a4996a3161d5c21589de027,True,730,309,223,86,72.2,17173.23,16,1733192440857,1788461937832,639.7,3236.46,0.188,20567.815559,0.812,0.5554541595925296
0x1b093c2e9a4a9827c2bae2c1b52c6c151f23c01b,True,2000,963,395,568,41.0,29648.29,19,1782917346034,1788712648876,67.1,-4455.41,0.15,26521.631661,0.85,0.5553268251273344
0x0e64cbca254788df4a8d29e3721d077d91d0d92a,True,2000,1094,442,652,40.4,15727.79,38,1761156077486,1788460277972,316.0,1649.43,0.105,10173.374991,0.895,0.5548387096774193
0x1643e9aba4fcfb4e8c1a887090239e34f488cad6,True,2000,1177,595,582,50.6,14689.22,6,1787750227282,1788756389671,11.6,-3097.28,0.211,791338.088282,0.789,0.5547538200339559
0x0e21ecedde58a8e077ef669a163044e70a62a3fb,True,2000,1270,781,489,61.5,23726.94,24,1785844800892,1788745580972,33.6,-44387.68,1.871,64832.363916,0.0,0.5546477079796265
0x1513e3eb9b21c3d6a0e74401bcca93d6ca3a2f20,True,2000,743,645,98,86.8,10479.0,7,1782174497640,1788753448908,76.1,3533.63,0.337,9594.549269,0.663,0.5533531409168081
0x02bcfc8de61232437ad46d6b0d274206d279fd94,True,512,230,134,96,58.3,34427.82,1,1780545507707,1783345921648,32.4,6672.6,0.194,0.0,0.806,0.5530984719864177
0x006e969b81979c1c7be46a04669f17e088da86cb,True,685,287,202,85,70.4,23025.78,14,1777883057956,1788288120657,120.4,5465.71,0.237,0.0,0.763,0.5530772495755518
0x041060d6b965bba169f37f546c33870ab7c1a92f,True,1696,642,480,162,74.8,9730.86,8,1772717891248,1774012703489,15.0,-1515.12,0.156,0.0,0.844,0.5526740237691002
0x098d4746a6df9d72826bee7d38e27eaefcad2c0f,True,2000,992,820,172,82.7,10274.13,12,1780422645050,1787292289532,79.5,-6757.72,0.658,0.0,0.34199999999999997,0.5525891341256366
0x00b3643af8135ad02b3028781f39b2bd70f5fe42,True,1265,419,374,45,89.3,10422.03,38,1733848130742,1787151963406,616.9,-2429.52,0.233,120.245964,0.767,0.5525679117147708
0x06171d1741e81aa82973a4ef4358963da72b129e,True,1572,870,580,290,66.7,19058.08,28,1747145942050,1788662938787,480.5,7444.42,0.391,0.0,0.609,0.5523344651952462
0x182f4fdc9baf1b378aa1504913cbb05d12ed1e2e,True,462,300,285,15,95.0,13602.71,3,1763731083343,1787097600012,270.4,-4923.0,0.362,0.0,0.638,0.5522283531409168
0x19c3dc3d0b90fbbd37fd369134c530f193c5007f,True,2000,936,448,488,47.9,21689.13,21,1782829747280,1788122824336,61.3,3074.14,0.142,0.0,0.858,0.5521859083191851
0x0c3de5d897de35dcf1e758a104f6de6ea7bb13a9,True,2000,957,628,329,65.6,5689.17,4,1787788601034,1788743230023,11.0,-588.04,0.103,982589.479981,0.897,0.5519736842105263
0x0eb8f692baba6c6f4a5e57c7e222758c95a9ce81,True,2000,702,250,452,35.6,194110.78,7,1763775904291,1788703686539,288.5,57086.22,0.294,155776.399265,0.706,0.5518463497453311
0x150e90bc93e1527b6d45df5b802d83d575b76126,True,295,145,103,42,71.0,13357.71,19,1699664694182,1787375480554,1015.2,1421.53,0.106,0.0,0.894,0.5516553480475382
0x00000000051cbce3fd04148cce2c0adc7c651829,True,2000,827,454,373,54.9,33934.21,22,1782094467892,1788573688968,75.0,11108.4,0.327,7474.0,0.673,0.5511672325976231
0x0e607b54811663f677aa36ccb03fb6fc06e100e9,True,2000,928,814,114,87.7,8065.45,17,1786499515172,1788740416955,25.9,-3554.16,0.441,36815.645001,0.5589999999999999,0.5508913412563667
0x11a691612bd108e57cc04ea42b006c9cb1ff006a,True,319,208,149,59,71.6,12929.69,11,1745893359234,1785316927056,456.3,1550.9,0.12,4168.660391,0.88,0.5508064516129032
0x07c479aeafbcdcfd587a324a0a4ff0a10c9efa3f,True,2000,1088,621,467,57.1,4569.02,4,1785103228426,1788694023477,41.6,306.5,0.067,12020.578394,0.933,0.5505305602716468
0x0dacc7756d3f9e72282fef33e961efc1afae5355,True,2000,973,381,592,39.2,45385.11,6,1760609600888,1783830200456,268.8,12346.93,0.272,0.0,0.728,0.5502334465195247
0x1c396d96491cd2a6ea4a5666800ddcb5f6505370,True,935,461,322,139,69.8,17733.42,13,1701589122500,1785801600008,974.7,3953.01,0.223,0.0,0.777,0.5501485568760611
0x026efa3792561d16b12de6df3db62c95a4682c80,True,2000,977,498,479,51.0,14407.57,58,1720840983327,1784188930673,733.2,1966.05,0.136,0.0,0.864,0.5495755517826826
0x1bc73b7556a79a3e6ee1a09044cb593b7663349b,True,2000,868,302,566,34.8,47133.0,20,1781166816493,1788526823172,85.2,7396.13,0.157,0.0,0.843,0.5495331069609508
0x0682f4ee106d167ca46ed015918e83f6f4e5b571,True,2000,1030,245,785,23.8,83160.09,4,1784648681054,1788548547509,45.1,34529.63,0.415,134063.81299,0.585,0.548832767402377
0x1a80cd8d3dd87e1043e4b955349d4f2df9bcca26,True,2000,989,491,498,49.6,13291.44,7,1787365881901,1788705300869,15.5,1509.1,0.114,10617.515584,0.886,0.5486629881154499
0x00cb97487391d0ac7819c77098dbfd75b1d76787,True,2000,1066,537,529,50.4,29397.4,38,1762865489836,1788655352013,298.5,13856.21,0.471,21916.317118,0.529,0.5483446519524617
0x0c6265f92cb7ed2cd52f54d1a404c90489a24a6a,True,2000,1533,1033,500,67.4,12410.15,29,1773922753082,1788711735015,171.2,-12261.11,0.988,0.225542,0.01200000000000001,0.5452674023769101
0x149f0f1c61de39654933c2c1ee276d9de0c80890,True,2000,739,363,376,49.1,20606.31,11,1787760627419,1788729097160,11.2,1924.95,0.093,17393.900021,0.907,0.5450551782682512
0x18b9359035856167f65705bb5fac9df570bcab1f,True,239,105,103,2,98.1,10968.5,1,1780918653686,1782457621146,17.8,2662.63,0.243,0.0,0.757,0.5449702886247878
0x133ad0d58ccff43cab13ca2cc9c751e815478560,True,2000,833,435,398,52.2,16764.2,8,1787853925736,1788732339239,10.2,-1970.09,0.118,71448.273062,0.882,0.5443548387096775
0x059228975efad308f5965474135ea80c24d64e54,True,2000,1110,680,430,61.3,2457.11,64,1778189043059,1788699901713,121.7,103.75,0.042,97.148026,0.958,0.5441213921901529
0x000461a73d3985eef4923655782aa5d0de75c111,True,2000,1024,481,543,47.0,20516.01,4,1780932445555,1787456771372,75.5,4034.24,0.197,0.0,0.8029999999999999,0.543760611205433
0x19b12d6f7c1a082707edb22b5ac4d55c39f2c8f3,True,2000,793,466,327,58.8,19892.81,4,1781061070556,1788661413963,88.0,4466.38,0.225,11089.885998,0.775,0.5431239388794568
0x0044caa12028e1158da2a1555b3e4a2702fddc04,True,2000,1011,648,363,64.1,5214.47,30,1779977000565,1788642794261,100.3,665.44,0.128,0.0,0.872,0.5417657045840407
0x1b7165800e6840eee56c8988466b88cd7118c290,True,2000,950,410,540,43.2,19443.75,27,1776287118632,1788307200047,139.1,2367.87,0.122,0.0,0.878,0.5377758913412564
0x0c52b977ea72930be2722f06c1e21517b250d587,True,456,181,141,40,77.9,7672.51,28,1763356478509,1788687873262,293.2,761.47,0.099,9826.491418,0.901,0.5373938879456707
0x12e16e3dc4a4fb3c802be62105f15783eb95f92a,True,2000,783,616,167,78.7,4898.81,18,1787579207832,1788471459019,10.3,-650.16,0.133,56473.362236,0.867,0.5371179966044142
0x1a421bd61314ae80e682cdd0196b0b567e1f0b32,True,2000,955,695,260,72.8,1749.32,15,1786903238364,1788128731060,14.2,-62.41,0.036,0.0,0.964,0.5359719864176571
0x19671b09b5c9fd3f7d4aa91dfba482d88037f8f1,True,2000,749,437,312,58.3,23299.98,12,1780795203704,1781637295484,9.7,6918.6,0.297,0.0,0.7030000000000001,0.5351867572156196
0x1ae749647101e2c80bc1426e687f04f6c3397afd,True,2000,839,505,334,60.2,15655.65,25,1772124897423,1788471265242,189.2,-3593.14,0.23,3628.157128,0.77,0.5350169779286927
0x140309fe917d264d8da9cbd31917c8ac432724c6,True,2000,267,149,118,55.8,31796.52,10,1786286620239,1788732107972,28.3,6241.87,0.196,695245.205712,0.804,0.5347410865874364
0x00c27c9e5330b8647029fe17abdd82f25431adee,True,2000,904,359,545,39.7,30194.36,30,1755757194941,1788725640098,381.6,4635.0,0.154,25607.865284,0.846,0.5339983022071307
0x187ba67b74a2cbbc32e4c6e0a3f7a056c7431ba8,True,2000,1085,553,532,51.0,17124.62,14,1779441898179,1786312454631,79.5,-5379.6,0.314,332.777485,0.6859999999999999,0.5339346349745331
0x1614429ddab7f80b25a1e7f33b3da41886b95cc8,True,2000,966,609,357,63.0,8069.54,11,1780449932314,1787929915704,86.6,1623.18,0.201,0.0,0.7989999999999999,0.5328735144312395
0x01f1e991bced549ae949a8d9a166f975d0e8d8c9,True,70,38,36,2,94.7,7949.28,6,1769011099775,1788616862407,226.9,1349.32,0.17,2718.709903,0.83,0.5323217317487267
0x09e8516aeaccb2e79fb954144404eef908d72b24,True,2000,903,450,453,49.8,52453.35,53,1751272242192,1788436920781,430.1,37126.91,0.708,0.0,0.29200000000000004,0.5319821731748726
0x185aa9d6f3793c8fe7d0143d4fb3eaf823f1378b,True,830,459,351,108,76.5,11847.83,7,1758114298372,1787924521496,345.0,2979.0,0.251,4320.744896,0.749,0.5317911714770798
0x1c1f611419a59df8f2095492c443203c09936937,True,418,208,160,48,76.9,11588.86,15,1769784973725,1781788440666,138.9,-2033.93,0.176,31159.799836,0.8240000000000001,0.5317911714770798
0x00876fa2cfb7c4b3be9521fcabda208c46c87444,True,311,147,135,12,91.8,6123.8,2,1773848830028,1788531670932,169.9,798.8,0.13,0.0,0.87,0.531748726655348
0x1aaff92f3161bf101330feec32932679cbed718b,True,599,340,307,33,90.3,16807.33,13,1762317296995,1783670038214,247.1,-12254.31,0.729,0.0,0.271,0.5307724957555178
0x0cfab691385c83940eaa6c9ef87b2457b476033c,True,1379,642,428,214,66.7,28062.85,19,1758314621927,1788712260800,351.8,-17654.66,0.629,5400.288783,0.371,0.5304966044142615
0x0db1b7991f448a96b26e3af447cbb500191d8136,True,2000,969,439,530,45.3,16372.18,6,1787585051560,1788741203602,13.4,2196.38,0.134,14253.992229,0.866,0.5301782682512733
0x0e59bfaff8d711d91b53b13b0504b466ec8d915d,True,739,401,304,97,75.8,6700.72,8,1765806103922,1784646029720,218.1,792.86,0.118,0.0,0.882,0.529753820033956
0x17c6d861ec340468391600cf487a058842c4ea9c,True,328,186,167,19,89.8,5670.85,2,1778177749133,1783243657418,58.6,711.28,0.125,0.0,0.875,0.5289049235993208
0x0069df723cac730b058e2edf9bda14b179b15ae5,True,2000,1137,679,458,59.7,3287.62,9,1783559425572,1788736227638,59.9,-335.13,0.102,1413.983385,0.898,0.5285229202037351
0x12f7b264fc06faa9053dc49d5b10f5740b6c25a8,True,2000,959,517,442,53.9,20312.25,1,1775219475146,1776649232343,16.5,7285.91,0.359,0.0,0.641,0.5259762308998303
0x1854704266b957f96ef6a2e412b416233208401b,True,2000,1135,694,441,61.1,9380.43,7,1783442023906,1787930469183,51.9,3692.58,0.394,0.0,0.606,0.5251273344651953
0x1a34227804c280126502eb32505460949466889b,True,2000,1051,456,595,43.4,26072.01,7,1780305883535,1787928659835,88.2,-8186.09,0.314,0.909232,0.6859999999999999,0.5249575551782683
0x03ef8f736498047c3349bb2c18311d1bb4a79054,True,2000,86,84,2,97.7,4727.38,4,1787926384615,1788697864654,8.9,555.29,0.117,719099.297766,0.883,0.5245755517826826
0x1931db4f2aa47310c712156aa8c68be444499aa1,True,2000,1299,729,570,56.1,4052.57,35,1774614930458,1788242406912,157.7,463.34,0.114,0.0,0.886,0.5242996604414262
0x01f8001701781164f2b7cbe6085bf895df03dde9,True,2000,972,609,363,62.7,6183.69,5,1773866812059,1776590872407,31.5,-997.79,0.161,0.0,0.839,0.5239388794567063
0x1ac7f5d81b4521efd034cff1a1b7f4ef9ac9b4dd,True,2000,943,430,513,45.6,14630.7,10,1783524061790,1788757477155,60.6,1754.95,0.12,4529.838361,0.88,0.5234719864176571
0x17130c903430c63ac23b5b6611eedaf749758c29,True,2000,1114,571,543,51.3,7808.7,6,1763131012090,1788754027047,296.6,-1175.9,0.151,0.0,0.849,0.5230475382003396
0x0305c8aa090070000ee41a82d9226482f0296e08,True,769,217,34,183,15.7,197684.61,4,1763532151986,1777454064927,161.1,37896.67,0.192,0.0,0.808,0.5213709677419356
0x0f145834b69d3e7a573bed756b31cc366e22036c,True,2000,803,519,284,64.6,13873.26,15,1785358990408,1788747178049,39.2,4333.97,0.312,4763.029779,0.688,0.5204159592529711
0x117e2f6258afda15b837def6c942e6bcac1ffbf1,True,654,365,237,128,64.9,19895.45,4,1769249016214,1780596839637,131.3,5793.57,0.291,0.0,0.7090000000000001,0.519927843803056
0x11f983e27eeee948adeed42e7346bc07fc878fc6,True,973,402,282,120,70.1,9709.54,19,1739631899322,1788171029265,561.8,-1489.0,0.153,3021.083788,0.847,0.5190577249575552
0x0c5ba524dd2e2453e63cda7fe2b9c8755ca0f5c9,True,2000,1017,465,552,45.7,7571.56,7,1782880406845,1788740353022,67.8,479.64,0.063,26409.49929,0.937,0.5189091680814941
0x154ed1518027a26536905a2c4551956d6203bbf3,True,2000,878,352,526,40.1,17791.55,20,1780685709122,1788644550370,92.1,1614.14,0.091,16817.064368,0.909,0.5177843803056027
0x188305ca669b93f243e5446e8666f96f84821c49,True,2000,709,396,313,55.9,35638.17,11,1787631854997,1788735759206,12.8,19127.94,0.537,121252.829795,0.46299999999999997,0.5176994906621392
0x11d69da21845af23cddd7a0d0f75fc702af10588,True,2000,915,337,578,36.8,50593.0,6,1758933224849,1780315123942,247.5,17952.95,0.355,0.0,0.645,0.5174235993208829
0x17665537be0710afde94bfc5d887a63f55667a61,True,2000,843,364,479,43.2,45585.93,13,1777674541281,1780091078777,28.0,16115.93,0.354,0.0,0.646,0.5170840407470289
0x09ee9497ebb73d66f9a91d50d5a0930dcd30a364,True,727,339,215,124,63.4,15557.35,18,1735924922748,1787168401764,593.1,3023.93,0.194,0.0,0.806,0.5165747028862478
0x07405f0daae4e5e1b14c97fe3085f036bb45ad44,True,2000,811,302,509,37.2,30031.63,7,1785351026206,1788726506766,39.1,3991.71,0.133,43407.451762,0.867,0.5161078098471986
0x179341e689fc378f045b6461b381e794f3796e1a,True,2000,873,481,392,55.1,6279.87,2,1783161241024,1785779397522,30.3,-368.53,0.059,0.0,0.9410000000000001,0.5159592529711375
0x0b5fd644b2c21f50f83e1163dc5903079869ac17,True,555,266,175,91,65.8,17351.54,14,1706076140914,1788650001586,955.7,-3974.68,0.229,5108.479854,0.771,0.5152801358234296
0x03cd3859327e9821adb61f781991ea564213aabb,True,2000,982,427,555,43.5,31047.99,9,1778825177658,1788271734014,109.3,11616.14,0.374,144752.535318,0.626,0.5147920203735145
0x13e84e8897caf814dc32e147aa0f6dd46fa28cdf,True,2000,865,394,471,45.5,36030.31,31,1785870029467,1788553808589,31.1,11708.47,0.325,747916.517043,0.675,0.5143251273344652
0x107a2d658fb2eee42e220c2c431057b0d69b9bc4,True,973,364,195,169,53.6,15362.92,11,1734440736636,1788202746104,622.2,1429.25,0.093,12762.032087,0.907,0.5143251273344652
0x1878f6051132cbfdb2c595e221a0bf834846686f,True,174,84,61,23,72.6,10259.38,9,1758561476212,1783709695114,291.1,1311.41,0.128,2885.826224,0.872,0.51419779286927
0x0d8163aee1bec6338b979e34b6cb31013fe82516,True,152,25,25,0,100.0,7864.9,8,1741071416983,1788418856538,548.0,2187.57,0.278,2356.467685,0.722,0.5133276740237691
0x0a8c591d00b959664384af551f771275eea32fac,True,573,212,124,88,58.5,30488.14,9,1760361553653,1788350689109,323.9,-9210.15,0.302,6193.403435,0.698,0.5132215619694398
0x192a09729d522f52dd53a7acc20f7d1a88981f5b,True,573,256,180,76,70.3,11815.47,4,1784806182721,1788535469748,43.2,2186.72,0.185,11776.053446,0.815,0.5128607809847199
0x13ec4635c9b7f8762fd6b031d33df5df4604c7e0,True,2000,1032,671,361,65.0,1209.39,1,1775378215035,1778659384629,38.0,-44.07,0.036,0.0,0.964,0.5119269949066214
0x01934c64689c15daaa9335bf38efdd6b3edb788d,True,894,397,276,121,69.5,13694.14,12,1785206055165,1788677395457,40.2,-3796.59,0.277,24005.917528,0.723,0.5110356536502547
0x13c4a6c59b6d58a7a5d1badc15ff55561c7ea6ce,True,2000,878,501,377,57.1,10432.49,14,1787332764495,1788594321168,14.6,-1829.08,0.175,0.0,0.825,0.5105899830220713
0x0ee599e42affa99b42d1ce6db00810a3868165cb,True,1372,548,270,278,49.3,29243.54,23,1733365120335,1788702228837,640.5,5932.02,0.203,4546.122115,0.7969999999999999,0.5102292020373516
0x149d61c8b4195762990c1b7b74e88dbdbaf6f821,True,1311,552,430,122,77.9,12004.37,64,1741052390667,1787943582171,542.7,5561.55,0.463,15912.390654,0.5369999999999999,0.5095500848896434
0x1a1ecb3180092731fb325c02ced6ebc64de8dd34,True,2000,865,520,345,60.1,32086.85,3,1786064536300,1787518588603,16.8,-39245.8,1.223,0.0,0.0,0.5094227504244483
0x0aabbc464dfaf104433abdfbfbafc6a603b36d82,True,2000,907,614,293,67.7,4155.93,9,1778081760545,1780067474848,23.0,546.55,0.132,0.0,0.868,0.5088921901528014
0x06cc63614f3ea566506ed743c3f89a8384a74e23,True,2000,906,550,356,60.7,13103.07,21,1776452749163,1788292409570,137.0,4697.85,0.359,0.0,0.641,0.5082130730050933
0x1b85f29401e3c772866705ad8d6c2758ae9aea44,True,775,370,278,92,75.1,11893.75,12,1755864536471,1788451226172,377.2,3764.77,0.317,0.0,0.683,0.5076400679117148
0x17d746bb34bdbec4f4b0f3883bb4d2bf54048134,True,2000,1038,741,297,71.4,3224.23,17,1772388201053,1776271411381,44.9,700.99,0.217,0.0,0.783,0.506918505942275
0x037a4d2e21e301d92d62c05bfe9a169d925914e1,True,2000,903,339,564,37.5,25594.76,15,1773413926765,1788738568705,177.4,4130.23,0.161,34039.304817,0.839,0.5059210526315789
0x03ce7863a2b62f4e227fd98605b79beb32618c76,True,2000,1007,774,233,76.9,6012.44,49,1785844273186,1788732625844,33.4,-3410.23,0.567,43426.879376,0.43300000000000005,0.505751273344652
0x0faef09b4deaedb0b99d68131f76acbef7cb4c8c,True,2000,789,438,351,55.5,9761.24,8,1787423652379,1788733971062,15.2,1217.6,0.125,33593.267412,0.875,0.5041808149405773
0x1bf8d31fde1b0e11707c5fd071e3666b10401d5d,True,2000,1062,474,588,44.6,14981.23,18,1779696553840,1788711500364,104.3,-3601.93,0.24,10255.283067,0.76,0.5040959252971138
0x080c67bf5ecac14c88d9c03836ad254f6c15c916,True,2000,913,475,438,52.0,21639.99,31,1722353462842,1788680945102,767.7,8420.52,0.389,5191.732746,0.611,0.5024617996604415
0x1b32ed379d565ec5625cf174e75fd2c8e50fd128,True,1626,814,390,424,47.9,13505.3,15,1763145660116,1788493298360,293.4,1547.96,0.115,0.0,0.885,0.5022707979626486
0x0dabdea698098e4f098b87bbee15541d0df9b9e4,True,2000,835,619,216,74.1,13849.17,165,1780581877245,1788641728844,93.3,13636.49,0.985,0.0,0.015000000000000013,0.5022495755517827
0x1457978fb96b0190c8ea7d168d0155d77bd6ce57,True,2000,941,630,311,67.0,5244.71,9,1784989934093,1788713583836,43.1,1080.48,0.206,12789.5,0.794,0.5021646859083192
0x01d435bbc2da0d38ba6924c342f527071680e2dc,True,2000,975,616,359,63.2,10479.49,20,1780439174946,1788667032675,95.2,-4957.15,0.473,6333.70192,0.527,0.5018887945670629
0x089ac530d67efe22579b0b5389a893208996d75f,True,842,396,135,261,34.1,49931.12,5,1777493116380,1788735312216,130.1,8269.33,0.166,53895.344124,0.834,0.5012308998302208
0x17894956b6d239c5a831a4af07849d357b90752d,True,543,303,281,22,92.7,4265.18,3,1752422038176,1777631537686,291.8,717.0,0.168,0.0,0.832,0.5008488964346349
0x0629d18bb5bee1e49391f48775f5b696d790e8b0,True,350,190,145,45,76.3,6563.56,14,1736264087910,1788726805566,607.2,-887.99,0.135,5029.8,0.865,0.49953310696095077
0x0b6b0a88e05f8f7053e2b3a5d56e4d8555774bee,True,116,31,31,0,100.0,11787.57,1,1756603861689,1777252141930,239.0,7159.26,0.607,0.0,0.393,0.49949066213921905
0x05e0d4ec5e40dd35b6c1bb0a29a52310b0b26bcb,True,1112,468,361,107,77.1,13541.39,2,1773879415709,1776118613542,25.9,-7695.01,0.568,0.007998,0.43200000000000005,0.499490662139219
0x16e5c96d074d3f1a9cdd303805127c8ed3ddfb9a,True,1453,568,381,187,67.1,16865.59,68,1713134553437,1784732672309,828.7,-8171.12,0.484,0.0,0.516,0.49929966044142615
0x058589ed65f03c86ec562937f9059faeb8ce0292,True,2000,1033,585,448,56.6,9687.26,64,1780012120408,1788667516216,100.2,-3429.88,0.354,25383.658993,0.646,0.4955857385398982
0x1234117071c4d402017640913511d0b346f6cddf,True,246,114,88,26,77.2,6464.74,30,1760763046376,1786157468507,293.9,869.85,0.135,0.0,0.865,0.4954159592529711
0x03aa208512dfd467e4bf500b3ff83ecdc1591533,True,545,247,173,74,70.0,18078.62,13,1775814732115,1781664144474,67.7,7823.46,0.433,0.0,0.567,0.4946307300509338
0x10ef841db12ee85a487bed680eafe8c69a7be7eb,True,2000,1013,499,514,49.3,8502.35,21,1758975461499,1780643638106,250.8,1367.64,0.161,0.0,0.839,0.4933361629881155
0x1465d3d5af2a367f3ca19092ec29ab7b392a732a,True,2000,958,586,372,61.2,13898.39,5,1785227889882,1788716233029,40.4,10531.58,0.758,0.0,0.242,0.4929329371816639
0x0e73ca2bed8f84ba0cf139aa96ae3927e77b066e,True,875,261,216,45,82.8,9698.46,12,1782806254448,1788110149579,61.4,3460.49,0.357,19180.036488,0.643,0.49269949066213925
0x10b7ab5b57f6e0e716a57b8b83a9099f2c16bb45,True,1930,977,662,315,67.8,4818.42,22,1782215357735,1788750844795,75.6,1368.65,0.284,1515.753449,0.716,0.49178692699490667
0x0ef7301a0fa5bcc95ab4d5162851bdb76cff7500,True,793,333,304,29,91.3,1956.67,5,1769869987835,1783211330386,154.4,180.2,0.092,0.000288,0.908,0.49159592529711377
0x11d6f0f8f4465ab67944e60704b492a6783e08b8,True,91,47,47,0,100.0,5659.11,3,1787553501595,1788520413593,11.2,1420.2,0.251,0.0,0.749,0.491553480475382
0x087cd2d3b80024e1aa2f513da1fd841fb3618dc7,True,2000,1104,483,621,43.8,6786.28,7,1775463863793,1780928568815,63.2,808.87,0.119,0.0,0.881,0.49078947368421055
0x175bd0e31ea1d99270521e9bf578a0c155b2c824,True,2000,639,255,384,39.9,94578.18,6,1786045188658,1788478996695,28.2,62950.21,0.666,380889.558517,0.33399999999999996,0.49078947368421055
0x137dede797b3c4501fefe08ba3b3727a079fe4f2,True,2000,1035,529,506,51.1,4851.03,40,1776100119353,1788728879290,146.2,509.04,0.105,448.80221,0.895,0.4907258064516129
0x05a42708e46733da056d09e0a355bfd2c3054eba,True,2000,799,536,263,67.1,9234.78,26,1782489717492,1788685915210,71.7,2966.3,0.321,76409.182461,0.679,0.490195246179966
0x183afc2a81a6fba240cd2d5d5d4de0ef52631ad2,True,2000,1090,580,510,53.2,8991.53,10,1768833547018,1780144979057,130.9,2886.23,0.321,0.0,0.679,0.4900891341256367
0x035db80e29b7e062271cfdfa3728b4c82a53b58d,True,1562,718,444,274,61.8,10793.82,7,1769531761401,1788533325023,219.9,-2771.29,0.257,10806.156034,0.743,0.48951612903225805
0x1534492c2429d0322ecfaa73d7de71d5f5c7581d,True,2000,955,608,347,63.7,10872.94,25,1735225981557,1788105531531,612.0,-6762.5,0.622,0.0,0.378,0.4894100169779287
0x017a94abd85ede27244f0e15006b2806952b2235,True,1641,739,599,140,81.1,3297.12,18,1752059205228,1788280609059,419.2,616.4,0.187,0.0,0.813,0.4890916808149406
0x1b003da369557bf853c4a4b4e13f70e9267107ca,True,2000,953,782,171,82.1,6002.64,1,1787372108791,1788571537530,13.9,4916.48,0.819,0.0,0.18100000000000005,0.4871179966044143
0x1325b85665da4dc99835bcbbebd78aa0c56caae1,True,2000,985,854,131,86.7,5905.84,22,1776606337854,1788740299964,140.4,-6385.59,1.081,18945.986369,0.0,0.48701188455008493
0x0b56a4e7d569c9c3bb7a74c5f87e752bf22ea6a6,True,266,114,91,23,79.8,10368.14,6,1780898526166,1785348334516,51.5,3200.55,0.309,0.0,0.6910000000000001,0.4867996604414261
0x0c2c1c5f3f0c3ddd311c8ffb1658e2abf607bb68,True,1200,436,201,235,46.1,39807.09,11,1775929772036,1788048000065,140.3,12761.05,0.321,0.0,0.679,0.4858022071307301
0x0d69cda21f9af5782ae98b1e2a913754a4a4826c,True,782,304,258,46,84.9,3671.01,1,1775958890685,1779722989304,43.6,-565.1,0.154,0.0,0.846,0.4844015280135824
0x15e5b76a758af6b14ce6f134374e32dcb5450cd6,True,2000,905,539,366,59.6,21762.51,22,1769649118602,1788718817885,220.7,-28629.18,1.316,24753.866128,0.0,0.4834889643463497
0x11f6620d6055fe8d044f49bf3a0a2d0166b9ad85,True,2000,1078,430,648,39.9,6761.14,52,1778574509316,1780871357596,26.6,-639.9,0.095,0.0,0.905,0.4832130730050934
0x14efedc652cbb6caa605a0b650b926522e08ed51,True,1497,639,123,516,19.2,50241.47,7,1780349589435,1788371975743,92.9,11517.92,0.229,0.0,0.771,0.48285229202037355
0x076ab36e4a2913a6a3df3f5e78fec5eca6378e75,True,2000,735,439,296,59.7,12328.79,21,1763723875361,1788541441761,287.2,3842.28,0.312,0.0,0.688,0.4824702886247878
0x09e9e0013a0ec0b99894d597e0412299fe789c65,True,2000,955,513,442,53.7,11817.52,105,1717967865708,1788735805024,819.1,-3968.94,0.336,0.0,0.6639999999999999,0.48179117147707984
0x004726000679ac82ede62c3c0ec0dec9455fb6ca,True,1393,672,277,395,41.2,37682.32,11,1778056139092,1780568625233,29.1,12032.79,0.319,0.0,0.681,0.4808998302207131
0x0813f733e0fd133a82360c35f2f9417e376e27f7,True,442,236,141,95,59.7,26590.17,12,1752848922222,1785122256379,373.5,11925.9,0.449,0.0,0.5509999999999999,0.48075127334465195
0x15a141990fc6591838646467273c41c92999772f,True,538,256,167,89,65.2,21368.34,6,1763691399137,1788736491502,289.9,-10989.5,0.514,231717.831949,0.486,0.48030560271646866
0x1a5db900797a672e2e52f8d089adddeb646563a4,True,2000,769,368,401,47.9,35134.14,10,1787153336098,1788753038345,18.5,18802.81,0.535,45453.051969,0.46499999999999997,0.4801994906621392
0x0c006034c1c344cab8c14fd310d38e9b1246c2d9,True,263,151,135,16,89.4,10958.4,11,1766639680015,1787038441183,236.1,6960.37,0.635,1164.886357,0.365,0.4801358234295416
0x0937aa6d83c851d506433ab342387a337c8b512a,True,2000,274,211,63,77.0,6760.93,18,1780663501902,1788618644825,92.1,1530.02,0.226,3.057391,0.774,0.4779074702886248
0x1188e4d6c751d79e27cbf38309803b998318a7e6,True,2000,885,267,618,30.2,44922.02,17,1784581766413,1788527103662,45.7,18715.63,0.417,27808.056089,0.583,0.477886247877759
0x07b4fd6b1f525f8fd494c923a3cc0f48d80b7382,True,2000,926,419,507,45.2,11435.38,5,1787062840627,1788743021846,19.4,1741.92,0.152,0.0,0.848,0.4778013582342955
0x0c43d79baeba1acb896b4e35f02615eb25c3e4aa,True,2000,922,414,508,44.9,23007.55,16,1769089653981,1788740503288,227.4,8287.98,0.36,6151.851922,0.64,0.4773981324278438
0x16770eafcdbeff2ae73ccd680694f53a8d40df55,True,445,170,147,23,86.5,5623.87,3,1787490820908,1788725469756,14.3,1260.03,0.224,6733.051675,0.776,0.4773556876061121
0x113b2d77c1147c864d76302cea39bcf8a1459357,True,2000,577,361,216,62.6,16617.26,2,1776121871487,1780638780039,52.3,-8676.42,0.522,0.0,0.478,0.4762945670628183
0x0c6150ccada83c564aca79ead230e3c766525123,True,2000,987,625,362,63.3,8423.66,6,1785766928308,1788716059608,34.1,5258.84,0.624,0.0,0.376,0.476018675721562
0x155a60da6382cbfa27feef8707b2275406f3def8,True,2000,1587,640,947,40.3,6562.79,50,1784796583112,1788702534942,45.2,956.21,0.146,0.0,0.854,0.47529711375212225
0x0a0a466738a2f3ed0929e9cba59b3105132a872c,True,2000,1068,296,772,27.7,10008.32,10,1782679570466,1788206181066,64.0,1213.14,0.121,7466.16822,0.879,0.47304753820033957
0x111ba988730696e80cea9961081310c07f6e9388,True,2000,1045,544,501,52.1,6777.87,7,1784652450101,1787315364026,30.8,-1543.25,0.228,0.0,0.772,0.4729202037351443
0x0a251df99a88a20a93876205fb7f5faf2e85a481,True,1355,700,382,318,54.6,14103.32,125,1690028203624,1780320623572,1045.1,4004.99,0.284,0.0,0.716,0.4727716468590832
0x0765ac1a050d9ef9702c6847b0cc317387086fac,True,2000,266,260,6,97.7,4083.78,14,1784254214613,1788745728317,52.0,-1145.01,0.28,5218.936043,0.72,0.4723047538200339
0x0c7244cbc8507e6f2f8b7a72d22e9c8d35a72e0f,True,1350,679,572,107,84.2,3866.9,5,1782437442356,1788446936020,69.6,-1145.08,0.296,0.0,0.704,0.4714346349745331
0x11471fa47d1961c4f5f2f0df50259b3556a2aee3,True,1782,894,202,692,22.6,110235.16,10,1751434589172,1776231385955,287.0,126509.62,1.148,0.0,0.0,0.4710738539898133
0x15f80fba024b3a5699206f754cbd6779c3ed87b2,True,2000,984,543,441,55.2,4304.71,27,1782985976390,1788712340807,66.3,-625.66,0.145,520.122969,0.855,0.4704584040747029
0x13b012b971da6eaab1f92c9a1c8497aab6c17659,True,363,161,149,12,92.5,2006.8,7,1778386752310,1780876800034,28.8,221.3,0.11,0.0,0.89,0.4701612903225807
0x1a503c16f1965a5e841304fe0416951d540f8f04,True,1235,485,222,263,45.8,16644.86,33,1694010528204,1779380173997,988.1,2292.44,0.138,0.0,0.862,0.4698217317487267
0x16ddc798dec5b0a66bd05956fd51d30bac7e5eab,True,1882,800,465,335,58.1,6821.92,5,1781246028181,1788713890376,86.4,1240.1,0.182,31175.468306,0.8180000000000001,0.4694821731748727
0x18657be4793cee1962d561e554abd5ef7906f0cc,True,2000,1012,562,450,55.5,9915.89,34,1756018403812,1788715538148,378.4,-4667.53,0.471,17595.100224,0.529,0.46918505942275046
0x079a0afe432036058b02e8eab8e4b3a0103746c0,True,2000,1029,514,515,50.0,17158.79,7,1780430763166,1788264847751,90.7,-14002.08,0.816,0.0,0.18400000000000005,0.467741935483871
0x0e531cc504d6b70ab8fbd3baaa6bc1331de95ef3,True,2000,1125,516,609,45.9,12654.49,28,1783436449180,1788313842058,56.5,5732.33,0.453,4040.0,0.5469999999999999,0.4672113752122241
0x01e6f70df0e683e49fab724cd2ee8de793d418de,True,716,380,242,138,63.7,8721.18,15,1786116809203,1788723124453,30.2,-1835.21,0.21,1818.636874,0.79,0.4666595925297114
0x1c103f02b2a5e7345774b8d4762c97f685c9e618,True,2000,691,397,294,57.5,4694.3,35,1781059221893,1783296000026,25.9,-441.98,0.094,0.0,0.906,0.46455857385398985
0x0272ec6b528511f6d6d10f034df8eab8ec2e6fec,True,2000,1013,584,429,57.7,7269.27,36,1772983356895,1788547624496,180.1,3360.96,0.462,61856.600117,0.538,0.4633276740237692
0x1b3698556f6099245b24fc928cd0b91275dad105,True,1080,604,305,299,50.5,28665.56,13,1770055173974,1782395232092,142.8,14428.92,0.503,0.0,0.497,0.4625212224108659
0x1c08f2bf374b58abb56760dcfdfcf9e46a198029,True,2000,832,620,212,74.5,1925.85,74,1781544072188,1788229775507,77.4,-278.19,0.144,0.004996,0.856,0.4622453310696095
0x0c067f133e948a9f87222b0b163bd801428b675d,True,2000,908,687,221,75.7,7879.04,3,1781284724250,1788705012233,85.9,15303.72,1.942,0.0,0.0,0.4620543293718167
0x1b11b544fa42e1709599606bcaa0928fc8b21c06,True,2000,983,621,362,63.2,2341.24,5,1776232416239,1787924018470,135.3,375.3,0.16,0.0,0.84,0.4620543293718167
0x15352e6656f0447bc23c156eaa85963438703768,True,997,475,267,208,56.2,6094.04,14,1787195264840,1788748042238,18.0,556.08,0.091,510.05,0.909,0.4618845500848897
0x19c70ed9880fafc13eca124c834d16833aec5c1b,True,2000,942,471,471,50.0,8176.54,86,1778841648585,1788754499623,114.7,1663.54,0.203,1243.553097,0.7969999999999999,0.4602716468590832
0x0348a0a921ba8cdada0e3be3f1ea56deebcbbf8f,True,2000,957,413,544,43.2,10596.86,8,1780588099053,1781697070155,12.8,1946.73,0.184,0.0,0.8160000000000001,0.4601230899830221
0x0f638286287ebd2acca95981f90aaa7de863a390,True,2000,1075,704,371,65.5,2264.85,15,1780975921267,1787836951232,79.4,-596.53,0.263,0.0,0.737,0.45946519524618
0x139596b65851894378da2535b62ae008dcd0e5e9,True,2000,1013,581,432,57.4,4397.05,6,1775655813989,1788532615381,149.0,-1014.77,0.231,0.0,0.769,0.4584677419354839
0x147e2686f683652cca745a991351b14241a7237c,True,2000,1063,520,543,48.9,11881.7,4,1774518001966,1788705138366,164.2,6300.69,0.53,0.0,0.47,0.4576612903225807
0x1bf2517ec6b7600e533e1fd44b8c2d3a2b5cbe55,True,2000,910,416,494,45.7,25541.64,16,1776873881102,1784841399917,92.2,15870.08,0.621,0.0,0.379,0.4573005093378608
0x14f2a65f4fc91a1bc04d89e788c2e6fd9b568c67,True,558,258,173,85,67.1,5407.76,38,1734415735729,1782099220495,551.9,-741.57,0.137,0.0,0.863,0.45713073005093374
0x178d245216beb3d7e3e64dce8494b1efe04a9266,True,2000,954,455,499,47.7,5435.8,4,1787188242828,1787893777707,8.2,576.07,0.106,9.213157,0.894,0.4570458404074703
0x183c6497814803574c23866c7662dea4c044d0f9,True,2000,864,402,462,46.5,19590.67,27,1772943684985,1788471205304,179.7,7357.45,0.376,0.0,0.624,0.4569397283531409
0x060ce702625689b405b8fccd954ccfcdcadc8445,True,585,341,231,110,67.7,6386.53,6,1786954238044,1788719373102,20.4,1282.4,0.201,0.0,0.7989999999999999,0.4568123938879457
0x01e44479c125f7715a3a1e08143c38d58a7bdb86,True,1909,947,825,122,87.1,4551.81,7,1779979207737,1788729066619,101.3,-13421.4,2.949,9718.902787,0.0,0.4561120543293718
0x10d9b62cb111d407958c197e189d32a132813e51,True,2000,957,580,377,60.6,7195.26,54,1781053792504,1788486842202,86.0,3400.77,0.473,0.0,0.527,0.45568760611205433
0x04704ecaab8f063b76a6f2ff45d2f414f0acaa68,True,2000,818,565,253,69.1,7265.08,27,1752546123839,1787097600012,399.9,-3632.47,0.5,0.0,0.5,0.4556663837011885
0x0421e0457edddf6940f558042c797587b12ff429,True,2000,1098,732,366,66.7,4250.19,2,1779208581567,1787671835320,98.0,2790.74,0.657,0.0,0.34299999999999997,0.45556027164685914
0x0cc705942b1565e2f76201d934b32472e75b3a76,True,2000,841,424,417,50.4,24960.38,3,1774375997523,1783669131548,107.6,18961.1,0.76,0.0,0.24,0.45524193548387104
0x0789c0b8655d1bbb54db37ea06b833fb32c2706d,True,967,303,166,137,54.8,11846.92,16,1763609584635,1784539331538,242.2,-2105.59,0.178,0.0,0.8220000000000001,0.454393039049236
0x0b0996cc7ad821b87c930e416fc7a8dec783288b,True,1714,1104,486,618,44.0,13333.88,17,1756150163967,1788665204900,376.3,6533.84,0.49,0.0,0.51,0.45418081494057727
0x10547c9d4fe35e1b3916547366aeb79684082cb3,True,2000,947,659,288,69.6,5887.55,12,1787748299540,1788735144688,11.4,-4026.65,0.684,13185.345967,0.31599999999999995,0.4530560271646859
0x04d28632df44cb4128bdf991c8f9c7386b7b133c,True,2000,1211,622,589,51.4,13152.29,46,1734282024382,1787584239196,616.9,13782.16,1.048,2618.978794,0.0,0.45280135823429546
0x16ccb0d80d7de31f878999ea769a6d8e84108920,True,2000,982,462,520,47.0,7784.36,13,1763997059132,1784209186846,233.9,1531.17,0.197,0.0,0.8029999999999999,0.45261035653650256
0x138a22ef5987a09c7ff8a7a755b1fecb62b28b69,True,113,57,38,19,66.7,7195.63,1,1771448528448,1778851821670,85.7,1135.94,0.158,19415.68687,0.842,0.4525891341256366
0x01264dcb78240fe10408c04792711a4583ce7089,True,2000,1062,490,572,46.1,10576.48,29,1706425773290,1788472145969,949.6,4055.58,0.383,0.0,0.617,0.45224957555178263
0x0dba70c7f8405308c0c741f31a0e09167c20c45f,True,2000,1076,760,316,70.6,5161.98,11,1781610564783,1788705546299,82.1,23477.95,4.548,0.0,0.0,0.4514219015280136
0x13251a69bdac2022781445a998c3988fe8ba0140,True,452,234,133,101,56.8,19439.7,6,1759185287283,1782453484979,269.3,7673.1,0.395,0.0,0.605,0.4502758913412564
0x003473c4c08191261de6ec079f56ad405bc6db98,True,2000,905,429,476,47.4,7955.58,16,1787717871932,1788691392152,11.3,1278.74,0.161,0.0,0.839,0.45008488964346355
0x0eac09cb9783351e32703daac0e51a8a72af561f,True,2000,1046,550,496,52.6,5149.61,39,1759513628547,1788705141646,337.9,-1315.39,0.255,2544.748265,0.745,0.44955432937181666
0x19e0ed88e10d2a18ef5a5c291b3de79f1f502c0b,True,775,418,363,55,86.8,9434.43,22,1750951823056,1787347309194,421.2,-10114.41,1.072,10998.365622,0.0,0.4495331069609508
0x0cb0f7b089649e2a0df7abebf54ea20b163cbb62,True,430,194,120,74,61.9,8834.1,3,1780314473424,1787322374159,81.1,1660.22,0.188,7235.446856,0.812,0.4489388794567063
0x0c4926daf1250b8da7b9fc339f304d923b94d346,True,2000,1345,668,677,49.7,13371.72,12,1788045910424,1788690336485,7.5,24140.51,1.805,3401121.398569,0.0,0.44889643463497453
0x06f6af4bd3f69d34f106910483f28aef9c1f3148,True,2000,1018,673,345,66.1,4841.18,6,1777665608244,1788735796122,128.1,-3062.65,0.633,5488.928119,0.367,0.44802631578947366
0x00705d931184135830185bb284fb8ed277693d0d,True,1000,508,336,172,66.1,11381.53,80,1713342268073,1788739200041,872.6,6756.48,0.594,0.0,0.406,0.44562818336162985
0x14752abc79c53e37bbb1a034298577a4aca758d0,True,777,331,261,70,78.9,1885.47,18,1756839637536,1788738196343,369.2,226.79,0.12,0.0,0.88,0.4455645161290323
0x0d2d15096300211faf3db71276826ca12227ed0a,True,1316,660,351,309,53.2,10663.56,15,1773925316300,1787302829201,154.8,-2442.0,0.229,0.0,0.771,0.44507640067911713
0x1846e2ee0cdf5bc0bfa710bcac0f39ddcc43eac1,True,2000,1048,543,505,51.8,2217.72,83,1780596134440,1787916697008,84.7,-246.35,0.111,0.0,0.889,0.4426994906621392
0x05c250120ce07ba6fe361b39ac344148435c25ca,True,2000,1120,533,587,47.6,15603.13,9,1752632680907,1787288051490,401.1,26940.03,1.727,50658.948052,0.0,0.4421052631578948
0x142aa73a452c0e55abb49e250d02da88db97f04a,True,2000,1057,491,566,46.5,7046.06,22,1762733358422,1781446760618,216.6,1956.64,0.278,0.0,0.722,0.4412775891341256
0x030330e4523b730814e31c7e8f80a5e3fa847c70,True,2000,1064,515,549,48.4,5103.4,4,1787306472641,1788742803187,16.6,1121.5,0.22,0.0,0.78,0.44059847198641766
0x08fe216d1ad976285bc5db17580e688091736ba9,True,2000,650,386,264,59.4,15292.23,4,1772055473847,1781724279212,111.9,12632.41,0.826,0.0,0.17400000000000004,0.4400679117147708
0x0550849a458ae01b8c768f6e2ef8392fe49f3fa7,True,2000,905,466,439,51.5,4442.25,18,1783225844087,1788737783073,63.8,565.55,0.127,0.0,0.873,0.4396646859083192
0x1a2e9c17f3afc39c2fbf6ff2f77efd73c718fb83,True,2000,864,430,434,49.8,11711.55,18,1772778089165,1775737170826,34.2,3645.41,0.311,0.005984,0.6890000000000001,0.4396434634974533
0x07a39be38677c641ae9bf54abdce2983e43dbecf,True,1789,1143,579,564,50.7,12037.08,7,1781083096512,1786112055039,58.2,-19803.28,1.645,0.0,0.0,0.4391341256366723
0x062f920cb2678ea9c8709fcdf8ce369d33494768,True,2000,1124,611,513,54.4,364.07,81,1787959899752,1788744627663,9.1,21.25,0.058,0.0,0.942,0.438518675721562
0x08acffada9db314bd31f9086d0d2dc08e5abf162,True,1603,832,414,418,49.8,16351.97,14,1764890094505,1787770456905,264.8,7775.6,0.476,0.0,0.524,0.4380730050933786
0x14ae9bd6853e3fd267b8101df76b46da2beb048f,True,2000,965,549,416,56.9,2943.56,13,1787177279394,1788726825109,17.9,-531.09,0.18,10598.425894,0.8200000000000001,0.43703310696095077
0x14c60d23a224533037e8d134a43a46f28a326aea,True,538,257,199,58,77.4,6152.74,12,1787482907066,1788444502296,11.1,2430.34,0.395,0.0,0.605,0.43660865874363325
0x02a6b7cea5b417f97409b6d878739af4c782dc2e,True,293,95,75,20,78.9,7115.2,1,1784681039006,1788464548727,43.8,-2918.03,0.41,14212.908353,0.5900000000000001,0.43629032258064515
0x03136324349c003f3498130f56f4526bf5720ab1,True,2000,1042,678,364,65.1,6086.97,28,1755010108264,1788730993570,390.3,-17533.26,2.88,20999.224128,0.0,0.43546264855687605
0x119fe89cf50a0c25521f7398dc3ee08d45f0f22c,True,2000,955,722,233,75.6,2245.02,26,1770888826809,1787365020704,190.7,-962.8,0.429,0.0,0.571,0.43457130730050936
0x06e124df32d6ae6b66810b342351caea53e63377,True,441,154,113,41,73.4,11700.97,14,1773905892047,1788698483961,171.2,8530.17,0.729,14309.097115,0.271,0.43421052631578955
0x12233b83647d2b87392c103bff26c751dd927557,True,2000,681,251,430,36.9,27862.05,93,1785247914846,1788743238829,40.5,9869.89,0.354,14351.72702,0.646,0.43242784380305604
0x1986b03fe890fff6b05fa17c49372cdd62a23c60,True,1166,451,385,66,85.4,2732.28,33,1753227784854,1782487939062,338.7,820.68,0.3,0.0,0.7,0.432088285229202
0x01c0255d63e287cb0006328de58aa2e60d147bee,True,2000,868,260,608,30.0,13626.82,28,1780608336548,1788730148162,94.0,2240.37,0.164,46678.495529,0.836,0.43157894736842106
0x090197aade9266008141e9e32c144526a0004cc6,True,2000,989,557,432,56.3,1760.83,17,1787855672252,1788696829831,9.7,-225.39,0.128,0.0,0.872,0.43132427843803056
0x1b20197ae8786031ea63a04f24e8241c15f7a7fb,True,2000,942,627,315,66.6,3309.25,13,1770295710284,1783353547576,151.1,-1257.99,0.38,0.0,0.62,0.4310271646859084
0x111a93a73e399c9442e6db1b0050d828db1bedf2,True,2000,892,461,431,51.7,7268.29,16,1756344756739,1788625226299,373.6,-1899.36,0.261,0.0,0.739,0.4309634974533107
0x171b7880939d76abbc6b6b2094f54e6636f829a7,True,2000,665,323,342,48.6,17316.09,57,1774887843897,1787201934498,142.5,7113.39,0.411,0.0,0.589,0.43005093378607806
0x10f319c4af6beb3195459c6fa3f35827800aab41,True,2000,1140,437,703,38.3,14910.01,7,1779097141503,1782028828430,33.9,11282.48,0.757,0.0,0.243,0.4298599320882852
0x1060b391b4e0c3959e7bf98ec4d9ef21b001cc46,True,331,67,58,9,86.6,10526.41,6,1752149730849,1788339391565,418.9,-17753.77,1.687,20680.565032,0.0,0.4293293718166384
0x0079890e27b364b94ca5b967a9fc71400fb7d835,True,2000,887,292,595,32.9,27236.29,14,1752127658667,1788736326046,423.7,-13087.22,0.481,130615.246701,0.519,0.42928692699490656
0x02aaa417b43f9a23e772276c31c5bd7ed9a682bc,True,2000,924,344,580,37.2,20935.49,25,1751639787225,1788732185832,429.3,10019.69,0.479,0.0,0.521,0.4279074702886248
0x1352f69f507d58d8a647dbc3baa6623145eb2231,True,1171,601,273,328,45.4,11292.01,5,1772875897491,1773710948556,9.7,1913.08,0.169,0.0,0.831,0.42652801358234294
0x0df5cf81ff1fe3c01316dffcdc579a8e9e64d2ce,True,403,141,105,36,74.5,4015.01,8,1780371760314,1788747893094,96.9,799.79,0.199,0.0,0.8009999999999999,0.42644312393887945
0x0c52812a47f6b577d170c2ab833e92813b0fbb4a,True,2000,886,405,481,45.7,13580.0,3,1764512199859,1782429419859,207.4,5196.39,0.383,79127.44,0.617,0.4263370118845501
0x0f5a9e2ed8a2d256feb25abae7a53de7535119ae,True,2000,856,492,364,57.5,3514.69,6,1787270948809,1788551199473,14.8,614.66,0.175,0.0,0.825,0.42610356536502547
0x1438d88b50caffa35ef888ce5dddc55f09a67bab,True,557,294,148,146,50.3,10404.09,14,1752327265586,1787973928463,412.6,1604.11,0.154,0.0,0.846,0.4254456706281833
0x02e7b714fae84e4ba80f3cda5508553e7cf5042a,True,1716,874,646,228,73.9,4792.0,50,1745838690950,1788628912358,495.3,3960.9,0.827,0.259655,0.17300000000000004,0.4252122241086587
0x0c7ca8f18db13a173e53476706e62f3248cd3b82,True,118,34,28,6,82.4,3678.8,9,1734260729571,1788432860157,627.0,835.08,0.227,6112.739461,0.773,0.42472410865874366
0x094d3bab9fdf9e7fdf1f438945219aa9ee3f63a3,True,2000,1157,509,648,44.0,8385.42,17,1757311399877,1786695880115,340.1,3974.96,0.474,0.0,0.526,0.42340831918505945
0x069f458978a51ef6a9e2f6b6eb1fe2f39271c5a2,True,2000,779,536,243,68.8,8881.56,16,1785268149191,1788743353543,40.2,-13699.49,1.542,1209.4,0.0,0.4213921901528014
0x013df496991b18b7948bafdf85f5112236e3a53d,True,2000,833,504,329,60.5,5696.04,2,1772197470357,1773135526839,10.9,2144.62,0.377,0.0,0.623,0.4209465195246179
0x1b394344da437549860964aa1e42aa86f9bcbfc9,True,2000,1801,1033,768,57.4,3289.19,40,1769161552971,1788369997819,222.3,-2031.03,0.617,0.0,0.383,0.420606960950764
0x0c9370d97d7d5c719b13de2adaf3ba86ea7e99f0,True,2000,1049,379,670,36.1,4313.41,3,1778772585328,1784207976068,62.9,494.66,0.115,0.0,0.885,0.4204584040747029
0x199ef137054d30656c3237ba831fb8da7b91ebdd,True,1995,944,666,278,70.6,5452.55,100,1752518080226,1788743227734,419.3,-12022.56,2.205,8414.498267,0.0,0.4200764006791171
0x101235becc0cecb6340bbfaacc1ce34cf06b60de,True,1064,581,307,274,52.8,7219.74,11,1780063736261,1788739883971,100.4,1446.76,0.2,4206.504685,0.8,0.4179753820033956
0x01ad7725f86975d3b77739cadd79aacedc72a5ea,True,2000,998,637,361,63.8,4429.6,19,1778446280786,1785753155094,84.6,-3610.7,0.815,0.0,0.18500000000000005,0.4175933786078099
0x1ba9a273a3da329f9597f9f15bf1c8c07f726363,True,2000,1013,450,563,44.4,5102.73,20,1778076412010,1788748754276,123.5,-986.87,0.193,0.0,0.8069999999999999,0.41697792869269945
0x14c3dbad32d65745cbd71194616b78748271916c,True,2000,918,510,408,55.6,2004.58,10,1787349375641,1788734693072,16.0,252.31,0.126,0.0,0.874,0.41623514431239383
0x008f38a71dd5e39f3eb4959411ebd724a4707818,True,1107,568,291,277,51.2,12062.98,17,1738035413886,1780962739098,496.8,4096.36,0.34,0.0,0.6599999999999999,0.4161290322580645
0x002d4ae035f08c0f15da4842404027f03c1bc173,True,2000,78,76,2,97.4,381.4,3,1776949775595,1788442878690,133.0,42.84,0.112,0.0,0.888,0.41602292020373516
0x0bcc01fcb0b1b346652c333a7c21703bc1f1c7d6,True,661,308,183,125,59.4,7923.69,9,1773342575972,1788717775123,178.0,2328.09,0.294,0.0,0.706,0.4158531409168082
0x0d5d73f6b9eb76c9447f7925464ef61c1fbccd20,True,2000,498,301,197,60.4,12390.86,14,1787504612344,1788742059243,14.3,10336.38,0.834,14253.916906,0.16600000000000004,0.41583191850594226
0x068602ac84f3d114c125315115f95bc8f074b2c7,True,979,540,185,355,34.3,16125.98,2,1784409443099,1788708233311,49.8,2936.56,0.182,4646.652237,0.8180000000000001,0.4156409168081494
0x0a0ae914771ec0a5851049864ccc27b1baa8cd43,True,2000,924,550,374,59.5,5276.94,15,1750573153387,1788335192736,437.1,-2567.46,0.487,0.0,0.513,0.41525891341256366
0x004593cdface692ccbc2733b775f624ed0ad703b,True,815,323,105,218,32.5,46937.84,5,1765305766258,1788476205488,268.2,27405.97,0.584,210493.895702,0.41600000000000004,0.4147920203735145
0x02458e17a59386d7a9f71d4135aebc976f81ba3d,True,2000,986,226,760,22.9,22077.78,10,1782616431939,1788539549314,68.6,-14766.48,0.669,16219.320289,0.33099999999999996,0.41443123938879456
0x128f551d74c9693c2467376322c889a2e7b7fc3a,True,516,195,123,72,63.1,5759.99,27,1734233643036,1787541375404,617.0,-1205.02,0.209,22306.170218,0.791,0.41315789473684206
0x1a6ea3a36087fef4d56ebc9e11bf1b0a3a6a7437,True,311,135,64,71,47.4,25064.33,7,1734354569729,1787934230061,620.1,9359.57,0.373,37175.887094,0.627,0.41296689303904927
0x03cce5cfb2a6772a1b5137fdbd66a94eb97befc9,True,2000,959,594,365,61.9,2063.1,22,1785526182790,1786938597990,16.3,-535.94,0.26,0.0,0.74,0.4126485568760611
0x12bdbd1f83ac7ba394f0775ca541d47cf37ab112,True,1515,708,227,481,32.1,9843.2,18,1762503530198,1788705118020,303.3,1045.75,0.106,4358.767442,0.894,0.41230899830220713
0x16d69a835c012584783921b2e4c622f157ce97bf,True,2000,873,279,594,32.0,23069.05,16,1786471397959,1788702084909,25.8,11085.0,0.481,54974.681225,0.519,0.41063242784380305
0x081d5ab9e46612f1ec16e716bc8d130cd920a5c9,True,2000,755,404,351,53.5,5721.16,9,1774465971858,1788721333697,165.0,1255.1,0.219,20551.652837,0.781,0.4093803056027165
0x0c110bacb4bb972b2efbd557b8d531ca6b5bff4b,True,1012,503,286,217,56.9,6458.95,26,1752314382722,1788609495611,420.1,-1659.17,0.257,0.0,0.743,0.40865874363327676
0x1736f648d0809c59b1429ae25250b811191419a0,True,1010,441,209,232,47.4,9717.17,35,1774347363806,1788708644729,166.2,1635.82,0.168,8079.783677,0.832,0.4086587436332767
0x100caefdee7e490ad26befd1a6bf4de3ceb9d719,True,2000,945,315,630,33.3,12415.0,6,1764814707015,1776264995478,132.5,-3851.68,0.31,18817.070519,0.69,0.4083828522920204
0x09f8de3a71a917486abb342a9ea14dbd5147c1fc,True,1742,768,337,431,43.9,10203.09,4,1752865283806,1777889319863,289.6,-2184.81,0.214,11.21284,0.786,0.40823429541595924
0x145dcfb47920325d5bb44d239cb9fd0dcada8bc7,True,2000,874,405,469,46.3,12458.94,43,1764798303100,1788631218536,275.8,5775.29,0.464,0.0,0.536,0.40759762308998304
0x061d9b3d2bb706d6cae1b38486977d19dac2cbf0,True,2000,902,612,290,67.8,2567.96,26,1786728604944,1788744738573,23.3,1013.81,0.395,3449.282411,0.605,0.4066001697792869
0x157752a23fb6355804e0a1325f3e70d100004cea,True,2000,945,511,434,54.1,3070.6,1,1782916363592,1787942259876,58.2,-648.48,0.211,0.0,0.789,0.40619694397283534
0x0210691ee9444a4b349673e2c791dab920a5e4ea,True,2000,1221,589,632,48.2,6583.76,2,1785073311181,1787908001722,32.8,5007.44,0.761,0.0,0.239,0.40570882852292023
0x0a2d1d745da1b0c35ace094f2b06431e820cf548,True,49,35,33,2,94.3,2346.47,1,1787296528904,1788727004437,16.6,719.74,0.307,16112.760526,0.6930000000000001,0.4053692699490662
0x0b664d2dee046c5cc886d81a52298b4d947c5c2f,True,2000,1015,534,481,52.6,3160.77,35,1781196947805,1788526602363,84.8,-847.71,0.268,0.0,0.732,0.4052631578947368
0x0e94338f37e7b570ef138400720240a736bb1519,True,716,357,200,157,56.0,7146.7,8,1787399584196,1788671711871,14.7,1642.39,0.23,0.0,0.77,0.4039898132427844
0x1a05114f4b8ebd5991be99eea8dd21935dd33be3,True,2000,487,375,112,77.0,1978.01,1,1787541335659,1788756926961,14.1,-520.7,0.263,1130.028696,0.737,0.4039898132427844
0x0c8fdfa4543a1b9bcc6ab9d78dcde270c80ba5ea,True,2000,931,515,416,55.3,2788.81,33,1787231153775,1788566400005,15.5,578.73,0.208,0.0,0.792,0.40350169779286926
0x1764b5d24027294373f2aa289a5d548096681a4d,True,1628,576,438,138,76.0,3034.02,4,1770109831043,1788748787565,215.7,1271.2,0.419,1617.47325,0.581,0.40301358234295426
0x128a0166fc98533bd15318baac68c511279977ae,True,195,62,55,7,88.7,721.52,15,1756385083228,1788646001071,373.4,92.66,0.128,640.430698,0.872,0.40292869269949066
0x0ac5e4f467031a745312f117f7cb4b3b16c28960,True,2000,942,299,643,31.7,8864.48,10,1782110672882,1788669620370,75.9,1720.98,0.194,0.0,0.806,0.402865025466893
0x0d50685a63df4f0a9a13228fd360d15e981b2d25,True,2000,887,719,168,81.1,2511.97,19,1787842376205,1788746968924,10.5,-2432.11,0.968,11686.991839,0.03200000000000003,0.4025466893039049
0x03ea03398be304deae2e4f98d7a81f3189e561e8,True,486,259,172,87,66.4,7558.89,15,1764718076817,1773845621611,105.6,3694.94,0.489,0.0,0.511,0.40171901528013587
0x1074e4d8c2c6a637a3805e8669dc953eda0e9443,True,2000,1030,560,470,54.4,4402.33,16,1786453271765,1788529841901,24.0,2194.24,0.498,0.0,0.502,0.4000424448217318
0x1bc13c43191dc4be7b20646e15d0fbebc3f8551a,True,986,558,437,121,78.3,5646.89,12,1753993010716,1787249693371,384.9,-11174.96,1.979,0.0,0.0,0.3991086587436332
0x19bd29e74c450ac73b49b5fb199a3d0d4c8f37b2,True,1181,654,372,282,56.9,13369.5,7,1749154439616,1787480543536,443.6,-13469.33,1.007,3859.245499,0.0,0.396286078098472
0x0997f9fb3c94c250f6f1a5c381c25ec5d951b29b,True,2000,1108,382,726,34.5,1584.9,63,1764837291612,1782896830850,209.0,97.01,0.061,827.703237,0.9390000000000001,0.39530984719864176
0x1141ee31d51ca48f54235e9920c3b938d278e40f,True,1666,833,421,412,50.5,8115.05,4,1780559126220,1788670534828,93.9,3241.53,0.399,6560.775439,0.601,0.39516129032258074
0x1afaecaa69be4b4760d960bbd987c75db395b122,True,2000,1092,409,683,37.5,6507.79,8,1781535744862,1783431409066,21.9,2160.97,0.332,0.0,0.6679999999999999,0.3947156196943973
0x0b1c3722b601d811edc9fff00320a33cb78d83f0,True,2000,1039,599,440,57.7,1504.95,39,1785247607885,1788748223677,40.5,424.01,0.282,0.0,0.718,0.39367572156196945
0x1be8d5e165c27262d8d9a914e112519e9115638a,True,2000,934,335,599,35.9,13911.94,13,1778934702097,1788691424801,112.9,6881.79,0.495,0.0,0.505,0.39361205432937185
0x1bc259046dd7d2df2b189f7f648c3cbc5b97d746,True,2000,951,540,411,56.8,1945.56,28,1778812071237,1788700942124,114.5,416.31,0.214,0.0,0.786,0.39333616298811547
0x18db1cab14f2886cee69c11ae0ad5b0b691c3a60,True,2000,1147,809,338,70.5,468.5,70,1787377021991,1788749201927,15.9,-221.36,0.472,7509.756708,0.528,0.3933149405772496
0x15094c3ec74e8a43c082042815e0c135deebb152,True,2000,1148,552,596,48.1,1544.97,1,1787658613173,1788735417581,12.5,250.81,0.162,19086.307936,0.838,0.39282682512733447
0x19751e10aeb6aba1750e594e1db8302723eacda5,True,1403,608,467,141,76.8,1983.42,28,1774836347622,1788704867855,160.5,-711.39,0.359,0.0,0.641,0.3923811544991511
0x1148e08cf2be34273a3b23eb4b83d71605991e66,True,2000,967,487,480,50.4,3875.08,8,1782636470405,1788525081362,68.2,-1050.58,0.271,0.0,0.729,0.39235993208828523
0x137560b3f2063dcbff7c55b7e7e5149751aa04b5,True,2000,947,480,467,50.7,6206.22,26,1776416116871,1788390198141,138.6,-2922.5,0.471,0.0,0.529,0.3898344651952462
0x11c69a41c0dc87f8021cb192975b7fcf6b69e21f,True,501,221,123,98,55.7,8037.07,3,1784031838502,1784732262592,8.1,2354.77,0.293,0.0,0.7070000000000001,0.3895161290322581
0x0272f3ebd901f4417c2ae5d0ce52b9ec18e9c6d2,True,2000,954,547,407,57.3,2811.12,28,1787313621832,1788405595633,12.6,1005.6,0.358,0.0,0.642,0.3882640067911715
0x0d8925e2e0d333e4306b2c8e0773ddd6d593469e,True,2000,987,764,223,77.4,1910.03,17,1780903691688,1786374664141,63.3,-2297.51,1.203,0.0,0.0,0.3882427843803056
0x1b24f430d69a2c52b6bcc0a3f690f5fa5e6abae7,True,2000,746,400,346,53.6,6563.63,27,1787149089409,1788753597708,18.6,2481.37,0.378,5134.967246,0.622,0.3874363327674024
0x11208dfb0be8ae9e3cf7ffad176261b632dcf40b,True,2000,979,780,199,79.7,1690.22,61,1763540201880,1788686940237,291.1,1997.43,1.182,0.0,0.0,0.38711799660441426
0x13dfc69e81494444f31a366345e6b1df105dfa0d,True,1488,683,511,172,74.8,3361.83,5,1780538421100,1781523096904,11.4,-2480.88,0.738,0.0,0.262,0.3866723259762309
0x0bf9eb2346e5da14a38556901dd20b310313e672,True,216,123,66,57,53.7,13497.7,1,1764192776863,1787851529961,273.8,-5895.57,0.437,0.0,0.563,0.3864601018675722
0x1b5f439ae6d8bf0e5deef19874f1eaffde7cdd73,True,2000,1087,412,675,37.9,4580.88,21,1757462973880,1787926001729,352.6,-1065.26,0.233,0.0,0.767,0.38637521222410864
0x0dab8ddaf5a33072080d8a4702e9dfcd385eddcb,True,2000,702,528,174,75.2,2638.33,3,1781256113150,1788526770226,84.2,1410.0,0.534,1039.648889,0.46599999999999997,0.38637521222410864
0x15b228394a765ff5687c751dadd503a068c2c7b0,True,282,117,99,18,84.6,2745.26,26,1777728361585,1779505322996,20.6,1095.5,0.399,0.0,0.601,0.3856748726655348
0x02c0202deb3c5854ff58c8ac84d20ef244c59118,True,2000,1040,397,643,38.2,3997.26,51,1757307611278,1782846353571,295.6,751.25,0.188,0.0,0.812,0.38488964346349747
0x19e90c5331a747661bdd2887a6f6156a1eda2ef9,True,1814,666,147,519,22.1,12551.31,26,1770024779354,1788703720873,216.2,2455.76,0.196,526045.1613,0.804,0.3841680814940578
0x0ed17278f7cb437184e5ee66cf88aa14168ac616,True,1350,707,470,237,66.5,4707.21,37,1763829636199,1788732084936,288.2,-3254.04,0.691,2784.583024,0.30900000000000005,0.38382852292020375
0x19baa4cf8f4849f151205be2aecdf6884be6b7a4,True,1375,604,192,412,31.8,26065.83,36,1733494231603,1788393774480,635.4,14140.03,0.542,0.0,0.45799999999999996,0.3830220713073006
0x0cb58619f97924977e4abec80650e2a18dabf9a7,True,372,148,112,36,75.7,4855.44,9,1758286431208,1788355512982,348.0,2848.02,0.587,0.0,0.41300000000000003,0.38283106960950763
0x10d11287eba086fd52ae41821fdb8d7e612eafdc,True,2000,794,436,358,54.9,2689.12,17,1787213689533,1788747237891,17.7,483.02,0.18,11070.923257,0.8200000000000001,0.38266129032258067
0x0606f126f03ee5f51f168fbe9be39ea5370a9bee,True,2000,727,289,438,39.8,12432.8,119,1754258950557,1788612337004,397.6,4333.24,0.349,0.0,0.651,0.38102716468590836
0x0768a980decbcc0eeb916c8452a54c543d5d2a26,True,1533,734,522,212,71.1,5015.22,2,1768577920920,1779752858689,129.3,-7752.0,1.546,0.0,0.0,0.3804966044142614
0x018c97adef663a27a041225e782a16be3cfd81fe,True,2000,1216,192,1024,15.8,13880.38,31,1729944244156,1787235913545,663.1,27344.97,1.97,0.0,0.0,0.3788412563667233
0x0262bb423f71a1cd253865b6bac69b88823db287,True,2000,830,488,342,58.8,7789.92,9,1780408716447,1787299603535,79.8,-12259.61,1.574,0.0,0.0,0.37862903225806455
0x042fdd59ebe368409bd14931d50f1b28336b0b9b,True,2000,784,425,359,54.2,5575.64,53,1748698125953,1788672302816,462.7,2184.46,0.392,0.0,0.608,0.37803480475382006
0x1a775079fde189642ec93829e298148813274bff,True,742,326,213,113,65.3,5837.07,7,1704613629739,1781603978982,891.1,-3136.22,0.537,0.0,0.46299999999999997,0.3773556876061121
0x00a4c56a753334615f2fdd2fa9bf6c13bb84599f,True,377,196,143,53,73.0,4155.29,1,1780069854624,1788533261426,98.0,-1827.32,0.44,0.0,0.56,0.37659168081494054
0x1bb8c5b01d0fa338280e81800d44d705ea748404,True,2000,1084,578,506,53.3,2285.35,29,1780438343096,1788743186418,96.1,-944.76,0.413,1837.718239,0.587,0.37612478777589137
0x1be9be39de499ff762179268a334f09cc6d40cd9,True,530,228,112,116,49.1,12855.54,9,1773020438331,1780680568192,88.7,4662.85,0.363,5.214937,0.637,0.37587011884550087
0x001d31846d08c23177011c6a523ed5b75823533e,True,350,126,48,78,38.1,21625.64,8,1762415032139,1787565653677,291.1,7154.23,0.331,23038.639369,0.669,0.37389643463497446
0x05302224878c9b960eaf005101cc46fe92c69467,True,2000,534,340,194,63.7,2564.89,20,1772055470069,1788601681200,191.5,-682.78,0.266,712.317355,0.734,0.37368421052631573
0x0818a4f79d7effe18d9945c69b3e808b867adcca,True,2000,1110,451,659,40.6,5884.72,9,1781878049523,1784661850019,32.2,3032.49,0.515,0.0,0.485,0.3736629881154499
0x0cbf769bc5a9d7b549f307a7aefbe1de5a96a1a7,True,461,156,120,36,76.9,3523.92,1,1774626598575,1778681443262,46.9,1701.15,0.483,0.0,0.517,0.37362054329371813
0x180aaeaa1f90818c211aac06399f0eee16e8c395,True,2000,1093,680,413,62.2,2515.92,40,1772628298754,1788525090465,184.0,-12908.9,5.131,11580.02976,0.0,0.37215619694397284
0x18187f89be180ce5d21e6995b56bef82abe34ab6,True,2000,1059,464,595,43.8,2118.71,5,1783522352834,1786384372548,33.1,-392.26,0.185,0.0,0.815,0.3717741935483871
0x07b9f3d52de1f5d43f3d93a016550dbe26599c82,True,2000,873,494,379,56.6,5680.33,10,1784302648372,1788698673363,50.9,-4472.99,0.787,37639.002426,0.21299999999999997,0.3709040747028862
0x1c2424869c3b6b05e04237258d764258ca95bfc0,True,2000,1041,432,609,41.5,3458.33,56,1784083214756,1788702519548,53.5,831.89,0.241,14328.063491,0.759,0.37045840407470293
0x0e6d1d7aecf601d2c000f0baea0b9bf6ab358fe7,True,2000,884,414,470,46.8,2385.86,61,1780494973325,1788463497607,92.2,300.07,0.126,0.0,0.874,0.3700127334465195
0x0e367b5db0ca2e68faad3b9e850155956b0f9e6b,True,2000,947,690,257,72.9,2240.52,35,1750627143889,1787879064733,431.2,-2721.07,1.214,0.0,0.0,0.3698217317487267
0x03f873e351c7708f2611479b4bc33818c3a015be,True,2000,980,462,518,47.1,1905.65,39,1766884202564,1787025966130,233.1,295.42,0.155,0.0,0.845,0.3696731748726656
0x038b716928a41ea42253ac043af4f8fdcd940098,True,858,456,216,240,47.4,11106.9,22,1750545242217,1784236928866,390.0,4403.88,0.396,0.0,0.604,0.3688030560271647
0x1095734e174ed0fa5ddb96c537504ad94e2125c3,True,2000,457,50,407,10.9,44167.72,5,1782061755623,1788397251068,73.3,138841.6,3.144,260715.727088,0.0,0.3687818336162988
0x13937d2c1d4b3d96ada88e265e6ce73eeb691869,True,2000,1039,455,584,43.8,4844.54,130,1781835813617,1788744611435,80.0,-2021.35,0.417,0.0,0.583,0.3686757215619695
0x19a837a58f819970a3c044222668ce21ad9fb557,True,2000,1066,529,537,49.6,4925.0,32,1741050264453,1788394976567,548.0,4480.0,0.91,15457.379918,0.08999999999999997,0.3684847198641766
0x04294c0a1856336876fc223fb5383503d2f46168,True,603,269,58,211,21.6,28086.14,23,1741628537740,1779966187741,443.7,12327.24,0.439,0.0,0.5609999999999999,0.36774193548387096
0x01421dec3b578994fb013e17b29c24c267d175dd,True,2000,1084,540,544,49.8,622.91,54,1779784376289,1784383384408,53.2,-97.1,0.156,0.0,0.844,0.36693548387096775
0x1585e584519e4f6eca9d396b4125cbbd8890a393,True,2000,1179,525,654,44.5,2289.98,24,1780796578880,1788466082311,88.8,641.73,0.28,1284.278921,0.72,0.36668081494057725
0x00242f7db0baf9b5e3c49275def8e7a7948f4ab8,True,729,328,146,182,44.5,6621.08,11,1747940170708,1787168084461,454.0,-1021.35,0.154,0.0,0.846,0.36665959252971136
0x158500be9feb3bb99569904b7786b0d2842d3bb5,True,674,237,132,105,55.7,7411.19,15,1780171881035,1784043003167,44.8,2825.33,0.381,0.0,0.619,0.36651103565365023
0x08a0d6ff6fd9cdd29ba4855639c1d8b1355ed58d,True,1507,607,373,234,61.4,3932.63,34,1731352202252,1787956312103,655.1,1667.43,0.424,0.0,0.5760000000000001,0.36642614601018675
0x0afd2db257c8cf5f5648ed36e792717f23db83e4,True,508,229,158,71,69.0,7771.69,28,1770481557812,1788298266016,206.2,-7784.17,1.002,0.0,0.0,0.3660653650254669
0x0caed50b4fe1f27e8cbbee794b35e5a94a6b8255,True,1247,565,358,207,63.4,2915.39,12,1774233439924,1784652509032,120.6,1032.1,0.354,0.0,0.646,0.36534380305602715
0x178f639a89797fab52dd5cfcaddd383a563ffb78,True,2000,236,75,161,31.8,14473.16,8,1786467699295,1788604079203,24.7,3066.0,0.212,111042.930653,0.788,0.3652801358234295
0x098c62f2e7527e9a837102052a06b00c21a73892,True,2000,940,449,491,47.8,5544.84,16,1768027408841,1779771219706,135.9,2403.88,0.434,0.0,0.5660000000000001,0.36521646859083196
0x0151ab3e652dfc67d6dc693e1f50ce546f07291d,True,654,249,72,177,28.9,18200.65,9,1732906018752,1781136000009,558.2,-5210.33,0.286,0.0,0.714,0.3642826825127335
0x0a47605d9bfa763028d98d0aa64d0fdafd21fb59,True,1007,484,281,203,58.1,4629.94,22,1739342952864,1787584999790,558.4,1744.15,0.377,0.0,0.623,0.36394312393887945
0x06657d080b35315a011f60d4c78cb5d599d718a5,True,463,207,175,32,84.5,4240.37,7,1752864232993,1788714762117,414.9,-9231.94,2.177,13423.899799,0.0,0.36334889643463497
0x16644220b534b64d4021ff04826306f138824bad,True,1903,921,421,500,45.7,8612.96,53,1704268537893,1788199179117,971.4,6364.85,0.739,1699.973918,0.261,0.3629668930390492
0x08e9929b463323cd27301ccd2bdf88e3defad669,True,1357,510,267,243,52.4,10233.68,25,1775551391671,1788464349947,149.5,7175.41,0.701,12389.326388,0.29900000000000004,0.3629244482173175
0x0e3dd827fab17bc7cfc2640689effb0a0873845b,True,2000,1044,448,596,42.9,3483.02,21,1787146829211,1788732463151,18.4,1085.99,0.312,1052.40384,0.688,0.3624787775891341
0x09a06f92326118a4b995df249bbd378bd0d3e538,True,1212,605,290,315,47.9,7508.75,31,1738642922213,1781481344591,495.8,2602.16,0.347,0.0,0.653,0.3624575551782683
0x18b2a61d1a804fba6570ff186f05f5884194571b,True,2000,1010,556,454,55.0,3567.04,2,1770822952407,1775663161003,56.0,-3151.57,0.884,0.0,0.11599999999999999,0.3622665534804754
0x05336e92edef2883d5cca2aaeee1b63187cef177,True,2000,1093,593,500,54.3,2972.77,35,1781010761900,1788704915434,89.1,2874.74,0.967,0.0,0.03300000000000003,0.3619482173174873
0x151ca3a8efbdf449b4fedb4ff6281dc7c29aa1cc,True,2000,616,435,181,70.6,3136.56,19,1787227040069,1788753916079,17.7,-2335.89,0.745,58693.873453,0.255,0.3619482173174873
0x110eb927368c8173ddff27744db046939c66cc4d,True,2000,687,314,373,45.7,9287.32,39,1771159890632,1786386094875,176.2,3794.92,0.409,0.0,0.591,0.36150254668930387
0x1ad066c13a494b07f8d7252b9c81bd2be71ff29d,True,2000,972,543,429,55.9,1836.79,32,1752837341209,1788458480924,412.3,643.2,0.35,0.0,0.65,0.3605263157894737
0x158f83fea34f700024bf75a4983797a10a856eb4,True,483,319,168,151,52.7,9513.06,18,1763337600032,1784815045065,248.6,-4615.0,0.485,0.0,0.515,0.36033531409168085
0x0d15525acdbc08c94c662267b8f1705c7ce162f6,True,432,205,115,90,56.1,8397.16,17,1732929513450,1788710899894,645.6,4165.95,0.496,26787.857004,0.504,0.3594864176570458
0x11d61fd03ac9f907ac820e7bcb372de6fd1b5677,True,241,103,67,36,65.0,7094.25,1,1783572100878,1784505599027,10.8,5146.4,0.725,0.000462,0.275,0.35946519524618
0x1742c73c3bdff1a96e3d3a1de896858377b09846,True,89,60,39,21,65.0,5505.44,1,1775433648744,1788300785823,148.9,2367.31,0.43,0.0,0.5700000000000001,0.35874363327674025
0x0bda16d664369e08a28f756a59141afb02db452e,True,780,344,204,140,59.3,2088.55,23,1780805028119,1788668307753,91.0,348.22,0.167,1336.113149,0.833,0.35855263157894735
0x120ff0f2671e8f9db47c9ba0364208f0c6698ab2,True,1785,947,652,295,68.8,1258.58,21,1761959043938,1777542710911,180.4,-799.06,0.635,0.0,0.365,0.3581281833616299
0x156362ed8dad31f9226350fa747f6eea9fdd0cd8,True,2000,1002,579,423,57.8,2221.09,68,1733357386012,1788728627000,640.9,-1516.43,0.683,4566.373282,0.31699999999999995,0.35721561969439725
0x1c4c53bbf7182524bb124b3638d07c073d801bbe,True,2000,912,449,463,49.2,6568.42,6,1780693987470,1782512106055,21.0,4866.32,0.741,0.0,0.259,0.3567275042444822
0x06411b5a5fd08cf3a0b855eea99766918066b644,True,433,179,52,127,29.1,27852.42,11,1776998464275,1788504943744,133.2,13621.91,0.489,0.0,0.511,0.3561969439728353
0x15e52a04b9d6de94332499dc8690950cb833ed6c,True,1198,584,207,377,35.4,9528.06,13,1759105666643,1787185515209,325.0,2174.25,0.228,0.0,0.772,0.3549660441426146
0x03040808812d5519555c0c4844d6ea913ed8c32e,True,148,66,31,35,47.0,17782.33,8,1752806727695,1787375477921,400.1,10395.75,0.585,203.126364,0.41500000000000004,0.35490237691001697
0x13452b5cd572c7873539e7287cadd859d3f63cf5,True,873,443,317,126,71.6,3748.68,22,1769611044195,1779408000060,113.4,3665.55,0.978,0.0,0.02200000000000002,0.3542657045840408
0x0d450cb737f73f2985e9c39976fd00d6b94bf3d7,True,2000,872,237,635,27.2,15242.2,10,1787885798045,1788745477387,9.9,10442.67,0.685,0.0,0.31499999999999995,0.3539261460101868
0x0c91ed981f47110ac6163c5d148851fd54fe198d,True,1408,581,307,274,52.8,8172.12,50,1732912151010,1788644508683,645.1,6131.24,0.75,0.0,0.25,0.3537988115449915
0x1747e9b568a1f9c63a593f1d27a8acc06b224447,True,134,44,33,11,75.0,2938.38,17,1755660281157,1788393600075,378.9,1240.0,0.422,0.0,0.5780000000000001,0.3519524617996605
0x0868f6c3d161fafc9164e7286ffdd65776b536aa,True,2000,1298,460,838,35.4,7876.12,13,1785458337684,1787394477478,22.4,10256.35,1.302,0.052686,0.0,0.350848896434635
0x02ee0af54fdf6e471a4d8f532d2531e6f0929348,True,2000,486,142,344,29.2,11813.36,9,1787791321725,1788743013942,11.0,3145.0,0.266,10862.187993,0.734,0.34978777589134125
0x014b2eda4135336183ab7f6565dc98dc97c35f47,True,1101,495,275,220,55.6,9872.67,25,1752130413582,1788670061932,422.9,20034.72,2.029,2647.21,0.0,0.3494482173174873
0x047f3853f3d89e5a61344749519de7a66fd4f9c4,True,2000,894,403,491,45.1,11274.61,15,1787322182641,1788533067873,14.0,16593.21,1.472,73927.666955,0.0,0.34912988115449917
0x1a8ab6753b1ec8c6768dc1e6d66410d54129bb9c,True,569,257,144,113,56.0,9108.3,17,1765429002846,1775592381964,117.6,7074.48,0.777,0.0,0.22299999999999998,0.3485993208828523
0x14a0567b9096e08ac7d7440ee5ce6e8c4ae7fd4f,True,2000,719,681,38,94.7,997.9,21,1736733568147,1788528895593,599.5,-1468.16,1.471,2975.796007,0.0,0.3484719864176571
0x10c2fbbc820dfa9ea775de769f2d0a86e9d0485d,True,2000,819,543,276,66.3,3560.83,9,1744220355488,1773773914374,342.1,-4885.07,1.372,0.0,0.0,0.34813242784380305
0x101315a427e6083f93a1f9676f1cd6385ea2c8a9,True,844,402,161,241,40.0,9270.73,11,1757755374450,1787877756268,348.6,2328.81,0.251,0.0,0.749,0.3478777589134126
0x103609a881b6777febfc1520cc4922f736b828c2,True,646,289,251,38,86.9,1436.63,1,1775203807729,1788737955675,156.6,866.65,0.603,6313.653354,0.397,0.34772920203735147
0x0f16d8af1abdcd8d2f0f18b4d797d4fe52e7226e,True,481,242,129,113,53.3,4856.12,7,1772054569375,1781120892423,104.9,1175.52,0.242,0.0,0.758,0.3476867572156197
0x082ccdcd0edb13c3a86c7daba0fa02b5de5e3ad2,True,1030,483,267,216,55.3,5118.88,18,1760804076798,1788354864742,318.9,2208.6,0.431,0.0,0.569,0.34700764006791174
0x13a5755535f27a2db363fee1cadb39475dc42c49,True,2000,708,437,271,61.7,2883.95,16,1759304829003,1788749727711,340.8,-1403.21,0.487,0.008495,0.513,0.3467741935483871
0x0ce82e2dbcb6218a50804086e569904d0566e365,True,2000,1016,407,609,40.1,6997.42,19,1764953942023,1788532926578,272.9,-6225.0,0.89,0.0,0.10999999999999999,0.3460101867572156
0x1495bc81d08817592355f589167d3f8adcdc8601,True,73,35,21,14,60.0,8510.51,2,1770349900148,1775836369744,63.5,-6648.24,0.781,103510.262553,0.21899999999999997,0.34584040747028866
0x094a2ed822bea563b622652fbd85f1b34749d02a,True,2000,972,468,504,48.1,6779.02,44,1757762217239,1788220502173,352.5,9086.68,1.34,0.0,0.0,0.3455220713073005
0x0cd5f80b67a2e3a8144f49fd8763facf60957b2a,True,2000,970,464,506,47.8,1371.84,51,1765816432833,1786571961295,240.2,248.15,0.181,0.0,0.819,0.34431239388794566
0x01463943c5138068eafbd4e499f5c2bb1a8f6929,True,2000,1013,453,560,44.7,1679.05,51,1786523220456,1788689867956,25.1,344.81,0.205,11072.740047,0.795,0.34316638370118846
0x008a31a86fcc4d65f42d7de77d2347772211715e,True,554,170,96,74,56.5,5100.07,3,1758353323055,1776404641974,208.9,-1709.99,0.335,0.0,0.665,0.3422750424448217
0x07877883e0f9ad712a4ad0858036577c6da5daca,True,2000,1015,326,689,32.1,3887.58,11,1787105644283,1788516966579,16.3,1028.87,0.265,0.0,0.735,0.34202037351443126
0x0deb827a58f6eb88e15c91d941c33515298d0bc5,True,2000,903,540,363,59.8,3655.42,1,1764602800920,1787348169525,263.3,-68941.02,18.86,129252.295451,0.0,0.34176570458404076
0x0cc30f47f92c9c3720dff6bb587960a86fb339cf,True,1803,877,329,548,37.5,9687.85,3,1764006613970,1788270597818,280.8,-5637.21,0.582,0.0,0.41800000000000004,0.3399830220713074
0x08607c190aa427ed13ca754d0a7d8737f33dd13c,True,2000,941,532,409,56.5,1590.24,3,1780980490057,1781787453767,9.3,-619.48,0.39,0.0,0.61,0.33960101867572157
0x0c03cd1cba81b49df9a6c2034a22d7238d3b05d5,True,1668,739,326,413,44.1,3931.39,17,1774143938785,1788552002295,166.8,792.79,0.202,0.0,0.798,0.3391553480475382
0x02810a9ff42946e2d68d3c9f186cfac7f5de25dc,True,900,471,297,174,63.1,4099.74,20,1722785676228,1788741203602,763.4,-3045.18,0.743,0.0,0.257,0.3384125636672326
0x15e4bfe27b6015c7260972233b88cb9035a88237,True,2000,849,352,497,41.5,3276.41,40,1767280324903,1787802745697,237.5,600.7,0.183,0.0,0.817,0.3382852292020373
0x18586c9dad45b3440a6e44ccc72c0787be3e20fb,True,2000,960,504,456,52.5,2939.06,5,1771880403164,1788743738357,195.2,-1770.75,0.602,0.0,0.398,0.3381578947368421
0x1351c59a469dd5ec4ce592b8401b501fed2eb15b,True,1466,674,266,408,39.5,13410.15,15,1769445359502,1788456313797,220.0,10880.03,0.811,16011.734261,0.18899999999999995,0.3378183361629881
0x1a99a69d1b8a1434752ea736211d165b664264e1,True,424,112,69,43,61.6,6343.77,3,1781766038430,1788533730164,78.3,4636.06,0.731,0.0,0.269,0.33741511035653654
0x078e7b27114e2a2e23c14e8c64fc8222d9dddba0,True,28,17,17,0,100.0,243.47,2,1776437180188,1787717395901,130.6,89.71,0.368,0.0,0.632,0.3367572156196944
0x12315fdcbb038452d52e3283eae6859017b163ab,True,2000,984,722,262,73.4,726.46,18,1783329790387,1788100528927,55.2,-1023.16,1.408,0.0,0.0,0.3362478777589134
0x092fc6759a3b5dc91dba06af89f4f8775b2a3d53,True,2000,720,360,360,50.0,7289.8,10,1776343681344,1779321600086,34.5,-6045.71,0.829,0.0,0.17100000000000004,0.33580220713073006
0x0e52e2e23dcc5687951b741ad2611da4d63f0106,True,729,508,77,431,15.2,5517.57,8,1770319733388,1787510140332,199.0,669.77,0.121,0.0,0.879,0.33391341256366724
0x0a9ae31839d05ebeced458a339a3ad7b5a138734,True,2000,955,338,617,35.4,6194.44,14,1785967401466,1788743737823,32.1,2861.89,0.462,0.0,0.538,0.3331918505942275
0x0d30dfc6efe08ec1844dd59e320ec46eda18d198,True,198,84,73,11,86.9,1544.5,9,1778219019700,1787210119679,104.1,918.77,0.595,2766.229254,0.405,0.3328735144312394
0x156c849f1cd6f6d4d541b5c712eb26d0a0d2d8d5,True,1163,480,303,177,63.1,1094.4,6,1747122304641,1788749679499,481.8,-244.0,0.223,119.1906,0.777,0.33285229202037353
0x18e0c5ae56412f30190746f919b9322b9cb515c5,True,697,360,191,169,53.1,5021.33,24,1760249620854,1788465633597,326.6,1877.53,0.374,0.0,0.626,0.33274617996604416
0x0e1a27b09821969de9b3b219f98714bdd695e4d5,True,2000,963,413,550,42.9,1054.31,19,1775761636186,1777548635490,20.7,-137.77,0.131,0.0,0.869,0.33257640067911715
0x12d5bb835baef14c934c8ee917f9c3fbf5a1e5a3,True,970,509,317,192,62.3,4113.48,7,1772260979129,1782919551037,123.4,3884.27,0.944,0.0,0.05600000000000005,0.33217317487266557
0x166e3ce8d091ceff2e70d593cc5397e3a510adcc,True,2000,939,318,621,33.9,5369.68,42,1733512783271,1782588631425,568.0,1801.16,0.335,0.0,0.665,0.3319609507640068
0x0a74bbab2736339d633315195a90b15fd056b43a,True,2000,646,494,152,76.5,2010.4,33,1784838865710,1788742896288,45.2,-4049.52,2.014,0.0,0.0,0.3317911714770798
0x01926ddc6f829b4afff1c18e6b3efba0e834ca0e,True,71,29,24,5,82.8,180.6,2,1787802016466,1788735797453,10.8,37.62,0.208,0.0,0.792,0.3316638370118845
0x0c33a2fdebca39a7359541a4e36e8f7bea89446b,True,2000,901,473,428,52.5,3478.27,1,1764033491375,1788743632414,286.0,2143.19,0.616,3866.160346,0.384,0.3315577249575552
0x10cbdd394c92c2664c4584e7d9754fb9bcc3aa28,True,2000,251,232,19,92.4,1823.48,15,1778687105846,1788705138366,115.9,-3371.5,1.849,8286.677238,0.0,0.3314516129032258
0x0e37e0229045e36b69de4fcdaa9839fff0060bb6,True,1725,856,639,217,74.6,1504.04,8,1770765663994,1775225040591,51.6,-1930.87,1.284,0.0,0.0,0.3308149405772496
0x10b4c1fbcc63e90b8747c6f4f7b072b516c7d439,True,2000,998,566,432,56.7,2645.39,12,1786986322136,1788718355769,20.0,2708.01,1.024,0.0,0.0,0.32973259762309
0x01031ea895b673925344535796c928791f461750,True,684,319,185,134,58.0,2851.01,4,1762262770805,1788477634315,303.4,-886.55,0.311,553.425196,0.6890000000000001,0.32918081494057727
0x146d7676fa143f4e2c8219c8544ee979102e05e5,True,106,37,27,10,73.0,966.34,2,1784033705454,1785231794154,13.9,210.27,0.218,0.0,0.782,0.328544142614601
0x08ded09ac362fc6ede9eb17f07f4000801ecb4a0,True,1923,966,594,372,61.5,2057.28,3,1779296807535,1788681895660,108.6,10829.0,5.264,8706.484416,0.0,0.32831069609507635
0x0f294219fc9b55ffbf50f1427c6137716cbc5b30,True,771,424,169,255,39.9,4416.79,10,1773018524254,1788636158239,180.8,658.1,0.149,0.0,0.851,0.32733446519524617
0x0c91b896e52b5527686765007eafcc6ac1311244,True,2000,1102,726,376,65.9,529.24,27,1772993210093,1780945705829,92.0,-1838.28,3.473,0.0,0.0,0.326188455008489
0x08b410884d00b578fe85d874eba4d3010e71c224,True,2000,1059,350,709,33.1,4564.63,4,1783622482489,1788018683453,50.9,2308.94,0.506,0.0,0.494,0.32563667232597626
0x1742608731e389539b0d33a986d24b842168b0a9,True,94,61,45,16,73.8,114.19,2,1763018250935,1788462342862,294.5,17.14,0.15,105.795998,0.85,0.3245118845500849
0x134e50bbfffdb8c4396b6bbca81d90c5026d25c0,True,2000,669,428,241,64.0,1570.99,20,1783786798985,1788656754280,56.4,-696.76,0.444,454.660078,0.556,0.32432088285229205
0x0de99a56b618973db41f19eda59f62c0c9daf1df,True,1078,472,226,246,47.9,7371.9,4,1769611592653,1787646123082,208.7,4030.46,0.547,0.0,0.45299999999999996,0.32406621392190155
0x1582b06d8c4b6c5990e2ba951d88a88363dab891,True,1593,401,255,146,63.6,2678.45,10,1737461549896,1785128421840,551.7,-1416.2,0.529,0.0,0.471,0.32353565365025466
0x1971c27e080b21aa0eeef71203a3ff2d29eef620,True,844,453,134,319,29.6,15612.48,13,1767374286021,1788747178049,247.4,9659.91,0.619,0.0,0.381,0.32330220713073005
0x12d1f7f6f7970c08f513c3c89c2df0cb18aa45f5,True,891,484,249,235,51.4,3480.24,6,1781549011387,1787702100479,71.2,1052.15,0.302,0.0,0.698,0.3220288624787776
0x19c18b5e48425ed1d90eb6450a9113bcd65e555f,True,71,20,16,4,80.0,3289.96,3,1760259762064,1787161536889,311.4,4634.8,1.409,16147.311054,0.0,0.3212011884550085
0x180906a0ef400e4747eac35d4e02ffa18979e328,True,2000,1003,535,468,53.3,2987.85,3,1787625505039,1788727199161,12.8,3271.01,1.095,76176.46568,0.0,0.3210101867572156
0x0a030fbc66d23d38f692760ddf1718a8977ebcd2,True,1509,555,220,335,39.6,4832.18,15,1785763630444,1788742814390,34.5,-1065.52,0.221,28349.617377,0.779,0.31646859083191853
0x11c4e16d53481015d212d8e2f92c4ec3da31a501,True,2000,1000,383,617,38.3,983.66,20,1782450131761,1788230052294,66.9,150.87,0.153,0.0,0.847,0.31566213921901526
0x0083970e24ab25ab706bb8a45d453f474066c190,True,2000,907,410,497,45.2,2480.35,15,1781868144356,1783942011436,24.0,727.63,0.293,0.0,0.7070000000000001,0.31561969439728355
0x0b84a5ef9968793acc859768decc7bf2cd8d4435,True,67,26,20,6,76.9,241.27,11,1752564357461,1788512243312,416.1,52.29,0.217,1494.66788,0.783,0.3147071307300509
0x158167c270ef86e39bf0442a6fac8b7f37c793f5,True,1410,698,363,335,52.0,6655.76,22,1735935874824,1788442080521,607.7,7032.85,1.057,0.0,0.0,0.3143039049235993
0x036dda4d4c94f7b473e8662b480a39c344e575a2,True,329,152,130,22,85.5,974.71,12,1752277537368,1783477447933,361.1,631.37,0.648,0.0,0.352,0.31266977928692696
0x0823260d4565c75885f81e42cb8dba07c5387bee,True,2000,838,490,348,58.5,3118.77,25,1777371386430,1778596532159,14.2,-4613.31,1.479,0.0,0.0,0.3113539898132428
0x04a5a1589d3e3dfe579fb024410728c3ad5edf74,True,2000,1103,578,525,52.4,119.06,69,1771922064959,1788575937309,192.8,40.48,0.34,285.712326,0.6599999999999999,0.31097198641765705
0x0bf875556ac5f369415c18b22b1ec1e3a35a76ac,True,2000,1123,228,895,20.3,4860.95,10,1770033910096,1777564287098,87.2,3842.66,0.791,0.0,0.20899999999999996,0.3105687606112054
0x16f368bfaa9308a4b1728f5356001f58b914caab,True,2000,1069,214,855,20.0,4501.4,21,1755702467005,1784128670347,329.0,2487.66,0.553,0.0,0.44699999999999995,0.3103353140916808
0x12632d9e35a85aea80da175c253bda4e0220d4b5,True,854,391,231,160,59.1,1301.93,34,1783189196945,1788670268144,63.4,316.69,0.243,1070.305094,0.757,0.309974533106961
0x01a66607e2f13f89c1af094e7bac50082f094686,True,2000,973,200,773,20.6,4449.46,3,1779472273701,1788738023528,107.2,1656.84,0.372,609.876282,0.628,0.30929541595925303
0x07dd9c3342115690f6a3a90a4e0a97036594f00c,True,1056,524,348,176,66.4,2936.69,5,1772441760590,1788724088118,188.5,-3185.99,1.085,0.0,0.0,0.3091893039049236
0x098a67300b3ea57be03bc7fe7a54680e50676e93,True,2000,1016,395,621,38.9,2948.45,30,1778158406143,1788644015853,121.4,1295.15,0.439,1928.170708,0.5609999999999999,0.30906196943972836
0x06e44a1384e76946b3d207711e0431eacbf9ea1a,True,1774,892,375,517,42.0,4789.91,8,1781076209810,1787573434237,75.2,2595.75,0.542,0.0,0.45799999999999996,0.30772495755517826
0x13093ad55aa9d06181a6725be72f37c8faf50c19,True,1593,696,378,318,54.3,2232.88,26,1761071999196,1787169080417,302.0,884.4,0.396,0.0,0.604,0.30691850594227504
0x119d3f5250ab969a659ed983c55c2ed787213fe5,True,497,247,88,159,35.6,12489.2,8,1769991874086,1788525102973,214.5,6396.67,0.512,0.0,0.488,0.3064091680814941
0x07c3c91a2316e50ce0230efbad4f3fc52774b98e,True,2000,1034,409,625,39.6,2671.08,142,1774636205648,1784120112521,109.8,1254.37,0.47,0.0,0.53,0.3061757215619694
0x0fa83a8149020bd889d98fe8d51b84746fcc61d3,True,2000,963,419,544,43.5,1482.25,51,1786438443952,1788690898556,26.1,360.86,0.243,9759.025132,0.757,0.3061544991511036
0x07f1424ae4f3f7d11c4b165bd67c6a9cb41cedb2,True,124,70,27,43,38.6,9373.81,1,1779554418846,1788356699177,101.9,2836.12,0.303,34178.09808,0.6970000000000001,0.3044991511035654
0x048d34d5fcfb2589b713348990fa7a0e22805e9b,True,859,364,265,99,72.8,2250.33,12,1770333204969,1787185733918,195.1,2263.5,1.006,0.0,0.0,0.30348047538200335
0x0e16470bb0c40b3cbbf953d0687fe313b08f52a9,True,579,245,155,90,63.3,1622.54,12,1770136235221,1780790400085,123.3,-576.01,0.355,0.0,0.645,0.30318336162988113
0x17781d5424cd78e6332222a4d9a893497e83a2e5,True,2000,884,458,426,51.8,1890.07,73,1756263322317,1788526766220,373.4,-810.93,0.429,0.0,0.571,0.3027376910016978
0x0c37beb3380e9b602bba31f14b5302da5eb0292a,True,204,108,61,47,56.5,2909.32,13,1735261414951,1787300130692,602.3,932.25,0.32,1969.284118,0.6799999999999999,0.301018675721562
0x183a48331b4ee0d2253d7d23a4b1cbc10075b5ae,True,491,186,154,32,82.8,915.15,31,1704040309387,1779321600086,871.3,-716.41,0.783,1777.737607,0.21699999999999997,0.29959677419354835
0x0b0a6c36ad7f696a41f7de287eeb390f6167d339,True,2000,1118,441,677,39.4,4010.58,10,1773165725340,1781129964888,92.2,-4861.8,1.212,0.0,0.0,0.299151103565365
0x0c05e8f46c1d0fecf14915414cbb0283953ce7fe,True,2000,959,492,467,51.3,1598.2,5,1773941562885,1780785626099,79.2,-870.82,0.545,0.0,0.45499999999999996,0.2985356536502547
0x1457351df210787857216c7242b9d6c7acc6c201,True,2000,942,427,515,45.3,3120.82,16,1780593673714,1788198680722,88.0,1887.6,0.605,0.0,0.395,0.29847198641765704
0x039c1dc416ceb08d17ea8a3e20ce3f17fbd8cef1,True,1759,819,313,506,38.2,4729.48,12,1771826876745,1788464506218,192.6,1862.32,0.394,1376.158826,0.606,0.2983658743633277
0x11114238a0ad78bd8cab7d6d1e7ea5c61637b08d,True,2000,984,470,514,47.8,1855.5,161,1749011648459,1778420974326,340.4,964.49,0.52,5000.0,0.48,0.296795415959253
0x0f4172e655c1b6f707f01b81c46662aa777fe45b,True,2000,995,162,833,16.3,7640.28,11,1779805840411,1787758181065,92.0,10041.64,1.314,0.0,0.0,0.296455857385399
0x169808b1a452278b05f1dd285e86a6df03c8f931,True,2000,1012,440,572,43.5,980.59,51,1786263489364,1788704026214,28.2,276.88,0.282,74773.649077,0.718,0.29590407470288627
0x069465d8c8969eff8a1eb8c002d2e1385c84972b,True,2000,923,448,475,48.5,880.56,12,1786386238043,1788716196437,27.0,-230.02,0.261,716.557506,0.739,0.2957979626485569
0x017e887cf1c3227d08eac47a45abc765955ae114,True,2000,1089,592,497,54.4,1194.9,10,1768587940649,1778868935102,119.0,-2382.79,1.994,0.0,0.0,0.2954584040747029
0x09fc12362961a5ef7ee1310005a967f07ae4e619,True,1145,413,279,134,67.6,1374.03,5,1780395399933,1788743355153,96.6,881.96,0.642,8296.577542,0.358,0.29467317487266553
0x121364cb17928c002b5b1f1723f39ebdd4cae1d3,True,2000,1059,293,766,27.7,2771.62,10,1764057428936,1786631655363,261.3,1192.77,0.43,0.0,0.5700000000000001,0.2944397283531409
0x08d04ca4a84eab20b43bd74671db8e46b745488b,True,1127,508,191,317,37.6,7719.51,28,1741234527429,1788740408299,549.8,-3891.58,0.504,9383.739023,0.496,0.29410016977928694
0x02e1205e87032f986640226f5388041a59e5f098,True,834,264,173,91,65.5,3328.38,17,1748868306086,1784299086614,410.1,-7798.37,2.343,24066.436629,0.0,0.2938030560271647
0x0fdd5a8d0a9cd0b360a840c064c13d7d38fcc3f2,True,1143,495,254,241,51.3,4798.89,20,1756290710540,1788690694244,375.0,-3764.33,0.784,55096.803776,0.21599999999999997,0.293081494057725
0x0e7e56b83132cfe02e355e43f4f3f455a9b8f472,True,2000,805,560,245,69.6,1077.87,11,1782685600636,1788462327134,66.9,3158.05,2.93,0.0,0.0,0.2928268251273345
0x0331ad62afc5394c36c214dea76c3d3960a7853c,True,2000,884,404,480,45.7,3851.44,6,1787607928596,1788540472984,10.8,2769.8,0.719,8819.670914,0.281,0.2923387096774194
0x01d6934527c32c0f772487d988b790b827b068c2,True,540,209,149,60,71.3,2530.87,4,1785140185760,1788714611217,41.4,3886.96,1.536,15486.080775,0.0,0.2916383701188455
0x06b48749d4c99fb8a1c69477d923a3654ac93ba9,True,2000,888,681,207,76.7,99.14,92,1778081936829,1788724955592,123.2,-2864.55,28.894,0.0,0.0,0.29159592529711376
0x048d3a6ac78acc7c342b482bc767f5110cd866ec,True,1011,486,239,247,49.2,5770.32,31,1759120547735,1788705697347,342.4,-5145.78,0.892,23480.417481,0.10799999999999998,0.2909592529711375
0x0ed15e57520ae1ed39b6a691330255593216f285,True,2000,826,556,270,67.3,1165.08,10,1779952053341,1787217045118,84.1,-1834.07,1.574,0.0,0.0,0.2907258064516129
0x1169a721e2e2052ac3768ca3a6e120b745247097,True,2000,951,596,355,62.7,864.38,49,1779147596730,1788540120503,108.7,-10753.23,12.44,0.0,0.0,0.29057724957555175
0x059826bdae5620a99480d428c82d806dfa7787d7,True,2000,887,320,567,36.1,3041.41,27,1787522931312,1788732601831,14.0,948.24,0.312,1232.510097,0.688,0.2899405772495755
0x0cd235d8ac11d458549a11ed2c2df8761595a684,True,2000,712,471,241,66.2,854.71,22,1769725253943,1788648936834,219.0,-612.56,0.717,225.484403,0.28300000000000003,0.28970713073005094
0x07c84e7c2eccbd60ef0a8460557fd52cd5d215b8,True,2000,857,451,406,52.6,2493.22,18,1786765769020,1788734548941,22.8,-2092.22,0.839,20463.480681,0.16100000000000003,0.28622665534804753
0x01e25aedc3484cf5d18187272dd0aa9dfe42d1f2,True,2000,546,280,266,51.3,165.46,10,1787437056713,1788723545276,14.9,20.29,0.123,3112.359843,0.877,0.28612054329371817
0x058039c7d560d2c21fea88ccd3c7cbd6f2500201,True,145,78,47,31,60.3,1234.42,9,1771230054439,1779526023904,96.0,318.6,0.258,0.0,0.742,0.28471986417657047
0x1a986b2d01020d4b066a7abebf6163a2b7f35004,True,2000,1047,335,712,32.0,3467.25,2,1784971014051,1788754359007,43.8,2587.83,0.746,77.535742,0.254,0.2846774193548387
0x15f5c356656abba5a4b51f342b65a2b0ed36ab71,True,2000,1011,336,675,33.2,1681.39,1,1772522468501,1788673282961,186.9,509.22,0.303,0.0,0.6970000000000001,0.2841893039049236
0x0223687db3a44b02f6ae714b39bfe96d575d96d7,True,2000,1193,417,776,35.0,3484.65,40,1782204379659,1788671654721,74.9,4021.88,1.154,1260.3285,0.0,0.2841680814940577
0x0c9235d0d20eb817c29de0f2304b0821be81a803,True,2000,1053,555,498,52.7,378.94,26,1773418622575,1788716389246,177.1,-239.54,0.632,502.217376,0.368,0.28380730050933783
0x1bfbcd00169b72a5cf68b13840017abd865a0317,True,226,149,108,41,72.5,1377.34,2,1784632173398,1785292336622,7.6,-996.87,0.724,0.0,0.276,0.28336162988115454
0x0f2d43f5de810ca6092f9be51297d439db6549c3,True,2000,994,543,451,54.6,1417.0,10,1779795534057,1788221189937,97.5,-2770.6,1.955,0.0,0.0,0.28323429541595924
0x1767c1fbfdda81bbb907c46f9863e0664eccbd9c,True,187,98,71,27,72.4,623.0,9,1783524235555,1786467128306,34.1,-254.6,0.409,999.60113,0.591,0.28204584040747027
0x0427453e5fdbc8e49e1a938cde70499dabc8891e,True,2000,871,428,443,49.1,2954.79,17,1767825306548,1788705139200,241.7,-2577.25,0.872,19710.287455,0.128,0.28119694397283534
0x1814668f7f96d50592979c30676d68cc1990d6dc,True,2000,1102,630,472,57.2,279.48,4,1776715897711,1779375292367,30.8,-1473.97,5.274,0.0,0.0,0.28098471986417656
0x0291a693f958d398795dc17ff8d3adfe72a85db1,True,379,267,132,135,49.4,6004.84,2,1781845045554,1783615905618,20.5,4862.84,0.81,0.0,0.18999999999999995,0.280072156196944
0x0c370814a32121dd2da831e2bf4c2ddd0e3f4ff5,True,464,230,155,75,67.4,2527.04,5,1785925753027,1788566400005,30.6,3664.29,1.45,0.0,0.0,0.2794991511035654
0x169c4d48aa155347de49a7013985a993bac34013,True,2000,961,524,437,54.5,890.99,35,1755544479891,1787167648608,366.0,-700.02,0.786,0.0,0.21399999999999997,0.2792444821731749
0x1c76e6bb1c54e925ce062c5d809eb5cbd04ea22d,True,2000,891,302,589,33.9,4552.88,7,1766117835154,1785786993761,227.7,2542.02,0.558,0.0,0.44199999999999995,0.2786714770797962
0x11fcd60092b0b318f72863c27e295f24bf719069,True,2000,890,372,518,41.8,4271.21,3,1782997624679,1788709868078,66.1,3606.92,0.844,0.0,0.15600000000000003,0.27860780984719863
0x01e281a2791ae991f8a5aa625a5d582298d9d9a5,True,131,37,27,10,73.0,1686.0,2,1778192888652,1787302972343,105.4,1631.14,0.967,0.0,0.03300000000000003,0.2767614601018676
0x0c6de718f01489bac7006ae6e1c41a044c7da332,True,812,375,252,123,67.2,637.04,100,1762679641442,1788673950566,300.9,333.45,0.523,402.92059,0.477,0.27635823429541595
0x0007a981734f304dad9cf452dee0909cb845e22a,True,514,288,113,175,39.2,6198.33,2,1771656852759,1787276896335,180.8,2498.64,0.403,0.0,0.597,0.2757640067911715
0x04cd1cc32150a04fd760397c8c254161bd888888,True,920,486,205,281,42.2,3569.51,10,1783003428390,1788727079357,66.2,1206.07,0.338,0.0,0.6619999999999999,0.27544567062818337
0x15644242581131594413ef72346ac5c5305b8add,True,2000,991,613,378,61.9,220.76,18,1784473852556,1788532954818,47.0,-16280.49,73.746,30449.273708,0.0,0.27497877758913414
0x09581f01d8ce45c07f31908ac9eec8a87fe32cf0,True,2000,999,425,574,42.5,582.04,51,1785745729934,1788689457007,34.1,170.75,0.293,37346.638961,0.7070000000000001,0.2742359932088285
0x0e3b7b68dbbdac51c9ef97cfe29258214a220ee1,True,2000,856,571,285,66.7,542.2,37,1785844585992,1787946242569,24.3,-1406.04,2.593,0.002434,0.0,0.27151952461799655
0x01b002ac8c15de40eaee07fcbaa585400f7916fd,True,2000,892,486,406,54.5,990.72,11,1776674184803,1788709000629,139.3,-674.74,0.681,0.0,0.31899999999999995,0.27117996604414263
0x001ac3f0972b620cd6be82ba54d111614d7d48fb,True,2000,896,288,608,32.1,3373.58,5,1783087939494,1784267158454,13.6,1459.64,0.433,0.0,0.567,0.27115874363327674
0x08cbf900b3aa904219b66b5a8fb43f33307313b2,True,2000,922,485,437,52.6,1998.89,21,1776802274093,1782223941008,62.8,-3526.34,1.764,0.0,0.0,0.2698005093378608
0x18e5a896304bc2d5c3cb181acd1bf52d165fb237,True,1125,591,214,377,36.2,4358.89,20,1768495263954,1788535536230,231.9,-1575.07,0.361,0.0,0.639,0.2696731748726655
0x1a2dd2100b3b33da6cf23947276a028be1bcca6c,True,628,324,151,173,46.6,3525.64,10,1747679551260,1787665879078,462.8,1348.14,0.382,1554.040768,0.618,0.26963073005093374
0x166f46b816621049fec3d0a496cdbca2964341de,True,2000,984,428,556,43.5,664.04,51,1785832821786,1788704459392,33.2,217.4,0.327,4957.513682,0.673,0.26963073005093374
0x0ba8a02e196d97ae0a787d918f970b5c351bc6aa,True,911,481,153,328,31.8,6010.57,6,1783861781059,1787440728623,41.4,2467.74,0.411,0.0,0.589,0.2691850594227504
0x0aa0294821996cf52b54ce1131e138955504fd49,True,2000,999,425,574,42.5,508.81,52,1785661031793,1788691170345,35.1,155.78,0.306,44588.945735,0.694,0.26871816638370116
0x027720940405783e0437a60f50651e923edabda0,True,905,461,211,250,45.8,4435.96,7,1782331093344,1785490315952,36.6,-2634.14,0.594,0.0,0.406,0.2683786078098472
0x0912d6c8cc359836847d4c5ba23ada6ef8d1e1d3,True,1646,764,373,391,48.8,2612.54,6,1734454639519,1781817279441,548.2,1685.39,0.645,0.0,0.355,0.2678056027164686
0x0273b3440386d8d01d33e75d662122d710907ba4,True,1742,714,410,304,57.4,2068.97,30,1733943531377,1788673039342,633.4,-5346.34,2.584,2469.167624,0.0,0.2677207130730051
0x03d161dc865b5740049bdfa7e436e692010c009b,True,2000,996,423,573,42.5,606.98,51,1785920896200,1788687615854,32.0,198.57,0.327,53651.662298,0.673,0.2668718166383701
0x0000fb4e763a5a617e12930c67877e9d25fcf460,True,1187,657,271,386,41.2,6876.52,17,1774886420103,1788482307120,157.4,22991.17,3.343,46412.623593,0.0,0.26612903225806456
0x18b9b833c6e356f2bd8917b235f5c8113cf31a9d,True,263,71,41,30,57.7,3597.41,7,1766733119216,1788467366663,251.6,3565.36,0.991,0.0,0.009000000000000008,0.26561969439728356
0x0e090d194adcb3aca9b0864e99b82c5955bb35d4,True,2000,1100,499,601,45.4,426.96,8,1787838722986,1788581215288,8.6,217.14,0.509,0.0,0.491,0.26487691001697794
0x19914b1ea9566ad2f0b771f0e0192cba38203f62,True,137,75,63,12,84.0,330.23,5,1769953885009,1775058564226,59.1,325.6,0.986,0.0,0.014000000000000012,0.2639431239388795
0x135e24290e5237c733a11323300043d58e78219d,True,131,66,48,18,72.7,1883.17,4,1759670417056,1787208491949,318.7,3018.85,1.603,0.0,0.0,0.2638794567062819
0x1c39753991c9f5ff8ba4e0679e8695857df25d8f,True,1152,574,244,330,42.5,3170.01,21,1771717531347,1787422342074,181.8,-1258.5,0.397,0.0,0.603,0.2638157894736842
0x057931155d0c6355b1bd108b0fbfe9bc77d59ef0,True,2000,776,178,598,22.9,3150.2,13,1787703319590,1788489380409,9.1,918.44,0.292,0.0,0.708,0.26370967741935486
0x0785ca5b51858092789e80ef28a940ab8d98d232,True,1203,660,317,343,48.0,4707.76,15,1752864290240,1788739200041,415.2,5686.2,1.208,0.0,0.0,0.2633064516129032
0x069d87e1beb88eb9e6dd1e001cbe3977ff92775e,True,2000,971,602,369,62.0,114.31,40,1787592945127,1788521071582,10.7,-1235.49,10.808,0.0,0.0,0.263009337860781
0x0faf17bdaa6d0029a283c392ad1f8851490a7dd4,True,2000,83,50,33,60.2,1317.5,7,1780909180814,1788203858840,84.4,499.49,0.379,0.0,0.621,0.26294567062818336
0x13a6ca5b23738595fee7ba8adc725f8584b2450a,True,1319,689,511,178,74.2,182.31,27,1783524926874,1788377685412,56.2,-274.53,1.506,389.776057,0.0,0.262839558573854
0x05a4edbd159600128f027f2ce6c3753425fbe36a,True,355,164,95,69,57.9,3708.6,6,1768345839577,1781021744622,146.7,-5960.88,1.607,56181.25,0.0,0.2621816638370119
0x075d373bfe917381096eb5208cab2126753f844f,True,901,413,136,277,32.9,9207.98,34,1733314113472,1788695988351,641.0,8323.41,0.904,3478.806309,0.09599999999999997,0.26218166383701186
0x0dce5767c76d77639568699036dea90cbe89c404,True,1795,911,366,545,40.2,2664.04,8,1755642181142,1787322152257,366.7,-1662.34,0.624,11655.794142,0.376,0.26194821731748724
0x01343e660cd3f1447b5805d3c545920994ee432a,True,2000,864,376,488,43.5,2886.52,26,1785962014998,1788628415176,30.9,1898.01,0.658,15603.551544,0.34199999999999997,0.2619269949066214
0x02ddf94cd67f436eca466b84788af6c6dffb82e5,True,2000,1028,521,507,50.7,1184.52,60,1760112885162,1788480000030,328.3,2641.55,2.23,59018.863084,0.0,0.26129032258064516
0x098cb78fbd495bed6942553c47e5b516bab45d69,True,269,110,38,72,34.5,6860.15,3,1772617394693,1788439042098,183.1,-2611.87,0.381,0.0,0.619,0.2610993208828523
0x159aac99694e83e7f654490d622606fa7ea8dc18,True,2000,1034,421,613,40.7,430.86,52,1785573217994,1788689522500,36.1,145.87,0.339,35229.592376,0.661,0.26054753820033955
0x0d55ebb1546a3e73caa361f74c35dd4d896a5eda,True,436,162,85,77,52.5,842.6,10,1779690208412,1788446063350,101.3,-156.19,0.185,0.0,0.815,0.2587224108658744
0x12f346191b97b085fa37fa5d59d5e3d368749329,True,221,96,78,18,81.2,702.72,1,1777777527608,1787618703675,113.9,2145.23,3.053,0.0,0.0,0.2578098471986418
0x02ea27a48110ef7f7709d221a924c83e46e37e10,True,1352,561,203,358,36.2,6544.7,35,1749692920265,1787528074526,437.9,5725.84,0.875,0.0,0.125,0.25732173174872663
0x1320e688c58564626514ba621f4fc0992afeebaf,True,2000,1002,340,662,33.9,3604.67,1,1772119028443,1783691008737,133.9,4279.95,1.187,0.0,0.0,0.25655772495755513
0x0a48f0bffb94ae3d5b088d92c5b268aaab837983,True,86,41,12,29,29.3,13292.99,1,1775676092820,1781473235284,67.1,12929.47,0.973,0.0,0.027000000000000024,0.2562393887945671
0x09127c753627a84c64e374186c50810a2bf32857,True,223,115,57,58,49.6,4506.51,5,1769870580370,1788639508149,217.2,2797.81,0.621,0.0,0.379,0.255751273344652
0x151c93db33976a7db4f4089814344edb82cf6980,True,2000,985,414,571,42.0,613.17,51,1785918233107,1788689541812,32.1,223.95,0.365,5960.127149,0.635,0.2549660441426146
0x0b43e4cb3fe6b55a93616160b461aaf7f551dc93,True,1564,492,184,308,37.4,6128.39,18,1774110033415,1788516668649,166.7,4749.25,0.775,0.0,0.22499999999999998,0.25426570458404074
0x0e8e0bc185488ff2a1d2804fb80e2ae5b8e5b26b,True,2000,833,377,456,45.3,1225.22,5,1787854319287,1788726325957,10.1,427.24,0.349,19226.718828,0.651,0.25420203735144314
0x0c52cf609a3ca0e5d8836c97ccfe8855d29501e3,True,391,174,103,71,59.2,3063.02,11,1770007771691,1781616766050,134.4,-6073.7,1.983,0.0,0.0,0.2538200339558574
0x01a4c3cbdc016a58adfd5dffc359724322d2a2f3,True,1883,810,364,446,44.9,4198.26,47,1721207210844,1775834214729,632.3,-4605.51,1.097,0.0,0.0,0.2534592529711375
0x03f564e86415d23db5ccdfdd212a91d7b3ff5b98,True,2000,949,314,635,33.1,2114.58,51,1780315876603,1788536443323,95.1,995.33,0.471,4221.399316,0.529,0.25248302207130735
0x164369699b45b248e34069693928f44117912a71,True,373,168,111,57,66.1,782.66,9,1734103716060,1779728257767,528.1,-464.69,0.594,0.0,0.406,0.2514006791171477
0x000000000005dfe874f01071d0e05f99178a5cfc,True,301,141,115,26,81.6,429.06,11,1761279399191,1788566400005,315.8,-946.56,2.206,0.0,0.0,0.25091256366723264
0x11c8921a1f37fe15615d001e8ddc3883f2232294,True,1504,910,373,537,41.0,1427.67,20,1748345244437,1787941954928,458.3,598.48,0.419,0.0,0.581,0.24898132427843805
0x0d1331af19df0110826aaec6f6ef7debf85bf107,True,2000,907,467,440,51.5,1625.36,17,1760284406353,1786975659128,308.9,2484.89,1.529,0.0,0.0,0.24896010186757217
0x13b7ebc62e988186b529245add3445cd733398b6,True,2000,944,427,517,45.2,2505.98,4,1779321220984,1780617600043,15.0,3183.07,1.27,0.0,0.0,0.2486629881154499
0x08ba8355e85a0ec385d16d6b6ae93cb6919ab08a,True,442,194,105,89,54.1,1608.01,20,1730886474205,1778137681255,546.9,611.95,0.381,0.0,0.619,0.24857809847198642
0x0ea9c997ce7a64edf5ccf0fe3f4df4e7b8935cfd,True,931,362,138,224,38.1,2352.72,10,1780878920026,1787692055031,78.9,-520.01,0.221,0.0,0.779,0.2483658743633277
0x1b252f5aa0b44582fba1d4756cbcd7b39ca661ef,True,178,107,55,52,51.4,1194.21,7,1753643271612,1777534205571,276.5,267.19,0.224,0.0,0.776,0.24649830220713073
0x168d9c6b619084f681b09f269b2f52887146997d,True,237,144,83,61,57.6,3122.89,2,1782055572329,1787213643978,59.7,3454.54,1.106,0.0,0.0,0.2464346349745331
0x03e66407e629c946e62134c79edc5996b8f3337a,True,200,95,46,49,48.4,3219.36,10,1778633270198,1787934318865,107.7,1398.25,0.434,6120.681824,0.5660000000000001,0.24433361629881156
0x1518ff8f921ae7b04c39805bcb026672978b794d,True,2000,1020,432,588,42.4,307.0,52,1785661097049,1788690589699,35.1,129.55,0.422,31375.239399,0.5780000000000001,0.24390916808149404
0x0000000000004f3d8aaf9175fd824cb00ad4bf80,True,729,292,141,151,48.3,1923.22,42,1750873256081,1781740800025,357.3,671.67,0.349,0.0,0.651,0.2431451612903226
0x1778fa0d8bdf9a90dd202163873323b2fe989a10,True,1602,806,499,307,61.9,458.09,28,1733666200537,1788727536032,637.3,1034.76,2.259,0.0,0.0,0.24310271646859083
0x11b8a2cf3128ed49fc203867b59ba698903095de,True,240,121,56,65,46.3,2145.38,7,1750859271182,1788240962668,432.7,565.04,0.263,0.0,0.737,0.24233870967741936
0x12cb1df7117d7b7966c064116222416534d9c6ba,True,284,111,62,49,55.9,1647.73,4,1777253259452,1782126407449,56.4,781.15,0.474,0.0,0.526,0.24091680814940578
0x18f472ce4bbae4d1ae46809ad9fedc7894e19976,True,2000,1019,416,603,40.8,1371.11,37,1778476237812,1784749496768,72.6,1271.78,0.928,0.0,0.07199999999999995,0.24036502546689303
0x12f073dd30e17b70ad7d733636e414c64a428de6,True,2000,960,471,489,49.1,1245.91,39,1785558294367,1787581393065,23.4,1477.2,1.186,0.0,0.0,0.23851867572156193
0x159424fd94a620292a927b8164e30aaca81eaf85,True,2000,1162,452,710,38.9,621.09,64,1757926460486,1788286433047,351.4,491.18,0.791,0.0,0.20899999999999996,0.2360993208828523
0x0985d12911ffec6aef2b5b679d572d9dacc15a1c,True,2000,1039,434,605,41.8,976.55,9,1774705571271,1784188226524,109.8,872.85,0.894,0.0,0.10599999999999998,0.23599320882852293
0x1c22a775697e8d37b34caaadda8743a327973741,True,2000,922,331,591,35.9,1556.7,5,1780311698725,1783903573609,41.6,681.84,0.438,0.0,0.562,0.23573853989813243
0x1c35402c972708afca2ad9d5bd1d5759c3632dc5,True,2000,968,362,606,37.4,1684.72,22,1758830672985,1784632519098,298.6,1222.19,0.725,0.0,0.275,0.23503820033955858
0x11e70c06728598f28c79d6218f31663bde539091,True,2000,884,503,381,56.9,483.85,19,1774114602047,1788742447047,169.3,-1437.68,2.971,1147.551849,0.0,0.23482597623089982
0x113d43dc9e9a687e6e3df975d2acf31cb89bf8d9,True,2000,987,520,467,52.7,370.16,2,1783709823940,1787747424419,46.7,-2951.29,7.973,0.0,0.0,0.2346774193548387
0x0cd16f3f840852b17db7f47c270bbd1a9d082bf3,True,2000,879,328,551,37.3,2332.6,40,1765536476570,1787349130885,252.5,1469.23,0.63,8489.225396,0.37,0.23399830220713072
0x04d4ffc796a9b9244ccd00459fe2785880dcf399,True,2000,816,519,297,63.6,110.81,73,1776956450533,1788307200047,131.4,258.65,2.334,337.08952,0.0,0.23276740237691002
0x18e45d97e4ab6ac6eedd2a8161f6bf9a58b21bf8,True,279,95,67,28,70.5,413.09,2,1777227989769,1778506515063,14.8,-338.39,0.819,0.0,0.18100000000000005,0.23249151103565366
0x08a4f7c5b0021ca15d65e410b22825aadc84aba1,True,2000,483,110,373,22.8,2186.62,17,1773943554753,1788536667968,168.9,486.03,0.222,350.633785,0.778,0.2306239388794567
0x0e024cdba8377acf2d83e23090e27f5f8f490497,True,2000,1096,334,762,30.5,1009.08,37,1778158635859,1788749014876,122.6,715.64,0.709,561.375249,0.29100000000000004,0.229223259762309
0x1521277a7d5b630eb32e7809d03d54ee09ef1637,True,1241,526,241,285,45.8,3781.13,11,1747786663843,1782373387243,400.3,-9192.58,2.431,0.0,0.0,0.22894736842105262
0x17f1d3aa904d700c7b9e8e58a8b8fdab8621af2f,True,2000,924,499,425,54.0,474.59,6,1778421956637,1779293180422,10.1,1023.16,2.156,0.0,0.0,0.22865025466893038
0x01c6f3abf9fa9ef044312485f9b79f65141a49e0,True,879,407,239,168,58.7,1464.44,3,1780487802392,1788437651153,92.0,3136.67,2.142,30578.635442,0.0,0.22852292020373513
0x0383a8d660074a05ec96ff32f34b9b4eff88fe95,True,2000,953,488,465,51.2,657.04,4,1787189581667,1788742120709,18.0,7255.5,11.043,90260.010396,0.0,0.2268251273344652
0x17e871094ff2cfe794032f6a759cec411708b818,True,2000,1167,503,664,43.1,555.03,9,1776836825058,1787571387355,124.2,-1726.47,3.111,0.0,0.0,0.22499999999999998
0x15009b884f398b50721cfbf78c7a67fb77af9dbe,True,2000,1012,177,835,17.5,2736.14,4,1771934917775,1788528647749,192.1,10219.8,3.735,59952.585701,0.0,0.22472410865874365
0x19f16ae12b8cebc5d1bd5696ff1ec82b082dae54,True,946,599,324,275,54.1,1623.58,9,1752183507628,1788150743171,416.3,-3402.74,2.096,0.0,0.0,0.22340831918505943
0x102d1d1a6240581a809bac9b9b4dff2eafe8c058,True,698,301,162,139,53.8,2488.48,12,1744174265040,1788533067873,513.4,-5004.38,2.011,0.0,0.0,0.22221986417657047
0x1109c41b8c7da74cf5e293219b2bbd3ad262340d,True,1236,773,317,456,41.0,1654.94,3,1754857826306,1778833703439,277.5,873.07,0.528,0.0,0.472,0.21975806451612906
0x1764dd740aba4195643bbb6a44648e0306b00cfa,True,2000,1155,238,917,20.6,1621.81,8,1771829694517,1788255321182,190.1,2962.94,1.827,443.744892,0.0,0.2191213921901528
0x0b3f71596c0803c0c58c0a0981396137f05b3c8b,True,2000,1008,343,665,34.0,1961.25,13,1778832356590,1787826639093,104.1,2297.84,1.172,0.0,0.0,0.21907894736842104
0x1acd5821cc6857d366a9b08aff1ee39a9d04c283,True,2000,1020,263,757,25.8,2222.2,22,1780925733697,1787169473419,72.3,2877.18,1.295,0.0,0.0,0.21901528013582344
0x145abafdd5087855a407e04a5c901ecc71c06f28,True,552,244,149,95,61.1,1277.55,4,1769892007465,1788461461126,214.9,-1540.24,1.206,0.0,0.0,0.2187818336162988
0x1608160fa2f1625c9636cfbc58b96c57e826691a,True,2000,846,386,460,45.6,1156.8,64,1747281275357,1779939309419,378.0,807.14,0.698,0.0,0.30200000000000005,0.2181239388794567
0x195b8b9598904b55e9770492bd697529492034a2,True,2000,1054,496,558,47.1,299.89,28,1768405115413,1788349790509,230.8,730.14,2.435,0.0,0.0,0.21767826825127334
0x102fb7687762e031a1e5dd3428006f25a86d78c6,True,496,252,106,146,42.1,3271.01,34,1778885650277,1788742655768,114.1,1960.5,0.599,3455.4224,0.401,0.2162563667232598
0x10210bf727f2bf6b03f98f0ccb72a292e25d21a6,True,2000,948,273,675,28.8,1135.36,8,1775706615700,1780330371992,53.5,520.93,0.459,0.0,0.5409999999999999,0.21566213921901528
0x115184e431375e9ea6b2d7b109b79e6b8123bb23,True,1367,609,317,292,52.1,1668.29,13,1761274644911,1788733018089,317.8,3879.92,2.326,3960.431,0.0,0.21553480475382003
0x0681082f1be1bd39348b23f4d33df70b8cc1c850,True,787,366,248,118,67.8,155.36,16,1779840846787,1786122310803,72.7,-2651.77,17.069,0.0,0.0,0.21540747028862478
0x003ba9b3867df2836fa21c987cd059f79a0d039a,True,2000,870,420,450,48.3,1395.56,38,1770767616003,1788739431583,208.0,3966.18,2.842,6204.015955,0.0,0.21534380305602718
0x11e89a62c459e89a70560ca1e0dcb40cffb50099,True,1065,482,321,161,66.6,111.04,56,1776149111028,1782138825416,69.3,-303.46,2.733,0.0,0.0,0.2152164685908319
0x0bf1e616fb0ccd72e403e0d45064b19968670d44,True,493,228,104,124,45.6,4641.97,9,1755960207423,1788419053703,375.7,5152.16,1.11,20085.683382,0.0,0.21411290322580648
0x1a08b4d6497fa6d5970bd8f6c72bc5fbc8dd500e,True,926,463,274,189,59.2,800.67,1,1781861589590,1787310762429,63.1,988.58,1.235,0.0,0.0,0.21362478777589133
0x1c1511b650f24fd7a7c3c7ad05b835f5363f8695,True,2000,984,278,706,28.3,1078.86,63,1773505122776,1788721610118,176.1,613.45,0.569,0.0,0.43100000000000005,0.213009337860781
0x1549920373edb37ae3a9cffe1be02844df3127d0,True,2000,771,181,590,23.5,1293.19,28,1788122696506,1788753788166,7.3,395.1,0.306,11555.533102,0.694,0.2095925297113752
0x14ecb8b25e270b31cc270e3dd3ee220dd5dce16e,True,2000,956,489,467,51.2,148.13,1,1787934304435,1788754899029,9.5,-213.0,1.438,9102.984209,0.0,0.20507215619694397
0x18b459d954cbfe49c7918d7ea705591eb5a25346,True,2000,932,258,674,27.7,2602.61,10,1781720108922,1785468133441,43.4,10341.48,3.973,0.0,0.0,0.204562818336163
0x06119d60475dfce1dc3647d437ba906df24ef8fb,True,2000,1040,347,693,33.4,1228.03,68,1781740812836,1788519600551,78.5,2882.08,2.347,0.0,0.0,0.20398981324278437
0x1420d266d2b28295592b85a8cd80bf1b9dc6b754,True,263,74,26,48,35.1,1361.07,3,1734338155635,1788707635411,629.3,242.46,0.178,5896.488652,0.8220000000000001,0.20038200339558576
0x178dbcce09ac48e63e57507c003259657833553f,True,907,419,199,220,47.5,1337.65,10,1752490372612,1788691887824,419.0,801.99,0.6,2485.364131,0.4,0.20014855687606112
0x040d046e001b0811725a1baf52af4d6e2ea784ab,True,1699,866,316,550,36.5,1163.67,4,1778788058785,1782868368403,47.2,-650.29,0.559,0.0,0.44099999999999995,0.19970288624787777
0x01e4333071b5d57f1f34d47a2d046b804b793a40,True,801,385,206,179,53.5,1488.22,32,1749317970684,1778777931799,341.0,2052.38,1.379,0.0,0.0,0.19902376910016978
0x014ea29ba612d3fd4de574ea7ee7e2f9893930e0,True,2000,852,424,428,49.8,756.38,8,1743779662183,1780486558776,424.8,3388.25,4.48,0.0,0.0,0.19847198641765706
0x0f283f661f359fc293ac3066e16c6af797d6e65e,True,319,171,34,137,19.9,4687.73,1,1784930110052,1785749316599,9.5,2596.06,0.554,0.0,0.44599999999999995,0.19745331069609506
0x13f6ffc364d4ed575c9a69e0c33fd014c5bc2dc2,True,780,328,214,114,65.2,99.34,3,1785853213448,1788536903581,31.1,-1699.88,17.111,85.133037,0.0,0.1967741935483871
0x100c61d2b24de62005c067f24cf8705bceb82015,True,786,387,229,158,59.2,466.07,17,1777814040542,1779159184141,15.6,-1340.01,2.875,0.0,0.0,0.1960950764006791
0x01b0b538d0201efacdde7bb0397abb2133723009,True,137,81,34,47,42.0,2577.28,9,1738295150582,1787599151061,570.6,1235.27,0.479,0.0,0.521,0.19522495755517827
0x1820ebb6d8acd877ee46ff4d575e6302f1729fa2,True,2000,985,466,519,47.3,162.64,18,1776440342820,1788705107524,142.0,-1415.38,8.703,1.607401,0.0,0.1946307300509338
0x0b089549882c1fb975832de85d34376b0ff37773,True,1161,569,165,404,29.0,3128.11,10,1763721896667,1788716105515,289.3,2684.73,0.858,0.0,0.14200000000000002,0.1921477079796265
0x1c1fcc4aa6452690ab326163ce8d8140a8ea54b9,True,2000,998,383,615,38.4,155.63,52,1785142808735,1788689593201,41.1,109.1,0.701,29143.104817,0.29900000000000004,0.19199915110356539
0x0d7bb1285e08120d44b532d3b5e7eedfcfc08c45,True,107,40,27,13,67.5,278.98,2,1770286615892,1788596642436,211.9,-677.3,2.428,2892.683986,0.0,0.1918718166383701
0x193fd02d3e53a1ac11fb86efa90d82ec9ad9af14,True,203,86,60,26,69.8,76.66,1,1778010410065,1779942008635,22.4,-139.74,1.823,0.001872,0.0,0.19032258064516128
0x0cc0b547ec0199bf577366bffbd792ee04ec7f9d,True,64,31,18,13,58.1,450.92,5,1777473042898,1779390315485,22.2,300.16,0.666,0.0,0.33399999999999996,0.19028013582342956
0x020aa1d9008390af8fa8e091acaf4511a8d12fc6,True,2000,1027,445,582,43.3,199.71,6,1784244120748,1787571695141,38.5,963.27,4.823,0.0,0.0,0.19002546689303904
0x1ac5dec35f77a70436b543614ad3821559c09fe2,True,1816,662,354,308,53.5,135.47,76,1782379947330,1788721835024,73.4,120.84,0.892,0.0,0.10799999999999998,0.18951612903225806
0x07aa28d079ad60655d63f2cd1466115d7d92b64c,True,1083,482,189,293,39.2,2010.99,20,1776501805970,1786008001861,110.0,-1401.57,0.697,0.0,0.30300000000000005,0.18934634974533107
0x0159c7912bcafb0d0f4f9df7694326839b1ccda9,True,398,180,104,76,57.8,947.09,5,1739258860247,1781578754544,489.8,2806.7,2.963,127.450132,0.0,0.1891553480475382
0x14052f2848cbcb7a6bfba394a79242d35beac3bf,True,2000,857,294,563,34.3,2233.19,23,1781684727161,1788741846167,81.7,2365.7,1.059,9762.924228,0.0,0.18837011884550084
0x19a65785fadb3579a637f0b177999b53cc8fc592,True,2000,1122,439,683,39.1,113.66,9,1781749515800,1787437673613,65.8,416.88,3.668,0.0,0.0,0.18709677419354837
0x166b0e967bf17571fc2df38064a36ed6871d6118,True,2000,813,414,399,50.9,457.98,64,1783508322225,1788696833399,60.1,675.1,1.474,7301.689127,0.0,0.18694821731748723
0x15699ff33ebedf4c426619d81701b1ef7e253fc6,True,2000,993,409,584,41.2,446.49,17,1785610072578,1788388492021,32.2,851.09,1.906,0.0,0.0,0.18620543293718164
0x02aaf19ae62d3194858c635224a2d9ab2a14d519,True,2000,856,438,418,51.2,266.58,8,1785071824523,1788741473637,42.5,1681.53,6.308,3.19214,0.0,0.1855899830220713
0x0670e35899eb699c068450e5d396abe7bb264bba,True,694,379,138,241,36.4,2524.01,18,1771595412442,1787576358033,185.0,1754.71,0.695,0.0,0.30500000000000005,0.18525042444821732
0x16bc31d54745468b254a23e3d3c650a3463bd5e0,True,550,289,179,110,61.9,129.29,25,1725059229010,1787157288416,718.7,-1163.07,8.996,0.0,0.0,0.183276740237691
0x18a03e6a83908a42b33b81a2a77ae89591ee7b13,True,129,78,42,36,53.8,680.02,1,1768206927023,1788419060423,233.9,419.47,0.617,0.009639,0.383,0.18276740237691003
0x14b089cabecadc5e3fbfcd026b1f4f313f0efa1a,True,1110,628,323,305,51.4,708.49,4,1780555387102,1788197954370,88.5,-2165.74,3.057,0.0,0.0,0.1817699490662139
0x095de2cbd07d3da40d51523272fe25509a30524e,True,2000,652,370,282,56.7,0.11,4,1785344329037,1787723405832,27.5,-14.95,135.524,13423.717232,0.0,0.17966893039049237
0x0ebae1953fb23b16ccc4e2fee1c09b52b6fead4e,True,1113,482,272,210,56.4,259.29,4,1774097554143,1775836987601,20.1,-533.95,2.059,0.0,0.0,0.17958404074702886
0x13bc8d1c7a2b08cdb1f9ee4560e1e903c0c092d9,True,2000,942,362,580,38.4,972.27,14,1777921655057,1787572271470,111.7,1197.32,1.231,0.0,0.0,0.17907470288624788
0x13087d38b78df0345d67c8cee73b215589ae3a1f,True,1135,639,265,374,41.5,1950.39,5,1770292380164,1787375459843,197.7,2884.59,1.479,0.0,0.0,0.17724957555178267
0x02b177e2f922a33241520accdf7deee15d1311da,True,2000,1001,380,621,38.0,110.76,52,1785055690048,1788689590358,42.1,99.92,0.902,22004.841233,0.09799999999999998,0.17646434634974534
0x005e26458a139267bbb194a9e049ad9df0a4d5f2,True,2000,1003,365,638,36.4,115.1,52,1784887529297,1788704459392,44.2,102.84,0.894,21924.581354,0.10599999999999998,0.17589134125636674
0x0a6bc352937ccbe5bc28b9168372c243b9d4cefa,True,2000,1097,415,682,37.8,3.13,53,1782462096530,1788689447697,72.1,-36.21,11.573,4376.204634,0.0,0.17434210526315788
0x1a147b16c70d87eafcbd9f13a22d5f4e57eb9e71,True,2000,922,443,479,48.0,42.65,42,1781713291819,1788566400005,79.3,544.94,12.776,0.0,0.0,0.17349320882852293
0x0664787a790fd7ec77bafe8f8c2b3df055aabeb6,True,2000,879,418,461,47.6,301.2,104,1776998631041,1786375243587,108.5,-323.39,1.074,0.0,0.0,0.1734932088285229
0x041a09a6220c9c08a0cc9bfcc31deaf9799412b2,True,242,108,45,63,41.7,2896.17,16,1731298977910,1788629763341,663.6,2866.17,0.99,2157.84216,0.010000000000000009,0.1732809847198642
0x0c81ad097db0a529bfe5b6e2253e59bc4b9660a8,True,2000,1072,335,737,31.2,328.28,21,1786311791250,1788642496040,27.0,-8250.03,25.131,116186.62761,0.0,0.17323853989813243
0x1050cf788aa24bb06e6da6dc789dfd49424be21e,True,2000,869,281,588,32.3,1747.19,11,1782987032029,1788320333728,61.7,6882.73,3.939,0.0,0.0,0.17228353140916808
0x0b281e8b3b6153dbb455238560b04152a64795d7,True,1000,355,186,169,52.4,934.22,24,1733199144000,1788656583330,641.9,1008.84,1.08,0.0,0.0,0.17221986417657045
0x1001a2fed4bdac4dd037319af153093185b90350,True,2000,962,367,595,38.1,564.86,7,1787433238014,1788735862022,15.1,980.45,1.736,15649.724848,0.0,0.17105263157894737
0x02cd809ea9a3cddc5d9e5959a46b3d7505d08f3f,True,358,207,100,107,48.3,1945.63,6,1776430748592,1782831992199,74.1,3864.3,1.986,0.0,0.0,0.17092529711375212
0x064271ee567925f7fa90188ce1c3040d74eb72c5,True,2000,941,292,649,31.0,631.85,24,1776226178472,1787277030983,127.9,557.58,0.882,0.0,0.118,0.17088285229202038
0x0ccfa1c3441f3febdcee067bd1cbe3af7bbb614b,True,2000,969,426,543,44.0,72.72,22,1774354775493,1788739200041,166.5,-180.51,2.482,0.0,0.0,0.16888794567062818
0x04234abf41a1bcb129bb9df3413ab36ac50cbc97,True,235,81,46,35,56.8,738.71,30,1776887939756,1788652800016,136.2,1289.44,1.746,0.0,0.0,0.1682937181663837
0x05c6959d997cde99d2f967367e5e9f1959ba9706,True,2000,986,388,598,39.4,213.35,10,1787843778159,1788732994784,10.3,4016.62,18.827,17338.400796,0.0,0.16784804753820032
0x1695e8a48eb4a479f1ec729bd0a1fd3168db8b99,True,2000,945,399,546,42.2,270.17,42,1778719447985,1788744702887,116.0,-1202.86,4.452,4577.51279,0.0,0.16759337860780982
0x02f22cf95cea4c946fcdda40c0867922a185d5cd,True,1040,563,313,250,55.6,0.16,6,1788075626359,1788727529535,7.5,1626.68,10472.922,3124.059077,0.0,0.1673599320882852
0x1ae599d8edc732e00ec1c264da71fd5a4c81a78d,True,1277,774,200,574,25.8,1189.2,2,1772568941223,1782894838901,119.5,761.86,0.641,0.0,0.359,0.16506791171477078
0x07de7c3f3d1c0684156d3be66c7cabf38e4409ab,True,1275,596,215,381,36.1,1102.3,14,1786209188962,1787653385033,16.7,678.19,0.615,0.0,0.385,0.1648344651952462
0x19cca7280005011c7357fe041fb40298f9338f79,True,2000,1010,398,612,39.4,95.01,15,1784222411707,1786544443280,26.9,400.09,4.211,0.0,0.0,0.16370967741935483
0x1566bd4c1480bcfc8650c295319de5a72b4b66fb,True,1399,834,349,485,41.8,860.18,10,1762528471322,1787788800012,292.4,-5277.93,6.136,0.0,0.0,0.1634125636672326
0x1b6a2697d83dd2c8455ae68ac7111d184116f060,True,1493,777,368,409,47.4,441.98,6,1774069381321,1788677098156,169.1,-3047.25,6.895,17880.68452,0.0,0.1631578947368421
0x059a051f36c1fbf842030160f653949aa636904e,True,383,182,95,87,52.2,611.83,3,1763312898586,1776133156355,148.4,-577.0,0.943,0.0,0.05700000000000005,0.16288200339558573
0x08db9f558b3e28bb22702b5c8f0abbc4a7964fb9,True,811,375,170,205,45.3,551.91,10,1784085994395,1788717427822,53.6,316.87,0.574,1831.154097,0.42600000000000005,0.16239388794567064
0x12862f5031efb3ea081788a431c918217c8256ff,True,881,410,164,246,40.0,2188.03,24,1767398999585,1787480766213,232.4,2713.47,1.24,0.0,0.0,0.16186332767402375
0x14e29a43f68c3335af17a6422054223daaa6e26e,True,108,37,17,20,45.9,1562.81,3,1760706607280,1787320100032,308.0,-1100.9,0.704,1530.274158,0.29600000000000004,0.16080220713073007
0x1a58f41e5f3323f3d3bc8c746479fb62ecfd30e6,True,153,78,48,30,61.5,6.37,2,1785734778589,1788365995004,30.5,1179.36,185.181,0.0,0.0,0.15488115449915107
0x1283a94c464e1c97575f43899da86d963eaa3051,True,2000,553,191,362,34.5,2054.18,19,1779475451626,1788669730199,106.4,2451.41,1.193,9075.625674,0.0,0.15483870967741936
0x17901b1beaa67380f6370c569be8678585c33ce0,True,375,189,96,93,50.8,1046.6,3,1770231223350,1774032459496,44.0,-1776.08,1.697,0.0,0.0,0.15326825127334465
0x0782defc1753db3fd0e0a4cdd7229e3be0fc8e4c,True,2000,702,334,368,47.6,343.62,11,1781906257524,1786694851418,55.4,536.3,1.561,0.0,0.0,0.15269524617996605
0x1bc4120a11591d1104fc0cc3cac6c43128df81cd,True,2000,958,311,647,32.5,381.39,22,1763608543499,1788747021242,291.0,4691.1,12.3,10905.404229,0.0,0.149830220713073
0x12fe62b1c1e2a167f4adc3d96701ee1dd50a66ee,True,253,140,80,60,57.1,128.02,3,1775209526971,1788144514510,149.7,-534.17,4.172,0.0,0.0,0.1484932088285229
0x1636be94b64ce8a3f63951b746be08616cd4d3b5,True,2000,1008,257,751,25.5,205.76,3,1782827425985,1788190529670,62.1,1291.4,6.276,0.0,0.0,0.14671052631578946
0x0ae4d0270e30f133535bd10e26059a1a3b9bbb1b,True,747,368,111,257,30.2,1068.01,19,1778606035905,1788562486209,115.2,517.53,0.485,814.152235,0.515,0.1448853989813243
0x1401479818fcd637b98509e7b468c41941537d2c,True,514,237,65,172,27.4,1628.72,11,1772658582357,1788749619963,186.2,855.16,0.525,1912.987537,0.475,0.1443123938879457
0x013598ea3fd28608c23ebac199c5b4218e2ade3a,True,2000,667,318,349,47.7,160.43,1,1781546368302,1788737384359,83.2,-3173.44,19.781,74566.529336,0.0,0.1419567062818336
0x0df68ee531dab63d651132c7f56c6cdfe2689d19,True,596,299,115,184,38.5,1949.44,9,1704269736825,1776537642244,836.4,-2770.08,1.421,0.0,0.0,0.14049235993208828
0x10630c8130e44ed22d30d0a05488a10b44797a93,True,2000,870,300,570,34.5,600.66,14,1747873059726,1784138738212,419.7,4225.91,7.035,0.0,0.0,0.13873089983022072
0x0f88ed3492b8377ec8d69be4981b2eb64cff87fd,True,583,296,139,157,47.0,913.26,17,1721866028626,1785193064508,733.0,1046.66,1.146,0.0,0.0,0.13828522920203734
0x19a0330a6d0fd716ead4c4c02037abf6459fe29e,True,2000,904,345,559,38.2,156.53,5,1786208586799,1788220800019,23.3,200.92,1.284,0.0,0.0,0.13764855687606112
0x0a88587f1fa1d4acc5c170e4c1974816e19cd4b2,True,1414,764,355,409,46.5,34.02,2,1777931019225,1779314417552,16.0,-99.99,2.939,23.449801,0.0,0.13679966044142614
0x052b1022aaf18eb1be031ba330dfb72c00b699ba,True,210,93,37,56,39.8,1447.91,3,1784523612330,1787249161914,31.5,-1101.79,0.761,0.0,0.239,0.13471986417657045
0x19a48c29f89f1e892b60ecce5366e055eedc08d7,True,1568,780,302,478,38.7,335.96,39,1749798154649,1778738409872,335.0,-2154.54,6.413,13.260439,0.0,0.1271434634974533
0x19db27f290d8b52797e603ba91080ac8db90a4fa,True,532,238,90,148,37.8,1669.74,1,1777644002869,1784948690941,84.5,1685.97,1.01,0.0,0.0,0.12421477079796264
0x00cb9d87bc66c4ba02329023c95a72a47fa81c2c,True,887,464,186,278,40.1,709.14,5,1775294641529,1776115086704,9.5,-840.1,1.185,0.0,0.0,0.12088285229202037
0x05b3e941ce96fdc3692308bac695e552961789c9,True,1110,487,206,281,42.3,333.11,24,1752537846748,1783437018921,357.6,3564.21,10.7,0.0,0.0,0.11589558573853989
0x05befcd22fb78de8f9720a40076f4c4e4d6cc27e,True,508,235,99,136,42.1,725.07,7,1787149994594,1788695192812,17.9,-788.0,1.087,0.0,0.0,0.10838285229202035
0x03a011cd0c745553df4f7a8521ede9070ff428ed,True,474,246,54,192,22.0,1859.75,2,1763743477737,1788536759043,287.0,5511.6,2.964,2531.091398,0.0,0.10772495755517827
0x00f2bdcaa8bdcb119e76e1a1d2ba4b64c6aa5c20,True,378,241,109,132,45.2,422.67,3,1781620807601,1782350208382,8.4,902.63,2.136,0.0,0.0,0.10687606112054329
0x1c62b32cbf40a9e3d9fc40d239537097fc34c778,True,278,117,29,88,24.8,1202.84,5,1775958699480,1788193915200,141.6,895.62,0.745,1577.040078,0.255,0.10469015280135824
0x05220a15ce8702197e7f7f79c631194eb63f8872,True,262,106,43,63,40.6,1020.25,5,1721779200121,1788471262921,771.9,1562.12,1.531,495.204682,0.0,0.10212224108658743
0x0b42664822f3c3e45787d5f351447fe16fad09d3,True,144,72,26,46,36.1,823.63,2,1770325686571,1772307293163,22.9,674.28,0.819,0.0,0.18100000000000005,0.09819609507640067
0x12073bcc7a5e55dabc1b056b540c9a3035f1a558,True,327,163,73,90,44.8,57.2,7,1773165777073,1783256965685,116.8,54.01,0.944,0.0,0.05600000000000005,0.09726230899830221
0x01ede9bcd4cdca84cfbd5f349779b56b9070632b,True,282,104,51,53,49.0,74.77,10,1776927656851,1787876118360,126.7,345.07,4.615,0.0,0.0,0.09550084889643465
0x1663c5b7afcc943c4384dfef7085f1a2daa41933,True,367,172,71,101,41.3,557.29,17,1749451895379,1788250353041,449.1,1037.71,1.862,0.0,0.0,0.09388794567062819
0x19ae423cbb2b06701a64896d12bb318e26e3e64f,True,2000,553,184,369,33.3,183.78,2,1787762448707,1788705823670,10.9,373.62,2.033,168024.515164,0.0,0.08777589134125635
0x03e8fb0f68d497936231a1de70f84bc33b568529,True,791,362,115,247,31.8,617.3,9,1770511209424,1780495263015,115.6,5083.94,8.236,0.0,0.0,0.0867572156196944
0x01128ec37f1846f6ad1538e6ee8b3773223cd8e7,True,141,59,18,41,30.5,832.21,19,1749048601380,1785192614451,418.3,719.57,0.865,438.378597,0.135,0.08503820033955858
0x0d5478a51ad77ef6ffa96909bb64c38c6108f25a,True,594,295,114,181,38.6,208.61,70,1784013810606,1788680889613,54.0,318.95,1.529,1273.550202,0.0,0.08083616298811544
0x04ee7f0e31b3467deb0c7fff8335c16b33acf24b,True,236,135,20,115,14.8,1155.36,1,1785704341188,1787665527469,22.7,2919.96,2.527,0.0,0.0,0.07315365025466894
0x19291f25c4687212fffe16b2b1b44c78aca6cdc9,True,271,73,21,52,28.8,1081.82,6,1748436311178,1781582767616,383.6,-1741.04,1.609,0.0,0.0,0.07304753820033956
0x035e7cc6cb0ed60d26877470ddf3d72adcf9f020,True,456,229,94,135,41.0,34.44,5,1774193314344,1787150857929,150.0,565.06,16.407,0.0,0.0,0.0715195246179966
0x0ae0fcc6df293968869503c1324b621588fae972,True,119,58,18,40,31.0,879.94,4,1774344460416,1775692800070,15.6,1008.36,1.146,0.0,0.0,0.06719015280135823
0x0cf9b33a7af7224d4bdf0d390fe34e8e85801a06,True,190,148,4,144,2.7,307.28,6,1778689852435,1782308433534,41.9,1013.96,3.3,0.0,0.0,0.04424872665534805
