address,has_activity,num_fills,num_closing_trades,num_wins,num_losses,win_rate_pct,total_closed_pnl,coins_traded,first_fill_time,last_fill_time,active_days,largest_single_trade_pnl,concentration_ratio,account_equity
0x0000000000003e6b8283d286abdbf9a6efa129d0,True,640,311,311,0,100.0,10383.14,1,1779642531858,1780535660567,10.3,710.13,0.068,0.0
0x0000000000004f3d8aaf9175fd824cb00ad4bf80,True,729,292,141,151,48.3,1923.22,42,1750873256081,1781740800025,357.3,671.67,0.349,0.0
0x000000000005dfe874f01071d0e05f99178a5cfc,True,301,141,115,26,81.6,429.06,11,1761279399191,1788566400005,315.8,-946.56,2.206,0.0
0x00000000000dfd47d200dc26e4e5c79b7e6de984,True,2000,921,743,178,80.7,40674.71,5,1780320930027,1788450275874,94.1,1889.28,0.046,0.0
0x00000000000e00230fd1fbb9aae01713a4ab7495,True,1554,960,855,105,89.1,63087.33,6,1780746998190,1785298173299,52.7,5970.1,0.095,0.0
0x00000000002f3d928030df28cb15b27b56888b9b,True,2000,1048,317,731,30.2,-9145.57,19,1782398038145,1786791050798,50.8,-4848.13,0.53,0.0
0x00000000051cbce3fd04148cce2c0adc7c651829,True,2000,827,454,373,54.9,33934.21,22,1782094467892,1788573688968,75.0,11108.4,0.327,7474.0
0x000000006543993c87da063e328840e3550cabcd,True,2000,404,274,130,67.8,-10790.85,10,1788009429669,1788682435043,7.8,-1574.41,0.146,76424.672019
0x0000000afcd4de376f2bf0094cdd01712f125995,True,2000,1053,505,548,48.0,-30511.85,8,1783193677736,1788670437966,63.4,-4199.0,0.138,12289.842103
0x000000209e0a892842bc06c354e7d097392cbbbb,True,2000,1230,779,451,63.3,73203.96,13,1779376588313,1788702426225,107.9,5324.1,0.073,67573.510263
0x000007b83bf80adcc02897528403c640991a6544,True,2000,1056,758,298,71.8,-60054.46,2,1779570443805,1780775516781,13.9,-15264.46,0.254,0.0
0x00004808a6df8de77c891dc13826ff33cb17e24d,True,2000,637,0,637,0.0,-1164680.97,1,1786012928646,1786526647158,5.9,-138756.77,0.119,0.0
0x0000fb4e763a5a617e12930c67877e9d25fcf460,True,1187,657,271,386,41.2,6876.52,17,1774886420103,1788482307120,157.4,22991.17,3.343,46412.623593
0x0001094b9d760df1407279e84c2308a92c85a710,True,2000,1081,805,276,74.5,5422.55,8,1787992176558,1788544828364,6.4,2581.95,0.476,110618.401684
0x000461a73d3985eef4923655782aa5d0de75c111,True,2000,1024,481,543,47.0,20516.01,4,1780932445555,1787456771372,75.5,4034.24,0.197,0.0
0x0007a981734f304dad9cf452dee0909cb845e22a,True,514,288,113,175,39.2,6198.33,2,1771656852759,1787276896335,180.8,2498.64,0.403,0.0
0x0008b776c1481403a8ee9be68c57246f91d81412,True,366,225,120,105,53.3,-3882.13,4,1782115992877,1788533023566,74.3,-2770.3,0.714,0.0
0x00092081da3cc70342d3f76a98f35f3301999999,True,2000,1195,131,1064,11.0,-6499.13,9,1781976663393,1784295651043,26.8,-770.88,0.119,0.0
0x000a3e111b04a7b3ebcd59b8554b224336057a28,True,1966,776,411,365,53.0,58633.69,29,1750754408304,1788705645888,439.3,4018.79,0.069,127415.117106
0x000e16173e1a87b25048a0b6e520a65ae8a2447e,True,1770,952,152,800,16.0,-3251.95,9,1773825282520,1785505040625,135.2,1696.52,0.522,0.0
0x000e6b9f2d8df1cbfeed9f1826fd6480bdeaf945,True,1052,523,251,272,48.0,-5206.05,20,1747467661653,1788520882443,475.2,-1536.63,0.295,10122.875351
0x000f086befc540591e0b51628af77f79c60f76a5,True,1375,441,191,250,43.3,-146349.37,8,1783381512685,1785247006149,21.6,-32530.15,0.222,0.0
0x001005306685021a4edaf9de69c9b5b2a34c4caa,True,2000,768,355,413,46.2,-1382.99,19,1788315005368,1788716020779,4.6,-645.16,0.467,0.0
0x001518d3ca330188fbd2ea0215936bac8298f5de,True,724,316,157,159,49.7,-3056.64,13,1767573680124,1787893697407,235.2,-1321.64,0.432,0.0
0x0016dda43e9a08f027fd6af572e84f55bba67aa1,True,2000,1098,422,676,38.4,-14859.61,18,1787685914930,1788663666116,11.3,1855.53,0.125,0.0
0x0017af5b035c688b6cd93e9a88593a70a07b4182,True,710,366,203,163,55.5,-1509.71,13,1783713599688,1788648844996,57.1,-731.36,0.484,0.0
0x00191380b21b490bb9a67c7a055ae3c1dff246bd,True,2000,913,379,534,41.5,-4298.5,45,1759851324981,1786752000032,311.4,569.04,0.132,0.0
0x001ac3f0972b620cd6be82ba54d111614d7d48fb,True,2000,896,288,608,32.1,3373.58,5,1783087939494,1784267158454,13.6,1459.64,0.433,0.0
0x001d31846d08c23177011c6a523ed5b75823533e,True,350,126,48,78,38.1,21625.64,8,1762415032139,1787565653677,291.1,7154.23,0.331,23038.639369
0x001dfb0ae09ac313e0529a59d11d6e8e5004b78b,True,2000,957,514,443,53.7,-3536.4,84,1780006732808,1788573151685,99.1,-1186.63,0.336,0.0
0x002103fd07ceacec15d9be8f84eba13d2c6bbdfd,True,732,245,106,139,43.3,-117956.05,9,1753491666879,1787380141089,392.2,-23805.77,0.202,842.737032
0x0022deb164ff30144443ea8e829db2047016ed6d,True,737,534,457,77,85.6,-9107.57,3,1768418440165,1782951464360,168.2,-5665.14,0.622,0.0
0x00242f7db0baf9b5e3c49275def8e7a7948f4ab8,True,729,328,146,182,44.5,6621.08,11,1747940170708,1787168084461,454.0,-1021.35,0.154,0.0
0x00264c7bbfc77f571ae3ceda4f3ddd8ee58a1b7b,True,477,183,89,94,48.6,-307.17,37,1768985526306,1785712656190,193.6,392.33,1.277,0.0
0x00276e28ee1feb63ab5fb2310db3ec1d62513262,True,1552,800,215,585,26.9,-14858.22,7,1780666578997,1783289838195,30.4,-3227.49,0.217,0.0
0x002cc46384a962ef79628c250f016caf83dbe8b3,True,2000,631,293,338,46.4,-24330.84,68,1739858120659,1787751394371,554.3,-3882.05,0.16,36507.813812
0x002d4ae035f08c0f15da4842404027f03c1bc173,True,2000,78,76,2,97.4,381.4,3,1776949775595,1788442878690,133.0,42.84,0.112,0.0
0x0031e602c379990cbf285504c29412263a17feba,True,2000,917,425,492,46.3,-18140.03,23,1769363828483,1780129911905,124.6,-1273.69,0.07,0.0
0x00327e875e118eb7f8dc522f8c0ece5bbfa7282c,True,2000,1053,786,267,74.6,43120.24,31,1782188989427,1784339771780,24.9,2398.91,0.056,0.0
0x003473c4c08191261de6ec079f56ad405bc6db98,True,2000,905,429,476,47.4,7955.58,16,1787717871932,1788691392152,11.3,1278.74,0.161,0.0
0x003492a23cdf0247447b11b4084502fdd4be3b3a,True,2000,826,826,0,100.0,18215.48,21,1778722209613,1788698569185,115.5,1617.61,0.089,9719.505366
0x00399e5aa8d6dd6d00c06ab5a87c41d19a04d232,True,183,91,58,33,63.7,-115.0,5,1774083602585,1778015104109,45.5,-2682.91,23.331,0.0
0x003a85c562730b196f7cba202a2515f2ff855736,True,2000,1032,266,766,25.8,-87814.09,9,1775768812653,1787712584190,138.2,-10944.9,0.125,0.0
0x003afe084640f1e3545eda784fb2ca46d80b7bed,True,578,314,178,136,56.7,-55409.93,4,1780507304539,1788739200041,95.3,51020.28,0.921,0.0
0x003ba9b3867df2836fa21c987cd059f79a0d039a,True,2000,870,420,450,48.3,1395.56,38,1770767616003,1788739431583,208.0,3966.18,2.842,6204.015955
0x0041090e5f3a5cd97288d10a67ecc973a5d7669f,True,2000,928,169,759,18.2,-85508.87,5,1785519463490,1788740761130,37.3,-2659.15,0.031,23424.87872
0x004397a3573c77bdf6c422314e88cc0a805a7e71,True,2000,1986,11,1975,0.6,-33524.33,5,1767403556449,1776209336486,101.9,-21.79,0.001,0.0
0x0044caa12028e1158da2a1555b3e4a2702fddc04,True,2000,1011,648,363,64.1,5214.47,30,1779977000565,1788642794261,100.3,665.44,0.128,0.0
0x004593cdface692ccbc2733b775f624ed0ad703b,True,815,323,105,218,32.5,46937.84,5,1765305766258,1788476205488,268.2,27405.97,0.584,210493.895702
0x004600dbe75f35115e0bd87cebf327faeaeb07ae,True,2000,1102,564,538,51.2,-16323.77,16,1775958462542,1788705634914,147.5,-3942.01,0.241,8775.399421
0x004726000679ac82ede62c3c0ec0dec9455fb6ca,True,1393,672,277,395,41.2,37682.32,11,1778056139092,1780568625233,29.1,12032.79,0.319,0.0
0x0048d42f232164a85a41f15ccf26cf859e58b108,True,2000,708,708,0,100.0,532960.5,2,1780620826020,1784259578957,42.1,7114.18,0.013,0.0
0x004edcd40360e293e4cf260d2ebdf8c7076c1bb8,True,2000,1496,117,1379,7.8,-617845.59,2,1788200367657,1788538746228,3.9,-13197.43,0.021,0.0
0x004ffaf46f807e2daac8e04d7217ec72ae136726,True,1376,791,303,488,38.3,-14087.7,8,1782043831978,1788465891929,74.3,-1794.54,0.127,0.0
0x005030cfdf617d12f0c9fb7e1d26a95a83345af9,True,2000,1035,432,603,41.7,-1096.71,11,1787165011887,1788701202584,17.8,-834.41,0.761,4523.454631
0x005110f17139e63b2d624e4c040c861af4c12519,True,2000,1206,810,396,67.2,45875.26,30,1773438138668,1788534086167,174.7,-15436.42,0.336,10706.6778
0x00532b2e10626ed952d6664b9c6848646b227b57,True,2000,1072,660,412,61.6,64017.78,25,1782418351063,1788685188773,72.5,5255.26,0.082,3085.749508
0x005dcf56c975469f3f1d92b5cea28ef1408c81b4,True,2000,841,391,450,46.5,-7835.32,6,1760132817424,1788737554290,331.1,2513.97,0.321,799.991436
0x005e1ecfafe45d0887428b8f6c5db978ec72296a,True,806,139,124,15,89.2,59870.49,10,1769367522498,1788348190054,219.7,8353.93,0.14,0.0
0x005e26458a139267bbb194a9e049ad9df0a4d5f2,True,2000,1003,365,638,36.4,115.1,52,1784887529297,1788704459392,44.2,102.84,0.894,21924.581354
0x00605a07047fbaccb7351cad21f3d02c4440db5a,True,2000,836,800,36,95.7,24248.2,10,1786111276422,1788734096889,30.4,-834.27,0.034,10146.350482
0x00620ada30d98ffcf8e3c91e65283127d11c64ce,True,2000,984,707,277,71.8,10430.03,21,1787328076566,1788735873954,16.3,-1922.74,0.184,41746.014077
0x0069df723cac730b058e2edf9bda14b179b15ae5,True,2000,1137,679,458,59.7,3287.62,9,1783559425572,1788736227638,59.9,-335.13,0.102,1413.983385
0x006abdd1fbe34fa75ae4e986232f37ecedbc3537,True,2000,1218,978,240,80.3,122835.87,8,1784298121343,1788398394274,47.5,4847.45,0.039,0.0
0x006b91f422dfe38be3b7697bab72067609480dbb,True,2000,715,346,369,48.4,-9625.66,7,1780236048580,1784137666675,45.2,-3612.73,0.375,0.0
0x006e4bd8d50b4c36b21d967b7fbd67ea389d0a2b,True,1073,461,328,133,71.1,184796.95,3,1787146394053,1788155887641,11.7,10283.81,0.056,0.0
0x006e969b81979c1c7be46a04669f17e088da86cb,True,685,287,202,85,70.4,23025.78,14,1777883057956,1788288120657,120.4,5465.71,0.237,0.0
0x00705d931184135830185bb284fb8ed277693d0d,True,1000,508,336,172,66.1,11381.53,80,1713342268073,1788739200041,872.6,6756.48,0.594,0.0
0x0077137b6ab435f03d3d97f76ba7b4a18858fcdf,True,2000,602,602,0,100.0,5774.4,7,1770236789162,1788714737480,213.9,825.09,0.143,997.821315
0x0079890e27b364b94ca5b967a9fc71400fb7d835,True,2000,887,292,595,32.9,27236.29,14,1752127658667,1788736326046,423.7,-13087.22,0.481,130615.246701
0x007abdd190137f614701a6216fd703329afbcdf1,True,2000,67,0,67,0.0,-6506.78,1,1787684492098,1788211556294,6.1,-680.99,0.105,323499.433701
0x007d76eec0ba411ce873a8819df50dd443d967a0,True,2000,1796,517,1279,28.8,153345.67,2,1787529344623,1788195220999,7.7,12102.85,0.079,105170.076507
0x00813af04bda25b12a569c282b8ea348f82f391a,True,2000,982,390,592,39.7,-23111.44,10,1760718184001,1779580800038,218.3,-2052.68,0.089,0.0
0x0081b01bc116113be174d91f4d41d06f07b588e8,True,2000,995,155,840,15.6,-20323.13,1,1778281904628,1788657033340,120.1,14754.2,0.726,0.0
0x0081de86abf359926749acd346098380ce0d5c6b,True,67,28,28,0,100.0,641.51,4,1784370554053,1784552205450,2.1,267.1,0.416,0.0
0x0083970e24ab25ab706bb8a45d453f474066c190,True,2000,907,410,497,45.2,2480.35,15,1781868144356,1783942011436,24.0,727.63,0.293,0.0
0x0086568e6df2394918ede990d0992828b41d1c74,True,332,149,130,19,87.2,18261.65,12,1774236387640,1782473849124,95.3,3386.26,0.185,0.0
0x0086e87eadb32c8798b6d7cdad64a6427a549ece,True,2000,977,435,542,44.5,91093.06,11,1768954678885,1788219285228,223.0,8104.87,0.089,138850.421331
0x0087188d27ac73b715ad38dff9b99554861a2b55,True,2000,976,413,563,42.3,-111966.42,9,1784758829467,1788714387714,45.8,-31185.18,0.279,297573.838369
0x00871deac87b9096d8c361a1c27fb1c8e485f0f7,True,2000,818,316,502,38.6,7557.46,2,1775687629217,1776060297109,4.3,-2360.39,0.312,0.0
0x00876fa2cfb7c4b3be9521fcabda208c46c87444,True,311,147,135,12,91.8,6123.8,2,1773848830028,1788531670932,169.9,798.8,0.13,0.0
0x00897e2d7168165b81558c3cd9257efb007f2410,True,2000,485,106,379,21.9,88123.37,9,1788385010744,1788740306799,4.1,28705.24,0.326,996250.818065
0x008a31a86fcc4d65f42d7de77d2347772211715e,True,554,170,96,74,56.5,5100.07,3,1758353323055,1776404641974,208.9,-1709.99,0.335,0.0
0x008f38a71dd5e39f3eb4959411ebd724a4707818,True,1107,568,291,277,51.2,12062.98,17,1738035413886,1780962739098,496.8,4096.36,0.34,0.0
0x00964646dd306de6419db1e43b8c4d3378a7a264,True,776,327,327,0,100.0,236540.56,4,1783296069005,1788045046379,55.0,14946.12,0.063,52492.180421
0x0099e3ed0cba9842619cc522ce4ce0e45a9f823d,True,2000,1078,240,838,22.3,-48367.93,1,1782519077376,1788450734643,68.7,7696.95,0.159,3762.25
0x009c0ae1fcf640382922f486141812778ce12699,True,1478,616,392,224,63.6,-5504.36,1,1772397599699,1774959679584,29.7,-8985.55,1.632,0.0
0x009d13e9bec94bf16791098ce4e5c168d27a9f07,True,2000,1013,816,197,80.6,-6316.53,22,1784133197446,1788447913544,49.9,-5561.99,0.881,2073.15436
0x009fdc047e8771b8be1371fc277468a9547220f8,True,2000,837,635,202,75.9,34176.82,32,1774532726971,1788715179742,164.1,-7889.68,0.231,16102.677459
0x00a4c56a753334615f2fdd2fa9bf6c13bb84599f,True,377,196,143,53,73.0,4155.29,1,1780069854624,1788533261426,98.0,-1827.32,0.44,0.0
0x00ab1f919cf5f2122c8652d62e477126c6741353,True,2000,1020,358,662,35.1,-807.5,8,1782972930152,1788723717269,66.6,409.01,0.507,3770.693268
0x00ae3db5418f6eac5305e72ecc853838e9ed3837,True,2000,923,669,254,72.5,19449.14,38,1736467643229,1788515993881,602.4,4210.11,0.216,2452.38494
0x00ae7dc3e9796260506afe8fdb0598c281f10776,True,2000,1066,850,216,79.7,30864.52,12,1784495287081,1788733002111,49.0,761.84,0.025,43814.835664
0x00b3643af8135ad02b3028781f39b2bd70f5fe42,True,1265,419,374,45,89.3,10422.03,38,1733848130742,1787151963406,616.9,-2429.52,0.233,120.245964
0x00b43bdee2d3fa676ab06739bf1d52f4bad6591e,True,1946,1064,1045,19,98.2,922286.43,3,1775592967940,1786951926884,131.5,10688.4,0.012,0.0
0x00b44cf4801de119b3d796ebace0af6f71e84aac,True,921,423,367,56,86.8,-29091.98,7,1779849884427,1784242108783,50.8,-34215.41,1.176,0.0
0x00b9793732c0d4dff501644fd90c951f19143b42,True,2000,1054,369,685,35.0,-62.13,53,1782554430493,1788685598629,71.0,33.64,0.541,989.395998
0x00c27c9e5330b8647029fe17abdd82f25431adee,True,2000,904,359,545,39.7,30194.36,30,1755757194941,1788725640098,381.6,4635.0,0.154,25607.865284
0x00c3a4a7782822fc6aa29ea8acb38da63de85f4b,True,2000,927,425,502,45.8,-220.68,17,1778595884051,1788685072637,116.8,797.6,3.614,932.546466
0x00c430958f605f2f1b2c10a8f227ed485197ca34,True,2000,947,569,378,60.1,-15400.91,19,1755657098934,1786939110269,362.1,-4888.2,0.317,0.0
0x00c47ef3198a2db24e1ff1d42981117631661b0c,True,2000,1053,950,103,90.2,53273.71,17,1783055363156,1788706334070,65.4,3426.63,0.064,72800.687784
0x00c511ab1b583f4efab3608d0897d377c4de47a6,True,2000,1015,714,301,70.3,8024.41,18,1788525299109,1788737942553,2.5,1850.47,0.231,4689.847338
0x00c8bddb4302c54c1d76d4e941ff91b36c4feaeb,True,1531,686,242,444,35.3,-13036.58,8,1774035422756,1786093595968,139.6,-2584.34,0.198,0.0
0x00caaf67789cd375ee36ef7600b11e5cf8bd4f8c,True,2000,1174,309,865,26.3,-4773.13,4,1780527781553,1782306460073,20.6,-1149.39,0.241,0.0
0x00cb97487391d0ac7819c77098dbfd75b1d76787,True,2000,1066,537,529,50.4,29397.4,38,1762865489836,1788655352013,298.5,13856.21,0.471,21916.317118
0x00cb9d87bc66c4ba02329023c95a72a47fa81c2c,True,887,464,186,278,40.1,709.14,5,1775294641529,1776115086704,9.5,-840.1,1.185,0.0
0x00cc80c285927c289fb3484c76fe627881354046,True,2000,1184,549,635,46.4,-15781.05,7,1776445736695,1779494400006,35.3,-5087.11,0.322,0.0
0x00d1bcbe64843d8968f66194c923583d5db3a908,True,2000,764,463,301,60.6,-30530.17,10,1780180883081,1788504203711,96.3,6634.87,0.217,0.0
0x00d4c6a4ae009d24f7a63f7150375d56f6947ca9,True,2000,773,375,398,48.5,-7404.92,9,1781966789556,1788720058855,78.2,-1715.51,0.232,0.0
0x00d4f2ea02a355fe7e227abcc61dd74d818a0e06,True,2000,1109,620,489,55.9,-266733.17,2,1780108169542,1780725039715,7.1,-22812.22,0.086,0.0
0x00d8e7e5263e830e8da3638cd7f7b1d130753bb8,True,2000,1228,836,392,68.1,10717.01,13,1782398017906,1788551558771,71.2,-3041.47,0.284,4365.076848
0x00db94c517bcf8168c73a04c1c45b5d10c8b5de6,True,2000,597,216,381,36.2,-26578.79,17,1776636613975,1788411523443,136.3,-4794.21,0.18,0.0
0x00e68e5f4a528d3c36ee0275c045897e7dbcfff0,True,2000,906,410,496,45.3,-18313.92,16,1762240549669,1787311447931,290.2,-3340.15,0.182,18930.779785
0x00e718db288d3f84939e8340745c461847b53ff3,True,2000,995,460,535,46.2,-1408.02,13,1781158929960,1782203707906,12.1,-770.66,0.547,0.0
0x00e86da6695507593a0e1bdca7220098142c9c5b,True,2000,998,418,580,41.9,-15671.27,9,1787285931568,1788704574005,16.4,-4459.51,0.285,0.0
0x00edc3e69264ee4de0ca272d1ee10604c24bf450,True,2000,950,855,95,90.0,-1602.08,10,1752214508785,1788696861237,422.2,-5323.93,3.323,2000.489971
0x00ee77f67b7200e89d3ff449fa61aeecad0a33c6,True,241,112,107,5,95.5,-2103.2,3,1787227337729,1787692091909,5.4,-2137.44,1.016,0.0
0x00f2bdcaa8bdcb119e76e1a1d2ba4b64c6aa5c20,True,378,241,109,132,45.2,422.67,3,1781620807601,1782350208382,8.4,902.63,2.136,0.0
0x00f6570d8fa6924529555626b831794290d90aec,True,2000,961,180,781,18.7,-30278.07,4,1788320144946,1788615983805,3.4,-3046.63,0.101,0.0
0x00f6adc1c09fb26c257166d8c10b2bd5277af743,True,2000,1190,620,570,52.1,-2535.45,19,1770849545218,1788568992711,205.1,7785.25,3.071,0.0
0x00f731bcd3a8d541a040a7586ff3d03dea48e31f,True,2000,632,403,229,63.8,29791.77,45,1740552633834,1788697636602,557.2,4026.48,0.135,6001.672539
0x00f8da96829820da934fc4a4cb7d39031ce7454b,True,2000,1245,711,534,57.1,-6803.4,14,1783465300828,1786942065677,40.2,-8531.66,1.254,0.0
0x00f8e1501fc14d78e1a562170898739884ed3833,True,2000,1100,462,638,42.0,24651.47,10,1766977798878,1778765639115,136.4,-2311.23,0.094,0.0
0x00f98baf21eed79164d1cf99eae6b4439b96dd46,True,1450,698,370,328,53.0,-11224.64,49,1702470421333,1786729204203,975.2,-11394.99,1.015,0.0
0x00fc354b0d3e2f0457a9473d4e3ff3e8c9397521,True,970,543,223,320,41.1,-40.73,9,1782965571092,1786981876147,46.5,-3816.36,93.71,0.0
0x00fc5bf0baaa375de8b255763d5427cb9c547858,True,2000,885,382,503,43.2,-61.0,7,1782228940408,1783638250309,16.3,285.47,4.68,0.0
0x0101687adc259f624ec0f7144fc017f2f92989e2,True,1189,670,343,327,51.2,-75211.31,6,1779326608271,1788629492803,107.7,-23088.88,0.307,122788.603386
0x0101a3b6310245a20839ccccd99be862eb7e6055,True,1806,978,428,550,43.8,-37019.67,21,1769784275813,1788555726878,217.3,-4268.61,0.115,0.0
0x01031ea895b673925344535796c928791f461750,True,684,319,185,134,58.0,2851.01,4,1762262770805,1788477634315,303.4,-886.55,0.311,553.425196
0x010461c14e146ac35fe42271bdc1134ee31c703a,True,2000,1039,569,470,54.8,-153.55,169,1788740831644,1788741673891,0.0,-31.65,0.206,3128555.175474
0x010cd99435d1b5fed3001435bb37b98195efc339,True,1803,1100,550,550,50.0,49819.69,19,1760057952210,1786948462182,311.2,11228.1,0.225,0.0
0x01128ec37f1846f6ad1538e6ee8b3773223cd8e7,True,141,59,18,41,30.5,832.21,19,1749048601380,1785192614451,418.3,719.57,0.865,438.378597
0x011480677160b42a351ce50e25e3f58150d308a7,True,2000,1068,523,545,49.0,-72690.27,14,1767432929292,1778179949119,124.4,-11877.3,0.163,0.0
0x0116a3d95994bcc7d6a84380ed6256fbb32cd25d,True,2000,1024,424,600,41.4,-2388.67,63,1775347493808,1788268098619,149.5,-1997.64,0.836,0.0
0x011820f60d75a2b870ffe64a4764873e14bc8ede,True,2000,1106,527,579,47.6,-6945.7,20,1784461383203,1788701283963,49.1,-1970.71,0.284,28794.491263
0x0118cc49c88082843db88aa13fe55badbf225a86,True,2000,442,249,193,56.3,-32196.97,6,1787757751248,1788739628527,11.4,-5257.74,0.163,13282.833515
0x011afae14054ebd22500e977541639cec3c3c387,True,2000,921,529,392,57.4,-3165.7,37,1785510988004,1788729901080,37.3,-461.65,0.146,0.098425
0x011c5fdc967fa1a6a15a8e75ee71791eea6585c8,True,2000,1008,613,395,60.8,-545.71,5,1788450125106,1788560625903,1.3,1654.55,3.032,2.191756
0x0121525f755c9e7bbc525bba6672716ab46ced57,True,2000,1239,566,673,45.7,-225744.52,4,1787844601418,1788615885808,8.9,-14180.66,0.063,0.0
0x0121b7425bf0bd1b1e0f9022f876ac71796de925,True,2000,1063,166,897,15.6,-4702.19,15,1780513781472,1781634179452,13.0,481.59,0.102,0.0
0x01264dcb78240fe10408c04792711a4583ce7089,True,2000,1062,490,572,46.1,10576.48,29,1706425773290,1788472145969,949.6,4055.58,0.383,0.0
0x01274b0def8b96bc4c39a06531af3ce996612f73,True,2000,1099,627,472,57.1,-20819.81,28,1774710443441,1788689623555,161.8,-14695.56,0.706,17330.463189
0x012a30f9828d8532e27f662938f8b82f4af90461,True,2000,1123,299,824,26.6,-103.87,11,1781875436718,1788738713913,79.4,636.36,6.126,838.062973
0x012d22208d1873b7f8741ca7b5a723843da8731a,True,2000,720,210,510,29.2,-817.04,28,1774547544790,1788527934613,161.8,272.63,0.334,1.192936
0x012e43b23d3d6fe811b9265702b3fb55fef7dbfd,True,2000,1178,344,834,29.2,-22800.88,16,1781290372335,1787139263866,67.7,4882.06,0.214,0.0
0x012ed994df76022637f79ff9e209d7d44a4d1c8e,True,2000,1157,595,562,51.4,-37867.63,5,1784554397017,1786921249426,27.4,-3390.12,0.09,0.0
0x0131f07e8d7fc4bceed532120e08fa591a9af04f,True,1120,481,262,219,54.5,178023.6,8,1765213783989,1781280218697,186.0,-13987.98,0.079,0.0
0x0132157369b0d073dd99011da1777920a025fd77,True,2000,1091,675,416,61.9,15717.99,2,1783384342512,1788724809881,61.8,1255.18,0.08,3633.64936
0x01343e660cd3f1447b5805d3c545920994ee432a,True,2000,864,376,488,43.5,2886.52,26,1785962014998,1788628415176,30.9,1898.01,0.658,15603.551544
0x01353186dfedd67c16882265d242b0062c9e017f,True,560,297,87,210,29.3,-385.37,1,1781095190475,1782742700630,19.1,61.66,0.16,0.0
0x013598ea3fd28608c23ebac199c5b4218e2ade3a,True,2000,667,318,349,47.7,160.43,1,1781546368302,1788737384359,83.2,-3173.44,19.781,74566.529336
0x0136a7b61c98940aa1dd00acb007b8fd1fd414f5,True,810,379,219,160,57.8,-6291.52,10,1749658555131,1788370320104,448.1,-12770.16,2.03,26277.698799
0x013756e6a3e074f1f48628390bc5756662dd2ca9,True,386,151,93,58,61.6,-2855.02,39,1718805132516,1788690592243,808.9,-6550.46,2.294,0.0
0x013956eba578006b9c78802f902406e8a0cfd105,True,1371,748,374,374,50.0,-10918.48,12,1775959543650,1781882271324,68.6,-7375.16,0.675,0.0
0x013db75246ee5bdf15866bb0d20414847f15ce9d,True,2000,1023,787,236,76.9,-13217.91,18,1780903976838,1788711993708,90.4,1187.45,0.09,0.0
0x013df496991b18b7948bafdf85f5112236e3a53d,True,2000,833,504,329,60.5,5696.04,2,1772197470357,1773135526839,10.9,2144.62,0.377,0.0
0x01421dec3b578994fb013e17b29c24c267d175dd,True,2000,1084,540,544,49.8,622.91,54,1779784376289,1784383384408,53.2,-97.1,0.156,0.0
0x01463943c5138068eafbd4e499f5c2bb1a8f6929,True,2000,1013,453,560,44.7,1679.05,51,1786523220456,1788689867956,25.1,344.81,0.205,11072.740047
0x0149804a7c4c0d4d08f4c86d37c2fa1d3cadabdb,True,2000,1420,966,454,68.0,45913.05,25,1788164347320,1788735828699,6.6,7068.78,0.154,9248.057912
0x014b2eda4135336183ab7f6565dc98dc97c35f47,True,1101,495,275,220,55.6,9872.67,25,1752130413582,1788670061932,422.9,20034.72,2.029,2647.21
0x014bd1b946287bfdd8afe1d8833103c3baa36d74,True,2000,932,356,576,38.2,-18142.83,26,1779724840262,1784851200021,59.3,-12024.49,0.663,0.0
0x014ea29ba612d3fd4de574ea7ee7e2f9893930e0,True,2000,852,424,428,49.8,756.38,8,1743779662183,1780486558776,424.8,3388.25,4.48,0.0
0x0151ab3e652dfc67d6dc693e1f50ce546f07291d,True,654,249,72,177,28.9,18200.65,9,1732906018752,1781136000009,558.2,-5210.33,0.286,0.0
0x0151e0ff0a5b9a860f0811162e73ec691a59fb4e,True,2000,1063,474,589,44.6,-126.32,33,1775063061970,1777334400035,26.3,97.08,0.769,0.0
0x015354106478dda69c4aae3c0cf801290b738052,True,2000,1215,943,272,77.6,1125817.88,4,1778047743651,1788704721170,123.3,105679.65,0.094,4539074.766311
0x015910813c8b6af4d68efb0a720a99699659ebc3,True,1037,488,488,0,100.0,174022.23,2,1734925051875,1787366883676,607.0,34692.0,0.199,0.0
0x0159c7912bcafb0d0f4f9df7694326839b1ccda9,True,398,180,104,76,57.8,947.09,5,1739258860247,1781578754544,489.8,2806.7,2.963,127.450132
0x015ceb12e7ad292d56e8f264277c0ef07675ce81,True,2000,1312,624,688,47.6,56377.19,7,1760037943313,1779061655137,220.2,-18377.89,0.326,0.0
0x015e8b3f553b666c556a4ac7830615c1ad5e9633,True,2000,711,702,9,98.7,3606.53,4,1779149010558,1784045501109,56.7,129.69,0.036,0.0
0x016538557baa990c3e821a103f00a8ace5343da0,True,1315,618,599,19,96.9,15651.84,3,1778941908983,1781580354060,30.5,1391.56,0.089,0.0
0x0165446352b6fe302eb8d3573ea6a68b4fe46347,True,926,425,121,304,28.5,-8130.61,15,1764011064061,1779115127906,174.8,-863.74,0.106,0.0
0x016b7acf1ec99d74f4e8505343eccbecd655f9f8,True,1098,344,339,5,98.5,95973.77,2,1765026355106,1775618920760,122.6,12608.06,0.131,0.0
0x017a94abd85ede27244f0e15006b2806952b2235,True,1641,739,599,140,81.1,3297.12,18,1752059205228,1788280609059,419.2,616.4,0.187,0.0
0x017ddfd4c44ee369ebced68db13358c015e9a42d,True,2000,967,622,345,64.3,-676.15,47,1782916350047,1788739200041,67.4,-4557.13,6.74,13519.258748
0x017e887cf1c3227d08eac47a45abc765955ae114,True,2000,1089,592,497,54.4,1194.9,10,1768587940649,1778868935102,119.0,-2382.79,1.994,0.0
0x0187c76070e2ffb0ae47b298ab3353d00ee40849,True,2000,1223,952,271,77.8,13986.52,7,1783226290971,1788379405140,59.6,195.52,0.014,167.264262
0x018c97adef663a27a041225e782a16be3cfd81fe,True,2000,1216,192,1024,15.8,13880.38,31,1729944244156,1787235913545,663.1,27344.97,1.97,0.0
0x018e928f527565750dc5e6008568f0919232f186,True,2000,978,513,465,52.5,-7887.45,27,1773998965727,1787748012455,159.1,-4841.67,0.614,0.0
0x01926ddc6f829b4afff1c18e6b3efba0e834ca0e,True,71,29,24,5,82.8,180.6,2,1787802016466,1788735797453,10.8,37.62,0.208,0.0
0x01934c64689c15daaa9335bf38efdd6b3edb788d,True,894,397,276,121,69.5,13694.14,12,1785206055165,1788677395457,40.2,-3796.59,0.277,24005.917528
0x0193bfb1da3c88c64fd7714cd563248a169ae9e9,True,2000,1050,599,451,57.0,37957.63,79,1731943893818,1788264288260,651.9,5343.07,0.141,0.0
0x01946c26e741b819f9a36ccf274d92aab8b57f42,True,2000,1083,364,719,33.6,-55375.54,38,1778810690687,1786111072207,84.5,-9745.97,0.176,0.0
0x01965883b5f156019392a21049d9136d10f2f4d5,True,212,81,64,17,79.0,-54988.51,2,1782439030468,1787172639339,54.8,-47933.16,0.872,0.0
0x01a4c3cbdc016a58adfd5dffc359724322d2a2f3,True,1883,810,364,446,44.9,4198.26,47,1721207210844,1775834214729,632.3,-4605.51,1.097,0.0
0x01a66607e2f13f89c1af094e7bac50082f094686,True,2000,973,200,773,20.6,4449.46,3,1779472273701,1788738023528,107.2,1656.84,0.372,609.876282
0x01ad7725f86975d3b77739cadd79aacedc72a5ea,True,2000,998,637,361,63.8,4429.6,19,1778446280786,1785753155094,84.6,-3610.7,0.815,0.0
0x01b002ac8c15de40eaee07fcbaa585400f7916fd,True,2000,892,486,406,54.5,990.72,11,1776674184803,1788709000629,139.3,-674.74,0.681,0.0
0x01b0b538d0201efacdde7bb0397abb2133723009,True,137,81,34,47,42.0,2577.28,9,1738295150582,1787599151061,570.6,1235.27,0.479,0.0
0x01b5dfdd91c2103bfb3c37cb64d32561895c47cc,True,2000,447,393,54,87.9,186748.5,14,1773860270443,1787217094024,154.6,18181.11,0.097,124535.415741
0x01bb092c2e4fef1d68ef1ca66e9b1db29f0cf7b7,True,2000,1332,919,413,69.0,210757.8,11,1767567941910,1788358207834,240.6,18508.61,0.088,641376.509439
0x01bfbe2acd8d33da08684d44ebbb69bbe36a3e15,True,2000,1086,663,423,61.0,-3876.6,13,1780490897188,1788393600075,91.5,6054.57,1.562,0.0
0x01c0255d63e287cb0006328de58aa2e60d147bee,True,2000,868,260,608,30.0,13626.82,28,1780608336548,1788730148162,94.0,2240.37,0.164,46678.495529
0x01c6f3abf9fa9ef044312485f9b79f65141a49e0,True,879,407,239,168,58.7,1464.44,3,1780487802392,1788437651153,92.0,3136.67,2.142,30578.635442
0x01c80f69cb27ff10506df825cff859ffc8721eb2,True,2000,735,255,480,34.7,-39169.54,10,1782480969816,1788721501696,72.2,15191.5,0.388,88417.469968
0x01ca408530861768d9448cdff5b104ce52049dea,True,2000,951,607,344,63.8,57056.81,1,1779483642333,1788480678301,104.1,-3983.03,0.07,221089.453043
0x01cba9f76d0d10dc300f43b0b3bf35b2d14438a3,True,2000,836,338,498,40.4,-3632.9,39,1739079020766,1783027798471,508.7,-3013.49,0.83,2261.688234
0x01cd055a4c422cd498d35c3691e965819758d479,True,2000,1022,825,197,80.7,-12641.3,18,1784671255436,1788451081544,43.7,-9817.46,0.777,40391.163398
0x01cf1cd8f8f62b4562bd1265a7f1474cc0f1be32,True,2000,905,766,139,84.6,-3066.02,24,1749361607948,1772701765466,270.1,-1119.02,0.365,0.0
0x01d435bbc2da0d38ba6924c342f527071680e2dc,True,2000,975,616,359,63.2,10479.49,20,1780439174946,1788667032675,95.2,-4957.15,0.473,6333.70192
0x01d4a65e7ce7ec321de6740536b4c0f6ca33bb38,True,2000,1453,1179,274,81.1,-117521.72,2,1770228223041,1780413617016,117.9,-10316.98,0.088,0.0
0x01d6934527c32c0f772487d988b790b827b068c2,True,540,209,149,60,71.3,2530.87,4,1785140185760,1788714611217,41.4,3886.96,1.536,15486.080775
0x01d8296a6645ec20a3f9d19ae36aad7f4143c830,True,2000,907,744,163,82.0,74040.56,5,1760424516916,1788689559579,327.1,15507.0,0.209,12204.451996
0x01dc3986075f509bdf7b718d2ef32d1f7114e48e,True,434,164,82,82,50.0,-670.77,7,1780949215252,1787340274792,74.0,1694.46,2.526,0.0
0x01df303b2369290d1aec6fe37c1a3cd4a0c962ca,True,2000,873,323,550,37.0,-18248.17,9,1756195666316,1788044079785,368.6,-3959.73,0.217,0.0
0x01e19f446c08fcff6d9daa1883211ef0b47812c2,True,2000,1433,636,797,44.4,1758.98,2,1788359013449,1788571856054,2.5,313.56,0.178,0.0
0x01e25aedc3484cf5d18187272dd0aa9dfe42d1f2,True,2000,546,280,266,51.3,165.46,10,1787437056713,1788723545276,14.9,20.29,0.123,3112.359843
0x01e273fc08012db1b75e8ca93f8139bfac2ee977,True,2000,1041,892,149,85.7,53628.43,4,1778775860136,1779200542132,4.9,975.45,0.018,0.0
0x01e281a2791ae991f8a5aa625a5d582298d9d9a5,True,131,37,27,10,73.0,1686.0,2,1778192888652,1787302972343,105.4,1631.14,0.967,0.0
0x01e4333071b5d57f1f34d47a2d046b804b793a40,True,801,385,206,179,53.5,1488.22,32,1749317970684,1778777931799,341.0,2052.38,1.379,0.0
0x01e44479c125f7715a3a1e08143c38d58a7bdb86,True,1909,947,825,122,87.1,4551.81,7,1779979207737,1788729066619,101.3,-13421.4,2.949,9718.902787
0x01e6f70df0e683e49fab724cd2ee8de793d418de,True,716,380,242,138,63.7,8721.18,15,1786116809203,1788723124453,30.2,-1835.21,0.21,1818.636874
0x01e72e0b52e1f45f2c0d7b0687f28317d778f229,True,107,37,15,22,40.5,-280.35,3,1775390062214,1778255021541,33.2,-216.86,0.774,0.0
0x01e93c2eab0e597c74046240770b755005c47d2a,True,2000,1047,383,664,36.6,-10925.49,14,1778686269834,1788463932565,113.2,-3777.5,0.346,0.0
0x01eacf688f7cc36232202ace915623376bfccb57,True,819,348,112,236,32.2,-17841.37,14,1752735887158,1787788800012,405.7,-4756.52,0.267,0.0
0x01ede9bcd4cdca84cfbd5f349779b56b9070632b,True,282,104,51,53,49.0,74.77,10,1776927656851,1787876118360,126.7,345.07,4.615,0.0
0x01f135c734b4aae018ebf4e7995c560a38422e50,True,2000,801,233,568,29.1,-229047.13,2,1776636041888,1776828550700,2.2,-11510.82,0.05,0.0
0x01f1e991bced549ae949a8d9a166f975d0e8d8c9,True,70,38,36,2,94.7,7949.28,6,1769011099775,1788616862407,226.9,1349.32,0.17,2718.709903
0x01f47af6b0e219bfa6a6d95c11ebbef456bd044e,True,827,562,105,457,18.7,-26863.62,3,1773327374763,1787308079989,161.8,8221.19,0.306,0.0
0x01f63d95156bca41c98a9817f0627c3521196f7f,True,1636,734,624,110,85.0,53879.53,9,1787974800124,1788740737908,8.9,2095.39,0.039,48279.3618
0x01f8001701781164f2b7cbe6085bf895df03dde9,True,2000,972,609,363,62.7,6183.69,5,1773866812059,1776590872407,31.5,-997.79,0.161,0.0
0x01f8002b2b96fe073d6cb981542a8332a5f17032,True,903,414,326,88,78.7,8663.13,7,1784617395998,1788253425850,42.1,-573.87,0.066,0.0
0x01fa300de54d9eb163227971da921747139099aa,True,2000,1033,527,506,51.0,-7499.99,20,1778868964939,1787321998915,97.8,-1345.26,0.179,111.905409
0x01ffcc7285866e5cee14c8e807cb2e8d5f61079f,True,2000,935,379,556,40.5,-20685.27,47,1783011880928,1788733433806,66.2,-2797.71,0.135,11722.023579
0x0200ca959462a9a839031b8ab6bf1e56e119c214,True,2000,975,550,425,56.4,-4766.42,13,1781876405725,1787911042352,69.8,2400.19,0.504,0.0
0x02034f590a95f9300c7278f88a2d4498f1c44af2,True,1310,718,245,473,34.1,-243191.2,3,1784120199667,1787151918470,35.1,-16579.18,0.068,0.0
0x020aa1d9008390af8fa8e091acaf4511a8d12fc6,True,2000,1027,445,582,43.3,199.71,6,1784244120748,1787571695141,38.5,963.27,4.823,0.0
0x020ca66c30bec2c4fe3861a94e4db4a498a35872,True,2000,779,753,26,96.7,145655.57,3,1788703101996,1788738392523,0.4,4908.0,0.034,9665955.114134
0x0210691ee9444a4b349673e2c791dab920a5e4ea,True,2000,1221,589,632,48.2,6583.76,2,1785073311181,1787908001722,32.8,5007.44,0.761,0.0
0x02159593e155250288a7a1dd5257fc217601ceee,True,2000,875,367,508,41.9,-2440.04,2,1780066818456,1781544908630,17.1,6828.26,2.798,0.002362
0x0223687db3a44b02f6ae714b39bfe96d575d96d7,True,2000,1193,417,776,35.0,3484.65,40,1782204379659,1788671654721,74.9,4021.88,1.154,1260.3285
0x02240f24b649b0d2bfa86425a93961d5c2bdd430,True,2000,1036,595,441,57.4,8034.64,9,1787375852294,1788509110849,13.1,361.65,0.045,5049.6061
0x0225779e5e72d0d9f5ca85cceca75b14a298877b,True,1865,869,398,471,45.8,-4718.61,36,1775430535992,1788423722330,150.4,-1453.2,0.308,33421.452227
0x022757d5f58ce107daf79d233334bf9aa1b708ec,True,2000,911,464,447,50.9,-152540.78,11,1755129570999,1787932680437,379.7,-27037.32,0.177,20582.728468
0x022a28b812c3bba67d42f5a555f29d44de91d5d8,True,2000,1063,578,485,54.4,-89405.84,1,1772812478561,1787300857856,167.7,-12213.84,0.137,0.0
0x022dafa42c50969d01ed1c570daaa0af83a7a4f0,True,2000,919,399,520,43.4,-9862.9,5,1773706301005,1788665821887,173.1,-5304.71,0.538,0.0
0x022e3ce4eda264b3e3fef62036c8182ceb88e6ce,True,2000,1666,905,761,54.3,89104.0,21,1770356286293,1787539649956,198.9,-4641.4,0.052,0.0
0x0235d084f7c72cbfc0137905c7f0d64d052b244e,True,2000,990,443,547,44.7,-3942.3,17,1784600315373,1785007078075,4.7,-261.83,0.066,0.0
0x023a3d058020fb76cca98f01b3c48c8938a22355,True,2000,1558,1299,259,83.4,-18106.47,43,1788736468981,1788742450172,0.1,-2196.45,0.121,14064636.212085
0x023ab8e20a4682d315daef4c91db96bd77934d66,True,2000,1136,394,742,34.7,-1063.64,8,1788303504001,1788544166416,2.8,1841.57,1.731,0.0
0x023ba5dae9f073b960c9c2b849ca5e2b80849d44,True,2000,1001,634,367,63.3,-519.3,45,1733104267896,1788143055107,637.0,9434.37,18.168,0.0
0x02458e17a59386d7a9f71d4135aebc976f81ba3d,True,2000,986,226,760,22.9,22077.78,10,1782616431939,1788539549314,68.6,-14766.48,0.669,16219.320289
0x024b07af16c993ac10e83ff7a7ae6e5bd2bf8757,True,2000,1227,436,791,35.5,-156866.58,3,1776734334003,1776938457259,2.4,-71043.19,0.453,0.0
0x0251a24a1fea02a4e40b6ae9fbadc703529aca57,True,2000,1151,235,916,20.4,-111122.96,6,1777862821172,1780382777618,29.2,-9600.56,0.086,0.0
0x0252f92ee3f4430ac419fc3e9ae31df718990842,True,2000,951,395,556,41.5,35651.34,10,1788443872022,1788696517915,2.9,4262.77,0.12,0.0
0x0257ed1fad2518abb1b1509b4fa05cfd0151dfb9,True,834,402,289,113,71.9,-1392.84,11,1771808700438,1788511672035,193.3,-558.43,0.401,0.0
0x025c62433ecf89ed45edf7f41bf05318204d0b2b,True,2000,1026,734,292,71.5,34427.29,14,1785983323140,1788704605000,31.5,1917.7,0.056,89606.718895
0x0262bb423f71a1cd253865b6bac69b88823db287,True,2000,830,488,342,58.8,7789.92,9,1780408716447,1787299603535,79.8,-12259.61,1.574,0.0
0x0264d3ca7c7ba775ab88ccb396109c122a79cb34,True,2000,1033,397,636,38.4,-5.3,52,1783327550955,1788689289959,62.1,33.68,6.35,7198.236484
0x02650c0e46733dc67b052deae215ef3a1aae6532,True,2000,1115,601,514,53.9,-17535.51,14,1787375400633,1788661543520,14.9,-7903.13,0.451,30057.421054
0x026a64f432bff6368057b5d72b48581982e5688b,True,2000,801,447,354,55.8,-31428.78,24,1753046820719,1785306492784,373.4,-4207.05,0.134,0.0
0x026a8d4bebb2e3d0a3f76d9cf6f72e0c7e847291,True,2000,609,401,208,65.8,-5476.85,7,1784219115562,1788604261449,50.8,-2934.92,0.536,239.509452
0x026efa3792561d16b12de6df3db62c95a4682c80,True,2000,977,498,479,51.0,14407.57,58,1720840983327,1784188930673,733.2,1966.05,0.136,0.0
0x0272c2c6c3175aaeecaae271aa4a6fb322742a28,True,1607,843,473,370,56.1,29317.11,5,1776437883339,1788329219132,137.6,6837.4,0.233,0.0
0x0272ec6b528511f6d6d10f034df8eab8ec2e6fec,True,2000,1013,584,429,57.7,7269.27,36,1772983356895,1788547624496,180.1,3360.96,0.462,61856.600117
0x0272f3ebd901f4417c2ae5d0ce52b9ec18e9c6d2,True,2000,954,547,407,57.3,2811.12,28,1787313621832,1788405595633,12.6,1005.6,0.358,0.0
0x0273b3440386d8d01d33e75d662122d710907ba4,True,1742,714,410,304,57.4,2068.97,30,1733943531377,1788673039342,633.4,-5346.34,2.584,2469.167624
0x02747ec489dae63dbbe9a5b15c317d11be9c940b,True,2000,1086,251,835,23.1,-24550.05,10,1761744277735,1781763329516,231.7,15284.56,0.623,0.0
0x0275094bf5bad186f8d2fdae36e7a63f4e679d6e,True,1240,575,242,333,42.1,-16452.75,13,1746741729897,1787251849016,468.9,-10937.73,0.665,20890.588922
0x027720940405783e0437a60f50651e923edabda0,True,905,461,211,250,45.8,4435.96,7,1782331093344,1785490315952,36.6,-2634.14,0.594,0.0
0x027750fa2beaf80b8bd9c5d311282ec0071b54ea,True,331,170,40,130,23.5,-7097.89,3,1772741120785,1787151901187,166.8,-509.37,0.072,0.0
0x0279f574b5530a4c1d08bc479886391011f3ed04,True,1677,855,470,385,55.0,-301.67,20,1737391135802,1788337601094,589.7,-777.92,2.579,0.0
0x02810a9ff42946e2d68d3c9f186cfac7f5de25dc,True,900,471,297,174,63.1,4099.74,20,1722785676228,1788741203602,763.4,-3045.18,0.743,0.0
0x02864be954583456c866130f845595ed70f955b2,True,2000,974,357,617,36.7,-533.08,6,1778815444828,1781084069849,26.3,841.86,1.579,0.0
0x02867e83eb85a3721422b4cddb8f4f64440eee0b,True,2000,971,281,690,28.9,-59521.83,4,1784646286739,1788193186332,41.1,-5561.69,0.093,0.0
0x0286fa243dd5d44094673187cdf299611d5ed766,True,2000,922,528,394,57.3,968.05,8,1788548718778,1788739836885,2.2,1336.65,1.381,19049.561128
0x028a3d07406bba2223b558ccc1f5ddb457ebebff,True,308,151,130,21,86.1,944.4,2,1786580031445,1787151990120,6.6,-1876.95,1.987,0.0
0x0291639ea7178930475da17b579e1ac2de8faed8,True,2000,1098,743,355,67.7,685.09,17,1788525012571,1788741845709,2.5,52.47,0.077,26622.461665
0x0291a693f958d398795dc17ff8d3adfe72a85db1,True,379,267,132,135,49.4,6004.84,2,1781845045554,1783615905618,20.5,4862.84,0.81,0.0
0x02938da2e3e9e95bc5eeb068a09142ef0792ca17,True,2000,999,761,238,76.2,-18115.18,29,1784513012098,1787315430863,32.4,-5944.93,0.328,0.0
0x029487b605bc2cd660765905099d1e8d84f40e1c,True,2000,963,502,461,52.1,-8424.62,17,1741630043818,1788705109879,544.9,6851.75,0.813,0.0
0x0296c6761c55a3a54815490428e12188f44e8f48,True,2000,1222,921,301,75.4,-6283.38,14,1784219111712,1788719061695,52.1,-9446.73,1.503,20647.493732
0x029974545315aecdc21650b17fc16f5b331bc817,True,1353,474,285,189,60.1,-44992.32,4,1781517376140,1788403334730,79.7,-4805.76,0.107,0.0
0x02997b4ff6ef45ee137733aa704900c9338e68d2,True,2000,439,142,297,32.3,-8339.9,9,1785714985926,1787669351100,22.6,-1808.42,0.217,0.0
0x029a18890bab733aabc35453b23a2775e5fdb0c6,True,546,530,111,419,20.9,-35455.8,7,1787242952242,1787663763217,4.9,-8794.71,0.248,0.0
0x029ca5149d0b7e0de9b23f39700176a3d785fe48,True,744,351,194,157,55.3,-5807.71,6,1757955409698,1787364857204,340.4,-2691.87,0.463,6476.939178
0x029cd954c38838b2731cb5618e5c950ed4766956,True,2000,709,317,392,44.7,-217475.39,12,1763310044494,1787374730771,278.5,20958.06,0.096,84686.577444
0x029fe60136b6b0f7c608f719de72274f49f79c77,True,2000,946,315,631,33.3,-2162.87,22,1776550676855,1785561375408,104.3,983.76,0.455,0.0
0x02a250b4f8479ae742415307a23bc9440e67f737,True,2000,1208,567,641,46.9,-14189.17,37,1753446796134,1774507991306,243.8,-2782.0,0.196,0.0
0x02a43ecb728a85f190a515ef3e1c6abf4a2c8294,True,2000,787,84,703,10.7,-222.61,1,1788111994343,1788115333537,0.0,-5.51,0.025,0.0
0x02a4cc3102c8b3f3bf16bf13beb5e051eef9fb5d,True,270,114,49,65,43.0,-2353.53,29,1732879650490,1788687306293,645.9,-670.74,0.285,0.0
0x02a6a59224c8838772931d596a2f74d8edab9112,True,2000,1364,304,1060,22.3,-52976.5,12,1780388843723,1787355685094,80.6,5555.69,0.105,0.0
0x02a6b7cea5b417f97409b6d878739af4c782dc2e,True,293,95,75,20,78.9,7115.2,1,1784681039006,1788464548727,43.8,-2918.03,0.41,14212.908353
0x02aa6015d2ba9992b88596d36bad706eeef41806,True,2000,1227,763,464,62.2,67430.54,10,1771554323883,1787580803099,185.5,2032.86,0.03,0.207849
0x02aaa417b43f9a23e772276c31c5bd7ed9a682bc,True,2000,924,344,580,37.2,20935.49,25,1751639787225,1788732185832,429.3,10019.69,0.479,0.0
0x02aaf19ae62d3194858c635224a2d9ab2a14d519,True,2000,856,438,418,51.2,266.58,8,1785071824523,1788741473637,42.5,1681.53,6.308,3.19214
0x02ad96d8db016177421f5945ff51d96dbb67ff7a,True,1680,809,507,302,62.7,-29942.86,23,1734899068458,1782642311091,552.6,7055.93,0.236,0.0
0x02b04717d66a7740e8a012e952c41bc991caf9a6,True,2000,973,488,485,50.2,-9630.29,11,1780575052215,1788732647985,94.4,-562.56,0.058,10164.15717
0x02b0f4d585456a1f808ffe25624a0e2dafe52ffd,True,587,586,16,570,2.7,-456533.8,3,1779718191244,1782316358216,30.1,-27653.73,0.061,0.0
0x02b177e2f922a33241520accdf7deee15d1311da,True,2000,1001,380,621,38.0,110.76,52,1785055690048,1788689590358,42.1,99.92,0.902,22004.841233
0x02b3d339284cfc7a03dd31873d13a839dc86bea1,True,2000,1115,898,217,80.5,10356.36,12,1767084946535,1788480000030,247.6,-771.13,0.074,0.001737
0x02bcfc8de61232437ad46d6b0d274206d279fd94,True,512,230,134,96,58.3,34427.82,1,1780545507707,1783345921648,32.4,6672.6,0.194,0.0
0x02c0202deb3c5854ff58c8ac84d20ef244c59118,True,2000,1040,397,643,38.2,3997.26,51,1757307611278,1782846353571,295.6,751.25,0.188,0.0
0x02c20d51b1a8a72852addf9bd9241e105b9d80c6,True,2000,1047,444,603,42.4,-4787.62,7,1754635985921,1782202657855,319.1,-2510.33,0.524,0.0
0x02c31a0b4f07f3d5f840991f0efea578aae2d102,True,2000,1070,489,581,45.7,-263.55,2,1788530925406,1788742875239,2.5,-109.98,0.417,0.004777
0x02c792bb17ce731d3a7dd6209db9aedbb78b756c,True,2000,1387,1050,337,75.7,185504.83,4,1782135988554,1784246400018,24.4,5894.85,0.032,0.0
0x02cd809ea9a3cddc5d9e5959a46b3d7505d08f3f,True,358,207,100,107,48.3,1945.63,6,1776430748592,1782831992199,74.1,3864.3,1.986,0.0
0x02cf911889f9d979dde0f27084e25a4ca58efdf1,True,2000,1073,406,667,37.8,-202223.83,8,1784297428382,1787307584941,34.8,-12798.48,0.063,0.0
0x02d0a5a6811d2a901c41ca60b497a9efb2265a85,True,2000,1072,454,618,42.4,-28070.25,31,1780400323299,1782395000340,23.1,-1510.63,0.054,0.0
0x02d28ecd26c815a44df93e1db27227271d78d117,True,1555,793,348,445,43.9,-16945.36,17,1786418714615,1787871365633,16.8,-2847.71,0.168,0.0
0x02d3475191e7801620e740aecd1bd9d61984191f,True,453,244,116,128,47.5,-4509.08,5,1780242631073,1788510871758,95.7,-12501.05,2.772,0.0
0x02ddf94cd67f436eca466b84788af6c6dffb82e5,True,2000,1028,521,507,50.7,1184.52,60,1760112885162,1788480000030,328.3,2641.55,2.23,59018.863084
0x02dfee6f321d8d0c6722f3e1a11cb00a39e67510,True,2000,924,506,418,54.8,-7763.89,20,1768780890707,1788729512401,230.9,-5412.25,0.697,13678.747568
0x02e1205e87032f986640226f5388041a59e5f098,True,834,264,173,91,65.5,3328.38,17,1748868306086,1784299086614,410.1,-7798.37,2.343,24066.436629
0x02e1e81f36784ae23cbf53ea9ccbdf489d733062,True,2000,1020,952,68,93.3,22659.64,22,1760359519925,1788558224250,326.4,-2627.74,0.116,27496.135181
0x02e27b30a7209dbcaf8963845d0ec5cff80330fb,True,2000,249,249,0,100.0,93822.57,9,1774164973658,1779321600086,59.7,2922.64,0.031,0.0
0x02e2b0c0ae6105901198058176b3c22bdf3efa2d,True,2000,1186,302,884,25.5,-144651.9,3,1773310924547,1773922003067,7.1,-13084.17,0.09,0.0
0x02e3dfb9e4ac57e646836a5e28c7fa89b5cd4041,True,2000,1007,485,522,48.2,-6903.41,8,1781094793255,1788737189625,88.5,4215.96,0.611,2884.816657
0x02e4911dcbd9fa80a67ac65ea7fd4aa290301d97,True,2000,891,621,270,69.7,-6525.68,9,1774191512655,1788547690099,166.2,-2760.54,0.423,0.0
0x02e76c933b98c46fabd87fb30c14c7a623319bbe,True,2000,776,342,434,44.1,-9345.39,11,1783420456837,1787837419249,51.1,-1758.32,0.188,0.0
0x02e7b714fae84e4ba80f3cda5508553e7cf5042a,True,1716,874,646,228,73.9,4792.0,50,1745838690950,1788628912358,495.3,3960.9,0.827,0.259655
0x02ea27a48110ef7f7709d221a924c83e46e37e10,True,1352,561,203,358,36.2,6544.7,35,1749692920265,1787528074526,437.9,5725.84,0.875,0.0
0x02ea7af4762ad00870f07799e4adb3ba3d953660,True,2000,1040,547,493,52.6,18972.44,14,1777326077658,1778466686879,13.2,1999.56,0.105,0.0
0x02ee0af54fdf6e471a4d8f532d2531e6f0929348,True,2000,486,142,344,29.2,11813.36,9,1787791321725,1788743013942,11.0,3145.0,0.266,10862.187993
0x02f21cb1ca956071be6d17171453c86c6a304adc,True,2000,1078,504,574,46.8,36257.27,11,1779229218490,1788449652132,106.7,3617.45,0.1,0.0
0x02f22cf95cea4c946fcdda40c0867922a185d5cd,True,1040,563,313,250,55.6,0.16,6,1788075626359,1788727529535,7.5,1626.68,10472.922,3124.059077
0x02f8edb1b741e2c60788c002b42135b370f01068,True,2000,851,431,420,50.6,-154253.02,4,1775231458194,1778509594977,37.9,-36249.81,0.235,0.0
0x02fa14251b24b347e028b6b8b231f682d28ffe09,True,1096,629,431,198,68.5,-13468.89,7,1769609891200,1772861578528,37.6,-9457.2,0.702,0.0
0x02fb3eb5627c1fa9afb1ff6a1555ccae8e98dba9,True,614,319,127,192,39.8,-7688.14,8,1748923623397,1782906807922,393.3,-2239.32,0.291,0.0
0x02fbbf39d1e3c142994b383af5ac3f2ad744cda9,True,2000,1966,1421,545,72.3,5542.41,4,1787579347059,1788690750485,12.9,939.35,0.169,644377.826382
0x02fbcb27e9320a457887eb14c1d92dc6f95b1cad,True,2000,1185,535,650,45.1,-7280.41,6,1772615396309,1788721032044,186.4,-6983.4,0.959,0.0
0x02fd5f5a98cf49e21be73e09237f51d4bbfa9d05,True,2000,783,322,461,41.1,-8041.1,4,1785346268050,1788446917818,35.9,-1553.31,0.193,0.0
0x030330e4523b730814e31c7e8f80a5e3fa847c70,True,2000,1064,515,549,48.4,5103.4,4,1787306472641,1788742803187,16.6,1121.5,0.22,0.0
0x03040808812d5519555c0c4844d6ea913ed8c32e,True,148,66,31,35,47.0,17782.33,8,1752806727695,1787375477921,400.1,10395.75,0.585,203.126364
0x0305c8aa090070000ee41a82d9226482f0296e08,True,769,217,34,183,15.7,197684.61,4,1763532151986,1777454064927,161.1,37896.67,0.192,0.0
0x030ddcc55652c240cdda942f05f151d82eb51309,True,1,1,1,0,100.0,270.68,1,1786552430043,1786552430043,0.0,270.68,1.0,0.0
0x03136324349c003f3498130f56f4526bf5720ab1,True,2000,1042,678,364,65.1,6086.97,28,1755010108264,1788730993570,390.3,-17533.26,2.88,20999.224128
0x0315f272b9f9b14822ce9c4b15a711c0dbb6aec3,True,2000,1382,1199,183,86.8,77198.65,1,1781678053904,1788698349187,81.3,2861.47,0.037,432.642878
0x0319b88008686bcf15c8d0955b90b18050c661d2,True,2000,893,549,344,61.5,-12367.58,23,1752523039358,1787229373140,401.7,6605.78,0.534,2459.914096
0x031c0687601770c39a15706e62adcd405b7e1cec,True,1004,0,0,0,,0.0,1,1784194086098,1784194383013,0.0,0.0,,0.0
0x031cba65b78e8bc58108d1e91b1351191c48cf36,True,680,270,270,0,100.0,46641.68,1,1780989216114,1782398261178,16.3,5862.91,0.126,0.0
0x031d958f8687763f2e3bfd2fcaeec8c979150aa9,True,1279,596,506,90,84.9,-3210.98,5,1774099529642,1784810196665,124.0,-925.71,0.288,3.2e-05
0x031f72deb03c509af42624ddcd1f63fce5ecb220,True,2000,917,869,48,94.8,812610.51,9,1784931071124,1787443200018,29.1,71959.75,0.089,0.0
0x0320e2787d5c62a4a81f219dfb3c5abdf6265362,True,2000,1539,799,740,51.9,27168.33,5,1773397025475,1788274065695,172.2,5909.49,0.218,0.0
0x032373248e3caaca7e801e78d547e5c9d0a6adb8,True,2000,998,435,563,43.6,-7262.28,2,1772485347014,1788706672855,187.7,-3382.81,0.466,0.0
0x03253d6409fb0288323b1daa153dd72e8e7af51d,True,2000,966,320,646,33.1,63340.77,18,1772464644610,1788551770407,186.2,11702.03,0.185,29365.951599
0x0328595a59a791d50f0dac034f98fe841c4b6949,True,2000,821,808,13,98.4,7317.98,13,1788149357821,1788716784841,6.6,686.35,0.094,72.249531
0x0329573edb184749f79189adbea31b584ebc2aa4,True,2000,1196,285,911,23.8,-269417.62,5,1781484279379,1781722307966,2.8,-16670.12,0.062,0.0
0x0331ad62afc5394c36c214dea76c3d3960a7853c,True,2000,884,404,480,45.7,3851.44,6,1787607928596,1788540472984,10.8,2769.8,0.719,8819.670914
0x0333092af56fd45a4bf3a5caa623abc06a3d484d,True,2000,1099,498,601,45.3,-8220.04,26,1786024736606,1788734122988,31.4,-1147.3,0.14,0.0
0x0333216842c94ae06787a84e43d2e816fbaa3ad1,True,2000,532,525,7,98.7,7863.06,25,1754642744107,1788659904432,393.7,588.85,0.075,2752.485193
0x033465f1a262b563e5fc2e4366e7e2ced480753e,True,1827,800,456,344,57.0,26935.87,34,1778063386119,1788735407484,123.5,2164.37,0.08,26105.169188
0x0335a1387afc039bf30ba7bf620630121c33b797,True,2000,1109,1109,0,100.0,7003.63,3,1785873614555,1786361347952,5.6,690.33,0.099,0.0
0x033e0a9b175f3f42cbde21c0789590a6ff11b7a1,True,2000,1036,679,357,65.5,-102671.59,4,1784093033827,1784900360116,9.3,-26157.73,0.255,0.0
0x0340784e724a3c8fb80de4826a5d3b0e9e69d8a3,True,1239,566,313,253,55.3,-2623.87,36,1735601176609,1780204751010,516.2,-1234.03,0.47,0.0
0x0343409e45ae5ba633b3aff2cf75dd7a61d5646d,True,2000,950,220,730,23.2,-47190.43,46,1770470079572,1777161600025,77.4,-7856.41,0.166,0.0
0x0348a0a921ba8cdada0e3be3f1ea56deebcbbf8f,True,2000,957,413,544,43.2,10596.86,8,1780588099053,1781697070155,12.8,1946.73,0.184,0.0
0x034d4f0b00827e4ac77d910071377f707ddd23d3,True,2000,1132,553,579,48.9,-18731.74,58,1788683645288,1788743285132,0.7,-726.51,0.039,751029.548402
0x0351606ce9152cdf270d90133b3187ac5d1cf9db,True,2000,906,532,374,58.7,-388.91,1,1782771716938,1788737936551,69.1,-4599.14,11.826,0.0
0x0354525be351ba3c1cef0a0d596da0ad4dc4741a,True,2000,751,554,197,73.8,72043.42,14,1784930221634,1788734142728,44.0,6858.54,0.095,116165.206626
0x03595e94fae0b50e3cf01f3c3b322bcc8ea615ba,True,2000,946,752,194,79.5,31555.43,8,1780224645906,1788293079941,93.4,2578.7,0.082,0.0
0x0359b52496955b2a214c470cb5c9d4998b4886eb,True,2000,932,467,465,50.1,18890.86,32,1778543817906,1788743250140,118.0,1437.69,0.076,0.0
0x035a22d9b0f817667685fb3c45873f2f15be7595,True,1335,615,404,211,65.7,-3681.74,17,1778742517979,1785132371210,74.0,-2106.03,0.572,0.0
0x035ac045ab35ceb520af9f794077644e041b5cbc,True,409,197,179,18,90.9,20712.92,8,1748451937291,1788289336398,461.1,3786.34,0.183,5531.760155
0x035db80e29b7e062271cfdfa3728b4c82a53b58d,True,1562,718,444,274,61.8,10793.82,7,1769531761401,1788533325023,219.9,-2771.29,0.257,10806.156034
0x035e7cc6cb0ed60d26877470ddf3d72adcf9f020,True,456,229,94,135,41.0,34.44,5,1774193314344,1787150857929,150.0,565.06,16.407,0.0
0x03699cfce776244976bc28c411c612bec56331c1,True,1072,446,255,191,57.2,30769.48,13,1775891140321,1787897725067,139.0,3697.2,0.12,0.0
0x036d640ac8192672220cfab52859da83374de5a1,True,2000,929,600,329,64.6,-2593.11,11,1783269521616,1785843972991,29.8,-1307.22,0.504,0.0
0x036dda4d4c94f7b473e8662b480a39c344e575a2,True,329,152,130,22,85.5,974.71,12,1752277537368,1783477447933,361.1,631.37,0.648,0.0
0x03788a10edd03ac0e39570861204e59f00610936,True,1232,767,513,254,66.9,-4838.85,5,1759662763158,1782166705093,260.5,-6652.94,1.375,8837.5
0x037919a275ddc336d024fa489c462d19c949838e,True,767,408,272,136,66.7,108350.05,7,1776177154548,1787241324108,128.1,26557.61,0.245,0.0
0x037a4d2e21e301d92d62c05bfe9a169d925914e1,True,2000,903,339,564,37.5,25594.76,15,1773413926765,1788738568705,177.4,4130.23,0.161,34039.304817
0x037e2f6c7028c2882c29a86f08c241349406c3b3,True,2000,887,743,144,83.8,28331.22,12,1785340984137,1788388069090,35.3,-4679.6,0.165,0.0
0x0380b85690a73effcf9b2f267c34acd7ebbd13d5,True,1377,735,539,196,73.3,22650.77,14,1757057477343,1788510327702,364.0,9823.8,0.434,692.066968
0x0383a8d660074a05ec96ff32f34b9b4eff88fe95,True,2000,953,488,465,51.2,657.04,4,1787189581667,1788742120709,18.0,7255.5,11.043,90260.010396
0x0386722f460541b1cc899f08968952856ec3dd7e,True,2000,1162,921,241,79.3,-7810.44,12,1783909045495,1787173151589,37.8,-3552.0,0.455,0.0
0x038848e8664976bc0280d011e53966cb16c638c9,True,2000,959,366,593,38.2,-11256.34,29,1774625051784,1782255996364,88.3,4214.74,0.374,523.255096
0x038b716928a41ea42253ac043af4f8fdcd940098,True,858,456,216,240,47.4,11106.9,22,1750545242217,1784236928866,390.0,4403.88,0.396,0.0
0x0392052987557290d6daa0189a7c451916c8c119,True,2000,1077,661,416,61.4,-1485.28,1,1785119757664,1788743439641,41.9,-1525.51,1.027,2725.77115
0x03930881c44ae22e3cbde63a59e9f06f3b34fef1,True,1978,872,575,297,65.9,61153.67,13,1756247695735,1784073600046,322.1,7596.58,0.124,0.0
0x039405fa4636364e6023df1e06b085a462b9cdc9,True,2000,971,60,911,6.2,-16882.97,3,1780647995379,1785763959294,59.2,-1481.31,0.088,0.0
0x039443d56104dfef9edfe928c59adbca6cff8ef7,True,2000,928,576,352,62.1,-2477.48,22,1781710834245,1785333193435,41.9,-1854.61,0.749,0.0
0x0395ac5e814d57ce618f32777c5a5db498b48f56,True,2000,1060,450,610,42.5,-9166.43,28,1764720944976,1788689077906,277.4,-3596.02,0.392,0.0
0x0399976a0e0c504da1c07fedb91c30edfd7e4395,True,2000,1106,341,765,30.8,-15598.0,8,1788463122479,1788730896915,3.1,3784.55,0.243,301483.836704
0x039c1dc416ceb08d17ea8a3e20ce3f17fbd8cef1,True,1759,819,313,506,38.2,4729.48,12,1771826876745,1788464506218,192.6,1862.32,0.394,1376.158826
0x039cc0690200bfba3bacc6a9bcc5f865ed970ebd,True,2000,1168,766,402,65.6,10782.37,25,1788547299600,1788743415200,2.3,-839.58,0.078,1573867.573415
0x03a011cd0c745553df4f7a8521ede9070ff428ed,True,474,246,54,192,22.0,1859.75,2,1763743477737,1788536759043,287.0,5511.6,2.964,2531.091398
0x03a0bd75674a866da2e5e190c0674b140bbdfd07,True,2000,887,513,374,57.8,8384.26,13,1782141059701,1782349059464,2.4,1523.11,0.182,0.0
0x03a142575e2bfaed0d81c49c8edb380d86cca6b3,True,2000,622,480,142,77.2,78041.77,11,1773652379709,1782195252292,98.9,104027.69,1.333,387304.787165
0x03a98b9c4dd0a6df26380a72e3bd90b447c942a7,True,2000,943,449,494,47.6,-12103.98,54,1740167001440,1787564652589,548.6,-3064.07,0.253,0.0
0x03aa208512dfd467e4bf500b3ff83ecdc1591533,True,545,247,173,74,70.0,18078.62,13,1775814732115,1781664144474,67.7,7823.46,0.433,0.0
0x03af00dda1cee29633b8a8e23745fade7c6c38bb,True,2000,968,165,803,17.0,-18354.63,27,1759500047328,1786247456529,309.6,875.55,0.048,0.0
0x03b3d7811f5c520fa7d6fb487ca8f6a47df03d85,True,2000,1029,222,807,21.6,-259.69,28,1778674029859,1778682791261,0.1,-44.85,0.173,0.0
0x03b8d9bd69c3fdf48d0e6c3d914ff37f15b5add2,True,2000,938,486,452,51.8,-1833.88,4,1783944691668,1788742239699,55.5,-2413.07,1.316,4779.83821
0x03b9a189e2480d1e4c3007080b29f362282130fa,True,2000,1219,579,640,47.5,-1128.56,53,1779217811138,1782432000043,37.2,-506.11,0.448,1549446.193769
0x03ba951f72e59899ac8dab30cb5624dbe5d52bb8,True,2000,571,463,108,81.1,-5238.21,3,1787167041663,1788743474824,18.2,-7306.69,1.395,560484.697639
0x03c820f0271794e4d53747338f0ba48e223fc291,True,294,156,89,67,57.1,-1340.09,11,1770883086134,1781522885010,123.1,-1556.07,1.161,0.0
0x03c832ccb5055e38f7080f3761794fea79ad497f,True,1739,534,421,113,78.8,81165.24,8,1774111202357,1785431824995,131.0,5750.0,0.071,0.0
0x03cce5cfb2a6772a1b5137fdbd66a94eb97befc9,True,2000,959,594,365,61.9,2063.1,22,1785526182790,1786938597990,16.3,-535.94,0.26,0.0
0x03cd3859327e9821adb61f781991ea564213aabb,True,2000,982,427,555,43.5,31047.99,9,1778825177658,1788271734014,109.3,11616.14,0.374,144752.535318
0x03ce7863a2b62f4e227fd98605b79beb32618c76,True,2000,1007,774,233,76.9,6012.44,49,1785844273186,1788732625844,33.4,-3410.23,0.567,43426.879376
0x03d161dc865b5740049bdfa7e436e692010c009b,True,2000,996,423,573,42.5,606.98,51,1785920896200,1788687615854,32.0,198.57,0.327,53651.662298
0x03d2fe6089f00167690120cdd96dfa545ebf9faf,True,2000,1074,528,546,49.2,-41.24,17,1767604024712,1783517794601,184.2,3810.33,92.403,0.0
0x03d669dab9dbce67ac67324812121990669a51b0,True,2000,1038,130,908,12.5,-4901.96,13,1776965305963,1788445956534,132.9,2338.51,0.477,0.0
0x03d92cde581cd9d3d0f9caf98a02c8fe28382178,True,2000,919,583,336,63.4,-6554.51,73,1788457594959,1788739200041,3.3,-1123.38,0.171,5328.74405
0x03d95962b0579c57ea2032dfb576e6323983d1e9,True,2000,1003,310,693,30.9,-238346.97,4,1774151270410,1774581006817,5.0,-56347.89,0.236,0.0
0x03daf96a07a393c8c8de1e86d932ab00bbd4c563,True,2000,957,898,59,93.8,13243.93,2,1780152795493,1787852416152,89.1,-3732.12,0.282,0.0
0x03e2fc84842f4ba5995ceb5533caf221a477b4bd,True,1651,902,346,556,38.4,-50864.7,16,1733985916405,1783301399227,570.8,-9353.19,0.184,0.0
0x03e66407e629c946e62134c79edc5996b8f3337a,True,200,95,46,49,48.4,3219.36,10,1778633270198,1787934318865,107.7,1398.25,0.434,6120.681824
0x03e8fb0f68d497936231a1de70f84bc33b568529,True,791,362,115,247,31.8,617.3,9,1770511209424,1780495263015,115.6,5083.94,8.236,0.0
0x03ea03398be304deae2e4f98d7a81f3189e561e8,True,486,259,172,87,66.4,7558.89,15,1764718076817,1773845621611,105.6,3694.94,0.489,0.0
0x03eabeb54d0958cff6c2c33f83e357d90795e2a4,True,329,158,70,88,44.3,-1189.2,7,1779083903228,1784114112145,58.2,-1062.53,0.893,0.0
0x03ed75547203aa51c84e6eb6bf3f3a9f8e6ee5c9,True,2000,1009,595,414,59.0,-10061.41,11,1787641765674,1788556611951,10.6,-2692.2,0.268,0.0
0x03ef8f736498047c3349bb2c18311d1bb4a79054,True,2000,86,84,2,97.7,4727.38,4,1787926384615,1788697864654,8.9,555.29,0.117,719099.297766
0x03f0995e7352fdd38a5aaa02783c7afb3e557c7e,True,2000,969,393,576,40.6,-119593.84,31,1759176343737,1787162625100,323.9,-8846.92,0.074,244.724676
0x03f41ea5346172ed884ff4911543af5551de728c,True,2000,1058,787,271,74.4,30916.32,4,1781473815199,1788447850356,80.7,-3084.54,0.1,0.0
0x03f564e86415d23db5ccdfdd212a91d7b3ff5b98,True,2000,949,314,635,33.1,2114.58,51,1780315876603,1788536443323,95.1,995.33,0.471,4221.399316
0x03f873e351c7708f2611479b4bc33818c3a015be,True,2000,980,462,518,47.1,1905.65,39,1766884202564,1787025966130,233.1,295.42,0.155,0.0
0x03fa8e0433335b250164669a2d9b19f242620088,True,2000,991,268,723,27.0,-343.95,8,1776848949919,1781199145570,50.3,274.02,0.797,0.0
0x03fb2d4401575453307c53015abafbb69c62e254,True,2000,1175,847,328,72.1,175886.38,10,1782771989756,1787680082499,56.8,-7622.0,0.043,0.0
0x03fdde9d6a10ba08065b09cb033ccd1c14b2dc1b,True,1496,711,558,153,78.5,-17066.35,3,1771537600596,1788488648026,196.2,-6777.05,0.397,0.0
0x0405b6fe11f41ea3f28cbba3fd3015be402bfba9,True,2000,977,471,506,48.2,-4684.24,38,1776964724911,1788567145122,134.3,4612.56,0.985,16663.349639
0x0406f331b1544c56c3c476adedd353ffedabc299,True,1343,648,290,358,44.8,-63455.73,26,1758997807637,1785273497646,304.1,-11837.54,0.187,0.0
0x0407a33dbe0ba93bf4f6bd22e7ea4fd8b8a1f586,True,2000,924,452,472,48.9,36069.8,41,1773035360919,1788566400005,179.8,2678.19,0.074,0.0
0x040b489281961a4e18aefe97c5243585d7d8217e,True,1136,409,242,167,59.2,-35155.01,4,1772044236558,1774252658297,25.6,-12034.33,0.342,0.00343
0x040d046e001b0811725a1baf52af4d6e2ea784ab,True,1699,866,316,550,36.5,1163.67,4,1778788058785,1782868368403,47.2,-650.29,0.559,0.0
0x041060d6b965bba169f37f546c33870ab7c1a92f,True,1696,642,480,162,74.8,9730.86,8,1772717891248,1774012703489,15.0,-1515.12,0.156,0.0
0x0412f21bdea1c80e8cb6a5340d2c91bef129bbb1,True,2000,1001,490,511,49.0,-2066.66,10,1774517537693,1774742400085,2.6,-1263.2,0.611,0.0
0x0414c6888b48d2c633bc0189378e42466a64f236,True,2000,1006,297,709,29.5,-67537.41,41,1759317608012,1785859401392,307.2,-10145.17,0.15,0.0
0x0414cbd217bb07f59a5a4ecc5138c04d4b72a3ab,True,244,80,45,35,56.2,-2633.78,5,1787528086204,1788511806239,11.4,-1241.86,0.472,0.0
0x04171c2692e2ee2d80d3d79a07763fcb1b6f9237,True,2000,1038,522,516,50.3,29174.76,12,1779627130171,1788530642416,103.0,4733.99,0.162,0.0
0x041836d6c0617c694b70b57680f45905811076db,True,2000,1895,1238,657,65.3,6436.29,6,1785604639060,1785715683884,1.3,-4416.16,0.686,0.0
0x041a09a6220c9c08a0cc9bfcc31deaf9799412b2,True,242,108,45,63,41.7,2896.17,16,1731298977910,1788629763341,663.6,2866.17,0.99,2157.84216
0x041b64c4b56559710c27a8b407d61d1d60c66226,True,2000,1224,744,480,60.8,-9437.86,1,1781333049368,1787218676303,68.1,-5620.0,0.595,5019.086214
0x0421e0457edddf6940f558042c797587b12ff429,True,2000,1098,732,366,66.7,4250.19,2,1779208581567,1787671835320,98.0,2790.74,0.657,0.0
0x0422597f4241b4406f7a4d9cd0f65626ec0ad6dc,True,2000,1095,850,245,77.6,94746.17,7,1778858302044,1788277253520,109.0,33000.0,0.348,0.0
0x0422d8308870ba079decd8cc27f1268296196873,True,526,285,54,231,18.9,-2893.75,10,1777486594580,1780685639251,37.0,-291.02,0.101,0.0
0x04234abf41a1bcb129bb9df3413ab36ac50cbc97,True,235,81,46,35,56.8,738.71,30,1776887939756,1788652800016,136.2,1289.44,1.746,0.0
0x0423b4b2acb4f219ae4a270abd5dde2360e455bb,True,2000,903,470,433,52.0,40938.15,11,1787346741091,1788705596783,15.7,9187.3,0.224,164050.697737
0x0427453e5fdbc8e49e1a938cde70499dabc8891e,True,2000,871,428,443,49.1,2954.79,17,1767825306548,1788705139200,241.7,-2577.25,0.872,19710.287455
0x04294c0a1856336876fc223fb5383503d2f46168,True,603,269,58,211,21.6,28086.14,23,1741628537740,1779966187741,443.7,12327.24,0.439,0.0
0x042ad60f1e4a5c63611cc3a8e1f01f3e13d08b5c,True,1236,595,264,331,44.4,-4130.84,11,1758275905570,1787901077923,342.9,5918.45,1.433,0.005773
0x042b32be75ff1cf42b61317b4a563b25c7cfdc5f,True,1446,650,388,262,59.7,-11043.57,5,1772635352408,1777662152331,58.2,-1864.02,0.169,0.0
0x042c7da0c7d135a20fb9d0e3f56df970c66c2788,True,2000,927,691,236,74.5,24090.92,91,1785193296912,1788743549992,41.1,1208.88,0.05,20828.154379
0x042ccfc826f9bbfa966e5517f0a3fe8da8256885,True,2000,864,271,593,31.4,-19797.87,14,1775948833442,1784737084131,101.7,-2957.63,0.149,0.0
0x042ec366d211bf25e04f2f999b187002b40a240b,True,2000,1031,309,722,30.0,-6753.15,29,1786696701062,1788717844010,23.4,3310.46,0.49,1361.732981
0x042f3197544004962c2318a3120c4ecbce179050,True,2000,1434,1434,0,100.0,280809.68,2,1775274280204,1780679352959,62.6,17084.77,0.061,0.0
0x042fdd59ebe368409bd14931d50f1b28336b0b9b,True,2000,784,425,359,54.2,5575.64,53,1748698125953,1788672302816,462.7,2184.46,0.392,0.0
0x04334d981fdc67b8f41286bb2210137d315a58ec,True,1058,304,303,1,99.7,210866.99,3,1785697780293,1788678879545,34.5,13974.25,0.066,250596.0313
0x043f9320f5f898e9d5928fda2da313dc48ef3f10,True,849,316,281,35,88.9,20661.09,3,1763175967701,1788414012769,292.1,2333.3,0.113,0.0
0x04447ced1ac22abb0b7785cab08e2335a556d9d1,True,2000,1043,736,307,70.6,26824.54,4,1776712226151,1788533061055,136.8,3778.53,0.141,7182.030855
0x044ab66014ae8c747ea89313c9400953bc65464a,True,1828,902,471,431,52.2,-68500.98,6,1785982079350,1788701312986,31.5,-12269.95,0.179,0.0
0x044d0b79b84d1a6f7a83a34637dd3972aa2d524e,True,2000,979,441,538,45.0,-1050.97,2,1787297425116,1788259207508,11.1,-506.02,0.481,0.0
0x0456ba3d973df5723eb2f99f621736110bf1d66d,True,2000,1356,584,772,43.1,-1260.22,2,1787770012020,1788740444436,11.2,-4.09,0.003,210.759032
0x045d8507915c71c814ee2735e03ca9bdfa4a7685,True,2000,1078,478,600,44.3,-21105.42,2,1784304807699,1788735803802,51.3,-3551.9,0.168,0.0
0x046737c782c6f22ae96f52d5856ed2dbd0535201,True,2000,1008,454,554,45.0,-2022.98,39,1763154264306,1787961600069,287.1,2299.79,1.137,0.0
0x046977253886b699d3ff847fea56d6342ac661d1,True,2000,975,376,599,38.6,-40269.47,6,1773924476235,1774250717752,3.8,-4849.97,0.12,0.0
0x046a378a1cf4bac8081b12d84a2215b4428f518a,True,2000,1052,365,687,34.7,-29074.97,10,1785101172299,1788131829846,35.1,-6586.7,0.227,0.0
0x04704ecaab8f063b76a6f2ff45d2f414f0acaa68,True,2000,818,565,253,69.1,7265.08,27,1752546123839,1787097600012,399.9,-3632.47,0.5,0.0
0x047674356e32e757857b99fb635be0ed35e16d50,True,2000,891,524,367,58.8,-14589.26,15,1768942947031,1788590702515,227.4,9531.3,0.653,0.079007
0x047f3853f3d89e5a61344749519de7a66fd4f9c4,True,2000,894,403,491,45.1,11274.61,15,1787322182641,1788533067873,14.0,16593.21,1.472,73927.666955
0x0481c544db3b5510af30de78f72d877483c584ec,True,1203,554,282,272,50.9,-5639.64,20,1746859582418,1788520053298,482.2,1798.04,0.319,0.0
0x04850cbec02007711892cdb4bd09c800f95d6fc1,True,2000,1009,979,30,97.0,6972.51,5,1787820710734,1788714009191,10.3,-1563.21,0.224,33238.154862
0x0485d1243f67bb0daa8e4088210d6759fd346040,True,2000,1013,331,682,32.7,-25234.41,5,1781647695578,1787335638429,65.8,-3144.39,0.125,0.0
0x048a26e7ccafe4e965c1d82e21855b1b770833b4,True,2000,805,467,338,58.0,-11823.76,19,1785109413474,1788184309046,35.6,-5097.96,0.431,0.0
0x048d34d5fcfb2589b713348990fa7a0e22805e9b,True,859,364,265,99,72.8,2250.33,12,1770333204969,1787185733918,195.1,2263.5,1.006,0.0
0x048d3a6ac78acc7c342b482bc767f5110cd866ec,True,1011,486,239,247,49.2,5770.32,31,1759120547735,1788705697347,342.4,-5145.78,0.892,23480.417481
0x048dfc2090fc1d81ced91cb6528d769926f50698,True,693,302,194,108,64.2,-1643.11,21,1769634949401,1788700180725,220.7,11316.95,6.888,640.609889
0x04985706cccf8119203bb8983dea5357e5299f88,True,1855,1211,509,702,42.0,37432.64,12,1777040353505,1781474513002,51.3,14723.42,0.393,0.0
0x049bdc370620beab340b01072fa580fd57745e7d,True,2000,977,252,725,25.8,-189525.94,2,1788321402614,1788447684113,1.5,-11556.7,0.061,0.0
0x049c44c5c77ad34329221da9a905c2bbaec34642,True,2000,1173,557,616,47.5,-14909.52,6,1784096899634,1788740047208,53.7,-2016.97,0.135,12198.460167
0x049c48d6e1619cc9aad5005aa3508a33b4f4a114,True,2000,1488,837,651,56.2,37989.35,20,1761966370515,1788196911212,303.6,4424.84,0.116,98868.700128
0x049db0bdc4a8569bacb8f33210af514a82aec838,True,2000,1830,311,1519,17.0,-54316.42,10,1773371307369,1787186101681,159.9,-5815.62,0.107,28218.120872
0x049e0437cc76ff5d76bd695d8e501ec79f542c97,True,366,145,89,56,61.4,-7557.29,14,1748368313311,1787599210427,454.1,-4252.3,0.563,1684.276139
0x049fcee7aa78e7baf54f9edb868793dbbd1bfa75,True,2000,991,435,556,43.9,-5232.39,65,1775030805228,1780012800066,57.7,2045.29,0.391,0.0
0x04a185909841103819e30ae3056634aa4cec102a,True,2000,1000,328,672,32.8,-6252.5,11,1788070336578,1788617444804,6.3,-1480.94,0.237,0.0
0x04a30a7d59d08b028c7efceffc69e737cecef111,True,2000,637,348,289,54.6,-173856.39,10,1779737813367,1780704000050,11.2,-13562.26,0.078,0.0
0x04a5a1589d3e3dfe579fb024410728c3ad5edf74,True,2000,1103,578,525,52.4,119.06,69,1771922064959,1788575937309,192.8,40.48,0.34,285.712326
0x04a97ae7f350a22cd0cdb6b1875e8905b76495aa,True,2000,683,683,0,100.0,169678.56,4,1774538709388,1788533423692,162.0,13898.4,0.082,44373.590434
0x04af90da2b72fc7b64e9b849a49c1d33dde2c13f,True,467,119,12,107,10.1,-2562.22,4,1787629776403,1787841855708,2.5,-528.1,0.206,282359.915721
0x04b08050278583c5ee15fe44f84f85531737ed5a,True,2000,985,219,766,22.2,-3126.06,1,1777809690734,1788738255054,126.5,15540.93,4.971,6370.72634
0x04b2572fc5031af5956970d1a3a2705c4aff3ad4,True,2000,882,554,328,62.8,-153095.01,5,1778273309035,1781797151890,40.8,-18587.47,0.121,0.0
0x04b68b743744cf94ed6e73c938d9ed242d56c43a,True,2000,1620,891,729,55.0,-6981.09,21,1780861348152,1782100970252,14.3,-2345.78,0.336,0.0
0x04b98dc3b9fe0c5bb6c47df76a73f7558933e0d8,True,2000,1206,1015,191,84.2,7849.7,12,1784282995807,1787787725976,40.6,442.72,0.056,0.0
0x04be889c4e8f7accdac52d586b4b32a06639de8f,True,2000,944,453,491,48.0,-951.37,15,1786023169147,1788690182962,30.9,3305.34,3.474,0.0
0x04bfcef4d77ad636d9ae432916e6e291e992ccec,True,2000,933,549,384,58.8,38134.0,12,1781095523403,1788701562642,88.0,2115.76,0.055,10852.226272
0x04c26a27313498e656531ae67b8539e6443decce,True,2000,1129,582,547,51.6,237172.05,20,1772913059408,1788393600075,179.2,36796.82,0.155,0.0
0x04c653d2b4aa55313b86a3873a59d6fcb726f27b,True,2000,821,589,232,71.7,-1716.18,54,1781113620209,1788739596454,88.3,448.54,0.261,20534.999468
0x04cc3147bc87999e5a6b75373daa6ff8f12b38d1,True,2000,1260,822,438,65.2,75020.18,3,1788471825954,1788700701569,2.6,14679.1,0.196,39.780227
0x04cd1cc32150a04fd760397c8c254161bd888888,True,920,486,205,281,42.2,3569.51,10,1783003428390,1788727079357,66.2,1206.07,0.338,0.0
0x04d28632df44cb4128bdf991c8f9c7386b7b133c,True,2000,1211,622,589,51.4,13152.29,46,1734282024382,1787584239196,616.9,13782.16,1.048,2618.978794
0x04d4ffc796a9b9244ccd00459fe2785880dcf399,True,2000,816,519,297,63.6,110.81,73,1776956450533,1788307200047,131.4,258.65,2.334,337.08952
0x04d5f8a0246f4b5f0936b3f1d6a1a20623111e6b,True,2000,1193,446,747,37.4,-46338.6,16,1779324052336,1788186096821,102.6,-4563.51,0.098,0.0
0x04d9b2c40e922a1c4d4334b5d88e280d94efd217,True,2000,945,366,579,38.7,-39721.08,66,1760214265113,1788314003445,325.2,-6742.77,0.17,0.0
0x04da7336b5777b1abaae6d5844da7917c611b94b,True,31,15,15,0,100.0,921.78,1,1784207351586,1784484488572,3.2,601.46,0.653,0.0
0x04e04445f651a4c69ab1f5a2aab0db721b3bde2e,True,358,195,72,123,36.9,-1641.51,4,1773373751215,1788678904037,177.1,-540.14,0.329,366.331422
0x04e04b21d752f3484eb5e4356ad31a64be00cbd6,True,124,70,33,37,47.1,-266.99,4,1782406145002,1784810774276,27.8,941.46,3.526,0.0
0x04e32c47eefd9f8d291b0f019b0cb5a2015d51f7,True,1506,478,149,329,31.2,-69641.84,24,1712479920359,1787296539193,865.9,20088.57,0.288,2967.215793
0x04e3b794789e1b9317b20a795a902d1d07d8a1df,True,907,457,305,152,66.7,49288.36,12,1762335891353,1779470420667,198.3,2618.86,0.053,0.0
0x04ee09f6568628fd1413757d0d4196ed58db4f06,True,316,101,87,14,86.1,46510.49,14,1767569636490,1788274343948,239.6,5958.52,0.128,0.0
0x04ee7f0e31b3467deb0c7fff8335c16b33acf24b,True,236,135,20,115,14.8,1155.36,1,1785704341188,1787665527469,22.7,2919.96,2.527,0.0
0x04ef2c90d65d3a2e3ad14b19262452a279cf00bb,True,1589,916,183,733,20.0,-739.93,21,1756725191464,1788527084588,368.1,1898.92,2.566,0.0
0x04f32f7fd1fa3e53fa28354ba04a09ef1b13eb25,True,2000,982,358,624,36.5,-9120.04,45,1752792795950,1788537880138,413.7,-771.97,0.085,488.986614
0x04f433b2fe7149cf7df0ad534c4536463095e17f,True,965,530,243,287,45.8,-2226.22,4,1785208845793,1788350364478,36.4,936.64,0.421,0.0
0x04f9b186b470ff921eb3008bb09350942c613e99,True,2000,1105,345,760,31.2,-45900.45,16,1759498687636,1785204061565,297.5,-15491.66,0.338,0.0
0x04fd6e2dd31fbdf36d69bcc6dd9f7c3388402fdf,True,2000,848,496,352,58.5,-55881.99,27,1739331204902,1787289455418,555.1,-12804.97,0.229,0.0
0x04febde8d852931b73fd81c09904bb29d3a0e964,True,2000,1792,552,1240,30.8,-63708.5,46,1770405196406,1788307200047,207.2,-6559.7,0.103,372192.864417
0x050108c4f708193d62994a39a9d6d90112ab4444,True,242,126,41,85,32.5,-1016.54,8,1770421216952,1785356158417,172.9,1344.63,1.323,0.0
0x0506614f59f1b639f6ecbf70251d341771501976,True,2000,1277,815,462,63.8,-6087.21,9,1788135082858,1788529150133,4.6,-7145.06,1.174,0.0
0x0506b97ac63244ccc824d152c77d2b99d7c17a14,True,2000,1049,633,416,60.3,-4164.75,3,1783502256586,1788450117831,57.3,-6175.31,1.483,323994.875263
0x0514f2f3e0277c47117e3f33d9390efb0acfbdfe,True,2000,599,460,139,76.8,901667.25,4,1780218467059,1788529383590,96.2,43834.38,0.049,785399.794895
0x05199dda494583c144e250637ede5aec1cf5106b,True,698,334,108,226,32.3,-76245.42,2,1757440542108,1788667229001,361.4,-4704.41,0.062,6910.556889
0x051c2e6d49cf82ebc47f08f9b85800f94fc9693c,True,2000,1025,828,197,80.8,116032.11,4,1788379028571,1788617350150,2.8,2364.87,0.02,2732668.539074
0x051c387df61966f62cf3c48acdb02f79d6a72e4d,True,1060,532,439,93,82.5,58621.02,6,1779064662039,1788592765737,110.3,11753.71,0.201,0.0
0x051f08b5f3515c9596d21930371a990965161734,True,1226,509,188,321,36.9,-16750.51,14,1770724239809,1787296536268,191.8,-12522.72,0.748,0.0
0x05220a15ce8702197e7f7f79c631194eb63f8872,True,262,106,43,63,40.6,1020.25,5,1721779200121,1788471262921,771.9,1562.12,1.531,495.204682
0x05245ef7f5e5fa2db758ab31292ce73487043971,True,1442,721,396,325,54.9,73365.85,26,1713499836062,1780047591738,770.2,-21538.86,0.294,0.0
0x0524e7e559c6245ec8984ba887fb7a32d1351ca9,True,1648,672,161,511,24.0,-6889.09,15,1779571001080,1786991772952,85.9,-870.61,0.126,0.0
0x0526345bf8e09eb32256008c2844c8949ee3bb9a,True,2000,1550,800,750,51.6,-687.54,26,1788674470904,1788743989655,0.8,-254.7,0.37,74279.150567
0x0527530c05673a667ff5ac7c498c6f668dcc7248,True,2000,722,318,404,44.0,-5266.19,40,1776365221884,1785016271492,100.1,-5832.94,1.108,0.0
0x052b1022aaf18eb1be031ba330dfb72c00b699ba,True,210,93,37,56,39.8,1447.91,3,1784523612330,1787249161914,31.5,-1101.79,0.761,0.0
0x05302224878c9b960eaf005101cc46fe92c69467,True,2000,534,340,194,63.7,2564.89,20,1772055470069,1788601681200,191.5,-682.78,0.266,712.317355
0x05336e92edef2883d5cca2aaeee1b63187cef177,True,2000,1093,593,500,54.3,2972.77,35,1781010761900,1788704915434,89.1,2874.74,0.967,0.0
0x053c2371d8fd75bd47412225e669569996211546,True,728,302,241,61,79.8,31970.66,21,1740477724145,1779187695624,448.0,4750.5,0.149,0.0
0x054560e1f9d7f938b35c62f332751ba18b02f2bc,True,2000,974,771,203,79.2,32534.5,8,1787491761212,1788554921390,12.3,1797.6,0.055,0.0
0x054614ef85ddbe18d34fa8ab4c2fb57e5af7b222,True,2000,940,680,260,72.3,-11871.35,18,1759407770376,1786027904566,308.1,-3398.43,0.286,0.0
0x054a01da80ee37d5220af5471b1eedbdcd2cdb2f,True,2000,1015,527,488,51.9,293529.09,9,1771612751615,1787855276147,188.0,13741.7,0.047,127885.286939
0x054ae303fcc8de33d6983681e03e6776ebe95ab2,True,2000,1023,678,345,66.3,33457.64,61,1720654259099,1787520643349,773.9,4210.0,0.126,0.0
0x054eb4c9cd0907c9d4c7b59631170507d02405af,True,865,404,166,238,41.1,-2565.83,1,1782451694762,1788539763094,70.5,-801.07,0.312,2033.638919
0x0550849a458ae01b8c768f6e2ef8392fe49f3fa7,True,2000,905,466,439,51.5,4442.25,18,1783225844087,1788737783073,63.8,565.55,0.127,0.0
0x0550b74a5d67d4d1cedfa519e349a389732453fc,True,2000,945,513,432,54.3,-10157.58,68,1779595089115,1788612816560,104.4,-1741.6,0.171,322.081253
0x05535d4c50d7798b80bc96358fcedde5c5e9c1af,True,2000,943,422,521,44.8,-1826.43,29,1783075462361,1786098555314,35.0,-353.53,0.194,0.0
0x0553ab73fe3e620a65b457184f5ae46dbb61ba00,True,2000,970,324,646,33.4,-1213.73,10,1779942790537,1785803616929,67.8,2566.84,2.115,0.0
0x0555f96264fec6e0693d25ca140b788f7a8b8872,True,2000,938,470,468,50.1,-3306.16,12,1780072867683,1788732877542,100.2,-6225.62,1.883,0.0
0x0560d81e0d3ad01c640684306bed3e46717aa24d,True,2000,1052,330,722,31.4,-6851.7,9,1785646009834,1786244850894,6.9,-691.6,0.101,0.0
0x056295dd90c3a34d9a8f371ec961ce188e35c069,True,1863,1065,159,906,14.9,-370241.16,5,1752457093414,1768362519771,184.1,-46227.76,0.125,0.002776
0x0567685c3b5128791095828aa3e49db3a11179c5,True,2000,1094,371,723,33.9,-57817.3,5,1779809408408,1780626500501,9.5,-7521.55,0.13,0.0
0x056826667c9164fd5d226056b9b18bcf2fc223cd,True,2000,1105,207,898,18.7,-300760.39,15,1784744806748,1787619045417,33.3,-23227.67,0.077,0.0
0x05692cb05433e92abc21964428b58c47e98af3cc,True,2000,1125,412,713,36.6,-6478.06,10,1779922410196,1788717636736,101.8,-2538.78,0.392,216.450251
0x056b85982bdec02c2a36f1443850192c67141937,True,2000,858,310,548,36.1,-4927.68,33,1783718252256,1788543132856,55.8,545.41,0.111,0.0
0x056ba834114908fc6093a9206c0c3453ad73d2df,True,2000,949,949,0,100.0,5565.78,3,1788624957694,1788741221732,1.3,128.47,0.023,65389.83987
0x056c0ace599ff4b6a5f3e252794c541c05812be6,True,2000,1094,491,603,44.9,-32508.91,4,1776594493997,1779931077859,38.6,-9502.94,0.292,0.0
0x056fbb0e894a7e34af5f70fcd91361a658c6b68e,True,2000,810,480,330,59.3,-10593.54,19,1777185052836,1780326230936,36.4,3017.73,0.285,0.0
0x057931155d0c6355b1bd108b0fbfe9bc77d59ef0,True,2000,776,178,598,22.9,3150.2,13,1787703319590,1788489380409,9.1,918.44,0.292,0.0
0x057a15fde1c41caaccd2d8dbb6df450d9c8fce28,True,2000,1199,929,270,77.5,15501.3,7,1782411908692,1788529708293,70.8,-2556.49,0.165,0.0
0x057fce3dd702c311502c50aeb6c2f8b9654ef9eb,True,1478,669,277,392,41.4,-5332.54,24,1733780481453,1788490691718,633.2,7470.88,1.401,0.0
0x057ff83d7ed3547722884e4624a3698ff0cc05d4,True,858,332,212,120,63.9,-3749.35,2,1780307586480,1788411620601,93.8,-3784.44,1.009,0.0
0x058039c7d560d2c21fea88ccd3c7cbd6f2500201,True,145,78,47,31,60.3,1234.42,9,1771230054439,1779526023904,96.0,318.6,0.258,0.0
0x058589ed65f03c86ec562937f9059faeb8ce0292,True,2000,1033,585,448,56.6,9687.26,64,1780012120408,1788667516216,100.2,-3429.88,0.354,25383.658993
0x0585991744c860f145c188eee3ac6e83a16a152e,True,2000,783,273,510,34.9,-1179.45,3,1781199958768,1785413568800,48.8,-705.09,0.598,0.0
0x058e2a0dd15e0f070275d189e7e3303d23f66649,True,2000,1051,575,476,54.7,4.99,12,1788356754635,1788744341827,4.5,2.06,0.412,0.0
0x058f9e07d6340642cb6bfa7509d3b058fbc304a1,True,166,65,12,53,18.5,-4300.08,8,1770616952322,1785862129978,176.4,-4303.6,1.001,0.0
0x05904930cae1e9a48c055f4a8a83480ba7fc6abf,True,2000,815,0,815,0.0,-17389.17,3,1788466717962,1788477215923,0.1,-186.64,0.011,341043.299552
0x059228975efad308f5965474135ea80c24d64e54,True,2000,1110,680,430,61.3,2457.11,64,1778189043059,1788699901713,121.7,103.75,0.042,97.148026
0x05936f6a5ea9abfbfcc690f1a6140d97e80640f9,True,2000,792,57,735,7.2,-88692.2,8,1787112210298,1788525102409,16.4,31610.34,0.356,1007721.423233
0x0594f2742a76784157c387a4c8fd377e150be1db,True,2000,717,418,299,58.3,-393.42,39,1786845851616,1788743749322,22.0,-501.18,1.274,1125.080946
0x059826bdae5620a99480d428c82d806dfa7787d7,True,2000,887,320,567,36.1,3041.41,27,1787522931312,1788732601831,14.0,948.24,0.312,1232.510097
0x059a051f36c1fbf842030160f653949aa636904e,True,383,182,95,87,52.2,611.83,3,1763312898586,1776133156355,148.4,-577.0,0.943,0.0
0x059b2ece4a49414f63f3d5172ec0cfc92d0c52fb,True,2000,784,635,149,81.0,14959.8,3,1788452424181,1788638957151,2.2,3462.07,0.231,102903.001944
0x059ca0bb09e8fb574a054d0737f09bfb86db1b1d,True,2000,909,235,674,25.9,-7896.57,19,1754332379900,1788687405015,397.6,10178.28,1.289,4067.840596
0x059eeedfe126ff4c918da928a33826def7402744,True,2000,880,445,435,50.6,-2874.54,16,1770312389361,1785521828005,176.0,3202.42,1.114,0.0
0x05a196a9477e70c184ed212d6cf02073f535c3bb,True,2000,834,0,834,0.0,-20996.31,5,1783142963257,1783728000046,6.8,-3135.86,0.149,0.0
0x05a1df8dbdbb123f7339c15af466be7174597a22,True,283,125,72,53,57.6,-10497.75,2,1740952539159,1776368175193,409.9,1660.6,0.158,0.358183
0x05a1e2dfb83ceabb2778fc755df9856ef2a3f40f,True,1556,888,488,400,55.0,81620.76,12,1749802903326,1779321600086,341.7,-12500.47,0.153,0.0
0x05a287b2bbe314f58c1fb4da1825ecb6aee397a1,True,2000,1036,675,361,65.2,-10986.63,51,1758373205349,1785168021802,310.1,-3418.28,0.311,0.0
0x05a42708e46733da056d09e0a355bfd2c3054eba,True,2000,799,536,263,67.1,9234.78,26,1782489717492,1788685915210,71.7,2966.3,0.321,76409.182461
0x05a4edbd159600128f027f2ce6c3753425fbe36a,True,355,164,95,69,57.9,3708.6,6,1768345839577,1781021744622,146.7,-5960.88,1.607,56181.25
0x05a557b4f3bffec5fa3e092c897523e8b8d4dc99,True,1209,456,209,247,45.8,-11726.33,11,1783095746626,1788600509132,63.7,-3189.99,0.272,0.0
0x05b2fd2728f91732cd5c7e67e47e5480b64220bf,True,2000,856,297,559,34.7,-1237.99,31,1787461950926,1788734029614,14.7,-272.85,0.22,615.50922
0x05b3e941ce96fdc3692308bac695e552961789c9,True,1110,487,206,281,42.3,333.11,24,1752537846748,1783437018921,357.6,3564.21,10.7,0.0
0x05b51f53f09155478af947f0b6bfca30f2fc3aaa,True,2000,760,567,193,74.6,133513.82,19,1779105347901,1788707006875,111.1,17583.69,0.132,18399.772628
0x05b5a0ae689c17cad8155932782a5c29426abe75,True,2000,784,499,285,63.6,62208.55,7,1777253492000,1788660681898,132.0,41557.99,0.668,65792.535025
0x05bd45baadc8e0f320ff686584a32fc7f6efacc8,True,2000,766,711,55,92.8,-373.68,4,1783139853615,1788659864144,63.9,-320.63,0.858,750.206438
0x05bd8c1da50f239020be8052bd89d0497a8fbb05,True,2000,1052,465,587,44.2,-7715.19,10,1753614468287,1775040607590,248.0,-2404.9,0.312,0.0
0x05bef810a1b3f4cefc96709d9a38847691ec359f,True,2000,941,710,231,75.5,12317.37,16,1787796936869,1788704418564,10.5,-883.55,0.072,26046.192923
0x05befcd22fb78de8f9720a40076f4c4e4d6cc27e,True,508,235,99,136,42.1,725.07,7,1787149994594,1788695192812,17.9,-788.0,1.087,0.0
0x05bfd5b6f03928864b8fef63964252865b9dde6f,True,2000,1076,689,387,64.0,-40101.22,45,1772644352257,1780897960460,95.5,-15481.9,0.386,0.0
0x05c12bc81f4f6c495785642e00e219e70b13b077,True,2000,1115,789,326,70.8,-16059.76,4,1768342863440,1788262693251,230.6,-15290.61,0.952,0.0
0x05c250120ce07ba6fe361b39ac344148435c25ca,True,2000,1120,533,587,47.6,15603.13,9,1752632680907,1787288051490,401.1,26940.03,1.727,50658.948052
0x05c2c28765aadc6e9e935bf30299f2de7112f0a6,True,1747,914,529,385,57.9,-7559.72,24,1756250067087,1787904336598,366.4,-6690.0,0.885,24788.92485
0x05c47beed53eb8b3fc14538f881d0941cbbe05a1,True,2000,1206,1017,189,84.3,132858.55,33,1761853136493,1788738898840,311.2,5462.87,0.041,33767.45288
0x05c6959d997cde99d2f967367e5e9f1959ba9706,True,2000,986,388,598,39.4,213.35,10,1787843778159,1788732994784,10.3,4016.62,18.827,17338.400796
0x05cd524c8e00fdd47ce14c3cbb3d2067dba78e34,True,2000,709,452,257,63.8,44617.85,39,1761665612970,1788724492284,313.2,31080.04,0.697,60036.972679
0x05cdd06a00e3b2cc669c5a992a0f03150ad63dcb,True,2000,967,594,373,61.4,-1705.53,10,1779034232004,1788743905660,112.4,-1240.18,0.727,2171.441492
0x05ced186debc4c0f347c8fef67cac4d756b1c1fb,True,1572,744,554,190,74.5,14921.13,9,1781801832007,1788618329406,78.9,4038.1,0.271,0.0
0x05d425aef6db487a6c8a16f5c8d4a5347c6ba0ed,True,2000,1057,373,684,35.3,-3597.53,32,1778276417810,1788296042897,116.0,-868.0,0.241,0.0
0x05d95d21b9680b1ceab8fb1f1509fee72ca6d6a9,True,2000,608,14,594,2.3,-8487.78,8,1788220988885,1788739228799,6.0,-586.95,0.069,0.0
0x05ddfee20f6ce13680366085610b50b108a9da66,True,1105,425,355,70,83.5,50618.79,56,1715770280248,1788739200041,844.5,9398.48,0.186,0.0
0x05df8c46c75a06ee097c0a90f9fbe8a11a4eba39,True,2000,991,394,597,39.8,272671.02,3,1776359302169,1788365521542,139.0,18752.67,0.069,163567.37014
0x05e0d4ec5e40dd35b6c1bb0a29a52310b0b26bcb,True,1112,468,361,107,77.1,13541.39,2,1773879415709,1776118613542,25.9,-7695.01,0.568,0.007998
0x05e2adc55f08b8713fd2325b4b56d234246c5dd7,True,2000,943,457,486,48.5,-1759.09,8,1781129241977,1788451509434,84.7,-2355.8,1.339,0.0
0x05e70979fd3355133f91fc7c6597a8274169b3be,True,2000,1030,747,283,72.5,-42631.67,15,1763287536925,1788727319325,294.4,120594.75,2.829,15785.042436
0x05e9da70dd840e4c06e1d1ce1ad80859b2da87c2,True,1940,843,496,347,58.8,-4580.91,1,1776357518648,1777872196491,17.5,-637.93,0.139,0.0
0x05ee3f0675211f678531df70de3502469ffb5886,True,1563,560,381,179,68.0,-72911.48,4,1743020322574,1784242090440,477.1,24323.57,0.334,0.0
0x05f8e2f2d4eff47412bec46c82186b113e5b38b1,True,947,549,452,97,82.3,93350.37,2,1779628856799,1784548857469,56.9,10143.47,0.109,0.0
0x05fa6234e1206167dcdc30f9be9f6d873d7c8ace,True,2000,1066,434,632,40.7,-14295.54,13,1772617454736,1773693529032,12.5,1267.99,0.089,0.0
0x05fa718fe39942e4a4772ae199e3f4a62b5b935e,True,807,472,280,192,59.3,27435.66,28,1770142829568,1787338509137,199.0,3471.66,0.127,1.158827
0x05fd74d20e85737f5c7da06f0da56dd06034f26f,True,2000,754,307,447,40.7,-21994.67,28,1774538650059,1786894795369,143.0,-3495.85,0.159,0.0
0x05fe5507da021d3df44d7d28519e69c77c5cf879,True,2000,914,399,515,43.7,-8568.0,58,1734880651475,1788519945936,620.8,-7573.05,0.884,0.0
0x05fe9b2bbd80665b0c7f7bd132b32353ce3c9171,True,842,413,280,133,67.8,-1395.23,22,1777989013578,1787581808703,111.0,-880.62,0.631,0.0
0x060253f772bb050ad5439e5c980356df02cf0725,True,41,14,5,9,35.7,-628.95,7,1753873456108,1778766515575,288.1,-523.21,0.832,0.0
0x06043cf118d434f85f03b21187c722f03962bd21,True,2000,1012,461,551,45.6,-190589.39,3,1783791067911,1784678400025,10.3,-20679.54,0.109,0.0
0x06058ee70fb0e8136b9589844aa70ee1aa12d2c2,True,979,484,144,340,29.8,-840.14,4,1759375149404,1787571646409,326.3,2131.03,2.537,0.0
0x0606f126f03ee5f51f168fbe9be39ea5370a9bee,True,2000,727,289,438,39.8,12432.8,119,1754258950557,1788612337004,397.6,4333.24,0.349,0.0
0x06099985a803013201a28e8e378c5aeb31a47507,True,1510,533,407,126,76.4,91137.02,13,1771297829255,1788013323429,193.5,7454.18,0.082,0.0
0x0609ec74ac1873f50ff3201c533e429b5a2740a1,True,2000,873,574,299,65.8,-18841.17,17,1780325778552,1788559855603,95.3,-8570.43,0.455,0.0
0x060b4ce99e437749f6bfb737646b413b01269c21,True,2000,1020,364,656,35.7,-1144.3,25,1750986865433,1788688687119,436.4,6267.0,5.477,0.0
0x060ce702625689b405b8fccd954ccfcdcadc8445,True,585,341,231,110,67.7,6386.53,6,1786954238044,1788719373102,20.4,1282.4,0.201,0.0
0x060d01aa996003b3731a992462d7f0ba68bf3b04,True,2000,987,744,243,75.4,26669.92,53,1788591682607,1788678773456,1.0,423.17,0.016,582538.559307
0x060d6d3136d19e69707b71b0cc78540d7c2b81eb,True,2000,1027,396,631,38.6,1171.57,2,1788451069808,1788637033806,2.2,150.94,0.129,0.0
0x060e347b2c9439a8295a980f05ca442f6d16a00c,True,2000,880,158,722,18.0,-23006.67,10,1784344642088,1788713392851,50.6,-1097.82,0.048,6096.761785
0x060fac5a580d218c7cf820c4ff5cfb57c51c1dd8,True,2000,804,562,242,69.9,122758.22,5,1775579004899,1788660601266,151.4,7603.07,0.062,61894.430436
0x06119d60475dfce1dc3647d437ba906df24ef8fb,True,2000,1040,347,693,33.4,1228.03,68,1781740812836,1788519600551,78.5,2882.08,2.347,0.0
0x06171d1741e81aa82973a4ef4358963da72b129e,True,1572,870,580,290,66.7,19058.08,28,1747145942050,1788662938787,480.5,7444.42,0.391,0.0
0x061c594850b9fae25cb8f832cf24e69fb0cfe61c,True,2000,990,557,433,56.3,-123862.3,51,1737294646443,1787076215743,576.2,-17453.34,0.141,0.0
0x061d9b3d2bb706d6cae1b38486977d19dac2cbf0,True,2000,902,612,290,67.8,2567.96,26,1786728604944,1788744738573,23.3,1013.81,0.395,3449.282411
0x0620b7cdc799f1e7f04cc4cc80243e38498d6846,True,2000,1460,778,682,53.3,66293.48,12,1784699149639,1788534104300,44.4,9844.4,0.148,258845.510529
0x0622a2198712c9527817493553dca548f42e8088,True,2000,1153,819,334,71.0,152746.59,1,1788598187803,1788744853003,1.7,-5469.74,0.036,10086374.128811
0x062466797cc8e639ed926b82c868d9216e0f7fc7,True,2000,910,556,354,61.1,19001.45,31,1746837962896,1785396174331,446.3,3141.07,0.165,0.0
0x06251713de43c38c2e14f33a3939f778b3e867e1,True,2000,1087,315,772,29.0,-48.21,3,1777594178292,1781136000009,41.0,6.7,0.139,0.0
0x062576f8da67f063e51bd651ac5f5f9d36923cb0,True,1599,807,587,220,72.7,17891.96,18,1763904607503,1781194081409,200.1,491.09,0.027,0.0
0x0628235d421d53d44b19d50478fffc34f1cd543e,True,2000,935,387,548,41.4,-15231.44,40,1778016579023,1785306618762,84.4,-1482.08,0.097,0.0
0x0629d18bb5bee1e49391f48775f5b696d790e8b0,True,350,190,145,45,76.3,6563.56,14,1736264087910,1788726805566,607.2,-887.99,0.135,5029.8
0x062af9bbaf50962f61928466ebf45b6bca3bf191,True,725,395,69,326,17.5,-654.96,2,1776135944175,1777186910641,12.2,599.96,0.916,0.0
0x062f920cb2678ea9c8709fcdf8ce369d33494768,True,2000,1124,611,513,54.4,364.07,81,1787959899752,1788744627663,9.1,21.25,0.058,0.0
0x0630c8e1f98bde2a51e2dac8c5c81b6a941279e8,True,363,185,106,79,57.3,-1847.97,10,1733390754616,1781106843808,552.3,-3657.03,1.979,0.0
0x06411b5a5fd08cf3a0b855eea99766918066b644,True,433,179,52,127,29.1,27852.42,11,1776998464275,1788504943744,133.2,13621.91,0.489,0.0
0x064271ee567925f7fa90188ce1c3040d74eb72c5,True,2000,941,292,649,31.0,631.85,24,1776226178472,1787277030983,127.9,557.58,0.882,0.0
0x06438b0d1bb6f8aa4a455a4f2c1b1e744d53c760,True,2000,1002,583,419,58.2,168.73,2,1788288533057,1788744612721,5.3,324.13,1.921,9309.152233
0x064515a2dc6ae04a17d09de6ead37d12ed99604f,True,2000,836,603,233,72.1,-5999.36,18,1758055158452,1776117064525,209.0,-9523.46,1.587,0.0
0x06466f9ac08e872064950cec3812b57d6feafa7f,True,2000,971,506,465,52.1,758307.9,5,1758296005780,1772671122665,166.4,29782.8,0.039,0.551772
0x0646f20a466a54afe0debf1037179304889dbede,True,517,200,122,78,61.0,-6495.17,2,1779911697155,1783665043912,43.4,-1846.84,0.284,0.0
0x0648e9d812d8b757bf2d7e762f0648a10082d66d,True,2000,975,332,643,34.1,-67917.21,14,1772850065076,1788688295432,183.3,-5511.13,0.081,2275.15388
0x064aeb2e1e9a098439c2c6bc89a6a4004dc1f79d,True,2000,581,329,252,56.6,-50966.66,6,1775219403709,1781493633337,72.6,-34341.37,0.674,0.0
0x064d2955b5b56fa6f2038cf0510f93d6c8032279,True,2000,994,416,578,41.9,-8.43,20,1785338954136,1788711820036,39.0,1247.49,147.995,3461.934872
0x064e89061ce80cb1b41a2d2963d48d2e8cabde4a,True,2000,765,169,596,22.1,-76343.67,11,1782276706380,1783413626201,13.2,-6248.71,0.082,0.0
0x06507b2d9898689519846f1b8f0e936c6c2ffa30,True,2000,997,243,754,24.4,-2857.08,31,1788106586120,1788741840305,7.4,1126.47,0.394,34120.078025
0x065612c177776f3c635dff181edf170f9c196a05,True,2000,2000,0,2000,0.0,-26481.1,1,1788690317087,1788703195041,0.1,-1477.96,0.056,0.0
0x06574d6b46cb268ee2238894c6d87e95a9317005,True,2000,1015,524,491,51.6,-2166.39,6,1768151627425,1781268752153,151.8,-8369.09,3.863,0.0
0x0658a0290433db7a33d90dacc536630493c2fe93,True,2000,1031,593,438,57.5,11001.61,41,1770217927696,1788630613823,213.1,491.4,0.045,3175.873637
0x0659b6d3802cf59d5e87d5ec57133d6367beadca,True,2000,896,326,570,36.4,-65702.58,30,1757354001592,1787614963915,350.2,-18108.41,0.276,3716.026998
0x065b0d9116c73ef520e327842e7796216ef737d6,True,249,111,111,0,100.0,3165.88,1,1777458573050,1777606950515,1.7,506.29,0.16,0.0
0x0660ce4e91cee605064059feeea32a9b472cf8c6,True,2000,1966,1867,99,95.0,79628.13,14,1778062319080,1783327606372,60.9,-286.08,0.004,0.0
0x0664787a790fd7ec77bafe8f8c2b3df055aabeb6,True,2000,879,418,461,47.6,301.2,104,1776998631041,1786375243587,108.5,-323.39,1.074,0.0
0x06657d080b35315a011f60d4c78cb5d599d718a5,True,463,207,175,32,84.5,4240.37,7,1752864232993,1788714762117,414.9,-9231.94,2.177,13423.899799
0x06689176c39ff33f4642555d1abcd36281e71e27,True,2000,755,307,448,40.7,-3789.37,28,1781150862842,1788682534377,87.2,3185.35,0.841,705.92136
0x066e9225707f5842c97a0df62569259bf3b2e296,True,465,187,85,102,45.5,-7322.2,18,1774600579300,1787301117257,147.0,-1008.78,0.138,0.0
0x0670e35899eb699c068450e5d396abe7bb264bba,True,694,379,138,241,36.4,2524.01,18,1771595412442,1787576358033,185.0,1754.71,0.695,0.0
0x0673b2fef79b903509b3d49258eb657615a9eb0d,True,2000,910,348,562,38.2,-3418.49,1,1769753737241,1788268011692,214.3,-679.39,0.199,0.0
0x0677b670133305dcd554fcd61402d02a2e5868fd,True,2000,731,524,207,71.7,-36794.69,10,1773286565571,1773614531017,3.8,-6544.74,0.178,0.0
0x067c14b41eacc18eea90099006f47dacf0a69746,True,2000,1120,478,642,42.7,31294.63,19,1769634403999,1788705137849,220.7,6756.22,0.216,18772.322102
0x0681082f1be1bd39348b23f4d33df70b8cc1c850,True,787,366,248,118,67.8,155.36,16,1779840846787,1786122310803,72.7,-2651.77,17.069,0.0
0x0682f4ee106d167ca46ed015918e83f6f4e5b571,True,2000,1030,245,785,23.8,83160.09,4,1784648681054,1788548547509,45.1,34529.63,0.415,134063.81299
0x068602ac84f3d114c125315115f95bc8f074b2c7,True,979,540,185,355,34.3,16125.98,2,1784409443099,1788708233311,49.8,2936.56,0.182,4646.652237
0x068b06de95ef83598a73132c09d7d53bb38d3d67,True,1661,704,419,285,59.5,-17089.64,15,1740434577685,1787244889064,541.8,-17580.76,1.029,6151.289346
0x068b957d05df7d7e559487b16e86f01e5f4ab784,True,2000,604,431,173,71.4,-75963.09,4,1769963384247,1788282972288,212.0,-11416.12,0.15,0.0
0x068baca57ef269488948ef46d60260a022554506,True,108,81,6,75,7.4,-946.83,2,1773456721123,1780040124491,76.2,-516.24,0.545,0.0
0x069465d8c8969eff8a1eb8c002d2e1385c84972b,True,2000,923,448,475,48.5,880.56,12,1786386238043,1788716196437,27.0,-230.02,0.261,716.557506
0x069486e0d8e7d2c353d94d9540c471681ffc995f,True,1081,508,358,150,70.5,-4630.97,24,1752121960850,1788739200041,423.8,-2902.18,0.627,13454.620797
0x0698949b90f5cf1f63c3d509dcbdb32e9fe76368,True,2000,828,380,448,45.9,-2183.93,28,1783714596625,1788552196720,56.0,-1042.95,0.478,0.0
0x069d11b77d4a06f8127554624b557f7dbe403775,True,2000,1113,851,262,76.5,-259.14,3,1782423450503,1788738371186,73.1,-1105.17,4.265,2.033398
0x069d87e1beb88eb9e6dd1e001cbe3977ff92775e,True,2000,971,602,369,62.0,114.31,40,1787592945127,1788521071582,10.7,-1235.49,10.808,0.0
0x069f458978a51ef6a9e2f6b6eb1fe2f39271c5a2,True,2000,779,536,243,68.8,8881.56,16,1785268149191,1788743353543,40.2,-13699.49,1.542,1209.4
0x06a3481efd4c3e14611fb4679ba101e337db05f9,True,2000,1125,101,1024,9.0,18050.19,9,1788353811784,1788742104116,4.5,7223.12,0.4,0.0
0x06a4e5b554519049d8662cfaf762845bd6054a2d,True,2000,879,702,177,79.9,66297.76,25,1755522988549,1787828095899,373.9,4186.93,0.063,0.0
0x06ac96e557459c98a9279053ae9f7d11b556100c,True,655,316,93,223,29.4,-9882.51,7,1781741262595,1784052876205,26.8,-921.57,0.093,0.0
0x06b0b7df4cbe61fa5344b07826dae297175c06ae,True,882,431,373,58,86.5,59427.15,33,1734215930426,1788694565235,630.5,16378.59,0.276,26970.798206
0x06b1525af6ade8158f6a0a09564dfc95e193d3c9,True,2000,1040,147,893,14.1,-5684.19,20,1779603018510,1787818181129,95.1,1058.44,0.186,0.0
0x06b23dc3fb948fd800dcad8a800b60fd0e5401bc,True,2000,1222,893,329,73.1,36145.43,6,1783943252051,1787941671034,46.3,-1932.37,0.053,0.0
0x06b2977e921df788bb6236231ac7010fe239df57,True,2000,845,423,422,50.1,-4322.19,47,1768709867703,1787902920993,222.1,-2287.29,0.529,193.339032
0x06b48749d4c99fb8a1c69477d923a3654ac93ba9,True,2000,888,681,207,76.7,99.14,92,1778081936829,1788724955592,123.2,-2864.55,28.894,0.0
0x06b786a0d3dbc3e9f71e42a365800361f8006980,True,2000,1498,938,560,62.6,11229.36,37,1785116345198,1788556527351,39.8,1320.69,0.118,0.0
0x06bc596fb16734f7abc3a5996b580be932c2fb72,True,2000,896,229,667,25.6,-426901.5,1,1787350477323,1788656589478,15.1,-33904.67,0.079,1733083.448752
0x06c1da9ef16daf2423f87affc0cd67bc7b4eba58,True,1081,524,244,280,46.6,-30972.53,17,1752132688891,1785288310745,383.7,-7731.23,0.25,0.0
0x06c51f1fc98ff7cdee2b076ec5c8999af829b221,True,2000,2000,66,1934,3.3,-11042.26,111,1783085824886,1783277953190,2.2,-152.48,0.014,0.0
0x06cc63614f3ea566506ed743c3f89a8384a74e23,True,2000,906,550,356,60.7,13103.07,21,1776452749163,1788292409570,137.0,4697.85,0.359,0.0
0x06cecfbac34101ae41c88ebc2450f8602b3d164b,True,2000,1999,1033,966,51.7,-1061770.57,8,1787751481792,1787961600069,2.4,-26520.77,0.025,0.0
0x06d4b89475a53111e8939b1ae8af7e14804a5186,True,2000,882,608,274,68.9,77220.61,21,1739190982735,1788020044440,565.2,16397.84,0.212,2576.606856
0x06d5af06a3a7d29909e1cdc7a9deded2fb14ab57,True,2000,829,565,264,68.2,170852.97,40,1773011030934,1788720674384,181.8,19285.61,0.113,164577.623588
0x06d93e3cea263db81b82e1ea4fec9a520ad9f8fa,True,2000,1031,665,366,64.5,13334.8,26,1752119539472,1776643200062,283.8,1611.91,0.121,0.0
0x06dae03a7e93d51b19db51b56646f9df0b7693cb,True,1075,455,158,297,34.7,-2569.5,8,1759247842377,1787585986201,328.0,541.29,0.211,5333.662427
0x06ddfe92384d62975c3eff0f86fb481c33f9f58c,True,2000,1514,1130,384,74.6,-4201.04,72,1787369020172,1788705150091,15.5,-2074.66,0.494,1483.172112
0x06e0139cb5cce32d0343936dc2e8048987544e1b,True,2000,1251,437,814,34.9,-491799.48,12,1776771409714,1780445942385,42.5,-20451.13,0.042,0.0
0x06e0602c9158ee8478365c74606346d90d06df67,True,2000,1069,1061,8,99.3,23225.7,3,1784662742545,1788738539006,47.2,1757.53,0.076,24931.206177
0x06e0e24afba0de914849c732aa341504e8d25e23,True,2000,1001,498,503,49.8,67795.69,7,1788014422974,1788735639228,8.3,4256.37,0.063,68851.408218
0x06e124df32d6ae6b66810b342351caea53e63377,True,441,154,113,41,73.4,11700.97,14,1773905892047,1788698483961,171.2,8530.17,0.729,14309.097115
0x06e44a1384e76946b3d207711e0431eacbf9ea1a,True,1774,892,375,517,42.0,4789.91,8,1781076209810,1787573434237,75.2,2595.75,0.542,0.0
0x06ea4114eba2753ebd78b47c4dfb5a8c11dc63fd,True,1036,498,267,231,53.6,-996.5,22,1770204874904,1787296751102,197.8,1533.32,1.539,0.0
0x06eed8b603b53a52a1dc087b126748e2e4e50b06,True,2000,1056,574,482,54.4,-9805.62,22,1775933424541,1781099043217,59.8,4643.26,0.474,0.0
0x06f1c0e0a550d722e791529f52921471f4ac299a,True,2000,885,454,431,51.3,-1290.07,37,1781637363658,1788459323116,79.0,-232.12,0.18,3969.331575
0x06f6af4bd3f69d34f106910483f28aef9c1f3148,True,2000,1018,673,345,66.1,4841.18,6,1777665608244,1788735796122,128.1,-3062.65,0.633,5488.928119
0x0700689cc38aa3d6e3a6d6b1fc83430ea32c3162,True,2000,537,467,70,87.0,85079.53,47,1763718041713,1788672845545,288.8,4769.18,0.056,139100.739962
0x0701363ed0a7809b2b8ca7e22aaccea4a670216c,True,2000,408,404,4,99.0,474519.37,2,1767291807479,1781001120873,158.7,40794.35,0.086,30000.065653
0x07068ca7874d87c0ae6a20a03ac05d7dea5504b2,True,2000,984,382,602,38.8,-402.54,18,1779791668237,1781797987963,23.2,-1489.57,3.7,0.0
0x07069588340fb3f3b3e73e187ce486f736ff477c,True,1457,845,209,636,24.7,431.24,5,1788162340565,1788556179425,4.6,795.4,1.844,2813.859505
0x0708f82e077cfc14d2b7c4a63b4024da471e156b,True,746,429,429,0,100.0,44247.54,1,1785947207775,1785971944381,0.3,4502.06,0.102,0.0
0x070c16ff7c24560f0f2046814dcab7a6288a4a30,True,384,281,281,0,100.0,31128.18,2,1785860714141,1786295343228,5.0,1409.84,0.045,0.0
0x070feecf035d2c37b2b15f267af891d089feddf1,True,1031,531,229,302,43.1,-3013.81,24,1734235652111,1781727204167,549.7,-596.8,0.198,0.0
0x072177e3d373031b7a0957e7bde1a9ea96f819ab,True,2000,1525,588,937,38.6,-7338.96,9,1773360798640,1788725558583,177.8,1887.62,0.257,1841.466466
0x07295d129f841f2854f9f298f137c2ffc5ccff34,True,2000,1111,568,543,51.1,33960.67,6,1786103167719,1788530793770,28.1,2378.6,0.07,0.0
0x07372141ac390391fdd82ed2776b5af6602977f5,True,2000,846,410,436,48.5,-2526.12,15,1787479655316,1788722826751,14.4,-1894.26,0.75,12699.75035
0x07372a6543b694e3a77a6b03a2f7dc6e9d8493d8,True,2000,945,391,554,41.4,-26864.71,18,1779960693850,1785433587792,63.3,-2369.17,0.088,10328.632931
0x073afdd30cc61b816634c1d5c5606d31f5380a42,True,707,356,107,249,30.1,-5148.5,4,1783027086763,1788552710550,64.0,-4264.39,0.828,656.04566
0x073e57c22ee1c8ecc459530f05d2624a05120100,True,1153,615,371,244,60.3,43679.37,14,1768401401403,1788478597173,232.4,11255.78,0.258,28157.936475
0x07405f0daae4e5e1b14c97fe3085f036bb45ad44,True,2000,811,302,509,37.2,30031.63,7,1785351026206,1788726506766,39.1,3991.71,0.133,43407.451762
0x07423f74354aedab79af49892ba88c5ec73e57c2,True,2000,768,452,316,58.9,84968.21,6,1788210729279,1788739200041,6.1,3952.6,0.047,0.0
0x07427c476501e03b1802541625cefd1df24484d2,True,2000,1236,580,656,46.9,138155.75,5,1783974793208,1788343137621,50.6,40164.82,0.291,0.0
0x0743f8217b4b913743327497fbb6eecfa074cb25,True,2000,936,534,402,57.1,-57621.87,2,1788376711662,1788737805261,4.2,-11829.61,0.205,0.0
0x0748e296e5a350ec36c8487a1cea406e1b57d4b2,True,2000,1356,1342,14,99.0,1231160.51,6,1787754228165,1788717527147,11.1,79124.14,0.064,729483.610201
0x074968aa36dd017ab2f567dc4487bd91f92bb752,True,859,374,232,142,62.0,-435.44,30,1733305843391,1788310252334,636.6,-947.87,2.177,0.0
0x0749ed12ee94cb1b305bea5bb33e0bca273f1b20,True,265,111,63,48,56.8,-1512.67,9,1786747053921,1787986530794,14.3,-2181.65,1.442,0.0
0x074c56585468b3626002dfaa37261eb6330b2ec3,True,929,468,237,231,50.6,-1550.33,13,1785326285478,1788723876629,39.3,-1301.05,0.839,642.581945
0x074c9faa69a2d9a4acb75844e3afc82ad04a06cc,True,2000,1026,738,288,71.9,507.02,1,1788375841218,1788745401541,4.3,-10.85,0.021,3397.830664
0x0752075607ff962ceac6802f11d89334076d9254,True,2000,975,531,444,54.5,13903.7,15,1762929243097,1787870237455,288.7,-1640.08,0.118,0.0
0x075286d1a22b083ebcaf6b7fb4cf970cfc4a18f0,True,2000,1007,655,352,65.0,6556.29,25,1784427472512,1784636930432,2.4,1262.97,0.193,0.0
0x075c707b6c1b95405cc5f00273ab1a2a946bb384,True,2000,896,856,40,95.5,17467.59,58,1777072488045,1788684395872,134.4,-1565.36,0.09,20192.871004
0x075d373bfe917381096eb5208cab2126753f844f,True,901,413,136,277,32.9,9207.98,34,1733314113472,1788695988351,641.0,8323.41,0.904,3478.806309
0x075d3a9b998249e2a54adb4b7b51cb82143b3f37,True,2000,1008,798,210,79.2,-1523.19,45,1786543947783,1788504366627,22.7,-1457.74,0.957,0.009858
0x075d49f4cf32cf630beb8687490c4dba88358af4,True,2000,991,488,503,49.2,21955.64,20,1785933164027,1788705925996,32.1,2579.85,0.118,0.0
0x0760a1668a9580f94b855076b06bc39877a38b87,True,643,289,164,125,56.7,-5535.28,3,1782404056279,1783901744805,17.3,-1653.59,0.299,0.0
0x07642cbbd81e075d3bf14e0f6c1017f20c525572,True,2000,1302,1302,0,100.0,537673.32,5,1776109967352,1776484813473,4.3,33785.63,0.063,0.0
0x076517d0d5d0e9c1b8ce75795e7158a9234b2483,True,2000,1000,440,560,44.0,-41911.21,9,1787054692185,1787692201406,7.4,-4767.9,0.114,0.0
0x0765ac1a050d9ef9702c6847b0cc317387086fac,True,2000,266,260,6,97.7,4083.78,14,1784254214613,1788745728317,52.0,-1145.01,0.28,5218.936043
0x0768a980decbcc0eeb916c8452a54c543d5d2a26,True,1533,734,522,212,71.1,5015.22,2,1768577920920,1779752858689,129.3,-7752.0,1.546,0.0
0x076ab36e4a2913a6a3df3f5e78fec5eca6378e75,True,2000,735,439,296,59.7,12328.79,21,1763723875361,1788541441761,287.2,3842.28,0.312,0.0
0x076bc95a100754394d4b2376aed2a437d47fb99a,True,2000,1001,365,636,36.5,-4200.89,9,1742398644859,1788565446280,534.3,10762.09,2.562,2004.501936
0x07709a54447c4d99441d56630be3dafb26325a16,True,2000,902,754,148,83.6,11737.3,27,1785054968343,1788743747057,42.7,1048.52,0.089,113.807181
0x0776e0375d85fbd7fda2607f1e0a64a6506d0e85,True,2000,898,364,534,40.5,4818.91,4,1787934507450,1788526742999,6.9,17084.31,3.545,14621.229986
0x07790b1d81b2773d4e12fa276efc8140db559300,True,2000,910,358,552,39.3,-2890.76,3,1773060957891,1787493022444,167.0,-983.19,0.34,0.0
0x0780d9e361bf4f9c9fb93ca16184eb7f63822731,True,2000,931,626,305,67.2,-771.23,32,1763411794105,1788209951285,287.0,4129.45,5.354,0.0
0x0782defc1753db3fd0e0a4cdd7229e3be0fc8e4c,True,2000,702,334,368,47.6,343.62,11,1781906257524,1786694851418,55.4,536.3,1.561,0.0
0x0785ca5b51858092789e80ef28a940ab8d98d232,True,1203,660,317,343,48.0,4707.76,15,1752864290240,1788739200041,415.2,5686.2,1.208,0.0
0x07877883e0f9ad712a4ad0858036577c6da5daca,True,2000,1015,326,689,32.1,3887.58,11,1787105644283,1788516966579,16.3,1028.87,0.265,0.0
0x0789c0b8655d1bbb54db37ea06b833fb32c2706d,True,967,303,166,137,54.8,11846.92,16,1763609584635,1784539331538,242.2,-2105.59,0.178,0.0
0x078c57e18f63b42a63815031927d666716773975,True,955,390,172,218,44.1,-2145.46,34,1777846479040,1787480841983,111.5,-635.23,0.296,2132.287511
0x078cc4caa131eb9d6d3e31847946d5f37fd3f58b,True,2000,914,625,289,68.4,20596.35,36,1783603250541,1788721489293,59.2,3496.05,0.17,16227.179411
0x078e6eb7c1a0e9defce7df16984b6cb0ce85f3ac,True,1553,721,232,489,32.2,-2003.27,16,1755326393257,1779538942222,280.2,-712.84,0.356,0.0
0x078e7b27114e2a2e23c14e8c64fc8222d9dddba0,True,28,17,17,0,100.0,243.47,2,1776437180188,1787717395901,130.6,89.71,0.368,0.0
0x078ecd982ef1148ac893b4db67d432a48d48864a,True,1404,231,52,179,22.5,-6104.95,3,1764340074966,1787397574678,266.9,-4938.62,0.809,0.0
0x078ed36576a45d45f8fb8889b2ce4024d8904c9c,True,2000,1064,1021,43,96.0,43243.87,13,1764827591944,1779246755535,166.9,-4758.75,0.11,44018.757788
0x078f98976f6a7e621fe5dc35fae8a664e084b280,True,2000,1042,340,702,32.6,-1957.72,4,1787173157953,1787961600069,9.1,1367.3,0.698,0.0
0x0792d26fe1f844ce4a4c79822a889f0e1a225c4a,True,2000,944,484,460,51.3,-23169.31,52,1757948116725,1787933068835,347.0,-12515.72,0.54,0.0
0x079336884eff24283d18052fd838870fdaf4c550,True,2000,820,300,520,36.6,-705.46,36,1759257235083,1788427826481,337.6,-5088.88,7.214,342.985498
0x0793ee02395f4a8bb42b23552b2617f0e4d8a5a6,True,2000,1063,647,416,60.9,-803.14,48,1781941124914,1787148639992,60.3,-182.58,0.227,0.0
0x079915ea247f1abdeb200cb0f090d58eb0f8d26c,True,2000,986,573,413,58.1,19091.78,1,1787830433504,1787957196558,1.5,14524.65,0.761,0.0
0x079a0afe432036058b02e8eab8e4b3a0103746c0,True,2000,1029,514,515,50.0,17158.79,7,1780430763166,1788264847751,90.7,-14002.08,0.816,0.0
0x07a39be38677c641ae9bf54abdce2983e43dbecf,True,1789,1143,579,564,50.7,12037.08,7,1781083096512,1786112055039,58.2,-19803.28,1.645,0.0
0x07a8bb8c2096d077f86dd5535ffad13005e66ecc,True,2000,1042,490,552,47.0,-41807.32,50,1774387192235,1787268309071,149.1,-7124.27,0.17,0.0
0x07aa28d079ad60655d63f2cd1466115d7d92b64c,True,1083,482,189,293,39.2,2010.99,20,1776501805970,1786008001861,110.0,-1401.57,0.697,0.0
0x07aa5fbcf73fe9ce5ee42508be7185eeca77e134,True,1436,421,295,126,70.1,36070.19,9,1787582145509,1788739136252,13.4,-3567.7,0.099,71017.55008
0x07af3c161a64e1abf960e8971711e976501cbaaf,True,1153,524,203,321,38.7,-7147.17,17,1788028965419,1788709807389,7.9,-734.45,0.103,1684.513839
0x07b0e21ff4a623c20a9042ab89c9641dedfcf528,True,2000,1092,944,148,86.4,1019941.69,23,1748473824707,1788721100052,465.8,50608.11,0.05,0.0
0x07b4fd6b1f525f8fd494c923a3cc0f48d80b7382,True,2000,926,419,507,45.2,11435.38,5,1787062840627,1788743021846,19.4,1741.92,0.152,0.0
0x07b66315082c7b4caeb522f3fecd1290f0564e5e,True,402,192,49,143,25.5,-6050.27,10,1773613461732,1788307200047,170.1,3715.37,0.614,0.0
0x07b9f3d52de1f5d43f3d93a016550dbe26599c82,True,2000,873,494,379,56.6,5680.33,10,1784302648372,1788698673363,50.9,-4472.99,0.787,37639.002426
0x07bb98c1c3dbbddbe0bef1a8043f705ecc3d4273,True,2000,872,546,326,62.6,-409.65,16,1752506047517,1780270018921,321.3,-849.46,2.074,0.0
0x07bc8722872197a2e013ff64d19c78d63af35dac,True,2000,873,615,258,70.4,-3345.61,58,1788298208640,1788732666418,5.0,-350.08,0.105,3105.263817
0x07bebb905c6e32e6414da0bc5ba01d8e6e2b07f7,True,2000,1164,624,540,53.6,-2761.06,8,1776442932092,1788471295947,139.2,715.23,0.259,237217.602412
0x07c187d8699fbd9920d3cc9df3e7d557015c5d05,True,2000,878,541,337,61.6,17189.28,17,1786312751344,1788744220010,28.1,1876.52,0.109,6701.573372
0x07c1bd4a1b67de53015d596131a07a9c9a8c68f4,True,2000,993,961,32,96.8,-69380.32,2,1779326158958,1788034064088,100.8,-94682.38,1.365,0.0
0x07c3c91a2316e50ce0230efbad4f3fc52774b98e,True,2000,1034,409,625,39.6,2671.08,142,1774636205648,1784120112521,109.8,1254.37,0.47,0.0
0x07c479aeafbcdcfd587a324a0a4ff0a10c9efa3f,True,2000,1088,621,467,57.1,4569.02,4,1785103228426,1788694023477,41.6,306.5,0.067,12020.578394
0x07c4e9ff4d7dd0c3f2ad422800b9bee95125315b,True,594,268,156,112,58.2,-2142.47,7,1747919182613,1788159820123,465.7,-5020.5,2.343,0.0
0x07c84e7c2eccbd60ef0a8460557fd52cd5d215b8,True,2000,857,451,406,52.6,2493.22,18,1786765769020,1788734548941,22.8,-2092.22,0.839,20463.480681
0x07c9d8fd496e0f3a4bc0a6a88c5a46d293e98fe5,True,2000,1008,270,738,26.8,-542168.6,4,1772570990057,1772841600061,3.1,-18709.98,0.035,0.005153
0x07cb8ceb32fd9deea9d8cd7996455e0a0681d684,True,2000,882,436,446,49.4,-2643.31,107,1778330339286,1788722773974,120.3,-3136.6,1.187,0.0
0x07cc38fc03964100d42a36f60929868317c79fe9,True,2000,936,717,219,76.6,-9770.55,13,1773915854075,1788449089172,168.2,-5100.84,0.522,0.0
0x07d03c86f435f9256761d83ac95739cc32833e8f,True,2000,1009,87,922,8.6,-3351.09,10,1769139399669,1781430096414,142.3,-1405.09,0.419,0.0
0x07d431758c8bbbc111996d0af6f09c48416d2160,True,2000,1682,712,970,42.3,-2599.01,85,1785779884276,1787713435738,22.4,-883.33,0.34,0.0
0x07d511c407470829c8bc97204387268313356936,True,2000,1128,507,621,44.9,57991.59,2,1787376170157,1788736602034,15.7,1697.6,0.029,135041.904171
0x07dcc966db0ed3b4461db91eab4b8f89c4493fea,True,570,222,65,157,29.3,-2129.05,4,1732980544217,1788527754072,642.9,1565.46,0.735,8896.370132
0x07dd9c3342115690f6a3a90a4e0a97036594f00c,True,1056,524,348,176,66.4,2936.69,5,1772441760590,1788724088118,188.5,-3185.99,1.085,0.0
0x07de5568c5f4dd384a4916bf19375cae60315f97,True,1026,579,348,231,60.1,-1139.1,8,1768046410811,1774523515246,75.0,-724.41,0.636,0.0
0x07de7c3f3d1c0684156d3be66c7cabf38e4409ab,True,1275,596,215,381,36.1,1102.3,14,1786209188962,1787653385033,16.7,678.19,0.615,0.0
0x07e2e4a8751461f686fdd9ee176c7610777a1839,True,64,58,56,2,96.6,15928.25,2,1775569730570,1785411816596,113.9,2884.84,0.181,0.0
0x07eac6dc2af876d2f0402f6804cc6ceaa0cd20cd,True,2000,1001,754,247,75.3,-13505.95,15,1774401603639,1788468160725,162.8,-6538.1,0.484,0.0
0x07eb7e96dfc285de2bd6f937385f4acfb7e4c520,True,293,164,77,87,47.0,-2741.24,1,1773157920987,1788505562424,177.6,-2447.44,0.893,0.0
0x07ed00f6d8d74108c38f702a7c825045b3a5d884,True,715,224,172,52,76.8,-54294.27,3,1779941000404,1782442931782,29.0,-32481.54,0.598,0.0
0x07f1424ae4f3f7d11c4b165bd67c6a9cb41cedb2,True,124,70,27,43,38.6,9373.81,1,1779554418846,1788356699177,101.9,2836.12,0.303,34178.09808
0x07f17018c6e6b8be01ca5e3946ae6ca012b38de1,True,2000,1006,272,734,27.0,-9088.27,4,1784141228049,1784681055438,6.2,-3012.82,0.332,0.0
0x07f19f68b2bddd632acfd4e6205ff490bfd04359,True,414,199,150,49,75.4,19927.33,13,1762044077166,1787315102912,292.5,4381.11,0.22,39838.309364
0x07f1d7981867a9fa5c1510be343cf1c50506b9af,True,2000,1071,291,780,27.2,6273.24,4,1787179092667,1787259667044,0.9,1230.5,0.196,0.0
0x07f295e1cc1606ad92bb41f77c0109d4cd76d13c,True,1293,618,170,448,27.5,-1130.13,7,1777454099663,1783081610809,65.1,632.71,0.56,0.0
0x07f904ad13823251963ecac96146ce51714f9d3c,True,2000,836,575,261,68.8,26019.94,18,1778943437974,1788590495390,111.7,-2836.21,0.109,0.0
0x07fb3d1557c56801ea69e63a89d41d23d2b875d3,True,2000,394,314,80,79.7,-2784.47,5,1775127610195,1788697943690,157.1,-2451.78,0.881,24290.834065
0x07fd7e702ba749ffa49c3a6c17fcd9e6c7b7082a,True,2000,1384,653,731,47.2,4091.33,4,1788251672043,1788745195621,5.7,-8754.13,2.14,374890.605375
0x07fd993f0fa3a185f7207adccd29f7a87404689d,True,2000,982,287,695,29.2,-11312.94,45,1788722593702,1788746491277,0.3,2021.66,0.179,15308589.49931
0x07fe8986162d7f68bcfe15822ec062123dd45f9f,True,2000,1156,594,562,51.4,-50944.97,6,1787281602046,1788745725484,16.9,-34161.11,0.671,565989.328762
0x0804062561c01091192844cb32e6c71cfff9a1bf,True,1666,856,541,315,63.2,-7960.9,10,1739984755002,1788095626408,556.8,-7070.87,0.888,0.0
0x0804213c20c7adf1ed3f69ff2768d245c05c5c93,True,2000,1452,815,637,56.1,108.16,1,1788451444766,1788743895522,3.4,32.24,0.298,12.58565
0x08072a0325b713c165dc97912101953934d2ae85,True,2000,962,347,615,36.1,-5382.93,46,1773340827471,1788651385436,177.2,-1088.77,0.202,0.0
0x080c67bf5ecac14c88d9c03836ad254f6c15c916,True,2000,913,475,438,52.0,21639.99,31,1722353462842,1788680945102,767.7,8420.52,0.389,5191.732746
0x080cc31f2346eb5e5147bbea83d372d6e775aae7,True,2000,1202,472,730,39.3,-161077.23,1,1774016672844,1774264460371,2.9,-16635.42,0.103,0.0
0x08115e3ef07c2e7bac1fcc260c141e67b954cfcf,True,475,252,90,162,35.7,-3339.61,6,1770926370864,1782769564788,137.1,-941.6,0.282,0.0
0x0811d5442a311bc591fe663534d548bf1c09d7de,True,2000,1135,755,380,66.5,128598.62,44,1722623953097,1787489226241,750.8,41917.57,0.326,0.0
0x08138243c8b2c5bb825763a7b065280a57af79e5,True,2000,730,522,208,71.5,-72842.32,13,1788362591135,1788670935953,3.6,-17048.34,0.234,279981.41733
0x0813f733e0fd133a82360c35f2f9417e376e27f7,True,442,236,141,95,59.7,26590.17,12,1752848922222,1785122256379,373.5,11925.9,0.449,0.0
0x081549d576b6d75e44a52971b7aed03b94b929f1,True,2000,1021,323,698,31.6,-1288.05,2,1772723288382,1773878807968,13.4,566.44,0.44,0.0
0x0818a4f79d7effe18d9945c69b3e808b867adcca,True,2000,1110,451,659,40.6,5884.72,9,1781878049523,1784661850019,32.2,3032.49,0.515,0.0
0x0819206af80edc0dbb5f5945dbe4e1e855b0c1d5,True,2000,1045,250,795,23.9,-9285.0,32,1778087817667,1788666285947,122.4,2309.17,0.249,774.279239
0x081942c75ff82341ab9f71d5df8b1309f6ddbc3e,True,2000,953,282,671,29.6,-17999.16,17,1776500846347,1787944268563,132.4,-8217.62,0.457,0.0
0x08195260a25e5e979d94d152bc212ba837453d97,True,2000,862,84,778,9.7,-131328.51,4,1774035350570,1774947610904,10.6,-7791.66,0.059,0.0
0x081d5ab9e46612f1ec16e716bc8d130cd920a5c9,True,2000,755,404,351,53.5,5721.16,9,1774465971858,1788721333697,165.0,1255.1,0.219,20551.652837
0x082277e9e5418de3b4563dc20454483c182cc1d7,True,969,474,264,210,55.7,-816.14,7,1776498543194,1781359879008,56.3,-199.57,0.245,0.0
0x0823260d4565c75885f81e42cb8dba07c5387bee,True,2000,838,490,348,58.5,3118.77,25,1777371386430,1778596532159,14.2,-4613.31,1.479,0.0
0x082654b2217afff4a7f29bff78102f2febc519cb,True,2000,989,838,151,84.7,-51063.29,2,1786554786516,1788667988816,24.5,-18502.55,0.362,0.0
0x082ccdcd0edb13c3a86c7daba0fa02b5de5e3ad2,True,1030,483,267,216,55.3,5118.88,18,1760804076798,1788354864742,318.9,2208.6,0.431,0.0
0x08308980d983529df38852231329617fff368939,True,2000,907,573,334,63.2,26500.9,12,1780772799769,1788697581372,91.7,-6917.54,0.261,22909.664172
0x0833de1e42b93ec94a6ec31670bada94a9039f2c,True,2000,768,768,0,100.0,190702.29,2,1773668124868,1775651790599,23.0,16078.82,0.084,0.0
0x083919938c653988d963b30f8d9fb3094893187d,True,2000,848,336,512,39.6,-1075.76,136,1779812102134,1782394895333,29.9,-282.61,0.263,0.0
0x083af6f3d35e842bb5205602802eb9258dbc19cb,True,2000,875,352,523,40.2,-2237.27,12,1779790034178,1788398511266,99.6,5750.49,2.57,0.0
0x083d93758661649edaeaba40d7477a46b1098716,True,2000,331,294,37,88.8,42227.39,3,1768921933192,1788221557433,223.4,2664.17,0.063,0.0
0x08423594b474428be906e5ccbffe46069bbd1143,True,2000,897,516,381,57.5,-4681.25,64,1778759277009,1788104963101,108.2,-1426.14,0.305,0.006548
0x0847d739fa2bbf8c970ff55fb3bea57d0737830d,True,2000,846,791,55,93.5,-8176.37,1,1785962465605,1788348572981,27.6,-9321.16,1.14,0.0
0x084d5d4e3148afd4365710bb0923582a35611c95,True,2000,959,584,375,60.9,-149.33,13,1769527209724,1788739200041,222.4,-56.63,0.379,34.624161
0x084ea3fc89cc141af17906e69dcdbf815c419948,True,2000,915,761,154,83.2,-91304.45,8,1752182516318,1788591398436,421.4,-7309.51,0.08,0.0
0x085d2ac5a2ab89191feea50b5557d5d9cd7a3e88,True,2000,862,424,438,49.2,-53141.94,7,1787580151693,1788728316509,13.3,-9742.28,0.183,0.0
0x085db44e424331c3036e3ebaf7c7e8800b2cf1ac,True,2000,2000,2000,0,100.0,56667.76,1,1778335996370,1779840907205,17.4,711.47,0.013,0.0
0x08607c190aa427ed13ca754d0a7d8737f33dd13c,True,2000,941,532,409,56.5,1590.24,3,1780980490057,1781787453767,9.3,-619.48,0.39,0.0
0x0866815b097d74831b56b80305efbe1f0e02e3bc,True,170,87,34,53,39.1,-8996.46,14,1770880710598,1773318755654,28.2,-894.31,0.099,0.0
0x0868f6c3d161fafc9164e7286ffdd65776b536aa,True,2000,1298,460,838,35.4,7876.12,13,1785458337684,1787394477478,22.4,10256.35,1.302,0.052686
0x0871deb34bfd2052b1c10dc4f6c0912a2a47e927,True,2000,1332,408,924,30.6,-25849.83,4,1788739060761,1788745728504,0.1,-2331.0,0.09,150887.5
0x0872128263255c75c24dbb3d09d36d50e214975a,True,2000,854,288,566,33.7,-5980.53,19,1787663654202,1788675241722,11.7,388.06,0.065,0.0
0x0873ca7cb967af8c35642d903a950d256c1701df,True,2000,894,393,501,44.0,-562.04,1,1788465647038,1788746707058,3.3,-131.63,0.234,9763.167594
0x08772e437a734eb0a3d2a95ade37f5ef919c3940,True,572,203,144,59,70.9,-10430.74,5,1782846280496,1787823153176,57.6,-5971.09,0.572,520.933532
0x087c01d466824a47c0077f4bbeca3d4626eb607b,True,2000,1216,843,373,69.3,39736.18,7,1787788591795,1788483188793,8.0,1063.11,0.027,0.0
0x087cd2d3b80024e1aa2f513da1fd841fb3618dc7,True,2000,1104,483,621,43.8,6786.28,7,1775463863793,1780928568815,63.2,808.87,0.119,0.0
0x088323b22bde9892110dd652749d1050d3aba9a7,True,334,137,75,62,54.7,-1394.31,5,1777846566707,1781303791711,40.0,-1371.62,0.984,0.0
0x0884051c662892bfcd8a132d1404ab8a3a409cea,True,2000,661,363,298,54.9,-65418.25,16,1788448489174,1788742408377,3.4,-14168.33,0.217,268281.104038
0x0884abd57c529fdf3b48a9f1af8aa857825476aa,True,1671,1072,713,359,66.5,-154503.68,10,1732867495841,1783814400016,589.7,-179116.77,1.159,0.0
0x08855db3fcb97e7303f0d78a7ab03a97455d81db,True,2000,981,710,271,72.4,-7713.67,9,1764486925541,1788681907462,280.0,-3427.58,0.444,5487.063283
0x088e6c0a146fee9af10a0292502ad8a09c07043e,True,1916,1002,462,540,46.1,-841.56,15,1787146329403,1788736069205,18.4,1634.94,1.943,15533.480151
0x08922817a6bcb194b3d6b3d918a54c92ea3f9f58,True,2000,985,646,339,65.6,-12696.51,37,1760723402733,1787486773846,309.8,-2559.15,0.202,0.0
0x0892e4d0f664f3712bcbdc347974cf9a8b08ddd7,True,296,98,43,55,43.9,-2800.85,2,1774295372781,1787172666402,149.0,-4191.05,1.496,0.0
0x0899ff557cc8bddb8f16256117fc85faab36dbb0,True,2000,1089,498,591,45.7,-92735.77,2,1778770679940,1780226060181,16.8,-8235.03,0.089,0.0
0x089ac530d67efe22579b0b5389a893208996d75f,True,842,396,135,261,34.1,49931.12,5,1777493116380,1788735312216,130.1,8269.33,0.166,53895.344124
0x089fe537f4b2af55fa990bc64ff4125800bba4f8,True,2000,193,192,1,99.5,292905.29,2,1781018942376,1788480000030,86.4,24066.08,0.082,0.0
0x08a00e5f4c9897ee0bdf5055b2ce3139c0796896,True,757,327,304,23,93.0,-40827.48,5,1780926527511,1787368195154,74.6,-56955.18,1.395,0.0
0x08a0d6ff6fd9cdd29ba4855639c1d8b1355ed58d,True,1507,607,373,234,61.4,3932.63,34,1731352202252,1787956312103,655.1,1667.43,0.424,0.0
0x08a49e7f7133577aa942f1c24119ff1c6797126d,True,2000,1050,565,485,53.8,-14656.53,22,1788646021562,1788746857571,1.2,-1783.05,0.122,269434.011137
0x08a4f7c5b0021ca15d65e410b22825aadc84aba1,True,2000,483,110,373,22.8,2186.62,17,1773943554753,1788536667968,168.9,486.03,0.222,350.633785
0x08aba4a72d866c1fc1dda72508e0cd47388304ac,True,2000,921,508,413,55.2,53792.3,20,1733593429798,1788307357428,633.3,-17795.76,0.331,0.0
0x08ac4ab2c4aa184f7069b115f854d0335051d97d,True,391,183,58,125,31.7,-3381.59,3,1782900963782,1785354252625,28.4,-351.2,0.104,0.0
0x08acffada9db314bd31f9086d0d2dc08e5abf162,True,1603,832,414,418,49.8,16351.97,14,1764890094505,1787770456905,264.8,7775.6,0.476,0.0
0x08b0d04a3771d0302d5a8ef4c728ebe5c63b4974,True,2000,763,580,183,76.0,-5214.83,9,1776022684713,1788428420642,143.6,-1192.79,0.229,0.0
0x08b410884d00b578fe85d874eba4d3010e71c224,True,2000,1059,350,709,33.1,4564.63,4,1783622482489,1788018683453,50.9,2308.94,0.506,0.0
0x08b5cf766ffbc31c129d2733b3f831054cec310c,True,2000,880,171,709,19.4,-217148.37,7,1774226085913,1780684434902,74.7,-13446.0,0.062,74153.806374
0x08b6ba90a7613ddc7e86e02f41d0e08c80ad41e0,True,2000,1253,789,464,63.0,1142.07,4,1788615939566,1788746919218,1.5,-81.8,0.072,95868.846527
0x08b81e0cf1dff48f693f06d118d400cf099f2b98,True,2000,1165,546,619,46.9,-5401.4,5,1781813751824,1786367760075,52.7,-773.5,0.143,6868.0
0x08ba8355e85a0ec385d16d6b6ae93cb6919ab08a,True,442,194,105,89,54.1,1608.01,20,1730886474205,1778137681255,546.9,611.95,0.381,0.0
0x08bed3f9ae9b3db6bf9b5de117e0309e028e7aa4,True,2000,833,669,164,80.3,396495.95,9,1787184653391,1788700731763,17.5,34678.08,0.087,23142.598839
0x08bf75d17046412ae08c95b6106993f714487872,True,1728,560,158,402,28.2,-848736.11,1,1771418859313,1787496886207,186.1,-304667.92,0.359,850397.183731
0x08c14b32c8a48894e4b933090ebcc9ce33b21135,True,2000,1471,878,593,59.7,-536753.2,4,1787249810724,1788657519589,16.3,-17028.74,0.032,2058892.300155
0x08c7404aee5e3296ff2d7cb364010849b2e8a1eb,True,756,319,121,198,37.9,-54700.27,1,1785093746398,1785932662957,9.7,-18036.82,0.33,0.0
0x08c88e2c07fb2b0ffd9efab47a1a70486fd1aee2,True,2000,941,372,569,39.5,-7582.55,29,1760482910431,1788737636091,327.0,-8824.3,1.164,10149.890798
0x08c9ef584fc440b160ab72ac4665343ed5e976a1,True,2000,743,265,478,35.7,-10512.42,18,1787664572525,1788746416143,12.5,3948.98,0.376,2089.6764
0x08cbf900b3aa904219b66b5a8fb43f33307313b2,True,2000,922,485,437,52.6,1998.89,21,1776802274093,1782223941008,62.8,-3526.34,1.764,0.0
0x08d04ca4a84eab20b43bd74671db8e46b745488b,True,1127,508,191,317,37.6,7719.51,28,1741234527429,1788740408299,549.8,-3891.58,0.504,9383.739023
0x08db9f558b3e28bb22702b5c8f0abbc4a7964fb9,True,811,375,170,205,45.3,551.91,10,1784085994395,1788717427822,53.6,316.87,0.574,1831.154097
0x08dc574552f990322a54d600cc30a8317a2a109a,True,2000,966,784,182,81.2,-106841.34,13,1753682297609,1780805643087,313.9,-62334.86,0.583,0.0
0x08ded09ac362fc6ede9eb17f07f4000801ecb4a0,True,1923,966,594,372,61.5,2057.28,3,1779296807535,1788681895660,108.6,10829.0,5.264,8706.484416
0x08e9929b463323cd27301ccd2bdf88e3defad669,True,1357,510,267,243,52.4,10233.68,25,1775551391671,1788464349947,149.5,7175.41,0.701,12389.326388
0x08eeae87df864cabeff0aba98c35459f60d486dd,True,2000,467,304,163,65.1,-19911.25,34,1778012435278,1787176050179,106.1,-17792.25,0.894,0.0
0x08f85d5d9292b14b0aa0bd096606cfb24c6e8ca1,True,2000,949,743,206,78.3,146946.15,7,1780189510208,1788465745039,95.8,5244.08,0.036,184939.06827
0x08f8ebe9286235a24c6c570ef600f9c73b1e979c,True,2000,1010,333,677,33.0,-3632.28,20,1774023868642,1787858484803,160.1,570.5,0.157,0.0
0x08fa6f13efeb12dcb474fe3eddf089d147f2eba9,True,2000,949,399,550,42.0,-8200.47,10,1779569441670,1788037684266,98.0,-2265.02,0.276,0.0
0x08fd79f629922db3d0eba6a8e0b193cd7d62c4fb,True,2000,1046,574,472,54.9,-4062.39,5,1776058957475,1776217841659,1.8,-1178.34,0.29,0.0
0x08fe216d1ad976285bc5db17580e688091736ba9,True,2000,650,386,264,59.4,15292.23,4,1772055473847,1781724279212,111.9,12632.41,0.826,0.0
0x090197aade9266008141e9e32c144526a0004cc6,True,2000,989,557,432,56.3,1760.83,17,1787855672252,1788696829831,9.7,-225.39,0.128,0.0
0x0905a6e65cc32f38fb855ea638fe51c2e56cef8b,True,2000,921,439,482,47.7,-717.71,50,1776615159317,1787502927206,126.0,299.82,0.418,0.0
0x09063442d43cd311b3b1859b9786154fbdc16250,True,1513,667,184,483,27.6,-19712.45,26,1738091002330,1787462222066,571.4,-1630.54,0.083,0.0
0x0909ef874690452163a7b12474cf164730d591b1,True,694,363,240,123,66.1,30949.69,15,1769357535753,1779042758170,112.1,6237.78,0.202,56569.444334
0x090b0405043eb105576532c939c4c6739c29868f,True,2000,942,688,254,73.0,-121168.48,25,1778482139938,1788739740936,118.7,-7897.9,0.065,57786.023783
0x090d03661be872fa5dc0efbad1404878aa59edd6,True,2000,953,495,458,51.9,-4030.53,16,1784438815878,1784956821861,6.0,-3877.05,0.962,0.0
0x09112f6a864b4b2045ed8195f80dbf19ef27ecf2,True,2000,1102,435,667,39.5,-884.09,14,1778078346689,1788451281006,120.1,3188.1,3.606,97725.51938
0x091144e651b334341eabdbbbfed644ad0100023e,True,2000,1998,1276,722,63.9,213898.96,16,1781748600537,1782172800019,4.9,25376.72,0.119,0.0
0x091159a8106b077c13e89bc09701117e8b5f129a,True,2000,1160,1061,99,91.5,41547.67,8,1788689912172,1788702884655,0.2,-3606.82,0.087,1937519.581173
0x0911c544ac2e4dbdf0a8db9c0f336886e610dc84,True,2000,497,424,73,85.3,-497.99,92,1773453661371,1783076942173,111.4,-1383.53,2.778,0.0
0x09127c753627a84c64e374186c50810a2bf32857,True,223,115,57,58,49.6,4506.51,5,1769870580370,1788639508149,217.2,2797.81,0.621,0.0
0x0912d6c8cc359836847d4c5ba23ada6ef8d1e1d3,True,1646,764,373,391,48.8,2612.54,6,1734454639519,1781817279441,548.2,1685.39,0.645,0.0
0x0921871d6766b5b05fcc1e69dd914c62ad365545,True,1010,560,435,125,77.7,-2371.58,9,1736062066812,1783124161442,544.7,-1954.92,0.824,0.0
0x0925c51d8be2b9e3e6614456806ccaf28832b0d2,True,2000,1026,671,355,65.4,-184909.57,11,1786462627611,1787272771287,9.4,-31340.7,0.169,0.0
0x092fc6759a3b5dc91dba06af89f4f8775b2a3d53,True,2000,720,360,360,50.0,7289.8,10,1776343681344,1779321600086,34.5,-6045.71,0.829,0.0
0x0933895f18455259715e26ce0065451df9fd8c6d,True,376,171,72,99,42.1,-8050.59,18,1736704046353,1787366065858,586.4,-2968.33,0.369,0.0
0x0937aa6d83c851d506433ab342387a337c8b512a,True,2000,274,211,63,77.0,6760.93,18,1780663501902,1788618644825,92.1,1530.02,0.226,3.057391
0x093b7ba348cfff4c6b0f7717c67be4814d328684,True,1446,622,427,195,68.6,-10745.95,15,1781864041718,1785675478251,44.1,-3789.75,0.353,0.0
0x093f2e026bf3d52f5ba02306976255782ffbf712,True,2000,1105,533,572,48.2,7.85,1,1788448478041,1788746892824,3.5,-214.72,27.368,8778.380766
0x0947a2183d45993e951a56d683fc59f37273ffb4,True,2000,999,524,475,52.5,-1652.36,64,1770674711970,1788722571983,208.9,-1438.74,0.871,2526.384039
0x094a2ed822bea563b622652fbd85f1b34749d02a,True,2000,972,468,504,48.1,6779.02,44,1757762217239,1788220502173,352.5,9086.68,1.34,0.0
0x094d3bab9fdf9e7fdf1f438945219aa9ee3f63a3,True,2000,1157,509,648,44.0,8385.42,17,1757311399877,1786695880115,340.1,3974.96,0.474,0.0
0x094f86cd831acbf0e97dceeaee51a5471a2d32d3,True,2000,976,524,452,53.7,33409.0,14,1773843409993,1788656989030,171.5,10023.23,0.3,29414.891607
0x0954c1dd1d3d19ea69e53163e95749dd350cf532,True,2000,1046,565,481,54.0,-4243.24,12,1776507683037,1788094798607,134.1,4064.51,0.958,0.0
0x0956c9c5510e8612fd18966aa0be78cf9870c957,True,2000,947,461,486,48.7,-2285.81,1,1764902289864,1787886418452,266.0,-2364.34,1.034,0.0
0x09581f01d8ce45c07f31908ac9eec8a87fe32cf0,True,2000,999,425,574,42.5,582.04,51,1785745729934,1788689457007,34.1,170.75,0.293,37346.638961
0x095ac70965bed96cda5d80682ddecb6059f29559,True,2000,1090,721,369,66.1,31323.47,75,1765375263859,1788701403201,270.0,-5967.85,0.191,0.0
0x095bfdbbad0c1de8f7568a78aae982aa895e3c0c,True,2000,1011,200,811,19.8,-12925.62,10,1776259909239,1788498628091,141.7,-2882.23,0.223,0.0
0x095c938780605911df64dc66342c3260989e68a9,True,2000,1027,703,324,68.5,-249213.9,19,1778213807795,1787529078815,107.8,-143481.08,0.576,0.0
0x095dcba49f4af5231396d6583bd9aed0ef9b71a2,True,190,189,189,0,100.0,71.58,1,1779905818605,1779906967602,0.0,10.27,0.144,0.0
0x095de2cbd07d3da40d51523272fe25509a30524e,True,2000,652,370,282,56.7,0.11,4,1785344329037,1787723405832,27.5,-14.95,135.524,13423.717232
0x0966f3209203d9ea3add5cdd6e13c3054f9d6bca,True,2000,1120,349,771,31.2,-220.87,23,1777192950856,1788297016497,128.5,-57.08,0.258,0.0
0x096db396e47d897df80dc33227661b7085dcc660,True,694,189,61,128,32.3,-12161.45,21,1735526942257,1788449154696,612.5,31448.56,2.586,21061.637018
0x096dbdb413d75510c5a7ea8c3c06da60509e9fd9,True,603,260,81,179,31.2,-6533.24,17,1767510136159,1787961600069,236.7,1636.12,0.25,1666.337055
0x096e980edc49dc90fba8562b22865093cd773cbc,True,313,167,53,114,31.7,-12477.56,5,1778073941062,1780314738180,25.9,-3437.06,0.275,0.0
0x096eceb86a9d9a2baa07315464daaa84d0cc07d1,True,2000,924,756,168,81.8,-23315.55,8,1784187895511,1788434196393,49.1,-7317.84,0.314,11216.77188
0x09714a3282fca963a8da97c72a4226bdcec3814d,True,2000,888,799,89,90.0,81077.97,21,1784266218084,1788697836960,51.3,1389.2,0.017,8682.64056
0x097bf9331ebd626ddecf9337bd84bbe046b0eff8,True,2000,1154,568,586,49.2,-50.94,3,1776506882351,1776743868686,2.7,-7.03,0.138,0.001652
0x097f97ee02826257cef0334cdc4e8f8b847d5a93,True,1121,435,235,200,54.0,-1448.6,43,1765379501715,1788704840569,270.0,-1598.54,1.104,1622.989046
0x0980b34ade9476dba81bcdb0f865a333793ad1c2,True,2000,421,349,72,82.9,486622.57,29,1759610580048,1788725531982,337.0,138071.31,0.284,135939.437688
0x0982f0115b5855004e37df6f2c0ed927dd2ed796,True,2000,1060,575,485,54.2,44066.55,7,1776835964106,1788719791357,137.5,3030.71,0.069,52636.627788
0x0985d12911ffec6aef2b5b679d572d9dacc15a1c,True,2000,1039,434,605,41.8,976.55,9,1774705571271,1784188226524,109.8,872.85,0.894,0.0
0x09873cffcdf374fe7b2d797e7f2ef76ed614667e,True,2000,1002,484,518,48.3,-1151.93,31,1787238379066,1788528407295,14.9,381.09,0.331,0.0
0x098a67300b3ea57be03bc7fe7a54680e50676e93,True,2000,1016,395,621,38.9,2948.45,30,1778158406143,1788644015853,121.4,1295.15,0.439,1928.170708
0x098a8b53f5bfe8ba5a4f35490734710a5d5c8edc,True,2000,1014,333,681,32.8,-11260.31,1,1768996586597,1788635206677,227.3,2283.99,0.203,1611.752335
0x098c62f2e7527e9a837102052a06b00c21a73892,True,2000,940,449,491,47.8,5544.84,16,1768027408841,1779771219706,135.9,2403.88,0.434,0.0
0x098cb78fbd495bed6942553c47e5b516bab45d69,True,269,110,38,72,34.5,6860.15,3,1772617394693,1788439042098,183.1,-2611.87,0.381,0.0
0x098ce27e311835ec244b89cb409d6f1795cd5a68,True,1315,586,272,314,46.4,-7208.75,11,1754323284459,1782579900584,327.0,4042.83,0.561,0.0
0x098d4746a6df9d72826bee7d38e27eaefcad2c0f,True,2000,992,820,172,82.7,10274.13,12,1780422645050,1787292289532,79.5,-6757.72,0.658,0.0
0x098e4199b005cee5b31f54d06926ba66fc14abac,True,1363,632,448,184,70.9,55666.4,13,1705344299020,1788056022782,957.3,8642.27,0.155,2323.544462
0x0990b7a9b12c35c7ae96c76ee7486ed9ab529cbc,True,1733,711,196,515,27.6,-5400.37,11,1777960047797,1786411844468,97.8,-858.35,0.159,2358.971768
0x09924906af716f2b61af0322258574b6b7203270,True,2000,920,364,556,39.6,-2011.55,24,1772205843078,1785466128647,153.5,-2176.37,1.082,0.0
0x099500598f7b16cadc124775bdd36db354ede1b7,True,2000,974,778,196,79.9,6292.95,94,1769885246095,1787368649760,202.4,672.97,0.107,2862.599451
0x09969138013fdfae9438fbd705515f047f8a0ba6,True,2000,810,810,0,100.0,304231.27,1,1784293608153,1787566463154,37.9,14794.99,0.049,852917.674136
0x099691c206cb8ceaa41d3b9e55aaf859b2d3f78d,True,2000,692,653,39,94.4,51009.08,7,1772442197667,1788044202077,180.6,4912.42,0.096,243366.06561
0x0997f9fb3c94c250f6f1a5c381c25ec5d951b29b,True,2000,1108,382,726,34.5,1584.9,63,1764837291612,1782896830850,209.0,97.01,0.061,827.703237
0x09981af1fb72330bc1789f5e3d5b535777acc8e1,True,2000,1174,670,504,57.1,33232.56,16,1787362791106,1788339626529,11.3,-8670.15,0.261,79267.64007
0x0999a9611500b5431185e312c799c53de74dc74b,True,2000,845,339,506,40.1,-199599.63,4,1759931153578,1788659781766,332.5,-21019.0,0.105,3679.827268
0x099dae759f35d3a4d83fa805971377bfc8aaed66,True,2000,1103,502,601,45.5,3.75,2,1787354191044,1787434862530,0.9,-703.55,187.796,0.0
0x09a03ea30e1cbf6af3e1dc90206213140c2c7f43,True,2000,1017,636,381,62.5,-42770.94,16,1738682289217,1779408000060,471.4,-25757.78,0.602,0.0
0x09a06f92326118a4b995df249bbd378bd0d3e538,True,1212,605,290,315,47.9,7508.75,31,1738642922213,1781481344591,495.8,2602.16,0.347,0.0
0x09aafe638640e79d095843202d78e994bea829a9,True,2000,1028,630,398,61.3,265.63,41,1788672852944,1788747591449,0.9,-9.43,0.036,1683.760615
0x09ac8469b1d99fff81e3eadee03db8c251fe94de,True,2000,762,154,608,20.2,-2455.62,2,1775307486532,1783641600078,96.5,-246.44,0.1,0.0
0x09b57c3f9db5e61ced66dca927ec2e2b34f1b6fb,True,2000,1121,494,627,44.1,-58073.86,27,1784377327609,1788746895107,50.6,-10409.07,0.179,34342.447328
0x09bc1cf4d9f0b59e1425a8fde4d4b1f7d3c9410d,True,2000,887,638,249,71.9,27524.77,1,1788534447681,1788746861138,2.5,-1083.3,0.039,5205641.756419
0x09bce8bfd6494aa41f99e3c0ee29a4d6482abb7b,True,2000,925,284,641,30.7,-14847.09,25,1734636328580,1777548683671,496.7,2768.2,0.186,0.0
0x09c72121af3ce729ab96b48fdfdd1ece4963af93,True,2000,1084,680,404,62.7,-3944.82,18,1770421572462,1788628598577,210.7,-2974.64,0.754,375.646681
0x09c799bd8e04b974754a61004fca3972c435fdbc,True,2000,1073,697,376,65.0,-11934.26,32,1780226688888,1786978067871,78.1,-1963.99,0.165,0.0
0x09c8a7efcc50995f45f7492c0ee0b0628cf500d0,True,2000,1112,601,511,54.0,368.04,123,1788745206331,1788747672063,0.0,353.12,0.959,52229.629812
0x09c99869e87a7499231524147bc2ce18a27e5bc7,True,2000,1031,508,523,49.3,-80779.48,12,1784235596079,1787175068818,34.0,-31230.8,0.387,0.0
0x09cfc699a75123e104de62c07be117420123f911,True,26,12,11,1,91.7,1595.78,3,1734398148461,1788285712754,623.7,393.14,0.246,0.0
0x09d0dbed3ef5cb17eb60097b1baf31d9916a1a52,True,2000,955,104,851,10.9,-107006.18,7,1778849031429,1788341768743,109.9,-19355.96,0.181,682458.335918
0x09d1f9fd0cfabdc2279f1c1602b7becfc4f9db87,True,2000,989,533,456,53.9,1214.15,71,1788615756017,1788746773888,1.5,372.83,0.307,14097.581165
0x09d63d136a0a98960cee7835d2f794a89ea71697,True,1132,602,1,601,0.2,-151240.02,4,1774420080203,1774555261147,1.6,-13623.83,0.09,0.0
0x09d70eac3bbebf727218b81b7f6384249826ab24,True,2000,1049,881,168,84.0,72012.22,1,1776940239262,1788450961376,133.2,7349.14,0.102,150724.563628
0x09da2d53c9d7e569e428b7f4a5c82c7cd855a7d4,True,586,476,406,70,85.3,-23883.78,11,1754201885953,1787368884658,383.9,4517.32,0.189,0.0
0x09dccb6f33b986987457d33db6801b74d2a2c094,True,2000,1018,0,1018,0.0,-91384.09,1,1787927277301,1788536255484,7.0,-1810.63,0.02,2947927.81125
0x09dde4297acd2ef24c63c8fa45f67a682ec02dd5,True,2000,1030,481,549,46.7,-2018.42,2,1788390002873,1788739444152,4.0,-1027.33,0.509,0.0
0x09e8516aeaccb2e79fb954144404eef908d72b24,True,2000,903,450,453,49.8,52453.35,53,1751272242192,1788436920781,430.1,37126.91,0.708,0.0
0x09e9e0013a0ec0b99894d597e0412299fe789c65,True,2000,955,513,442,53.7,11817.52,105,1717967865708,1788735805024,819.1,-3968.94,0.336,0.0
0x09ee9497ebb73d66f9a91d50d5a0930dcd30a364,True,727,339,215,124,63.4,15557.35,18,1735924922748,1787168401764,593.1,3023.93,0.194,0.0
0x09ef01d78b7c06e49faeced904d8a62bca451828,True,85,36,35,1,97.2,32287.36,4,1750642786309,1787226444299,423.4,14872.27,0.461,0.0
0x09f0fa98775ddf011e4ecd0746dea9cfb596f648,True,171,112,62,50,55.4,-3384.27,2,1785724028666,1788203332554,28.7,2540.85,0.751,0.0
0x09f15dacf13c0fcb64594452506b52393fb13c39,True,2000,1102,605,497,54.9,-910.33,10,1788543924605,1788747727119,2.4,-311.41,0.342,12436.401381
0x09f2b610f85a5fea4d35b42cccdc52f1f71d6bc7,True,2000,455,416,39,91.4,11985.94,6,1770002508929,1788685397422,216.2,784.87,0.065,49780.19182
0x09f37fc3c3d8b6b789e6840c26faa7dd66baf76d,True,2000,899,561,338,62.4,26795.45,13,1775621815761,1788716091469,151.6,4667.11,0.174,16257.109926
0x09f8de3a71a917486abb342a9ea14dbd5147c1fc,True,1742,768,337,431,43.9,10203.09,4,1752865283806,1777889319863,289.6,-2184.81,0.214,11.21284
0x09fb2cb4371496c59a43dccae44510a56443d041,True,1002,391,4,387,1.0,-20653.19,1,1786356380069,1786360473566,0.0,-2745.33,0.133,0.0
0x09fc12362961a5ef7ee1310005a967f07ae4e619,True,1145,413,279,134,67.6,1374.03,5,1780395399933,1788743355153,96.6,881.96,0.642,8296.577542
0x0a00c737a62dc3897a4996a3161d5c21589de027,True,730,309,223,86,72.2,17173.23,16,1733192440857,1788461937832,639.7,3236.46,0.188,20567.815559
0x0a01de9cd3d1eab771bef316f0eae531db044d0f,True,2000,740,91,649,12.3,-25680.33,4,1787032142662,1788528759180,17.3,1762.36,0.069,0.0
0x0a030fbc66d23d38f692760ddf1718a8977ebcd2,True,1509,555,220,335,39.6,4832.18,15,1785763630444,1788742814390,34.5,-1065.52,0.221,28349.617377
0x0a06ec6754b628be489b2c40bba20c8580392a7b,True,2000,1389,705,684,50.8,3388.0,3,1788666440776,1788747542185,0.9,1120.36,0.331,544060.299671
0x0a07eb223ff53b8597b18148ab3dd823f9364d6c,True,2000,1446,723,723,50.0,28663.87,3,1776175216592,1777541474078,15.8,-6246.49,0.218,0.002129
0x0a0a466738a2f3ed0929e9cba59b3105132a872c,True,2000,1068,296,772,27.7,10008.32,10,1782679570466,1788206181066,64.0,1213.14,0.121,7466.16822
0x0a0ae914771ec0a5851049864ccc27b1baa8cd43,True,2000,924,550,374,59.5,5276.94,15,1750573153387,1788335192736,437.1,-2567.46,0.487,0.0
0x0a0c7d05391555704beb73236ccd86e16680f3b3,True,2000,1203,538,665,44.7,-256.57,4,1788196300416,1788458497440,3.0,-71.62,0.279,0.0
0x0a0d2f8cea9af9405afbb00158c201d69f353aab,True,2000,662,383,279,57.9,-1544.68,89,1787512208841,1788728626056,14.1,-256.04,0.166,2.393287
0x0a12f3185c10a5a6356cdf6ee91c8f0cd3d06f5f,True,2000,923,237,686,25.7,-107138.55,7,1787660517736,1788717426045,12.2,-6276.26,0.059,33519.639391
0x0a1a4f146146d099ea1e354f971c62b780f09342,True,2000,1066,152,914,14.3,-31728.59,5,1772555090671,1784664957285,140.2,-6211.9,0.196,0.104905
0x0a1c8f827d6b3fd5cb968eab353c8d1ae40c93a1,True,387,192,96,96,50.0,-2676.1,1,1780920613638,1787153257795,72.1,-1048.47,0.392,0.0
0x0a20c80871562b054fa5b4a43afd7a454fe3bbcb,True,2000,658,658,0,100.0,31842.4,1,1779638423805,1788745544963,105.4,1640.87,0.052,1045.563441
0x0a236deab846f0a5fb47d0d6e5f10ffd1db4b346,True,2000,932,421,511,45.2,134652.84,6,1786156281218,1787153209626,11.5,9218.5,0.068,0.0
0x0a24d15382ba2c941e41d868595762f8cab3bf53,True,484,246,52,194,21.1,-15821.34,3,1781107283355,1781712389858,7.0,-2891.78,0.183,0.0
0x0a251df99a88a20a93876205fb7f5faf2e85a481,True,1355,700,382,318,54.6,14103.32,125,1690028203624,1780320623572,1045.1,4004.99,0.284,0.0
0x0a26016918a1ad8e57b899ea9484ce0ac87d5255,True,2000,832,628,204,75.5,259158.15,3,1777899167754,1785851400051,92.0,37237.1,0.144,0.0
0x0a28e5451456279f485c37e0765b542a93ce1646,True,2000,925,563,362,60.9,55687.19,2,1779523545010,1788525548026,104.2,25237.84,0.453,16983.933927
0x0a2d1d745da1b0c35ace094f2b06431e820cf548,True,49,35,33,2,94.3,2346.47,1,1787296528904,1788727004437,16.6,719.74,0.307,16112.760526
0x0a36bef37bf30185c56177feb24a0d1f57220aab,True,2000,1213,754,459,62.2,53424.3,39,1753627131331,1788607991580,404.9,3944.15,0.074,4752.787432
0x0a391e4fbc2098dc4aab762880e510049dd66312,True,2000,767,570,197,74.3,10718.61,10,1784312064094,1786020719869,19.8,546.45,0.051,0.0
0x0a3d11984cfc7ff5192b18528afe87c448af5de0,True,2000,1070,618,452,57.8,12957.39,13,1787695797713,1788747734302,12.2,-1211.75,0.094,5937.636873
0x0a4046baa476dadcfd48fa3b3e41bc7c85891db9,True,581,226,100,126,44.2,-10748.36,11,1773816785919,1788674089601,172.0,-1961.53,0.182,0.0
0x0a4442235d2d2a8fc7c3bdc1e89a65855b91c3ea,True,262,143,114,29,79.7,-511.75,2,1773207827152,1773235082268,0.3,-316.59,0.619,0.0
0x0a4740508133c8e0e915f856cca2cc71c66ae188,True,2000,1089,1077,12,98.9,15431.88,13,1785768821999,1788697461935,33.9,80.5,0.005,5048.970315
0x0a47605d9bfa763028d98d0aa64d0fdafd21fb59,True,1007,484,281,203,58.1,4629.94,22,1739342952864,1787584999790,558.4,1744.15,0.377,0.0
0x0a48f0bffb94ae3d5b088d92c5b268aaab837983,True,86,41,12,29,29.3,13292.99,1,1775676092820,1781473235284,67.1,12929.47,0.973,0.0
0x0a4b1c5cb83d30433870db1c49b71ab5f29a8f89,True,2000,1050,876,174,83.4,27542.41,9,1766191607133,1777740387716,133.7,4137.99,0.15,0.0
0x0a504e8c9bf8e91324c2b7f85743b1a449823047,True,2000,1126,745,381,66.2,-357.26,10,1753754531632,1778823403101,290.1,-6234.06,17.45,0.0
0x0a506b1e47726e769949086ea60b5b01cbaf956a,True,2000,1116,636,480,57.0,13053.79,30,1788543429228,1788746122187,2.3,750.78,0.058,185807.926541
0x0a5520a20d1a004b8192fdaf7612d8251e2630ad,True,2000,1048,413,635,39.4,-3150.42,18,1763313671633,1781501895677,210.5,4437.25,1.408,0.0
0x0a5eef8ac8e508cacbcfdac7a1a956e191d2ff01,True,553,283,245,38,86.6,-7260.23,14,1762142647224,1782490593872,235.5,-4817.81,0.664,0.0
0x0a62f339879509fa699694f65f4ae94274104760,True,2000,984,490,494,49.8,55880.1,22,1766455284396,1778760163761,142.4,7485.64,0.134,0.0
0x0a66c80be307b79399a503f8e1c9d2c81981f2a4,True,2000,1046,537,509,51.3,44881.92,12,1760425386292,1788503655943,325.0,4716.17,0.105,70391.467654
0x0a685b1fbe3a6a6b4fce4aef4525137dfb32a6b4,True,2000,1187,523,664,44.1,-8320.9,6,1758945602331,1783978792721,289.7,4417.7,0.531,0.0
0x0a68710393776766fac5b2850142b2fce0b07b0e,True,2000,921,297,624,32.2,-9970.62,21,1759812998141,1782660917061,264.4,2015.03,0.202,0.0
0x0a68df0f08381fc2b409199192daedec74155ac4,True,2000,1226,20,1206,1.6,-374199.92,3,1779806479843,1783838595479,46.7,-29335.6,0.078,0.0
0x0a6ae2a16564109cefc178f6df7d98dd60cb6d5c,True,2000,928,149,779,16.1,-57736.15,5,1785354495645,1787521721631,25.1,-2019.45,0.035,0.0
0x0a6b80da9b30809120c947b40d08ae18ca667e3e,True,2000,1101,373,728,33.9,386558.86,3,1785432175524,1788132916484,31.3,23979.39,0.062,0.0
0x0a6bc352937ccbe5bc28b9168372c243b9d4cefa,True,2000,1097,415,682,37.8,3.13,53,1782462096530,1788689447697,72.1,-36.21,11.573,4376.204634
0x0a7097d919b7421ecc03aed3aac68a13e7ef1f46,True,2000,1068,655,413,61.3,78896.82,9,1780549722805,1780903753702,4.1,21754.7,0.276,0.0
0x0a72c5c7ca7117b38d2070dfc873ce25d9d191a0,True,679,315,85,230,27.0,-3573.07,22,1732903740180,1788426303215,642.6,-2086.3,0.584,0.0
0x0a74bbab2736339d633315195a90b15fd056b43a,True,2000,646,494,152,76.5,2010.4,33,1784838865710,1788742896288,45.2,-4049.52,2.014,0.0
0x0a7dfce5b00320c6ab1bf2823e533db1a551f6ba,True,2000,990,529,461,53.4,-36072.31,1,1784160006174,1788739231572,53.0,-6497.28,0.18,66963.765426
0x0a7e810c20e5d790c1f15e275bc791d2a02a353b,True,2000,720,476,244,66.1,-37071.35,9,1734456768122,1784158088109,575.2,-20215.45,0.545,0.0
0x0a847e73a0618e330d54e26a0789425604e76ddd,True,2000,856,829,27,96.8,90441.13,7,1782996843905,1788133245650,59.4,3455.99,0.038,250778.821106
0x0a8522c73b6b7d1a9b74cd34b456b37944952624,True,2000,1159,351,808,30.3,-1727.1,45,1787213237841,1788566400005,15.7,144.65,0.084,0.0
0x0a8626851aaca002763366cb02fc9b2240c6ce67,True,2000,1033,685,348,66.3,-41548.3,5,1775796773009,1788525949153,147.3,-13080.65,0.315,1934.217038
0x0a865027705dd7acc0f89caafb48417442d090b1,True,2000,1070,633,437,59.2,-7460.39,29,1778684816464,1788543974775,114.1,-9386.46,1.258,1807.5566
0x0a872082df771893896f1d3d634ba211c6c650de,True,2000,737,558,179,75.7,64050.57,8,1787177449330,1787941979986,8.8,3762.33,0.059,0.0
0x0a8817c801b0801c2f2acfc8778a7cd807161e07,True,2000,1443,608,835,42.1,858.3,1,1788555269292,1788748134044,2.2,118.79,0.138,26119.530152
0x0a88587f1fa1d4acc5c170e4c1974816e19cd4b2,True,1414,764,355,409,46.5,34.02,2,1777931019225,1779314417552,16.0,-99.99,2.939,23.449801
0x0a8b515288f3367e30f4d7142cd5a9ca1f8d092d,True,2000,869,741,128,85.3,-286.95,18,1781538794115,1788718786785,83.1,-781.03,2.722,0.0
0x0a8c2ee08760251705f5aaf7bb0e7b490029bc27,True,1051,443,261,182,58.9,-7103.75,20,1712136737251,1781965998304,808.2,-2471.69,0.348,0.0
0x0a8c591d00b959664384af551f771275eea32fac,True,573,212,124,88,58.5,30488.14,9,1760361553653,1788350689109,323.9,-9210.15,0.302,6193.403435
0x0a92a740b90df99790bd416a2537fee36f30b23c,True,2000,960,529,431,55.1,-235.36,36,1775638912454,1788067865644,143.9,1118.09,4.751,0.0
0x0a9ae31839d05ebeced458a339a3ad7b5a138734,True,2000,955,338,617,35.4,6194.44,14,1785967401466,1788743737823,32.1,2861.89,0.462,0.0
0x0a9c52dcce024dd72aafeb43c1c253b93ab6ee2c,True,2000,808,325,483,40.2,-3711.93,27,1778401286243,1784071251400,65.6,-5896.45,1.589,0.0
0x0a9ece269c9140d4b46bc33428038e56d2f34701,True,2000,1016,359,657,35.3,-605.36,45,1787851531548,1788742764590,10.3,174.83,0.289,963.149119
0x0aa0294821996cf52b54ce1131e138955504fd49,True,2000,999,425,574,42.5,508.81,52,1785661031793,1788691170345,35.1,155.78,0.306,44588.945735
0x0aa0904b9670c1d5729d4e949a0514bed198d239,True,2000,904,534,370,59.1,51218.32,5,1787605334196,1788555194278,11.0,3102.9,0.061,0.0
0x0aa0c3ac0151c42537fdb3cb6a2f37b9251a6c6c,True,2000,1054,579,475,54.9,33018.61,52,1779411557985,1788664611543,107.1,3921.0,0.119,15667.238487
0x0aa338f7d29b407ffb3645583c9bde0ecf6335fb,True,1123,460,294,166,63.9,-10051.47,8,1771847885298,1787153856640,177.2,-2895.71,0.288,0.0
0x0aa76cbe5405f234d9dc425eb20939d31fdf01e5,True,2000,673,216,457,32.1,-38988.02,9,1781782210631,1786032166649,49.2,-11567.14,0.297,0.0
0x0aa810acfa525186f8ac922125d9e0c16eed425e,True,1171,426,143,283,33.6,-13313.31,21,1771099662342,1788594601065,202.5,-1929.63,0.145,0.0
0x0aa9103975747cccf7df4e6287a46ae3399c0a52,True,2000,932,523,409,56.1,-4775.57,17,1768587992372,1776186379896,87.9,-1844.61,0.386,0.0
0x0aa96a2f66c17cfadb354fb829760fe7940e4668,True,2000,841,306,535,36.4,-15201.33,12,1775442886583,1776114755321,7.8,-5802.82,0.382,0.0
0x0aab46857f897f467d0e5122949846d07ac2d06d,True,2000,635,218,417,34.3,-51381.4,12,1779889788417,1787941927862,93.2,-4291.98,0.084,2683.776211
0x0aabbc464dfaf104433abdfbfbafc6a603b36d82,True,2000,907,614,293,67.7,4155.93,9,1778081760545,1780067474848,23.0,546.55,0.132,0.0
0x0aac6955688dc1cd3cafd52ebcade334fb1c9c3b,True,2000,1468,1468,0,100.0,159371.35,8,1785298360047,1788357685281,35.4,4467.49,0.028,0.0
0x0aae0dad48931d729b2f1b384f4c4ca400ac2f2f,True,2000,1174,829,345,70.6,40055.06,14,1779236356409,1784132082342,56.7,-6165.94,0.154,0.0
0x0aafd0eddbffd00ccea26e90436d50a4f8c22839,True,2000,1183,550,633,46.5,9.74,3,1788551992590,1788748359972,2.3,35.62,3.658,0.0
0x0ab01721cab5bc0c93f2d0d0cd2b034f8e618e99,True,2000,995,321,674,32.3,-17185.71,8,1776355845068,1779318846780,34.3,-2556.2,0.149,0.0
0x0ab073c2b04f296f2bfad3c3405fa77a499ea2bd,True,520,281,154,127,54.8,-4472.85,11,1781657899220,1787877555378,72.0,-3218.67,0.72,0.0
0x0ab8a6772639f5a65e7aee2d61b9e630f1e13f62,True,2000,1311,474,837,36.2,-521652.85,6,1780872851178,1781796657213,10.7,-56509.9,0.108,0.0
0x0ac0fa723847bf6a9f7e74d01ac73b5a9e88ba2c,True,347,177,148,29,83.6,-1195.05,7,1783618414740,1783995874941,4.4,-848.58,0.71,0.0
0x0ac359e1285b056d563301ddb9f84d1dd732b1c1,True,1009,653,529,124,81.0,28220.33,13,1779304875247,1787762528859,97.9,3465.03,0.123,0.0
0x0ac37e3e4ba4d8aaca5b49d950d4087a2b41f393,True,727,639,571,68,89.4,-9429.15,21,1783395724645,1783567701708,2.0,-5562.0,0.59,0.0
0x0ac5e4f467031a745312f117f7cb4b3b16c28960,True,2000,942,299,643,31.7,8864.48,10,1782110672882,1788669620370,75.9,1720.98,0.194,0.0
0x0acfdcf97909503c844e0ae437edd0ff9af6cfff,True,2000,896,285,611,31.8,-7624.94,8,1786955017274,1788596842008,19.0,2103.57,0.276,0.0
0x0ad10a30d017333e345ada083d5b9f31a19fa68f,True,346,136,59,77,43.4,-622.15,9,1782447283623,1788728198919,72.7,-924.69,1.486,0.0
0x0ad9e656d9e6211d0ea1c5462342e1fc94cc4cbf,True,2000,917,917,0,100.0,83773.66,7,1788366285837,1788620728215,2.9,7279.81,0.087,3392251.891146
0x0ae0fcc6df293968869503c1324b621588fae972,True,119,58,18,40,31.0,879.94,4,1774344460416,1775692800070,15.6,1008.36,1.146,0.0
0x0ae3877a37a626f921aacbd949ed1545797fc584,True,2000,989,372,617,37.6,-14193.01,10,1787433951192,1788621270339,13.7,-856.54,0.06,0.0
0x0ae4d0270e30f133535bd10e26059a1a3b9bbb1b,True,747,368,111,257,30.2,1068.01,19,1778606035905,1788562486209,115.2,517.53,0.485,814.152235
0x0af1a2693e72e7676e447746f1c8dece74abb202,True,2000,1045,347,698,33.2,-25321.86,6,1767734573304,1786628783484,218.7,-2730.36,0.108,0.0
0x0af2cca56e6234eab2e75936d396fdfb258ca66a,True,2000,1918,1666,252,86.9,18428.2,52,1778557715626,1784752193654,71.7,983.75,0.053,0.0
0x0af3036385dcb527984abae20f6675475707467e,True,2000,652,407,245,62.4,32875.06,12,1773878902784,1785504762273,134.6,7360.22,0.224,0.0
0x0af5dfe036f05577229671893ba0d84040c59586,True,909,444,281,163,63.3,-1788.95,25,1773647139769,1787347594372,158.6,-881.61,0.493,197.135201
0x0af66f3571761d7196b713ff881609d7e7456fe1,True,2000,1079,585,494,54.2,25755.03,31,1763827685902,1788394276993,284.3,4203.45,0.163,19803.674597
0x0af8d9f190b5bb67a01bf6372db1eaf8020a8d57,True,2000,1014,814,200,80.3,7229.07,10,1786222983053,1788739531792,29.1,110.97,0.015,2110.073546
0x0afd2db257c8cf5f5648ed36e792717f23db83e4,True,508,229,158,71,69.0,7771.69,28,1770481557812,1788298266016,206.2,-7784.17,1.002,0.0
0x0afd4de6e0c22dba2b07ad898e2194d4fba62ea8,True,1991,971,720,251,74.2,-11344.57,2,1770130718029,1781524587105,131.9,-10666.82,0.94,5507.228973
0x0afe2b931a1f8b8772c22d07ad495c83df839465,True,2000,932,555,377,59.5,320156.16,44,1756763887262,1788730980219,370.0,18488.51,0.058,3810.742901
0x0b089549882c1fb975832de85d34376b0ff37773,True,1161,569,165,404,29.0,3128.11,10,1763721896667,1788716105515,289.3,2684.73,0.858,0.0
0x0b0996cc7ad821b87c930e416fc7a8dec783288b,True,1714,1104,486,618,44.0,13333.88,17,1756150163967,1788665204900,376.3,6533.84,0.49,0.0
0x0b0a6c36ad7f696a41f7de287eeb390f6167d339,True,2000,1118,441,677,39.4,4010.58,10,1773165725340,1781129964888,92.2,-4861.8,1.212,0.0
0x0b0bab22bbe4e850dfcdfc097872b16ce61e2185,True,2000,1050,675,375,64.3,97310.44,5,1781608289413,1785491277667,44.9,15401.8,0.158,0.0
0x0b1058c3e5b82ce134a93c1c318b65066ae1e052,True,2000,1119,574,545,51.3,-1747.4,2,1787275378156,1788739603012,16.9,-238.4,0.136,3809.090489
0x0b126048f6b44681e31bb05407c13f9fbaeb0bf5,True,2000,1016,501,515,49.3,21442.12,24,1740929813565,1783443258794,492.1,2145.62,0.1,0.0
0x0b18b2a793d0c57bd37a1f3a040d817716b0a2d9,True,583,376,100,276,26.6,-10642.7,19,1764361025282,1787787694569,271.1,2048.66,0.192,7362.331946
0x0b1ace05eb9ef1c3a1951b763700ecad24f27741,True,2000,1105,560,545,50.7,74.07,21,1788743442856,1788748572830,0.1,-29.3,0.396,46031.3112
0x0b1ba75e8757c1c4aab8da45ffd0ed8316f998ec,True,2000,1141,267,874,23.4,-7730.65,16,1772424644668,1779321600086,79.8,-1294.19,0.167,0.0
0x0b1c3722b601d811edc9fff00320a33cb78d83f0,True,2000,1039,599,440,57.7,1504.95,39,1785247607885,1788748223677,40.5,424.01,0.282,0.0
0x0b1fb1fd41caa0c61f6d616af776d11f6b9747ae,True,91,47,17,30,36.2,-2792.64,7,1769648983841,1786579200046,196.0,-1063.52,0.381,0.0
0x0b20f7fd25f5fed5daf53e97ac56c7199c53b985,True,2000,928,716,212,77.2,-5210.77,53,1775291777056,1787301498892,139.0,-1571.82,0.302,4490.690027
0x0b2279342c890d99b764211e922aca59025cf228,True,1402,828,271,557,32.7,-13591.14,22,1752515959859,1783368758054,357.1,-2521.0,0.185,0.0
0x0b23968e02c549f99ff77b6471be3a78cbfff37b,True,2000,1120,512,608,45.7,-59312.19,10,1771365658940,1787352737970,185.0,-71328.98,1.203,140451.350351
0x0b2798d595a970e84e0760a61c7081aeed4c48b3,True,2000,992,168,824,16.9,-1036.41,11,1782828156180,1784409242815,18.3,-427.26,0.412,0.0
0x0b281e8b3b6153dbb455238560b04152a64795d7,True,1000,355,186,169,52.4,934.22,24,1733199144000,1788656583330,641.9,1008.84,1.08,0.0
0x0b3d1bd08ec28ccc974de1a3ae4c6d05b0005dd0,True,2000,432,247,185,57.2,-5108.75,5,1779934155514,1788364636653,97.6,-850.0,0.166,0.0
0x0b3d5479b474c58d685382ea429417c0c31485a2,True,2000,941,394,547,41.9,-982.02,14,1764508156540,1788455678590,277.2,1732.5,1.764,0.0
0x0b3f71596c0803c0c58c0a0981396137f05b3c8b,True,2000,1008,343,665,34.0,1961.25,13,1778832356590,1787826639093,104.1,2297.84,1.172,0.0
0x0b42664822f3c3e45787d5f351447fe16fad09d3,True,144,72,26,46,36.1,823.63,2,1770325686571,1772307293163,22.9,674.28,0.819,0.0
0x0b43e4cb3fe6b55a93616160b461aaf7f551dc93,True,1564,492,184,308,37.4,6128.39,18,1774110033415,1788516668649,166.7,4749.25,0.775,0.0
0x0b43ee257430b79199debd605ef34e4d4c22d2b9,True,2000,1015,709,306,69.9,-3210.78,6,1774514622359,1776347608204,21.2,-2682.25,0.835,0.0
0x0b506be94c45382b11685cff769e5e76fcd8bd65,True,2000,948,527,421,55.6,-42069.48,5,1784930215173,1788632099788,42.8,-12635.86,0.3,0.0
0x0b526f88ba1219533aa4023ae6b72bbd5af53a37,True,1377,748,272,476,36.4,-3509.48,12,1776033144118,1787581393065,133.7,-1122.31,0.32,0.0
0x0b56a4e7d569c9c3bb7a74c5f87e752bf22ea6a6,True,266,114,91,23,79.8,10368.14,6,1780898526166,1785348334516,51.5,3200.55,0.309,0.0
0x0b5c8b0cf8cd2943ef546b5693987ae6ffa2e649,True,708,347,86,261,24.8,-101498.43,5,1782738744257,1787638807335,56.7,-8189.55,0.081,0.0
0x0b5d9a626ba584b5dbc09309da82946ba9319c4f,True,2000,816,751,65,92.0,-1596.35,11,1769026879349,1788673515644,227.4,-1490.46,0.934,8306.482716
0x0b5fd644b2c21f50f83e1163dc5903079869ac17,True,555,266,175,91,65.8,17351.54,14,1706076140914,1788650001586,955.7,-3974.68,0.229,5108.479854
0x0b63abb19f68e6d693da38c380ab318e0d18428c,True,177,103,9,94,8.7,-20019.81,3,1778068206298,1788465953684,120.3,16132.78,0.806,9976.88474
0x0b664d2dee046c5cc886d81a52298b4d947c5c2f,True,2000,1015,534,481,52.6,3160.77,35,1781196947805,1788526602363,84.8,-847.71,0.268,0.0
0x0b6710f8cbd1642c48d4cb358f3353d8618a748d,True,2000,1024,440,584,43.0,-57589.61,11,1764429428435,1788465331033,278.2,-14796.9,0.257,0.0
0x0b67857d828ee0bff6c9430edfe2aec9e764a740,True,2000,1341,683,658,50.9,18953.1,19,1773074430976,1777678884502,53.3,1901.42,0.1,0.0
0x0b67c721d9832122712ec5dc9b1f65656387849c,True,2000,985,333,652,33.8,-10597.24,17,1759239887720,1788539617324,339.1,-10436.63,0.985,2247.683452
0x0b68ffcf5f719bf788439dd4595c3c3919f0bbfd,True,951,455,332,123,73.0,38509.96,2,1769699410253,1779583994909,114.4,-2055.91,0.053,0.0
0x0b6b0a88e05f8f7053e2b3a5d56e4d8555774bee,True,116,31,31,0,100.0,11787.57,1,1756603861689,1777252141930,239.0,7159.26,0.607,0.0
0x0b751e2a92a132f8538c87213d5b536d3ab88f4a,True,2000,944,476,468,50.4,-10096.87,14,1782196981084,1788714434899,75.4,-2385.06,0.236,6223.747145
0x0b7782708a176993ea6c5bac7e373764b8dec353,True,1338,716,575,141,80.3,32099.71,5,1781270690787,1784152951249,33.4,9288.72,0.289,0.0
0x0b7f372701bf2dfd61c0bd93d0726622b93ef5bb,True,2000,783,654,129,83.5,49958.21,24,1785937479200,1788705238446,32.0,3958.24,0.079,11960.175857
0x0b83821bb8b9d19582af26122556be7408313140,True,2000,1004,445,559,44.3,-341.45,3,1787478404666,1788727263241,14.5,-158.87,0.465,0.0
0x0b84a5ef9968793acc859768decc7bf2cd8d4435,True,67,26,20,6,76.9,241.27,11,1752564357461,1788512243312,416.1,52.29,0.217,1494.66788
0x0b889ff60143bc81007bc5fc5b58889eefdd440e,True,2000,1030,412,618,40.0,-77338.89,7,1781947937974,1787961600069,69.6,-5264.28,0.068,0.0
0x0b89484501470151b8adbb75c94cf6d8b46ffeb1,True,1139,495,490,5,99.0,47109.3,1,1761218083855,1786341083260,290.8,3559.78,0.076,0.0
0x0b8ad91cb7fb0ae5c74661c926068a36f21f5192,True,2000,1174,215,959,18.3,-139141.24,7,1778511790960,1780500303284,23.0,-5841.85,0.042,0.0
0x0b8b38ea0406c4b44d7226163692aff3e1da954f,True,2000,993,234,759,23.6,-6555.53,20,1781239155723,1784146145434,33.6,-2077.92,0.317,0.0
0x0b8d5c2154f27814de2ccff08a5870374deffbdb,True,2000,983,442,541,45.0,-10759.03,11,1782702873001,1784244245818,17.8,-3782.59,0.352,0.0
0x0b91df53289f693220ea06af8419116e45b0a4db,True,1106,478,362,116,75.7,53367.51,22,1748972531410,1788709713864,459.9,-5335.26,0.1,124533.019546
0x0b92fcba7fab54f2d448584fcb5a2f841b43cfc7,True,948,392,236,156,60.2,-71847.12,7,1775798121831,1787875886680,139.8,-11690.97,0.163,0.0
0x0b9e84317c4bd7c445b112a47abd33d6e5530770,True,2000,983,445,538,45.3,-1006.49,14,1785253683273,1787936446013,31.1,-2395.42,2.38,0.0
0x0b9f0bfd8098e2a57b279c8eea02bc0e0a08617c,True,2000,1012,514,498,50.8,-12670.87,15,1773925475574,1779085946547,59.7,-1710.66,0.135,0.0
0x0ba58d3e7ea392de7c0f9b50f9baf488a35397a6,True,2000,1102,669,433,60.7,3715.36,1,1788354529705,1788748774536,4.6,379.49,0.102,54232.288938
0x0ba8a02e196d97ae0a787d918f970b5c351bc6aa,True,911,481,153,328,31.8,6010.57,6,1783861781059,1787440728623,41.4,2467.74,0.411,0.0
0x0ba9b43a58a7097011cf44976ddc3187667b4286,True,2000,1127,798,329,70.8,-94251.32,16,1763570103749,1788686872636,290.7,-22676.92,0.241,49922.194463
0x0bad36ed33f1c654b025afc00e1d6b6df506a856,True,2000,741,348,393,47.0,-8082.21,24,1780268157627,1782898333223,30.4,-1018.85,0.126,0.0
0x0bafb5dc0c3c83c6e964bc53f2806c0d25d008b5,True,2000,576,174,402,30.2,-25013.02,8,1787277273046,1788738970986,16.9,-7056.09,0.282,2014.835804
0x0bb055dfa18ce9abd977cf131ad553a7162b60f4,True,2000,1012,202,810,20.0,-1704.82,9,1787216866309,1788745385015,17.7,1438.49,0.844,0.0
0x0bb401c91e3f1fb17a4061083ce2f382f2a2dd32,True,589,311,143,168,46.0,-22204.89,22,1752321233469,1780012800066,320.5,-3785.55,0.17,0.0
0x0bb49b294215a19f0c93ab8c3c051168fd00276c,True,2000,541,456,85,84.3,-1203.43,17,1780870514562,1787838907350,80.7,-2610.53,2.169,31071.933675
0x0bb50c5e0e8fb97f522ad9a9fffb6e1aff466bd3,True,2000,938,435,503,46.4,-24324.14,5,1782799598212,1788739303399,68.7,-3721.06,0.153,25137.317011
0x0bb58c23283140c2c4c39bbfbd5aa243c2ef9687,True,2000,1002,5,997,0.5,-141.23,3,1785774602222,1786011158382,2.7,-39.77,0.282,0.0
0x0bb5bf73e7eb347b265f23a61228dfe330cfc797,True,2000,933,639,294,68.5,28474.5,52,1761746609925,1788502812614,309.7,-9574.8,0.336,18990.966898
0x0bb6eb4200ae21b2e40a7051b481fab57b51f2c4,True,2000,1037,690,347,66.5,-3679.31,5,1780347781880,1784858759611,52.2,-10882.65,2.958,0.0
0x0bb731505a70421a90b2f7827df778d5cb6fcef8,True,2000,1050,249,801,23.7,2554.81,5,1788610955550,1788742766422,1.5,898.38,0.352,0.0
0x0bb8b5258b17be045a8078b4675d84bdaa366729,True,2000,939,325,614,34.6,-74.88,24,1781099951902,1787851953354,78.1,339.01,4.527,0.0
0x0bbd4b77bd288148183c1c6c0c4dbb5d1f8b6029,True,611,266,266,0,100.0,23203.05,8,1786837315170,1788741842239,22.0,2693.67,0.116,0.0
0x0bbda924fb2a03a3e838ce3deeb4d0836cf1a28c,True,2000,897,95,802,10.6,-4106.36,4,1785948122973,1788615722610,30.9,1078.94,0.263,0.0
0x0bcc01fcb0b1b346652c333a7c21703bc1f1c7d6,True,661,308,183,125,59.4,7923.69,9,1773342575972,1788717775123,178.0,2328.09,0.294,0.0
0x0bccf170bf50f56b48f281610e371a1c25a0995d,True,2000,931,203,728,21.8,-4015.59,18,1781868275220,1788706186393,79.1,1007.36,0.251,0.0
0x0bcde2b0e3795daa6b3b5fa6d3e52550bbfe101e,True,1164,578,410,168,70.9,-22539.34,14,1711427540545,1788729313169,894.7,-23603.3,1.047,0.0
0x0bda16d664369e08a28f756a59141afb02db452e,True,780,344,204,140,59.3,2088.55,23,1780805028119,1788668307753,91.0,348.22,0.167,1336.113149
0x0bda59997765a113bea8ca9cba319b35fb287fc8,True,2000,1050,221,829,21.0,-436908.05,15,1740776507212,1779223847296,445.0,58211.6,0.133,3.604779
0x0be2995eb2d28207400b0f94a9ff5610688d4d76,True,2000,1625,1625,0,100.0,56004.93,2,1768797474127,1780912889536,140.2,2480.67,0.044,18920.972673
0x0be3f5624e9c133d0b075a089bff73a8ea45005b,True,666,279,122,157,43.7,-1753.62,10,1752359314549,1788276561158,415.7,2119.24,1.208,0.0
0x0be663d178b167624fe8d5f731b57c7caa06df73,True,2000,1038,438,600,42.2,-2205.6,13,1771495878971,1786439134560,173.0,-330.18,0.15,0.0
0x0be9d0b1f63b7ac917900e11533d638722475d49,True,2000,1020,748,272,73.3,-8471.18,24,1774487373265,1779670300386,60.0,-1288.26,0.152,0.0
0x0bea4dbbb144b533713ed61a55e6b86ce3b4668d,True,2000,955,158,797,16.5,-28332.88,7,1772563034325,1772756647042,2.2,-1645.23,0.058,0.0
0x0becb107c5defbb260cf044e400d4af503eedd34,True,2000,1397,1035,362,74.1,44549.27,3,1774946663885,1777033546925,24.2,563.83,0.013,0.0
0x0bef19aed299a6f814a89759fcfb2ec0673dcfd7,True,2000,989,294,695,29.7,-1820.83,16,1780909674097,1788747025230,90.7,484.84,0.266,0.0
0x0bf1e616fb0ccd72e403e0d45064b19968670d44,True,493,228,104,124,45.6,4641.97,9,1755960207423,1788419053703,375.7,5152.16,1.11,20085.683382
0x0bf875556ac5f369415c18b22b1ec1e3a35a76ac,True,2000,1123,228,895,20.3,4860.95,10,1770033910096,1777564287098,87.2,3842.66,0.791,0.0
0x0bf9eb2346e5da14a38556901dd20b310313e672,True,216,123,66,57,53.7,13497.7,1,1764192776863,1787851529961,273.8,-5895.57,0.437,0.0
0x0bfd7d7721f4c116e853c18ea7998e1cc2350a7d,True,2000,1293,604,689,46.7,438.63,9,1788725519905,1788749107015,0.3,-90.64,0.207,50000.0
0x0bfff40545a2250c3f11993e7b75dbbcb11e36ac,True,2000,841,216,625,25.7,-27133.43,12,1783450795223,1788533010333,58.8,9491.44,0.35,0.0
0x0c006034c1c344cab8c14fd310d38e9b1246c2d9,True,263,151,135,16,89.4,10958.4,11,1766639680015,1787038441183,236.1,6960.37,0.635,1164.886357
0x0c03cd1cba81b49df9a6c2034a22d7238d3b05d5,True,1668,739,326,413,44.1,3931.39,17,1774143938785,1788552002295,166.8,792.79,0.202,0.0
0x0c04d8f75fbebbeba43095fa02cfce44e65cc856,True,229,81,56,25,69.1,-9116.18,1,1770421250766,1782154312402,135.8,-2251.93,0.247,23734.976265
0x0c05e8f46c1d0fecf14915414cbb0283953ce7fe,True,2000,959,492,467,51.3,1598.2,5,1773941562885,1780785626099,79.2,-870.82,0.545,0.0
0x0c0621ab077daa6ad06014508b544542d7fc5e4f,True,2000,814,437,377,53.7,-19413.73,20,1753669084075,1788707235018,405.5,-2168.76,0.112,1698.762781
0x0c067f133e948a9f87222b0b163bd801428b675d,True,2000,908,687,221,75.7,7879.04,3,1781284724250,1788705012233,85.9,15303.72,1.942,0.0
0x0c06d146810410b5703561ce614e0cc9f6a5e618,True,2000,1127,207,920,18.4,-3604.02,2,1783950520135,1785273771749,15.3,529.69,0.147,0.0
0x0c08ddee2af9ca6c1f89669d48f35648e196e36f,True,1424,721,610,111,84.6,35165.94,4,1762571444602,1780539310637,208.0,-7943.97,0.226,0.0
0x0c08f62f53b954406ce03e34e236d626700723ba,True,2000,1007,729,278,72.4,-3161.35,47,1770397088755,1788643276708,211.2,-1148.42,0.363,0.0
0x0c0cf825707b3235962dab0e8fdc2b8d97b70463,True,2000,1101,959,142,87.1,35541.43,2,1787226061050,1788748786999,17.6,480.22,0.014,17090.993275
0x0c0ed9bc814b9b5089cb70dd75de844718e78a4d,True,1066,861,556,305,64.6,-122174.88,8,1754714005433,1776418125015,251.2,-21673.03,0.177,0.0
0x0c0ff39921544c3cd7481d1ab57aec0a43f72078,True,2000,934,250,684,26.8,-1415.41,4,1775847885953,1781528476193,65.7,1299.2,0.918,0.0
0x0c110bacb4bb972b2efbd557b8d531ca6b5bff4b,True,1012,503,286,217,56.9,6458.95,26,1752314382722,1788609495611,420.1,-1659.17,0.257,0.0
0x0c13e2e48728ac50fa1e229bac48081292715bbc,True,658,332,146,186,44.0,-2909.36,9,1773280082621,1779495191244,71.9,-4297.95,1.477,0.0
0x0c14afe2038a72131102da2390fd896c1f4e99ee,True,2000,883,514,369,58.2,83568.86,10,1783707618811,1788612273220,56.8,4995.3,0.06,286744.135957
0x0c156975b3e10cccbb041d35dc14b0a10649f55a,True,2000,885,885,0,100.0,35089.91,1,1787844273825,1788748201553,10.5,1340.66,0.038,0.0
0x0c1f6941fdcde9488dfd36ca16fed6b3bc49672b,True,2000,801,351,450,43.8,112553.73,10,1788470925569,1788748983290,3.2,-5720.86,0.051,151777.141712
0x0c1fd4fed8679488afb3b23b2b872971e0001d39,True,2000,519,366,153,70.5,-9705.11,29,1788566790297,1788748883335,2.1,-988.01,0.102,1286493.564565
0x0c218d22b647458d244341ae3592af9ff3f58a64,True,343,168,119,49,70.8,-261.05,39,1767844109593,1787275086505,224.9,-2208.48,8.46,0.0
0x0c2395ad6fe01219ce2d98067e873092da66d36a,True,2000,1095,63,1032,5.8,-295580.67,2,1788395515141,1788528716801,1.5,-9707.02,0.033,0.0
0x0c24e8d2e37a2474fcb707b48c0c2259530dad80,True,2000,821,417,404,50.8,-1641.4,7,1749015447311,1788466190691,456.6,-614.52,0.374,2771.570787
0x0c261525a40e8c8cd88ecfaf88cb33583ae1dac3,True,1178,430,345,85,80.2,-11833.29,7,1757683961945,1788615140571,358.0,-7293.44,0.616,4876.111585
0x0c280866e7ddd5bc97374a62a50857386afb6f1a,True,2000,939,507,432,54.0,-824.33,109,1754238765897,1788727110807,399.2,-1042.51,1.265,4424.786314
0x0c2a8ec6a606487bc5ffafdd2949ca8d888a38ae,True,2000,960,367,593,38.2,-4035.9,20,1787308421857,1788739016156,16.6,-1470.26,0.364,7666.822562
0x0c2c1c5f3f0c3ddd311c8ffb1658e2abf607bb68,True,1200,436,201,235,46.1,39807.09,11,1775929772036,1788048000065,140.3,12761.05,0.321,0.0
0x0c2cb7193e1fa533c4a2b5ed45782962a0ac6c3f,True,2000,923,647,276,70.1,-7787.27,19,1784300132317,1788534146352,49.0,-2297.77,0.295,0.0
0x0c314787c3786dfa6a5b75389d99d53176bfdb4e,True,1963,924,354,570,38.3,-17507.09,25,1767683314385,1780929769345,153.3,-5456.27,0.312,0.0
0x0c3391b8cc5ca37b4a8f1e01432daf1a933394cf,True,2000,821,350,471,42.6,-683.09,58,1777384452638,1788546976573,129.2,-279.02,0.408,0.0
0x0c33a2fdebca39a7359541a4e36e8f7bea89446b,True,2000,901,473,428,52.5,3478.27,1,1764033491375,1788743632414,286.0,2143.19,0.616,3866.160346
0x0c349d9b92fbd172bbb5a17a9db0a673a6a10ad3,True,2000,1020,636,384,62.4,18818.73,9,1785246962770,1788281418947,35.1,6824.95,0.363,0.0
0x0c35b71ff90254a3c918e72b2dac129e96daaed3,True,1121,407,206,201,50.6,55027.75,3,1774740674242,1776199470454,16.9,6906.21,0.126,0.0
0x0c361ad7c58ce685f5e04de3d919c18b836fa3f4,True,2000,986,481,505,48.8,-12081.48,5,1760918923574,1786717137753,298.6,-6139.49,0.508,0.0
0x0c370814a32121dd2da831e2bf4c2ddd0e3f4ff5,True,464,230,155,75,67.4,2527.04,5,1785925753027,1788566400005,30.6,3664.29,1.45,0.0
0x0c37beb3380e9b602bba31f14b5302da5eb0292a,True,204,108,61,47,56.5,2909.32,13,1735261414951,1787300130692,602.3,932.25,0.32,1969.284118
0x0c38114a4ccaa513ad8ddda89e5f529219b7a627,True,695,161,113,48,70.2,-5684.54,8,1770155483938,1780048790090,114.5,-3993.0,0.702,0.0
0x0c3d92e1a62417253278aeaad8e04a75ee382480,True,56,44,27,17,61.4,-7101.81,3,1759106475208,1774319239955,176.1,-2543.93,0.358,0.487258
0x0c3de5d897de35dcf1e758a104f6de6ea7bb13a9,True,2000,957,628,329,65.6,5689.17,4,1787788601034,1788743230023,11.0,-588.04,0.103,982589.479981
0x0c3ec06f6f254e40e307630c78fff5c8bc707678,True,2000,842,452,390,53.7,30226.03,22,1778189453817,1787606805043,109.0,1806.82,0.06,0.0
0x0c43d79baeba1acb896b4e35f02615eb25c3e4aa,True,2000,922,414,508,44.9,23007.55,16,1769089653981,1788740503288,227.4,8287.98,0.36,6151.851922
0x0c44368084d0df3ebe4d2e9d353985ebd5ef1c4b,True,912,517,325,192,62.9,37577.92,8,1781116239198,1781917470043,9.3,4552.59,0.121,0.0
0x0c44471cc8516125ead11e09446302ae20540ed4,True,2000,1189,705,484,59.3,104373.95,4,1788013653762,1788715110586,8.1,7274.07,0.07,326813.33791
0x0c4695f6b8c3209cb3dfecf2010098065623e94d,True,518,248,135,113,54.4,42595.54,9,1752857173933,1787303545217,398.7,7157.56,0.168,0.0
0x0c4926daf1250b8da7b9fc339f304d923b94d346,True,2000,1345,668,677,49.7,13371.72,12,1788045910424,1788690336485,7.5,24140.51,1.805,3401121.398569
0x0c4a3a7ac74d43732f9b5ea507f01ab72a381b19,True,2000,1279,207,1072,16.2,-44727.36,5,1788547761462,1788748804041,2.3,7551.61,0.169,657728.812906
0x0c4bd02b686eecf477942a3971074d2bc54f57dd,True,838,428,237,191,55.4,52018.2,8,1762292969184,1787755929649,294.7,7730.3,0.149,0.0
0x0c51fe7923bee4c22a84c5b4109e0c5336d8fde2,True,2000,1205,883,322,73.3,26503.85,28,1787828140638,1788726871200,10.4,-1717.01,0.065,150055.997827
0x0c525124ee18db05952592a8cd95b0ce7acf6356,True,2000,914,506,408,55.4,-22629.09,9,1781479716455,1787378724881,68.3,-6808.32,0.301,0.0
0x0c52812a47f6b577d170c2ab833e92813b0fbb4a,True,2000,886,405,481,45.7,13580.0,3,1764512199859,1782429419859,207.4,5196.39,0.383,79127.44
0x0c52b977ea72930be2722f06c1e21517b250d587,True,456,181,141,40,77.9,7672.51,28,1763356478509,1788687873262,293.2,761.47,0.099,9826.491418
0x0c52cf609a3ca0e5d8836c97ccfe8855d29501e3,True,391,174,103,71,59.2,3063.02,11,1770007771691,1781616766050,134.4,-6073.7,1.983,0.0
0x0c5ba524dd2e2453e63cda7fe2b9c8755ca0f5c9,True,2000,1017,465,552,45.7,7571.56,7,1782880406845,1788740353022,67.8,479.64,0.063,26409.49929
0x0c5bb8200a27d4207f55de00d3381eb58758d930,True,2000,747,290,457,38.8,-4701.28,14,1784047482617,1788566802939,52.3,-464.07,0.099,0.0
0x0c5d5ccc32435737579669a7e5168293608e3c3d,True,2000,1354,362,992,26.7,-556.56,16,1771584892106,1787270400024,181.5,764.02,1.373,0.0
0x0c60ceee9c7b07dfcaca32f4ddb77ab61130189c,True,819,351,151,200,43.0,-31258.44,24,1748558616293,1787176102682,447.0,-19318.06,0.618,0.0
0x0c6150ccada83c564aca79ead230e3c766525123,True,2000,987,625,362,63.3,8423.66,6,1785766928308,1788716059608,34.1,5258.84,0.624,0.0
0x0c6265f92cb7ed2cd52f54d1a404c90489a24a6a,True,2000,1533,1033,500,67.4,12410.15,29,1773922753082,1788711735015,171.2,-12261.11,0.988,0.225542
0x0c657a1ed8c4c7c2083741059fc3cd27dc316ab9,True,2000,687,687,0,100.0,5983.68,1,1773158302106,1778791279128,65.2,411.13,0.069,1e-06
0x0c67ff84dddc2f62c9feac062ed8d11d1ca7298d,True,2000,969,510,459,52.6,-14134.4,34,1785697579149,1788730605245,35.1,-1856.7,0.131,0.0
0x0c684f333a7e120bce61383da670bbb0157e82d0,True,2000,1411,668,743,47.3,95959.06,16,1782999094853,1788627452948,65.1,10785.94,0.112,264400.22379
0x0c6d1b0d5dd5674c96c67fbd43fa550425327f1a,True,2000,1192,467,725,39.2,-29309.73,38,1771508552498,1788531621937,197.0,-5742.37,0.196,29273.131965
0x0c6de718f01489bac7006ae6e1c41a044c7da332,True,812,375,252,123,67.2,637.04,100,1762679641442,1788673950566,300.9,333.45,0.523,402.92059
0x0c708dbd2412edaa1b685918b8e34600bcb3cde1,True,2000,913,388,525,42.5,-7581.71,10,1758255992731,1787919219654,343.3,2071.94,0.273,3029.925032
0x0c7244cbc8507e6f2f8b7a72d22e9c8d35a72e0f,True,1350,679,572,107,84.2,3866.9,5,1782437442356,1788446936020,69.6,-1145.08,0.296,0.0
0x0c72e902b3f95bf7d14ca601604f8dc56b6b8d12,True,2000,1151,224,927,19.5,-4489.45,14,1784220893892,1788533760919,49.9,-516.96,0.115,484.718122
0x0c75f1bbced5c294b3ef6922de6162ec4a1b8024,True,2000,1187,512,675,43.1,-284.5,19,1772613998660,1788474813171,183.6,415.11,1.459,1641.429789
0x0c76ba888059b8b13787835117f3f55899179ced,True,2000,1172,1002,170,85.5,40823.65,41,1766939818737,1788690056544,251.7,3118.99,0.076,6663.405035
0x0c7aafb0a737a800b2e908974be6a1c9f9892f50,True,1366,610,376,234,61.6,132442.6,8,1765865144500,1788683664043,264.1,11058.94,0.083,182785.889601
0x0c7ca8f18db13a173e53476706e62f3248cd3b82,True,118,34,28,6,82.4,3678.8,9,1734260729571,1788432860157,627.0,835.08,0.227,6112.739461
0x0c80ac13dd0b7ce3521636dc7fd1b65e09baa396,True,2000,771,730,41,94.7,-10172.83,28,1780911713681,1788451451388,87.3,-5209.19,0.512,714.312221
0x0c81ad097db0a529bfe5b6e2253e59bc4b9660a8,True,2000,1072,335,737,31.2,328.28,21,1786311791250,1788642496040,27.0,-8250.03,25.131,116186.62761
0x0c81c89f14f19e4963a0b468f4f0038a67a01585,True,2000,841,452,389,53.7,110767.42,11,1754950610086,1788629952470,389.8,32575.56,0.294,171245.126972
0x0c86444e7667afe288dc6d7d3e828e3b39e48995,True,2000,1190,25,1165,2.1,-286861.29,2,1781019994931,1781045561928,0.3,-10298.83,0.036,0.0
0x0c87080e84ad8e91f54c4af0aa921e1f183d601b,True,2000,1126,538,588,47.8,66294.28,14,1771877914473,1788728290905,195.0,8201.18,0.124,43154.859849
0x0c892a6f1d09eb80f65f67ecf6c0d0f1b344f2df,True,2000,1248,881,367,70.6,19212.22,17,1763946380757,1788232269896,281.1,6356.54,0.331,6969.0
0x0c8977fe02f0f2014d8d7ba700cbbe8fd92d0b00,True,712,344,261,83,75.9,-17385.06,5,1746386258720,1788432234964,486.6,-83586.57,4.808,0.0
0x0c8fdfa4543a1b9bcc6ab9d78dcde270c80ba5ea,True,2000,931,515,416,55.3,2788.81,33,1787231153775,1788566400005,15.5,578.73,0.208,0.0
0x0c91b896e52b5527686765007eafcc6ac1311244,True,2000,1102,726,376,65.9,529.24,27,1772993210093,1780945705829,92.0,-1838.28,3.473,0.0
0x0c91ed981f47110ac6163c5d148851fd54fe198d,True,1408,581,307,274,52.8,8172.12,50,1732912151010,1788644508683,645.1,6131.24,0.75,0.0
0x0c9235d0d20eb817c29de0f2304b0821be81a803,True,2000,1053,555,498,52.7,378.94,26,1773418622575,1788716389246,177.1,-239.54,0.632,502.217376
0x0c9370d97d7d5c719b13de2adaf3ba86ea7e99f0,True,2000,1049,379,670,36.1,4313.41,3,1778772585328,1784207976068,62.9,494.66,0.115,0.0
0x0ca0ad2c6fa2ee183b38784f3a9963ba6524237d,True,703,372,209,163,56.2,-2805.84,8,1748140514152,1783580446962,410.2,-1864.48,0.664,0.0
0x0ca4109c94438dde8d7386da27180f414de80fa8,True,2000,960,899,61,93.6,109383.01,17,1786113829019,1788748611812,30.5,5649.25,0.052,162607.565955
0x0cacfc8c96b84bc5698fcdcb5ffd536b4a246170,True,2000,892,497,395,55.7,2034349.12,3,1746805418055,1787176981942,467.3,273726.12,0.135,177036.363294
0x0cae83b89e8cb4a359ae07e569b4bb7f9dd9bb2b,True,2000,929,657,272,70.7,-45.36,64,1786545626021,1788533721821,23.0,-1620.41,35.726,0.008782
0x0caed50b4fe1f27e8cbbee794b35e5a94a6b8255,True,1247,565,358,207,63.4,2915.39,12,1774233439924,1784652509032,120.6,1032.1,0.354,0.0
0x0cb0f7b089649e2a0df7abebf54ea20b163cbb62,True,430,194,120,74,61.9,8834.1,3,1780314473424,1787322374159,81.1,1660.22,0.188,7235.446856
0x0cb2c3ace421bc75bf4de9afa8f695b677c77f7a,True,260,107,37,70,34.6,-2338.7,14,1758430102317,1785247476183,310.4,-1879.72,0.804,992.3809
0x0cb58619f97924977e4abec80650e2a18dabf9a7,True,372,148,112,36,75.7,4855.44,9,1758286431208,1788355512982,348.0,2848.02,0.587,0.0
0x0cbf769bc5a9d7b549f307a7aefbe1de5a96a1a7,True,461,156,120,36,76.9,3523.92,1,1774626598575,1778681443262,46.9,1701.15,0.483,0.0
0x0cbf80cdda815e0ce42da8faed2272367e03a599,True,1423,583,244,339,41.9,-1460.13,14,1759205252851,1785444097565,303.7,5860.16,4.013,0.0
0x0cc0b547ec0199bf577366bffbd792ee04ec7f9d,True,64,31,18,13,58.1,450.92,5,1777473042898,1779390315485,22.2,300.16,0.666,0.0
0x0cc30f47f92c9c3720dff6bb587960a86fb339cf,True,1803,877,329,548,37.5,9687.85,3,1764006613970,1788270597818,280.8,-5637.21,0.582,0.0
0x0cc516a674c98b53cba65b83cb5acd4cdbba3d87,True,492,258,79,179,30.6,-5067.82,10,1769677032278,1787375492580,204.8,-3055.42,0.603,0.0
0x0cc6170434f3872859af0bc709d3cafdeccda061,True,196,157,157,0,100.0,5080.28,3,1785853681545,1785970558102,1.4,2400.0,0.472,0.0
0x0cc705942b1565e2f76201d934b32472e75b3a76,True,2000,841,424,417,50.4,24960.38,3,1774375997523,1783669131548,107.6,18961.1,0.76,0.0
0x0cc7cedb0935ceab0b4a6b38ee7dcfd403b19a7b,True,2000,802,149,653,18.6,-81947.93,6,1783976434514,1788408249363,51.3,-8661.84,0.106,116516.76707
0x0cc8c073884cff216ce3a565e6181a374098a750,True,733,369,236,133,64.0,-10628.21,30,1745877768487,1779367675039,387.6,-1832.14,0.172,673.333332
0x0ccfa1c3441f3febdcee067bd1cbe3af7bbb614b,True,2000,969,426,543,44.0,72.72,22,1774354775493,1788739200041,166.5,-180.51,2.482,0.0
0x0cd16f3f840852b17db7f47c270bbd1a9d082bf3,True,2000,879,328,551,37.3,2332.6,40,1765536476570,1787349130885,252.5,1469.23,0.63,8489.225396
0x0cd235d8ac11d458549a11ed2c2df8761595a684,True,2000,712,471,241,66.2,854.71,22,1769725253943,1788648936834,219.0,-612.56,0.717,225.484403
0x0cd3c3e5956d98b981a883ec9dc9ad4d94390e40,True,2000,1193,683,510,57.3,-110436.06,7,1774809064398,1781168022692,73.6,-32783.48,0.297,0.0
0x0cd47890393cfa9aa7baa940c7c8abb09696e495,True,2000,881,868,13,98.5,98033.1,4,1773102426450,1779253156034,71.2,6206.1,0.063,0.0
0x0cd5f80b67a2e3a8144f49fd8763facf60957b2a,True,2000,970,464,506,47.8,1371.84,51,1765816432833,1786571961295,240.2,248.15,0.181,0.0
0x0cd79f8756e3d649afd9fae282154faa7d72cb29,True,1604,806,395,411,49.0,-67211.98,6,1762343523010,1787154371020,287.2,-9934.58,0.148,0.0
0x0cd7a0abd6570ba1e93c3398d85132cf2d99d975,True,2000,935,147,788,15.7,-9475.21,2,1787768129209,1787863783237,1.1,-487.46,0.051,0.0
0x0cd7dfc1ee4e697f995bee825ead62eafa5b76be,True,1735,895,198,697,22.1,-72424.11,3,1773356398657,1784595638487,130.1,-1799.97,0.025,0.0
0x0cd7fb4ff59c9e3534a40bc677f41154682fece7,True,2000,1014,386,628,38.1,-13442.81,26,1787664114307,1788747361010,12.5,-2123.44,0.158,14345.686558
0x0cd84d3ef37ad3e1c54e28ee6c583659c244caaf,True,2000,1072,276,796,25.7,-2212.57,5,1776079827138,1779043127627,34.3,-730.57,0.33,0.0
0x0cdb279523599dce40459a190e26e8d0604301e1,True,1644,730,389,341,53.3,-3433.42,52,1770728679010,1788676584337,207.7,-1890.08,0.55,3074.209592
0x0cdd2d59c755f0fa305efd0fdc83b29c8d8a4c66,True,2000,1082,286,796,26.4,-17455.4,15,1780741480768,1787839451514,82.2,-1836.8,0.105,0.0
0x0cde01c94ed41fa3055d2cef5bcd3c0c005a3673,True,2000,1098,315,783,28.7,-48460.42,17,1780889503742,1788670730743,90.1,7173.61,0.148,0.0
0x0cde7ee860ffbea7ce5c235f6f43c7064c150e0d,True,112,49,41,8,83.7,-20948.9,1,1787176384591,1788540684557,15.8,-6876.12,0.328,1160.576342
0x0cdf0ab9ead733ecf321d09432b5208adae2902f,True,2000,908,728,180,80.2,-10247.11,4,1780533534822,1788710961292,94.6,-4348.71,0.424,6223.606389
0x0ce048fe42c170e41740ee392e187f19515f339d,True,2000,1209,634,575,52.4,36512.55,50,1787148644262,1788652168687,17.4,3616.85,0.099,108355.271795
0x0ce25eda993ed3949aa2790bf5bb0fef36104b0f,True,2000,968,408,560,42.1,-24.95,36,1763222602120,1787452263481,280.4,-768.8,30.809,0.0
0x0ce3958a14fea8932d20dcb25006d3d488018c30,True,2000,859,543,316,63.2,-614.86,26,1787153307558,1788741055819,18.4,-1039.83,1.691,3978.779965
0x0ce82e2dbcb6218a50804086e569904d0566e365,True,2000,1016,407,609,40.1,6997.42,19,1764953942023,1788532926578,272.9,-6225.0,0.89,0.0
0x0ceaa5c9d56186493c6fac456ac29d1905f0c90c,True,938,436,284,152,65.1,-1680.83,5,1769123999420,1779987169851,125.7,-7605.77,4.525,0.0
0x0cead2a50db1a57ec4565c10967b0067ec3ac711,True,2000,1087,580,507,53.4,-41698.92,14,1778015285105,1788677984825,123.4,-12096.86,0.29,5232.713623
0x0cf02b1ae63d3c20f238b775be8b7262b67d57d2,True,969,703,537,166,76.4,62962.93,12,1760154677644,1787740680544,319.3,5715.59,0.091,0.0
0x0cf706aa8d7260e3cd5fe0de11d7f3e899753e5b,True,2000,1143,601,542,52.6,1458.55,121,1788747842882,1788750012569,0.0,459.77,0.315,80442.948113
0x0cf87b1992e797cf7133595850222ca40da87e70,True,1643,1006,389,617,38.7,-7653.81,24,1743511711657,1784075513244,469.5,-1391.37,0.182,0.0
0x0cf904c7aadb2e0c5aedbd050edf35b7abfb7bee,True,163,52,31,21,59.6,2504.92,8,1772599957963,1772629508318,0.3,877.24,0.35,0.0
0x0cf9b33a7af7224d4bdf0d390fe34e8e85801a06,True,190,148,4,144,2.7,307.28,6,1778689852435,1782308433534,41.9,1013.96,3.3,0.0
0x0cfa03bd8700246e46b22bbd01a97aaf4fc771b0,True,2000,1143,771,372,67.5,-267.95,5,1785546505669,1787485310557,22.4,-794.9,2.967,0.0
0x0cfab691385c83940eaa6c9ef87b2457b476033c,True,1379,642,428,214,66.7,28062.85,19,1758314621927,1788712260800,351.8,-17654.66,0.629,5400.288783
0x0d01176705302365f7702f6a34068432e08205d4,True,2000,1064,489,575,46.0,-1343.81,15,1782385082317,1788736001967,73.5,-830.18,0.618,1177.101035
0x0d0f2c585f205200f5f91f47359c613a4bd99008,True,2000,1048,503,545,48.0,35881.93,27,1760564135369,1788288898287,320.9,5645.18,0.157,0.0
0x0d1331af19df0110826aaec6f6ef7debf85bf107,True,2000,907,467,440,51.5,1625.36,17,1760284406353,1786975659128,308.9,2484.89,1.529,0.0
0x0d1334c633c32ea203abe54c8208d4d9fb5bcba2,True,285,129,84,45,65.1,82326.94,5,1759405959330,1787153254538,321.1,13157.9,0.16,0.0
0x0d15525acdbc08c94c662267b8f1705c7ce162f6,True,432,205,115,90,56.1,8397.16,17,1732929513450,1788710899894,645.6,4165.95,0.496,26787.857004
0x0d18e326242d64d857857afbdf02a5c4883f90cc,True,490,274,118,156,43.1,-667.85,2,1773036473137,1773631878025,6.9,-1066.78,1.597,0.0
0x0d1d28c8c38603f4d3cb6a9435e608148c541022,True,182,89,26,63,29.2,-8480.61,4,1738338915090,1787319636160,566.9,-2585.48,0.305,25352.96885
0x0d2d15096300211faf3db71276826ca12227ed0a,True,1316,660,351,309,53.2,10663.56,15,1773925316300,1787302829201,154.8,-2442.0,0.229,0.0
0x0d30dfc6efe08ec1844dd59e320ec46eda18d198,True,198,84,73,11,86.9,1544.5,9,1778219019700,1787210119679,104.1,918.77,0.595,2766.229254
0x0d326f5b9d3d0dfe8ffbd1d8096f9dc338bd9d7c,True,1037,477,105,372,22.0,-5207.15,15,1771246940853,1783186387823,138.2,-2184.07,0.419,37229.952169
0x0d40d13ffbba30026bc71abac703b60144247837,True,2000,989,989,0,100.0,75835.36,3,1788381958725,1788749628962,4.3,6283.77,0.083,84004.762602
0x0d450cb737f73f2985e9c39976fd00d6b94bf3d7,True,2000,872,237,635,27.2,15242.2,10,1787885798045,1788745477387,9.9,10442.67,0.685,0.0
0x0d50685a63df4f0a9a13228fd360d15e981b2d25,True,2000,887,719,168,81.1,2511.97,19,1787842376205,1788746968924,10.5,-2432.11,0.968,11686.991839
0x0d50ae451f12b6af1b110a82b32efcc05ec21014,True,2000,1033,327,706,31.7,-19236.39,7,1788219220230,1788745688102,6.1,-1337.72,0.07,0.0
0x0d5135afa07d83cf3a595abb66f6d1a993ab43e1,True,2000,1211,711,500,58.7,23330.02,7,1775958313144,1776345118612,4.5,2220.3,0.095,0.0
0x0d5478a51ad77ef6ffa96909bb64c38c6108f25a,True,594,295,114,181,38.6,208.61,70,1784013810606,1788680889613,54.0,318.95,1.529,1273.550202
0x0d55ebb1546a3e73caa361f74c35dd4d896a5eda,True,436,162,85,77,52.5,842.6,10,1779690208412,1788446063350,101.3,-156.19,0.185,0.0
0x0d5a24ad5bb1c279c2b1c216aea42c0eb53fe315,True,2000,1246,675,571,54.2,-8754.3,2,1781814041510,1788689608367,79.6,4459.76,0.509,25249.9899
0x0d5d73f6b9eb76c9447f7925464ef61c1fbccd20,True,2000,498,301,197,60.4,12390.86,14,1787504612344,1788742059243,14.3,10336.38,0.834,14253.916906
0x0d62a6d145c915ded29d67e93c5af712f9cb2047,True,2000,1017,816,201,80.2,10219.7,17,1771604735434,1788545082144,196.1,1999.82,0.196,0.0
0x0d65ca083b13adf71a3ef307ae8afd1632ff50cb,True,2000,1026,770,256,75.0,93839.7,8,1786852291444,1788749007471,22.0,6589.97,0.07,90391.7098
0x0d69cda21f9af5782ae98b1e2a913754a4a4826c,True,782,304,258,46,84.9,3671.01,1,1775958890685,1779722989304,43.6,-565.1,0.154,0.0
0x0d6aa5062e8293b95850e804f5643f2e576cd12a,True,2000,898,345,553,38.4,-1550.32,29,1779157747416,1786198044152,81.5,-1566.34,1.01,0.0
0x0d7072ff1c2c1dfd54fb19c73c9771354bf22f0a,True,1374,767,467,300,60.9,-2646.83,43,1727275164193,1788724926068,711.2,1929.44,0.729,1703.976755
0x0d7132a3fc91a537e8c724185100edd2ef242817,True,2000,292,76,216,26.0,-2726.33,4,1787159812160,1787601092684,5.1,-3164.2,1.161,0.0
0x0d7661a7b7a89b40b6db128900557e4f1d1b3789,True,2000,944,404,540,42.8,-3847.65,5,1788529623026,1788713342269,2.1,-1098.03,0.285,0.0
0x0d7a75c2ec876cf070749bc7a8af0c8436c90ddc,True,2000,1057,371,686,35.1,2931.87,8,1788336505885,1788750195577,4.8,-525.58,0.179,378.011774
0x0d7ac07ded6ee0a571ac3e3fc05649104e5e81aa,True,2000,1384,562,822,40.6,41748.02,42,1739828948406,1788310644580,561.1,-5991.81,0.144,11376.623351
0x0d7b530ce36d481f51c9438415acb6e74d6208b5,True,1074,551,268,283,48.6,-851.38,53,1747313954198,1787837745333,469.0,-1647.05,1.935,0.0
0x0d7bb1285e08120d44b532d3b5e7eedfcfc08c45,True,107,40,27,13,67.5,278.98,2,1770286615892,1788596642436,211.9,-677.3,2.428,2892.683986
0x0d8163aee1bec6338b979e34b6cb31013fe82516,True,152,25,25,0,100.0,7864.9,8,1741071416983,1788418856538,548.0,2187.57,0.278,2356.467685
0x0d87560cb058b41241e0db8971426aa40157ac67,True,2000,595,558,37,93.8,147441.18,5,1779193927631,1788452760065,107.2,2760.76,0.019,0.0
0x0d8925e2e0d333e4306b2c8e0773ddd6d593469e,True,2000,987,764,223,77.4,1910.03,17,1780903691688,1786374664141,63.3,-2297.51,1.203,0.0
0x0d8bf40b3a87036371a27e280d53174f437c4443,True,2000,915,700,215,76.5,5463.29,22,1778052160007,1788457140763,120.4,421.3,0.077,0.0
0x0d8c0828b3d363341f2c6e4468f06f828541b1e2,True,2000,1067,632,435,59.2,-1215.53,27,1776621066622,1784220517509,88.0,1630.04,1.341,0.0
0x0d901d649fb0812429e3817262c0500b21e3d17d,True,2000,1072,416,656,38.8,-18904.05,19,1782936916612,1788269586587,61.7,-1655.56,0.088,0.0
0x0d98c3747252127196318e96195f996aa326bde6,True,2000,916,179,737,19.5,-55288.15,14,1783440152020,1788710549327,61.0,4292.8,0.078,291517.214659
0x0da551d5369704e0cef6386127d889560800b5f6,True,2000,951,717,234,75.4,-418.74,37,1778922753851,1779200957402,3.2,-382.78,0.914,0.005275
0x0daa121202238a2dc5aaafda7d8c23673bcb9b23,True,2000,1379,1138,241,82.5,15681.19,14,1787660105602,1788745100389,12.6,4644.38,0.296,0.0
0x0daae6dc07e360e805c69af261467a4c92774eea,True,2000,946,369,577,39.0,-2602.22,14,1785283055567,1788712667131,39.7,-2506.47,0.963,0.0
0x0dab8ddaf5a33072080d8a4702e9dfcd385eddcb,True,2000,702,528,174,75.2,2638.33,3,1781256113150,1788526770226,84.2,1410.0,0.534,1039.648889
0x0dabc2b84be60b11684ce17e910ff4d1f1004040,True,2000,950,382,568,40.2,-39671.01,7,1783559240981,1788525548026,57.5,-5971.46,0.151,0.0
0x0dabdea698098e4f098b87bbee15541d0df9b9e4,True,2000,835,619,216,74.1,13849.17,165,1780581877245,1788641728844,93.3,13636.49,0.985,0.0
0x0dacc7756d3f9e72282fef33e961efc1afae5355,True,2000,973,381,592,39.2,45385.11,6,1760609600888,1783830200456,268.8,12346.93,0.272,0.0
0x0daf132c5554fd7d5eb422585426af557d8847e0,True,2000,134,48,86,35.8,-76876.91,6,1779878770802,1784561294002,54.2,-6402.59,0.083,601017.018066
0x0db1b7991f448a96b26e3af447cbb500191d8136,True,2000,969,439,530,45.3,16372.18,6,1787585051560,1788741203602,13.4,2196.38,0.134,14253.992229
0x0db1bd3093fdc0a41b1279812db463bfda39a37f,True,2000,864,678,186,78.5,-2587.59,32,1763662384337,1778820795482,175.4,-1790.39,0.692,0.0
0x0dba70c7f8405308c0c741f31a0e09167c20c45f,True,2000,1076,760,316,70.6,5161.98,11,1781610564783,1788705546299,82.1,23477.95,4.548,0.0
0x0dc118c53f8669d46f1559c239eb64bcc04a185e,True,1030,453,271,182,59.8,-2342.11,6,1753958528244,1786695869107,378.9,2982.27,1.273,4999.558787
0x0dc347a9714fbdd19be81ba64a71e721d57d952c,True,1656,567,262,305,46.2,-3370.0,1,1778395399263,1788674742584,119.0,-2160.72,0.641,0.0
0x0dc4b9ad4cd8a06878163427c71f027bb8acb09a,True,2000,955,647,308,67.7,44363.49,37,1785050392684,1788741305903,42.7,2821.64,0.064,26031.155917
0x0dce5767c76d77639568699036dea90cbe89c404,True,1795,911,366,545,40.2,2664.04,8,1755642181142,1787322152257,366.7,-1662.34,0.624,11655.794142
0x0dd13abee3b3410923a535a6fbeb974a1938a922,True,2000,906,579,327,63.9,-36595.83,27,1759062860806,1779182787334,232.9,-25699.88,0.702,0.0
0x0dd1ce895640ff4a0be8718b48b056ce96b262ad,True,2000,925,390,535,42.2,-1797.19,16,1784743869748,1785767227352,11.8,-228.03,0.127,0.0
0x0dd58691f38056b1ae583b6ff7925a53575c7564,True,288,155,81,74,52.3,-1870.27,15,1758108697096,1775591652219,202.3,-1341.25,0.717,0.0
0x0dd5db9c3748486e747c6a123727f472668cf6ee,True,2000,974,594,380,61.0,1868.81,1,1788185247496,1788536090709,4.1,40.49,0.022,18028.570424
0x0dd63d4af748497a1a93b1e27ce1383100915318,True,67,23,16,7,69.6,-11377.82,1,1779186850221,1787213273866,92.9,-4768.41,0.419,0.0
0x0dd73d2b71efb30daf8cd48c9dfa8dc35868fe65,True,2000,797,697,100,87.5,55535.49,6,1779457291010,1788721700822,107.2,-6732.37,0.121,52598.76023
0x0dda51e5caab4199552b6bcb9f5019b4fcceea02,True,1874,922,597,325,64.8,-65197.07,13,1752323385558,1780685559930,328.3,-15575.44,0.239,0.0
0x0ddcec3c593a9f577c888a6c9e56e8b0f5fcd048,True,2000,1195,188,1007,15.7,-9376.42,5,1774463507923,1777655198645,36.9,1380.36,0.147,0.0
0x0ddf9bae2af4b874b96d287a5ad42eb47138a902,True,2000,1498,113,1385,7.5,-23716072.47,2,1787172663615,1787823641081,7.5,-2624573.2,0.111,0.0
0x0de52cf07a1c9f48e8a812cd5c1239688144664a,True,2000,1192,327,865,27.4,-23908.24,1,1781094614613,1781217990909,1.4,-1477.18,0.062,0.001912
0x0de99a56b618973db41f19eda59f62c0c9daf1df,True,1078,472,226,246,47.9,7371.9,4,1769611592653,1787646123082,208.7,4030.46,0.547,0.0
0x0deb827a58f6eb88e15c91d941c33515298d0bc5,True,2000,903,540,363,59.8,3655.42,1,1764602800920,1787348169525,263.3,-68941.02,18.86,129252.295451
0x0deba253b91ea2c76647eac97a26a23eeae6c04e,True,2000,1009,308,701,30.5,-3847.68,22,1771442615936,1784904346309,155.8,956.11,0.248,0.0
0x0def559fcb62718c41beacfdc8e997e7a2fab057,True,2000,951,602,349,63.3,33792.15,14,1738672066672,1778634321892,462.5,4250.98,0.126,9104.551944
0x0defb183ac5fedbf37930c17fd7a19b15fb788c1,True,1024,509,239,270,47.0,-5427.53,1,1769328073546,1787543158911,210.8,-819.57,0.151,0.0
0x0df5cf81ff1fe3c01316dffcdc579a8e9e64d2ce,True,403,141,105,36,74.5,4015.01,8,1780371760314,1788747893094,96.9,799.79,0.199,0.0
0x0df6722b3433bf56fd9ae41d718a927a3270fc86,True,2000,1244,410,834,33.0,-135732.82,11,1770090043092,1782337905290,141.8,-6497.63,0.048,758.576877
0x0df68ee531dab63d651132c7f56c6cdfe2689d19,True,596,299,115,184,38.5,1949.44,9,1704269736825,1776537642244,836.4,-2770.08,1.421,0.0
0x0e01d0d53c3146579ad616376d81dc84463133f4,True,2000,668,307,361,46.0,2337.41,4,1787294033348,1787315918581,0.3,2065.36,0.884,0.0
0x0e024cdba8377acf2d83e23090e27f5f8f490497,True,2000,1096,334,762,30.5,1009.08,37,1778158635859,1788749014876,122.6,715.64,0.709,561.375249
0x0e090d194adcb3aca9b0864e99b82c5955bb35d4,True,2000,1100,499,601,45.4,426.96,8,1787838722986,1788581215288,8.6,217.14,0.509,0.0
0x0e092418bb066deb846a6f6a538b5ac6558d3359,True,1515,679,348,331,51.3,-11579.57,14,1781519581937,1788535168397,81.2,-1618.81,0.14,0.0
0x0e09b56ef137f417e424f1265425e93bfff77e17,True,2000,816,73,743,8.9,-83572.81,7,1781136980008,1781806421549,7.7,-6559.23,0.078,0.0
0x0e09deba27e27551c4f6168d35285f6032f42981,True,2000,645,470,175,72.9,-32956.02,9,1762143842226,1779584197949,201.9,-6640.96,0.202,0.0
0x0e0bf22e3595687a8756e1e9862a20944d0be57e,True,2000,1409,556,853,39.5,-103435.71,4,1782126324735,1787173568030,58.4,35327.02,0.342,0.0
0x0e0db9d16351e9d496523cdd79ea37184704715c,True,172,76,56,20,73.7,-1786.67,4,1784104451350,1788673986862,52.9,-2163.97,1.211,2048.871299
0x0e0e4a5f087ffc897ade063f2d19b6fe9125471b,True,2000,1115,449,666,40.3,-33640.89,22,1763617536952,1785115999729,248.8,-24116.06,0.717,0.0
0x0e0eb3b3be3b76935ff50738a2e9899828c847ec,True,1659,736,209,527,28.4,-14784.12,39,1766461361248,1782441763186,185.0,-1463.4,0.099,0.0
0x0e11ef626b558c01967d395592f35e5d2f899b0d,True,2000,1034,405,629,39.2,-1.0,52,1783499525221,1788689201592,60.1,35.15,35.05,10448.479401
0x0e16470bb0c40b3cbbf953d0687fe313b08f52a9,True,579,245,155,90,63.3,1622.54,12,1770136235221,1780790400085,123.3,-576.01,0.355,0.0
0x0e1a27b09821969de9b3b219f98714bdd695e4d5,True,2000,963,413,550,42.9,1054.31,19,1775761636186,1777548635490,20.7,-137.77,0.131,0.0
0x0e1bb90d941fc18c2a492aa9df61241c741a2ec1,True,1314,643,200,443,31.1,-3511.24,10,1746332370995,1783485124936,430.0,-530.19,0.151,0.0
0x0e1cdcd958d002d98528c973f1397b7784abce6d,True,2000,912,424,488,46.5,111711.19,2,1785246042405,1787664790524,28.0,10190.85,0.091,395916.145132
0x0e21ecedde58a8e077ef669a163044e70a62a3fb,True,2000,1270,781,489,61.5,23726.94,24,1785844800892,1788745580972,33.6,-44387.68,1.871,64832.363916
0x0e2f0cdda511a011d8807e229e3b37505b8fd646,True,281,146,125,21,85.6,23443.69,6,1760378064883,1784587267974,280.2,4970.81,0.212,0.0
0x0e337ec5f090e9aaac6b59176695c93b212bb64b,True,2000,991,512,479,51.7,-136.98,15,1785878346443,1788678798721,32.4,344.27,2.513,0.0
0x0e33ef74efe470dd173cf02fc59047bf23ccff83,True,1405,687,192,495,27.9,-7274.4,15,1779817228223,1788736267250,103.2,1520.97,0.209,11226.014557
0x0e3512ce7f71f9c47fc5cbaa68fce2720d98fb1d,True,1809,859,648,211,75.4,94805.03,39,1765096201643,1787791500053,262.7,4691.92,0.049,0.0
0x0e367b5db0ca2e68faad3b9e850155956b0f9e6b,True,2000,947,690,257,72.9,2240.52,35,1750627143889,1787879064733,431.2,-2721.07,1.214,0.0
0x0e37e0229045e36b69de4fcdaa9839fff0060bb6,True,1725,856,639,217,74.6,1504.04,8,1770765663994,1775225040591,51.6,-1930.87,1.284,0.0
0x0e3b7b68dbbdac51c9ef97cfe29258214a220ee1,True,2000,856,571,285,66.7,542.2,37,1785844585992,1787946242569,24.3,-1406.04,2.593,0.002434
0x0e3dd827fab17bc7cfc2640689effb0a0873845b,True,2000,1044,448,596,42.9,3483.02,21,1787146829211,1788732463151,18.4,1085.99,0.312,1052.40384
0x0e3ddbd1311675fd78dd8309d94d1d8d5ac1bfc6,True,2000,719,714,5,99.3,521535.96,3,1780705101160,1787739493254,81.4,55119.87,0.106,0.0
0x0e3f5bb797e3953fed2a319544d0e821b4a11e1c,True,2000,1059,896,163,84.6,-1423.32,7,1783585711937,1787723297906,47.9,-1466.11,1.03,0.0
0x0e497430ae4b4b651b15a0a49b2977fe2c902d33,True,46,30,30,0,100.0,4619.88,1,1780190561483,1780567608671,4.4,591.86,0.128,0.0
0x0e4a09041da78af520eb37cc66d8832ebaf5b2cd,True,2000,789,401,388,50.8,-125722.12,11,1752339235461,1788745608000,421.4,31376.63,0.25,0.0
0x0e4ed8863e8fc846d75cd839eca2c6013c7d7a1c,True,2000,1014,567,447,55.9,44230.43,11,1786112315036,1788749329912,30.5,7678.53,0.174,0.0
0x0e52e2e23dcc5687951b741ad2611da4d63f0106,True,729,508,77,431,15.2,5517.57,8,1770319733388,1787510140332,199.0,669.77,0.121,0.0
0x0e52f0081fbd9033d296a8a53bb616d97a3ec657,True,2000,1095,392,703,35.8,39475.29,15,1787398829774,1788706942814,15.1,7369.96,0.187,132759.858062
0x0e531cc504d6b70ab8fbd3baaa6bc1331de95ef3,True,2000,1125,516,609,45.9,12654.49,28,1783436449180,1788313842058,56.5,5732.33,0.453,4040.0
0x0e56200f0e9802b007f6daad4c0f8adde18b7928,True,1836,837,660,177,78.9,32629.61,28,1706495943831,1788333937380,947.2,10946.29,0.335,0.0
0x0e598c040c87bf17ba0a86850be1215f5e123bda,True,2000,798,321,477,40.2,-21377.05,8,1787434575421,1788580192989,13.3,-1657.58,0.078,0.0
0x0e59bfaff8d711d91b53b13b0504b466ec8d915d,True,739,401,304,97,75.8,6700.72,8,1765806103922,1784646029720,218.1,792.86,0.118,0.0
0x0e607b54811663f677aa36ccb03fb6fc06e100e9,True,2000,928,814,114,87.7,8065.45,17,1786499515172,1788740416955,25.9,-3554.16,0.441,36815.645001
0x0e647809755c1ac0a38cde9c5e9234ca477d846a,True,2000,981,356,625,36.3,-6043.43,45,1755449790200,1782395951521,311.9,-4642.79,0.768,0.0
0x0e64cbca254788df4a8d29e3721d077d91d0d92a,True,2000,1094,442,652,40.4,15727.79,38,1761156077486,1788460277972,316.0,1649.43,0.105,10173.374991
0x0e6abb13a3729084be6e2a097e390ad7af28c5cf,True,2000,940,570,370,60.6,-22725.15,6,1779569190543,1780336940405,8.9,-6462.78,0.284,0.0
0x0e6d1d7aecf601d2c000f0baea0b9bf6ab358fe7,True,2000,884,414,470,46.8,2385.86,61,1780494973325,1788463497607,92.2,300.07,0.126,0.0
0x0e70c1093049c9a924a1f438fbdd91cf0214bfd8,True,201,122,31,91,25.4,-30.45,5,1758969363449,1787881488641,334.6,300.93,9.884,0.0
0x0e713eaade9e75db96ea54399ee5eae0ccda8e39,True,1782,784,97,687,12.4,-20046.22,1,1783714010271,1787153245480,39.8,3251.22,0.162,0.0
0x0e73ca2bed8f84ba0cf139aa96ae3927e77b066e,True,875,261,216,45,82.8,9698.46,12,1782806254448,1788110149579,61.4,3460.49,0.357,19180.036488
0x0e7476add2d186f5635c70e0ebacd71b0d23eda1,True,2000,994,412,582,41.4,-33917.6,16,1756265997702,1788566400005,373.8,-12759.8,0.376,0.0
0x0e7ab13d5a85c650364de4a618a908d98897fd17,True,2000,36,15,21,41.7,-22723.17,5,1788603562701,1788749146753,1.7,-17654.8,0.777,271974.184525
0x0e7d17b539b111f1702458724daf17d91de82d36,True,2000,745,580,165,77.9,8638.59,4,1788372700337,1788728298459,4.1,900.91,0.104,43178.9
0x0e7e56b83132cfe02e355e43f4f3f455a9b8f472,True,2000,805,560,245,69.6,1077.87,11,1782685600636,1788462327134,66.9,3158.05,2.93,0.0
0x0e7f5292326ee988a60b5814c3eb3e57cb7aea60,True,1342,554,188,366,33.9,-30309.37,5,1763491465743,1778776600908,176.9,-4613.28,0.152,0.0
0x0e7fcdc85f296004bc235cc86cfa69da2c39324a,True,2000,877,338,539,38.5,-1948.94,30,1761372056507,1778852782869,202.3,-527.13,0.27,0.0
0x0e81f1c64fecefcafc637f5f2f1f98856377cdeb,True,2000,1012,234,778,23.1,-27219.98,45,1773215345192,1786391896822,152.5,-3283.73,0.121,0.0
0x0e8245827225a007407849a29205080e48a68e28,True,2000,1021,410,611,40.2,-11351.81,24,1778536898612,1788031665829,109.9,5733.6,0.505,0.0
0x0e8acb63dd57c982842397fe78a787d7d841a0cd,True,2000,429,346,83,80.7,-18467.14,21,1757666752803,1780809194886,267.9,-2892.32,0.157,0.0
0x0e8b0cdf27b9dd2ddec656ed31bb086b8aed495c,True,2000,1039,772,267,74.3,26690.54,38,1746280931107,1788747174976,491.5,8235.11,0.309,19598.362836
0x0e8da821a69d4345b6a798958f6e3554ca48e7b2,True,2000,1999,479,1520,24.0,-314622.51,3,1780819506998,1780876800034,0.7,-18986.65,0.06,0.0
0x0e8e0bc185488ff2a1d2804fb80e2ae5b8e5b26b,True,2000,833,377,456,45.3,1225.22,5,1787854319287,1788726325957,10.1,427.24,0.349,19226.718828
0x0e94338f37e7b570ef138400720240a736bb1519,True,716,357,200,157,56.0,7146.7,8,1787399584196,1788671711871,14.7,1642.39,0.23,0.0
0x0e989a6773db63a99d74fd825490921bca3bfb97,True,2000,1154,689,465,59.7,123190.29,1,1788462511659,1788551823922,1.0,-6907.63,0.056,0.0
0x0e9beee0eebd1e1b1e49e2d6011cfd0b59bb79c3,True,2000,1012,431,581,42.6,-9.94,15,1784641644434,1788555314893,45.3,455.14,45.768,255.642365
0x0ea8eec1d585e92de7167d700362dec7ac6e7234,True,473,284,126,158,44.4,-8964.44,19,1766998343366,1786718522603,228.2,-2233.01,0.249,22917.730682
0x0ea9832860a2cddc740d0de1159497e3e7d3ddf0,True,1028,448,395,53,88.2,-2254.59,2,1773627952902,1774264162092,7.4,-10851.34,4.813,0.0
0x0ea9c997ce7a64edf5ccf0fe3f4df4e7b8935cfd,True,931,362,138,224,38.1,2352.72,10,1780878920026,1787692055031,78.9,-520.01,0.221,0.0
0x0eaa23a9c403491568ea69e1f3ad20ac77553c2c,True,1033,535,218,317,40.7,-674.94,20,1777410693104,1778770918682,15.7,269.95,0.4,0.0
0x0eab0fed3440c7a560007368641cef5f3732af0b,True,2000,1998,314,1684,15.7,-27919.24,1,1785818806867,1785880126805,0.7,-134.19,0.005,0.0
0x0eac09cb9783351e32703daac0e51a8a72af561f,True,2000,1046,550,496,52.6,5149.61,39,1759513628547,1788705141646,337.9,-1315.39,0.255,2544.748265
0x0eaf67fbc6a6d1db47a650a04f0ef33cf9683947,True,2000,888,650,238,73.2,-16716.63,81,1753679652134,1788743321946,405.8,19953.73,1.194,13165.124118
0x0eaf9c031e327236042d3f489b96f8c1fadc332b,True,2000,1005,131,874,13.0,-57030.81,10,1780919811270,1782192757540,14.7,-4406.26,0.077,0.0
0x0eb37dad11f8fd2fde2a621c5c801292aeeeae43,True,1133,594,341,253,57.4,45150.13,27,1707524861356,1788679716197,939.3,9998.87,0.221,8397.966415
0x0eb8f692baba6c6f4a5e57c7e222758c95a9ce81,True,2000,702,250,452,35.6,194110.78,7,1763775904291,1788703686539,288.5,57086.22,0.294,155776.399265
0x0eb9d545dd460927dda272e0dfe7c7bfe646e337,True,2000,1056,684,372,64.8,25723.83,16,1752506508088,1779172567173,308.6,4052.75,0.158,0.0
0x0eba5721065f961bced568527bfa03ea9ed61a00,True,941,295,253,42,85.8,50854.63,14,1759921398936,1787837401868,323.1,-4454.12,0.088,138001.101182
0x0eba880f6be60142c70019d2dd46c49c47204eea,True,2000,844,389,455,46.1,18435.82,6,1788483539668,1788725750969,2.8,13275.5,0.72,634128.004638
0x0ebae1953fb23b16ccc4e2fee1c09b52b6fead4e,True,1113,482,272,210,56.4,259.29,4,1774097554143,1775836987601,20.1,-533.95,2.059,0.0
0x0ebc858ed8f49aeaf0cd228cca20467e63f953ea,True,219,124,45,79,36.3,-505.47,4,1711743614101,1788445718076,887.8,-287.41,0.569,0.0
0x0ebdc7b8ec61ce88d855e05cc03d44a7fe0fa35e,True,2000,801,534,267,66.7,-6370.23,21,1775096475573,1783217920227,94.0,3880.03,0.609,0.0
0x0ec315491f9b05d9b9cdb0b060553671fcdec1f1,True,2000,728,411,317,56.5,133825.02,23,1782214187513,1787781559794,64.4,7824.22,0.058,0.0
0x0ec8e18bd05a60a6ff16e04e17d20a516c299886,True,2000,932,295,637,31.7,-13997.22,33,1747901772701,1787059967834,453.2,-3034.86,0.217,0.0
0x0ed15e57520ae1ed39b6a691330255593216f285,True,2000,826,556,270,67.3,1165.08,10,1779952053341,1787217045118,84.1,-1834.07,1.574,0.0
0x0ed17278f7cb437184e5ee66cf88aa14168ac616,True,1350,707,470,237,66.5,4707.21,37,1763829636199,1788732084936,288.2,-3254.04,0.691,2784.583024
0x0ed6210b49f8d33164f49a89a1de16bdac28ff41,True,959,484,271,213,56.0,-7134.14,19,1756311100084,1788735432325,375.3,-2856.39,0.4,1339.654676
0x0ed780832c67fc2a1e01e5d973835abd74979e2f,True,696,369,219,150,59.3,-5197.01,2,1788280619074,1788463311368,2.1,-6063.57,1.167,0.0
0x0ed915205c348be185a262d723dcbb56837d9dc3,True,1825,958,398,560,41.5,-17809.82,7,1781857360700,1788711626642,79.3,-6503.02,0.365,0.0
0x0ed94196b7cf3a2108699497e22b087675aeaea9,True,2000,608,427,181,70.2,-177997.48,8,1769463867121,1777291821847,90.6,-37820.6,0.212,0.0
0x0ede17ab57b38ba96cefd4c24b77bd2284159f77,True,2000,1039,436,603,42.0,-252.23,23,1787568111991,1788685887691,12.9,-833.45,3.304,0.0
0x0ee16877560e2c08a3c0917c7e440ac9e13d0973,True,2000,1940,0,1940,0.0,-1335784.87,1,1776900389551,1776907223125,0.1,-231080.0,0.173,0.0
0x0ee599e42affa99b42d1ce6db00810a3868165cb,True,1372,548,270,278,49.3,29243.54,23,1733365120335,1788702228837,640.5,5932.02,0.203,4546.122115
0x0ee71bf71238e1c02f2203414fa6e96370440faa,True,2000,954,420,534,44.0,-1696.94,7,1787176709631,1788750080489,18.2,-2840.82,1.674,0.0
0x0eec70678a2e67a0aecacbea56d2426713c78562,True,2000,1047,360,687,34.4,-4401.18,14,1759259021426,1788288514073,336.0,-894.69,0.203,104.089836
0x0eecd62efb05009e2b72964b4bcdbcf653afd4c5,True,2000,1005,652,353,64.9,1543.42,1,1788447689684,1788748777050,3.5,9.0,0.006,83528.895688
0x0eef7f106072e9db72e3ff20b48f1e013d3a429f,True,510,180,176,4,97.8,25133.88,2,1787600928224,1788706915606,12.8,1439.95,0.057,57827.337449
0x0ef10fa931f082a1519912b7fc75cf84218622b2,True,2000,993,830,163,83.6,28042.37,40,1769196749103,1788698565906,225.7,6526.24,0.233,0.0
0x0ef27deef5d84b5e0646b7221916184a87481e75,True,2000,999,463,536,46.3,-1261.52,25,1771423192653,1779800444048,97.0,2094.71,1.66,0.0
0x0ef7301a0fa5bcc95ab4d5162851bdb76cff7500,True,793,333,304,29,91.3,1956.67,5,1769869987835,1783211330386,154.4,180.2,0.092,0.000288
0x0efb38a5fa35325ed7524197c0c8ae942aa6d8dc,True,2000,1435,857,578,59.7,3382.21,6,1788670014731,1788751127741,0.9,312.76,0.092,145402.529666
0x0efd14472e70b5e7dc5a1a1bd8d2aed820680f4c,True,2000,850,351,499,41.3,-6514.37,18,1787577126585,1787984506161,4.7,-569.01,0.087,0.0
0x0f00a1f59189a193674e09d17972be4b1e93ff66,True,2000,499,138,361,27.7,39.01,2,1778242622662,1778599662419,4.1,100.84,2.585,0.0
0x0f0b2d7a1409d64258cc5aba0b7232901aedb0a9,True,911,410,302,108,73.7,-27787.13,8,1764322732546,1787153251712,264.2,-9833.18,0.354,0.0
0x0f0d9105b88e938df7816b23e7ad4d1660568a0e,True,2000,1181,791,390,67.0,38810.81,25,1777932871010,1785158273452,83.6,3576.61,0.092,0.0
0x0f0ff7875ebf8343c5c5eb43ae29233a80048ec0,True,2000,656,400,256,61.0,-7795.84,3,1780608040466,1783209600077,30.1,-10773.29,1.382,244620.337125
0x0f129afb3f51f0d549f4c98721e11fe9d9c46ce1,True,1097,503,392,111,77.9,428465.7,9,1733593011055,1784043942648,583.9,54628.72,0.127,0.0
0x0f145834b69d3e7a573bed756b31cc366e22036c,True,2000,803,519,284,64.6,13873.26,15,1785358990408,1788747178049,39.2,4333.97,0.312,4763.029779
0x0f16d8af1abdcd8d2f0f18b4d797d4fe52e7226e,True,481,242,129,113,53.3,4856.12,7,1772054569375,1781120892423,104.9,1175.52,0.242,0.0
0x0f17819755a2d596b5569cda5985e5f7ac347c6a,True,2000,1161,166,995,14.3,-2059.4,26,1776708774727,1788471009026,136.1,-279.86,0.136,0.0
0x0f182f428a84b8e400dab12254b92cfcd7023180,True,2000,971,534,437,55.0,50497.49,27,1783913376798,1788480000030,52.9,4943.09,0.098,0.0
0x0f2048da92b8b1813d4168a366cf614e993f6b46,True,689,449,342,107,76.2,16851.81,7,1769976183222,1787151916426,198.8,4210.13,0.25,0.0
0x0f22ddd9f89148fd9cf703d8f332fccf911d3549,True,2000,973,864,109,88.8,6005.39,3,1788420723110,1788750605534,3.8,654.0,0.109,34463.11425
0x0f25c6df7af5f106e233c2dcdfca403fabe4f8cc,True,2000,783,162,621,20.7,-27906.78,6,1775828395173,1776546059786,8.3,-2640.35,0.095,0.0
0x0f283f661f359fc293ac3066e16c6af797d6e65e,True,319,171,34,137,19.9,4687.73,1,1784930110052,1785749316599,9.5,2596.06,0.554,0.0
0x0f294219fc9b55ffbf50f1427c6137716cbc5b30,True,771,424,169,255,39.9,4416.79,10,1773018524254,1788636158239,180.8,658.1,0.149,0.0
0x0f2af1aa8a20ab196fac5f8d031558e0f20d3d76,True,1433,698,318,380,45.6,-12201.85,12,1767349639282,1787295577758,230.9,-6831.82,0.56,0.0
0x0f2c33e99d98dd7884882e6538d6dbe68c1739e7,True,1526,742,239,503,32.2,-6950.32,6,1772645800524,1777245658794,53.2,-1720.12,0.247,0.0
0x0f2d2422e5a4c2af59f9c82defd4d8150223c9cd,True,2000,1022,295,727,28.9,-24136.07,2,1788203293229,1788465701007,3.0,-4222.96,0.175,0.0
0x0f2d43f5de810ca6092f9be51297d439db6549c3,True,2000,994,543,451,54.6,1417.0,10,1779795534057,1788221189937,97.5,-2770.6,1.955,0.0
0x0f358720b2097ab9ba926b6020fa77429061ea38,True,1392,675,515,160,76.3,-33329.38,13,1779974954740,1788483888310,98.5,-25858.27,0.776,0.0
0x0f38a8fe95827ce9a13bf075487ac8188c819aa4,True,2000,1485,778,707,52.4,-151523.09,4,1778590908847,1780416023938,21.1,-45380.29,0.299,0.0
0x0f38d791bfaa7ffcd94ec549e0b899aa3eb6f6f7,True,2000,836,801,35,95.8,119188.84,12,1777920755197,1788706491935,124.8,3500.18,0.029,8148.245474
0x0f4172e655c1b6f707f01b81c46662aa777fe45b,True,2000,995,162,833,16.3,7640.28,11,1779805840411,1787758181065,92.0,10041.64,1.314,0.0
0x0f420fcc13b621bd7c872bb569fa45506550569a,True,710,252,170,82,67.5,34551.9,16,1750384222547,1787631405221,431.1,5164.53,0.149,0.0
0x0f48ddf1ad6134e552ec993129dedc212945e18f,True,2000,1,0,1,0.0,-5.2,5,1788736338428,1788747069834,0.1,-5.2,1.0,131144.861033
0x0f4f11f458f6f8db24a5fbccbbc3bebdf3a585b2,True,660,283,125,158,44.2,-3449.32,6,1749053828523,1788751294797,459.5,-2224.55,0.645,0.0
0x0f4fbea1aaecd66967af7ef02c7fa4693999834a,True,2000,826,777,49,94.1,45267.37,32,1777254811220,1788720201921,132.7,-14295.84,0.316,15947.690398
0x0f50f6b85b8c3354c091971ebfeb330834004550,True,2000,973,459,514,47.2,-3857.76,19,1784122997682,1786374313134,26.1,-955.77,0.248,0.0
0x0f529ec60f7103d2e278fbaa629cac1ca1cd01db,True,611,369,232,137,62.9,26258.09,9,1780251732720,1788666452606,97.4,4556.56,0.174,15435.621109
0x0f5a9e2ed8a2d256feb25abae7a53de7535119ae,True,2000,856,492,364,57.5,3514.69,6,1787270948809,1788551199473,14.8,614.66,0.175,0.0
0x0f5adabcf182ddecd8fbd142d285a11412359560,True,323,178,120,58,67.4,-5681.67,31,1705502710083,1781343205619,877.8,-7572.87,1.333,0.0
0x0f5e56106cc546faf85fd5de0405dbfc538c3947,True,2000,1077,448,629,41.6,-7228.19,29,1779483233647,1788450401461,103.8,-1465.26,0.203,0.0
0x0f638286287ebd2acca95981f90aaa7de863a390,True,2000,1075,704,371,65.5,2264.85,15,1780975921267,1787836951232,79.4,-596.53,0.263,0.0
0x0f649bcff97e910d16c55da8babbfdbdc640219c,True,839,431,104,327,24.1,-10409.74,7,1752863384314,1788257907817,409.7,-1101.22,0.106,0.0
0x0f67824bf2e6e6558fd6a424cb00638dd20bf3f6,True,2000,523,215,308,41.1,-1899.6,42,1787357130933,1788539904248,13.7,-1800.16,0.948,23560.912469
0x0f7707db61e6add7c377757c0aa8068a58e389cc,True,2000,964,421,543,43.7,-22260.15,9,1775097536794,1788043869634,149.8,-18064.46,0.812,31348.44384
0x0f7795a283a92dd41e9fa1675ef8b527305270ab,True,2000,995,830,165,83.4,50846.14,41,1774360138737,1784925148405,122.3,-3998.23,0.079,0.0
0x0f78de18af9bb92817f361dae2c484ae3370fca0,True,2000,1027,305,722,29.7,-44668.46,21,1781616720654,1788452144964,79.1,-15295.2,0.342,0.0
0x0f79413d095bcfae83424ceb8522a20f846ce659,True,2000,978,314,664,32.1,-26471.49,8,1786684108860,1786786444207,1.2,-1556.29,0.059,0.0
0x0f7981ae60708d4d64040999e463f106b13f07c5,True,2000,1044,585,459,56.0,-8980.07,15,1771473471904,1788566400005,197.8,-4423.66,0.493,0.0
0x0f7a453567401070ddb6b4ec82f97bd78b857c04,True,2000,986,371,615,37.6,-11729.74,22,1788638639849,1788749522389,1.3,-106.99,0.009,103547.650521
0x0f7e127a8f5f54d056ac7056b576687f6e2fc4bb,True,2000,895,414,481,46.3,-99935.41,6,1788535771192,1788701683766,1.9,-15326.59,0.153,0.0
0x0f7ee32466025c966dfb0fa0e1c42035c2e3c524,True,2000,968,300,668,31.0,-245093.07,3,1770290913567,1787151809701,195.1,38772.64,0.158,0.0
0x0f82356d63863a3c83aa4cb6584e025f9a5c56c5,True,2000,1010,803,207,79.5,41295.02,3,1775286033974,1785291647597,115.8,12567.31,0.304,0.003211
0x0f83a7bf2ea16c7d8c90e3aa4ca0c8e58a83c9ea,True,2000,757,757,0,100.0,89545.19,5,1787563945581,1788748298385,13.7,14632.96,0.163,186457.779877
0x0f853a4e8056d7f6ada0ad026472f71b8408ff6b,True,2000,868,213,655,24.5,-11423.48,24,1757819343056,1788134259698,350.9,-4701.4,0.412,9277.516213
0x0f859756ab0f1655ca61b32d21f6cf9ec2b998dc,True,2000,1333,645,688,48.4,87902.72,7,1788448220926,1788747502283,3.5,7614.08,0.087,0.0
0x0f88ed3492b8377ec8d69be4981b2eb64cff87fd,True,583,296,139,157,47.0,913.26,17,1721866028626,1785193064508,733.0,1046.66,1.146,0.0
0x0f98490ed481611ae1945c62274a20480c8cdc40,True,2000,983,299,684,30.4,-3276.67,27,1780401057668,1787826016097,85.9,755.03,0.23,0.0
0x0f9bde6acdac686acc72d922fbfa2b69cfc07b56,True,2000,899,81,818,9.0,-266880.62,22,1758382103632,1781528958366,267.9,-176173.23,0.66,0.0
0x0f9c4b57f918a3161c906c137e637e2f5b3457a7,True,2000,980,340,640,34.7,-70287.34,13,1768538969289,1788720428271,233.6,9200.0,0.131,144462.747216
0x0fa20c52ab9e1e1f658f4d35824af14ca1333ea8,True,1522,726,511,215,70.4,111444.38,10,1747320016140,1777718576093,351.8,9829.53,0.088,0.0
0x0fa5bebc4532a3141deff4efaca2ecde9079f5a2,True,553,343,201,142,58.6,-7945.19,18,1775825527693,1788536244133,147.1,-1555.03,0.196,0.0
0x0fa81b93c16f9c7736367b475c0f0ecd82b566f1,True,2000,1000,219,781,21.9,-1179.58,4,1773752415358,1788677246879,172.7,-638.97,0.542,4976.120818
0x0fa83a8149020bd889d98fe8d51b84746fcc61d3,True,2000,963,419,544,43.5,1482.25,51,1786438443952,1788690898556,26.1,360.86,0.243,9759.025132
0x0fa9487e5c61c8e1647d7c0d30344ea46888827b,True,1754,997,681,316,68.3,-145.55,24,1752121068280,1787197159337,406.0,-2054.86,14.118,0.0
0x0fa972daad5d783eaef01ba76cbd069b287d77e1,True,891,338,216,122,63.9,10045.98,9,1782982719985,1783427283024,5.1,1041.09,0.104,0.0
0x0facac3bd128fe6d799898a059d3634b877c7a0a,True,2000,1290,1290,0,100.0,48706.59,24,1788268658113,1788697643548,5.0,15183.19,0.312,1157632.250028
0x0faef09b4deaedb0b99d68131f76acbef7cb4c8c,True,2000,789,438,351,55.5,9761.24,8,1787423652379,1788733971062,15.2,1217.6,0.125,33593.267412
0x0faf17bdaa6d0029a283c392ad1f8851490a7dd4,True,2000,83,50,33,60.2,1317.5,7,1780909180814,1788203858840,84.4,499.49,0.379,0.0
0x0fb3255c84a2a3e0fe978d674b3d3e2dfc02c7de,True,1910,798,516,282,64.7,39704.79,12,1781046950674,1788734926342,89.0,1851.54,0.047,24044.040704
0x0fb66804703a2ff1f56233ec542f2c849e6fbaae,True,2000,805,776,29,96.4,33257.3,5,1787353716587,1788735139064,16.0,1602.3,0.048,0.0
0x0fb774e047abdefc16b76430e0b4f7c830c72a6b,True,2000,1038,392,646,37.8,-10254.06,48,1767764022717,1784084316990,188.9,-1662.75,0.162,719.625
0x0fc8c2e07566328b3cbb0fd47564b54b024d6a80,True,2000,928,445,483,48.0,-4794.83,19,1756712005914,1788171548372,364.1,-1926.74,0.402,0.0
0x0fcb7a700c68187c092aee29c03f2a5e9ab6f72f,True,1631,735,431,304,58.6,-69894.26,29,1738585078803,1788382289053,576.4,-31863.59,0.456,30189.781718
0x0fd16b0369607781dc73f65c701d9e3b56619985,True,1609,964,703,261,72.9,32747.93,3,1774543229068,1787276433349,147.4,8767.52,0.268,0.0
0x0fd181a45c03b45b93924212904e22b702481048,True,2000,985,683,302,69.3,-13767.09,49,1769086105565,1788616388315,226.0,4499.99,0.327,3464.007828
0x0fd33b62f3610e3b050590dff48ceff03e86ae3c,True,2000,1029,495,534,48.1,37508.23,93,1732648302486,1788505521444,646.5,4942.23,0.132,0.116818
0x0fd468a73084daa6ea77a9261e40fdec3e67e0c7,True,2000,973,561,412,57.7,-1058.7,1,1788664319361,1788751634078,1.0,833.08,0.787,2133822.03239
0x0fdd5a8d0a9cd0b360a840c064c13d7d38fcc3f2,True,1143,495,254,241,51.3,4798.89,20,1756290710540,1788690694244,375.0,-3764.33,0.784,55096.803776
0x0fe100b259a7a5b23555b2a934410608b116ebee,True,1574,680,430,250,63.2,9589.55,14,1788288613204,1788695641962,4.7,4166.01,0.434,6826.376639
0x0fe28146d87bbf4ad62f6bf18be5d40af6b196c3,True,2000,1058,351,707,33.2,-1357.66,60,1772196763178,1787289903767,174.7,301.9,0.222,0.0
0x0fe2c00301f089c59f1789a0dab7d7438527d74b,True,2000,1461,1230,231,84.2,15364.43,22,1785874807218,1788671418012,32.4,-3398.12,0.221,0.0
0x0fe49295b752ed395f4c0d174f49413cbfdefab1,True,2000,922,232,690,25.2,-6265.19,25,1760583912451,1785074800202,283.5,1026.28,0.164,0.0
0x0fe88914b8caa4698c876e6ea40d405f68673534,True,2000,874,511,363,58.5,-89551.5,16,1760555280752,1787172670876,308.1,-33898.47,0.379,0.0
0x0fe9a1212c376ef55de2b398743f441902dee2e9,True,2000,1065,146,919,13.7,-7352.46,4,1780185412494,1788665972770,98.2,1603.45,0.218,0.0
0x0feb7fa2022268690128d270f7011a1e12a71564,True,2000,1119,366,753,32.7,-21502.14,13,1784765451337,1787284411820,29.2,-2119.33,0.099,0.0
0x0fed16b577051af28b9a679dd522e94cbb635d79,True,1286,634,93,541,14.7,-788.8,7,1750524061507,1787587633710,429.0,-51.33,0.065,0.0
0x0ff6016b65bc219dc8ba22faa7e9bf800a6933d7,True,2000,1331,1331,0,100.0,218149.83,4,1780855467180,1781597883914,8.6,9872.71,0.045,0.0
0x0ff74c65ed7439c025197bc2044f61a520915629,True,2000,963,578,385,60.0,-1261.67,33,1778090576656,1788496156481,120.4,-1205.63,0.956,0.0
0x0ff911dc09dbb3006f25ee71093d0fe4fd82a44d,True,2000,1030,733,297,71.2,49189.52,8,1787581646954,1788685101851,12.8,3802.88,0.077,219693.957919
0x0ffa4e4eecee70c84f22d794133425b26eb024c3,True,2000,787,422,365,53.6,-2013.48,26,1778065094040,1782752723678,54.3,2034.62,1.01,0.0
0x0ffd670749d4179558b6b367e30e72ce2efea28f,True,2000,1039,760,279,73.1,91195.82,19,1786539598963,1788720008553,25.2,2814.55,0.031,10789.961762
0x0ffe8ccb9762afa47816d1ea0f3f830735de0d15,True,2000,1077,832,245,77.3,97390.63,13,1738875089301,1788456146134,573.9,-9301.89,0.096,4542.512465
0x0fffab764a78d2cf36a9f6079ad0e8361fa2eb94,True,2000,956,421,535,44.0,-10731.27,29,1787369617216,1788720388363,15.6,-1229.05,0.115,0.0
0x100000dfeb6b14e6775738f7656cb457d65f28e3,True,2000,997,382,615,38.3,-11778.01,10,1771190935338,1787166852729,184.9,-4973.37,0.422,46.247732
0x1001a2fed4bdac4dd037319af153093185b90350,True,2000,962,367,595,38.1,564.86,7,1787433238014,1788735862022,15.1,980.45,1.736,15649.724848
0x1001e30b1b8dd090cf1dc038e5f7574dc042ed70,True,2000,888,507,381,57.1,-7057.86,39,1781374535094,1788735762321,85.2,-1362.46,0.193,354.618551
0x1003b47b2980ae3cf433165f81296ef747e4f484,True,2000,996,421,575,42.3,-27551.48,4,1768227953814,1772839432540,53.4,721.81,0.026,8.591255
0x1003d8c532e5178673668e5f3aa48dc399ee940c,True,2000,1002,908,94,90.6,39187.82,15,1765917420299,1788440212930,260.7,1882.86,0.048,24152.125544
0x1005996ecc8896d01f4259d004a1c3bcc7e474ed,True,2000,895,327,568,36.5,-6758.07,11,1786080625682,1788213559030,24.7,-1726.1,0.255,0.0
0x1008f4608947622e4a9d469932856797cebd6a85,True,2000,1396,939,457,67.3,2874.61,16,1779092544363,1788713673820,111.4,162.0,0.056,3856.720686
0x1009756b8ead45c7a46454cf824a18d056766573,True,2000,1005,278,727,27.7,-17098.51,7,1786999160783,1787350368995,4.1,1764.14,0.103,0.0
0x100b03683f7a62f32fb6ab276eae06529505f506,True,2000,711,413,298,58.1,-2367.93,50,1785879511872,1788748698217,33.2,-18204.45,7.688,72203.058831
0x100b5ad5e52fc45404a66635f7e2397c50024629,True,2000,903,476,427,52.7,-15008.06,4,1777738156634,1783499529507,66.7,-3691.89,0.246,0.0
0x100c61d2b24de62005c067f24cf8705bceb82015,True,786,387,229,158,59.2,466.07,17,1777814040542,1779159184141,15.6,-1340.01,2.875,0.0
0x100caefdee7e490ad26befd1a6bf4de3ceb9d719,True,2000,945,315,630,33.3,12415.0,6,1764814707015,1776264995478,132.5,-3851.68,0.31,18817.070519
0x100d5164fc8c65df61fea01330948f435bb12100,True,2000,1118,392,726,35.1,-986.52,51,1764663492358,1788033779435,270.5,-250.93,0.254,0.0
0x101235becc0cecb6340bbfaacc1ce34cf06b60de,True,1064,581,307,274,52.8,7219.74,11,1780063736261,1788739883971,100.4,1446.76,0.2,4206.504685
0x101315a427e6083f93a1f9676f1cd6385ea2c8a9,True,844,402,161,241,40.0,9270.73,11,1757755374450,1787877756268,348.6,2328.81,0.251,0.0
0x101b8f30d0569efcde9e485f10bba65d2ae715b3,True,2000,1063,300,763,28.2,-1958.87,9,1777471030154,1787364847713,114.5,-759.1,0.388,0.0
0x1020e86585c30535aea3cf8b278712575a5b2326,True,2000,1090,432,658,39.6,30326.86,11,1781509190300,1788743430410,83.7,3868.87,0.128,0.0
0x10210bf727f2bf6b03f98f0ccb72a292e25d21a6,True,2000,948,273,675,28.8,1135.36,8,1775706615700,1780330371992,53.5,520.93,0.459,0.0
0x10242b34383739413c8c1b8fa20d79944dbfb6a4,True,2000,952,832,120,87.4,23822.53,13,1779562828507,1788703086056,105.8,-3186.57,0.134,27304.142015
0x1024582045589710aa9488555ca655333ccd5653,True,2000,755,248,507,32.8,-15557.88,31,1779976976289,1788513856207,98.8,4122.8,0.265,12746.26588
0x102467338792d8125d05856c4b4b43117c857fe3,True,2000,955,163,792,17.1,-73696.95,3,1773663077172,1775135161983,17.0,-3042.2,0.041,0.0
0x102763eb37f47272150aadacbc48d850444935eb,True,2000,974,558,416,57.3,86827.16,117,1733846957218,1784735914174,589.0,6747.3,0.078,0.0
0x1028a8bfba4ad62caf408fc6c541f42a9015b0c0,True,2000,1394,488,906,35.0,-34198.65,36,1737185023071,1788481628083,593.7,-4304.62,0.126,0.0
0x102a618b36c32b338c03526255dcf2a39eb1897f,True,2000,1063,262,801,24.6,-17523.05,23,1775698366108,1785304324564,111.2,5639.45,0.322,0.0
0x102d1d1a6240581a809bac9b9b4dff2eafe8c058,True,698,301,162,139,53.8,2488.48,12,1744174265040,1788533067873,513.4,-5004.38,2.011,0.0
0x102fb7687762e031a1e5dd3428006f25a86d78c6,True,496,252,106,146,42.1,3271.01,34,1778885650277,1788742655768,114.1,1960.5,0.599,3455.4224
0x1030100c6e04d546f852e907416295bf95372dbe,True,2000,771,4,767,0.5,-93395.0,2,1787319427255,1788749310786,16.5,-3874.2,0.041,0.0
0x103609a881b6777febfc1520cc4922f736b828c2,True,646,289,251,38,86.9,1436.63,1,1775203807729,1788737955675,156.6,866.65,0.603,6313.653354
0x1037abce42f4cf8b374db06a3dd073734faf3663,True,2000,1002,250,752,25.0,-33499.12,30,1753151071404,1788652800016,410.9,5162.07,0.154,17460.748526
0x103e9d15f8a102ef9333ad8b66ffe25b0db448a4,True,2000,784,4,780,0.5,-107349.3,1,1787345765773,1788535074879,13.8,-3480.74,0.032,58213.217278
0x103f6ccdab3a330e876c23e61a8bcb489a2c9c69,True,1461,647,228,419,35.2,-5622.25,15,1733780483275,1776281453206,491.9,5754.54,1.024,0.0
0x103fc99e1dcf6add73014fe675255761fd26eca8,True,2000,949,642,307,67.7,7918.27,6,1788387364371,1788525502819,1.6,1024.7,0.129,0.0
0x103ff34b773e02c12d74e34701028a1b70738f1f,True,2000,908,320,588,35.2,-27102.27,13,1780751643490,1781885817061,13.1,-2430.94,0.09,0.0
0x1040a8fac9eabeaa2271acd28fd71c460347ec56,True,2000,865,778,87,89.9,22245.97,15,1748449953662,1784962482169,422.6,3872.15,0.174,0.0
0x104491f85b180cddf3c64171431289719d1a1093,True,2000,947,277,670,29.3,-1716.54,12,1773392400373,1781604363598,95.0,444.16,0.259,0.0
0x104c33680a690c2625f445782ce4cd873e4cc0a3,True,287,141,33,108,23.4,-127.97,3,1778713359230,1779154346800,5.1,841.19,6.573,0.0
0x104c68f3a2732be8690fec54e55054e18ebba141,True,2000,1116,624,492,55.9,-19680.89,40,1764265568152,1788359149670,278.9,-5673.49,0.288,0.0
0x1050cf788aa24bb06e6da6dc789dfd49424be21e,True,2000,869,281,588,32.3,1747.19,11,1782987032029,1788320333728,61.7,6882.73,3.939,0.0
0x10547c9d4fe35e1b3916547366aeb79684082cb3,True,2000,947,659,288,69.6,5887.55,12,1787748299540,1788735144688,11.4,-4026.65,0.684,13185.345967
0x1057b9badd594e9c5202477089682ff33cf23fb8,True,2000,542,339,203,62.5,-2358.69,20,1783451900471,1788724216235,61.0,-655.87,0.278,71.23025
0x10597984233c57c8516c1b6640e54f148cffa994,True,2000,1061,388,673,36.6,-56473.07,5,1785168789093,1785503765571,3.9,6358.67,0.113,0.0
0x105a01f6bcf2bab5be19d74c23e5dc7ab759e4e1,True,1028,453,107,346,23.6,-1101.41,9,1781808441873,1786374783829,52.9,930.0,0.844,0.0
0x105a8501eae3aa9462a47568a2de12e421f75e5e,True,2000,866,245,621,28.3,-82918.84,35,1784164696895,1788580102188,51.1,-45610.2,0.55,34.98476
0x1060b391b4e0c3959e7bf98ec4d9ef21b001cc46,True,331,67,58,9,86.6,10526.41,6,1752149730849,1788339391565,418.9,-17753.77,1.687,20680.565032
0x10630c8130e44ed22d30d0a05488a10b44797a93,True,2000,870,300,570,34.5,600.66,14,1747873059726,1784138738212,419.7,4225.91,7.035,0.0
0x10632f80c17a4083183eb2678c3fe353d955902c,True,2000,1012,619,393,61.2,-8511.43,1,1763056984524,1788577665359,295.4,-8765.14,1.03,17658.877746
0x1067c9fcd1e1eb147645ce198a0c93feef891085,True,2000,1003,352,651,35.1,-1387.35,32,1776663894916,1780503099658,44.4,928.68,0.669,0.0
0x10683285caff7e1eaa44759cdf1faf3e8880834a,True,2000,1049,487,562,46.4,-1236.53,13,1786008619677,1788751871803,31.8,175.17,0.142,0.001663
0x10722ef7d9140ad4b47c427fac79932b5a89eb42,True,2000,1474,599,875,40.6,-25930.78,6,1788134514679,1788717361431,6.7,-2616.35,0.101,0.0
0x1074e4d8c2c6a637a3805e8669dc953eda0e9443,True,2000,1030,560,470,54.4,4402.33,16,1786453271765,1788529841901,24.0,2194.24,0.498,0.0
0x10761b48b1892a0fec8d808464d0c75216f6166d,True,2000,1230,79,1151,6.4,-366750.44,4,1788445779130,1788566413154,1.4,-3050.62,0.008,0.003002
0x107902a7438e82af93972ff4982eac6234795841,True,1600,731,234,497,32.0,-4159.2,11,1759102151660,1783009635225,276.7,5944.69,1.429,0.0
0x107a2d658fb2eee42e220c2c431057b0d69b9bc4,True,973,364,195,169,53.6,15362.92,11,1734440736636,1788202746104,622.2,1429.25,0.093,12762.032087
0x107a3e62969957f4c0be0340f457f1298acfe78e,True,2000,871,766,105,87.9,697.13,12,1788283157985,1788751341483,5.4,-17776.3,25.499,16450.423407
0x108298d0c6161f4862d4f9c8587691a621e8ee6d,True,787,437,186,251,42.6,-12282.5,3,1762076223745,1778481182055,189.9,-1001.7,0.082,0.0
0x10838ca2a9111dc202948aaf61ed1902e37a6492,True,982,478,269,209,56.3,-24640.94,4,1784698379574,1788052827582,38.8,-11963.57,0.486,0.0
0x10856915433b02e7d2bbdde9be3b48043d4ba75a,True,2000,1007,475,532,47.2,-120.18,4,1770217683526,1774881086399,54.0,-31.75,0.264,0.0
0x1088a3440e008024f6e6ed3b715e465a63ad0276,True,232,122,40,82,32.8,-413.13,26,1763815041248,1781252044582,201.8,-223.4,0.541,0.0
0x1093017072fc2c411ad14c80fc0de07c6d51f71c,True,2000,989,608,381,61.5,16602.64,5,1778124350016,1788746161196,122.9,-2770.75,0.167,6575.221683
0x1095734e174ed0fa5ddb96c537504ad94e2125c3,True,2000,457,50,407,10.9,44167.72,5,1782061755623,1788397251068,73.3,138841.6,3.144,260715.727088
0x109762305d500bd73f86620f9866a97867ecfa12,True,2000,1089,701,388,64.4,-47838.71,2,1774633709245,1774977209083,4.0,-22853.93,0.478,0.0
0x109a42c3ead059b041560cb6da71058516e7ba3e,True,2000,917,521,396,56.8,-15920.12,9,1770759712429,1784032218669,153.6,-3041.18,0.191,0.0
0x10a697ce490347130991e3e80bf4dd2bdef8d5c9,True,1627,731,182,549,24.9,-14897.87,34,1778854811882,1787836979077,104.0,-891.89,0.06,1761.982516
0x10a6f67410f0a8a854d7c63784b7f8dae8dc4d17,True,2000,1070,423,647,39.5,-1739.27,16,1777377179345,1780988303472,41.8,-254.8,0.147,0.0
0x10a7ac85ef2d678a4420c4dc59d8cd7dab8767db,True,2000,963,889,74,92.3,-59407.93,28,1782068076812,1788738355607,77.2,-32955.87,0.555,17570.113803
0x10a995ecd59840d7ff86d86d90be8bdcb76e257e,True,2000,994,180,814,18.1,-17986.47,21,1775580506742,1788396127515,148.3,2370.6,0.132,0.0
0x10b4c1fbcc63e90b8747c6f4f7b072b516c7d439,True,2000,998,566,432,56.7,2645.39,12,1786986322136,1788718355769,20.0,2708.01,1.024,0.0
0x10b6f072fabe21bc72ffd77ff5d4414e6cef2980,True,2000,1152,589,563,51.1,-22615.95,1,1780704054044,1787857672560,82.8,-68547.94,3.031,281876.594074
0x10b7ab5b57f6e0e716a57b8b83a9099f2c16bb45,True,1930,977,662,315,67.8,4818.42,22,1782215357735,1788750844795,75.6,1368.65,0.284,1515.753449
0x10bb13f3683c70bf9743554107c3ed559d49ced1,True,2000,877,485,392,55.3,-3025.04,26,1788228281733,1788748883939,6.0,-856.94,0.283,2052.149518
0x10bd91f488a277d65d10eecae7046d045ddfecb2,True,852,449,144,305,32.1,-6888.23,9,1754627776237,1780900021834,304.1,-835.18,0.121,0.0
0x10c114a9d35a0e825061e7e9c1b8ad7b6def200b,True,2000,737,543,194,73.7,33490.3,62,1780640621653,1788558324945,91.6,2078.35,0.062,0.0
0x10c2fbbc820dfa9ea775de769f2d0a86e9d0485d,True,2000,819,543,276,66.3,3560.83,9,1744220355488,1773773914374,342.1,-4885.07,1.372,0.0
0x10c4f3f0260fcf457deabd2201ee1cdbc13e0f9f,True,887,428,333,95,77.8,17160.33,7,1740082290642,1788721974802,563.0,-3306.56,0.193,19575.905946
0x10c568292b797801a5a351f6b4ebb1e76892e5d9,True,2000,970,315,655,32.5,-84693.43,10,1775635502970,1788624735441,150.3,-16582.77,0.196,9743.446574
0x10c7f2b4741f5686a42c9fb2002e9e50ca508278,True,2000,798,342,456,42.9,-8250.04,22,1787076703702,1788739200041,19.2,4753.38,0.576,7056.027978
0x10cb550996e85d0281448bf366500987b1c045ed,True,2000,641,342,299,53.4,-258.74,82,1780669524342,1788684370612,92.8,318.09,1.229,1265.806791
0x10cbdd394c92c2664c4584e7d9754fb9bcc3aa28,True,2000,251,232,19,92.4,1823.48,15,1778687105846,1788705138366,115.9,-3371.5,1.849,8286.677238
0x10ccd4136471c7c266a9fc4569622989fb4cab99,True,2000,981,482,499,49.1,-397.49,54,1788299171133,1788752198699,5.2,526.45,1.324,5792.687645
0x10cdc437cf87a47a30378795ebabd19e7a0296ec,True,1269,651,370,281,56.8,59428.7,36,1693765265825,1788458666373,1096.0,12606.72,0.212,0.0
0x10d0850433f7f91263607cd72fe38a881cfaf09a,True,362,188,107,81,56.9,-2373.22,1,1784827439638,1786598953814,20.5,-1451.36,0.612,0.0
0x10d11287eba086fd52ae41821fdb8d7e612eafdc,True,2000,794,436,358,54.9,2689.12,17,1787213689533,1788747237891,17.7,483.02,0.18,11070.923257
0x10d703041ec92d63ae04cacefcc07521605b73a9,True,2000,1051,834,217,79.4,42816.5,3,1767822592699,1788516852301,239.5,15520.17,0.362,29976.317478
0x10d7da9340e45a6ec6f93a495a7f9ae0e5075a34,True,2000,746,529,217,70.9,-279957.42,2,1782961434941,1787153286506,48.5,-108341.79,0.387,0.0
0x10d7ddc491074d3215627e0c575d1d95c201a981,True,1958,991,513,478,51.8,-457.95,19,1778291961872,1788728425732,120.8,4427.89,9.669,9604.0712
0x10d944a35f99c141b9121ec3693000531825bef8,True,1197,464,364,100,78.4,29172.15,8,1784727072023,1788701200834,46.0,3870.6,0.133,70804.878198
0x10d9b62cb111d407958c197e189d32a132813e51,True,2000,957,580,377,60.6,7195.26,54,1781053792504,1788486842202,86.0,3400.77,0.473,0.0
0x10d9dc2812ccb0ea9a9b89864def70a57a944890,True,2000,962,273,689,28.4,-56268.67,15,1788134915071,1788736918362,7.0,-3370.7,0.06,224670.474013
0x10da391e349b02b380359cb402dc908dfe660221,True,2000,955,773,182,80.9,17217.88,38,1778076870203,1788749738422,123.5,1667.55,0.097,7957.910329
0x10e8b17dc14e431ef82b511cde35c144ad2d9d40,True,2000,899,353,546,39.3,-2404.64,15,1768959795912,1788748706255,229.0,245.55,0.102,0.0
0x10e8fc9defd566d53918a8df2736ff632c663482,True,1489,689,574,115,83.3,56675.27,19,1752748214420,1788727888460,416.4,9035.49,0.159,26448.557606
0x10eadac3c42b809de31eee8a23b45540d05e57e8,True,2000,1199,270,929,22.5,-258282.89,6,1776315317797,1779289415503,34.4,-19507.66,0.076,0.0
0x10ef841db12ee85a487bed680eafe8c69a7be7eb,True,2000,1013,499,514,49.3,8502.35,21,1758975461499,1780643638106,250.8,1367.64,0.161,0.0
0x10f1d87fbb7617df5641d1c2bcb26f143f43202f,True,2000,756,314,442,41.5,-1212.89,2,1788738905496,1788752512395,0.2,-245.08,0.202,91239.321492
0x10f319c4af6beb3195459c6fa3f35827800aab41,True,2000,1140,437,703,38.3,14910.01,7,1779097141503,1782028828430,33.9,11282.48,0.757,0.0
0x10f8b7027df40ad26e412dab55803b9daceabc65,True,2000,989,488,501,49.3,-893.66,9,1786201996617,1788723874476,29.2,165.78,0.186,0.0
0x10fa553dadf3f6ca2699be35992d881b2a75f056,True,2000,1033,409,624,39.6,-539.75,1,1787311972895,1788712826299,16.2,-4508.13,8.352,0.0
0x11003fe27b764e6be22d21d76b9227b913865cb5,True,2000,905,249,656,27.5,-28228.8,7,1773755651302,1785955336977,141.2,6138.64,0.217,397626.665785
0x1104facf406a1ff5b1e1422c2c0e3b7d61adc487,True,2000,1034,415,619,40.1,-87988.54,6,1774039221865,1781598975167,87.5,-4552.65,0.052,0.0
0x1105651b56bba4325dcdee943ad3adfe8f658acd,True,2000,907,337,570,37.2,-3972.08,76,1775596728765,1788713925964,151.8,-3009.6,0.758,12111.275482
0x1109c41b8c7da74cf5e293219b2bbd3ad262340d,True,1236,773,317,456,41.0,1654.94,3,1754857826306,1778833703439,277.5,873.07,0.528,0.0
0x110abbf289b05fa4f18996485131e9480c7d3e2a,True,1109,500,358,142,71.6,-15939.57,4,1779651723688,1788729713698,105.1,-4617.0,0.29,84.213659
0x110c573350ca90da286d01d38136347fa3102cdc,True,2000,1022,912,110,89.2,10589.69,4,1774544947732,1776757914461,25.6,-1823.94,0.172,0.0
0x110eb927368c8173ddff27744db046939c66cc4d,True,2000,687,314,373,45.7,9287.32,39,1771159890632,1786386094875,176.2,3794.92,0.409,0.0
0x1111111b09c1f4b3f7270ff4519a74d0511e955e,True,665,304,150,154,49.3,-1243.46,20,1741773924537,1787590938701,530.3,-682.85,0.549,0.0
0x11114238a0ad78bd8cab7d6d1e7ea5c61637b08d,True,2000,984,470,514,47.8,1855.5,161,1749011648459,1778420974326,340.4,964.49,0.52,5000.0
0x1112e47bc822f800119e54e211bf1533ca847b66,True,2000,831,466,365,56.1,27682.03,11,1784992187133,1788749321757,43.5,1713.83,0.062,47394.090141
0x111529b9cf2c1f57a9ec4bb9e6451b6178ca8832,True,2000,848,385,463,45.4,-3279.24,22,1775995219397,1777650359476,19.2,-1897.84,0.579,0.0
0x1116b5fcc070945062e8879841c29807db373d0d,True,2000,188,188,0,100.0,7776.44,3,1788550836197,1788745711953,2.3,676.74,0.087,0.0
0x111a93a73e399c9442e6db1b0050d828db1bedf2,True,2000,892,461,431,51.7,7268.29,16,1756344756739,1788625226299,373.6,-1899.36,0.261,0.0
0x111ba988730696e80cea9961081310c07f6e9388,True,2000,1045,544,501,52.1,6777.87,7,1784652450101,1787315364026,30.8,-1543.25,0.228,0.0
0x111cff56fc27d8d2a6e73f1b1880d5dae68efc43,True,2000,887,426,461,48.0,-101327.73,36,1778792752110,1787097600012,96.1,-6897.86,0.068,0.0
0x111d5c4941f71b52e2a2d44fa2424e034da7270e,True,2000,1035,403,632,38.9,-313.52,75,1784318411434,1785328229838,11.7,-174.19,0.556,0.0
0x111ec789c0b1f9b561d78140cd43e71fa6f5e141,True,473,357,295,62,82.6,171544.71,5,1738176575806,1784953958812,541.4,10654.83,0.062,0.0
0x11208dfb0be8ae9e3cf7ffad176261b632dcf40b,True,2000,979,780,199,79.7,1690.22,61,1763540201880,1788686940237,291.1,1997.43,1.182,0.0
0x11221d1147970227396059e57eccaf30f354f725,True,2000,906,310,596,34.2,-3606.87,18,1738796973495,1776364610411,434.8,1402.66,0.389,0.0
0x112420382a5c5322aa89825948a9240ab2b05790,True,1625,723,225,498,31.1,-2980.58,7,1775793373153,1782925548573,82.5,-787.75,0.264,0.0
0x112819b32d30680790d9caac04b656dd52da21a1,True,2000,804,540,264,67.2,-38290.5,20,1773494183114,1788682741462,175.8,-13168.62,0.344,22022.30457
0x112e64fae34fd670a1ff01df3c1e61f11fd50891,True,1872,928,694,234,74.8,-20496.42,3,1769971846413,1788700376933,216.8,-8134.25,0.397,2074.052288
0x11302831dac338809ae423c53e597ef0df3ea48f,True,2000,640,246,394,38.4,-42703.46,11,1752728350315,1788727577439,416.7,-5259.69,0.123,0.0
0x11323ee60bcd574f76b168f58c1425a69b3bfc40,True,2000,1039,647,392,62.3,-21897.1,8,1773746335544,1774828800038,12.5,-2798.52,0.128,0.0
0x113b2d77c1147c864d76302cea39bcf8a1459357,True,2000,577,361,216,62.6,16617.26,2,1776121871487,1780638780039,52.3,-8676.42,0.522,0.0
0x113d43dc9e9a687e6e3df975d2acf31cb89bf8d9,True,2000,987,520,467,52.7,370.16,2,1783709823940,1787747424419,46.7,-2951.29,7.973,0.0
0x1141ee31d51ca48f54235e9920c3b938d278e40f,True,1666,833,421,412,50.5,8115.05,4,1780559126220,1788670534828,93.9,3241.53,0.399,6560.775439
0x11471fa47d1961c4f5f2f0df50259b3556a2aee3,True,1782,894,202,692,22.6,110235.16,10,1751434589172,1776231385955,287.0,126509.62,1.148,0.0
0x1148e08cf2be34273a3b23eb4b83d71605991e66,True,2000,967,487,480,50.4,3875.08,8,1782636470405,1788525081362,68.2,-1050.58,0.271,0.0
0x114dc2c90b61ef68b6ccb45d8e9902609cb08f9d,True,2000,1015,474,541,46.7,110336.39,9,1788133565130,1788727750206,6.9,-3581.4,0.032,375409.969682
0x114ed583edb30e48b9b962a5625610c46c462442,True,2000,1106,530,576,47.9,51972.66,29,1782196000214,1788705300869,75.3,3677.3,0.071,43467.357815
0x11500b6ac055e4b17144f826c025abdd0b88157e,True,372,255,224,31,87.8,-10048.78,9,1734685658135,1787276899296,608.7,-9425.19,0.938,0.0
0x115184e431375e9ea6b2d7b109b79e6b8123bb23,True,1367,609,317,292,52.1,1668.29,13,1761274644911,1788733018089,317.8,3879.92,2.326,3960.431
0x115231b1c0ad58f97944f8e69ef0dbb35f1cd055,True,991,407,299,108,73.5,46403.18,1,1734039698524,1788499372083,630.3,4334.87,0.093,34512.574104
0x1152d8bcc5c2d3df74183b9386b01e6d876882f3,True,2000,1017,652,365,64.1,31345.3,11,1781441509014,1783455809995,23.3,3226.49,0.103,10.979914
0x11573d2d4fe87c4295f2dfa5536116bf3ded824a,True,2000,996,332,664,33.3,-1219.55,10,1781137171247,1781915524610,9.0,1357.26,1.113,0.0
0x115849ce84370f25cadcf0d348510d73837e1aa5,True,2000,660,272,388,41.2,-244101.58,6,1785469959106,1788648934538,36.8,-28486.44,0.117,1772901.210173
0x115bf7f48f128bc2cb7c0167a88f6f9107f5e10d,True,2000,865,418,447,48.3,-346.57,10,1788270776050,1788752815763,5.6,72.24,0.208,8417.926295
0x11615843a09fa765d98ebf3eb15690450ef7e60a,True,2000,1054,907,147,86.1,132309.35,4,1771062231905,1787907172668,195.0,-61366.8,0.464,0.0
0x1162e2c16009153cc44b9353cca481e2ac2aac3a,True,2000,604,601,3,99.5,181471.04,3,1758798679620,1788471271473,343.4,59879.32,0.33,46763.227762
0x11645c3264dc73a60a81ec4760d62140dd073b2b,True,2000,1261,1054,207,83.6,-338427.3,1,1787021687722,1787153254538,1.5,-129098.0,0.381,0.0
0x1165647bdea6b9cb851f4ce99a2a0a66ea7d1356,True,2000,678,677,1,99.9,10775.94,18,1777862478357,1788445580444,122.5,385.43,0.036,9226.289471
0x1169a721e2e2052ac3768ca3a6e120b745247097,True,2000,951,596,355,62.7,864.38,49,1779147596730,1788540120503,108.7,-10753.23,12.44,0.0
0x116e8dad560c91f1b29c782304929abf884fd3f6,True,1030,544,301,243,55.3,-1047.14,3,1776365617821,1788483734149,140.3,-911.95,0.871,0.0
0x11715995659c73e19abe5836ea5901b8a8cb4f79,True,2000,805,188,617,23.4,-1083.46,7,1781913645971,1787247617396,61.7,287.74,0.266,0.0
0x1172f4200424adecd8caedad096ad3fbb6e333f3,True,2000,1043,198,845,19.0,-4389.57,24,1782489660184,1787163512195,54.1,282.23,0.064,0.0
0x1174c19e08d5dbf3444c6376d6583b2d4f91cb65,True,2000,968,357,611,36.9,-7806.26,16,1783263670837,1787754775516,52.0,535.38,0.069,10689.360264
0x117603dba8cada7324093542681efcb2d97b4a34,True,2000,1041,664,377,63.8,30647.27,4,1788122176285,1788624762121,5.8,2440.73,0.08,0.0
0x117a7c349b953d54154312d97a20c9a2769adbd4,True,2000,665,35,630,5.3,-314.12,12,1786478703331,1788694916211,25.7,-169.21,0.539,0.0
0x117e2f6258afda15b837def6c942e6bcac1ffbf1,True,654,365,237,128,64.9,19895.45,4,1769249016214,1780596839637,131.3,5793.57,0.291,0.0
0x117f1f13209de72ae7a3ff6d75397117f39a9d3e,True,2000,688,519,169,75.4,-212511.81,3,1778768531059,1780557339629,20.7,-107304.11,0.505,0.0
0x1180a4417bcc258387824ee2e50d1b3dba183f87,True,599,295,100,195,33.9,-8656.22,11,1739894270584,1787484258747,550.8,-3572.93,0.413,3281.735366
0x118624cb30b87b207fc287495baf376865474c98,True,2000,1958,1620,338,82.7,-16931.97,68,1781493419340,1788711402029,83.5,-6703.1,0.396,32229.76542
0x1188bc55c6bc64a149e646a1689937abd74b2f07,True,2000,1073,635,438,59.2,-12272.92,15,1780618565225,1788705906051,93.6,6733.6,0.549,7952.941446
0x1188e4d6c751d79e27cbf38309803b998318a7e6,True,2000,885,267,618,30.2,44922.02,17,1784581766413,1788527103662,45.7,18715.63,0.417,27808.056089
0x118a87c2f8e06da3025f33a627523596fd4fe8c5,True,2000,842,442,400,52.5,-36366.43,8,1759006215989,1778853084314,229.7,-6833.92,0.188,3169.821029
0x118c6cb819f6a585885241d582f992840fd73de5,True,2000,790,350,440,44.3,111335.45,19,1780667993856,1788569576256,91.5,-8112.6,0.073,92891.156801
0x118ce6448339baaf86841fee7ba674e01b2856d5,True,2000,1190,1183,7,99.4,4855.31,29,1788274219423,1788753121044,5.5,-1623.15,0.334,10100.613126
0x118e6eb5522e08fa231200aaeb4655a0b3da0e8b,True,2000,940,512,428,54.5,41405.95,9,1785757325019,1788419053703,30.8,6927.43,0.167,0.0
0x119491f739ef71db5e724090d9d9da8b71fef5c5,True,1950,730,603,127,82.6,30214.05,13,1774582257842,1787560837047,150.2,3798.01,0.126,18852.666666
0x1195a05a2866c82af16fe7b562dd292f3d0ed513,True,1189,617,226,391,36.6,-555.3,6,1777569061779,1780348611132,32.2,-224.76,0.405,0.0
0x119786ced616674304d8c559245b1c89d5ee0c36,True,2000,981,766,215,78.1,7312.63,5,1773521082527,1774675556644,13.4,-306.27,0.042,0.0
0x1197b8dc1412892b03f90220e59939af1f88d3be,True,2000,882,515,367,58.4,-28301.76,7,1775443226442,1787177291410,135.8,-11232.63,0.397,4431.88072
0x11992efdd36087dae6de4413c47dc79a2f8e61af,True,2000,762,187,575,24.5,-9531.49,6,1785799287807,1788728771188,33.9,-2414.3,0.253,8877.129603
0x119d3f5250ab969a659ed983c55c2ed787213fe5,True,497,247,88,159,35.6,12489.2,8,1769991874086,1788525102973,214.5,6396.67,0.512,0.0
0x119fe89cf50a0c25521f7398dc3ee08d45f0f22c,True,2000,955,722,233,75.6,2245.02,26,1770888826809,1787365020704,190.7,-962.8,0.429,0.0
0x11a691612bd108e57cc04ea42b006c9cb1ff006a,True,319,208,149,59,71.6,12929.69,11,1745893359234,1785316927056,456.3,1550.9,0.12,4168.660391
0x11ade46aa8f0043da31e778d11e0b15651d8b436,True,1105,333,137,196,41.1,-124.53,60,1727609024960,1787948687056,698.4,-6021.04,48.349,14119.523333
0x11af3ab88df700491cf86e9094a00e15f064f414,True,315,111,100,11,90.1,24645.62,13,1747140378144,1788110150785,474.2,3094.86,0.126,0.0
0x11afccc503d20af253e586a25235235d446a2d18,True,872,19,0,19,0.0,-583.94,4,1769558674313,1780617600043,128.0,-98.0,0.168,0.0
0x11b40823f92abf25e1dc6e1a322976b661ffcc9c,True,2000,861,551,310,64.0,-138413.33,5,1783537210194,1788451999493,56.9,-35776.39,0.258,28340.081771
0x11b6ccc31cb488f491e57d8f2d4e1b549a2442a4,True,2000,1045,788,257,75.4,26349.33,14,1772270701318,1780059448130,90.1,1080.18,0.041,0.0
0x11b8a2cf3128ed49fc203867b59ba698903095de,True,240,121,56,65,46.3,2145.38,7,1750859271182,1788240962668,432.7,565.04,0.263,0.0
0x11bb0c05b37c22a0f92075c16ff9a393200b4a94,True,2000,1156,867,289,75.0,6812.24,20,1776620918753,1779386556019,32.0,-1109.37,0.163,0.0
0x11c1f56e8f7139023fdb49b453243ac5a9d85145,True,2000,289,258,31,89.3,-12088.18,7,1757593820324,1787920385864,351.0,-4369.2,0.361,389.585135
0x11c4120a07fefb41fa5a465c69075167c46198ad,True,436,236,51,185,21.6,-1477.18,9,1766065343844,1781429195652,177.8,116.81,0.079,0.0
0x11c4e16d53481015d212d8e2f92c4ec3da31a501,True,2000,1000,383,617,38.3,983.66,20,1782450131761,1788230052294,66.9,150.87,0.153,0.0
0x11c69a41c0dc87f8021cb192975b7fcf6b69e21f,True,501,221,123,98,55.7,8037.07,3,1784031838502,1784732262592,8.1,2354.77,0.293,0.0
0x11c8921a1f37fe15615d001e8ddc3883f2232294,True,1504,910,373,537,41.0,1427.67,20,1748345244437,1787941954928,458.3,598.48,0.419,0.0
0x11c92456a55acd3d04e4ffa5750cea91d3910140,True,2000,539,270,269,50.1,-19609.97,3,1783401079575,1788738248861,61.8,3205.65,0.163,1815.248355
0x11c9ac11ce9913e26faa7a9ee5b07c92b0c8c372,True,2000,1146,747,399,65.2,-25396.1,5,1779139240390,1781529561752,27.7,-3695.25,0.146,0.0
0x11cbdab9c739890b997e8ed519aa569d299ffd7a,True,109,31,23,8,74.2,-674.71,1,1773303257826,1774824316831,17.6,-768.79,1.139,0.0
0x11d61fd03ac9f907ac820e7bcb372de6fd1b5677,True,241,103,67,36,65.0,7094.25,1,1783572100878,1784505599027,10.8,5146.4,0.725,0.000462
0x11d67fa925877813b744abc0917900c2b1d6eb81,True,2000,911,430,481,47.2,-44037.36,18,1772952905745,1784592000040,134.7,-8229.47,0.187,0.0
0x11d69da21845af23cddd7a0d0f75fc702af10588,True,2000,915,337,578,36.8,50593.0,6,1758933224849,1780315123942,247.5,17952.95,0.355,0.0
0x11d6f0f8f4465ab67944e60704b492a6783e08b8,True,91,47,47,0,100.0,5659.11,3,1787553501595,1788520413593,11.2,1420.2,0.251,0.0
0x11da679c9d8cc777485781f94400eab8ab79ac54,True,2000,964,571,393,59.2,38228.71,12,1771473582518,1788280780491,194.5,4018.53,0.105,0.0
0x11dcc4d142efd97f4150d29ba65432d532f9524b,True,2000,941,419,522,44.5,-7783.43,9,1749789477506,1788666192744,450.0,-1489.08,0.191,526.903455
0x11e145d11145793fc99697612ab4e7cdcfe9c5fb,True,2000,910,688,222,75.6,16392.63,15,1776587195632,1780832251427,49.1,-9789.42,0.597,0.0
0x11e1fdcfb680ed1e71ad336adac324d37202263c,True,2000,1269,443,826,34.9,-14887.45,9,1787080139325,1788736851974,19.2,-850.85,0.057,0.0
0x11e64cfe088a23ea57b1326a4ada88e564716796,True,2000,889,859,30,96.6,152418.46,3,1788095385280,1788749069494,7.6,30569.93,0.201,0.0
0x11e668bb53e8a9070856aea9645fa58820a0e4b8,True,2000,928,443,485,47.7,-953.41,7,1779400579810,1788604583241,106.5,668.12,0.701,0.0
0x11e70c06728598f28c79d6218f31663bde539091,True,2000,884,503,381,56.9,483.85,19,1774114602047,1788742447047,169.3,-1437.68,2.971,1147.551849
0x11e847bb79ea33bec22b7aa8556af959670ddae2,True,2000,1175,399,776,34.0,-595.52,14,1775602270244,1780012800066,51.0,-535.23,0.899,0.0
0x11e89a62c459e89a70560ca1e0dcb40cffb50099,True,1065,482,321,161,66.6,111.04,56,1776149111028,1782138825416,69.3,-303.46,2.733,0.0
0x11e9bf0a8af0208ccdca4ef74419a7da92e97979,True,2000,1061,574,487,54.1,-25671.22,25,1742380240675,1773912489685,365.0,-2454.52,0.096,0.0
0x11eee2e0a613af4f636e23ff295e2dac6a191d1d,True,2000,1271,422,849,33.2,-1163456.59,16,1787169028108,1788750233305,18.3,-51946.95,0.045,47822.3
0x11f46fff2624737aa0d38507e761b6ef770eb94d,True,2000,1012,783,229,77.4,116341.44,10,1786227543438,1788748754276,29.2,5482.19,0.047,17448.287824
0x11f53dac6d27c6fcbc5ad5c81bc908dba7e2c989,True,2000,951,423,528,44.5,-33203.09,25,1781272405918,1788556522269,84.3,-4819.1,0.145,2954.348056
0x11f5d1c847fe45eaa7e14191ce64e0aabfb24fe1,True,1098,514,272,242,52.9,-48287.98,11,1757700731180,1788241436158,353.5,-7199.61,0.149,0.0
0x11f6620d6055fe8d044f49bf3a0a2d0166b9ad85,True,2000,1078,430,648,39.9,6761.14,52,1778574509316,1780871357596,26.6,-639.9,0.095,0.0
0x11f82f011e077d715b86fac0a67712d16c541443,True,2000,1032,448,584,43.4,-10776.54,34,1758985547434,1774673935824,181.6,-2332.2,0.216,0.0
0x11f983e27eeee948adeed42e7346bc07fc878fc6,True,973,402,282,120,70.1,9709.54,19,1739631899322,1788171029265,561.8,-1489.0,0.153,3021.083788
0x11fadf829a9d8f67a7159e26866aab0c5b5b9f16,True,2000,1038,656,382,63.2,-6199.83,16,1785928384339,1788740886857,32.6,-2173.13,0.351,3037.077575
0x11fb0d184263225aaa55a2310bf911559a019540,True,2000,799,783,16,98.0,14374.21,1,1761521409605,1788752408256,315.2,555.69,0.039,50827.2324
0x11fb977e511eb5a9dd01371840d9ba09ef7736d2,True,2000,916,239,677,26.1,-3651.92,23,1782913058532,1786590576921,42.6,-10823.9,2.964,0.0
0x11fcd60092b0b318f72863c27e295f24bf719069,True,2000,890,372,518,41.8,4271.21,3,1782997624679,1788709868078,66.1,3606.92,0.844,0.0
0x12005341b59122cebdc4c7b9c2203b5cadbb9789,True,1303,538,132,406,24.5,-35655.16,2,1774979640458,1788573096404,157.3,-1794.26,0.05,36090.209731
0x12014d60057a1aeec8fb0abe51d9d4dedc543641,True,2000,739,371,368,50.2,-3697.06,12,1775133978857,1785246259408,117.0,-4708.34,1.274,0.0
0x1201992ebd8e2016a787c20d3a1240dd95a86145,True,2000,895,571,324,63.8,-75566.2,16,1767985959212,1787527950443,226.2,-22118.97,0.293,7186.699786
0x12073bcc7a5e55dabc1b056b540c9a3035f1a558,True,327,163,73,90,44.8,57.2,7,1773165777073,1783256965685,116.8,54.01,0.944,0.0
0x120d47f23f857cf766d0d48e96d0509e7dce0dba,True,1472,774,774,0,100.0,171252.31,6,1783440362904,1788732077816,61.2,13316.54,0.078,388197.517959
0x120e430737c8892e5023486a65e0741348632c89,True,617,274,92,182,33.6,-844.17,11,1772483598571,1775925564069,39.8,259.74,0.308,0.0
0x120fc6ca2082ac6074b9e952189b8a3db75ed08c,True,1181,620,348,272,56.1,-61257.3,6,1775033968839,1776501757060,17.0,-7608.99,0.124,0.0
0x120ff0f2671e8f9db47c9ba0364208f0c6698ab2,True,1785,947,652,295,68.8,1258.58,21,1761959043938,1777542710911,180.4,-799.06,0.635,0.0
0x12135a10b522fb2291fb00b7146c6fa8abbaadb4,True,1154,594,383,211,64.5,-1064.94,9,1707957687963,1788732603037,934.9,-3855.53,3.62,5496.993452
0x121364cb17928c002b5b1f1723f39ebdd4cae1d3,True,2000,1059,293,766,27.7,2771.62,10,1764057428936,1786631655363,261.3,1192.77,0.43,0.0
0x12144076c09f64d01ebae488274755533ce07210,True,2000,1142,153,989,13.4,-57555.5,11,1775479371877,1783082973982,88.0,-3775.51,0.066,0.0
0x121a9ffb9b4d3126e8c1d89d98fb3767dc0fedc9,True,2000,896,390,506,43.5,-363.35,18,1788241007145,1788742740115,5.8,1448.57,3.987,18778.33061
0x121acb29e168cc9e97dbd7b280ee8baf2cb34c6e,True,2000,927,548,379,59.1,131756.08,9,1785280417202,1788751459638,40.2,17629.72,0.134,284296.345289
0x121fefe00c573c04a4d7dfa1b22b945f83baed48,True,2000,1019,379,640,37.2,-4272.7,9,1783470151021,1784075733150,7.0,-592.14,0.139,0.0
0x12203316069a9d155cdadaa94a8e4b3e40ce6447,True,2000,1560,1233,327,79.0,1798.24,40,1788682536678,1788752724920,0.8,190.94,0.106,35404.17098
0x12233b83647d2b87392c103bff26c751dd927557,True,2000,681,251,430,36.9,27862.05,93,1785247914846,1788743238829,40.5,9869.89,0.354,14351.72702
0x1223776bf953ee798a53a34109de5e680cf58180,True,1988,923,882,41,95.6,156659.98,22,1741669692039,1788700920861,544.3,-13087.61,0.084,129304.346613
0x122d6128e43bce5c0bbb49e672b7b4b170968fec,True,944,486,174,312,35.8,-18467.46,26,1732928890305,1787276897010,629.0,-4287.63,0.232,0.0
0x12315fdcbb038452d52e3283eae6859017b163ab,True,2000,984,722,262,73.4,726.46,18,1783329790387,1788100528927,55.2,-1023.16,1.408,0.0
0x12325dcb8c3603b6128f980a5eb26f6857aa81d4,True,2000,1099,439,660,39.9,-25916.86,1,1780440064425,1782193979505,20.3,-10169.31,0.392,1620.884247
0x1234117071c4d402017640913511d0b346f6cddf,True,246,114,88,26,77.2,6464.74,30,1760763046376,1786157468507,293.9,869.85,0.135,0.0
0x123dbca6a27005a3c4ce10cb66ee8ece8fc13bff,True,2000,1344,619,725,46.1,-15723.48,6,1788739881289,1788753614357,0.2,-115.92,0.007,5017790.462044
0x123f1c8d9f49bba27083e3b1510bdb0a2cad4919,True,2000,906,299,607,33.0,-19231.95,7,1778426823074,1786099978940,88.8,1630.5,0.085,12917.193
0x12407aeba9e0401acc06ef79f1eb9d9cba82f921,True,1609,783,674,109,86.1,21117.49,19,1733049122269,1788696831573,644.1,1427.62,0.068,0.0
0x12443eb536d34d96f5106a84ed43c1dad73cd380,True,2000,1038,542,496,52.2,1406.91,15,1788212383002,1788739311010,6.1,152.1,0.108,0.0
0x12450c37e1b38da5704242725a4ad4fc14f53084,True,2000,1140,698,442,61.2,-1169.78,29,1785461068466,1788743814289,38.0,-5125.31,4.381,14224.228608
0x124c67c8dbb49b77e73092290c09e0ccaa4a43b2,True,2000,765,413,352,54.0,-2758.27,12,1782543121968,1782689460711,1.7,2262.92,0.82,0.0
0x1252bf1beea27b001d2e324069e92d83722cd40f,True,2000,1030,360,670,35.0,-8308.77,17,1783907847113,1788733798660,55.9,2095.56,0.252,890.610141
0x1255527962f97b0251930153215d9e8af3503c3e,True,2000,888,810,78,91.2,10415.88,5,1777929005769,1788722466316,124.9,1910.81,0.183,37946.362809
0x1256d61968a62465e473eca891d8112a5270ee81,True,2000,992,238,754,24.0,-9277.78,10,1787933151638,1788748606790,9.4,1505.76,0.162,11100.126866
0x12570b7221020510c5746e240e1c08bf3749ee59,True,2000,893,791,102,88.6,7245.37,3,1777447111006,1778585074663,13.2,1600.89,0.221,0.085647
0x1257567ae8c2c46c236108acce3380b812858ed8,True,363,199,83,116,41.7,-1044.68,6,1783297959605,1785357354282,23.8,590.31,0.565,0.0
0x125aecd643d30a0910733ac99d5be8a3f6710a97,True,2000,1082,445,637,41.1,-550.62,54,1781023878796,1788688886148,88.7,-60.88,0.111,863.907552
0x125d6dca04f40314abe807b23fec921df52ba278,True,1962,951,485,466,51.0,-3463.05,125,1778542689556,1784265454674,66.2,1635.29,0.472,0.0012
0x125dbe70459b36a4c71664dcc97224eafeb4aee0,True,46,35,32,3,91.4,22594.8,3,1753674676641,1779879238848,303.3,5981.06,0.265,0.0
0x125e1b59283bf5d99ac4f94de81635c699ecbf1e,True,2000,1040,430,610,41.3,-2342.37,39,1779464510053,1788307200047,102.3,895.1,0.382,0.0
0x126176b45e7f472b570bea18ecf893a37e97fc8d,True,2000,945,648,297,68.6,-22765.89,18,1780530805506,1788381439721,90.9,-8456.77,0.371,0.0
0x126266e653077a86e4c09a291ed746228d2b5089,True,2000,1013,370,643,36.5,-67.02,52,1784561672332,1788691202948,47.8,59.67,0.89,12574.899448
0x12632d9e35a85aea80da175c253bda4e0220d4b5,True,854,391,231,160,59.1,1301.93,34,1783189196945,1788670268144,63.4,316.69,0.243,1070.305094
0x12651d08f86bdac553a60c8ec096b82bfcee5677,True,2000,942,566,376,60.1,28641.29,29,1767659128455,1779580800038,138.0,5744.83,0.201,0.0
0x12680681f19e5713371ffe372f1e7f830ac7e144,True,281,153,53,100,34.6,-7842.67,1,1778593944641,1781020887155,28.1,-4543.4,0.579,0.0
0x126a69d48ae7830c88cacbe46ca6b4a55b0e9bd2,True,1878,842,587,255,69.7,-35242.38,1,1787184232479,1787361629020,2.1,-9847.12,0.279,0.0
0x126b621a55a2e6230e36a086013c10ffc2dc4e4c,True,2000,968,439,529,45.4,-30096.59,32,1749158120107,1781572919999,375.2,-17884.15,0.594,0.0
0x126db729b47dd5e2fd34565e8d5a4e696b36b3a8,True,2000,1059,439,620,41.5,-25145.82,2,1782831819416,1788728832045,68.3,-8392.5,0.334,0.0
0x126de89b1cb7751cbd0f2ad9f3cca86e48e70b00,True,132,89,74,15,83.1,29431.5,7,1754335154853,1785302756623,358.4,2850.91,0.097,0.0
0x1271bf72a18549ee6d2ea3ab7e5dd4ae1c4eb05f,True,2000,977,705,272,72.2,53655.75,2,1778685542308,1786572084751,91.3,3300.0,0.062,33931.439996
0x12732a091474485e45d76527f80f518331143055,True,2000,974,555,419,57.0,-3763.74,31,1787119821364,1788748294422,18.8,-3105.71,0.825,53756.827407
0x1279697ff2648bb1437d07bd3fc21e0d989f5334,True,2000,1683,353,1330,21.0,-20876.79,11,1781021838517,1785505482637,51.9,1130.04,0.054,0.0
0x127bbc2904dbb53cf601782fc12fa4fd633394e4,True,2000,884,362,522,41.0,-4416.56,27,1787776036530,1788709319659,10.8,-2013.57,0.456,4700.184423
0x127e8d8c3bbcde01987051a79debddb64ef77978,True,2000,1005,366,639,36.4,-983.36,29,1773774630253,1787333212828,156.9,480.15,0.488,0.0
0x127fa43e17ea1a819cd07692ee17d4f65e927564,True,2000,1291,409,882,31.7,-323696.39,47,1741092455360,1783918646449,495.7,-10853.2,0.034,21361.602136
0x12808ee0d6b9fd4723487b3dc110452b2bf75fba,True,2000,1384,133,1251,9.6,-40303.63,19,1781704818733,1787774163143,70.2,19160.32,0.475,0.0
0x1283a94c464e1c97575f43899da86d963eaa3051,True,2000,553,191,362,34.5,2054.18,19,1779475451626,1788669730199,106.4,2451.41,1.193,9075.625674
0x12862f5031efb3ea081788a431c918217c8256ff,True,881,410,164,246,40.0,2188.03,24,1767398999585,1787480766213,232.4,2713.47,1.24,0.0
0x1288e2a88c6dc5b3862d03f90c188d0e478bcebc,True,2000,1135,755,380,66.5,18023.53,51,1746092369825,1780559177173,398.9,7186.02,0.399,0.100438
0x1289361cfaa06d4ea369cb2b3f0a80ac6ee77859,True,2000,749,424,325,56.6,-14133.1,44,1748078398377,1779336938080,361.8,-3703.71,0.262,0.0
0x1289894a932ae5b4679b236f96eae4236f4ee9c4,True,2000,1141,244,897,21.4,-14344.12,9,1782501210029,1783842479452,15.5,3361.8,0.234,0.0
0x12899fb8cae04322d0ac6e9e018ce17c91ceaa7d,True,2000,962,416,546,43.2,-56372.59,26,1776885603871,1788459707191,134.0,-15124.25,0.268,0.0
0x128a0166fc98533bd15318baac68c511279977ae,True,195,62,55,7,88.7,721.52,15,1756385083228,1788646001071,373.4,92.66,0.128,640.430698
0x128a57501d175c14a4df19508981a61aa337cd25,True,785,428,180,248,42.1,-19201.4,10,1775656228476,1788534106730,149.0,-3234.71,0.168,9804.097669
0x128b55ff0c075090e1773232cb3fdd8d4e2c45ec,True,2000,739,717,22,97.0,41947.62,15,1770027706938,1774163224129,47.9,3268.2,0.078,0.0
0x128d456203c4eafa0d996904389fad7204595391,True,2000,996,988,8,99.2,4499.93,2,1788579308049,1788753863901,2.0,48.83,0.011,0.0
0x128da6a27272dd4afb1a265f619298d00f2b8b52,True,2000,1101,931,170,84.6,22119.62,1,1770736813927,1788627189051,207.1,-6528.1,0.295,3769.416308
0x128e07babe3bbbd46b480a93bb4ab8bd21fc4131,True,2000,1594,0,1594,0.0,-703579.23,1,1778174587441,1778261595993,1.0,-22356.99,0.032,0.0
0x128f551d74c9693c2467376322c889a2e7b7fc3a,True,516,195,123,72,63.1,5759.99,27,1734233643036,1787541375404,617.0,-1205.02,0.209,22306.170218
0x128fae9d18a2f70d98a03c26bf17b67d97ce1f3c,True,2000,885,507,378,57.3,-120337.85,17,1763647233406,1787781338145,279.3,-47464.08,0.394,0.0
0x12920c17acb822f40d1b62ef776e28637e982547,True,1107,533,282,251,52.9,-7613.64,6,1761482269014,1777511000679,185.5,-595.48,0.078,0.0
0x1294ff538c184bdc4fc9fe5471b8cd324763b5b7,True,2000,935,570,365,61.0,-79543.18,2,1777563814265,1779522658075,22.7,-15671.92,0.197,0.0
0x12950c240b198c2b8a0e02d88ddcac160079ef6a,True,2000,1101,492,609,44.7,-19278.7,18,1788641746435,1788753719936,1.3,-1113.86,0.058,136726.712362
0x129955a73aceb78a4c77dc2b968ce3f9f84db1c9,True,221,119,97,22,81.5,-15613.59,9,1734393904449,1787738557029,617.4,-11316.09,0.725,0.0
0x129a30cb045273bb5882b46b5008e48c5c3de08a,True,621,310,165,145,53.2,-29313.13,6,1765451494342,1780751367764,177.1,-12821.13,0.437,17445.225158
0x129a76ec1bf4ecb099e65f976273855a5d258ab5,True,2000,798,384,414,48.1,-59629.53,21,1762190808040,1776593509907,166.7,-5207.6,0.087,19471.469492
0x129f8031ada05d2ae924ee813bde2f71cf198c75,True,2000,1018,930,88,91.4,5352.57,99,1783014881474,1786950305874,45.5,345.0,0.064,0.0
0x12a23a6a0cd25f342d7668fd0c38dcbdd87dd9a8,True,2000,872,815,57,93.5,16319.28,5,1787432373152,1788753460081,15.3,573.14,0.035,50340.560467
0x12a39f781e1c2b4cffc4e8e42685324245199a46,True,1341,458,290,168,63.3,-1333.18,30,1753712205129,1781476921710,321.4,7861.79,5.897,0.0
0x12a8244e53f0d2726e044f82803e1d9bf4ab00b0,True,2000,1020,283,737,27.7,-1514.52,37,1749181371344,1780809235561,366.1,350.45,0.231,0.0
0x12a877abd05686bf7a655d6a941176f016a0d2fe,True,2000,982,982,0,100.0,385411.46,1,1788450045141,1788670474787,2.6,23885.87,0.062,701370.1057
0x12b1f227b5bdaa31914c9d7c417619addd299ae8,True,2000,942,301,641,32.0,-1442.5,26,1780321659336,1785717214196,62.4,831.64,0.577,0.0
0x12ba6d7c2e4157835b8c17070cad80e86fd766f3,True,2000,866,414,452,47.8,-19172.42,19,1768320403349,1781521217300,152.8,-2277.82,0.119,0.0
0x12bdbd1f83ac7ba394f0775ca541d47cf37ab112,True,1515,708,227,481,32.1,9843.2,18,1762503530198,1788705118020,303.3,1045.75,0.106,4358.767442
0x12c0c77f1f6604faff4857de9fd89660a1a3d850,True,594,273,222,51,81.3,-9.35,1,1773348336921,1775899323752,29.5,-1186.8,126.922,0.0
0x12c206d3e2f0d0059420c54d33fe604ebbecc230,True,2000,1104,727,377,65.9,-3449.42,14,1780933127318,1787859588021,80.2,-119120.11,34.533,0.0
0x12c445bdad9de607311e32a57eb381e2f5e98ef7,True,2000,872,676,196,77.5,16359.65,20,1771684429508,1788566242017,195.4,9551.76,0.584,0.0
0x12c59294cadae5d66861b2dd375cb174bdc967ab,True,2000,993,330,663,33.2,-437.6,52,1784622700808,1788705085359,47.2,57.16,0.131,16531.221628
0x12c5c684dce69f9cb0dbdb5e0b0e38865e2d655d,True,2000,361,322,39,89.2,26360.35,30,1780538517636,1788753640235,95.1,4914.77,0.186,14852.505811
0x12cb1df7117d7b7966c064116222416534d9c6ba,True,284,111,62,49,55.9,1647.73,4,1777253259452,1782126407449,56.4,781.15,0.474,0.0
0x12cdb0b0ada763c47251567545746b8ba6402c75,True,2000,976,203,773,20.8,-17632.51,17,1787281974709,1788747194817,17.0,2029.15,0.115,63518.857984
0x12d1f7f6f7970c08f513c3c89c2df0cb18aa45f5,True,891,484,249,235,51.4,3480.24,6,1781549011387,1787702100479,71.2,1052.15,0.302,0.0
0x12d5bb835baef14c934c8ee917f9c3fbf5a1e5a3,True,970,509,317,192,62.3,4113.48,7,1772260979129,1782919551037,123.4,3884.27,0.944,0.0
0x12d665be8592759772483c4c7f99a2e4239949d1,True,553,261,204,57,78.2,-8326.67,3,1770324243050,1781564811636,130.1,-2747.9,0.33,0.0
0x12e16e3dc4a4fb3c802be62105f15783eb95f92a,True,2000,783,616,167,78.7,4898.81,18,1787579207832,1788471459019,10.3,-650.16,0.133,56473.362236
0x12e4dc51dae495043d791264e816010cc7122807,True,2000,993,312,681,31.4,-402.57,52,1784684597635,1788689069159,46.3,56.38,0.14,13889.749031
0x12e55fc5c56c7c471688e3ad84f9fc6fe2bb156a,True,1541,772,302,470,39.1,-4642.46,4,1781106205326,1784221559681,36.1,1559.03,0.336,1910.345257
0x12e5cbcf026516d19f38262aa661c40831952760,True,2000,867,804,63,92.7,42828.93,4,1782472174684,1787743137667,61.0,7948.32,0.186,0.000651
0x12e805d4b097cfbdbeeed6fe22ce2611a8a21b4b,True,2000,1044,540,504,51.7,43164.86,2,1780859247968,1788506139879,88.5,7499.0,0.174,41130.187079
0x12e8ea07e1b5e757311350ea87e9c869fa55a7cb,True,2000,785,185,600,23.6,-38623.24,2,1784041459802,1788754209042,54.5,-3643.25,0.094,52854.307495
0x12f0228426f29652248b70a089fbbb2d18299fa0,True,1105,489,373,116,76.3,-41013.53,41,1755603873895,1788665867227,382.7,-27823.45,0.678,0.0
0x12f073dd30e17b70ad7d733636e414c64a428de6,True,2000,960,471,489,49.1,1245.91,39,1785558294367,1787581393065,23.4,1477.2,1.186,0.0
0x12f147f08112ff4c32c66bad45118302d20d807c,True,2000,704,159,545,22.6,-69336.14,6,1786990299045,1788454436900,16.9,-3706.13,0.053,0.0
0x12f27896aa98c629b142d181587fcd72f5f7901b,True,491,197,138,59,70.1,13606.38,13,1781463555871,1788706847986,83.8,1374.7,0.101,13832.771489
0x12f346191b97b085fa37fa5d59d5e3d368749329,True,221,96,78,18,81.2,702.72,1,1777777527608,1787618703675,113.9,2145.23,3.053,0.0
0x12f5f5ce07647f5e7bf9ea054ea119d1cbb85a9b,True,2000,981,458,523,46.7,-14338.3,7,1781508350019,1788670014929,82.9,4496.89,0.314,92914.371915
0x12f787d5833b8b65f9637a5d4bbb163b7db531e1,True,2000,1338,1109,229,82.9,10836.72,31,1766146114305,1780012800066,160.5,1745.39,0.161,0.0
0x12f7aea21eed5461d30212ea771c4441656b8750,True,2000,771,333,438,43.2,-90610.48,9,1787852043491,1788696568640,9.8,4267.98,0.047,91482.11691
0x12f7b264fc06faa9053dc49d5b10f5740b6c25a8,True,2000,959,517,442,53.9,20312.25,1,1775219475146,1776649232343,16.5,7285.91,0.359,0.0
0x12f7c3ddd76d3432b7c40026ccefa0e9f8b2c1ec,True,668,323,290,33,89.8,38496.25,7,1775410417777,1778747080340,38.6,2597.11,0.067,0.0
0x12f909777998d8a81a135c02a19693b714d05bc7,True,2000,1046,582,464,55.6,-22995.55,3,1782454941126,1788627656644,71.4,-5070.37,0.22,7.906465
0x12fe62b1c1e2a167f4adc3d96701ee1dd50a66ee,True,253,140,80,60,57.1,128.02,3,1775209526971,1788144514510,149.7,-534.17,4.172,0.0
0x1306ca04fb483e31282c508683295020a9d70d3d,True,2000,779,307,472,39.4,-95613.68,1,1785413015867,1788705013994,38.1,-10846.89,0.113,215646.836938
0x13087d38b78df0345d67c8cee73b215589ae3a1f,True,1135,639,265,374,41.5,1950.39,5,1770292380164,1787375459843,197.7,2884.59,1.479,0.0
0x1308c4351f76cc1c7abe61a9262708d9e36e4920,True,2000,856,671,185,78.4,-12883.84,14,1763564690094,1788698598327,290.9,-6729.59,0.522,2785.199668
0x130925288bbdc7a1cb1e63210480c29c5a5b4a8e,True,2000,1024,261,763,25.5,-21550.3,4,1782144037073,1788471015136,73.2,1035.48,0.048,0.0
0x13093ad55aa9d06181a6725be72f37c8faf50c19,True,1593,696,378,318,54.3,2232.88,26,1761071999196,1787169080417,302.0,884.4,0.396,0.0
0x130fdd72c1003823bbf041625904539074671082,True,2000,986,447,539,45.3,-25.18,15,1783026479797,1787556854586,52.4,32.08,1.274,0.0
0x130ffd7485a0459fb34b9adbecf1a6dda4a497d5,True,1712,816,262,554,32.1,-24427.76,70,1700724403292,1784945083923,974.8,-3187.93,0.131,0.0
0x13101cf7e91074cce26ae5c90de1744569cb7f1f,True,2000,1000,878,122,87.8,15919.98,26,1783788392613,1788731683951,57.2,7892.62,0.496,2218.151615
0x1313d08233619c6ebecf84465a85b595c6b2a5ce,True,855,516,501,15,97.1,100423.44,1,1783003325579,1788752911316,66.5,14561.01,0.145,27652.305666
0x1313ff496708758001e62a8ac2b872535b785160,True,2000,1014,440,574,43.4,-91254.23,3,1771685642242,1787200530189,179.6,-6967.26,0.076,7408.498561
0x1317ea30e98a643fe356f01f5bc33cd0756044cb,True,2000,852,201,651,23.6,-5543.52,21,1787061855932,1788563237621,17.4,2061.7,0.372,13182.68786
0x131e6d2be31aa2a0f6885d747467906df7bfa767,True,2000,1998,223,1775,11.2,-322751.87,3,1780150020039,1788506042220,96.7,-11888.3,0.037,519558.87124
0x13202749cc33ecdb3a5e161f434f31c09ba35806,True,2000,1016,362,654,35.6,-90962.06,3,1787929373593,1788716964452,9.1,-7392.16,0.081,14263.58917
0x1320e688c58564626514ba621f4fc0992afeebaf,True,2000,1002,340,662,33.9,3604.67,1,1772119028443,1783691008737,133.9,4279.95,1.187,0.0
0x13214d05525155dceb194bd12568ca7cc242aec2,True,2000,908,626,282,68.9,59449.66,17,1724178779574,1788346279592,742.7,1526.31,0.026,10416.348686
0x13251a69bdac2022781445a998c3988fe8ba0140,True,452,234,133,101,56.8,19439.7,6,1759185287283,1782453484979,269.3,7673.1,0.395,0.0
0x1325b85665da4dc99835bcbbebd78aa0c56caae1,True,2000,985,854,131,86.7,5905.84,22,1776606337854,1788740299964,140.4,-6385.59,1.081,18945.986369
0x1328cd9db6868f946f615e3e67ae76f8054effec,True,2000,966,303,663,31.4,-20359.95,33,1787061396929,1788725358158,19.3,-2611.04,0.128,677.115881
0x13297d733450e30c4978ab3d32d3a0d5432b661e,True,2000,1053,630,423,59.8,15381.67,47,1761917838855,1788529021784,308.0,1887.12,0.123,0.0
0x132e5b5defdd6b549f99beaadb0758b046f0fccd,True,1092,650,286,364,44.0,41368.53,17,1765378073629,1787797941443,259.5,3417.2,0.083,0.0
0x1335607139aaff8492f1e189e44fdad5f9206dc9,True,2000,860,210,650,24.4,-69795.76,3,1779443518610,1779901002872,5.3,-10264.64,0.147,0.0
0x1337c163a5d5b60618ffceaf3a7f2130e607f39b,True,2000,1143,627,516,54.9,-345.89,7,1787931447817,1788741434438,9.4,-66.58,0.192,0.0
0x1337d3014b0e8e0bbdd1f8505a3b3da05fcd5a19,True,2000,1036,803,233,77.5,-21063.31,1,1780194563647,1780565018923,4.3,-2587.31,0.123,0.0
0x1338a3d7251ef4d06d3b5b6eb04996dc4c8194c1,True,534,251,80,171,31.9,-14186.86,1,1754879367694,1788634770039,390.7,4686.23,0.33,17447.426153
0x133ad0d58ccff43cab13ca2cc9c751e815478560,True,2000,833,435,398,52.2,16764.2,8,1787853925736,1788732339239,10.2,-1970.09,0.118,71448.273062
0x13452b5cd572c7873539e7287cadd859d3f63cf5,True,873,443,317,126,71.6,3748.68,22,1769611044195,1779408000060,113.4,3665.55,0.978,0.0
0x13487f054fc437ac92542ab61e76ec42c9bfd8cd,True,2000,1620,209,1411,12.9,-28395.17,11,1787600062452,1788730094382,13.1,-932.85,0.033,47675.547556
0x134d464140c9d997af4faa23aa6c8868c0bf140a,True,2000,1072,654,418,61.0,-41945.68,15,1763866532455,1788714817905,287.6,-9125.17,0.218,14162.433467
0x134e50bbfffdb8c4396b6bbca81d90c5026d25c0,True,2000,669,428,241,64.0,1570.99,20,1783786798985,1788656754280,56.4,-696.76,0.444,454.660078
0x135097a80cc35350acc31f4c0f04bfde52a58f6a,True,2000,1884,757,1127,40.2,85908.39,6,1785062182341,1786349604983,14.9,5668.06,0.066,0.0
0x13513ae6c909d5b4ffcaa783650e59da897d3232,True,2000,818,446,372,54.5,-17696.88,37,1778584515644,1788479639493,114.5,5111.2,0.289,0.0
0x1351c59a469dd5ec4ce592b8401b501fed2eb15b,True,1466,674,266,408,39.5,13410.15,15,1769445359502,1788456313797,220.0,10880.03,0.811,16011.734261
0x1352f69f507d58d8a647dbc3baa6623145eb2231,True,1171,601,273,328,45.4,11292.01,5,1772875897491,1773710948556,9.7,1913.08,0.169,0.0
0x1354b70c7f441d55c398bc484596c61dbf5fc406,True,2000,1119,416,703,37.2,-34385.52,8,1783599152205,1783951474462,4.1,3852.03,0.112,0.0
0x13558be785661958932ceac35ba20de187275a42,True,2000,974,508,466,52.2,-973.97,1,1788134098843,1788750603033,7.1,-235.13,0.241,4976.912007
0x135c45cc9d1ac4ffa3f8476f0299ce85ec88ec9a,True,1132,463,124,339,26.8,-31993.72,9,1780541186864,1785252070634,54.5,-4561.36,0.143,0.0
0x135c5f2532a7fe42bfe71b5c34b98e86b8f60d30,True,1610,815,334,481,41.0,-6246.79,6,1780557750507,1785854423601,61.3,-2093.24,0.335,0.0
0x135e24290e5237c733a11323300043d58e78219d,True,131,66,48,18,72.7,1883.17,4,1759670417056,1787208491949,318.7,3018.85,1.603,0.0
0x13639fb4a6ba5de085420b998493cc1b6911e5aa,True,2000,971,430,541,44.3,-18053.34,31,1778911614892,1788707985190,113.4,-4039.09,0.224,5706.180613
0x13640f452a56aaa7a5a5e5a6bd24c45374dacbcc,True,2000,1038,841,197,81.0,73366.11,18,1785123861048,1788753417094,42.0,-15271.74,0.208,72100.877533
0x1367df28c0681431b8a8f3d887576a1cad85560e,True,2000,3,3,0,100.0,532.25,6,1788736317056,1788754510825,0.2,359.01,0.675,4166491.773197
0x136bc4e5992c50a781d7248bf3dcce99b345ceee,True,2000,428,428,0,100.0,328.3,103,1788591705203,1788754551838,1.9,17.89,0.054,70483.303789
0x136c473f6d88c1ec17c2ed6b6cb273983e028458,True,341,226,113,113,50.0,108339.43,2,1776760783673,1785196800026,97.6,13396.6,0.124,0.0
0x136def3e25cf5fcba86b835bed13166aa7fa183f,True,2000,845,584,261,69.1,-1093.11,7,1781023647404,1784120118930,35.8,4233.6,3.873,0.0
0x136ea1a4965fbe2587cfdb26d08c7afdee0da608,True,2000,887,350,537,39.5,1656.02,9,1788168771800,1788752386409,6.8,284.77,0.172,1717.78
0x137390fd0d0e9e75c5913d23a6ed7734577d8dc8,True,986,448,97,351,21.7,-4566.13,24,1754419040169,1788743175743,397.3,-1983.71,0.434,0.0
0x13741d99d0f926c47ff34e019e6cc88b773124f9,True,2000,968,546,422,56.4,-4464.54,28,1757110984707,1785504827816,328.6,-640.8,0.144,0.0
0x137560b3f2063dcbff7c55b7e7e5149751aa04b5,True,2000,947,480,467,50.7,6206.22,26,1776416116871,1788390198141,138.6,-2922.5,0.471,0.0
0x1376e8c58891b565101aa60f613b3d0f1d2f8d6d,True,282,222,222,0,100.0,44242.09,3,1786039559993,1787172084818,13.1,4679.93,0.106,0.0
0x137cac6b0c20e905bf476ee2fc7987d82abc874c,True,2000,1290,822,468,63.7,20645.47,1,1781849041192,1788748308758,79.9,3280.9,0.159,20235.35
0x137dede797b3c4501fefe08ba3b3727a079fe4f2,True,2000,1035,529,506,51.1,4851.03,40,1776100119353,1788728879290,146.2,509.04,0.105,448.80221
0x1389157633bc9d825b208480d4e184d8f6efa3c4,True,708,292,144,148,49.3,-98.11,24,1752343282845,1788750074467,421.4,322.48,3.287,322.984899
0x138a22ef5987a09c7ff8a7a755b1fecb62b28b69,True,113,57,38,19,66.7,7195.63,1,1771448528448,1778851821670,85.7,1135.94,0.158,19415.68687
0x138e6dc721fecc585f2a9e39ba7d36e1771b1401,True,2000,902,415,487,46.0,-13490.64,2,1777497696286,1777571846839,0.9,2813.45,0.209,0.0
0x13903127475cbf73b566a3a13864b1124ac116a3,True,2000,1011,133,878,13.2,-2957.67,19,1778524257866,1787770893948,107.0,2276.16,0.77,2935.385407
0x1391f1b99779e4fadb66a6d4750b68646277b194,True,2000,1283,691,592,53.9,216510.26,4,1785418155848,1785447379072,0.3,36706.19,0.17,0.0
0x13920d8901e0250d08dcff6d54f0ca815b4c7e6f,True,2000,840,476,364,56.7,89012.92,9,1748381803056,1781522762326,383.6,7489.3,0.084,0.0
0x13930b7da36e9b3c5782b117da3152e11b826e33,True,2000,952,239,713,25.1,-1415.27,20,1758885507218,1788718175826,345.3,543.69,0.384,826.586222
0x13937d2c1d4b3d96ada88e265e6ce73eeb691869,True,2000,1039,455,584,43.8,4844.54,130,1781835813617,1788744611435,80.0,-2021.35,0.417,0.0
0x13957f40b5a01e2724746c71a35ad4f88b617613,True,579,233,97,136,41.6,-7402.48,17,1761709668679,1786084921169,282.1,-2381.07,0.322,0.0
0x139596b65851894378da2535b62ae008dcd0e5e9,True,2000,1013,581,432,57.4,4397.05,6,1775655813989,1788532615381,149.0,-1014.77,0.231,0.0
0x13963e9a5dd816bb1da9f2c036d644c739903727,True,2000,895,354,541,39.6,-1657.93,14,1771943168956,1772269863208,3.8,-97.85,0.059,0.0
0x13971819fea25c1add1d3966961ee2847c792470,True,2000,1070,786,284,73.5,55234.76,3,1782149238029,1783599448427,16.8,20254.95,0.367,0.0
0x139791013f6dcc26f4052e6a7b8ed50099e7d15b,True,2000,899,628,271,69.9,46313.69,52,1757432974052,1788716591924,362.1,11289.94,0.244,0.0
0x13a322932669e2cb517da38a4dd343539a75fe2f,True,2000,1068,429,639,40.2,-20625.69,27,1777001541443,1782537613343,64.1,-2617.19,0.127,0.0
0x13a4d58ccb2c55060a5f3812676558f20955e22b,True,2000,1075,438,637,40.7,-27207.95,10,1780555776027,1787918287400,85.2,8152.67,0.3,0.0
0x13a5755535f27a2db363fee1cadb39475dc42c49,True,2000,708,437,271,61.7,2883.95,16,1759304829003,1788749727711,340.8,-1403.21,0.487,0.008495
0x13a6ca5b23738595fee7ba8adc725f8584b2450a,True,1319,689,511,178,74.2,182.31,27,1783524926874,1788377685412,56.2,-274.53,1.506,389.776057
0x13a71ca4f593811d8b1614f9a822904c9eced080,True,2000,863,667,196,77.3,-2358.39,28,1778077640222,1786760707146,100.5,-6722.1,2.85,0.0
0x13b012b971da6eaab1f92c9a1c8497aab6c17659,True,363,161,149,12,92.5,2006.8,7,1778386752310,1780876800034,28.8,221.3,0.11,0.0
0x13b43faa22d854bf43b4e7581c1b3dfcd416f8c3,True,2000,1342,1246,96,92.8,-12898.36,2,1782827525764,1788747635297,68.5,-5127.02,0.397,16036.166104
0x13b7ebc62e988186b529245add3445cd733398b6,True,2000,944,427,517,45.2,2505.98,4,1779321220984,1780617600043,15.0,3183.07,1.27,0.0
0x13bbd7a851e239c16f1d540fdf7c6df4692b9b4b,True,353,158,57,101,36.1,-8083.71,1,1761523209739,1788634779554,313.8,-5043.42,0.624,3328.736744
0x13bc8d1c7a2b08cdb1f9ee4560e1e903c0c092d9,True,2000,942,362,580,38.4,972.27,14,1777921655057,1787572271470,111.7,1197.32,1.231,0.0
0x13be19273d5866261e8b435cd813bb326887e27a,True,758,325,302,23,92.9,35758.04,5,1780684264140,1781532995914,9.8,4311.42,0.121,0.0
0x13bffe71f0fb5011cc41eb675bf3ab29c58f5a27,True,2000,1084,518,566,47.8,-1624.19,22,1767255064815,1787510610359,234.4,-1076.0,0.662,897.403125
0x13c1b8e82d532dd5080cfde55e82a509cc457ac0,True,1325,581,110,471,18.9,-7919.99,11,1780069272198,1788597483849,98.7,2660.66,0.336,15718.893286
0x13c4a6c59b6d58a7a5d1badc15ff55561c7ea6ce,True,2000,878,501,377,57.1,10432.49,14,1787332764495,1788594321168,14.6,-1829.08,0.175,0.0
0x13c6d0a122770e610bd2235d6840ec398656ffc3,True,2000,852,316,536,37.1,-939.49,13,1785483006057,1787867711961,27.6,-317.25,0.338,0.0
0x13cab32bb2483873d1f5c6f54680659418d4c2cb,True,2000,843,359,484,42.6,-21890.24,26,1756368967121,1776385370283,231.7,2807.04,0.128,0.0
0x13ce51b3ec40b157b06288aac4080de633f24ae9,True,2000,853,314,539,36.8,-1791.51,15,1781037051511,1787339853424,72.9,-553.11,0.309,0.0
0x13d032655aca891fad353e19424d2a087eccfa8a,True,2000,1170,575,595,49.1,59889.5,5,1756109700854,1788750082841,377.8,31362.78,0.524,1660.543821
0x13d16778787d549cbeed1592cdb934676b60ad85,True,2000,902,575,327,63.7,-195.23,8,1764800541365,1782323376637,202.8,-516.4,2.645,788.895012
0x13d299677dd0186143c6fbc35378cdcf417276c9,True,2000,786,416,370,52.9,-7266.51,26,1779335808843,1786371068495,81.4,-5224.99,0.719,0.0
0x13d2db460a97b30a71e6bd05183feb77147b39d6,True,2000,1437,1086,351,75.6,9024.63,11,1788134740679,1788476957730,4.0,1743.63,0.193,0.0
0x13d92e015d4a8a99ab8490fef42fe83e754116e1,True,2000,833,475,358,57.0,123831.0,13,1782174399754,1788739200041,76.0,24859.04,0.201,394743.626359
0x13da9d69a9b8a28495ade07d3ff1c61d024808be,True,2000,202,31,171,15.3,-631138.67,1,1787911446881,1788137086606,2.6,-367331.05,0.582,9930949.393796
0x13dd4c65252274a442428039ae815f3a13e84ff3,True,2000,905,438,467,48.4,-238044.54,17,1759334696932,1788707267391,340.0,-45592.17,0.192,769.241141
0x13df669e6d3a2848587d3e536a9175585e07f13b,True,1662,1166,118,1048,10.1,-28993.2,15,1779138918492,1780506438943,15.8,-2308.05,0.08,0.0
0x13dfc69e81494444f31a366345e6b1df105dfa0d,True,1488,683,511,172,74.8,3361.83,5,1780538421100,1781523096904,11.4,-2480.88,0.738,0.0
0x13e84e8897caf814dc32e147aa0f6dd46fa28cdf,True,2000,865,394,471,45.5,36030.31,31,1785870029467,1788553808589,31.1,11708.47,0.325,747916.517043
0x13e8a7867a4690bf1ebd2aa0f77bee13b5290450,True,2000,974,439,535,45.1,-124420.1,5,1786020684592,1788655089099,30.5,-8622.81,0.069,7794.954488
0x13eae22abd15ada2bca1832dc6a587fbf7eff944,True,142,76,22,54,28.9,10269.35,3,1779991310652,1780139010059,1.7,8443.35,0.822,0.0
0x13eb5b831154a1d6680191cf0253da00835127d3,True,1880,897,292,605,32.6,-31686.63,41,1733927530966,1782394088491,561.0,-15969.58,0.504,0.0
0x13ec4635c9b7f8762fd6b031d33df5df4604c7e0,True,2000,1032,671,361,65.0,1209.39,1,1775378215035,1778659384629,38.0,-44.07,0.036,0.0
0x13eecea1813ae2eb3116c45c622af1ec0fb7e6c4,True,2000,478,409,69,85.6,-6780.41,10,1761144499435,1785331403558,279.9,-2565.99,0.378,1622.724903
0x13f149fe9d40e3330903deb5f2463dfea6f5c77e,True,387,187,126,61,67.4,-2702.76,18,1774943158537,1782302837529,85.2,-1716.06,0.635,0.0
0x13f210c8baf5f5dbaff3e917e2e5a49e73bbaf12,True,1192,535,362,173,67.7,196262.51,8,1733170483840,1782406883598,569.9,26445.51,0.135,0.0
0x13f6ffc364d4ed575c9a69e0c33fd014c5bc2dc2,True,780,328,214,114,65.2,99.34,3,1785853213448,1788536903581,31.1,-1699.88,17.111,85.133037
0x13fa88e535d5ea07f3a56935b5805b98205beeaa,True,2000,440,269,171,61.1,-110503.47,3,1772308255334,1773964800103,19.2,-27318.35,0.247,0.0
0x13fb4f314c80b111aa4861ff2a6e1aaa436593fe,True,1032,545,258,287,47.3,-21446.29,29,1751909125921,1787772383076,415.1,-3009.17,0.14,0.0
0x13ffeef24465d01a830454553ea62853aca9a7e2,True,838,399,328,71,82.2,24644.37,6,1707400294769,1780768890896,849.2,4762.6,0.193,0.0
0x1401479818fcd637b98509e7b468c41941537d2c,True,514,237,65,172,27.4,1628.72,11,1772658582357,1788749619963,186.2,855.16,0.525,1912.987537
0x1402f3e3565d661d0c53e533ba66b2c318c13040,True,1610,408,180,228,44.1,-835.3,5,1787831339139,1788173349319,4.0,-165.49,0.198,0.0
0x140309fe917d264d8da9cbd31917c8ac432724c6,True,2000,267,149,118,55.8,31796.52,10,1786286620239,1788732107972,28.3,6241.87,0.196,695245.205712
0x1404109f8cd4a79a0447365edbb7a13acd0b2f27,True,2000,888,888,0,100.0,29016.99,14,1780581329260,1788621768200,93.1,628.8,0.022,70732.644127
0x14052f2848cbcb7a6bfba394a79242d35beac3bf,True,2000,857,294,563,34.3,2233.19,23,1781684727161,1788741846167,81.7,2365.7,1.059,9762.924228
0x1406dbb02bd31dba4247f51414c065c754d982d8,True,2000,815,494,321,60.6,40519.34,12,1764810879740,1788740278935,277.0,10235.48,0.253,54567.635661
0x140909775ed6eaac221d368798bf08b35afee511,True,2000,903,499,404,55.3,-2378.79,39,1783661146944,1785938495092,26.4,-1137.51,0.478,0.0
0x140a2f07ff1c2927b29a86c829a05faea8d53a4c,True,1159,512,419,93,81.8,56448.24,9,1773180866300,1788654356908,179.1,4683.91,0.083,53255.620363
0x140b03070013aad4baa53629df25ffbbba10d461,True,2000,976,394,582,40.4,-45012.48,8,1783983652505,1788270994533,49.6,-4367.74,0.097,0.0
0x1413f58a2a83ad5aee4cdb3862ae432b291c6b66,True,2000,966,200,766,20.7,-5842.55,16,1785503337348,1788738561347,37.4,5634.77,0.964,4969.237133
0x14142a8e6538b9eeaa6687f6f7439180c379b062,True,2000,496,301,195,60.7,-68132.7,7,1783664747249,1788229724931,52.8,-5803.89,0.085,108801.25
0x1419ca07d98773f1c0973d8f0e676921c670777c,True,2000,724,419,305,57.9,-15807.34,12,1762962772381,1788705138366,297.9,-10607.71,0.671,18806.358443
0x1420d266d2b28295592b85a8cd80bf1b9dc6b754,True,263,74,26,48,35.1,1361.07,3,1734338155635,1788707635411,629.3,242.46,0.178,5896.488652
0x14246f4bbafb87ccebac17609054c6a188ed8cfd,True,2000,971,491,480,50.6,124062.18,5,1784151844209,1788254945037,47.5,-17950.03,0.145,311067.141533
0x1427d06b0e7c3aaf8bd1a6119a5ba7bec9f34812,True,1992,813,439,374,54.0,-2270.5,15,1770986021525,1788166621852,198.8,-969.42,0.427,0.0
0x142aa73a452c0e55abb49e250d02da88db97f04a,True,2000,1057,491,566,46.5,7046.06,22,1762733358422,1781446760618,216.6,1956.64,0.278,0.0
0x1430d0010bf950b929a40b8ad1fa6c1c609600cf,True,285,140,28,112,20.0,-4216.47,6,1749156531792,1784290486128,406.6,4688.91,1.112,0.0
0x1432796dcc0eb353663123924e2d3c8aca05f320,True,2000,1016,841,175,82.8,17223.05,13,1788358762709,1788711589586,4.1,461.33,0.027,5180.68006
0x1433c953362f526a07465fcd9ec3d34d9f3d5f53,True,2000,1103,263,840,23.8,-3738.16,7,1781632847191,1787275095881,65.3,-2260.5,0.605,0.0
0x143437ea6e8c5fc0316aa208f02bea6230601f90,True,1590,831,268,563,32.3,-64110.33,25,1704999708548,1783808030538,912.1,-6850.44,0.107,0.0
0x1438d88b50caffa35ef888ce5dddc55f09a67bab,True,557,294,148,146,50.3,10404.09,14,1752327265586,1787973928463,412.6,1604.11,0.154,0.0
0x143aa64476be34296d58412ec75e7ea46ac0b0d7,True,1074,525,367,158,69.9,20829.14,23,1722250354686,1788199915749,763.3,2766.19,0.133,798.013195
0x143c28ae5b8642f58c98b8a6f82a0f314d23f6ab,True,2000,908,537,371,59.1,-705849.4,4,1782180203156,1787286046553,59.1,-143265.94,0.203,40820.494938
0x143c79e85d0665a2c76f1009632bf25c636895fa,True,2000,772,442,330,57.3,52937.04,23,1768783361554,1788419903394,227.3,4125.16,0.078,20698.045955
0x143d7d57e6c436326c2e8fbfff4e38a1d53f77bc,True,560,329,283,46,86.0,8957.26,6,1782679824457,1788445037981,66.7,625.96,0.07,23953.407716
0x143fb7e231ea1d94dc0654c647b46aee872c3850,True,2000,1108,764,344,69.0,33776.23,19,1785852209746,1788134400007,26.4,-4289.19,0.127,0.0
0x1441d3b091e3161c124f2ffd41a6fb5d8fa16ed0,True,2000,829,186,643,22.4,-6836.16,9,1781976223097,1782319866683,4.0,-387.2,0.057,0.0
0x14430464ef80c094ab09b78c89646c2ffb5d7c73,True,688,237,213,24,89.9,13681.44,4,1769987384231,1787462270286,202.3,1452.35,0.106,36017.146294
0x144313a16dc284187e963848cb494a8b544e7a58,True,2000,1066,520,546,48.8,-12736.33,1,1787785749390,1788742864609,11.1,-2083.85,0.164,0.0
0x1444e728c5765ff8bc9813177cd5c06aed440dd4,True,775,354,168,186,47.5,-1320.96,13,1758543977273,1773748301170,176.0,705.37,0.534,0.006242
0x1449e4b46dc6bec38a5d9d8e537f7b6d64d7f744,True,2000,800,664,136,83.0,-2191.5,11,1764537397317,1782759025930,210.9,-7528.5,3.435,0.0
0x144f36e97bde16223962035f219f9047d0f3558c,True,2000,1085,493,592,45.4,99181.74,16,1788478322406,1788751385992,3.2,7778.81,0.078,66661.756256
0x14500f475d3916336615f047f0bd2b45129dc228,True,955,491,228,263,46.4,-52123.26,17,1759293495020,1787848543307,330.5,-42207.08,0.81,0.0
0x145418fe1d6093b0971143d5f6d9b7bf417584b9,True,756,261,133,128,51.0,-26555.47,7,1761682741474,1788289260538,307.9,-25348.4,0.955,0.0
0x1457351df210787857216c7242b9d6c7acc6c201,True,2000,942,427,515,45.3,3120.82,16,1780593673714,1788198680722,88.0,1887.6,0.605,0.0
0x1457978fb96b0190c8ea7d168d0155d77bd6ce57,True,2000,941,630,311,67.0,5244.71,9,1784989934093,1788713583836,43.1,1080.48,0.206,12789.5
0x145ab13c558d3eb56dad3921f8d6cb1935d28804,True,1232,638,280,358,43.9,89346.06,7,1775645828556,1788525477286,149.1,20054.35,0.224,61023.513837
0x145abafdd5087855a407e04a5c901ecc71c06f28,True,552,244,149,95,61.1,1277.55,4,1769892007465,1788461461126,214.9,-1540.24,1.206,0.0
0x145dcfb47920325d5bb44d239cb9fd0dcada8bc7,True,2000,874,405,469,46.3,12458.94,43,1764798303100,1788631218536,275.8,5775.29,0.464,0.0
0x1465d3d5af2a367f3ca19092ec29ab7b392a732a,True,2000,958,586,372,61.2,13898.39,5,1785227889882,1788716233029,40.4,10531.58,0.758,0.0
0x14699342d2ae17449f73ea679c77474afd49401e,True,1326,386,168,218,43.5,7898.55,1,1786545437953,1786980626715,5.0,-11402.72,1.444,0.0
0x146b44908ea68e6045675c93df8581415d01119c,True,298,145,103,42,71.0,-5516.74,8,1760771032557,1785353161930,284.5,-4869.61,0.883,0.0
0x146c7c66d5045344e1bf6731849622d2edd450d0,True,2000,1043,909,134,87.2,24847.88,7,1787581244938,1788748709085,13.5,8636.01,0.348,65827.159914
0x146d7676fa143f4e2c8219c8544ee979102e05e5,True,106,37,27,10,73.0,966.34,2,1784033705454,1785231794154,13.9,210.27,0.218,0.0
0x146ebb59104ded81bb768b08d671f080aa73d08d,True,1957,843,534,309,63.3,-16308.9,26,1752251442809,1780534442047,327.3,9385.99,0.576,24988.113045
0x14752abc79c53e37bbb1a034298577a4aca758d0,True,777,331,261,70,78.9,1885.47,18,1756839637536,1788738196343,369.2,226.79,0.12,0.0
0x147e2686f683652cca745a991351b14241a7237c,True,2000,1063,520,543,48.9,11881.7,4,1774518001966,1788705138366,164.2,6300.69,0.53,0.0
0x147fce693d85e8add31258caa85af9dac6310049,True,2000,903,359,544,39.8,-34354.31,15,1782407687925,1788447772339,69.9,-6096.2,0.177,105.873379
0x14813e0e75821a9c699e6229653b6df62f151a78,True,2000,1071,630,441,58.8,-2487.86,6,1773847415185,1788738431324,172.3,1555.32,0.625,0.0
0x1495bc81d08817592355f589167d3f8adcdc8601,True,73,35,21,14,60.0,8510.51,2,1770349900148,1775836369744,63.5,-6648.24,0.781,103510.262553
0x1499b8c9140b9b92b3a9931a2b1e5cabdbe4e793,True,2000,847,143,704,16.9,-14889.26,8,1783289803995,1784154910589,10.0,-1331.1,0.089,0.0
0x149a6d0ac83b96210586af5a357d6424af2ec6e4,True,1492,726,277,449,38.2,-4754.94,17,1763381410876,1787224357035,276.0,-6394.75,1.345,4452.919099
0x149d35ed0e25ec4b760c28055f744fdd02af1764,True,2000,993,816,177,82.2,121198.15,1,1767799329043,1788625833144,241.0,18246.29,0.151,30162.750596
0x149d61c8b4195762990c1b7b74e88dbdbaf6f821,True,1311,552,430,122,77.9,12004.37,64,1741052390667,1787943582171,542.7,5561.55,0.463,15912.390654
0x149f0f1c61de39654933c2c1ee276d9de0c80890,True,2000,739,363,376,49.1,20606.31,11,1787760627419,1788729097160,11.2,1924.95,0.093,17393.900021
0x14a0567b9096e08ac7d7440ee5ce6e8c4ae7fd4f,True,2000,719,681,38,94.7,997.9,21,1736733568147,1788528895593,599.5,-1468.16,1.471,2975.796007
0x14a4914df70e599bdc5baf74b7b51773499dbe21,True,2000,2000,1182,818,59.1,-205.31,93,1788067074891,1788544716928,5.5,64.83,0.316,0.004135
0x14a6801162827d6bbecd0757a274f2c36a3ab3f6,True,55,31,31,0,100.0,22375.26,2,1770002763207,1787310255260,200.3,6662.89,0.298,0.0
0x14ac420cd96df3721bc916e9e411f967ee8efc71,True,2000,1051,647,404,61.6,14044.84,1,1787392805832,1788750074755,15.7,183.71,0.013,9324.457957
0x14ae9bd6853e3fd267b8101df76b46da2beb048f,True,2000,965,549,416,56.9,2943.56,13,1787177279394,1788726825109,17.9,-531.09,0.18,10598.425894
0x14af1f801e88314a9a677a0d35517c1d43c51f51,True,2000,909,445,464,49.0,-52515.87,21,1762274214205,1783019802714,240.1,-6329.38,0.121,0.0
0x14b089cabecadc5e3fbfcd026b1f4f313f0efa1a,True,1110,628,323,305,51.4,708.49,4,1780555387102,1788197954370,88.5,-2165.74,3.057,0.0
0x14b315b9edca66b54458b53ac5dd8b7ee201bbbd,True,2000,892,585,307,65.6,-29359.11,6,1785365137749,1787356800028,23.1,-6325.51,0.215,0.0
0x14b96ee58172ad811059aa346515e944a6dbdf3a,True,2000,561,183,378,32.6,-149123.76,7,1775235501466,1787153605806,137.9,-20005.47,0.134,0.0
0x14bf0db9eb8a06305f857565af579412b0bbde29,True,2000,1075,472,603,43.9,-185120.23,4,1781805410031,1787301328930,63.6,-10027.08,0.054,41810.935305
0x14c3dbad32d65745cbd71194616b78748271916c,True,2000,918,510,408,55.6,2004.58,10,1787349375641,1788734693072,16.0,252.31,0.126,0.0
0x14c60d23a224533037e8d134a43a46f28a326aea,True,538,257,199,58,77.4,6152.74,12,1787482907066,1788444502296,11.1,2430.34,0.395,0.0
0x14c624428f50785e26d94779769e3b0f3340b280,True,2000,939,832,107,88.6,1027261.75,3,1784772690363,1788644259711,44.8,59130.2,0.058,1078472.882142
0x14cb09681522dd000e5f27bde4511c3e0150e979,True,2000,959,151,808,15.7,-51810.75,4,1786024364204,1788388213279,27.4,-3350.2,0.065,0.0
0x14cc0efbb8e7d2719e4e1b212f1cf48d07dfe8d4,True,763,348,333,15,95.7,10483.12,3,1783701426014,1787377078712,42.5,495.84,0.047,0.0
0x14cfd6b71163360b2a176ea167c2800b2deb8296,True,2000,1083,663,420,61.2,-8442.95,19,1741225232532,1774264158934,382.4,-7777.34,0.921,0.0
0x14d34e5278bc8b30c5b4c3ce7d995850d8305143,True,1400,399,229,170,57.4,91584.55,8,1740155806855,1784000934823,507.5,19592.71,0.214,3061.891655
0x14e00f7906fc66808f669872796267aa54766b62,True,2000,928,403,525,43.4,-4894.28,18,1772724936165,1788715259911,185.1,-1196.78,0.245,4933.317456
0x14e29a43f68c3335af17a6422054223daaa6e26e,True,108,37,17,20,45.9,1562.81,3,1760706607280,1787320100032,308.0,-1100.9,0.704,1530.274158
0x14e2ad432297508f8ef3b26d7e99e81d64d05b57,True,2000,780,654,126,83.8,74021.68,43,1785299605483,1788671167497,39.0,5972.19,0.081,62100.614652
0x14e378dfbd9cc1fa83633d49e1ee4d12614714e8,True,363,135,26,109,19.3,-3523.34,20,1737203795562,1786281270166,568.0,-787.18,0.223,0.602225
0x14eb05e1905ee16bdd774fb541d3c2d491edca27,True,2000,933,404,529,43.3,-6115.36,5,1779616755422,1779951581692,3.9,-2239.23,0.366,0.0
0x14ecb3f4932522b8d508fa6e237e2746a4999feb,True,2000,1088,495,593,45.5,-1085.35,169,1786148045336,1787740572206,18.4,544.67,0.502,974885.841123
0x14ecb8b25e270b31cc270e3dd3ee220dd5dce16e,True,2000,956,489,467,51.2,148.13,1,1787934304435,1788754899029,9.5,-213.0,1.438,9102.984209
0x14efedc652cbb6caa605a0b650b926522e08ed51,True,1497,639,123,516,19.2,50241.47,7,1780349589435,1788371975743,92.9,11517.92,0.229,0.0
0x14f23416197effe31a8be0ee400ceaeb8f67f6ec,True,221,63,2,61,3.2,-10207.34,6,1777765068597,1782180317729,51.1,-2374.12,0.233,0.0
0x14f2a65f4fc91a1bc04d89e788c2e6fd9b568c67,True,558,258,173,85,67.1,5407.76,38,1734415735729,1782099220495,551.9,-741.57,0.137,0.0
0x14f5dd7ca3e4ef4aba7431ad10d9dacaf14fd103,True,835,377,229,148,60.7,299217.61,4,1717245878712,1783990225784,772.5,6500.62,0.022,51442.684278
0x14f7d1fa2b6764221e0e52f4f35e97613259c1a2,True,2000,1182,805,377,68.1,457092.61,1,1787263446539,1787275370893,0.1,16599.48,0.036,0.0
0x14f8899fe7e772b012c9d4b9499dc86c7d30b144,True,2000,1204,201,1003,16.7,-300662.83,7,1783515654289,1788646029243,59.4,-18174.18,0.06,0.0
0x14f8e042905350cee7ae0cec27f092f10dd912bb,True,2000,1272,745,527,58.6,-415.45,1,1787735725335,1788754512446,11.8,-102.3,0.246,153373.202277
0x14fa7e86fbb0fd6f05ff21fd7e6551ad89c72f98,True,2000,1064,319,745,30.0,-11708.0,2,1787685704465,1788345198356,7.6,-874.19,0.075,0.0
0x14fea1c9017a8f52beebcd490d5eb57ffbcaba15,True,401,205,36,169,17.6,-3820.57,1,1787376280041,1787839515333,5.4,-530.75,0.139,0.0
0x15001bf144586bdddcfaa766f180e492cebdeac2,True,2000,987,851,136,86.2,-757.58,15,1780451094574,1785193230644,54.9,-871.22,1.15,0.0
0x15009b884f398b50721cfbf78c7a67fb77af9dbe,True,2000,1012,177,835,17.5,2736.14,4,1771934917775,1788528647749,192.1,10219.8,3.735,59952.585701
0x1501943d0223db29690323b99a86a6e3cefa1abc,True,2000,1123,644,479,57.3,-6606.59,15,1776117594664,1780440343719,50.0,-2005.28,0.304,0.0
0x15059ee1f563ea5a56ed59749d081675a02bd44c,True,2000,867,249,618,28.7,-17542.69,45,1780329876132,1788630105922,96.1,-3593.02,0.205,0.0
0x15094c3ec74e8a43c082042815e0c135deebb152,True,2000,1148,552,596,48.1,1544.97,1,1787658613173,1788735417581,12.5,250.81,0.162,19086.307936
0x150d566b8254c4938a3824be824c15012731cafb,True,2000,998,291,707,29.2,-12268.03,4,1787644930312,1788532671242,10.3,-2852.36,0.233,0.0
0x150e90bc93e1527b6d45df5b802d83d575b76126,True,295,145,103,42,71.0,13357.71,19,1699664694182,1787375480554,1015.2,1421.53,0.106,0.0
0x151194a56e77f7b14d9165dde7a457669a59254f,True,185,98,40,58,40.8,-334.79,1,1781566820856,1782052834992,5.6,-1810.73,5.409,0.0
0x1513e3eb9b21c3d6a0e74401bcca93d6ca3a2f20,True,2000,743,645,98,86.8,10479.0,7,1782174497640,1788753448908,76.1,3533.63,0.337,9594.549269
0x1513eac21c62828473c03e453a026ab5e1fa3883,True,2000,1057,420,637,39.7,-1346.81,25,1777918725293,1785763815951,90.8,101.01,0.075,0.0
0x1515f1d5627ebd2d0ee424affbd5643e6c2eb866,True,2000,1128,604,524,53.5,-79.8,8,1784019154424,1784486720456,5.4,69.29,0.868,0.0
0x1518ff8f921ae7b04c39805bcb026672978b794d,True,2000,1020,432,588,42.4,307.0,52,1785661097049,1788690589699,35.1,129.55,0.422,31375.239399
0x151b466524083b2d6b864e728e6bca1e1b0ac975,True,2000,1134,606,528,53.4,-602.19,2,1782480008353,1786751942962,49.4,-320.47,0.532,0.0
0x151c93db33976a7db4f4089814344edb82cf6980,True,2000,985,414,571,42.0,613.17,51,1785918233107,1788689541812,32.1,223.95,0.365,5960.127149
0x151ca3a8efbdf449b4fedb4ff6281dc7c29aa1cc,True,2000,616,435,181,70.6,3136.56,19,1787227040069,1788753916079,17.7,-2335.89,0.745,58693.873453
0x151e49cfca357b842a15bb7f7cd25810e1849522,True,2000,1036,632,404,61.0,-65943.41,16,1781727570395,1788705121821,80.8,-13904.87,0.211,0.0
0x1521277a7d5b630eb32e7809d03d54ee09ef1637,True,1241,526,241,285,45.8,3781.13,11,1747786663843,1782373387243,400.3,-9192.58,2.431,0.0
0x1523a34418baf92316cab7e9bcb722487bb7fb6c,True,2000,1089,574,515,52.7,31041.31,5,1788420675654,1788740587144,3.7,12879.55,0.415,127353.662207
0x15271757b398cd1d3d7cca05c4f7b0c159afa7c2,True,2000,1328,589,739,44.4,-5355678.7,3,1782193101151,1787214861905,58.1,-364236.64,0.068,0.0
0x152e41f0b83e6cad4b5dc730c1d6279b7d67c9dc,True,2000,2000,2000,0,100.0,5548310.73,1,1788356561315,1788440293234,1.0,130927.5,0.024,2967768.791932
0x1534492c2429d0322ecfaa73d7de71d5f5c7581d,True,2000,955,608,347,63.7,10872.94,25,1735225981557,1788105531531,612.0,-6762.5,0.622,0.0
0x1534c38a89d46266e1c1dd6b60941a70b313efd1,True,2000,1023,342,681,33.4,-16636.15,56,1767947877868,1788710809283,240.3,-1478.65,0.089,469.292793
0x15352e6656f0447bc23c156eaa85963438703768,True,997,475,267,208,56.2,6094.04,14,1787195264840,1788748042238,18.0,556.08,0.091,510.05
0x1537bfd1965bf573128704fcd348dd7972e1de2e,True,2000,961,53,908,5.5,-4774.21,5,1779273025536,1779918042008,7.5,-750.81,0.157,0.0
0x1538896469bd6f105232cd8cf88de4823bf37f26,True,604,306,179,127,58.5,-581.29,14,1772828989946,1786517651737,158.4,-373.52,0.643,0.0
0x153b0b9544071457957134c36f4ecdb82e672ce4,True,2000,502,369,133,73.5,-3953.61,7,1771739260879,1774701624371,34.3,-1296.49,0.328,0.0
0x153c8444380512cabdc34f6cea09c322e14e319a,True,2000,2000,1592,408,79.6,470753.8,13,1785355326429,1787300420015,22.5,77644.83,0.165,2459314.06603
0x153cf6e95ce93901d90cf2bba1bb2e9591a7cf56,True,44,7,3,4,42.9,21.97,3,1779396788889,1779649465418,2.9,21.32,0.97,0.0
0x153e2314b5b0d8cd97843102d0cd771fc3becb07,True,2000,975,789,186,80.9,-9373.32,6,1777391944401,1788755560737,131.5,-4987.05,0.532,219.24599
0x153fc5b02b1001e48cd1d80eadf83e2ffcc0e38e,True,2000,966,644,322,66.7,8846.65,4,1787406338435,1787963891230,6.5,1036.23,0.117,0.0
0x15420f674a034bcc06b335db8790a3be57b9534f,True,2000,946,378,568,40.0,-2571.56,16,1778658975765,1788440418628,113.2,-918.54,0.357,0.0
0x1543a2bbbe06c360d591f73a07e00df6a3c14603,True,2000,904,473,431,52.3,-1792.18,1,1776409549129,1779721888402,38.3,-4749.37,2.65,0.0
0x1543eccafd101fe2cdcb15bb7be29fa673fdb48c,True,1753,819,307,512,37.5,-11389.19,20,1762035308008,1788691694765,308.5,-1538.22,0.135,25119.621902
0x154411ab8acea5322120b61dce3b2376746b0037,True,2000,1034,602,432,58.2,-3428.23,26,1781839311088,1782880572138,12.1,-636.11,0.186,0.639887
0x1549920373edb37ae3a9cffe1be02844df3127d0,True,2000,771,181,590,23.5,1293.19,28,1788122696506,1788753788166,7.3,395.1,0.306,11555.533102
0x154d97e96620b08f22b41e96a77dea29da902d6d,True,2000,1025,460,565,44.9,-900.6,1,1788327000774,1788754667317,4.9,-40.98,0.046,4801.894835
0x154dfbb9a7072a2aea22c32b9868fbc4c8df8b51,True,2000,764,240,524,31.4,-42638.98,3,1788659872817,1788709446812,0.6,-9901.33,0.232,115773.119898
0x154ed1518027a26536905a2c4551956d6203bbf3,True,2000,878,352,526,40.1,17791.55,20,1780685709122,1788644550370,92.1,1614.14,0.091,16817.064368
0x15513f9a15f7a08c03dd3e52e802d644802a051f,True,1985,1048,555,493,53.0,-8943.22,6,1778680734392,1783004649222,50.0,3616.16,0.404,0.0
0x155376d61c32c3c134176cc27bfb98a0f4661454,True,1358,644,406,238,63.0,-4130.77,57,1745076349919,1788195061424,499.1,998.99,0.242,0.0
0x15545f01dadaeeda7486adcae16e9032e0e9840c,True,225,84,66,18,78.6,-975.4,3,1783130921654,1786446238187,38.4,-950.79,0.975,0.0
0x15554e654e30f0b7a798d90ad27faea9ae0b0e60,True,2000,994,501,493,50.4,1136.53,9,1776635413449,1776983381750,4.0,489.37,0.431,0.0
0x155a60da6382cbfa27feef8707b2275406f3def8,True,2000,1587,640,947,40.3,6562.79,50,1784796583112,1788702534942,45.2,956.21,0.146,0.0
0x156362ed8dad31f9226350fa747f6eea9fdd0cd8,True,2000,1002,579,423,57.8,2221.09,68,1733357386012,1788728627000,640.9,-1516.43,0.683,4566.373282
0x15644242581131594413ef72346ac5c5305b8add,True,2000,991,613,378,61.9,220.76,18,1784473852556,1788532954818,47.0,-16280.49,73.746,30449.273708
0x1566bd4c1480bcfc8650c295319de5a72b4b66fb,True,1399,834,349,485,41.8,860.18,10,1762528471322,1787788800012,292.4,-5277.93,6.136,0.0
0x15699ff33ebedf4c426619d81701b1ef7e253fc6,True,2000,993,409,584,41.2,446.49,17,1785610072578,1788388492021,32.2,851.09,1.906,0.0
0x156c209e0ffc03c4435713d683ae130332436716,True,1850,921,325,596,35.3,-1111.82,19,1756754733276,1777061572277,235.0,425.62,0.383,0.0
0x156c849f1cd6f6d4d541b5c712eb26d0a0d2d8d5,True,1163,480,303,177,63.1,1094.4,6,1747122304641,1788749679499,481.8,-244.0,0.223,119.1906
0x157752a23fb6355804e0a1325f3e70d100004cea,True,2000,945,511,434,54.1,3070.6,1,1782916363592,1787942259876,58.2,-648.48,0.211,0.0
0x158167c270ef86e39bf0442a6fac8b7f37c793f5,True,1410,698,363,335,52.0,6655.76,22,1735935874824,1788442080521,607.7,7032.85,1.057,0.0
0x1582b06d8c4b6c5990e2ba951d88a88363dab891,True,1593,401,255,146,63.6,2678.45,10,1737461549896,1785128421840,551.7,-1416.2,0.529,0.0
0x158500be9feb3bb99569904b7786b0d2842d3bb5,True,674,237,132,105,55.7,7411.19,15,1780171881035,1784043003167,44.8,2825.33,0.381,0.0
0x15854fbc73601d47e126c4785c48265cc5659a2b,True,1774,936,319,617,34.1,-1575.76,40,1760537540928,1785465532991,288.5,1314.24,0.834,0.0
0x1585e584519e4f6eca9d396b4125cbbd8890a393,True,2000,1179,525,654,44.5,2289.98,24,1780796578880,1788466082311,88.8,641.73,0.28,1284.278921
0x158a755c476658595ec265de7763094b83c32a7a,True,199,93,38,55,40.9,-103.99,4,1773936248013,1782887145242,103.6,-205.27,1.974,0.0
0x158df1a2167e1a77c386fa270fbbb00606953d48,True,2000,822,680,142,82.7,10906.91,3,1788260546640,1788535294035,3.2,1641.5,0.151,0.0
0x158f83fea34f700024bf75a4983797a10a856eb4,True,483,319,168,151,52.7,9513.06,18,1763337600032,1784815045065,248.6,-4615.0,0.485,0.0
0x159424fd94a620292a927b8164e30aaca81eaf85,True,2000,1162,452,710,38.9,621.09,64,1757926460486,1788286433047,351.4,491.18,0.791,0.0
0x1595ea7b309f106cf7205b3c9b5aa05b0052f979,True,2000,865,452,413,52.3,-28664.88,34,1749611866613,1788445654848,449.5,-10590.47,0.369,15774.597053
0x159aac99694e83e7f654490d622606fa7ea8dc18,True,2000,1034,421,613,40.7,430.86,52,1785573217994,1788689522500,36.1,145.87,0.339,35229.592376
0x159d148acd970eaf88bed8feac4ad6d38e7c3665,True,2000,959,411,548,42.9,-21492.53,8,1786312996098,1788707872276,27.7,-1920.21,0.089,0.0
0x15a105b6eca967a438a6930f6859b7e5dbc134a7,True,2000,929,398,531,42.8,-4866.28,29,1772347662071,1788701445894,189.3,1248.43,0.257,28932.225734
0x15a141990fc6591838646467273c41c92999772f,True,538,256,167,89,65.2,21368.34,6,1763691399137,1788736491502,289.9,-10989.5,0.514,231717.831949
0x15a4f009bb324a3fb9e36137136b201e3fe0dfdb,True,2000,396,0,396,0.0,-86680.6,3,1783342299707,1784937600066,18.5,-4039.39,0.047,11384795.885018
0x15b00c5f27298e0503c2aad79024f535c90a27b0,True,2000,929,875,54,94.2,18497.61,53,1758307825103,1788717489083,352.0,-4529.39,0.245,3877.205134
0x15b228394a765ff5687c751dadd503a068c2c7b0,True,282,117,99,18,84.6,2745.26,26,1777728361585,1779505322996,20.6,1095.5,0.399,0.0
0x15b325660a1c4a9582a7d834c31119c0cb9e3a42,True,2000,1999,1212,787,60.6,-816216.62,19,1769885013193,1775846341515,69.0,-63953.45,0.078,7198231.67041
0x15b7f63ff487ab654f582b8b03a45198908e35f9,True,2000,1127,431,696,38.2,-8981.86,15,1778662488205,1788678774006,115.9,-1408.0,0.157,100.125302
0x15b989222088b5a00d1283e8c2bbbe9cc7bd4b30,True,2000,734,487,247,66.3,64740.94,14,1773608574371,1788716468607,174.9,11645.4,0.18,70214.810641
0x15baf1cefcced43e971da85b7b4de5a0391f7b29,True,2000,1565,1513,52,96.7,18005.19,12,1787929553120,1788742438150,9.4,698.26,0.039,158011.730575
0x15c30ba437b07787eb9fc09ec7e4389c50e19427,True,2000,1039,660,379,63.5,-54373.84,17,1774384378109,1782830377384,97.8,-12277.25,0.226,0.0
0x15c8a479139a2e195b37790ace4870d1f2be045f,True,2000,753,559,194,74.2,-26950.01,5,1782665105274,1787356441903,54.3,-25304.64,0.939,120748.041432
0x15cafd0772f6297bf2ada8f67c35e2caa4137909,True,2000,889,563,326,63.3,60523.73,6,1754903060542,1781610341099,309.1,57688.58,0.953,0.0
0x15cb87fdc9af6a1fa8a0e631c40064a99c46f045,True,843,461,148,313,32.1,-410.81,19,1751946528391,1788252615914,420.2,644.65,1.569,0.655429
0x15cf75de454e54177fdf8ccb403c278a2d33f20c,True,105,24,12,12,50.0,-32077.43,7,1759246046097,1787151383585,323.0,-21178.52,0.66,3870.751209
0x15cf9649c5d5f3cde56279c5cef856894110c84f,True,2000,833,242,591,29.1,2100.01,12,1788213255144,1788731429887,6.0,-2909.94,1.386,13945.55729
0x15d44a524009bb5f06451e11642bef4688734647,True,2000,1080,473,607,43.8,-5357.41,4,1772300883529,1774384029328,24.1,-817.67,0.153,0.0
0x15d45999d8acc4d63b68bb18767366b419f1cb04,True,1450,731,328,403,44.9,-3925.21,2,1772539264010,1780704984709,94.5,-718.23,0.183,0.0
0x15d9915df1a05fd1a93af21e29820cc3bae219e4,True,2000,1018,536,482,52.7,-8668.53,11,1785335241150,1787178225328,21.3,-1447.22,0.167,0.0
0x15dbc42a6a6a707f5f4ea2181a6c06fc745d1e4e,True,2000,852,176,676,20.7,-30243.8,19,1779832075890,1788745396471,103.2,4948.58,0.164,16640.556861
0x15df49f74171cd2157c89084f63e15fbd12c6ca1,True,2000,786,0,786,0.0,-141424.45,2,1784510993536,1784524331948,0.2,-10218.37,0.072,0.0
0x15e07cb765fcd18e3b16b7ca7f4d798daa8b4e35,True,2000,954,658,296,69.0,-1562.28,68,1786660490323,1788728626394,23.9,-742.47,0.475,448.646996
0x15e18a90ede0f30b9c1f7e3eb2941f94365d5f36,True,2000,1045,903,142,86.4,-163242.58,5,1755940662099,1785932383278,347.1,-233997.07,1.433,0.0
0x15e34c9d54ea0621f5bb54c670d81fbc17ddf5d9,True,1173,529,287,242,54.3,-963.15,73,1774455067845,1784659955560,118.1,-348.96,0.362,0.0
0x15e4374b6d452d02784b3b5b7319f7aa13e8eaa3,True,1260,640,358,282,55.9,-14165.12,17,1752247976377,1788511803993,419.7,-3615.24,0.255,0.0
0x15e4bfe27b6015c7260972233b88cb9035a88237,True,2000,849,352,497,41.5,3276.41,40,1767280324903,1787802745697,237.5,600.7,0.183,0.0
0x15e52a04b9d6de94332499dc8690950cb833ed6c,True,1198,584,207,377,35.4,9528.06,13,1759105666643,1787185515209,325.0,2174.25,0.228,0.0
0x15e583153c08061996472eb9a554217a30325f03,True,205,105,105,0,100.0,11493.41,2,1776024812192,1787179445523,129.1,2009.64,0.175,0.0
0x15e5b76a758af6b14ce6f134374e32dcb5450cd6,True,2000,905,539,366,59.6,21762.51,22,1769649118602,1788718817885,220.7,-28629.18,1.316,24753.866128
0x15e9233b5b42d0b72b1c04a984c1498ee6bbd016,True,2000,1170,446,724,38.1,18534.02,6,1788134957327,1788529147061,4.6,6819.27,0.368,143478.700247
0x15ec7abe5341c65afabd10280e487d391897c063,True,2000,862,820,42,95.1,1839.93,2,1784013005603,1788727799931,54.6,58.38,0.032,5944.095094
0x15ed467a070a05b97eb8d2eebbbed6cb593dcaf3,True,2000,982,786,196,80.0,-3372.76,16,1787150040891,1788753603140,18.6,-2332.39,0.692,4228.194715
0x15f5c356656abba5a4b51f342b65a2b0ed36ab71,True,2000,1011,336,675,33.2,1681.39,1,1772522468501,1788673282961,186.9,509.22,0.303,0.0
0x15f7729e220d29f846f2e0ac08bf45c11e6d2462,True,2000,942,616,326,65.4,-9848.99,22,1781530701982,1788289147340,78.2,-5725.96,0.581,0.0
0x15f80fba024b3a5699206f754cbd6779c3ed87b2,True,2000,984,543,441,55.2,4304.71,27,1782985976390,1788712340807,66.3,-625.66,0.145,520.122969
0x15f94b0fc5b5e22f16755568ae1d20f07ffb18ba,True,520,313,143,170,45.7,-4678.32,12,1778054107752,1784217446607,71.3,-2631.75,0.563,0.0
0x15f970a5fa4791dbe4fc3adea6d41e87e5fac6ff,True,2000,1400,1313,87,93.8,26989.9,14,1767084981587,1788539039877,248.3,-8403.14,0.311,3662.212173
0x15fc806d0011a1bcb3d1e610506544ab7db4198c,True,2000,1132,424,708,37.5,-15361.69,4,1775667703985,1788720767099,151.1,15230.68,0.991,93742.703732
0x16011596bedeb54c340203d571e2aff58fe5ff19,True,2000,1060,588,472,55.5,-3978.2,9,1781792266640,1788755780914,80.6,-1047.14,0.263,2128.558662
0x160398a0b95383a9155081b16f9e32e18861408b,True,2000,1104,763,341,69.1,49019.56,8,1775953784369,1778529938183,29.8,113959.51,2.325,0.0
0x1605b14b64e816d4348b8973fb5e67ea39331143,True,2000,1056,584,472,55.3,42739.11,38,1745359238203,1782197848094,426.4,17779.76,0.416,0.0
0x1608160fa2f1625c9636cfbc58b96c57e826691a,True,2000,846,386,460,45.6,1156.8,64,1747281275357,1779939309419,378.0,807.14,0.698,0.0
0x160d4b2b10677f304d2999e6b2fcddebb612d36f,True,2000,981,391,590,39.9,-63222.31,13,1777755161637,1780520378103,32.0,-13084.85,0.207,0.0
0x1614429ddab7f80b25a1e7f33b3da41886b95cc8,True,2000,966,609,357,63.0,8069.54,11,1780449932314,1787929915704,86.6,1623.18,0.201,0.0
0x161619839ebbada5d3c279e1a79c50f7fc4274d6,True,531,277,188,89,67.9,22999.02,19,1737110276663,1787815255718,586.9,2986.38,0.13,0.0
0x161c1a2e2bca8fd39aee26afc0c0ee02a60e1dc9,True,2000,1116,428,688,38.4,-55417.6,9,1766064618710,1781798183998,182.1,-7809.41,0.141,0.0
0x161ca378a6a5319080ae11566dd2d6a23db4fbf3,True,2000,1067,272,795,25.5,-24064.28,2,1782866166384,1787886221242,58.1,-2001.73,0.083,80871.142367
0x161d894c4579dd059ecda3b76fdced84645366d8,True,2000,824,500,324,60.7,-295.98,2,1776522952885,1777580842586,12.2,-1080.62,3.651,0.0
0x1622364f5eecac11ff5e9b23cb55efca31ed4846,True,2000,346,73,273,21.1,-75038.03,5,1785267951671,1787375501339,24.4,-9306.08,0.124,0.0
0x16224283be3f7c0245d9d259ea82ead7fcb8343d,True,2000,1030,851,179,82.6,14113.46,40,1777064915094,1788633109805,133.9,-6022.56,0.427,25381.416507
0x1624b7f36f7c6821009dc58a740b63a6982a905b,True,1845,806,703,103,87.2,-4801.05,8,1782831798729,1787274844443,51.4,-2637.47,0.549,0.0
0x16287a517499a467a349b70764a4ecae56d1d2c9,True,2000,1030,313,717,30.4,209010.16,8,1780288845962,1788621009785,96.4,87311.51,0.418,0.0
0x162a0898c9ad030e05eee8f8dfd504a9197877e3,True,1626,806,407,399,50.5,-2255.23,2,1771395021728,1780952973051,110.6,-2884.5,1.279,0.0
0x162b5fffb4959a9a93ab8ae38ea19a4fb8765e1b,True,1764,908,574,334,63.2,-2715.65,31,1750675386051,1788449459178,437.2,3164.62,1.165,0.0
0x162cc7c861ebd0c06b3d72319201150482518185,True,2000,1546,1488,58,96.2,30642.89,15,1781765656192,1784796393444,35.1,-2130.33,0.07,0.701367
0x162ea116bbfae0a36d8019975f0472e4a5e2cec0,True,2000,989,279,710,28.2,-9795.47,21,1772805329471,1785800259251,150.4,-3483.74,0.356,0.0
0x1633090139689acf26bc44c7dc9c5f2d4e320526,True,2000,959,625,334,65.2,-9601.69,62,1752217019101,1788529676223,420.3,-8358.98,0.871,0.0
0x1634058e035ebbf97e9828f656c4d4fdc17eb532,True,1054,323,321,2,99.4,18912.35,8,1781511497632,1788450714611,80.3,2314.72,0.122,17761.652291
0x163543d3e3c7ec7f3d4ada91647f53b8a2987531,True,1512,647,554,93,85.6,10389.56,8,1774638287753,1788732174567,163.1,830.4,0.08,39883.577847
0x1636542fa2ed61cfed3fddf758bd824f904c0bca,True,914,513,335,178,65.3,-834.43,2,1780438687839,1788744397628,96.1,1740.51,2.086,0.0
0x1636be94b64ce8a3f63951b746be08616cd4d3b5,True,2000,1008,257,751,25.5,205.76,3,1782827425985,1788190529670,62.1,1291.4,6.276,0.0
0x163a13a6c64578c401a620f4de3f52cdee460393,True,155,94,53,41,56.4,708.66,1,1779837230280,1779844264467,0.1,145.96,0.206,0.0
0x163ba28c4a7180949c111228613cb09e8ff5fb5a,True,2000,899,378,521,42.0,-20349.8,2,1785258986403,1788735176427,40.2,3046.44,0.15,2960.857341
0x163cc9f3fcfc73f8f55004fcd1a482fe8b9fdc1f,True,1703,806,413,393,51.2,-1926.13,25,1784236460932,1788586801386,50.4,-1491.53,0.774,10712.859167
0x1640e916e10610ba39aac5cd8a08acf3ccae1a4c,True,564,265,262,3,98.9,84084.46,3,1744729385892,1772912969293,326.2,7537.62,0.09,0.0
0x1642b8e59e5f5394e7005f2e221bb4213a9f9de9,True,2000,870,341,529,39.2,-212605.51,5,1785941868045,1787022934946,12.5,-10088.53,0.047,0.0
0x164369699b45b248e34069693928f44117912a71,True,373,168,111,57,66.1,782.66,9,1734103716060,1779728257767,528.1,-464.69,0.594,0.0
0x1643e9aba4fcfb4e8c1a887090239e34f488cad6,True,2000,1177,595,582,50.6,14689.22,6,1787750227282,1788756389671,11.6,-3097.28,0.211,791338.088282
0x165299900a3ab7fa975188050804e1079ee13265,True,2000,642,201,441,31.3,-32592.0,6,1781471994882,1782132542369,7.6,-3746.04,0.115,0.0
0x16588c497a83e9dfa298d048553a4ef5fd52f65b,True,2000,767,311,456,40.5,-95978.34,2,1786936743560,1788705141646,20.5,-12652.68,0.132,2564.708635
0x165c99173cb5a5e42371bd49a1f955c707e7c9c5,True,991,464,248,216,53.4,-9686.37,13,1772442276273,1787214750706,171.0,-2430.36,0.251,0.0
0x165eccd320160a9350e704ddafbdede922bf4591,True,385,171,101,70,59.1,-1073.87,8,1712964676213,1782590997813,805.9,294.38,0.274,0.0
0x1663c5b7afcc943c4384dfef7085f1a2daa41933,True,367,172,71,101,41.3,557.29,17,1749451895379,1788250353041,449.1,1037.71,1.862,0.0
0x16644220b534b64d4021ff04826306f138824bad,True,1903,921,421,500,45.7,8612.96,53,1704268537893,1788199179117,971.4,6364.85,0.739,1699.973918
0x166866a2845506f6b4c817482fe53b4985882ea6,True,2000,931,544,387,58.4,70495.58,14,1785279525524,1788639230517,38.9,10465.72,0.148,0.0
0x166b0e967bf17571fc2df38064a36ed6871d6118,True,2000,813,414,399,50.9,457.98,64,1783508322225,1788696833399,60.1,675.1,1.474,7301.689127
0x166e3ce8d091ceff2e70d593cc5397e3a510adcc,True,2000,939,318,621,33.9,5369.68,42,1733512783271,1782588631425,568.0,1801.16,0.335,0.0
0x166ed9f7a56053c7c4e77cb0c91a9e46bbc5e8b0,True,2000,1356,874,482,64.5,-6771.71,6,1768489658811,1780569541906,139.8,-214.22,0.032,0.0
0x166f46b816621049fec3d0a496cdbca2964341de,True,2000,984,428,556,43.5,664.04,51,1785832821786,1788704459392,33.2,217.4,0.327,4957.513682
0x1671ae55c676cc50f3f7ae87fc3d037eac59c670,True,2000,562,469,93,83.5,62589.08,51,1767311378423,1788714608389,247.7,1998.15,0.032,13737.354342
0x16743bb2a598f430cc1b84afb9f34a45c7835933,True,282,150,79,71,52.7,320.35,4,1787283970677,1787360256670,0.9,-249.0,0.777,0.0
0x167628d19416ff1c1ef1a24de0e619e32ef91f9c,True,1672,512,396,116,77.3,-7304.99,3,1785330228940,1788293454646,34.3,-10052.79,1.376,0.0
0x16770eafcdbeff2ae73ccd680694f53a8d40df55,True,445,170,147,23,86.5,5623.87,3,1787490820908,1788725469756,14.3,1260.03,0.224,6733.051675
0x167dcd4162738cccaea779e5188617e9d181bfb7,True,2000,906,302,604,33.3,-45948.36,12,1756108379213,1788525455462,375.2,-35661.62,0.776,48208.561892
0x16813517a935f74ada6243ce72c68ea8efb76500,True,2000,1150,342,808,29.7,-26818.54,7,1776335042843,1780173349434,44.4,-1999.65,0.075,0.0
0x168198986b9caff2fa64a25288be2640ae6d5528,True,2000,976,729,247,74.7,126528.0,5,1786721711335,1788747139216,23.4,4859.41,0.038,61498.948632
0x1688b4de515d0702363dd6525fbfa402a1716401,True,1293,601,285,316,47.4,-169.05,19,1785306554597,1788663134318,38.8,-154.39,0.913,5314.437808
0x168c69526ba07acaa26682a7f1757f07d3b5a856,True,2000,945,617,328,65.3,-18755.02,127,1757858151991,1788216820154,351.4,-5249.83,0.28,6413.930784
0x168d9c6b619084f681b09f269b2f52887146997d,True,237,144,83,61,57.6,3122.89,2,1782055572329,1787213643978,59.7,3454.54,1.106,0.0
0x168f66460699b818f6b945de482a78cf2c9afb9d,True,2000,1047,550,497,52.5,65409.79,12,1784604476504,1787839840580,37.4,7127.14,0.109,0.0
0x168fb9ffceaf175a4279c809b139459c4c4b70f5,True,2000,847,643,204,75.9,-33667.04,12,1778489373093,1788132331222,111.6,-3507.88,0.104,0.0
0x1695e8a48eb4a479f1ec729bd0a1fd3168db8b99,True,2000,945,399,546,42.2,270.17,42,1778719447985,1788744702887,116.0,-1202.86,4.452,4577.51279
0x16973f987ae2b4f4ad091412ee7414a2392ccffa,True,2000,1100,401,699,36.5,-27266.98,2,1787176102481,1787349858294,2.0,-9239.67,0.339,0.0
0x169808b1a452278b05f1dd285e86a6df03c8f931,True,2000,1012,440,572,43.5,980.59,51,1786263489364,1788704026214,28.2,276.88,0.282,74773.649077
0x169ba96d963e77a87dbe58922ecdcdd0f0cf3315,True,812,440,170,270,38.6,73589.42,5,1783655535414,1788309575198,53.9,5238.32,0.071,0.0
0x169c4d48aa155347de49a7013985a993bac34013,True,2000,961,524,437,54.5,890.99,35,1755544479891,1787167648608,366.0,-700.02,0.786,0.0
0x169f6008a384dce7ebf856f071de2288f3d8bb5a,True,514,157,10,147,6.4,-110960.41,2,1780370899539,1782440018503,23.9,-18069.94,0.163,0.0
0x16a167df350c0b8df3091e10c40555cf503176d5,True,2000,933,435,498,46.6,-10625.39,27,1763470841576,1788652800016,291.5,-5987.75,0.564,0.0
0x16a74c5c09ae0d63e6f46daecf783e7033856fec,True,2000,1125,725,400,64.4,123.7,4,1787603021967,1787917910939,3.6,13.37,0.108,2329.293718
0x16b254b5a323605946dfb834eeaeefa22a8a2d46,True,2000,961,457,504,47.6,50.76,28,1788499129879,1788750273841,2.9,-481.51,9.486,1105.97691
0x16b35d2a83d90cf8de9d36911582b13c86772264,True,423,263,206,57,78.3,81172.77,6,1741100720287,1787270400024,534.4,26976.92,0.332,0.0
0x16b823e7ba9ffb1b628292346737ddb5ed26035a,True,2000,1019,429,590,42.1,-2507.15,18,1780616452419,1785156866511,52.6,-522.07,0.208,0.0
0x16bc31d54745468b254a23e3d3c650a3463bd5e0,True,550,289,179,110,61.9,129.29,25,1725059229010,1787157288416,718.7,-1163.07,8.996,0.0
0x16bd1876f74b4f9fe74a1e70f67e19c5ce93f205,True,2000,1075,509,566,47.3,-120636.74,23,1744435016836,1780672533738,419.4,-13729.73,0.114,0.0
0x16bf84af3f85f8c8a97597bf2be549dfe0dee637,True,2000,268,268,0,100.0,687676.97,2,1784826130768,1788401633375,41.4,53684.69,0.078,0.0
0x16c08fa5f066be951ad1aa2727ef4eee1ccd927a,True,2000,879,283,596,32.2,15901.84,5,1788251795403,1788732601831,5.6,10990.18,0.691,18878.161625
0x16c19dcc764767909059b29cccd0448f4c8819df,True,2000,1196,658,538,55.0,-7930.09,7,1781962334704,1788558813443,76.3,2594.72,0.327,0.0
0x16c95227d8442946c1c152bc8ea16a37ebe1a282,True,2000,1039,681,358,65.5,-8306.73,2,1788698000727,1788756846027,0.7,-254.24,0.031,204286.215476
0x16cc65f1c557caa6cbe92aa1c562f646b3892a8e,True,188,98,61,37,62.2,-1603.63,3,1787072440732,1787757841442,7.9,-885.45,0.552,0.0
0x16ccb0d80d7de31f878999ea769a6d8e84108920,True,2000,982,462,520,47.0,7784.36,13,1763997059132,1784209186846,233.9,1531.17,0.197,0.0
0x16d510803a0ac46fd2c2a60ca5db890fff74759c,True,2000,954,402,552,42.1,-3449.22,8,1779982095976,1782123167457,24.8,-1861.61,0.54,0.0
0x16d69a835c012584783921b2e4c622f157ce97bf,True,2000,873,279,594,32.0,23069.05,16,1786471397959,1788702084909,25.8,11085.0,0.481,54974.681225
0x16dd153400664689afa2d6a1b405681d353beb10,True,1068,567,237,330,41.8,-32741.07,7,1773087217253,1773163981756,0.9,-3486.38,0.106,0.0
0x16ddc798dec5b0a66bd05956fd51d30bac7e5eab,True,1882,800,465,335,58.1,6821.92,5,1781246028181,1788713890376,86.4,1240.1,0.182,31175.468306
0x16dfb5f432d72d11cb357e6564cf9337fcb0536d,True,2000,967,198,769,20.5,-2243.21,6,1763461925023,1777050544015,157.3,437.21,0.195,12333.03286
0x16e03923a44177e3e42523f13b6a7c31d9309050,True,554,274,53,221,19.3,-9387.46,3,1762237841248,1787720724357,294.9,-1349.97,0.144,0.0
0x16e5c96d074d3f1a9cdd303805127c8ed3ddfb9a,True,1453,568,381,187,67.1,16865.59,68,1713134553437,1784732672309,828.7,-8171.12,0.484,0.0
0x16ee01975ae139389b5693b917c0c55d2ff7e20c,True,2000,863,535,328,62.0,26.23,18,1788601681605,1788756870962,1.8,-2.09,0.079,2946.63841
0x16ee3aaf3ce2b82c4551e914ed4bd947149ef4e5,True,2000,949,369,580,38.9,-3671.5,10,1760278926766,1781136000009,241.4,513.34,0.14,0.0
0x16f037a3ddf53da1b047a926e1833219f0a8e1fc,True,2000,880,704,176,80.0,24520.24,18,1780468391396,1788463204480,92.5,4762.39,0.194,0.0
0x16f368bfaa9308a4b1728f5356001f58b914caab,True,2000,1069,214,855,20.0,4501.4,21,1755702467005,1784128670347,329.0,2487.66,0.553,0.0
0x16f5059c54e07eab638e2d9434a25c46560d472a,True,2000,865,561,304,64.9,14144.27,29,1782757873509,1787270400024,52.2,-1788.27,0.126,0.0
0x1700acdd94010de35087b45b601d0e1b90c2697f,True,2000,235,15,220,6.4,-1591.29,2,1788568975021,1788754613794,2.1,-73.97,0.046,741481.639254
0x170519f69ef4bf7940eb8f9f16b1d60c50b92d79,True,2000,1018,155,863,15.2,-35475.18,14,1788525236804,1788756375357,2.7,-6256.5,0.176,202697.973964
0x170cabc39b957b0b36a1c291eae2f762d28be6dc,True,2000,1009,432,577,42.8,-28891.21,37,1753680157942,1788666221701,404.9,-2575.25,0.089,0.0
0x170dbce27ab17f5dc3f04c773b6686068ad88c9b,True,2000,984,719,265,73.1,155660.64,20,1737005631071,1787193425869,580.9,11380.64,0.073,0.0
0x170e22373b229cac11f069797a4f4a26d9c89371,True,2000,947,465,482,49.1,-1518.18,25,1776900304372,1788569244044,135.1,-4498.17,2.963,64920.689964
0x170f1c96ecaeadd18f7a86a14e9660abf6334cc0,True,2000,953,426,527,44.7,-1387.72,26,1763711170910,1785855523245,256.3,496.63,0.358,0.0
0x1711bc52bf7e0494325799717fe640f1924617b7,True,2000,689,451,238,65.5,106514.83,19,1769796992583,1788629072640,218.0,10550.5,0.099,5311.817475
0x17130c903430c63ac23b5b6611eedaf749758c29,True,2000,1114,571,543,51.3,7808.7,6,1763131012090,1788754027047,296.6,-1175.9,0.151,0.0
0x1714fa1d4db089a7dd036fc8d1a9d1fd759a0250,True,2000,701,473,228,67.5,42834.97,2,1783138949563,1783429139960,3.4,-2251.6,0.053,0.0
0x1717d02152e6180d630f060256027b61456309c1,True,1626,845,564,281,66.7,32816.34,3,1778774123622,1778859484761,1.0,7176.57,0.219,0.0
0x17185a1cf66a7826c0c858ced2690acbd8d80d5c,True,2000,901,276,625,30.6,-2860.65,6,1787344953498,1788742613752,16.2,351.9,0.123,0.0
0x171b7880939d76abbc6b6b2094f54e6636f829a7,True,2000,665,323,342,48.6,17316.09,57,1774887843897,1787201934498,142.5,7113.39,0.411,0.0
0x171c2a0edd40c01053aafb2e16ecd9b06ad898ea,True,2000,1241,1010,231,81.4,-254795.98,8,1776186451255,1781791012883,64.9,-55950.87,0.22,0.0
0x171cf623ddbeffd90e903bfc3e525b5377e16ba8,True,821,497,401,96,80.7,5587.62,5,1773410166484,1773754663390,4.0,1018.89,0.182,0.0
0x171dae22b287cf811d81da96d284c6dcc2953e5d,True,640,256,228,28,89.1,-38232.25,3,1782809435370,1788316946767,63.7,-10021.67,0.262,0.0
0x172006da130ad7e1a61b116504df2e3a8cf2c7de,True,2000,996,376,620,37.8,-3486.04,10,1773169987029,1773547944507,4.4,-454.67,0.13,0.0
0x1722a9bd0a68cc456bf146f90f9a1e32a97d9be2,True,2000,1260,466,794,37.0,-887.56,16,1788434149520,1788755610803,3.7,-63.77,0.072,0.0
0x17286a34d2b2e842cd38da74bc079c1f23992b1d,True,2000,1064,702,362,66.0,21992.93,1,1787487999971,1787992690556,5.8,-1828.03,0.083,0.0
0x172bfd559b383755db1109ba3b0e893392eb9d40,True,339,227,101,126,44.5,-1187.08,1,1772469006600,1775048567341,29.9,-1393.62,1.174,0.0
0x172db4e6a934dd59e9ba7f249c5f5e0821a5e568,True,2000,878,486,392,55.4,-2077.54,15,1785227785017,1788702151409,40.2,-2795.87,1.346,2638.368878
0x172e08e84b721f37ee91b70f8dbfc522394b1968,True,274,142,88,54,62.0,-11143.97,15,1704908984211,1788366330897,965.9,-4518.0,0.405,0.0
0x172f5a1147c2b65e88b8d1f14af55c9fa304b639,True,2000,1114,114,1000,10.2,-3508.3,14,1772529994206,1779321600086,78.6,621.46,0.177,0.0
0x1736f648d0809c59b1429ae25250b811191419a0,True,1010,441,209,232,47.4,9717.17,35,1774347363806,1788708644729,166.2,1635.82,0.168,8079.783677
0x1737a7171559941a974f061d26d9dc3dbe2829a6,True,2000,1220,399,821,32.7,-40465.54,6,1775844491532,1776802210261,11.1,-4958.41,0.123,0.0
0x1739d028fcad09b6c697f83b645734e55ed732c0,True,2000,830,527,303,63.5,124290.69,14,1785853747474,1788705162236,33.0,11072.17,0.089,110696.69286
0x1739e2268d12416dbd9319a70aeeea7ac9606734,True,2000,1181,383,798,32.4,-12412.78,13,1766762193983,1787932312568,245.0,803.22,0.065,0.0
0x173dfb875cd060c54a80cc612252c886d9db2cd7,True,2000,1201,874,327,72.8,-103741.25,1,1784258478724,1787362227900,35.9,-14516.67,0.14,0.0
0x1742608731e389539b0d33a986d24b842168b0a9,True,94,61,45,16,73.8,114.19,2,1763018250935,1788462342862,294.5,17.14,0.15,105.795998
0x1742c73c3bdff1a96e3d3a1de896858377b09846,True,89,60,39,21,65.0,5505.44,1,1775433648744,1788300785823,148.9,2367.31,0.43,0.0
0x1743c9be7c10bddccea0b650e3e41b2cf2bbfc8f,True,2000,966,270,696,28.0,546.17,2,1776293237034,1776519563436,2.6,99.76,0.183,0.0
0x1745eadb5023099a913e5ccefee6c853e5089480,True,556,260,177,83,68.1,-1611.33,5,1751266341773,1788516416665,431.1,-1319.12,0.819,340.435957
0x1746c26335bbcdab9e2e592c9c78761f29c46ac0,True,260,117,71,46,60.7,-11604.66,4,1782789986233,1787692088924,56.7,-3887.24,0.335,0.0
0x1747e9b568a1f9c63a593f1d27a8acc06b224447,True,134,44,33,11,75.0,2938.38,17,1755660281157,1788393600075,378.9,1240.0,0.422,0.0
0x17484428122a60692b7e5fbcd248a12673b2ea63,True,2000,436,283,153,64.9,-10.63,139,1780920767056,1788739122372,90.5,-681.25,64.098,5085.097664
0x174f56e50bb9784af05234bec7a0d063c1d9e732,True,221,136,112,24,82.4,12860.25,6,1780269715679,1788729535941,97.9,1915.51,0.149,15974.239707
0x1750dd77a381a6a1dc4ce88e26586c856f75f646,True,1006,464,230,234,49.6,225614.44,12,1763326403392,1781250758284,207.5,113178.1,0.502,0.0
0x17512f9840d7aa86b0e0df1c90e47b70c5842abd,True,2000,875,554,321,63.3,-11158.57,45,1767348443440,1788710698329,247.2,-3211.17,0.288,1974.407954
0x17548c35d99b665d3a4e793622a41c57f5ae2429,True,2000,1129,600,529,53.1,138966.79,5,1787495122204,1788735454715,14.4,20815.58,0.15,0.0
0x1758c1b84d9feae08fd95ad66c4fa97068c5ab50,True,2000,937,642,295,68.5,-1027.51,19,1777890085696,1788597276490,123.9,-2337.0,2.274,16408.127019
0x1758e5cc6fead65763b6e44fbfeaf047cbe3e3e7,True,2000,827,533,294,64.4,-336.26,5,1772117232122,1781471020115,108.3,-556.36,1.655,0.0
0x1759c8f2bcc386a953aee0e579d44f2b2a888037,True,1468,601,550,51,91.5,26993.26,9,1787728683049,1788753019942,11.9,1308.19,0.048,60488.700049
0x175a68282f5fd79e74b7b5fe6d56b73f8c34c6c2,True,666,324,118,206,36.4,-1942.33,44,1737746959425,1788695368754,589.7,-545.85,0.281,631.825432
0x175bd0e31ea1d99270521e9bf578a0c155b2c824,True,2000,639,255,384,39.9,94578.18,6,1786045188658,1788478996695,28.2,62950.21,0.666,380889.558517
0x175c59d92ded20ec11efff32291139edb3585475,True,2000,1050,720,330,68.6,65979.81,7,1772267775019,1788423081556,187.0,9463.33,0.143,0.0
0x1764b5d24027294373f2aa289a5d548096681a4d,True,1628,576,438,138,76.0,3034.02,4,1770109831043,1788748787565,215.7,1271.2,0.419,1617.47325
0x1764dd740aba4195643bbb6a44648e0306b00cfa,True,2000,1155,238,917,20.6,1621.81,8,1771829694517,1788255321182,190.1,2962.94,1.827,443.744892
0x17665537be0710afde94bfc5d887a63f55667a61,True,2000,843,364,479,43.2,45585.93,13,1777674541281,1780091078777,28.0,16115.93,0.354,0.0
0x1767c1fbfdda81bbb907c46f9863e0664eccbd9c,True,187,98,71,27,72.4,623.0,9,1783524235555,1786467128306,34.1,-254.6,0.409,999.60113
0x176c71473965025816d4b8e79f6be381c4dcd2b3,True,498,115,50,65,43.5,-340.38,43,1734028386067,1782203064200,557.6,495.75,1.456,0.0
0x176d00613b25712048b164d00f89d9c7861faffa,True,2000,1206,524,682,43.4,-552033.34,1,1779316581802,1780640033176,15.3,-26941.47,0.049,0.0
0x177019594ba3913d416ab1a8f3e5527d4c2b2837,True,2000,1141,407,734,35.7,-1438.63,44,1788746103703,1788757384461,0.1,455.1,0.316,0.001706
0x1777cf554ae698be4401e3cfb48073c1be066d75,True,256,129,17,112,13.2,-2155.59,2,1782257709910,1782345195933,1.0,-364.24,0.169,0.008663
0x17781d5424cd78e6332222a4d9a893497e83a2e5,True,2000,884,458,426,51.8,1890.07,73,1756263322317,1788526766220,373.4,-810.93,0.429,0.0
0x1778fa0d8bdf9a90dd202163873323b2fe989a10,True,1602,806,499,307,61.9,458.09,28,1733666200537,1788727536032,637.3,1034.76,2.259,0.0
0x1779a5c6816aa730d80a84bd63cd8af655501f61,True,2000,1059,597,462,56.4,-6238.1,6,1767733240692,1780071867250,142.8,-1025.03,0.164,0.0
0x177e9d3a317cf13cf5c2495560066d0788803121,True,2000,1077,174,903,16.2,-167353.03,9,1770163554253,1780593441812,120.7,-12913.66,0.077,0.0
0x178031baf4bf011a2c2190066c2d762e45d4eff8,True,2000,1011,641,370,63.4,-2341.26,13,1784189827675,1788714752632,52.4,-2070.7,0.884,0.0
0x17826e6fbdff13b2ab252d7d9ce27c90b918e8a1,True,2000,809,409,400,50.6,-4235.87,16,1784949797538,1788700459176,43.4,4923.24,1.162,136095.280415
0x17854da41a284b6b1fd1c63aa98f363e9499eaf2,True,2000,992,755,237,76.1,-26314.67,15,1761131030361,1780458623419,223.7,-15489.02,0.589,0.0
0x1788da0103fbbdd6c8bf5c32313d76bf05f1362f,True,2000,973,323,650,33.2,-143.36,52,1785661454818,1788690328921,35.1,179.06,1.249,34103.837892
0x17894956b6d239c5a831a4af07849d357b90752d,True,543,303,281,22,92.7,4265.18,3,1752422038176,1777631537686,291.8,717.0,0.168,0.0
0x178ab44be56051787d11c27d8ab8af0fac0b8ba0,True,215,125,34,91,27.2,-10165.98,8,1772987894828,1780587443485,88.0,-10330.45,1.016,0.0
0x178d245216beb3d7e3e64dce8494b1efe04a9266,True,2000,954,455,499,47.7,5435.8,4,1787188242828,1787893777707,8.2,576.07,0.106,9.213157
0x178dbcce09ac48e63e57507c003259657833553f,True,907,419,199,220,47.5,1337.65,10,1752490372612,1788691887824,419.0,801.99,0.6,2485.364131
0x178f639a89797fab52dd5cfcaddd383a563ffb78,True,2000,236,75,161,31.8,14473.16,8,1786467699295,1788604079203,24.7,3066.0,0.212,111042.930653
0x17901b1beaa67380f6370c569be8678585c33ce0,True,375,189,96,93,50.8,1046.6,3,1770231223350,1774032459496,44.0,-1776.08,1.697,0.0
0x179155ec0b7510dfb80554f13d2e7887aaf3bed0,True,2000,921,431,490,46.8,-13863.9,7,1782308039979,1785636507851,38.5,-1272.29,0.092,0.0
0x179341e689fc378f045b6461b381e794f3796e1a,True,2000,873,481,392,55.1,6279.87,2,1783161241024,1785779397522,30.3,-368.53,0.059,0.0
0x179c17d04be626561b0355a248d6055a80456aa5,True,2000,1163,1161,2,99.8,2264181.88,3,1762432232346,1778931406181,191.0,71094.72,0.031,1.787379
0x179f1bd06b749f4c2d56defaeacc795ed2b5b805,True,2000,895,560,335,62.6,-597.13,13,1769672066231,1778676093961,104.2,3218.16,5.389,0.0
0x17a1b1764d492ad3d5d73bc72a9efe4f1e373506,True,2000,1195,405,790,33.9,-10983.01,19,1757736600124,1784224996417,306.6,3879.48,0.353,0.0
0x17a1c92d424569cdee77a48b47449f63d685f85e,True,2000,972,896,76,92.2,74852.41,10,1779378487952,1788464761856,105.2,1539.9,0.021,0.0
0x17ab3f1b0725017f8a07681edafc0a897a199b2f,True,2000,659,440,219,66.8,-5064.7,154,1734362820847,1788451366085,626.0,-7125.83,1.407,0.0
0x17b1ee30a719324d6368a4e526b7901e42d409fd,True,2000,1009,371,638,36.8,-2512.42,27,1777008663012,1787716402291,123.9,-1069.0,0.425,0.0
0x17bc45a8b60194cb70fc46ec2a7232a9cbe553f6,True,2000,1084,938,146,86.5,9941.95,17,1782374581017,1788714497723,73.4,-2876.73,0.289,0.0
0x17c2916939d3f8603d9dbf48e5011fcf150c2637,True,2000,1007,351,656,34.9,-1322.64,45,1768660411638,1788750992981,232.5,509.75,0.385,1311.093817
0x17c32bd608334d0fe1e6451ad4421bbc50213cc3,True,280,115,115,0,100.0,36627.04,1,1774833146376,1774906308703,0.8,4657.59,0.127,0.0
0x17c3c8fdbcb7d1b240ce08965e09b1fc91cba868,True,2000,907,790,117,87.1,39421.7,13,1788670232954,1788757553226,1.0,806.36,0.02,2153859.655423
0x17c3f5c10ce212a4e86d9226588bb6ab6b961197,True,1784,882,549,333,62.2,18178.72,9,1786676883443,1788678801730,23.2,3489.86,0.192,59723.745072
0x17c6d861ec340468391600cf487a058842c4ea9c,True,328,186,167,19,89.8,5670.85,2,1778177749133,1783243657418,58.6,711.28,0.125,0.0
0x17cae29fabaa5134dbf449106fbf4bdbef5ade64,True,770,283,151,132,53.4,-4924.18,14,1787447500366,1788525528934,12.5,-1085.8,0.221,0.0
0x17d49799f33285b2872682c3fbd96f2392270c61,True,2000,896,320,576,35.7,-14226.88,21,1758446846538,1787043735940,331.0,3096.63,0.218,0.0
0x17d6235c0c96c4115dc8f5b1483026a3a3d56871,True,2000,825,522,303,63.3,-12036.86,7,1781185061703,1782400635569,14.1,7852.02,0.652,0.0
0x17d746bb34bdbec4f4b0f3883bb4d2bf54048134,True,2000,1038,741,297,71.4,3224.23,17,1772388201053,1776271411381,44.9,700.99,0.217,0.0
0x17e064e7bc114478f81b312f2e868a8052855023,True,2000,1158,534,624,46.1,-19058.37,10,1785996393411,1788732805138,31.7,-4901.74,0.257,0.0
0x17e871094ff2cfe794032f6a759cec411708b818,True,2000,1167,503,664,43.1,555.03,9,1776836825058,1787571387355,124.2,-1726.47,3.111,0.0
0x17eb048616cddabf3464c35d1d12a6dfd9fc5c54,True,2000,860,556,304,64.7,-35405.21,5,1774137443558,1778535590502,50.9,-7489.88,0.212,0.0
0x17eb08623beb7b4692b7714f03d8a34a0d100c34,True,1574,700,171,529,24.4,-176.09,2,1776787193359,1786716890309,114.9,1060.68,6.024,0.0
0x17ec133d0774c0e8f463e864f8a31e19c7bfd03f,True,2000,861,677,184,78.6,-4239.47,3,1766420309148,1788704225364,257.9,-3894.48,0.919,932.568026
0x17ed1f65076d80fdb025c13f0458d8047814567d,True,1646,923,569,354,61.6,33127.81,9,1781075191196,1782864000063,20.7,4174.57,0.126,0.0
0x17f0361771a9042d816cd007c731be15f05b094f,True,2000,861,526,335,61.1,226327.13,3,1787320934491,1788684998689,15.8,49308.1,0.218,315608.41632
0x17f1528fa3ea89278dde13601c7247f37192cf76,True,2000,1448,1070,378,73.9,29589.32,81,1760131106431,1788574598946,329.2,-8264.27,0.279,16011.300715
0x17f1d3aa904d700c7b9e8e58a8b8fdab8621af2f,True,2000,924,499,425,54.0,474.59,6,1778421956637,1779293180422,10.1,1023.16,2.156,0.0
0x17f70f8960c92c8e09b6b5de074367b856625a15,True,2000,1108,827,281,74.6,1650.86,11,1787490278666,1787590987280,1.2,-1521.66,0.922,0.0
0x17fb8617ccab46da9319b75eb9d4cb809666ff5a,True,2000,972,758,214,78.0,-253822.12,36,1761214853912,1788741623979,318.6,-44264.08,0.174,762.919558
0x1805e1c7683929768c541c142d541224f1076737,True,2000,940,376,564,40.0,-4211.56,4,1784683336053,1787914923828,37.4,-538.06,0.128,0.0
0x1807f6ca9b332ea5ccda3a254c84bdf90e412c5a,True,2000,1029,288,741,28.0,-78524.01,4,1783084791751,1783450207731,4.2,-3648.25,0.046,0.0
0x180906a0ef400e4747eac35d4e02ffa18979e328,True,2000,1003,535,468,53.3,2987.85,3,1787625505039,1788727199161,12.8,3271.01,1.095,76176.46568
0x180aaeaa1f90818c211aac06399f0eee16e8c395,True,2000,1093,680,413,62.2,2515.92,40,1772628298754,1788525090465,184.0,-12908.9,5.131,11580.02976
0x180ac2ca86f7dfa192819a43844fe1d6ee56e4fc,True,2000,1091,292,799,26.8,-6056.33,29,1785855780767,1788563619213,31.3,4250.23,0.702,0.0
0x1811f4c4ce7eb65552e4b6a7cba2dce523de6c6a,True,61,23,23,0,100.0,1528.95,1,1780241491985,1780244087899,0.0,344.01,0.225,0.0
0x1814668f7f96d50592979c30676d68cc1990d6dc,True,2000,1102,630,472,57.2,279.48,4,1776715897711,1779375292367,30.8,-1473.97,5.274,0.0
0x18187f89be180ce5d21e6995b56bef82abe34ab6,True,2000,1059,464,595,43.8,2118.71,5,1783522352834,1786384372548,33.1,-392.26,0.185,0.0
0x18194850b4c0dac10af055fb5be772233be376b0,True,2000,817,388,429,47.5,-181368.75,17,1762277228552,1787821118021,295.6,-59385.98,0.327,184038.205493
0x181cd915e476253fbda9363276c3216f57b57325,True,2000,1412,746,666,52.8,-46868.54,1,1780259742994,1780635085123,4.3,-13117.92,0.28,0.0
0x1820ebb6d8acd877ee46ff4d575e6302f1729fa2,True,2000,985,466,519,47.3,162.64,18,1776440342820,1788705107524,142.0,-1415.38,8.703,1.607401
0x182229d3e765770e45fe6371f051d66ec348518a,True,218,83,83,0,100.0,2665.36,1,1779745409696,1779805028990,0.7,346.41,0.13,0.0
0x1822bc895fd57318188f9c4d4272a0a810c574e9,True,2000,826,571,255,69.1,-51296.14,5,1763124084196,1788722421597,296.3,-13635.14,0.266,3267.14445
0x18257da38ebe7b1d4807732ea980b907298693fc,True,1024,510,461,49,90.4,33716.55,7,1787858480564,1788379697768,6.0,3363.82,0.1,0.0
0x18291605dc6423da2b5eeb09a44c7c3be4ef56fc,True,2000,947,510,437,53.9,106963.03,8,1782402573253,1788745842571,73.4,21495.93,0.201,0.0
0x182f4fdc9baf1b378aa1504913cbb05d12ed1e2e,True,462,300,285,15,95.0,13602.71,3,1763731083343,1787097600012,270.4,-4923.0,0.362,0.0
0x182f6b195b420aa202c7f1df292e414764279ec1,True,2000,895,300,595,33.5,-2289.51,34,1784130331434,1788710159600,53.0,-1139.32,0.498,0.0
0x182fbae99347223d3f22b27c0612466e381dfa77,True,1692,760,515,245,67.8,-18273.61,42,1716374904253,1788712726632,837.2,-30201.68,1.653,4556.914537
0x182ffc41a2c6da94c20f5c31a6401ee84427e9e5,True,2000,927,339,588,36.6,-80265.8,12,1761540613837,1776038400013,167.8,-12280.99,0.153,0.0
0x183a06cdb6d47e435aa0e516df6c47950080d8c2,True,2000,1016,517,499,50.9,-319.31,53,1774827552338,1783560652716,101.1,-110.42,0.346,0.0
0x183a48331b4ee0d2253d7d23a4b1cbc10075b5ae,True,491,186,154,32,82.8,915.15,31,1704040309387,1779321600086,871.3,-716.41,0.783,1777.737607
0x183afc2a81a6fba240cd2d5d5d4de0ef52631ad2,True,2000,1090,580,510,53.2,8991.53,10,1768833547018,1780144979057,130.9,2886.23,0.321,0.0
0x183c6497814803574c23866c7662dea4c044d0f9,True,2000,864,402,462,46.5,19590.67,27,1772943684985,1788471205304,179.7,7357.45,0.376,0.0
0x183d0567c33e7591c22540e45d2f74730b42a0ca,True,2000,1730,1570,160,90.8,50695.02,11,1780556230211,1788752494214,94.9,-11461.64,0.226,205992.355779
0x183d6ce01d857ab4284c305df6a2ca1e7495364a,True,1177,1164,611,553,52.5,-58766.48,32,1779041537314,1780275454798,14.3,-18298.29,0.311,0.0
0x1840bdb83caff17de910ec407cafb817678786b5,True,2000,1504,878,626,58.4,67963.49,50,1781689935128,1782461760856,8.9,3861.05,0.057,0.000185
0x1846e2ee0cdf5bc0bfa710bcac0f39ddcc43eac1,True,2000,1048,543,505,51.8,2217.72,83,1780596134440,1787916697008,84.7,-246.35,0.111,0.0
0x18478dfe4e5103a9213db5c4eab9b4a17abbff84,True,2000,735,735,0,100.0,274859.65,1,1787172830086,1788715345929,17.9,13393.92,0.049,110004.188237
0x1847dc422b9dea349e8af7d02cb3a136cd81f441,True,2000,1030,680,350,66.0,73455.43,13,1786992007974,1788652800016,19.2,-7581.28,0.103,30282.532738
0x184a99721ebca9e02cd13d2e03f955257140c92a,True,403,206,193,13,93.7,-7541.6,2,1769699437121,1788748590235,220.5,-5381.43,0.714,0.0
0x184cf6ce32208e4bb324d402fdd8f5b34c810880,True,901,465,144,321,31.0,-11496.49,8,1762551320804,1787268309071,286.1,23351.25,2.031,108500.10314
0x1854704266b957f96ef6a2e412b416233208401b,True,2000,1135,694,441,61.1,9380.43,7,1783442023906,1787930469183,51.9,3692.58,0.394,0.0
0x185611e0343c14f53a4406891cb0fdc9e81808ae,True,2000,487,297,190,61.0,8032.95,20,1788692144902,1788757209187,0.8,743.35,0.093,449693.210973
0x185628889f1aee551b20bec44f2f8bcda7ff7ebb,True,2000,1133,211,922,18.6,-58842.75,12,1758292679968,1788198086454,346.1,-10316.19,0.175,16345.091566
0x18586c9dad45b3440a6e44ccc72c0787be3e20fb,True,2000,960,504,456,52.5,2939.06,5,1771880403164,1788743738357,195.2,-1770.75,0.602,0.0
0x185aa3a7e5f09050f3a0eedb47b55cd72b223a89,True,2000,1194,631,563,52.8,9303.22,7,1777495336747,1780396445699,33.6,1216.58,0.131,0.0
0x185aa9d6f3793c8fe7d0143d4fb3eaf823f1378b,True,830,459,351,108,76.5,11847.83,7,1758114298372,1787924521496,345.0,2979.0,0.251,4320.744896
0x185c3ba954fe0a12660eade2f9b55c218c99dfed,True,600,277,36,241,13.0,-2267.53,4,1775648670307,1776101071840,5.2,-358.41,0.158,0.0
0x185dc9eb6d2be1afb13095643ba10ccfc9bd352e,True,2000,789,667,122,84.5,-17824.97,3,1772459238948,1787375359005,172.6,-2316.34,0.13,1708.565925
0x185e399e476101ee67e46521fb66d2ecab6b3e55,True,1352,591,121,470,20.5,-12514.21,17,1776881086496,1787061234991,117.8,14444.19,1.154,0.0
0x1860ca387f185480b1b8a02a3d04b539ad13b16a,True,149,148,84,64,56.8,-6377.08,5,1786598450842,1788554319733,22.6,-2787.76,0.437,92759.672817
0x186369c0bed10b22776491f401320677dfdd5ff5,True,1167,531,216,315,40.7,-10397.96,9,1776183449372,1778088896481,22.1,-996.35,0.096,0.003693
0x1864e1605a39335e87d618582a28093e1fd9711c,True,2000,1005,224,781,22.3,-175646.24,11,1778545229938,1784870651175,73.2,-20649.76,0.118,0.0
0x18657be4793cee1962d561e554abd5ef7906f0cc,True,2000,1012,562,450,55.5,9915.89,34,1756018403812,1788715538148,378.4,-4667.53,0.471,17595.100224
0x186a0ede279bb1e46fc383d990635d32dda655f2,True,2000,946,702,244,74.2,105838.26,37,1723812298704,1787182666801,733.5,10157.92,0.096,0.0
0x186db13cbbae6fb802edd5c5874f8aa3ba4d3fa1,True,2000,792,404,388,51.0,1936.39,29,1788462005501,1788743845899,3.3,302.66,0.156,23098.850823
0x186db447f4de2f258ec100aa194b6e9974a46482,True,2000,1183,791,392,66.9,475863.58,1,1788287320923,1788622660114,3.9,20344.4,0.043,948762.168894
0x187627026061885047b4daa7bb44f651c10e3641,True,1986,875,527,348,60.2,56869.7,19,1749667515418,1782969421453,385.4,3468.67,0.061,0.0
0x1878f6051132cbfdb2c595e221a0bf834846686f,True,174,84,61,23,72.6,10259.38,9,1758561476212,1783709695114,291.1,1311.41,0.128,2885.826224
0x187a98383ee5c5331c4cc790ce24bb06d9b0517a,True,2000,813,517,296,63.6,-20985.08,5,1773721256358,1788250523794,168.2,-7453.34,0.355,0.0
0x187b6ab771482ccfee7cd2c35176080631082368,True,2000,825,404,421,49.0,12962.02,21,1788342142533,1788747297975,4.7,-3250.15,0.251,60889.030411
0x187ba67b74a2cbbc32e4c6e0a3f7a056c7431ba8,True,2000,1085,553,532,51.0,17124.62,14,1779441898179,1786312454631,79.5,-5379.6,0.314,332.777485
0x187ce79639fe5f2b2803eb97d5cb8826fe5b5f98,True,1703,823,311,512,37.8,-6873.79,12,1766447154171,1788113915128,250.8,-1850.51,0.269,10634.403032
0x187cfabdfee59f5f808bb5b584109c5bb2f812cb,True,2000,949,420,529,44.3,-2552.69,42,1784686174423,1788754985876,47.1,-1290.54,0.506,430.215227
0x187fc088baed99448723897da5b5eb865a32db9d,True,2000,984,497,487,50.5,-18445.15,4,1773157999077,1777120387206,45.9,-8802.28,0.477,0.0
0x1882da4995e72311022f6b5a9d415c903a2ac575,True,1525,794,218,576,27.5,-1348.51,13,1785167395166,1788751912784,41.5,1141.01,0.846,0.0
0x188305ca669b93f243e5446e8666f96f84821c49,True,2000,709,396,313,55.9,35638.17,11,1787631854997,1788735759206,12.8,19127.94,0.537,121252.829795
0x1883be35be2c2a444e748ada455fc39972097ad1,True,2000,1027,614,413,59.8,17266.23,14,1788482800035,1788749392592,3.1,1423.16,0.082,12746.806
0x18842d30863c114e4c6986db4e42fd910d68e034,True,2000,916,665,251,72.6,17669.42,21,1787497447304,1788758099525,14.6,4294.96,0.243,57576.505451
0x188b264aa1456b869c3a92eeed32117ebb835f47,True,2000,1050,502,548,47.8,287695.38,5,1780500333159,1788741027893,95.4,17128.25,0.06,22392.392383
0x188f2447f7517f46a6c617aecf950b740cd8eb98,True,2000,899,640,259,71.2,23262.53,11,1787062788150,1788753606633,19.6,1112.45,0.048,56690.123492
0x188f6da1525b63e434d0c6c11c5c9e7bd953f3a8,True,2000,735,508,227,69.1,-24339.97,21,1776789860590,1788459385582,135.1,-22080.58,0.907,0.0
0x18a03e6a83908a42b33b81a2a77ae89591ee7b13,True,129,78,42,36,53.8,680.02,1,1768206927023,1788419060423,233.9,419.47,0.617,0.009639
0x18a1a5fea64711d527622f0eac3e3c120f06627e,True,2000,706,674,32,95.5,-28434.85,4,1784033446383,1787319083093,38.0,-10891.28,0.383,0.0
0x18abd8dae780eb8a37c3dd2cab31916c6de6c4bf,True,2000,905,350,555,38.7,-12139.56,55,1734627613099,1787306372635,609.7,-7491.21,0.617,0.0
0x18ad221ee463e53ceea39979ed986401adb659c0,True,370,154,108,46,70.1,45896.23,10,1770104920074,1788613175489,214.2,6620.79,0.144,25952.313145
0x18b0e3de55ffdebce1a44e1e6b0d77c3df57d632,True,2000,918,918,0,100.0,102002.59,2,1777485764864,1778460763166,11.3,21056.77,0.206,0.0
0x18b2a61d1a804fba6570ff186f05f5884194571b,True,2000,1010,556,454,55.0,3567.04,2,1770822952407,1775663161003,56.0,-3151.57,0.884,0.0
0x18b459d954cbfe49c7918d7ea705591eb5a25346,True,2000,932,258,674,27.7,2602.61,10,1781720108922,1785468133441,43.4,10341.48,3.973,0.0
0x18b8539261cf9e760e7fec4a8a73c50f0ae7babe,True,2000,1018,507,511,49.8,-70713.21,1,1783524342191,1788693843554,59.8,34709.66,0.491,357587.771988
0x18b9359035856167f65705bb5fac9df570bcab1f,True,239,105,103,2,98.1,10968.5,1,1780918653686,1782457621146,17.8,2662.63,0.243,0.0
0x18b9b833c6e356f2bd8917b235f5c8113cf31a9d,True,263,71,41,30,57.7,3597.41,7,1766733119216,1788467366663,251.6,3565.36,0.991,0.0
0x18b9beef58b9025a394a46fd8124ee1d917d8b3e,True,2000,799,401,398,50.2,148763.94,12,1766002088545,1785196616514,222.2,6815.69,0.046,0.0
0x18bd62a33da6fde908847a97261ba8e823ea776e,True,2000,560,250,310,44.6,-19.48,7,1788460893361,1788655580790,2.3,-19.31,0.991,5557.913499
0x18c15f3dc73b8a6f20a4235c1e9f8e6da7cf3ea8,True,2000,950,649,301,68.3,15587.32,5,1787160189366,1787415468452,3.0,984.11,0.063,0.0
0x18cd4597e06b7fe0a8cd33dda499121b3a145a8b,True,2000,1074,1074,0,100.0,183429.04,2,1787211304322,1788746409262,17.8,7056.1,0.038,134497.473883
0x18cde66120c9195fb6e50a4b1e13bce4c85d1300,True,2000,803,529,274,65.9,-914.43,55,1788161246064,1788758112267,6.9,1156.17,1.264,14918.371713
0x18d103744b0f0bd4ab860f3455a252d20580d6dd,True,2000,1551,1069,482,68.9,-116856.83,2,1781331007344,1781586225759,3.0,-11162.2,0.096,0.0
0x18d6bcd40801db492315945789fbdfa42ac95d24,True,221,133,74,59,55.6,-1755.51,1,1778598670536,1779454306776,9.9,-576.89,0.329,0.0
0x18db1a1977cc9b42c6822b838b1e05dcd50a51fe,True,1192,594,493,101,83.0,-2814.8,5,1774370404492,1784810196665,120.8,-1088.29,0.387,0.001751
0x18db1cab14f2886cee69c11ae0ad5b0b691c3a60,True,2000,1147,809,338,70.5,468.5,70,1787377021991,1788749201927,15.9,-221.36,0.472,7509.756708
0x18dede33aac7ba2dfd2f371e19fab33fef12a214,True,192,80,38,42,47.5,-161.73,4,1781753294157,1787063326625,61.5,1006.69,6.225,0.0
0x18df29cd35c99464696939c14234b1dcd8a65d5c,True,2000,561,100,461,17.8,1049.18,17,1774432105529,1774880166685,5.2,1157.64,1.103,0.0
0x18df78ba95b85f6c859307e92b83ff0e7052c6ab,True,1153,712,582,130,81.7,45503.04,22,1760795844856,1788742707820,323.5,-6860.26,0.151,1030.019457
0x18e0c5ae56412f30190746f919b9322b9cb515c5,True,697,360,191,169,53.1,5021.33,24,1760249620854,1788465633597,326.6,1877.53,0.374,0.0
0x18e2eb3cafa6ee5d3885e20d80298b37321e84fa,True,2000,1654,503,1151,30.4,-475491.8,3,1787172715655,1788694185810,17.6,56360.03,0.119,475769.142949
0x18e41bb2205e0d87ce94474411d49c035c15b062,True,2000,959,427,532,44.5,-921.26,13,1784236948580,1788732692900,52.0,-2506.05,2.72,53233.754637
0x18e45d97e4ab6ac6eedd2a8161f6bf9a58b21bf8,True,279,95,67,28,70.5,413.09,2,1777227989769,1778506515063,14.8,-338.39,0.819,0.0
0x18e5a896304bc2d5c3cb181acd1bf52d165fb237,True,1125,591,214,377,36.2,4358.89,20,1768495263954,1788535536230,231.9,-1575.07,0.361,0.0
0x18eeb366ea732d732d5930251ed26eddb65b4c5f,True,767,381,220,161,57.7,-1687.61,3,1772443807130,1780576325698,94.1,-963.75,0.571,0.0
0x18f090069e92dcd9f1d23189b7bab2a561e9627c,True,722,324,288,36,88.9,23222.55,7,1787711020312,1788703288073,11.5,3129.93,0.135,48770.577797
0x18f106b5096c9b5b1c5630a4b6bc9384dca35934,True,2000,949,167,782,17.6,-3804.18,9,1788183042017,1788704475537,6.0,-244.69,0.064,0.0
0x18f472ce4bbae4d1ae46809ad9fedc7894e19976,True,2000,1019,416,603,40.8,1371.11,37,1778476237812,1784749496768,72.6,1271.78,0.928,0.0
0x18f654749dad288a1370893fb06fc89f938ba3a3,True,2000,942,374,568,39.7,-2856.84,119,1770443568651,1788683660213,211.1,10349.63,3.623,5033.194693
0x18fbbad253216cc47728ab5a5a2665618159ae88,True,2000,837,404,433,48.3,44550.89,9,1786559712067,1788630521750,24.0,6633.24,0.149,20092.066582
0x18fe399ba1c28d3b92380ea89c59dde1e45091f3,True,2000,955,364,591,38.1,-1238.14,11,1781275573081,1786448813232,59.9,-728.52,0.588,0.0
0x1900078e4552760a4a74c0cd3c559da3c399af5a,True,958,490,278,212,56.7,36402.4,20,1773362216343,1787877260521,168.0,5914.15,0.162,52831.32654
0x19045212269ed7b7cc0d8eb2214f85a3cd53ebda,True,2000,992,911,81,91.8,-2770.99,12,1775051315134,1788685886828,157.8,-2069.66,0.747,91.699877
0x190bf4deb6c946837038fe86740b394a9e0452e5,True,667,311,115,196,37.0,-2522.03,31,1738347743570,1788682379930,582.6,714.83,0.283,0.0
0x190dd7b1a4a4416c319a08c83446c79db9cc5c7e,True,426,174,36,138,20.7,-65.02,10,1756289608807,1788693541400,375.0,1237.74,19.036,0.0
0x1910fe77d78bdef4a3671da60c8d7395b47d3ce2,True,82,34,21,13,61.8,-410.64,8,1761045461608,1779321600086,211.5,-603.5,1.47,0.0
0x19141738e3275cdf2550e95bf3b3ad7bf803c01d,True,2000,931,267,664,28.7,-17986.69,15,1757505904523,1788034261110,353.3,-6614.96,0.368,0.0
0x191779545ef487a2197f8efbacf028d555aecef0,True,2000,917,80,837,8.7,-46230.98,5,1772549375981,1773195348824,7.5,-3785.04,0.082,0.0
0x191f565e660e4323b7a54c193eb571b99fdeaffe,True,2000,1150,935,215,81.3,3170.2,7,1788487934177,1788757147592,3.1,2225.76,0.702,45692.933332
0x19221e61cfd3d4f958207a12916bd0efdaa1b3fe,True,659,271,180,91,66.4,-5543.49,1,1778287562587,1778923079366,7.4,-5072.68,0.915,0.0
0x19248dde82db02d5b8e974976f3662b1882b94c8,True,2000,957,373,584,39.0,-5366.48,30,1738624240299,1772487864837,391.9,-379.08,0.071,0.0
0x19263b1bbad9fb9e50578c84d656553858fb8f55,True,2000,883,257,626,29.1,-5290.81,9,1788530123272,1788549006945,0.2,-237.71,0.045,0.0
0x19291f25c4687212fffe16b2b1b44c78aca6cdc9,True,271,73,21,52,28.8,1081.82,6,1748436311178,1781582767616,383.6,-1741.04,1.609,0.0
0x192a09729d522f52dd53a7acc20f7d1a88981f5b,True,573,256,180,76,70.3,11815.47,4,1784806182721,1788535469748,43.2,2186.72,0.185,11776.053446
0x192dd363ea582b18726d132017544f8e96ed3fac,True,2000,1008,226,782,22.4,-25394.23,6,1787533015269,1787851823167,3.7,-1177.67,0.046,0.0
0x192dfd9c08cd9e17cc695913bca39b36ec425324,True,2000,966,862,104,89.2,21272.67,40,1781208300675,1788555578963,85.0,-1602.37,0.075,13323.791351
0x1930856f1b0c6aa143f5649cbe3fb5e09b97a14a,True,2000,326,326,0,100.0,17616.43,1,1750602304542,1774732297687,279.3,9990.12,0.567,0.0
0x1931db4f2aa47310c712156aa8c68be444499aa1,True,2000,1299,729,570,56.1,4052.57,35,1774614930458,1788242406912,157.7,463.34,0.114,0.0
0x193fd02d3e53a1ac11fb86efa90d82ec9ad9af14,True,203,86,60,26,69.8,76.66,1,1778010410065,1779942008635,22.4,-139.74,1.823,0.001872
0x1943ba9d379645858a5be731513a08120132ccf5,True,2000,1074,637,437,59.3,-22162.76,2,1773934927157,1788095358606,163.9,-1219.84,0.055,271.065904
0x194a3c3dea1c9e90f164109fecc649767dc99870,True,2000,800,358,442,44.8,141932.27,32,1738793992282,1788628911291,576.8,22418.36,0.158,90459.226373
0x19541333a3cd5cadea5ab371fdce84dc428142a2,True,2000,1012,296,716,29.2,-2372.52,13,1782613282016,1787122130969,52.2,1282.24,0.54,4751.595747
0x195b7e7fb607df1a546de9e8a79e4101eea968bb,True,701,358,83,275,23.2,-36.85,2,1781485190000,1788263984622,78.5,57.05,1.548,0.0
0x195b8b9598904b55e9770492bd697529492034a2,True,2000,1054,496,558,47.1,299.89,28,1768405115413,1788349790509,230.8,730.14,2.435,0.0
0x196073aabeb191a1b4ff6855df97f75bba50f72a,True,2000,1028,179,849,17.4,-6355.98,31,1780333560307,1787418816244,82.0,2268.09,0.357,0.0
0x196283bce3e38d98f9f4c424a1a148b248eaa4f9,True,2000,769,314,455,40.8,-160250.01,12,1785823781036,1788551460018,31.6,-33106.3,0.207,0.0
0x196556b34668a7de8e30fd9d1fedc28522b717f9,True,2000,647,304,343,47.0,48605.45,13,1786386694110,1788680589133,26.5,4531.8,0.093,33438.198729
0x19671b09b5c9fd3f7d4aa91dfba482d88037f8f1,True,2000,749,437,312,58.3,23299.98,12,1780795203704,1781637295484,9.7,6918.6,0.297,0.0
0x196e8df30e247a2a44b0d6e0bb1403543a236ceb,True,106,57,54,3,94.7,247.12,2,1788333613419,1788752408565,4.8,16.9,0.068,48882.610343
0x197008a1d3e26a97a19f46c121482969cef95b7d,True,2000,955,479,476,50.2,-6140.45,34,1764291798403,1788748172867,283.1,-3796.27,0.618,0.0
0x1971c27e080b21aa0eeef71203a3ff2d29eef620,True,844,453,134,319,29.6,15612.48,13,1767374286021,1788747178049,247.4,9659.91,0.619,0.0
0x19751e10aeb6aba1750e594e1db8302723eacda5,True,1403,608,467,141,76.8,1983.42,28,1774836347622,1788704867855,160.5,-711.39,0.359,0.0
0x1975cb5130dba3571c675e96fc64befc959314b3,True,2000,1006,452,554,44.9,-13321.09,8,1779957528693,1787403204471,86.2,-6676.09,0.501,0.0
0x1978a24be604e114724ec629348e0fe4a14d35d1,True,399,167,75,92,44.9,-4348.55,2,1776120458634,1779486431817,39.0,1422.21,0.327,0.0
0x197cf980d678865a33d05669e5c3afaaf7cdba75,True,2000,1062,660,402,62.1,-226420.03,3,1782590965660,1787296536268,54.5,-36466.39,0.161,0.0
0x197d0b8d520667f6a14ce98215c2f945e6cd3ccc,True,2000,747,79,668,10.6,-3322.35,27,1775968413726,1788703881802,147.4,-451.41,0.136,0.0
0x197d43e5a2c36eb3185718c7b30f590ebe2c0c2f,True,2000,748,248,500,33.2,-362414.91,5,1782174436617,1783915738505,20.2,-36569.24,0.101,0.0
0x1980316479f2b01203b2cbf7e5eac1adc8f82bbe,True,2000,912,322,590,35.3,-2040.72,1,1768281288133,1788714710998,236.5,1541.26,0.755,2967.501806
0x1982edf3b1c2ca1c602d72107b921b23b95ecbf0,True,1286,685,323,362,47.2,-4630.61,53,1752824925076,1773378178302,237.9,-1387.73,0.3,0.0
0x1986b03fe890fff6b05fa17c49372cdd62a23c60,True,1166,451,385,66,85.4,2732.28,33,1753227784854,1782487939062,338.7,820.68,0.3,0.0
0x198b91b0c40dd00826b84a7467ed1fbf43d39e95,True,2000,1008,489,519,48.5,2949.22,29,1788333777992,1788752220862,4.8,-852.56,0.289,41338.475109
0x198d12ecc9b499adf122eb62159dae75c6ca8002,True,2000,1043,424,619,40.7,-122936.96,7,1775486254295,1776431729095,10.9,-6759.28,0.055,0.0
0x19914b1ea9566ad2f0b771f0e0192cba38203f62,True,137,75,63,12,84.0,330.23,5,1769953885009,1775058564226,59.1,325.6,0.986,0.0
0x1994ed0ff5cd37c2487fc62dc7bfeeda3de659ed,True,1347,665,651,14,97.9,59989.2,1,1779631844498,1786891534062,84.0,5538.64,0.092,0.0
0x199ef137054d30656c3237ba831fb8da7b91ebdd,True,1995,944,666,278,70.6,5452.55,100,1752518080226,1788743227734,419.3,-12022.56,2.205,8414.498267
0x19a0330a6d0fd716ead4c4c02037abf6459fe29e,True,2000,904,345,559,38.2,156.53,5,1786208586799,1788220800019,23.3,200.92,1.284,0.0
0x19a48c29f89f1e892b60ecce5366e055eedc08d7,True,1568,780,302,478,38.7,335.96,39,1749798154649,1778738409872,335.0,-2154.54,6.413,13.260439
0x19a65785fadb3579a637f0b177999b53cc8fc592,True,2000,1122,439,683,39.1,113.66,9,1781749515800,1787437673613,65.8,416.88,3.668,0.0
0x19a82c6b97039feff0a18ef5fb7c5013a7188235,True,2000,1045,857,188,82.0,11809.29,5,1786593602840,1788739280031,24.8,-1846.81,0.156,0.0
0x19a837a58f819970a3c044222668ce21ad9fb557,True,2000,1066,529,537,49.6,4925.0,32,1741050264453,1788394976567,548.0,4480.0,0.91,15457.379918
0x19ac542dcfc7879b9f3253fc711a1a0dbc012906,True,2000,907,200,707,22.1,-123874.3,2,1772690482072,1772702088632,0.1,-5271.17,0.043,0.003529
0x19ad59d9051cc3fcb1ac1a2e113bae611e499cc2,True,2000,891,679,212,76.2,-1775.21,8,1788023313939,1788749717652,8.4,-3980.66,2.242,2354.855012
0x19ae423cbb2b06701a64896d12bb318e26e3e64f,True,2000,553,184,369,33.3,183.78,2,1787762448707,1788705823670,10.9,373.62,2.033,168024.515164
0x19b0bbf816ed1cb31afe5bbc06f890447a5b8315,True,2000,992,292,700,29.4,-14869.33,6,1771083361836,1775495773602,51.1,-1371.33,0.092,0.0
0x19b12d6f7c1a082707edb22b5ac4d55c39f2c8f3,True,2000,793,466,327,58.8,19892.81,4,1781061070556,1788661413963,88.0,4466.38,0.225,11089.885998
0x19b151207c1091a0f68e636735d38f8f6d8d326e,True,1859,1033,974,59,94.3,38019.68,15,1763089019973,1788746580654,297.0,8039.66,0.211,27226.424705
0x19b5924c96a5639e033591b2adcedeca315f798a,True,422,255,122,133,47.8,-35187.27,15,1767305313553,1788712504031,247.8,-4696.71,0.133,32338.010906
0x19b97b896c241fc39852b1bc0ede5364a5b011f7,True,2000,786,571,215,72.6,7710.45,60,1752795991929,1788755511443,416.2,970.02,0.126,0.0
0x19ba9fd03a472594d0a318f36629fa90d5b96fae,True,2000,762,368,394,48.3,-2405.62,26,1761170810924,1788652800016,318.1,-1399.99,0.582,0.0
0x19baa4cf8f4849f151205be2aecdf6884be6b7a4,True,1375,604,192,412,31.8,26065.83,36,1733494231603,1788393774480,635.4,14140.03,0.542,0.0
0x19bd29e74c450ac73b49b5fb199a3d0d4c8f37b2,True,1181,654,372,282,56.9,13369.5,7,1749154439616,1787480543536,443.6,-13469.33,1.007,3859.245499
0x19c124e003f44695668455d3ab602b2decfeed0c,True,1024,462,175,287,37.9,-23946.25,3,1782413946260,1782777600028,4.2,-2436.06,0.102,0.0
0x19c18b5e48425ed1d90eb6450a9113bcd65e555f,True,71,20,16,4,80.0,3289.96,3,1760259762064,1787161536889,311.4,4634.8,1.409,16147.311054
0x19c3dc3d0b90fbbd37fd369134c530f193c5007f,True,2000,936,448,488,47.9,21689.13,21,1782829747280,1788122824336,61.3,3074.14,0.142,0.0
0x19c70ed9880fafc13eca124c834d16833aec5c1b,True,2000,942,471,471,50.0,8176.54,86,1778841648585,1788754499623,114.7,1663.54,0.203,1243.553097
0x19c922c52c66b212b5f888f658b8cabc22dbc478,True,1837,841,492,349,58.5,-17231.55,16,1780172007241,1781857000068,19.5,-2837.1,0.165,0.0
0x19cca7280005011c7357fe041fb40298f9338f79,True,2000,1010,398,612,39.4,95.01,15,1784222411707,1786544443280,26.9,400.09,4.211,0.0
0x19d6b30d29c34ec91152d509cb4d320e1d8108f7,True,2000,933,295,638,31.6,-2325.16,3,1785750266793,1788325236959,29.8,-108.92,0.047,0.0
0x19d84c22dd017448efd6324df108c6bc01040a2b,True,2000,1922,1170,752,60.9,44332.85,2,1780662890514,1781011400607,4.0,4344.75,0.098,0.0
0x19db27f290d8b52797e603ba91080ac8db90a4fa,True,532,238,90,148,37.8,1669.74,1,1777644002869,1784948690941,84.5,1685.97,1.01,0.0
0x19e0ed88e10d2a18ef5a5c291b3de79f1f502c0b,True,775,418,363,55,86.8,9434.43,22,1750951823056,1787347309194,421.2,-10114.41,1.072,10998.365622
0x19e201c6035270a637ff894a4dcdb135b3fd44ec,True,2000,889,288,601,32.4,-5383.89,6,1780419141514,1788709344941,96.0,-748.27,0.139,0.0
0x19e3773b5b29a5b83b57b7e941caa06377a92d97,True,2000,946,456,490,48.2,-5097.08,29,1780538554637,1787335115745,78.7,-2462.74,0.483,0.0
0x19e51939ea0528b6bf563097160c5f04504f3923,True,2000,1091,801,290,73.4,-379542.67,12,1780638442463,1788533386163,91.4,-84495.07,0.223,61872.6
0x19e5c516d5385bd7b42f900b3218850d88a31fd6,True,2000,765,409,356,53.5,-16514.78,2,1786461776160,1787841636543,16.0,4197.35,0.254,157187.572033
0x19e90c5331a747661bdd2887a6f6156a1eda2ef9,True,1814,666,147,519,22.1,12551.31,26,1770024779354,1788703720873,216.2,2455.76,0.196,526045.1613
0x19ecbd266a075b388a343b52a1269e07eba07960,True,435,188,151,37,80.3,-371.17,33,1770280155655,1788539616003,211.3,-521.03,1.404,0.0
0x19f126c87f36339972e6d9378f102f7edeb6f02d,True,2000,1149,636,513,55.4,156965.45,8,1734192166869,1788399935175,627.4,57426.85,0.366,0.0
0x19f16ae12b8cebc5d1bd5696ff1ec82b082dae54,True,946,599,324,275,54.1,1623.58,9,1752183507628,1788150743171,416.3,-3402.74,2.096,0.0
0x19f471c40cd9270ceea76cfdeaa85370d78157ee,True,1745,835,406,429,48.6,271291.41,44,1716046206060,1781725209612,760.2,18414.6,0.068,0.0
0x19f5c3bc2e0978d9a1da389d7d4cfe33cd770fe9,True,2000,1203,851,352,70.7,516862.51,7,1787345552834,1788621392141,14.8,81243.71,0.157,0.0
0x19fa35fde45f8d4cd0a3f95760b48447e64257f9,True,820,430,177,253,41.2,-1209.67,7,1773170879838,1778351191432,60.0,1235.58,1.021,0.0
0x19fdb4dd796df330bbf39f73a1846d5a86574f15,True,688,273,246,27,90.1,13887.39,3,1772026512088,1774277023210,26.0,3125.35,0.225,0.0
0x1a05114f4b8ebd5991be99eea8dd21935dd33be3,True,2000,487,375,112,77.0,1978.01,1,1787541335659,1788756926961,14.1,-520.7,0.263,1130.028696
0x1a08b4d6497fa6d5970bd8f6c72bc5fbc8dd500e,True,926,463,274,189,59.2,800.67,1,1781861589590,1787310762429,63.1,988.58,1.235,0.0
0x1a0a9db7fe86cb8575fb5f78ba1aa5cf91eb2d0b,True,689,351,104,247,29.6,-5356.72,1,1782999860426,1787695612259,54.3,-2066.05,0.386,0.0
0x1a0b5f2eade71626d051c29ef425d9c49dc87aea,True,1233,590,325,265,55.1,-5854.27,112,1757532826937,1788757865523,361.4,-4762.28,0.813,0.0
0x1a0eb3ec84916d0380d97504cc52e3dbd4897b9c,True,2000,1210,1063,147,87.9,213570.21,13,1768765749578,1788486124590,228.2,21408.3,0.1,0.0
0x1a136792a33067b755cdef03ce77e5cdb702a5ae,True,2000,923,488,435,52.9,39127.14,7,1775369473488,1788743828924,154.8,2284.41,0.058,0.0
0x1a13afd75418fd72dfa80da33cbca489e231caec,True,2000,634,311,323,49.1,-3587.33,20,1787933675766,1788758610464,9.5,-3184.32,0.888,85966.20235
0x1a147b16c70d87eafcbd9f13a22d5f4e57eb9e71,True,2000,922,443,479,48.0,42.65,42,1781713291819,1788566400005,79.3,544.94,12.776,0.0
0x1a18a21343ef112b31e3da0ffa440b43cadf8194,True,54,0,0,0,,0.0,1,1787325631952,1787330051117,0.1,0.0,,0.0
0x1a19f1eb20023906accb989289645a5bf6300562,True,2000,924,865,59,93.6,77052.0,21,1741873971389,1787374213668,526.6,-11959.65,0.155,51831.579556
0x1a1bbb975952a9d3450055b278ed5526f4ebba4c,True,2000,1140,451,689,39.6,-90358.97,35,1754452745512,1788655013940,395.9,77936.6,0.863,272305.185081
0x1a1d414054d21236ed337bb54344d32a27496446,True,1231,680,22,658,3.2,-10738.85,4,1768106146182,1775133104705,81.3,-1156.22,0.108,0.0
0x1a1ecb3180092731fb325c02ced6ebc64de8dd34,True,2000,865,520,345,60.1,32086.85,3,1786064536300,1787518588603,16.8,-39245.8,1.223,0.0
0x1a1f755a48b800ab5335d2bcafa61cd1c7a250f7,True,2000,1093,397,696,36.3,-7492.55,1,1773643193086,1788758735825,174.9,436.59,0.058,42627.584101
0x1a1f7d56f536fdde5554dd660a1dfec2f5261f86,True,2000,1038,642,396,61.8,-138273.5,13,1759415188285,1782310755822,265.0,-68498.79,0.495,0.0
0x1a25c5baabaaafd7a810f1b84c7177c826015b09,True,2000,878,569,309,64.8,-1342.55,44,1784122759499,1788685891108,52.8,-714.7,0.532,1020.2707
0x1a27499553b12458fa1e0f22860bc99c4a2f5efb,True,2000,773,605,168,78.3,102114.34,3,1788492498744,1788726988329,2.7,4809.48,0.047,0.0
0x1a2bb9055c08f53ca9ae00b93b7cddc42d1fbbfd,True,2000,928,316,612,34.1,-19371.78,10,1788241894321,1788758673649,6.0,-2963.82,0.153,23368.456837
0x1a2dd2100b3b33da6cf23947276a028be1bcca6c,True,628,324,151,173,46.6,3525.64,10,1747679551260,1787665879078,462.8,1348.14,0.382,1554.040768
0x1a2dfa6e618fea54aaaed6915312dd379b7e7bd1,True,2000,1983,0,1983,0.0,-88403.95,1,1775958550494,1776031924478,0.8,-1369.87,0.015,0.009522
0x1a2e6afa298b1cc50939b4b2b0b430e3c1ef3459,True,2000,806,377,429,46.8,377.72,1,1787373369251,1787494408509,1.4,-79.56,0.211,15419.108937
0x1a2e9c17f3afc39c2fbf6ff2f77efd73c718fb83,True,2000,864,430,434,49.8,11711.55,18,1772778089165,1775737170826,34.2,3645.41,0.311,0.005984
0x1a34227804c280126502eb32505460949466889b,True,2000,1051,456,595,43.4,26072.01,7,1780305883535,1787928659835,88.2,-8186.09,0.314,0.909232
0x1a354feb462bdbb3797120097a6d4a6799b8b60d,True,217,100,79,21,79.0,-2376.81,9,1760634709977,1787661086979,312.8,-1998.49,0.841,0.0
0x1a3c983c2af04233bb26c77f44058a2d30b74e3d,True,2000,1408,359,1049,25.5,-6393.37,2,1788751128563,1788759181016,0.1,884.21,0.138,0.0
0x1a417a128c823db5e42ed601a4954823c2617cb3,True,2000,899,369,530,41.0,-5291.34,27,1770625848743,1772561127536,22.4,-1501.71,0.284,0.0
0x1a421bd61314ae80e682cdd0196b0b567e1f0b32,True,2000,955,695,260,72.8,1749.32,15,1786903238364,1788128731060,14.2,-62.41,0.036,0.0
0x1a468367f2dc26d8b1056f722279f0d3fdf35bcb,True,1054,557,324,233,58.2,-21815.54,9,1781619063808,1788454382893,79.1,-12416.15,0.569,0.0
0x1a4802eed23aec933a184b9e83086afa44f14aa8,True,152,55,14,41,25.5,-18.49,7,1740287872036,1780458626592,464.9,-1234.19,66.742,0.0
0x1a4e5a4f2b185ec6c8054c3eff6824250a0ccfec,True,1051,393,203,190,51.7,-407.62,11,1725667200057,1788606397692,728.5,-964.05,2.365,3732.010739
0x1a4ea82708beac38fdd9d67b4511955fc8409e0a,True,202,95,27,68,28.4,5362.99,1,1779922387039,1779961229349,0.4,1259.15,0.235,0.0
0x1a4f9e296a06fee82c8b58183c0435464680d6a8,True,2000,1248,786,462,63.0,-23952.07,26,1785848421717,1787350231715,17.4,-8122.95,0.339,10066.440001
0x1a503c16f1965a5e841304fe0416951d540f8f04,True,1235,485,222,263,45.8,16644.86,33,1694010528204,1779380173997,988.1,2292.44,0.138,0.0
0x1a51bcbc8d3642680d8267550f54e6e4cc5c4984,True,2000,1058,681,377,64.4,-2263.22,58,1744224300880,1788517496093,512.7,-3857.26,1.704,8933.35134
0x1a563b5f86d3f34f6352831e5860821935ece032,True,2000,937,212,725,22.6,-429.53,21,1777599784626,1785360232802,89.8,67.92,0.158,0.0
0x1a58f41e5f3323f3d3bc8c746479fb62ecfd30e6,True,153,78,48,30,61.5,6.37,2,1785734778589,1788365995004,30.5,1179.36,185.181,0.0
0x1a5ac4d790b1a163bf8b3552df15029e6fe1c4eb,True,2000,727,635,92,87.3,2640.38,10,1786978964786,1788746147477,20.5,127.55,0.048,91.760295
0x1a5db900797a672e2e52f8d089adddeb646563a4,True,2000,769,368,401,47.9,35134.14,10,1787153336098,1788753038345,18.5,18802.81,0.535,45453.051969
0x1a5e412bee9ba7481d13438a9608c13a779577ca,True,2000,804,558,246,69.4,6324.9,3,1770176322812,1785871934330,181.7,-417.91,0.066,0.000994
0x1a6132837f1857196677f06515041bb817affe9e,True,2000,914,476,438,52.1,-37935.56,16,1781619450519,1788694233982,81.9,-41349.75,1.09,135384.142709
0x1a61a9a3850f6ec8b0f600be5a039b449e236552,True,2000,1105,644,461,58.3,-27023.94,17,1757429784385,1788448743234,359.0,17080.19,0.632,0.0
0x1a6e88cbc624f39f4b2bb54a6ae74eeb95fdc340,True,2000,713,667,46,93.5,16010.37,5,1787576758852,1788403721092,9.6,520.67,0.033,0.0
0x1a6ea3a36087fef4d56ebc9e11bf1b0a3a6a7437,True,311,135,64,71,47.4,25064.33,7,1734354569729,1787934230061,620.1,9359.57,0.373,37175.887094
0x1a6f24091a055890ecb411129977668ab55473b4,True,2000,986,213,773,21.6,-41537.79,5,1783994190459,1788123816653,47.8,-3238.87,0.078,0.0
0x1a72e636c415a89421a9640d74a3aaa2457cb26f,True,2000,1102,335,767,30.4,-1296719.32,16,1752431956818,1786055302307,389.2,-161130.61,0.124,0.0
0x1a76d39874ae2409355e861a190be7e42b8fb481,True,464,193,108,85,56.0,-447.9,15,1782747578672,1788739200041,69.3,-506.46,1.131,997.477209
0x1a775079fde189642ec93829e298148813274bff,True,742,326,213,113,65.3,5837.07,7,1704613629739,1781603978982,891.1,-3136.22,0.537,0.0
0x1a80cd8d3dd87e1043e4b955349d4f2df9bcca26,True,2000,989,491,498,49.6,13291.44,7,1787365881901,1788705300869,15.5,1509.1,0.114,10617.515584
0x1a8ab6753b1ec8c6768dc1e6d66410d54129bb9c,True,569,257,144,113,56.0,9108.3,17,1765429002846,1775592381964,117.6,7074.48,0.777,0.0
0x1a900b5df58d5c4cc63088687a0194237228b7ad,True,2000,909,408,501,44.9,-6712.01,20,1756137724242,1787174208166,359.2,-9647.59,1.437,0.0
0x1a927c98be03e794b4723c8af9df83cdafc7ba3b,True,2000,918,425,493,46.3,-165777.38,4,1782711648419,1782928792547,2.5,-10777.75,0.065,0.0
0x1a986b2d01020d4b066a7abebf6163a2b7f35004,True,2000,1047,335,712,32.0,3467.25,2,1784971014051,1788754359007,43.8,2587.83,0.746,77.535742
0x1a99a69d1b8a1434752ea736211d165b664264e1,True,424,112,69,43,61.6,6343.77,3,1781766038430,1788533730164,78.3,4636.06,0.731,0.0
0x1a9a4932f36b3641f5f63e98f77f8a1f28d85dad,True,2000,988,550,438,55.7,59797.31,20,1767760746522,1788265955189,237.3,7650.76,0.128,42712.120182
0x1a9ce7133891a40043f40af9e763692eb2e35c76,True,2000,1232,790,442,64.1,-13654.51,2,1765282670013,1777572975308,142.2,-2280.0,0.167,0.0
0x1a9e74023c85ba9b6ef5e83f025200898e9ee110,True,2000,850,619,231,72.8,-49308.47,11,1774046748456,1776896895126,33.0,-22243.23,0.451,0.0
0x1aa1d90df49c3e5a67888798c16e73c4b4c323fc,True,2000,988,752,236,76.1,-3574.16,1,1787929749387,1788718124752,9.1,2203.71,0.617,3093.024756
0x1aa5abfd850012297428b509fb84fcd9f9f995cb,True,2000,1244,396,848,31.8,-24310.66,7,1784175189045,1788713229612,52.5,-4684.77,0.193,23590.810518
0x1aa6a90f54dfaa5aa876b4fb34c7207340f9e60b,True,2000,1067,863,204,80.9,-16322.08,2,1774739700837,1787173570886,143.9,-4178.69,0.256,0.0
0x1aa780bb10425b86bcf05ecbb7953f9a93729ed9,True,2000,1184,0,1184,0.0,-11765.04,1,1788572334729,1788572796738,0.0,-264.72,0.023,0.0
0x1aaff92f3161bf101330feec32932679cbed718b,True,599,340,307,33,90.3,16807.33,13,1762317296995,1783670038214,247.1,-12254.31,0.729,0.0
0x1ab4e40c0682054a85c6f7c75d956e8254fbeacc,True,954,503,178,325,35.4,-3019.51,9,1778441477060,1785443473592,81.0,9618.0,3.185,0.0
0x1abb26a543459cd92b7898822980b99ad24e3667,True,173,87,42,45,48.3,-1464.02,24,1777663755686,1778560510551,10.4,401.18,0.274,0.0
0x1abd35a5183aca3291f05353a6af3b4409603a8f,True,2000,1376,450,926,32.7,-29219.18,20,1768312479737,1782172800019,160.4,-2651.44,0.091,0.0
0x1abe4e81eb6b34cb84b04bd88c6e9e0409622f03,True,491,225,62,163,27.6,-7197.47,4,1780421983933,1788296109233,91.1,-645.15,0.09,0.0
0x1ac0e999eaee30457e483fbf2e375609488cf5b8,True,2000,908,476,432,52.4,65717.97,5,1785412064381,1788287322049,33.3,14120.54,0.215,50954.08693
0x1ac2c15664ae6be1816260d82d52eb7bbc7f2e20,True,2000,1001,392,609,39.2,16026.71,3,1788280367747,1788690229998,4.7,2964.04,0.185,0.0
0x1ac5dec35f77a70436b543614ad3821559c09fe2,True,1816,662,354,308,53.5,135.47,76,1782379947330,1788721835024,73.4,120.84,0.892,0.0
0x1ac7f5d81b4521efd034cff1a1b7f4ef9ac9b4dd,True,2000,943,430,513,45.6,14630.7,10,1783524061790,1788757477155,60.6,1754.95,0.12,4529.838361
0x1acd5821cc6857d366a9b08aff1ee39a9d04c283,True,2000,1020,263,757,25.8,2222.2,22,1780925733697,1787169473419,72.3,2877.18,1.295,0.0
0x1ad066c13a494b07f8d7252b9c81bd2be71ff29d,True,2000,972,543,429,55.9,1836.79,32,1752837341209,1788458480924,412.3,643.2,0.35,0.0
0x1ad1aa2c5ca943cddb16ff07212474b120da2a8f,True,2000,1041,318,723,30.5,-12015.46,12,1779234823995,1782259200059,35.0,-1234.13,0.103,0.0
0x1ad5912428de9c4a8694d663e9e7ec173f89e128,True,2000,900,508,392,56.4,-3616.38,19,1765151867571,1779461159312,165.6,-1140.39,0.315,0.0
0x1ad830807b80952b2b8233a1215d1f1377de5c40,True,2000,962,293,669,30.5,-5746.76,2,1762445204119,1776783515610,166.0,648.52,0.113,613.616825
0x1ada5468d57c7f7e0472ef1414f9b48003578f2e,True,435,217,191,26,88.0,30910.82,2,1774792535433,1787529322497,147.4,11293.05,0.365,0.0
0x1add90cfe379ad9c56c36522a3a4d33e89032671,True,2000,1095,670,425,61.2,-7485.97,3,1788194852982,1788701439716,5.9,-7009.28,0.936,462065.338501
0x1ae3f581b48917902c6288fb78602889aa3fa9b0,True,2000,1072,556,516,51.9,-5684.92,24,1772080653669,1783171328688,128.4,1268.9,0.223,0.0
0x1ae55c40c91f1553286b125239f84300d2df4dbe,True,2000,1045,168,877,16.1,-38608.71,3,1784853178120,1788628481013,43.7,20514.95,0.531,90281.491706
0x1ae599d8edc732e00ec1c264da71fd5a4c81a78d,True,1277,774,200,574,25.8,1189.2,2,1772568941223,1782894838901,119.5,761.86,0.641,0.0
0x1ae749647101e2c80bc1426e687f04f6c3397afd,True,2000,839,505,334,60.2,15655.65,25,1772124897423,1788471265242,189.2,-3593.14,0.23,3628.157128
0x1aed4d57d6474823f4dc8218a1cb6188876b1042,True,2000,935,349,586,37.3,-14479.41,12,1781960676825,1788705975540,78.1,-932.29,0.064,7642.936056
0x1af68b9a13200553d4c48e0c8da9c376ecccc454,True,2000,895,770,125,86.0,63207.41,6,1785426305194,1788652800016,37.3,25529.32,0.404,24388.624941
0x1afaecaa69be4b4760d960bbd987c75db395b122,True,2000,1092,409,683,37.5,6507.79,8,1781535744862,1783431409066,21.9,2160.97,0.332,0.0
0x1afe4af44d3d60a066ef9cb22bb4d2af4bb8a5c1,True,2000,927,697,230,75.2,-14655.09,5,1754409891390,1787173582430,379.2,3086.45,0.211,0.0
0x1b003da369557bf853c4a4b4e13f70e9267107ca,True,2000,953,782,171,82.1,6002.64,1,1787372108791,1788571537530,13.9,4916.48,0.819,0.0
0x1b01eb071ffd4498049927e2e263305ce2dd5809,True,1777,884,780,104,88.2,24215.72,6,1778960191233,1780666708071,19.8,1735.3,0.072,0.0
0x1b093c2e9a4a9827c2bae2c1b52c6c151f23c01b,True,2000,963,395,568,41.0,29648.29,19,1782917346034,1788712648876,67.1,-4455.41,0.15,26521.631661
0x1b0d3acaf3c07fd3b42ee4d85f965da0984f277e,True,2000,1135,595,540,52.4,11662.43,7,1780578422706,1788714858834,94.2,1693.97,0.145,0.0
0x1b10f4b3249f177f8505e8e0f973731a2a4b84f0,True,2000,1066,569,497,53.4,-4350.73,14,1780389323734,1788655628794,95.7,2627.75,0.604,0.0
0x1b11b544fa42e1709599606bcaa0928fc8b21c06,True,2000,983,621,362,63.2,2341.24,5,1776232416239,1787924018470,135.3,375.3,0.16,0.0
0x1b1692f2be561f4dc6fdc31ce9c67756567dad7a,True,2000,945,221,724,23.4,-4190.15,5,1775090656278,1779113312386,46.6,5586.5,1.333,0.0
0x1b1996300dc7d3fabc039a55963fc886c3d3c9df,True,2000,831,467,364,56.2,79976.78,8,1785420918531,1788759302504,38.6,32654.22,0.408,37402.5
0x1b1b2ddc33acab5d456f95f26f681a14f6b66d0d,True,1960,892,635,257,71.2,35827.21,41,1758913663446,1773132350659,164.6,3763.56,0.105,0.0
0x1b1d2f7eae1ddab1db68efe680c3907f4081b4a2,True,592,316,316,0,100.0,101027.2,5,1769702656770,1787592779057,207.1,10034.83,0.099,38542.116595
0x1b20197ae8786031ea63a04f24e8241c15f7a7fb,True,2000,942,627,315,66.6,3309.25,13,1770295710284,1783353547576,151.1,-1257.99,0.38,0.0
0x1b2055564258b3f2dd3bb9ca08ce519c5ff34a88,True,2000,959,514,445,53.6,19584.1,16,1755850759415,1780717551473,287.8,275.37,0.014,0.0
0x1b232b41b0e75550c59288b99874e4a8142fbe21,True,2000,586,342,244,58.4,-1184.21,6,1785606361899,1788666083907,35.4,-19201.86,16.215,543420.31168
0x1b24f430d69a2c52b6bcc0a3f690f5fa5e6abae7,True,2000,746,400,346,53.6,6563.63,27,1787149089409,1788753597708,18.6,2481.37,0.378,5134.967246
0x1b252f5aa0b44582fba1d4756cbcd7b39ca661ef,True,178,107,55,52,51.4,1194.21,7,1753643271612,1777534205571,276.5,267.19,0.224,0.0
0x1b26e76a64d552d59c6f8487db27247a5f0d46e7,True,723,337,175,162,51.9,-4680.34,10,1746096335522,1787692055031,481.4,-1424.23,0.304,0.0
0x1b271db54ae4c15de36956c7335d6ecc736f38c8,True,1773,749,447,302,59.7,43965.52,25,1708951629787,1781703084588,842.0,-9347.53,0.213,0.0
0x1b285b8f8e077fcafe5f2c4dae15bc5f3d554273,True,1441,659,440,219,66.8,-1182.83,9,1769773306254,1786462483827,193.2,1406.2,1.189,0.0
0x1b2a2bf01d8819c46c888a75629470f2fbff2be9,True,2000,868,610,258,70.3,29879.47,29,1771510966108,1788526882524,196.9,2086.24,0.07,9012.155831
0x1b2ad1743bb86b3af79ddcece14ffbdd11a3f7a6,True,2000,1302,1302,0,100.0,426510.82,2,1787166808668,1788430371129,14.6,12194.03,0.029,189389.866468
0x1b2b5c69f8ed3de70963eb4449935c35e6c22bd8,True,2000,1159,404,755,34.9,-106.15,13,1771274363504,1775652905124,50.7,384.09,3.619,0.0
0x1b2f190055ebc77f3e3b63db8f25786720d82015,True,785,369,209,160,56.6,-957.8,10,1771162566109,1788288340827,198.2,-495.28,0.517,0.0
0x1b2f23541d71f2696f6da14a332865688a746596,True,1607,824,302,522,36.7,-9563.6,15,1765712681662,1788221925751,260.5,-908.76,0.095,0.0
0x1b32645d888f999cf616cfdc2a2ec0388445e47d,True,408,155,95,60,61.3,-4237.09,2,1781445383501,1786118574933,54.1,-927.3,0.219,0.0
0x1b32ed379d565ec5625cf174e75fd2c8e50fd128,True,1626,814,390,424,47.9,13505.3,15,1763145660116,1788493298360,293.4,1547.96,0.115,0.0
0x1b3698556f6099245b24fc928cd0b91275dad105,True,1080,604,305,299,50.5,28665.56,13,1770055173974,1782395232092,142.8,14428.92,0.503,0.0
0x1b394344da437549860964aa1e42aa86f9bcbfc9,True,2000,1801,1033,768,57.4,3289.19,40,1769161552971,1788369997819,222.3,-2031.03,0.617,0.0
0x1b3e9313b6794da6833a153ad1ec276b85da4330,True,2000,968,107,861,11.1,-24964.04,11,1778905982708,1788132198412,106.8,9499.75,0.381,0.0
0x1b44a8777370272118e5412b37085813cf93e6e6,True,2000,895,790,105,88.3,78028.29,8,1777075020888,1779478351240,27.8,3922.93,0.05,0.0
0x1b45cb41a0d545f890e423b4b872f6df8a4d710b,True,2000,1015,511,504,50.3,8987.35,3,1778453245168,1778534697975,0.9,-2400.0,0.267,0.0
0x1b478d47cc1bce09b93d783c7d48dbd74078dd2f,True,2000,826,295,531,35.7,-332.77,12,1760236311777,1783465274646,268.9,853.57,2.565,0.0
0x1b4f9f9388e47bbe635fd80e88df4f8414c8f9f1,True,2000,803,374,429,46.6,-3291.88,10,1777929929100,1788697860276,124.6,-2873.4,0.873,21610.95302
0x1b526ff54f9f66c777fd34b7a802bb8d216ed41b,True,2000,1977,1973,4,99.8,2134343.3,1,1771864212712,1773893500835,23.5,18923.46,0.009,0.006473
0x1b53fb81848965184fd7be9bd6adfb8224821edc,True,2000,852,713,139,83.7,-952.56,20,1779391569131,1788619592857,106.8,-1077.54,1.131,0.0
0x1b5955ddda37bda9ea109186fc27a931a290c8d3,True,2000,926,770,156,83.2,2155.41,23,1788485036504,1788758747378,3.2,43.87,0.02,63997.07696
0x1b5b7b514771beec3c83add7e0165166dbc77320,True,2000,985,281,704,28.5,8207.49,7,1788514536165,1788757584196,2.8,8228.58,1.003,7197.8544
0x1b5f439ae6d8bf0e5deef19874f1eaffde7cdd73,True,2000,1087,412,675,37.9,4580.88,21,1757462973880,1787926001729,352.6,-1065.26,0.233,0.0
0x1b6a2697d83dd2c8455ae68ac7111d184116f060,True,1493,777,368,409,47.4,441.98,6,1774069381321,1788677098156,169.1,-3047.25,6.895,17880.68452
0x1b7165800e6840eee56c8988466b88cd7118c290,True,2000,950,410,540,43.2,19443.75,27,1776287118632,1788307200047,139.1,2367.87,0.122,0.0
0x1b71cf59302b63fa79127d24e5927c71c68ef1d1,True,2000,855,294,561,34.4,-57898.57,7,1781596737874,1786369651097,55.2,-4780.85,0.083,0.0
0x1b798718722107a43f9603eb155dfc6944ac31cd,True,2000,1218,563,655,46.2,-263774.14,1,1782821174548,1785102415447,26.4,-16964.25,0.064,0.0
0x1b7ca89aa121890b8572d326e363185cf4780c6a,True,2000,1697,259,1438,15.3,-49017.41,16,1787865840087,1788535676349,7.8,-746.71,0.015,412642.96791
0x1b7f303a2abcbcc894f73bd7fa6338efaef25d90,True,2000,1254,141,1113,11.2,-110753.13,12,1780666305432,1788652800016,92.4,-8815.96,0.08,95151.49996
0x1b824a8134f90cd2379935c0b381f5f586530b03,True,2000,1128,628,500,55.7,95635.88,5,1787272982894,1788566400005,15.0,8218.47,0.086,0.0
0x1b85992fdbeb46378d1d289e7c105325d13cd5f5,True,2000,621,291,330,46.9,-1458.45,4,1787521089220,1788732538398,14.0,-692.78,0.475,0.0
0x1b85f29401e3c772866705ad8d6c2758ae9aea44,True,775,370,278,92,75.1,11893.75,12,1755864536471,1788451226172,377.2,3764.77,0.317,0.0
0x1b885a27cbadd7a49a6a0da78cf5570e26070945,True,2000,978,367,611,37.5,-11058.53,28,1779849657892,1782123510403,26.3,-1929.86,0.175,0.0
0x1b898eaea2094346b8f405bab2f4e1c99c8387cc,True,2000,1100,333,767,30.3,-7104.86,13,1779721801643,1781053521837,15.4,-490.84,0.069,0.0
0x1b908ac3331b453e01676b3c4e12305e5dc80c97,True,2000,1003,438,565,43.7,-35764.52,10,1783684727527,1785465092593,20.6,-5987.1,0.167,0.0
0x1b93cdedea963fab4a51b92475d9730c1f84c311,True,580,286,75,211,26.2,-5129.56,1,1781370438983,1787401016055,69.8,599.55,0.117,0.0
0x1b972454df5d993dcac1754793eaf12329b2833a,True,2000,919,407,512,44.3,-8983.38,9,1788356183428,1788759958045,4.7,-968.09,0.108,14906.360206
0x1b9921b6614b001144c11f8ca8bbd1b307d59562,True,2000,958,431,527,45.0,-433815.72,17,1755906873055,1783353889998,317.7,-72864.43,0.168,0.0
0x1ba3db9565d1e0779ed4fbd7b6350b27e8f7e1cf,True,1326,636,315,321,49.5,-54386.24,11,1773372595920,1788279003653,172.5,-7465.35,0.137,0.0
0x1ba4e1033219a33ad7353c84d3a97849cc0677e0,True,2000,950,645,305,67.9,-3995.72,48,1752936120005,1788749279465,414.5,-4229.31,1.058,0.0
0x1ba9a273a3da329f9597f9f15bf1c8c07f726363,True,2000,1013,450,563,44.4,5102.73,20,1778076412010,1788748754276,123.5,-986.87,0.193,0.0
0x1bb8c5b01d0fa338280e81800d44d705ea748404,True,2000,1084,578,506,53.3,2285.35,29,1780438343096,1788743186418,96.1,-944.76,0.413,1837.718239
0x1bb92699bfee451ca92980b5334687249113237d,True,2000,999,116,883,11.6,-5412.67,32,1776095475777,1788491194221,143.5,845.61,0.156,0.0
0x1bbf962861fcdf638603b3efd64ba8b5288ae44f,True,2000,630,324,306,51.4,-332.23,20,1764593443293,1787665908070,267.0,-515.84,1.553,193.253368
0x1bbfb3a33600338d5a948618189649a4588d5fc4,True,2000,994,994,0,100.0,3048550.5,2,1782485554188,1788450009366,69.0,141294.5,0.046,7841192.140218
0x1bc13c43191dc4be7b20646e15d0fbebc3f8551a,True,986,558,437,121,78.3,5646.89,12,1753993010716,1787249693371,384.9,-11174.96,1.979,0.0
0x1bc259046dd7d2df2b189f7f648c3cbc5b97d746,True,2000,951,540,411,56.8,1945.56,28,1778812071237,1788700942124,114.5,416.31,0.214,0.0
0x1bc2fba0b146a1c879b624f7a9510e886f56563a,True,2000,385,385,0,100.0,7551.8,5,1788628449387,1788741776536,1.3,378.69,0.05,16686.136
0x1bc4120a11591d1104fc0cc3cac6c43128df81cd,True,2000,958,311,647,32.5,381.39,22,1763608543499,1788747021242,291.0,4691.1,12.3,10905.404229
0x1bc73b7556a79a3e6ee1a09044cb593b7663349b,True,2000,868,302,566,34.8,47133.0,20,1781166816493,1788526823172,85.2,7396.13,0.157,0.0
0x1bc8c6c06a43e3fbb2ebc613e0ebc0ecb95b5937,True,2000,1050,571,479,54.4,-11396.64,2,1770305979555,1784669725186,166.2,-2599.04,0.228,0.0
0x1bc8cf73b2543da15a4ccd18fedd102e2103cf5e,True,681,302,186,116,61.6,-6075.12,6,1780429870262,1781487590473,12.2,-1776.57,0.292,0.0
0x1bcfdca8f869359b4851169f685d791f8a4200cc,True,1429,727,434,293,59.7,68340.07,16,1773186451433,1788739855414,180.0,23250.41,0.34,31144.440014
0x1bd1daa5c01693eef5dd25f0328efeaee90260ad,True,2000,981,435,546,44.3,-413.97,4,1787586688960,1788525349874,10.9,2205.35,5.327,9627.751326
0x1bd2d89e4b9a2d373e89d74c8cc02d1562fa9626,True,2000,902,514,388,57.0,-85197.24,9,1788106419578,1788719152593,7.1,-10799.96,0.127,61432.135903
0x1bd3c40287370e0804f4b8843d4943842de204ec,True,52,25,20,5,80.0,-903.67,2,1785957231910,1787315992027,15.7,-1643.8,1.819,0.0
0x1be579b6d352f9630db66c203d9aa1f965409a33,True,549,258,213,45,82.6,-20877.51,5,1768495339644,1787275089720,217.4,-4423.78,0.212,0.0
0x1be5a1135a64783e0494180c0a229b02f3f57973,True,2000,922,422,500,45.8,339.43,26,1788744105351,1788760130374,0.2,14.84,0.044,123271.127446
0x1be80f7ff3939b443234183f569f8deb7e77cd42,True,885,474,126,348,26.6,-1531.83,1,1755689521026,1780639330244,288.8,4618.47,3.015,2e-06
0x1be8d5e165c27262d8d9a914e112519e9115638a,True,2000,934,335,599,35.9,13911.94,13,1778934702097,1788691424801,112.9,6881.79,0.495,0.0
0x1be9be39de499ff762179268a334f09cc6d40cd9,True,530,228,112,116,49.1,12855.54,9,1773020438331,1780680568192,88.7,4662.85,0.363,5.214937
0x1bebd19bf854ea57aadc0940a839caa5045e6956,True,1456,709,323,386,45.6,-19333.01,28,1776913461861,1788080074126,129.2,-2757.46,0.143,3039.82313
0x1bef52722c1e75408c2fe893a81b54847a82c968,True,2000,1221,809,412,66.3,27287.42,7,1755420010047,1779725975646,281.3,-6710.02,0.246,0.0
0x1bf2517ec6b7600e533e1fd44b8c2d3a2b5cbe55,True,2000,910,416,494,45.7,25541.64,16,1776873881102,1784841399917,92.2,15870.08,0.621,0.0
0x1bf3ec5b61e3f8dd6770e0856eb191fa6717773d,True,980,523,266,257,50.9,-11682.41,6,1776859008922,1780227724114,39.0,-3316.68,0.284,0.0
0x1bf5f04260b70fa6c3b63615b3f5c9dbef39547e,True,2000,870,307,563,35.3,-301863.43,4,1772800523788,1773446400044,7.5,-14568.14,0.048,0.0
0x1bf8d31fde1b0e11707c5fd071e3666b10401d5d,True,2000,1062,474,588,44.6,14981.23,18,1779696553840,1788711500364,104.3,-3601.93,0.24,10255.283067
0x1bf9e309d080accbebdb704bb02737f5da6a1dfd,True,2000,713,228,485,32.0,-82216.12,1,1787575475960,1788212063070,7.4,-14354.91,0.175,0.0
0x1bfaa967c21ddf88dc0da624f983cd7565e00c76,True,2000,736,558,178,75.8,167058.08,11,1784212874193,1788540886380,50.1,14832.73,0.089,0.0
0x1bfbcd00169b72a5cf68b13840017abd865a0317,True,226,149,108,41,72.5,1377.34,2,1784632173398,1785292336622,7.6,-996.87,0.724,0.0
0x1bfe13a076004b90a9de8ddc764cf8139ecb6810,True,2000,966,604,362,62.5,-166.01,47,1756301599115,1787681015334,363.2,-261.67,1.576,65.728906
0x1c08f2bf374b58abb56760dcfdfcf9e46a198029,True,2000,832,620,212,74.5,1925.85,74,1781544072188,1788229775507,77.4,-278.19,0.144,0.004996
0x1c103f02b2a5e7345774b8d4762c97f685c9e618,True,2000,691,397,294,57.5,4694.3,35,1781059221893,1783296000026,25.9,-441.98,0.094,0.0
0x1c1083dd783fd00cfb6be64a6af65cb6198775b9,True,2000,1038,615,423,59.2,29812.83,16,1769445221784,1788666375043,222.5,5151.79,0.173,9533.707549
0x1c1511b650f24fd7a7c3c7ad05b835f5363f8695,True,2000,984,278,706,28.3,1078.86,63,1773505122776,1788721610118,176.1,613.45,0.569,0.0
0x1c159c89044bafb76fb98e30ef29043812a9a939,True,1046,604,267,337,44.2,89531.06,10,1733171894774,1788697578544,642.7,7492.86,0.084,3878.905804
0x1c1855cc6a583948c5e6448eb71ba22062335eb8,True,2000,802,658,144,82.0,6479.63,47,1785236694372,1788747634810,40.6,-483.33,0.075,5240.590104
0x1c186b55cae77c40116a8c165e582a385561be93,True,2000,1103,594,509,53.9,-26810.87,2,1767575404660,1788735804950,244.9,-25078.95,0.935,1489.512023
0x1c18bd57c32ab36d20d21febbfcbc246adde5286,True,244,114,59,55,51.8,-4715.55,2,1787545021821,1788133645774,6.8,-1459.64,0.31,0.0
0x1c1ab8799e4ec3107bc065c65ae38ac6443fab53,True,1753,773,360,413,46.6,-9292.86,32,1753254711924,1788727772222,410.6,-2494.05,0.268,615.200325
0x1c1c270b573d55b68b3d14722b5d5d401511bed0,True,2000,1077,559,518,51.9,227.0,11,1788757015734,1788760333052,0.0,23.72,0.104,0.006399
0x1c1c5808b02787dbce9c8fea3b127c4a21a98d8c,True,2000,1240,844,396,68.1,-10650.83,5,1773332092580,1783968481981,123.1,1224.55,0.115,0.001275
0x1c1f611419a59df8f2095492c443203c09936937,True,418,208,160,48,76.9,11588.86,15,1769784973725,1781788440666,138.9,-2033.93,0.176,31159.799836
0x1c1fcc4aa6452690ab326163ce8d8140a8ea54b9,True,2000,998,383,615,38.4,155.63,52,1785142808735,1788689593201,41.1,109.1,0.701,29143.104817
0x1c22a775697e8d37b34caaadda8743a327973741,True,2000,922,331,591,35.9,1556.7,5,1780311698725,1783903573609,41.6,681.84,0.438,0.0
0x1c2424869c3b6b05e04237258d764258ca95bfc0,True,2000,1041,432,609,41.5,3458.33,56,1784083214756,1788702519548,53.5,831.89,0.241,14328.063491
0x1c24ec220e0be34875d8ee3a157cc81cfa6efd9a,True,2000,1076,311,765,28.9,-8618.26,2,1741597264525,1775416799755,391.4,2004.11,0.233,0.0
0x1c2c96e78a42958892e637bdc0d94ce259f109fe,True,2000,789,238,551,30.2,-1178168.14,27,1771345387715,1783605679102,141.9,-177490.53,0.151,214081.31714
0x1c2e2ba8d67e3a0fefd86e729ad824948e1b4b7b,True,2000,909,646,263,71.1,-36833.16,10,1780257538295,1782410874517,24.9,-5091.64,0.138,0.0
0x1c2f4f977a0c7f7784736042bb7b26e1724629d8,True,2000,1108,715,393,64.5,35640.3,3,1780674503393,1788526010856,90.9,-8017.44,0.225,3.676281
0x1c3343b282e0f2338ba2f537a09d6fd499ea6054,True,1012,391,174,217,44.5,-23570.35,10,1734715839191,1788685891108,624.7,-13716.79,0.582,26252.079745
0x1c35402c972708afca2ad9d5bd1d5759c3632dc5,True,2000,968,362,606,37.4,1684.72,22,1758830672985,1784632519098,298.6,1222.19,0.725,0.0
0x1c396d96491cd2a6ea4a5666800ddcb5f6505370,True,935,461,322,139,69.8,17733.42,13,1701589122500,1785801600008,974.7,3953.01,0.223,0.0
0x1c39753991c9f5ff8ba4e0679e8695857df25d8f,True,1152,574,244,330,42.5,3170.01,21,1771717531347,1787422342074,181.8,-1258.5,0.397,0.0
0x1c4330fdb843bae337b1c3cec5379f92f4039cc4,True,2000,879,457,422,52.0,-80904.36,4,1773308758765,1783776951062,121.2,-5625.55,0.07,0.421303
0x1c4c53bbf7182524bb124b3638d07c073d801bbe,True,2000,912,449,463,49.2,6568.42,6,1780693987470,1782512106055,21.0,4866.32,0.741,0.0
0x1c4e4fce5570740188b54f0295ce71904877c8b0,True,2000,932,522,410,56.0,-2481.6,23,1787524414551,1788732079776,14.0,-3849.59,1.551,223772.575079
0x1c4e90fc8bdade442aed58f8011db5a17a2e7199,True,2000,995,247,748,24.8,-13531.72,5,1788369853753,1788740812676,4.3,-3654.38,0.27,126974.789538
0x1c4f553fc8696cdae3cf041053fbcfdfabfba38a,True,2000,910,269,641,29.6,-246.41,59,1760297949713,1788361955475,324.8,-256.37,1.04,1611.692932
0x1c58a4f8b3b2b95e501a64909bf893b37ee033de,True,2000,915,644,271,70.4,-1211.71,33,1753796400215,1780333552949,307.1,-4319.77,3.565,0.0
0x1c5b30d09e0933572dd18e38342dbdd1401130d2,True,77,32,32,0,100.0,22379.76,2,1762293996536,1777134825995,171.8,9324.9,0.417,0.0
0x1c5cec20a8b7ce9bda41b680e31f3c91deb459b0,True,669,287,123,164,42.9,-4141.28,1,1786957865084,1788644568327,19.5,695.0,0.168,16307.853143
0x1c62b32cbf40a9e3d9fc40d239537097fc34c778,True,278,117,29,88,24.8,1202.84,5,1775958699480,1788193915200,141.6,895.62,0.745,1577.040078
0x1c6fcac5f0c84669cb1d7bfd6c1256beb9e471ea,True,2000,1366,342,1024,25.0,-4703.09,3,1788438172180,1788699878720,3.0,-21.44,0.005,0.0
0x1c7073a35de2f58c249b07ffab4d49e6b1bbbe42,True,2000,993,585,408,58.9,-19369.2,64,1772034402582,1788755789962,193.5,-14024.2,0.724,6048.613417
0x1c737ee18b29b3d209be6d2df68c275739756fbd,True,440,251,154,97,61.4,-497.83,1,1783689599673,1787151584836,40.1,1621.87,3.258,0.0
0x1c768f9c263f85cac55846011cc4a194fea5ff11,True,2000,858,266,592,31.0,-9045.52,4,1770802205018,1780322120404,110.2,12662.47,1.4,0.0
0x1c76e6bb1c54e925ce062c5d809eb5cbd04ea22d,True,2000,891,302,589,33.9,4552.88,7,1766117835154,1785786993761,227.7,2542.02,0.558,0.0
0x1c77041452e75939105981a914f138eb9634463c,True,2000,1998,1426,572,71.4,301419.78,18,1780322052079,1780939147584,7.1,8649.2,0.029,0.0
0x1c7a31debfcc81141cd61bf22bea393e8b546f08,True,2000,824,400,424,48.5,-382.12,7,1775985032582,1776328490578,4.0,-396.17,1.037,0.0
